Fecha;Hora;ConcentracionMP2_5;PromedioMovil24h;PromedioDiario;ICAP;Condicion;ICAP_mod;Condicion_mod
2025-07-27;01:00;41;;17.05;34.09;Bueno;104.42;Regular
2025-07-27;02:00;36;;17.05;34.09;Bueno;104.42;Regular
2025-07-27;03:00;34;;17.05;34.09;Bueno;104.42;Regular
2025-07-27;04:00;28;;17.05;34.09;Bueno;104.42;Regular
2025-07-27;05:00;30;;17.05;34.09;Bueno;104.42;Regular
2025-07-27;06:00;18;;17.05;34.09;Bueno;104.42;Regular
2025-07-27;07:00;12;;17.05;34.09;Bueno;104.42;Regular
2025-07-27;08:00;;;17.05;34.09;Bueno;104.42;Regular
2025-07-27;09:00;18;;17.05;34.09;Bueno;104.42;Regular
2025-07-27;10:00;8;;17.05;34.09;Bueno;104.42;Regular
2025-07-27;11:00;8;;17.05;34.09;Bueno;104.42;Regular
2025-07-27;12:00;3;;17.05;34.09;Bueno;104.42;Regular
2025-07-27;13:00;2;;17.05;34.09;Bueno;104.42;Regular
2025-07-27;14:00;2;;17.05;34.09;Bueno;104.42;Regular
2025-07-27;15:00;1;;17.05;34.09;Bueno;104.42;Regular
2025-07-27;16:00;2;;17.05;34.09;Bueno;104.42;Regular
2025-07-27;17:00;6;;17.05;34.09;Bueno;104.42;Regular
2025-07-27;18:00;12;;17.05;34.09;Bueno;104.42;Regular
2025-07-27;19:00;12;15.17;17.05;34.09;Bueno;104.42;Regular
2025-07-27;20:00;8;14.79;17.05;34.09;Bueno;104.42;Regular
2025-07-27;21:00;21;15.10;17.05;34.09;Bueno;104.42;Regular
2025-07-27;22:00;33;15.95;17.05;34.09;Bueno;104.42;Regular
2025-07-27;23:00;40;17.05;17.05;34.09;Bueno;104.42;Regular
2025-07-28;00:00;;17.05;27.22;54.43;Bueno;126.49;Regular
2025-07-28;01:00;17;15.95;27.22;54.43;Bueno;126.49;Regular
2025-07-28;02:00;16;15.05;27.22;54.43;Bueno;126.49;Regular
2025-07-28;03:00;18;14.32;27.22;54.43;Bueno;126.49;Regular
2025-07-28;04:00;13;13.64;27.22;54.43;Bueno;126.49;Regular
2025-07-28;05:00;13;12.86;27.22;54.43;Bueno;126.49;Regular
2025-07-28;06:00;18;12.86;27.22;54.43;Bueno;126.49;Regular
2025-07-28;07:00;24;13.41;27.22;54.43;Bueno;126.49;Regular
2025-07-28;08:00;31;14.17;27.22;54.43;Bueno;126.49;Regular
2025-07-28;09:00;22;14.35;27.22;54.43;Bueno;126.49;Regular
2025-07-28;10:00;19;14.83;27.22;54.43;Bueno;126.49;Regular
2025-07-28;11:00;21;15.39;27.22;54.43;Bueno;126.49;Regular
2025-07-28;12:00;16;15.96;27.22;54.43;Bueno;126.49;Regular
2025-07-28;13:00;16;16.57;27.22;54.43;Bueno;126.49;Regular
2025-07-28;14:00;22;17.43;27.22;54.43;Bueno;126.49;Regular
2025-07-28;15:00;25;18.48;27.22;54.43;Bueno;126.49;Regular
2025-07-28;16:00;14;19.00;27.22;54.43;Bueno;126.49;Regular
2025-07-28;17:00;24;19.78;27.22;54.43;Bueno;126.49;Regular
2025-07-28;18:00;57;21.74;27.22;54.43;Bueno;126.49;Regular
2025-07-28;19:00;44;23.13;27.22;54.43;Bueno;126.49;Regular
2025-07-28;20:00;54;25.13;27.22;54.43;Bueno;126.49;Regular
2025-07-28;21:00;49;26.35;27.22;54.43;Bueno;126.49;Regular
2025-07-28;22:00;42;26.74;27.22;54.43;Bueno;126.49;Regular
2025-07-28;23:00;51;27.22;27.22;54.43;Bueno;126.49;Regular
2025-07-29;00:00;50;28.17;41.00;82.00;Bueno;156.63;Regular
2025-07-29;01:00;49;29.50;41.00;82.00;Bueno;156.63;Regular
2025-07-29;02:00;65;31.54;41.00;82.00;Bueno;156.63;Regular
2025-07-29;03:00;63;33.42;41.00;82.00;Bueno;156.63;Regular
2025-07-29;04:00;51;35.00;41.00;82.00;Bueno;156.63;Regular
2025-07-29;05:00;49;36.50;41.00;82.00;Bueno;156.63;Regular
2025-07-29;06:00;65;38.46;41.00;82.00;Bueno;156.63;Regular
2025-07-29;07:00;57;39.83;41.00;82.00;Bueno;156.63;Regular
2025-07-29;08:00;44;40.38;41.00;82.00;Bueno;156.63;Regular
2025-07-29;09:00;45;41.33;41.00;82.00;Bueno;156.63;Regular
2025-07-29;10:00;43;42.33;41.00;82.00;Bueno;156.63;Regular
2025-07-29;11:00;41;43.17;41.00;82.00;Bueno;156.63;Regular
2025-07-29;12:00;36;44.00;41.00;82.00;Bueno;156.63;Regular
2025-07-29;13:00;12;43.83;41.00;82.00;Bueno;156.63;Regular
2025-07-29;14:00;16;43.58;41.00;82.00;Bueno;156.63;Regular
2025-07-29;15:00;19;43.33;41.00;82.00;Bueno;156.63;Regular
2025-07-29;16:00;25;43.79;41.00;82.00;Bueno;156.63;Regular
2025-07-29;17:00;29;44.00;41.00;82.00;Bueno;156.63;Regular
2025-07-29;18:00;30;42.88;41.00;82.00;Bueno;156.63;Regular
2025-07-29;19:00;33;42.42;41.00;82.00;Bueno;156.63;Regular
2025-07-29;20:00;45;42.04;41.00;82.00;Bueno;156.63;Regular
2025-07-29;21:00;40;41.67;41.00;82.00;Bueno;156.63;Regular
2025-07-29;22:00;36;41.42;41.00;82.00;Bueno;156.63;Regular
2025-07-29;23:00;41;41.00;41.00;82.00;Bueno;156.63;Regular
2025-07-30;00:00;11;39.38;11.54;23.08;Bueno;76.94;Bueno
2025-07-30;01:00;11;37.79;11.54;23.08;Bueno;76.94;Bueno
2025-07-30;02:00;8;35.42;11.54;23.08;Bueno;76.94;Bueno
2025-07-30;03:00;7;33.08;11.54;23.08;Bueno;76.94;Bueno
2025-07-30;04:00;7;31.25;11.54;23.08;Bueno;76.94;Bueno
2025-07-30;05:00;21;30.08;11.54;23.08;Bueno;76.94;Bueno
2025-07-30;06:00;11;27.83;11.54;23.08;Bueno;76.94;Bueno
2025-07-30;07:00;15;26.08;11.54;23.08;Bueno;76.94;Bueno
2025-07-30;08:00;21;25.12;11.54;23.08;Bueno;76.94;Bueno
2025-07-30;09:00;9;23.62;11.54;23.08;Bueno;76.94;Bueno
2025-07-30;10:00;10;22.25;11.54;23.08;Bueno;76.94;Bueno
2025-07-30;11:00;16;21.21;11.54;23.08;Bueno;76.94;Bueno
2025-07-30;12:00;17;20.42;11.54;23.08;Bueno;76.94;Bueno
2025-07-30;13:00;12;20.42;11.54;23.08;Bueno;76.94;Bueno
2025-07-30;14:00;6;20.00;11.54;23.08;Bueno;76.94;Bueno
2025-07-30;15:00;5;19.42;11.54;23.08;Bueno;76.94;Bueno
2025-07-30;16:00;25;19.42;11.54;23.08;Bueno;76.94;Bueno
2025-07-30;17:00;22;19.12;11.54;23.08;Bueno;76.94;Bueno
2025-07-30;18:00;17;18.58;11.54;23.08;Bueno;76.94;Bueno
2025-07-30;19:00;6;17.46;11.54;23.08;Bueno;76.94;Bueno
2025-07-30;20:00;6;15.83;11.54;23.08;Bueno;76.94;Bueno
2025-07-30;21:00;3;14.29;11.54;23.08;Bueno;76.94;Bueno
2025-07-30;22:00;3;12.92;11.54;23.08;Bueno;76.94;Bueno
2025-07-30;23:00;8;11.54;11.54;23.08;Bueno;76.94;Bueno
2025-07-31;00:00;6;11.33;3.76;7.52;Bueno;25.08;Bueno
2025-07-31;01:00;2;10.96;3.76;7.52;Bueno;25.08;Bueno
2025-07-31;02:00;1;10.67;3.76;7.52;Bueno;25.08;Bueno
2025-07-31;03:00;1;10.42;3.76;7.52;Bueno;25.08;Bueno
2025-07-31;04:00;1;10.17;3.76;7.52;Bueno;25.08;Bueno
2025-07-31;05:00;1;9.33;3.76;7.52;Bueno;25.08;Bueno
2025-07-31;06:00;1;8.92;3.76;7.52;Bueno;25.08;Bueno
2025-07-31;07:00;;8.65;3.76;7.52;Bueno;25.08;Bueno
2025-07-31;08:00;;8.09;3.76;7.52;Bueno;25.08;Bueno
2025-07-31;09:00;;8.05;3.76;7.52;Bueno;25.08;Bueno
2025-07-31;10:00;5;7.81;3.76;7.52;Bueno;25.08;Bueno
2025-07-31;11:00;5;7.29;3.76;7.52;Bueno;25.08;Bueno
2025-07-31;12:00;5;6.71;3.76;7.52;Bueno;25.08;Bueno
2025-07-31;13:00;3;6.29;3.76;7.52;Bueno;25.08;Bueno
2025-07-31;14:00;1;6.05;3.76;7.52;Bueno;25.08;Bueno
2025-07-31;15:00;2;5.90;3.76;7.52;Bueno;25.08;Bueno
2025-07-31;16:00;4;4.90;3.76;7.52;Bueno;25.08;Bueno
2025-07-31;17:00;4;4.05;3.76;7.52;Bueno;25.08;Bueno
2025-07-31;18:00;6;3.52;3.76;7.52;Bueno;25.08;Bueno
2025-07-31;19:00;8;3.62;3.76;7.52;Bueno;25.08;Bueno
2025-07-31;20:00;8;3.71;3.76;7.52;Bueno;25.08;Bueno
2025-07-31;21:00;7;3.90;3.76;7.52;Bueno;25.08;Bueno
2025-07-31;22:00;5;4.00;3.76;7.52;Bueno;25.08;Bueno
2025-07-31;23:00;3;3.76;3.76;7.52;Bueno;25.08;Bueno
2025-08-01;00:00;;3.65;3.14;6.27;Bueno;20.91;Bueno
2025-08-01;01:00;3;3.70;3.14;6.27;Bueno;20.91;Bueno
2025-08-01;02:00;;3.84;3.14;6.27;Bueno;20.91;Bueno
2025-08-01;03:00;2;3.89;3.14;6.27;Bueno;20.91;Bueno
2025-08-01;04:00;1;3.89;3.14;6.27;Bueno;20.91;Bueno
2025-08-01;05:00;6;4.16;3.14;6.27;Bueno;20.91;Bueno
2025-08-01;06:00;8;4.53;3.14;6.27;Bueno;20.91;Bueno
2025-08-01;07:00;3;4.45;3.14;6.27;Bueno;20.91;Bueno
2025-08-01;08:00;3;4.38;3.14;6.27;Bueno;20.91;Bueno
2025-08-01;09:00;3;4.32;3.14;6.27;Bueno;20.91;Bueno
2025-08-01;10:00;1;4.14;3.14;6.27;Bueno;20.91;Bueno
2025-08-01;11:00;1;3.95;3.14;6.27;Bueno;20.91;Bueno
2025-08-01;12:00;3;3.86;3.14;6.27;Bueno;20.91;Bueno
2025-08-01;13:00;1;3.77;3.14;6.27;Bueno;20.91;Bueno
2025-08-01;14:00;1;3.77;3.14;6.27;Bueno;20.91;Bueno
2025-08-01;15:00;1;3.73;3.14;6.27;Bueno;20.91;Bueno
2025-08-01;16:00;1;3.59;3.14;6.27;Bueno;20.91;Bueno
2025-08-01;17:00;4;3.59;3.14;6.27;Bueno;20.91;Bueno
2025-08-01;18:00;6;3.59;3.14;6.27;Bueno;20.91;Bueno
2025-08-01;19:00;4;3.41;3.14;6.27;Bueno;20.91;Bueno
2025-08-01;20:00;2;3.14;3.14;6.27;Bueno;20.91;Bueno
2025-08-01;21:00;4;3.00;3.14;6.27;Bueno;20.91;Bueno
2025-08-01;22:00;5;3.00;3.14;6.27;Bueno;20.91;Bueno
2025-08-01;23:00;6;3.14;3.14;6.27;Bueno;20.91;Bueno
2025-08-02;00:00;5;3.22;10.29;20.58;Bueno;68.61;Bueno
2025-08-02;01:00;2;3.17;10.29;20.58;Bueno;68.61;Bueno
2025-08-02;02:00;1;3.08;10.29;20.58;Bueno;68.61;Bueno
2025-08-02;03:00;1;3.04;10.29;20.58;Bueno;68.61;Bueno
2025-08-02;04:00;1;3.04;10.29;20.58;Bueno;68.61;Bueno
2025-08-02;05:00;2;2.88;10.29;20.58;Bueno;68.61;Bueno
2025-08-02;06:00;8;2.88;10.29;20.58;Bueno;68.61;Bueno
2025-08-02;07:00;7;3.04;10.29;20.58;Bueno;68.61;Bueno
2025-08-02;08:00;21;3.79;10.29;20.58;Bueno;68.61;Bueno
2025-08-02;09:00;4;3.83;10.29;20.58;Bueno;68.61;Bueno
2025-08-02;10:00;5;4.00;10.29;20.58;Bueno;68.61;Bueno
2025-08-02;11:00;5;4.17;10.29;20.58;Bueno;68.61;Bueno
2025-08-02;12:00;2;4.12;10.29;20.58;Bueno;68.61;Bueno
2025-08-02;13:00;1;4.12;10.29;20.58;Bueno;68.61;Bueno
2025-08-02;14:00;1;4.12;10.29;20.58;Bueno;68.61;Bueno
2025-08-02;15:00;1;4.12;10.29;20.58;Bueno;68.61;Bueno
2025-08-02;16:00;1;4.12;10.29;20.58;Bueno;68.61;Bueno
2025-08-02;17:00;1;4.00;10.29;20.58;Bueno;68.61;Bueno
2025-08-02;18:00;4;3.92;10.29;20.58;Bueno;68.61;Bueno
2025-08-02;19:00;10;4.17;10.29;20.58;Bueno;68.61;Bueno
2025-08-02;20:00;12;4.58;10.29;20.58;Bueno;68.61;Bueno
2025-08-02;21:00;32;5.75;10.29;20.58;Bueno;68.61;Bueno
2025-08-02;22:00;50;7.62;10.29;20.58;Bueno;68.61;Bueno
2025-08-02;23:00;70;10.29;10.29;20.58;Bueno;68.61;Bueno
2025-08-03;00:00;55;12.38;44.88;89.75;Bueno;165.15;Regular
2025-08-03;01:00;38;13.88;44.88;89.75;Bueno;165.15;Regular
2025-08-03;02:00;38;15.42;44.88;89.75;Bueno;165.15;Regular
2025-08-03;03:00;38;16.96;44.88;89.75;Bueno;165.15;Regular
2025-08-03;04:00;39;18.54;44.88;89.75;Bueno;165.15;Regular
2025-08-03;05:00;29;19.67;44.88;89.75;Bueno;165.15;Regular
2025-08-03;06:00;86;22.92;44.88;89.75;Bueno;165.15;Regular
2025-08-03;07:00;44;24.46;44.88;89.75;Bueno;165.15;Regular
2025-08-03;08:00;46;25.50;44.88;89.75;Bueno;165.15;Regular
2025-08-03;09:00;40;27.00;44.88;89.75;Bueno;165.15;Regular
2025-08-03;10:00;41;28.50;44.88;89.75;Bueno;165.15;Regular
2025-08-03;11:00;37;29.83;44.88;89.75;Bueno;165.15;Regular
2025-08-03;12:00;52;31.92;44.88;89.75;Bueno;165.15;Regular
2025-08-03;13:00;30;33.12;44.88;89.75;Bueno;165.15;Regular
2025-08-03;14:00;23;34.04;44.88;89.75;Bueno;165.15;Regular
2025-08-03;15:00;20;34.83;44.88;89.75;Bueno;165.15;Regular
2025-08-03;16:00;19;35.58;44.88;89.75;Bueno;165.15;Regular
2025-08-03;17:00;25;36.58;44.88;89.75;Bueno;165.15;Regular
2025-08-03;18:00;26;37.50;44.88;89.75;Bueno;165.15;Regular
2025-08-03;19:00;20;37.92;44.88;89.75;Bueno;165.15;Regular
2025-08-03;20:00;77;40.62;44.88;89.75;Bueno;165.15;Regular
2025-08-03;21:00;168;46.29;44.88;89.75;Bueno;165.15;Regular
2025-08-03;22:00;65;46.92;44.88;89.75;Bueno;165.15;Regular
2025-08-03;23:00;21;44.88;44.88;89.75;Bueno;165.15;Regular
2025-08-04;00:00;19;43.38;18.83;37.67;Bueno;108.29;Regular
2025-08-04;01:00;17;42.50;18.83;37.67;Bueno;108.29;Regular
2025-08-04;02:00;8;41.25;18.83;37.67;Bueno;108.29;Regular
2025-08-04;03:00;10;40.08;18.83;37.67;Bueno;108.29;Regular
2025-08-04;04:00;17;39.17;18.83;37.67;Bueno;108.29;Regular
2025-08-04;05:00;12;38.46;18.83;37.67;Bueno;108.29;Regular
2025-08-04;06:00;12;35.38;18.83;37.67;Bueno;108.29;Regular
2025-08-04;07:00;13;34.08;18.83;37.67;Bueno;108.29;Regular
2025-08-04;08:00;20;33.00;18.83;37.67;Bueno;108.29;Regular
2025-08-04;09:00;25;32.38;18.83;37.67;Bueno;108.29;Regular
2025-08-04;10:00;18;31.42;18.83;37.67;Bueno;108.29;Regular
2025-08-04;11:00;17;30.58;18.83;37.67;Bueno;108.29;Regular
2025-08-04;12:00;15;29.04;18.83;37.67;Bueno;108.29;Regular
2025-08-04;13:00;13;28.33;18.83;37.67;Bueno;108.29;Regular
2025-08-04;14:00;11;27.83;18.83;37.67;Bueno;108.29;Regular
2025-08-04;15:00;10;27.42;18.83;37.67;Bueno;108.29;Regular
2025-08-04;16:00;11;27.08;18.83;37.67;Bueno;108.29;Regular
2025-08-04;17:00;11;26.50;18.83;37.67;Bueno;108.29;Regular
2025-08-04;18:00;17;26.12;18.83;37.67;Bueno;108.29;Regular
2025-08-04;19:00;25;26.33;18.83;37.67;Bueno;108.29;Regular
2025-08-04;20:00;34;24.54;18.83;37.67;Bueno;108.29;Regular
2025-08-04;21:00;38;19.12;18.83;37.67;Bueno;108.29;Regular
2025-08-04;22:00;37;17.96;18.83;37.67;Bueno;108.29;Regular
2025-08-04;23:00;42;18.83;18.83;37.67;Bueno;108.29;Regular
2025-08-05;00:00;37;19.58;39.92;79.83;Bueno;154.25;Regular
2025-08-05;01:00;39;20.50;39.92;79.83;Bueno;154.25;Regular
2025-08-05;02:00;36;21.67;39.92;79.83;Bueno;154.25;Regular
2025-08-05;03:00;24;22.25;39.92;79.83;Bueno;154.25;Regular
2025-08-05;04:00;29;22.75;39.92;79.83;Bueno;154.25;Regular
2025-08-05;05:00;28;23.42;39.92;79.83;Bueno;154.25;Regular
2025-08-05;06:00;25;23.96;39.92;79.83;Bueno;154.25;Regular
2025-08-05;07:00;27;24.54;39.92;79.83;Bueno;154.25;Regular
2025-08-05;08:00;35;25.17;39.92;79.83;Bueno;154.25;Regular
2025-08-05;09:00;31;25.42;39.92;79.83;Bueno;154.25;Regular
2025-08-05;10:00;25;25.71;39.92;79.83;Bueno;154.25;Regular
2025-08-05;11:00;31;26.29;39.92;79.83;Bueno;154.25;Regular
2025-08-05;12:00;34;27.08;39.92;79.83;Bueno;154.25;Regular
2025-08-05;13:00;24;27.54;39.92;79.83;Bueno;154.25;Regular
2025-08-05;14:00;13;27.62;39.92;79.83;Bueno;154.25;Regular
2025-08-05;15:00;12;27.71;39.92;79.83;Bueno;154.25;Regular
2025-08-05;16:00;9;27.62;39.92;79.83;Bueno;154.25;Regular
2025-08-05;17:00;7;27.46;39.92;79.83;Bueno;154.25;Regular
2025-08-05;18:00;23;27.71;39.92;79.83;Bueno;154.25;Regular
2025-08-05;19:00;48;28.67;39.92;79.83;Bueno;154.25;Regular
2025-08-05;20:00;47;29.21;39.92;79.83;Bueno;154.25;Regular
2025-08-05;21:00;85;31.17;39.92;79.83;Bueno;154.25;Regular
2025-08-05;22:00;178;37.04;39.92;79.83;Bueno;154.25;Regular
2025-08-05;23:00;111;39.92;39.92;79.83;Bueno;154.25;Regular
2025-08-06;00:00;48;40.38;22.04;44.08;Bueno;115.24;Regular
2025-08-06;01:00;62;41.33;22.04;44.08;Bueno;115.24;Regular
2025-08-06;02:00;57;42.21;22.04;44.08;Bueno;115.24;Regular
2025-08-06;03:00;43;43.00;22.04;44.08;Bueno;115.24;Regular
2025-08-06;04:00;39;43.42;22.04;44.08;Bueno;115.24;Regular
2025-08-06;05:00;27;43.38;22.04;44.08;Bueno;115.24;Regular
2025-08-06;06:00;24;43.33;22.04;44.08;Bueno;115.24;Regular
2025-08-06;07:00;18;42.96;22.04;44.08;Bueno;115.24;Regular
2025-08-06;08:00;19;42.29;22.04;44.08;Bueno;115.24;Regular
2025-08-06;09:00;9;41.38;22.04;44.08;Bueno;115.24;Regular
2025-08-06;10:00;10;40.75;22.04;44.08;Bueno;115.24;Regular
2025-08-06;11:00;11;39.92;22.04;44.08;Bueno;115.24;Regular
2025-08-06;12:00;10;38.92;22.04;44.08;Bueno;115.24;Regular
2025-08-06;13:00;9;38.29;22.04;44.08;Bueno;115.24;Regular
2025-08-06;14:00;9;38.12;22.04;44.08;Bueno;115.24;Regular
2025-08-06;15:00;7;37.92;22.04;44.08;Bueno;115.24;Regular
2025-08-06;16:00;7;37.83;22.04;44.08;Bueno;115.24;Regular
2025-08-06;17:00;7;37.83;22.04;44.08;Bueno;115.24;Regular
2025-08-06;18:00;18;37.62;22.04;44.08;Bueno;115.24;Regular
2025-08-06;19:00;25;36.67;22.04;44.08;Bueno;115.24;Regular
2025-08-06;20:00;22;35.62;22.04;44.08;Bueno;115.24;Regular
2025-08-06;21:00;20;32.92;22.04;44.08;Bueno;115.24;Regular
2025-08-06;22:00;14;26.08;22.04;44.08;Bueno;115.24;Regular
2025-08-06;23:00;14;22.04;22.04;44.08;Bueno;115.24;Regular
2025-08-07;00:00;20;20.88;14.71;29.42;Bueno;98.06;Bueno
2025-08-07;01:00;12;18.79;14.71;29.42;Bueno;98.06;Bueno
2025-08-07;02:00;9;16.79;14.71;29.42;Bueno;98.06;Bueno
2025-08-07;03:00;6;15.25;14.71;29.42;Bueno;98.06;Bueno
2025-08-07;04:00;8;13.96;14.71;29.42;Bueno;98.06;Bueno
2025-08-07;05:00;7;13.12;14.71;29.42;Bueno;98.06;Bueno
2025-08-07;06:00;6;12.38;14.71;29.42;Bueno;98.06;Bueno
2025-08-07;07:00;7;11.92;14.71;29.42;Bueno;98.06;Bueno
2025-08-07;08:00;10;11.54;14.71;29.42;Bueno;98.06;Bueno
2025-08-07;09:00;13;11.71;14.71;29.42;Bueno;98.06;Bueno
2025-08-07;10:00;11;11.75;14.71;29.42;Bueno;98.06;Bueno
2025-08-07;11:00;10;11.71;14.71;29.42;Bueno;98.06;Bueno
2025-08-07;12:00;11;11.75;14.71;29.42;Bueno;98.06;Bueno
2025-08-07;13:00;9;11.75;14.71;29.42;Bueno;98.06;Bueno
2025-08-07;14:00;16;12.04;14.71;29.42;Bueno;98.06;Bueno
2025-08-07;15:00;16;12.42;14.71;29.42;Bueno;98.06;Bueno
2025-08-07;16:00;15;12.75;14.71;29.42;Bueno;98.06;Bueno
2025-08-07;17:00;17;13.17;14.71;29.42;Bueno;98.06;Bueno
2025-08-07;18:00;20;13.25;14.71;29.42;Bueno;98.06;Bueno
2025-08-07;19:00;32;13.54;14.71;29.42;Bueno;98.06;Bueno
2025-08-07;20:00;28;13.79;14.71;29.42;Bueno;98.06;Bueno
2025-08-07;21:00;24;13.96;14.71;29.42;Bueno;98.06;Bueno
2025-08-07;22:00;29;14.58;14.71;29.42;Bueno;98.06;Bueno
2025-08-07;23:00;17;14.71;14.71;29.42;Bueno;98.06;Bueno
2025-08-08;00:00;15;14.50;40.04;80.08;Bueno;154.52;Regular
2025-08-08;01:00;18;14.75;40.04;80.08;Bueno;154.52;Regular
2025-08-08;02:00;26;15.46;40.04;80.08;Bueno;154.52;Regular
2025-08-08;03:00;22;16.12;40.04;80.08;Bueno;154.52;Regular
2025-08-08;04:00;17;16.50;40.04;80.08;Bueno;154.52;Regular
2025-08-08;05:00;24;17.21;40.04;80.08;Bueno;154.52;Regular
2025-08-08;06:00;16;17.62;40.04;80.08;Bueno;154.52;Regular
2025-08-08;07:00;19;18.12;40.04;80.08;Bueno;154.52;Regular
2025-08-08;08:00;24;18.71;40.04;80.08;Bueno;154.52;Regular
2025-08-08;09:00;20;19.00;40.04;80.08;Bueno;154.52;Regular
2025-08-08;10:00;21;19.42;40.04;80.08;Bueno;154.52;Regular
2025-08-08;11:00;39;20.62;40.04;80.08;Bueno;154.52;Regular
2025-08-08;12:00;57;22.54;40.04;80.08;Bueno;154.52;Regular
2025-08-08;13:00;55;24.46;40.04;80.08;Bueno;154.52;Regular
2025-08-08;14:00;55;26.08;40.04;80.08;Bueno;154.52;Regular
2025-08-08;15:00;55;27.71;40.04;80.08;Bueno;154.52;Regular
2025-08-08;16:00;45;28.96;40.04;80.08;Bueno;154.52;Regular
2025-08-08;17:00;50;30.33;40.04;80.08;Bueno;154.52;Regular
2025-08-08;18:00;43;31.29;40.04;80.08;Bueno;154.52;Regular
2025-08-08;19:00;64;32.62;40.04;80.08;Bueno;154.52;Regular
2025-08-08;20:00;77;34.67;40.04;80.08;Bueno;154.52;Regular
2025-08-08;21:00;86;37.25;40.04;80.08;Bueno;154.52;Regular
2025-08-08;22:00;51;38.17;40.04;80.08;Bueno;154.52;Regular
2025-08-08;23:00;62;40.04;40.04;80.08;Bueno;154.52;Regular
2025-08-09;00:00;63;42.04;22.17;44.33;Bueno;115.51;Regular
2025-08-09;01:00;50;43.38;22.17;44.33;Bueno;115.51;Regular
2025-08-09;02:00;40;43.96;22.17;44.33;Bueno;115.51;Regular
2025-08-09;03:00;40;44.71;22.17;44.33;Bueno;115.51;Regular
2025-08-09;04:00;37;45.54;22.17;44.33;Bueno;115.51;Regular
2025-08-09;05:00;20;45.38;22.17;44.33;Bueno;115.51;Regular
2025-08-09;06:00;19;45.50;22.17;44.33;Bueno;115.51;Regular
2025-08-09;07:00;17;45.42;22.17;44.33;Bueno;115.51;Regular
2025-08-09;08:00;16;45.08;22.17;44.33;Bueno;115.51;Regular
2025-08-09;09:00;16;44.92;22.17;44.33;Bueno;115.51;Regular
2025-08-09;10:00;14;44.62;22.17;44.33;Bueno;115.51;Regular
2025-08-09;11:00;19;43.79;22.17;44.33;Bueno;115.51;Regular
2025-08-09;12:00;12;41.92;22.17;44.33;Bueno;115.51;Regular
2025-08-09;13:00;11;40.08;22.17;44.33;Bueno;115.51;Regular
2025-08-09;14:00;7;38.08;22.17;44.33;Bueno;115.51;Regular
2025-08-09;15:00;6;36.04;22.17;44.33;Bueno;115.51;Regular
2025-08-09;16:00;8;34.50;22.17;44.33;Bueno;115.51;Regular
2025-08-09;17:00;8;32.75;22.17;44.33;Bueno;115.51;Regular
2025-08-09;18:00;9;31.33;22.17;44.33;Bueno;115.51;Regular
2025-08-09;19:00;27;29.79;22.17;44.33;Bueno;115.51;Regular
2025-08-09;20:00;9;26.96;22.17;44.33;Bueno;115.51;Regular
2025-08-09;21:00;28;24.54;22.17;44.33;Bueno;115.51;Regular
2025-08-09;22:00;30;23.67;22.17;44.33;Bueno;115.51;Regular
2025-08-09;23:00;26;22.17;22.17;44.33;Bueno;115.51;Regular
2025-08-10;00:00;32;20.88;38.33;76.67;Bueno;150.77;Regular
2025-08-10;01:00;38;20.38;38.33;76.67;Bueno;150.77;Regular
2025-08-10;02:00;38;20.29;38.33;76.67;Bueno;150.77;Regular
2025-08-10;03:00;42;20.38;38.33;76.67;Bueno;150.77;Regular
2025-08-10;04:00;41;20.54;38.33;76.67;Bueno;150.77;Regular
2025-08-10;05:00;28;20.88;38.33;76.67;Bueno;150.77;Regular
2025-08-10;06:00;29;21.29;38.33;76.67;Bueno;150.77;Regular
2025-08-10;07:00;30;21.83;38.33;76.67;Bueno;150.77;Regular
2025-08-10;08:00;27;22.29;38.33;76.67;Bueno;150.77;Regular
2025-08-10;09:00;37;23.17;38.33;76.67;Bueno;150.77;Regular
2025-08-10;10:00;36;24.08;38.33;76.67;Bueno;150.77;Regular
2025-08-10;11:00;35;24.75;38.33;76.67;Bueno;150.77;Regular
2025-08-10;12:00;35;25.71;38.33;76.67;Bueno;150.77;Regular
2025-08-10;13:00;39;26.88;38.33;76.67;Bueno;150.77;Regular
2025-08-10;14:00;23;27.54;38.33;76.67;Bueno;150.77;Regular
2025-08-10;15:00;17;28.00;38.33;76.67;Bueno;150.77;Regular
2025-08-10;16:00;8;28.00;38.33;76.67;Bueno;150.77;Regular
2025-08-10;17:00;8;28.00;38.33;76.67;Bueno;150.77;Regular
2025-08-10;18:00;21;28.50;38.33;76.67;Bueno;150.77;Regular
2025-08-10;19:00;50;29.46;38.33;76.67;Bueno;150.77;Regular
2025-08-10;20:00;71;32.04;38.33;76.67;Bueno;150.77;Regular
2025-08-10;21:00;80;34.21;38.33;76.67;Bueno;150.77;Regular
2025-08-10;22:00;77;36.17;38.33;76.67;Bueno;150.77;Regular
2025-08-10;23:00;78;38.33;38.33;76.67;Bueno;150.77;Regular
2025-08-11;00:00;;38.61;42.52;85.04;Bueno;159.97;Regular
2025-08-11;01:00;89;40.83;42.52;85.04;Bueno;159.97;Regular
2025-08-11;02:00;46;41.17;42.52;85.04;Bueno;159.97;Regular
2025-08-11;03:00;36;40.91;42.52;85.04;Bueno;159.97;Regular
2025-08-11;04:00;30;40.43;42.52;85.04;Bueno;159.97;Regular
2025-08-11;05:00;27;40.39;42.52;85.04;Bueno;159.97;Regular
2025-08-11;06:00;21;40.04;42.52;85.04;Bueno;159.97;Regular
2025-08-11;07:00;21;39.65;42.52;85.04;Bueno;159.97;Regular
2025-08-11;08:00;28;39.70;42.52;85.04;Bueno;159.97;Regular
2025-08-11;09:00;27;39.26;42.52;85.04;Bueno;159.97;Regular
2025-08-11;10:00;30;39.00;42.52;85.04;Bueno;159.97;Regular
2025-08-11;11:00;31;38.83;42.52;85.04;Bueno;159.97;Regular
2025-08-11;12:00;28;38.52;42.52;85.04;Bueno;159.97;Regular
2025-08-11;13:00;25;37.91;42.52;85.04;Bueno;159.97;Regular
2025-08-11;14:00;18;37.70;42.52;85.04;Bueno;159.97;Regular
2025-08-11;15:00;23;37.96;42.52;85.04;Bueno;159.97;Regular
2025-08-11;16:00;28;38.83;42.52;85.04;Bueno;159.97;Regular
2025-08-11;17:00;26;39.61;42.52;85.04;Bueno;159.97;Regular
2025-08-11;18:00;38;40.35;42.52;85.04;Bueno;159.97;Regular
2025-08-11;19:00;64;40.96;42.52;85.04;Bueno;159.97;Regular
2025-08-11;20:00;68;40.83;42.52;85.04;Bueno;159.97;Regular
2025-08-11;21:00;65;40.17;42.52;85.04;Bueno;159.97;Regular
2025-08-11;22:00;148;43.26;42.52;85.04;Bueno;159.97;Regular
2025-08-11;23:00;61;42.52;42.52;85.04;Bueno;159.97;Regular
2025-08-12;00:00;36;42.25;20.25;40.50;Bueno;111.36;Regular
2025-08-12;01:00;51;40.67;20.25;40.50;Bueno;111.36;Regular
2025-08-12;02:00;49;40.79;20.25;40.50;Bueno;111.36;Regular
2025-08-12;03:00;36;40.79;20.25;40.50;Bueno;111.36;Regular
2025-08-12;04:00;23;40.50;20.25;40.50;Bueno;111.36;Regular
2025-08-12;05:00;9;39.75;20.25;40.50;Bueno;111.36;Regular
2025-08-12;06:00;8;39.21;20.25;40.50;Bueno;111.36;Regular
2025-08-12;07:00;11;38.79;20.25;40.50;Bueno;111.36;Regular
2025-08-12;08:00;19;38.42;20.25;40.50;Bueno;111.36;Regular
2025-08-12;09:00;22;38.21;20.25;40.50;Bueno;111.36;Regular
2025-08-12;10:00;17;37.67;20.25;40.50;Bueno;111.36;Regular
2025-08-12;11:00;11;36.83;20.25;40.50;Bueno;111.36;Regular
2025-08-12;12:00;10;36.08;20.25;40.50;Bueno;111.36;Regular
2025-08-12;13:00;7;35.33;20.25;40.50;Bueno;111.36;Regular
2025-08-12;14:00;4;34.75;20.25;40.50;Bueno;111.36;Regular
2025-08-12;15:00;3;33.92;20.25;40.50;Bueno;111.36;Regular
2025-08-12;16:00;4;32.92;20.25;40.50;Bueno;111.36;Regular
2025-08-12;17:00;4;32.00;20.25;40.50;Bueno;111.36;Regular
2025-08-12;18:00;8;30.75;20.25;40.50;Bueno;111.36;Regular
2025-08-12;19:00;32;29.42;20.25;40.50;Bueno;111.36;Regular
2025-08-12;20:00;47;28.54;20.25;40.50;Bueno;111.36;Regular
2025-08-12;21:00;28;27.00;20.25;40.50;Bueno;111.36;Regular
2025-08-12;22:00;21;21.71;20.25;40.50;Bueno;111.36;Regular
2025-08-12;23:00;26;20.25;20.25;40.50;Bueno;111.36;Regular
2025-08-13;00:00;19;19.54;19.71;39.42;Bueno;110.18;Regular
2025-08-13;01:00;20;18.25;19.71;39.42;Bueno;110.18;Regular
2025-08-13;02:00;7;16.50;19.71;39.42;Bueno;110.18;Regular
2025-08-13;03:00;9;15.38;19.71;39.42;Bueno;110.18;Regular
2025-08-13;04:00;8;14.75;19.71;39.42;Bueno;110.18;Regular
2025-08-13;05:00;7;14.67;19.71;39.42;Bueno;110.18;Regular
2025-08-13;06:00;9;14.71;19.71;39.42;Bueno;110.18;Regular
2025-08-13;07:00;8;14.58;19.71;39.42;Bueno;110.18;Regular
2025-08-13;08:00;9;14.17;19.71;39.42;Bueno;110.18;Regular
2025-08-13;09:00;9;13.62;19.71;39.42;Bueno;110.18;Regular
2025-08-13;10:00;10;13.33;19.71;39.42;Bueno;110.18;Regular
2025-08-13;11:00;10;13.29;19.71;39.42;Bueno;110.18;Regular
2025-08-13;12:00;10;13.29;19.71;39.42;Bueno;110.18;Regular
2025-08-13;13:00;11;13.46;19.71;39.42;Bueno;110.18;Regular
2025-08-13;14:00;12;13.79;19.71;39.42;Bueno;110.18;Regular
2025-08-13;15:00;8;14.00;19.71;39.42;Bueno;110.18;Regular
2025-08-13;16:00;9;14.21;19.71;39.42;Bueno;110.18;Regular
2025-08-13;17:00;15;14.67;19.71;39.42;Bueno;110.18;Regular
2025-08-13;18:00;24;15.33;19.71;39.42;Bueno;110.18;Regular
2025-08-13;19:00;44;15.83;19.71;39.42;Bueno;110.18;Regular
2025-08-13;20:00;61;16.42;19.71;39.42;Bueno;110.18;Regular
2025-08-13;21:00;49;17.29;19.71;39.42;Bueno;110.18;Regular
2025-08-13;22:00;55;18.71;19.71;39.42;Bueno;110.18;Regular
2025-08-13;23:00;50;19.71;19.71;39.42;Bueno;110.18;Regular
2025-08-14;00:00;52;21.08;28.33;56.67;Bueno;128.92;Regular
2025-08-14;01:00;45;22.12;28.33;56.67;Bueno;128.92;Regular
2025-08-14;02:00;36;23.33;28.33;56.67;Bueno;128.92;Regular
2025-08-14;03:00;36;24.46;28.33;56.67;Bueno;128.92;Regular
2025-08-14;04:00;31;25.42;28.33;56.67;Bueno;128.92;Regular
2025-08-14;05:00;24;26.12;28.33;56.67;Bueno;128.92;Regular
2025-08-14;06:00;26;26.83;28.33;56.67;Bueno;128.92;Regular
2025-08-14;07:00;25;27.54;28.33;56.67;Bueno;128.92;Regular
2025-08-14;08:00;37;28.71;28.33;56.67;Bueno;128.92;Regular
2025-08-14;09:00;50;30.42;28.33;56.67;Bueno;128.92;Regular
2025-08-14;10:00;78;33.25;28.33;56.67;Bueno;128.92;Regular
2025-08-14;11:00;49;34.88;28.33;56.67;Bueno;128.92;Regular
2025-08-14;12:00;36;35.96;28.33;56.67;Bueno;128.92;Regular
2025-08-14;13:00;28;36.67;28.33;56.67;Bueno;128.92;Regular
2025-08-14;14:00;21;37.04;28.33;56.67;Bueno;128.92;Regular
2025-08-14;15:00;14;37.29;28.33;56.67;Bueno;128.92;Regular
2025-08-14;16:00;12;37.42;28.33;56.67;Bueno;128.92;Regular
2025-08-14;17:00;12;37.29;28.33;56.67;Bueno;128.92;Regular
2025-08-14;18:00;15;36.92;28.33;56.67;Bueno;128.92;Regular
2025-08-14;19:00;9;35.46;28.33;56.67;Bueno;128.92;Regular
2025-08-14;20:00;9;33.29;28.33;56.67;Bueno;128.92;Regular
2025-08-14;21:00;10;31.67;28.33;56.67;Bueno;128.92;Regular
2025-08-14;22:00;12;29.88;28.33;56.67;Bueno;128.92;Regular
2025-08-14;23:00;13;28.33;28.33;56.67;Bueno;128.92;Regular
2025-08-15;00:00;;27.30;4.95;9.90;Bueno;33.02;Bueno
2025-08-15;01:00;21;26.26;4.95;9.90;Bueno;33.02;Bueno
2025-08-15;02:00;9;25.09;4.95;9.90;Bueno;33.02;Bueno
2025-08-15;03:00;7;23.83;4.95;9.90;Bueno;33.02;Bueno
2025-08-15;04:00;10;22.91;4.95;9.90;Bueno;33.02;Bueno
2025-08-15;05:00;13;22.43;4.95;9.90;Bueno;33.02;Bueno
2025-08-15;06:00;8;21.65;4.95;9.90;Bueno;33.02;Bueno
2025-08-15;07:00;;21.50;4.95;9.90;Bueno;33.02;Bueno
2025-08-15;08:00;;20.76;4.95;9.90;Bueno;33.02;Bueno
2025-08-15;09:00;2;18.48;4.95;9.90;Bueno;33.02;Bueno
2025-08-15;10:00;2;14.86;4.95;9.90;Bueno;33.02;Bueno
2025-08-15;11:00;1;12.57;4.95;9.90;Bueno;33.02;Bueno
2025-08-15;12:00;1;10.90;4.95;9.90;Bueno;33.02;Bueno
2025-08-15;13:00;1;9.62;4.95;9.90;Bueno;33.02;Bueno
2025-08-15;14:00;1;8.67;4.95;9.90;Bueno;33.02;Bueno
2025-08-15;15:00;1;8.05;4.95;9.90;Bueno;33.02;Bueno
2025-08-15;16:00;3;7.62;4.95;9.90;Bueno;33.02;Bueno
2025-08-15;17:00;4;7.24;4.95;9.90;Bueno;33.02;Bueno
2025-08-15;18:00;5;6.76;4.95;9.90;Bueno;33.02;Bueno
2025-08-15;19:00;2;6.43;4.95;9.90;Bueno;33.02;Bueno
2025-08-15;20:00;1;6.05;4.95;9.90;Bueno;33.02;Bueno
2025-08-15;21:00;3;5.71;4.95;9.90;Bueno;33.02;Bueno
2025-08-15;22:00;5;5.38;4.95;9.90;Bueno;33.02;Bueno
2025-08-15;23:00;4;4.95;4.95;9.90;Bueno;33.02;Bueno
2025-08-16;00:00;;4.95;15.35;30.70;Bueno;100.75;Regular
2025-08-16;01:00;6;4.24;15.35;30.70;Bueno;100.75;Regular
2025-08-16;02:00;9;4.24;15.35;30.70;Bueno;100.75;Regular
2025-08-16;03:00;7;4.24;15.35;30.70;Bueno;100.75;Regular
2025-08-16;04:00;4;3.95;15.35;30.70;Bueno;100.75;Regular
2025-08-16;05:00;4;3.52;15.35;30.70;Bueno;100.75;Regular
2025-08-16;06:00;5;3.38;15.35;30.70;Bueno;100.75;Regular
2025-08-16;07:00;9;3.64;15.35;30.70;Bueno;100.75;Regular
2025-08-16;08:00;12;4.00;15.35;30.70;Bueno;100.75;Regular
2025-08-16;09:00;11;4.39;15.35;30.70;Bueno;100.75;Regular
2025-08-16;10:00;9;4.70;15.35;30.70;Bueno;100.75;Regular
2025-08-16;11:00;5;4.87;15.35;30.70;Bueno;100.75;Regular
2025-08-16;12:00;2;4.91;15.35;30.70;Bueno;100.75;Regular
2025-08-16;13:00;1;4.91;15.35;30.70;Bueno;100.75;Regular
2025-08-16;14:00;2;4.96;15.35;30.70;Bueno;100.75;Regular
2025-08-16;15:00;6;5.17;15.35;30.70;Bueno;100.75;Regular
2025-08-16;16:00;5;5.26;15.35;30.70;Bueno;100.75;Regular
2025-08-16;17:00;1;5.13;15.35;30.70;Bueno;100.75;Regular
2025-08-16;18:00;16;5.61;15.35;30.70;Bueno;100.75;Regular
2025-08-16;19:00;29;6.78;15.35;30.70;Bueno;100.75;Regular
2025-08-16;20:00;44;8.65;15.35;30.70;Bueno;100.75;Regular
2025-08-16;21:00;66;11.39;15.35;30.70;Bueno;100.75;Regular
2025-08-16;22:00;56;13.61;15.35;30.70;Bueno;100.75;Regular
2025-08-16;23:00;44;15.35;15.35;30.70;Bueno;100.75;Regular
2025-08-17;00:00;28;15.88;20.04;40.08;Bueno;110.91;Regular
2025-08-17;01:00;21;16.50;20.04;40.08;Bueno;110.91;Regular
2025-08-17;02:00;25;17.17;20.04;40.08;Bueno;110.91;Regular
2025-08-17;03:00;29;18.08;20.04;40.08;Bueno;110.91;Regular
2025-08-17;04:00;33;19.29;20.04;40.08;Bueno;110.91;Regular
2025-08-17;05:00;37;20.67;20.04;40.08;Bueno;110.91;Regular
2025-08-17;06:00;29;21.67;20.04;40.08;Bueno;110.91;Regular
2025-08-17;07:00;24;22.29;20.04;40.08;Bueno;110.91;Regular
2025-08-17;08:00;22;22.71;20.04;40.08;Bueno;110.91;Regular
2025-08-17;09:00;17;22.96;20.04;40.08;Bueno;110.91;Regular
2025-08-17;10:00;21;23.46;20.04;40.08;Bueno;110.91;Regular
2025-08-17;11:00;19;24.04;20.04;40.08;Bueno;110.91;Regular
2025-08-17;12:00;8;24.29;20.04;40.08;Bueno;110.91;Regular
2025-08-17;13:00;7;24.54;20.04;40.08;Bueno;110.91;Regular
2025-08-17;14:00;4;24.62;20.04;40.08;Bueno;110.91;Regular
2025-08-17;15:00;3;24.50;20.04;40.08;Bueno;110.91;Regular
2025-08-17;16:00;5;24.50;20.04;40.08;Bueno;110.91;Regular
2025-08-17;17:00;4;24.62;20.04;40.08;Bueno;110.91;Regular
2025-08-17;18:00;4;24.12;20.04;40.08;Bueno;110.91;Regular
2025-08-17;19:00;16;23.58;20.04;40.08;Bueno;110.91;Regular
2025-08-17;20:00;12;22.25;20.04;40.08;Bueno;110.91;Regular
2025-08-17;21:00;57;21.88;20.04;40.08;Bueno;110.91;Regular
2025-08-17;22:00;30;20.79;20.04;40.08;Bueno;110.91;Regular
2025-08-17;23:00;26;20.04;20.04;40.08;Bueno;110.91;Regular
2025-08-18;00:00;28;20.04;26.21;52.42;Bueno;124.29;Regular
2025-08-18;01:00;37;20.71;26.21;52.42;Bueno;124.29;Regular
2025-08-18;02:00;21;20.54;26.21;52.42;Bueno;124.29;Regular
2025-08-18;03:00;14;19.92;26.21;52.42;Bueno;124.29;Regular
2025-08-18;04:00;11;19.00;26.21;52.42;Bueno;124.29;Regular
2025-08-18;05:00;7;17.75;26.21;52.42;Bueno;124.29;Regular
2025-08-18;06:00;5;16.75;26.21;52.42;Bueno;124.29;Regular
2025-08-18;07:00;6;16.00;26.21;52.42;Bueno;124.29;Regular
2025-08-18;08:00;15;15.71;26.21;52.42;Bueno;124.29;Regular
2025-08-18;09:00;20;15.83;26.21;52.42;Bueno;124.29;Regular
2025-08-18;10:00;21;15.83;26.21;52.42;Bueno;124.29;Regular
2025-08-18;11:00;8;15.38;26.21;52.42;Bueno;124.29;Regular
2025-08-18;12:00;7;15.33;26.21;52.42;Bueno;124.29;Regular
2025-08-18;13:00;9;15.42;26.21;52.42;Bueno;124.29;Regular
2025-08-18;14:00;12;15.75;26.21;52.42;Bueno;124.29;Regular
2025-08-18;15:00;17;16.33;26.21;52.42;Bueno;124.29;Regular
2025-08-18;16:00;22;17.04;26.21;52.42;Bueno;124.29;Regular
2025-08-18;17:00;17;17.58;26.21;52.42;Bueno;124.29;Regular
2025-08-18;18:00;23;18.38;26.21;52.42;Bueno;124.29;Regular
2025-08-18;19:00;26;18.79;26.21;52.42;Bueno;124.29;Regular
2025-08-18;20:00;29;19.50;26.21;52.42;Bueno;124.29;Regular
2025-08-18;21:00;82;20.54;26.21;52.42;Bueno;124.29;Regular
2025-08-18;22:00;93;23.17;26.21;52.42;Bueno;124.29;Regular
2025-08-18;23:00;99;26.21;26.21;52.42;Bueno;124.29;Regular
2025-08-19;00:00;106;29.46;29.67;59.33;Bueno;131.83;Regular
2025-08-19;01:00;89;31.62;29.67;59.33;Bueno;131.83;Regular
2025-08-19;02:00;71;33.71;29.67;59.33;Bueno;131.83;Regular
2025-08-19;03:00;84;36.62;29.67;59.33;Bueno;131.83;Regular
2025-08-19;04:00;56;38.50;29.67;59.33;Bueno;131.83;Regular
2025-08-19;05:00;34;39.62;29.67;59.33;Bueno;131.83;Regular
2025-08-19;06:00;31;40.71;29.67;59.33;Bueno;131.83;Regular
2025-08-19;07:00;24;41.46;29.67;59.33;Bueno;131.83;Regular
2025-08-19;08:00;25;41.88;29.67;59.33;Bueno;131.83;Regular
2025-08-19;09:00;25;42.08;29.67;59.33;Bueno;131.83;Regular
2025-08-19;10:00;31;42.50;29.67;59.33;Bueno;131.83;Regular
2025-08-19;11:00;34;43.58;29.67;59.33;Bueno;131.83;Regular
2025-08-19;12:00;17;44.00;29.67;59.33;Bueno;131.83;Regular
2025-08-19;13:00;4;43.79;29.67;59.33;Bueno;131.83;Regular
2025-08-19;14:00;5;43.50;29.67;59.33;Bueno;131.83;Regular
2025-08-19;15:00;4;42.96;29.67;59.33;Bueno;131.83;Regular
2025-08-19;16:00;4;42.21;29.67;59.33;Bueno;131.83;Regular
2025-08-19;17:00;7;41.79;29.67;59.33;Bueno;131.83;Regular
2025-08-19;18:00;5;41.04;29.67;59.33;Bueno;131.83;Regular
2025-08-19;19:00;3;40.08;29.67;59.33;Bueno;131.83;Regular
2025-08-19;20:00;9;39.25;29.67;59.33;Bueno;131.83;Regular
2025-08-19;21:00;19;36.62;29.67;59.33;Bueno;131.83;Regular
2025-08-19;22:00;13;33.29;29.67;59.33;Bueno;131.83;Regular
2025-08-19;23:00;12;29.67;29.67;59.33;Bueno;131.83;Regular
2025-08-20;00:00;15;25.88;11.92;23.83;Bueno;79.44;Bueno
2025-08-20;01:00;20;23.00;11.92;23.83;Bueno;79.44;Bueno
2025-08-20;02:00;33;21.42;11.92;23.83;Bueno;79.44;Bueno
2025-08-20;03:00;32;19.25;11.92;23.83;Bueno;79.44;Bueno
2025-08-20;04:00;21;17.79;11.92;23.83;Bueno;79.44;Bueno
2025-08-20;05:00;21;17.25;11.92;23.83;Bueno;79.44;Bueno
2025-08-20;06:00;11;16.42;11.92;23.83;Bueno;79.44;Bueno
2025-08-20;07:00;12;15.92;11.92;23.83;Bueno;79.44;Bueno
2025-08-20;08:00;12;15.38;11.92;23.83;Bueno;79.44;Bueno
2025-08-20;09:00;10;14.75;11.92;23.83;Bueno;79.44;Bueno
2025-08-20;10:00;10;13.88;11.92;23.83;Bueno;79.44;Bueno
2025-08-20;11:00;10;12.88;11.92;23.83;Bueno;79.44;Bueno
2025-08-20;12:00;8;12.50;11.92;23.83;Bueno;79.44;Bueno
2025-08-20;13:00;7;12.62;11.92;23.83;Bueno;79.44;Bueno
2025-08-20;14:00;5;12.62;11.92;23.83;Bueno;79.44;Bueno
2025-08-20;15:00;2;12.54;11.92;23.83;Bueno;79.44;Bueno
2025-08-20;16:00;1;12.42;11.92;23.83;Bueno;79.44;Bueno
2025-08-20;17:00;1;12.17;11.92;23.83;Bueno;79.44;Bueno
2025-08-20;18:00;4;12.12;11.92;23.83;Bueno;79.44;Bueno
2025-08-20;19:00;8;12.33;11.92;23.83;Bueno;79.44;Bueno
2025-08-20;20:00;12;12.46;11.92;23.83;Bueno;79.44;Bueno
2025-08-20;21:00;13;12.21;11.92;23.83;Bueno;79.44;Bueno
2025-08-20;22:00;11;12.12;11.92;23.83;Bueno;79.44;Bueno
2025-08-20;23:00;7;11.92;11.92;23.83;Bueno;79.44;Bueno
2025-08-21;00:00;8;11.62;4.92;9.83;Bueno;32.78;Bueno
2025-08-21;01:00;9;11.17;4.92;9.83;Bueno;32.78;Bueno
2025-08-21;02:00;7;10.08;4.92;9.83;Bueno;32.78;Bueno
2025-08-21;03:00;8;9.08;4.92;9.83;Bueno;32.78;Bueno
2025-08-21;04:00;6;8.46;4.92;9.83;Bueno;32.78;Bueno
2025-08-21;05:00;6;7.83;4.92;9.83;Bueno;32.78;Bueno
2025-08-21;06:00;8;7.71;4.92;9.83;Bueno;32.78;Bueno
2025-08-21;07:00;6;7.46;4.92;9.83;Bueno;32.78;Bueno
2025-08-21;08:00;2;7.04;4.92;9.83;Bueno;32.78;Bueno
2025-08-21;09:00;3;6.75;4.92;9.83;Bueno;32.78;Bueno
2025-08-21;10:00;1;6.38;4.92;9.83;Bueno;32.78;Bueno
2025-08-21;11:00;2;6.04;4.92;9.83;Bueno;32.78;Bueno
2025-08-21;12:00;2;5.79;4.92;9.83;Bueno;32.78;Bueno
2025-08-21;13:00;3;5.62;4.92;9.83;Bueno;32.78;Bueno
2025-08-21;14:00;3;5.54;4.92;9.83;Bueno;32.78;Bueno
2025-08-21;15:00;3;5.58;4.92;9.83;Bueno;32.78;Bueno
2025-08-21;16:00;2;5.62;4.92;9.83;Bueno;32.78;Bueno
2025-08-21;17:00;3;5.71;4.92;9.83;Bueno;32.78;Bueno
2025-08-21;18:00;4;5.71;4.92;9.83;Bueno;32.78;Bueno
2025-08-21;19:00;6;5.62;4.92;9.83;Bueno;32.78;Bueno
2025-08-21;20:00;7;5.42;4.92;9.83;Bueno;32.78;Bueno
2025-08-21;21:00;9;5.25;4.92;9.83;Bueno;32.78;Bueno
2025-08-21;22:00;8;5.12;4.92;9.83;Bueno;32.78;Bueno
2025-08-21;23:00;2;4.92;4.92;9.83;Bueno;32.78;Bueno
2025-08-22;00:00;3;4.71;4.00;8.00;Bueno;26.67;Bueno
2025-08-22;01:00;5;4.54;4.00;8.00;Bueno;26.67;Bueno
2025-08-22;02:00;2;4.33;4.00;8.00;Bueno;26.67;Bueno
2025-08-22;03:00;3;4.12;4.00;8.00;Bueno;26.67;Bueno
2025-08-22;04:00;6;4.12;4.00;8.00;Bueno;26.67;Bueno
2025-08-22;05:00;6;4.12;4.00;8.00;Bueno;26.67;Bueno
2025-08-22;06:00;1;3.83;4.00;8.00;Bueno;26.67;Bueno
2025-08-22;07:00;4;3.75;4.00;8.00;Bueno;26.67;Bueno
2025-08-22;08:00;9;4.04;4.00;8.00;Bueno;26.67;Bueno
2025-08-22;09:00;6;4.17;4.00;8.00;Bueno;26.67;Bueno
2025-08-22;10:00;3;4.25;4.00;8.00;Bueno;26.67;Bueno
2025-08-22;11:00;1;4.21;4.00;8.00;Bueno;26.67;Bueno
2025-08-22;12:00;1;4.17;4.00;8.00;Bueno;26.67;Bueno
2025-08-22;13:00;1;4.08;4.00;8.00;Bueno;26.67;Bueno
2025-08-22;14:00;1;4.00;4.00;8.00;Bueno;26.67;Bueno
2025-08-22;15:00;1;3.92;4.00;8.00;Bueno;26.67;Bueno
2025-08-22;16:00;1;3.88;4.00;8.00;Bueno;26.67;Bueno
2025-08-22;17:00;3;3.88;4.00;8.00;Bueno;26.67;Bueno
2025-08-22;18:00;3;3.83;4.00;8.00;Bueno;26.67;Bueno
2025-08-22;19:00;7;3.88;4.00;8.00;Bueno;26.67;Bueno
2025-08-22;20:00;9;3.96;4.00;8.00;Bueno;26.67;Bueno
2025-08-22;21:00;6;3.83;4.00;8.00;Bueno;26.67;Bueno
2025-08-22;22:00;7;3.79;4.00;8.00;Bueno;26.67;Bueno
2025-08-22;23:00;7;4.00;4.00;8.00;Bueno;26.67;Bueno
2025-08-23;00:00;6;4.12;36.83;73.67;Bueno;147.49;Regular
2025-08-23;01:00;6;4.17;36.83;73.67;Bueno;147.49;Regular
2025-08-23;02:00;5;4.29;36.83;73.67;Bueno;147.49;Regular
2025-08-23;03:00;7;4.46;36.83;73.67;Bueno;147.49;Regular
2025-08-23;04:00;18;4.96;36.83;73.67;Bueno;147.49;Regular
2025-08-23;05:00;24;5.71;36.83;73.67;Bueno;147.49;Regular
2025-08-23;06:00;26;6.75;36.83;73.67;Bueno;147.49;Regular
2025-08-23;07:00;43;8.38;36.83;73.67;Bueno;147.49;Regular
2025-08-23;08:00;25;9.04;36.83;73.67;Bueno;147.49;Regular
2025-08-23;09:00;33;10.17;36.83;73.67;Bueno;147.49;Regular
2025-08-23;10:00;30;11.29;36.83;73.67;Bueno;147.49;Regular
2025-08-23;11:00;10;11.67;36.83;73.67;Bueno;147.49;Regular
2025-08-23;12:00;5;11.83;36.83;73.67;Bueno;147.49;Regular
2025-08-23;13:00;5;12.00;36.83;73.67;Bueno;147.49;Regular
2025-08-23;14:00;6;12.21;36.83;73.67;Bueno;147.49;Regular
2025-08-23;15:00;2;12.25;36.83;73.67;Bueno;147.49;Regular
2025-08-23;16:00;3;12.33;36.83;73.67;Bueno;147.49;Regular
2025-08-23;17:00;4;12.38;36.83;73.67;Bueno;147.49;Regular
2025-08-23;18:00;8;12.58;36.83;73.67;Bueno;147.49;Regular
2025-08-23;19:00;111;16.92;36.83;73.67;Bueno;147.49;Regular
2025-08-23;20:00;118;21.46;36.83;73.67;Bueno;147.49;Regular
2025-08-23;21:00;106;25.62;36.83;73.67;Bueno;147.49;Regular
2025-08-23;22:00;136;31.00;36.83;73.67;Bueno;147.49;Regular
2025-08-23;23:00;147;36.83;36.83;73.67;Bueno;147.49;Regular
2025-08-24;00:00;87;40.21;19.75;39.50;Bueno;110.27;Regular
2025-08-24;01:00;55;42.25;19.75;39.50;Bueno;110.27;Regular
2025-08-24;02:00;58;44.46;19.75;39.50;Bueno;110.27;Regular
2025-08-24;03:00;45;46.04;19.75;39.50;Bueno;110.27;Regular
2025-08-24;04:00;42;47.04;19.75;39.50;Bueno;110.27;Regular
2025-08-24;05:00;27;47.17;19.75;39.50;Bueno;110.27;Regular
2025-08-24;06:00;14;46.67;19.75;39.50;Bueno;110.27;Regular
2025-08-24;07:00;19;45.67;19.75;39.50;Bueno;110.27;Regular
2025-08-24;08:00;22;45.54;19.75;39.50;Bueno;110.27;Regular
2025-08-24;09:00;15;44.79;19.75;39.50;Bueno;110.27;Regular
2025-08-24;10:00;14;44.12;19.75;39.50;Bueno;110.27;Regular
2025-08-24;11:00;9;44.08;19.75;39.50;Bueno;110.27;Regular
2025-08-24;12:00;1;43.92;19.75;39.50;Bueno;110.27;Regular
2025-08-24;13:00;1;43.75;19.75;39.50;Bueno;110.27;Regular
2025-08-24;14:00;1;43.54;19.75;39.50;Bueno;110.27;Regular
2025-08-24;15:00;1;43.50;19.75;39.50;Bueno;110.27;Regular
2025-08-24;16:00;3;43.50;19.75;39.50;Bueno;110.27;Regular
2025-08-24;17:00;4;43.50;19.75;39.50;Bueno;110.27;Regular
2025-08-24;18:00;6;43.42;19.75;39.50;Bueno;110.27;Regular
2025-08-24;19:00;8;39.12;19.75;39.50;Bueno;110.27;Regular
2025-08-24;20:00;18;34.96;19.75;39.50;Bueno;110.27;Regular
2025-08-24;21:00;9;30.92;19.75;39.50;Bueno;110.27;Regular
2025-08-24;22:00;8;25.58;19.75;39.50;Bueno;110.27;Regular
2025-08-24;23:00;7;19.75;19.75;39.50;Bueno;110.27;Regular
2025-08-25;00:00;3;16.25;5.42;10.83;Bueno;36.11;Bueno
2025-08-25;01:00;6;14.21;5.42;10.83;Bueno;36.11;Bueno
2025-08-25;02:00;7;12.08;5.42;10.83;Bueno;36.11;Bueno
2025-08-25;03:00;5;10.42;5.42;10.83;Bueno;36.11;Bueno
2025-08-25;04:00;4;8.83;5.42;10.83;Bueno;36.11;Bueno
2025-08-25;05:00;7;8.00;5.42;10.83;Bueno;36.11;Bueno
2025-08-25;06:00;6;7.67;5.42;10.83;Bueno;36.11;Bueno
2025-08-25;07:00;6;7.12;5.42;10.83;Bueno;36.11;Bueno
2025-08-25;08:00;9;6.58;5.42;10.83;Bueno;36.11;Bueno
2025-08-25;09:00;5;6.17;5.42;10.83;Bueno;36.11;Bueno
2025-08-25;10:00;4;5.75;5.42;10.83;Bueno;36.11;Bueno
2025-08-25;11:00;3;5.50;5.42;10.83;Bueno;36.11;Bueno
2025-08-25;12:00;2;5.54;5.42;10.83;Bueno;36.11;Bueno
2025-08-25;13:00;5;5.71;5.42;10.83;Bueno;36.11;Bueno
2025-08-25;14:00;4;5.83;5.42;10.83;Bueno;36.11;Bueno
2025-08-25;15:00;1;5.83;5.42;10.83;Bueno;36.11;Bueno
2025-08-25;16:00;1;5.75;5.42;10.83;Bueno;36.11;Bueno
2025-08-25;17:00;5;5.79;5.42;10.83;Bueno;36.11;Bueno
2025-08-25;18:00;6;5.79;5.42;10.83;Bueno;36.11;Bueno
2025-08-25;19:00;8;5.79;5.42;10.83;Bueno;36.11;Bueno
2025-08-25;20:00;11;5.50;5.42;10.83;Bueno;36.11;Bueno
2025-08-25;21:00;9;5.50;5.42;10.83;Bueno;36.11;Bueno
2025-08-25;22:00;6;5.42;5.42;10.83;Bueno;36.11;Bueno
2025-08-25;23:00;7;5.42;5.42;10.83;Bueno;36.11;Bueno
2025-08-26;00:00;8;5.62;12.92;25.83;Bueno;86.11;Bueno
2025-08-26;01:00;6;5.62;12.92;25.83;Bueno;86.11;Bueno
2025-08-26;02:00;3;5.46;12.92;25.83;Bueno;86.11;Bueno
2025-08-26;03:00;5;5.46;12.92;25.83;Bueno;86.11;Bueno
2025-08-26;04:00;5;5.50;12.92;25.83;Bueno;86.11;Bueno
2025-08-26;05:00;4;5.38;12.92;25.83;Bueno;86.11;Bueno
2025-08-26;06:00;7;5.42;12.92;25.83;Bueno;86.11;Bueno
2025-08-26;07:00;9;5.54;12.92;25.83;Bueno;86.11;Bueno
2025-08-26;08:00;9;5.54;12.92;25.83;Bueno;86.11;Bueno
2025-08-26;09:00;10;5.75;12.92;25.83;Bueno;86.11;Bueno
2025-08-26;10:00;10;6.00;12.92;25.83;Bueno;86.11;Bueno
2025-08-26;11:00;8;6.21;12.92;25.83;Bueno;86.11;Bueno
2025-08-26;12:00;6;6.38;12.92;25.83;Bueno;86.11;Bueno
2025-08-26;13:00;5;6.38;12.92;25.83;Bueno;86.11;Bueno
2025-08-26;14:00;4;6.38;12.92;25.83;Bueno;86.11;Bueno
2025-08-26;15:00;7;6.62;12.92;25.83;Bueno;86.11;Bueno
2025-08-26;16:00;10;7.00;12.92;25.83;Bueno;86.11;Bueno
2025-08-26;17:00;9;7.17;12.92;25.83;Bueno;86.11;Bueno
2025-08-26;18:00;19;7.71;12.92;25.83;Bueno;86.11;Bueno
2025-08-26;19:00;23;8.33;12.92;25.83;Bueno;86.11;Bueno
2025-08-26;20:00;28;9.04;12.92;25.83;Bueno;86.11;Bueno
2025-08-26;21:00;42;10.42;12.92;25.83;Bueno;86.11;Bueno
2025-08-26;22:00;31;11.46;12.92;25.83;Bueno;86.11;Bueno
2025-08-26;23:00;42;12.92;12.92;25.83;Bueno;86.11;Bueno
2025-08-27;00:00;36;14.08;24.46;48.92;Bueno;120.49;Regular
2025-08-27;01:00;39;15.46;24.46;48.92;Bueno;120.49;Regular
2025-08-27;02:00;34;16.75;24.46;48.92;Bueno;120.49;Regular
2025-08-27;03:00;28;17.71;24.46;48.92;Bueno;120.49;Regular
2025-08-27;04:00;23;18.46;24.46;48.92;Bueno;120.49;Regular
2025-08-27;05:00;21;19.17;24.46;48.92;Bueno;120.49;Regular
2025-08-27;06:00;21;19.75;24.46;48.92;Bueno;120.49;Regular
2025-08-27;07:00;16;20.04;24.46;48.92;Bueno;120.49;Regular
2025-08-27;08:00;21;20.54;24.46;48.92;Bueno;120.49;Regular
2025-08-27;09:00;33;21.50;24.46;48.92;Bueno;120.49;Regular
2025-08-27;10:00;26;22.17;24.46;48.92;Bueno;120.49;Regular
2025-08-27;11:00;21;22.71;24.46;48.92;Bueno;120.49;Regular
2025-08-27;12:00;24;23.46;24.46;48.92;Bueno;120.49;Regular
2025-08-27;13:00;14;23.83;24.46;48.92;Bueno;120.49;Regular
2025-08-27;14:00;18;24.42;24.46;48.92;Bueno;120.49;Regular
2025-08-27;15:00;17;24.83;24.46;48.92;Bueno;120.49;Regular
2025-08-27;16:00;19;25.21;24.46;48.92;Bueno;120.49;Regular
2025-08-27;17:00;21;25.71;24.46;48.92;Bueno;120.49;Regular
2025-08-27;18:00;25;25.96;24.46;48.92;Bueno;120.49;Regular
2025-08-27;19:00;25;26.04;24.46;48.92;Bueno;120.49;Regular
2025-08-27;20:00;14;25.46;24.46;48.92;Bueno;120.49;Regular
2025-08-27;21:00;24;24.71;24.46;48.92;Bueno;120.49;Regular
2025-08-27;22:00;34;24.83;24.46;48.92;Bueno;120.49;Regular
2025-08-27;23:00;33;24.46;24.46;48.92;Bueno;120.49;Regular
2025-08-28;00:00;34;24.38;19.12;38.25;Bueno;108.92;Regular
2025-08-28;01:00;34;24.17;19.12;38.25;Bueno;108.92;Regular
2025-08-28;02:00;23;23.71;19.12;38.25;Bueno;108.92;Regular
2025-08-28;03:00;20;23.38;19.12;38.25;Bueno;108.92;Regular
2025-08-28;04:00;24;23.42;19.12;38.25;Bueno;108.92;Regular
2025-08-28;05:00;17;23.25;19.12;38.25;Bueno;108.92;Regular
2025-08-28;06:00;12;22.88;19.12;38.25;Bueno;108.92;Regular
2025-08-28;07:00;10;22.62;19.12;38.25;Bueno;108.92;Regular
2025-08-28;08:00;9;22.12;19.12;38.25;Bueno;108.92;Regular
2025-08-28;09:00;15;21.38;19.12;38.25;Bueno;108.92;Regular
2025-08-28;10:00;18;21.04;19.12;38.25;Bueno;108.92;Regular
2025-08-28;11:00;14;20.75;19.12;38.25;Bueno;108.92;Regular
2025-08-28;12:00;15;20.38;19.12;38.25;Bueno;108.92;Regular
2025-08-28;13:00;15;20.42;19.12;38.25;Bueno;108.92;Regular
2025-08-28;14:00;18;20.42;19.12;38.25;Bueno;108.92;Regular
2025-08-28;15:00;15;20.33;19.12;38.25;Bueno;108.92;Regular
2025-08-28;16:00;14;20.12;19.12;38.25;Bueno;108.92;Regular
2025-08-28;17:00;19;20.04;19.12;38.25;Bueno;108.92;Regular
2025-08-28;18:00;21;19.88;19.12;38.25;Bueno;108.92;Regular
2025-08-28;19:00;22;19.75;19.12;38.25;Bueno;108.92;Regular
2025-08-28;20:00;32;20.50;19.12;38.25;Bueno;108.92;Regular
2025-08-28;21:00;20;20.33;19.12;38.25;Bueno;108.92;Regular
2025-08-28;22:00;19;19.71;19.12;38.25;Bueno;108.92;Regular
2025-08-28;23:00;19;19.12;19.12;38.25;Bueno;108.92;Regular
2025-08-29;00:00;;18.48;20.81;41.62;Bueno;112.57;Regular
2025-08-29;01:00;14;17.61;20.81;41.62;Bueno;112.57;Regular
2025-08-29;02:00;12;17.13;20.81;41.62;Bueno;112.57;Regular
2025-08-29;03:00;12;16.78;20.81;41.62;Bueno;112.57;Regular
2025-08-29;04:00;14;16.35;20.81;41.62;Bueno;112.57;Regular
2025-08-29;05:00;14;16.22;20.81;41.62;Bueno;112.57;Regular
2025-08-29;06:00;21;16.61;20.81;41.62;Bueno;112.57;Regular
2025-08-29;07:00;19;17.00;20.81;41.62;Bueno;112.57;Regular
2025-08-29;08:00;20;17.48;20.81;41.62;Bueno;112.57;Regular
2025-08-29;09:00;27;18.00;20.81;41.62;Bueno;112.57;Regular
2025-08-29;10:00;28;18.43;20.81;41.62;Bueno;112.57;Regular
2025-08-29;11:00;20;18.70;20.81;41.62;Bueno;112.57;Regular
2025-08-29;12:00;24;19.09;20.81;41.62;Bueno;112.57;Regular
2025-08-29;13:00;;19.27;20.81;41.62;Bueno;112.57;Regular
2025-08-29;14:00;;19.33;20.81;41.62;Bueno;112.57;Regular
2025-08-29;15:00;17;19.43;20.81;41.62;Bueno;112.57;Regular
2025-08-29;16:00;14;19.43;20.81;41.62;Bueno;112.57;Regular
2025-08-29;17:00;12;19.10;20.81;41.62;Bueno;112.57;Regular
2025-08-29;18:00;17;18.90;20.81;41.62;Bueno;112.57;Regular
2025-08-29;19:00;16;18.62;20.81;41.62;Bueno;112.57;Regular
2025-08-29;20:00;30;18.52;20.81;41.62;Bueno;112.57;Regular
2025-08-29;21:00;34;19.19;20.81;41.62;Bueno;112.57;Regular
2025-08-29;22:00;35;19.95;20.81;41.62;Bueno;112.57;Regular
2025-08-29;23:00;37;20.81;20.81;41.62;Bueno;112.57;Regular
2025-08-30;00:00;29;21.18;20.17;40.33;Bueno;111.18;Regular
2025-08-30;01:00;26;21.73;20.17;40.33;Bueno;111.18;Regular
2025-08-30;02:00;25;22.32;20.17;40.33;Bueno;111.18;Regular
2025-08-30;03:00;29;23.09;20.17;40.33;Bueno;111.18;Regular
2025-08-30;04:00;29;23.77;20.17;40.33;Bueno;111.18;Regular
2025-08-30;05:00;26;24.32;20.17;40.33;Bueno;111.18;Regular
2025-08-30;06:00;22;24.36;20.17;40.33;Bueno;111.18;Regular
2025-08-30;07:00;17;24.27;20.17;40.33;Bueno;111.18;Regular
2025-08-30;08:00;33;24.86;20.17;40.33;Bueno;111.18;Regular
2025-08-30;09:00;28;24.91;20.17;40.33;Bueno;111.18;Regular
2025-08-30;10:00;20;24.55;20.17;40.33;Bueno;111.18;Regular
2025-08-30;11:00;11;24.14;20.17;40.33;Bueno;111.18;Regular
2025-08-30;12:00;12;23.59;20.17;40.33;Bueno;111.18;Regular
2025-08-30;13:00;10;23.00;20.17;40.33;Bueno;111.18;Regular
2025-08-30;14:00;7;22.33;20.17;40.33;Bueno;111.18;Regular
2025-08-30;15:00;6;21.88;20.17;40.33;Bueno;111.18;Regular
2025-08-30;16:00;19;22.08;20.17;40.33;Bueno;111.18;Regular
2025-08-30;17:00;17;22.29;20.17;40.33;Bueno;111.18;Regular
2025-08-30;18:00;15;22.21;20.17;40.33;Bueno;111.18;Regular
2025-08-30;19:00;20;22.38;20.17;40.33;Bueno;111.18;Regular
2025-08-30;20:00;24;22.12;20.17;40.33;Bueno;111.18;Regular
2025-08-30;21:00;21;21.58;20.17;40.33;Bueno;111.18;Regular
2025-08-30;22:00;17;20.83;20.17;40.33;Bueno;111.18;Regular
2025-08-30;23:00;21;20.17;20.17;40.33;Bueno;111.18;Regular
2025-08-31;00:00;23;19.92;22.62;45.25;Bueno;116.51;Regular
2025-08-31;01:00;14;19.42;22.62;45.25;Bueno;116.51;Regular
2025-08-31;02:00;14;18.96;22.62;45.25;Bueno;116.51;Regular
2025-08-31;03:00;21;18.62;22.62;45.25;Bueno;116.51;Regular
2025-08-31;04:00;24;18.42;22.62;45.25;Bueno;116.51;Regular
2025-08-31;05:00;27;18.46;22.62;45.25;Bueno;116.51;Regular
2025-08-31;06:00;21;18.42;22.62;45.25;Bueno;116.51;Regular
2025-08-31;07:00;20;18.54;22.62;45.25;Bueno;116.51;Regular
2025-08-31;08:00;19;17.96;22.62;45.25;Bueno;116.51;Regular
2025-08-31;09:00;24;17.79;22.62;45.25;Bueno;116.51;Regular
2025-08-31;10:00;21;17.83;22.62;45.25;Bueno;116.51;Regular
2025-08-31;11:00;21;18.25;22.62;45.25;Bueno;116.51;Regular
2025-08-31;12:00;17;18.46;22.62;45.25;Bueno;116.51;Regular
2025-08-31;13:00;31;19.33;22.62;45.25;Bueno;116.51;Regular
2025-08-31;14:00;20;19.88;22.62;45.25;Bueno;116.51;Regular
2025-08-31;15:00;15;20.25;22.62;45.25;Bueno;116.51;Regular
2025-08-31;16:00;17;20.17;22.62;45.25;Bueno;116.51;Regular
2025-08-31;17:00;20;20.29;22.62;45.25;Bueno;116.51;Regular
2025-08-31;18:00;22;20.58;22.62;45.25;Bueno;116.51;Regular
2025-08-31;19:00;25;20.79;22.62;45.25;Bueno;116.51;Regular
2025-08-31;20:00;33;21.17;22.62;45.25;Bueno;116.51;Regular
2025-08-31;21:00;34;21.71;22.62;45.25;Bueno;116.51;Regular
2025-08-31;22:00;30;22.25;22.62;45.25;Bueno;116.51;Regular
2025-08-31;23:00;30;22.62;22.62;45.25;Bueno;116.51;Regular
2025-09-01;00:00;33;23.04;15.57;31.13;Bueno;101.22;Regular
2025-09-01;01:00;33;23.83;15.57;31.13;Bueno;101.22;Regular
2025-09-01;02:00;29;24.46;15.57;31.13;Bueno;101.22;Regular
2025-09-01;03:00;28;24.75;15.57;31.13;Bueno;101.22;Regular
2025-09-01;04:00;21;24.62;15.57;31.13;Bueno;101.22;Regular
2025-09-01;05:00;14;24.08;15.57;31.13;Bueno;101.22;Regular
2025-09-01;06:00;25;24.25;15.57;31.13;Bueno;101.22;Regular
2025-09-01;07:00;7;23.71;15.57;31.13;Bueno;101.22;Regular
2025-09-01;08:00;9;23.29;15.57;31.13;Bueno;101.22;Regular
2025-09-01;09:00;10;22.71;15.57;31.13;Bueno;101.22;Regular
2025-09-01;10:00;9;22.21;15.57;31.13;Bueno;101.22;Regular
2025-09-01;11:00;9;21.71;15.57;31.13;Bueno;101.22;Regular
2025-09-01;12:00;7;21.29;15.57;31.13;Bueno;101.22;Regular
2025-09-01;13:00;;20.87;15.57;31.13;Bueno;101.22;Regular
2025-09-01;14:00;5;20.22;15.57;31.13;Bueno;101.22;Regular
2025-09-01;15:00;5;19.78;15.57;31.13;Bueno;101.22;Regular
2025-09-01;16:00;7;19.35;15.57;31.13;Bueno;101.22;Regular
2025-09-01;17:00;9;18.87;15.57;31.13;Bueno;101.22;Regular
2025-09-01;18:00;12;18.43;15.57;31.13;Bueno;101.22;Regular
2025-09-01;19:00;19;18.17;15.57;31.13;Bueno;101.22;Regular
2025-09-01;20:00;19;17.57;15.57;31.13;Bueno;101.22;Regular
2025-09-01;21:00;28;17.30;15.57;31.13;Bueno;101.22;Regular
2025-09-01;22:00;19;16.83;15.57;31.13;Bueno;101.22;Regular
2025-09-01;23:00;1;15.57;15.57;31.13;Bueno;101.22;Regular
2025-09-02;00:00;3;14.26;5.00;10.00;Bueno;33.33;Bueno
2025-09-02;01:00;2;12.91;5.00;10.00;Bueno;33.33;Bueno
2025-09-02;02:00;1;11.70;5.00;10.00;Bueno;33.33;Bueno
2025-09-02;03:00;4;10.65;5.00;10.00;Bueno;33.33;Bueno
2025-09-02;04:00;6;10.00;5.00;10.00;Bueno;33.33;Bueno
2025-09-02;05:00;6;9.65;5.00;10.00;Bueno;33.33;Bueno
2025-09-02;06:00;2;8.65;5.00;10.00;Bueno;33.33;Bueno
2025-09-02;07:00;5;8.57;5.00;10.00;Bueno;33.33;Bueno
2025-09-02;08:00;6;8.43;5.00;10.00;Bueno;33.33;Bueno
2025-09-02;09:00;1;8.04;5.00;10.00;Bueno;33.33;Bueno
2025-09-02;10:00;1;7.70;5.00;10.00;Bueno;33.33;Bueno
2025-09-02;11:00;1;7.35;5.00;10.00;Bueno;33.33;Bueno
2025-09-02;12:00;1;7.09;5.00;10.00;Bueno;33.33;Bueno
2025-09-02;13:00;1;6.83;5.00;10.00;Bueno;33.33;Bueno
2025-09-02;14:00;3;6.75;5.00;10.00;Bueno;33.33;Bueno
2025-09-02;15:00;1;6.58;5.00;10.00;Bueno;33.33;Bueno
2025-09-02;16:00;1;6.33;5.00;10.00;Bueno;33.33;Bueno
2025-09-02;17:00;3;6.08;5.00;10.00;Bueno;33.33;Bueno
2025-09-02;18:00;8;5.92;5.00;10.00;Bueno;33.33;Bueno
2025-09-02;19:00;12;5.62;5.00;10.00;Bueno;33.33;Bueno
2025-09-02;20:00;20;5.67;5.00;10.00;Bueno;33.33;Bueno
2025-09-02;21:00;10;4.92;5.00;10.00;Bueno;33.33;Bueno
2025-09-02;22:00;10;4.54;5.00;10.00;Bueno;33.33;Bueno
2025-09-02;23:00;12;5.00;5.00;10.00;Bueno;33.33;Bueno
2025-09-03;00:00;11;5.33;6.67;13.33;Bueno;44.44;Bueno
2025-09-03;01:00;9;5.62;6.67;13.33;Bueno;44.44;Bueno
2025-09-03;02:00;7;5.88;6.67;13.33;Bueno;44.44;Bueno
2025-09-03;03:00;8;6.04;6.67;13.33;Bueno;44.44;Bueno
2025-09-03;04:00;12;6.29;6.67;13.33;Bueno;44.44;Bueno
2025-09-03;05:00;10;6.46;6.67;13.33;Bueno;44.44;Bueno
2025-09-03;06:00;9;6.75;6.67;13.33;Bueno;44.44;Bueno
2025-09-03;07:00;15;7.17;6.67;13.33;Bueno;44.44;Bueno
2025-09-03;08:00;11;7.38;6.67;13.33;Bueno;44.44;Bueno
2025-09-03;09:00;9;7.71;6.67;13.33;Bueno;44.44;Bueno
2025-09-03;10:00;5;7.88;6.67;13.33;Bueno;44.44;Bueno
2025-09-03;11:00;4;8.00;6.67;13.33;Bueno;44.44;Bueno
2025-09-03;12:00;2;8.04;6.67;13.33;Bueno;44.44;Bueno
2025-09-03;13:00;2;8.08;6.67;13.33;Bueno;44.44;Bueno
2025-09-03;14:00;3;8.08;6.67;13.33;Bueno;44.44;Bueno
2025-09-03;15:00;1;8.08;6.67;13.33;Bueno;44.44;Bueno
2025-09-03;16:00;1;8.08;6.67;13.33;Bueno;44.44;Bueno
2025-09-03;17:00;3;8.08;6.67;13.33;Bueno;44.44;Bueno
2025-09-03;18:00;2;7.83;6.67;13.33;Bueno;44.44;Bueno
2025-09-03;19:00;3;7.46;6.67;13.33;Bueno;44.44;Bueno
2025-09-03;20:00;8;6.96;6.67;13.33;Bueno;44.44;Bueno
2025-09-03;21:00;8;6.88;6.67;13.33;Bueno;44.44;Bueno
2025-09-03;22:00;8;6.79;6.67;13.33;Bueno;44.44;Bueno
2025-09-03;23:00;9;6.67;6.67;13.33;Bueno;44.44;Bueno
2025-09-04;00:00;;6.48;13.91;27.83;Bueno;92.75;Bueno
2025-09-04;01:00;6;6.35;13.91;27.83;Bueno;92.75;Bueno
2025-09-04;02:00;4;6.22;13.91;27.83;Bueno;92.75;Bueno
2025-09-04;03:00;6;6.13;13.91;27.83;Bueno;92.75;Bueno
2025-09-04;04:00;7;5.91;13.91;27.83;Bueno;92.75;Bueno
2025-09-04;05:00;7;5.78;13.91;27.83;Bueno;92.75;Bueno
2025-09-04;06:00;6;5.65;13.91;27.83;Bueno;92.75;Bueno
2025-09-04;07:00;15;5.65;13.91;27.83;Bueno;92.75;Bueno
2025-09-04;08:00;5;5.39;13.91;27.83;Bueno;92.75;Bueno
2025-09-04;09:00;7;5.30;13.91;27.83;Bueno;92.75;Bueno
2025-09-04;10:00;5;5.30;13.91;27.83;Bueno;92.75;Bueno
2025-09-04;11:00;4;5.30;13.91;27.83;Bueno;92.75;Bueno
2025-09-04;12:00;7;5.52;13.91;27.83;Bueno;92.75;Bueno
2025-09-04;13:00;7;5.74;13.91;27.83;Bueno;92.75;Bueno
2025-09-04;14:00;5;5.83;13.91;27.83;Bueno;92.75;Bueno
2025-09-04;15:00;6;6.04;13.91;27.83;Bueno;92.75;Bueno
2025-09-04;16:00;9;6.39;13.91;27.83;Bueno;92.75;Bueno
2025-09-04;17:00;7;6.57;13.91;27.83;Bueno;92.75;Bueno
2025-09-04;18:00;10;6.91;13.91;27.83;Bueno;92.75;Bueno
2025-09-04;19:00;23;7.78;13.91;27.83;Bueno;92.75;Bueno
2025-09-04;20:00;50;9.61;13.91;27.83;Bueno;92.75;Bueno
2025-09-04;21:00;44;11.17;13.91;27.83;Bueno;92.75;Bueno
2025-09-04;22:00;41;12.61;13.91;27.83;Bueno;92.75;Bueno
2025-09-04;23:00;39;13.91;13.91;27.83;Bueno;92.75;Bueno
2025-09-05;00:00;28;14.50;22.67;45.33;Bueno;116.60;Regular
2025-09-05;01:00;33;15.62;22.67;45.33;Bueno;116.60;Regular
2025-09-05;02:00;29;16.67;22.67;45.33;Bueno;116.60;Regular
2025-09-05;03:00;27;17.54;22.67;45.33;Bueno;116.60;Regular
2025-09-05;04:00;25;18.29;22.67;45.33;Bueno;116.60;Regular
2025-09-05;05:00;24;19.00;22.67;45.33;Bueno;116.60;Regular
2025-09-05;06:00;23;19.71;22.67;45.33;Bueno;116.60;Regular
2025-09-05;07:00;27;20.21;22.67;45.33;Bueno;116.60;Regular
2025-09-05;08:00;25;21.04;22.67;45.33;Bueno;116.60;Regular
2025-09-05;09:00;20;21.58;22.67;45.33;Bueno;116.60;Regular
2025-09-05;10:00;32;22.71;22.67;45.33;Bueno;116.60;Regular
2025-09-05;11:00;17;23.25;22.67;45.33;Bueno;116.60;Regular
2025-09-05;12:00;12;23.46;22.67;45.33;Bueno;116.60;Regular
2025-09-05;13:00;12;23.67;22.67;45.33;Bueno;116.60;Regular
2025-09-05;14:00;12;23.96;22.67;45.33;Bueno;116.60;Regular
2025-09-05;15:00;13;24.25;22.67;45.33;Bueno;116.60;Regular
2025-09-05;16:00;11;24.33;22.67;45.33;Bueno;116.60;Regular
2025-09-05;17:00;8;24.38;22.67;45.33;Bueno;116.60;Regular
2025-09-05;18:00;19;24.75;22.67;45.33;Bueno;116.60;Regular
2025-09-05;19:00;29;25.00;22.67;45.33;Bueno;116.60;Regular
2025-09-05;20:00;44;24.75;22.67;45.33;Bueno;116.60;Regular
2025-09-05;21:00;21;23.79;22.67;45.33;Bueno;116.60;Regular
2025-09-05;22:00;25;23.12;22.67;45.33;Bueno;116.60;Regular
2025-09-05;23:00;28;22.67;22.67;45.33;Bueno;116.60;Regular
2025-09-06;00:00;44;23.33;16.75;33.50;Bueno;103.78;Regular
2025-09-06;01:00;39;23.58;16.75;33.50;Bueno;103.78;Regular
2025-09-06;02:00;31;23.67;16.75;33.50;Bueno;103.78;Regular
2025-09-06;03:00;29;23.75;16.75;33.50;Bueno;103.78;Regular
2025-09-06;04:00;25;23.75;16.75;33.50;Bueno;103.78;Regular
2025-09-06;05:00;17;23.46;16.75;33.50;Bueno;103.78;Regular
2025-09-06;06:00;13;23.04;16.75;33.50;Bueno;103.78;Regular
2025-09-06;07:00;12;22.42;16.75;33.50;Bueno;103.78;Regular
2025-09-06;08:00;15;22.00;16.75;33.50;Bueno;103.78;Regular
2025-09-06;09:00;20;22.00;16.75;33.50;Bueno;103.78;Regular
2025-09-06;10:00;14;21.25;16.75;33.50;Bueno;103.78;Regular
2025-09-06;11:00;13;21.08;16.75;33.50;Bueno;103.78;Regular
2025-09-06;12:00;11;21.04;16.75;33.50;Bueno;103.78;Regular
2025-09-06;13:00;10;20.96;16.75;33.50;Bueno;103.78;Regular
2025-09-06;14:00;8;20.79;16.75;33.50;Bueno;103.78;Regular
2025-09-06;15:00;3;20.38;16.75;33.50;Bueno;103.78;Regular
2025-09-06;16:00;4;20.08;16.75;33.50;Bueno;103.78;Regular
2025-09-06;17:00;6;20.00;16.75;33.50;Bueno;103.78;Regular
2025-09-06;18:00;8;19.54;16.75;33.50;Bueno;103.78;Regular
2025-09-06;19:00;12;18.83;16.75;33.50;Bueno;103.78;Regular
2025-09-06;20:00;14;17.58;16.75;33.50;Bueno;103.78;Regular
2025-09-06;21:00;14;17.29;16.75;33.50;Bueno;103.78;Regular
2025-09-06;22:00;14;16.83;16.75;33.50;Bueno;103.78;Regular
2025-09-06;23:00;26;16.75;16.75;33.50;Bueno;103.78;Regular
2025-09-07;00:00;16;15.58;8.21;16.42;Bueno;54.72;Bueno
2025-09-07;01:00;14;14.54;8.21;16.42;Bueno;54.72;Bueno
2025-09-07;02:00;12;13.75;8.21;16.42;Bueno;54.72;Bueno
2025-09-07;03:00;11;13.00;8.21;16.42;Bueno;54.72;Bueno
2025-09-07;04:00;12;12.46;8.21;16.42;Bueno;54.72;Bueno
2025-09-07;05:00;16;12.42;8.21;16.42;Bueno;54.72;Bueno
2025-09-07;06:00;12;12.38;8.21;16.42;Bueno;54.72;Bueno
2025-09-07;07:00;12;12.38;8.21;16.42;Bueno;54.72;Bueno
2025-09-07;08:00;13;12.29;8.21;16.42;Bueno;54.72;Bueno
2025-09-07;09:00;16;12.12;8.21;16.42;Bueno;54.72;Bueno
2025-09-07;10:00;8;11.88;8.21;16.42;Bueno;54.72;Bueno
2025-09-07;11:00;6;11.58;8.21;16.42;Bueno;54.72;Bueno
2025-09-07;12:00;2;11.21;8.21;16.42;Bueno;54.72;Bueno
2025-09-07;13:00;4;10.96;8.21;16.42;Bueno;54.72;Bueno
2025-09-07;14:00;1;10.67;8.21;16.42;Bueno;54.72;Bueno
2025-09-07;15:00;1;10.58;8.21;16.42;Bueno;54.72;Bueno
2025-09-07;16:00;3;10.54;8.21;16.42;Bueno;54.72;Bueno
2025-09-07;17:00;3;10.42;8.21;16.42;Bueno;54.72;Bueno
2025-09-07;18:00;3;10.21;8.21;16.42;Bueno;54.72;Bueno
2025-09-07;19:00;8;10.04;8.21;16.42;Bueno;54.72;Bueno
2025-09-07;20:00;9;9.83;8.21;16.42;Bueno;54.72;Bueno
2025-09-07;21:00;6;9.50;8.21;16.42;Bueno;54.72;Bueno
2025-09-07;22:00;3;9.04;8.21;16.42;Bueno;54.72;Bueno
2025-09-07;23:00;6;8.21;8.21;16.42;Bueno;54.72;Bueno
2025-09-08;00:00;10;7.96;6.65;13.30;Bueno;44.35;Bueno
2025-09-08;01:00;9;7.75;6.65;13.30;Bueno;44.35;Bueno
2025-09-08;02:00;7;7.54;6.65;13.30;Bueno;44.35;Bueno
2025-09-08;03:00;4;7.25;6.65;13.30;Bueno;44.35;Bueno
2025-09-08;04:00;7;7.04;6.65;13.30;Bueno;44.35;Bueno
2025-09-08;05:00;9;6.75;6.65;13.30;Bueno;44.35;Bueno
2025-09-08;06:00;9;6.62;6.65;13.30;Bueno;44.35;Bueno
2025-09-08;07:00;12;6.62;6.65;13.30;Bueno;44.35;Bueno
2025-09-08;08:00;26;7.17;6.65;13.30;Bueno;44.35;Bueno
2025-09-08;09:00;9;6.88;6.65;13.30;Bueno;44.35;Bueno
2025-09-08;10:00;6;6.79;6.65;13.30;Bueno;44.35;Bueno
2025-09-08;11:00;3;6.67;6.65;13.30;Bueno;44.35;Bueno
2025-09-08;12:00;1;6.62;6.65;13.30;Bueno;44.35;Bueno
2025-09-08;13:00;;6.74;6.65;13.30;Bueno;44.35;Bueno
2025-09-08;14:00;2;6.78;6.65;13.30;Bueno;44.35;Bueno
2025-09-08;15:00;4;6.91;6.65;13.30;Bueno;44.35;Bueno
2025-09-08;16:00;1;6.83;6.65;13.30;Bueno;44.35;Bueno
2025-09-08;17:00;1;6.74;6.65;13.30;Bueno;44.35;Bueno
2025-09-08;18:00;4;6.78;6.65;13.30;Bueno;44.35;Bueno
2025-09-08;19:00;6;6.70;6.65;13.30;Bueno;44.35;Bueno
2025-09-08;20:00;5;6.52;6.65;13.30;Bueno;44.35;Bueno
2025-09-08;21:00;3;6.39;6.65;13.30;Bueno;44.35;Bueno
2025-09-08;22:00;6;6.52;6.65;13.30;Bueno;44.35;Bueno
2025-09-08;23:00;9;6.65;6.65;13.30;Bueno;44.35;Bueno
2025-09-09;00:00;6;6.48;4.96;9.92;Bueno;33.06;Bueno
2025-09-09;01:00;4;6.26;4.96;9.92;Bueno;33.06;Bueno
2025-09-09;02:00;5;6.17;4.96;9.92;Bueno;33.06;Bueno
2025-09-09;03:00;6;6.26;4.96;9.92;Bueno;33.06;Bueno
2025-09-09;04:00;6;6.22;4.96;9.92;Bueno;33.06;Bueno
2025-09-09;05:00;7;6.13;4.96;9.92;Bueno;33.06;Bueno
2025-09-09;06:00;8;6.09;4.96;9.92;Bueno;33.06;Bueno
2025-09-09;07:00;8;5.91;4.96;9.92;Bueno;33.06;Bueno
2025-09-09;08:00;17;5.52;4.96;9.92;Bueno;33.06;Bueno
2025-09-09;09:00;10;5.57;4.96;9.92;Bueno;33.06;Bueno
2025-09-09;10:00;7;5.61;4.96;9.92;Bueno;33.06;Bueno
2025-09-09;11:00;5;5.70;4.96;9.92;Bueno;33.06;Bueno
2025-09-09;12:00;3;5.78;4.96;9.92;Bueno;33.06;Bueno
2025-09-09;13:00;1;5.58;4.96;9.92;Bueno;33.06;Bueno
2025-09-09;14:00;1;5.54;4.96;9.92;Bueno;33.06;Bueno
2025-09-09;15:00;1;5.42;4.96;9.92;Bueno;33.06;Bueno
2025-09-09;16:00;1;5.42;4.96;9.92;Bueno;33.06;Bueno
2025-09-09;17:00;1;5.42;4.96;9.92;Bueno;33.06;Bueno
2025-09-09;18:00;1;5.29;4.96;9.92;Bueno;33.06;Bueno
2025-09-09;19:00;4;5.21;4.96;9.92;Bueno;33.06;Bueno
2025-09-09;20:00;5;5.21;4.96;9.92;Bueno;33.06;Bueno
2025-09-09;21:00;5;5.29;4.96;9.92;Bueno;33.06;Bueno
2025-09-09;22:00;4;5.21;4.96;9.92;Bueno;33.06;Bueno
2025-09-09;23:00;3;4.96;4.96;9.92;Bueno;33.06;Bueno
2025-09-10;00:00;1;4.75;16.54;33.08;Bueno;103.33;Regular
2025-09-10;01:00;2;4.67;16.54;33.08;Bueno;103.33;Regular
2025-09-10;02:00;1;4.50;16.54;33.08;Bueno;103.33;Regular
2025-09-10;03:00;1;4.29;16.54;33.08;Bueno;103.33;Regular
2025-09-10;04:00;1;4.08;16.54;33.08;Bueno;103.33;Regular
2025-09-10;05:00;2;3.88;16.54;33.08;Bueno;103.33;Regular
2025-09-10;06:00;4;3.71;16.54;33.08;Bueno;103.33;Regular
2025-09-10;07:00;6;3.62;16.54;33.08;Bueno;103.33;Regular
2025-09-10;08:00;23;3.88;16.54;33.08;Bueno;103.33;Regular
2025-09-10;09:00;28;4.62;16.54;33.08;Bueno;103.33;Regular
2025-09-10;10:00;40;6.00;16.54;33.08;Bueno;103.33;Regular
2025-09-10;11:00;61;8.33;16.54;33.08;Bueno;103.33;Regular
2025-09-10;12:00;75;11.33;16.54;33.08;Bueno;103.33;Regular
2025-09-10;13:00;25;12.33;16.54;33.08;Bueno;103.33;Regular
2025-09-10;14:00;25;13.33;16.54;33.08;Bueno;103.33;Regular
2025-09-10;15:00;13;13.83;16.54;33.08;Bueno;103.33;Regular
2025-09-10;16:00;30;15.04;16.54;33.08;Bueno;103.33;Regular
2025-09-10;17:00;4;15.17;16.54;33.08;Bueno;103.33;Regular
2025-09-10;18:00;7;15.42;16.54;33.08;Bueno;103.33;Regular
2025-09-10;19:00;12;15.75;16.54;33.08;Bueno;103.33;Regular
2025-09-10;20:00;12;16.04;16.54;33.08;Bueno;103.33;Regular
2025-09-10;21:00;9;16.21;16.54;33.08;Bueno;103.33;Regular
2025-09-10;22:00;8;16.38;16.54;33.08;Bueno;103.33;Regular
2025-09-10;23:00;7;16.54;16.54;33.08;Bueno;103.33;Regular
2025-09-11;00:00;9;16.88;16.33;32.67;Bueno;102.88;Regular
2025-09-11;01:00;12;17.29;16.33;32.67;Bueno;102.88;Regular
2025-09-11;02:00;9;17.62;16.33;32.67;Bueno;102.88;Regular
2025-09-11;03:00;8;17.92;16.33;32.67;Bueno;102.88;Regular
2025-09-11;04:00;10;18.29;16.33;32.67;Bueno;102.88;Regular
2025-09-11;05:00;9;18.58;16.33;32.67;Bueno;102.88;Regular
2025-09-11;06:00;9;18.79;16.33;32.67;Bueno;102.88;Regular
2025-09-11;07:00;19;19.33;16.33;32.67;Bueno;102.88;Regular
2025-09-11;08:00;16;19.04;16.33;32.67;Bueno;102.88;Regular
2025-09-11;09:00;14;18.46;16.33;32.67;Bueno;102.88;Regular
2025-09-11;10:00;17;17.50;16.33;32.67;Bueno;102.88;Regular
2025-09-11;11:00;13;15.50;16.33;32.67;Bueno;102.88;Regular
2025-09-11;12:00;14;12.96;16.33;32.67;Bueno;102.88;Regular
2025-09-11;13:00;14;12.50;16.33;32.67;Bueno;102.88;Regular
2025-09-11;14:00;14;12.04;16.33;32.67;Bueno;102.88;Regular
2025-09-11;15:00;12;12.00;16.33;32.67;Bueno;102.88;Regular
2025-09-11;16:00;9;11.12;16.33;32.67;Bueno;102.88;Regular
2025-09-11;17:00;3;11.08;16.33;32.67;Bueno;102.88;Regular
2025-09-11;18:00;4;10.96;16.33;32.67;Bueno;102.88;Regular
2025-09-11;19:00;11;10.92;16.33;32.67;Bueno;102.88;Regular
2025-09-11;20:00;47;12.38;16.33;32.67;Bueno;102.88;Regular
2025-09-11;21:00;61;14.54;16.33;32.67;Bueno;102.88;Regular
2025-09-11;22:00;27;15.33;16.33;32.67;Bueno;102.88;Regular
2025-09-11;23:00;31;16.33;16.33;32.67;Bueno;102.88;Regular
2025-09-12;00:00;28;17.12;17.83;35.67;Bueno;106.12;Regular
2025-09-12;01:00;24;17.62;17.83;35.67;Bueno;106.12;Regular
2025-09-12;02:00;23;18.21;17.83;35.67;Bueno;106.12;Regular
2025-09-12;03:00;25;18.92;17.83;35.67;Bueno;106.12;Regular
2025-09-12;04:00;25;19.54;17.83;35.67;Bueno;106.12;Regular
2025-09-12;05:00;25;20.21;17.83;35.67;Bueno;106.12;Regular
2025-09-12;06:00;24;20.83;17.83;35.67;Bueno;106.12;Regular
2025-09-12;07:00;26;21.12;17.83;35.67;Bueno;106.12;Regular
2025-09-12;08:00;35;21.92;17.83;35.67;Bueno;106.12;Regular
2025-09-12;09:00;24;22.33;17.83;35.67;Bueno;106.12;Regular
2025-09-12;10:00;20;22.46;17.83;35.67;Bueno;106.12;Regular
2025-09-12;11:00;24;22.92;17.83;35.67;Bueno;106.12;Regular
2025-09-12;12:00;20;23.17;17.83;35.67;Bueno;106.12;Regular
2025-09-12;13:00;14;23.17;17.83;35.67;Bueno;106.12;Regular
2025-09-12;14:00;9;22.96;17.83;35.67;Bueno;106.12;Regular
2025-09-12;15:00;6;22.71;17.83;35.67;Bueno;106.12;Regular
2025-09-12;16:00;6;22.58;17.83;35.67;Bueno;106.12;Regular
2025-09-12;17:00;17;23.17;17.83;35.67;Bueno;106.12;Regular
2025-09-12;18:00;12;23.50;17.83;35.67;Bueno;106.12;Regular
2025-09-12;19:00;12;23.54;17.83;35.67;Bueno;106.12;Regular
2025-09-12;20:00;12;22.08;17.83;35.67;Bueno;106.12;Regular
2025-09-12;21:00;7;19.83;17.83;35.67;Bueno;106.12;Regular
2025-09-12;22:00;6;18.96;17.83;35.67;Bueno;106.12;Regular
2025-09-12;23:00;4;17.83;17.83;35.67;Bueno;106.12;Regular
2025-09-13;00:00;3;16.79;9.08;18.17;Bueno;60.56;Bueno
2025-09-13;01:00;6;16.04;9.08;18.17;Bueno;60.56;Bueno
2025-09-13;02:00;8;15.42;9.08;18.17;Bueno;60.56;Bueno
2025-09-13;03:00;8;14.71;9.08;18.17;Bueno;60.56;Bueno
2025-09-13;04:00;6;13.92;9.08;18.17;Bueno;60.56;Bueno
2025-09-13;05:00;5;13.08;9.08;18.17;Bueno;60.56;Bueno
2025-09-13;06:00;6;12.33;9.08;18.17;Bueno;60.56;Bueno
2025-09-13;07:00;5;11.46;9.08;18.17;Bueno;60.56;Bueno
2025-09-13;08:00;8;10.33;9.08;18.17;Bueno;60.56;Bueno
2025-09-13;09:00;10;9.75;9.08;18.17;Bueno;60.56;Bueno
2025-09-13;10:00;7;9.21;9.08;18.17;Bueno;60.56;Bueno
2025-09-13;11:00;7;8.50;9.08;18.17;Bueno;60.56;Bueno
2025-09-13;12:00;5;7.88;9.08;18.17;Bueno;60.56;Bueno
2025-09-13;13:00;1;7.33;9.08;18.17;Bueno;60.56;Bueno
2025-09-13;14:00;1;7.00;9.08;18.17;Bueno;60.56;Bueno
2025-09-13;15:00;4;6.92;9.08;18.17;Bueno;60.56;Bueno
2025-09-13;16:00;3;6.79;9.08;18.17;Bueno;60.56;Bueno
2025-09-13;17:00;2;6.17;9.08;18.17;Bueno;60.56;Bueno
2025-09-13;18:00;7;5.96;9.08;18.17;Bueno;60.56;Bueno
2025-09-13;19:00;43;7.25;9.08;18.17;Bueno;60.56;Bueno
2025-09-13;20:00;32;8.08;9.08;18.17;Bueno;60.56;Bueno
2025-09-13;21:00;19;8.58;9.08;18.17;Bueno;60.56;Bueno
2025-09-13;22:00;16;9.00;9.08;18.17;Bueno;60.56;Bueno
2025-09-13;23:00;6;9.08;9.08;18.17;Bueno;60.56;Bueno
2025-09-14;00:00;4;9.12;10.92;21.83;Bueno;72.78;Bueno
2025-09-14;01:00;5;9.08;10.92;21.83;Bueno;72.78;Bueno
2025-09-14;02:00;6;9.00;10.92;21.83;Bueno;72.78;Bueno
2025-09-14;03:00;4;8.83;10.92;21.83;Bueno;72.78;Bueno
2025-09-14;04:00;5;8.79;10.92;21.83;Bueno;72.78;Bueno
2025-09-14;05:00;6;8.83;10.92;21.83;Bueno;72.78;Bueno
2025-09-14;06:00;7;8.88;10.92;21.83;Bueno;72.78;Bueno
2025-09-14;07:00;9;9.04;10.92;21.83;Bueno;72.78;Bueno
2025-09-14;08:00;10;9.12;10.92;21.83;Bueno;72.78;Bueno
2025-09-14;09:00;6;8.96;10.92;21.83;Bueno;72.78;Bueno
2025-09-14;10:00;5;8.88;10.92;21.83;Bueno;72.78;Bueno
2025-09-14;11:00;5;8.79;10.92;21.83;Bueno;72.78;Bueno
2025-09-14;12:00;3;8.71;10.92;21.83;Bueno;72.78;Bueno
2025-09-14;13:00;3;8.79;10.92;21.83;Bueno;72.78;Bueno
2025-09-14;14:00;3;8.88;10.92;21.83;Bueno;72.78;Bueno
2025-09-14;15:00;3;8.83;10.92;21.83;Bueno;72.78;Bueno
2025-09-14;16:00;1;8.75;10.92;21.83;Bueno;72.78;Bueno
2025-09-14;17:00;1;8.71;10.92;21.83;Bueno;72.78;Bueno
2025-09-14;18:00;3;8.54;10.92;21.83;Bueno;72.78;Bueno
2025-09-14;19:00;19;7.54;10.92;21.83;Bueno;72.78;Bueno
2025-09-14;20:00;54;8.46;10.92;21.83;Bueno;72.78;Bueno
2025-09-14;21:00;48;9.67;10.92;21.83;Bueno;72.78;Bueno
2025-09-14;22:00;27;10.12;10.92;21.83;Bueno;72.78;Bueno
2025-09-14;23:00;25;10.92;10.92;21.83;Bueno;72.78;Bueno
2025-09-15;00:00;20;11.58;12.04;24.08;Bueno;80.28;Bueno
2025-09-15;01:00;19;12.17;12.04;24.08;Bueno;80.28;Bueno
2025-09-15;02:00;15;12.54;12.04;24.08;Bueno;80.28;Bueno
2025-09-15;03:00;12;12.88;12.04;24.08;Bueno;80.28;Bueno
2025-09-15;04:00;11;13.12;12.04;24.08;Bueno;80.28;Bueno
2025-09-15;05:00;15;13.50;12.04;24.08;Bueno;80.28;Bueno
2025-09-15;06:00;12;13.71;12.04;24.08;Bueno;80.28;Bueno
2025-09-15;07:00;13;13.88;12.04;24.08;Bueno;80.28;Bueno
2025-09-15;08:00;12;13.96;12.04;24.08;Bueno;80.28;Bueno
2025-09-15;09:00;12;14.21;12.04;24.08;Bueno;80.28;Bueno
2025-09-15;10:00;11;14.46;12.04;24.08;Bueno;80.28;Bueno
2025-09-15;11:00;9;14.62;12.04;24.08;Bueno;80.28;Bueno
2025-09-15;12:00;6;14.75;12.04;24.08;Bueno;80.28;Bueno
2025-09-15;13:00;3;14.75;12.04;24.08;Bueno;80.28;Bueno
2025-09-15;14:00;4;14.79;12.04;24.08;Bueno;80.28;Bueno
2025-09-15;15:00;1;14.71;12.04;24.08;Bueno;80.28;Bueno
2025-09-15;16:00;1;14.71;12.04;24.08;Bueno;80.28;Bueno
2025-09-15;17:00;4;14.83;12.04;24.08;Bueno;80.28;Bueno
2025-09-15;18:00;6;14.96;12.04;24.08;Bueno;80.28;Bueno
2025-09-15;19:00;9;14.54;12.04;24.08;Bueno;80.28;Bueno
2025-09-15;20:00;11;12.75;12.04;24.08;Bueno;80.28;Bueno
2025-09-15;21:00;23;11.71;12.04;24.08;Bueno;80.28;Bueno
2025-09-15;22:00;26;11.67;12.04;24.08;Bueno;80.28;Bueno
2025-09-15;23:00;34;12.04;12.04;24.08;Bueno;80.28;Bueno
2025-09-16;00:00;33;12.58;13.96;27.92;Bueno;93.06;Bueno
2025-09-16;01:00;23;12.75;13.96;27.92;Bueno;93.06;Bueno
2025-09-16;02:00;23;13.08;13.96;27.92;Bueno;93.06;Bueno
2025-09-16;03:00;20;13.42;13.96;27.92;Bueno;93.06;Bueno
2025-09-16;04:00;14;13.54;13.96;27.92;Bueno;93.06;Bueno
2025-09-16;05:00;17;13.62;13.96;27.92;Bueno;93.06;Bueno
2025-09-16;06:00;14;13.71;13.96;27.92;Bueno;93.06;Bueno
2025-09-16;07:00;17;13.88;13.96;27.92;Bueno;93.06;Bueno
2025-09-16;08:00;15;14.00;13.96;27.92;Bueno;93.06;Bueno
2025-09-16;09:00;10;13.92;13.96;27.92;Bueno;93.06;Bueno
2025-09-16;10:00;9;13.83;13.96;27.92;Bueno;93.06;Bueno
2025-09-16;11:00;7;13.75;13.96;27.92;Bueno;93.06;Bueno
2025-09-16;12:00;6;13.75;13.96;27.92;Bueno;93.06;Bueno
2025-09-16;13:00;6;13.88;13.96;27.92;Bueno;93.06;Bueno
2025-09-16;14:00;6;13.96;13.96;27.92;Bueno;93.06;Bueno
2025-09-16;15:00;6;14.17;13.96;27.92;Bueno;93.06;Bueno
2025-09-16;16:00;6;14.38;13.96;27.92;Bueno;93.06;Bueno
2025-09-16;17:00;5;14.42;13.96;27.92;Bueno;93.06;Bueno
2025-09-16;18:00;4;14.33;13.96;27.92;Bueno;93.06;Bueno
2025-09-16;19:00;17;14.67;13.96;27.92;Bueno;93.06;Bueno
2025-09-16;20:00;19;15.00;13.96;27.92;Bueno;93.06;Bueno
2025-09-16;21:00;20;14.88;13.96;27.92;Bueno;93.06;Bueno
2025-09-16;22:00;20;14.62;13.96;27.92;Bueno;93.06;Bueno
2025-09-16;23:00;18;13.96;13.96;27.92;Bueno;93.06;Bueno
2025-09-17;00:00;29;13.79;12.21;24.42;Bueno;81.39;Bueno
2025-09-17;01:00;23;13.79;12.21;24.42;Bueno;81.39;Bueno
2025-09-17;02:00;18;13.58;12.21;24.42;Bueno;81.39;Bueno
2025-09-17;03:00;17;13.46;12.21;24.42;Bueno;81.39;Bueno
2025-09-17;04:00;23;13.83;12.21;24.42;Bueno;81.39;Bueno
2025-09-17;05:00;22;14.04;12.21;24.42;Bueno;81.39;Bueno
2025-09-17;06:00;14;14.04;12.21;24.42;Bueno;81.39;Bueno
2025-09-17;07:00;11;13.79;12.21;24.42;Bueno;81.39;Bueno
2025-09-17;08:00;10;13.58;12.21;24.42;Bueno;81.39;Bueno
2025-09-17;09:00;17;13.88;12.21;24.42;Bueno;81.39;Bueno
2025-09-17;10:00;12;14.00;12.21;24.42;Bueno;81.39;Bueno
2025-09-17;11:00;12;14.21;12.21;24.42;Bueno;81.39;Bueno
2025-09-17;12:00;9;14.33;12.21;24.42;Bueno;81.39;Bueno
2025-09-17;13:00;10;14.50;12.21;24.42;Bueno;81.39;Bueno
2025-09-17;14:00;12;14.75;12.21;24.42;Bueno;81.39;Bueno
2025-09-17;15:00;8;14.83;12.21;24.42;Bueno;81.39;Bueno
2025-09-17;16:00;6;14.83;12.21;24.42;Bueno;81.39;Bueno
2025-09-17;17:00;4;14.79;12.21;24.42;Bueno;81.39;Bueno
2025-09-17;18:00;6;14.88;12.21;24.42;Bueno;81.39;Bueno
2025-09-17;19:00;6;14.42;12.21;24.42;Bueno;81.39;Bueno
2025-09-17;20:00;4;13.79;12.21;24.42;Bueno;81.39;Bueno
2025-09-17;21:00;7;13.25;12.21;24.42;Bueno;81.39;Bueno
2025-09-17;22:00;6;12.67;12.21;24.42;Bueno;81.39;Bueno
2025-09-17;23:00;7;12.21;12.21;24.42;Bueno;81.39;Bueno
2025-09-18;00:00;20;11.83;7.00;14.00;Bueno;46.67;Bueno
2025-09-18;01:00;9;11.25;7.00;14.00;Bueno;46.67;Bueno
2025-09-18;02:00;11;10.96;7.00;14.00;Bueno;46.67;Bueno
2025-09-18;03:00;13;10.79;7.00;14.00;Bueno;46.67;Bueno
2025-09-18;04:00;10;10.25;7.00;14.00;Bueno;46.67;Bueno
2025-09-18;05:00;8;9.67;7.00;14.00;Bueno;46.67;Bueno
2025-09-18;06:00;6;9.33;7.00;14.00;Bueno;46.67;Bueno
2025-09-18;07:00;9;9.25;7.00;14.00;Bueno;46.67;Bueno
2025-09-18;08:00;10;9.25;7.00;14.00;Bueno;46.67;Bueno
2025-09-18;09:00;7;8.83;7.00;14.00;Bueno;46.67;Bueno
2025-09-18;10:00;6;8.58;7.00;14.00;Bueno;46.67;Bueno
2025-09-18;11:00;6;8.33;7.00;14.00;Bueno;46.67;Bueno
2025-09-18;12:00;5;8.17;7.00;14.00;Bueno;46.67;Bueno
2025-09-18;13:00;6;8.00;7.00;14.00;Bueno;46.67;Bueno
2025-09-18;14:00;4;7.67;7.00;14.00;Bueno;46.67;Bueno
2025-09-18;15:00;1;7.38;7.00;14.00;Bueno;46.67;Bueno
2025-09-18;16:00;1;7.17;7.00;14.00;Bueno;46.67;Bueno
2025-09-18;17:00;2;7.08;7.00;14.00;Bueno;46.67;Bueno
2025-09-18;18:00;3;6.96;7.00;14.00;Bueno;46.67;Bueno
2025-09-18;19:00;4;6.88;7.00;14.00;Bueno;46.67;Bueno
2025-09-18;20:00;3;6.83;7.00;14.00;Bueno;46.67;Bueno
2025-09-18;21:00;6;6.79;7.00;14.00;Bueno;46.67;Bueno
2025-09-18;22:00;8;6.88;7.00;14.00;Bueno;46.67;Bueno
2025-09-18;23:00;10;7.00;7.00;14.00;Bueno;46.67;Bueno
2025-09-19;00:00;11;6.62;4.83;9.67;Bueno;32.22;Bueno
2025-09-19;01:00;11;6.71;4.83;9.67;Bueno;32.22;Bueno
2025-09-19;02:00;9;6.62;4.83;9.67;Bueno;32.22;Bueno
2025-09-19;03:00;7;6.38;4.83;9.67;Bueno;32.22;Bueno
2025-09-19;04:00;9;6.33;4.83;9.67;Bueno;32.22;Bueno
2025-09-19;05:00;9;6.38;4.83;9.67;Bueno;32.22;Bueno
2025-09-19;06:00;7;6.42;4.83;9.67;Bueno;32.22;Bueno
2025-09-19;07:00;6;6.29;4.83;9.67;Bueno;32.22;Bueno
2025-09-19;08:00;8;6.21;4.83;9.67;Bueno;32.22;Bueno
2025-09-19;09:00;7;6.21;4.83;9.67;Bueno;32.22;Bueno
2025-09-19;10:00;4;6.12;4.83;9.67;Bueno;32.22;Bueno
2025-09-19;11:00;2;5.96;4.83;9.67;Bueno;32.22;Bueno
2025-09-19;12:00;3;5.88;4.83;9.67;Bueno;32.22;Bueno
2025-09-19;13:00;2;5.71;4.83;9.67;Bueno;32.22;Bueno
2025-09-19;14:00;1;5.58;4.83;9.67;Bueno;32.22;Bueno
2025-09-19;15:00;2;5.62;4.83;9.67;Bueno;32.22;Bueno
2025-09-19;16:00;1;5.62;4.83;9.67;Bueno;32.22;Bueno
2025-09-19;17:00;1;5.58;4.83;9.67;Bueno;32.22;Bueno
2025-09-19;18:00;2;5.54;4.83;9.67;Bueno;32.22;Bueno
2025-09-19;19:00;4;5.54;4.83;9.67;Bueno;32.22;Bueno
2025-09-19;20:00;5;5.62;4.83;9.67;Bueno;32.22;Bueno
2025-09-19;21:00;2;5.46;4.83;9.67;Bueno;32.22;Bueno
2025-09-19;22:00;1;5.17;4.83;9.67;Bueno;32.22;Bueno
2025-09-19;23:00;2;4.83;4.83;9.67;Bueno;32.22;Bueno
2025-09-20;00:00;1;4.42;2.08;4.17;Bueno;13.89;Bueno
2025-09-20;01:00;2;4.04;2.08;4.17;Bueno;13.89;Bueno
2025-09-20;02:00;3;3.79;2.08;4.17;Bueno;13.89;Bueno
2025-09-20;03:00;1;3.54;2.08;4.17;Bueno;13.89;Bueno
2025-09-20;04:00;1;3.21;2.08;4.17;Bueno;13.89;Bueno
2025-09-20;05:00;1;2.88;2.08;4.17;Bueno;13.89;Bueno
2025-09-20;06:00;2;2.67;2.08;4.17;Bueno;13.89;Bueno
2025-09-20;07:00;4;2.58;2.08;4.17;Bueno;13.89;Bueno
2025-09-20;08:00;6;2.50;2.08;4.17;Bueno;13.89;Bueno
2025-09-20;09:00;5;2.42;2.08;4.17;Bueno;13.89;Bueno
2025-09-20;10:00;2;2.33;2.08;4.17;Bueno;13.89;Bueno
2025-09-20;11:00;1;2.29;2.08;4.17;Bueno;13.89;Bueno
2025-09-20;12:00;1;2.21;2.08;4.17;Bueno;13.89;Bueno
2025-09-20;13:00;1;2.17;2.08;4.17;Bueno;13.89;Bueno
2025-09-20;14:00;1;2.17;2.08;4.17;Bueno;13.89;Bueno
2025-09-20;15:00;1;2.12;2.08;4.17;Bueno;13.89;Bueno
2025-09-20;16:00;1;2.12;2.08;4.17;Bueno;13.89;Bueno
2025-09-20;17:00;1;2.12;2.08;4.17;Bueno;13.89;Bueno
2025-09-20;18:00;1;2.08;2.08;4.17;Bueno;13.89;Bueno
2025-09-20;19:00;2;2.00;2.08;4.17;Bueno;13.89;Bueno
2025-09-20;20:00;1;1.83;2.08;4.17;Bueno;13.89;Bueno
2025-09-20;21:00;5;1.96;2.08;4.17;Bueno;13.89;Bueno
2025-09-20;22:00;5;2.12;2.08;4.17;Bueno;13.89;Bueno
2025-09-20;23:00;1;2.08;2.08;4.17;Bueno;13.89;Bueno
2025-09-21;00:00;1;2.08;6.83;13.67;Bueno;45.56;Bueno
2025-09-21;01:00;1;2.04;6.83;13.67;Bueno;45.56;Bueno
2025-09-21;02:00;1;1.96;6.83;13.67;Bueno;45.56;Bueno
2025-09-21;03:00;2;2.00;6.83;13.67;Bueno;45.56;Bueno
2025-09-21;04:00;3;2.08;6.83;13.67;Bueno;45.56;Bueno
2025-09-21;05:00;1;2.08;6.83;13.67;Bueno;45.56;Bueno
2025-09-21;06:00;1;2.04;6.83;13.67;Bueno;45.56;Bueno
2025-09-21;07:00;1;1.92;6.83;13.67;Bueno;45.56;Bueno
2025-09-21;08:00;3;1.79;6.83;13.67;Bueno;45.56;Bueno
2025-09-21;09:00;1;1.62;6.83;13.67;Bueno;45.56;Bueno
2025-09-21;10:00;1;1.58;6.83;13.67;Bueno;45.56;Bueno
2025-09-21;11:00;1;1.58;6.83;13.67;Bueno;45.56;Bueno
2025-09-21;12:00;1;1.58;6.83;13.67;Bueno;45.56;Bueno
2025-09-21;13:00;1;1.58;6.83;13.67;Bueno;45.56;Bueno
2025-09-21;14:00;3;1.67;6.83;13.67;Bueno;45.56;Bueno
2025-09-21;15:00;2;1.71;6.83;13.67;Bueno;45.56;Bueno
2025-09-21;16:00;1;1.71;6.83;13.67;Bueno;45.56;Bueno
2025-09-21;17:00;1;1.71;6.83;13.67;Bueno;45.56;Bueno
2025-09-21;18:00;3;1.79;6.83;13.67;Bueno;45.56;Bueno
2025-09-21;19:00;3;1.83;6.83;13.67;Bueno;45.56;Bueno
2025-09-21;20:00;20;2.62;6.83;13.67;Bueno;45.56;Bueno
2025-09-21;21:00;42;4.17;6.83;13.67;Bueno;45.56;Bueno
2025-09-21;22:00;44;5.79;6.83;13.67;Bueno;45.56;Bueno
2025-09-21;23:00;26;6.83;6.83;13.67;Bueno;45.56;Bueno
2025-09-22;00:00;70;9.71;12.83;25.67;Bueno;85.56;Bueno
2025-09-22;01:00;10;10.08;12.83;25.67;Bueno;85.56;Bueno
2025-09-22;02:00;11;10.50;12.83;25.67;Bueno;85.56;Bueno
2025-09-22;03:00;10;10.83;12.83;25.67;Bueno;85.56;Bueno
2025-09-22;04:00;9;11.08;12.83;25.67;Bueno;85.56;Bueno
2025-09-22;05:00;9;11.42;12.83;25.67;Bueno;85.56;Bueno
2025-09-22;06:00;15;12.00;12.83;25.67;Bueno;85.56;Bueno
2025-09-22;07:00;20;12.79;12.83;25.67;Bueno;85.56;Bueno
2025-09-22;08:00;9;13.04;12.83;25.67;Bueno;85.56;Bueno
2025-09-22;09:00;6;13.25;12.83;25.67;Bueno;85.56;Bueno
2025-09-22;10:00;3;13.33;12.83;25.67;Bueno;85.56;Bueno
2025-09-22;11:00;4;13.46;12.83;25.67;Bueno;85.56;Bueno
2025-09-22;12:00;4;13.58;12.83;25.67;Bueno;85.56;Bueno
2025-09-22;13:00;4;13.71;12.83;25.67;Bueno;85.56;Bueno
2025-09-22;14:00;3;13.71;12.83;25.67;Bueno;85.56;Bueno
2025-09-22;15:00;2;13.71;12.83;25.67;Bueno;85.56;Bueno
2025-09-22;16:00;1;13.71;12.83;25.67;Bueno;85.56;Bueno
2025-09-22;17:00;1;13.71;12.83;25.67;Bueno;85.56;Bueno
2025-09-22;18:00;4;13.75;12.83;25.67;Bueno;85.56;Bueno
2025-09-22;19:00;21;14.50;12.83;25.67;Bueno;85.56;Bueno
2025-09-22;20:00;21;14.54;12.83;25.67;Bueno;85.56;Bueno
2025-09-22;21:00;24;13.79;12.83;25.67;Bueno;85.56;Bueno
2025-09-22;22:00;30;13.21;12.83;25.67;Bueno;85.56;Bueno
2025-09-22;23:00;17;12.83;12.83;25.67;Bueno;85.56;Bueno
2025-09-23;00:00;21;10.79;14.67;29.33;Bueno;97.78;Bueno
2025-09-23;01:00;20;11.21;14.67;29.33;Bueno;97.78;Bueno
2025-09-23;02:00;23;11.71;14.67;29.33;Bueno;97.78;Bueno
2025-09-23;03:00;13;11.83;14.67;29.33;Bueno;97.78;Bueno
2025-09-23;04:00;12;11.96;14.67;29.33;Bueno;97.78;Bueno
2025-09-23;05:00;11;12.04;14.67;29.33;Bueno;97.78;Bueno
2025-09-23;06:00;11;11.88;14.67;29.33;Bueno;97.78;Bueno
2025-09-23;07:00;18;11.79;14.67;29.33;Bueno;97.78;Bueno
2025-09-23;08:00;21;12.29;14.67;29.33;Bueno;97.78;Bueno
2025-09-23;09:00;14;12.62;14.67;29.33;Bueno;97.78;Bueno
2025-09-23;10:00;12;13.00;14.67;29.33;Bueno;97.78;Bueno
2025-09-23;11:00;12;13.33;14.67;29.33;Bueno;97.78;Bueno
2025-09-23;12:00;11;13.62;14.67;29.33;Bueno;97.78;Bueno
2025-09-23;13:00;9;13.83;14.67;29.33;Bueno;97.78;Bueno
2025-09-23;14:00;12;14.21;14.67;29.33;Bueno;97.78;Bueno
2025-09-23;15:00;11;14.58;14.67;29.33;Bueno;97.78;Bueno
2025-09-23;16:00;8;14.88;14.67;29.33;Bueno;97.78;Bueno
2025-09-23;17:00;7;15.12;14.67;29.33;Bueno;97.78;Bueno
2025-09-23;18:00;7;15.25;14.67;29.33;Bueno;97.78;Bueno
2025-09-23;19:00;12;14.88;14.67;29.33;Bueno;97.78;Bueno
2025-09-23;20:00;22;14.92;14.67;29.33;Bueno;97.78;Bueno
2025-09-23;21:00;27;15.04;14.67;29.33;Bueno;97.78;Bueno
2025-09-23;22:00;26;14.88;14.67;29.33;Bueno;97.78;Bueno
2025-09-23;23:00;12;14.67;14.67;29.33;Bueno;97.78;Bueno
2025-09-24;00:00;14;14.38;13.67;27.33;Bueno;91.11;Bueno
2025-09-24;01:00;14;14.12;13.67;27.33;Bueno;91.11;Bueno
2025-09-24;02:00;13;13.71;13.67;27.33;Bueno;91.11;Bueno
2025-09-24;03:00;12;13.67;13.67;27.33;Bueno;91.11;Bueno
2025-09-24;04:00;17;13.88;13.67;27.33;Bueno;91.11;Bueno
2025-09-24;05:00;12;13.92;13.67;27.33;Bueno;91.11;Bueno
2025-09-24;06:00;15;14.08;13.67;27.33;Bueno;91.11;Bueno
2025-09-24;07:00;23;14.29;13.67;27.33;Bueno;91.11;Bueno
2025-09-24;08:00;17;14.12;13.67;27.33;Bueno;91.11;Bueno
2025-09-24;09:00;15;14.17;13.67;27.33;Bueno;91.11;Bueno
2025-09-24;10:00;12;14.17;13.67;27.33;Bueno;91.11;Bueno
2025-09-24;11:00;10;14.08;13.67;27.33;Bueno;91.11;Bueno
2025-09-24;12:00;9;14.00;13.67;27.33;Bueno;91.11;Bueno
2025-09-24;13:00;10;14.04;13.67;27.33;Bueno;91.11;Bueno
2025-09-24;14:00;9;13.92;13.67;27.33;Bueno;91.11;Bueno
2025-09-24;15:00;6;13.71;13.67;27.33;Bueno;91.11;Bueno
2025-09-24;16:00;7;13.67;13.67;27.33;Bueno;91.11;Bueno
2025-09-24;17:00;8;13.71;13.67;27.33;Bueno;91.11;Bueno
2025-09-24;18:00;10;13.83;13.67;27.33;Bueno;91.11;Bueno
2025-09-24;19:00;19;14.12;13.67;27.33;Bueno;91.11;Bueno
2025-09-24;20:00;20;14.04;13.67;27.33;Bueno;91.11;Bueno
2025-09-24;21:00;18;13.67;13.67;27.33;Bueno;91.11;Bueno
2025-09-24;22:00;20;13.42;13.67;27.33;Bueno;91.11;Bueno
2025-09-24;23:00;18;13.67;13.67;27.33;Bueno;91.11;Bueno
2025-09-25;00:00;20;13.92;8.96;17.92;Bueno;59.72;Bueno
2025-09-25;01:00;19;14.12;8.96;17.92;Bueno;59.72;Bueno
2025-09-25;02:00;17;14.29;8.96;17.92;Bueno;59.72;Bueno
2025-09-25;03:00;19;14.58;8.96;17.92;Bueno;59.72;Bueno
2025-09-25;04:00;16;14.54;8.96;17.92;Bueno;59.72;Bueno
2025-09-25;05:00;7;14.33;8.96;17.92;Bueno;59.72;Bueno
2025-09-25;06:00;9;14.08;8.96;17.92;Bueno;59.72;Bueno
2025-09-25;07:00;29;14.33;8.96;17.92;Bueno;59.72;Bueno
2025-09-25;08:00;14;14.21;8.96;17.92;Bueno;59.72;Bueno
2025-09-25;09:00;13;14.12;8.96;17.92;Bueno;59.72;Bueno
2025-09-25;10:00;7;13.92;8.96;17.92;Bueno;59.72;Bueno
2025-09-25;11:00;3;13.62;8.96;17.92;Bueno;59.72;Bueno
2025-09-25;12:00;2;13.33;8.96;17.92;Bueno;59.72;Bueno
2025-09-25;13:00;2;13.00;8.96;17.92;Bueno;59.72;Bueno
2025-09-25;14:00;5;12.83;8.96;17.92;Bueno;59.72;Bueno
2025-09-25;15:00;6;12.83;8.96;17.92;Bueno;59.72;Bueno
2025-09-25;16:00;6;12.79;8.96;17.92;Bueno;59.72;Bueno
2025-09-25;17:00;5;12.67;8.96;17.92;Bueno;59.72;Bueno
2025-09-25;18:00;2;12.33;8.96;17.92;Bueno;59.72;Bueno
2025-09-25;19:00;1;11.58;8.96;17.92;Bueno;59.72;Bueno
2025-09-25;20:00;4;10.92;8.96;17.92;Bueno;59.72;Bueno
2025-09-25;21:00;3;10.29;8.96;17.92;Bueno;59.72;Bueno
2025-09-25;22:00;2;9.54;8.96;17.92;Bueno;59.72;Bueno
2025-09-25;23:00;4;8.96;8.96;17.92;Bueno;59.72;Bueno
2025-09-26;00:00;4;8.29;8.71;17.42;Bueno;58.06;Bueno
2025-09-26;01:00;5;7.71;8.71;17.42;Bueno;58.06;Bueno
2025-09-26;02:00;6;7.25;8.71;17.42;Bueno;58.06;Bueno
2025-09-26;03:00;6;6.71;8.71;17.42;Bueno;58.06;Bueno
2025-09-26;04:00;4;6.21;8.71;17.42;Bueno;58.06;Bueno
2025-09-26;05:00;4;6.08;8.71;17.42;Bueno;58.06;Bueno
2025-09-26;06:00;6;5.96;8.71;17.42;Bueno;58.06;Bueno
2025-09-26;07:00;3;4.88;8.71;17.42;Bueno;58.06;Bueno
2025-09-26;08:00;3;4.42;8.71;17.42;Bueno;58.06;Bueno
2025-09-26;09:00;6;4.12;8.71;17.42;Bueno;58.06;Bueno
2025-09-26;10:00;6;4.08;8.71;17.42;Bueno;58.06;Bueno
2025-09-26;11:00;4;4.12;8.71;17.42;Bueno;58.06;Bueno
2025-09-26;12:00;3;4.17;8.71;17.42;Bueno;58.06;Bueno
2025-09-26;13:00;2;4.17;8.71;17.42;Bueno;58.06;Bueno
2025-09-26;14:00;1;4.00;8.71;17.42;Bueno;58.06;Bueno
2025-09-26;15:00;1;3.79;8.71;17.42;Bueno;58.06;Bueno
2025-09-26;16:00;4;3.71;8.71;17.42;Bueno;58.06;Bueno
2025-09-26;17:00;3;3.62;8.71;17.42;Bueno;58.06;Bueno
2025-09-26;18:00;3;3.67;8.71;17.42;Bueno;58.06;Bueno
2025-09-26;19:00;8;3.96;8.71;17.42;Bueno;58.06;Bueno
2025-09-26;20:00;9;4.17;8.71;17.42;Bueno;58.06;Bueno
2025-09-26;21:00;33;5.42;8.71;17.42;Bueno;58.06;Bueno
2025-09-26;22:00;47;7.29;8.71;17.42;Bueno;58.06;Bueno
2025-09-26;23:00;38;8.71;8.71;17.42;Bueno;58.06;Bueno
2025-09-27;00:00;16;9.21;18.67;37.33;Bueno;107.93;Regular
2025-09-27;01:00;15;9.62;18.67;37.33;Bueno;107.93;Regular
2025-09-27;02:00;63;12.00;18.67;37.33;Bueno;107.93;Regular
2025-09-27;03:00;33;13.12;18.67;37.33;Bueno;107.93;Regular
2025-09-27;04:00;22;13.88;18.67;37.33;Bueno;107.93;Regular
2025-09-27;05:00;17;14.42;18.67;37.33;Bueno;107.93;Regular
2025-09-27;06:00;29;15.38;18.67;37.33;Bueno;107.93;Regular
2025-09-27;07:00;31;16.54;18.67;37.33;Bueno;107.93;Regular
2025-09-27;08:00;14;17.00;18.67;37.33;Bueno;107.93;Regular
2025-09-27;09:00;12;17.25;18.67;37.33;Bueno;107.93;Regular
2025-09-27;10:00;11;17.46;18.67;37.33;Bueno;107.93;Regular
2025-09-27;11:00;7;17.58;18.67;37.33;Bueno;107.93;Regular
2025-09-27;12:00;5;17.67;18.67;37.33;Bueno;107.93;Regular
2025-09-27;13:00;3;17.71;18.67;37.33;Bueno;107.93;Regular
2025-09-27;14:00;3;17.79;18.67;37.33;Bueno;107.93;Regular
2025-09-27;15:00;1;17.79;18.67;37.33;Bueno;107.93;Regular
2025-09-27;16:00;1;17.67;18.67;37.33;Bueno;107.93;Regular
2025-09-27;17:00;1;17.58;18.67;37.33;Bueno;107.93;Regular
2025-09-27;18:00;3;17.58;18.67;37.33;Bueno;107.93;Regular
2025-09-27;19:00;19;18.04;18.67;37.33;Bueno;107.93;Regular
2025-09-27;20:00;21;18.54;18.67;37.33;Bueno;107.93;Regular
2025-09-27;21:00;28;18.33;18.67;37.33;Bueno;107.93;Regular
2025-09-27;22:00;43;18.17;18.67;37.33;Bueno;107.93;Regular
2025-09-27;23:00;50;18.67;18.67;37.33;Bueno;107.93;Regular
2025-09-28;00:00;36;19.50;10.00;20.00;Bueno;66.67;Bueno
2025-09-28;01:00;27;20.00;10.00;20.00;Bueno;66.67;Bueno
2025-09-28;02:00;18;18.12;10.00;20.00;Bueno;66.67;Bueno
2025-09-28;03:00;18;17.50;10.00;20.00;Bueno;66.67;Bueno
2025-09-28;04:00;;17.30;10.00;20.00;Bueno;66.67;Bueno
2025-09-28;05:00;9;16.96;10.00;20.00;Bueno;66.67;Bueno
2025-09-28;06:00;8;16.04;10.00;20.00;Bueno;66.67;Bueno
2025-09-28;07:00;8;15.04;10.00;20.00;Bueno;66.67;Bueno
2025-09-28;08:00;9;14.83;10.00;20.00;Bueno;66.67;Bueno
2025-09-28;09:00;6;14.57;10.00;20.00;Bueno;66.67;Bueno
2025-09-28;10:00;5;14.30;10.00;20.00;Bueno;66.67;Bueno
2025-09-28;11:00;4;14.17;10.00;20.00;Bueno;66.67;Bueno
2025-09-28;12:00;3;14.09;10.00;20.00;Bueno;66.67;Bueno
2025-09-28;13:00;3;14.09;10.00;20.00;Bueno;66.67;Bueno
2025-09-28;14:00;1;14.00;10.00;20.00;Bueno;66.67;Bueno
2025-09-28;15:00;1;14.00;10.00;20.00;Bueno;66.67;Bueno
2025-09-28;16:00;1;14.00;10.00;20.00;Bueno;66.67;Bueno
2025-09-28;17:00;3;14.09;10.00;20.00;Bueno;66.67;Bueno
2025-09-28;18:00;6;14.22;10.00;20.00;Bueno;66.67;Bueno
2025-09-28;19:00;17;14.13;10.00;20.00;Bueno;66.67;Bueno
2025-09-28;20:00;15;13.87;10.00;20.00;Bueno;66.67;Bueno
2025-09-28;21:00;13;13.22;10.00;20.00;Bueno;66.67;Bueno
2025-09-28;22:00;10;11.78;10.00;20.00;Bueno;66.67;Bueno
2025-09-28;23:00;9;10.00;10.00;20.00;Bueno;66.67;Bueno
2025-09-29;00:00;5;8.65;5.21;10.42;Bueno;34.72;Bueno
2025-09-29;01:00;2;7.57;5.21;10.42;Bueno;34.72;Bueno
2025-09-29;02:00;2;6.87;5.21;10.42;Bueno;34.72;Bueno
2025-09-29;03:00;4;6.26;5.21;10.42;Bueno;34.72;Bueno
2025-09-29;04:00;3;6.12;5.21;10.42;Bueno;34.72;Bueno
2025-09-29;05:00;5;5.96;5.21;10.42;Bueno;34.72;Bueno
2025-09-29;06:00;4;5.79;5.21;10.42;Bueno;34.72;Bueno
2025-09-29;07:00;6;5.71;5.21;10.42;Bueno;34.72;Bueno
2025-09-29;08:00;7;5.62;5.21;10.42;Bueno;34.72;Bueno
2025-09-29;09:00;6;5.62;5.21;10.42;Bueno;34.72;Bueno
2025-09-29;10:00;5;5.62;5.21;10.42;Bueno;34.72;Bueno
2025-09-29;11:00;6;5.71;5.21;10.42;Bueno;34.72;Bueno
2025-09-29;12:00;3;5.71;5.21;10.42;Bueno;34.72;Bueno
2025-09-29;13:00;3;5.71;5.21;10.42;Bueno;34.72;Bueno
2025-09-29;14:00;6;5.92;5.21;10.42;Bueno;34.72;Bueno
2025-09-29;15:00;3;6.00;5.21;10.42;Bueno;34.72;Bueno
2025-09-29;16:00;3;6.08;5.21;10.42;Bueno;34.72;Bueno
2025-09-29;17:00;5;6.17;5.21;10.42;Bueno;34.72;Bueno
2025-09-29;18:00;3;6.04;5.21;10.42;Bueno;34.72;Bueno
2025-09-29;19:00;4;5.50;5.21;10.42;Bueno;34.72;Bueno
2025-09-29;20:00;8;5.21;5.21;10.42;Bueno;34.72;Bueno
2025-09-29;21:00;10;5.08;5.21;10.42;Bueno;34.72;Bueno
2025-09-29;22:00;12;5.17;5.21;10.42;Bueno;34.72;Bueno
2025-09-29;23:00;10;5.21;5.21;10.42;Bueno;34.72;Bueno
2025-09-30;00:00;;5.22;6.83;13.65;Bueno;45.51;Bueno
2025-09-30;01:00;11;5.61;6.83;13.65;Bueno;45.51;Bueno
2025-09-30;02:00;12;6.04;6.83;13.65;Bueno;45.51;Bueno
2025-09-30;03:00;10;6.30;6.83;13.65;Bueno;45.51;Bueno
2025-09-30;04:00;7;6.48;6.83;13.65;Bueno;45.51;Bueno
2025-09-30;05:00;6;6.52;6.83;13.65;Bueno;45.51;Bueno
2025-09-30;06:00;10;6.78;6.83;13.65;Bueno;45.51;Bueno
2025-09-30;07:00;13;7.09;6.83;13.65;Bueno;45.51;Bueno
2025-09-30;08:00;8;7.13;6.83;13.65;Bueno;45.51;Bueno
2025-09-30;09:00;3;7.00;6.83;13.65;Bueno;45.51;Bueno
2025-09-30;10:00;4;6.96;6.83;13.65;Bueno;45.51;Bueno
2025-09-30;11:00;2;6.78;6.83;13.65;Bueno;45.51;Bueno
2025-09-30;12:00;1;6.70;6.83;13.65;Bueno;45.51;Bueno
2025-09-30;13:00;4;6.74;6.83;13.65;Bueno;45.51;Bueno
2025-09-30;14:00;3;6.61;6.83;13.65;Bueno;45.51;Bueno
2025-09-30;15:00;4;6.65;6.83;13.65;Bueno;45.51;Bueno
2025-09-30;16:00;6;6.78;6.83;13.65;Bueno;45.51;Bueno
2025-09-30;17:00;7;6.87;6.83;13.65;Bueno;45.51;Bueno
2025-09-30;18:00;8;7.09;6.83;13.65;Bueno;45.51;Bueno
2025-09-30;19:00;7;7.22;6.83;13.65;Bueno;45.51;Bueno
2025-09-30;20:00;6;7.13;6.83;13.65;Bueno;45.51;Bueno
2025-09-30;21:00;6;6.96;6.83;13.65;Bueno;45.51;Bueno
2025-09-30;22:00;10;6.87;6.83;13.65;Bueno;45.51;Bueno
2025-09-30;23:00;9;6.83;6.83;13.65;Bueno;45.51;Bueno
2025-10-01;00:00;6;6.79;8.75;17.50;Bueno;58.33;Bueno
2025-10-01;01:00;4;6.50;8.75;17.50;Bueno;58.33;Bueno
2025-10-01;02:00;1;6.04;8.75;17.50;Bueno;58.33;Bueno
2025-10-01;03:00;3;5.75;8.75;17.50;Bueno;58.33;Bueno
2025-10-01;04:00;3;5.58;8.75;17.50;Bueno;58.33;Bueno
2025-10-01;05:00;5;5.54;8.75;17.50;Bueno;58.33;Bueno
2025-10-01;06:00;6;5.38;8.75;17.50;Bueno;58.33;Bueno
2025-10-01;07:00;6;5.08;8.75;17.50;Bueno;58.33;Bueno
2025-10-01;08:00;6;5.00;8.75;17.50;Bueno;58.33;Bueno
2025-10-01;09:00;6;5.12;8.75;17.50;Bueno;58.33;Bueno
2025-10-01;10:00;9;5.33;8.75;17.50;Bueno;58.33;Bueno
2025-10-01;11:00;9;5.62;8.75;17.50;Bueno;58.33;Bueno
2025-10-01;12:00;6;5.83;8.75;17.50;Bueno;58.33;Bueno
2025-10-01;13:00;6;5.92;8.75;17.50;Bueno;58.33;Bueno
2025-10-01;14:00;8;6.12;8.75;17.50;Bueno;58.33;Bueno
2025-10-01;15:00;6;6.21;8.75;17.50;Bueno;58.33;Bueno
2025-10-01;16:00;7;6.25;8.75;17.50;Bueno;58.33;Bueno
2025-10-01;17:00;9;6.33;8.75;17.50;Bueno;58.33;Bueno
2025-10-01;18:00;6;6.25;8.75;17.50;Bueno;58.33;Bueno
2025-10-01;19:00;9;6.33;8.75;17.50;Bueno;58.33;Bueno
2025-10-01;20:00;16;6.75;8.75;17.50;Bueno;58.33;Bueno
2025-10-01;21:00;22;7.42;8.75;17.50;Bueno;58.33;Bueno
2025-10-01;22:00;30;8.25;8.75;17.50;Bueno;58.33;Bueno
2025-10-01;23:00;21;8.75;8.75;17.50;Bueno;58.33;Bueno
2025-10-02;00:00;17;9.21;13.33;26.67;Bueno;88.89;Bueno
2025-10-02;01:00;21;9.92;13.33;26.67;Bueno;88.89;Bueno
2025-10-02;02:00;27;11.00;13.33;26.67;Bueno;88.89;Bueno
2025-10-02;03:00;20;11.71;13.33;26.67;Bueno;88.89;Bueno
2025-10-02;04:00;17;12.29;13.33;26.67;Bueno;88.89;Bueno
2025-10-02;05:00;9;12.46;13.33;26.67;Bueno;88.89;Bueno
2025-10-02;06:00;11;12.67;13.33;26.67;Bueno;88.89;Bueno
2025-10-02;07:00;12;12.92;13.33;26.67;Bueno;88.89;Bueno
2025-10-02;08:00;9;13.04;13.33;26.67;Bueno;88.89;Bueno
2025-10-02;09:00;9;13.17;13.33;26.67;Bueno;88.89;Bueno
2025-10-02;10:00;9;13.17;13.33;26.67;Bueno;88.89;Bueno
2025-10-02;11:00;8;13.12;13.33;26.67;Bueno;88.89;Bueno
2025-10-02;12:00;8;13.21;13.33;26.67;Bueno;88.89;Bueno
2025-10-02;13:00;9;13.33;13.33;26.67;Bueno;88.89;Bueno
2025-10-02;14:00;8;13.33;13.33;26.67;Bueno;88.89;Bueno
2025-10-02;15:00;6;13.33;13.33;26.67;Bueno;88.89;Bueno
2025-10-02;16:00;5;13.25;13.33;26.67;Bueno;88.89;Bueno
2025-10-02;17:00;7;13.17;13.33;26.67;Bueno;88.89;Bueno
2025-10-02;18:00;9;13.29;13.33;26.67;Bueno;88.89;Bueno
2025-10-02;19:00;9;13.29;13.33;26.67;Bueno;88.89;Bueno
2025-10-02;20:00;15;13.25;13.33;26.67;Bueno;88.89;Bueno
2025-10-02;21:00;19;13.12;13.33;26.67;Bueno;88.89;Bueno
2025-10-02;22:00;27;13.00;13.33;26.67;Bueno;88.89;Bueno
2025-10-02;23:00;29;13.33;13.33;26.67;Bueno;88.89;Bueno
2025-10-03;00:00;17;13.33;10.04;20.08;Bueno;66.94;Bueno
2025-10-03;01:00;18;13.21;10.04;20.08;Bueno;66.94;Bueno
2025-10-03;02:00;18;12.83;10.04;20.08;Bueno;66.94;Bueno
2025-10-03;03:00;17;12.71;10.04;20.08;Bueno;66.94;Bueno
2025-10-03;04:00;18;12.75;10.04;20.08;Bueno;66.94;Bueno
2025-10-03;05:00;14;12.96;10.04;20.08;Bueno;66.94;Bueno
2025-10-03;06:00;14;13.08;10.04;20.08;Bueno;66.94;Bueno
2025-10-03;07:00;21;13.46;10.04;20.08;Bueno;66.94;Bueno
2025-10-03;08:00;14;13.67;10.04;20.08;Bueno;66.94;Bueno
2025-10-03;09:00;13;13.83;10.04;20.08;Bueno;66.94;Bueno
2025-10-03;10:00;13;14.00;10.04;20.08;Bueno;66.94;Bueno
2025-10-03;11:00;15;14.29;10.04;20.08;Bueno;66.94;Bueno
2025-10-03;12:00;13;14.50;10.04;20.08;Bueno;66.94;Bueno
2025-10-03;13:00;7;14.42;10.04;20.08;Bueno;66.94;Bueno
2025-10-03;14:00;3;14.21;10.04;20.08;Bueno;66.94;Bueno
2025-10-03;15:00;5;14.17;10.04;20.08;Bueno;66.94;Bueno
2025-10-03;16:00;4;14.12;10.04;20.08;Bueno;66.94;Bueno
2025-10-03;17:00;5;14.04;10.04;20.08;Bueno;66.94;Bueno
2025-10-03;18:00;5;13.88;10.04;20.08;Bueno;66.94;Bueno
2025-10-03;19:00;3;13.62;10.04;20.08;Bueno;66.94;Bueno
2025-10-03;20:00;1;13.04;10.04;20.08;Bueno;66.94;Bueno
2025-10-03;21:00;1;12.29;10.04;20.08;Bueno;66.94;Bueno
2025-10-03;22:00;1;11.21;10.04;20.08;Bueno;66.94;Bueno
2025-10-03;23:00;1;10.04;10.04;20.08;Bueno;66.94;Bueno
2025-10-04;00:00;1;9.38;2.54;5.08;Bueno;16.94;Bueno
2025-10-04;01:00;4;8.79;2.54;5.08;Bueno;16.94;Bueno
2025-10-04;02:00;1;8.08;2.54;5.08;Bueno;16.94;Bueno
2025-10-04;03:00;1;7.42;2.54;5.08;Bueno;16.94;Bueno
2025-10-04;04:00;4;6.83;2.54;5.08;Bueno;16.94;Bueno
2025-10-04;05:00;3;6.38;2.54;5.08;Bueno;16.94;Bueno
2025-10-04;06:00;1;5.83;2.54;5.08;Bueno;16.94;Bueno
2025-10-04;07:00;1;5.00;2.54;5.08;Bueno;16.94;Bueno
2025-10-04;08:00;2;4.50;2.54;5.08;Bueno;16.94;Bueno
2025-10-04;09:00;4;4.12;2.54;5.08;Bueno;16.94;Bueno
2025-10-04;10:00;3;3.71;2.54;5.08;Bueno;16.94;Bueno
2025-10-04;11:00;1;3.12;2.54;5.08;Bueno;16.94;Bueno
2025-10-04;12:00;2;2.67;2.54;5.08;Bueno;16.94;Bueno
2025-10-04;13:00;1;2.42;2.54;5.08;Bueno;16.94;Bueno
2025-10-04;14:00;1;2.33;2.54;5.08;Bueno;16.94;Bueno
2025-10-04;15:00;1;2.17;2.54;5.08;Bueno;16.94;Bueno
2025-10-04;16:00;1;2.04;2.54;5.08;Bueno;16.94;Bueno
2025-10-04;17:00;2;1.92;2.54;5.08;Bueno;16.94;Bueno
2025-10-04;18:00;2;1.79;2.54;5.08;Bueno;16.94;Bueno
2025-10-04;19:00;2;1.75;2.54;5.08;Bueno;16.94;Bueno
2025-10-04;20:00;5;1.92;2.54;5.08;Bueno;16.94;Bueno
2025-10-04;21:00;7;2.17;2.54;5.08;Bueno;16.94;Bueno
2025-10-04;22:00;6;2.38;2.54;5.08;Bueno;16.94;Bueno
2025-10-04;23:00;5;2.54;2.54;5.08;Bueno;16.94;Bueno
2025-10-05;00:00;6;2.75;4.00;8.00;Bueno;26.67;Bueno
2025-10-05;01:00;6;2.83;4.00;8.00;Bueno;26.67;Bueno
2025-10-05;02:00;3;2.92;4.00;8.00;Bueno;26.67;Bueno
2025-10-05;03:00;2;2.96;4.00;8.00;Bueno;26.67;Bueno
2025-10-05;04:00;2;2.88;4.00;8.00;Bueno;26.67;Bueno
2025-10-05;05:00;1;2.79;4.00;8.00;Bueno;26.67;Bueno
2025-10-05;06:00;1;2.79;4.00;8.00;Bueno;26.67;Bueno
2025-10-05;07:00;4;2.92;4.00;8.00;Bueno;26.67;Bueno
2025-10-05;08:00;2;2.92;4.00;8.00;Bueno;26.67;Bueno
2025-10-05;09:00;3;2.88;4.00;8.00;Bueno;26.67;Bueno
2025-10-05;10:00;3;2.88;4.00;8.00;Bueno;26.67;Bueno
2025-10-05;11:00;1;2.88;4.00;8.00;Bueno;26.67;Bueno
2025-10-05;12:00;2;2.88;4.00;8.00;Bueno;26.67;Bueno
2025-10-05;13:00;2;2.92;4.00;8.00;Bueno;26.67;Bueno
2025-10-05;14:00;2;2.96;4.00;8.00;Bueno;26.67;Bueno
2025-10-05;15:00;1;2.96;4.00;8.00;Bueno;26.67;Bueno
2025-10-05;16:00;1;2.96;4.00;8.00;Bueno;26.67;Bueno
2025-10-05;17:00;2;2.96;4.00;8.00;Bueno;26.67;Bueno
2025-10-05;18:00;1;2.92;4.00;8.00;Bueno;26.67;Bueno
2025-10-05;19:00;4;3.00;4.00;8.00;Bueno;26.67;Bueno
2025-10-05;20:00;11;3.25;4.00;8.00;Bueno;26.67;Bueno
2025-10-05;21:00;14;3.54;4.00;8.00;Bueno;26.67;Bueno
2025-10-05;22:00;13;3.83;4.00;8.00;Bueno;26.67;Bueno
2025-10-05;23:00;9;4.00;4.00;8.00;Bueno;26.67;Bueno
2025-10-06;00:00;4;3.92;4.54;9.08;Bueno;30.28;Bueno
2025-10-06;01:00;3;3.79;4.54;9.08;Bueno;30.28;Bueno
2025-10-06;02:00;5;3.88;4.54;9.08;Bueno;30.28;Bueno
2025-10-06;03:00;2;3.88;4.54;9.08;Bueno;30.28;Bueno
2025-10-06;04:00;2;3.88;4.54;9.08;Bueno;30.28;Bueno
2025-10-06;05:00;4;4.00;4.54;9.08;Bueno;30.28;Bueno
2025-10-06;06:00;3;4.08;4.54;9.08;Bueno;30.28;Bueno
2025-10-06;07:00;4;4.08;4.54;9.08;Bueno;30.28;Bueno
2025-10-06;08:00;4;4.17;4.54;9.08;Bueno;30.28;Bueno
2025-10-06;09:00;5;4.25;4.54;9.08;Bueno;30.28;Bueno
2025-10-06;10:00;5;4.33;4.54;9.08;Bueno;30.28;Bueno
2025-10-06;11:00;3;4.42;4.54;9.08;Bueno;30.28;Bueno
2025-10-06;12:00;1;4.38;4.54;9.08;Bueno;30.28;Bueno
2025-10-06;13:00;1;4.33;4.54;9.08;Bueno;30.28;Bueno
2025-10-06;14:00;1;4.29;4.54;9.08;Bueno;30.28;Bueno
2025-10-06;15:00;1;4.29;4.54;9.08;Bueno;30.28;Bueno
2025-10-06;16:00;3;4.38;4.54;9.08;Bueno;30.28;Bueno
2025-10-06;17:00;6;4.54;4.54;9.08;Bueno;30.28;Bueno
2025-10-06;18:00;4;4.67;4.54;9.08;Bueno;30.28;Bueno
2025-10-06;19:00;6;4.75;4.54;9.08;Bueno;30.28;Bueno
2025-10-06;20:00;12;4.79;4.54;9.08;Bueno;30.28;Bueno
2025-10-06;21:00;12;4.71;4.54;9.08;Bueno;30.28;Bueno
2025-10-06;22:00;9;4.54;4.54;9.08;Bueno;30.28;Bueno
2025-10-06;23:00;9;4.54;4.54;9.08;Bueno;30.28;Bueno
2025-10-07;00:00;7;4.67;6.04;12.08;Bueno;40.28;Bueno
2025-10-07;01:00;8;4.88;6.04;12.08;Bueno;40.28;Bueno
2025-10-07;02:00;6;4.92;6.04;12.08;Bueno;40.28;Bueno
2025-10-07;03:00;4;5.00;6.04;12.08;Bueno;40.28;Bueno
2025-10-07;04:00;5;5.12;6.04;12.08;Bueno;40.28;Bueno
2025-10-07;05:00;7;5.25;6.04;12.08;Bueno;40.28;Bueno
2025-10-07;06:00;10;5.54;6.04;12.08;Bueno;40.28;Bueno
2025-10-07;07:00;6;5.62;6.04;12.08;Bueno;40.28;Bueno
2025-10-07;08:00;2;5.54;6.04;12.08;Bueno;40.28;Bueno
2025-10-07;09:00;4;5.50;6.04;12.08;Bueno;40.28;Bueno
2025-10-07;10:00;4;5.46;6.04;12.08;Bueno;40.28;Bueno
2025-10-07;11:00;4;5.50;6.04;12.08;Bueno;40.28;Bueno
2025-10-07;12:00;3;5.58;6.04;12.08;Bueno;40.28;Bueno
2025-10-07;13:00;4;5.71;6.04;12.08;Bueno;40.28;Bueno
2025-10-07;14:00;4;5.83;6.04;12.08;Bueno;40.28;Bueno
2025-10-07;15:00;3;5.92;6.04;12.08;Bueno;40.28;Bueno
2025-10-07;16:00;4;5.96;6.04;12.08;Bueno;40.28;Bueno
2025-10-07;17:00;6;5.96;6.04;12.08;Bueno;40.28;Bueno
2025-10-07;18:00;7;6.08;6.04;12.08;Bueno;40.28;Bueno
2025-10-07;19:00;8;6.17;6.04;12.08;Bueno;40.28;Bueno
2025-10-07;20:00;12;6.17;6.04;12.08;Bueno;40.28;Bueno
2025-10-07;21:00;12;6.17;6.04;12.08;Bueno;40.28;Bueno
2025-10-07;22:00;9;6.17;6.04;12.08;Bueno;40.28;Bueno
2025-10-07;23:00;6;6.04;6.04;12.08;Bueno;40.28;Bueno
2025-10-08;00:00;6;6.00;7.88;15.75;Bueno;52.50;Bueno
2025-10-08;01:00;8;6.00;7.88;15.75;Bueno;52.50;Bueno
2025-10-08;02:00;3;5.88;7.88;15.75;Bueno;52.50;Bueno
2025-10-08;03:00;3;5.83;7.88;15.75;Bueno;52.50;Bueno
2025-10-08;04:00;7;5.92;7.88;15.75;Bueno;52.50;Bueno
2025-10-08;05:00;8;5.96;7.88;15.75;Bueno;52.50;Bueno
2025-10-08;06:00;10;5.96;7.88;15.75;Bueno;52.50;Bueno
2025-10-08;07:00;8;6.04;7.88;15.75;Bueno;52.50;Bueno
2025-10-08;08:00;3;6.08;7.88;15.75;Bueno;52.50;Bueno
2025-10-08;09:00;2;6.00;7.88;15.75;Bueno;52.50;Bueno
2025-10-08;10:00;5;6.04;7.88;15.75;Bueno;52.50;Bueno
2025-10-08;11:00;8;6.21;7.88;15.75;Bueno;52.50;Bueno
2025-10-08;12:00;7;6.38;7.88;15.75;Bueno;52.50;Bueno
2025-10-08;13:00;6;6.46;7.88;15.75;Bueno;52.50;Bueno
2025-10-08;14:00;3;6.42;7.88;15.75;Bueno;52.50;Bueno
2025-10-08;15:00;4;6.46;7.88;15.75;Bueno;52.50;Bueno
2025-10-08;16:00;6;6.54;7.88;15.75;Bueno;52.50;Bueno
2025-10-08;17:00;7;6.58;7.88;15.75;Bueno;52.50;Bueno
2025-10-08;18:00;6;6.54;7.88;15.75;Bueno;52.50;Bueno
2025-10-08;19:00;10;6.62;7.88;15.75;Bueno;52.50;Bueno
2025-10-08;20:00;14;6.71;7.88;15.75;Bueno;52.50;Bueno
2025-10-08;21:00;13;6.75;7.88;15.75;Bueno;52.50;Bueno
2025-10-08;22:00;18;7.12;7.88;15.75;Bueno;52.50;Bueno
2025-10-08;23:00;24;7.88;7.88;15.75;Bueno;52.50;Bueno
2025-10-09;00:00;30;8.88;12.38;24.75;Bueno;82.50;Bueno
2025-10-09;01:00;23;9.50;12.38;24.75;Bueno;82.50;Bueno
2025-10-09;02:00;21;10.25;12.38;24.75;Bueno;82.50;Bueno
2025-10-09;03:00;18;10.88;12.38;24.75;Bueno;82.50;Bueno
2025-10-09;04:00;14;11.17;12.38;24.75;Bueno;82.50;Bueno
2025-10-09;05:00;11;11.29;12.38;24.75;Bueno;82.50;Bueno
2025-10-09;06:00;13;11.42;12.38;24.75;Bueno;82.50;Bueno
2025-10-09;07:00;12;11.58;12.38;24.75;Bueno;82.50;Bueno
2025-10-09;08:00;8;11.79;12.38;24.75;Bueno;82.50;Bueno
2025-10-09;09:00;9;12.08;12.38;24.75;Bueno;82.50;Bueno
2025-10-09;10:00;7;12.17;12.38;24.75;Bueno;82.50;Bueno
2025-10-09;11:00;5;12.04;12.38;24.75;Bueno;82.50;Bueno
2025-10-09;12:00;4;11.92;12.38;24.75;Bueno;82.50;Bueno
2025-10-09;13:00;5;11.88;12.38;24.75;Bueno;82.50;Bueno
2025-10-09;14:00;3;11.88;12.38;24.75;Bueno;82.50;Bueno
2025-10-09;15:00;3;11.83;12.38;24.75;Bueno;82.50;Bueno
2025-10-09;16:00;2;11.67;12.38;24.75;Bueno;82.50;Bueno
2025-10-09;17:00;3;11.50;12.38;24.75;Bueno;82.50;Bueno
2025-10-09;18:00;5;11.46;12.38;24.75;Bueno;82.50;Bueno
2025-10-09;19:00;14;11.62;12.38;24.75;Bueno;82.50;Bueno
2025-10-09;20:00;13;11.58;12.38;24.75;Bueno;82.50;Bueno
2025-10-09;21:00;22;11.96;12.38;24.75;Bueno;82.50;Bueno
2025-10-09;22:00;27;12.33;12.38;24.75;Bueno;82.50;Bueno
2025-10-09;23:00;25;12.38;12.38;24.75;Bueno;82.50;Bueno
2025-10-10;00:00;26;12.21;11.75;23.50;Bueno;78.33;Bueno
2025-10-10;01:00;24;12.25;11.75;23.50;Bueno;78.33;Bueno
2025-10-10;02:00;17;12.08;11.75;23.50;Bueno;78.33;Bueno
2025-10-10;03:00;16;12.00;11.75;23.50;Bueno;78.33;Bueno
2025-10-10;04:00;14;12.00;11.75;23.50;Bueno;78.33;Bueno
2025-10-10;05:00;17;12.25;11.75;23.50;Bueno;78.33;Bueno
2025-10-10;06:00;14;12.29;11.75;23.50;Bueno;78.33;Bueno
2025-10-10;07:00;12;12.29;11.75;23.50;Bueno;78.33;Bueno
2025-10-10;08:00;18;12.71;11.75;23.50;Bueno;78.33;Bueno
2025-10-10;09:00;18;13.08;11.75;23.50;Bueno;78.33;Bueno
2025-10-10;10:00;21;13.67;11.75;23.50;Bueno;78.33;Bueno
2025-10-10;11:00;29;14.67;11.75;23.50;Bueno;78.33;Bueno
2025-10-10;12:00;9;14.88;11.75;23.50;Bueno;78.33;Bueno
2025-10-10;13:00;10;15.08;11.75;23.50;Bueno;78.33;Bueno
2025-10-10;14:00;9;15.33;11.75;23.50;Bueno;78.33;Bueno
2025-10-10;15:00;5;15.42;11.75;23.50;Bueno;78.33;Bueno
2025-10-10;16:00;2;15.42;11.75;23.50;Bueno;78.33;Bueno
2025-10-10;17:00;3;15.42;11.75;23.50;Bueno;78.33;Bueno
2025-10-10;18:00;7;15.50;11.75;23.50;Bueno;78.33;Bueno
2025-10-10;19:00;3;15.04;11.75;23.50;Bueno;78.33;Bueno
2025-10-10;20:00;1;14.54;11.75;23.50;Bueno;78.33;Bueno
2025-10-10;21:00;2;13.71;11.75;23.50;Bueno;78.33;Bueno
2025-10-10;22:00;2;12.67;11.75;23.50;Bueno;78.33;Bueno
2025-10-10;23:00;3;11.75;11.75;23.50;Bueno;78.33;Bueno
2025-10-11;00:00;3;10.79;2.50;5.00;Bueno;16.67;Bueno
2025-10-11;01:00;3;9.92;2.50;5.00;Bueno;16.67;Bueno
2025-10-11;02:00;3;9.33;2.50;5.00;Bueno;16.67;Bueno
2025-10-11;03:00;1;8.71;2.50;5.00;Bueno;16.67;Bueno
2025-10-11;04:00;1;8.17;2.50;5.00;Bueno;16.67;Bueno
2025-10-11;05:00;1;7.50;2.50;5.00;Bueno;16.67;Bueno
2025-10-11;06:00;2;7.00;2.50;5.00;Bueno;16.67;Bueno
2025-10-11;07:00;1;6.54;2.50;5.00;Bueno;16.67;Bueno
2025-10-11;08:00;1;5.83;2.50;5.00;Bueno;16.67;Bueno
2025-10-11;09:00;2;5.17;2.50;5.00;Bueno;16.67;Bueno
2025-10-11;10:00;3;4.42;2.50;5.00;Bueno;16.67;Bueno
2025-10-11;11:00;4;3.38;2.50;5.00;Bueno;16.67;Bueno
2025-10-11;12:00;3;3.12;2.50;5.00;Bueno;16.67;Bueno
2025-10-11;13:00;1;2.75;2.50;5.00;Bueno;16.67;Bueno
2025-10-11;14:00;1;2.42;2.50;5.00;Bueno;16.67;Bueno
2025-10-11;15:00;1;2.25;2.50;5.00;Bueno;16.67;Bueno
2025-10-11;16:00;1;2.21;2.50;5.00;Bueno;16.67;Bueno
2025-10-11;17:00;1;2.12;2.50;5.00;Bueno;16.67;Bueno
2025-10-11;18:00;2;1.92;2.50;5.00;Bueno;16.67;Bueno
2025-10-11;19:00;4;1.96;2.50;5.00;Bueno;16.67;Bueno
2025-10-11;20:00;3;2.04;2.50;5.00;Bueno;16.67;Bueno
2025-10-11;21:00;6;2.21;2.50;5.00;Bueno;16.67;Bueno
2025-10-11;22:00;6;2.38;2.50;5.00;Bueno;16.67;Bueno
2025-10-11;23:00;6;2.50;2.50;5.00;Bueno;16.67;Bueno
2025-10-12;00:00;5;2.58;3.67;7.33;Bueno;24.44;Bueno
2025-10-12;01:00;3;2.58;3.67;7.33;Bueno;24.44;Bueno
2025-10-12;02:00;4;2.62;3.67;7.33;Bueno;24.44;Bueno
2025-10-12;03:00;5;2.79;3.67;7.33;Bueno;24.44;Bueno
2025-10-12;04:00;3;2.88;3.67;7.33;Bueno;24.44;Bueno
2025-10-12;05:00;1;2.88;3.67;7.33;Bueno;24.44;Bueno
2025-10-12;06:00;2;2.88;3.67;7.33;Bueno;24.44;Bueno
2025-10-12;07:00;4;3.00;3.67;7.33;Bueno;24.44;Bueno
2025-10-12;08:00;3;3.08;3.67;7.33;Bueno;24.44;Bueno
2025-10-12;09:00;3;3.12;3.67;7.33;Bueno;24.44;Bueno
2025-10-12;10:00;1;3.04;3.67;7.33;Bueno;24.44;Bueno
2025-10-12;11:00;2;2.96;3.67;7.33;Bueno;24.44;Bueno
2025-10-12;12:00;2;2.92;3.67;7.33;Bueno;24.44;Bueno
2025-10-12;13:00;3;3.00;3.67;7.33;Bueno;24.44;Bueno
2025-10-12;14:00;3;3.08;3.67;7.33;Bueno;24.44;Bueno
2025-10-12;15:00;1;3.08;3.67;7.33;Bueno;24.44;Bueno
2025-10-12;16:00;1;3.08;3.67;7.33;Bueno;24.44;Bueno
2025-10-12;17:00;1;3.08;3.67;7.33;Bueno;24.44;Bueno
2025-10-12;18:00;2;3.08;3.67;7.33;Bueno;24.44;Bueno
2025-10-12;19:00;3;3.04;3.67;7.33;Bueno;24.44;Bueno
2025-10-12;20:00;6;3.17;3.67;7.33;Bueno;24.44;Bueno
2025-10-12;21:00;10;3.33;3.67;7.33;Bueno;24.44;Bueno
2025-10-12;22:00;10;3.50;3.67;7.33;Bueno;24.44;Bueno
2025-10-12;23:00;10;3.67;3.67;7.33;Bueno;24.44;Bueno
2025-10-13;00:00;9;3.83;5.17;10.33;Bueno;34.44;Bueno
2025-10-13;01:00;12;4.21;5.17;10.33;Bueno;34.44;Bueno
2025-10-13;02:00;10;4.46;5.17;10.33;Bueno;34.44;Bueno
2025-10-13;03:00;7;4.54;5.17;10.33;Bueno;34.44;Bueno
2025-10-13;04:00;5;4.62;5.17;10.33;Bueno;34.44;Bueno
2025-10-13;05:00;5;4.79;5.17;10.33;Bueno;34.44;Bueno
2025-10-13;06:00;6;4.96;5.17;10.33;Bueno;34.44;Bueno
2025-10-13;07:00;6;5.04;5.17;10.33;Bueno;34.44;Bueno
2025-10-13;08:00;4;5.08;5.17;10.33;Bueno;34.44;Bueno
2025-10-13;09:00;3;5.08;5.17;10.33;Bueno;34.44;Bueno
2025-10-13;10:00;4;5.21;5.17;10.33;Bueno;34.44;Bueno
2025-10-13;11:00;3;5.25;5.17;10.33;Bueno;34.44;Bueno
2025-10-13;12:00;3;5.29;5.17;10.33;Bueno;34.44;Bueno
2025-10-13;13:00;5;5.38;5.17;10.33;Bueno;34.44;Bueno
2025-10-13;14:00;5;5.46;5.17;10.33;Bueno;34.44;Bueno
2025-10-13;15:00;5;5.62;5.17;10.33;Bueno;34.44;Bueno
2025-10-13;16:00;3;5.71;5.17;10.33;Bueno;34.44;Bueno
2025-10-13;17:00;3;5.79;5.17;10.33;Bueno;34.44;Bueno
2025-10-13;18:00;3;5.83;5.17;10.33;Bueno;34.44;Bueno
2025-10-13;19:00;4;5.88;5.17;10.33;Bueno;34.44;Bueno
2025-10-13;20:00;4;5.79;5.17;10.33;Bueno;34.44;Bueno
2025-10-13;21:00;3;5.50;5.17;10.33;Bueno;34.44;Bueno
2025-10-13;22:00;6;5.33;5.17;10.33;Bueno;34.44;Bueno
2025-10-13;23:00;6;5.17;5.17;10.33;Bueno;34.44;Bueno
2025-10-14;00:00;4;4.96;6.75;13.50;Bueno;45.00;Bueno
2025-10-14;01:00;3;4.58;6.75;13.50;Bueno;45.00;Bueno
2025-10-14;02:00;6;4.42;6.75;13.50;Bueno;45.00;Bueno
2025-10-14;03:00;5;4.33;6.75;13.50;Bueno;45.00;Bueno
2025-10-14;04:00;9;4.50;6.75;13.50;Bueno;45.00;Bueno
2025-10-14;05:00;13;4.83;6.75;13.50;Bueno;45.00;Bueno
2025-10-14;06:00;12;5.08;6.75;13.50;Bueno;45.00;Bueno
2025-10-14;07:00;13;5.38;6.75;13.50;Bueno;45.00;Bueno
2025-10-14;08:00;10;5.62;6.75;13.50;Bueno;45.00;Bueno
2025-10-14;09:00;7;5.79;6.75;13.50;Bueno;45.00;Bueno
2025-10-14;10:00;7;5.92;6.75;13.50;Bueno;45.00;Bueno
2025-10-14;11:00;6;6.04;6.75;13.50;Bueno;45.00;Bueno
2025-10-14;12:00;6;6.17;6.75;13.50;Bueno;45.00;Bueno
2025-10-14;13:00;5;6.17;6.75;13.50;Bueno;45.00;Bueno
2025-10-14;14:00;3;6.08;6.75;13.50;Bueno;45.00;Bueno
2025-10-14;15:00;2;5.96;6.75;13.50;Bueno;45.00;Bueno
2025-10-14;16:00;3;5.96;6.75;13.50;Bueno;45.00;Bueno
2025-10-14;17:00;5;6.04;6.75;13.50;Bueno;45.00;Bueno
2025-10-14;18:00;6;6.17;6.75;13.50;Bueno;45.00;Bueno
2025-10-14;19:00;8;6.33;6.75;13.50;Bueno;45.00;Bueno
2025-10-14;20:00;10;6.58;6.75;13.50;Bueno;45.00;Bueno
2025-10-14;21:00;6;6.71;6.75;13.50;Bueno;45.00;Bueno
2025-10-14;22:00;6;6.71;6.75;13.50;Bueno;45.00;Bueno
2025-10-14;23:00;7;6.75;6.75;13.50;Bueno;45.00;Bueno
2025-10-15;00:00;4;6.75;3.83;7.67;Bueno;25.56;Bueno
2025-10-15;01:00;2;6.71;3.83;7.67;Bueno;25.56;Bueno
2025-10-15;02:00;1;6.50;3.83;7.67;Bueno;25.56;Bueno
2025-10-15;03:00;3;6.42;3.83;7.67;Bueno;25.56;Bueno
2025-10-15;04:00;6;6.29;3.83;7.67;Bueno;25.56;Bueno
2025-10-15;05:00;3;5.88;3.83;7.67;Bueno;25.56;Bueno
2025-10-15;06:00;3;5.50;3.83;7.67;Bueno;25.56;Bueno
2025-10-15;07:00;3;5.08;3.83;7.67;Bueno;25.56;Bueno
2025-10-15;08:00;4;4.83;3.83;7.67;Bueno;25.56;Bueno
2025-10-15;09:00;4;4.71;3.83;7.67;Bueno;25.56;Bueno
2025-10-15;10:00;6;4.67;3.83;7.67;Bueno;25.56;Bueno
2025-10-15;11:00;5;4.62;3.83;7.67;Bueno;25.56;Bueno
2025-10-15;12:00;3;4.50;3.83;7.67;Bueno;25.56;Bueno
2025-10-15;13:00;3;4.42;3.83;7.67;Bueno;25.56;Bueno
2025-10-15;14:00;3;4.42;3.83;7.67;Bueno;25.56;Bueno
2025-10-15;15:00;3;4.46;3.83;7.67;Bueno;25.56;Bueno
2025-10-15;16:00;4;4.50;3.83;7.67;Bueno;25.56;Bueno
2025-10-15;17:00;3;4.42;3.83;7.67;Bueno;25.56;Bueno
2025-10-15;18:00;6;4.42;3.83;7.67;Bueno;25.56;Bueno
2025-10-15;19:00;7;4.38;3.83;7.67;Bueno;25.56;Bueno
2025-10-15;20:00;6;4.21;3.83;7.67;Bueno;25.56;Bueno
2025-10-15;21:00;4;4.12;3.83;7.67;Bueno;25.56;Bueno
2025-10-15;22:00;3;4.00;3.83;7.67;Bueno;25.56;Bueno
2025-10-15;23:00;3;3.83;3.83;7.67;Bueno;25.56;Bueno
2025-10-16;00:00;4;3.83;5.12;10.25;Bueno;34.17;Bueno
2025-10-16;01:00;4;3.92;5.12;10.25;Bueno;34.17;Bueno
2025-10-16;02:00;4;4.04;5.12;10.25;Bueno;34.17;Bueno
2025-10-16;03:00;3;4.04;5.12;10.25;Bueno;34.17;Bueno
2025-10-16;04:00;2;3.88;5.12;10.25;Bueno;34.17;Bueno
2025-10-16;05:00;4;3.92;5.12;10.25;Bueno;34.17;Bueno
2025-10-16;06:00;7;4.08;5.12;10.25;Bueno;34.17;Bueno
2025-10-16;07:00;7;4.25;5.12;10.25;Bueno;34.17;Bueno
2025-10-16;08:00;6;4.33;5.12;10.25;Bueno;34.17;Bueno
2025-10-16;09:00;4;4.33;5.12;10.25;Bueno;34.17;Bueno
2025-10-16;10:00;4;4.25;5.12;10.25;Bueno;34.17;Bueno
2025-10-16;11:00;4;4.21;5.12;10.25;Bueno;34.17;Bueno
2025-10-16;12:00;3;4.21;5.12;10.25;Bueno;34.17;Bueno
2025-10-16;13:00;3;4.21;5.12;10.25;Bueno;34.17;Bueno
2025-10-16;14:00;6;4.33;5.12;10.25;Bueno;34.17;Bueno
2025-10-16;15:00;6;4.46;5.12;10.25;Bueno;34.17;Bueno
2025-10-16;16:00;4;4.46;5.12;10.25;Bueno;34.17;Bueno
2025-10-16;17:00;4;4.50;5.12;10.25;Bueno;34.17;Bueno
2025-10-16;18:00;3;4.38;5.12;10.25;Bueno;34.17;Bueno
2025-10-16;19:00;6;4.33;5.12;10.25;Bueno;34.17;Bueno
2025-10-16;20:00;11;4.54;5.12;10.25;Bueno;34.17;Bueno
2025-10-16;21:00;10;4.79;5.12;10.25;Bueno;34.17;Bueno
2025-10-16;22:00;8;5.00;5.12;10.25;Bueno;34.17;Bueno
2025-10-16;23:00;6;5.12;5.12;10.25;Bueno;34.17;Bueno
2025-10-17;00:00;3;5.08;7.50;15.00;Bueno;50.00;Bueno
2025-10-17;01:00;5;5.12;7.50;15.00;Bueno;50.00;Bueno
2025-10-17;02:00;5;5.17;7.50;15.00;Bueno;50.00;Bueno
2025-10-17;03:00;4;5.21;7.50;15.00;Bueno;50.00;Bueno
2025-10-17;04:00;6;5.38;7.50;15.00;Bueno;50.00;Bueno
2025-10-17;05:00;5;5.42;7.50;15.00;Bueno;50.00;Bueno
2025-10-17;06:00;6;5.38;7.50;15.00;Bueno;50.00;Bueno
2025-10-17;07:00;6;5.33;7.50;15.00;Bueno;50.00;Bueno
2025-10-17;08:00;3;5.21;7.50;15.00;Bueno;50.00;Bueno
2025-10-17;09:00;3;5.17;7.50;15.00;Bueno;50.00;Bueno
2025-10-17;10:00;6;5.25;7.50;15.00;Bueno;50.00;Bueno
2025-10-17;11:00;8;5.42;7.50;15.00;Bueno;50.00;Bueno
2025-10-17;12:00;9;5.67;7.50;15.00;Bueno;50.00;Bueno
2025-10-17;13:00;8;5.88;7.50;15.00;Bueno;50.00;Bueno
2025-10-17;14:00;6;5.88;7.50;15.00;Bueno;50.00;Bueno
2025-10-17;15:00;6;5.88;7.50;15.00;Bueno;50.00;Bueno
2025-10-17;16:00;6;5.96;7.50;15.00;Bueno;50.00;Bueno
2025-10-17;17:00;5;6.00;7.50;15.00;Bueno;50.00;Bueno
2025-10-17;18:00;8;6.21;7.50;15.00;Bueno;50.00;Bueno
2025-10-17;19:00;9;6.33;7.50;15.00;Bueno;50.00;Bueno
2025-10-17;20:00;15;6.50;7.50;15.00;Bueno;50.00;Bueno
2025-10-17;21:00;11;6.54;7.50;15.00;Bueno;50.00;Bueno
2025-10-17;22:00;18;6.96;7.50;15.00;Bueno;50.00;Bueno
2025-10-17;23:00;19;7.50;7.50;15.00;Bueno;50.00;Bueno
2025-10-18;00:00;20;8.21;14.46;28.92;Bueno;96.39;Bueno
2025-10-18;01:00;21;8.88;14.46;28.92;Bueno;96.39;Bueno
2025-10-18;02:00;15;9.29;14.46;28.92;Bueno;96.39;Bueno
2025-10-18;03:00;15;9.75;14.46;28.92;Bueno;96.39;Bueno
2025-10-18;04:00;10;9.92;14.46;28.92;Bueno;96.39;Bueno
2025-10-18;05:00;12;10.21;14.46;28.92;Bueno;96.39;Bueno
2025-10-18;06:00;10;10.38;14.46;28.92;Bueno;96.39;Bueno
2025-10-18;07:00;5;10.33;14.46;28.92;Bueno;96.39;Bueno
2025-10-18;08:00;5;10.42;14.46;28.92;Bueno;96.39;Bueno
2025-10-18;09:00;8;10.62;14.46;28.92;Bueno;96.39;Bueno
2025-10-18;10:00;9;10.75;14.46;28.92;Bueno;96.39;Bueno
2025-10-18;11:00;9;10.79;14.46;28.92;Bueno;96.39;Bueno
2025-10-18;12:00;9;10.79;14.46;28.92;Bueno;96.39;Bueno
2025-10-18;13:00;10;10.88;14.46;28.92;Bueno;96.39;Bueno
2025-10-18;14:00;11;11.08;14.46;28.92;Bueno;96.39;Bueno
2025-10-18;15:00;12;11.33;14.46;28.92;Bueno;96.39;Bueno
2025-10-18;16:00;14;11.67;14.46;28.92;Bueno;96.39;Bueno
2025-10-18;17:00;12;11.96;14.46;28.92;Bueno;96.39;Bueno
2025-10-18;18:00;16;12.29;14.46;28.92;Bueno;96.39;Bueno
2025-10-18;19:00;9;12.29;14.46;28.92;Bueno;96.39;Bueno
2025-10-18;20:00;12;12.17;14.46;28.92;Bueno;96.39;Bueno
2025-10-18;21:00;25;12.75;14.46;28.92;Bueno;96.39;Bueno
2025-10-18;22:00;45;13.88;14.46;28.92;Bueno;96.39;Bueno
2025-10-18;23:00;33;14.46;14.46;28.92;Bueno;96.39;Bueno
2025-10-19;00:00;30;14.88;10.46;20.92;Bueno;69.72;Bueno
2025-10-19;01:00;17;14.71;10.46;20.92;Bueno;69.72;Bueno
2025-10-19;02:00;17;14.79;10.46;20.92;Bueno;69.72;Bueno
2025-10-19;03:00;11;14.62;10.46;20.92;Bueno;69.72;Bueno
2025-10-19;04:00;12;14.71;10.46;20.92;Bueno;69.72;Bueno
2025-10-19;05:00;12;14.71;10.46;20.92;Bueno;69.72;Bueno
2025-10-19;06:00;7;14.58;10.46;20.92;Bueno;69.72;Bueno
2025-10-19;07:00;9;14.75;10.46;20.92;Bueno;69.72;Bueno
2025-10-19;08:00;17;15.25;10.46;20.92;Bueno;69.72;Bueno
2025-10-19;09:00;13;15.46;10.46;20.92;Bueno;69.72;Bueno
2025-10-19;10:00;12;15.58;10.46;20.92;Bueno;69.72;Bueno
2025-10-19;11:00;9;15.58;10.46;20.92;Bueno;69.72;Bueno
2025-10-19;12:00;10;15.62;10.46;20.92;Bueno;69.72;Bueno
2025-10-19;13:00;11;15.67;10.46;20.92;Bueno;69.72;Bueno
2025-10-19;14:00;10;15.62;10.46;20.92;Bueno;69.72;Bueno
2025-10-19;15:00;6;15.38;10.46;20.92;Bueno;69.72;Bueno
2025-10-19;16:00;3;14.92;10.46;20.92;Bueno;69.72;Bueno
2025-10-19;17:00;7;14.71;10.46;20.92;Bueno;69.72;Bueno
2025-10-19;18:00;7;14.33;10.46;20.92;Bueno;69.72;Bueno
2025-10-19;19:00;5;14.17;10.46;20.92;Bueno;69.72;Bueno
2025-10-19;20:00;6;13.92;10.46;20.92;Bueno;69.72;Bueno
2025-10-19;21:00;6;13.12;10.46;20.92;Bueno;69.72;Bueno
2025-10-19;22:00;8;11.58;10.46;20.92;Bueno;69.72;Bueno
2025-10-19;23:00;6;10.46;10.46;20.92;Bueno;69.72;Bueno
2025-10-20;00:00;4;9.38;4.38;8.75;Bueno;29.17;Bueno
2025-10-20;01:00;6;8.92;4.38;8.75;Bueno;29.17;Bueno
2025-10-20;02:00;6;8.46;4.38;8.75;Bueno;29.17;Bueno
2025-10-20;03:00;3;8.12;4.38;8.75;Bueno;29.17;Bueno
2025-10-20;04:00;2;7.71;4.38;8.75;Bueno;29.17;Bueno
2025-10-20;05:00;4;7.38;4.38;8.75;Bueno;29.17;Bueno
2025-10-20;06:00;6;7.33;4.38;8.75;Bueno;29.17;Bueno
2025-10-20;07:00;3;7.08;4.38;8.75;Bueno;29.17;Bueno
2025-10-20;08:00;3;6.50;4.38;8.75;Bueno;29.17;Bueno
2025-10-20;09:00;6;6.21;4.38;8.75;Bueno;29.17;Bueno
2025-10-20;10:00;6;5.96;4.38;8.75;Bueno;29.17;Bueno
2025-10-20;11:00;6;5.83;4.38;8.75;Bueno;29.17;Bueno
2025-10-20;12:00;4;5.58;4.38;8.75;Bueno;29.17;Bueno
2025-10-20;13:00;4;5.29;4.38;8.75;Bueno;29.17;Bueno
2025-10-20;14:00;6;5.12;4.38;8.75;Bueno;29.17;Bueno
2025-10-20;15:00;5;5.08;4.38;8.75;Bueno;29.17;Bueno
2025-10-20;16:00;3;5.08;4.38;8.75;Bueno;29.17;Bueno
2025-10-20;17:00;1;4.83;4.38;8.75;Bueno;29.17;Bueno
2025-10-20;18:00;3;4.67;4.38;8.75;Bueno;29.17;Bueno
2025-10-20;19:00;9;4.83;4.38;8.75;Bueno;29.17;Bueno
2025-10-20;20:00;6;4.83;4.38;8.75;Bueno;29.17;Bueno
2025-10-20;21:00;3;4.71;4.38;8.75;Bueno;29.17;Bueno
2025-10-20;22:00;4;4.54;4.38;8.75;Bueno;29.17;Bueno
2025-10-20;23:00;2;4.38;4.38;8.75;Bueno;29.17;Bueno
2025-10-21;00:00;2;4.29;5.83;11.67;Bueno;38.89;Bueno
2025-10-21;01:00;2;4.12;5.83;11.67;Bueno;38.89;Bueno
2025-10-21;02:00;3;4.00;5.83;11.67;Bueno;38.89;Bueno
2025-10-21;03:00;4;4.04;5.83;11.67;Bueno;38.89;Bueno
2025-10-21;04:00;4;4.12;5.83;11.67;Bueno;38.89;Bueno
2025-10-21;05:00;4;4.12;5.83;11.67;Bueno;38.89;Bueno
2025-10-21;06:00;4;4.04;5.83;11.67;Bueno;38.89;Bueno
2025-10-21;07:00;7;4.21;5.83;11.67;Bueno;38.89;Bueno
2025-10-21;08:00;8;4.42;5.83;11.67;Bueno;38.89;Bueno
2025-10-21;09:00;7;4.46;5.83;11.67;Bueno;38.89;Bueno
2025-10-21;10:00;7;4.50;5.83;11.67;Bueno;38.89;Bueno
2025-10-21;11:00;6;4.50;5.83;11.67;Bueno;38.89;Bueno
2025-10-21;12:00;6;4.58;5.83;11.67;Bueno;38.89;Bueno
2025-10-21;13:00;4;4.58;5.83;11.67;Bueno;38.89;Bueno
2025-10-21;14:00;4;4.50;5.83;11.67;Bueno;38.89;Bueno
2025-10-21;15:00;6;4.54;5.83;11.67;Bueno;38.89;Bueno
2025-10-21;16:00;7;4.71;5.83;11.67;Bueno;38.89;Bueno
2025-10-21;17:00;6;4.92;5.83;11.67;Bueno;38.89;Bueno
2025-10-21;18:00;7;5.08;5.83;11.67;Bueno;38.89;Bueno
2025-10-21;19:00;9;5.08;5.83;11.67;Bueno;38.89;Bueno
2025-10-21;20:00;12;5.33;5.83;11.67;Bueno;38.89;Bueno
2025-10-21;21:00;9;5.58;5.83;11.67;Bueno;38.89;Bueno
2025-10-21;22:00;6;5.67;5.83;11.67;Bueno;38.89;Bueno
2025-10-21;23:00;6;5.83;5.83;11.67;Bueno;38.89;Bueno
2025-10-22;00:00;;6.00;7.96;15.91;Bueno;53.04;Bueno
2025-10-22;01:00;9;6.30;7.96;15.91;Bueno;53.04;Bueno
2025-10-22;02:00;9;6.57;7.96;15.91;Bueno;53.04;Bueno
2025-10-22;03:00;7;6.70;7.96;15.91;Bueno;53.04;Bueno
2025-10-22;04:00;5;6.74;7.96;15.91;Bueno;53.04;Bueno
2025-10-22;05:00;6;6.83;7.96;15.91;Bueno;53.04;Bueno
2025-10-22;06:00;10;7.09;7.96;15.91;Bueno;53.04;Bueno
2025-10-22;07:00;12;7.30;7.96;15.91;Bueno;53.04;Bueno
2025-10-22;08:00;10;7.39;7.96;15.91;Bueno;53.04;Bueno
2025-10-22;09:00;9;7.48;7.96;15.91;Bueno;53.04;Bueno
2025-10-22;10:00;9;7.57;7.96;15.91;Bueno;53.04;Bueno
2025-10-22;11:00;8;7.65;7.96;15.91;Bueno;53.04;Bueno
2025-10-22;12:00;6;7.65;7.96;15.91;Bueno;53.04;Bueno
2025-10-22;13:00;6;7.74;7.96;15.91;Bueno;53.04;Bueno
2025-10-22;14:00;4;7.74;7.96;15.91;Bueno;53.04;Bueno
2025-10-22;15:00;1;7.52;7.96;15.91;Bueno;53.04;Bueno
2025-10-22;16:00;4;7.39;7.96;15.91;Bueno;53.04;Bueno
2025-10-22;17:00;8;7.48;7.96;15.91;Bueno;53.04;Bueno
2025-10-22;18:00;8;7.52;7.96;15.91;Bueno;53.04;Bueno
2025-10-22;19:00;9;7.52;7.96;15.91;Bueno;53.04;Bueno
2025-10-22;20:00;4;7.17;7.96;15.91;Bueno;53.04;Bueno
2025-10-22;21:00;1;6.83;7.96;15.91;Bueno;53.04;Bueno
2025-10-22;22:00;37;8.17;7.96;15.91;Bueno;53.04;Bueno
2025-10-22;23:00;1;7.96;7.96;15.91;Bueno;53.04;Bueno
2025-10-23;00:00;4;7.79;8.59;17.18;Bueno;57.27;Bueno
2025-10-23;01:00;6;7.67;8.59;17.18;Bueno;57.27;Bueno
2025-10-23;02:00;3;7.42;8.59;17.18;Bueno;57.27;Bueno
2025-10-23;03:00;1;7.17;8.59;17.18;Bueno;57.27;Bueno
2025-10-23;04:00;4;7.12;8.59;17.18;Bueno;57.27;Bueno
2025-10-23;05:00;8;7.21;8.59;17.18;Bueno;57.27;Bueno
2025-10-23;06:00;11;7.25;8.59;17.18;Bueno;57.27;Bueno
2025-10-23;07:00;18;7.50;8.59;17.18;Bueno;57.27;Bueno
2025-10-23;08:00;9;7.46;8.59;17.18;Bueno;57.27;Bueno
2025-10-23;09:00;7;7.38;8.59;17.18;Bueno;57.27;Bueno
2025-10-23;10:00;6;7.25;8.59;17.18;Bueno;57.27;Bueno
2025-10-23;11:00;9;7.29;8.59;17.18;Bueno;57.27;Bueno
2025-10-23;12:00;11;7.50;8.59;17.18;Bueno;57.27;Bueno
2025-10-23;13:00;17;7.96;8.59;17.18;Bueno;57.27;Bueno
2025-10-23;14:00;;8.13;8.59;17.18;Bueno;57.27;Bueno
2025-10-23;15:00;;8.45;8.59;17.18;Bueno;57.27;Bueno
2025-10-23;16:00;19;9.14;8.59;17.18;Bueno;57.27;Bueno
2025-10-23;17:00;15;9.45;8.59;17.18;Bueno;57.27;Bueno
2025-10-23;18:00;12;9.64;8.59;17.18;Bueno;57.27;Bueno
2025-10-23;19:00;11;9.73;8.59;17.18;Bueno;57.27;Bueno
2025-10-23;20:00;9;9.95;8.59;17.18;Bueno;57.27;Bueno
2025-10-23;21:00;2;10.00;8.59;17.18;Bueno;57.27;Bueno
2025-10-23;22:00;3;8.45;8.59;17.18;Bueno;57.27;Bueno
2025-10-23;23:00;4;8.59;8.59;17.18;Bueno;57.27;Bueno
2025-10-24;00:00;;8.81;;;;;
2025-10-24;01:00;1;8.57;;;;;
2025-10-24;02:00;1;8.48;;;;;
2025-10-24;03:00;1;8.48;;;;;
2025-10-24;04:00;8;8.67;;;;;
2025-10-24;05:00;12;8.86;;;;;
2025-10-24;06:00;10;8.81;;;;;
2025-10-24;07:00;9;8.38;;;;;
2025-10-24;08:00;6;8.24;;;;;
2025-10-24;09:00;;8.30;;;;;
2025-10-24;10:00;;8.42;;;;;
2025-10-24;11:00;;8.39;;;;;
2025-10-24;12:00;;;;;;;
2025-10-24;13:00;;;;;;;
2025-10-24;14:00;;;;;;;
2025-10-24;15:00;;;;;;;
2025-10-24;16:00;;;;;;;
2025-10-24;17:00;;;;;;;
2025-10-24;18:00;;;;;;;
2025-10-24;19:00;;;;;;;
2025-10-24;20:00;;;;;;;
2025-10-24;21:00;;;;;;;
2025-10-24;22:00;;;;;;;
2025-10-24;23:00;;;;;;;
2025-10-25;00:00;;;;;;;
2025-10-25;01:00;;;;;;;
2025-10-25;02:00;;;;;;;
2025-10-25;03:00;;;;;;;
2025-10-25;04:00;;;;;;;
2025-10-25;05:00;;;;;;;
2025-10-25;06:00;;;;;;;
2025-10-25;07:00;;;;;;;
2025-10-25;08:00;;;;;;;
2025-10-25;09:00;;;;;;;
2025-10-25;10:00;;;;;;;
2025-10-25;11:00;;;;;;;
2025-10-25;12:00;;;;;;;
2025-10-25;13:00;;;;;;;
2025-10-25;14:00;;;;;;;
2025-10-25;15:00;;;;;;;
2025-10-25;16:00;;;;;;;
2025-10-25;17:00;;;;;;;
2025-10-25;18:00;;;;;;;
2025-10-25;19:00;;;;;;;
2025-10-25;20:00;;;;;;;
2025-10-25;21:00;;;;;;;
2025-10-25;22:00;;;;;;;
2025-10-25;23:00;;;;;;;
2025-10-26;00:00;;;;;;;
2025-10-26;01:00;;;;;;;
2025-10-26;02:00;;;;;;;
2025-10-26;03:00;;;;;;;
2025-10-26;04:00;;;;;;;
2025-10-26;05:00;;;;;;;
2025-10-26;06:00;;;;;;;
2025-10-26;07:00;;;;;;;
2025-10-26;08:00;;;;;;;
2025-10-26;09:00;;;;;;;
2025-10-26;10:00;;;;;;;
2025-10-26;11:00;;;;;;;
2025-10-26;12:00;;;;;;;
2025-10-26;13:00;;;;;;;
2025-10-26;14:00;;;;;;;
2025-10-26;15:00;;;;;;;
2025-10-26;16:00;;;;;;;
2025-10-26;17:00;;;;;;;
2025-10-26;18:00;;;;;;;
2025-10-26;19:00;;;;;;;
2025-10-26;20:00;;;;;;;
2025-10-26;21:00;;;;;;;
2025-10-26;22:00;;;;;;;
2025-10-26;23:00;;;;;;;
2025-10-27;00:00;;;;;;;
2025-10-27;01:00;;;;;;;
2025-10-27;02:00;;;;;;;
2025-10-27;03:00;;;;;;;
2025-10-27;04:00;;;;;;;
2025-10-27;05:00;;;;;;;
2025-10-27;06:00;;;;;;;
2025-10-27;07:00;;;;;;;
2025-10-27;08:00;;;;;;;
2025-10-27;09:00;;;;;;;
2025-10-27;10:00;;;;;;;
2025-10-27;11:00;;;;;;;
2025-10-27;12:00;;;;;;;
2025-10-27;13:00;;;;;;;
2025-10-27;14:00;;;;;;;
2025-10-27;15:00;;;;;;;
2025-10-27;16:00;;;;;;;
2025-10-27;17:00;;;;;;;
2025-10-27;18:00;;;;;;;
2025-10-27;19:00;;;;;;;
2025-10-27;20:00;;;;;;;
2025-10-27;21:00;;;;;;;
2025-10-27;22:00;;;;;;;
2025-10-27;23:00;;;;;;;
2025-10-28;00:00;;;;;;;
2025-10-28;01:00;;;;;;;
2025-10-28;02:00;;;;;;;
2025-10-28;03:00;;;;;;;
2025-10-28;04:00;;;;;;;
2025-10-28;05:00;;;;;;;
2025-10-28;06:00;;;;;;;
2025-10-28;07:00;;;;;;;
2025-10-28;08:00;;;;;;;
2025-10-28;09:00;;;;;;;
2025-10-28;10:00;;;;;;;
2025-10-28;11:00;;;;;;;
2025-10-28;12:00;;;;;;;
2025-10-28;13:00;;;;;;;
2025-10-28;14:00;2;;;;;;
2025-10-28;15:00;4;;;;;;
2025-10-28;16:00;5;;;;;;
2025-10-28;17:00;4;;;;;;
2025-10-28;18:00;15;;;;;;
2025-10-28;19:00;6;;;;;;
2025-10-28;20:00;4;;;;;;
2025-10-28;21:00;1;;;;;;
2025-10-28;22:00;2;;;;;;
2025-10-28;23:00;3;;;;;;
2025-10-29;00:00;5;;4.92;9.83;Bueno;32.78;Bueno
2025-10-29;01:00;6;;4.92;9.83;Bueno;32.78;Bueno
2025-10-29;02:00;4;;4.92;9.83;Bueno;32.78;Bueno
2025-10-29;03:00;3;;4.92;9.83;Bueno;32.78;Bueno
2025-10-29;04:00;4;;4.92;9.83;Bueno;32.78;Bueno
2025-10-29;05:00;6;;4.92;9.83;Bueno;32.78;Bueno
2025-10-29;06:00;9;;4.92;9.83;Bueno;32.78;Bueno
2025-10-29;07:00;9;5.11;4.92;9.83;Bueno;32.78;Bueno
2025-10-29;08:00;9;5.32;4.92;9.83;Bueno;32.78;Bueno
2025-10-29;09:00;8;5.45;4.92;9.83;Bueno;32.78;Bueno
2025-10-29;10:00;6;5.48;4.92;9.83;Bueno;32.78;Bueno
2025-10-29;11:00;6;5.50;4.92;9.83;Bueno;32.78;Bueno
2025-10-29;12:00;5;5.48;4.92;9.83;Bueno;32.78;Bueno
2025-10-29;13:00;3;5.38;4.92;9.83;Bueno;32.78;Bueno
2025-10-29;14:00;5;5.50;4.92;9.83;Bueno;32.78;Bueno
2025-10-29;15:00;5;5.54;4.92;9.83;Bueno;32.78;Bueno
2025-10-29;16:00;4;5.50;4.92;9.83;Bueno;32.78;Bueno
2025-10-29;17:00;3;5.46;4.92;9.83;Bueno;32.78;Bueno
2025-10-29;18:00;6;5.08;4.92;9.83;Bueno;32.78;Bueno
2025-10-29;19:00;5;5.04;4.92;9.83;Bueno;32.78;Bueno
2025-10-29;20:00;2;4.96;4.92;9.83;Bueno;32.78;Bueno
2025-10-29;21:00;2;5.00;4.92;9.83;Bueno;32.78;Bueno
2025-10-29;22:00;2;5.00;4.92;9.83;Bueno;32.78;Bueno
2025-10-29;23:00;1;4.92;4.92;9.83;Bueno;32.78;Bueno
2025-10-30;00:00;3;4.83;7.83;15.67;Bueno;52.22;Bueno
2025-10-30;01:00;2;4.67;7.83;15.67;Bueno;52.22;Bueno
2025-10-30;02:00;5;4.71;7.83;15.67;Bueno;52.22;Bueno
2025-10-30;03:00;23;5.54;7.83;15.67;Bueno;52.22;Bueno
2025-10-30;04:00;14;5.96;7.83;15.67;Bueno;52.22;Bueno
2025-10-30;05:00;8;6.04;7.83;15.67;Bueno;52.22;Bueno
2025-10-30;06:00;9;6.04;7.83;15.67;Bueno;52.22;Bueno
2025-10-30;07:00;16;6.33;7.83;15.67;Bueno;52.22;Bueno
2025-10-30;08:00;9;6.33;7.83;15.67;Bueno;52.22;Bueno
2025-10-30;09:00;9;6.38;7.83;15.67;Bueno;52.22;Bueno
2025-10-30;10:00;11;6.58;7.83;15.67;Bueno;52.22;Bueno
2025-10-30;11:00;13;6.88;7.83;15.67;Bueno;52.22;Bueno
2025-10-30;12:00;11;7.12;7.83;15.67;Bueno;52.22;Bueno
2025-10-30;13:00;9;7.38;7.83;15.67;Bueno;52.22;Bueno
2025-10-30;14:00;6;7.42;7.83;15.67;Bueno;52.22;Bueno
2025-10-30;15:00;5;7.42;7.83;15.67;Bueno;52.22;Bueno
2025-10-30;16:00;5;7.46;7.83;15.67;Bueno;52.22;Bueno
2025-10-30;17:00;6;7.58;7.83;15.67;Bueno;52.22;Bueno
2025-10-30;18:00;5;7.54;7.83;15.67;Bueno;52.22;Bueno
2025-10-30;19:00;3;7.46;7.83;15.67;Bueno;52.22;Bueno
2025-10-30;20:00;4;7.54;7.83;15.67;Bueno;52.22;Bueno
2025-10-30;21:00;5;7.67;7.83;15.67;Bueno;52.22;Bueno
2025-10-30;22:00;4;7.75;7.83;15.67;Bueno;52.22;Bueno
2025-10-30;23:00;3;7.83;7.83;15.67;Bueno;52.22;Bueno
2025-10-31;00:00;3;7.83;3.62;7.25;Bueno;24.17;Bueno
2025-10-31;01:00;1;7.79;3.62;7.25;Bueno;24.17;Bueno
2025-10-31;02:00;2;7.67;3.62;7.25;Bueno;24.17;Bueno
2025-10-31;03:00;16;7.38;3.62;7.25;Bueno;24.17;Bueno
2025-10-31;04:00;12;7.29;3.62;7.25;Bueno;24.17;Bueno
2025-10-31;05:00;6;7.21;3.62;7.25;Bueno;24.17;Bueno
2025-10-31;06:00;3;6.96;3.62;7.25;Bueno;24.17;Bueno
2025-10-31;07:00;7;6.58;3.62;7.25;Bueno;24.17;Bueno
2025-10-31;08:00;6;6.46;3.62;7.25;Bueno;24.17;Bueno
2025-10-31;09:00;1;6.12;3.62;7.25;Bueno;24.17;Bueno
2025-10-31;10:00;2;5.75;3.62;7.25;Bueno;24.17;Bueno
2025-10-31;11:00;1;5.25;3.62;7.25;Bueno;24.17;Bueno
2025-10-31;12:00;1;4.83;3.62;7.25;Bueno;24.17;Bueno
2025-10-31;13:00;1;4.50;3.62;7.25;Bueno;24.17;Bueno
2025-10-31;14:00;1;4.29;3.62;7.25;Bueno;24.17;Bueno
2025-10-31;15:00;1;4.12;3.62;7.25;Bueno;24.17;Bueno
2025-10-31;16:00;1;3.96;3.62;7.25;Bueno;24.17;Bueno
2025-10-31;17:00;1;3.75;3.62;7.25;Bueno;24.17;Bueno
2025-10-31;18:00;1;3.58;3.62;7.25;Bueno;24.17;Bueno
2025-10-31;19:00;3;3.58;3.62;7.25;Bueno;24.17;Bueno
2025-10-31;20:00;5;3.62;3.62;7.25;Bueno;24.17;Bueno
2025-10-31;21:00;3;3.54;3.62;7.25;Bueno;24.17;Bueno
2025-10-31;22:00;5;3.58;3.62;7.25;Bueno;24.17;Bueno
2025-10-31;23:00;4;3.62;3.62;7.25;Bueno;24.17;Bueno
2025-11-01;00:00;3;3.62;3.79;7.58;Bueno;25.28;Bueno
2025-11-01;01:00;4;3.75;3.79;7.58;Bueno;25.28;Bueno
2025-11-01;02:00;3;3.79;3.79;7.58;Bueno;25.28;Bueno
2025-11-01;03:00;4;3.29;3.79;7.58;Bueno;25.28;Bueno
2025-11-01;04:00;5;3.00;3.79;7.58;Bueno;25.28;Bueno
2025-11-01;05:00;6;3.00;3.79;7.58;Bueno;25.28;Bueno
2025-11-01;06:00;3;3.00;3.79;7.58;Bueno;25.28;Bueno
2025-11-01;07:00;1;2.75;3.79;7.58;Bueno;25.28;Bueno
2025-11-01;08:00;2;2.58;3.79;7.58;Bueno;25.28;Bueno
2025-11-01;09:00;4;2.71;3.79;7.58;Bueno;25.28;Bueno
2025-11-01;10:00;3;2.75;3.79;7.58;Bueno;25.28;Bueno
2025-11-01;11:00;4;2.88;3.79;7.58;Bueno;25.28;Bueno
2025-11-01;12:00;1;2.88;3.79;7.58;Bueno;25.28;Bueno
2025-11-01;13:00;1;2.88;3.79;7.58;Bueno;25.28;Bueno
2025-11-01;14:00;1;2.88;3.79;7.58;Bueno;25.28;Bueno
2025-11-01;15:00;1;2.88;3.79;7.58;Bueno;25.28;Bueno
2025-11-01;16:00;1;2.88;3.79;7.58;Bueno;25.28;Bueno
2025-11-01;17:00;1;2.88;3.79;7.58;Bueno;25.28;Bueno
2025-11-01;18:00;1;2.88;3.79;7.58;Bueno;25.28;Bueno
2025-11-01;19:00;2;2.83;3.79;7.58;Bueno;25.28;Bueno
2025-11-01;20:00;6;2.88;3.79;7.58;Bueno;25.28;Bueno
2025-11-01;21:00;13;3.29;3.79;7.58;Bueno;25.28;Bueno
2025-11-01;22:00;13;3.62;3.79;7.58;Bueno;25.28;Bueno
2025-11-01;23:00;8;3.79;3.79;7.58;Bueno;25.28;Bueno
2025-11-02;00:00;6;3.92;4.42;8.83;Bueno;29.44;Bueno
2025-11-02;01:00;9;4.12;4.42;8.83;Bueno;29.44;Bueno
2025-11-02;02:00;9;4.38;4.42;8.83;Bueno;29.44;Bueno
2025-11-02;03:00;6;4.46;4.42;8.83;Bueno;29.44;Bueno
2025-11-02;04:00;4;4.42;4.42;8.83;Bueno;29.44;Bueno
2025-11-02;05:00;5;4.38;4.42;8.83;Bueno;29.44;Bueno
2025-11-02;06:00;3;4.38;4.42;8.83;Bueno;29.44;Bueno
2025-11-02;07:00;4;4.50;4.42;8.83;Bueno;29.44;Bueno
2025-11-02;08:00;4;4.58;4.42;8.83;Bueno;29.44;Bueno
2025-11-02;09:00;5;4.62;4.42;8.83;Bueno;29.44;Bueno
2025-11-02;10:00;6;4.75;4.42;8.83;Bueno;29.44;Bueno
2025-11-02;11:00;6;4.83;4.42;8.83;Bueno;29.44;Bueno
2025-11-02;12:00;5;5.00;4.42;8.83;Bueno;29.44;Bueno
2025-11-02;13:00;1;5.00;4.42;8.83;Bueno;29.44;Bueno
2025-11-02;14:00;2;5.04;4.42;8.83;Bueno;29.44;Bueno
2025-11-02;15:00;4;5.17;4.42;8.83;Bueno;29.44;Bueno
2025-11-02;16:00;3;5.25;4.42;8.83;Bueno;29.44;Bueno
2025-11-02;17:00;4;5.38;4.42;8.83;Bueno;29.44;Bueno
2025-11-02;18:00;5;5.54;4.42;8.83;Bueno;29.44;Bueno
2025-11-02;19:00;4;5.62;4.42;8.83;Bueno;29.44;Bueno
2025-11-02;20:00;2;5.46;4.42;8.83;Bueno;29.44;Bueno
2025-11-02;21:00;3;5.04;4.42;8.83;Bueno;29.44;Bueno
2025-11-02;22:00;5;4.71;4.42;8.83;Bueno;29.44;Bueno
2025-11-02;23:00;1;4.42;4.42;8.83;Bueno;29.44;Bueno
2025-11-03;00:00;1;4.21;3.42;6.83;Bueno;22.78;Bueno
2025-11-03;01:00;3;3.96;3.42;6.83;Bueno;22.78;Bueno
2025-11-03;02:00;1;3.62;3.42;6.83;Bueno;22.78;Bueno
2025-11-03;03:00;1;3.42;3.42;6.83;Bueno;22.78;Bueno
2025-11-03;04:00;1;3.29;3.42;6.83;Bueno;22.78;Bueno
2025-11-03;05:00;2;3.17;3.42;6.83;Bueno;22.78;Bueno
2025-11-03;06:00;4;3.21;3.42;6.83;Bueno;22.78;Bueno
2025-11-03;07:00;9;3.42;3.42;6.83;Bueno;22.78;Bueno
2025-11-03;08:00;10;3.67;3.42;6.83;Bueno;22.78;Bueno
2025-11-03;09:00;4;3.62;3.42;6.83;Bueno;22.78;Bueno
2025-11-03;10:00;3;3.50;3.42;6.83;Bueno;22.78;Bueno
2025-11-03;11:00;3;3.38;3.42;6.83;Bueno;22.78;Bueno
2025-11-03;12:00;1;3.21;3.42;6.83;Bueno;22.78;Bueno
2025-11-03;13:00;3;3.29;3.42;6.83;Bueno;22.78;Bueno
2025-11-03;14:00;5;3.42;3.42;6.83;Bueno;22.78;Bueno
2025-11-03;15:00;4;3.42;3.42;6.83;Bueno;22.78;Bueno
2025-11-03;16:00;3;3.42;3.42;6.83;Bueno;22.78;Bueno
2025-11-03;17:00;3;3.38;3.42;6.83;Bueno;22.78;Bueno
2025-11-03;18:00;5;3.38;3.42;6.83;Bueno;22.78;Bueno
2025-11-03;19:00;5;3.42;3.42;6.83;Bueno;22.78;Bueno
2025-11-03;20:00;3;3.46;3.42;6.83;Bueno;22.78;Bueno
2025-11-03;21:00;4;3.50;3.42;6.83;Bueno;22.78;Bueno
2025-11-03;22:00;3;3.42;3.42;6.83;Bueno;22.78;Bueno
2025-11-03;23:00;1;3.42;3.42;6.83;Bueno;22.78;Bueno
2025-11-04;00:00;1;3.42;3.75;7.50;Bueno;25.00;Bueno
2025-11-04;01:00;1;3.33;3.75;7.50;Bueno;25.00;Bueno
2025-11-04;02:00;2;3.38;3.75;7.50;Bueno;25.00;Bueno
2025-11-04;03:00;1;3.38;3.75;7.50;Bueno;25.00;Bueno
2025-11-04;04:00;2;3.42;3.75;7.50;Bueno;25.00;Bueno
2025-11-04;05:00;1;3.38;3.75;7.50;Bueno;25.00;Bueno
2025-11-04;06:00;2;3.29;3.75;7.50;Bueno;25.00;Bueno
2025-11-04;07:00;6;3.17;3.75;7.50;Bueno;25.00;Bueno
2025-11-04;08:00;6;3.00;3.75;7.50;Bueno;25.00;Bueno
2025-11-04;09:00;6;3.08;3.75;7.50;Bueno;25.00;Bueno
2025-11-04;10:00;6;3.21;3.75;7.50;Bueno;25.00;Bueno
2025-11-04;11:00;3;3.21;3.75;7.50;Bueno;25.00;Bueno
2025-11-04;12:00;4;3.33;3.75;7.50;Bueno;25.00;Bueno
2025-11-04;13:00;6;3.46;3.75;7.50;Bueno;25.00;Bueno
2025-11-04;14:00;7;3.54;3.75;7.50;Bueno;25.00;Bueno
2025-11-04;15:00;6;3.62;3.75;7.50;Bueno;25.00;Bueno
2025-11-04;16:00;2;3.58;3.75;7.50;Bueno;25.00;Bueno
2025-11-04;17:00;3;3.58;3.75;7.50;Bueno;25.00;Bueno
2025-11-04;18:00;6;3.62;3.75;7.50;Bueno;25.00;Bueno
2025-11-04;19:00;7;3.71;3.75;7.50;Bueno;25.00;Bueno
2025-11-04;20:00;3;3.71;3.75;7.50;Bueno;25.00;Bueno
2025-11-04;21:00;3;3.67;3.75;7.50;Bueno;25.00;Bueno
2025-11-04;22:00;3;3.67;3.75;7.50;Bueno;25.00;Bueno
2025-11-04;23:00;3;3.75;3.75;7.50;Bueno;25.00;Bueno
2025-11-05;00:00;3;3.83;6.71;13.42;Bueno;44.72;Bueno
2025-11-05;01:00;3;3.92;6.71;13.42;Bueno;44.72;Bueno
2025-11-05;02:00;3;3.96;6.71;13.42;Bueno;44.72;Bueno
2025-11-05;03:00;5;4.12;6.71;13.42;Bueno;44.72;Bueno
2025-11-05;04:00;6;4.29;6.71;13.42;Bueno;44.72;Bueno
2025-11-05;05:00;3;4.38;6.71;13.42;Bueno;44.72;Bueno
2025-11-05;06:00;4;4.46;6.71;13.42;Bueno;44.72;Bueno
2025-11-05;07:00;21;5.08;6.71;13.42;Bueno;44.72;Bueno
2025-11-05;08:00;15;5.46;6.71;13.42;Bueno;44.72;Bueno
2025-11-05;09:00;12;5.71;6.71;13.42;Bueno;44.72;Bueno
2025-11-05;10:00;10;5.88;6.71;13.42;Bueno;44.72;Bueno
2025-11-05;11:00;9;6.12;6.71;13.42;Bueno;44.72;Bueno
2025-11-05;12:00;6;6.21;6.71;13.42;Bueno;44.72;Bueno
2025-11-05;13:00;5;6.17;6.71;13.42;Bueno;44.72;Bueno
2025-11-05;14:00;6;6.12;6.71;13.42;Bueno;44.72;Bueno
2025-11-05;15:00;6;6.12;6.71;13.42;Bueno;44.72;Bueno
2025-11-05;16:00;6;6.29;6.71;13.42;Bueno;44.72;Bueno
2025-11-05;17:00;8;6.50;6.71;13.42;Bueno;44.72;Bueno
2025-11-05;18:00;6;6.50;6.71;13.42;Bueno;44.72;Bueno
2025-11-05;19:00;6;6.46;6.71;13.42;Bueno;44.72;Bueno
2025-11-05;20:00;5;6.54;6.71;13.42;Bueno;44.72;Bueno
2025-11-05;21:00;3;6.54;6.71;13.42;Bueno;44.72;Bueno
2025-11-05;22:00;5;6.62;6.71;13.42;Bueno;44.72;Bueno
2025-11-05;23:00;5;6.71;6.71;13.42;Bueno;44.72;Bueno
2025-11-06;00:00;6;6.83;6.00;12.00;Bueno;40.00;Bueno
2025-11-06;01:00;6;6.96;6.00;12.00;Bueno;40.00;Bueno
2025-11-06;02:00;7;7.12;6.00;12.00;Bueno;40.00;Bueno
2025-11-06;03:00;9;7.29;6.00;12.00;Bueno;40.00;Bueno
2025-11-06;04:00;7;7.33;6.00;12.00;Bueno;40.00;Bueno
2025-11-06;05:00;14;7.79;6.00;12.00;Bueno;40.00;Bueno
2025-11-06;06:00;10;8.04;6.00;12.00;Bueno;40.00;Bueno
2025-11-06;07:00;9;7.54;6.00;12.00;Bueno;40.00;Bueno
2025-11-06;08:00;7;7.21;6.00;12.00;Bueno;40.00;Bueno
2025-11-06;09:00;6;6.96;6.00;12.00;Bueno;40.00;Bueno
2025-11-06;10:00;6;6.79;6.00;12.00;Bueno;40.00;Bueno
2025-11-06;11:00;5;6.62;6.00;12.00;Bueno;40.00;Bueno
2025-11-06;12:00;6;6.62;6.00;12.00;Bueno;40.00;Bueno
2025-11-06;13:00;5;6.62;6.00;12.00;Bueno;40.00;Bueno
2025-11-06;14:00;1;6.42;6.00;12.00;Bueno;40.00;Bueno
2025-11-06;15:00;1;6.21;6.00;12.00;Bueno;40.00;Bueno
2025-11-06;16:00;1;6.00;6.00;12.00;Bueno;40.00;Bueno
2025-11-06;17:00;4;5.83;6.00;12.00;Bueno;40.00;Bueno
2025-11-06;18:00;5;5.79;6.00;12.00;Bueno;40.00;Bueno
2025-11-06;19:00;5;5.75;6.00;12.00;Bueno;40.00;Bueno
2025-11-06;20:00;6;5.79;6.00;12.00;Bueno;40.00;Bueno
2025-11-06;21:00;5;5.88;6.00;12.00;Bueno;40.00;Bueno
2025-11-06;22:00;5;5.88;6.00;12.00;Bueno;40.00;Bueno
2025-11-06;23:00;8;6.00;6.00;12.00;Bueno;40.00;Bueno
2025-11-07;00:00;10;6.17;4.71;9.42;Bueno;31.39;Bueno
2025-11-07;01:00;7;6.21;4.71;9.42;Bueno;31.39;Bueno
2025-11-07;02:00;3;6.04;4.71;9.42;Bueno;31.39;Bueno
2025-11-07;03:00;1;5.71;4.71;9.42;Bueno;31.39;Bueno
2025-11-07;04:00;1;5.46;4.71;9.42;Bueno;31.39;Bueno
2025-11-07;05:00;2;4.96;4.71;9.42;Bueno;31.39;Bueno
2025-11-07;06:00;3;4.67;4.71;9.42;Bueno;31.39;Bueno
2025-11-07;07:00;9;4.67;4.71;9.42;Bueno;31.39;Bueno
2025-11-07;08:00;14;4.96;4.71;9.42;Bueno;31.39;Bueno
2025-11-07;09:00;12;5.21;4.71;9.42;Bueno;31.39;Bueno
2025-11-07;10:00;7;5.25;4.71;9.42;Bueno;31.39;Bueno
2025-11-07;11:00;3;5.17;4.71;9.42;Bueno;31.39;Bueno
2025-11-07;12:00;5;5.12;4.71;9.42;Bueno;31.39;Bueno
2025-11-07;13:00;5;5.12;4.71;9.42;Bueno;31.39;Bueno
2025-11-07;14:00;6;5.33;4.71;9.42;Bueno;31.39;Bueno
2025-11-07;15:00;3;5.42;4.71;9.42;Bueno;31.39;Bueno
2025-11-07;16:00;1;5.42;4.71;9.42;Bueno;31.39;Bueno
2025-11-07;17:00;1;5.29;4.71;9.42;Bueno;31.39;Bueno
2025-11-07;18:00;1;5.12;4.71;9.42;Bueno;31.39;Bueno
2025-11-07;19:00;2;5.00;4.71;9.42;Bueno;31.39;Bueno
2025-11-07;20:00;5;4.96;4.71;9.42;Bueno;31.39;Bueno
2025-11-07;21:00;3;4.88;4.71;9.42;Bueno;31.39;Bueno
2025-11-07;22:00;4;4.83;4.71;9.42;Bueno;31.39;Bueno
2025-11-07;23:00;5;4.71;4.71;9.42;Bueno;31.39;Bueno
2025-11-08;00:00;2;4.38;6.42;12.83;Bueno;42.78;Bueno
2025-11-08;01:00;1;4.12;6.42;12.83;Bueno;42.78;Bueno
2025-11-08;02:00;3;4.12;6.42;12.83;Bueno;42.78;Bueno
2025-11-08;03:00;5;4.29;6.42;12.83;Bueno;42.78;Bueno
2025-11-08;04:00;7;4.54;6.42;12.83;Bueno;42.78;Bueno
2025-11-08;05:00;7;4.75;6.42;12.83;Bueno;42.78;Bueno
2025-11-08;06:00;10;5.04;6.42;12.83;Bueno;42.78;Bueno
2025-11-08;07:00;13;5.21;6.42;12.83;Bueno;42.78;Bueno
2025-11-08;08:00;10;5.04;6.42;12.83;Bueno;42.78;Bueno
2025-11-08;09:00;8;4.88;6.42;12.83;Bueno;42.78;Bueno
2025-11-08;10:00;7;4.88;6.42;12.83;Bueno;42.78;Bueno
2025-11-08;11:00;6;5.00;6.42;12.83;Bueno;42.78;Bueno
2025-11-08;12:00;6;5.04;6.42;12.83;Bueno;42.78;Bueno
2025-11-08;13:00;7;5.12;6.42;12.83;Bueno;42.78;Bueno
2025-11-08;14:00;7;5.17;6.42;12.83;Bueno;42.78;Bueno
2025-11-08;15:00;6;5.29;6.42;12.83;Bueno;42.78;Bueno
2025-11-08;16:00;4;5.42;6.42;12.83;Bueno;42.78;Bueno
2025-11-08;17:00;6;5.62;6.42;12.83;Bueno;42.78;Bueno
2025-11-08;18:00;10;6.00;6.42;12.83;Bueno;42.78;Bueno
2025-11-08;19:00;8;6.25;6.42;12.83;Bueno;42.78;Bueno
2025-11-08;20:00;5;6.25;6.42;12.83;Bueno;42.78;Bueno
2025-11-08;21:00;5;6.33;6.42;12.83;Bueno;42.78;Bueno
2025-11-08;22:00;6;6.42;6.42;12.83;Bueno;42.78;Bueno
2025-11-08;23:00;5;6.42;6.42;12.83;Bueno;42.78;Bueno
2025-11-09;00:00;4;6.50;4.50;9.00;Bueno;30.00;Bueno
2025-11-09;01:00;3;6.58;4.50;9.00;Bueno;30.00;Bueno
2025-11-09;02:00;3;6.58;4.50;9.00;Bueno;30.00;Bueno
2025-11-09;03:00;6;6.62;4.50;9.00;Bueno;30.00;Bueno
2025-11-09;04:00;6;6.58;4.50;9.00;Bueno;30.00;Bueno
2025-11-09;05:00;5;6.50;4.50;9.00;Bueno;30.00;Bueno
2025-11-09;06:00;6;6.33;4.50;9.00;Bueno;30.00;Bueno
2025-11-09;07:00;6;6.04;4.50;9.00;Bueno;30.00;Bueno
2025-11-09;08:00;4;5.79;4.50;9.00;Bueno;30.00;Bueno
2025-11-09;09:00;3;5.58;4.50;9.00;Bueno;30.00;Bueno
2025-11-09;10:00;7;5.58;4.50;9.00;Bueno;30.00;Bueno
2025-11-09;11:00;7;5.62;4.50;9.00;Bueno;30.00;Bueno
2025-11-09;12:00;3;5.50;4.50;9.00;Bueno;30.00;Bueno
2025-11-09;13:00;6;5.46;4.50;9.00;Bueno;30.00;Bueno
2025-11-09;14:00;7;5.46;4.50;9.00;Bueno;30.00;Bueno
2025-11-09;15:00;6;5.46;4.50;9.00;Bueno;30.00;Bueno
2025-11-09;16:00;5;5.50;4.50;9.00;Bueno;30.00;Bueno
2025-11-09;17:00;3;5.38;4.50;9.00;Bueno;30.00;Bueno
2025-11-09;18:00;2;5.04;4.50;9.00;Bueno;30.00;Bueno
2025-11-09;19:00;3;4.83;4.50;9.00;Bueno;30.00;Bueno
2025-11-09;20:00;3;4.75;4.50;9.00;Bueno;30.00;Bueno
2025-11-09;21:00;3;4.67;4.50;9.00;Bueno;30.00;Bueno
2025-11-09;22:00;3;4.54;4.50;9.00;Bueno;30.00;Bueno
2025-11-09;23:00;4;4.50;4.50;9.00;Bueno;30.00;Bueno
2025-11-10;00:00;2;4.42;4.00;8.00;Bueno;26.67;Bueno
2025-11-10;01:00;2;4.38;4.00;8.00;Bueno;26.67;Bueno
2025-11-10;02:00;3;4.38;4.00;8.00;Bueno;26.67;Bueno
2025-11-10;03:00;1;4.17;4.00;8.00;Bueno;26.67;Bueno
2025-11-10;04:00;7;4.21;4.00;8.00;Bueno;26.67;Bueno
2025-11-10;05:00;10;4.42;4.00;8.00;Bueno;26.67;Bueno
2025-11-10;06:00;5;4.38;4.00;8.00;Bueno;26.67;Bueno
2025-11-10;07:00;6;4.38;4.00;8.00;Bueno;26.67;Bueno
2025-11-10;08:00;6;4.46;4.00;8.00;Bueno;26.67;Bueno
2025-11-10;09:00;7;4.62;4.00;8.00;Bueno;26.67;Bueno
2025-11-10;10:00;7;4.62;4.00;8.00;Bueno;26.67;Bueno
2025-11-10;11:00;9;4.71;4.00;8.00;Bueno;26.67;Bueno
2025-11-10;12:00;7;4.88;4.00;8.00;Bueno;26.67;Bueno
2025-11-10;13:00;3;4.75;4.00;8.00;Bueno;26.67;Bueno
2025-11-10;14:00;3;4.58;4.00;8.00;Bueno;26.67;Bueno
2025-11-10;15:00;;4.52;4.00;8.00;Bueno;26.67;Bueno
2025-11-10;16:00;3;4.43;4.00;8.00;Bueno;26.67;Bueno
2025-11-10;17:00;2;4.39;4.00;8.00;Bueno;26.67;Bueno
2025-11-10;18:00;3;4.43;4.00;8.00;Bueno;26.67;Bueno
2025-11-10;19:00;2;4.39;4.00;8.00;Bueno;26.67;Bueno
2025-11-10;20:00;1;4.30;4.00;8.00;Bueno;26.67;Bueno
2025-11-10;21:00;1;4.22;4.00;8.00;Bueno;26.67;Bueno
2025-11-10;22:00;1;4.13;4.00;8.00;Bueno;26.67;Bueno
2025-11-10;23:00;1;4.00;4.00;8.00;Bueno;26.67;Bueno
2025-11-11;00:00;1;3.96;2.29;4.58;Bueno;15.28;Bueno
2025-11-11;01:00;1;3.91;2.29;4.58;Bueno;15.28;Bueno
2025-11-11;02:00;1;3.83;2.29;4.58;Bueno;15.28;Bueno
2025-11-11;03:00;1;3.83;2.29;4.58;Bueno;15.28;Bueno
2025-11-11;04:00;1;3.57;2.29;4.58;Bueno;15.28;Bueno
2025-11-11;05:00;4;3.30;2.29;4.58;Bueno;15.28;Bueno
2025-11-11;06:00;6;3.35;2.29;4.58;Bueno;15.28;Bueno
2025-11-11;07:00;8;3.43;2.29;4.58;Bueno;15.28;Bueno
2025-11-11;08:00;4;3.35;2.29;4.58;Bueno;15.28;Bueno
2025-11-11;09:00;2;3.13;2.29;4.58;Bueno;15.28;Bueno
2025-11-11;10:00;3;2.96;2.29;4.58;Bueno;15.28;Bueno
2025-11-11;11:00;3;2.70;2.29;4.58;Bueno;15.28;Bueno
2025-11-11;12:00;1;2.43;2.29;4.58;Bueno;15.28;Bueno
2025-11-11;13:00;1;2.35;2.29;4.58;Bueno;15.28;Bueno
2025-11-11;14:00;1;2.26;2.29;4.58;Bueno;15.28;Bueno
2025-11-11;15:00;1;2.21;2.29;4.58;Bueno;15.28;Bueno
2025-11-11;16:00;1;2.12;2.29;4.58;Bueno;15.28;Bueno
2025-11-11;17:00;1;2.08;2.29;4.58;Bueno;15.28;Bueno
2025-11-11;18:00;3;2.08;2.29;4.58;Bueno;15.28;Bueno
2025-11-11;19:00;5;2.21;2.29;4.58;Bueno;15.28;Bueno
2025-11-11;20:00;3;2.29;2.29;4.58;Bueno;15.28;Bueno
2025-11-11;21:00;1;2.29;2.29;4.58;Bueno;15.28;Bueno
2025-11-11;22:00;1;2.29;2.29;4.58;Bueno;15.28;Bueno
2025-11-11;23:00;1;2.29;2.29;4.58;Bueno;15.28;Bueno
2025-11-12;00:00;1;2.29;5.50;11.00;Bueno;36.67;Bueno
2025-11-12;01:00;1;2.29;5.50;11.00;Bueno;36.67;Bueno
2025-11-12;02:00;1;2.29;5.50;11.00;Bueno;36.67;Bueno
2025-11-12;03:00;1;2.29;5.50;11.00;Bueno;36.67;Bueno
2025-11-12;04:00;1;2.29;5.50;11.00;Bueno;36.67;Bueno
2025-11-12;05:00;2;2.21;5.50;11.00;Bueno;36.67;Bueno
2025-11-12;06:00;3;2.08;5.50;11.00;Bueno;36.67;Bueno
2025-11-12;07:00;3;1.88;5.50;11.00;Bueno;36.67;Bueno
2025-11-12;08:00;5;1.92;5.50;11.00;Bueno;36.67;Bueno
2025-11-12;09:00;8;2.17;5.50;11.00;Bueno;36.67;Bueno
2025-11-12;10:00;6;2.29;5.50;11.00;Bueno;36.67;Bueno
2025-11-12;11:00;2;2.25;5.50;11.00;Bueno;36.67;Bueno
2025-11-12;12:00;3;2.33;5.50;11.00;Bueno;36.67;Bueno
2025-11-12;13:00;1;2.33;5.50;11.00;Bueno;36.67;Bueno
2025-11-12;14:00;3;2.42;5.50;11.00;Bueno;36.67;Bueno
2025-11-12;15:00;3;2.50;5.50;11.00;Bueno;36.67;Bueno
2025-11-12;16:00;3;2.58;5.50;11.00;Bueno;36.67;Bueno
2025-11-12;17:00;6;2.79;5.50;11.00;Bueno;36.67;Bueno
2025-11-12;18:00;5;2.88;5.50;11.00;Bueno;36.67;Bueno
2025-11-12;19:00;6;2.92;5.50;11.00;Bueno;36.67;Bueno
2025-11-12;20:00;26;3.88;5.50;11.00;Bueno;36.67;Bueno
2025-11-12;21:00;18;4.58;5.50;11.00;Bueno;36.67;Bueno
2025-11-12;22:00;5;4.75;5.50;11.00;Bueno;36.67;Bueno
2025-11-12;23:00;19;5.50;5.50;11.00;Bueno;36.67;Bueno
2025-11-13;00:00;3;5.58;5.29;10.58;Bueno;35.28;Bueno
2025-11-13;01:00;2;5.62;5.29;10.58;Bueno;35.28;Bueno
2025-11-13;02:00;1;5.62;5.29;10.58;Bueno;35.28;Bueno
2025-11-13;03:00;3;5.71;5.29;10.58;Bueno;35.28;Bueno
2025-11-13;04:00;4;5.83;5.29;10.58;Bueno;35.28;Bueno
2025-11-13;05:00;2;5.83;5.29;10.58;Bueno;35.28;Bueno
2025-11-13;06:00;3;5.83;5.29;10.58;Bueno;35.28;Bueno
2025-11-13;07:00;4;5.88;5.29;10.58;Bueno;35.28;Bueno
2025-11-13;08:00;4;5.83;5.29;10.58;Bueno;35.28;Bueno
2025-11-13;09:00;3;5.62;5.29;10.58;Bueno;35.28;Bueno
2025-11-13;10:00;4;5.54;5.29;10.58;Bueno;35.28;Bueno
2025-11-13;11:00;6;5.71;5.29;10.58;Bueno;35.28;Bueno
2025-11-13;12:00;6;5.83;5.29;10.58;Bueno;35.28;Bueno
2025-11-13;13:00;4;5.96;5.29;10.58;Bueno;35.28;Bueno
2025-11-13;14:00;4;6.00;5.29;10.58;Bueno;35.28;Bueno
2025-11-13;15:00;5;6.08;5.29;10.58;Bueno;35.28;Bueno
2025-11-13;16:00;3;6.08;5.29;10.58;Bueno;35.28;Bueno
2025-11-13;17:00;7;6.12;5.29;10.58;Bueno;35.28;Bueno
2025-11-13;18:00;9;6.29;5.29;10.58;Bueno;35.28;Bueno
2025-11-13;19:00;12;6.54;5.29;10.58;Bueno;35.28;Bueno
2025-11-13;20:00;12;5.96;5.29;10.58;Bueno;35.28;Bueno
2025-11-13;21:00;24;6.21;5.29;10.58;Bueno;35.28;Bueno
2025-11-13;22:00;1;6.04;5.29;10.58;Bueno;35.28;Bueno
2025-11-13;23:00;1;5.29;5.29;10.58;Bueno;35.28;Bueno
2025-11-14;00:00;2;5.25;5.79;11.58;Bueno;38.61;Bueno
2025-11-14;01:00;3;5.29;5.79;11.58;Bueno;38.61;Bueno
2025-11-14;02:00;3;5.38;5.79;11.58;Bueno;38.61;Bueno
2025-11-14;03:00;5;5.46;5.79;11.58;Bueno;38.61;Bueno
2025-11-14;04:00;4;5.46;5.79;11.58;Bueno;38.61;Bueno
2025-11-14;05:00;5;5.58;5.79;11.58;Bueno;38.61;Bueno
2025-11-14;06:00;7;5.75;5.79;11.58;Bueno;38.61;Bueno
2025-11-14;07:00;6;5.83;5.79;11.58;Bueno;38.61;Bueno
2025-11-14;08:00;6;5.92;5.79;11.58;Bueno;38.61;Bueno
2025-11-14;09:00;6;6.04;5.79;11.58;Bueno;38.61;Bueno
2025-11-14;10:00;4;6.04;5.79;11.58;Bueno;38.61;Bueno
2025-11-14;11:00;7;6.08;5.79;11.58;Bueno;38.61;Bueno
2025-11-14;12:00;12;6.33;5.79;11.58;Bueno;38.61;Bueno
2025-11-14;13:00;9;6.54;5.79;11.58;Bueno;38.61;Bueno
2025-11-14;14:00;7;6.67;5.79;11.58;Bueno;38.61;Bueno
2025-11-14;15:00;7;6.75;5.79;11.58;Bueno;38.61;Bueno
2025-11-14;16:00;7;6.92;5.79;11.58;Bueno;38.61;Bueno
2025-11-14;17:00;6;6.88;5.79;11.58;Bueno;38.61;Bueno
2025-11-14;18:00;5;6.71;5.79;11.58;Bueno;38.61;Bueno
2025-11-14;19:00;6;6.46;5.79;11.58;Bueno;38.61;Bueno
2025-11-14;20:00;6;6.21;5.79;11.58;Bueno;38.61;Bueno
2025-11-14;21:00;6;5.46;5.79;11.58;Bueno;38.61;Bueno
2025-11-14;22:00;6;5.67;5.79;11.58;Bueno;38.61;Bueno
2025-11-14;23:00;4;5.79;5.79;11.58;Bueno;38.61;Bueno
2025-11-15;00:00;9;6.08;5.04;10.08;Bueno;33.61;Bueno
2025-11-15;01:00;8;6.29;5.04;10.08;Bueno;33.61;Bueno
2025-11-15;02:00;2;6.25;5.04;10.08;Bueno;33.61;Bueno
2025-11-15;03:00;3;6.17;5.04;10.08;Bueno;33.61;Bueno
2025-11-15;04:00;5;6.21;5.04;10.08;Bueno;33.61;Bueno
2025-11-15;05:00;2;6.08;5.04;10.08;Bueno;33.61;Bueno
2025-11-15;06:00;4;5.96;5.04;10.08;Bueno;33.61;Bueno
2025-11-15;07:00;4;5.88;5.04;10.08;Bueno;33.61;Bueno
2025-11-15;08:00;3;5.75;5.04;10.08;Bueno;33.61;Bueno
2025-11-15;09:00;5;5.71;5.04;10.08;Bueno;33.61;Bueno
2025-11-15;10:00;8;5.88;5.04;10.08;Bueno;33.61;Bueno
2025-11-15;11:00;8;5.92;5.04;10.08;Bueno;33.61;Bueno
2025-11-15;12:00;5;5.62;5.04;10.08;Bueno;33.61;Bueno
2025-11-15;13:00;3;5.38;5.04;10.08;Bueno;33.61;Bueno
2025-11-15;14:00;4;5.25;5.04;10.08;Bueno;33.61;Bueno
2025-11-15;15:00;4;5.12;5.04;10.08;Bueno;33.61;Bueno
2025-11-15;16:00;7;5.12;5.04;10.08;Bueno;33.61;Bueno
2025-11-15;17:00;10;5.29;5.04;10.08;Bueno;33.61;Bueno
2025-11-15;18:00;9;5.46;5.04;10.08;Bueno;33.61;Bueno
2025-11-15;19:00;5;5.42;5.04;10.08;Bueno;33.61;Bueno
2025-11-15;20:00;5;5.38;5.04;10.08;Bueno;33.61;Bueno
2025-11-15;21:00;5;5.33;5.04;10.08;Bueno;33.61;Bueno
2025-11-15;22:00;2;5.17;5.04;10.08;Bueno;33.61;Bueno
2025-11-15;23:00;1;5.04;5.04;10.08;Bueno;33.61;Bueno
2025-11-16;00:00;2;4.75;3.79;7.58;Bueno;25.28;Bueno
2025-11-16;01:00;1;4.46;3.79;7.58;Bueno;25.28;Bueno
2025-11-16;02:00;1;4.42;3.79;7.58;Bueno;25.28;Bueno
2025-11-16;03:00;1;4.33;3.79;7.58;Bueno;25.28;Bueno
2025-11-16;04:00;3;4.25;3.79;7.58;Bueno;25.28;Bueno
2025-11-16;05:00;4;4.33;3.79;7.58;Bueno;25.28;Bueno
2025-11-16;06:00;4;4.33;3.79;7.58;Bueno;25.28;Bueno
2025-11-16;07:00;6;4.42;3.79;7.58;Bueno;25.28;Bueno
2025-11-16;08:00;5;4.50;3.79;7.58;Bueno;25.28;Bueno
2025-11-16;09:00;3;4.42;3.79;7.58;Bueno;25.28;Bueno
2025-11-16;10:00;3;4.21;3.79;7.58;Bueno;25.28;Bueno
2025-11-16;11:00;2;3.96;3.79;7.58;Bueno;25.28;Bueno
2025-11-16;12:00;3;3.88;3.79;7.58;Bueno;25.28;Bueno
2025-11-16;13:00;4;3.92;3.79;7.58;Bueno;25.28;Bueno
2025-11-16;14:00;3;3.88;3.79;7.58;Bueno;25.28;Bueno
2025-11-16;15:00;3;3.83;3.79;7.58;Bueno;25.28;Bueno
2025-11-16;16:00;3;3.67;3.79;7.58;Bueno;25.28;Bueno
2025-11-16;17:00;1;3.29;3.79;7.58;Bueno;25.28;Bueno
2025-11-16;18:00;1;2.96;3.79;7.58;Bueno;25.28;Bueno
2025-11-16;19:00;3;2.88;3.79;7.58;Bueno;25.28;Bueno
2025-11-16;20:00;4;2.83;3.79;7.58;Bueno;25.28;Bueno
2025-11-16;21:00;10;3.04;3.79;7.58;Bueno;25.28;Bueno
2025-11-16;22:00;12;3.46;3.79;7.58;Bueno;25.28;Bueno
2025-11-16;23:00;9;3.79;3.79;7.58;Bueno;25.28;Bueno
2025-11-17;00:00;7;4.00;7.04;14.08;Bueno;46.94;Bueno
2025-11-17;01:00;6;4.21;7.04;14.08;Bueno;46.94;Bueno
2025-11-17;02:00;4;4.33;7.04;14.08;Bueno;46.94;Bueno
2025-11-17;03:00;2;4.38;7.04;14.08;Bueno;46.94;Bueno
2025-11-17;04:00;4;4.42;7.04;14.08;Bueno;46.94;Bueno
2025-11-17;05:00;6;4.50;7.04;14.08;Bueno;46.94;Bueno
2025-11-17;06:00;7;4.62;7.04;14.08;Bueno;46.94;Bueno
2025-11-17;07:00;11;4.83;7.04;14.08;Bueno;46.94;Bueno
2025-11-17;08:00;10;5.04;7.04;14.08;Bueno;46.94;Bueno
2025-11-17;09:00;7;5.21;7.04;14.08;Bueno;46.94;Bueno
2025-11-17;10:00;6;5.33;7.04;14.08;Bueno;46.94;Bueno
2025-11-17;11:00;7;5.54;7.04;14.08;Bueno;46.94;Bueno
2025-11-17;12:00;9;5.79;7.04;14.08;Bueno;46.94;Bueno
2025-11-17;13:00;12;6.12;7.04;14.08;Bueno;46.94;Bueno
2025-11-17;14:00;14;6.58;7.04;14.08;Bueno;46.94;Bueno
2025-11-17;15:00;12;6.96;7.04;14.08;Bueno;46.94;Bueno
2025-11-17;16:00;11;7.29;7.04;14.08;Bueno;46.94;Bueno
2025-11-17;17:00;9;7.62;7.04;14.08;Bueno;46.94;Bueno
2025-11-17;18:00;7;7.88;7.04;14.08;Bueno;46.94;Bueno
2025-11-17;19:00;6;8.00;7.04;14.08;Bueno;46.94;Bueno
2025-11-17;20:00;6;8.08;7.04;14.08;Bueno;46.94;Bueno
2025-11-17;21:00;4;7.83;7.04;14.08;Bueno;46.94;Bueno
2025-11-17;22:00;1;7.38;7.04;14.08;Bueno;46.94;Bueno
2025-11-17;23:00;1;7.04;7.04;14.08;Bueno;46.94;Bueno
2025-11-18;00:00;3;6.88;3.50;7.00;Bueno;23.33;Bueno
2025-11-18;01:00;2;6.71;3.50;7.00;Bueno;23.33;Bueno
2025-11-18;02:00;1;6.58;3.50;7.00;Bueno;23.33;Bueno
2025-11-18;03:00;1;6.54;3.50;7.00;Bueno;23.33;Bueno
2025-11-18;04:00;2;6.46;3.50;7.00;Bueno;23.33;Bueno
2025-11-18;05:00;3;6.33;3.50;7.00;Bueno;23.33;Bueno
2025-11-18;06:00;4;6.21;3.50;7.00;Bueno;23.33;Bueno
2025-11-18;07:00;4;5.92;3.50;7.00;Bueno;23.33;Bueno
2025-11-18;08:00;4;5.67;3.50;7.00;Bueno;23.33;Bueno
2025-11-18;09:00;4;5.54;3.50;7.00;Bueno;23.33;Bueno
2025-11-18;10:00;3;5.42;3.50;7.00;Bueno;23.33;Bueno
2025-11-18;11:00;3;5.25;3.50;7.00;Bueno;23.33;Bueno
2025-11-18;12:00;2;4.96;3.50;7.00;Bueno;23.33;Bueno
2025-11-18;13:00;4;4.62;3.50;7.00;Bueno;23.33;Bueno
2025-11-18;14:00;5;4.25;3.50;7.00;Bueno;23.33;Bueno
2025-11-18;15:00;6;4.00;3.50;7.00;Bueno;23.33;Bueno
2025-11-18;16:00;4;3.71;3.50;7.00;Bueno;23.33;Bueno
2025-11-18;17:00;1;3.38;3.50;7.00;Bueno;23.33;Bueno
2025-11-18;18:00;1;3.12;3.50;7.00;Bueno;23.33;Bueno
2025-11-18;19:00;2;2.96;3.50;7.00;Bueno;23.33;Bueno
2025-11-18;20:00;6;2.96;3.50;7.00;Bueno;23.33;Bueno
2025-11-18;21:00;7;3.08;3.50;7.00;Bueno;23.33;Bueno
2025-11-18;22:00;7;3.33;3.50;7.00;Bueno;23.33;Bueno
2025-11-18;23:00;5;3.50;3.50;7.00;Bueno;23.33;Bueno
2025-11-19;00:00;5;3.58;6.46;12.92;Bueno;43.06;Bueno
2025-11-19;01:00;6;3.75;6.46;12.92;Bueno;43.06;Bueno
2025-11-19;02:00;6;3.96;6.46;12.92;Bueno;43.06;Bueno
2025-11-19;03:00;5;4.12;6.46;12.92;Bueno;43.06;Bueno
2025-11-19;04:00;4;4.21;6.46;12.92;Bueno;43.06;Bueno
2025-11-19;05:00;4;4.25;6.46;12.92;Bueno;43.06;Bueno
2025-11-19;06:00;6;4.33;6.46;12.92;Bueno;43.06;Bueno
2025-11-19;07:00;6;4.42;6.46;12.92;Bueno;43.06;Bueno
2025-11-19;08:00;7;4.54;6.46;12.92;Bueno;43.06;Bueno
2025-11-19;09:00;9;4.75;6.46;12.92;Bueno;43.06;Bueno
2025-11-19;10:00;8;4.96;6.46;12.92;Bueno;43.06;Bueno
2025-11-19;11:00;6;5.08;6.46;12.92;Bueno;43.06;Bueno
2025-11-19;12:00;6;5.25;6.46;12.92;Bueno;43.06;Bueno
2025-11-19;13:00;6;5.33;6.46;12.92;Bueno;43.06;Bueno
2025-11-19;14:00;7;5.42;6.46;12.92;Bueno;43.06;Bueno
2025-11-19;15:00;6;5.42;6.46;12.92;Bueno;43.06;Bueno
2025-11-19;16:00;1;5.29;6.46;12.92;Bueno;43.06;Bueno
2025-11-19;17:00;1;5.29;6.46;12.92;Bueno;43.06;Bueno
2025-11-19;18:00;3;5.38;6.46;12.92;Bueno;43.06;Bueno
2025-11-19;19:00;7;5.58;6.46;12.92;Bueno;43.06;Bueno
2025-11-19;20:00;8;5.67;6.46;12.92;Bueno;43.06;Bueno
2025-11-19;21:00;6;5.62;6.46;12.92;Bueno;43.06;Bueno
2025-11-19;22:00;24;6.33;6.46;12.92;Bueno;43.06;Bueno
2025-11-19;23:00;8;6.46;6.46;12.92;Bueno;43.06;Bueno
2025-11-20;00:00;7;6.54;6.92;13.83;Bueno;46.11;Bueno
2025-11-20;01:00;5;6.50;6.92;13.83;Bueno;46.11;Bueno
2025-11-20;02:00;3;6.38;6.92;13.83;Bueno;46.11;Bueno
2025-11-20;03:00;4;6.33;6.92;13.83;Bueno;46.11;Bueno
2025-11-20;04:00;2;6.25;6.92;13.83;Bueno;46.11;Bueno
2025-11-20;05:00;3;6.21;6.92;13.83;Bueno;46.11;Bueno
2025-11-20;06:00;9;6.33;6.92;13.83;Bueno;46.11;Bueno
2025-11-20;07:00;9;6.46;6.92;13.83;Bueno;46.11;Bueno
2025-11-20;08:00;5;6.38;6.92;13.83;Bueno;46.11;Bueno
2025-11-20;09:00;5;6.21;6.92;13.83;Bueno;46.11;Bueno
2025-11-20;10:00;7;6.17;6.92;13.83;Bueno;46.11;Bueno
2025-11-20;11:00;7;6.21;6.92;13.83;Bueno;46.11;Bueno
2025-11-20;12:00;9;6.33;6.92;13.83;Bueno;46.11;Bueno
2025-11-20;13:00;8;6.42;6.92;13.83;Bueno;46.11;Bueno
2025-11-20;14:00;8;6.46;6.92;13.83;Bueno;46.11;Bueno
2025-11-20;15:00;11;6.67;6.92;13.83;Bueno;46.11;Bueno
2025-11-20;16:00;10;7.04;6.92;13.83;Bueno;46.11;Bueno
2025-11-20;17:00;6;7.25;6.92;13.83;Bueno;46.11;Bueno
2025-11-20;18:00;8;7.46;6.92;13.83;Bueno;46.11;Bueno
2025-11-20;19:00;9;7.54;6.92;13.83;Bueno;46.11;Bueno
2025-11-20;20:00;7;7.50;6.92;13.83;Bueno;46.11;Bueno
2025-11-20;21:00;7;7.54;6.92;13.83;Bueno;46.11;Bueno
2025-11-20;22:00;10;6.96;6.92;13.83;Bueno;46.11;Bueno
2025-11-20;23:00;7;6.92;6.92;13.83;Bueno;46.11;Bueno
2025-11-21;00:00;3;6.75;6.62;13.25;Bueno;44.17;Bueno
2025-11-21;01:00;5;6.75;6.62;13.25;Bueno;44.17;Bueno
2025-11-21;02:00;5;6.83;6.62;13.25;Bueno;44.17;Bueno
2025-11-21;03:00;1;6.71;6.62;13.25;Bueno;44.17;Bueno
2025-11-21;04:00;2;6.71;6.62;13.25;Bueno;44.17;Bueno
2025-11-21;05:00;6;6.83;6.62;13.25;Bueno;44.17;Bueno
2025-11-21;06:00;7;6.75;6.62;13.25;Bueno;44.17;Bueno
2025-11-21;07:00;5;6.58;6.62;13.25;Bueno;44.17;Bueno
2025-11-21;08:00;5;6.58;6.62;13.25;Bueno;44.17;Bueno
2025-11-21;09:00;6;6.62;6.62;13.25;Bueno;44.17;Bueno
2025-11-21;10:00;6;6.58;6.62;13.25;Bueno;44.17;Bueno
2025-11-21;11:00;5;6.50;6.62;13.25;Bueno;44.17;Bueno
2025-11-21;12:00;5;6.33;6.62;13.25;Bueno;44.17;Bueno
2025-11-21;13:00;6;6.25;6.62;13.25;Bueno;44.17;Bueno
2025-11-21;14:00;8;6.25;6.62;13.25;Bueno;44.17;Bueno
2025-11-21;15:00;7;6.08;6.62;13.25;Bueno;44.17;Bueno
2025-11-21;16:00;3;5.79;6.62;13.25;Bueno;44.17;Bueno
2025-11-21;17:00;2;5.62;6.62;13.25;Bueno;44.17;Bueno
2025-11-21;18:00;3;5.42;6.62;13.25;Bueno;44.17;Bueno
2025-11-21;19:00;1;5.08;6.62;13.25;Bueno;44.17;Bueno
2025-11-21;20:00;15;5.42;6.62;13.25;Bueno;44.17;Bueno
2025-11-21;21:00;8;5.46;6.62;13.25;Bueno;44.17;Bueno
2025-11-21;22:00;23;6.00;6.62;13.25;Bueno;44.17;Bueno
2025-11-21;23:00;22;6.62;6.62;13.25;Bueno;44.17;Bueno
2025-11-22;00:00;26;7.58;11.26;22.52;Bueno;75.07;Bueno
2025-11-22;01:00;17;8.08;11.26;22.52;Bueno;75.07;Bueno
2025-11-22;02:00;18;8.62;11.26;22.52;Bueno;75.07;Bueno
2025-11-22;03:00;23;9.54;11.26;22.52;Bueno;75.07;Bueno
2025-11-22;04:00;9;9.83;11.26;22.52;Bueno;75.07;Bueno
2025-11-22;05:00;21;10.46;11.26;22.52;Bueno;75.07;Bueno
2025-11-22;06:00;8;10.50;11.26;22.52;Bueno;75.07;Bueno
2025-11-22;07:00;7;10.58;11.26;22.52;Bueno;75.07;Bueno
2025-11-22;08:00;9;10.75;11.26;22.52;Bueno;75.07;Bueno
2025-11-22;09:00;12;11.00;11.26;22.52;Bueno;75.07;Bueno
2025-11-22;10:00;10;11.17;11.26;22.52;Bueno;75.07;Bueno
2025-11-22;11:00;8;11.29;11.26;22.52;Bueno;75.07;Bueno
2025-11-22;12:00;9;11.46;11.26;22.52;Bueno;75.07;Bueno
2025-11-22;13:00;9;11.58;11.26;22.52;Bueno;75.07;Bueno
2025-11-22;14:00;;11.74;11.26;22.52;Bueno;75.07;Bueno
2025-11-22;15:00;6;11.70;11.26;22.52;Bueno;75.07;Bueno
2025-11-22;16:00;3;11.70;11.26;22.52;Bueno;75.07;Bueno
2025-11-22;17:00;5;11.83;11.26;22.52;Bueno;75.07;Bueno
2025-11-22;18:00;11;12.17;11.26;22.52;Bueno;75.07;Bueno
2025-11-22;19:00;9;12.52;11.26;22.52;Bueno;75.07;Bueno
2025-11-22;20:00;6;12.13;11.26;22.52;Bueno;75.07;Bueno
2025-11-22;21:00;17;12.52;11.26;22.52;Bueno;75.07;Bueno
2025-11-22;22:00;7;11.83;11.26;22.52;Bueno;75.07;Bueno
2025-11-22;23:00;9;11.26;11.26;22.52;Bueno;75.07;Bueno
2025-11-23;00:00;10;10.57;7.83;15.67;Bueno;52.22;Bueno
2025-11-23;01:00;9;10.22;7.83;15.67;Bueno;52.22;Bueno
2025-11-23;02:00;7;9.74;7.83;15.67;Bueno;52.22;Bueno
2025-11-23;03:00;5;8.96;7.83;15.67;Bueno;52.22;Bueno
2025-11-23;04:00;6;8.83;7.83;15.67;Bueno;52.22;Bueno
2025-11-23;05:00;6;8.17;7.83;15.67;Bueno;52.22;Bueno
2025-11-23;06:00;5;8.04;7.83;15.67;Bueno;52.22;Bueno
2025-11-23;07:00;8;8.09;7.83;15.67;Bueno;52.22;Bueno
2025-11-23;08:00;10;8.13;7.83;15.67;Bueno;52.22;Bueno
2025-11-23;09:00;12;8.13;7.83;15.67;Bueno;52.22;Bueno
2025-11-23;10:00;11;8.17;7.83;15.67;Bueno;52.22;Bueno
2025-11-23;11:00;11;8.30;7.83;15.67;Bueno;52.22;Bueno
2025-11-23;12:00;9;8.30;7.83;15.67;Bueno;52.22;Bueno
2025-11-23;13:00;5;8.13;7.83;15.67;Bueno;52.22;Bueno
2025-11-23;14:00;6;8.04;7.83;15.67;Bueno;52.22;Bueno
2025-11-23;15:00;7;8.08;7.83;15.67;Bueno;52.22;Bueno
2025-11-23;16:00;8;8.29;7.83;15.67;Bueno;52.22;Bueno
2025-11-23;17:00;9;8.46;7.83;15.67;Bueno;52.22;Bueno
2025-11-23;18:00;9;8.38;7.83;15.67;Bueno;52.22;Bueno
2025-11-23;19:00;6;8.25;7.83;15.67;Bueno;52.22;Bueno
2025-11-23;20:00;8;8.33;7.83;15.67;Bueno;52.22;Bueno
2025-11-23;21:00;9;8.00;7.83;15.67;Bueno;52.22;Bueno
2025-11-23;22:00;6;7.96;7.83;15.67;Bueno;52.22;Bueno
2025-11-23;23:00;6;7.83;7.83;15.67;Bueno;52.22;Bueno
2025-11-24;00:00;5;7.62;6.42;12.83;Bueno;42.78;Bueno
2025-11-24;01:00;5;7.46;6.42;12.83;Bueno;42.78;Bueno
2025-11-24;02:00;6;7.42;6.42;12.83;Bueno;42.78;Bueno
2025-11-24;03:00;3;7.33;6.42;12.83;Bueno;42.78;Bueno
2025-11-24;04:00;1;7.12;6.42;12.83;Bueno;42.78;Bueno
2025-11-24;05:00;3;7.00;6.42;12.83;Bueno;42.78;Bueno
2025-11-24;06:00;4;6.96;6.42;12.83;Bueno;42.78;Bueno
2025-11-24;07:00;7;6.92;6.42;12.83;Bueno;42.78;Bueno
2025-11-24;08:00;20;7.33;6.42;12.83;Bueno;42.78;Bueno
2025-11-24;09:00;5;7.04;6.42;12.83;Bueno;42.78;Bueno
2025-11-24;10:00;6;6.83;6.42;12.83;Bueno;42.78;Bueno
2025-11-24;11:00;6;6.62;6.42;12.83;Bueno;42.78;Bueno
2025-11-24;12:00;7;6.54;6.42;12.83;Bueno;42.78;Bueno
2025-11-24;13:00;9;6.71;6.42;12.83;Bueno;42.78;Bueno
2025-11-24;14:00;10;6.88;6.42;12.83;Bueno;42.78;Bueno
2025-11-24;15:00;9;6.96;6.42;12.83;Bueno;42.78;Bueno
2025-11-24;16:00;6;6.88;6.42;12.83;Bueno;42.78;Bueno
2025-11-24;17:00;6;6.75;6.42;12.83;Bueno;42.78;Bueno
2025-11-24;18:00;7;6.67;6.42;12.83;Bueno;42.78;Bueno
2025-11-24;19:00;7;6.71;6.42;12.83;Bueno;42.78;Bueno
2025-11-24;20:00;6;6.62;6.42;12.83;Bueno;42.78;Bueno
2025-11-24;21:00;5;6.46;6.42;12.83;Bueno;42.78;Bueno
2025-11-24;22:00;5;6.42;6.42;12.83;Bueno;42.78;Bueno
2025-11-24;23:00;6;6.42;6.42;12.83;Bueno;42.78;Bueno
2025-11-25;00:00;24;7.21;7.08;14.17;Bueno;47.22;Bueno
2025-11-25;01:00;1;7.04;7.08;14.17;Bueno;47.22;Bueno
2025-11-25;02:00;2;6.88;7.08;14.17;Bueno;47.22;Bueno
2025-11-25;03:00;4;6.92;7.08;14.17;Bueno;47.22;Bueno
2025-11-25;04:00;5;7.08;7.08;14.17;Bueno;47.22;Bueno
2025-11-25;05:00;5;7.17;7.08;14.17;Bueno;47.22;Bueno
2025-11-25;06:00;9;7.38;7.08;14.17;Bueno;47.22;Bueno
2025-11-25;07:00;9;7.46;7.08;14.17;Bueno;47.22;Bueno
2025-11-25;08:00;7;6.92;7.08;14.17;Bueno;47.22;Bueno
2025-11-25;09:00;9;7.08;7.08;14.17;Bueno;47.22;Bueno
2025-11-25;10:00;11;7.29;7.08;14.17;Bueno;47.22;Bueno
2025-11-25;11:00;12;7.54;7.08;14.17;Bueno;47.22;Bueno
2025-11-25;12:00;11;7.71;7.08;14.17;Bueno;47.22;Bueno
2025-11-25;13:00;9;7.71;7.08;14.17;Bueno;47.22;Bueno
2025-11-25;14:00;6;7.54;7.08;14.17;Bueno;47.22;Bueno
2025-11-25;15:00;7;7.46;7.08;14.17;Bueno;47.22;Bueno
2025-11-25;16:00;5;7.42;7.08;14.17;Bueno;47.22;Bueno
2025-11-25;17:00;9;7.54;7.08;14.17;Bueno;47.22;Bueno
2025-11-25;18:00;6;7.50;7.08;14.17;Bueno;47.22;Bueno
2025-11-25;19:00;3;7.33;7.08;14.17;Bueno;47.22;Bueno
2025-11-25;20:00;4;7.25;7.08;14.17;Bueno;47.22;Bueno
2025-11-25;21:00;3;7.17;7.08;14.17;Bueno;47.22;Bueno
2025-11-25;22:00;4;7.12;7.08;14.17;Bueno;47.22;Bueno
2025-11-25;23:00;5;7.08;7.08;14.17;Bueno;47.22;Bueno
2025-11-26;00:00;4;6.25;6.88;13.75;Bueno;45.83;Bueno
2025-11-26;01:00;5;6.42;6.88;13.75;Bueno;45.83;Bueno
2025-11-26;02:00;14;6.92;6.88;13.75;Bueno;45.83;Bueno
2025-11-26;03:00;5;6.96;6.88;13.75;Bueno;45.83;Bueno
2025-11-26;04:00;7;7.04;6.88;13.75;Bueno;45.83;Bueno
2025-11-26;05:00;8;7.17;6.88;13.75;Bueno;45.83;Bueno
2025-11-26;06:00;9;7.17;6.88;13.75;Bueno;45.83;Bueno
2025-11-26;07:00;9;7.17;6.88;13.75;Bueno;45.83;Bueno
2025-11-26;08:00;6;7.12;6.88;13.75;Bueno;45.83;Bueno
2025-11-26;09:00;9;7.12;6.88;13.75;Bueno;45.83;Bueno
2025-11-26;10:00;11;7.12;6.88;13.75;Bueno;45.83;Bueno
2025-11-26;11:00;6;6.88;6.88;13.75;Bueno;45.83;Bueno
2025-11-26;12:00;3;6.54;6.88;13.75;Bueno;45.83;Bueno
2025-11-26;13:00;2;6.25;6.88;13.75;Bueno;45.83;Bueno
2025-11-26;14:00;1;6.04;6.88;13.75;Bueno;45.83;Bueno
2025-11-26;15:00;1;5.79;6.88;13.75;Bueno;45.83;Bueno
2025-11-26;16:00;1;5.62;6.88;13.75;Bueno;45.83;Bueno
2025-11-26;17:00;1;5.29;6.88;13.75;Bueno;45.83;Bueno
2025-11-26;18:00;1;5.08;6.88;13.75;Bueno;45.83;Bueno
2025-11-26;19:00;1;5.00;6.88;13.75;Bueno;45.83;Bueno
2025-11-26;20:00;5;5.04;6.88;13.75;Bueno;45.83;Bueno
2025-11-26;21:00;8;5.25;6.88;13.75;Bueno;45.83;Bueno
2025-11-26;22:00;6;5.33;6.88;13.75;Bueno;45.83;Bueno
2025-11-26;23:00;42;6.88;6.88;13.75;Bueno;45.83;Bueno
2025-11-27;00:00;5;6.92;7.12;14.25;Bueno;47.50;Bueno
2025-11-27;01:00;9;7.08;7.12;14.25;Bueno;47.50;Bueno
2025-11-27;02:00;9;6.88;7.12;14.25;Bueno;47.50;Bueno
2025-11-27;03:00;6;6.92;7.12;14.25;Bueno;47.50;Bueno
2025-11-27;04:00;8;6.96;7.12;14.25;Bueno;47.50;Bueno
2025-11-27;05:00;7;6.92;7.12;14.25;Bueno;47.50;Bueno
2025-11-27;06:00;9;6.92;7.12;14.25;Bueno;47.50;Bueno
2025-11-27;07:00;19;7.33;7.12;14.25;Bueno;47.50;Bueno
2025-11-27;08:00;7;7.38;7.12;14.25;Bueno;47.50;Bueno
2025-11-27;09:00;7;7.29;7.12;14.25;Bueno;47.50;Bueno
2025-11-27;10:00;6;7.08;7.12;14.25;Bueno;47.50;Bueno
2025-11-27;11:00;9;7.21;7.12;14.25;Bueno;47.50;Bueno
2025-11-27;12:00;11;7.54;7.12;14.25;Bueno;47.50;Bueno
2025-11-27;13:00;6;7.71;7.12;14.25;Bueno;47.50;Bueno
2025-11-27;14:00;6;7.92;7.12;14.25;Bueno;47.50;Bueno
2025-11-27;15:00;10;8.29;7.12;14.25;Bueno;47.50;Bueno
2025-11-27;16:00;9;8.62;7.12;14.25;Bueno;47.50;Bueno
2025-11-27;17:00;8;8.92;7.12;14.25;Bueno;47.50;Bueno
2025-11-27;18:00;6;9.12;7.12;14.25;Bueno;47.50;Bueno
2025-11-27;19:00;4;9.25;7.12;14.25;Bueno;47.50;Bueno
2025-11-27;20:00;4;9.21;7.12;14.25;Bueno;47.50;Bueno
2025-11-27;21:00;2;8.96;7.12;14.25;Bueno;47.50;Bueno
2025-11-27;22:00;1;8.75;7.12;14.25;Bueno;47.50;Bueno
2025-11-27;23:00;3;7.12;7.12;14.25;Bueno;47.50;Bueno
2025-11-28;00:00;1;6.96;4.00;8.00;Bueno;26.67;Bueno
2025-11-28;01:00;1;6.62;4.00;8.00;Bueno;26.67;Bueno
2025-11-28;02:00;1;6.29;4.00;8.00;Bueno;26.67;Bueno
2025-11-28;03:00;1;6.08;4.00;8.00;Bueno;26.67;Bueno
2025-11-28;04:00;3;5.88;4.00;8.00;Bueno;26.67;Bueno
2025-11-28;05:00;1;5.62;4.00;8.00;Bueno;26.67;Bueno
2025-11-28;06:00;23;6.21;4.00;8.00;Bueno;26.67;Bueno
2025-11-28;07:00;29;6.62;4.00;8.00;Bueno;26.67;Bueno
2025-11-28;08:00;6;6.58;4.00;8.00;Bueno;26.67;Bueno
2025-11-28;09:00;3;6.42;4.00;8.00;Bueno;26.67;Bueno
2025-11-28;10:00;2;6.25;4.00;8.00;Bueno;26.67;Bueno
2025-11-28;11:00;2;5.96;4.00;8.00;Bueno;26.67;Bueno
2025-11-28;12:00;1;5.54;4.00;8.00;Bueno;26.67;Bueno
2025-11-28;13:00;1;5.33;4.00;8.00;Bueno;26.67;Bueno
2025-11-28;14:00;1;5.12;4.00;8.00;Bueno;26.67;Bueno
2025-11-28;15:00;2;4.79;4.00;8.00;Bueno;26.67;Bueno
2025-11-28;16:00;2;4.50;4.00;8.00;Bueno;26.67;Bueno
2025-11-28;17:00;1;4.21;4.00;8.00;Bueno;26.67;Bueno
2025-11-28;18:00;3;4.08;4.00;8.00;Bueno;26.67;Bueno
2025-11-28;19:00;3;4.04;4.00;8.00;Bueno;26.67;Bueno
2025-11-28;20:00;2;3.96;4.00;8.00;Bueno;26.67;Bueno
2025-11-28;21:00;2;3.96;4.00;8.00;Bueno;26.67;Bueno
2025-11-28;22:00;1;3.96;4.00;8.00;Bueno;26.67;Bueno
2025-11-28;23:00;4;4.00;4.00;8.00;Bueno;26.67;Bueno
2025-11-29;00:00;6;4.21;4.75;9.50;Bueno;31.67;Bueno
2025-11-29;01:00;5;4.38;4.75;9.50;Bueno;31.67;Bueno
2025-11-29;02:00;7;4.62;4.75;9.50;Bueno;31.67;Bueno
2025-11-29;03:00;8;4.92;4.75;9.50;Bueno;31.67;Bueno
2025-11-29;04:00;6;5.04;4.75;9.50;Bueno;31.67;Bueno
2025-11-29;05:00;6;5.25;4.75;9.50;Bueno;31.67;Bueno
2025-11-29;06:00;17;5.00;4.75;9.50;Bueno;31.67;Bueno
2025-11-29;07:00;18;4.54;4.75;9.50;Bueno;31.67;Bueno
2025-11-29;08:00;11;4.75;4.75;9.50;Bueno;31.67;Bueno
2025-11-29;09:00;8;4.96;4.75;9.50;Bueno;31.67;Bueno
2025-11-29;10:00;3;5.00;4.75;9.50;Bueno;31.67;Bueno
2025-11-29;11:00;1;4.96;4.75;9.50;Bueno;31.67;Bueno
2025-11-29;12:00;2;5.00;4.75;9.50;Bueno;31.67;Bueno
2025-11-29;13:00;2;5.04;4.75;9.50;Bueno;31.67;Bueno
2025-11-29;14:00;1;5.04;4.75;9.50;Bueno;31.67;Bueno
2025-11-29;15:00;1;5.00;4.75;9.50;Bueno;31.67;Bueno
2025-11-29;16:00;2;5.00;4.75;9.50;Bueno;31.67;Bueno
2025-11-29;17:00;1;5.00;4.75;9.50;Bueno;31.67;Bueno
2025-11-29;18:00;1;4.92;4.75;9.50;Bueno;31.67;Bueno
2025-11-29;19:00;3;4.92;4.75;9.50;Bueno;31.67;Bueno
2025-11-29;20:00;1;4.88;4.75;9.50;Bueno;31.67;Bueno
2025-11-29;21:00;1;4.83;4.75;9.50;Bueno;31.67;Bueno
2025-11-29;22:00;2;4.88;4.75;9.50;Bueno;31.67;Bueno
2025-11-29;23:00;1;4.75;4.75;9.50;Bueno;31.67;Bueno
2025-11-30;00:00;1;4.54;2.12;4.25;Bueno;14.17;Bueno
2025-11-30;01:00;2;4.42;2.12;4.25;Bueno;14.17;Bueno
2025-11-30;02:00;2;4.21;2.12;4.25;Bueno;14.17;Bueno
2025-11-30;03:00;3;4.00;2.12;4.25;Bueno;14.17;Bueno
2025-11-30;04:00;4;3.92;2.12;4.25;Bueno;14.17;Bueno
2025-11-30;05:00;6;3.92;2.12;4.25;Bueno;14.17;Bueno
2025-11-30;06:00;4;3.38;2.12;4.25;Bueno;14.17;Bueno
2025-11-30;07:00;3;2.75;2.12;4.25;Bueno;14.17;Bueno
2025-11-30;08:00;1;2.33;2.12;4.25;Bueno;14.17;Bueno
2025-11-30;09:00;3;2.12;2.12;4.25;Bueno;14.17;Bueno
2025-11-30;10:00;1;2.04;2.12;4.25;Bueno;14.17;Bueno
2025-11-30;11:00;1;2.04;2.12;4.25;Bueno;14.17;Bueno
2025-11-30;12:00;1;2.00;2.12;4.25;Bueno;14.17;Bueno
2025-11-30;13:00;2;2.00;2.12;4.25;Bueno;14.17;Bueno
2025-11-30;14:00;1;2.00;2.12;4.25;Bueno;14.17;Bueno
2025-11-30;15:00;3;2.08;2.12;4.25;Bueno;14.17;Bueno
2025-11-30;16:00;3;2.12;2.12;4.25;Bueno;14.17;Bueno
2025-11-30;17:00;1;2.12;2.12;4.25;Bueno;14.17;Bueno
2025-11-30;18:00;1;2.12;2.12;4.25;Bueno;14.17;Bueno
2025-11-30;19:00;2;2.08;2.12;4.25;Bueno;14.17;Bueno
2025-11-30;20:00;3;2.17;2.12;4.25;Bueno;14.17;Bueno
2025-11-30;21:00;1;2.17;2.12;4.25;Bueno;14.17;Bueno
2025-11-30;22:00;1;2.12;2.12;4.25;Bueno;14.17;Bueno
2025-11-30;23:00;1;2.12;2.12;4.25;Bueno;14.17;Bueno
2025-12-01;00:00;2;2.17;3.04;6.09;Bueno;20.29;Bueno
2025-12-01;01:00;1;2.12;3.04;6.09;Bueno;20.29;Bueno
2025-12-01;02:00;5;2.25;3.04;6.09;Bueno;20.29;Bueno
2025-12-01;03:00;5;2.33;3.04;6.09;Bueno;20.29;Bueno
2025-12-01;04:00;2;2.25;3.04;6.09;Bueno;20.29;Bueno
2025-12-01;05:00;1;2.04;3.04;6.09;Bueno;20.29;Bueno
2025-12-01;06:00;1;1.92;3.04;6.09;Bueno;20.29;Bueno
2025-12-01;07:00;4;1.96;3.04;6.09;Bueno;20.29;Bueno
2025-12-01;08:00;6;2.17;3.04;6.09;Bueno;20.29;Bueno
2025-12-01;09:00;8;2.38;3.04;6.09;Bueno;20.29;Bueno
2025-12-01;10:00;;2.43;3.04;6.09;Bueno;20.29;Bueno
2025-12-01;11:00;1;2.43;3.04;6.09;Bueno;20.29;Bueno
2025-12-01;12:00;6;2.65;3.04;6.09;Bueno;20.29;Bueno
2025-12-01;13:00;7;2.87;3.04;6.09;Bueno;20.29;Bueno
2025-12-01;14:00;2;2.91;3.04;6.09;Bueno;20.29;Bueno
2025-12-01;15:00;1;2.83;3.04;6.09;Bueno;20.29;Bueno
2025-12-01;16:00;2;2.78;3.04;6.09;Bueno;20.29;Bueno
2025-12-01;17:00;4;2.91;3.04;6.09;Bueno;20.29;Bueno
2025-12-01;18:00;4;3.04;3.04;6.09;Bueno;20.29;Bueno
2025-12-01;19:00;1;3.00;3.04;6.09;Bueno;20.29;Bueno
2025-12-01;20:00;1;2.91;3.04;6.09;Bueno;20.29;Bueno
2025-12-01;21:00;3;3.00;3.04;6.09;Bueno;20.29;Bueno
2025-12-01;22:00;2;3.04;3.04;6.09;Bueno;20.29;Bueno
2025-12-01;23:00;1;3.04;3.04;6.09;Bueno;20.29;Bueno
2025-12-02;00:00;;3.09;4.17;8.35;Bueno;27.83;Bueno
2025-12-02;01:00;1;3.09;4.17;8.35;Bueno;27.83;Bueno
2025-12-02;02:00;1;2.91;4.17;8.35;Bueno;27.83;Bueno
2025-12-02;03:00;1;2.73;4.17;8.35;Bueno;27.83;Bueno
2025-12-02;04:00;3;2.77;4.17;8.35;Bueno;27.83;Bueno
2025-12-02;05:00;6;3.00;4.17;8.35;Bueno;27.83;Bueno
2025-12-02;06:00;5;3.18;4.17;8.35;Bueno;27.83;Bueno
2025-12-02;07:00;2;3.09;4.17;8.35;Bueno;27.83;Bueno
2025-12-02;08:00;3;2.95;4.17;8.35;Bueno;27.83;Bueno
2025-12-02;09:00;4;2.77;4.17;8.35;Bueno;27.83;Bueno
2025-12-02;10:00;5;2.87;4.17;8.35;Bueno;27.83;Bueno
2025-12-02;11:00;8;3.17;4.17;8.35;Bueno;27.83;Bueno
2025-12-02;12:00;10;3.35;4.17;8.35;Bueno;27.83;Bueno
2025-12-02;13:00;9;3.43;4.17;8.35;Bueno;27.83;Bueno
2025-12-02;14:00;8;3.70;4.17;8.35;Bueno;27.83;Bueno
2025-12-02;15:00;5;3.87;4.17;8.35;Bueno;27.83;Bueno
2025-12-02;16:00;5;4.00;4.17;8.35;Bueno;27.83;Bueno
2025-12-02;17:00;3;3.96;4.17;8.35;Bueno;27.83;Bueno
2025-12-02;18:00;1;3.83;4.17;8.35;Bueno;27.83;Bueno
2025-12-02;19:00;4;3.96;4.17;8.35;Bueno;27.83;Bueno
2025-12-02;20:00;5;4.13;4.17;8.35;Bueno;27.83;Bueno
2025-12-02;21:00;5;4.22;4.17;8.35;Bueno;27.83;Bueno
2025-12-02;22:00;1;4.17;4.17;8.35;Bueno;27.83;Bueno
2025-12-02;23:00;1;4.17;4.17;8.35;Bueno;27.83;Bueno
2025-12-03;00:00;2;4.08;5.04;10.08;Bueno;33.61;Bueno
2025-12-03;01:00;3;4.17;5.04;10.08;Bueno;33.61;Bueno
2025-12-03;02:00;2;4.21;5.04;10.08;Bueno;33.61;Bueno
2025-12-03;03:00;1;4.21;5.04;10.08;Bueno;33.61;Bueno
2025-12-03;04:00;1;4.12;5.04;10.08;Bueno;33.61;Bueno
2025-12-03;05:00;1;3.92;5.04;10.08;Bueno;33.61;Bueno
2025-12-03;06:00;6;3.96;5.04;10.08;Bueno;33.61;Bueno
2025-12-03;07:00;7;4.17;5.04;10.08;Bueno;33.61;Bueno
2025-12-03;08:00;5;4.25;5.04;10.08;Bueno;33.61;Bueno
2025-12-03;09:00;6;4.33;5.04;10.08;Bueno;33.61;Bueno
2025-12-03;10:00;6;4.38;5.04;10.08;Bueno;33.61;Bueno
2025-12-03;11:00;6;4.29;5.04;10.08;Bueno;33.61;Bueno
2025-12-03;12:00;4;4.04;5.04;10.08;Bueno;33.61;Bueno
2025-12-03;13:00;3;3.79;5.04;10.08;Bueno;33.61;Bueno
2025-12-03;14:00;6;3.71;5.04;10.08;Bueno;33.61;Bueno
2025-12-03;15:00;4;3.67;5.04;10.08;Bueno;33.61;Bueno
2025-12-03;16:00;5;3.67;5.04;10.08;Bueno;33.61;Bueno
2025-12-03;17:00;7;3.83;5.04;10.08;Bueno;33.61;Bueno
2025-12-03;18:00;6;4.04;5.04;10.08;Bueno;33.61;Bueno
2025-12-03;19:00;6;4.12;5.04;10.08;Bueno;33.61;Bueno
2025-12-03;20:00;9;4.29;5.04;10.08;Bueno;33.61;Bueno
2025-12-03;21:00;11;4.54;5.04;10.08;Bueno;33.61;Bueno
2025-12-03;22:00;8;4.83;5.04;10.08;Bueno;33.61;Bueno
2025-12-03;23:00;6;5.04;5.04;10.08;Bueno;33.61;Bueno
2025-12-04;00:00;4;5.12;4.75;9.50;Bueno;31.67;Bueno
2025-12-04;01:00;4;5.17;4.75;9.50;Bueno;31.67;Bueno
2025-12-04;02:00;2;5.17;4.75;9.50;Bueno;31.67;Bueno
2025-12-04;03:00;1;5.17;4.75;9.50;Bueno;31.67;Bueno
2025-12-04;04:00;3;5.25;4.75;9.50;Bueno;31.67;Bueno
2025-12-04;05:00;2;5.29;4.75;9.50;Bueno;31.67;Bueno
2025-12-04;06:00;1;5.08;4.75;9.50;Bueno;31.67;Bueno
2025-12-04;07:00;2;4.88;4.75;9.50;Bueno;31.67;Bueno
2025-12-04;08:00;4;4.83;4.75;9.50;Bueno;31.67;Bueno
2025-12-04;09:00;3;4.71;4.75;9.50;Bueno;31.67;Bueno
2025-12-04;10:00;7;4.75;4.75;9.50;Bueno;31.67;Bueno
2025-12-04;11:00;8;4.83;4.75;9.50;Bueno;31.67;Bueno
2025-12-04;12:00;7;4.96;4.75;9.50;Bueno;31.67;Bueno
2025-12-04;13:00;6;5.08;4.75;9.50;Bueno;31.67;Bueno
2025-12-04;14:00;3;4.96;4.75;9.50;Bueno;31.67;Bueno
2025-12-04;15:00;2;4.88;4.75;9.50;Bueno;31.67;Bueno
2025-12-04;16:00;1;4.71;4.75;9.50;Bueno;31.67;Bueno
2025-12-04;17:00;5;4.62;4.75;9.50;Bueno;31.67;Bueno
2025-12-04;18:00;6;4.62;4.75;9.50;Bueno;31.67;Bueno
2025-12-04;19:00;14;4.96;4.75;9.50;Bueno;31.67;Bueno
2025-12-04;20:00;8;4.92;4.75;9.50;Bueno;31.67;Bueno
2025-12-04;21:00;8;4.79;4.75;9.50;Bueno;31.67;Bueno
2025-12-04;22:00;6;4.71;4.75;9.50;Bueno;31.67;Bueno
2025-12-04;23:00;7;4.75;4.75;9.50;Bueno;31.67;Bueno
2025-12-05;00:00;6;4.83;6.29;12.58;Bueno;41.94;Bueno
2025-12-05;01:00;6;4.92;6.29;12.58;Bueno;41.94;Bueno
2025-12-05;02:00;7;5.12;6.29;12.58;Bueno;41.94;Bueno
2025-12-05;03:00;5;5.29;6.29;12.58;Bueno;41.94;Bueno
2025-12-05;04:00;3;5.29;6.29;12.58;Bueno;41.94;Bueno
2025-12-05;05:00;3;5.33;6.29;12.58;Bueno;41.94;Bueno
2025-12-05;06:00;4;5.46;6.29;12.58;Bueno;41.94;Bueno
2025-12-05;07:00;5;5.58;6.29;12.58;Bueno;41.94;Bueno
2025-12-05;08:00;6;5.67;6.29;12.58;Bueno;41.94;Bueno
2025-12-05;09:00;6;5.79;6.29;12.58;Bueno;41.94;Bueno
2025-12-05;10:00;6;5.75;6.29;12.58;Bueno;41.94;Bueno
2025-12-05;11:00;5;5.62;6.29;12.58;Bueno;41.94;Bueno
2025-12-05;12:00;5;5.54;6.29;12.58;Bueno;41.94;Bueno
2025-12-05;13:00;6;5.54;6.29;12.58;Bueno;41.94;Bueno
2025-12-05;14:00;6;5.67;6.29;12.58;Bueno;41.94;Bueno
2025-12-05;15:00;6;5.83;6.29;12.58;Bueno;41.94;Bueno
2025-12-05;16:00;6;6.04;6.29;12.58;Bueno;41.94;Bueno
2025-12-05;17:00;1;5.88;6.29;12.58;Bueno;41.94;Bueno
2025-12-05;18:00;1;5.67;6.29;12.58;Bueno;41.94;Bueno
2025-12-05;19:00;4;5.25;6.29;12.58;Bueno;41.94;Bueno
2025-12-05;20:00;23;5.88;6.29;12.58;Bueno;41.94;Bueno
2025-12-05;21:00;16;6.21;6.29;12.58;Bueno;41.94;Bueno
2025-12-05;22:00;9;6.33;6.29;12.58;Bueno;41.94;Bueno
2025-12-05;23:00;6;6.29;6.29;12.58;Bueno;41.94;Bueno
2025-12-06;00:00;6;6.29;7.54;15.08;Bueno;50.28;Bueno
2025-12-06;01:00;8;6.38;7.54;15.08;Bueno;50.28;Bueno
2025-12-06;02:00;7;6.38;7.54;15.08;Bueno;50.28;Bueno
2025-12-06;03:00;5;6.38;7.54;15.08;Bueno;50.28;Bueno
2025-12-06;04:00;6;6.50;7.54;15.08;Bueno;50.28;Bueno
2025-12-06;05:00;6;6.62;7.54;15.08;Bueno;50.28;Bueno
2025-12-06;06:00;4;6.62;7.54;15.08;Bueno;50.28;Bueno
2025-12-06;07:00;4;6.58;7.54;15.08;Bueno;50.28;Bueno
2025-12-06;08:00;7;6.62;7.54;15.08;Bueno;50.28;Bueno
2025-12-06;09:00;10;6.79;7.54;15.08;Bueno;50.28;Bueno
2025-12-06;10:00;12;7.04;7.54;15.08;Bueno;50.28;Bueno
2025-12-06;11:00;9;7.21;7.54;15.08;Bueno;50.28;Bueno
2025-12-06;12:00;6;7.25;7.54;15.08;Bueno;50.28;Bueno
2025-12-06;13:00;8;7.33;7.54;15.08;Bueno;50.28;Bueno
2025-12-06;14:00;11;7.54;7.54;15.08;Bueno;50.28;Bueno
2025-12-06;15:00;12;7.79;7.54;15.08;Bueno;50.28;Bueno
2025-12-06;16:00;7;7.83;7.54;15.08;Bueno;50.28;Bueno
2025-12-06;17:00;6;8.04;7.54;15.08;Bueno;50.28;Bueno
2025-12-06;18:00;8;8.33;7.54;15.08;Bueno;50.28;Bueno
2025-12-06;19:00;8;8.50;7.54;15.08;Bueno;50.28;Bueno
2025-12-06;20:00;6;7.79;7.54;15.08;Bueno;50.28;Bueno
2025-12-06;21:00;7;7.42;7.54;15.08;Bueno;50.28;Bueno
2025-12-06;22:00;9;7.42;7.54;15.08;Bueno;50.28;Bueno
2025-12-06;23:00;9;7.54;7.54;15.08;Bueno;50.28;Bueno
2025-12-07;00:00;7;7.58;7.70;15.39;Bueno;51.30;Bueno
2025-12-07;01:00;6;7.50;7.70;15.39;Bueno;51.30;Bueno
2025-12-07;02:00;5;7.42;7.70;15.39;Bueno;51.30;Bueno
2025-12-07;03:00;3;7.33;7.70;15.39;Bueno;51.30;Bueno
2025-12-07;04:00;;7.39;7.70;15.39;Bueno;51.30;Bueno
2025-12-07;05:00;5;7.35;7.70;15.39;Bueno;51.30;Bueno
2025-12-07;06:00;6;7.43;7.70;15.39;Bueno;51.30;Bueno
2025-12-07;07:00;8;7.61;7.70;15.39;Bueno;51.30;Bueno
2025-12-07;08:00;9;7.70;7.70;15.39;Bueno;51.30;Bueno
2025-12-07;09:00;9;7.65;7.70;15.39;Bueno;51.30;Bueno
2025-12-07;10:00;9;7.52;7.70;15.39;Bueno;51.30;Bueno
2025-12-07;11:00;6;7.39;7.70;15.39;Bueno;51.30;Bueno
2025-12-07;12:00;8;7.48;7.70;15.39;Bueno;51.30;Bueno
2025-12-07;13:00;9;7.52;7.70;15.39;Bueno;51.30;Bueno
2025-12-07;14:00;8;7.39;7.70;15.39;Bueno;51.30;Bueno
2025-12-07;15:00;8;7.22;7.70;15.39;Bueno;51.30;Bueno
2025-12-07;16:00;10;7.35;7.70;15.39;Bueno;51.30;Bueno
2025-12-07;17:00;7;7.39;7.70;15.39;Bueno;51.30;Bueno
2025-12-07;18:00;14;7.65;7.70;15.39;Bueno;51.30;Bueno
2025-12-07;19:00;8;7.65;7.70;15.39;Bueno;51.30;Bueno
2025-12-07;20:00;9;7.78;7.70;15.39;Bueno;51.30;Bueno
2025-12-07;21:00;9;7.87;7.70;15.39;Bueno;51.30;Bueno
2025-12-07;22:00;8;7.83;7.70;15.39;Bueno;51.30;Bueno
2025-12-07;23:00;6;7.70;7.70;15.39;Bueno;51.30;Bueno
2025-12-08;00:00;;7.73;8.95;17.91;Bueno;59.70;Bueno
2025-12-08;01:00;;7.81;8.95;17.91;Bueno;59.70;Bueno
2025-12-08;02:00;5;7.81;8.95;17.91;Bueno;59.70;Bueno
2025-12-08;03:00;7;8.00;8.95;17.91;Bueno;59.70;Bueno
2025-12-08;04:00;8;8.00;8.95;17.91;Bueno;59.70;Bueno
2025-12-08;05:00;5;8.00;8.95;17.91;Bueno;59.70;Bueno
2025-12-08;06:00;4;7.91;8.95;17.91;Bueno;59.70;Bueno
2025-12-08;07:00;8;7.91;8.95;17.91;Bueno;59.70;Bueno
2025-12-08;08:00;9;7.91;8.95;17.91;Bueno;59.70;Bueno
2025-12-08;09:00;9;7.91;8.95;17.91;Bueno;59.70;Bueno
2025-12-08;10:00;11;8.00;8.95;17.91;Bueno;59.70;Bueno
2025-12-08;11:00;13;8.32;8.95;17.91;Bueno;59.70;Bueno
2025-12-08;12:00;12;8.50;8.95;17.91;Bueno;59.70;Bueno
2025-12-08;13:00;10;8.55;8.95;17.91;Bueno;59.70;Bueno
2025-12-08;14:00;10;8.64;8.95;17.91;Bueno;59.70;Bueno
2025-12-08;15:00;9;8.68;8.95;17.91;Bueno;59.70;Bueno
2025-12-08;16:00;10;8.68;8.95;17.91;Bueno;59.70;Bueno
2025-12-08;17:00;10;8.82;8.95;17.91;Bueno;59.70;Bueno
2025-12-08;18:00;8;8.55;8.95;17.91;Bueno;59.70;Bueno
2025-12-08;19:00;8;8.55;8.95;17.91;Bueno;59.70;Bueno
2025-12-08;20:00;8;8.50;8.95;17.91;Bueno;59.70;Bueno
2025-12-08;21:00;9;8.50;8.95;17.91;Bueno;59.70;Bueno
2025-12-08;22:00;12;8.68;8.95;17.91;Bueno;59.70;Bueno
2025-12-08;23:00;12;8.95;8.95;17.91;Bueno;59.70;Bueno
2025-12-09;00:00;10;9.00;4.96;9.92;Bueno;33.06;Bueno
2025-12-09;01:00;9;9.00;4.96;9.92;Bueno;33.06;Bueno
2025-12-09;02:00;8;9.12;4.96;9.92;Bueno;33.06;Bueno
2025-12-09;03:00;6;9.08;4.96;9.92;Bueno;33.06;Bueno
2025-12-09;04:00;6;9.00;4.96;9.92;Bueno;33.06;Bueno
2025-12-09;05:00;7;9.08;4.96;9.92;Bueno;33.06;Bueno
2025-12-09;06:00;4;9.08;4.96;9.92;Bueno;33.06;Bueno
2025-12-09;07:00;4;8.92;4.96;9.92;Bueno;33.06;Bueno
2025-12-09;08:00;8;8.88;4.96;9.92;Bueno;33.06;Bueno
2025-12-09;09:00;6;8.75;4.96;9.92;Bueno;33.06;Bueno
2025-12-09;10:00;5;8.50;4.96;9.92;Bueno;33.06;Bueno
2025-12-09;11:00;6;8.21;4.96;9.92;Bueno;33.06;Bueno
2025-12-09;12:00;6;7.96;4.96;9.92;Bueno;33.06;Bueno
2025-12-09;13:00;5;7.75;4.96;9.92;Bueno;33.06;Bueno
2025-12-09;14:00;2;7.42;4.96;9.92;Bueno;33.06;Bueno
2025-12-09;15:00;3;7.17;4.96;9.92;Bueno;33.06;Bueno
2025-12-09;16:00;3;6.88;4.96;9.92;Bueno;33.06;Bueno
2025-12-09;17:00;2;6.54;4.96;9.92;Bueno;33.06;Bueno
2025-12-09;18:00;2;6.29;4.96;9.92;Bueno;33.06;Bueno
2025-12-09;19:00;3;6.08;4.96;9.92;Bueno;33.06;Bueno
2025-12-09;20:00;4;5.92;4.96;9.92;Bueno;33.06;Bueno
2025-12-09;21:00;3;5.67;4.96;9.92;Bueno;33.06;Bueno
2025-12-09;22:00;3;5.29;4.96;9.92;Bueno;33.06;Bueno
2025-12-09;23:00;4;4.96;4.96;9.92;Bueno;33.06;Bueno
2025-12-10;00:00;3;4.67;6.54;13.08;Bueno;43.61;Bueno
2025-12-10;01:00;2;4.38;6.54;13.08;Bueno;43.61;Bueno
2025-12-10;02:00;1;4.08;6.54;13.08;Bueno;43.61;Bueno
2025-12-10;03:00;5;4.04;6.54;13.08;Bueno;43.61;Bueno
2025-12-10;04:00;6;4.04;6.54;13.08;Bueno;43.61;Bueno
2025-12-10;05:00;21;4.62;6.54;13.08;Bueno;43.61;Bueno
2025-12-10;06:00;13;5.00;6.54;13.08;Bueno;43.61;Bueno
2025-12-10;07:00;12;5.33;6.54;13.08;Bueno;43.61;Bueno
2025-12-10;08:00;9;5.38;6.54;13.08;Bueno;43.61;Bueno
2025-12-10;09:00;9;5.50;6.54;13.08;Bueno;43.61;Bueno
2025-12-10;10:00;15;5.92;6.54;13.08;Bueno;43.61;Bueno
2025-12-10;11:00;9;6.04;6.54;13.08;Bueno;43.61;Bueno
2025-12-10;12:00;8;6.12;6.54;13.08;Bueno;43.61;Bueno
2025-12-10;13:00;5;6.12;6.54;13.08;Bueno;43.61;Bueno
2025-12-10;14:00;3;6.17;6.54;13.08;Bueno;43.61;Bueno
2025-12-10;15:00;4;6.21;6.54;13.08;Bueno;43.61;Bueno
2025-12-10;16:00;6;6.33;6.54;13.08;Bueno;43.61;Bueno
2025-12-10;17:00;5;6.46;6.54;13.08;Bueno;43.61;Bueno
2025-12-10;18:00;3;6.50;6.54;13.08;Bueno;43.61;Bueno
2025-12-10;19:00;6;6.62;6.54;13.08;Bueno;43.61;Bueno
2025-12-10;20:00;6;6.71;6.54;13.08;Bueno;43.61;Bueno
2025-12-10;21:00;2;6.67;6.54;13.08;Bueno;43.61;Bueno
2025-12-10;22:00;2;6.62;6.54;13.08;Bueno;43.61;Bueno
2025-12-10;23:00;2;6.54;6.54;13.08;Bueno;43.61;Bueno
2025-12-11;00:00;3;6.54;5.71;11.42;Bueno;38.06;Bueno
2025-12-11;01:00;4;6.62;5.71;11.42;Bueno;38.06;Bueno
2025-12-11;02:00;2;6.67;5.71;11.42;Bueno;38.06;Bueno
2025-12-11;03:00;1;6.50;5.71;11.42;Bueno;38.06;Bueno
2025-12-11;04:00;5;6.46;5.71;11.42;Bueno;38.06;Bueno
2025-12-11;05:00;6;5.83;5.71;11.42;Bueno;38.06;Bueno
2025-12-11;06:00;5;5.50;5.71;11.42;Bueno;38.06;Bueno
2025-12-11;07:00;7;5.29;5.71;11.42;Bueno;38.06;Bueno
2025-12-11;08:00;6;5.17;5.71;11.42;Bueno;38.06;Bueno
2025-12-11;09:00;5;5.00;5.71;11.42;Bueno;38.06;Bueno
2025-12-11;10:00;5;4.58;5.71;11.42;Bueno;38.06;Bueno
2025-12-11;11:00;7;4.50;5.71;11.42;Bueno;38.06;Bueno
2025-12-11;12:00;8;4.50;5.71;11.42;Bueno;38.06;Bueno
2025-12-11;13:00;7;4.58;5.71;11.42;Bueno;38.06;Bueno
2025-12-11;14:00;6;4.71;5.71;11.42;Bueno;38.06;Bueno
2025-12-11;15:00;9;4.92;5.71;11.42;Bueno;38.06;Bueno
2025-12-11;16:00;9;5.04;5.71;11.42;Bueno;38.06;Bueno
2025-12-11;17:00;8;5.17;5.71;11.42;Bueno;38.06;Bueno
2025-12-11;18:00;7;5.33;5.71;11.42;Bueno;38.06;Bueno
2025-12-11;19:00;6;5.33;5.71;11.42;Bueno;38.06;Bueno
2025-12-11;20:00;6;5.33;5.71;11.42;Bueno;38.06;Bueno
2025-12-11;21:00;1;5.29;5.71;11.42;Bueno;38.06;Bueno
2025-12-11;22:00;4;5.38;5.71;11.42;Bueno;38.06;Bueno
2025-12-11;23:00;10;5.71;5.71;11.42;Bueno;38.06;Bueno
2025-12-12;00:00;6;5.83;3.92;7.83;Bueno;26.11;Bueno
2025-12-12;01:00;3;5.79;3.92;7.83;Bueno;26.11;Bueno
2025-12-12;02:00;4;5.88;3.92;7.83;Bueno;26.11;Bueno
2025-12-12;03:00;5;6.04;3.92;7.83;Bueno;26.11;Bueno
2025-12-12;04:00;3;5.96;3.92;7.83;Bueno;26.11;Bueno
2025-12-12;05:00;3;5.83;3.92;7.83;Bueno;26.11;Bueno
2025-12-12;06:00;6;5.88;3.92;7.83;Bueno;26.11;Bueno
2025-12-12;07:00;6;5.83;3.92;7.83;Bueno;26.11;Bueno
2025-12-12;08:00;4;5.75;3.92;7.83;Bueno;26.11;Bueno
2025-12-12;09:00;5;5.75;3.92;7.83;Bueno;26.11;Bueno
2025-12-12;10:00;8;5.88;3.92;7.83;Bueno;26.11;Bueno
2025-12-12;11:00;9;5.96;3.92;7.83;Bueno;26.11;Bueno
2025-12-12;12:00;6;5.88;3.92;7.83;Bueno;26.11;Bueno
2025-12-12;13:00;6;5.83;3.92;7.83;Bueno;26.11;Bueno
2025-12-12;14:00;6;5.83;3.92;7.83;Bueno;26.11;Bueno
2025-12-12;15:00;4;5.62;3.92;7.83;Bueno;26.11;Bueno
2025-12-12;16:00;3;5.38;3.92;7.83;Bueno;26.11;Bueno
2025-12-12;17:00;1;5.08;3.92;7.83;Bueno;26.11;Bueno
2025-12-12;18:00;1;4.83;3.92;7.83;Bueno;26.11;Bueno
2025-12-12;19:00;1;4.62;3.92;7.83;Bueno;26.11;Bueno
2025-12-12;20:00;1;4.42;3.92;7.83;Bueno;26.11;Bueno
2025-12-12;21:00;1;4.42;3.92;7.83;Bueno;26.11;Bueno
2025-12-12;22:00;1;4.29;3.92;7.83;Bueno;26.11;Bueno
2025-12-12;23:00;1;3.92;3.92;7.83;Bueno;26.11;Bueno
2025-12-13;00:00;1;3.71;2.46;4.92;Bueno;16.39;Bueno
2025-12-13;01:00;1;3.62;2.46;4.92;Bueno;16.39;Bueno
2025-12-13;02:00;1;3.50;2.46;4.92;Bueno;16.39;Bueno
2025-12-13;03:00;1;3.33;2.46;4.92;Bueno;16.39;Bueno
2025-12-13;04:00;1;3.25;2.46;4.92;Bueno;16.39;Bueno
2025-12-13;05:00;1;3.17;2.46;4.92;Bueno;16.39;Bueno
2025-12-13;06:00;1;2.96;2.46;4.92;Bueno;16.39;Bueno
2025-12-13;07:00;1;2.75;2.46;4.92;Bueno;16.39;Bueno
2025-12-13;08:00;2;2.67;2.46;4.92;Bueno;16.39;Bueno
2025-12-13;09:00;4;2.62;2.46;4.92;Bueno;16.39;Bueno
2025-12-13;10:00;2;2.38;2.46;4.92;Bueno;16.39;Bueno
2025-12-13;11:00;1;2.04;2.46;4.92;Bueno;16.39;Bueno
2025-12-13;12:00;1;1.83;2.46;4.92;Bueno;16.39;Bueno
2025-12-13;13:00;1;1.62;2.46;4.92;Bueno;16.39;Bueno
2025-12-13;14:00;1;1.42;2.46;4.92;Bueno;16.39;Bueno
2025-12-13;15:00;4;1.42;2.46;4.92;Bueno;16.39;Bueno
2025-12-13;16:00;6;1.54;2.46;4.92;Bueno;16.39;Bueno
2025-12-13;17:00;6;1.75;2.46;4.92;Bueno;16.39;Bueno
2025-12-13;18:00;4;1.88;2.46;4.92;Bueno;16.39;Bueno
2025-12-13;19:00;6;2.08;2.46;4.92;Bueno;16.39;Bueno
2025-12-13;20:00;5;2.25;2.46;4.92;Bueno;16.39;Bueno
2025-12-13;21:00;3;2.33;2.46;4.92;Bueno;16.39;Bueno
2025-12-13;22:00;3;2.42;2.46;4.92;Bueno;16.39;Bueno
2025-12-13;23:00;2;2.46;2.46;4.92;Bueno;16.39;Bueno
2025-12-14;00:00;3;2.54;2.04;4.08;Bueno;13.61;Bueno
2025-12-14;01:00;2;2.58;2.04;4.08;Bueno;13.61;Bueno
2025-12-14;02:00;2;2.62;2.04;4.08;Bueno;13.61;Bueno
2025-12-14;03:00;1;2.62;2.04;4.08;Bueno;13.61;Bueno
2025-12-14;04:00;1;2.62;2.04;4.08;Bueno;13.61;Bueno
2025-12-14;05:00;2;2.67;2.04;4.08;Bueno;13.61;Bueno
2025-12-14;06:00;1;2.67;2.04;4.08;Bueno;13.61;Bueno
2025-12-14;07:00;1;2.67;2.04;4.08;Bueno;13.61;Bueno
2025-12-14;08:00;1;2.62;2.04;4.08;Bueno;13.61;Bueno
2025-12-14;09:00;1;2.50;2.04;4.08;Bueno;13.61;Bueno
2025-12-14;10:00;1;2.46;2.04;4.08;Bueno;13.61;Bueno
2025-12-14;11:00;1;2.46;2.04;4.08;Bueno;13.61;Bueno
2025-12-14;12:00;1;2.46;2.04;4.08;Bueno;13.61;Bueno
2025-12-14;13:00;3;2.54;2.04;4.08;Bueno;13.61;Bueno
2025-12-14;14:00;4;2.67;2.04;4.08;Bueno;13.61;Bueno
2025-12-14;15:00;2;2.58;2.04;4.08;Bueno;13.61;Bueno
2025-12-14;16:00;1;2.38;2.04;4.08;Bueno;13.61;Bueno
2025-12-14;17:00;2;2.21;2.04;4.08;Bueno;13.61;Bueno
2025-12-14;18:00;3;2.17;2.04;4.08;Bueno;13.61;Bueno
2025-12-14;19:00;2;2.00;2.04;4.08;Bueno;13.61;Bueno
2025-12-14;20:00;2;1.88;2.04;4.08;Bueno;13.61;Bueno
2025-12-14;21:00;6;2.00;2.04;4.08;Bueno;13.61;Bueno
2025-12-14;22:00;5;2.08;2.04;4.08;Bueno;13.61;Bueno
2025-12-14;23:00;1;2.04;2.04;4.08;Bueno;13.61;Bueno
2025-12-15;00:00;2;2.00;2.21;4.42;Bueno;14.72;Bueno
2025-12-15;01:00;2;2.00;2.21;4.42;Bueno;14.72;Bueno
2025-12-15;02:00;1;1.96;2.21;4.42;Bueno;14.72;Bueno
2025-12-15;03:00;1;1.96;2.21;4.42;Bueno;14.72;Bueno
2025-12-15;04:00;1;1.96;2.21;4.42;Bueno;14.72;Bueno
2025-12-15;05:00;1;1.92;2.21;4.42;Bueno;14.72;Bueno
2025-12-15;06:00;2;1.96;2.21;4.42;Bueno;14.72;Bueno
2025-12-15;07:00;4;2.08;2.21;4.42;Bueno;14.72;Bueno
2025-12-15;08:00;2;2.12;2.21;4.42;Bueno;14.72;Bueno
2025-12-15;09:00;1;2.12;2.21;4.42;Bueno;14.72;Bueno
2025-12-15;10:00;1;2.12;2.21;4.42;Bueno;14.72;Bueno
2025-12-15;11:00;1;2.12;2.21;4.42;Bueno;14.72;Bueno
2025-12-15;12:00;1;2.12;2.21;4.42;Bueno;14.72;Bueno
2025-12-15;13:00;2;2.08;2.21;4.42;Bueno;14.72;Bueno
2025-12-15;14:00;1;1.96;2.21;4.42;Bueno;14.72;Bueno
2025-12-15;15:00;1;1.92;2.21;4.42;Bueno;14.72;Bueno
2025-12-15;16:00;1;1.92;2.21;4.42;Bueno;14.72;Bueno
2025-12-15;17:00;2;1.92;2.21;4.42;Bueno;14.72;Bueno
2025-12-15;18:00;4;1.96;2.21;4.42;Bueno;14.72;Bueno
2025-12-15;19:00;3;2.00;2.21;4.42;Bueno;14.72;Bueno
2025-12-15;20:00;3;2.04;2.21;4.42;Bueno;14.72;Bueno
2025-12-15;21:00;3;1.92;2.21;4.42;Bueno;14.72;Bueno
2025-12-15;22:00;7;2.00;2.21;4.42;Bueno;14.72;Bueno
2025-12-15;23:00;6;2.21;2.21;4.42;Bueno;14.72;Bueno
2025-12-16;00:00;1;2.17;2.73;5.45;Bueno;18.18;Bueno
2025-12-16;01:00;1;2.12;2.73;5.45;Bueno;18.18;Bueno
2025-12-16;02:00;2;2.17;2.73;5.45;Bueno;18.18;Bueno
2025-12-16;03:00;1;2.17;2.73;5.45;Bueno;18.18;Bueno
2025-12-16;04:00;1;2.17;2.73;5.45;Bueno;18.18;Bueno
2025-12-16;05:00;1;2.17;2.73;5.45;Bueno;18.18;Bueno
2025-12-16;06:00;1;2.12;2.73;5.45;Bueno;18.18;Bueno
2025-12-16;07:00;1;2.00;2.73;5.45;Bueno;18.18;Bueno
2025-12-16;08:00;1;1.96;2.73;5.45;Bueno;18.18;Bueno
2025-12-16;09:00;1;1.96;2.73;5.45;Bueno;18.18;Bueno
2025-12-16;10:00;1;1.96;2.73;5.45;Bueno;18.18;Bueno
2025-12-16;11:00;2;2.00;2.73;5.45;Bueno;18.18;Bueno
2025-12-16;12:00;3;2.08;2.73;5.45;Bueno;18.18;Bueno
2025-12-16;13:00;;2.09;2.73;5.45;Bueno;18.18;Bueno
2025-12-16;14:00;;2.14;2.73;5.45;Bueno;18.18;Bueno
2025-12-16;15:00;4;2.27;2.73;5.45;Bueno;18.18;Bueno
2025-12-16;16:00;3;2.36;2.73;5.45;Bueno;18.18;Bueno
2025-12-16;17:00;1;2.32;2.73;5.45;Bueno;18.18;Bueno
2025-12-16;18:00;2;2.23;2.73;5.45;Bueno;18.18;Bueno
2025-12-16;19:00;6;2.36;2.73;5.45;Bueno;18.18;Bueno
2025-12-16;20:00;9;2.64;2.73;5.45;Bueno;18.18;Bueno
2025-12-16;21:00;10;2.95;2.73;5.45;Bueno;18.18;Bueno
2025-12-16;22:00;5;2.86;2.73;5.45;Bueno;18.18;Bueno
2025-12-16;23:00;3;2.73;2.73;5.45;Bueno;18.18;Bueno
2025-12-17;00:00;;2.81;4.23;8.45;Bueno;28.18;Bueno
2025-12-17;01:00;4;2.95;4.23;8.45;Bueno;28.18;Bueno
2025-12-17;02:00;2;2.95;4.23;8.45;Bueno;28.18;Bueno
2025-12-17;03:00;3;3.05;4.23;8.45;Bueno;28.18;Bueno
2025-12-17;04:00;4;3.19;4.23;8.45;Bueno;28.18;Bueno
2025-12-17;05:00;;3.30;4.23;8.45;Bueno;28.18;Bueno
2025-12-17;06:00;5;3.50;4.23;8.45;Bueno;28.18;Bueno
2025-12-17;07:00;3;3.60;4.23;8.45;Bueno;28.18;Bueno
2025-12-17;08:00;1;3.60;4.23;8.45;Bueno;28.18;Bueno
2025-12-17;09:00;1;3.60;4.23;8.45;Bueno;28.18;Bueno
2025-12-17;10:00;1;3.60;4.23;8.45;Bueno;28.18;Bueno
2025-12-17;11:00;3;3.65;4.23;8.45;Bueno;28.18;Bueno
2025-12-17;12:00;4;3.70;4.23;8.45;Bueno;28.18;Bueno
2025-12-17;13:00;5;3.76;4.23;8.45;Bueno;28.18;Bueno
2025-12-17;14:00;9;4.00;4.23;8.45;Bueno;28.18;Bueno
2025-12-17;15:00;10;4.27;4.23;8.45;Bueno;28.18;Bueno
2025-12-17;16:00;6;4.41;4.23;8.45;Bueno;28.18;Bueno
2025-12-17;17:00;4;4.55;4.23;8.45;Bueno;28.18;Bueno
2025-12-17;18:00;2;4.55;4.23;8.45;Bueno;28.18;Bueno
2025-12-17;19:00;1;4.32;4.23;8.45;Bueno;28.18;Bueno
2025-12-17;20:00;6;4.18;4.23;8.45;Bueno;28.18;Bueno
2025-12-17;21:00;9;4.14;4.23;8.45;Bueno;28.18;Bueno
2025-12-17;22:00;7;4.23;4.23;8.45;Bueno;28.18;Bueno
2025-12-17;23:00;3;4.23;4.23;8.45;Bueno;28.18;Bueno
2025-12-18;00:00;;4.23;4.82;9.64;Bueno;32.12;Bueno
2025-12-18;01:00;1;4.09;4.82;9.64;Bueno;32.12;Bueno
2025-12-18;02:00;1;4.05;4.82;9.64;Bueno;32.12;Bueno
2025-12-18;03:00;1;3.95;4.82;9.64;Bueno;32.12;Bueno
2025-12-18;04:00;4;3.95;4.82;9.64;Bueno;32.12;Bueno
2025-12-18;05:00;4;3.96;4.82;9.64;Bueno;32.12;Bueno
2025-12-18;06:00;4;3.91;4.82;9.64;Bueno;32.12;Bueno
2025-12-18;07:00;5;4.00;4.82;9.64;Bueno;32.12;Bueno
2025-12-18;08:00;4;4.13;4.82;9.64;Bueno;32.12;Bueno
2025-12-18;09:00;4;4.26;4.82;9.64;Bueno;32.12;Bueno
2025-12-18;10:00;;4.41;4.82;9.64;Bueno;32.12;Bueno
2025-12-18;11:00;7;4.59;4.82;9.64;Bueno;32.12;Bueno
2025-12-18;12:00;7;4.73;4.82;9.64;Bueno;32.12;Bueno
2025-12-18;13:00;8;4.86;4.82;9.64;Bueno;32.12;Bueno
2025-12-18;14:00;8;4.82;4.82;9.64;Bueno;32.12;Bueno
2025-12-18;15:00;7;4.68;4.82;9.64;Bueno;32.12;Bueno
2025-12-18;16:00;5;4.64;4.82;9.64;Bueno;32.12;Bueno
2025-12-18;17:00;5;4.68;4.82;9.64;Bueno;32.12;Bueno
2025-12-18;18:00;7;4.91;4.82;9.64;Bueno;32.12;Bueno
2025-12-18;19:00;5;5.09;4.82;9.64;Bueno;32.12;Bueno
2025-12-18;20:00;2;4.91;4.82;9.64;Bueno;32.12;Bueno
2025-12-18;21:00;3;4.64;4.82;9.64;Bueno;32.12;Bueno
2025-12-18;22:00;6;4.59;4.82;9.64;Bueno;32.12;Bueno
2025-12-18;23:00;8;4.82;4.82;9.64;Bueno;32.12;Bueno
2025-12-19;00:00;5;4.83;1.96;3.92;Bueno;13.06;Bueno
2025-12-19;01:00;1;4.83;1.96;3.92;Bueno;13.06;Bueno
2025-12-19;02:00;1;4.83;1.96;3.92;Bueno;13.06;Bueno
2025-12-19;03:00;1;4.83;1.96;3.92;Bueno;13.06;Bueno
2025-12-19;04:00;1;4.70;1.96;3.92;Bueno;13.06;Bueno
2025-12-19;05:00;1;4.57;1.96;3.92;Bueno;13.06;Bueno
2025-12-19;06:00;2;4.48;1.96;3.92;Bueno;13.06;Bueno
2025-12-19;07:00;6;4.52;1.96;3.92;Bueno;13.06;Bueno
2025-12-19;08:00;5;4.57;1.96;3.92;Bueno;13.06;Bueno
2025-12-19;09:00;1;4.43;1.96;3.92;Bueno;13.06;Bueno
2025-12-19;10:00;1;4.29;1.96;3.92;Bueno;13.06;Bueno
2025-12-19;11:00;3;4.12;1.96;3.92;Bueno;13.06;Bueno
2025-12-19;12:00;3;3.96;1.96;3.92;Bueno;13.06;Bueno
2025-12-19;13:00;1;3.67;1.96;3.92;Bueno;13.06;Bueno
2025-12-19;14:00;1;3.38;1.96;3.92;Bueno;13.06;Bueno
2025-12-19;15:00;1;3.12;1.96;3.92;Bueno;13.06;Bueno
2025-12-19;16:00;1;2.96;1.96;3.92;Bueno;13.06;Bueno
2025-12-19;17:00;1;2.79;1.96;3.92;Bueno;13.06;Bueno
2025-12-19;18:00;1;2.54;1.96;3.92;Bueno;13.06;Bueno
2025-12-19;19:00;1;2.38;1.96;3.92;Bueno;13.06;Bueno
2025-12-19;20:00;3;2.42;1.96;3.92;Bueno;13.06;Bueno
2025-12-19;21:00;4;2.46;1.96;3.92;Bueno;13.06;Bueno
2025-12-19;22:00;1;2.25;1.96;3.92;Bueno;13.06;Bueno
2025-12-19;23:00;1;1.96;1.96;3.92;Bueno;13.06;Bueno
2025-12-20;00:00;2;1.83;3.00;6.00;Bueno;20.00;Bueno
2025-12-20;01:00;1;1.83;3.00;6.00;Bueno;20.00;Bueno
2025-12-20;02:00;1;1.83;3.00;6.00;Bueno;20.00;Bueno
2025-12-20;03:00;2;1.88;3.00;6.00;Bueno;20.00;Bueno
2025-12-20;04:00;4;2.00;3.00;6.00;Bueno;20.00;Bueno
2025-12-20;05:00;6;2.21;3.00;6.00;Bueno;20.00;Bueno
2025-12-20;06:00;9;2.50;3.00;6.00;Bueno;20.00;Bueno
2025-12-20;07:00;9;2.62;3.00;6.00;Bueno;20.00;Bueno
2025-12-20;08:00;2;2.50;3.00;6.00;Bueno;20.00;Bueno
2025-12-20;09:00;1;2.50;3.00;6.00;Bueno;20.00;Bueno
2025-12-20;10:00;3;2.58;3.00;6.00;Bueno;20.00;Bueno
2025-12-20;11:00;6;2.71;3.00;6.00;Bueno;20.00;Bueno
2025-12-20;12:00;5;2.79;3.00;6.00;Bueno;20.00;Bueno
2025-12-20;13:00;3;2.88;3.00;6.00;Bueno;20.00;Bueno
2025-12-20;14:00;2;2.92;3.00;6.00;Bueno;20.00;Bueno
2025-12-20;15:00;2;2.96;3.00;6.00;Bueno;20.00;Bueno
2025-12-20;16:00;3;3.04;3.00;6.00;Bueno;20.00;Bueno
2025-12-20;17:00;1;3.04;3.00;6.00;Bueno;20.00;Bueno
2025-12-20;18:00;1;3.04;3.00;6.00;Bueno;20.00;Bueno
2025-12-20;19:00;3;3.12;3.00;6.00;Bueno;20.00;Bueno
2025-12-20;20:00;2;3.08;3.00;6.00;Bueno;20.00;Bueno
2025-12-20;21:00;1;2.96;3.00;6.00;Bueno;20.00;Bueno
2025-12-20;22:00;1;2.96;3.00;6.00;Bueno;20.00;Bueno
2025-12-20;23:00;2;3.00;3.00;6.00;Bueno;20.00;Bueno
2025-12-21;00:00;7;3.21;2.50;5.00;Bueno;16.67;Bueno
2025-12-21;01:00;5;3.38;2.50;5.00;Bueno;16.67;Bueno
2025-12-21;02:00;1;3.38;2.50;5.00;Bueno;16.67;Bueno
2025-12-21;03:00;6;3.54;2.50;5.00;Bueno;16.67;Bueno
2025-12-21;04:00;6;3.62;2.50;5.00;Bueno;16.67;Bueno
2025-12-21;05:00;2;3.46;2.50;5.00;Bueno;16.67;Bueno
2025-12-21;06:00;5;3.29;2.50;5.00;Bueno;16.67;Bueno
2025-12-21;07:00;5;3.12;2.50;5.00;Bueno;16.67;Bueno
2025-12-21;08:00;1;3.08;2.50;5.00;Bueno;16.67;Bueno
2025-12-21;09:00;1;3.08;2.50;5.00;Bueno;16.67;Bueno
2025-12-21;10:00;1;3.00;2.50;5.00;Bueno;16.67;Bueno
2025-12-21;11:00;1;2.79;2.50;5.00;Bueno;16.67;Bueno
2025-12-21;12:00;1;2.62;2.50;5.00;Bueno;16.67;Bueno
2025-12-21;13:00;1;2.54;2.50;5.00;Bueno;16.67;Bueno
2025-12-21;14:00;1;2.50;2.50;5.00;Bueno;16.67;Bueno
2025-12-21;15:00;1;2.46;2.50;5.00;Bueno;16.67;Bueno
2025-12-21;16:00;1;2.38;2.50;5.00;Bueno;16.67;Bueno
2025-12-21;17:00;1;2.38;2.50;5.00;Bueno;16.67;Bueno
2025-12-21;18:00;3;2.46;2.50;5.00;Bueno;16.67;Bueno
2025-12-21;19:00;3;2.46;2.50;5.00;Bueno;16.67;Bueno
2025-12-21;20:00;3;2.50;2.50;5.00;Bueno;16.67;Bueno
2025-12-21;21:00;1;2.50;2.50;5.00;Bueno;16.67;Bueno
2025-12-21;22:00;1;2.50;2.50;5.00;Bueno;16.67;Bueno
2025-12-21;23:00;2;2.50;2.50;5.00;Bueno;16.67;Bueno
2025-12-22;00:00;2;2.29;2.52;5.04;Bueno;16.81;Bueno
2025-12-22;01:00;3;2.21;2.52;5.04;Bueno;16.81;Bueno
2025-12-22;02:00;1;2.21;2.52;5.04;Bueno;16.81;Bueno
2025-12-22;03:00;1;2.00;2.52;5.04;Bueno;16.81;Bueno
2025-12-22;04:00;1;1.79;2.52;5.04;Bueno;16.81;Bueno
2025-12-22;05:00;1;1.75;2.52;5.04;Bueno;16.81;Bueno
2025-12-22;06:00;1;1.58;2.52;5.04;Bueno;16.81;Bueno
2025-12-22;07:00;6;1.62;2.52;5.04;Bueno;16.81;Bueno
2025-12-22;08:00;6;1.83;2.52;5.04;Bueno;16.81;Bueno
2025-12-22;09:00;3;1.92;2.52;5.04;Bueno;16.81;Bueno
2025-12-22;10:00;7;2.17;2.52;5.04;Bueno;16.81;Bueno
2025-12-22;11:00;7;2.42;2.52;5.04;Bueno;16.81;Bueno
2025-12-22;12:00;3;2.50;2.52;5.04;Bueno;16.81;Bueno
2025-12-22;13:00;2;2.54;2.52;5.04;Bueno;16.81;Bueno
2025-12-22;14:00;1;2.54;2.52;5.04;Bueno;16.81;Bueno
2025-12-22;15:00;1;2.54;2.52;5.04;Bueno;16.81;Bueno
2025-12-22;16:00;1;2.54;2.52;5.04;Bueno;16.81;Bueno
2025-12-22;17:00;;2.61;2.52;5.04;Bueno;16.81;Bueno
2025-12-22;18:00;4;2.65;2.52;5.04;Bueno;16.81;Bueno
2025-12-22;19:00;1;2.57;2.52;5.04;Bueno;16.81;Bueno
2025-12-22;20:00;1;2.48;2.52;5.04;Bueno;16.81;Bueno
2025-12-22;21:00;3;2.57;2.52;5.04;Bueno;16.81;Bueno
2025-12-22;22:00;1;2.57;2.52;5.04;Bueno;16.81;Bueno
2025-12-22;23:00;1;2.52;2.52;5.04;Bueno;16.81;Bueno
2025-12-23;00:00;1;2.48;2.18;4.36;Bueno;14.55;Bueno
2025-12-23;01:00;;2.45;2.18;4.36;Bueno;14.55;Bueno
2025-12-23;02:00;1;2.45;2.18;4.36;Bueno;14.55;Bueno
2025-12-23;03:00;1;2.45;2.18;4.36;Bueno;14.55;Bueno
2025-12-23;04:00;1;2.45;2.18;4.36;Bueno;14.55;Bueno
2025-12-23;05:00;2;2.50;2.18;4.36;Bueno;14.55;Bueno
2025-12-23;06:00;4;2.64;2.18;4.36;Bueno;14.55;Bueno
2025-12-23;07:00;1;2.41;2.18;4.36;Bueno;14.55;Bueno
2025-12-23;08:00;3;2.27;2.18;4.36;Bueno;14.55;Bueno
2025-12-23;09:00;4;2.32;2.18;4.36;Bueno;14.55;Bueno
2025-12-23;10:00;;2.10;2.18;4.36;Bueno;14.55;Bueno
2025-12-23;11:00;5;2.00;2.18;4.36;Bueno;14.55;Bueno
2025-12-23;12:00;3;2.00;2.18;4.36;Bueno;14.55;Bueno
2025-12-23;13:00;1;1.95;2.18;4.36;Bueno;14.55;Bueno
2025-12-23;14:00;3;2.05;2.18;4.36;Bueno;14.55;Bueno
2025-12-23;15:00;2;2.10;2.18;4.36;Bueno;14.55;Bueno
2025-12-23;16:00;1;2.10;2.18;4.36;Bueno;14.55;Bueno
2025-12-23;17:00;1;2.05;2.18;4.36;Bueno;14.55;Bueno
2025-12-23;18:00;1;1.91;2.18;4.36;Bueno;14.55;Bueno
2025-12-23;19:00;2;1.95;2.18;4.36;Bueno;14.55;Bueno
2025-12-23;20:00;2;2.00;2.18;4.36;Bueno;14.55;Bueno
2025-12-23;21:00;3;2.00;2.18;4.36;Bueno;14.55;Bueno
2025-12-23;22:00;3;2.09;2.18;4.36;Bueno;14.55;Bueno
2025-12-23;23:00;3;2.18;2.18;4.36;Bueno;14.55;Bueno
2025-12-24;00:00;1;2.18;4.35;8.70;Bueno;28.99;Bueno
2025-12-24;01:00;;2.18;4.35;8.70;Bueno;28.99;Bueno
2025-12-24;02:00;1;2.18;4.35;8.70;Bueno;28.99;Bueno
2025-12-24;03:00;3;2.27;4.35;8.70;Bueno;28.99;Bueno
2025-12-24;04:00;2;2.32;4.35;8.70;Bueno;28.99;Bueno
2025-12-24;05:00;2;2.32;4.35;8.70;Bueno;28.99;Bueno
2025-12-24;06:00;4;2.32;4.35;8.70;Bueno;28.99;Bueno
2025-12-24;07:00;7;2.59;4.35;8.70;Bueno;28.99;Bueno
2025-12-24;08:00;5;2.68;4.35;8.70;Bueno;28.99;Bueno
2025-12-24;09:00;3;2.64;4.35;8.70;Bueno;28.99;Bueno
2025-12-24;10:00;2;2.61;4.35;8.70;Bueno;28.99;Bueno
2025-12-24;11:00;4;2.57;4.35;8.70;Bueno;28.99;Bueno
2025-12-24;12:00;4;2.61;4.35;8.70;Bueno;28.99;Bueno
2025-12-24;13:00;5;2.78;4.35;8.70;Bueno;28.99;Bueno
2025-12-24;14:00;9;3.04;4.35;8.70;Bueno;28.99;Bueno
2025-12-24;15:00;4;3.13;4.35;8.70;Bueno;28.99;Bueno
2025-12-24;16:00;1;3.13;4.35;8.70;Bueno;28.99;Bueno
2025-12-24;17:00;2;3.17;4.35;8.70;Bueno;28.99;Bueno
2025-12-24;18:00;4;3.30;4.35;8.70;Bueno;28.99;Bueno
2025-12-24;19:00;9;3.61;4.35;8.70;Bueno;28.99;Bueno
2025-12-24;20:00;10;3.96;4.35;8.70;Bueno;28.99;Bueno
2025-12-24;21:00;7;4.13;4.35;8.70;Bueno;28.99;Bueno
2025-12-24;22:00;6;4.26;4.35;8.70;Bueno;28.99;Bueno
2025-12-24;23:00;5;4.35;4.35;8.70;Bueno;28.99;Bueno
2025-12-25;00:00;6;4.57;5.38;10.75;Bueno;35.83;Bueno
2025-12-25;01:00;9;4.75;5.38;10.75;Bueno;35.83;Bueno
2025-12-25;02:00;15;5.33;5.38;10.75;Bueno;35.83;Bueno
2025-12-25;03:00;10;5.62;5.38;10.75;Bueno;35.83;Bueno
2025-12-25;04:00;8;5.88;5.38;10.75;Bueno;35.83;Bueno
2025-12-25;05:00;5;6.00;5.38;10.75;Bueno;35.83;Bueno
2025-12-25;06:00;4;6.00;5.38;10.75;Bueno;35.83;Bueno
2025-12-25;07:00;2;5.79;5.38;10.75;Bueno;35.83;Bueno
2025-12-25;08:00;1;5.62;5.38;10.75;Bueno;35.83;Bueno
2025-12-25;09:00;2;5.58;5.38;10.75;Bueno;35.83;Bueno
2025-12-25;10:00;3;5.62;5.38;10.75;Bueno;35.83;Bueno
2025-12-25;11:00;6;5.71;5.38;10.75;Bueno;35.83;Bueno
2025-12-25;12:00;7;5.83;5.38;10.75;Bueno;35.83;Bueno
2025-12-25;13:00;6;5.88;5.38;10.75;Bueno;35.83;Bueno
2025-12-25;14:00;4;5.67;5.38;10.75;Bueno;35.83;Bueno
2025-12-25;15:00;4;5.67;5.38;10.75;Bueno;35.83;Bueno
2025-12-25;16:00;5;5.83;5.38;10.75;Bueno;35.83;Bueno
2025-12-25;17:00;3;5.88;5.38;10.75;Bueno;35.83;Bueno
2025-12-25;18:00;1;5.75;5.38;10.75;Bueno;35.83;Bueno
2025-12-25;19:00;1;5.42;5.38;10.75;Bueno;35.83;Bueno
2025-12-25;20:00;5;5.21;5.38;10.75;Bueno;35.83;Bueno
2025-12-25;21:00;8;5.25;5.38;10.75;Bueno;35.83;Bueno
2025-12-25;22:00;8;5.33;5.38;10.75;Bueno;35.83;Bueno
2025-12-25;23:00;6;5.38;5.38;10.75;Bueno;35.83;Bueno
2025-12-26;00:00;3;5.25;11.50;23.00;Bueno;76.67;Bueno
2025-12-26;01:00;1;4.92;11.50;23.00;Bueno;76.67;Bueno
2025-12-26;02:00;3;4.42;11.50;23.00;Bueno;76.67;Bueno
2025-12-26;03:00;5;4.21;11.50;23.00;Bueno;76.67;Bueno
2025-12-26;04:00;8;4.21;11.50;23.00;Bueno;76.67;Bueno
2025-12-26;05:00;8;4.33;11.50;23.00;Bueno;76.67;Bueno
2025-12-26;06:00;8;4.50;11.50;23.00;Bueno;76.67;Bueno
2025-12-26;07:00;9;4.79;11.50;23.00;Bueno;76.67;Bueno
2025-12-26;08:00;7;5.04;11.50;23.00;Bueno;76.67;Bueno
2025-12-26;09:00;7;5.25;11.50;23.00;Bueno;76.67;Bueno
2025-12-26;10:00;6;5.38;11.50;23.00;Bueno;76.67;Bueno
2025-12-26;11:00;2;5.21;11.50;23.00;Bueno;76.67;Bueno
2025-12-26;12:00;1;4.96;11.50;23.00;Bueno;76.67;Bueno
2025-12-26;13:00;4;4.88;11.50;23.00;Bueno;76.67;Bueno
2025-12-26;14:00;3;4.83;11.50;23.00;Bueno;76.67;Bueno
2025-12-26;15:00;4;4.83;11.50;23.00;Bueno;76.67;Bueno
2025-12-26;16:00;6;4.88;11.50;23.00;Bueno;76.67;Bueno
2025-12-26;17:00;5;4.96;11.50;23.00;Bueno;76.67;Bueno
2025-12-26;18:00;4;5.08;11.50;23.00;Bueno;76.67;Bueno
2025-12-26;19:00;2;5.12;11.50;23.00;Bueno;76.67;Bueno
2025-12-26;20:00;3;5.04;11.50;23.00;Bueno;76.67;Bueno
2025-12-26;21:00;80;8.04;11.50;23.00;Bueno;76.67;Bueno
2025-12-26;22:00;67;10.50;11.50;23.00;Bueno;76.67;Bueno
2025-12-26;23:00;30;11.50;11.50;23.00;Bueno;76.67;Bueno
2025-12-27;00:00;9;11.75;4.62;9.25;Bueno;30.83;Bueno
2025-12-27;01:00;21;12.58;4.62;9.25;Bueno;30.83;Bueno
2025-12-27;02:00;3;12.58;4.62;9.25;Bueno;30.83;Bueno
2025-12-27;03:00;3;12.50;4.62;9.25;Bueno;30.83;Bueno
2025-12-27;04:00;4;12.33;4.62;9.25;Bueno;30.83;Bueno
2025-12-27;05:00;4;12.17;4.62;9.25;Bueno;30.83;Bueno
2025-12-27;06:00;4;12.00;4.62;9.25;Bueno;30.83;Bueno
2025-12-27;07:00;4;11.79;4.62;9.25;Bueno;30.83;Bueno
2025-12-27;08:00;2;11.58;4.62;9.25;Bueno;30.83;Bueno
2025-12-27;09:00;1;11.33;4.62;9.25;Bueno;30.83;Bueno
2025-12-27;10:00;3;11.21;4.62;9.25;Bueno;30.83;Bueno
2025-12-27;11:00;4;11.29;4.62;9.25;Bueno;30.83;Bueno
2025-12-27;12:00;3;11.38;4.62;9.25;Bueno;30.83;Bueno
2025-12-27;13:00;2;11.29;4.62;9.25;Bueno;30.83;Bueno
2025-12-27;14:00;5;11.38;4.62;9.25;Bueno;30.83;Bueno
2025-12-27;15:00;5;11.42;4.62;9.25;Bueno;30.83;Bueno
2025-12-27;16:00;1;11.21;4.62;9.25;Bueno;30.83;Bueno
2025-12-27;17:00;1;11.04;4.62;9.25;Bueno;30.83;Bueno
2025-12-27;18:00;2;10.96;4.62;9.25;Bueno;30.83;Bueno
2025-12-27;19:00;2;10.96;4.62;9.25;Bueno;30.83;Bueno
2025-12-27;20:00;2;10.92;4.62;9.25;Bueno;30.83;Bueno
2025-12-27;21:00;7;7.88;4.62;9.25;Bueno;30.83;Bueno
2025-12-27;22:00;12;5.58;4.62;9.25;Bueno;30.83;Bueno
2025-12-27;23:00;7;4.62;4.62;9.25;Bueno;30.83;Bueno
2025-12-28;00:00;2;4.33;7.71;15.42;Bueno;51.39;Bueno
2025-12-28;01:00;4;3.62;7.71;15.42;Bueno;51.39;Bueno
2025-12-28;02:00;4;3.67;7.71;15.42;Bueno;51.39;Bueno
2025-12-28;03:00;4;3.71;7.71;15.42;Bueno;51.39;Bueno
2025-12-28;04:00;7;3.83;7.71;15.42;Bueno;51.39;Bueno
2025-12-28;05:00;7;3.96;7.71;15.42;Bueno;51.39;Bueno
2025-12-28;06:00;5;4.00;7.71;15.42;Bueno;51.39;Bueno
2025-12-28;07:00;8;4.17;7.71;15.42;Bueno;51.39;Bueno
2025-12-28;08:00;16;4.75;7.71;15.42;Bueno;51.39;Bueno
2025-12-28;09:00;76;7.88;7.71;15.42;Bueno;51.39;Bueno
2025-12-28;10:00;8;8.08;7.71;15.42;Bueno;51.39;Bueno
2025-12-28;11:00;5;8.12;7.71;15.42;Bueno;51.39;Bueno
2025-12-28;12:00;4;8.17;7.71;15.42;Bueno;51.39;Bueno
2025-12-28;13:00;3;8.21;7.71;15.42;Bueno;51.39;Bueno
2025-12-28;14:00;1;8.04;7.71;15.42;Bueno;51.39;Bueno
2025-12-28;15:00;1;7.88;7.71;15.42;Bueno;51.39;Bueno
2025-12-28;16:00;2;7.92;7.71;15.42;Bueno;51.39;Bueno
2025-12-28;17:00;4;8.04;7.71;15.42;Bueno;51.39;Bueno
2025-12-28;18:00;3;8.08;7.71;15.42;Bueno;51.39;Bueno
2025-12-28;19:00;2;8.08;7.71;15.42;Bueno;51.39;Bueno
2025-12-28;20:00;2;8.08;7.71;15.42;Bueno;51.39;Bueno
2025-12-28;21:00;4;7.96;7.71;15.42;Bueno;51.39;Bueno
2025-12-28;22:00;6;7.71;7.71;15.42;Bueno;51.39;Bueno
2025-12-28;23:00;7;7.71;7.71;15.42;Bueno;51.39;Bueno
2025-12-29;00:00;8;7.96;6.00;12.00;Bueno;40.00;Bueno
2025-12-29;01:00;7;8.08;6.00;12.00;Bueno;40.00;Bueno
2025-12-29;02:00;6;8.17;6.00;12.00;Bueno;40.00;Bueno
2025-12-29;03:00;6;8.25;6.00;12.00;Bueno;40.00;Bueno
2025-12-29;04:00;7;8.25;6.00;12.00;Bueno;40.00;Bueno
2025-12-29;05:00;8;8.29;6.00;12.00;Bueno;40.00;Bueno
2025-12-29;06:00;7;8.38;6.00;12.00;Bueno;40.00;Bueno
2025-12-29;07:00;6;8.29;6.00;12.00;Bueno;40.00;Bueno
2025-12-29;08:00;2;7.71;6.00;12.00;Bueno;40.00;Bueno
2025-12-29;09:00;4;4.71;6.00;12.00;Bueno;40.00;Bueno
2025-12-29;10:00;8;4.71;6.00;12.00;Bueno;40.00;Bueno
2025-12-29;11:00;9;4.88;6.00;12.00;Bueno;40.00;Bueno
2025-12-29;12:00;8;5.04;6.00;12.00;Bueno;40.00;Bueno
2025-12-29;13:00;6;5.17;6.00;12.00;Bueno;40.00;Bueno
2025-12-29;14:00;4;5.29;6.00;12.00;Bueno;40.00;Bueno
2025-12-29;15:00;4;5.42;6.00;12.00;Bueno;40.00;Bueno
2025-12-29;16:00;7;5.62;6.00;12.00;Bueno;40.00;Bueno
2025-12-29;17:00;8;5.79;6.00;12.00;Bueno;40.00;Bueno
2025-12-29;18:00;2;5.75;6.00;12.00;Bueno;40.00;Bueno
2025-12-29;19:00;1;5.71;6.00;12.00;Bueno;40.00;Bueno
2025-12-29;20:00;3;5.75;6.00;12.00;Bueno;40.00;Bueno
2025-12-29;21:00;5;5.79;6.00;12.00;Bueno;40.00;Bueno
2025-12-29;22:00;9;5.92;6.00;12.00;Bueno;40.00;Bueno
2025-12-29;23:00;9;6.00;6.00;12.00;Bueno;40.00;Bueno
2025-12-30;00:00;6;5.92;6.17;12.33;Bueno;41.11;Bueno
2025-12-30;01:00;4;5.79;6.17;12.33;Bueno;41.11;Bueno
2025-12-30;02:00;3;5.67;6.17;12.33;Bueno;41.11;Bueno
2025-12-30;03:00;4;5.58;6.17;12.33;Bueno;41.11;Bueno
2025-12-30;04:00;4;5.46;6.17;12.33;Bueno;41.11;Bueno
2025-12-30;05:00;4;5.29;6.17;12.33;Bueno;41.11;Bueno
2025-12-30;06:00;5;5.21;6.17;12.33;Bueno;41.11;Bueno
2025-12-30;07:00;7;5.25;6.17;12.33;Bueno;41.11;Bueno
2025-12-30;08:00;7;5.46;6.17;12.33;Bueno;41.11;Bueno
2025-12-30;09:00;5;5.50;6.17;12.33;Bueno;41.11;Bueno
2025-12-30;10:00;7;5.46;6.17;12.33;Bueno;41.11;Bueno
2025-12-30;11:00;8;5.42;6.17;12.33;Bueno;41.11;Bueno
2025-12-30;12:00;3;5.21;6.17;12.33;Bueno;41.11;Bueno
2025-12-30;13:00;3;5.08;6.17;12.33;Bueno;41.11;Bueno
2025-12-30;14:00;6;5.17;6.17;12.33;Bueno;41.11;Bueno
2025-12-30;15:00;6;5.25;6.17;12.33;Bueno;41.11;Bueno
2025-12-30;16:00;5;5.17;6.17;12.33;Bueno;41.11;Bueno
2025-12-30;17:00;6;5.08;6.17;12.33;Bueno;41.11;Bueno
2025-12-30;18:00;8;5.33;6.17;12.33;Bueno;41.11;Bueno
2025-12-30;19:00;6;5.54;6.17;12.33;Bueno;41.11;Bueno
2025-12-30;20:00;2;5.50;6.17;12.33;Bueno;41.11;Bueno
2025-12-30;21:00;5;5.50;6.17;12.33;Bueno;41.11;Bueno
2025-12-30;22:00;22;6.04;6.17;12.33;Bueno;41.11;Bueno
2025-12-30;23:00;12;6.17;6.17;12.33;Bueno;41.11;Bueno
2025-12-31;00:00;8;6.25;5.71;11.42;Bueno;38.06;Bueno
2025-12-31;01:00;6;6.33;5.71;11.42;Bueno;38.06;Bueno
2025-12-31;02:00;7;6.50;5.71;11.42;Bueno;38.06;Bueno
2025-12-31;03:00;5;6.54;5.71;11.42;Bueno;38.06;Bueno
2025-12-31;04:00;6;6.62;5.71;11.42;Bueno;38.06;Bueno
2025-12-31;05:00;7;6.75;5.71;11.42;Bueno;38.06;Bueno
2025-12-31;06:00;8;6.88;5.71;11.42;Bueno;38.06;Bueno
2025-12-31;07:00;4;6.75;5.71;11.42;Bueno;38.06;Bueno
2025-12-31;08:00;3;6.58;5.71;11.42;Bueno;38.06;Bueno
2025-12-31;09:00;3;6.50;5.71;11.42;Bueno;38.06;Bueno
2025-12-31;10:00;4;6.38;5.71;11.42;Bueno;38.06;Bueno
2025-12-31;11:00;8;6.38;5.71;11.42;Bueno;38.06;Bueno
2025-12-31;12:00;9;6.62;5.71;11.42;Bueno;38.06;Bueno
2025-12-31;13:00;8;6.83;5.71;11.42;Bueno;38.06;Bueno
2025-12-31;14:00;6;6.83;5.71;11.42;Bueno;38.06;Bueno
2025-12-31;15:00;5;6.79;5.71;11.42;Bueno;38.06;Bueno
2025-12-31;16:00;5;6.79;5.71;11.42;Bueno;38.06;Bueno
2025-12-31;17:00;5;6.75;5.71;11.42;Bueno;38.06;Bueno
2025-12-31;18:00;4;6.58;5.71;11.42;Bueno;38.06;Bueno
2025-12-31;19:00;3;6.46;5.71;11.42;Bueno;38.06;Bueno
2025-12-31;20:00;4;6.54;5.71;11.42;Bueno;38.06;Bueno
2025-12-31;21:00;4;6.50;5.71;11.42;Bueno;38.06;Bueno
2025-12-31;22:00;7;5.88;5.71;11.42;Bueno;38.06;Bueno
2025-12-31;23:00;8;5.71;5.71;11.42;Bueno;38.06;Bueno
2026-01-01;00:00;6;5.62;6.62;13.25;Bueno;44.17;Bueno
2026-01-01;01:00;8;5.71;6.62;13.25;Bueno;44.17;Bueno
2026-01-01;02:00;9;5.79;6.62;13.25;Bueno;44.17;Bueno
2026-01-01;03:00;9;5.96;6.62;13.25;Bueno;44.17;Bueno
2026-01-01;04:00;8;6.04;6.62;13.25;Bueno;44.17;Bueno
2026-01-01;05:00;6;6.00;6.62;13.25;Bueno;44.17;Bueno
2026-01-01;06:00;8;6.00;6.62;13.25;Bueno;44.17;Bueno
2026-01-01;07:00;6;6.08;6.62;13.25;Bueno;44.17;Bueno
2026-01-01;08:00;3;6.08;6.62;13.25;Bueno;44.17;Bueno
2026-01-01;09:00;3;6.08;6.62;13.25;Bueno;44.17;Bueno
2026-01-01;10:00;6;6.17;6.62;13.25;Bueno;44.17;Bueno
2026-01-01;11:00;7;6.12;6.62;13.25;Bueno;44.17;Bueno
2026-01-01;12:00;9;6.12;6.62;13.25;Bueno;44.17;Bueno
2026-01-01;13:00;9;6.17;6.62;13.25;Bueno;44.17;Bueno
2026-01-01;14:00;6;6.17;6.62;13.25;Bueno;44.17;Bueno
2026-01-01;15:00;6;6.21;6.62;13.25;Bueno;44.17;Bueno
2026-01-01;16:00;6;6.25;6.62;13.25;Bueno;44.17;Bueno
2026-01-01;17:00;5;6.25;6.62;13.25;Bueno;44.17;Bueno
2026-01-01;18:00;5;6.29;6.62;13.25;Bueno;44.17;Bueno
2026-01-01;19:00;5;6.38;6.62;13.25;Bueno;44.17;Bueno
2026-01-01;20:00;6;6.46;6.62;13.25;Bueno;44.17;Bueno
2026-01-01;21:00;7;6.58;6.62;13.25;Bueno;44.17;Bueno
2026-01-01;22:00;8;6.62;6.62;13.25;Bueno;44.17;Bueno
2026-01-01;23:00;8;6.62;6.62;13.25;Bueno;44.17;Bueno
2026-01-02;00:00;7;6.67;6.50;13.00;Bueno;43.33;Bueno
2026-01-02;01:00;6;6.58;6.50;13.00;Bueno;43.33;Bueno
2026-01-02;02:00;8;6.54;6.50;13.00;Bueno;43.33;Bueno
2026-01-02;03:00;6;6.42;6.50;13.00;Bueno;43.33;Bueno
2026-01-02;04:00;6;6.33;6.50;13.00;Bueno;43.33;Bueno
2026-01-02;05:00;6;6.33;6.50;13.00;Bueno;43.33;Bueno
2026-01-02;06:00;6;6.25;6.50;13.00;Bueno;43.33;Bueno
2026-01-02;07:00;9;6.38;6.50;13.00;Bueno;43.33;Bueno
2026-01-02;08:00;10;6.67;6.50;13.00;Bueno;43.33;Bueno
2026-01-02;09:00;9;6.92;6.50;13.00;Bueno;43.33;Bueno
2026-01-02;10:00;9;7.04;6.50;13.00;Bueno;43.33;Bueno
2026-01-02;11:00;9;7.12;6.50;13.00;Bueno;43.33;Bueno
2026-01-02;12:00;7;7.04;6.50;13.00;Bueno;43.33;Bueno
2026-01-02;13:00;9;7.04;6.50;13.00;Bueno;43.33;Bueno
2026-01-02;14:00;8;7.12;6.50;13.00;Bueno;43.33;Bueno
2026-01-02;15:00;5;7.08;6.50;13.00;Bueno;43.33;Bueno
2026-01-02;16:00;6;7.08;6.50;13.00;Bueno;43.33;Bueno
2026-01-02;17:00;6;7.12;6.50;13.00;Bueno;43.33;Bueno
2026-01-02;18:00;3;7.04;6.50;13.00;Bueno;43.33;Bueno
2026-01-02;19:00;2;6.92;6.50;13.00;Bueno;43.33;Bueno
2026-01-02;20:00;5;6.88;6.50;13.00;Bueno;43.33;Bueno
2026-01-02;21:00;6;6.83;6.50;13.00;Bueno;43.33;Bueno
2026-01-02;22:00;4;6.67;6.50;13.00;Bueno;43.33;Bueno
2026-01-02;23:00;4;6.50;6.50;13.00;Bueno;43.33;Bueno
2026-01-03;00:00;7;6.50;4.71;9.42;Bueno;31.39;Bueno
2026-01-03;01:00;6;6.50;4.71;9.42;Bueno;31.39;Bueno
2026-01-03;02:00;4;6.33;4.71;9.42;Bueno;31.39;Bueno
2026-01-03;03:00;4;6.25;4.71;9.42;Bueno;31.39;Bueno
2026-01-03;04:00;4;6.17;4.71;9.42;Bueno;31.39;Bueno
2026-01-03;05:00;5;6.12;4.71;9.42;Bueno;31.39;Bueno
2026-01-03;06:00;3;6.00;4.71;9.42;Bueno;31.39;Bueno
2026-01-03;07:00;3;5.75;4.71;9.42;Bueno;31.39;Bueno
2026-01-03;08:00;5;5.54;4.71;9.42;Bueno;31.39;Bueno
2026-01-03;09:00;8;5.50;4.71;9.42;Bueno;31.39;Bueno
2026-01-03;10:00;9;5.50;4.71;9.42;Bueno;31.39;Bueno
2026-01-03;11:00;6;5.38;4.71;9.42;Bueno;31.39;Bueno
2026-01-03;12:00;4;5.25;4.71;9.42;Bueno;31.39;Bueno
2026-01-03;13:00;4;5.04;4.71;9.42;Bueno;31.39;Bueno
2026-01-03;14:00;3;4.83;4.71;9.42;Bueno;31.39;Bueno
2026-01-03;15:00;4;4.79;4.71;9.42;Bueno;31.39;Bueno
2026-01-03;16:00;6;4.79;4.71;9.42;Bueno;31.39;Bueno
2026-01-03;17:00;5;4.75;4.71;9.42;Bueno;31.39;Bueno
2026-01-03;18:00;4;4.79;4.71;9.42;Bueno;31.39;Bueno
2026-01-03;19:00;4;4.88;4.71;9.42;Bueno;31.39;Bueno
2026-01-03;20:00;4;4.83;4.71;9.42;Bueno;31.39;Bueno
2026-01-03;21:00;3;4.71;4.71;9.42;Bueno;31.39;Bueno
2026-01-03;22:00;4;4.71;4.71;9.42;Bueno;31.39;Bueno
2026-01-03;23:00;4;4.71;4.71;9.42;Bueno;31.39;Bueno
2026-01-04;00:00;5;4.62;5.29;10.58;Bueno;35.28;Bueno
2026-01-04;01:00;6;4.62;5.29;10.58;Bueno;35.28;Bueno
2026-01-04;02:00;6;4.71;5.29;10.58;Bueno;35.28;Bueno
2026-01-04;03:00;6;4.79;5.29;10.58;Bueno;35.28;Bueno
2026-01-04;04:00;5;4.83;5.29;10.58;Bueno;35.28;Bueno
2026-01-04;05:00;6;4.88;5.29;10.58;Bueno;35.28;Bueno
2026-01-04;06:00;7;5.04;5.29;10.58;Bueno;35.28;Bueno
2026-01-04;07:00;6;5.17;5.29;10.58;Bueno;35.28;Bueno
2026-01-04;08:00;7;5.25;5.29;10.58;Bueno;35.28;Bueno
2026-01-04;09:00;7;5.21;5.29;10.58;Bueno;35.28;Bueno
2026-01-04;10:00;4;5.00;5.29;10.58;Bueno;35.28;Bueno
2026-01-04;11:00;2;4.83;5.29;10.58;Bueno;35.28;Bueno
2026-01-04;12:00;5;4.88;5.29;10.58;Bueno;35.28;Bueno
2026-01-04;13:00;5;4.92;5.29;10.58;Bueno;35.28;Bueno
2026-01-04;14:00;6;5.04;5.29;10.58;Bueno;35.28;Bueno
2026-01-04;15:00;5;5.08;5.29;10.58;Bueno;35.28;Bueno
2026-01-04;16:00;3;4.96;5.29;10.58;Bueno;35.28;Bueno
2026-01-04;17:00;6;5.00;5.29;10.58;Bueno;35.28;Bueno
2026-01-04;18:00;5;5.04;5.29;10.58;Bueno;35.28;Bueno
2026-01-04;19:00;5;5.08;5.29;10.58;Bueno;35.28;Bueno
2026-01-04;20:00;4;5.08;5.29;10.58;Bueno;35.28;Bueno
2026-01-04;21:00;5;5.17;5.29;10.58;Bueno;35.28;Bueno
2026-01-04;22:00;6;5.25;5.29;10.58;Bueno;35.28;Bueno
2026-01-04;23:00;5;5.29;5.29;10.58;Bueno;35.28;Bueno
2026-01-05;00:00;3;5.21;3.21;6.42;Bueno;21.39;Bueno
2026-01-05;01:00;3;5.08;3.21;6.42;Bueno;21.39;Bueno
2026-01-05;02:00;5;5.04;3.21;6.42;Bueno;21.39;Bueno
2026-01-05;03:00;6;5.04;3.21;6.42;Bueno;21.39;Bueno
2026-01-05;04:00;4;5.00;3.21;6.42;Bueno;21.39;Bueno
2026-01-05;05:00;2;4.83;3.21;6.42;Bueno;21.39;Bueno
2026-01-05;06:00;2;4.62;3.21;6.42;Bueno;21.39;Bueno
2026-01-05;07:00;4;4.54;3.21;6.42;Bueno;21.39;Bueno
2026-01-05;08:00;3;4.38;3.21;6.42;Bueno;21.39;Bueno
2026-01-05;09:00;3;4.21;3.21;6.42;Bueno;21.39;Bueno
2026-01-05;10:00;3;4.17;3.21;6.42;Bueno;21.39;Bueno
2026-01-05;11:00;6;4.33;3.21;6.42;Bueno;21.39;Bueno
2026-01-05;12:00;4;4.29;3.21;6.42;Bueno;21.39;Bueno
2026-01-05;13:00;3;4.21;3.21;6.42;Bueno;21.39;Bueno
2026-01-05;14:00;4;4.12;3.21;6.42;Bueno;21.39;Bueno
2026-01-05;15:00;1;3.96;3.21;6.42;Bueno;21.39;Bueno
2026-01-05;16:00;1;3.88;3.21;6.42;Bueno;21.39;Bueno
2026-01-05;17:00;1;3.67;3.21;6.42;Bueno;21.39;Bueno
2026-01-05;18:00;1;3.50;3.21;6.42;Bueno;21.39;Bueno
2026-01-05;19:00;2;3.38;3.21;6.42;Bueno;21.39;Bueno
2026-01-05;20:00;4;3.38;3.21;6.42;Bueno;21.39;Bueno
2026-01-05;21:00;4;3.33;3.21;6.42;Bueno;21.39;Bueno
2026-01-05;22:00;2;3.17;3.21;6.42;Bueno;21.39;Bueno
2026-01-05;23:00;6;3.21;3.21;6.42;Bueno;21.39;Bueno
2026-01-06;00:00;7;3.38;3.78;7.57;Bueno;25.22;Bueno
2026-01-06;01:00;4;3.42;3.78;7.57;Bueno;25.22;Bueno
2026-01-06;02:00;2;3.29;3.78;7.57;Bueno;25.22;Bueno
2026-01-06;03:00;1;3.08;3.78;7.57;Bueno;25.22;Bueno
2026-01-06;04:00;3;3.04;3.78;7.57;Bueno;25.22;Bueno
2026-01-06;05:00;3;3.08;3.78;7.57;Bueno;25.22;Bueno
2026-01-06;06:00;4;3.17;3.78;7.57;Bueno;25.22;Bueno
2026-01-06;07:00;5;3.21;3.78;7.57;Bueno;25.22;Bueno
2026-01-06;08:00;5;3.29;3.78;7.57;Bueno;25.22;Bueno
2026-01-06;09:00;6;3.42;3.78;7.57;Bueno;25.22;Bueno
2026-01-06;10:00;6;3.54;3.78;7.57;Bueno;25.22;Bueno
2026-01-06;11:00;3;3.42;3.78;7.57;Bueno;25.22;Bueno
2026-01-06;12:00;3;3.38;3.78;7.57;Bueno;25.22;Bueno
2026-01-06;13:00;4;3.42;3.78;7.57;Bueno;25.22;Bueno
2026-01-06;14:00;3;3.38;3.78;7.57;Bueno;25.22;Bueno
2026-01-06;15:00;;3.48;3.78;7.57;Bueno;25.22;Bueno
2026-01-06;16:00;5;3.65;3.78;7.57;Bueno;25.22;Bueno
2026-01-06;17:00;3;3.74;3.78;7.57;Bueno;25.22;Bueno
2026-01-06;18:00;1;3.74;3.78;7.57;Bueno;25.22;Bueno
2026-01-06;19:00;1;3.70;3.78;7.57;Bueno;25.22;Bueno
2026-01-06;20:00;6;3.78;3.78;7.57;Bueno;25.22;Bueno
2026-01-06;21:00;5;3.83;3.78;7.57;Bueno;25.22;Bueno
2026-01-06;22:00;2;3.83;3.78;7.57;Bueno;25.22;Bueno
2026-01-06;23:00;5;3.78;3.78;7.57;Bueno;25.22;Bueno
2026-01-07;00:00;6;3.74;9.22;18.43;Bueno;61.45;Bueno
2026-01-07;01:00;6;3.83;9.22;18.43;Bueno;61.45;Bueno
2026-01-07;02:00;9;4.13;9.22;18.43;Bueno;61.45;Bueno
2026-01-07;03:00;8;4.43;9.22;18.43;Bueno;61.45;Bueno
2026-01-07;04:00;7;4.61;9.22;18.43;Bueno;61.45;Bueno
2026-01-07;05:00;12;5.00;9.22;18.43;Bueno;61.45;Bueno
2026-01-07;06:00;22;5.78;9.22;18.43;Bueno;61.45;Bueno
2026-01-07;07:00;34;7.04;9.22;18.43;Bueno;61.45;Bueno
2026-01-07;08:00;6;7.09;9.22;18.43;Bueno;61.45;Bueno
2026-01-07;09:00;;7.14;9.22;18.43;Bueno;61.45;Bueno
2026-01-07;10:00;12;7.41;9.22;18.43;Bueno;61.45;Bueno
2026-01-07;11:00;12;7.82;9.22;18.43;Bueno;61.45;Bueno
2026-01-07;12:00;11;8.18;9.22;18.43;Bueno;61.45;Bueno
2026-01-07;13:00;12;8.55;9.22;18.43;Bueno;61.45;Bueno
2026-01-07;14:00;9;8.82;9.22;18.43;Bueno;61.45;Bueno
2026-01-07;15:00;8;8.78;9.22;18.43;Bueno;61.45;Bueno
2026-01-07;16:00;6;8.83;9.22;18.43;Bueno;61.45;Bueno
2026-01-07;17:00;4;8.87;9.22;18.43;Bueno;61.45;Bueno
2026-01-07;18:00;6;9.09;9.22;18.43;Bueno;61.45;Bueno
2026-01-07;19:00;4;9.22;9.22;18.43;Bueno;61.45;Bueno
2026-01-07;20:00;2;9.04;9.22;18.43;Bueno;61.45;Bueno
2026-01-07;21:00;5;9.04;9.22;18.43;Bueno;61.45;Bueno
2026-01-07;22:00;6;9.22;9.22;18.43;Bueno;61.45;Bueno
2026-01-07;23:00;5;9.22;9.22;18.43;Bueno;61.45;Bueno
2026-01-08;00:00;;9.36;7.61;15.22;Bueno;50.72;Bueno
2026-01-08;01:00;5;9.32;7.61;15.22;Bueno;50.72;Bueno
2026-01-08;02:00;7;9.23;7.61;15.22;Bueno;50.72;Bueno
2026-01-08;03:00;9;9.27;7.61;15.22;Bueno;50.72;Bueno
2026-01-08;04:00;8;9.32;7.61;15.22;Bueno;50.72;Bueno
2026-01-08;05:00;8;9.14;7.61;15.22;Bueno;50.72;Bueno
2026-01-08;06:00;10;8.59;7.61;15.22;Bueno;50.72;Bueno
2026-01-08;07:00;11;7.55;7.61;15.22;Bueno;50.72;Bueno
2026-01-08;08:00;9;7.68;7.61;15.22;Bueno;50.72;Bueno
2026-01-08;09:00;9;7.74;7.61;15.22;Bueno;50.72;Bueno
2026-01-08;10:00;8;7.57;7.61;15.22;Bueno;50.72;Bueno
2026-01-08;11:00;9;7.43;7.61;15.22;Bueno;50.72;Bueno
2026-01-08;12:00;10;7.39;7.61;15.22;Bueno;50.72;Bueno
2026-01-08;13:00;5;7.09;7.61;15.22;Bueno;50.72;Bueno
2026-01-08;14:00;4;6.87;7.61;15.22;Bueno;50.72;Bueno
2026-01-08;15:00;8;6.87;7.61;15.22;Bueno;50.72;Bueno
2026-01-08;16:00;9;7.00;7.61;15.22;Bueno;50.72;Bueno
2026-01-08;17:00;8;7.17;7.61;15.22;Bueno;50.72;Bueno
2026-01-08;18:00;5;7.13;7.61;15.22;Bueno;50.72;Bueno
2026-01-08;19:00;5;7.17;7.61;15.22;Bueno;50.72;Bueno
2026-01-08;20:00;6;7.35;7.61;15.22;Bueno;50.72;Bueno
2026-01-08;21:00;6;7.39;7.61;15.22;Bueno;50.72;Bueno
2026-01-08;22:00;8;7.48;7.61;15.22;Bueno;50.72;Bueno
2026-01-08;23:00;8;7.61;7.61;15.22;Bueno;50.72;Bueno
2026-01-09;00:00;7;7.58;7.88;15.75;Bueno;52.50;Bueno
2026-01-09;01:00;6;7.62;7.88;15.75;Bueno;52.50;Bueno
2026-01-09;02:00;4;7.50;7.88;15.75;Bueno;52.50;Bueno
2026-01-09;03:00;2;7.21;7.88;15.75;Bueno;52.50;Bueno
2026-01-09;04:00;2;6.96;7.88;15.75;Bueno;52.50;Bueno
2026-01-09;05:00;3;6.75;7.88;15.75;Bueno;52.50;Bueno
2026-01-09;06:00;7;6.62;7.88;15.75;Bueno;52.50;Bueno
2026-01-09;07:00;10;6.58;7.88;15.75;Bueno;52.50;Bueno
2026-01-09;08:00;9;6.58;7.88;15.75;Bueno;52.50;Bueno
2026-01-09;09:00;12;6.71;7.88;15.75;Bueno;52.50;Bueno
2026-01-09;10:00;13;6.92;7.88;15.75;Bueno;52.50;Bueno
2026-01-09;11:00;13;7.08;7.88;15.75;Bueno;52.50;Bueno
2026-01-09;12:00;14;7.25;7.88;15.75;Bueno;52.50;Bueno
2026-01-09;13:00;16;7.71;7.88;15.75;Bueno;52.50;Bueno
2026-01-09;14:00;12;8.04;7.88;15.75;Bueno;52.50;Bueno
2026-01-09;15:00;12;8.21;7.88;15.75;Bueno;52.50;Bueno
2026-01-09;16:00;13;8.38;7.88;15.75;Bueno;52.50;Bueno
2026-01-09;17:00;11;8.50;7.88;15.75;Bueno;52.50;Bueno
2026-01-09;18:00;6;8.54;7.88;15.75;Bueno;52.50;Bueno
2026-01-09;19:00;3;8.46;7.88;15.75;Bueno;52.50;Bueno
2026-01-09;20:00;2;8.29;7.88;15.75;Bueno;52.50;Bueno
2026-01-09;21:00;2;8.12;7.88;15.75;Bueno;52.50;Bueno
2026-01-09;22:00;3;7.92;7.88;15.75;Bueno;52.50;Bueno
2026-01-09;23:00;7;7.88;7.88;15.75;Bueno;52.50;Bueno
2026-01-10;00:00;10;8.00;8.04;16.08;Bueno;53.61;Bueno
2026-01-10;01:00;12;8.25;8.04;16.08;Bueno;53.61;Bueno
2026-01-10;02:00;10;8.50;8.04;16.08;Bueno;53.61;Bueno
2026-01-10;03:00;7;8.71;8.04;16.08;Bueno;53.61;Bueno
2026-01-10;04:00;8;8.96;8.04;16.08;Bueno;53.61;Bueno
2026-01-10;05:00;15;9.46;8.04;16.08;Bueno;53.61;Bueno
2026-01-10;06:00;15;9.79;8.04;16.08;Bueno;53.61;Bueno
2026-01-10;07:00;19;10.17;8.04;16.08;Bueno;53.61;Bueno
2026-01-10;08:00;10;10.21;8.04;16.08;Bueno;53.61;Bueno
2026-01-10;09:00;8;10.04;8.04;16.08;Bueno;53.61;Bueno
2026-01-10;10:00;8;9.83;8.04;16.08;Bueno;53.61;Bueno
2026-01-10;11:00;8;9.62;8.04;16.08;Bueno;53.61;Bueno
2026-01-10;12:00;9;9.42;8.04;16.08;Bueno;53.61;Bueno
2026-01-10;13:00;9;9.12;8.04;16.08;Bueno;53.61;Bueno
2026-01-10;14:00;5;8.83;8.04;16.08;Bueno;53.61;Bueno
2026-01-10;15:00;7;8.62;8.04;16.08;Bueno;53.61;Bueno
2026-01-10;16:00;8;8.42;8.04;16.08;Bueno;53.61;Bueno
2026-01-10;17:00;3;8.08;8.04;16.08;Bueno;53.61;Bueno
2026-01-10;18:00;3;7.96;8.04;16.08;Bueno;53.61;Bueno
2026-01-10;19:00;4;8.00;8.04;16.08;Bueno;53.61;Bueno
2026-01-10;20:00;2;8.00;8.04;16.08;Bueno;53.61;Bueno
2026-01-10;21:00;4;8.08;8.04;16.08;Bueno;53.61;Bueno
2026-01-10;22:00;4;8.12;8.04;16.08;Bueno;53.61;Bueno
2026-01-10;23:00;5;8.04;8.04;16.08;Bueno;53.61;Bueno
2026-01-11;00:00;6;7.88;5.00;10.00;Bueno;33.33;Bueno
2026-01-11;01:00;4;7.54;5.00;10.00;Bueno;33.33;Bueno
2026-01-11;02:00;7;7.42;5.00;10.00;Bueno;33.33;Bueno
2026-01-11;03:00;7;7.42;5.00;10.00;Bueno;33.33;Bueno
2026-01-11;04:00;7;7.38;5.00;10.00;Bueno;33.33;Bueno
2026-01-11;05:00;10;7.17;5.00;10.00;Bueno;33.33;Bueno
2026-01-11;06:00;9;6.92;5.00;10.00;Bueno;33.33;Bueno
2026-01-11;07:00;4;6.29;5.00;10.00;Bueno;33.33;Bueno
2026-01-11;08:00;3;6.00;5.00;10.00;Bueno;33.33;Bueno
2026-01-11;09:00;4;5.83;5.00;10.00;Bueno;33.33;Bueno
2026-01-11;10:00;4;5.67;5.00;10.00;Bueno;33.33;Bueno
2026-01-11;11:00;6;5.58;5.00;10.00;Bueno;33.33;Bueno
2026-01-11;12:00;4;5.38;5.00;10.00;Bueno;33.33;Bueno
2026-01-11;13:00;4;5.17;5.00;10.00;Bueno;33.33;Bueno
2026-01-11;14:00;3;5.08;5.00;10.00;Bueno;33.33;Bueno
2026-01-11;15:00;1;4.83;5.00;10.00;Bueno;33.33;Bueno
2026-01-11;16:00;2;4.58;5.00;10.00;Bueno;33.33;Bueno
2026-01-11;17:00;4;4.62;5.00;10.00;Bueno;33.33;Bueno
2026-01-11;18:00;4;4.67;5.00;10.00;Bueno;33.33;Bueno
2026-01-11;19:00;6;4.75;5.00;10.00;Bueno;33.33;Bueno
2026-01-11;20:00;9;5.04;5.00;10.00;Bueno;33.33;Bueno
2026-01-11;21:00;5;5.08;5.00;10.00;Bueno;33.33;Bueno
2026-01-11;22:00;4;5.08;5.00;10.00;Bueno;33.33;Bueno
2026-01-11;23:00;3;5.00;5.00;10.00;Bueno;33.33;Bueno
2026-01-12;00:00;5;4.96;6.29;12.58;Bueno;41.94;Bueno
2026-01-12;01:00;7;5.08;6.29;12.58;Bueno;41.94;Bueno
2026-01-12;02:00;8;5.12;6.29;12.58;Bueno;41.94;Bueno
2026-01-12;03:00;8;5.17;6.29;12.58;Bueno;41.94;Bueno
2026-01-12;04:00;6;5.12;6.29;12.58;Bueno;41.94;Bueno
2026-01-12;05:00;8;5.04;6.29;12.58;Bueno;41.94;Bueno
2026-01-12;06:00;11;5.12;6.29;12.58;Bueno;41.94;Bueno
2026-01-12;07:00;10;5.38;6.29;12.58;Bueno;41.94;Bueno
2026-01-12;08:00;8;5.58;6.29;12.58;Bueno;41.94;Bueno
2026-01-12;09:00;17;6.12;6.29;12.58;Bueno;41.94;Bueno
2026-01-12;10:00;11;6.42;6.29;12.58;Bueno;41.94;Bueno
2026-01-12;11:00;10;6.58;6.29;12.58;Bueno;41.94;Bueno
2026-01-12;12:00;7;6.71;6.29;12.58;Bueno;41.94;Bueno
2026-01-12;13:00;5;6.75;6.29;12.58;Bueno;41.94;Bueno
2026-01-12;14:00;6;6.88;6.29;12.58;Bueno;41.94;Bueno
2026-01-12;15:00;1;6.88;6.29;12.58;Bueno;41.94;Bueno
2026-01-12;16:00;1;6.83;6.29;12.58;Bueno;41.94;Bueno
2026-01-12;17:00;2;6.75;6.29;12.58;Bueno;41.94;Bueno
2026-01-12;18:00;2;6.67;6.29;12.58;Bueno;41.94;Bueno
2026-01-12;19:00;1;6.46;6.29;12.58;Bueno;41.94;Bueno
2026-01-12;20:00;3;6.21;6.29;12.58;Bueno;41.94;Bueno
2026-01-12;21:00;5;6.21;6.29;12.58;Bueno;41.94;Bueno
2026-01-12;22:00;5;6.25;6.29;12.58;Bueno;41.94;Bueno
2026-01-12;23:00;4;6.29;6.29;12.58;Bueno;41.94;Bueno
2026-01-13;00:00;3;6.21;7.21;14.42;Bueno;48.06;Bueno
2026-01-13;01:00;3;6.04;7.21;14.42;Bueno;48.06;Bueno
2026-01-13;02:00;4;5.88;7.21;14.42;Bueno;48.06;Bueno
2026-01-13;03:00;1;5.58;7.21;14.42;Bueno;48.06;Bueno
2026-01-13;04:00;1;5.38;7.21;14.42;Bueno;48.06;Bueno
2026-01-13;05:00;1;5.08;7.21;14.42;Bueno;48.06;Bueno
2026-01-13;06:00;1;4.67;7.21;14.42;Bueno;48.06;Bueno
2026-01-13;07:00;2;4.33;7.21;14.42;Bueno;48.06;Bueno
2026-01-13;08:00;3;4.12;7.21;14.42;Bueno;48.06;Bueno
2026-01-13;09:00;5;3.62;7.21;14.42;Bueno;48.06;Bueno
2026-01-13;10:00;6;3.42;7.21;14.42;Bueno;48.06;Bueno
2026-01-13;11:00;6;3.25;7.21;14.42;Bueno;48.06;Bueno
2026-01-13;12:00;6;3.21;7.21;14.42;Bueno;48.06;Bueno
2026-01-13;13:00;6;3.25;7.21;14.42;Bueno;48.06;Bueno
2026-01-13;14:00;10;3.42;7.21;14.42;Bueno;48.06;Bueno
2026-01-13;15:00;8;3.71;7.21;14.42;Bueno;48.06;Bueno
2026-01-13;16:00;2;3.75;7.21;14.42;Bueno;48.06;Bueno
2026-01-13;17:00;2;3.75;7.21;14.42;Bueno;48.06;Bueno
2026-01-13;18:00;2;3.75;7.21;14.42;Bueno;48.06;Bueno
2026-01-13;19:00;4;3.88;7.21;14.42;Bueno;48.06;Bueno
2026-01-13;20:00;8;4.08;7.21;14.42;Bueno;48.06;Bueno
2026-01-13;21:00;54;6.12;7.21;14.42;Bueno;48.06;Bueno
2026-01-13;22:00;29;7.12;7.21;14.42;Bueno;48.06;Bueno
2026-01-13;23:00;6;7.21;7.21;14.42;Bueno;48.06;Bueno
2026-01-14;00:00;8;7.42;10.96;21.92;Bueno;73.06;Bueno
2026-01-14;01:00;8;7.62;10.96;21.92;Bueno;73.06;Bueno
2026-01-14;02:00;21;8.33;10.96;21.92;Bueno;73.06;Bueno
2026-01-14;03:00;22;9.21;10.96;21.92;Bueno;73.06;Bueno
2026-01-14;04:00;17;9.88;10.96;21.92;Bueno;73.06;Bueno
2026-01-14;05:00;13;10.38;10.96;21.92;Bueno;73.06;Bueno
2026-01-14;06:00;13;10.88;10.96;21.92;Bueno;73.06;Bueno
2026-01-14;07:00;11;11.25;10.96;21.92;Bueno;73.06;Bueno
2026-01-14;08:00;8;11.46;10.96;21.92;Bueno;73.06;Bueno
2026-01-14;09:00;6;11.50;10.96;21.92;Bueno;73.06;Bueno
2026-01-14;10:00;7;11.54;10.96;21.92;Bueno;73.06;Bueno
2026-01-14;11:00;9;11.67;10.96;21.92;Bueno;73.06;Bueno
2026-01-14;12:00;7;11.71;10.96;21.92;Bueno;73.06;Bueno
2026-01-14;13:00;7;11.75;10.96;21.92;Bueno;73.06;Bueno
2026-01-14;14:00;9;11.71;10.96;21.92;Bueno;73.06;Bueno
2026-01-14;15:00;21;12.25;10.96;21.92;Bueno;73.06;Bueno
2026-01-14;16:00;24;13.17;10.96;21.92;Bueno;73.06;Bueno
2026-01-14;17:00;19;13.88;10.96;21.92;Bueno;73.06;Bueno
2026-01-14;18:00;12;14.29;10.96;21.92;Bueno;73.06;Bueno
2026-01-14;19:00;6;14.38;10.96;21.92;Bueno;73.06;Bueno
2026-01-14;20:00;4;14.21;10.96;21.92;Bueno;73.06;Bueno
2026-01-14;21:00;6;12.21;10.96;21.92;Bueno;73.06;Bueno
2026-01-14;22:00;3;11.12;10.96;21.92;Bueno;73.06;Bueno
2026-01-14;23:00;2;10.96;10.96;21.92;Bueno;73.06;Bueno
2026-01-15;00:00;1;10.67;7.67;15.33;Bueno;51.11;Bueno
2026-01-15;01:00;1;10.38;7.67;15.33;Bueno;51.11;Bueno
2026-01-15;02:00;1;9.54;7.67;15.33;Bueno;51.11;Bueno
2026-01-15;03:00;3;8.75;7.67;15.33;Bueno;51.11;Bueno
2026-01-15;04:00;3;8.17;7.67;15.33;Bueno;51.11;Bueno
2026-01-15;05:00;3;7.75;7.67;15.33;Bueno;51.11;Bueno
2026-01-15;06:00;8;7.54;7.67;15.33;Bueno;51.11;Bueno
2026-01-15;07:00;12;7.58;7.67;15.33;Bueno;51.11;Bueno
2026-01-15;08:00;16;7.92;7.67;15.33;Bueno;51.11;Bueno
2026-01-15;09:00;19;8.46;7.67;15.33;Bueno;51.11;Bueno
2026-01-15;10:00;14;8.75;7.67;15.33;Bueno;51.11;Bueno
2026-01-15;11:00;23;9.33;7.67;15.33;Bueno;51.11;Bueno
2026-01-15;12:00;15;9.67;7.67;15.33;Bueno;51.11;Bueno
2026-01-15;13:00;14;9.96;7.67;15.33;Bueno;51.11;Bueno
2026-01-15;14:00;10;10.00;7.67;15.33;Bueno;51.11;Bueno
2026-01-15;15:00;6;9.38;7.67;15.33;Bueno;51.11;Bueno
2026-01-15;16:00;2;8.46;7.67;15.33;Bueno;51.11;Bueno
2026-01-15;17:00;1;7.71;7.67;15.33;Bueno;51.11;Bueno
2026-01-15;18:00;3;7.33;7.67;15.33;Bueno;51.11;Bueno
2026-01-15;19:00;3;7.21;7.67;15.33;Bueno;51.11;Bueno
2026-01-15;20:00;6;7.29;7.67;15.33;Bueno;51.11;Bueno
2026-01-15;21:00;9;7.42;7.67;15.33;Bueno;51.11;Bueno
2026-01-15;22:00;6;7.54;7.67;15.33;Bueno;51.11;Bueno
2026-01-15;23:00;5;7.67;7.67;15.33;Bueno;51.11;Bueno
2026-01-16;00:00;5;7.83;5.38;10.75;Bueno;35.83;Bueno
2026-01-16;01:00;6;8.04;5.38;10.75;Bueno;35.83;Bueno
2026-01-16;02:00;5;8.21;5.38;10.75;Bueno;35.83;Bueno
2026-01-16;03:00;5;8.29;5.38;10.75;Bueno;35.83;Bueno
2026-01-16;04:00;4;8.33;5.38;10.75;Bueno;35.83;Bueno
2026-01-16;05:00;4;8.38;5.38;10.75;Bueno;35.83;Bueno
2026-01-16;06:00;6;8.29;5.38;10.75;Bueno;35.83;Bueno
2026-01-16;07:00;6;8.04;5.38;10.75;Bueno;35.83;Bueno
2026-01-16;08:00;6;7.62;5.38;10.75;Bueno;35.83;Bueno
2026-01-16;09:00;6;7.08;5.38;10.75;Bueno;35.83;Bueno
2026-01-16;10:00;5;6.71;5.38;10.75;Bueno;35.83;Bueno
2026-01-16;11:00;6;6.00;5.38;10.75;Bueno;35.83;Bueno
2026-01-16;12:00;6;5.62;5.38;10.75;Bueno;35.83;Bueno
2026-01-16;13:00;6;5.29;5.38;10.75;Bueno;35.83;Bueno
2026-01-16;14:00;7;5.17;5.38;10.75;Bueno;35.83;Bueno
2026-01-16;15:00;4;5.08;5.38;10.75;Bueno;35.83;Bueno
2026-01-16;16:00;1;5.04;5.38;10.75;Bueno;35.83;Bueno
2026-01-16;17:00;2;5.08;5.38;10.75;Bueno;35.83;Bueno
2026-01-16;18:00;3;5.08;5.38;10.75;Bueno;35.83;Bueno
2026-01-16;19:00;5;5.17;5.38;10.75;Bueno;35.83;Bueno
2026-01-16;20:00;7;5.21;5.38;10.75;Bueno;35.83;Bueno
2026-01-16;21:00;14;5.42;5.38;10.75;Bueno;35.83;Bueno
2026-01-16;22:00;5;5.38;5.38;10.75;Bueno;35.83;Bueno
2026-01-16;23:00;5;5.38;5.38;10.75;Bueno;35.83;Bueno
2026-01-17;00:00;6;5.42;5.96;11.92;Bueno;39.72;Bueno
2026-01-17;01:00;6;5.42;5.96;11.92;Bueno;39.72;Bueno
2026-01-17;02:00;6;5.46;5.96;11.92;Bueno;39.72;Bueno
2026-01-17;03:00;8;5.58;5.96;11.92;Bueno;39.72;Bueno
2026-01-17;04:00;6;5.67;5.96;11.92;Bueno;39.72;Bueno
2026-01-17;05:00;3;5.62;5.96;11.92;Bueno;39.72;Bueno
2026-01-17;06:00;1;5.42;5.96;11.92;Bueno;39.72;Bueno
2026-01-17;07:00;2;5.25;5.96;11.92;Bueno;39.72;Bueno
2026-01-17;08:00;3;5.12;5.96;11.92;Bueno;39.72;Bueno
2026-01-17;09:00;4;5.04;5.96;11.92;Bueno;39.72;Bueno
2026-01-17;10:00;6;5.08;5.96;11.92;Bueno;39.72;Bueno
2026-01-17;11:00;6;5.08;5.96;11.92;Bueno;39.72;Bueno
2026-01-17;12:00;6;5.08;5.96;11.92;Bueno;39.72;Bueno
2026-01-17;13:00;6;5.08;5.96;11.92;Bueno;39.72;Bueno
2026-01-17;14:00;4;4.96;5.96;11.92;Bueno;39.72;Bueno
2026-01-17;15:00;5;5.00;5.96;11.92;Bueno;39.72;Bueno
2026-01-17;16:00;3;5.08;5.96;11.92;Bueno;39.72;Bueno
2026-01-17;17:00;3;5.12;5.96;11.92;Bueno;39.72;Bueno
2026-01-17;18:00;7;5.29;5.96;11.92;Bueno;39.72;Bueno
2026-01-17;19:00;8;5.42;5.96;11.92;Bueno;39.72;Bueno
2026-01-17;20:00;6;5.38;5.96;11.92;Bueno;39.72;Bueno
2026-01-17;21:00;9;5.17;5.96;11.92;Bueno;39.72;Bueno
2026-01-17;22:00;18;5.71;5.96;11.92;Bueno;39.72;Bueno
2026-01-17;23:00;11;5.96;5.96;11.92;Bueno;39.72;Bueno
2026-01-18;00:00;10;6.12;11.75;23.50;Bueno;78.33;Bueno
2026-01-18;01:00;8;6.21;11.75;23.50;Bueno;78.33;Bueno
2026-01-18;02:00;9;6.33;11.75;23.50;Bueno;78.33;Bueno
2026-01-18;03:00;9;6.38;11.75;23.50;Bueno;78.33;Bueno
2026-01-18;04:00;8;6.46;11.75;23.50;Bueno;78.33;Bueno
2026-01-18;05:00;10;6.75;11.75;23.50;Bueno;78.33;Bueno
2026-01-18;06:00;9;7.08;11.75;23.50;Bueno;78.33;Bueno
2026-01-18;07:00;5;7.21;11.75;23.50;Bueno;78.33;Bueno
2026-01-18;08:00;7;7.38;11.75;23.50;Bueno;78.33;Bueno
2026-01-18;09:00;9;7.58;11.75;23.50;Bueno;78.33;Bueno
2026-01-18;10:00;8;7.67;11.75;23.50;Bueno;78.33;Bueno
2026-01-18;11:00;8;7.75;11.75;23.50;Bueno;78.33;Bueno
2026-01-18;12:00;9;7.88;11.75;23.50;Bueno;78.33;Bueno
2026-01-18;13:00;11;8.08;11.75;23.50;Bueno;78.33;Bueno
2026-01-18;14:00;13;8.46;11.75;23.50;Bueno;78.33;Bueno
2026-01-18;15:00;10;8.67;11.75;23.50;Bueno;78.33;Bueno
2026-01-18;16:00;9;8.92;11.75;23.50;Bueno;78.33;Bueno
2026-01-18;17:00;12;9.29;11.75;23.50;Bueno;78.33;Bueno
2026-01-18;18:00;11;9.46;11.75;23.50;Bueno;78.33;Bueno
2026-01-18;19:00;21;10.00;11.75;23.50;Bueno;78.33;Bueno
2026-01-18;20:00;19;10.54;11.75;23.50;Bueno;78.33;Bueno
2026-01-18;21:00;22;11.08;11.75;23.50;Bueno;78.33;Bueno
2026-01-18;22:00;26;11.42;11.75;23.50;Bueno;78.33;Bueno
2026-01-18;23:00;19;11.75;11.75;23.50;Bueno;78.33;Bueno
2026-01-19;00:00;25;12.38;32.68;65.36;Bueno;138.41;Regular
2026-01-19;01:00;21;12.92;32.68;65.36;Bueno;138.41;Regular
2026-01-19;02:00;23;13.50;32.68;65.36;Bueno;138.41;Regular
2026-01-19;03:00;21;14.00;32.68;65.36;Bueno;138.41;Regular
2026-01-19;04:00;19;14.46;32.68;65.36;Bueno;138.41;Regular
2026-01-19;05:00;21;14.92;32.68;65.36;Bueno;138.41;Regular
2026-01-19;06:00;26;15.62;32.68;65.36;Bueno;138.41;Regular
2026-01-19;07:00;41;17.12;32.68;65.36;Bueno;138.41;Regular
2026-01-19;08:00;31;18.12;32.68;65.36;Bueno;138.41;Regular
2026-01-19;09:00;42;19.50;32.68;65.36;Bueno;138.41;Regular
2026-01-19;10:00;45;21.04;32.68;65.36;Bueno;138.41;Regular
2026-01-19;11:00;40;22.38;32.68;65.36;Bueno;138.41;Regular
2026-01-19;12:00;40;23.67;32.68;65.36;Bueno;138.41;Regular
2026-01-19;13:00;;24.22;32.68;65.36;Bueno;138.41;Regular
2026-01-19;14:00;;24.73;32.68;65.36;Bueno;138.41;Regular
2026-01-19;15:00;54;26.73;32.68;65.36;Bueno;138.41;Regular
2026-01-19;16:00;41;28.18;32.68;65.36;Bueno;138.41;Regular
2026-01-19;17:00;42;29.55;32.68;65.36;Bueno;138.41;Regular
2026-01-19;18:00;36;30.68;32.68;65.36;Bueno;138.41;Regular
2026-01-19;19:00;29;31.05;32.68;65.36;Bueno;138.41;Regular
2026-01-19;20:00;30;31.55;32.68;65.36;Bueno;138.41;Regular
2026-01-19;21:00;35;32.14;32.68;65.36;Bueno;138.41;Regular
2026-01-19;22:00;32;32.41;32.68;65.36;Bueno;138.41;Regular
2026-01-19;23:00;25;32.68;32.68;65.36;Bueno;138.41;Regular
2026-01-20;00:00;26;32.73;25.25;50.50;Bueno;122.21;Regular
2026-01-20;01:00;24;32.86;25.25;50.50;Bueno;122.21;Regular
2026-01-20;02:00;20;32.73;25.25;50.50;Bueno;122.21;Regular
2026-01-20;03:00;18;32.59;25.25;50.50;Bueno;122.21;Regular
2026-01-20;04:00;17;32.50;25.25;50.50;Bueno;122.21;Regular
2026-01-20;05:00;20;32.45;25.25;50.50;Bueno;122.21;Regular
2026-01-20;06:00;17;32.05;25.25;50.50;Bueno;122.21;Regular
2026-01-20;07:00;44;32.18;25.25;50.50;Bueno;122.21;Regular
2026-01-20;08:00;43;32.73;25.25;50.50;Bueno;122.21;Regular
2026-01-20;09:00;31;32.23;25.25;50.50;Bueno;122.21;Regular
2026-01-20;10:00;23;31.23;25.25;50.50;Bueno;122.21;Regular
2026-01-20;11:00;20;30.32;25.25;50.50;Bueno;122.21;Regular
2026-01-20;12:00;21;29.45;25.25;50.50;Bueno;122.21;Regular
2026-01-20;13:00;24;29.22;25.25;50.50;Bueno;122.21;Regular
2026-01-20;14:00;23;28.96;25.25;50.50;Bueno;122.21;Regular
2026-01-20;15:00;29;27.92;25.25;50.50;Bueno;122.21;Regular
2026-01-20;16:00;23;27.17;25.25;50.50;Bueno;122.21;Regular
2026-01-20;17:00;29;26.62;25.25;50.50;Bueno;122.21;Regular
2026-01-20;18:00;28;26.29;25.25;50.50;Bueno;122.21;Regular
2026-01-20;19:00;25;26.12;25.25;50.50;Bueno;122.21;Regular
2026-01-20;20:00;30;26.12;25.25;50.50;Bueno;122.21;Regular
2026-01-20;21:00;23;25.62;25.25;50.50;Bueno;122.21;Regular
2026-01-20;22:00;27;25.42;25.25;50.50;Bueno;122.21;Regular
2026-01-20;23:00;21;25.25;25.25;50.50;Bueno;122.21;Regular
2026-01-21;00:00;22;25.08;19.08;38.17;Bueno;108.83;Regular
2026-01-21;01:00;23;25.04;19.08;38.17;Bueno;108.83;Regular
2026-01-21;02:00;23;25.17;19.08;38.17;Bueno;108.83;Regular
2026-01-21;03:00;21;25.29;19.08;38.17;Bueno;108.83;Regular
2026-01-21;04:00;21;25.46;19.08;38.17;Bueno;108.83;Regular
2026-01-21;05:00;23;25.58;19.08;38.17;Bueno;108.83;Regular
2026-01-21;06:00;22;25.79;19.08;38.17;Bueno;108.83;Regular
2026-01-21;07:00;25;25.00;19.08;38.17;Bueno;108.83;Regular
2026-01-21;08:00;19;24.00;19.08;38.17;Bueno;108.83;Regular
2026-01-21;09:00;25;23.75;19.08;38.17;Bueno;108.83;Regular
2026-01-21;10:00;28;23.96;19.08;38.17;Bueno;108.83;Regular
2026-01-21;11:00;22;24.04;19.08;38.17;Bueno;108.83;Regular
2026-01-21;12:00;25;24.21;19.08;38.17;Bueno;108.83;Regular
2026-01-21;13:00;25;24.25;19.08;38.17;Bueno;108.83;Regular
2026-01-21;14:00;24;24.29;19.08;38.17;Bueno;108.83;Regular
2026-01-21;15:00;18;23.83;19.08;38.17;Bueno;108.83;Regular
2026-01-21;16:00;17;23.58;19.08;38.17;Bueno;108.83;Regular
2026-01-21;17:00;12;22.88;19.08;38.17;Bueno;108.83;Regular
2026-01-21;18:00;12;22.21;19.08;38.17;Bueno;108.83;Regular
2026-01-21;19:00;19;21.96;19.08;38.17;Bueno;108.83;Regular
2026-01-21;20:00;14;21.29;19.08;38.17;Bueno;108.83;Regular
2026-01-21;21:00;7;20.62;19.08;38.17;Bueno;108.83;Regular
2026-01-21;22:00;6;19.75;19.08;38.17;Bueno;108.83;Regular
2026-01-21;23:00;5;19.08;19.08;38.17;Bueno;108.83;Regular
2026-01-22;00:00;4;18.33;21.75;43.50;Bueno;114.61;Regular
2026-01-22;01:00;3;17.50;21.75;43.50;Bueno;114.61;Regular
2026-01-22;02:00;2;16.62;21.75;43.50;Bueno;114.61;Regular
2026-01-22;03:00;4;15.92;21.75;43.50;Bueno;114.61;Regular
2026-01-22;04:00;7;15.33;21.75;43.50;Bueno;114.61;Regular
2026-01-22;05:00;6;14.62;21.75;43.50;Bueno;114.61;Regular
2026-01-22;06:00;21;14.58;21.75;43.50;Bueno;114.61;Regular
2026-01-22;07:00;17;14.25;21.75;43.50;Bueno;114.61;Regular
2026-01-22;08:00;11;13.92;21.75;43.50;Bueno;114.61;Regular
2026-01-22;09:00;22;13.79;21.75;43.50;Bueno;114.61;Regular
2026-01-22;10:00;33;14.00;21.75;43.50;Bueno;114.61;Regular
2026-01-22;11:00;55;15.38;21.75;43.50;Bueno;114.61;Regular
2026-01-22;12:00;108;18.83;21.75;43.50;Bueno;114.61;Regular
2026-01-22;13:00;61;20.33;21.75;43.50;Bueno;114.61;Regular
2026-01-22;14:00;43;21.12;21.75;43.50;Bueno;114.61;Regular
2026-01-22;15:00;30;21.62;21.75;43.50;Bueno;114.61;Regular
2026-01-22;16:00;14;21.50;21.75;43.50;Bueno;114.61;Regular
2026-01-22;17:00;17;21.71;21.75;43.50;Bueno;114.61;Regular
2026-01-22;18:00;13;21.75;21.75;43.50;Bueno;114.61;Regular
2026-01-22;19:00;12;21.46;21.75;43.50;Bueno;114.61;Regular
2026-01-22;20:00;11;21.33;21.75;43.50;Bueno;114.61;Regular
2026-01-22;21:00;9;21.42;21.75;43.50;Bueno;114.61;Regular
2026-01-22;22:00;10;21.58;21.75;43.50;Bueno;114.61;Regular
2026-01-22;23:00;9;21.75;21.75;43.50;Bueno;114.61;Regular
2026-01-23;00:00;5;21.79;14.04;28.08;Bueno;93.61;Bueno
2026-01-23;01:00;5;21.88;14.04;28.08;Bueno;93.61;Bueno
2026-01-23;02:00;6;22.04;14.04;28.08;Bueno;93.61;Bueno
2026-01-23;03:00;7;22.17;14.04;28.08;Bueno;93.61;Bueno
2026-01-23;04:00;11;22.33;14.04;28.08;Bueno;93.61;Bueno
2026-01-23;05:00;16;22.75;14.04;28.08;Bueno;93.61;Bueno
2026-01-23;06:00;18;22.62;14.04;28.08;Bueno;93.61;Bueno
2026-01-23;07:00;22;22.83;14.04;28.08;Bueno;93.61;Bueno
2026-01-23;08:00;23;23.33;14.04;28.08;Bueno;93.61;Bueno
2026-01-23;09:00;18;23.17;14.04;28.08;Bueno;93.61;Bueno
2026-01-23;10:00;15;22.42;14.04;28.08;Bueno;93.61;Bueno
2026-01-23;11:00;18;20.88;14.04;28.08;Bueno;93.61;Bueno
2026-01-23;12:00;17;17.08;14.04;28.08;Bueno;93.61;Bueno
2026-01-23;13:00;15;15.17;14.04;28.08;Bueno;93.61;Bueno
2026-01-23;14:00;21;14.25;14.04;28.08;Bueno;93.61;Bueno
2026-01-23;15:00;18;13.75;14.04;28.08;Bueno;93.61;Bueno
2026-01-23;16:00;15;13.79;14.04;28.08;Bueno;93.61;Bueno
2026-01-23;17:00;14;13.67;14.04;28.08;Bueno;93.61;Bueno
2026-01-23;18:00;14;13.71;14.04;28.08;Bueno;93.61;Bueno
2026-01-23;19:00;13;13.75;14.04;28.08;Bueno;93.61;Bueno
2026-01-23;20:00;12;13.79;14.04;28.08;Bueno;93.61;Bueno
2026-01-23;21:00;13;13.96;14.04;28.08;Bueno;93.61;Bueno
2026-01-23;22:00;12;14.04;14.04;28.08;Bueno;93.61;Bueno
2026-01-23;23:00;9;14.04;14.04;28.08;Bueno;93.61;Bueno
2026-01-24;00:00;5;14.04;9.38;18.75;Bueno;62.50;Bueno
2026-01-24;01:00;15;14.46;9.38;18.75;Bueno;62.50;Bueno
2026-01-24;02:00;18;14.96;9.38;18.75;Bueno;62.50;Bueno
2026-01-24;03:00;9;15.04;9.38;18.75;Bueno;62.50;Bueno
2026-01-24;04:00;9;14.96;9.38;18.75;Bueno;62.50;Bueno
2026-01-24;05:00;9;14.67;9.38;18.75;Bueno;62.50;Bueno
2026-01-24;06:00;16;14.58;9.38;18.75;Bueno;62.50;Bueno
2026-01-24;07:00;14;14.25;9.38;18.75;Bueno;62.50;Bueno
2026-01-24;08:00;10;13.71;9.38;18.75;Bueno;62.50;Bueno
2026-01-24;09:00;19;13.75;9.38;18.75;Bueno;62.50;Bueno
2026-01-24;10:00;20;13.96;9.38;18.75;Bueno;62.50;Bueno
2026-01-24;11:00;13;13.75;9.38;18.75;Bueno;62.50;Bueno
2026-01-24;12:00;12;13.54;9.38;18.75;Bueno;62.50;Bueno
2026-01-24;13:00;7;13.21;9.38;18.75;Bueno;62.50;Bueno
2026-01-24;14:00;6;12.58;9.38;18.75;Bueno;62.50;Bueno
2026-01-24;15:00;6;12.08;9.38;18.75;Bueno;62.50;Bueno
2026-01-24;16:00;3;11.58;9.38;18.75;Bueno;62.50;Bueno
2026-01-24;17:00;3;11.12;9.38;18.75;Bueno;62.50;Bueno
2026-01-24;18:00;5;10.75;9.38;18.75;Bueno;62.50;Bueno
2026-01-24;19:00;4;10.38;9.38;18.75;Bueno;62.50;Bueno
2026-01-24;20:00;3;10.00;9.38;18.75;Bueno;62.50;Bueno
2026-01-24;21:00;8;9.79;9.38;18.75;Bueno;62.50;Bueno
2026-01-24;22:00;9;9.67;9.38;18.75;Bueno;62.50;Bueno
2026-01-24;23:00;2;9.38;9.38;18.75;Bueno;62.50;Bueno
2026-01-25;00:00;1;9.21;4.38;8.75;Bueno;29.17;Bueno
2026-01-25;01:00;2;8.67;4.38;8.75;Bueno;29.17;Bueno
2026-01-25;02:00;4;8.08;4.38;8.75;Bueno;29.17;Bueno
2026-01-25;03:00;6;7.96;4.38;8.75;Bueno;29.17;Bueno
2026-01-25;04:00;6;7.83;4.38;8.75;Bueno;29.17;Bueno
2026-01-25;05:00;5;7.67;4.38;8.75;Bueno;29.17;Bueno
2026-01-25;06:00;5;7.21;4.38;8.75;Bueno;29.17;Bueno
2026-01-25;07:00;2;6.71;4.38;8.75;Bueno;29.17;Bueno
2026-01-25;08:00;3;6.42;4.38;8.75;Bueno;29.17;Bueno
2026-01-25;09:00;8;5.96;4.38;8.75;Bueno;29.17;Bueno
2026-01-25;10:00;7;5.42;4.38;8.75;Bueno;29.17;Bueno
2026-01-25;11:00;4;5.04;4.38;8.75;Bueno;29.17;Bueno
2026-01-25;12:00;4;4.71;4.38;8.75;Bueno;29.17;Bueno
2026-01-25;13:00;5;4.62;4.38;8.75;Bueno;29.17;Bueno
2026-01-25;14:00;5;4.58;4.38;8.75;Bueno;29.17;Bueno
2026-01-25;15:00;5;4.54;4.38;8.75;Bueno;29.17;Bueno
2026-01-25;16:00;4;4.58;4.38;8.75;Bueno;29.17;Bueno
2026-01-25;17:00;4;4.62;4.38;8.75;Bueno;29.17;Bueno
2026-01-25;18:00;3;4.54;4.38;8.75;Bueno;29.17;Bueno
2026-01-25;19:00;4;4.54;4.38;8.75;Bueno;29.17;Bueno
2026-01-25;20:00;5;4.62;4.38;8.75;Bueno;29.17;Bueno
2026-01-25;21:00;4;4.46;4.38;8.75;Bueno;29.17;Bueno
2026-01-25;22:00;3;4.21;4.38;8.75;Bueno;29.17;Bueno
2026-01-25;23:00;6;4.38;4.38;8.75;Bueno;29.17;Bueno
2026-01-26;00:00;10;4.75;5.29;10.58;Bueno;35.28;Bueno
2026-01-26;01:00;7;4.96;5.29;10.58;Bueno;35.28;Bueno
2026-01-26;02:00;4;4.96;5.29;10.58;Bueno;35.28;Bueno
2026-01-26;03:00;3;4.83;5.29;10.58;Bueno;35.28;Bueno
2026-01-26;04:00;6;4.83;5.29;10.58;Bueno;35.28;Bueno
2026-01-26;05:00;6;4.88;5.29;10.58;Bueno;35.28;Bueno
2026-01-26;06:00;4;4.83;5.29;10.58;Bueno;35.28;Bueno
2026-01-26;07:00;7;5.04;5.29;10.58;Bueno;35.28;Bueno
2026-01-26;08:00;10;5.33;5.29;10.58;Bueno;35.28;Bueno
2026-01-26;09:00;9;5.38;5.29;10.58;Bueno;35.28;Bueno
2026-01-26;10:00;7;5.38;5.29;10.58;Bueno;35.28;Bueno
2026-01-26;11:00;7;5.50;5.29;10.58;Bueno;35.28;Bueno
2026-01-26;12:00;8;5.67;5.29;10.58;Bueno;35.28;Bueno
2026-01-26;13:00;7;5.75;5.29;10.58;Bueno;35.28;Bueno
2026-01-26;14:00;5;5.75;5.29;10.58;Bueno;35.28;Bueno
2026-01-26;15:00;5;5.75;5.29;10.58;Bueno;35.28;Bueno
2026-01-26;16:00;5;5.79;5.29;10.58;Bueno;35.28;Bueno
2026-01-26;17:00;1;5.67;5.29;10.58;Bueno;35.28;Bueno
2026-01-26;18:00;1;5.58;5.29;10.58;Bueno;35.28;Bueno
2026-01-26;19:00;2;5.50;5.29;10.58;Bueno;35.28;Bueno
2026-01-26;20:00;2;5.38;5.29;10.58;Bueno;35.28;Bueno
2026-01-26;21:00;3;5.33;5.29;10.58;Bueno;35.28;Bueno
2026-01-26;22:00;5;5.42;5.29;10.58;Bueno;35.28;Bueno
2026-01-26;23:00;3;5.29;5.29;10.58;Bueno;35.28;Bueno
2026-01-27;00:00;5;5.08;6.04;12.08;Bueno;40.28;Bueno
2026-01-27;01:00;7;5.08;6.04;12.08;Bueno;40.28;Bueno
2026-01-27;02:00;7;5.21;6.04;12.08;Bueno;40.28;Bueno
2026-01-27;03:00;6;5.33;6.04;12.08;Bueno;40.28;Bueno
2026-01-27;04:00;3;5.21;6.04;12.08;Bueno;40.28;Bueno
2026-01-27;05:00;3;5.08;6.04;12.08;Bueno;40.28;Bueno
2026-01-27;06:00;18;5.67;6.04;12.08;Bueno;40.28;Bueno
2026-01-27;07:00;10;5.79;6.04;12.08;Bueno;40.28;Bueno
2026-01-27;08:00;9;5.75;6.04;12.08;Bueno;40.28;Bueno
2026-01-27;09:00;6;5.62;6.04;12.08;Bueno;40.28;Bueno
2026-01-27;10:00;8;5.67;6.04;12.08;Bueno;40.28;Bueno
2026-01-27;11:00;10;5.79;6.04;12.08;Bueno;40.28;Bueno
2026-01-27;12:00;9;5.83;6.04;12.08;Bueno;40.28;Bueno
2026-01-27;13:00;10;5.96;6.04;12.08;Bueno;40.28;Bueno
2026-01-27;14:00;9;6.12;6.04;12.08;Bueno;40.28;Bueno
2026-01-27;15:00;3;6.04;6.04;12.08;Bueno;40.28;Bueno
2026-01-27;16:00;3;5.96;6.04;12.08;Bueno;40.28;Bueno
2026-01-27;17:00;3;6.04;6.04;12.08;Bueno;40.28;Bueno
2026-01-27;18:00;2;6.08;6.04;12.08;Bueno;40.28;Bueno
2026-01-27;19:00;3;6.12;6.04;12.08;Bueno;40.28;Bueno
2026-01-27;20:00;4;6.21;6.04;12.08;Bueno;40.28;Bueno
2026-01-27;21:00;4;6.25;6.04;12.08;Bueno;40.28;Bueno
2026-01-27;22:00;1;6.08;6.04;12.08;Bueno;40.28;Bueno
2026-01-27;23:00;2;6.04;6.04;12.08;Bueno;40.28;Bueno
2026-01-28;00:00;3;5.96;5.96;11.92;Bueno;39.72;Bueno
2026-01-28;01:00;2;5.75;5.96;11.92;Bueno;39.72;Bueno
2026-01-28;02:00;3;5.58;5.96;11.92;Bueno;39.72;Bueno
2026-01-28;03:00;2;5.42;5.96;11.92;Bueno;39.72;Bueno
2026-01-28;04:00;2;5.38;5.96;11.92;Bueno;39.72;Bueno
2026-01-28;05:00;3;5.38;5.96;11.92;Bueno;39.72;Bueno
2026-01-28;06:00;7;4.92;5.96;11.92;Bueno;39.72;Bueno
2026-01-28;07:00;8;4.83;5.96;11.92;Bueno;39.72;Bueno
2026-01-28;08:00;5;4.67;5.96;11.92;Bueno;39.72;Bueno
2026-01-28;09:00;8;4.75;5.96;11.92;Bueno;39.72;Bueno
2026-01-28;10:00;9;4.79;5.96;11.92;Bueno;39.72;Bueno
2026-01-28;11:00;10;4.79;5.96;11.92;Bueno;39.72;Bueno
2026-01-28;12:00;12;4.92;5.96;11.92;Bueno;39.72;Bueno
2026-01-28;13:00;11;4.96;5.96;11.92;Bueno;39.72;Bueno
2026-01-28;14:00;10;5.00;5.96;11.92;Bueno;39.72;Bueno
2026-01-28;15:00;6;5.12;5.96;11.92;Bueno;39.72;Bueno
2026-01-28;16:00;4;5.17;5.96;11.92;Bueno;39.72;Bueno
2026-01-28;17:00;1;5.08;5.96;11.92;Bueno;39.72;Bueno
2026-01-28;18:00;1;5.04;5.96;11.92;Bueno;39.72;Bueno
2026-01-28;19:00;4;5.08;5.96;11.92;Bueno;39.72;Bueno
2026-01-28;20:00;6;5.17;5.96;11.92;Bueno;39.72;Bueno
2026-01-28;21:00;7;5.29;5.96;11.92;Bueno;39.72;Bueno
2026-01-28;22:00;9;5.62;5.96;11.92;Bueno;39.72;Bueno
2026-01-28;23:00;10;5.96;5.96;11.92;Bueno;39.72;Bueno
2026-01-29;00:00;6;6.08;7.70;15.39;Bueno;51.30;Bueno
2026-01-29;01:00;5;6.21;7.70;15.39;Bueno;51.30;Bueno
2026-01-29;02:00;5;6.29;7.70;15.39;Bueno;51.30;Bueno
2026-01-29;03:00;6;6.46;7.70;15.39;Bueno;51.30;Bueno
2026-01-29;04:00;8;6.71;7.70;15.39;Bueno;51.30;Bueno
2026-01-29;05:00;12;7.08;7.70;15.39;Bueno;51.30;Bueno
2026-01-29;06:00;22;7.71;7.70;15.39;Bueno;51.30;Bueno
2026-01-29;07:00;16;8.04;7.70;15.39;Bueno;51.30;Bueno
2026-01-29;08:00;13;8.38;7.70;15.39;Bueno;51.30;Bueno
2026-01-29;09:00;9;8.42;7.70;15.39;Bueno;51.30;Bueno
2026-01-29;10:00;6;8.29;7.70;15.39;Bueno;51.30;Bueno
2026-01-29;11:00;12;8.38;7.70;15.39;Bueno;51.30;Bueno
2026-01-29;12:00;10;8.29;7.70;15.39;Bueno;51.30;Bueno
2026-01-29;13:00;9;8.21;7.70;15.39;Bueno;51.30;Bueno
2026-01-29;14:00;10;8.21;7.70;15.39;Bueno;51.30;Bueno
2026-01-29;15:00;6;8.21;7.70;15.39;Bueno;51.30;Bueno
2026-01-29;16:00;4;8.21;7.70;15.39;Bueno;51.30;Bueno
2026-01-29;17:00;6;8.42;7.70;15.39;Bueno;51.30;Bueno
2026-01-29;18:00;3;8.50;7.70;15.39;Bueno;51.30;Bueno
2026-01-29;19:00;;8.70;7.70;15.39;Bueno;51.30;Bueno
2026-01-29;20:00;1;8.48;7.70;15.39;Bueno;51.30;Bueno
2026-01-29;21:00;3;8.30;7.70;15.39;Bueno;51.30;Bueno
2026-01-29;22:00;4;8.09;7.70;15.39;Bueno;51.30;Bueno
2026-01-29;23:00;1;7.70;7.70;15.39;Bueno;51.30;Bueno
2026-01-30;00:00;1;7.48;2.50;5.00;Bueno;16.67;Bueno
2026-01-30;01:00;1;7.30;2.50;5.00;Bueno;16.67;Bueno
2026-01-30;02:00;1;7.13;2.50;5.00;Bueno;16.67;Bueno
2026-01-30;03:00;1;6.91;2.50;5.00;Bueno;16.67;Bueno
2026-01-30;04:00;1;6.61;2.50;5.00;Bueno;16.67;Bueno
2026-01-30;05:00;2;6.17;2.50;5.00;Bueno;16.67;Bueno
2026-01-30;06:00;3;5.35;2.50;5.00;Bueno;16.67;Bueno
2026-01-30;07:00;1;4.70;2.50;5.00;Bueno;16.67;Bueno
2026-01-30;08:00;1;4.17;2.50;5.00;Bueno;16.67;Bueno
2026-01-30;09:00;1;3.83;2.50;5.00;Bueno;16.67;Bueno
2026-01-30;10:00;1;3.61;2.50;5.00;Bueno;16.67;Bueno
2026-01-30;11:00;4;3.26;2.50;5.00;Bueno;16.67;Bueno
2026-01-30;12:00;3;2.96;2.50;5.00;Bueno;16.67;Bueno
2026-01-30;13:00;3;2.70;2.50;5.00;Bueno;16.67;Bueno
2026-01-30;14:00;4;2.43;2.50;5.00;Bueno;16.67;Bueno
2026-01-30;15:00;3;2.30;2.50;5.00;Bueno;16.67;Bueno
2026-01-30;16:00;4;2.30;2.50;5.00;Bueno;16.67;Bueno
2026-01-30;17:00;3;2.17;2.50;5.00;Bueno;16.67;Bueno
2026-01-30;18:00;4;2.22;2.50;5.00;Bueno;16.67;Bueno
2026-01-30;19:00;5;2.33;2.50;5.00;Bueno;16.67;Bueno
2026-01-30;20:00;5;2.50;2.50;5.00;Bueno;16.67;Bueno
2026-01-30;21:00;4;2.54;2.50;5.00;Bueno;16.67;Bueno
2026-01-30;22:00;3;2.50;2.50;5.00;Bueno;16.67;Bueno
2026-01-30;23:00;1;2.50;2.50;5.00;Bueno;16.67;Bueno
2026-01-31;00:00;5;2.67;6.62;13.25;Bueno;44.17;Bueno
2026-01-31;01:00;7;2.92;6.62;13.25;Bueno;44.17;Bueno
2026-01-31;02:00;5;3.08;6.62;13.25;Bueno;44.17;Bueno
2026-01-31;03:00;3;3.17;6.62;13.25;Bueno;44.17;Bueno
2026-01-31;04:00;6;3.38;6.62;13.25;Bueno;44.17;Bueno
2026-01-31;05:00;8;3.62;6.62;13.25;Bueno;44.17;Bueno
2026-01-31;06:00;7;3.79;6.62;13.25;Bueno;44.17;Bueno
2026-01-31;07:00;6;4.00;6.62;13.25;Bueno;44.17;Bueno
2026-01-31;08:00;6;4.21;6.62;13.25;Bueno;44.17;Bueno
2026-01-31;09:00;4;4.33;6.62;13.25;Bueno;44.17;Bueno
2026-01-31;10:00;5;4.50;6.62;13.25;Bueno;44.17;Bueno
2026-01-31;11:00;6;4.58;6.62;13.25;Bueno;44.17;Bueno
2026-01-31;12:00;7;4.75;6.62;13.25;Bueno;44.17;Bueno
2026-01-31;13:00;9;5.00;6.62;13.25;Bueno;44.17;Bueno
2026-01-31;14:00;8;5.17;6.62;13.25;Bueno;44.17;Bueno
2026-01-31;15:00;9;5.42;6.62;13.25;Bueno;44.17;Bueno
2026-01-31;16:00;9;5.62;6.62;13.25;Bueno;44.17;Bueno
2026-01-31;17:00;8;5.83;6.62;13.25;Bueno;44.17;Bueno
2026-01-31;18:00;6;5.92;6.62;13.25;Bueno;44.17;Bueno
2026-01-31;19:00;6;5.96;6.62;13.25;Bueno;44.17;Bueno
2026-01-31;20:00;6;6.00;6.62;13.25;Bueno;44.17;Bueno
2026-01-31;21:00;6;6.08;6.62;13.25;Bueno;44.17;Bueno
2026-01-31;22:00;8;6.29;6.62;13.25;Bueno;44.17;Bueno
2026-01-31;23:00;9;6.62;6.62;13.25;Bueno;44.17;Bueno
2026-02-01;00:00;6;6.67;5.96;11.92;Bueno;39.72;Bueno
2026-02-01;01:00;6;6.62;5.96;11.92;Bueno;39.72;Bueno
2026-02-01;02:00;5;6.62;5.96;11.92;Bueno;39.72;Bueno
2026-02-01;03:00;6;6.75;5.96;11.92;Bueno;39.72;Bueno
2026-02-01;04:00;6;6.75;5.96;11.92;Bueno;39.72;Bueno
2026-02-01;05:00;17;7.12;5.96;11.92;Bueno;39.72;Bueno
2026-02-01;06:00;5;7.04;5.96;11.92;Bueno;39.72;Bueno
2026-02-01;07:00;7;7.08;5.96;11.92;Bueno;39.72;Bueno
2026-02-01;08:00;6;7.08;5.96;11.92;Bueno;39.72;Bueno
2026-02-01;09:00;6;7.17;5.96;11.92;Bueno;39.72;Bueno
2026-02-01;10:00;7;7.25;5.96;11.92;Bueno;39.72;Bueno
2026-02-01;11:00;6;7.25;5.96;11.92;Bueno;39.72;Bueno
2026-02-01;12:00;6;7.21;5.96;11.92;Bueno;39.72;Bueno
2026-02-01;13:00;4;7.00;5.96;11.92;Bueno;39.72;Bueno
2026-02-01;14:00;3;6.79;5.96;11.92;Bueno;39.72;Bueno
2026-02-01;15:00;5;6.62;5.96;11.92;Bueno;39.72;Bueno
2026-02-01;16:00;6;6.50;5.96;11.92;Bueno;39.72;Bueno
2026-02-01;17:00;5;6.38;5.96;11.92;Bueno;39.72;Bueno
2026-02-01;18:00;4;6.29;5.96;11.92;Bueno;39.72;Bueno
2026-02-01;19:00;6;6.29;5.96;11.92;Bueno;39.72;Bueno
2026-02-01;20:00;7;6.33;5.96;11.92;Bueno;39.72;Bueno
2026-02-01;21:00;6;6.33;5.96;11.92;Bueno;39.72;Bueno
2026-02-01;22:00;5;6.21;5.96;11.92;Bueno;39.72;Bueno
2026-02-01;23:00;3;5.96;5.96;11.92;Bueno;39.72;Bueno
2026-02-02;00:00;2;5.79;3.71;7.42;Bueno;24.72;Bueno
2026-02-02;01:00;3;5.67;3.71;7.42;Bueno;24.72;Bueno
2026-02-02;02:00;6;5.71;3.71;7.42;Bueno;24.72;Bueno
2026-02-02;03:00;5;5.67;3.71;7.42;Bueno;24.72;Bueno
2026-02-02;04:00;2;5.50;3.71;7.42;Bueno;24.72;Bueno
2026-02-02;05:00;3;4.92;3.71;7.42;Bueno;24.72;Bueno
2026-02-02;06:00;5;4.92;3.71;7.42;Bueno;24.72;Bueno
2026-02-02;07:00;4;4.79;3.71;7.42;Bueno;24.72;Bueno
2026-02-02;08:00;1;4.58;3.71;7.42;Bueno;24.72;Bueno
2026-02-02;09:00;2;4.42;3.71;7.42;Bueno;24.72;Bueno
2026-02-02;10:00;3;4.25;3.71;7.42;Bueno;24.72;Bueno
2026-02-02;11:00;2;4.08;3.71;7.42;Bueno;24.72;Bueno
2026-02-02;12:00;3;3.96;3.71;7.42;Bueno;24.72;Bueno
2026-02-02;13:00;5;4.00;3.71;7.42;Bueno;24.72;Bueno
2026-02-02;14:00;9;4.25;3.71;7.42;Bueno;24.72;Bueno
2026-02-02;15:00;10;4.46;3.71;7.42;Bueno;24.72;Bueno
2026-02-02;16:00;8;4.54;3.71;7.42;Bueno;24.72;Bueno
2026-02-02;17:00;5;4.54;3.71;7.42;Bueno;24.72;Bueno
2026-02-02;18:00;1;4.42;3.71;7.42;Bueno;24.72;Bueno
2026-02-02;19:00;3;4.29;3.71;7.42;Bueno;24.72;Bueno
2026-02-02;20:00;2;4.08;3.71;7.42;Bueno;24.72;Bueno
2026-02-02;21:00;1;3.88;3.71;7.42;Bueno;24.72;Bueno
2026-02-02;22:00;1;3.71;3.71;7.42;Bueno;24.72;Bueno
2026-02-02;23:00;3;3.71;3.71;7.42;Bueno;24.72;Bueno
2026-02-03;00:00;4;3.79;2.75;5.50;Bueno;18.33;Bueno
2026-02-03;01:00;4;3.83;2.75;5.50;Bueno;18.33;Bueno
2026-02-03;02:00;4;3.75;2.75;5.50;Bueno;18.33;Bueno
2026-02-03;03:00;3;3.67;2.75;5.50;Bueno;18.33;Bueno
2026-02-03;04:00;1;3.62;2.75;5.50;Bueno;18.33;Bueno
2026-02-03;05:00;1;3.54;2.75;5.50;Bueno;18.33;Bueno
2026-02-03;06:00;2;3.42;2.75;5.50;Bueno;18.33;Bueno
2026-02-03;07:00;5;3.46;2.75;5.50;Bueno;18.33;Bueno
2026-02-03;08:00;3;3.54;2.75;5.50;Bueno;18.33;Bueno
2026-02-03;09:00;1;3.50;2.75;5.50;Bueno;18.33;Bueno
2026-02-03;10:00;2;3.46;2.75;5.50;Bueno;18.33;Bueno
2026-02-03;11:00;3;3.50;2.75;5.50;Bueno;18.33;Bueno
2026-02-03;12:00;3;3.50;2.75;5.50;Bueno;18.33;Bueno
2026-02-03;13:00;2;3.38;2.75;5.50;Bueno;18.33;Bueno
2026-02-03;14:00;3;3.12;2.75;5.50;Bueno;18.33;Bueno
2026-02-03;15:00;3;2.83;2.75;5.50;Bueno;18.33;Bueno
2026-02-03;16:00;1;2.54;2.75;5.50;Bueno;18.33;Bueno
2026-02-03;17:00;1;2.38;2.75;5.50;Bueno;18.33;Bueno
2026-02-03;18:00;1;2.38;2.75;5.50;Bueno;18.33;Bueno
2026-02-03;19:00;3;2.38;2.75;5.50;Bueno;18.33;Bueno
2026-02-03;20:00;5;2.50;2.75;5.50;Bueno;18.33;Bueno
2026-02-03;21:00;4;2.62;2.75;5.50;Bueno;18.33;Bueno
2026-02-03;22:00;3;2.71;2.75;5.50;Bueno;18.33;Bueno
2026-02-03;23:00;4;2.75;2.75;5.50;Bueno;18.33;Bueno
2026-02-04;00:00;3;2.71;4.58;9.17;Bueno;30.56;Bueno
2026-02-04;01:00;1;2.58;4.58;9.17;Bueno;30.56;Bueno
2026-02-04;02:00;2;2.50;4.58;9.17;Bueno;30.56;Bueno
2026-02-04;03:00;1;2.42;4.58;9.17;Bueno;30.56;Bueno
2026-02-04;04:00;1;2.42;4.58;9.17;Bueno;30.56;Bueno
2026-02-04;05:00;14;2.96;4.58;9.17;Bueno;30.56;Bueno
2026-02-04;06:00;19;3.67;4.58;9.17;Bueno;30.56;Bueno
2026-02-04;07:00;8;3.79;4.58;9.17;Bueno;30.56;Bueno
2026-02-04;08:00;6;3.92;4.58;9.17;Bueno;30.56;Bueno
2026-02-04;09:00;4;4.04;4.58;9.17;Bueno;30.56;Bueno
2026-02-04;10:00;6;4.21;4.58;9.17;Bueno;30.56;Bueno
2026-02-04;11:00;3;4.21;4.58;9.17;Bueno;30.56;Bueno
2026-02-04;12:00;4;4.25;4.58;9.17;Bueno;30.56;Bueno
2026-02-04;13:00;4;4.33;4.58;9.17;Bueno;30.56;Bueno
2026-02-04;14:00;2;4.29;4.58;9.17;Bueno;30.56;Bueno
2026-02-04;15:00;3;4.29;4.58;9.17;Bueno;30.56;Bueno
2026-02-04;16:00;5;4.46;4.58;9.17;Bueno;30.56;Bueno
2026-02-04;17:00;6;4.67;4.58;9.17;Bueno;30.56;Bueno
2026-02-04;18:00;3;4.75;4.58;9.17;Bueno;30.56;Bueno
2026-02-04;19:00;3;4.75;4.58;9.17;Bueno;30.56;Bueno
2026-02-04;20:00;6;4.79;4.58;9.17;Bueno;30.56;Bueno
2026-02-04;21:00;4;4.79;4.58;9.17;Bueno;30.56;Bueno
2026-02-04;22:00;1;4.71;4.58;9.17;Bueno;30.56;Bueno
2026-02-04;23:00;1;4.58;4.58;9.17;Bueno;30.56;Bueno
2026-02-05;00:00;1;4.50;5.58;11.17;Bueno;37.22;Bueno
2026-02-05;01:00;1;4.50;5.58;11.17;Bueno;37.22;Bueno
2026-02-05;02:00;2;4.50;5.58;11.17;Bueno;37.22;Bueno
2026-02-05;03:00;2;4.54;5.58;11.17;Bueno;37.22;Bueno
2026-02-05;04:00;2;4.58;5.58;11.17;Bueno;37.22;Bueno
2026-02-05;05:00;6;4.25;5.58;11.17;Bueno;37.22;Bueno
2026-02-05;06:00;28;4.62;5.58;11.17;Bueno;37.22;Bueno
2026-02-05;07:00;11;4.75;5.58;11.17;Bueno;37.22;Bueno
2026-02-05;08:00;9;4.88;5.58;11.17;Bueno;37.22;Bueno
2026-02-05;09:00;4;4.88;5.58;11.17;Bueno;37.22;Bueno
2026-02-05;10:00;5;4.83;5.58;11.17;Bueno;37.22;Bueno
2026-02-05;11:00;6;4.96;5.58;11.17;Bueno;37.22;Bueno
2026-02-05;12:00;3;4.92;5.58;11.17;Bueno;37.22;Bueno
2026-02-05;13:00;9;5.12;5.58;11.17;Bueno;37.22;Bueno
2026-02-05;14:00;8;5.38;5.58;11.17;Bueno;37.22;Bueno
2026-02-05;15:00;3;5.38;5.58;11.17;Bueno;37.22;Bueno
2026-02-05;16:00;3;5.29;5.58;11.17;Bueno;37.22;Bueno
2026-02-05;17:00;4;5.21;5.58;11.17;Bueno;37.22;Bueno
2026-02-05;18:00;1;5.12;5.58;11.17;Bueno;37.22;Bueno
2026-02-05;19:00;2;5.08;5.58;11.17;Bueno;37.22;Bueno
2026-02-05;20:00;5;5.04;5.58;11.17;Bueno;37.22;Bueno
2026-02-05;21:00;5;5.08;5.58;11.17;Bueno;37.22;Bueno
2026-02-05;22:00;6;5.29;5.58;11.17;Bueno;37.22;Bueno
2026-02-05;23:00;8;5.58;5.58;11.17;Bueno;37.22;Bueno
2026-02-06;00:00;9;5.92;4.75;9.50;Bueno;31.67;Bueno
2026-02-06;01:00;6;6.12;4.75;9.50;Bueno;31.67;Bueno
2026-02-06;02:00;3;6.17;4.75;9.50;Bueno;31.67;Bueno
2026-02-06;03:00;4;6.25;4.75;9.50;Bueno;31.67;Bueno
2026-02-06;04:00;3;6.29;4.75;9.50;Bueno;31.67;Bueno
2026-02-06;05:00;2;6.12;4.75;9.50;Bueno;31.67;Bueno
2026-02-06;06:00;5;5.17;4.75;9.50;Bueno;31.67;Bueno
2026-02-06;07:00;6;4.96;4.75;9.50;Bueno;31.67;Bueno
2026-02-06;08:00;2;4.67;4.75;9.50;Bueno;31.67;Bueno
2026-02-06;09:00;6;4.75;4.75;9.50;Bueno;31.67;Bueno
2026-02-06;10:00;9;4.92;4.75;9.50;Bueno;31.67;Bueno
2026-02-06;11:00;5;4.88;4.75;9.50;Bueno;31.67;Bueno
2026-02-06;12:00;3;4.88;4.75;9.50;Bueno;31.67;Bueno
2026-02-06;13:00;3;4.62;4.75;9.50;Bueno;31.67;Bueno
2026-02-06;14:00;3;4.42;4.75;9.50;Bueno;31.67;Bueno
2026-02-06;15:00;6;4.54;4.75;9.50;Bueno;31.67;Bueno
2026-02-06;16:00;4;4.58;4.75;9.50;Bueno;31.67;Bueno
2026-02-06;17:00;1;4.46;4.75;9.50;Bueno;31.67;Bueno
2026-02-06;18:00;2;4.50;4.75;9.50;Bueno;31.67;Bueno
2026-02-06;19:00;4;4.58;4.75;9.50;Bueno;31.67;Bueno
2026-02-06;20:00;5;4.58;4.75;9.50;Bueno;31.67;Bueno
2026-02-06;21:00;6;4.62;4.75;9.50;Bueno;31.67;Bueno
2026-02-06;22:00;9;4.75;4.75;9.50;Bueno;31.67;Bueno
2026-02-06;23:00;8;4.75;4.75;9.50;Bueno;31.67;Bueno
2026-02-07;00:00;5;4.58;4.08;8.17;Bueno;27.22;Bueno
2026-02-07;01:00;5;4.54;4.08;8.17;Bueno;27.22;Bueno
2026-02-07;02:00;6;4.67;4.08;8.17;Bueno;27.22;Bueno
2026-02-07;03:00;6;4.75;4.08;8.17;Bueno;27.22;Bueno
2026-02-07;04:00;4;4.79;4.08;8.17;Bueno;27.22;Bueno
2026-02-07;05:00;7;5.00;4.08;8.17;Bueno;27.22;Bueno
2026-02-07;06:00;9;5.17;4.08;8.17;Bueno;27.22;Bueno
2026-02-07;07:00;5;5.12;4.08;8.17;Bueno;27.22;Bueno
2026-02-07;08:00;3;5.17;4.08;8.17;Bueno;27.22;Bueno
2026-02-07;09:00;4;5.08;4.08;8.17;Bueno;27.22;Bueno
2026-02-07;10:00;5;4.92;4.08;8.17;Bueno;27.22;Bueno
2026-02-07;11:00;4;4.88;4.08;8.17;Bueno;27.22;Bueno
2026-02-07;12:00;3;4.88;4.08;8.17;Bueno;27.22;Bueno
2026-02-07;13:00;3;4.88;4.08;8.17;Bueno;27.22;Bueno
2026-02-07;14:00;4;4.92;4.08;8.17;Bueno;27.22;Bueno
2026-02-07;15:00;4;4.83;4.08;8.17;Bueno;27.22;Bueno
2026-02-07;16:00;3;4.79;4.08;8.17;Bueno;27.22;Bueno
2026-02-07;17:00;3;4.88;4.08;8.17;Bueno;27.22;Bueno
2026-02-07;18:00;3;4.92;4.08;8.17;Bueno;27.22;Bueno
2026-02-07;19:00;2;4.83;4.08;8.17;Bueno;27.22;Bueno
2026-02-07;20:00;2;4.71;4.08;8.17;Bueno;27.22;Bueno
2026-02-07;21:00;2;4.54;4.08;8.17;Bueno;27.22;Bueno
2026-02-07;22:00;3;4.29;4.08;8.17;Bueno;27.22;Bueno
2026-02-07;23:00;3;4.08;4.08;8.17;Bueno;27.22;Bueno
2026-02-08;00:00;1;3.92;2.12;4.25;Bueno;14.17;Bueno
2026-02-08;01:00;1;3.75;2.12;4.25;Bueno;14.17;Bueno
2026-02-08;02:00;1;3.54;2.12;4.25;Bueno;14.17;Bueno
2026-02-08;03:00;1;3.33;2.12;4.25;Bueno;14.17;Bueno
2026-02-08;04:00;1;3.21;2.12;4.25;Bueno;14.17;Bueno
2026-02-08;05:00;2;3.00;2.12;4.25;Bueno;14.17;Bueno
2026-02-08;06:00;2;2.71;2.12;4.25;Bueno;14.17;Bueno
2026-02-08;07:00;3;2.62;2.12;4.25;Bueno;14.17;Bueno
2026-02-08;08:00;2;2.58;2.12;4.25;Bueno;14.17;Bueno
2026-02-08;09:00;3;2.54;2.12;4.25;Bueno;14.17;Bueno
2026-02-08;10:00;6;2.58;2.12;4.25;Bueno;14.17;Bueno
2026-02-08;11:00;7;2.71;2.12;4.25;Bueno;14.17;Bueno
2026-02-08;12:00;4;2.75;2.12;4.25;Bueno;14.17;Bueno
2026-02-08;13:00;1;2.67;2.12;4.25;Bueno;14.17;Bueno
2026-02-08;14:00;1;2.54;2.12;4.25;Bueno;14.17;Bueno
2026-02-08;15:00;1;2.42;2.12;4.25;Bueno;14.17;Bueno
2026-02-08;16:00;1;2.33;2.12;4.25;Bueno;14.17;Bueno
2026-02-08;17:00;1;2.25;2.12;4.25;Bueno;14.17;Bueno
2026-02-08;18:00;1;2.17;2.12;4.25;Bueno;14.17;Bueno
2026-02-08;19:00;1;2.12;2.12;4.25;Bueno;14.17;Bueno
2026-02-08;20:00;1;2.08;2.12;4.25;Bueno;14.17;Bueno
2026-02-08;21:00;3;2.12;2.12;4.25;Bueno;14.17;Bueno
2026-02-08;22:00;5;2.21;2.12;4.25;Bueno;14.17;Bueno
2026-02-08;23:00;1;2.12;2.12;4.25;Bueno;14.17;Bueno
2026-02-09;00:00;3;2.21;2.91;5.83;Bueno;19.42;Bueno
2026-02-09;01:00;3;2.29;2.91;5.83;Bueno;19.42;Bueno
2026-02-09;02:00;3;2.38;2.91;5.83;Bueno;19.42;Bueno
2026-02-09;03:00;3;2.46;2.91;5.83;Bueno;19.42;Bueno
2026-02-09;04:00;1;2.46;2.91;5.83;Bueno;19.42;Bueno
2026-02-09;05:00;;2.48;2.91;5.83;Bueno;19.42;Bueno
2026-02-09;06:00;4;2.57;2.91;5.83;Bueno;19.42;Bueno
2026-02-09;07:00;6;2.70;2.91;5.83;Bueno;19.42;Bueno
2026-02-09;08:00;6;2.87;2.91;5.83;Bueno;19.42;Bueno
2026-02-09;09:00;6;3.00;2.91;5.83;Bueno;19.42;Bueno
2026-02-09;10:00;6;3.00;2.91;5.83;Bueno;19.42;Bueno
2026-02-09;11:00;3;2.83;2.91;5.83;Bueno;19.42;Bueno
2026-02-09;12:00;3;2.78;2.91;5.83;Bueno;19.42;Bueno
2026-02-09;13:00;2;2.83;2.91;5.83;Bueno;19.42;Bueno
2026-02-09;14:00;3;2.91;2.91;5.83;Bueno;19.42;Bueno
2026-02-09;15:00;5;3.09;2.91;5.83;Bueno;19.42;Bueno
2026-02-09;16:00;2;3.13;2.91;5.83;Bueno;19.42;Bueno
2026-02-09;17:00;1;3.13;2.91;5.83;Bueno;19.42;Bueno
2026-02-09;18:00;2;3.17;2.91;5.83;Bueno;19.42;Bueno
2026-02-09;19:00;1;3.17;2.91;5.83;Bueno;19.42;Bueno
2026-02-09;20:00;1;3.17;2.91;5.83;Bueno;19.42;Bueno
2026-02-09;21:00;1;3.09;2.91;5.83;Bueno;19.42;Bueno
2026-02-09;22:00;1;2.91;2.91;5.83;Bueno;19.42;Bueno
2026-02-09;23:00;1;2.91;2.91;5.83;Bueno;19.42;Bueno
2026-02-10;00:00;;2.91;4.61;9.22;Bueno;30.72;Bueno
2026-02-10;01:00;1;2.82;4.61;9.22;Bueno;30.72;Bueno
2026-02-10;02:00;1;2.73;4.61;9.22;Bueno;30.72;Bueno
2026-02-10;03:00;1;2.64;4.61;9.22;Bueno;30.72;Bueno
2026-02-10;04:00;3;2.73;4.61;9.22;Bueno;30.72;Bueno
2026-02-10;05:00;24;3.65;4.61;9.22;Bueno;30.72;Bueno
2026-02-10;06:00;12;4.00;4.61;9.22;Bueno;30.72;Bueno
2026-02-10;07:00;12;4.26;4.61;9.22;Bueno;30.72;Bueno
2026-02-10;08:00;8;4.35;4.61;9.22;Bueno;30.72;Bueno
2026-02-10;09:00;3;4.22;4.61;9.22;Bueno;30.72;Bueno
2026-02-10;10:00;4;4.13;4.61;9.22;Bueno;30.72;Bueno
2026-02-10;11:00;5;4.22;4.61;9.22;Bueno;30.72;Bueno
2026-02-10;12:00;4;4.26;4.61;9.22;Bueno;30.72;Bueno
2026-02-10;13:00;2;4.26;4.61;9.22;Bueno;30.72;Bueno
2026-02-10;14:00;5;4.35;4.61;9.22;Bueno;30.72;Bueno
2026-02-10;15:00;6;4.39;4.61;9.22;Bueno;30.72;Bueno
2026-02-10;16:00;3;4.43;4.61;9.22;Bueno;30.72;Bueno
2026-02-10;17:00;1;4.43;4.61;9.22;Bueno;30.72;Bueno
2026-02-10;18:00;1;4.39;4.61;9.22;Bueno;30.72;Bueno
2026-02-10;19:00;2;4.43;4.61;9.22;Bueno;30.72;Bueno
2026-02-10;20:00;2;4.48;4.61;9.22;Bueno;30.72;Bueno
2026-02-10;21:00;2;4.52;4.61;9.22;Bueno;30.72;Bueno
2026-02-10;22:00;2;4.57;4.61;9.22;Bueno;30.72;Bueno
2026-02-10;23:00;2;4.61;4.61;9.22;Bueno;30.72;Bueno
2026-02-11;00:00;4;4.58;3.79;7.58;Bueno;25.28;Bueno
2026-02-11;01:00;5;4.75;3.79;7.58;Bueno;25.28;Bueno
2026-02-11;02:00;1;4.75;3.79;7.58;Bueno;25.28;Bueno
2026-02-11;03:00;1;4.75;3.79;7.58;Bueno;25.28;Bueno
2026-02-11;04:00;4;4.79;3.79;7.58;Bueno;25.28;Bueno
2026-02-11;05:00;3;3.92;3.79;7.58;Bueno;25.28;Bueno
2026-02-11;06:00;4;3.58;3.79;7.58;Bueno;25.28;Bueno
2026-02-11;07:00;2;3.17;3.79;7.58;Bueno;25.28;Bueno
2026-02-11;08:00;5;3.04;3.79;7.58;Bueno;25.28;Bueno
2026-02-11;09:00;7;3.21;3.79;7.58;Bueno;25.28;Bueno
2026-02-11;10:00;5;3.25;3.79;7.58;Bueno;25.28;Bueno
2026-02-11;11:00;4;3.21;3.79;7.58;Bueno;25.28;Bueno
2026-02-11;12:00;3;3.17;3.79;7.58;Bueno;25.28;Bueno
2026-02-11;13:00;1;3.12;3.79;7.58;Bueno;25.28;Bueno
2026-02-11;14:00;3;3.04;3.79;7.58;Bueno;25.28;Bueno
2026-02-11;15:00;5;3.00;3.79;7.58;Bueno;25.28;Bueno
2026-02-11;16:00;1;2.92;3.79;7.58;Bueno;25.28;Bueno
2026-02-11;17:00;1;2.92;3.79;7.58;Bueno;25.28;Bueno
2026-02-11;18:00;3;3.00;3.79;7.58;Bueno;25.28;Bueno
2026-02-11;19:00;4;3.08;3.79;7.58;Bueno;25.28;Bueno
2026-02-11;20:00;6;3.25;3.79;7.58;Bueno;25.28;Bueno
2026-02-11;21:00;6;3.42;3.79;7.58;Bueno;25.28;Bueno
2026-02-11;22:00;8;3.67;3.79;7.58;Bueno;25.28;Bueno
2026-02-11;23:00;5;3.79;3.79;7.58;Bueno;25.28;Bueno
2026-02-12;00:00;3;3.75;6.21;12.42;Bueno;41.39;Bueno
2026-02-12;01:00;3;3.67;6.21;12.42;Bueno;41.39;Bueno
2026-02-12;02:00;1;3.67;6.21;12.42;Bueno;41.39;Bueno
2026-02-12;03:00;2;3.71;6.21;12.42;Bueno;41.39;Bueno
2026-02-12;04:00;4;3.71;6.21;12.42;Bueno;41.39;Bueno
2026-02-12;05:00;6;3.83;6.21;12.42;Bueno;41.39;Bueno
2026-02-12;06:00;36;5.17;6.21;12.42;Bueno;41.39;Bueno
2026-02-12;07:00;9;5.46;6.21;12.42;Bueno;41.39;Bueno
2026-02-12;08:00;10;5.67;6.21;12.42;Bueno;41.39;Bueno
2026-02-12;09:00;8;5.71;6.21;12.42;Bueno;41.39;Bueno
2026-02-12;10:00;6;5.75;6.21;12.42;Bueno;41.39;Bueno
2026-02-12;11:00;5;5.79;6.21;12.42;Bueno;41.39;Bueno
2026-02-12;12:00;5;5.88;6.21;12.42;Bueno;41.39;Bueno
2026-02-12;13:00;4;6.00;6.21;12.42;Bueno;41.39;Bueno
2026-02-12;14:00;2;5.96;6.21;12.42;Bueno;41.39;Bueno
2026-02-12;15:00;2;5.83;6.21;12.42;Bueno;41.39;Bueno
2026-02-12;16:00;18;6.54;6.21;12.42;Bueno;41.39;Bueno
2026-02-12;17:00;4;6.67;6.21;12.42;Bueno;41.39;Bueno
2026-02-12;18:00;4;6.71;6.21;12.42;Bueno;41.39;Bueno
2026-02-12;19:00;3;6.67;6.21;12.42;Bueno;41.39;Bueno
2026-02-12;20:00;2;6.50;6.21;12.42;Bueno;41.39;Bueno
2026-02-12;21:00;2;6.33;6.21;12.42;Bueno;41.39;Bueno
2026-02-12;22:00;5;6.21;6.21;12.42;Bueno;41.39;Bueno
2026-02-12;23:00;5;6.21;6.21;12.42;Bueno;41.39;Bueno
2026-02-13;00:00;4;6.25;4.04;8.09;Bueno;26.96;Bueno
2026-02-13;01:00;3;6.25;4.04;8.09;Bueno;26.96;Bueno
2026-02-13;02:00;6;6.46;4.04;8.09;Bueno;26.96;Bueno
2026-02-13;03:00;8;6.71;4.04;8.09;Bueno;26.96;Bueno
2026-02-13;04:00;7;6.83;4.04;8.09;Bueno;26.96;Bueno
2026-02-13;05:00;7;6.88;4.04;8.09;Bueno;26.96;Bueno
2026-02-13;06:00;8;5.71;4.04;8.09;Bueno;26.96;Bueno
2026-02-13;07:00;8;5.67;4.04;8.09;Bueno;26.96;Bueno
2026-02-13;08:00;6;5.50;4.04;8.09;Bueno;26.96;Bueno
2026-02-13;09:00;;5.39;4.04;8.09;Bueno;26.96;Bueno
2026-02-13;10:00;6;5.39;4.04;8.09;Bueno;26.96;Bueno
2026-02-13;11:00;6;5.43;4.04;8.09;Bueno;26.96;Bueno
2026-02-13;12:00;3;5.35;4.04;8.09;Bueno;26.96;Bueno
2026-02-13;13:00;1;5.22;4.04;8.09;Bueno;26.96;Bueno
2026-02-13;14:00;4;5.30;4.04;8.09;Bueno;26.96;Bueno
2026-02-13;15:00;3;5.35;4.04;8.09;Bueno;26.96;Bueno
2026-02-13;16:00;1;4.61;4.04;8.09;Bueno;26.96;Bueno
2026-02-13;17:00;1;4.48;4.04;8.09;Bueno;26.96;Bueno
2026-02-13;18:00;1;4.35;4.04;8.09;Bueno;26.96;Bueno
2026-02-13;19:00;1;4.26;4.04;8.09;Bueno;26.96;Bueno
2026-02-13;20:00;1;4.22;4.04;8.09;Bueno;26.96;Bueno
2026-02-13;21:00;3;4.26;4.04;8.09;Bueno;26.96;Bueno
2026-02-13;22:00;3;4.17;4.04;8.09;Bueno;26.96;Bueno
2026-02-13;23:00;2;4.04;4.04;8.09;Bueno;26.96;Bueno
2026-02-14;00:00;2;3.96;4.17;8.33;Bueno;27.78;Bueno
2026-02-14;01:00;2;3.91;4.17;8.33;Bueno;27.78;Bueno
2026-02-14;02:00;3;3.78;4.17;8.33;Bueno;27.78;Bueno
2026-02-14;03:00;5;3.65;4.17;8.33;Bueno;27.78;Bueno
2026-02-14;04:00;4;3.52;4.17;8.33;Bueno;27.78;Bueno
2026-02-14;05:00;1;3.26;4.17;8.33;Bueno;27.78;Bueno
2026-02-14;06:00;2;3.00;4.17;8.33;Bueno;27.78;Bueno
2026-02-14;07:00;6;2.91;4.17;8.33;Bueno;27.78;Bueno
2026-02-14;08:00;5;2.87;4.17;8.33;Bueno;27.78;Bueno
2026-02-14;09:00;6;3.00;4.17;8.33;Bueno;27.78;Bueno
2026-02-14;10:00;5;2.96;4.17;8.33;Bueno;27.78;Bueno
2026-02-14;11:00;4;2.88;4.17;8.33;Bueno;27.78;Bueno
2026-02-14;12:00;6;3.00;4.17;8.33;Bueno;27.78;Bueno
2026-02-14;13:00;8;3.29;4.17;8.33;Bueno;27.78;Bueno
2026-02-14;14:00;6;3.38;4.17;8.33;Bueno;27.78;Bueno
2026-02-14;15:00;5;3.46;4.17;8.33;Bueno;27.78;Bueno
2026-02-14;16:00;5;3.62;4.17;8.33;Bueno;27.78;Bueno
2026-02-14;17:00;5;3.79;4.17;8.33;Bueno;27.78;Bueno
2026-02-14;18:00;4;3.92;4.17;8.33;Bueno;27.78;Bueno
2026-02-14;19:00;2;3.96;4.17;8.33;Bueno;27.78;Bueno
2026-02-14;20:00;3;4.04;4.17;8.33;Bueno;27.78;Bueno
2026-02-14;21:00;3;4.04;4.17;8.33;Bueno;27.78;Bueno
2026-02-14;22:00;4;4.08;4.17;8.33;Bueno;27.78;Bueno
2026-02-14;23:00;4;4.17;4.17;8.33;Bueno;27.78;Bueno
2026-02-15;00:00;4;4.25;5.88;11.75;Bueno;39.17;Bueno
2026-02-15;01:00;4;4.33;5.88;11.75;Bueno;39.17;Bueno
2026-02-15;02:00;4;4.38;5.88;11.75;Bueno;39.17;Bueno
2026-02-15;03:00;8;4.50;5.88;11.75;Bueno;39.17;Bueno
2026-02-15;04:00;10;4.75;5.88;11.75;Bueno;39.17;Bueno
2026-02-15;05:00;6;4.96;5.88;11.75;Bueno;39.17;Bueno
2026-02-15;06:00;5;5.08;5.88;11.75;Bueno;39.17;Bueno
2026-02-15;07:00;7;5.12;5.88;11.75;Bueno;39.17;Bueno
2026-02-15;08:00;5;5.12;5.88;11.75;Bueno;39.17;Bueno
2026-02-15;09:00;3;5.00;5.88;11.75;Bueno;39.17;Bueno
2026-02-15;10:00;4;4.96;5.88;11.75;Bueno;39.17;Bueno
2026-02-15;11:00;5;5.00;5.88;11.75;Bueno;39.17;Bueno
2026-02-15;12:00;5;4.96;5.88;11.75;Bueno;39.17;Bueno
2026-02-15;13:00;6;4.88;5.88;11.75;Bueno;39.17;Bueno
2026-02-15;14:00;8;4.96;5.88;11.75;Bueno;39.17;Bueno
2026-02-15;15:00;8;5.08;5.88;11.75;Bueno;39.17;Bueno
2026-02-15;16:00;5;5.08;5.88;11.75;Bueno;39.17;Bueno
2026-02-15;17:00;3;5.00;5.88;11.75;Bueno;39.17;Bueno
2026-02-15;18:00;7;5.12;5.88;11.75;Bueno;39.17;Bueno
2026-02-15;19:00;8;5.38;5.88;11.75;Bueno;39.17;Bueno
2026-02-15;20:00;10;5.67;5.88;11.75;Bueno;39.17;Bueno
2026-02-15;21:00;9;5.92;5.88;11.75;Bueno;39.17;Bueno
2026-02-15;22:00;6;6.00;5.88;11.75;Bueno;39.17;Bueno
2026-02-15;23:00;1;5.88;5.88;11.75;Bueno;39.17;Bueno
2026-02-16;00:00;1;5.75;4.58;9.16;Bueno;30.53;Bueno
2026-02-16;01:00;2;5.67;4.58;9.16;Bueno;30.53;Bueno
2026-02-16;02:00;1;5.54;4.58;9.16;Bueno;30.53;Bueno
2026-02-16;03:00;2;5.29;4.58;9.16;Bueno;30.53;Bueno
2026-02-16;04:00;;5.09;4.58;9.16;Bueno;30.53;Bueno
2026-02-16;05:00;6;5.09;4.58;9.16;Bueno;30.53;Bueno
2026-02-16;06:00;10;5.30;4.58;9.16;Bueno;30.53;Bueno
2026-02-16;07:00;16;5.70;4.58;9.16;Bueno;30.53;Bueno
2026-02-16;08:00;4;5.65;4.58;9.16;Bueno;30.53;Bueno
2026-02-16;09:00;5;5.74;4.58;9.16;Bueno;30.53;Bueno
2026-02-16;10:00;6;5.83;4.58;9.16;Bueno;30.53;Bueno
2026-02-16;11:00;7;5.91;4.58;9.16;Bueno;30.53;Bueno
2026-02-16;12:00;5;5.91;4.58;9.16;Bueno;30.53;Bueno
2026-02-16;13:00;5;5.87;4.58;9.16;Bueno;30.53;Bueno
2026-02-16;14:00;;5.77;4.58;9.16;Bueno;30.53;Bueno
2026-02-16;15:00;;5.67;4.58;9.16;Bueno;30.53;Bueno
2026-02-16;16:00;7;5.76;4.58;9.16;Bueno;30.53;Bueno
2026-02-16;17:00;5;5.86;4.58;9.16;Bueno;30.53;Bueno
2026-02-16;18:00;2;5.62;4.58;9.16;Bueno;30.53;Bueno
2026-02-16;19:00;1;5.29;4.58;9.16;Bueno;30.53;Bueno
2026-02-16;20:00;;5.05;4.58;9.16;Bueno;30.53;Bueno
2026-02-16;21:00;;4.84;4.58;9.16;Bueno;30.53;Bueno
2026-02-16;22:00;1;4.58;4.58;9.16;Bueno;30.53;Bueno
2026-02-16;23:00;1;4.58;4.58;9.16;Bueno;30.53;Bueno
2026-02-17;00:00;1;4.58;7.28;14.56;Bueno;48.52;Bueno
2026-02-17;01:00;1;4.53;7.28;14.56;Bueno;48.52;Bueno
2026-02-17;02:00;1;4.53;7.28;14.56;Bueno;48.52;Bueno
2026-02-17;03:00;2;4.53;7.28;14.56;Bueno;48.52;Bueno
2026-02-17;04:00;5;4.55;7.28;14.56;Bueno;48.52;Bueno
2026-02-17;05:00;;4.47;7.28;14.56;Bueno;48.52;Bueno
2026-02-17;06:00;;4.17;7.28;14.56;Bueno;48.52;Bueno
2026-02-17;07:00;22;4.50;7.28;14.56;Bueno;48.52;Bueno
2026-02-17;08:00;32;6.06;7.28;14.56;Bueno;48.52;Bueno
2026-02-17;09:00;25;7.17;7.28;14.56;Bueno;48.52;Bueno
2026-02-17;10:00;8;7.28;7.28;14.56;Bueno;48.52;Bueno
2026-02-17;11:00;;;7.28;14.56;Bueno;48.52;Bueno
2026-02-17;12:00;;;7.28;14.56;Bueno;48.52;Bueno
2026-02-17;13:00;;;7.28;14.56;Bueno;48.52;Bueno
2026-02-17;14:00;5;;7.28;14.56;Bueno;48.52;Bueno
2026-02-17;15:00;3;;7.28;14.56;Bueno;48.52;Bueno
2026-02-17;16:00;3;;7.28;14.56;Bueno;48.52;Bueno
2026-02-17;17:00;;;7.28;14.56;Bueno;48.52;Bueno
2026-02-17;18:00;4;;7.28;14.56;Bueno;48.52;Bueno
2026-02-17;19:00;5;;7.28;14.56;Bueno;48.52;Bueno
2026-02-17;20:00;4;;7.28;14.56;Bueno;48.52;Bueno
2026-02-17;21:00;2;6.94;7.28;14.56;Bueno;48.52;Bueno
2026-02-17;22:00;3;7.06;7.28;14.56;Bueno;48.52;Bueno
2026-02-17;23:00;5;7.28;7.28;14.56;Bueno;48.52;Bueno
2026-02-18;00:00;5;7.50;4.46;8.92;Bueno;29.72;Bueno
2026-02-18;01:00;5;7.72;4.46;8.92;Bueno;29.72;Bueno
2026-02-18;02:00;4;7.89;4.46;8.92;Bueno;29.72;Bueno
2026-02-18;03:00;4;8.00;4.46;8.92;Bueno;29.72;Bueno
2026-02-18;04:00;3;7.89;4.46;8.92;Bueno;29.72;Bueno
2026-02-18;05:00;4;7.68;4.46;8.92;Bueno;29.72;Bueno
2026-02-18;06:00;6;7.60;4.46;8.92;Bueno;29.72;Bueno
2026-02-18;07:00;7;6.85;4.46;8.92;Bueno;29.72;Bueno
2026-02-18;08:00;6;5.55;4.46;8.92;Bueno;29.72;Bueno
2026-02-18;09:00;6;4.60;4.46;8.92;Bueno;29.72;Bueno
2026-02-18;10:00;7;4.55;4.46;8.92;Bueno;29.72;Bueno
2026-02-18;11:00;6;4.62;4.46;8.92;Bueno;29.72;Bueno
2026-02-18;12:00;5;4.64;4.46;8.92;Bueno;29.72;Bueno
2026-02-18;13:00;3;4.57;4.46;8.92;Bueno;29.72;Bueno
2026-02-18;14:00;2;4.43;4.46;8.92;Bueno;29.72;Bueno
2026-02-18;15:00;4;4.48;4.46;8.92;Bueno;29.72;Bueno
2026-02-18;16:00;3;4.48;4.46;8.92;Bueno;29.72;Bueno
2026-02-18;17:00;3;4.42;4.46;8.92;Bueno;29.72;Bueno
2026-02-18;18:00;5;4.46;4.46;8.92;Bueno;29.72;Bueno
2026-02-18;19:00;5;4.46;4.46;8.92;Bueno;29.72;Bueno
2026-02-18;20:00;4;4.46;4.46;8.92;Bueno;29.72;Bueno
2026-02-18;21:00;3;4.50;4.46;8.92;Bueno;29.72;Bueno
2026-02-18;22:00;3;4.50;4.46;8.92;Bueno;29.72;Bueno
2026-02-18;23:00;4;4.46;4.46;8.92;Bueno;29.72;Bueno
2026-02-19;00:00;4;4.42;6.33;12.67;Bueno;42.22;Bueno
2026-02-19;01:00;5;4.42;6.33;12.67;Bueno;42.22;Bueno
2026-02-19;02:00;4;4.42;6.33;12.67;Bueno;42.22;Bueno
2026-02-19;03:00;2;4.33;6.33;12.67;Bueno;42.22;Bueno
2026-02-19;04:00;2;4.29;6.33;12.67;Bueno;42.22;Bueno
2026-02-19;05:00;2;4.21;6.33;12.67;Bueno;42.22;Bueno
2026-02-19;06:00;5;4.17;6.33;12.67;Bueno;42.22;Bueno
2026-02-19;07:00;5;4.08;6.33;12.67;Bueno;42.22;Bueno
2026-02-19;08:00;2;3.92;6.33;12.67;Bueno;42.22;Bueno
2026-02-19;09:00;3;3.79;6.33;12.67;Bueno;42.22;Bueno
2026-02-19;10:00;3;3.62;6.33;12.67;Bueno;42.22;Bueno
2026-02-19;11:00;4;3.54;6.33;12.67;Bueno;42.22;Bueno
2026-02-19;12:00;8;3.67;6.33;12.67;Bueno;42.22;Bueno
2026-02-19;13:00;10;3.96;6.33;12.67;Bueno;42.22;Bueno
2026-02-19;14:00;9;4.25;6.33;12.67;Bueno;42.22;Bueno
2026-02-19;15:00;9;4.46;6.33;12.67;Bueno;42.22;Bueno
2026-02-19;16:00;7;4.62;6.33;12.67;Bueno;42.22;Bueno
2026-02-19;17:00;7;4.79;6.33;12.67;Bueno;42.22;Bueno
2026-02-19;18:00;6;4.83;6.33;12.67;Bueno;42.22;Bueno
2026-02-19;19:00;7;4.92;6.33;12.67;Bueno;42.22;Bueno
2026-02-19;20:00;12;5.25;6.33;12.67;Bueno;42.22;Bueno
2026-02-19;21:00;12;5.62;6.33;12.67;Bueno;42.22;Bueno
2026-02-19;22:00;12;6.00;6.33;12.67;Bueno;42.22;Bueno
2026-02-19;23:00;12;6.33;6.33;12.67;Bueno;42.22;Bueno
2026-02-20;00:00;11;6.62;8.96;17.92;Bueno;59.72;Bueno
2026-02-20;01:00;11;6.88;8.96;17.92;Bueno;59.72;Bueno
2026-02-20;02:00;11;7.17;8.96;17.92;Bueno;59.72;Bueno
2026-02-20;03:00;9;7.46;8.96;17.92;Bueno;59.72;Bueno
2026-02-20;04:00;9;7.75;8.96;17.92;Bueno;59.72;Bueno
2026-02-20;05:00;11;8.12;8.96;17.92;Bueno;59.72;Bueno
2026-02-20;06:00;24;8.92;8.96;17.92;Bueno;59.72;Bueno
2026-02-20;07:00;21;9.58;8.96;17.92;Bueno;59.72;Bueno
2026-02-20;08:00;12;10.00;8.96;17.92;Bueno;59.72;Bueno
2026-02-20;09:00;11;10.33;8.96;17.92;Bueno;59.72;Bueno
2026-02-20;10:00;9;10.58;8.96;17.92;Bueno;59.72;Bueno
2026-02-20;11:00;5;10.62;8.96;17.92;Bueno;59.72;Bueno
2026-02-20;12:00;5;10.50;8.96;17.92;Bueno;59.72;Bueno
2026-02-20;13:00;2;10.17;8.96;17.92;Bueno;59.72;Bueno
2026-02-20;14:00;1;9.83;8.96;17.92;Bueno;59.72;Bueno
2026-02-20;15:00;5;9.67;8.96;17.92;Bueno;59.72;Bueno
2026-02-20;16:00;5;9.58;8.96;17.92;Bueno;59.72;Bueno
2026-02-20;17:00;6;9.54;8.96;17.92;Bueno;59.72;Bueno
2026-02-20;18:00;7;9.58;8.96;17.92;Bueno;59.72;Bueno
2026-02-20;19:00;9;9.67;8.96;17.92;Bueno;59.72;Bueno
2026-02-20;20:00;11;9.62;8.96;17.92;Bueno;59.72;Bueno
2026-02-20;21:00;7;9.42;8.96;17.92;Bueno;59.72;Bueno
2026-02-20;22:00;6;9.17;8.96;17.92;Bueno;59.72;Bueno
2026-02-20;23:00;7;8.96;8.96;17.92;Bueno;59.72;Bueno
2026-02-21;00:00;9;8.88;10.04;20.08;Bueno;66.94;Bueno
2026-02-21;01:00;20;9.25;10.04;20.08;Bueno;66.94;Bueno
2026-02-21;02:00;5;9.00;10.04;20.08;Bueno;66.94;Bueno
2026-02-21;03:00;8;8.96;10.04;20.08;Bueno;66.94;Bueno
2026-02-21;04:00;10;9.00;10.04;20.08;Bueno;66.94;Bueno
2026-02-21;05:00;10;8.96;10.04;20.08;Bueno;66.94;Bueno
2026-02-21;06:00;8;8.29;10.04;20.08;Bueno;66.94;Bueno
2026-02-21;07:00;10;7.83;10.04;20.08;Bueno;66.94;Bueno
2026-02-21;08:00;21;8.21;10.04;20.08;Bueno;66.94;Bueno
2026-02-21;09:00;14;8.33;10.04;20.08;Bueno;66.94;Bueno
2026-02-21;10:00;12;8.46;10.04;20.08;Bueno;66.94;Bueno
2026-02-21;11:00;10;8.67;10.04;20.08;Bueno;66.94;Bueno
2026-02-21;12:00;11;8.92;10.04;20.08;Bueno;66.94;Bueno
2026-02-21;13:00;9;9.21;10.04;20.08;Bueno;66.94;Bueno
2026-02-21;14:00;8;9.50;10.04;20.08;Bueno;66.94;Bueno
2026-02-21;15:00;7;9.58;10.04;20.08;Bueno;66.94;Bueno
2026-02-21;16:00;6;9.62;10.04;20.08;Bueno;66.94;Bueno
2026-02-21;17:00;6;9.62;10.04;20.08;Bueno;66.94;Bueno
2026-02-21;18:00;6;9.58;10.04;20.08;Bueno;66.94;Bueno
2026-02-21;19:00;9;9.58;10.04;20.08;Bueno;66.94;Bueno
2026-02-21;20:00;10;9.54;10.04;20.08;Bueno;66.94;Bueno
2026-02-21;21:00;9;9.62;10.04;20.08;Bueno;66.94;Bueno
2026-02-21;22:00;10;9.79;10.04;20.08;Bueno;66.94;Bueno
2026-02-21;23:00;13;10.04;10.04;20.08;Bueno;66.94;Bueno
2026-02-22;00:00;13;10.21;10.67;21.33;Bueno;71.11;Bueno
2026-02-22;01:00;13;9.92;10.67;21.33;Bueno;71.11;Bueno
2026-02-22;02:00;13;10.25;10.67;21.33;Bueno;71.11;Bueno
2026-02-22;03:00;12;10.42;10.67;21.33;Bueno;71.11;Bueno
2026-02-22;04:00;11;10.46;10.67;21.33;Bueno;71.11;Bueno
2026-02-22;05:00;10;10.46;10.67;21.33;Bueno;71.11;Bueno
2026-02-22;06:00;33;11.50;10.67;21.33;Bueno;71.11;Bueno
2026-02-22;07:00;13;11.62;10.67;21.33;Bueno;71.11;Bueno
2026-02-22;08:00;11;11.21;10.67;21.33;Bueno;71.11;Bueno
2026-02-22;09:00;9;11.00;10.67;21.33;Bueno;71.11;Bueno
2026-02-22;10:00;8;10.83;10.67;21.33;Bueno;71.11;Bueno
2026-02-22;11:00;7;10.71;10.67;21.33;Bueno;71.11;Bueno
2026-02-22;12:00;9;10.62;10.67;21.33;Bueno;71.11;Bueno
2026-02-22;13:00;8;10.58;10.67;21.33;Bueno;71.11;Bueno
2026-02-22;14:00;7;10.54;10.67;21.33;Bueno;71.11;Bueno
2026-02-22;15:00;6;10.50;10.67;21.33;Bueno;71.11;Bueno
2026-02-22;16:00;4;10.42;10.67;21.33;Bueno;71.11;Bueno
2026-02-22;17:00;6;10.42;10.67;21.33;Bueno;71.11;Bueno
2026-02-22;18:00;7;10.46;10.67;21.33;Bueno;71.11;Bueno
2026-02-22;19:00;9;10.46;10.67;21.33;Bueno;71.11;Bueno
2026-02-22;20:00;9;10.42;10.67;21.33;Bueno;71.11;Bueno
2026-02-22;21:00;7;10.33;10.67;21.33;Bueno;71.11;Bueno
2026-02-22;22:00;21;10.79;10.67;21.33;Bueno;71.11;Bueno
2026-02-22;23:00;10;10.67;10.67;21.33;Bueno;71.11;Bueno
2026-02-23;00:00;10;10.54;6.88;13.75;Bueno;45.83;Bueno
2026-02-23;01:00;9;10.38;6.88;13.75;Bueno;45.83;Bueno
2026-02-23;02:00;8;10.17;6.88;13.75;Bueno;45.83;Bueno
2026-02-23;03:00;8;10.00;6.88;13.75;Bueno;45.83;Bueno
2026-02-23;04:00;10;9.96;6.88;13.75;Bueno;45.83;Bueno
2026-02-23;05:00;11;10.00;6.88;13.75;Bueno;45.83;Bueno
2026-02-23;06:00;12;9.12;6.88;13.75;Bueno;45.83;Bueno
2026-02-23;07:00;11;9.04;6.88;13.75;Bueno;45.83;Bueno
2026-02-23;08:00;7;8.88;6.88;13.75;Bueno;45.83;Bueno
2026-02-23;09:00;6;8.75;6.88;13.75;Bueno;45.83;Bueno
2026-02-23;10:00;7;8.71;6.88;13.75;Bueno;45.83;Bueno
2026-02-23;11:00;6;8.67;6.88;13.75;Bueno;45.83;Bueno
2026-02-23;12:00;8;8.62;6.88;13.75;Bueno;45.83;Bueno
2026-02-23;13:00;9;8.67;6.88;13.75;Bueno;45.83;Bueno
2026-02-23;14:00;8;8.71;6.88;13.75;Bueno;45.83;Bueno
2026-02-23;15:00;7;8.75;6.88;13.75;Bueno;45.83;Bueno
2026-02-23;16:00;4;8.75;6.88;13.75;Bueno;45.83;Bueno
2026-02-23;17:00;3;8.62;6.88;13.75;Bueno;45.83;Bueno
2026-02-23;18:00;3;8.46;6.88;13.75;Bueno;45.83;Bueno
2026-02-23;19:00;2;8.17;6.88;13.75;Bueno;45.83;Bueno
2026-02-23;20:00;2;7.88;6.88;13.75;Bueno;45.83;Bueno
2026-02-23;21:00;4;7.75;6.88;13.75;Bueno;45.83;Bueno
2026-02-23;22:00;5;7.08;6.88;13.75;Bueno;45.83;Bueno
2026-02-23;23:00;5;6.88;6.88;13.75;Bueno;45.83;Bueno
2026-02-24;00:00;5;6.67;7.00;14.00;Bueno;46.67;Bueno
2026-02-24;01:00;5;6.50;7.00;14.00;Bueno;46.67;Bueno
2026-02-24;02:00;1;6.21;7.00;14.00;Bueno;46.67;Bueno
2026-02-24;03:00;4;6.04;7.00;14.00;Bueno;46.67;Bueno
2026-02-24;04:00;29;6.83;7.00;14.00;Bueno;46.67;Bueno
2026-02-24;05:00;5;6.58;7.00;14.00;Bueno;46.67;Bueno
2026-02-24;06:00;4;6.25;7.00;14.00;Bueno;46.67;Bueno
2026-02-24;07:00;2;5.88;7.00;14.00;Bueno;46.67;Bueno
2026-02-24;08:00;2;5.67;7.00;14.00;Bueno;46.67;Bueno
2026-02-24;09:00;3;5.54;7.00;14.00;Bueno;46.67;Bueno
2026-02-24;10:00;5;5.46;7.00;14.00;Bueno;46.67;Bueno
2026-02-24;11:00;6;5.46;7.00;14.00;Bueno;46.67;Bueno
2026-02-24;12:00;8;5.46;7.00;14.00;Bueno;46.67;Bueno
2026-02-24;13:00;10;5.50;7.00;14.00;Bueno;46.67;Bueno
2026-02-24;14:00;8;5.50;7.00;14.00;Bueno;46.67;Bueno
2026-02-24;15:00;7;5.50;7.00;14.00;Bueno;46.67;Bueno
2026-02-24;16:00;6;5.58;7.00;14.00;Bueno;46.67;Bueno
2026-02-24;17:00;4;5.62;7.00;14.00;Bueno;46.67;Bueno
2026-02-24;18:00;8;5.83;7.00;14.00;Bueno;46.67;Bueno
2026-02-24;19:00;8;6.08;7.00;14.00;Bueno;46.67;Bueno
2026-02-24;20:00;8;6.33;7.00;14.00;Bueno;46.67;Bueno
2026-02-24;21:00;9;6.54;7.00;14.00;Bueno;46.67;Bueno
2026-02-24;22:00;5;6.54;7.00;14.00;Bueno;46.67;Bueno
2026-02-24;23:00;16;7.00;7.00;14.00;Bueno;46.67;Bueno
2026-02-25;00:00;9;7.17;6.62;13.25;Bueno;44.17;Bueno
2026-02-25;01:00;8;7.29;6.62;13.25;Bueno;44.17;Bueno
2026-02-25;02:00;5;7.46;6.62;13.25;Bueno;44.17;Bueno
2026-02-25;03:00;4;7.46;6.62;13.25;Bueno;44.17;Bueno
2026-02-25;04:00;4;6.42;6.62;13.25;Bueno;44.17;Bueno
2026-02-25;05:00;5;6.42;6.62;13.25;Bueno;44.17;Bueno
2026-02-25;06:00;6;6.50;6.62;13.25;Bueno;44.17;Bueno
2026-02-25;07:00;22;7.33;6.62;13.25;Bueno;44.17;Bueno
2026-02-25;08:00;16;7.92;6.62;13.25;Bueno;44.17;Bueno
2026-02-25;09:00;9;8.17;6.62;13.25;Bueno;44.17;Bueno
2026-02-25;10:00;11;8.42;6.62;13.25;Bueno;44.17;Bueno
2026-02-25;11:00;11;8.62;6.62;13.25;Bueno;44.17;Bueno
2026-02-25;12:00;5;8.50;6.62;13.25;Bueno;44.17;Bueno
2026-02-25;13:00;1;8.12;6.62;13.25;Bueno;44.17;Bueno
2026-02-25;14:00;1;7.83;6.62;13.25;Bueno;44.17;Bueno
2026-02-25;15:00;2;7.62;6.62;13.25;Bueno;44.17;Bueno
2026-02-25;16:00;3;7.50;6.62;13.25;Bueno;44.17;Bueno
2026-02-25;17:00;3;7.46;6.62;13.25;Bueno;44.17;Bueno
2026-02-25;18:00;6;7.38;6.62;13.25;Bueno;44.17;Bueno
2026-02-25;19:00;8;7.38;6.62;13.25;Bueno;44.17;Bueno
2026-02-25;20:00;5;7.25;6.62;13.25;Bueno;44.17;Bueno
2026-02-25;21:00;5;7.08;6.62;13.25;Bueno;44.17;Bueno
2026-02-25;22:00;6;7.12;6.62;13.25;Bueno;44.17;Bueno
2026-02-25;23:00;4;6.62;6.62;13.25;Bueno;44.17;Bueno
2026-02-26;00:00;5;6.46;12.21;24.42;Bueno;81.39;Bueno
2026-02-26;01:00;7;6.42;12.21;24.42;Bueno;81.39;Bueno
2026-02-26;02:00;7;6.50;12.21;24.42;Bueno;81.39;Bueno
2026-02-26;03:00;29;7.54;12.21;24.42;Bueno;81.39;Bueno
2026-02-26;04:00;15;8.00;12.21;24.42;Bueno;81.39;Bueno
2026-02-26;05:00;21;8.67;12.21;24.42;Bueno;81.39;Bueno
2026-02-26;06:00;46;10.33;12.21;24.42;Bueno;81.39;Bueno
2026-02-26;07:00;22;10.33;12.21;24.42;Bueno;81.39;Bueno
2026-02-26;08:00;19;10.46;12.21;24.42;Bueno;81.39;Bueno
2026-02-26;09:00;12;10.58;12.21;24.42;Bueno;81.39;Bueno
2026-02-26;10:00;10;10.54;12.21;24.42;Bueno;81.39;Bueno
2026-02-26;11:00;17;10.79;12.21;24.42;Bueno;81.39;Bueno
2026-02-26;12:00;13;11.12;12.21;24.42;Bueno;81.39;Bueno
2026-02-26;13:00;10;11.50;12.21;24.42;Bueno;81.39;Bueno
2026-02-26;14:00;4;11.62;12.21;24.42;Bueno;81.39;Bueno
2026-02-26;15:00;3;11.67;12.21;24.42;Bueno;81.39;Bueno
2026-02-26;16:00;5;11.75;12.21;24.42;Bueno;81.39;Bueno
2026-02-26;17:00;5;11.83;12.21;24.42;Bueno;81.39;Bueno
2026-02-26;18:00;10;12.00;12.21;24.42;Bueno;81.39;Bueno
2026-02-26;19:00;10;12.08;12.21;24.42;Bueno;81.39;Bueno
2026-02-26;20:00;5;12.08;12.21;24.42;Bueno;81.39;Bueno
2026-02-26;21:00;7;12.17;12.21;24.42;Bueno;81.39;Bueno
2026-02-26;22:00;6;12.17;12.21;24.42;Bueno;81.39;Bueno
2026-02-26;23:00;5;12.21;12.21;24.42;Bueno;81.39;Bueno
2026-02-27;00:00;3;12.12;8.75;17.50;Bueno;58.33;Bueno
2026-02-27;01:00;7;12.12;8.75;17.50;Bueno;58.33;Bueno
2026-02-27;02:00;18;12.58;8.75;17.50;Bueno;58.33;Bueno
2026-02-27;03:00;10;11.79;8.75;17.50;Bueno;58.33;Bueno
2026-02-27;04:00;9;11.54;8.75;17.50;Bueno;58.33;Bueno
2026-02-27;05:00;10;11.08;8.75;17.50;Bueno;58.33;Bueno
2026-02-27;06:00;38;10.75;8.75;17.50;Bueno;58.33;Bueno
2026-02-27;07:00;15;10.46;8.75;17.50;Bueno;58.33;Bueno
2026-02-27;08:00;18;10.42;8.75;17.50;Bueno;58.33;Bueno
2026-02-27;09:00;12;10.42;8.75;17.50;Bueno;58.33;Bueno
2026-02-27;10:00;13;10.54;8.75;17.50;Bueno;58.33;Bueno
2026-02-27;11:00;10;10.25;8.75;17.50;Bueno;58.33;Bueno
2026-02-27;12:00;8;10.04;8.75;17.50;Bueno;58.33;Bueno
2026-02-27;13:00;7;9.92;8.75;17.50;Bueno;58.33;Bueno
2026-02-27;14:00;6;10.00;8.75;17.50;Bueno;58.33;Bueno
2026-02-27;15:00;8;10.21;8.75;17.50;Bueno;58.33;Bueno
2026-02-27;16:00;6;10.25;8.75;17.50;Bueno;58.33;Bueno
2026-02-27;17:00;3;10.17;8.75;17.50;Bueno;58.33;Bueno
2026-02-27;18:00;1;9.79;8.75;17.50;Bueno;58.33;Bueno
2026-02-27;19:00;1;9.42;8.75;17.50;Bueno;58.33;Bueno
2026-02-27;20:00;2;9.29;8.75;17.50;Bueno;58.33;Bueno
2026-02-27;21:00;2;9.08;8.75;17.50;Bueno;58.33;Bueno
2026-02-27;22:00;1;8.88;8.75;17.50;Bueno;58.33;Bueno
2026-02-27;23:00;2;8.75;8.75;17.50;Bueno;58.33;Bueno
2026-02-28;00:00;3;8.75;4.75;9.50;Bueno;31.67;Bueno
2026-02-28;01:00;3;8.58;4.75;9.50;Bueno;31.67;Bueno
2026-02-28;02:00;3;7.96;4.75;9.50;Bueno;31.67;Bueno
2026-02-28;03:00;5;7.75;4.75;9.50;Bueno;31.67;Bueno
2026-02-28;04:00;7;7.67;4.75;9.50;Bueno;31.67;Bueno
2026-02-28;05:00;19;8.04;4.75;9.50;Bueno;31.67;Bueno
2026-02-28;06:00;10;6.88;4.75;9.50;Bueno;31.67;Bueno
2026-02-28;07:00;9;6.62;4.75;9.50;Bueno;31.67;Bueno
2026-02-28;08:00;8;6.21;4.75;9.50;Bueno;31.67;Bueno
2026-02-28;09:00;7;6.00;4.75;9.50;Bueno;31.67;Bueno
2026-02-28;10:00;7;5.75;4.75;9.50;Bueno;31.67;Bueno
2026-02-28;11:00;6;5.58;4.75;9.50;Bueno;31.67;Bueno
2026-02-28;12:00;3;5.38;4.75;9.50;Bueno;31.67;Bueno
2026-02-28;13:00;3;5.21;4.75;9.50;Bueno;31.67;Bueno
2026-02-28;14:00;3;5.08;4.75;9.50;Bueno;31.67;Bueno
2026-02-28;15:00;2;4.83;4.75;9.50;Bueno;31.67;Bueno
2026-02-28;16:00;2;4.67;4.75;9.50;Bueno;31.67;Bueno
2026-02-28;17:00;1;4.58;4.75;9.50;Bueno;31.67;Bueno
2026-02-28;18:00;1;4.58;4.75;9.50;Bueno;31.67;Bueno
2026-02-28;19:00;1;4.58;4.75;9.50;Bueno;31.67;Bueno
2026-02-28;20:00;3;4.62;4.75;9.50;Bueno;31.67;Bueno
2026-02-28;21:00;3;4.67;4.75;9.50;Bueno;31.67;Bueno
2026-02-28;22:00;1;4.67;4.75;9.50;Bueno;31.67;Bueno
2026-02-28;23:00;4;4.75;4.75;9.50;Bueno;31.67;Bueno
2026-03-01;00:00;6;4.88;2.21;4.42;Bueno;14.72;Bueno
2026-03-01;01:00;4;4.92;2.21;4.42;Bueno;14.72;Bueno
2026-03-01;02:00;1;4.83;2.21;4.42;Bueno;14.72;Bueno
2026-03-01;03:00;2;4.71;2.21;4.42;Bueno;14.72;Bueno
2026-03-01;04:00;2;4.50;2.21;4.42;Bueno;14.72;Bueno
2026-03-01;05:00;1;3.75;2.21;4.42;Bueno;14.72;Bueno
2026-03-01;06:00;1;3.38;2.21;4.42;Bueno;14.72;Bueno
2026-03-01;07:00;5;3.21;2.21;4.42;Bueno;14.72;Bueno
2026-03-01;08:00;8;3.21;2.21;4.42;Bueno;14.72;Bueno
2026-03-01;09:00;5;3.12;2.21;4.42;Bueno;14.72;Bueno
2026-03-01;10:00;3;2.96;2.21;4.42;Bueno;14.72;Bueno
2026-03-01;11:00;1;2.75;2.21;4.42;Bueno;14.72;Bueno
2026-03-01;12:00;1;2.67;2.21;4.42;Bueno;14.72;Bueno
2026-03-01;13:00;2;2.62;2.21;4.42;Bueno;14.72;Bueno
2026-03-01;14:00;1;2.54;2.21;4.42;Bueno;14.72;Bueno
2026-03-01;15:00;1;2.50;2.21;4.42;Bueno;14.72;Bueno
2026-03-01;16:00;1;2.46;2.21;4.42;Bueno;14.72;Bueno
2026-03-01;17:00;1;2.46;2.21;4.42;Bueno;14.72;Bueno
2026-03-01;18:00;1;2.46;2.21;4.42;Bueno;14.72;Bueno
2026-03-01;19:00;1;2.46;2.21;4.42;Bueno;14.72;Bueno
2026-03-01;20:00;1;2.38;2.21;4.42;Bueno;14.72;Bueno
2026-03-01;21:00;2;2.33;2.21;4.42;Bueno;14.72;Bueno
2026-03-01;22:00;1;2.33;2.21;4.42;Bueno;14.72;Bueno
2026-03-01;23:00;1;2.21;2.21;4.42;Bueno;14.72;Bueno
2026-03-02;00:00;1;2.00;4.04;8.08;Bueno;26.94;Bueno
2026-03-02;01:00;1;1.88;4.04;8.08;Bueno;26.94;Bueno
2026-03-02;02:00;1;1.88;4.04;8.08;Bueno;26.94;Bueno
2026-03-02;03:00;3;1.92;4.04;8.08;Bueno;26.94;Bueno
2026-03-02;04:00;3;1.96;4.04;8.08;Bueno;26.94;Bueno
2026-03-02;05:00;1;1.96;4.04;8.08;Bueno;26.94;Bueno
2026-03-02;06:00;2;2.00;4.04;8.08;Bueno;26.94;Bueno
2026-03-02;07:00;4;1.96;4.04;8.08;Bueno;26.94;Bueno
2026-03-02;08:00;2;1.71;4.04;8.08;Bueno;26.94;Bueno
2026-03-02;09:00;2;1.58;4.04;8.08;Bueno;26.94;Bueno
2026-03-02;10:00;3;1.58;4.04;8.08;Bueno;26.94;Bueno
2026-03-02;11:00;2;1.62;4.04;8.08;Bueno;26.94;Bueno
2026-03-02;12:00;3;1.71;4.04;8.08;Bueno;26.94;Bueno
2026-03-02;13:00;5;1.83;4.04;8.08;Bueno;26.94;Bueno
2026-03-02;14:00;4;1.96;4.04;8.08;Bueno;26.94;Bueno
2026-03-02;15:00;3;2.04;4.04;8.08;Bueno;26.94;Bueno
2026-03-02;16:00;2;2.08;4.04;8.08;Bueno;26.94;Bueno
2026-03-02;17:00;5;2.25;4.04;8.08;Bueno;26.94;Bueno
2026-03-02;18:00;11;2.67;4.04;8.08;Bueno;26.94;Bueno
2026-03-02;19:00;10;3.04;4.04;8.08;Bueno;26.94;Bueno
2026-03-02;20:00;6;3.25;4.04;8.08;Bueno;26.94;Bueno
2026-03-02;21:00;7;3.46;4.04;8.08;Bueno;26.94;Bueno
2026-03-02;22:00;8;3.75;4.04;8.08;Bueno;26.94;Bueno
2026-03-02;23:00;8;4.04;4.04;8.08;Bueno;26.94;Bueno
2026-03-03;00:00;3;4.12;2.71;5.42;Bueno;18.06;Bueno
2026-03-03;01:00;1;4.12;2.71;5.42;Bueno;18.06;Bueno
2026-03-03;02:00;1;4.12;2.71;5.42;Bueno;18.06;Bueno
2026-03-03;03:00;1;4.04;2.71;5.42;Bueno;18.06;Bueno
2026-03-03;04:00;1;3.96;2.71;5.42;Bueno;18.06;Bueno
2026-03-03;05:00;1;3.96;2.71;5.42;Bueno;18.06;Bueno
2026-03-03;06:00;1;3.92;2.71;5.42;Bueno;18.06;Bueno
2026-03-03;07:00;4;3.92;2.71;5.42;Bueno;18.06;Bueno
2026-03-03;08:00;4;4.00;2.71;5.42;Bueno;18.06;Bueno
2026-03-03;09:00;4;4.08;2.71;5.42;Bueno;18.06;Bueno
2026-03-03;10:00;5;4.17;2.71;5.42;Bueno;18.06;Bueno
2026-03-03;11:00;6;4.33;2.71;5.42;Bueno;18.06;Bueno
2026-03-03;12:00;6;4.46;2.71;5.42;Bueno;18.06;Bueno
2026-03-03;13:00;2;4.33;2.71;5.42;Bueno;18.06;Bueno
2026-03-03;14:00;1;4.21;2.71;5.42;Bueno;18.06;Bueno
2026-03-03;15:00;1;4.12;2.71;5.42;Bueno;18.06;Bueno
2026-03-03;16:00;1;4.08;2.71;5.42;Bueno;18.06;Bueno
2026-03-03;17:00;1;3.92;2.71;5.42;Bueno;18.06;Bueno
2026-03-03;18:00;1;3.50;2.71;5.42;Bueno;18.06;Bueno
2026-03-03;19:00;1;3.12;2.71;5.42;Bueno;18.06;Bueno
2026-03-03;20:00;6;3.12;2.71;5.42;Bueno;18.06;Bueno
2026-03-03;21:00;6;3.08;2.71;5.42;Bueno;18.06;Bueno
2026-03-03;22:00;4;2.92;2.71;5.42;Bueno;18.06;Bueno
2026-03-03;23:00;3;2.71;2.71;5.42;Bueno;18.06;Bueno
2026-03-04;00:00;3;2.71;3.21;6.42;Bueno;21.39;Bueno
2026-03-04;01:00;3;2.79;3.21;6.42;Bueno;21.39;Bueno
2026-03-04;02:00;2;2.83;3.21;6.42;Bueno;21.39;Bueno
2026-03-04;03:00;3;2.92;3.21;6.42;Bueno;21.39;Bueno
2026-03-04;04:00;2;2.96;3.21;6.42;Bueno;21.39;Bueno
2026-03-04;05:00;1;2.96;3.21;6.42;Bueno;21.39;Bueno
2026-03-04;06:00;3;3.04;3.21;6.42;Bueno;21.39;Bueno
2026-03-04;07:00;3;3.00;3.21;6.42;Bueno;21.39;Bueno
2026-03-04;08:00;1;2.88;3.21;6.42;Bueno;21.39;Bueno
2026-03-04;09:00;1;2.75;3.21;6.42;Bueno;21.39;Bueno
2026-03-04;10:00;3;2.67;3.21;6.42;Bueno;21.39;Bueno
2026-03-04;11:00;3;2.54;3.21;6.42;Bueno;21.39;Bueno
2026-03-04;12:00;4;2.46;3.21;6.42;Bueno;21.39;Bueno
2026-03-04;13:00;4;2.54;3.21;6.42;Bueno;21.39;Bueno
2026-03-04;14:00;3;2.62;3.21;6.42;Bueno;21.39;Bueno
2026-03-04;15:00;2;2.67;3.21;6.42;Bueno;21.39;Bueno
2026-03-04;16:00;1;2.67;3.21;6.42;Bueno;21.39;Bueno
2026-03-04;17:00;2;2.71;3.21;6.42;Bueno;21.39;Bueno
2026-03-04;18:00;3;2.79;3.21;6.42;Bueno;21.39;Bueno
2026-03-04;19:00;4;2.92;3.21;6.42;Bueno;21.39;Bueno
2026-03-04;20:00;7;2.96;3.21;6.42;Bueno;21.39;Bueno
2026-03-04;21:00;7;3.00;3.21;6.42;Bueno;21.39;Bueno
2026-03-04;22:00;6;3.08;3.21;6.42;Bueno;21.39;Bueno
2026-03-04;23:00;6;3.21;3.21;6.42;Bueno;21.39;Bueno
2026-03-05;00:00;5;3.29;6.54;13.08;Bueno;43.61;Bueno
2026-03-05;01:00;5;3.38;6.54;13.08;Bueno;43.61;Bueno
2026-03-05;02:00;6;3.54;6.54;13.08;Bueno;43.61;Bueno
2026-03-05;03:00;4;3.58;6.54;13.08;Bueno;43.61;Bueno
2026-03-05;04:00;3;3.62;6.54;13.08;Bueno;43.61;Bueno
2026-03-05;05:00;4;3.75;6.54;13.08;Bueno;43.61;Bueno
2026-03-05;06:00;6;3.88;6.54;13.08;Bueno;43.61;Bueno
2026-03-05;07:00;6;4.00;6.54;13.08;Bueno;43.61;Bueno
2026-03-05;08:00;6;4.21;6.54;13.08;Bueno;43.61;Bueno
2026-03-05;09:00;6;4.42;6.54;13.08;Bueno;43.61;Bueno
2026-03-05;10:00;3;4.42;6.54;13.08;Bueno;43.61;Bueno
2026-03-05;11:00;4;4.46;6.54;13.08;Bueno;43.61;Bueno
2026-03-05;12:00;6;4.54;6.54;13.08;Bueno;43.61;Bueno
2026-03-05;13:00;7;4.67;6.54;13.08;Bueno;43.61;Bueno
2026-03-05;14:00;8;4.88;6.54;13.08;Bueno;43.61;Bueno
2026-03-05;15:00;8;5.12;6.54;13.08;Bueno;43.61;Bueno
2026-03-05;16:00;6;5.33;6.54;13.08;Bueno;43.61;Bueno
2026-03-05;17:00;6;5.50;6.54;13.08;Bueno;43.61;Bueno
2026-03-05;18:00;4;5.54;6.54;13.08;Bueno;43.61;Bueno
2026-03-05;19:00;6;5.62;6.54;13.08;Bueno;43.61;Bueno
2026-03-05;20:00;11;5.79;6.54;13.08;Bueno;43.61;Bueno
2026-03-05;21:00;11;5.96;6.54;13.08;Bueno;43.61;Bueno
2026-03-05;22:00;14;6.29;6.54;13.08;Bueno;43.61;Bueno
2026-03-05;23:00;12;6.54;6.54;13.08;Bueno;43.61;Bueno
2026-03-06;00:00;11;6.79;9.54;19.08;Bueno;63.61;Bueno
2026-03-06;01:00;10;7.00;9.54;19.08;Bueno;63.61;Bueno
2026-03-06;02:00;10;7.17;9.54;19.08;Bueno;63.61;Bueno
2026-03-06;03:00;9;7.38;9.54;19.08;Bueno;63.61;Bueno
2026-03-06;04:00;7;7.54;9.54;19.08;Bueno;63.61;Bueno
2026-03-06;05:00;8;7.71;9.54;19.08;Bueno;63.61;Bueno
2026-03-06;06:00;10;7.88;9.54;19.08;Bueno;63.61;Bueno
2026-03-06;07:00;21;8.50;9.54;19.08;Bueno;63.61;Bueno
2026-03-06;08:00;14;8.83;9.54;19.08;Bueno;63.61;Bueno
2026-03-06;09:00;19;9.38;9.54;19.08;Bueno;63.61;Bueno
2026-03-06;10:00;13;9.79;9.54;19.08;Bueno;63.61;Bueno
2026-03-06;11:00;11;10.08;9.54;19.08;Bueno;63.61;Bueno
2026-03-06;12:00;9;10.21;9.54;19.08;Bueno;63.61;Bueno
2026-03-06;13:00;6;10.17;9.54;19.08;Bueno;63.61;Bueno
2026-03-06;14:00;5;10.04;9.54;19.08;Bueno;63.61;Bueno
2026-03-06;15:00;5;9.92;9.54;19.08;Bueno;63.61;Bueno
2026-03-06;16:00;5;9.88;9.54;19.08;Bueno;63.61;Bueno
2026-03-06;17:00;6;9.88;9.54;19.08;Bueno;63.61;Bueno
2026-03-06;18:00;6;9.96;9.54;19.08;Bueno;63.61;Bueno
2026-03-06;19:00;6;9.96;9.54;19.08;Bueno;63.61;Bueno
2026-03-06;20:00;8;9.83;9.54;19.08;Bueno;63.61;Bueno
2026-03-06;21:00;8;9.71;9.54;19.08;Bueno;63.61;Bueno
2026-03-06;22:00;10;9.54;9.54;19.08;Bueno;63.61;Bueno
2026-03-06;23:00;12;9.54;9.54;19.08;Bueno;63.61;Bueno
2026-03-07;00:00;11;9.54;6.04;12.08;Bueno;40.28;Bueno
2026-03-07;01:00;12;9.62;6.04;12.08;Bueno;40.28;Bueno
2026-03-07;02:00;8;9.54;6.04;12.08;Bueno;40.28;Bueno
2026-03-07;03:00;8;9.50;6.04;12.08;Bueno;40.28;Bueno
2026-03-07;04:00;6;9.46;6.04;12.08;Bueno;40.28;Bueno
2026-03-07;05:00;6;9.38;6.04;12.08;Bueno;40.28;Bueno
2026-03-07;06:00;6;9.21;6.04;12.08;Bueno;40.28;Bueno
2026-03-07;07:00;5;8.54;6.04;12.08;Bueno;40.28;Bueno
2026-03-07;08:00;6;8.21;6.04;12.08;Bueno;40.28;Bueno
2026-03-07;09:00;9;7.79;6.04;12.08;Bueno;40.28;Bueno
2026-03-07;10:00;10;7.67;6.04;12.08;Bueno;40.28;Bueno
2026-03-07;11:00;9;7.58;6.04;12.08;Bueno;40.28;Bueno
2026-03-07;12:00;8;7.54;6.04;12.08;Bueno;40.28;Bueno
2026-03-07;13:00;4;7.46;6.04;12.08;Bueno;40.28;Bueno
2026-03-07;14:00;1;7.29;6.04;12.08;Bueno;40.28;Bueno
2026-03-07;15:00;3;7.21;6.04;12.08;Bueno;40.28;Bueno
2026-03-07;16:00;3;7.12;6.04;12.08;Bueno;40.28;Bueno
2026-03-07;17:00;4;7.04;6.04;12.08;Bueno;40.28;Bueno
2026-03-07;18:00;5;7.00;6.04;12.08;Bueno;40.28;Bueno
2026-03-07;19:00;3;6.88;6.04;12.08;Bueno;40.28;Bueno
2026-03-07;20:00;4;6.71;6.04;12.08;Bueno;40.28;Bueno
2026-03-07;21:00;5;6.58;6.04;12.08;Bueno;40.28;Bueno
2026-03-07;22:00;5;6.38;6.04;12.08;Bueno;40.28;Bueno
2026-03-07;23:00;4;6.04;6.04;12.08;Bueno;40.28;Bueno
2026-03-08;00:00;3;5.71;5.62;11.25;Bueno;37.50;Bueno
2026-03-08;01:00;6;5.46;5.62;11.25;Bueno;37.50;Bueno
2026-03-08;02:00;9;5.50;5.62;11.25;Bueno;37.50;Bueno
2026-03-08;03:00;10;5.58;5.62;11.25;Bueno;37.50;Bueno
2026-03-08;04:00;8;5.67;5.62;11.25;Bueno;37.50;Bueno
2026-03-08;05:00;6;5.67;5.62;11.25;Bueno;37.50;Bueno
2026-03-08;06:00;6;5.67;5.62;11.25;Bueno;37.50;Bueno
2026-03-08;07:00;10;5.88;5.62;11.25;Bueno;37.50;Bueno
2026-03-08;08:00;11;6.08;5.62;11.25;Bueno;37.50;Bueno
2026-03-08;09:00;10;6.12;5.62;11.25;Bueno;37.50;Bueno
2026-03-08;10:00;12;6.21;5.62;11.25;Bueno;37.50;Bueno
2026-03-08;11:00;8;6.17;5.62;11.25;Bueno;37.50;Bueno
2026-03-08;12:00;6;6.08;5.62;11.25;Bueno;37.50;Bueno
2026-03-08;13:00;6;6.17;5.62;11.25;Bueno;37.50;Bueno
2026-03-08;14:00;4;6.29;5.62;11.25;Bueno;37.50;Bueno
2026-03-08;15:00;1;6.21;5.62;11.25;Bueno;37.50;Bueno
2026-03-08;16:00;3;6.21;5.62;11.25;Bueno;37.50;Bueno
2026-03-08;17:00;4;6.21;5.62;11.25;Bueno;37.50;Bueno
2026-03-08;18:00;2;6.08;5.62;11.25;Bueno;37.50;Bueno
2026-03-08;19:00;1;6.00;5.62;11.25;Bueno;37.50;Bueno
2026-03-08;20:00;2;5.92;5.62;11.25;Bueno;37.50;Bueno
2026-03-08;21:00;1;5.75;5.62;11.25;Bueno;37.50;Bueno
2026-03-08;22:00;3;5.67;5.62;11.25;Bueno;37.50;Bueno
2026-03-08;23:00;3;5.62;5.62;11.25;Bueno;37.50;Bueno
2026-03-09;00:00;5;5.71;5.21;10.42;Bueno;34.72;Bueno
2026-03-09;01:00;3;5.58;5.21;10.42;Bueno;34.72;Bueno
2026-03-09;02:00;3;5.33;5.21;10.42;Bueno;34.72;Bueno
2026-03-09;03:00;6;5.17;5.21;10.42;Bueno;34.72;Bueno
2026-03-09;04:00;6;5.08;5.21;10.42;Bueno;34.72;Bueno
2026-03-09;05:00;5;5.04;5.21;10.42;Bueno;34.72;Bueno
2026-03-09;06:00;3;4.92;5.21;10.42;Bueno;34.72;Bueno
2026-03-09;07:00;5;4.71;5.21;10.42;Bueno;34.72;Bueno
2026-03-09;08:00;5;4.46;5.21;10.42;Bueno;34.72;Bueno
2026-03-09;09:00;9;4.42;5.21;10.42;Bueno;34.72;Bueno
2026-03-09;10:00;8;4.25;5.21;10.42;Bueno;34.72;Bueno
2026-03-09;11:00;6;4.17;5.21;10.42;Bueno;34.72;Bueno
2026-03-09;12:00;6;4.17;5.21;10.42;Bueno;34.72;Bueno
2026-03-09;13:00;2;4.00;5.21;10.42;Bueno;34.72;Bueno
2026-03-09;14:00;1;3.88;5.21;10.42;Bueno;34.72;Bueno
2026-03-09;15:00;3;3.96;5.21;10.42;Bueno;34.72;Bueno
2026-03-09;16:00;6;4.08;5.21;10.42;Bueno;34.72;Bueno
2026-03-09;17:00;6;4.17;5.21;10.42;Bueno;34.72;Bueno
2026-03-09;18:00;4;4.25;5.21;10.42;Bueno;34.72;Bueno
2026-03-09;19:00;3;4.33;5.21;10.42;Bueno;34.72;Bueno
2026-03-09;20:00;5;4.46;5.21;10.42;Bueno;34.72;Bueno
2026-03-09;21:00;8;4.75;5.21;10.42;Bueno;34.72;Bueno
2026-03-09;22:00;9;5.00;5.21;10.42;Bueno;34.72;Bueno
2026-03-09;23:00;8;5.21;5.21;10.42;Bueno;34.72;Bueno
2026-03-10;00:00;7;5.29;9.38;18.75;Bueno;62.50;Bueno
2026-03-10;01:00;6;5.42;9.38;18.75;Bueno;62.50;Bueno
2026-03-10;02:00;4;5.46;9.38;18.75;Bueno;62.50;Bueno
2026-03-10;03:00;4;5.38;9.38;18.75;Bueno;62.50;Bueno
2026-03-10;04:00;5;5.33;9.38;18.75;Bueno;62.50;Bueno
2026-03-10;05:00;6;5.38;9.38;18.75;Bueno;62.50;Bueno
2026-03-10;06:00;5;5.46;9.38;18.75;Bueno;62.50;Bueno
2026-03-10;07:00;20;6.08;9.38;18.75;Bueno;62.50;Bueno
2026-03-10;08:00;27;7.00;9.38;18.75;Bueno;62.50;Bueno
2026-03-10;09:00;30;7.88;9.38;18.75;Bueno;62.50;Bueno
2026-03-10;10:00;25;8.58;9.38;18.75;Bueno;62.50;Bueno
2026-03-10;11:00;16;9.00;9.38;18.75;Bueno;62.50;Bueno
2026-03-10;12:00;10;9.17;9.38;18.75;Bueno;62.50;Bueno
2026-03-10;13:00;10;9.50;9.38;18.75;Bueno;62.50;Bueno
2026-03-10;14:00;9;9.83;9.38;18.75;Bueno;62.50;Bueno
2026-03-10;15:00;9;10.08;9.38;18.75;Bueno;62.50;Bueno
2026-03-10;16:00;10;10.25;9.38;18.75;Bueno;62.50;Bueno
2026-03-10;17:00;7;10.29;9.38;18.75;Bueno;62.50;Bueno
2026-03-10;18:00;2;10.21;9.38;18.75;Bueno;62.50;Bueno
2026-03-10;19:00;4;10.25;9.38;18.75;Bueno;62.50;Bueno
2026-03-10;20:00;3;10.17;9.38;18.75;Bueno;62.50;Bueno
2026-03-10;21:00;2;9.92;9.38;18.75;Bueno;62.50;Bueno
2026-03-10;22:00;2;9.62;9.38;18.75;Bueno;62.50;Bueno
2026-03-10;23:00;2;9.38;9.38;18.75;Bueno;62.50;Bueno
2026-03-11;00:00;6;9.33;10.62;21.25;Bueno;70.83;Bueno
2026-03-11;01:00;6;9.33;10.62;21.25;Bueno;70.83;Bueno
2026-03-11;02:00;3;9.29;10.62;21.25;Bueno;70.83;Bueno
2026-03-11;03:00;3;9.25;10.62;21.25;Bueno;70.83;Bueno
2026-03-11;04:00;1;9.08;10.62;21.25;Bueno;70.83;Bueno
2026-03-11;05:00;1;8.88;10.62;21.25;Bueno;70.83;Bueno
2026-03-11;06:00;3;8.79;10.62;21.25;Bueno;70.83;Bueno
2026-03-11;07:00;8;8.29;10.62;21.25;Bueno;70.83;Bueno
2026-03-11;08:00;11;7.62;10.62;21.25;Bueno;70.83;Bueno
2026-03-11;09:00;16;7.04;10.62;21.25;Bueno;70.83;Bueno
2026-03-11;10:00;20;6.83;10.62;21.25;Bueno;70.83;Bueno
2026-03-11;11:00;30;7.42;10.62;21.25;Bueno;70.83;Bueno
2026-03-11;12:00;24;8.00;10.62;21.25;Bueno;70.83;Bueno
2026-03-11;13:00;21;8.46;10.62;21.25;Bueno;70.83;Bueno
2026-03-11;14:00;17;8.79;10.62;21.25;Bueno;70.83;Bueno
2026-03-11;15:00;10;8.83;10.62;21.25;Bueno;70.83;Bueno
2026-03-11;16:00;14;9.00;10.62;21.25;Bueno;70.83;Bueno
2026-03-11;17:00;9;9.08;10.62;21.25;Bueno;70.83;Bueno
2026-03-11;18:00;19;9.79;10.62;21.25;Bueno;70.83;Bueno
2026-03-11;19:00;15;10.25;10.62;21.25;Bueno;70.83;Bueno
2026-03-11;20:00;7;10.42;10.62;21.25;Bueno;70.83;Bueno
2026-03-11;21:00;6;10.58;10.62;21.25;Bueno;70.83;Bueno
2026-03-11;22:00;2;10.58;10.62;21.25;Bueno;70.83;Bueno
2026-03-11;23:00;3;10.62;10.62;21.25;Bueno;70.83;Bueno
2026-03-12;00:00;;10.83;12.00;24.00;Bueno;80.00;Bueno
2026-03-12;01:00;5;10.78;12.00;24.00;Bueno;80.00;Bueno
2026-03-12;02:00;4;10.83;12.00;24.00;Bueno;80.00;Bueno
2026-03-12;03:00;2;10.78;12.00;24.00;Bueno;80.00;Bueno
2026-03-12;04:00;3;10.87;12.00;24.00;Bueno;80.00;Bueno
2026-03-12;05:00;6;11.09;12.00;24.00;Bueno;80.00;Bueno
2026-03-12;06:00;7;11.26;12.00;24.00;Bueno;80.00;Bueno
2026-03-12;07:00;21;11.83;12.00;24.00;Bueno;80.00;Bueno
2026-03-12;08:00;21;12.26;12.00;24.00;Bueno;80.00;Bueno
2026-03-12;09:00;15;12.22;12.00;24.00;Bueno;80.00;Bueno
2026-03-12;10:00;21;12.26;12.00;24.00;Bueno;80.00;Bueno
2026-03-12;11:00;28;12.17;12.00;24.00;Bueno;80.00;Bueno
2026-03-12;12:00;26;12.26;12.00;24.00;Bueno;80.00;Bueno
2026-03-12;13:00;19;12.17;12.00;24.00;Bueno;80.00;Bueno
2026-03-12;14:00;11;11.91;12.00;24.00;Bueno;80.00;Bueno
2026-03-12;15:00;16;12.17;12.00;24.00;Bueno;80.00;Bueno
2026-03-12;16:00;16;12.26;12.00;24.00;Bueno;80.00;Bueno
2026-03-12;17:00;20;12.74;12.00;24.00;Bueno;80.00;Bueno
2026-03-12;18:00;10;12.35;12.00;24.00;Bueno;80.00;Bueno
2026-03-12;19:00;9;12.09;12.00;24.00;Bueno;80.00;Bueno
2026-03-12;20:00;6;12.04;12.00;24.00;Bueno;80.00;Bueno
2026-03-12;21:00;5;12.00;12.00;24.00;Bueno;80.00;Bueno
2026-03-12;22:00;3;12.04;12.00;24.00;Bueno;80.00;Bueno
2026-03-12;23:00;2;12.00;12.00;24.00;Bueno;80.00;Bueno
2026-03-13;00:00;3;11.62;8.25;16.50;Bueno;55.00;Bueno
2026-03-13;01:00;4;11.58;8.25;16.50;Bueno;55.00;Bueno
2026-03-13;02:00;10;11.83;8.25;16.50;Bueno;55.00;Bueno
2026-03-13;03:00;9;12.12;8.25;16.50;Bueno;55.00;Bueno
2026-03-13;04:00;6;12.25;8.25;16.50;Bueno;55.00;Bueno
2026-03-13;05:00;9;12.38;8.25;16.50;Bueno;55.00;Bueno
2026-03-13;06:00;9;12.46;8.25;16.50;Bueno;55.00;Bueno
2026-03-13;07:00;8;11.92;8.25;16.50;Bueno;55.00;Bueno
2026-03-13;08:00;6;11.29;8.25;16.50;Bueno;55.00;Bueno
2026-03-13;09:00;8;11.00;8.25;16.50;Bueno;55.00;Bueno
2026-03-13;10:00;10;10.54;8.25;16.50;Bueno;55.00;Bueno
2026-03-13;11:00;9;9.75;8.25;16.50;Bueno;55.00;Bueno
2026-03-13;12:00;7;8.96;8.25;16.50;Bueno;55.00;Bueno
2026-03-13;13:00;9;8.54;8.25;16.50;Bueno;55.00;Bueno
2026-03-13;14:00;9;8.46;8.25;16.50;Bueno;55.00;Bueno
2026-03-13;15:00;8;8.12;8.25;16.50;Bueno;55.00;Bueno
2026-03-13;16:00;11;7.92;8.25;16.50;Bueno;55.00;Bueno
2026-03-13;17:00;11;7.54;8.25;16.50;Bueno;55.00;Bueno
2026-03-13;18:00;9;7.50;8.25;16.50;Bueno;55.00;Bueno
2026-03-13;19:00;9;7.50;8.25;16.50;Bueno;55.00;Bueno
2026-03-13;20:00;10;7.67;8.25;16.50;Bueno;55.00;Bueno
2026-03-13;21:00;10;7.88;8.25;16.50;Bueno;55.00;Bueno
2026-03-13;22:00;8;8.08;8.25;16.50;Bueno;55.00;Bueno
2026-03-13;23:00;6;8.25;8.25;16.50;Bueno;55.00;Bueno
2026-03-14;00:00;9;8.50;9.38;18.75;Bueno;62.50;Bueno
2026-03-14;01:00;10;8.75;9.38;18.75;Bueno;62.50;Bueno
2026-03-14;02:00;9;8.71;9.38;18.75;Bueno;62.50;Bueno
2026-03-14;03:00;10;8.75;9.38;18.75;Bueno;62.50;Bueno
2026-03-14;04:00;12;9.00;9.38;18.75;Bueno;62.50;Bueno
2026-03-14;05:00;9;9.00;9.38;18.75;Bueno;62.50;Bueno
2026-03-14;06:00;9;9.00;9.38;18.75;Bueno;62.50;Bueno
2026-03-14;07:00;10;9.08;9.38;18.75;Bueno;62.50;Bueno
2026-03-14;08:00;13;9.38;9.38;18.75;Bueno;62.50;Bueno
2026-03-14;09:00;18;9.79;9.38;18.75;Bueno;62.50;Bueno
2026-03-14;10:00;18;10.12;9.38;18.75;Bueno;62.50;Bueno
2026-03-14;11:00;22;10.67;9.38;18.75;Bueno;62.50;Bueno
2026-03-14;12:00;18;11.12;9.38;18.75;Bueno;62.50;Bueno
2026-03-14;13:00;13;11.29;9.38;18.75;Bueno;62.50;Bueno
2026-03-14;14:00;12;11.42;9.38;18.75;Bueno;62.50;Bueno
2026-03-14;15:00;10;11.50;9.38;18.75;Bueno;62.50;Bueno
2026-03-14;16:00;10;11.46;9.38;18.75;Bueno;62.50;Bueno
2026-03-14;17:00;7;11.29;9.38;18.75;Bueno;62.50;Bueno
2026-03-14;18:00;1;10.96;9.38;18.75;Bueno;62.50;Bueno
2026-03-14;19:00;1;10.62;9.38;18.75;Bueno;62.50;Bueno
2026-03-14;20:00;1;10.25;9.38;18.75;Bueno;62.50;Bueno
2026-03-14;21:00;1;9.88;9.38;18.75;Bueno;62.50;Bueno
2026-03-14;22:00;1;9.58;9.38;18.75;Bueno;62.50;Bueno
2026-03-14;23:00;1;9.38;9.38;18.75;Bueno;62.50;Bueno
2026-03-15;00:00;;9.39;2.55;5.09;Bueno;16.97;Bueno
2026-03-15;01:00;3;9.09;2.55;5.09;Bueno;16.97;Bueno
2026-03-15;02:00;3;8.83;2.55;5.09;Bueno;16.97;Bueno
2026-03-15;03:00;3;8.52;2.55;5.09;Bueno;16.97;Bueno
2026-03-15;04:00;4;8.17;2.55;5.09;Bueno;16.97;Bueno
2026-03-15;05:00;6;8.04;2.55;5.09;Bueno;16.97;Bueno
2026-03-15;06:00;6;7.91;2.55;5.09;Bueno;16.97;Bueno
2026-03-15;07:00;5;7.70;2.55;5.09;Bueno;16.97;Bueno
2026-03-15;08:00;3;7.26;2.55;5.09;Bueno;16.97;Bueno
2026-03-15;09:00;1;6.52;2.55;5.09;Bueno;16.97;Bueno
2026-03-15;10:00;1;5.78;2.55;5.09;Bueno;16.97;Bueno
2026-03-15;11:00;4;5.00;2.55;5.09;Bueno;16.97;Bueno
2026-03-15;12:00;4;4.39;2.55;5.09;Bueno;16.97;Bueno
2026-03-15;13:00;1;3.87;2.55;5.09;Bueno;16.97;Bueno
2026-03-15;14:00;1;3.39;2.55;5.09;Bueno;16.97;Bueno
2026-03-15;15:00;3;3.09;2.55;5.09;Bueno;16.97;Bueno
2026-03-15;16:00;1;2.70;2.55;5.09;Bueno;16.97;Bueno
2026-03-15;17:00;1;2.43;2.55;5.09;Bueno;16.97;Bueno
2026-03-15;18:00;1;2.43;2.55;5.09;Bueno;16.97;Bueno
2026-03-15;19:00;2;2.48;2.55;5.09;Bueno;16.97;Bueno
2026-03-15;20:00;;2.55;2.55;5.09;Bueno;16.97;Bueno
2026-03-15;21:00;1;2.55;2.55;5.09;Bueno;16.97;Bueno
2026-03-15;22:00;1;2.55;2.55;5.09;Bueno;16.97;Bueno
2026-03-15;23:00;1;2.55;2.55;5.09;Bueno;16.97;Bueno
2026-03-16;00:00;;2.55;2.41;4.82;Bueno;16.06;Bueno
2026-03-16;01:00;6;2.68;2.41;4.82;Bueno;16.06;Bueno
2026-03-16;02:00;3;2.68;2.41;4.82;Bueno;16.06;Bueno
2026-03-16;03:00;1;2.59;2.41;4.82;Bueno;16.06;Bueno
2026-03-16;04:00;;2.52;2.41;4.82;Bueno;16.06;Bueno
2026-03-16;05:00;1;2.29;2.41;4.82;Bueno;16.06;Bueno
2026-03-16;06:00;1;2.05;2.41;4.82;Bueno;16.06;Bueno
2026-03-16;07:00;1;1.86;2.41;4.82;Bueno;16.06;Bueno
2026-03-16;08:00;1;1.76;2.41;4.82;Bueno;16.06;Bueno
2026-03-16;09:00;1;1.76;2.41;4.82;Bueno;16.06;Bueno
2026-03-16;10:00;1;1.76;2.41;4.82;Bueno;16.06;Bueno
2026-03-16;11:00;1;1.62;2.41;4.82;Bueno;16.06;Bueno
2026-03-16;12:00;1;1.48;2.41;4.82;Bueno;16.06;Bueno
2026-03-16;13:00;4;1.62;2.41;4.82;Bueno;16.06;Bueno
2026-03-16;14:00;5;1.81;2.41;4.82;Bueno;16.06;Bueno
2026-03-16;15:00;4;1.86;2.41;4.82;Bueno;16.06;Bueno
2026-03-16;16:00;3;1.95;2.41;4.82;Bueno;16.06;Bueno
2026-03-16;17:00;1;1.95;2.41;4.82;Bueno;16.06;Bueno
2026-03-16;18:00;1;1.95;2.41;4.82;Bueno;16.06;Bueno
2026-03-16;19:00;4;2.05;2.41;4.82;Bueno;16.06;Bueno
2026-03-16;20:00;3;2.09;2.41;4.82;Bueno;16.06;Bueno
2026-03-16;21:00;2;2.14;2.41;4.82;Bueno;16.06;Bueno
2026-03-16;22:00;4;2.27;2.41;4.82;Bueno;16.06;Bueno
2026-03-16;23:00;4;2.41;2.41;4.82;Bueno;16.06;Bueno
2026-03-17;00:00;7;2.61;3.71;7.42;Bueno;24.72;Bueno
2026-03-17;01:00;8;2.70;3.71;7.42;Bueno;24.72;Bueno
2026-03-17;02:00;5;2.78;3.71;7.42;Bueno;24.72;Bueno
2026-03-17;03:00;3;2.87;3.71;7.42;Bueno;24.72;Bueno
2026-03-17;04:00;1;2.79;3.71;7.42;Bueno;24.72;Bueno
2026-03-17;05:00;1;2.79;3.71;7.42;Bueno;24.72;Bueno
2026-03-17;06:00;1;2.79;3.71;7.42;Bueno;24.72;Bueno
2026-03-17;07:00;5;2.96;3.71;7.42;Bueno;24.72;Bueno
2026-03-17;08:00;9;3.29;3.71;7.42;Bueno;24.72;Bueno
2026-03-17;09:00;9;3.62;3.71;7.42;Bueno;24.72;Bueno
2026-03-17;10:00;2;3.67;3.71;7.42;Bueno;24.72;Bueno
2026-03-17;11:00;2;3.71;3.71;7.42;Bueno;24.72;Bueno
2026-03-17;12:00;2;3.75;3.71;7.42;Bueno;24.72;Bueno
2026-03-17;13:00;1;3.62;3.71;7.42;Bueno;24.72;Bueno
2026-03-17;14:00;1;3.46;3.71;7.42;Bueno;24.72;Bueno
2026-03-17;15:00;1;3.33;3.71;7.42;Bueno;24.72;Bueno
2026-03-17;16:00;2;3.29;3.71;7.42;Bueno;24.72;Bueno
2026-03-17;17:00;3;3.38;3.71;7.42;Bueno;24.72;Bueno
2026-03-17;18:00;3;3.46;3.71;7.42;Bueno;24.72;Bueno
2026-03-17;19:00;5;3.50;3.71;7.42;Bueno;24.72;Bueno
2026-03-17;20:00;7;3.67;3.71;7.42;Bueno;24.72;Bueno
2026-03-17;21:00;3;3.71;3.71;7.42;Bueno;24.72;Bueno
2026-03-17;22:00;3;3.67;3.71;7.42;Bueno;24.72;Bueno
2026-03-17;23:00;5;3.71;3.71;7.42;Bueno;24.72;Bueno
2026-03-18;00:00;5;3.62;5.38;10.75;Bueno;35.83;Bueno
2026-03-18;01:00;3;3.42;5.38;10.75;Bueno;35.83;Bueno
2026-03-18;02:00;2;3.29;5.38;10.75;Bueno;35.83;Bueno
2026-03-18;03:00;2;3.25;5.38;10.75;Bueno;35.83;Bueno
2026-03-18;04:00;2;3.29;5.38;10.75;Bueno;35.83;Bueno
2026-03-18;05:00;4;3.42;5.38;10.75;Bueno;35.83;Bueno
2026-03-18;06:00;5;3.58;5.38;10.75;Bueno;35.83;Bueno
2026-03-18;07:00;10;3.79;5.38;10.75;Bueno;35.83;Bueno
2026-03-18;08:00;10;3.83;5.38;10.75;Bueno;35.83;Bueno
2026-03-18;09:00;6;3.71;5.38;10.75;Bueno;35.83;Bueno
2026-03-18;10:00;10;4.04;5.38;10.75;Bueno;35.83;Bueno
2026-03-18;11:00;11;4.42;5.38;10.75;Bueno;35.83;Bueno
2026-03-18;12:00;9;4.71;5.38;10.75;Bueno;35.83;Bueno
2026-03-18;13:00;8;5.00;5.38;10.75;Bueno;35.83;Bueno
2026-03-18;14:00;5;5.17;5.38;10.75;Bueno;35.83;Bueno
2026-03-18;15:00;4;5.29;5.38;10.75;Bueno;35.83;Bueno
2026-03-18;16:00;5;5.42;5.38;10.75;Bueno;35.83;Bueno
2026-03-18;17:00;6;5.54;5.38;10.75;Bueno;35.83;Bueno
2026-03-18;18:00;6;5.67;5.38;10.75;Bueno;35.83;Bueno
2026-03-18;19:00;2;5.54;5.38;10.75;Bueno;35.83;Bueno
2026-03-18;20:00;3;5.38;5.38;10.75;Bueno;35.83;Bueno
2026-03-18;21:00;5;5.46;5.38;10.75;Bueno;35.83;Bueno
2026-03-18;22:00;3;5.46;5.38;10.75;Bueno;35.83;Bueno
2026-03-18;23:00;3;5.38;5.38;10.75;Bueno;35.83;Bueno
2026-03-19;00:00;5;5.38;8.04;16.09;Bueno;53.62;Bueno
2026-03-19;01:00;6;5.50;8.04;16.09;Bueno;53.62;Bueno
2026-03-19;02:00;7;5.71;8.04;16.09;Bueno;53.62;Bueno
2026-03-19;03:00;7;5.92;8.04;16.09;Bueno;53.62;Bueno
2026-03-19;04:00;6;6.08;8.04;16.09;Bueno;53.62;Bueno
2026-03-19;05:00;8;6.25;8.04;16.09;Bueno;53.62;Bueno
2026-03-19;06:00;18;6.79;8.04;16.09;Bueno;53.62;Bueno
2026-03-19;07:00;19;7.17;8.04;16.09;Bueno;53.62;Bueno
2026-03-19;08:00;30;8.00;8.04;16.09;Bueno;53.62;Bueno
2026-03-19;09:00;10;8.17;8.04;16.09;Bueno;53.62;Bueno
2026-03-19;10:00;8;8.08;8.04;16.09;Bueno;53.62;Bueno
2026-03-19;11:00;3;7.75;8.04;16.09;Bueno;53.62;Bueno
2026-03-19;12:00;1;7.42;8.04;16.09;Bueno;53.62;Bueno
2026-03-19;13:00;7;7.38;8.04;16.09;Bueno;53.62;Bueno
2026-03-19;14:00;8;7.50;8.04;16.09;Bueno;53.62;Bueno
2026-03-19;15:00;4;7.50;8.04;16.09;Bueno;53.62;Bueno
2026-03-19;16:00;3;7.42;8.04;16.09;Bueno;53.62;Bueno
2026-03-19;17:00;;7.48;8.04;16.09;Bueno;53.62;Bueno
2026-03-19;18:00;5;7.43;8.04;16.09;Bueno;53.62;Bueno
2026-03-19;19:00;6;7.61;8.04;16.09;Bueno;53.62;Bueno
2026-03-19;20:00;10;7.91;8.04;16.09;Bueno;53.62;Bueno
2026-03-19;21:00;9;8.09;8.04;16.09;Bueno;53.62;Bueno
2026-03-19;22:00;3;8.09;8.04;16.09;Bueno;53.62;Bueno
2026-03-19;23:00;2;8.04;8.04;16.09;Bueno;53.62;Bueno
2026-03-20;00:00;4;8.00;3.00;6.00;Bueno;20.00;Bueno
2026-03-20;01:00;3;7.87;3.00;6.00;Bueno;20.00;Bueno
2026-03-20;02:00;1;7.61;3.00;6.00;Bueno;20.00;Bueno
2026-03-20;03:00;2;7.39;3.00;6.00;Bueno;20.00;Bueno
2026-03-20;04:00;3;7.26;3.00;6.00;Bueno;20.00;Bueno
2026-03-20;05:00;2;7.00;3.00;6.00;Bueno;20.00;Bueno
2026-03-20;06:00;3;6.35;3.00;6.00;Bueno;20.00;Bueno
2026-03-20;07:00;3;5.65;3.00;6.00;Bueno;20.00;Bueno
2026-03-20;08:00;3;4.48;3.00;6.00;Bueno;20.00;Bueno
2026-03-20;09:00;3;4.17;3.00;6.00;Bueno;20.00;Bueno
2026-03-20;10:00;1;3.87;3.00;6.00;Bueno;20.00;Bueno
2026-03-20;11:00;1;3.78;3.00;6.00;Bueno;20.00;Bueno
2026-03-20;12:00;2;3.83;3.00;6.00;Bueno;20.00;Bueno
2026-03-20;13:00;6;3.78;3.00;6.00;Bueno;20.00;Bueno
2026-03-20;14:00;6;3.70;3.00;6.00;Bueno;20.00;Bueno
2026-03-20;15:00;3;3.65;3.00;6.00;Bueno;20.00;Bueno
2026-03-20;16:00;2;3.61;3.00;6.00;Bueno;20.00;Bueno
2026-03-20;17:00;1;3.50;3.00;6.00;Bueno;20.00;Bueno
2026-03-20;18:00;1;3.33;3.00;6.00;Bueno;20.00;Bueno
2026-03-20;19:00;3;3.21;3.00;6.00;Bueno;20.00;Bueno
2026-03-20;20:00;4;2.96;3.00;6.00;Bueno;20.00;Bueno
2026-03-20;21:00;7;2.88;3.00;6.00;Bueno;20.00;Bueno
2026-03-20;22:00;6;3.00;3.00;6.00;Bueno;20.00;Bueno
2026-03-20;23:00;2;3.00;3.00;6.00;Bueno;20.00;Bueno
2026-03-21;00:00;3;2.96;3.96;7.92;Bueno;26.39;Bueno
2026-03-21;01:00;7;3.12;3.96;7.92;Bueno;26.39;Bueno
2026-03-21;02:00;9;3.46;3.96;7.92;Bueno;26.39;Bueno
2026-03-21;03:00;6;3.62;3.96;7.92;Bueno;26.39;Bueno
2026-03-21;04:00;4;3.67;3.96;7.92;Bueno;26.39;Bueno
2026-03-21;05:00;6;3.83;3.96;7.92;Bueno;26.39;Bueno
2026-03-21;06:00;7;4.00;3.96;7.92;Bueno;26.39;Bueno
2026-03-21;07:00;8;4.21;3.96;7.92;Bueno;26.39;Bueno
2026-03-21;08:00;5;4.29;3.96;7.92;Bueno;26.39;Bueno
2026-03-21;09:00;6;4.42;3.96;7.92;Bueno;26.39;Bueno
2026-03-21;10:00;9;4.75;3.96;7.92;Bueno;26.39;Bueno
2026-03-21;11:00;6;4.96;3.96;7.92;Bueno;26.39;Bueno
2026-03-21;12:00;6;5.12;3.96;7.92;Bueno;26.39;Bueno
2026-03-21;13:00;2;4.96;3.96;7.92;Bueno;26.39;Bueno
2026-03-21;14:00;2;4.79;3.96;7.92;Bueno;26.39;Bueno
2026-03-21;15:00;1;4.71;3.96;7.92;Bueno;26.39;Bueno
2026-03-21;16:00;1;4.67;3.96;7.92;Bueno;26.39;Bueno
2026-03-21;17:00;1;4.67;3.96;7.92;Bueno;26.39;Bueno
2026-03-21;18:00;1;4.67;3.96;7.92;Bueno;26.39;Bueno
2026-03-21;19:00;1;4.58;3.96;7.92;Bueno;26.39;Bueno
2026-03-21;20:00;1;4.46;3.96;7.92;Bueno;26.39;Bueno
2026-03-21;21:00;1;4.21;3.96;7.92;Bueno;26.39;Bueno
2026-03-21;22:00;1;4.00;3.96;7.92;Bueno;26.39;Bueno
2026-03-21;23:00;1;3.96;3.96;7.92;Bueno;26.39;Bueno
2026-03-22;00:00;4;4.00;3.75;7.50;Bueno;25.00;Bueno
2026-03-22;01:00;6;3.96;3.75;7.50;Bueno;25.00;Bueno
2026-03-22;02:00;8;3.92;3.75;7.50;Bueno;25.00;Bueno
2026-03-22;03:00;13;4.21;3.75;7.50;Bueno;25.00;Bueno
2026-03-22;04:00;10;4.46;3.75;7.50;Bueno;25.00;Bueno
2026-03-22;05:00;3;4.33;3.75;7.50;Bueno;25.00;Bueno
2026-03-22;06:00;1;4.08;3.75;7.50;Bueno;25.00;Bueno
2026-03-22;07:00;2;3.83;3.75;7.50;Bueno;25.00;Bueno
2026-03-22;08:00;4;3.79;3.75;7.50;Bueno;25.00;Bueno
2026-03-22;09:00;4;3.71;3.75;7.50;Bueno;25.00;Bueno
2026-03-22;10:00;2;3.42;3.75;7.50;Bueno;25.00;Bueno
2026-03-22;11:00;1;3.21;3.75;7.50;Bueno;25.00;Bueno
2026-03-22;12:00;1;3.00;3.75;7.50;Bueno;25.00;Bueno
2026-03-22;13:00;1;2.96;3.75;7.50;Bueno;25.00;Bueno
2026-03-22;14:00;1;2.92;3.75;7.50;Bueno;25.00;Bueno
2026-03-22;15:00;1;2.92;3.75;7.50;Bueno;25.00;Bueno
2026-03-22;16:00;1;2.92;3.75;7.50;Bueno;25.00;Bueno
2026-03-22;17:00;1;2.92;3.75;7.50;Bueno;25.00;Bueno
2026-03-22;18:00;1;2.92;3.75;7.50;Bueno;25.00;Bueno
2026-03-22;19:00;3;3.00;3.75;7.50;Bueno;25.00;Bueno
2026-03-22;20:00;5;3.17;3.75;7.50;Bueno;25.00;Bueno
2026-03-22;21:00;6;3.38;3.75;7.50;Bueno;25.00;Bueno
2026-03-22;22:00;6;3.58;3.75;7.50;Bueno;25.00;Bueno
2026-03-22;23:00;5;3.75;3.75;7.50;Bueno;25.00;Bueno
2026-03-23;00:00;2;3.67;4.04;8.08;Bueno;26.94;Bueno
2026-03-23;01:00;1;3.46;4.04;8.08;Bueno;26.94;Bueno
2026-03-23;02:00;1;3.17;4.04;8.08;Bueno;26.94;Bueno
2026-03-23;03:00;5;2.83;4.04;8.08;Bueno;26.94;Bueno
2026-03-23;04:00;4;2.58;4.04;8.08;Bueno;26.94;Bueno
2026-03-23;05:00;3;2.58;4.04;8.08;Bueno;26.94;Bueno
2026-03-23;06:00;4;2.71;4.04;8.08;Bueno;26.94;Bueno
2026-03-23;07:00;6;2.88;4.04;8.08;Bueno;26.94;Bueno
2026-03-23;08:00;5;2.92;4.04;8.08;Bueno;26.94;Bueno
2026-03-23;09:00;5;2.96;4.04;8.08;Bueno;26.94;Bueno
2026-03-23;10:00;4;3.04;4.04;8.08;Bueno;26.94;Bueno
2026-03-23;11:00;3;3.12;4.04;8.08;Bueno;26.94;Bueno
2026-03-23;12:00;3;3.21;4.04;8.08;Bueno;26.94;Bueno
2026-03-23;13:00;3;3.29;4.04;8.08;Bueno;26.94;Bueno
2026-03-23;14:00;4;3.42;4.04;8.08;Bueno;26.94;Bueno
2026-03-23;15:00;3;3.50;4.04;8.08;Bueno;26.94;Bueno
2026-03-23;16:00;1;3.50;4.04;8.08;Bueno;26.94;Bueno
2026-03-23;17:00;1;3.50;4.04;8.08;Bueno;26.94;Bueno
2026-03-23;18:00;2;3.54;4.04;8.08;Bueno;26.94;Bueno
2026-03-23;19:00;3;3.54;4.04;8.08;Bueno;26.94;Bueno
2026-03-23;20:00;7;3.62;4.04;8.08;Bueno;26.94;Bueno
2026-03-23;21:00;11;3.83;4.04;8.08;Bueno;26.94;Bueno
2026-03-23;22:00;9;3.96;4.04;8.08;Bueno;26.94;Bueno
2026-03-23;23:00;7;4.04;4.04;8.08;Bueno;26.94;Bueno
2026-03-24;00:00;4;4.12;5.50;11.00;Bueno;36.67;Bueno
2026-03-24;01:00;5;4.29;5.50;11.00;Bueno;36.67;Bueno
2026-03-24;02:00;5;4.46;5.50;11.00;Bueno;36.67;Bueno
2026-03-24;03:00;6;4.50;5.50;11.00;Bueno;36.67;Bueno
2026-03-24;04:00;6;4.58;5.50;11.00;Bueno;36.67;Bueno
2026-03-24;05:00;5;4.67;5.50;11.00;Bueno;36.67;Bueno
2026-03-24;06:00;6;4.75;5.50;11.00;Bueno;36.67;Bueno
2026-03-24;07:00;17;5.21;5.50;11.00;Bueno;36.67;Bueno
2026-03-24;08:00;9;5.38;5.50;11.00;Bueno;36.67;Bueno
2026-03-24;09:00;11;5.62;5.50;11.00;Bueno;36.67;Bueno
2026-03-24;10:00;10;5.88;5.50;11.00;Bueno;36.67;Bueno
2026-03-24;11:00;6;6.00;5.50;11.00;Bueno;36.67;Bueno
2026-03-24;12:00;3;6.00;5.50;11.00;Bueno;36.67;Bueno
2026-03-24;13:00;1;5.92;5.50;11.00;Bueno;36.67;Bueno
2026-03-24;14:00;1;5.79;5.50;11.00;Bueno;36.67;Bueno
2026-03-24;15:00;3;5.79;5.50;11.00;Bueno;36.67;Bueno
2026-03-24;16:00;2;5.83;5.50;11.00;Bueno;36.67;Bueno
2026-03-24;17:00;2;5.88;5.50;11.00;Bueno;36.67;Bueno
2026-03-24;18:00;3;5.92;5.50;11.00;Bueno;36.67;Bueno
2026-03-24;19:00;3;5.92;5.50;11.00;Bueno;36.67;Bueno
2026-03-24;20:00;3;5.75;5.50;11.00;Bueno;36.67;Bueno
2026-03-24;21:00;5;5.50;5.50;11.00;Bueno;36.67;Bueno
2026-03-24;22:00;7;5.42;5.50;11.00;Bueno;36.67;Bueno
2026-03-24;23:00;9;5.50;5.50;11.00;Bueno;36.67;Bueno
2026-03-25;00:00;7;5.62;6.54;13.08;Bueno;43.61;Bueno
2026-03-25;01:00;4;5.58;6.54;13.08;Bueno;43.61;Bueno
2026-03-25;02:00;2;5.46;6.54;13.08;Bueno;43.61;Bueno
2026-03-25;03:00;1;5.25;6.54;13.08;Bueno;43.61;Bueno
2026-03-25;04:00;3;5.12;6.54;13.08;Bueno;43.61;Bueno
2026-03-25;05:00;5;5.12;6.54;13.08;Bueno;43.61;Bueno
2026-03-25;06:00;6;5.12;6.54;13.08;Bueno;43.61;Bueno
2026-03-25;07:00;6;4.67;6.54;13.08;Bueno;43.61;Bueno
2026-03-25;08:00;5;4.50;6.54;13.08;Bueno;43.61;Bueno
2026-03-25;09:00;3;4.17;6.54;13.08;Bueno;43.61;Bueno
2026-03-25;10:00;3;3.88;6.54;13.08;Bueno;43.61;Bueno
2026-03-25;11:00;4;3.79;6.54;13.08;Bueno;43.61;Bueno
2026-03-25;12:00;2;3.75;6.54;13.08;Bueno;43.61;Bueno
2026-03-25;13:00;3;3.83;6.54;13.08;Bueno;43.61;Bueno
2026-03-25;14:00;3;3.92;6.54;13.08;Bueno;43.61;Bueno
2026-03-25;15:00;1;3.83;6.54;13.08;Bueno;43.61;Bueno
2026-03-25;16:00;3;3.88;6.54;13.08;Bueno;43.61;Bueno
2026-03-25;17:00;3;3.92;6.54;13.08;Bueno;43.61;Bueno
2026-03-25;18:00;1;3.83;6.54;13.08;Bueno;43.61;Bueno
2026-03-25;19:00;3;3.83;6.54;13.08;Bueno;43.61;Bueno
2026-03-25;20:00;21;4.58;6.54;13.08;Bueno;43.61;Bueno
2026-03-25;21:00;26;5.46;6.54;13.08;Bueno;43.61;Bueno
2026-03-25;22:00;28;6.33;6.54;13.08;Bueno;43.61;Bueno
2026-03-25;23:00;14;6.54;6.54;13.08;Bueno;43.61;Bueno
2026-03-26;00:00;14;6.83;11.38;22.75;Bueno;75.83;Bueno
2026-03-26;01:00;13;7.21;11.38;22.75;Bueno;75.83;Bueno
2026-03-26;02:00;12;7.62;11.38;22.75;Bueno;75.83;Bueno
2026-03-26;03:00;9;7.96;11.38;22.75;Bueno;75.83;Bueno
2026-03-26;04:00;9;8.21;11.38;22.75;Bueno;75.83;Bueno
2026-03-26;05:00;9;8.38;11.38;22.75;Bueno;75.83;Bueno
2026-03-26;06:00;15;8.75;11.38;22.75;Bueno;75.83;Bueno
2026-03-26;07:00;14;9.08;11.38;22.75;Bueno;75.83;Bueno
2026-03-26;08:00;11;9.33;11.38;22.75;Bueno;75.83;Bueno
2026-03-26;09:00;9;9.58;11.38;22.75;Bueno;75.83;Bueno
2026-03-26;10:00;9;9.83;11.38;22.75;Bueno;75.83;Bueno
2026-03-26;11:00;6;9.92;11.38;22.75;Bueno;75.83;Bueno
2026-03-26;12:00;10;10.25;11.38;22.75;Bueno;75.83;Bueno
2026-03-26;13:00;9;10.50;11.38;22.75;Bueno;75.83;Bueno
2026-03-26;14:00;9;10.75;11.38;22.75;Bueno;75.83;Bueno
2026-03-26;15:00;12;11.21;11.38;22.75;Bueno;75.83;Bueno
2026-03-26;16:00;8;11.42;11.38;22.75;Bueno;75.83;Bueno
2026-03-26;17:00;6;11.54;11.38;22.75;Bueno;75.83;Bueno
2026-03-26;18:00;7;11.79;11.38;22.75;Bueno;75.83;Bueno
2026-03-26;19:00;10;12.08;11.38;22.75;Bueno;75.83;Bueno
2026-03-26;20:00;12;11.71;11.38;22.75;Bueno;75.83;Bueno
2026-03-26;21:00;18;11.38;11.38;22.75;Bueno;75.83;Bueno
2026-03-26;22:00;20;11.04;11.38;22.75;Bueno;75.83;Bueno
2026-03-26;23:00;22;11.38;11.38;22.75;Bueno;75.83;Bueno
2026-03-27;00:00;27;11.92;31.35;62.70;Bueno;135.49;Regular
2026-03-27;01:00;20;12.21;31.35;62.70;Bueno;135.49;Regular
2026-03-27;02:00;24;12.71;31.35;62.70;Bueno;135.49;Regular
2026-03-27;03:00;16;13.00;31.35;62.70;Bueno;135.49;Regular
2026-03-27;04:00;17;13.33;31.35;62.70;Bueno;135.49;Regular
2026-03-27;05:00;21;13.83;31.35;62.70;Bueno;135.49;Regular
2026-03-27;06:00;44;15.04;31.35;62.70;Bueno;135.49;Regular
2026-03-27;07:00;49;16.50;31.35;62.70;Bueno;135.49;Regular
2026-03-27;08:00;33;17.42;31.35;62.70;Bueno;135.49;Regular
2026-03-27;09:00;30;18.29;31.35;62.70;Bueno;135.49;Regular
2026-03-27;10:00;33;19.29;31.35;62.70;Bueno;135.49;Regular
2026-03-27;11:00;41;20.75;31.35;62.70;Bueno;135.49;Regular
2026-03-27;12:00;56;22.67;31.35;62.70;Bueno;135.49;Regular
2026-03-27;13:00;44;24.12;31.35;62.70;Bueno;135.49;Regular
2026-03-27;14:00;39;25.38;31.35;62.70;Bueno;135.49;Regular
2026-03-27;15:00;33;26.25;31.35;62.70;Bueno;135.49;Regular
2026-03-27;16:00;25;26.96;31.35;62.70;Bueno;135.49;Regular
2026-03-27;17:00;23;27.67;31.35;62.70;Bueno;135.49;Regular
2026-03-27;18:00;21;28.25;31.35;62.70;Bueno;135.49;Regular
2026-03-27;19:00;24;28.83;31.35;62.70;Bueno;135.49;Regular
2026-03-27;20:00;30;29.58;31.35;62.70;Bueno;135.49;Regular
2026-03-27;21:00;44;30.67;31.35;62.70;Bueno;135.49;Regular
2026-03-27;22:00;27;30.96;31.35;62.70;Bueno;135.49;Regular
2026-03-27;23:00;;31.35;31.35;62.70;Bueno;135.49;Regular
2026-03-28;00:00;;31.55;17.96;35.91;Bueno;106.39;Regular
2026-03-28;01:00;28;31.91;17.96;35.91;Bueno;106.39;Regular
2026-03-28;02:00;42;32.73;17.96;35.91;Bueno;106.39;Regular
2026-03-28;03:00;37;33.68;17.96;35.91;Bueno;106.39;Regular
2026-03-28;04:00;32;34.36;17.96;35.91;Bueno;106.39;Regular
2026-03-28;05:00;27;34.64;17.96;35.91;Bueno;106.39;Regular
2026-03-28;06:00;27;33.86;17.96;35.91;Bueno;106.39;Regular
2026-03-28;07:00;31;33.05;17.96;35.91;Bueno;106.39;Regular
2026-03-28;08:00;37;33.23;17.96;35.91;Bueno;106.39;Regular
2026-03-28;09:00;28;33.14;17.96;35.91;Bueno;106.39;Regular
2026-03-28;10:00;20;32.55;17.96;35.91;Bueno;106.39;Regular
2026-03-28;11:00;14;31.32;17.96;35.91;Bueno;106.39;Regular
2026-03-28;12:00;13;29.36;17.96;35.91;Bueno;106.39;Regular
2026-03-28;13:00;10;27.82;17.96;35.91;Bueno;106.39;Regular
2026-03-28;14:00;11;26.55;17.96;35.91;Bueno;106.39;Regular
2026-03-28;15:00;13;25.64;17.96;35.91;Bueno;106.39;Regular
2026-03-28;16:00;10;24.95;17.96;35.91;Bueno;106.39;Regular
2026-03-28;17:00;7;24.23;17.96;35.91;Bueno;106.39;Regular
2026-03-28;18:00;7;23.59;17.96;35.91;Bueno;106.39;Regular
2026-03-28;19:00;5;22.73;17.96;35.91;Bueno;106.39;Regular
2026-03-28;20:00;4;21.55;17.96;35.91;Bueno;106.39;Regular
2026-03-28;21:00;2;19.64;17.96;35.91;Bueno;106.39;Regular
2026-03-28;22:00;3;18.55;17.96;35.91;Bueno;106.39;Regular
2026-03-28;23:00;5;17.96;17.96;35.91;Bueno;106.39;Regular
2026-03-29;00:00;6;17.46;7.08;14.17;Bueno;47.22;Bueno
2026-03-29;01:00;5;16.50;7.08;14.17;Bueno;47.22;Bueno
2026-03-29;02:00;6;15.00;7.08;14.17;Bueno;47.22;Bueno
2026-03-29;03:00;10;13.88;7.08;14.17;Bueno;47.22;Bueno
2026-03-29;04:00;9;12.92;7.08;14.17;Bueno;47.22;Bueno
2026-03-29;05:00;6;12.04;7.08;14.17;Bueno;47.22;Bueno
2026-03-29;06:00;5;11.12;7.08;14.17;Bueno;47.22;Bueno
2026-03-29;07:00;6;10.08;7.08;14.17;Bueno;47.22;Bueno
2026-03-29;08:00;10;8.96;7.08;14.17;Bueno;47.22;Bueno
2026-03-29;09:00;8;8.12;7.08;14.17;Bueno;47.22;Bueno
2026-03-29;10:00;5;7.50;7.08;14.17;Bueno;47.22;Bueno
2026-03-29;11:00;9;7.29;7.08;14.17;Bueno;47.22;Bueno
2026-03-29;12:00;9;7.12;7.08;14.17;Bueno;47.22;Bueno
2026-03-29;13:00;7;7.00;7.08;14.17;Bueno;47.22;Bueno
2026-03-29;14:00;4;6.71;7.08;14.17;Bueno;47.22;Bueno
2026-03-29;15:00;1;6.21;7.08;14.17;Bueno;47.22;Bueno
2026-03-29;16:00;1;5.83;7.08;14.17;Bueno;47.22;Bueno
2026-03-29;17:00;1;5.58;7.08;14.17;Bueno;47.22;Bueno
2026-03-29;18:00;2;5.38;7.08;14.17;Bueno;47.22;Bueno
2026-03-29;19:00;3;5.29;7.08;14.17;Bueno;47.22;Bueno
2026-03-29;20:00;8;5.46;7.08;14.17;Bueno;47.22;Bueno
2026-03-29;21:00;11;5.83;7.08;14.17;Bueno;47.22;Bueno
2026-03-29;22:00;22;6.62;7.08;14.17;Bueno;47.22;Bueno
2026-03-29;23:00;16;7.08;7.08;14.17;Bueno;47.22;Bueno
2026-03-30;00:00;;7.13;14.57;29.13;Bueno;97.10;Bueno
2026-03-30;01:00;15;7.57;14.57;29.13;Bueno;97.10;Bueno
2026-03-30;02:00;17;8.04;14.57;29.13;Bueno;97.10;Bueno
2026-03-30;03:00;26;8.74;14.57;29.13;Bueno;97.10;Bueno
2026-03-30;04:00;15;9.00;14.57;29.13;Bueno;97.10;Bueno
2026-03-30;05:00;19;9.57;14.57;29.13;Bueno;97.10;Bueno
2026-03-30;06:00;14;9.96;14.57;29.13;Bueno;97.10;Bueno
2026-03-30;07:00;18;10.48;14.57;29.13;Bueno;97.10;Bueno
2026-03-30;08:00;21;10.96;14.57;29.13;Bueno;97.10;Bueno
2026-03-30;09:00;28;11.83;14.57;29.13;Bueno;97.10;Bueno
2026-03-30;10:00;16;12.30;14.57;29.13;Bueno;97.10;Bueno
2026-03-30;11:00;16;12.61;14.57;29.13;Bueno;97.10;Bueno
2026-03-30;12:00;12;12.74;14.57;29.13;Bueno;97.10;Bueno
2026-03-30;13:00;16;13.13;14.57;29.13;Bueno;97.10;Bueno
2026-03-30;14:00;14;13.57;14.57;29.13;Bueno;97.10;Bueno
2026-03-30;15:00;12;14.04;14.57;29.13;Bueno;97.10;Bueno
2026-03-30;16:00;9;14.39;14.57;29.13;Bueno;97.10;Bueno
2026-03-30;17:00;12;14.87;14.57;29.13;Bueno;97.10;Bueno
2026-03-30;18:00;12;15.30;14.57;29.13;Bueno;97.10;Bueno
2026-03-30;19:00;10;15.61;14.57;29.13;Bueno;97.10;Bueno
2026-03-30;20:00;12;15.78;14.57;29.13;Bueno;97.10;Bueno
2026-03-30;21:00;8;15.65;14.57;29.13;Bueno;97.10;Bueno
2026-03-30;22:00;4;14.87;14.57;29.13;Bueno;97.10;Bueno
2026-03-30;23:00;9;14.57;14.57;29.13;Bueno;97.10;Bueno
2026-03-31;00:00;10;14.38;6.50;13.00;Bueno;43.33;Bueno
2026-03-31;01:00;8;14.08;6.50;13.00;Bueno;43.33;Bueno
2026-03-31;02:00;10;13.79;6.50;13.00;Bueno;43.33;Bueno
2026-03-31;03:00;12;13.21;6.50;13.00;Bueno;43.33;Bueno
2026-03-31;04:00;9;12.96;6.50;13.00;Bueno;43.33;Bueno
2026-03-31;05:00;7;12.46;6.50;13.00;Bueno;43.33;Bueno
2026-03-31;06:00;6;12.12;6.50;13.00;Bueno;43.33;Bueno
2026-03-31;07:00;3;11.50;6.50;13.00;Bueno;43.33;Bueno
2026-03-31;08:00;1;10.67;6.50;13.00;Bueno;43.33;Bueno
2026-03-31;09:00;1;9.54;6.50;13.00;Bueno;43.33;Bueno
2026-03-31;10:00;3;9.00;6.50;13.00;Bueno;43.33;Bueno
2026-03-31;11:00;4;8.50;6.50;13.00;Bueno;43.33;Bueno
2026-03-31;12:00;3;8.12;6.50;13.00;Bueno;43.33;Bueno
2026-03-31;13:00;3;7.58;6.50;13.00;Bueno;43.33;Bueno
2026-03-31;14:00;6;7.25;6.50;13.00;Bueno;43.33;Bueno
2026-03-31;15:00;4;6.92;6.50;13.00;Bueno;43.33;Bueno
2026-03-31;16:00;3;6.67;6.50;13.00;Bueno;43.33;Bueno
2026-03-31;17:00;4;6.33;6.50;13.00;Bueno;43.33;Bueno
2026-03-31;18:00;7;6.12;6.50;13.00;Bueno;43.33;Bueno
2026-03-31;19:00;9;6.08;6.50;13.00;Bueno;43.33;Bueno
2026-03-31;20:00;9;5.96;6.50;13.00;Bueno;43.33;Bueno
2026-03-31;21:00;12;6.12;6.50;13.00;Bueno;43.33;Bueno
2026-03-31;22:00;13;6.50;6.50;13.00;Bueno;43.33;Bueno
2026-03-31;23:00;9;6.50;6.50;13.00;Bueno;43.33;Bueno
2026-04-01;00:00;6;6.33;9.25;18.50;Bueno;61.67;Bueno
2026-04-01;01:00;5;6.21;9.25;18.50;Bueno;61.67;Bueno
2026-04-01;02:00;6;6.04;9.25;18.50;Bueno;61.67;Bueno
2026-04-01;03:00;4;5.71;9.25;18.50;Bueno;61.67;Bueno
2026-04-01;04:00;3;5.46;9.25;18.50;Bueno;61.67;Bueno
2026-04-01;05:00;5;5.38;9.25;18.50;Bueno;61.67;Bueno
2026-04-01;06:00;8;5.46;9.25;18.50;Bueno;61.67;Bueno
2026-04-01;07:00;8;5.67;9.25;18.50;Bueno;61.67;Bueno
2026-04-01;08:00;9;6.00;9.25;18.50;Bueno;61.67;Bueno
2026-04-01;09:00;9;6.33;9.25;18.50;Bueno;61.67;Bueno
2026-04-01;10:00;9;6.58;9.25;18.50;Bueno;61.67;Bueno
2026-04-01;11:00;10;6.83;9.25;18.50;Bueno;61.67;Bueno
2026-04-01;12:00;12;7.21;9.25;18.50;Bueno;61.67;Bueno
2026-04-01;13:00;12;7.58;9.25;18.50;Bueno;61.67;Bueno
2026-04-01;14:00;9;7.71;9.25;18.50;Bueno;61.67;Bueno
2026-04-01;15:00;8;7.88;9.25;18.50;Bueno;61.67;Bueno
2026-04-01;16:00;6;8.00;9.25;18.50;Bueno;61.67;Bueno
2026-04-01;17:00;7;8.12;9.25;18.50;Bueno;61.67;Bueno
2026-04-01;18:00;10;8.25;9.25;18.50;Bueno;61.67;Bueno
2026-04-01;19:00;19;8.67;9.25;18.50;Bueno;61.67;Bueno
2026-04-01;20:00;13;8.83;9.25;18.50;Bueno;61.67;Bueno
2026-04-01;21:00;18;9.08;9.25;18.50;Bueno;61.67;Bueno
2026-04-01;22:00;14;9.12;9.25;18.50;Bueno;61.67;Bueno
2026-04-01;23:00;12;9.25;9.25;18.50;Bueno;61.67;Bueno
2026-04-02;00:00;9;9.38;15.83;31.67;Bueno;101.80;Regular
2026-04-02;01:00;11;9.62;15.83;31.67;Bueno;101.80;Regular
2026-04-02;02:00;13;9.92;15.83;31.67;Bueno;101.80;Regular
2026-04-02;03:00;16;10.42;15.83;31.67;Bueno;101.80;Regular
2026-04-02;04:00;11;10.75;15.83;31.67;Bueno;101.80;Regular
2026-04-02;05:00;18;11.29;15.83;31.67;Bueno;101.80;Regular
2026-04-02;06:00;18;11.71;15.83;31.67;Bueno;101.80;Regular
2026-04-02;07:00;17;12.08;15.83;31.67;Bueno;101.80;Regular
2026-04-02;08:00;16;12.38;15.83;31.67;Bueno;101.80;Regular
2026-04-02;09:00;10;12.42;15.83;31.67;Bueno;101.80;Regular
2026-04-02;10:00;17;12.75;15.83;31.67;Bueno;101.80;Regular
2026-04-02;11:00;18;13.08;15.83;31.67;Bueno;101.80;Regular
2026-04-02;12:00;18;13.33;15.83;31.67;Bueno;101.80;Regular
2026-04-02;13:00;17;13.54;15.83;31.67;Bueno;101.80;Regular
2026-04-02;14:00;15;13.79;15.83;31.67;Bueno;101.80;Regular
2026-04-02;15:00;14;14.04;15.83;31.67;Bueno;101.80;Regular
2026-04-02;16:00;13;14.33;15.83;31.67;Bueno;101.80;Regular
2026-04-02;17:00;13;14.58;15.83;31.67;Bueno;101.80;Regular
2026-04-02;18:00;13;14.71;15.83;31.67;Bueno;101.80;Regular
2026-04-02;19:00;16;14.58;15.83;31.67;Bueno;101.80;Regular
2026-04-02;20:00;25;15.08;15.83;31.67;Bueno;101.80;Regular
2026-04-02;21:00;26;15.42;15.83;31.67;Bueno;101.80;Regular
2026-04-02;22:00;21;15.71;15.83;31.67;Bueno;101.80;Regular
2026-04-02;23:00;15;15.83;15.83;31.67;Bueno;101.80;Regular
2026-04-03;00:00;21;16.33;9.50;19.00;Bueno;63.33;Bueno
2026-04-03;01:00;23;16.83;9.50;19.00;Bueno;63.33;Bueno
2026-04-03;02:00;13;16.83;9.50;19.00;Bueno;63.33;Bueno
2026-04-03;03:00;16;16.83;9.50;19.00;Bueno;63.33;Bueno
2026-04-03;04:00;10;16.79;9.50;19.00;Bueno;63.33;Bueno
2026-04-03;05:00;12;16.54;9.50;19.00;Bueno;63.33;Bueno
2026-04-03;06:00;12;16.29;9.50;19.00;Bueno;63.33;Bueno
2026-04-03;07:00;10;16.00;9.50;19.00;Bueno;63.33;Bueno
2026-04-03;08:00;8;15.67;9.50;19.00;Bueno;63.33;Bueno
2026-04-03;09:00;8;15.58;9.50;19.00;Bueno;63.33;Bueno
2026-04-03;10:00;10;15.29;9.50;19.00;Bueno;63.33;Bueno
2026-04-03;11:00;14;15.12;9.50;19.00;Bueno;63.33;Bueno
2026-04-03;12:00;16;15.04;9.50;19.00;Bueno;63.33;Bueno
2026-04-03;13:00;11;14.79;9.50;19.00;Bueno;63.33;Bueno
2026-04-03;14:00;10;14.58;9.50;19.00;Bueno;63.33;Bueno
2026-04-03;15:00;7;14.29;9.50;19.00;Bueno;63.33;Bueno
2026-04-03;16:00;6;14.00;9.50;19.00;Bueno;63.33;Bueno
2026-04-03;17:00;3;13.58;9.50;19.00;Bueno;63.33;Bueno
2026-04-03;18:00;2;13.12;9.50;19.00;Bueno;63.33;Bueno
2026-04-03;19:00;4;12.62;9.50;19.00;Bueno;63.33;Bueno
2026-04-03;20:00;5;11.79;9.50;19.00;Bueno;63.33;Bueno
2026-04-03;21:00;3;10.83;9.50;19.00;Bueno;63.33;Bueno
2026-04-03;22:00;2;10.04;9.50;19.00;Bueno;63.33;Bueno
2026-04-03;23:00;2;9.50;9.50;19.00;Bueno;63.33;Bueno
2026-04-04;00:00;2;8.71;7.88;15.75;Bueno;52.50;Bueno
2026-04-04;01:00;2;7.83;7.88;15.75;Bueno;52.50;Bueno
2026-04-04;02:00;6;7.54;7.88;15.75;Bueno;52.50;Bueno
2026-04-04;03:00;6;7.12;7.88;15.75;Bueno;52.50;Bueno
2026-04-04;04:00;5;6.92;7.88;15.75;Bueno;52.50;Bueno
2026-04-04;05:00;6;6.67;7.88;15.75;Bueno;52.50;Bueno
2026-04-04;06:00;6;6.42;7.88;15.75;Bueno;52.50;Bueno
2026-04-04;07:00;3;6.12;7.88;15.75;Bueno;52.50;Bueno
2026-04-04;08:00;3;5.92;7.88;15.75;Bueno;52.50;Bueno
2026-04-04;09:00;4;5.75;7.88;15.75;Bueno;52.50;Bueno
2026-04-04;10:00;5;5.54;7.88;15.75;Bueno;52.50;Bueno
2026-04-04;11:00;6;5.21;7.88;15.75;Bueno;52.50;Bueno
2026-04-04;12:00;6;4.79;7.88;15.75;Bueno;52.50;Bueno
2026-04-04;13:00;6;4.58;7.88;15.75;Bueno;52.50;Bueno
2026-04-04;14:00;6;4.42;7.88;15.75;Bueno;52.50;Bueno
2026-04-04;15:00;8;4.46;7.88;15.75;Bueno;52.50;Bueno
2026-04-04;16:00;8;4.54;7.88;15.75;Bueno;52.50;Bueno
2026-04-04;17:00;6;4.67;7.88;15.75;Bueno;52.50;Bueno
2026-04-04;18:00;8;4.92;7.88;15.75;Bueno;52.50;Bueno
2026-04-04;19:00;10;5.17;7.88;15.75;Bueno;52.50;Bueno
2026-04-04;20:00;22;5.88;7.88;15.75;Bueno;52.50;Bueno
2026-04-04;21:00;19;6.54;7.88;15.75;Bueno;52.50;Bueno
2026-04-04;22:00;17;7.17;7.88;15.75;Bueno;52.50;Bueno
2026-04-04;23:00;19;7.88;7.88;15.75;Bueno;52.50;Bueno
2026-04-05;00:00;19;8.58;7.92;15.83;Bueno;52.78;Bueno
2026-04-05;01:00;20;9.33;7.92;15.83;Bueno;52.78;Bueno
2026-04-05;02:00;18;9.83;7.92;15.83;Bueno;52.78;Bueno
2026-04-05;03:00;16;10.25;7.92;15.83;Bueno;52.78;Bueno
2026-04-05;04:00;11;10.50;7.92;15.83;Bueno;52.78;Bueno
2026-04-05;05:00;12;10.75;7.92;15.83;Bueno;52.78;Bueno
2026-04-05;06:00;12;11.00;7.92;15.83;Bueno;52.78;Bueno
2026-04-05;07:00;12;11.38;7.92;15.83;Bueno;52.78;Bueno
2026-04-05;08:00;13;11.79;7.92;15.83;Bueno;52.78;Bueno
2026-04-05;09:00;8;11.96;7.92;15.83;Bueno;52.78;Bueno
2026-04-05;10:00;3;11.88;7.92;15.83;Bueno;52.78;Bueno
2026-04-05;11:00;6;11.88;7.92;15.83;Bueno;52.78;Bueno
2026-04-05;12:00;6;11.88;7.92;15.83;Bueno;52.78;Bueno
2026-04-05;13:00;6;11.88;7.92;15.83;Bueno;52.78;Bueno
2026-04-05;14:00;3;11.75;7.92;15.83;Bueno;52.78;Bueno
2026-04-05;15:00;1;11.46;7.92;15.83;Bueno;52.78;Bueno
2026-04-05;16:00;1;11.17;7.92;15.83;Bueno;52.78;Bueno
2026-04-05;17:00;1;10.96;7.92;15.83;Bueno;52.78;Bueno
2026-04-05;18:00;2;10.71;7.92;15.83;Bueno;52.78;Bueno
2026-04-05;19:00;3;10.42;7.92;15.83;Bueno;52.78;Bueno
2026-04-05;20:00;5;9.71;7.92;15.83;Bueno;52.78;Bueno
2026-04-05;21:00;3;9.04;7.92;15.83;Bueno;52.78;Bueno
2026-04-05;22:00;3;8.46;7.92;15.83;Bueno;52.78;Bueno
2026-04-05;23:00;6;7.92;7.92;15.83;Bueno;52.78;Bueno
2026-04-06;00:00;6;7.38;13.42;26.83;Bueno;89.44;Bueno
2026-04-06;01:00;6;6.79;13.42;26.83;Bueno;89.44;Bueno
2026-04-06;02:00;6;6.29;13.42;26.83;Bueno;89.44;Bueno
2026-04-06;03:00;6;5.88;13.42;26.83;Bueno;89.44;Bueno
2026-04-06;04:00;6;5.67;13.42;26.83;Bueno;89.44;Bueno
2026-04-06;05:00;6;5.42;13.42;26.83;Bueno;89.44;Bueno
2026-04-06;06:00;7;5.21;13.42;26.83;Bueno;89.44;Bueno
2026-04-06;07:00;6;4.96;13.42;26.83;Bueno;89.44;Bueno
2026-04-06;08:00;18;5.17;13.42;26.83;Bueno;89.44;Bueno
2026-04-06;09:00;13;5.38;13.42;26.83;Bueno;89.44;Bueno
2026-04-06;10:00;13;5.79;13.42;26.83;Bueno;89.44;Bueno
2026-04-06;11:00;14;6.12;13.42;26.83;Bueno;89.44;Bueno
2026-04-06;12:00;16;6.54;13.42;26.83;Bueno;89.44;Bueno
2026-04-06;13:00;14;6.88;13.42;26.83;Bueno;89.44;Bueno
2026-04-06;14:00;14;7.33;13.42;26.83;Bueno;89.44;Bueno
2026-04-06;15:00;13;7.83;13.42;26.83;Bueno;89.44;Bueno
2026-04-06;16:00;11;8.25;13.42;26.83;Bueno;89.44;Bueno
2026-04-06;17:00;12;8.71;13.42;26.83;Bueno;89.44;Bueno
2026-04-06;18:00;14;9.21;13.42;26.83;Bueno;89.44;Bueno
2026-04-06;19:00;21;9.96;13.42;26.83;Bueno;89.44;Bueno
2026-04-06;20:00;26;10.83;13.42;26.83;Bueno;89.44;Bueno
2026-04-06;21:00;22;11.62;13.42;26.83;Bueno;89.44;Bueno
2026-04-06;22:00;24;12.50;13.42;26.83;Bueno;89.44;Bueno
2026-04-06;23:00;28;13.42;13.42;26.83;Bueno;89.44;Bueno
2026-04-07;00:00;21;14.04;17.83;35.67;Bueno;106.12;Regular
2026-04-07;01:00;28;14.96;17.83;35.67;Bueno;106.12;Regular
2026-04-07;02:00;25;15.75;17.83;35.67;Bueno;106.12;Regular
2026-04-07;03:00;31;16.79;17.83;35.67;Bueno;106.12;Regular
2026-04-07;04:00;20;17.38;17.83;35.67;Bueno;106.12;Regular
2026-04-07;05:00;23;18.08;17.83;35.67;Bueno;106.12;Regular
2026-04-07;06:00;19;18.58;17.83;35.67;Bueno;106.12;Regular
2026-04-07;07:00;21;19.21;17.83;35.67;Bueno;106.12;Regular
2026-04-07;08:00;20;19.29;17.83;35.67;Bueno;106.12;Regular
2026-04-07;09:00;14;19.33;17.83;35.67;Bueno;106.12;Regular
2026-04-07;10:00;19;19.58;17.83;35.67;Bueno;106.12;Regular
2026-04-07;11:00;17;19.71;17.83;35.67;Bueno;106.12;Regular
2026-04-07;12:00;21;19.92;17.83;35.67;Bueno;106.12;Regular
2026-04-07;13:00;9;19.71;17.83;35.67;Bueno;106.12;Regular
2026-04-07;14:00;12;19.62;17.83;35.67;Bueno;106.12;Regular
2026-04-07;15:00;17;19.79;17.83;35.67;Bueno;106.12;Regular
2026-04-07;16:00;15;19.96;17.83;35.67;Bueno;106.12;Regular
2026-04-07;17:00;14;20.04;17.83;35.67;Bueno;106.12;Regular
2026-04-07;18:00;13;20.00;17.83;35.67;Bueno;106.12;Regular
2026-04-07;19:00;12;19.62;17.83;35.67;Bueno;106.12;Regular
2026-04-07;20:00;17;19.25;17.83;35.67;Bueno;106.12;Regular
2026-04-07;21:00;16;19.00;17.83;35.67;Bueno;106.12;Regular
2026-04-07;22:00;12;18.50;17.83;35.67;Bueno;106.12;Regular
2026-04-07;23:00;12;17.83;17.83;35.67;Bueno;106.12;Regular
2026-04-08;00:00;12;17.46;25.96;51.92;Bueno;123.75;Regular
2026-04-08;01:00;19;17.08;25.96;51.92;Bueno;123.75;Regular
2026-04-08;02:00;21;16.92;25.96;51.92;Bueno;123.75;Regular
2026-04-08;03:00;20;16.46;25.96;51.92;Bueno;123.75;Regular
2026-04-08;04:00;24;16.62;25.96;51.92;Bueno;123.75;Regular
2026-04-08;05:00;21;16.54;25.96;51.92;Bueno;123.75;Regular
2026-04-08;06:00;27;16.88;25.96;51.92;Bueno;123.75;Regular
2026-04-08;07:00;27;17.12;25.96;51.92;Bueno;123.75;Regular
2026-04-08;08:00;12;16.79;25.96;51.92;Bueno;123.75;Regular
2026-04-08;09:00;16;16.88;25.96;51.92;Bueno;123.75;Regular
2026-04-08;10:00;21;16.96;25.96;51.92;Bueno;123.75;Regular
2026-04-08;11:00;21;17.12;25.96;51.92;Bueno;123.75;Regular
2026-04-08;12:00;19;17.04;25.96;51.92;Bueno;123.75;Regular
2026-04-08;13:00;25;17.71;25.96;51.92;Bueno;123.75;Regular
2026-04-08;14:00;23;18.17;25.96;51.92;Bueno;123.75;Regular
2026-04-08;15:00;24;18.46;25.96;51.92;Bueno;123.75;Regular
2026-04-08;16:00;25;18.88;25.96;51.92;Bueno;123.75;Regular
2026-04-08;17:00;34;19.71;25.96;51.92;Bueno;123.75;Regular
2026-04-08;18:00;35;20.62;25.96;51.92;Bueno;123.75;Regular
2026-04-08;19:00;38;21.71;25.96;51.92;Bueno;123.75;Regular
2026-04-08;20:00;34;22.42;25.96;51.92;Bueno;123.75;Regular
2026-04-08;21:00;47;23.71;25.96;51.92;Bueno;123.75;Regular
2026-04-08;22:00;42;24.96;25.96;51.92;Bueno;123.75;Regular
2026-04-08;23:00;36;25.96;25.96;51.92;Bueno;123.75;Regular
2026-04-09;00:00;42;27.21;44.96;89.92;Bueno;165.33;Regular
2026-04-09;01:00;48;28.42;44.96;89.92;Bueno;165.33;Regular
2026-04-09;02:00;35;29.00;44.96;89.92;Bueno;165.33;Regular
2026-04-09;03:00;42;29.92;44.96;89.92;Bueno;165.33;Regular
2026-04-09;04:00;36;30.42;44.96;89.92;Bueno;165.33;Regular
2026-04-09;05:00;26;30.62;44.96;89.92;Bueno;165.33;Regular
2026-04-09;06:00;27;30.62;44.96;89.92;Bueno;165.33;Regular
2026-04-09;07:00;30;30.75;44.96;89.92;Bueno;165.33;Regular
2026-04-09;08:00;32;31.58;44.96;89.92;Bueno;165.33;Regular
2026-04-09;09:00;40;32.58;44.96;89.92;Bueno;165.33;Regular
2026-04-09;10:00;36;33.21;44.96;89.92;Bueno;165.33;Regular
2026-04-09;11:00;41;34.04;44.96;89.92;Bueno;165.33;Regular
2026-04-09;12:00;41;34.96;44.96;89.92;Bueno;165.33;Regular
2026-04-09;13:00;44;35.75;44.96;89.92;Bueno;165.33;Regular
2026-04-09;14:00;47;36.75;44.96;89.92;Bueno;165.33;Regular
2026-04-09;15:00;45;37.62;44.96;89.92;Bueno;165.33;Regular
2026-04-09;16:00;50;38.67;44.96;89.92;Bueno;165.33;Regular
2026-04-09;17:00;50;39.33;44.96;89.92;Bueno;165.33;Regular
2026-04-09;18:00;57;40.25;44.96;89.92;Bueno;165.33;Regular
2026-04-09;19:00;55;40.96;44.96;89.92;Bueno;165.33;Regular
2026-04-09;20:00;49;41.58;44.96;89.92;Bueno;165.33;Regular
2026-04-09;21:00;97;43.67;44.96;89.92;Bueno;165.33;Regular
2026-04-09;22:00;55;44.21;44.96;89.92;Bueno;165.33;Regular
2026-04-09;23:00;54;44.96;44.96;89.92;Bueno;165.33;Regular
2026-04-10;00:00;40;44.88;22.71;45.42;Bueno;116.69;Regular
2026-04-10;01:00;30;44.12;22.71;45.42;Bueno;116.69;Regular
2026-04-10;02:00;23;43.62;22.71;45.42;Bueno;116.69;Regular
2026-04-10;03:00;20;42.71;22.71;45.42;Bueno;116.69;Regular
2026-04-10;04:00;20;42.04;22.71;45.42;Bueno;116.69;Regular
2026-04-10;05:00;26;42.04;22.71;45.42;Bueno;116.69;Regular
2026-04-10;06:00;21;41.79;22.71;45.42;Bueno;116.69;Regular
2026-04-10;07:00;22;41.46;22.71;45.42;Bueno;116.69;Regular
2026-04-10;08:00;23;41.08;22.71;45.42;Bueno;116.69;Regular
2026-04-10;09:00;19;40.21;22.71;45.42;Bueno;116.69;Regular
2026-04-10;10:00;17;39.42;22.71;45.42;Bueno;116.69;Regular
2026-04-10;11:00;14;38.29;22.71;45.42;Bueno;116.69;Regular
2026-04-10;12:00;17;37.29;22.71;45.42;Bueno;116.69;Regular
2026-04-10;13:00;19;36.25;22.71;45.42;Bueno;116.69;Regular
2026-04-10;14:00;14;34.88;22.71;45.42;Bueno;116.69;Regular
2026-04-10;15:00;21;33.88;22.71;45.42;Bueno;116.69;Regular
2026-04-10;16:00;17;32.50;22.71;45.42;Bueno;116.69;Regular
2026-04-10;17:00;22;31.33;22.71;45.42;Bueno;116.69;Regular
2026-04-10;18:00;25;30.00;22.71;45.42;Bueno;116.69;Regular
2026-04-10;19:00;25;28.75;22.71;45.42;Bueno;116.69;Regular
2026-04-10;20:00;29;27.92;22.71;45.42;Bueno;116.69;Regular
2026-04-10;21:00;30;25.12;22.71;45.42;Bueno;116.69;Regular
2026-04-10;22:00;27;23.96;22.71;45.42;Bueno;116.69;Regular
2026-04-10;23:00;24;22.71;22.71;45.42;Bueno;116.69;Regular
2026-04-11;00:00;26;22.12;9.46;18.92;Bueno;63.06;Bueno
2026-04-11;01:00;14;21.46;9.46;18.92;Bueno;63.06;Bueno
2026-04-11;02:00;8;20.83;9.46;18.92;Bueno;63.06;Bueno
2026-04-11;03:00;7;20.29;9.46;18.92;Bueno;63.06;Bueno
2026-04-11;04:00;6;19.71;9.46;18.92;Bueno;63.06;Bueno
2026-04-11;05:00;8;18.96;9.46;18.92;Bueno;63.06;Bueno
2026-04-11;06:00;9;18.46;9.46;18.92;Bueno;63.06;Bueno
2026-04-11;07:00;11;18.00;9.46;18.92;Bueno;63.06;Bueno
2026-04-11;08:00;15;17.67;9.46;18.92;Bueno;63.06;Bueno
2026-04-11;09:00;26;17.96;9.46;18.92;Bueno;63.06;Bueno
2026-04-11;10:00;16;17.92;9.46;18.92;Bueno;63.06;Bueno
2026-04-11;11:00;3;17.46;9.46;18.92;Bueno;63.06;Bueno
2026-04-11;12:00;4;16.92;9.46;18.92;Bueno;63.06;Bueno
2026-04-11;13:00;8;16.46;9.46;18.92;Bueno;63.06;Bueno
2026-04-11;14:00;7;16.17;9.46;18.92;Bueno;63.06;Bueno
2026-04-11;15:00;7;15.58;9.46;18.92;Bueno;63.06;Bueno
2026-04-11;16:00;9;15.25;9.46;18.92;Bueno;63.06;Bueno
2026-04-11;17:00;8;14.67;9.46;18.92;Bueno;63.06;Bueno
2026-04-11;18:00;8;13.96;9.46;18.92;Bueno;63.06;Bueno
2026-04-11;19:00;6;13.17;9.46;18.92;Bueno;63.06;Bueno
2026-04-11;20:00;3;12.08;9.46;18.92;Bueno;63.06;Bueno
2026-04-11;21:00;6;11.08;9.46;18.92;Bueno;63.06;Bueno
2026-04-11;22:00;7;10.25;9.46;18.92;Bueno;63.06;Bueno
2026-04-11;23:00;5;9.46;9.46;18.92;Bueno;63.06;Bueno
2026-04-12;00:00;6;8.62;11.04;22.09;Bueno;73.62;Bueno
2026-04-12;01:00;9;8.42;11.04;22.09;Bueno;73.62;Bueno
2026-04-12;02:00;9;8.46;11.04;22.09;Bueno;73.62;Bueno
2026-04-12;03:00;8;8.50;11.04;22.09;Bueno;73.62;Bueno
2026-04-12;04:00;7;8.54;11.04;22.09;Bueno;73.62;Bueno
2026-04-12;05:00;;8.57;11.04;22.09;Bueno;73.62;Bueno
2026-04-12;06:00;11;8.65;11.04;22.09;Bueno;73.62;Bueno
2026-04-12;07:00;11;8.65;11.04;22.09;Bueno;73.62;Bueno
2026-04-12;08:00;10;8.43;11.04;22.09;Bueno;73.62;Bueno
2026-04-12;09:00;12;7.83;11.04;22.09;Bueno;73.62;Bueno
2026-04-12;10:00;12;7.65;11.04;22.09;Bueno;73.62;Bueno
2026-04-12;11:00;16;8.22;11.04;22.09;Bueno;73.62;Bueno
2026-04-12;12:00;9;8.43;11.04;22.09;Bueno;73.62;Bueno
2026-04-12;13:00;9;8.48;11.04;22.09;Bueno;73.62;Bueno
2026-04-12;14:00;6;8.43;11.04;22.09;Bueno;73.62;Bueno
2026-04-12;15:00;7;8.43;11.04;22.09;Bueno;73.62;Bueno
2026-04-12;16:00;8;8.39;11.04;22.09;Bueno;73.62;Bueno
2026-04-12;17:00;10;8.48;11.04;22.09;Bueno;73.62;Bueno
2026-04-12;18:00;13;8.70;11.04;22.09;Bueno;73.62;Bueno
2026-04-12;19:00;20;9.30;11.04;22.09;Bueno;73.62;Bueno
2026-04-12;20:00;28;10.39;11.04;22.09;Bueno;73.62;Bueno
2026-04-12;21:00;13;10.70;11.04;22.09;Bueno;73.62;Bueno
2026-04-12;22:00;10;10.83;11.04;22.09;Bueno;73.62;Bueno
2026-04-12;23:00;10;11.04;11.04;22.09;Bueno;73.62;Bueno
2026-04-13;00:00;;11.27;17.14;34.27;Bueno;104.62;Regular
2026-04-13;01:00;16;11.59;17.14;34.27;Bueno;104.62;Regular
2026-04-13;02:00;12;11.73;17.14;34.27;Bueno;104.62;Regular
2026-04-13;03:00;10;11.82;17.14;34.27;Bueno;104.62;Regular
2026-04-13;04:00;9;11.91;17.14;34.27;Bueno;104.62;Regular
2026-04-13;05:00;;11.91;17.14;34.27;Bueno;104.62;Regular
2026-04-13;06:00;12;11.95;17.14;34.27;Bueno;104.62;Regular
2026-04-13;07:00;18;12.27;17.14;34.27;Bueno;104.62;Regular
2026-04-13;08:00;17;12.59;17.14;34.27;Bueno;104.62;Regular
2026-04-13;09:00;15;12.73;17.14;34.27;Bueno;104.62;Regular
2026-04-13;10:00;20;13.09;17.14;34.27;Bueno;104.62;Regular
2026-04-13;11:00;23;13.41;17.14;34.27;Bueno;104.62;Regular
2026-04-13;12:00;21;13.95;17.14;34.27;Bueno;104.62;Regular
2026-04-13;13:00;22;14.55;17.14;34.27;Bueno;104.62;Regular
2026-04-13;14:00;14;14.91;17.14;34.27;Bueno;104.62;Regular
2026-04-13;15:00;13;15.18;17.14;34.27;Bueno;104.62;Regular
2026-04-13;16:00;9;15.23;17.14;34.27;Bueno;104.62;Regular
2026-04-13;17:00;8;15.14;17.14;34.27;Bueno;104.62;Regular
2026-04-13;18:00;10;15.00;17.14;34.27;Bueno;104.62;Regular
2026-04-13;19:00;16;14.82;17.14;34.27;Bueno;104.62;Regular
2026-04-13;20:00;30;14.91;17.14;34.27;Bueno;104.62;Regular
2026-04-13;21:00;30;15.68;17.14;34.27;Bueno;104.62;Regular
2026-04-13;22:00;24;16.32;17.14;34.27;Bueno;104.62;Regular
2026-04-13;23:00;28;17.14;17.14;34.27;Bueno;104.62;Regular
2026-04-14;00:00;23;17.39;13.58;27.17;Bueno;90.56;Bueno
2026-04-14;01:00;22;17.65;13.58;27.17;Bueno;90.56;Bueno
2026-04-14;02:00;22;18.09;13.58;27.17;Bueno;90.56;Bueno
2026-04-14;03:00;21;18.57;13.58;27.17;Bueno;90.56;Bueno
2026-04-14;04:00;27;19.35;13.58;27.17;Bueno;90.56;Bueno
2026-04-14;05:00;27;19.67;13.58;27.17;Bueno;90.56;Bueno
2026-04-14;06:00;24;20.17;13.58;27.17;Bueno;90.56;Bueno
2026-04-14;07:00;18;20.17;13.58;27.17;Bueno;90.56;Bueno
2026-04-14;08:00;11;19.92;13.58;27.17;Bueno;90.56;Bueno
2026-04-14;09:00;8;19.62;13.58;27.17;Bueno;90.56;Bueno
2026-04-14;10:00;3;18.92;13.58;27.17;Bueno;90.56;Bueno
2026-04-14;11:00;2;18.04;13.58;27.17;Bueno;90.56;Bueno
2026-04-14;12:00;4;17.33;13.58;27.17;Bueno;90.56;Bueno
2026-04-14;13:00;2;16.50;13.58;27.17;Bueno;90.56;Bueno
2026-04-14;14:00;2;16.00;13.58;27.17;Bueno;90.56;Bueno
2026-04-14;15:00;7;15.75;13.58;27.17;Bueno;90.56;Bueno
2026-04-14;16:00;6;15.62;13.58;27.17;Bueno;90.56;Bueno
2026-04-14;17:00;5;15.50;13.58;27.17;Bueno;90.56;Bueno
2026-04-14;18:00;9;15.46;13.58;27.17;Bueno;90.56;Bueno
2026-04-14;19:00;11;15.25;13.58;27.17;Bueno;90.56;Bueno
2026-04-14;20:00;16;14.67;13.58;27.17;Bueno;90.56;Bueno
2026-04-14;21:00;21;14.29;13.58;27.17;Bueno;90.56;Bueno
2026-04-14;22:00;21;14.17;13.58;27.17;Bueno;90.56;Bueno
2026-04-14;23:00;14;13.58;13.58;27.17;Bueno;90.56;Bueno
2026-04-15;00:00;37;14.17;26.75;53.50;Bueno;125.47;Regular
2026-04-15;01:00;27;14.38;26.75;53.50;Bueno;125.47;Regular
2026-04-15;02:00;26;14.54;26.75;53.50;Bueno;125.47;Regular
2026-04-15;03:00;34;15.08;26.75;53.50;Bueno;125.47;Regular
2026-04-15;04:00;20;14.79;26.75;53.50;Bueno;125.47;Regular
2026-04-15;05:00;22;14.58;26.75;53.50;Bueno;125.47;Regular
2026-04-15;06:00;29;14.79;26.75;53.50;Bueno;125.47;Regular
2026-04-15;07:00;23;15.00;26.75;53.50;Bueno;125.47;Regular
2026-04-15;08:00;28;15.71;26.75;53.50;Bueno;125.47;Regular
2026-04-15;09:00;26;16.46;26.75;53.50;Bueno;125.47;Regular
2026-04-15;10:00;24;17.33;26.75;53.50;Bueno;125.47;Regular
2026-04-15;11:00;40;18.92;26.75;53.50;Bueno;125.47;Regular
2026-04-15;12:00;29;19.96;26.75;53.50;Bueno;125.47;Regular
2026-04-15;13:00;20;20.71;26.75;53.50;Bueno;125.47;Regular
2026-04-15;14:00;20;21.46;26.75;53.50;Bueno;125.47;Regular
2026-04-15;15:00;12;21.67;26.75;53.50;Bueno;125.47;Regular
2026-04-15;16:00;13;21.96;26.75;53.50;Bueno;125.47;Regular
2026-04-15;17:00;14;22.33;26.75;53.50;Bueno;125.47;Regular
2026-04-15;18:00;18;22.71;26.75;53.50;Bueno;125.47;Regular
2026-04-15;19:00;22;23.17;26.75;53.50;Bueno;125.47;Regular
2026-04-15;20:00;22;23.42;26.75;53.50;Bueno;125.47;Regular
2026-04-15;21:00;51;24.67;26.75;53.50;Bueno;125.47;Regular
2026-04-15;22:00;43;25.58;26.75;53.50;Bueno;125.47;Regular
2026-04-15;23:00;42;26.75;26.75;53.50;Bueno;125.47;Regular
2026-04-16;00:00;42;26.96;27.00;54.00;Bueno;126.02;Regular
2026-04-16;01:00;42;27.58;27.00;54.00;Bueno;126.02;Regular
2026-04-16;02:00;38;28.08;27.00;54.00;Bueno;126.02;Regular
2026-04-16;03:00;37;28.21;27.00;54.00;Bueno;126.02;Regular
2026-04-16;04:00;28;28.54;27.00;54.00;Bueno;126.02;Regular
2026-04-16;05:00;34;29.04;27.00;54.00;Bueno;126.02;Regular
2026-04-16;06:00;41;29.54;27.00;54.00;Bueno;126.02;Regular
2026-04-16;07:00;38;30.17;27.00;54.00;Bueno;126.02;Regular
2026-04-16;08:00;34;30.42;27.00;54.00;Bueno;126.02;Regular
2026-04-16;09:00;31;30.62;27.00;54.00;Bueno;126.02;Regular
2026-04-16;10:00;43;31.42;27.00;54.00;Bueno;126.02;Regular
2026-04-16;11:00;20;30.58;27.00;54.00;Bueno;126.02;Regular
2026-04-16;12:00;19;30.17;27.00;54.00;Bueno;126.02;Regular
2026-04-16;13:00;13;29.88;27.00;54.00;Bueno;126.02;Regular
2026-04-16;14:00;16;29.71;27.00;54.00;Bueno;126.02;Regular
2026-04-16;15:00;20;30.04;27.00;54.00;Bueno;126.02;Regular
2026-04-16;16:00;14;30.08;27.00;54.00;Bueno;126.02;Regular
2026-04-16;17:00;20;30.33;27.00;54.00;Bueno;126.02;Regular
2026-04-16;18:00;14;30.17;27.00;54.00;Bueno;126.02;Regular
2026-04-16;19:00;13;29.79;27.00;54.00;Bueno;126.02;Regular
2026-04-16;20:00;17;29.58;27.00;54.00;Bueno;126.02;Regular
2026-04-16;21:00;31;28.75;27.00;54.00;Bueno;126.02;Regular
2026-04-16;22:00;23;27.92;27.00;54.00;Bueno;126.02;Regular
2026-04-16;23:00;20;27.00;27.00;54.00;Bueno;126.02;Regular
2026-04-17;00:00;;26.35;10.35;20.70;Bueno;68.99;Bueno
2026-04-17;01:00;25;25.61;10.35;20.70;Bueno;68.99;Bueno
2026-04-17;02:00;16;24.65;10.35;20.70;Bueno;68.99;Bueno
2026-04-17;03:00;16;23.74;10.35;20.70;Bueno;68.99;Bueno
2026-04-17;04:00;18;23.30;10.35;20.70;Bueno;68.99;Bueno
2026-04-17;05:00;11;22.30;10.35;20.70;Bueno;68.99;Bueno
2026-04-17;06:00;16;21.22;10.35;20.70;Bueno;68.99;Bueno
2026-04-17;07:00;22;20.52;10.35;20.70;Bueno;68.99;Bueno
2026-04-17;08:00;22;20.00;10.35;20.70;Bueno;68.99;Bueno
2026-04-17;09:00;23;19.65;10.35;20.70;Bueno;68.99;Bueno
2026-04-17;10:00;19;18.61;10.35;20.70;Bueno;68.99;Bueno
2026-04-17;11:00;7;18.04;10.35;20.70;Bueno;68.99;Bueno
2026-04-17;12:00;8;17.57;10.35;20.70;Bueno;68.99;Bueno
2026-04-17;13:00;9;17.39;10.35;20.70;Bueno;68.99;Bueno
2026-04-17;14:00;6;16.96;10.35;20.70;Bueno;68.99;Bueno
2026-04-17;15:00;3;16.22;10.35;20.70;Bueno;68.99;Bueno
2026-04-17;16:00;3;15.74;10.35;20.70;Bueno;68.99;Bueno
2026-04-17;17:00;3;15.00;10.35;20.70;Bueno;68.99;Bueno
2026-04-17;18:00;3;14.52;10.35;20.70;Bueno;68.99;Bueno
2026-04-17;19:00;3;14.09;10.35;20.70;Bueno;68.99;Bueno
2026-04-17;20:00;2;13.43;10.35;20.70;Bueno;68.99;Bueno
2026-04-17;21:00;1;12.13;10.35;20.70;Bueno;68.99;Bueno
2026-04-17;22:00;1;11.17;10.35;20.70;Bueno;68.99;Bueno
2026-04-17;23:00;1;10.35;10.35;20.70;Bueno;68.99;Bueno
2026-04-18;00:00;;10.35;7.14;14.27;Bueno;47.58;Bueno
2026-04-18;01:00;6;9.52;7.14;14.27;Bueno;47.58;Bueno
2026-04-18;02:00;16;9.52;7.14;14.27;Bueno;47.58;Bueno
2026-04-18;03:00;8;9.17;7.14;14.27;Bueno;47.58;Bueno
2026-04-18;04:00;9;8.78;7.14;14.27;Bueno;47.58;Bueno
2026-04-18;05:00;10;8.74;7.14;14.27;Bueno;47.58;Bueno
2026-04-18;06:00;7;8.35;7.14;14.27;Bueno;47.58;Bueno
2026-04-18;07:00;3;7.52;7.14;14.27;Bueno;47.58;Bueno
2026-04-18;08:00;5;6.78;7.14;14.27;Bueno;47.58;Bueno
2026-04-18;09:00;6;6.04;7.14;14.27;Bueno;47.58;Bueno
2026-04-18;10:00;6;5.48;7.14;14.27;Bueno;47.58;Bueno
2026-04-18;11:00;8;5.52;7.14;14.27;Bueno;47.58;Bueno
2026-04-18;12:00;5;5.39;7.14;14.27;Bueno;47.58;Bueno
2026-04-18;13:00;;5.23;7.14;14.27;Bueno;47.58;Bueno
2026-04-18;14:00;1;5.00;7.14;14.27;Bueno;47.58;Bueno
2026-04-18;15:00;5;5.09;7.14;14.27;Bueno;47.58;Bueno
2026-04-18;16:00;6;5.23;7.14;14.27;Bueno;47.58;Bueno
2026-04-18;17:00;8;5.45;7.14;14.27;Bueno;47.58;Bueno
2026-04-18;18:00;11;5.82;7.14;14.27;Bueno;47.58;Bueno
2026-04-18;19:00;10;6.14;7.14;14.27;Bueno;47.58;Bueno
2026-04-18;20:00;6;6.32;7.14;14.27;Bueno;47.58;Bueno
2026-04-18;21:00;6;6.55;7.14;14.27;Bueno;47.58;Bueno
2026-04-18;22:00;8;6.86;7.14;14.27;Bueno;47.58;Bueno
2026-04-18;23:00;7;7.14;7.14;14.27;Bueno;47.58;Bueno
2026-04-19;00:00;7;7.13;8.70;17.39;Bueno;57.97;Bueno
2026-04-19;01:00;9;7.26;8.70;17.39;Bueno;57.97;Bueno
2026-04-19;02:00;6;6.83;8.70;17.39;Bueno;57.97;Bueno
2026-04-19;03:00;1;6.52;8.70;17.39;Bueno;57.97;Bueno
2026-04-19;04:00;;6.41;8.70;17.39;Bueno;57.97;Bueno
2026-04-19;05:00;1;6.00;8.70;17.39;Bueno;57.97;Bueno
2026-04-19;06:00;1;5.73;8.70;17.39;Bueno;57.97;Bueno
2026-04-19;07:00;4;5.77;8.70;17.39;Bueno;57.97;Bueno
2026-04-19;08:00;6;5.82;8.70;17.39;Bueno;57.97;Bueno
2026-04-19;09:00;7;5.86;8.70;17.39;Bueno;57.97;Bueno
2026-04-19;10:00;8;5.95;8.70;17.39;Bueno;57.97;Bueno
2026-04-19;11:00;8;5.95;8.70;17.39;Bueno;57.97;Bueno
2026-04-19;12:00;7;6.05;8.70;17.39;Bueno;57.97;Bueno
2026-04-19;13:00;7;6.09;8.70;17.39;Bueno;57.97;Bueno
2026-04-19;14:00;8;6.39;8.70;17.39;Bueno;57.97;Bueno
2026-04-19;15:00;15;6.83;8.70;17.39;Bueno;57.97;Bueno
2026-04-19;16:00;11;7.04;8.70;17.39;Bueno;57.97;Bueno
2026-04-19;17:00;11;7.17;8.70;17.39;Bueno;57.97;Bueno
2026-04-19;18:00;10;7.13;8.70;17.39;Bueno;57.97;Bueno
2026-04-19;19:00;21;7.61;8.70;17.39;Bueno;57.97;Bueno
2026-04-19;20:00;13;7.91;8.70;17.39;Bueno;57.97;Bueno
2026-04-19;21:00;12;8.17;8.70;17.39;Bueno;57.97;Bueno
2026-04-19;22:00;13;8.39;8.70;17.39;Bueno;57.97;Bueno
2026-04-19;23:00;14;8.70;8.70;17.39;Bueno;57.97;Bueno
2026-04-20;00:00;10;8.83;10.22;20.43;Bueno;68.12;Bueno
2026-04-20;01:00;;8.82;10.22;20.43;Bueno;68.12;Bueno
2026-04-20;02:00;1;8.59;10.22;20.43;Bueno;68.12;Bueno
2026-04-20;03:00;1;8.59;10.22;20.43;Bueno;68.12;Bueno
2026-04-20;04:00;1;8.26;10.22;20.43;Bueno;68.12;Bueno
2026-04-20;05:00;4;8.39;10.22;20.43;Bueno;68.12;Bueno
2026-04-20;06:00;6;8.61;10.22;20.43;Bueno;68.12;Bueno
2026-04-20;07:00;5;8.65;10.22;20.43;Bueno;68.12;Bueno
2026-04-20;08:00;4;8.57;10.22;20.43;Bueno;68.12;Bueno
2026-04-20;09:00;5;8.48;10.22;20.43;Bueno;68.12;Bueno
2026-04-20;10:00;5;8.35;10.22;20.43;Bueno;68.12;Bueno
2026-04-20;11:00;5;8.22;10.22;20.43;Bueno;68.12;Bueno
2026-04-20;12:00;5;8.13;10.22;20.43;Bueno;68.12;Bueno
2026-04-20;13:00;5;8.04;10.22;20.43;Bueno;68.12;Bueno
2026-04-20;14:00;5;7.91;10.22;20.43;Bueno;68.12;Bueno
2026-04-20;15:00;4;7.43;10.22;20.43;Bueno;68.12;Bueno
2026-04-20;16:00;4;7.13;10.22;20.43;Bueno;68.12;Bueno
2026-04-20;17:00;5;6.87;10.22;20.43;Bueno;68.12;Bueno
2026-04-20;18:00;6;6.70;10.22;20.43;Bueno;68.12;Bueno
2026-04-20;19:00;17;6.52;10.22;20.43;Bueno;68.12;Bueno
2026-04-20;20:00;22;6.91;10.22;20.43;Bueno;68.12;Bueno
2026-04-20;21:00;28;7.61;10.22;20.43;Bueno;68.12;Bueno
2026-04-20;22:00;46;9.04;10.22;20.43;Bueno;68.12;Bueno
2026-04-20;23:00;41;10.22;10.22;20.43;Bueno;68.12;Bueno
2026-04-21;00:00;27;10.96;28.35;56.70;Bueno;128.96;Regular
2026-04-21;01:00;28;11.67;28.35;56.70;Bueno;128.96;Regular
2026-04-21;02:00;25;12.67;28.35;56.70;Bueno;128.96;Regular
2026-04-21;03:00;21;13.50;28.35;56.70;Bueno;128.96;Regular
2026-04-21;04:00;23;14.42;28.35;56.70;Bueno;128.96;Regular
2026-04-21;05:00;26;15.33;28.35;56.70;Bueno;128.96;Regular
2026-04-21;06:00;22;16.00;28.35;56.70;Bueno;128.96;Regular
2026-04-21;07:00;15;16.42;28.35;56.70;Bueno;128.96;Regular
2026-04-21;08:00;25;17.29;28.35;56.70;Bueno;128.96;Regular
2026-04-21;09:00;21;17.96;28.35;56.70;Bueno;128.96;Regular
2026-04-21;10:00;21;18.62;28.35;56.70;Bueno;128.96;Regular
2026-04-21;11:00;34;19.83;28.35;56.70;Bueno;128.96;Regular
2026-04-21;12:00;26;20.71;28.35;56.70;Bueno;128.96;Regular
2026-04-21;13:00;24;21.50;28.35;56.70;Bueno;128.96;Regular
2026-04-21;14:00;14;21.88;28.35;56.70;Bueno;128.96;Regular
2026-04-21;15:00;9;22.08;28.35;56.70;Bueno;128.96;Regular
2026-04-21;16:00;8;22.25;28.35;56.70;Bueno;128.96;Regular
2026-04-21;17:00;;23.00;28.35;56.70;Bueno;128.96;Regular
2026-04-21;18:00;;23.77;28.35;56.70;Bueno;128.96;Regular
2026-04-21;19:00;;24.10;28.35;56.70;Bueno;128.96;Regular
2026-04-21;20:00;;24.20;28.35;56.70;Bueno;128.96;Regular
2026-04-21;21:00;58;25.70;28.35;56.70;Bueno;128.96;Regular
2026-04-21;22:00;84;27.60;28.35;56.70;Bueno;128.96;Regular
2026-04-21;23:00;56;28.35;28.35;56.70;Bueno;128.96;Regular
2026-04-22;00:00;33;28.65;17.25;34.50;Bueno;104.86;Regular
2026-04-22;01:00;26;28.55;17.25;34.50;Bueno;104.86;Regular
2026-04-22;02:00;17;28.15;17.25;34.50;Bueno;104.86;Regular
2026-04-22;03:00;31;28.65;17.25;34.50;Bueno;104.86;Regular
2026-04-22;04:00;23;28.65;17.25;34.50;Bueno;104.86;Regular
2026-04-22;05:00;13;28.00;17.25;34.50;Bueno;104.86;Regular
2026-04-22;06:00;16;27.70;17.25;34.50;Bueno;104.86;Regular
2026-04-22;07:00;20;27.95;17.25;34.50;Bueno;104.86;Regular
2026-04-22;08:00;33;28.35;17.25;34.50;Bueno;104.86;Regular
2026-04-22;09:00;21;28.35;17.25;34.50;Bueno;104.86;Regular
2026-04-22;10:00;14;28.00;17.25;34.50;Bueno;104.86;Regular
2026-04-22;11:00;10;26.80;17.25;34.50;Bueno;104.86;Regular
2026-04-22;12:00;10;26.00;17.25;34.50;Bueno;104.86;Regular
2026-04-22;13:00;8;25.20;17.25;34.50;Bueno;104.86;Regular
2026-04-22;14:00;3;24.65;17.25;34.50;Bueno;104.86;Regular
2026-04-22;15:00;3;24.35;17.25;34.50;Bueno;104.86;Regular
2026-04-22;16:00;4;24.15;17.25;34.50;Bueno;104.86;Regular
2026-04-22;17:00;7;23.33;17.25;34.50;Bueno;104.86;Regular
2026-04-22;18:00;8;22.64;17.25;34.50;Bueno;104.86;Regular
2026-04-22;19:00;23;22.65;17.25;34.50;Bueno;104.86;Regular
2026-04-22;20:00;21;22.58;17.25;34.50;Bueno;104.86;Regular
2026-04-22;21:00;28;21.33;17.25;34.50;Bueno;104.86;Regular
2026-04-22;22:00;24;18.83;17.25;34.50;Bueno;104.86;Regular
2026-04-22;23:00;18;17.25;17.25;34.50;Bueno;104.86;Regular
2026-04-23;00:00;15;16.50;16.29;32.58;Bueno;102.79;Regular
2026-04-23;01:00;19;16.21;16.29;32.58;Bueno;102.79;Regular
2026-04-23;02:00;14;16.08;16.29;32.58;Bueno;102.79;Regular
2026-04-23;03:00;16;15.46;16.29;32.58;Bueno;102.79;Regular
2026-04-23;04:00;15;15.12;16.29;32.58;Bueno;102.79;Regular
2026-04-23;05:00;18;15.33;16.29;32.58;Bueno;102.79;Regular
2026-04-23;06:00;14;15.25;16.29;32.58;Bueno;102.79;Regular
2026-04-23;07:00;21;15.29;16.29;32.58;Bueno;102.79;Regular
2026-04-23;08:00;10;14.33;16.29;32.58;Bueno;102.79;Regular
2026-04-23;09:00;15;14.08;16.29;32.58;Bueno;102.79;Regular
2026-04-23;10:00;16;14.17;16.29;32.58;Bueno;102.79;Regular
2026-04-23;11:00;12;14.25;16.29;32.58;Bueno;102.79;Regular
2026-04-23;12:00;16;14.50;16.29;32.58;Bueno;102.79;Regular
2026-04-23;13:00;7;14.46;16.29;32.58;Bueno;102.79;Regular
2026-04-23;14:00;5;14.54;16.29;32.58;Bueno;102.79;Regular
2026-04-23;15:00;4;14.58;16.29;32.58;Bueno;102.79;Regular
2026-04-23;16:00;6;14.67;16.29;32.58;Bueno;102.79;Regular
2026-04-23;17:00;7;14.67;16.29;32.58;Bueno;102.79;Regular
2026-04-23;18:00;8;14.67;16.29;32.58;Bueno;102.79;Regular
2026-04-23;19:00;19;14.50;16.29;32.58;Bueno;102.79;Regular
2026-04-23;20:00;38;15.21;16.29;32.58;Bueno;102.79;Regular
2026-04-23;21:00;28;15.21;16.29;32.58;Bueno;102.79;Regular
2026-04-23;22:00;37;15.75;16.29;32.58;Bueno;102.79;Regular
2026-04-23;23:00;31;16.29;16.29;32.58;Bueno;102.79;Regular
2026-04-24;00:00;40;17.33;23.46;46.92;Bueno;118.32;Regular
2026-04-24;01:00;35;18.00;23.46;46.92;Bueno;118.32;Regular
2026-04-24;02:00;27;18.54;23.46;46.92;Bueno;118.32;Regular
2026-04-24;03:00;31;19.17;23.46;46.92;Bueno;118.32;Regular
2026-04-24;04:00;21;19.42;23.46;46.92;Bueno;118.32;Regular
2026-04-24;05:00;26;19.75;23.46;46.92;Bueno;118.32;Regular
2026-04-24;06:00;28;20.33;23.46;46.92;Bueno;118.32;Regular
2026-04-24;07:00;28;20.62;23.46;46.92;Bueno;118.32;Regular
2026-04-24;08:00;41;21.92;23.46;46.92;Bueno;118.32;Regular
2026-04-24;09:00;43;23.08;23.46;46.92;Bueno;118.32;Regular
2026-04-24;10:00;19;23.21;23.46;46.92;Bueno;118.32;Regular
2026-04-24;11:00;16;23.38;23.46;46.92;Bueno;118.32;Regular
2026-04-24;12:00;8;23.04;23.46;46.92;Bueno;118.32;Regular
2026-04-24;13:00;8;23.08;23.46;46.92;Bueno;118.32;Regular
2026-04-24;14:00;5;23.08;23.46;46.92;Bueno;118.32;Regular
2026-04-24;15:00;3;23.04;23.46;46.92;Bueno;118.32;Regular
2026-04-24;16:00;2;22.88;23.46;46.92;Bueno;118.32;Regular
2026-04-24;17:00;1;22.62;23.46;46.92;Bueno;118.32;Regular
2026-04-24;18:00;2;22.38;23.46;46.92;Bueno;118.32;Regular
2026-04-24;19:00;29;22.79;23.46;46.92;Bueno;118.32;Regular
2026-04-24;20:00;44;23.04;23.46;46.92;Bueno;118.32;Regular
2026-04-24;21:00;40;23.54;23.46;46.92;Bueno;118.32;Regular
2026-04-24;22:00;37;23.54;23.46;46.92;Bueno;118.32;Regular
2026-04-24;23:00;29;23.46;23.46;46.92;Bueno;118.32;Regular
2026-04-25;00:00;21;22.67;17.21;34.42;Bueno;104.77;Regular
2026-04-25;01:00;23;22.17;17.21;34.42;Bueno;104.77;Regular
2026-04-25;02:00;18;21.79;17.21;34.42;Bueno;104.77;Regular
2026-04-25;03:00;21;21.38;17.21;34.42;Bueno;104.77;Regular
2026-04-25;04:00;17;21.21;17.21;34.42;Bueno;104.77;Regular
2026-04-25;05:00;21;21.00;17.21;34.42;Bueno;104.77;Regular
2026-04-25;06:00;12;20.33;17.21;34.42;Bueno;104.77;Regular
2026-04-25;07:00;9;19.54;17.21;34.42;Bueno;104.77;Regular
2026-04-25;08:00;10;18.25;17.21;34.42;Bueno;104.77;Regular
2026-04-25;09:00;10;16.88;17.21;34.42;Bueno;104.77;Regular
2026-04-25;10:00;9;16.46;17.21;34.42;Bueno;104.77;Regular
2026-04-25;11:00;9;16.17;17.21;34.42;Bueno;104.77;Regular
2026-04-25;12:00;7;16.12;17.21;34.42;Bueno;104.77;Regular
2026-04-25;13:00;6;16.04;17.21;34.42;Bueno;104.77;Regular
2026-04-25;14:00;6;16.08;17.21;34.42;Bueno;104.77;Regular
2026-04-25;15:00;8;16.29;17.21;34.42;Bueno;104.77;Regular
2026-04-25;16:00;9;16.58;17.21;34.42;Bueno;104.77;Regular
2026-04-25;17:00;8;16.88;17.21;34.42;Bueno;104.77;Regular
2026-04-25;18:00;15;17.42;17.21;34.42;Bueno;104.77;Regular
2026-04-25;19:00;18;16.96;17.21;34.42;Bueno;104.77;Regular
2026-04-25;20:00;30;16.38;17.21;34.42;Bueno;104.77;Regular
2026-04-25;21:00;43;16.50;17.21;34.42;Bueno;104.77;Regular
2026-04-25;22:00;36;16.46;17.21;34.42;Bueno;104.77;Regular
2026-04-25;23:00;47;17.21;17.21;34.42;Bueno;104.77;Regular
2026-04-26;00:00;45;18.21;13.12;26.25;Bueno;87.50;Bueno
2026-04-26;01:00;31;18.54;13.12;26.25;Bueno;87.50;Bueno
2026-04-26;02:00;16;18.46;13.12;26.25;Bueno;87.50;Bueno
2026-04-26;03:00;26;18.67;13.12;26.25;Bueno;87.50;Bueno
2026-04-26;04:00;21;18.83;13.12;26.25;Bueno;87.50;Bueno
2026-04-26;05:00;28;19.12;13.12;26.25;Bueno;87.50;Bueno
2026-04-26;06:00;17;19.33;13.12;26.25;Bueno;87.50;Bueno
2026-04-26;07:00;9;19.33;13.12;26.25;Bueno;87.50;Bueno
2026-04-26;08:00;10;19.33;13.12;26.25;Bueno;87.50;Bueno
2026-04-26;09:00;12;19.42;13.12;26.25;Bueno;87.50;Bueno
2026-04-26;10:00;8;19.38;13.12;26.25;Bueno;87.50;Bueno
2026-04-26;11:00;2;19.08;13.12;26.25;Bueno;87.50;Bueno
2026-04-26;12:00;3;18.92;13.12;26.25;Bueno;87.50;Bueno
2026-04-26;13:00;4;18.83;13.12;26.25;Bueno;87.50;Bueno
2026-04-26;14:00;2;18.67;13.12;26.25;Bueno;87.50;Bueno
2026-04-26;15:00;7;18.62;13.12;26.25;Bueno;87.50;Bueno
2026-04-26;16:00;8;18.58;13.12;26.25;Bueno;87.50;Bueno
2026-04-26;17:00;6;18.50;13.12;26.25;Bueno;87.50;Bueno
2026-04-26;18:00;7;18.17;13.12;26.25;Bueno;87.50;Bueno
2026-04-26;19:00;9;17.79;13.12;26.25;Bueno;87.50;Bueno
2026-04-26;20:00;12;17.04;13.12;26.25;Bueno;87.50;Bueno
2026-04-26;21:00;12;15.75;13.12;26.25;Bueno;87.50;Bueno
2026-04-26;22:00;9;14.62;13.12;26.25;Bueno;87.50;Bueno
2026-04-26;23:00;11;13.12;13.12;26.25;Bueno;87.50;Bueno
2026-04-27;00:00;10;11.67;;;;;
2026-04-27;01:00;9;10.75;;;;;
2026-04-27;02:00;9;10.46;;;;;
2026-04-27;03:00;;9.78;;;;;
2026-04-27;04:00;;9.27;;;;;
2026-04-27;05:00;7;8.32;;;;;
2026-04-27;06:00;8;7.91;;;;;
2026-04-27;07:00;16;8.23;;;;;
2026-04-27;08:00;8;8.14;;;;;
2026-04-27;09:00;7;7.91;;;;;
2026-04-27;10:00;9;7.95;;;;;
2026-04-27;11:00;11;8.36;;;;;
2026-04-27;12:00;11;8.73;;;;;
2026-04-27;13:00;12;9.09;;;;;
2026-04-27;14:00;16;9.73;;;;;
2026-04-27;15:00;18;10.23;;;;;
2026-04-27;16:00;;10.33;;;;;
2026-04-27;17:00;;10.55;;;;;
2026-04-27;18:00;;10.74;;;;;
2026-04-27;19:00;;10.83;;;;;
2026-04-27;20:00;;;;;;;
2026-04-27;21:00;;;;;;;
2026-04-27;22:00;52;;;;;;
2026-04-27;23:00;34;;;;;;
2026-04-28;00:00;24;;29.17;58.33;Bueno;130.74;Regular
2026-04-28;01:00;17;;29.17;58.33;Bueno;130.74;Regular
2026-04-28;02:00;28;;29.17;58.33;Bueno;130.74;Regular
2026-04-28;03:00;34;;29.17;58.33;Bueno;130.74;Regular
2026-04-28;04:00;30;19.00;29.17;58.33;Bueno;130.74;Regular
2026-04-28;05:00;26;20.06;29.17;58.33;Bueno;130.74;Regular
2026-04-28;06:00;30;21.28;29.17;58.33;Bueno;130.74;Regular
2026-04-28;07:00;29;22.00;29.17;58.33;Bueno;130.74;Regular
2026-04-28;08:00;30;23.22;29.17;58.33;Bueno;130.74;Regular
2026-04-28;09:00;29;24.44;29.17;58.33;Bueno;130.74;Regular
2026-04-28;10:00;33;25.78;29.17;58.33;Bueno;130.74;Regular
2026-04-28;11:00;26;26.61;29.17;58.33;Bueno;130.74;Regular
2026-04-28;12:00;33;27.83;29.17;58.33;Bueno;130.74;Regular
2026-04-28;13:00;27;28.67;29.17;58.33;Bueno;130.74;Regular
2026-04-28;14:00;31;29.50;29.17;58.33;Bueno;130.74;Regular
2026-04-28;15:00;23;29.78;29.17;58.33;Bueno;130.74;Regular
2026-04-28;16:00;22;29.37;29.17;58.33;Bueno;130.74;Regular
2026-04-28;17:00;26;29.20;29.17;58.33;Bueno;130.74;Regular
2026-04-28;18:00;30;29.24;29.17;58.33;Bueno;130.74;Regular
2026-04-28;19:00;28;29.18;29.17;58.33;Bueno;130.74;Regular
2026-04-28;20:00;53;30.22;29.17;58.33;Bueno;130.74;Regular
2026-04-28;21:00;36;30.46;29.17;58.33;Bueno;130.74;Regular
2026-04-28;22:00;28;29.46;29.17;58.33;Bueno;130.74;Regular
2026-04-28;23:00;27;29.17;29.17;58.33;Bueno;130.74;Regular
2026-04-29;00:00;18;28.92;11.92;23.83;Bueno;79.44;Bueno
2026-04-29;01:00;17;28.92;11.92;23.83;Bueno;79.44;Bueno
2026-04-29;02:00;6;28.00;11.92;23.83;Bueno;79.44;Bueno
2026-04-29;03:00;9;26.96;11.92;23.83;Bueno;79.44;Bueno
2026-04-29;04:00;10;26.12;11.92;23.83;Bueno;79.44;Bueno
2026-04-29;05:00;7;25.33;11.92;23.83;Bueno;79.44;Bueno
2026-04-29;06:00;8;24.42;11.92;23.83;Bueno;79.44;Bueno
2026-04-29;07:00;9;23.58;11.92;23.83;Bueno;79.44;Bueno
2026-04-29;08:00;7;22.62;11.92;23.83;Bueno;79.44;Bueno
2026-04-29;09:00;7;21.71;11.92;23.83;Bueno;79.44;Bueno
2026-04-29;10:00;8;20.67;11.92;23.83;Bueno;79.44;Bueno
2026-04-29;11:00;7;19.88;11.92;23.83;Bueno;79.44;Bueno
2026-04-29;12:00;3;18.62;11.92;23.83;Bueno;79.44;Bueno
2026-04-29;13:00;3;17.62;11.92;23.83;Bueno;79.44;Bueno
2026-04-29;14:00;5;16.54;11.92;23.83;Bueno;79.44;Bueno
2026-04-29;15:00;5;15.79;11.92;23.83;Bueno;79.44;Bueno
2026-04-29;16:00;5;15.08;11.92;23.83;Bueno;79.44;Bueno
2026-04-29;17:00;6;14.25;11.92;23.83;Bueno;79.44;Bueno
2026-04-29;18:00;10;13.42;11.92;23.83;Bueno;79.44;Bueno
2026-04-29;19:00;39;13.88;11.92;23.83;Bueno;79.44;Bueno
2026-04-29;20:00;32;13.00;11.92;23.83;Bueno;79.44;Bueno
2026-04-29;21:00;24;12.50;11.92;23.83;Bueno;79.44;Bueno
2026-04-29;22:00;24;12.33;11.92;23.83;Bueno;79.44;Bueno
2026-04-29;23:00;17;11.92;11.92;23.83;Bueno;79.44;Bueno
2026-04-30;00:00;18;11.92;23.83;47.67;Bueno;119.13;Regular
2026-04-30;01:00;19;12.00;23.83;47.67;Bueno;119.13;Regular
2026-04-30;02:00;12;12.25;23.83;47.67;Bueno;119.13;Regular
2026-04-30;03:00;11;12.33;23.83;47.67;Bueno;119.13;Regular
2026-04-30;04:00;10;12.33;23.83;47.67;Bueno;119.13;Regular
2026-04-30;05:00;12;12.54;23.83;47.67;Bueno;119.13;Regular
2026-04-30;06:00;12;12.71;23.83;47.67;Bueno;119.13;Regular
2026-04-30;07:00;13;12.88;23.83;47.67;Bueno;119.13;Regular
2026-04-30;08:00;12;13.08;23.83;47.67;Bueno;119.13;Regular
2026-04-30;09:00;16;13.46;23.83;47.67;Bueno;119.13;Regular
2026-04-30;10:00;19;13.92;23.83;47.67;Bueno;119.13;Regular
2026-04-30;11:00;20;14.46;23.83;47.67;Bueno;119.13;Regular
2026-04-30;12:00;19;15.12;23.83;47.67;Bueno;119.13;Regular
2026-04-30;13:00;19;15.79;23.83;47.67;Bueno;119.13;Regular
2026-04-30;14:00;16;16.25;23.83;47.67;Bueno;119.13;Regular
2026-04-30;15:00;23;17.00;23.83;47.67;Bueno;119.13;Regular
2026-04-30;16:00;19;17.58;23.83;47.67;Bueno;119.13;Regular
2026-04-30;17:00;15;17.96;23.83;47.67;Bueno;119.13;Regular
2026-04-30;18:00;19;18.33;23.83;47.67;Bueno;119.13;Regular
2026-04-30;19:00;45;18.58;23.83;47.67;Bueno;119.13;Regular
2026-04-30;20:00;57;19.62;23.83;47.67;Bueno;119.13;Regular
2026-04-30;21:00;116;23.46;23.83;47.67;Bueno;119.13;Regular
2026-04-30;22:00;37;24.00;23.83;47.67;Bueno;119.13;Regular
2026-04-30;23:00;13;23.83;23.83;47.67;Bueno;119.13;Regular
2026-05-01;00:00;13;23.62;14.33;28.67;Bueno;95.56;Bueno
2026-05-01;01:00;18;23.58;14.33;28.67;Bueno;95.56;Bueno
2026-05-01;02:00;11;23.54;14.33;28.67;Bueno;95.56;Bueno
2026-05-01;03:00;22;24.00;14.33;28.67;Bueno;95.56;Bueno
2026-05-01;04:00;13;24.12;14.33;28.67;Bueno;95.56;Bueno
2026-05-01;05:00;12;24.12;14.33;28.67;Bueno;95.56;Bueno
2026-05-01;06:00;10;24.04;14.33;28.67;Bueno;95.56;Bueno
2026-05-01;07:00;11;23.96;14.33;28.67;Bueno;95.56;Bueno
2026-05-01;08:00;13;24.00;14.33;28.67;Bueno;95.56;Bueno
2026-05-01;09:00;14;23.92;14.33;28.67;Bueno;95.56;Bueno
2026-05-01;10:00;13;23.67;14.33;28.67;Bueno;95.56;Bueno
2026-05-01;11:00;13;23.38;14.33;28.67;Bueno;95.56;Bueno
2026-05-01;12:00;10;23.00;14.33;28.67;Bueno;95.56;Bueno
2026-05-01;13:00;7;22.50;14.33;28.67;Bueno;95.56;Bueno
2026-05-01;14:00;7;22.12;14.33;28.67;Bueno;95.56;Bueno
2026-05-01;15:00;8;21.50;14.33;28.67;Bueno;95.56;Bueno
2026-05-01;16:00;9;21.08;14.33;28.67;Bueno;95.56;Bueno
2026-05-01;17:00;6;20.71;14.33;28.67;Bueno;95.56;Bueno
2026-05-01;18:00;9;20.29;14.33;28.67;Bueno;95.56;Bueno
2026-05-01;19:00;33;19.79;14.33;28.67;Bueno;95.56;Bueno
2026-05-01;20:00;35;18.88;14.33;28.67;Bueno;95.56;Bueno
2026-05-01;21:00;22;14.96;14.33;28.67;Bueno;95.56;Bueno
2026-05-01;22:00;20;14.25;14.33;28.67;Bueno;95.56;Bueno
2026-05-01;23:00;15;14.33;14.33;28.67;Bueno;95.56;Bueno
2026-05-02;00:00;15;14.42;18.75;37.50;Bueno;108.11;Regular
2026-05-02;01:00;13;14.21;18.75;37.50;Bueno;108.11;Regular
2026-05-02;02:00;18;14.50;18.75;37.50;Bueno;108.11;Regular
2026-05-02;03:00;10;14.00;18.75;37.50;Bueno;108.11;Regular
2026-05-02;04:00;10;13.88;18.75;37.50;Bueno;108.11;Regular
2026-05-02;05:00;9;13.75;18.75;37.50;Bueno;108.11;Regular
2026-05-02;06:00;8;13.67;18.75;37.50;Bueno;108.11;Regular
2026-05-02;07:00;9;13.58;18.75;37.50;Bueno;108.11;Regular
2026-05-02;08:00;9;13.42;18.75;37.50;Bueno;108.11;Regular
2026-05-02;09:00;8;13.17;18.75;37.50;Bueno;108.11;Regular
2026-05-02;10:00;6;12.88;18.75;37.50;Bueno;108.11;Regular
2026-05-02;11:00;7;12.62;18.75;37.50;Bueno;108.11;Regular
2026-05-02;12:00;6;12.46;18.75;37.50;Bueno;108.11;Regular
2026-05-02;13:00;7;12.46;18.75;37.50;Bueno;108.11;Regular
2026-05-02;14:00;12;12.67;18.75;37.50;Bueno;108.11;Regular
2026-05-02;15:00;12;12.83;18.75;37.50;Bueno;108.11;Regular
2026-05-02;16:00;10;12.88;18.75;37.50;Bueno;108.11;Regular
2026-05-02;17:00;8;12.96;18.75;37.50;Bueno;108.11;Regular
2026-05-02;18:00;19;13.38;18.75;37.50;Bueno;108.11;Regular
2026-05-02;19:00;35;13.46;18.75;37.50;Bueno;108.11;Regular
2026-05-02;20:00;51;14.12;18.75;37.50;Bueno;108.11;Regular
2026-05-02;21:00;46;15.12;18.75;37.50;Bueno;108.11;Regular
2026-05-02;22:00;54;16.54;18.75;37.50;Bueno;108.11;Regular
2026-05-02;23:00;68;18.75;18.75;37.50;Bueno;108.11;Regular
2026-05-03;00:00;76;21.29;42.88;85.75;Bueno;160.75;Regular
2026-05-03;01:00;69;23.62;42.88;85.75;Bueno;160.75;Regular
2026-05-03;02:00;63;25.50;42.88;85.75;Bueno;160.75;Regular
2026-05-03;03:00;53;27.29;42.88;85.75;Bueno;160.75;Regular
2026-05-03;04:00;45;28.75;42.88;85.75;Bueno;160.75;Regular
2026-05-03;05:00;32;29.71;42.88;85.75;Bueno;160.75;Regular
2026-05-03;06:00;33;30.75;42.88;85.75;Bueno;160.75;Regular
2026-05-03;07:00;39;32.00;42.88;85.75;Bueno;160.75;Regular
2026-05-03;08:00;36;33.12;42.88;85.75;Bueno;160.75;Regular
2026-05-03;09:00;22;33.71;42.88;85.75;Bueno;160.75;Regular
2026-05-03;10:00;25;34.50;42.88;85.75;Bueno;160.75;Regular
2026-05-03;11:00;27;35.33;42.88;85.75;Bueno;160.75;Regular
2026-05-03;12:00;28;36.25;42.88;85.75;Bueno;160.75;Regular
2026-05-03;13:00;44;37.79;42.88;85.75;Bueno;160.75;Regular
2026-05-03;14:00;25;38.33;42.88;85.75;Bueno;160.75;Regular
2026-05-03;15:00;21;38.71;42.88;85.75;Bueno;160.75;Regular
2026-05-03;16:00;25;39.33;42.88;85.75;Bueno;160.75;Regular
2026-05-03;17:00;24;40.00;42.88;85.75;Bueno;160.75;Regular
2026-05-03;18:00;26;40.29;42.88;85.75;Bueno;160.75;Regular
2026-05-03;19:00;42;40.58;42.88;85.75;Bueno;160.75;Regular
2026-05-03;20:00;50;40.54;42.88;85.75;Bueno;160.75;Regular
2026-05-03;21:00;51;40.75;42.88;85.75;Bueno;160.75;Regular
2026-05-03;22:00;112;43.17;42.88;85.75;Bueno;160.75;Regular
2026-05-03;23:00;61;42.88;42.88;85.75;Bueno;160.75;Regular
2026-05-04;00:00;56;42.04;41.96;83.92;Bueno;158.73;Regular
2026-05-04;01:00;71;42.12;41.96;83.92;Bueno;158.73;Regular
2026-05-04;02:00;53;41.71;41.96;83.92;Bueno;158.73;Regular
2026-05-04;03:00;47;41.46;41.96;83.92;Bueno;158.73;Regular
2026-05-04;04:00;47;41.54;41.96;83.92;Bueno;158.73;Regular
2026-05-04;05:00;42;41.96;41.96;83.92;Bueno;158.73;Regular
2026-05-04;06:00;41;42.29;41.96;83.92;Bueno;158.73;Regular
2026-05-04;07:00;33;42.04;41.96;83.92;Bueno;158.73;Regular
2026-05-04;08:00;40;42.21;41.96;83.92;Bueno;158.73;Regular
2026-05-04;09:00;25;42.33;41.96;83.92;Bueno;158.73;Regular
2026-05-04;10:00;31;42.58;41.96;83.92;Bueno;158.73;Regular
2026-05-04;11:00;35;42.92;41.96;83.92;Bueno;158.73;Regular
2026-05-04;12:00;43;43.54;41.96;83.92;Bueno;158.73;Regular
2026-05-04;13:00;36;43.21;41.96;83.92;Bueno;158.73;Regular
2026-05-04;14:00;41;43.88;41.96;83.92;Bueno;158.73;Regular
2026-05-04;15:00;31;44.29;41.96;83.92;Bueno;158.73;Regular
2026-05-04;16:00;28;44.42;41.96;83.92;Bueno;158.73;Regular
2026-05-04;17:00;27;44.54;41.96;83.92;Bueno;158.73;Regular
2026-05-04;18:00;30;44.71;41.96;83.92;Bueno;158.73;Regular
2026-05-04;19:00;37;44.50;41.96;83.92;Bueno;158.73;Regular
2026-05-04;20:00;40;44.08;41.96;83.92;Bueno;158.73;Regular
2026-05-04;21:00;42;43.71;41.96;83.92;Bueno;158.73;Regular
2026-05-04;22:00;58;41.46;41.96;83.92;Bueno;158.73;Regular
2026-05-04;23:00;73;41.96;41.96;83.92;Bueno;158.73;Regular
2026-05-05;00:00;86;43.21;27.96;55.92;Bueno;128.10;Regular
2026-05-05;01:00;48;42.25;27.96;55.92;Bueno;128.10;Regular
2026-05-05;02:00;41;41.75;27.96;55.92;Bueno;128.10;Regular
2026-05-05;03:00;40;41.46;27.96;55.92;Bueno;128.10;Regular
2026-05-05;04:00;46;41.42;27.96;55.92;Bueno;128.10;Regular
2026-05-05;05:00;36;41.17;27.96;55.92;Bueno;128.10;Regular
2026-05-05;06:00;36;40.96;27.96;55.92;Bueno;128.10;Regular
2026-05-05;07:00;41;41.29;27.96;55.92;Bueno;128.10;Regular
2026-05-05;08:00;45;41.50;27.96;55.92;Bueno;128.10;Regular
2026-05-05;09:00;40;42.12;27.96;55.92;Bueno;128.10;Regular
2026-05-05;10:00;42;42.58;27.96;55.92;Bueno;128.10;Regular
2026-05-05;11:00;34;42.54;27.96;55.92;Bueno;128.10;Regular
2026-05-05;12:00;28;41.92;27.96;55.92;Bueno;128.10;Regular
2026-05-05;13:00;31;41.71;27.96;55.92;Bueno;128.10;Regular
2026-05-05;14:00;22;40.92;27.96;55.92;Bueno;128.10;Regular
2026-05-05;15:00;19;40.42;27.96;55.92;Bueno;128.10;Regular
2026-05-05;16:00;17;39.96;27.96;55.92;Bueno;128.10;Regular
2026-05-05;17:00;6;39.08;27.96;55.92;Bueno;128.10;Regular
2026-05-05;18:00;4;38.00;27.96;55.92;Bueno;128.10;Regular
2026-05-05;19:00;1;36.50;27.96;55.92;Bueno;128.10;Regular
2026-05-05;20:00;1;34.88;27.96;55.92;Bueno;128.10;Regular
2026-05-05;21:00;3;33.25;27.96;55.92;Bueno;128.10;Regular
2026-05-05;22:00;3;30.96;27.96;55.92;Bueno;128.10;Regular
2026-05-05;23:00;1;27.96;27.96;55.92;Bueno;128.10;Regular
2026-05-06;00:00;8;24.71;6.50;13.00;Bueno;43.33;Bueno
2026-05-06;01:00;10;23.12;6.50;13.00;Bueno;43.33;Bueno
2026-05-06;02:00;6;21.67;6.50;13.00;Bueno;43.33;Bueno
2026-05-06;03:00;9;20.38;6.50;13.00;Bueno;43.33;Bueno
2026-05-06;04:00;10;18.88;6.50;13.00;Bueno;43.33;Bueno
2026-05-06;05:00;17;18.08;6.50;13.00;Bueno;43.33;Bueno
2026-05-06;06:00;4;16.75;6.50;13.00;Bueno;43.33;Bueno
2026-05-06;07:00;6;15.29;6.50;13.00;Bueno;43.33;Bueno
2026-05-06;08:00;9;13.79;6.50;13.00;Bueno;43.33;Bueno
2026-05-06;09:00;4;12.29;6.50;13.00;Bueno;43.33;Bueno
2026-05-06;10:00;1;10.58;6.50;13.00;Bueno;43.33;Bueno
2026-05-06;11:00;2;9.25;6.50;13.00;Bueno;43.33;Bueno
2026-05-06;12:00;1;8.12;6.50;13.00;Bueno;43.33;Bueno
2026-05-06;13:00;1;6.88;6.50;13.00;Bueno;43.33;Bueno
2026-05-06;14:00;1;6.00;6.50;13.00;Bueno;43.33;Bueno
2026-05-06;15:00;2;5.29;6.50;13.00;Bueno;43.33;Bueno
2026-05-06;16:00;3;4.71;6.50;13.00;Bueno;43.33;Bueno
2026-05-06;17:00;4;4.62;6.50;13.00;Bueno;43.33;Bueno
2026-05-06;18:00;6;4.71;6.50;13.00;Bueno;43.33;Bueno
2026-05-06;19:00;9;5.04;6.50;13.00;Bueno;43.33;Bueno
2026-05-06;20:00;12;5.50;6.50;13.00;Bueno;43.33;Bueno
2026-05-06;21:00;14;5.96;6.50;13.00;Bueno;43.33;Bueno
2026-05-06;22:00;11;6.29;6.50;13.00;Bueno;43.33;Bueno
2026-05-06;23:00;6;6.50;6.50;13.00;Bueno;43.33;Bueno
2026-05-07;00:00;7;6.46;9.04;18.08;Bueno;60.28;Bueno
2026-05-07;01:00;10;6.46;9.04;18.08;Bueno;60.28;Bueno
2026-05-07;02:00;13;6.75;9.04;18.08;Bueno;60.28;Bueno
2026-05-07;03:00;17;7.08;9.04;18.08;Bueno;60.28;Bueno
2026-05-07;04:00;14;7.25;9.04;18.08;Bueno;60.28;Bueno
2026-05-07;05:00;8;6.88;9.04;18.08;Bueno;60.28;Bueno
2026-05-07;06:00;7;7.00;9.04;18.08;Bueno;60.28;Bueno
2026-05-07;07:00;9;7.12;9.04;18.08;Bueno;60.28;Bueno
2026-05-07;08:00;19;7.54;9.04;18.08;Bueno;60.28;Bueno
2026-05-07;09:00;9;7.75;9.04;18.08;Bueno;60.28;Bueno
2026-05-07;10:00;6;7.96;9.04;18.08;Bueno;60.28;Bueno
2026-05-07;11:00;5;8.08;9.04;18.08;Bueno;60.28;Bueno
2026-05-07;12:00;4;8.21;9.04;18.08;Bueno;60.28;Bueno
2026-05-07;13:00;3;8.29;9.04;18.08;Bueno;60.28;Bueno
2026-05-07;14:00;3;8.38;9.04;18.08;Bueno;60.28;Bueno
2026-05-07;15:00;1;8.33;9.04;18.08;Bueno;60.28;Bueno
2026-05-07;16:00;2;8.29;9.04;18.08;Bueno;60.28;Bueno
2026-05-07;17:00;5;8.33;9.04;18.08;Bueno;60.28;Bueno
2026-05-07;18:00;9;8.46;9.04;18.08;Bueno;60.28;Bueno
2026-05-07;19:00;9;8.46;9.04;18.08;Bueno;60.28;Bueno
2026-05-07;20:00;10;8.38;9.04;18.08;Bueno;60.28;Bueno
2026-05-07;21:00;18;8.54;9.04;18.08;Bueno;60.28;Bueno
2026-05-07;22:00;15;8.71;9.04;18.08;Bueno;60.28;Bueno
2026-05-07;23:00;14;9.04;9.04;18.08;Bueno;60.28;Bueno
2026-05-08;00:00;30;10.00;17.67;35.33;Bueno;105.76;Regular
2026-05-08;01:00;40;11.25;17.67;35.33;Bueno;105.76;Regular
2026-05-08;02:00;33;12.08;17.67;35.33;Bueno;105.76;Regular
2026-05-08;03:00;21;12.25;17.67;35.33;Bueno;105.76;Regular
2026-05-08;04:00;25;12.71;17.67;35.33;Bueno;105.76;Regular
2026-05-08;05:00;22;13.29;17.67;35.33;Bueno;105.76;Regular
2026-05-08;06:00;14;13.58;17.67;35.33;Bueno;105.76;Regular
2026-05-08;07:00;18;13.96;17.67;35.33;Bueno;105.76;Regular
2026-05-08;08:00;32;14.50;17.67;35.33;Bueno;105.76;Regular
2026-05-08;09:00;25;15.17;17.67;35.33;Bueno;105.76;Regular
2026-05-08;10:00;17;15.62;17.67;35.33;Bueno;105.76;Regular
2026-05-08;11:00;9;15.79;17.67;35.33;Bueno;105.76;Regular
2026-05-08;12:00;11;16.08;17.67;35.33;Bueno;105.76;Regular
2026-05-08;13:00;9;16.33;17.67;35.33;Bueno;105.76;Regular
2026-05-08;14:00;9;16.58;17.67;35.33;Bueno;105.76;Regular
2026-05-08;15:00;10;16.96;17.67;35.33;Bueno;105.76;Regular
2026-05-08;16:00;10;17.29;17.67;35.33;Bueno;105.76;Regular
2026-05-08;17:00;13;17.62;17.67;35.33;Bueno;105.76;Regular
2026-05-08;18:00;12;17.75;17.67;35.33;Bueno;105.76;Regular
2026-05-08;19:00;12;17.88;17.67;35.33;Bueno;105.76;Regular
2026-05-08;20:00;14;18.04;17.67;35.33;Bueno;105.76;Regular
2026-05-08;21:00;13;17.83;17.67;35.33;Bueno;105.76;Regular
2026-05-08;22:00;13;17.75;17.67;35.33;Bueno;105.76;Regular
2026-05-08;23:00;12;17.67;17.67;35.33;Bueno;105.76;Regular
2026-05-09;00:00;;17.13;9.41;18.82;Bueno;62.73;Bueno
2026-05-09;01:00;;16.09;9.41;18.82;Bueno;62.73;Bueno
2026-05-09;02:00;9;15.00;9.41;18.82;Bueno;62.73;Bueno
2026-05-09;03:00;7;14.36;9.41;18.82;Bueno;62.73;Bueno
2026-05-09;04:00;7;13.55;9.41;18.82;Bueno;62.73;Bueno
2026-05-09;05:00;9;12.95;9.41;18.82;Bueno;62.73;Bueno
2026-05-09;06:00;10;12.77;9.41;18.82;Bueno;62.73;Bueno
2026-05-09;07:00;9;12.36;9.41;18.82;Bueno;62.73;Bueno
2026-05-09;08:00;7;11.23;9.41;18.82;Bueno;62.73;Bueno
2026-05-09;09:00;6;10.36;9.41;18.82;Bueno;62.73;Bueno
2026-05-09;10:00;6;9.86;9.41;18.82;Bueno;62.73;Bueno
2026-05-09;11:00;5;9.68;9.41;18.82;Bueno;62.73;Bueno
2026-05-09;12:00;1;9.23;9.41;18.82;Bueno;62.73;Bueno
2026-05-09;13:00;1;8.86;9.41;18.82;Bueno;62.73;Bueno
2026-05-09;14:00;1;8.50;9.41;18.82;Bueno;62.73;Bueno
2026-05-09;15:00;1;8.09;9.41;18.82;Bueno;62.73;Bueno
2026-05-09;16:00;1;7.68;9.41;18.82;Bueno;62.73;Bueno
2026-05-09;17:00;4;7.27;9.41;18.82;Bueno;62.73;Bueno
2026-05-09;18:00;10;7.18;9.41;18.82;Bueno;62.73;Bueno
2026-05-09;19:00;29;7.95;9.41;18.82;Bueno;62.73;Bueno
2026-05-09;20:00;28;8.59;9.41;18.82;Bueno;62.73;Bueno
2026-05-09;21:00;23;9.05;9.41;18.82;Bueno;62.73;Bueno
2026-05-09;22:00;16;9.18;9.41;18.82;Bueno;62.73;Bueno
2026-05-09;23:00;17;9.41;9.41;18.82;Bueno;62.73;Bueno
2026-05-10;00:00;;9.41;19.83;39.65;Bueno;110.44;Regular
2026-05-10;01:00;19;9.83;19.83;39.65;Bueno;110.44;Regular
2026-05-10;02:00;21;10.35;19.83;39.65;Bueno;110.44;Regular
2026-05-10;03:00;17;10.78;19.83;39.65;Bueno;110.44;Regular
2026-05-10;04:00;21;11.39;19.83;39.65;Bueno;110.44;Regular
2026-05-10;05:00;17;11.74;19.83;39.65;Bueno;110.44;Regular
2026-05-10;06:00;12;11.83;19.83;39.65;Bueno;110.44;Regular
2026-05-10;07:00;35;12.96;19.83;39.65;Bueno;110.44;Regular
2026-05-10;08:00;22;13.61;19.83;39.65;Bueno;110.44;Regular
2026-05-10;09:00;15;14.00;19.83;39.65;Bueno;110.44;Regular
2026-05-10;10:00;6;14.00;19.83;39.65;Bueno;110.44;Regular
2026-05-10;11:00;4;13.96;19.83;39.65;Bueno;110.44;Regular
2026-05-10;12:00;5;14.13;19.83;39.65;Bueno;110.44;Regular
2026-05-10;13:00;8;14.43;19.83;39.65;Bueno;110.44;Regular
2026-05-10;14:00;9;14.78;19.83;39.65;Bueno;110.44;Regular
2026-05-10;15:00;7;15.04;19.83;39.65;Bueno;110.44;Regular
2026-05-10;16:00;4;15.17;19.83;39.65;Bueno;110.44;Regular
2026-05-10;17:00;6;15.26;19.83;39.65;Bueno;110.44;Regular
2026-05-10;18:00;15;15.48;19.83;39.65;Bueno;110.44;Regular
2026-05-10;19:00;42;16.04;19.83;39.65;Bueno;110.44;Regular
2026-05-10;20:00;55;17.22;19.83;39.65;Bueno;110.44;Regular
2026-05-10;21:00;46;18.22;19.83;39.65;Bueno;110.44;Regular
2026-05-10;22:00;37;19.13;19.83;39.65;Bueno;110.44;Regular
2026-05-10;23:00;33;19.83;19.83;39.65;Bueno;110.44;Regular
2026-05-11;00:00;;19.83;37.73;75.45;Bueno;149.45;Regular
2026-05-11;01:00;;19.86;37.73;75.45;Bueno;149.45;Regular
2026-05-11;02:00;39;20.68;37.73;75.45;Bueno;149.45;Regular
2026-05-11;03:00;26;21.09;37.73;75.45;Bueno;149.45;Regular
2026-05-11;04:00;25;21.27;37.73;75.45;Bueno;149.45;Regular
2026-05-11;05:00;19;21.36;37.73;75.45;Bueno;149.45;Regular
2026-05-11;06:00;23;21.86;37.73;75.45;Bueno;149.45;Regular
2026-05-11;07:00;15;20.95;37.73;75.45;Bueno;149.45;Regular
2026-05-11;08:00;21;20.91;37.73;75.45;Bueno;149.45;Regular
2026-05-11;09:00;29;21.55;37.73;75.45;Bueno;149.45;Regular
2026-05-11;10:00;17;22.05;37.73;75.45;Bueno;149.45;Regular
2026-05-11;11:00;21;22.82;37.73;75.45;Bueno;149.45;Regular
2026-05-11;12:00;31;24.00;37.73;75.45;Bueno;149.45;Regular
2026-05-11;13:00;26;24.82;37.73;75.45;Bueno;149.45;Regular
2026-05-11;14:00;24;25.50;37.73;75.45;Bueno;149.45;Regular
2026-05-11;15:00;19;26.05;37.73;75.45;Bueno;149.45;Regular
2026-05-11;16:00;21;26.82;37.73;75.45;Bueno;149.45;Regular
2026-05-11;17:00;32;28.00;37.73;75.45;Bueno;149.45;Regular
2026-05-11;18:00;34;28.86;37.73;75.45;Bueno;149.45;Regular
2026-05-11;19:00;99;31.45;37.73;75.45;Bueno;149.45;Regular
2026-05-11;20:00;90;33.05;37.73;75.45;Bueno;149.45;Regular
2026-05-11;21:00;70;34.14;37.73;75.45;Bueno;149.45;Regular
2026-05-11;22:00;89;36.50;37.73;75.45;Bueno;149.45;Regular
2026-05-11;23:00;60;37.73;37.73;75.45;Bueno;149.45;Regular
2026-05-12;00:00;46;38.09;33.33;66.67;Bueno;139.83;Regular
2026-05-12;01:00;66;39.25;33.33;66.67;Bueno;139.83;Regular
2026-05-12;02:00;61;40.17;33.33;66.67;Bueno;139.83;Regular
2026-05-12;03:00;37;40.62;33.33;66.67;Bueno;139.83;Regular
2026-05-12;04:00;26;40.67;33.33;66.67;Bueno;139.83;Regular
2026-05-12;05:00;21;40.75;33.33;66.67;Bueno;139.83;Regular
2026-05-12;06:00;24;40.79;33.33;66.67;Bueno;139.83;Regular
2026-05-12;07:00;25;41.21;33.33;66.67;Bueno;139.83;Regular
2026-05-12;08:00;27;41.46;33.33;66.67;Bueno;139.83;Regular
2026-05-12;09:00;21;41.12;33.33;66.67;Bueno;139.83;Regular
2026-05-12;10:00;17;41.12;33.33;66.67;Bueno;139.83;Regular
2026-05-12;11:00;14;40.83;33.33;66.67;Bueno;139.83;Regular
2026-05-12;12:00;18;40.29;33.33;66.67;Bueno;139.83;Regular
2026-05-12;13:00;25;40.25;33.33;66.67;Bueno;139.83;Regular
2026-05-12;14:00;27;40.38;33.33;66.67;Bueno;139.83;Regular
2026-05-12;15:00;31;40.88;33.33;66.67;Bueno;139.83;Regular
2026-05-12;16:00;33;41.38;33.33;66.67;Bueno;139.83;Regular
2026-05-12;17:00;36;41.54;33.33;66.67;Bueno;139.83;Regular
2026-05-12;18:00;40;41.79;33.33;66.67;Bueno;139.83;Regular
2026-05-12;19:00;41;39.38;33.33;66.67;Bueno;139.83;Regular
2026-05-12;20:00;42;37.38;33.33;66.67;Bueno;139.83;Regular
2026-05-12;21:00;42;36.21;33.33;66.67;Bueno;139.83;Regular
2026-05-12;22:00;40;34.17;33.33;66.67;Bueno;139.83;Regular
2026-05-12;23:00;40;33.33;33.33;66.67;Bueno;139.83;Regular
2026-05-13;00:00;43;33.21;42.54;85.08;Bueno;160.01;Regular
2026-05-13;01:00;34;31.88;42.54;85.08;Bueno;160.01;Regular
2026-05-13;02:00;37;30.88;42.54;85.08;Bueno;160.01;Regular
2026-05-13;03:00;34;30.75;42.54;85.08;Bueno;160.01;Regular
2026-05-13;04:00;35;31.12;42.54;85.08;Bueno;160.01;Regular
2026-05-13;05:00;38;31.83;42.54;85.08;Bueno;160.01;Regular
2026-05-13;06:00;34;32.25;42.54;85.08;Bueno;160.01;Regular
2026-05-13;07:00;39;32.83;42.54;85.08;Bueno;160.01;Regular
2026-05-13;08:00;31;33.00;42.54;85.08;Bueno;160.01;Regular
2026-05-13;09:00;27;33.25;42.54;85.08;Bueno;160.01;Regular
2026-05-13;10:00;30;33.79;42.54;85.08;Bueno;160.01;Regular
2026-05-13;11:00;33;34.58;42.54;85.08;Bueno;160.01;Regular
2026-05-13;12:00;31;35.12;42.54;85.08;Bueno;160.01;Regular
2026-05-13;13:00;33;35.46;42.54;85.08;Bueno;160.01;Regular
2026-05-13;14:00;29;35.54;42.54;85.08;Bueno;160.01;Regular
2026-05-13;15:00;39;35.88;42.54;85.08;Bueno;160.01;Regular
2026-05-13;16:00;37;36.04;42.54;85.08;Bueno;160.01;Regular
2026-05-13;17:00;41;36.25;42.54;85.08;Bueno;160.01;Regular
2026-05-13;18:00;55;36.88;42.54;85.08;Bueno;160.01;Regular
2026-05-13;19:00;63;37.79;42.54;85.08;Bueno;160.01;Regular
2026-05-13;20:00;54;38.29;42.54;85.08;Bueno;160.01;Regular
2026-05-13;21:00;77;39.75;42.54;85.08;Bueno;160.01;Regular
2026-05-13;22:00;88;41.75;42.54;85.08;Bueno;160.01;Regular
2026-05-13;23:00;59;42.54;42.54;85.08;Bueno;160.01;Regular
2026-05-14;00:00;60;43.25;52.78;109.28;Regular;182.60;Regular
2026-05-14;01:00;52;44.00;52.78;109.28;Regular;182.60;Regular
2026-05-14;02:00;44;44.29;52.78;109.28;Regular;182.60;Regular
2026-05-14;03:00;41;44.58;52.78;109.28;Regular;182.60;Regular
2026-05-14;04:00;35;44.58;52.78;109.28;Regular;182.60;Regular
2026-05-14;05:00;41;44.71;52.78;109.28;Regular;182.60;Regular
2026-05-14;06:00;35;44.75;52.78;109.28;Regular;182.60;Regular
2026-05-14;07:00;33;44.50;52.78;109.28;Regular;182.60;Regular
2026-05-14;08:00;32;44.54;52.78;109.28;Regular;182.60;Regular
2026-05-14;09:00;16;44.08;52.78;109.28;Regular;182.60;Regular
2026-05-14;10:00;23;43.79;52.78;109.28;Regular;182.60;Regular
2026-05-14;11:00;23;43.38;52.78;109.28;Regular;182.60;Regular
2026-05-14;12:00;21;42.96;52.78;109.28;Regular;182.60;Regular
2026-05-14;13:00;27;42.71;52.78;109.28;Regular;182.60;Regular
2026-05-14;14:00;;43.30;52.78;109.28;Regular;182.60;Regular
2026-05-14;15:00;31;42.96;52.78;109.28;Regular;182.60;Regular
2026-05-14;16:00;31;42.70;52.78;109.28;Regular;182.60;Regular
2026-05-14;17:00;69;43.91;52.78;109.28;Regular;182.60;Regular
2026-05-14;18:00;81;45.04;52.78;109.28;Regular;182.60;Regular
2026-05-14;19:00;99;46.61;52.78;109.28;Regular;182.60;Regular
2026-05-14;20:00;87;48.04;52.78;109.28;Regular;182.60;Regular
2026-05-14;21:00;108;49.39;52.78;109.28;Regular;182.60;Regular
2026-05-14;22:00;112;50.43;52.78;109.28;Regular;182.60;Regular
2026-05-14;23:00;113;52.78;52.78;109.28;Regular;182.60;Regular
2026-05-15;00:00;89;54.04;57.79;125.97;Regular;193.71;Regular
2026-05-15;01:00;96;55.96;57.79;125.97;Regular;193.71;Regular
2026-05-15;02:00;105;58.61;57.79;125.97;Regular;193.71;Regular
2026-05-15;03:00;111;61.65;57.79;125.97;Regular;193.71;Regular
2026-05-15;04:00;85;63.83;57.79;125.97;Regular;193.71;Regular
2026-05-15;05:00;69;65.04;57.79;125.97;Regular;193.71;Regular
2026-05-15;06:00;75;66.78;57.79;125.97;Regular;193.71;Regular
2026-05-15;07:00;76;68.65;57.79;125.97;Regular;193.71;Regular
2026-05-15;08:00;95;71.39;57.79;125.97;Regular;193.71;Regular
2026-05-15;09:00;76;74.00;57.79;125.97;Regular;193.71;Regular
2026-05-15;10:00;68;75.96;57.79;125.97;Regular;193.71;Regular
2026-05-15;11:00;44;76.87;57.79;125.97;Regular;193.71;Regular
2026-05-15;12:00;44;77.87;57.79;125.97;Regular;193.71;Regular
2026-05-15;13:00;42;78.52;57.79;125.97;Regular;193.71;Regular
2026-05-15;14:00;38;76.83;57.79;125.97;Regular;193.71;Regular
2026-05-15;15:00;23;76.50;57.79;125.97;Regular;193.71;Regular
2026-05-15;16:00;16;75.88;57.79;125.97;Regular;193.71;Regular
2026-05-15;17:00;17;73.71;57.79;125.97;Regular;193.71;Regular
2026-05-15;18:00;32;71.67;57.79;125.97;Regular;193.71;Regular
2026-05-15;19:00;44;69.38;57.79;125.97;Regular;193.71;Regular
2026-05-15;20:00;88;69.42;57.79;125.97;Regular;193.71;Regular
2026-05-15;21:00;22;65.83;57.79;125.97;Regular;193.71;Regular
2026-05-15;22:00;18;61.92;57.79;125.97;Regular;193.71;Regular
2026-05-15;23:00;14;57.79;57.79;125.97;Regular;193.71;Regular
2026-05-16;00:00;14;54.67;22.33;44.67;Bueno;115.88;Regular
2026-05-16;01:00;12;51.17;22.33;44.67;Bueno;115.88;Regular
2026-05-16;02:00;13;47.33;22.33;44.67;Bueno;115.88;Regular
2026-05-16;03:00;11;43.17;22.33;44.67;Bueno;115.88;Regular
2026-05-16;04:00;6;39.88;22.33;44.67;Bueno;115.88;Regular
2026-05-16;05:00;4;37.17;22.33;44.67;Bueno;115.88;Regular
2026-05-16;06:00;5;34.25;22.33;44.67;Bueno;115.88;Regular
2026-05-16;07:00;7;31.38;22.33;44.67;Bueno;115.88;Regular
2026-05-16;08:00;7;27.71;22.33;44.67;Bueno;115.88;Regular
2026-05-16;09:00;9;24.92;22.33;44.67;Bueno;115.88;Regular
2026-05-16;10:00;11;22.54;22.33;44.67;Bueno;115.88;Regular
2026-05-16;11:00;10;21.12;22.33;44.67;Bueno;115.88;Regular
2026-05-16;12:00;10;19.71;22.33;44.67;Bueno;115.88;Regular
2026-05-16;13:00;11;18.42;22.33;44.67;Bueno;115.88;Regular
2026-05-16;14:00;9;17.21;22.33;44.67;Bueno;115.88;Regular
2026-05-16;15:00;16;16.92;22.33;44.67;Bueno;115.88;Regular
2026-05-16;16:00;21;17.12;22.33;44.67;Bueno;115.88;Regular
2026-05-16;17:00;37;17.96;22.33;44.67;Bueno;115.88;Regular
2026-05-16;18:00;47;18.58;22.33;44.67;Bueno;115.88;Regular
2026-05-16;19:00;48;18.75;22.33;44.67;Bueno;115.88;Regular
2026-05-16;20:00;49;17.12;22.33;44.67;Bueno;115.88;Regular
2026-05-16;21:00;51;18.33;22.33;44.67;Bueno;115.88;Regular
2026-05-16;22:00;60;20.08;22.33;44.67;Bueno;115.88;Regular
2026-05-16;23:00;68;22.33;22.33;44.67;Bueno;115.88;Regular
2026-05-17;00:00;45;23.62;38.42;76.83;Bueno;150.96;Regular
2026-05-17;01:00;38;24.71;38.42;76.83;Bueno;150.96;Regular
2026-05-17;02:00;37;25.71;38.42;76.83;Bueno;150.96;Regular
2026-05-17;03:00;36;26.75;38.42;76.83;Bueno;150.96;Regular
2026-05-17;04:00;24;27.50;38.42;76.83;Bueno;150.96;Regular
2026-05-17;05:00;26;28.42;38.42;76.83;Bueno;150.96;Regular
2026-05-17;06:00;29;29.42;38.42;76.83;Bueno;150.96;Regular
2026-05-17;07:00;21;30.00;38.42;76.83;Bueno;150.96;Regular
2026-05-17;08:00;26;30.79;38.42;76.83;Bueno;150.96;Regular
2026-05-17;09:00;23;31.38;38.42;76.83;Bueno;150.96;Regular
2026-05-17;10:00;24;31.92;38.42;76.83;Bueno;150.96;Regular
2026-05-17;11:00;21;32.38;38.42;76.83;Bueno;150.96;Regular
2026-05-17;12:00;26;33.04;38.42;76.83;Bueno;150.96;Regular
2026-05-17;13:00;26;33.67;38.42;76.83;Bueno;150.96;Regular
2026-05-17;14:00;26;34.38;38.42;76.83;Bueno;150.96;Regular
2026-05-17;15:00;37;35.25;38.42;76.83;Bueno;150.96;Regular
2026-05-17;16:00;27;35.50;38.42;76.83;Bueno;150.96;Regular
2026-05-17;17:00;40;35.62;38.42;76.83;Bueno;150.96;Regular
2026-05-17;18:00;57;36.04;38.42;76.83;Bueno;150.96;Regular
2026-05-17;19:00;53;36.25;38.42;76.83;Bueno;150.96;Regular
2026-05-17;20:00;61;36.75;38.42;76.83;Bueno;150.96;Regular
2026-05-17;21:00;80;37.96;38.42;76.83;Bueno;150.96;Regular
2026-05-17;22:00;79;38.75;38.42;76.83;Bueno;150.96;Regular
2026-05-17;23:00;60;38.42;38.42;76.83;Bueno;150.96;Regular
2026-05-18;00:00;64;39.21;61.25;137.50;Regular;201.40;Alerta
2026-05-18;01:00;66;40.38;61.25;137.50;Regular;201.40;Alerta
2026-05-18;02:00;46;40.75;61.25;137.50;Regular;201.40;Alerta
2026-05-18;03:00;36;40.75;61.25;137.50;Regular;201.40;Alerta
2026-05-18;04:00;35;41.21;61.25;137.50;Regular;201.40;Alerta
2026-05-18;05:00;33;41.50;61.25;137.50;Regular;201.40;Alerta
2026-05-18;06:00;32;41.62;61.25;137.50;Regular;201.40;Alerta
2026-05-18;07:00;34;42.17;61.25;137.50;Regular;201.40;Alerta
2026-05-18;08:00;39;42.71;61.25;137.50;Regular;201.40;Alerta
2026-05-18;09:00;41;43.46;61.25;137.50;Regular;201.40;Alerta
2026-05-18;10:00;39;44.08;61.25;137.50;Regular;201.40;Alerta
2026-05-18;11:00;54;45.46;61.25;137.50;Regular;201.40;Alerta
2026-05-18;12:00;69;47.25;61.25;137.50;Regular;201.40;Alerta
2026-05-18;13:00;68;49.00;61.25;137.50;Regular;201.40;Alerta
2026-05-18;14:00;64;50.58;61.25;137.50;Regular;201.40;Alerta
2026-05-18;15:00;59;51.50;61.25;137.50;Regular;201.40;Alerta
2026-05-18;16:00;59;52.83;61.25;137.50;Regular;201.40;Alerta
2026-05-18;17:00;68;54.00;61.25;137.50;Regular;201.40;Alerta
2026-05-18;18:00;89;55.33;61.25;137.50;Regular;201.40;Alerta
2026-05-18;19:00;97;57.17;61.25;137.50;Regular;201.40;Alerta
2026-05-18;20:00;93;58.50;61.25;137.50;Regular;201.40;Alerta
2026-05-18;21:00;101;59.38;61.25;137.50;Regular;201.40;Alerta
2026-05-18;22:00;89;59.79;61.25;137.50;Regular;201.40;Alerta
2026-05-18;23:00;95;61.25;61.25;137.50;Regular;201.40;Alerta
2026-05-19;00:00;91;62.38;81.75;205.83;Alerta;247.32;Alerta
2026-05-19;01:00;88;63.29;81.75;205.83;Alerta;247.32;Alerta
2026-05-19;02:00;77;64.58;81.75;205.83;Alerta;247.32;Alerta
2026-05-19;03:00;76;66.25;81.75;205.83;Alerta;247.32;Alerta
2026-05-19;04:00;74;67.88;81.75;205.83;Alerta;247.32;Alerta
2026-05-19;05:00;75;69.62;81.75;205.83;Alerta;247.32;Alerta
2026-05-19;06:00;72;71.29;81.75;205.83;Alerta;247.32;Alerta
2026-05-19;07:00;74;72.96;81.75;205.83;Alerta;247.32;Alerta
2026-05-19;08:00;83;74.79;81.75;205.83;Alerta;247.32;Alerta
2026-05-19;09:00;95;77.04;81.75;205.83;Alerta;247.32;Alerta
2026-05-19;10:00;98;79.50;81.75;205.83;Alerta;247.32;Alerta
2026-05-19;11:00;99;81.38;81.75;205.83;Alerta;247.32;Alerta
2026-05-19;12:00;50;80.58;81.75;205.83;Alerta;247.32;Alerta
2026-05-19;13:00;51;79.88;81.75;205.83;Alerta;247.32;Alerta
2026-05-19;14:00;53;79.42;81.75;205.83;Alerta;247.32;Alerta
2026-05-19;15:00;59;79.42;81.75;205.83;Alerta;247.32;Alerta
2026-05-19;16:00;39;78.58;81.75;205.83;Alerta;247.32;Alerta
2026-05-19;17:00;52;77.92;81.75;205.83;Alerta;247.32;Alerta
2026-05-19;18:00;107;78.67;81.75;205.83;Alerta;247.32;Alerta
2026-05-19;19:00;141;80.50;81.75;205.83;Alerta;247.32;Alerta
2026-05-19;20:00;117;81.50;81.75;205.83;Alerta;247.32;Alerta
2026-05-19;21:00;98;81.38;81.75;205.83;Alerta;247.32;Alerta
2026-05-19;22:00;93;81.54;81.75;205.83;Alerta;247.32;Alerta
2026-05-19;23:00;100;81.75;81.75;205.83;Alerta;247.32;Alerta
2026-05-20;00:00;;81.35;80.84;202.81;Alerta;245.27;Alerta
2026-05-20;01:00;88;81.35;80.84;202.81;Alerta;245.27;Alerta
2026-05-20;02:00;87;81.78;80.84;202.81;Alerta;245.27;Alerta
2026-05-20;03:00;82;82.04;80.84;202.81;Alerta;245.27;Alerta
2026-05-20;04:00;93;82.87;80.84;202.81;Alerta;245.27;Alerta
2026-05-20;05:00;77;82.96;80.84;202.81;Alerta;245.27;Alerta
2026-05-20;06:00;89;83.70;80.84;202.81;Alerta;245.27;Alerta
2026-05-20;07:00;84;84.13;80.84;202.81;Alerta;245.27;Alerta
2026-05-20;08:00;97;84.74;80.84;202.81;Alerta;245.27;Alerta
2026-05-20;09:00;90;84.52;80.84;202.81;Alerta;245.27;Alerta
2026-05-20;10:00;97;84.48;80.84;202.81;Alerta;245.27;Alerta
2026-05-20;11:00;135;86.04;80.84;202.81;Alerta;245.27;Alerta
2026-05-20;12:00;90;87.78;80.84;202.81;Alerta;245.27;Alerta
2026-05-20;13:00;66;88.43;80.84;202.81;Alerta;245.27;Alerta
2026-05-20;14:00;70;89.17;80.84;202.81;Alerta;245.27;Alerta
2026-05-20;15:00;;90.55;80.84;202.81;Alerta;245.27;Alerta
2026-05-20;16:00;;93.00;80.84;202.81;Alerta;245.27;Alerta
2026-05-20;17:00;;95.05;80.84;202.81;Alerta;245.27;Alerta
2026-05-20;18:00;60;92.70;80.84;202.81;Alerta;245.27;Alerta
2026-05-20;19:00;43;87.80;80.84;202.81;Alerta;245.27;Alerta
2026-05-20;20:00;65;85.20;80.84;202.81;Alerta;245.27;Alerta
2026-05-20;21:00;71;83.85;80.84;202.81;Alerta;245.27;Alerta
2026-05-20;22:00;52;81.80;80.84;202.81;Alerta;245.27;Alerta
2026-05-20;23:00;;80.84;80.84;202.81;Alerta;245.27;Alerta
2026-05-21;00:00;;80.84;;;;;
2026-05-21;01:00;50;78.84;;;;;
2026-05-21;02:00;47;76.74;;;;;
2026-05-21;03:00;32;74.11;;;;;
2026-05-21;04:00;26;70.58;;;;;
2026-05-21;05:00;;70.22;;;;;
2026-05-21;06:00;32;67.06;;;;;
2026-05-21;07:00;;;;;;;
2026-05-21;08:00;;;;;;;
2026-05-21;09:00;;;;;;;
2026-05-21;10:00;;;;;;;
2026-05-21;11:00;;;;;;;
2026-05-21;12:00;;;;;;;
2026-05-21;13:00;;;;;;;
2026-05-21;14:00;;;;;;;
2026-05-21;15:00;;;;;;;
2026-05-21;16:00;;;;;;;
2026-05-21;17:00;41;;;;;;
2026-05-21;18:00;43;;;;;;
2026-05-21;19:00;45;;;;;;
2026-05-21;20:00;51;;;;;;
2026-05-21;21:00;45;;;;;;
2026-05-21;22:00;48;;;;;;
2026-05-21;23:00;50;;;;;;
2026-05-22;00:00;47;;56.36;121.21;Regular;190.54;Regular
2026-05-22;01:00;49;;56.36;121.21;Regular;190.54;Regular
2026-05-22;02:00;50;;56.36;121.21;Regular;190.54;Regular
2026-05-22;03:00;46;;56.36;121.21;Regular;190.54;Regular
2026-05-22;04:00;39;;56.36;121.21;Regular;190.54;Regular
2026-05-22;05:00;40;;56.36;121.21;Regular;190.54;Regular
2026-05-22;06:00;28;;56.36;121.21;Regular;190.54;Regular
2026-05-22;07:00;26;;56.36;121.21;Regular;190.54;Regular
2026-05-22;08:00;24;;56.36;121.21;Regular;190.54;Regular
2026-05-22;09:00;22;;56.36;121.21;Regular;190.54;Regular
2026-05-22;10:00;20;39.67;56.36;121.21;Regular;190.54;Regular
2026-05-22;11:00;27;39.00;56.36;121.21;Regular;190.54;Regular
2026-05-22;12:00;23;38.20;56.36;121.21;Regular;190.54;Regular
2026-05-22;13:00;29;37.76;56.36;121.21;Regular;190.54;Regular
2026-05-22;14:00;;37.76;56.36;121.21;Regular;190.54;Regular
2026-05-22;15:00;;37.76;56.36;121.21;Regular;190.54;Regular
2026-05-22;16:00;33;37.55;56.36;121.21;Regular;190.54;Regular
2026-05-22;17:00;32;37.14;56.36;121.21;Regular;190.54;Regular
2026-05-22;18:00;49;37.41;56.36;121.21;Regular;190.54;Regular
2026-05-22;19:00;78;38.91;56.36;121.21;Regular;190.54;Regular
2026-05-22;20:00;126;42.32;56.36;121.21;Regular;190.54;Regular
2026-05-22;21:00;184;48.64;56.36;121.21;Regular;190.54;Regular
2026-05-22;22:00;149;53.23;56.36;121.21;Regular;190.54;Regular
2026-05-22;23:00;119;56.36;56.36;121.21;Regular;190.54;Regular
2026-05-23;00:00;113;59.36;53.04;110.14;Regular;183.18;Regular
2026-05-23;01:00;73;60.45;53.04;110.14;Regular;183.18;Regular
2026-05-23;02:00;73;61.50;53.04;110.14;Regular;183.18;Regular
2026-05-23;03:00;60;62.14;53.04;110.14;Regular;183.18;Regular
2026-05-23;04:00;;63.24;53.04;110.14;Regular;183.18;Regular
2026-05-23;05:00;56;64.00;53.04;110.14;Regular;183.18;Regular
2026-05-23;06:00;46;64.86;53.04;110.14;Regular;183.18;Regular
2026-05-23;07:00;47;65.86;53.04;110.14;Regular;183.18;Regular
2026-05-23;08:00;53;67.24;53.04;110.14;Regular;183.18;Regular
2026-05-23;09:00;62;69.14;53.04;110.14;Regular;183.18;Regular
2026-05-23;10:00;67;71.38;53.04;110.14;Regular;183.18;Regular
2026-05-23;11:00;62;73.05;53.04;110.14;Regular;183.18;Regular
2026-05-23;12:00;53;74.48;53.04;110.14;Regular;183.18;Regular
2026-05-23;13:00;32;74.62;53.04;110.14;Regular;183.18;Regular
2026-05-23;14:00;32;72.68;53.04;110.14;Regular;183.18;Regular
2026-05-23;15:00;24;70.57;53.04;110.14;Regular;183.18;Regular
2026-05-23;16:00;27;70.30;53.04;110.14;Regular;183.18;Regular
2026-05-23;17:00;34;70.39;53.04;110.14;Regular;183.18;Regular
2026-05-23;18:00;39;69.96;53.04;110.14;Regular;183.18;Regular
2026-05-23;19:00;50;68.74;53.04;110.14;Regular;183.18;Regular
2026-05-23;20:00;47;65.30;53.04;110.14;Regular;183.18;Regular
2026-05-23;21:00;58;59.83;53.04;110.14;Regular;183.18;Regular
2026-05-23;22:00;57;55.83;53.04;110.14;Regular;183.18;Regular
2026-05-23;23:00;55;53.04;53.04;110.14;Regular;183.18;Regular
2026-05-24;00:00;47;50.17;54.23;114.09;Regular;185.80;Regular
2026-05-24;01:00;51;49.22;54.23;114.09;Regular;185.80;Regular
2026-05-24;02:00;48;48.13;54.23;114.09;Regular;185.80;Regular
2026-05-24;03:00;43;47.39;54.23;114.09;Regular;185.80;Regular
2026-05-24;04:00;39;47.04;54.23;114.09;Regular;185.80;Regular
2026-05-24;05:00;42;46.46;54.23;114.09;Regular;185.80;Regular
2026-05-24;06:00;35;46.00;54.23;114.09;Regular;185.80;Regular
2026-05-24;07:00;34;45.46;54.23;114.09;Regular;185.80;Regular
2026-05-24;08:00;54;45.50;54.23;114.09;Regular;185.80;Regular
2026-05-24;09:00;47;44.88;54.23;114.09;Regular;185.80;Regular
2026-05-24;10:00;48;44.08;54.23;114.09;Regular;185.80;Regular
2026-05-24;11:00;40;43.17;54.23;114.09;Regular;185.80;Regular
2026-05-24;12:00;52;43.12;54.23;114.09;Regular;185.80;Regular
2026-05-24;13:00;59;44.25;54.23;114.09;Regular;185.80;Regular
2026-05-24;14:00;53;45.12;54.23;114.09;Regular;185.80;Regular
2026-05-24;15:00;59;46.58;54.23;114.09;Regular;185.80;Regular
2026-05-24;16:00;47;47.42;54.23;114.09;Regular;185.80;Regular
2026-05-24;17:00;55;48.29;54.23;114.09;Regular;185.80;Regular
2026-05-24;18:00;;48.70;54.23;114.09;Regular;185.80;Regular
2026-05-24;19:00;;48.64;54.23;114.09;Regular;185.80;Regular
2026-05-24;20:00;71;49.73;54.23;114.09;Regular;185.80;Regular
2026-05-24;21:00;83;50.86;54.23;114.09;Regular;185.80;Regular
2026-05-24;22:00;93;52.50;54.23;114.09;Regular;185.80;Regular
2026-05-24;23:00;93;54.23;54.23;114.09;Regular;185.80;Regular
2026-05-25;00:00;67;55.14;62.46;141.53;Regular;204.09;Alerta
2026-05-25;01:00;63;55.68;62.46;141.53;Regular;204.09;Alerta
2026-05-25;02:00;57;56.09;62.46;141.53;Regular;204.09;Alerta
2026-05-25;03:00;56;56.68;62.46;141.53;Regular;204.09;Alerta
2026-05-25;04:00;42;56.82;62.46;141.53;Regular;204.09;Alerta
2026-05-25;05:00;35;56.50;62.46;141.53;Regular;204.09;Alerta
2026-05-25;06:00;35;56.50;62.46;141.53;Regular;204.09;Alerta
2026-05-25;07:00;38;56.68;62.46;141.53;Regular;204.09;Alerta
2026-05-25;08:00;51;56.55;62.46;141.53;Regular;204.09;Alerta
2026-05-25;09:00;46;56.50;62.46;141.53;Regular;204.09;Alerta
2026-05-25;10:00;44;56.32;62.46;141.53;Regular;204.09;Alerta
2026-05-25;11:00;59;57.18;62.46;141.53;Regular;204.09;Alerta
2026-05-25;12:00;85;58.68;62.46;141.53;Regular;204.09;Alerta
2026-05-25;13:00;74;59.36;62.46;141.53;Regular;204.09;Alerta
2026-05-25;14:00;75;60.36;62.46;141.53;Regular;204.09;Alerta
2026-05-25;15:00;67;60.73;62.46;141.53;Regular;204.09;Alerta
2026-05-25;16:00;78;62.14;62.46;141.53;Regular;204.09;Alerta
2026-05-25;17:00;68;62.73;62.46;141.53;Regular;204.09;Alerta
2026-05-25;18:00;68;62.96;62.46;141.53;Regular;204.09;Alerta
2026-05-25;19:00;81;63.71;62.46;141.53;Regular;204.09;Alerta
2026-05-25;20:00;80;64.08;62.46;141.53;Regular;204.09;Alerta
2026-05-25;21:00;83;64.08;62.46;141.53;Regular;204.09;Alerta
2026-05-25;22:00;75;63.33;62.46;141.53;Regular;204.09;Alerta
2026-05-25;23:00;72;62.46;62.46;141.53;Regular;204.09;Alerta
2026-05-26;00:00;71;62.62;81.45;204.85;Alerta;246.65;Alerta
2026-05-26;01:00;72;63.00;81.45;204.85;Alerta;246.65;Alerta
2026-05-26;02:00;67;63.42;81.45;204.85;Alerta;246.65;Alerta
2026-05-26;03:00;58;63.50;81.45;204.85;Alerta;246.65;Alerta
2026-05-26;04:00;56;64.08;81.45;204.85;Alerta;246.65;Alerta
2026-05-26;05:00;60;65.12;81.45;204.85;Alerta;246.65;Alerta
2026-05-26;06:00;58;66.08;81.45;204.85;Alerta;246.65;Alerta
2026-05-26;07:00;60;67.00;81.45;204.85;Alerta;246.65;Alerta
2026-05-26;08:00;70;67.79;81.45;204.85;Alerta;246.65;Alerta
2026-05-26;09:00;58;68.29;81.45;204.85;Alerta;246.65;Alerta
2026-05-26;10:00;56;68.79;81.45;204.85;Alerta;246.65;Alerta
2026-05-26;11:00;;69.22;81.45;204.85;Alerta;246.65;Alerta
2026-05-26;12:00;;68.50;81.45;204.85;Alerta;246.65;Alerta
2026-05-26;13:00;63;68.00;81.45;204.85;Alerta;246.65;Alerta
2026-05-26;14:00;62;67.41;81.45;204.85;Alerta;246.65;Alerta
2026-05-26;15:00;57;66.95;81.45;204.85;Alerta;246.65;Alerta
2026-05-26;16:00;55;65.91;81.45;204.85;Alerta;246.65;Alerta
2026-05-26;17:00;66;65.82;81.45;204.85;Alerta;246.65;Alerta
2026-05-26;18:00;121;68.23;81.45;204.85;Alerta;246.65;Alerta
2026-05-26;19:00;121;70.05;81.45;204.85;Alerta;246.65;Alerta
2026-05-26;20:00;118;71.77;81.45;204.85;Alerta;246.65;Alerta
2026-05-26;21:00;93;72.23;81.45;204.85;Alerta;246.65;Alerta
2026-05-26;22:00;121;74.32;81.45;204.85;Alerta;246.65;Alerta
2026-05-26;23:00;229;81.45;81.45;204.85;Alerta;246.65;Alerta
2026-05-27;00:00;81;81.91;40.21;80.42;Bueno;154.89;Regular
2026-05-27;01:00;67;81.68;40.21;80.42;Bueno;154.89;Regular
2026-05-27;02:00;55;81.14;40.21;80.42;Bueno;154.89;Regular
2026-05-27;03:00;45;80.55;40.21;80.42;Bueno;154.89;Regular
2026-05-27;04:00;74;81.36;40.21;80.42;Bueno;154.89;Regular
2026-05-27;05:00;49;80.86;40.21;80.42;Bueno;154.89;Regular
2026-05-27;06:00;19;79.09;40.21;80.42;Bueno;154.89;Regular
2026-05-27;07:00;31;77.77;40.21;80.42;Bueno;154.89;Regular
2026-05-27;08:00;34;76.14;40.21;80.42;Bueno;154.89;Regular
2026-05-27;09:00;35;75.09;40.21;80.42;Bueno;154.89;Regular
2026-05-27;10:00;40;74.36;40.21;80.42;Bueno;154.89;Regular
2026-05-27;11:00;38;72.78;40.21;80.42;Bueno;154.89;Regular
2026-05-27;12:00;22;70.67;40.21;80.42;Bueno;154.89;Regular
2026-05-27;13:00;24;69.04;40.21;80.42;Bueno;154.89;Regular
2026-05-27;14:00;23;67.42;40.21;80.42;Bueno;154.89;Regular
2026-05-27;15:00;20;65.88;40.21;80.42;Bueno;154.89;Regular
2026-05-27;16:00;30;64.83;40.21;80.42;Bueno;154.89;Regular
2026-05-27;17:00;25;63.12;40.21;80.42;Bueno;154.89;Regular
2026-05-27;18:00;31;59.38;40.21;80.42;Bueno;154.89;Regular
2026-05-27;19:00;41;56.04;40.21;80.42;Bueno;154.89;Regular
2026-05-27;20:00;41;52.83;40.21;80.42;Bueno;154.89;Regular
2026-05-27;21:00;48;50.96;40.21;80.42;Bueno;154.89;Regular
2026-05-27;22:00;45;47.79;40.21;80.42;Bueno;154.89;Regular
2026-05-27;23:00;47;40.21;40.21;80.42;Bueno;154.89;Regular
2026-05-28;00:00;;38.43;50.43;101.45;Regular;177.41;Regular
2026-05-28;01:00;53;37.83;50.43;101.45;Regular;177.41;Regular
2026-05-28;02:00;49;37.57;50.43;101.45;Regular;177.41;Regular
2026-05-28;03:00;44;37.52;50.43;101.45;Regular;177.41;Regular
2026-05-28;04:00;42;36.13;50.43;101.45;Regular;177.41;Regular
2026-05-28;05:00;47;36.04;50.43;101.45;Regular;177.41;Regular
2026-05-28;06:00;45;37.17;50.43;101.45;Regular;177.41;Regular
2026-05-28;07:00;41;37.61;50.43;101.45;Regular;177.41;Regular
2026-05-28;08:00;44;38.04;50.43;101.45;Regular;177.41;Regular
2026-05-28;09:00;100;40.87;50.43;101.45;Regular;177.41;Regular
2026-05-28;10:00;81;42.65;50.43;101.45;Regular;177.41;Regular
2026-05-28;11:00;45;42.96;50.43;101.45;Regular;177.41;Regular
2026-05-28;12:00;18;42.78;50.43;101.45;Regular;177.41;Regular
2026-05-28;13:00;13;42.30;50.43;101.45;Regular;177.41;Regular
2026-05-28;14:00;12;41.83;50.43;101.45;Regular;177.41;Regular
2026-05-28;15:00;8;41.30;50.43;101.45;Regular;177.41;Regular
2026-05-28;16:00;7;40.30;50.43;101.45;Regular;177.41;Regular
2026-05-28;17:00;9;39.61;50.43;101.45;Regular;177.41;Regular
2026-05-28;18:00;11;38.74;50.43;101.45;Regular;177.41;Regular
2026-05-28;19:00;44;38.87;50.43;101.45;Regular;177.41;Regular
2026-05-28;20:00;168;44.39;50.43;101.45;Regular;177.41;Regular
2026-05-28;21:00;159;49.22;50.43;101.45;Regular;177.41;Regular
2026-05-28;22:00;65;50.09;50.43;101.45;Regular;177.41;Regular
2026-05-28;23:00;55;50.43;50.43;101.45;Regular;177.41;Regular
2026-05-29;00:00;47;50.29;32.71;65.42;Bueno;138.46;Regular
2026-05-29;01:00;43;49.88;32.71;65.42;Bueno;138.46;Regular
2026-05-29;02:00;45;49.71;32.71;65.42;Bueno;138.46;Regular
2026-05-29;03:00;26;48.96;32.71;65.42;Bueno;138.46;Regular
2026-05-29;04:00;11;47.67;32.71;65.42;Bueno;138.46;Regular
2026-05-29;05:00;12;46.21;32.71;65.42;Bueno;138.46;Regular
2026-05-29;06:00;13;44.88;32.71;65.42;Bueno;138.46;Regular
2026-05-29;07:00;12;43.67;32.71;65.42;Bueno;138.46;Regular
2026-05-29;08:00;12;42.33;32.71;65.42;Bueno;138.46;Regular
2026-05-29;09:00;17;38.88;32.71;65.42;Bueno;138.46;Regular
2026-05-29;10:00;46;37.42;32.71;65.42;Bueno;138.46;Regular
2026-05-29;11:00;23;36.50;32.71;65.42;Bueno;138.46;Regular
2026-05-29;12:00;15;36.38;32.71;65.42;Bueno;138.46;Regular
2026-05-29;13:00;18;36.58;32.71;65.42;Bueno;138.46;Regular
2026-05-29;14:00;22;37.00;32.71;65.42;Bueno;138.46;Regular
2026-05-29;15:00;25;37.71;32.71;65.42;Bueno;138.46;Regular
2026-05-29;16:00;28;38.58;32.71;65.42;Bueno;138.46;Regular
2026-05-29;17:00;27;39.33;32.71;65.42;Bueno;138.46;Regular
2026-05-29;18:00;36;40.38;32.71;65.42;Bueno;138.46;Regular
2026-05-29;19:00;54;40.79;32.71;65.42;Bueno;138.46;Regular
2026-05-29;20:00;60;36.29;32.71;65.42;Bueno;138.46;Regular
2026-05-29;21:00;58;32.08;32.71;65.42;Bueno;138.46;Regular
2026-05-29;22:00;61;31.92;32.71;65.42;Bueno;138.46;Regular
2026-05-29;23:00;74;32.71;32.71;65.42;Bueno;138.46;Regular
2026-05-30;00:00;62;33.33;39.17;78.35;Bueno;152.62;Regular
2026-05-30;01:00;62;34.12;39.17;78.35;Bueno;152.62;Regular
2026-05-30;02:00;62;34.83;39.17;78.35;Bueno;152.62;Regular
2026-05-30;03:00;52;35.92;39.17;78.35;Bueno;152.62;Regular
2026-05-30;04:00;55;37.75;39.17;78.35;Bueno;152.62;Regular
2026-05-30;05:00;;38.87;39.17;78.35;Bueno;152.62;Regular
2026-05-30;06:00;58;40.83;39.17;78.35;Bueno;152.62;Regular
2026-05-30;07:00;50;42.48;39.17;78.35;Bueno;152.62;Regular
2026-05-30;08:00;40;43.70;39.17;78.35;Bueno;152.62;Regular
2026-05-30;09:00;23;43.96;39.17;78.35;Bueno;152.62;Regular
2026-05-30;10:00;25;43.04;39.17;78.35;Bueno;152.62;Regular
2026-05-30;11:00;22;43.00;39.17;78.35;Bueno;152.62;Regular
2026-05-30;12:00;27;43.52;39.17;78.35;Bueno;152.62;Regular
2026-05-30;13:00;29;44.00;39.17;78.35;Bueno;152.62;Regular
2026-05-30;14:00;38;44.70;39.17;78.35;Bueno;152.62;Regular
2026-05-30;15:00;42;45.43;39.17;78.35;Bueno;152.62;Regular
2026-05-30;16:00;36;45.78;39.17;78.35;Bueno;152.62;Regular
2026-05-30;17:00;38;46.26;39.17;78.35;Bueno;152.62;Regular
2026-05-30;18:00;42;46.52;39.17;78.35;Bueno;152.62;Regular
2026-05-30;19:00;34;45.65;39.17;78.35;Bueno;152.62;Regular
2026-05-30;20:00;29;44.30;39.17;78.35;Bueno;152.62;Regular
2026-05-30;21:00;29;43.04;39.17;78.35;Bueno;152.62;Regular
2026-05-30;22:00;23;41.39;39.17;78.35;Bueno;152.62;Regular
2026-05-30;23:00;23;39.17;39.17;78.35;Bueno;152.62;Regular
2026-05-31;00:00;44;38.39;24.83;49.67;Bueno;121.30;Regular
2026-05-31;01:00;25;36.78;24.83;49.67;Bueno;121.30;Regular
2026-05-31;02:00;30;35.39;24.83;49.67;Bueno;121.30;Regular
2026-05-31;03:00;24;34.17;24.83;49.67;Bueno;121.30;Regular
2026-05-31;04:00;24;32.83;24.83;49.67;Bueno;121.30;Regular
2026-05-31;05:00;30;32.71;24.83;49.67;Bueno;121.30;Regular
2026-05-31;06:00;28;31.46;24.83;49.67;Bueno;121.30;Regular
2026-05-31;07:00;30;30.62;24.83;49.67;Bueno;121.30;Regular
2026-05-31;08:00;21;29.83;24.83;49.67;Bueno;121.30;Regular
2026-05-31;09:00;21;29.75;24.83;49.67;Bueno;121.30;Regular
2026-05-31;10:00;27;29.83;24.83;49.67;Bueno;121.30;Regular
2026-05-31;11:00;21;29.79;24.83;49.67;Bueno;121.30;Regular
2026-05-31;12:00;24;29.67;24.83;49.67;Bueno;121.30;Regular
2026-05-31;13:00;22;29.38;24.83;49.67;Bueno;121.30;Regular
2026-05-31;14:00;23;28.75;24.83;49.67;Bueno;121.30;Regular
2026-05-31;15:00;15;27.62;24.83;49.67;Bueno;121.30;Regular
2026-05-31;16:00;20;26.96;24.83;49.67;Bueno;121.30;Regular
2026-05-31;17:00;21;26.25;24.83;49.67;Bueno;121.30;Regular
2026-05-31;18:00;19;25.29;24.83;49.67;Bueno;121.30;Regular
2026-05-31;19:00;24;24.88;24.83;49.67;Bueno;121.30;Regular
2026-05-31;20:00;27;24.79;24.83;49.67;Bueno;121.30;Regular
2026-05-31;21:00;27;24.71;24.83;49.67;Bueno;121.30;Regular
2026-05-31;22:00;23;24.71;24.83;49.67;Bueno;121.30;Regular
2026-05-31;23:00;26;24.83;24.83;49.67;Bueno;121.30;Regular
2026-06-01;00:00;31;24.29;27.09;54.18;Bueno;126.21;Regular
2026-06-01;01:00;21;24.12;27.09;54.18;Bueno;126.21;Regular
2026-06-01;02:00;24;23.88;27.09;54.18;Bueno;126.21;Regular
2026-06-01;03:00;23;23.83;27.09;54.18;Bueno;126.21;Regular
2026-06-01;04:00;;23.83;27.09;54.18;Bueno;126.21;Regular
2026-06-01;05:00;;23.55;27.09;54.18;Bueno;126.21;Regular
2026-06-01;06:00;22;23.27;27.09;54.18;Bueno;126.21;Regular
2026-06-01;07:00;21;22.86;27.09;54.18;Bueno;126.21;Regular
2026-06-01;08:00;28;23.18;27.09;54.18;Bueno;126.21;Regular
2026-06-01;09:00;30;23.59;27.09;54.18;Bueno;126.21;Regular
2026-06-01;10:00;25;23.50;27.09;54.18;Bueno;126.21;Regular
2026-06-01;11:00;16;23.27;27.09;54.18;Bueno;126.21;Regular
2026-06-01;12:00;16;22.91;27.09;54.18;Bueno;126.21;Regular
2026-06-01;13:00;16;22.64;27.09;54.18;Bueno;126.21;Regular
2026-06-01;14:00;12;22.14;27.09;54.18;Bueno;126.21;Regular
2026-06-01;15:00;22;22.45;27.09;54.18;Bueno;126.21;Regular
2026-06-01;16:00;21;22.50;27.09;54.18;Bueno;126.21;Regular
2026-06-01;17:00;24;22.64;27.09;54.18;Bueno;126.21;Regular
2026-06-01;18:00;29;23.09;27.09;54.18;Bueno;126.21;Regular
2026-06-01;19:00;34;23.55;27.09;54.18;Bueno;126.21;Regular
2026-06-01;20:00;37;24.00;27.09;54.18;Bueno;126.21;Regular
2026-06-01;21:00;44;24.77;27.09;54.18;Bueno;126.21;Regular
2026-06-01;22:00;53;26.14;27.09;54.18;Bueno;126.21;Regular
2026-06-01;23:00;47;27.09;27.09;54.18;Bueno;126.21;Regular
2026-06-02;00:00;50;27.95;48.96;97.92;Bueno;174.15;Regular
2026-06-02;01:00;48;29.18;48.96;97.92;Bueno;174.15;Regular
2026-06-02;02:00;47;30.23;48.96;97.92;Bueno;174.15;Regular
2026-06-02;03:00;46;31.27;48.96;97.92;Bueno;174.15;Regular
2026-06-02;04:00;45;31.87;48.96;97.92;Bueno;174.15;Regular
2026-06-02;05:00;43;32.33;48.96;97.92;Bueno;174.15;Regular
2026-06-02;06:00;41;33.12;48.96;97.92;Bueno;174.15;Regular
2026-06-02;07:00;44;34.08;48.96;97.92;Bueno;174.15;Regular
2026-06-02;08:00;39;34.54;48.96;97.92;Bueno;174.15;Regular
2026-06-02;09:00;46;35.21;48.96;97.92;Bueno;174.15;Regular
2026-06-02;10:00;48;36.17;48.96;97.92;Bueno;174.15;Regular
2026-06-02;11:00;58;37.92;48.96;97.92;Bueno;174.15;Regular
2026-06-02;12:00;52;39.42;48.96;97.92;Bueno;174.15;Regular
2026-06-02;13:00;44;40.58;48.96;97.92;Bueno;174.15;Regular
2026-06-02;14:00;32;41.42;48.96;97.92;Bueno;174.15;Regular
2026-06-02;15:00;33;41.88;48.96;97.92;Bueno;174.15;Regular
2026-06-02;16:00;46;42.92;48.96;97.92;Bueno;174.15;Regular
2026-06-02;17:00;50;44.00;48.96;97.92;Bueno;174.15;Regular
2026-06-02;18:00;54;45.04;48.96;97.92;Bueno;174.15;Regular
2026-06-02;19:00;70;46.54;48.96;97.92;Bueno;174.15;Regular
2026-06-02;20:00;62;47.58;48.96;97.92;Bueno;174.15;Regular
2026-06-02;21:00;70;48.67;48.96;97.92;Bueno;174.15;Regular
2026-06-02;22:00;51;48.58;48.96;97.92;Bueno;174.15;Regular
2026-06-02;23:00;56;48.96;48.96;97.92;Bueno;174.15;Regular
2026-06-03;00:00;60;49.38;44.12;88.25;Bueno;163.50;Regular
2026-06-03;01:00;60;49.88;44.12;88.25;Bueno;163.50;Regular
2026-06-03;02:00;51;50.04;44.12;88.25;Bueno;163.50;Regular
2026-06-03;03:00;64;50.79;44.12;88.25;Bueno;163.50;Regular
2026-06-03;04:00;66;51.67;44.12;88.25;Bueno;163.50;Regular
2026-06-03;05:00;63;52.50;44.12;88.25;Bueno;163.50;Regular
2026-06-03;06:00;57;53.17;44.12;88.25;Bueno;163.50;Regular
2026-06-03;07:00;60;53.83;44.12;88.25;Bueno;163.50;Regular
2026-06-03;08:00;62;54.79;44.12;88.25;Bueno;163.50;Regular
2026-06-03;09:00;55;55.17;44.12;88.25;Bueno;163.50;Regular
2026-06-03;10:00;66;55.92;44.12;88.25;Bueno;163.50;Regular
2026-06-03;11:00;63;56.12;44.12;88.25;Bueno;163.50;Regular
2026-06-03;12:00;26;55.04;44.12;88.25;Bueno;163.50;Regular
2026-06-03;13:00;27;54.33;44.12;88.25;Bueno;163.50;Regular
2026-06-03;14:00;13;53.54;44.12;88.25;Bueno;163.50;Regular
2026-06-03;15:00;12;52.67;44.12;88.25;Bueno;163.50;Regular
2026-06-03;16:00;20;51.58;44.12;88.25;Bueno;163.50;Regular
2026-06-03;17:00;29;50.71;44.12;88.25;Bueno;163.50;Regular
2026-06-03;18:00;38;50.04;44.12;88.25;Bueno;163.50;Regular
2026-06-03;19:00;63;49.75;44.12;88.25;Bueno;163.50;Regular
2026-06-03;20:00;60;49.67;44.12;88.25;Bueno;163.50;Regular
2026-06-03;21:00;21;47.62;44.12;88.25;Bueno;163.50;Regular
2026-06-03;22:00;17;46.21;44.12;88.25;Bueno;163.50;Regular
2026-06-03;23:00;6;44.12;44.12;88.25;Bueno;163.50;Regular
2026-06-04;00:00;7;41.92;33.75;67.50;Bueno;140.74;Regular
2026-06-04;01:00;10;39.83;33.75;67.50;Bueno;140.74;Regular
2026-06-04;02:00;9;38.08;33.75;67.50;Bueno;140.74;Regular
2026-06-04;03:00;5;35.62;33.75;67.50;Bueno;140.74;Regular
2026-06-04;04:00;6;33.12;33.75;67.50;Bueno;140.74;Regular
2026-06-04;05:00;11;30.96;33.75;67.50;Bueno;140.74;Regular
2026-06-04;06:00;12;29.08;33.75;67.50;Bueno;140.74;Regular
2026-06-04;07:00;10;27.00;33.75;67.50;Bueno;140.74;Regular
2026-06-04;08:00;9;24.79;33.75;67.50;Bueno;140.74;Regular
2026-06-04;09:00;9;22.88;33.75;67.50;Bueno;140.74;Regular
2026-06-04;10:00;18;20.88;33.75;67.50;Bueno;140.74;Regular
2026-06-04;11:00;11;18.71;33.75;67.50;Bueno;140.74;Regular
2026-06-04;12:00;12;18.12;33.75;67.50;Bueno;140.74;Regular
2026-06-04;13:00;20;17.83;33.75;67.50;Bueno;140.74;Regular
2026-06-04;14:00;22;18.21;33.75;67.50;Bueno;140.74;Regular
2026-06-04;15:00;27;18.83;33.75;67.50;Bueno;140.74;Regular
2026-06-04;16:00;23;18.96;33.75;67.50;Bueno;140.74;Regular
2026-06-04;17:00;20;18.58;33.75;67.50;Bueno;140.74;Regular
2026-06-04;18:00;42;18.75;33.75;67.50;Bueno;140.74;Regular
2026-06-04;19:00;72;19.12;33.75;67.50;Bueno;140.74;Regular
2026-06-04;20:00;69;19.50;33.75;67.50;Bueno;140.74;Regular
2026-06-04;21:00;86;22.21;33.75;67.50;Bueno;140.74;Regular
2026-06-04;22:00;145;27.54;33.75;67.50;Bueno;140.74;Regular
2026-06-04;23:00;155;33.75;33.75;67.50;Bueno;140.74;Regular
2026-06-05;00:00;218;42.54;48.00;96.00;Bueno;172.04;Regular
2026-06-05;01:00;93;46.00;48.00;96.00;Bueno;172.04;Regular
2026-06-05;02:00;48;47.62;48.00;96.00;Bueno;172.04;Regular
2026-06-05;03:00;53;49.62;48.00;96.00;Bueno;172.04;Regular
2026-06-05;04:00;40;51.04;48.00;96.00;Bueno;172.04;Regular
2026-06-05;05:00;29;51.79;48.00;96.00;Bueno;172.04;Regular
2026-06-05;06:00;25;52.33;48.00;96.00;Bueno;172.04;Regular
2026-06-05;07:00;30;53.17;48.00;96.00;Bueno;172.04;Regular
2026-06-05;08:00;52;54.96;48.00;96.00;Bueno;172.04;Regular
2026-06-05;09:00;56;56.92;48.00;96.00;Bueno;172.04;Regular
2026-06-05;10:00;58;58.58;48.00;96.00;Bueno;172.04;Regular
2026-06-05;11:00;57;60.50;48.00;96.00;Bueno;172.04;Regular
2026-06-05;12:00;32;61.33;48.00;96.00;Bueno;172.04;Regular
2026-06-05;13:00;29;61.71;48.00;96.00;Bueno;172.04;Regular
2026-06-05;14:00;15;61.42;48.00;96.00;Bueno;172.04;Regular
2026-06-05;15:00;23;61.25;48.00;96.00;Bueno;172.04;Regular
2026-06-05;16:00;26;61.38;48.00;96.00;Bueno;172.04;Regular
2026-06-05;17:00;24;61.54;48.00;96.00;Bueno;172.04;Regular
2026-06-05;18:00;29;61.00;48.00;96.00;Bueno;172.04;Regular
2026-06-05;19:00;34;59.42;48.00;96.00;Bueno;172.04;Regular
2026-06-05;20:00;42;58.29;48.00;96.00;Bueno;172.04;Regular
2026-06-05;21:00;44;56.54;48.00;96.00;Bueno;172.04;Regular
2026-06-05;22:00;38;52.08;48.00;96.00;Bueno;172.04;Regular
2026-06-05;23:00;57;48.00;48.00;96.00;Bueno;172.04;Regular
2026-06-06;00:00;88;42.58;48.62;97.25;Bueno;173.42;Regular
2026-06-06;01:00;85;42.25;48.62;97.25;Bueno;173.42;Regular
2026-06-06;02:00;62;42.83;48.62;97.25;Bueno;173.42;Regular
2026-06-06;03:00;43;42.42;48.62;97.25;Bueno;173.42;Regular
2026-06-06;04:00;45;42.62;48.62;97.25;Bueno;173.42;Regular
2026-06-06;05:00;46;43.33;48.62;97.25;Bueno;173.42;Regular
2026-06-06;06:00;48;44.29;48.62;97.25;Bueno;173.42;Regular
2026-06-06;07:00;43;44.83;48.62;97.25;Bueno;173.42;Regular
2026-06-06;08:00;46;44.58;48.62;97.25;Bueno;173.42;Regular
2026-06-06;09:00;48;44.25;48.62;97.25;Bueno;173.42;Regular
2026-06-06;10:00;58;44.25;48.62;97.25;Bueno;173.42;Regular
2026-06-06;11:00;40;43.54;48.62;97.25;Bueno;173.42;Regular
2026-06-06;12:00;44;44.04;48.62;97.25;Bueno;173.42;Regular
2026-06-06;13:00;33;44.21;48.62;97.25;Bueno;173.42;Regular
2026-06-06;14:00;19;44.38;48.62;97.25;Bueno;173.42;Regular
2026-06-06;15:00;23;44.38;48.62;97.25;Bueno;173.42;Regular
2026-06-06;16:00;24;44.29;48.62;97.25;Bueno;173.42;Regular
2026-06-06;17:00;24;44.29;48.62;97.25;Bueno;173.42;Regular
2026-06-06;18:00;28;44.25;48.62;97.25;Bueno;173.42;Regular
2026-06-06;19:00;58;45.25;48.62;97.25;Bueno;173.42;Regular
2026-06-06;20:00;61;46.04;48.62;97.25;Bueno;173.42;Regular
2026-06-06;21:00;71;47.17;48.62;97.25;Bueno;173.42;Regular
2026-06-06;22:00;73;48.62;48.62;97.25;Bueno;173.42;Regular
2026-06-06;23:00;57;48.62;48.62;97.25;Bueno;173.42;Regular
2026-06-07;00:00;56;47.29;26.42;52.83;Bueno;124.75;Regular
2026-06-07;01:00;52;45.92;26.42;52.83;Bueno;124.75;Regular
2026-06-07;02:00;74;46.42;26.42;52.83;Bueno;124.75;Regular
2026-06-07;03:00;42;46.38;26.42;52.83;Bueno;124.75;Regular
2026-06-07;04:00;37;46.04;26.42;52.83;Bueno;124.75;Regular
2026-06-07;05:00;19;44.92;26.42;52.83;Bueno;124.75;Regular
2026-06-07;06:00;28;44.08;26.42;52.83;Bueno;124.75;Regular
2026-06-07;07:00;20;43.12;26.42;52.83;Bueno;124.75;Regular
2026-06-07;08:00;21;42.08;26.42;52.83;Bueno;124.75;Regular
2026-06-07;09:00;22;41.00;26.42;52.83;Bueno;124.75;Regular
2026-06-07;10:00;21;39.46;26.42;52.83;Bueno;124.75;Regular
2026-06-07;11:00;16;38.46;26.42;52.83;Bueno;124.75;Regular
2026-06-07;12:00;21;37.50;26.42;52.83;Bueno;124.75;Regular
2026-06-07;13:00;24;37.12;26.42;52.83;Bueno;124.75;Regular
2026-06-07;14:00;19;37.12;26.42;52.83;Bueno;124.75;Regular
2026-06-07;15:00;25;37.21;26.42;52.83;Bueno;124.75;Regular
2026-06-07;16:00;17;36.92;26.42;52.83;Bueno;124.75;Regular
2026-06-07;17:00;20;36.75;26.42;52.83;Bueno;124.75;Regular
2026-06-07;18:00;20;36.42;26.42;52.83;Bueno;124.75;Regular
2026-06-07;19:00;13;34.54;26.42;52.83;Bueno;124.75;Regular
2026-06-07;20:00;11;32.46;26.42;52.83;Bueno;124.75;Regular
2026-06-07;21:00;18;30.25;26.42;52.83;Bueno;124.75;Regular
2026-06-07;22:00;17;27.92;26.42;52.83;Bueno;124.75;Regular
2026-06-07;23:00;21;26.42;26.42;52.83;Bueno;124.75;Regular
2026-06-08;00:00;20;24.92;20.38;40.75;Bueno;111.63;Regular
2026-06-08;01:00;21;23.62;20.38;40.75;Bueno;111.63;Regular
2026-06-08;02:00;19;21.33;20.38;40.75;Bueno;111.63;Regular
2026-06-08;03:00;18;20.33;20.38;40.75;Bueno;111.63;Regular
2026-06-08;04:00;18;19.54;20.38;40.75;Bueno;111.63;Regular
2026-06-08;05:00;12;19.25;20.38;40.75;Bueno;111.63;Regular
2026-06-08;06:00;13;18.62;20.38;40.75;Bueno;111.63;Regular
2026-06-08;07:00;15;18.42;20.38;40.75;Bueno;111.63;Regular
2026-06-08;08:00;11;18.00;20.38;40.75;Bueno;111.63;Regular
2026-06-08;09:00;12;17.58;20.38;40.75;Bueno;111.63;Regular
2026-06-08;10:00;19;17.50;20.38;40.75;Bueno;111.63;Regular
2026-06-08;11:00;23;17.79;20.38;40.75;Bueno;111.63;Regular
2026-06-08;12:00;28;18.08;20.38;40.75;Bueno;111.63;Regular
2026-06-08;13:00;25;18.12;20.38;40.75;Bueno;111.63;Regular
2026-06-08;14:00;23;18.29;20.38;40.75;Bueno;111.63;Regular
2026-06-08;15:00;19;18.04;20.38;40.75;Bueno;111.63;Regular
2026-06-08;16:00;17;18.04;20.38;40.75;Bueno;111.63;Regular
2026-06-08;17:00;17;17.92;20.38;40.75;Bueno;111.63;Regular
2026-06-08;18:00;22;18.00;20.38;40.75;Bueno;111.63;Regular
2026-06-08;19:00;16;18.12;20.38;40.75;Bueno;111.63;Regular
2026-06-08;20:00;25;18.71;20.38;40.75;Bueno;111.63;Regular
2026-06-08;21:00;26;19.04;20.38;40.75;Bueno;111.63;Regular
2026-06-08;22:00;39;19.96;20.38;40.75;Bueno;111.63;Regular
2026-06-08;23:00;31;20.38;20.38;40.75;Bueno;111.63;Regular
2026-06-09;00:00;49;21.58;23.92;47.83;Bueno;119.31;Regular
2026-06-09;01:00;38;22.29;23.92;47.83;Bueno;119.31;Regular
2026-06-09;02:00;27;22.62;23.92;47.83;Bueno;119.31;Regular
2026-06-09;03:00;27;23.00;23.92;47.83;Bueno;119.31;Regular
2026-06-09;04:00;27;23.38;23.92;47.83;Bueno;119.31;Regular
2026-06-09;05:00;23;23.83;23.92;47.83;Bueno;119.31;Regular
2026-06-09;06:00;18;24.04;23.92;47.83;Bueno;119.31;Regular
2026-06-09;07:00;18;24.17;23.92;47.83;Bueno;119.31;Regular
2026-06-09;08:00;17;24.42;23.92;47.83;Bueno;119.31;Regular
2026-06-09;09:00;19;24.71;23.92;47.83;Bueno;119.31;Regular
2026-06-09;10:00;20;24.75;23.92;47.83;Bueno;119.31;Regular
2026-06-09;11:00;26;24.88;23.92;47.83;Bueno;119.31;Regular
2026-06-09;12:00;28;24.88;23.92;47.83;Bueno;119.31;Regular
2026-06-09;13:00;29;25.04;23.92;47.83;Bueno;119.31;Regular
2026-06-09;14:00;35;25.54;23.92;47.83;Bueno;119.31;Regular
2026-06-09;15:00;23;25.71;23.92;47.83;Bueno;119.31;Regular
2026-06-09;16:00;10;25.42;23.92;47.83;Bueno;119.31;Regular
2026-06-09;17:00;23;25.67;23.92;47.83;Bueno;119.31;Regular
2026-06-09;18:00;34;26.17;23.92;47.83;Bueno;119.31;Regular
2026-06-09;19:00;13;26.04;23.92;47.83;Bueno;119.31;Regular
2026-06-09;20:00;12;25.50;23.92;47.83;Bueno;119.31;Regular
2026-06-09;21:00;16;25.08;23.92;47.83;Bueno;119.31;Regular
2026-06-09;22:00;20;24.29;23.92;47.83;Bueno;119.31;Regular
2026-06-09;23:00;22;23.92;23.92;47.83;Bueno;119.31;Regular
2026-06-10;00:00;17;22.58;20.96;41.92;Bueno;112.89;Regular
2026-06-10;01:00;17;21.71;20.96;41.92;Bueno;112.89;Regular
2026-06-10;02:00;24;21.58;20.96;41.92;Bueno;112.89;Regular
2026-06-10;03:00;27;21.58;20.96;41.92;Bueno;112.89;Regular
2026-06-10;04:00;34;21.88;20.96;41.92;Bueno;112.89;Regular
2026-06-10;05:00;29;22.12;20.96;41.92;Bueno;112.89;Regular
2026-06-10;06:00;17;22.08;20.96;41.92;Bueno;112.89;Regular
2026-06-10;07:00;16;22.00;20.96;41.92;Bueno;112.89;Regular
2026-06-10;08:00;20;22.12;20.96;41.92;Bueno;112.89;Regular
2026-06-10;09:00;24;22.33;20.96;41.92;Bueno;112.89;Regular
2026-06-10;10:00;14;22.08;20.96;41.92;Bueno;112.89;Regular
2026-06-10;11:00;34;22.42;20.96;41.92;Bueno;112.89;Regular
2026-06-10;12:00;25;22.29;20.96;41.92;Bueno;112.89;Regular
2026-06-10;13:00;15;21.71;20.96;41.92;Bueno;112.89;Regular
2026-06-10;14:00;14;20.83;20.96;41.92;Bueno;112.89;Regular
2026-06-10;15:00;11;20.33;20.96;41.92;Bueno;112.89;Regular
2026-06-10;16:00;8;20.25;20.96;41.92;Bueno;112.89;Regular
2026-06-10;17:00;30;20.54;20.96;41.92;Bueno;112.89;Regular
2026-06-10;18:00;26;20.21;20.96;41.92;Bueno;112.89;Regular
2026-06-10;19:00;5;19.88;20.96;41.92;Bueno;112.89;Regular
2026-06-10;20:00;7;19.67;20.96;41.92;Bueno;112.89;Regular
2026-06-10;21:00;32;20.33;20.96;41.92;Bueno;112.89;Regular
2026-06-10;22:00;35;20.96;20.96;41.92;Bueno;112.89;Regular
2026-06-10;23:00;22;20.96;20.96;41.92;Bueno;112.89;Regular
2026-06-11;00:00;28;21.42;27.54;55.08;Bueno;127.20;Regular
2026-06-11;01:00;31;22.00;27.54;55.08;Bueno;127.20;Regular
2026-06-11;02:00;14;21.58;27.54;55.08;Bueno;127.20;Regular
2026-06-11;03:00;12;20.96;27.54;55.08;Bueno;127.20;Regular
2026-06-11;04:00;9;19.92;27.54;55.08;Bueno;127.20;Regular
2026-06-11;05:00;10;19.12;27.54;55.08;Bueno;127.20;Regular
2026-06-11;06:00;20;19.25;27.54;55.08;Bueno;127.20;Regular
2026-06-11;07:00;14;19.17;27.54;55.08;Bueno;127.20;Regular
2026-06-11;08:00;12;18.83;27.54;55.08;Bueno;127.20;Regular
2026-06-11;09:00;12;18.33;27.54;55.08;Bueno;127.20;Regular
2026-06-11;10:00;29;18.96;27.54;55.08;Bueno;127.20;Regular
2026-06-11;11:00;34;18.96;27.54;55.08;Bueno;127.20;Regular
2026-06-11;12:00;63;20.54;27.54;55.08;Bueno;127.20;Regular
2026-06-11;13:00;57;22.29;27.54;55.08;Bueno;127.20;Regular
2026-06-11;14:00;35;23.17;27.54;55.08;Bueno;127.20;Regular
2026-06-11;15:00;36;24.21;27.54;55.08;Bueno;127.20;Regular
2026-06-11;16:00;26;24.96;27.54;55.08;Bueno;127.20;Regular
2026-06-11;17:00;31;25.00;27.54;55.08;Bueno;127.20;Regular
2026-06-11;18:00;42;25.67;27.54;55.08;Bueno;127.20;Regular
2026-06-11;19:00;48;27.46;27.54;55.08;Bueno;127.20;Regular
2026-06-11;20:00;36;28.67;27.54;55.08;Bueno;127.20;Regular
2026-06-11;21:00;31;28.62;27.54;55.08;Bueno;127.20;Regular
2026-06-11;22:00;20;28.00;27.54;55.08;Bueno;127.20;Regular
2026-06-11;23:00;11;27.54;27.54;55.08;Bueno;127.20;Regular
2026-06-12;00:00;13;26.92;27.38;54.75;Bueno;126.83;Regular
2026-06-12;01:00;18;26.38;27.38;54.75;Bueno;126.83;Regular
2026-06-12;02:00;17;26.50;27.38;54.75;Bueno;126.83;Regular
2026-06-12;03:00;23;26.96;27.38;54.75;Bueno;126.83;Regular
2026-06-12;04:00;18;27.33;27.38;54.75;Bueno;126.83;Regular
2026-06-12;05:00;24;27.92;27.38;54.75;Bueno;126.83;Regular
2026-06-12;06:00;19;27.88;27.38;54.75;Bueno;126.83;Regular
2026-06-12;07:00;20;28.12;27.38;54.75;Bueno;126.83;Regular
2026-06-12;08:00;18;28.38;27.38;54.75;Bueno;126.83;Regular
2026-06-12;09:00;19;28.67;27.38;54.75;Bueno;126.83;Regular
2026-06-12;10:00;23;28.42;27.38;54.75;Bueno;126.83;Regular
2026-06-12;11:00;29;28.21;27.38;54.75;Bueno;126.83;Regular
2026-06-12;12:00;14;26.17;27.38;54.75;Bueno;126.83;Regular
2026-06-12;13:00;22;24.71;27.38;54.75;Bueno;126.83;Regular
2026-06-12;14:00;19;24.04;27.38;54.75;Bueno;126.83;Regular
2026-06-12;15:00;26;23.62;27.38;54.75;Bueno;126.83;Regular
2026-06-12;16:00;33;23.92;27.38;54.75;Bueno;126.83;Regular
2026-06-12;17:00;28;23.79;27.38;54.75;Bueno;126.83;Regular
2026-06-12;18:00;39;23.67;27.38;54.75;Bueno;126.83;Regular
2026-06-12;19:00;44;23.50;27.38;54.75;Bueno;126.83;Regular
2026-06-12;20:00;50;24.08;27.38;54.75;Bueno;126.83;Regular
2026-06-12;21:00;42;24.54;27.38;54.75;Bueno;126.83;Regular
2026-06-12;22:00;47;25.67;27.38;54.75;Bueno;126.83;Regular
2026-06-12;23:00;52;27.38;27.38;54.75;Bueno;126.83;Regular
2026-06-13;00:00;104;31.17;32.58;65.17;Bueno;138.19;Regular
2026-06-13;01:00;50;32.50;32.58;65.17;Bueno;138.19;Regular
2026-06-13;02:00;41;33.50;32.58;65.17;Bueno;138.19;Regular
2026-06-13;03:00;33;33.92;32.58;65.17;Bueno;138.19;Regular
2026-06-13;04:00;25;34.21;32.58;65.17;Bueno;138.19;Regular
2026-06-13;05:00;30;34.46;32.58;65.17;Bueno;138.19;Regular
2026-06-13;06:00;36;35.17;32.58;65.17;Bueno;138.19;Regular
2026-06-13;07:00;23;35.29;32.58;65.17;Bueno;138.19;Regular
2026-06-13;08:00;20;35.38;32.58;65.17;Bueno;138.19;Regular
2026-06-13;09:00;18;35.33;32.58;65.17;Bueno;138.19;Regular
2026-06-13;10:00;18;35.12;32.58;65.17;Bueno;138.19;Regular
2026-06-13;11:00;18;34.67;32.58;65.17;Bueno;138.19;Regular
2026-06-13;12:00;26;35.17;32.58;65.17;Bueno;138.19;Regular
2026-06-13;13:00;17;34.96;32.58;65.17;Bueno;138.19;Regular
2026-06-13;14:00;20;35.00;32.58;65.17;Bueno;138.19;Regular
2026-06-13;15:00;10;34.33;32.58;65.17;Bueno;138.19;Regular
2026-06-13;16:00;10;33.38;32.58;65.17;Bueno;138.19;Regular
2026-06-13;17:00;11;32.67;32.58;65.17;Bueno;138.19;Regular
2026-06-13;18:00;30;32.29;32.58;65.17;Bueno;138.19;Regular
2026-06-13;19:00;39;32.08;32.58;65.17;Bueno;138.19;Regular
2026-06-13;20:00;34;31.42;32.58;65.17;Bueno;138.19;Regular
2026-06-13;21:00;76;32.83;32.58;65.17;Bueno;138.19;Regular
2026-06-13;22:00;76;34.04;32.58;65.17;Bueno;138.19;Regular
2026-06-13;23:00;17;32.58;32.58;65.17;Bueno;138.19;Regular
2026-06-14;00:00;19;29.04;20.71;41.42;Bueno;112.35;Regular
2026-06-14;01:00;18;27.71;20.71;41.42;Bueno;112.35;Regular
2026-06-14;02:00;12;26.50;20.71;41.42;Bueno;112.35;Regular
2026-06-14;03:00;12;25.62;20.71;41.42;Bueno;112.35;Regular
2026-06-14;04:00;12;25.08;20.71;41.42;Bueno;112.35;Regular
2026-06-14;05:00;10;24.25;20.71;41.42;Bueno;112.35;Regular
2026-06-14;06:00;10;23.17;20.71;41.42;Bueno;112.35;Regular
2026-06-14;07:00;12;22.71;20.71;41.42;Bueno;112.35;Regular
2026-06-14;08:00;12;22.38;20.71;41.42;Bueno;112.35;Regular
2026-06-14;09:00;9;22.00;20.71;41.42;Bueno;112.35;Regular
2026-06-14;10:00;7;21.54;20.71;41.42;Bueno;112.35;Regular
2026-06-14;11:00;18;21.54;20.71;41.42;Bueno;112.35;Regular
2026-06-14;12:00;17;21.17;20.71;41.42;Bueno;112.35;Regular
2026-06-14;13:00;17;21.17;20.71;41.42;Bueno;112.35;Regular
2026-06-14;14:00;14;20.92;20.71;41.42;Bueno;112.35;Regular
2026-06-14;15:00;16;21.17;20.71;41.42;Bueno;112.35;Regular
2026-06-14;16:00;19;21.54;20.71;41.42;Bueno;112.35;Regular
2026-06-14;17:00;19;21.88;20.71;41.42;Bueno;112.35;Regular
2026-06-14;18:00;25;21.67;20.71;41.42;Bueno;112.35;Regular
2026-06-14;19:00;47;22.00;20.71;41.42;Bueno;112.35;Regular
2026-06-14;20:00;42;22.33;20.71;41.42;Bueno;112.35;Regular
2026-06-14;21:00;40;20.83;20.71;41.42;Bueno;112.35;Regular
2026-06-14;22:00;59;20.12;20.71;41.42;Bueno;112.35;Regular
2026-06-14;23:00;31;20.71;20.71;41.42;Bueno;112.35;Regular
2026-06-15;00:00;68;22.75;30.75;61.50;Bueno;134.19;Regular
2026-06-15;01:00;28;23.17;30.75;61.50;Bueno;134.19;Regular
2026-06-15;02:00;26;23.75;30.75;61.50;Bueno;134.19;Regular
2026-06-15;03:00;32;24.58;30.75;61.50;Bueno;134.19;Regular
2026-06-15;04:00;21;24.96;30.75;61.50;Bueno;134.19;Regular
2026-06-15;05:00;14;25.12;30.75;61.50;Bueno;134.19;Regular
2026-06-15;06:00;17;25.42;30.75;61.50;Bueno;134.19;Regular
2026-06-15;07:00;20;25.75;30.75;61.50;Bueno;134.19;Regular
2026-06-15;08:00;33;26.62;30.75;61.50;Bueno;134.19;Regular
2026-06-15;09:00;25;27.29;30.75;61.50;Bueno;134.19;Regular
2026-06-15;10:00;17;27.71;30.75;61.50;Bueno;134.19;Regular
2026-06-15;11:00;19;27.75;30.75;61.50;Bueno;134.19;Regular
2026-06-15;12:00;22;27.96;30.75;61.50;Bueno;134.19;Regular
2026-06-15;13:00;26;28.33;30.75;61.50;Bueno;134.19;Regular
2026-06-15;14:00;23;28.71;30.75;61.50;Bueno;134.19;Regular
2026-06-15;15:00;17;28.75;30.75;61.50;Bueno;134.19;Regular
2026-06-15;16:00;23;28.92;30.75;61.50;Bueno;134.19;Regular
2026-06-15;17:00;27;29.25;30.75;61.50;Bueno;134.19;Regular
2026-06-15;18:00;30;29.46;30.75;61.50;Bueno;134.19;Regular
2026-06-15;19:00;51;29.62;30.75;61.50;Bueno;134.19;Regular
2026-06-15;20:00;39;29.50;30.75;61.50;Bueno;134.19;Regular
2026-06-15;21:00;60;30.33;30.75;61.50;Bueno;134.19;Regular
2026-06-15;22:00;48;29.88;30.75;61.50;Bueno;134.19;Regular
2026-06-15;23:00;52;30.75;30.75;61.50;Bueno;134.19;Regular
2026-06-16;00:00;53;30.12;40.67;81.33;Bueno;155.89;Regular
2026-06-16;01:00;44;30.79;40.67;81.33;Bueno;155.89;Regular
2026-06-16;02:00;50;31.79;40.67;81.33;Bueno;155.89;Regular
2026-06-16;03:00;46;32.38;40.67;81.33;Bueno;155.89;Regular
2026-06-16;04:00;34;32.92;40.67;81.33;Bueno;155.89;Regular
2026-06-16;05:00;29;33.54;40.67;81.33;Bueno;155.89;Regular
2026-06-16;06:00;25;33.88;40.67;81.33;Bueno;155.89;Regular
2026-06-16;07:00;33;34.42;40.67;81.33;Bueno;155.89;Regular
2026-06-16;08:00;22;33.96;40.67;81.33;Bueno;155.89;Regular
2026-06-16;09:00;28;34.08;40.67;81.33;Bueno;155.89;Regular
2026-06-16;10:00;28;34.54;40.67;81.33;Bueno;155.89;Regular
2026-06-16;11:00;41;35.46;40.67;81.33;Bueno;155.89;Regular
2026-06-16;12:00;43;36.33;40.67;81.33;Bueno;155.89;Regular
2026-06-16;13:00;38;36.83;40.67;81.33;Bueno;155.89;Regular
2026-06-16;14:00;35;37.33;40.67;81.33;Bueno;155.89;Regular
2026-06-16;15:00;46;38.54;40.67;81.33;Bueno;155.89;Regular
2026-06-16;16:00;33;38.96;40.67;81.33;Bueno;155.89;Regular
2026-06-16;17:00;42;39.58;40.67;81.33;Bueno;155.89;Regular
2026-06-16;18:00;59;40.79;40.67;81.33;Bueno;155.89;Regular
2026-06-16;19:00;54;40.92;40.67;81.33;Bueno;155.89;Regular
2026-06-16;20:00;55;41.58;40.67;81.33;Bueno;155.89;Regular
2026-06-16;21:00;44;40.92;40.67;81.33;Bueno;155.89;Regular
2026-06-16;22:00;52;41.08;40.67;81.33;Bueno;155.89;Regular
2026-06-16;23:00;42;40.67;40.67;81.33;Bueno;155.89;Regular
2026-06-17;00:00;42;40.21;35.75;71.50;Bueno;145.12;Regular
2026-06-17;01:00;36;39.88;35.75;71.50;Bueno;145.12;Regular
2026-06-17;02:00;34;39.21;35.75;71.50;Bueno;145.12;Regular
2026-06-17;03:00;31;38.58;35.75;71.50;Bueno;145.12;Regular
2026-06-17;04:00;26;38.25;35.75;71.50;Bueno;145.12;Regular
2026-06-17;05:00;30;38.29;35.75;71.50;Bueno;145.12;Regular
2026-06-17;06:00;33;38.62;35.75;71.50;Bueno;145.12;Regular
2026-06-17;07:00;41;38.96;35.75;71.50;Bueno;145.12;Regular
2026-06-17;08:00;40;39.71;35.75;71.50;Bueno;145.12;Regular
2026-06-17;09:00;49;40.58;35.75;71.50;Bueno;145.12;Regular
2026-06-17;10:00;55;41.71;35.75;71.50;Bueno;145.12;Regular
2026-06-17;11:00;66;42.75;35.75;71.50;Bueno;145.12;Regular
2026-06-17;12:00;15;41.58;35.75;71.50;Bueno;145.12;Regular
2026-06-17;13:00;10;40.42;35.75;71.50;Bueno;145.12;Regular
2026-06-17;14:00;19;39.75;35.75;71.50;Bueno;145.12;Regular
2026-06-17;15:00;19;38.62;35.75;71.50;Bueno;145.12;Regular
2026-06-17;16:00;22;38.17;35.75;71.50;Bueno;145.12;Regular
2026-06-17;17:00;31;37.71;35.75;71.50;Bueno;145.12;Regular
2026-06-17;18:00;35;36.71;35.75;71.50;Bueno;145.12;Regular
2026-06-17;19:00;52;36.62;35.75;71.50;Bueno;145.12;Regular
2026-06-17;20:00;48;36.33;35.75;71.50;Bueno;145.12;Regular
2026-06-17;21:00;39;36.12;35.75;71.50;Bueno;145.12;Regular
2026-06-17;22:00;42;35.71;35.75;71.50;Bueno;145.12;Regular
2026-06-17;23:00;43;35.75;35.75;71.50;Bueno;145.12;Regular
2026-06-18;00:00;49;36.04;49.17;98.33;Bueno;174.61;Regular
2026-06-18;01:00;76;37.71;49.17;98.33;Bueno;174.61;Regular
2026-06-18;02:00;79;39.58;49.17;98.33;Bueno;174.61;Regular
2026-06-18;03:00;62;40.88;49.17;98.33;Bueno;174.61;Regular
2026-06-18;04:00;76;42.96;49.17;98.33;Bueno;174.61;Regular
2026-06-18;05:00;77;44.92;49.17;98.33;Bueno;174.61;Regular
2026-06-18;06:00;65;46.25;49.17;98.33;Bueno;174.61;Regular
2026-06-18;07:00;47;46.50;49.17;98.33;Bueno;174.61;Regular
2026-06-18;08:00;72;47.83;49.17;98.33;Bueno;174.61;Regular
2026-06-18;09:00;68;48.62;49.17;98.33;Bueno;174.61;Regular
2026-06-18;10:00;63;48.96;49.17;98.33;Bueno;174.61;Regular
2026-06-18;11:00;39;47.83;49.17;98.33;Bueno;174.61;Regular
2026-06-18;12:00;17;47.92;49.17;98.33;Bueno;174.61;Regular
2026-06-18;13:00;11;47.96;49.17;98.33;Bueno;174.61;Regular
2026-06-18;14:00;19;47.96;49.17;98.33;Bueno;174.61;Regular
2026-06-18;15:00;12;47.67;49.17;98.33;Bueno;174.61;Regular
2026-06-18;16:00;16;47.42;49.17;98.33;Bueno;174.61;Regular
2026-06-18;17:00;17;46.83;49.17;98.33;Bueno;174.61;Regular
2026-06-18;18:00;33;46.75;49.17;98.33;Bueno;174.61;Regular
2026-06-18;19:00;35;46.04;49.17;98.33;Bueno;174.61;Regular
2026-06-18;20:00;45;45.92;49.17;98.33;Bueno;174.61;Regular
2026-06-18;21:00;63;46.92;49.17;98.33;Bueno;174.61;Regular
2026-06-18;22:00;83;48.62;49.17;98.33;Bueno;174.61;Regular
2026-06-18;23:00;56;49.17;49.17;98.33;Bueno;174.61;Regular
2026-06-19;00:00;54;49.38;41.29;82.58;Bueno;157.27;Regular
2026-06-19;01:00;41;47.92;41.29;82.58;Bueno;157.27;Regular
2026-06-19;02:00;51;46.75;41.29;82.58;Bueno;157.27;Regular
2026-06-19;03:00;63;46.79;41.29;82.58;Bueno;157.27;Regular
2026-06-19;04:00;54;45.88;41.29;82.58;Bueno;157.27;Regular
2026-06-19;05:00;58;45.08;41.29;82.58;Bueno;157.27;Regular
2026-06-19;06:00;46;44.29;41.29;82.58;Bueno;157.27;Regular
2026-06-19;07:00;49;44.38;41.29;82.58;Bueno;157.27;Regular
2026-06-19;08:00;47;43.33;41.29;82.58;Bueno;157.27;Regular
2026-06-19;09:00;46;42.42;41.29;82.58;Bueno;157.27;Regular
2026-06-19;10:00;52;41.96;41.29;82.58;Bueno;157.27;Regular
2026-06-19;11:00;56;42.67;41.29;82.58;Bueno;157.27;Regular
2026-06-19;12:00;46;43.88;41.29;82.58;Bueno;157.27;Regular
2026-06-19;13:00;41;45.12;41.29;82.58;Bueno;157.27;Regular
2026-06-19;14:00;35;45.79;41.29;82.58;Bueno;157.27;Regular
2026-06-19;15:00;37;46.83;41.29;82.58;Bueno;157.27;Regular
2026-06-19;16:00;25;47.21;41.29;82.58;Bueno;157.27;Regular
2026-06-19;17:00;38;48.08;41.29;82.58;Bueno;157.27;Regular
2026-06-19;18:00;33;48.08;41.29;82.58;Bueno;157.27;Regular
2026-06-19;19:00;22;47.54;41.29;82.58;Bueno;157.27;Regular
2026-06-19;20:00;37;47.21;41.29;82.58;Bueno;157.27;Regular
2026-06-19;21:00;25;45.62;41.29;82.58;Bueno;157.27;Regular
2026-06-19;22:00;21;43.04;41.29;82.58;Bueno;157.27;Regular
2026-06-19;23:00;14;41.29;41.29;82.58;Bueno;157.27;Regular
2026-06-20;00:00;22;39.96;28.00;56.00;Bueno;128.19;Regular
2026-06-20;01:00;31;39.54;28.00;56.00;Bueno;128.19;Regular
2026-06-20;02:00;30;38.67;28.00;56.00;Bueno;128.19;Regular
2026-06-20;03:00;30;37.29;28.00;56.00;Bueno;128.19;Regular
2026-06-20;04:00;25;36.08;28.00;56.00;Bueno;128.19;Regular
2026-06-20;05:00;24;34.67;28.00;56.00;Bueno;128.19;Regular
2026-06-20;06:00;23;33.71;28.00;56.00;Bueno;128.19;Regular
2026-06-20;07:00;22;32.58;28.00;56.00;Bueno;128.19;Regular
2026-06-20;08:00;6;30.88;28.00;56.00;Bueno;128.19;Regular
2026-06-20;09:00;7;29.25;28.00;56.00;Bueno;128.19;Regular
2026-06-20;10:00;9;27.46;28.00;56.00;Bueno;128.19;Regular
2026-06-20;11:00;6;25.38;28.00;56.00;Bueno;128.19;Regular
2026-06-20;12:00;3;23.58;28.00;56.00;Bueno;128.19;Regular
2026-06-20;13:00;6;22.12;28.00;56.00;Bueno;128.19;Regular
2026-06-20;14:00;6;20.92;28.00;56.00;Bueno;128.19;Regular
2026-06-20;15:00;3;19.50;28.00;56.00;Bueno;128.19;Regular
2026-06-20;16:00;1;18.50;28.00;56.00;Bueno;128.19;Regular
2026-06-20;17:00;5;17.12;28.00;56.00;Bueno;128.19;Regular
2026-06-20;18:00;20;16.58;28.00;56.00;Bueno;128.19;Regular
2026-06-20;19:00;71;18.62;28.00;56.00;Bueno;128.19;Regular
2026-06-20;20:00;147;23.21;28.00;56.00;Bueno;128.19;Regular
2026-06-20;21:00;71;25.12;28.00;56.00;Bueno;128.19;Regular
2026-06-20;22:00;59;26.71;28.00;56.00;Bueno;128.19;Regular
2026-06-20;23:00;45;28.00;28.00;56.00;Bueno;128.19;Regular
2026-06-21;00:00;44;28.92;27.17;54.33;Bueno;126.38;Regular
2026-06-21;01:00;39;29.25;27.17;54.33;Bueno;126.38;Regular
2026-06-21;02:00;22;28.92;27.17;54.33;Bueno;126.38;Regular
2026-06-21;03:00;26;28.75;27.17;54.33;Bueno;126.38;Regular
2026-06-21;04:00;18;28.46;27.17;54.33;Bueno;126.38;Regular
2026-06-21;05:00;14;28.04;27.17;54.33;Bueno;126.38;Regular
2026-06-21;06:00;18;27.83;27.17;54.33;Bueno;126.38;Regular
2026-06-21;07:00;14;27.50;27.17;54.33;Bueno;126.38;Regular
2026-06-21;08:00;12;27.75;27.17;54.33;Bueno;126.38;Regular
2026-06-21;09:00;10;27.88;27.17;54.33;Bueno;126.38;Regular
2026-06-21;10:00;17;28.21;27.17;54.33;Bueno;126.38;Regular
2026-06-21;11:00;13;28.50;27.17;54.33;Bueno;126.38;Regular
2026-06-21;12:00;21;29.25;27.17;54.33;Bueno;126.38;Regular
2026-06-21;13:00;6;29.25;27.17;54.33;Bueno;126.38;Regular
2026-06-21;14:00;7;29.29;27.17;54.33;Bueno;126.38;Regular
2026-06-21;15:00;8;29.50;27.17;54.33;Bueno;126.38;Regular
2026-06-21;16:00;6;29.71;27.17;54.33;Bueno;126.38;Regular
2026-06-21;17:00;3;29.62;27.17;54.33;Bueno;126.38;Regular
2026-06-21;18:00;64;31.46;27.17;54.33;Bueno;126.38;Regular
2026-06-21;19:00;84;32.00;27.17;54.33;Bueno;126.38;Regular
2026-06-21;20:00;53;28.08;27.17;54.33;Bueno;126.38;Regular
2026-06-21;21:00;55;27.42;27.17;54.33;Bueno;126.38;Regular
2026-06-21;22:00;48;26.96;27.17;54.33;Bueno;126.38;Regular
2026-06-21;23:00;50;27.17;27.17;54.33;Bueno;126.38;Regular
2026-06-22;00:00;54;27.58;39.61;79.22;Bueno;153.57;Regular
2026-06-22;01:00;54;28.21;39.61;79.22;Bueno;153.57;Regular
2026-06-22;02:00;34;28.71;39.61;79.22;Bueno;153.57;Regular
2026-06-22;03:00;20;28.46;39.61;79.22;Bueno;153.57;Regular
2026-06-22;04:00;20;28.54;39.61;79.22;Bueno;153.57;Regular
2026-06-22;05:00;19;28.75;39.61;79.22;Bueno;153.57;Regular
2026-06-22;06:00;38;29.58;39.61;79.22;Bueno;153.57;Regular
2026-06-22;07:00;38;30.58;39.61;79.22;Bueno;153.57;Regular
2026-06-22;08:00;25;31.12;39.61;79.22;Bueno;153.57;Regular
2026-06-22;09:00;23;31.67;39.61;79.22;Bueno;153.57;Regular
2026-06-22;10:00;15;31.58;39.61;79.22;Bueno;153.57;Regular
2026-06-22;11:00;20;31.88;39.61;79.22;Bueno;153.57;Regular
2026-06-22;12:00;21;31.88;39.61;79.22;Bueno;153.57;Regular
2026-06-22;13:00;14;32.21;39.61;79.22;Bueno;153.57;Regular
2026-06-22;14:00;11;32.38;39.61;79.22;Bueno;153.57;Regular
2026-06-22;15:00;;33.43;39.61;79.22;Bueno;153.57;Regular
2026-06-22;16:00;9;33.57;39.61;79.22;Bueno;153.57;Regular
2026-06-22;17:00;7;33.74;39.61;79.22;Bueno;153.57;Regular
2026-06-22;18:00;32;32.35;39.61;79.22;Bueno;153.57;Regular
2026-06-22;19:00;87;32.48;39.61;79.22;Bueno;153.57;Regular
2026-06-22;20:00;110;34.96;39.61;79.22;Bueno;153.57;Regular
2026-06-22;21:00;138;38.57;39.61;79.22;Bueno;153.57;Regular
2026-06-22;22:00;71;39.57;39.61;79.22;Bueno;153.57;Regular
2026-06-22;23:00;51;39.61;39.61;79.22;Bueno;153.57;Regular
2026-06-23;00:00;47;39.30;28.12;56.25;Bueno;128.47;Regular
2026-06-23;01:00;44;38.87;28.12;56.25;Bueno;128.47;Regular
2026-06-23;02:00;29;38.65;28.12;56.25;Bueno;128.47;Regular
2026-06-23;03:00;34;39.26;28.12;56.25;Bueno;128.47;Regular
2026-06-23;04:00;15;39.04;28.12;56.25;Bueno;128.47;Regular
2026-06-23;05:00;12;38.74;28.12;56.25;Bueno;128.47;Regular
2026-06-23;06:00;9;37.48;28.12;56.25;Bueno;128.47;Regular
2026-06-23;07:00;13;36.39;28.12;56.25;Bueno;128.47;Regular
2026-06-23;08:00;13;35.87;28.12;56.25;Bueno;128.47;Regular
2026-06-23;09:00;11;35.35;28.12;56.25;Bueno;128.47;Regular
2026-06-23;10:00;12;35.22;28.12;56.25;Bueno;128.47;Regular
2026-06-23;11:00;11;34.83;28.12;56.25;Bueno;128.47;Regular
2026-06-23;12:00;8;34.26;28.12;56.25;Bueno;128.47;Regular
2026-06-23;13:00;6;33.91;28.12;56.25;Bueno;128.47;Regular
2026-06-23;14:00;6;33.70;28.12;56.25;Bueno;128.47;Regular
2026-06-23;15:00;9;32.67;28.12;56.25;Bueno;128.47;Regular
2026-06-23;16:00;8;32.62;28.12;56.25;Bueno;128.47;Regular
2026-06-23;17:00;8;32.67;28.12;56.25;Bueno;128.47;Regular
2026-06-23;18:00;31;32.62;28.12;56.25;Bueno;128.47;Regular
2026-06-23;19:00;33;30.38;28.12;56.25;Bueno;128.47;Regular
2026-06-23;20:00;45;27.67;28.12;56.25;Bueno;128.47;Regular
2026-06-23;21:00;67;24.71;28.12;56.25;Bueno;128.47;Regular
2026-06-23;22:00;111;26.38;28.12;56.25;Bueno;128.47;Regular
2026-06-23;23:00;93;28.12;28.12;56.25;Bueno;128.47;Regular
2026-06-24;00:00;36;27.67;43.54;87.08;Bueno;162.21;Regular
2026-06-24;01:00;37;27.38;43.54;87.08;Bueno;162.21;Regular
2026-06-24;02:00;27;27.29;43.54;87.08;Bueno;162.21;Regular
2026-06-24;03:00;43;27.67;43.54;87.08;Bueno;162.21;Regular
2026-06-24;04:00;40;28.71;43.54;87.08;Bueno;162.21;Regular
2026-06-24;05:00;39;29.83;43.54;87.08;Bueno;162.21;Regular
2026-06-24;06:00;42;31.21;43.54;87.08;Bueno;162.21;Regular
2026-06-24;07:00;42;32.42;43.54;87.08;Bueno;162.21;Regular
2026-06-24;08:00;36;33.38;43.54;87.08;Bueno;162.21;Regular
2026-06-24;09:00;20;33.75;43.54;87.08;Bueno;162.21;Regular
2026-06-24;10:00;28;34.42;43.54;87.08;Bueno;162.21;Regular
2026-06-24;11:00;31;35.25;43.54;87.08;Bueno;162.21;Regular
2026-06-24;12:00;39;36.54;43.54;87.08;Bueno;162.21;Regular
2026-06-24;13:00;30;37.54;43.54;87.08;Bueno;162.21;Regular
2026-06-24;14:00;22;38.21;43.54;87.08;Bueno;162.21;Regular
2026-06-24;15:00;24;38.83;43.54;87.08;Bueno;162.21;Regular
2026-06-24;16:00;24;39.50;43.54;87.08;Bueno;162.21;Regular
2026-06-24;17:00;22;40.08;43.54;87.08;Bueno;162.21;Regular
2026-06-24;18:00;72;41.79;43.54;87.08;Bueno;162.21;Regular
2026-06-24;19:00;90;44.17;43.54;87.08;Bueno;162.21;Regular
2026-06-24;20:00;60;44.79;43.54;87.08;Bueno;162.21;Regular
2026-06-24;21:00;99;46.12;43.54;87.08;Bueno;162.21;Regular
2026-06-24;22:00;84;45.00;43.54;87.08;Bueno;162.21;Regular
2026-06-24;23:00;58;43.54;43.54;87.08;Bueno;162.21;Regular
2026-06-25;00:00;63;44.67;63.12;143.75;Regular;205.57;Alerta
2026-06-25;01:00;63;45.75;63.12;143.75;Regular;205.57;Alerta
2026-06-25;02:00;67;47.42;63.12;143.75;Regular;205.57;Alerta
2026-06-25;03:00;60;48.12;63.12;143.75;Regular;205.57;Alerta
2026-06-25;04:00;65;49.17;63.12;143.75;Regular;205.57;Alerta
2026-06-25;05:00;63;50.17;63.12;143.75;Regular;205.57;Alerta
2026-06-25;06:00;63;51.04;63.12;143.75;Regular;205.57;Alerta
2026-06-25;07:00;67;52.08;63.12;143.75;Regular;205.57;Alerta
2026-06-25;08:00;72;53.58;63.12;143.75;Regular;205.57;Alerta
2026-06-25;09:00;51;54.88;63.12;143.75;Regular;205.57;Alerta
2026-06-25;10:00;36;55.21;63.12;143.75;Regular;205.57;Alerta
2026-06-25;11:00;38;55.50;63.12;143.75;Regular;205.57;Alerta
2026-06-25;12:00;48;55.88;63.12;143.75;Regular;205.57;Alerta
2026-06-25;13:00;37;56.17;63.12;143.75;Regular;205.57;Alerta
2026-06-25;14:00;66;58.00;63.12;143.75;Regular;205.57;Alerta
2026-06-25;15:00;74;60.08;63.12;143.75;Regular;205.57;Alerta
2026-06-25;16:00;59;61.54;63.12;143.75;Regular;205.57;Alerta
2026-06-25;17:00;55;62.92;63.12;143.75;Regular;205.57;Alerta
2026-06-25;18:00;62;62.50;63.12;143.75;Regular;205.57;Alerta
2026-06-25;19:00;76;61.92;63.12;143.75;Regular;205.57;Alerta
2026-06-25;20:00;82;62.83;63.12;143.75;Regular;205.57;Alerta
2026-06-25;21:00;85;62.25;63.12;143.75;Regular;205.57;Alerta
2026-06-25;22:00;77;61.96;63.12;143.75;Regular;205.57;Alerta
2026-06-25;23:00;86;63.12;63.12;143.75;Regular;205.57;Alerta
2026-06-26;00:00;79;63.79;46.88;93.75;Bueno;169.55;Regular
2026-06-26;01:00;79;64.46;46.88;93.75;Bueno;169.55;Regular
2026-06-26;02:00;96;65.67;46.88;93.75;Bueno;169.55;Regular
2026-06-26;03:00;95;67.12;46.88;93.75;Bueno;169.55;Regular
2026-06-26;04:00;88;68.08;46.88;93.75;Bueno;169.55;Regular
2026-06-26;05:00;97;69.50;46.88;93.75;Bueno;169.55;Regular
2026-06-26;06:00;96;70.88;46.88;93.75;Bueno;169.55;Regular
2026-06-26;07:00;63;70.71;46.88;93.75;Bueno;169.55;Regular
2026-06-26;08:00;52;69.88;46.88;93.75;Bueno;169.55;Regular
2026-06-26;09:00;42;69.50;46.88;93.75;Bueno;169.55;Regular
2026-06-26;10:00;38;69.58;46.88;93.75;Bueno;169.55;Regular
2026-06-26;11:00;45;69.88;46.88;93.75;Bueno;169.55;Regular
2026-06-26;12:00;19;68.67;46.88;93.75;Bueno;169.55;Regular
2026-06-26;13:00;13;67.67;46.88;93.75;Bueno;169.55;Regular
2026-06-26;14:00;10;65.33;46.88;93.75;Bueno;169.55;Regular
2026-06-26;15:00;7;62.54;46.88;93.75;Bueno;169.55;Regular
2026-06-26;16:00;7;60.38;46.88;93.75;Bueno;169.55;Regular
2026-06-26;17:00;11;58.54;46.88;93.75;Bueno;169.55;Regular
2026-06-26;18:00;14;56.54;46.88;93.75;Bueno;169.55;Regular
2026-06-26;19:00;25;54.42;46.88;93.75;Bueno;169.55;Regular
2026-06-26;20:00;34;52.42;46.88;93.75;Bueno;169.55;Regular
2026-06-26;21:00;60;51.38;46.88;93.75;Bueno;169.55;Regular
2026-06-26;22:00;35;49.62;46.88;93.75;Bueno;169.55;Regular
2026-06-26;23:00;20;46.88;46.88;93.75;Bueno;169.55;Regular
2026-06-27;00:00;13;44.12;31.43;62.87;Bueno;135.68;Regular
2026-06-27;01:00;14;41.42;31.43;62.87;Bueno;135.68;Regular
2026-06-27;02:00;19;38.21;31.43;62.87;Bueno;135.68;Regular
2026-06-27;03:00;12;34.75;31.43;62.87;Bueno;135.68;Regular
2026-06-27;04:00;12;31.58;31.43;62.87;Bueno;135.68;Regular
2026-06-27;05:00;10;27.96;31.43;62.87;Bueno;135.68;Regular
2026-06-27;06:00;12;24.46;31.43;62.87;Bueno;135.68;Regular
2026-06-27;07:00;11;22.29;31.43;62.87;Bueno;135.68;Regular
2026-06-27;08:00;9;20.50;31.43;62.87;Bueno;135.68;Regular
2026-06-27;09:00;16;19.42;31.43;62.87;Bueno;135.68;Regular
2026-06-27;10:00;8;18.17;31.43;62.87;Bueno;135.68;Regular
2026-06-27;11:00;9;16.67;31.43;62.87;Bueno;135.68;Regular
2026-06-27;12:00;8;16.21;31.43;62.87;Bueno;135.68;Regular
2026-06-27;13:00;6;15.92;31.43;62.87;Bueno;135.68;Regular
2026-06-27;14:00;7;15.79;31.43;62.87;Bueno;135.68;Regular
2026-06-27;15:00;5;15.71;31.43;62.87;Bueno;135.68;Regular
2026-06-27;16:00;3;15.54;31.43;62.87;Bueno;135.68;Regular
2026-06-27;17:00;5;15.29;31.43;62.87;Bueno;135.68;Regular
2026-06-27;18:00;19;15.50;31.43;62.87;Bueno;135.68;Regular
2026-06-27;19:00;109;19.00;31.43;62.87;Bueno;135.68;Regular
2026-06-27;20:00;140;23.42;31.43;62.87;Bueno;135.68;Regular
2026-06-27;21:00;142;26.83;31.43;62.87;Bueno;135.68;Regular
2026-06-27;22:00;134;30.96;31.43;62.87;Bueno;135.68;Regular
2026-06-27;23:00;;31.43;31.43;62.87;Bueno;135.68;Regular
2026-06-28;00:00;;32.27;;;;;
2026-06-28;01:00;;33.14;;;;;
2026-06-28;02:00;;33.85;;;;;
2026-06-28;03:00;;35.00;;;;;
2026-06-28;04:00;;36.28;;;;;
2026-06-28;05:00;;;;;;;
2026-06-28;06:00;;;;;;;
2026-06-28;07:00;;;;;;;
2026-06-28;08:00;;;;;;;
2026-06-28;09:00;;;;;;;
2026-06-28;10:00;;;;;;;
2026-06-28;11:00;;;;;;;
2026-06-28;12:00;;;;;;;
2026-06-28;13:00;;;;;;;
2026-06-28;14:00;;;;;;;
2026-06-28;15:00;;;;;;;
2026-06-28;16:00;;;;;;;
2026-06-28;17:00;;;;;;;
2026-06-28;18:00;;;;;;;
2026-06-28;19:00;;;;;;;
2026-06-28;20:00;;;;;;;
2026-06-28;21:00;;;;;;;
2026-06-28;22:00;;;;;;;
2026-06-28;23:00;;;;;;;
2026-06-29;00:00;;;;;;;
2026-06-29;01:00;;;;;;;
2026-06-29;02:00;;;;;;;
2026-06-29;03:00;;;;;;;
2026-06-29;04:00;;;;;;;
2026-06-29;05:00;;;;;;;
2026-06-29;06:00;;;;;;;
2026-06-29;07:00;;;;;;;
2026-06-29;08:00;;;;;;;
2026-06-29;09:00;;;;;;;
2026-06-29;10:00;;;;;;;
2026-06-29;11:00;;;;;;;
2026-06-29;12:00;;;;;;;
2026-06-29;13:00;;;;;;;
2026-06-29;14:00;;;;;;;
2026-06-29;15:00;17;;;;;;
2026-06-29;16:00;23;;;;;;
2026-06-29;17:00;19;;;;;;
2026-06-29;18:00;29;;;;;;
2026-06-29;19:00;33;;;;;;
2026-06-29;20:00;44;;;;;;
2026-06-29;21:00;74;;;;;;
2026-06-29;22:00;95;;;;;;
2026-06-29;23:00;42;;;;;;
2026-06-30;00:00;30;;23.08;46.17;Bueno;117.50;Regular
2026-06-30;01:00;34;;23.08;46.17;Bueno;117.50;Regular
2026-06-30;02:00;36;;23.08;46.17;Bueno;117.50;Regular
2026-06-30;03:00;28;;23.08;46.17;Bueno;117.50;Regular
2026-06-30;04:00;33;;23.08;46.17;Bueno;117.50;Regular
2026-06-30;05:00;32;;23.08;46.17;Bueno;117.50;Regular
2026-06-30;06:00;26;;23.08;46.17;Bueno;117.50;Regular
2026-06-30;07:00;35;;23.08;46.17;Bueno;117.50;Regular
2026-06-30;08:00;28;36.56;23.08;46.17;Bueno;117.50;Regular
2026-06-30;09:00;21;35.74;23.08;46.17;Bueno;117.50;Regular
2026-06-30;10:00;15;34.70;23.08;46.17;Bueno;117.50;Regular
2026-06-30;11:00;13;33.67;23.08;46.17;Bueno;117.50;Regular
2026-06-30;12:00;18;32.95;23.08;46.17;Bueno;117.50;Regular
2026-06-30;13:00;14;32.13;23.08;46.17;Bueno;117.50;Regular
2026-06-30;14:00;13;31.33;23.08;46.17;Bueno;117.50;Regular
2026-06-30;15:00;14;31.21;23.08;46.17;Bueno;117.50;Regular
2026-06-30;16:00;14;30.83;23.08;46.17;Bueno;117.50;Regular
2026-06-30;17:00;13;30.58;23.08;46.17;Bueno;117.50;Regular
2026-06-30;18:00;17;30.08;23.08;46.17;Bueno;117.50;Regular
2026-06-30;19:00;23;29.67;23.08;46.17;Bueno;117.50;Regular
2026-06-30;20:00;28;29.00;23.08;46.17;Bueno;117.50;Regular
2026-06-30;21:00;23;26.88;23.08;46.17;Bueno;117.50;Regular
2026-06-30;22:00;21;23.79;23.08;46.17;Bueno;117.50;Regular
2026-06-30;23:00;25;23.08;23.08;46.17;Bueno;117.50;Regular
2026-07-01;00:00;34;23.25;55.46;118.19;Regular;188.53;Regular
2026-07-01;01:00;31;23.12;55.46;118.19;Regular;188.53;Regular
2026-07-01;02:00;15;22.25;55.46;118.19;Regular;188.53;Regular
2026-07-01;03:00;11;21.54;55.46;118.19;Regular;188.53;Regular
2026-07-01;04:00;14;20.75;55.46;118.19;Regular;188.53;Regular
2026-07-01;05:00;10;19.83;55.46;118.19;Regular;188.53;Regular
2026-07-01;06:00;11;19.21;55.46;118.19;Regular;188.53;Regular
2026-07-01;07:00;13;18.29;55.46;118.19;Regular;188.53;Regular
2026-07-01;08:00;14;17.71;55.46;118.19;Regular;188.53;Regular
2026-07-01;09:00;14;17.42;55.46;118.19;Regular;188.53;Regular
2026-07-01;10:00;13;17.33;55.46;118.19;Regular;188.53;Regular
2026-07-01;11:00;13;17.33;55.46;118.19;Regular;188.53;Regular
2026-07-01;12:00;14;17.17;55.46;118.19;Regular;188.53;Regular
2026-07-01;13:00;17;17.29;55.46;118.19;Regular;188.53;Regular
2026-07-01;14:00;20;17.58;55.46;118.19;Regular;188.53;Regular
2026-07-01;15:00;21;17.88;55.46;118.19;Regular;188.53;Regular
2026-07-01;16:00;16;17.96;55.46;118.19;Regular;188.53;Regular
2026-07-01;17:00;28;18.58;55.46;118.19;Regular;188.53;Regular
2026-07-01;18:00;113;22.58;55.46;118.19;Regular;188.53;Regular
2026-07-01;19:00;154;28.04;55.46;118.19;Regular;188.53;Regular
2026-07-01;20:00;147;33.00;55.46;118.19;Regular;188.53;Regular
2026-07-01;21:00;255;42.67;55.46;118.19;Regular;188.53;Regular
2026-07-01;22:00;207;50.42;55.46;118.19;Regular;188.53;Regular
2026-07-01;23:00;146;55.46;55.46;118.19;Regular;188.53;Regular
2026-07-02;00:00;82;57.46;69.04;163.47;Regular;218.78;Alerta
2026-07-02;01:00;96;60.17;69.04;163.47;Regular;218.78;Alerta
2026-07-02;02:00;104;63.88;69.04;163.47;Regular;218.78;Alerta
2026-07-02;03:00;79;66.71;69.04;163.47;Regular;218.78;Alerta
2026-07-02;04:00;65;68.83;69.04;163.47;Regular;218.78;Alerta
2026-07-02;05:00;55;70.71;69.04;163.47;Regular;218.78;Alerta
2026-07-02;06:00;54;72.50;69.04;163.47;Regular;218.78;Alerta
2026-07-02;07:00;35;73.42;69.04;163.47;Regular;218.78;Alerta
2026-07-02;08:00;28;74.00;69.04;163.47;Regular;218.78;Alerta
2026-07-02;09:00;37;74.96;69.04;163.47;Regular;218.78;Alerta
2026-07-02;10:00;32;75.75;69.04;163.47;Regular;218.78;Alerta
2026-07-02;11:00;51;77.33;69.04;163.47;Regular;218.78;Alerta
2026-07-02;12:00;68;79.58;69.04;163.47;Regular;218.78;Alerta
2026-07-02;13:00;86;82.46;69.04;163.47;Regular;218.78;Alerta
2026-07-02;14:00;76;84.79;69.04;163.47;Regular;218.78;Alerta
2026-07-02;15:00;63;86.54;69.04;163.47;Regular;218.78;Alerta
2026-07-02;16:00;63;88.50;69.04;163.47;Regular;218.78;Alerta
2026-07-02;17:00;58;89.75;69.04;163.47;Regular;218.78;Alerta
2026-07-02;18:00;63;87.67;69.04;163.47;Regular;218.78;Alerta
2026-07-02;19:00;164;88.08;69.04;163.47;Regular;218.78;Alerta
2026-07-02;20:00;88;85.62;69.04;163.47;Regular;218.78;Alerta
2026-07-02;21:00;60;77.50;69.04;163.47;Regular;218.78;Alerta
2026-07-02;22:00;70;71.79;69.04;163.47;Regular;218.78;Alerta
2026-07-02;23:00;80;69.04;69.04;163.47;Regular;218.78;Alerta
2026-07-03;00:00;69;68.50;65.25;150.83;Regular;210.31;Alerta
2026-07-03;01:00;62;67.08;65.25;150.83;Regular;210.31;Alerta
2026-07-03;02:00;51;64.88;65.25;150.83;Regular;210.31;Alerta
2026-07-03;03:00;48;63.58;65.25;150.83;Regular;210.31;Alerta
2026-07-03;04:00;43;62.67;65.25;150.83;Regular;210.31;Alerta
2026-07-03;05:00;44;62.21;65.25;150.83;Regular;210.31;Alerta
2026-07-03;06:00;46;61.88;65.25;150.83;Regular;210.31;Alerta
2026-07-03;07:00;49;62.46;65.25;150.83;Regular;210.31;Alerta
2026-07-03;08:00;48;63.29;65.25;150.83;Regular;210.31;Alerta
2026-07-03;09:00;49;63.79;65.25;150.83;Regular;210.31;Alerta
2026-07-03;10:00;41;64.17;65.25;150.83;Regular;210.31;Alerta
2026-07-03;11:00;50;64.12;65.25;150.83;Regular;210.31;Alerta
2026-07-03;12:00;55;63.58;65.25;150.83;Regular;210.31;Alerta
2026-07-03;13:00;104;64.33;65.25;150.83;Regular;210.31;Alerta
2026-07-03;14:00;118;66.08;65.25;150.83;Regular;210.31;Alerta
2026-07-03;15:00;101;67.67;65.25;150.83;Regular;210.31;Alerta
2026-07-03;16:00;74;68.12;65.25;150.83;Regular;210.31;Alerta
2026-07-03;17:00;72;68.71;65.25;150.83;Regular;210.31;Alerta
2026-07-03;18:00;91;69.88;65.25;150.83;Regular;210.31;Alerta
2026-07-03;19:00;56;65.38;65.25;150.83;Regular;210.31;Alerta
2026-07-03;20:00;63;64.33;65.25;150.83;Regular;210.31;Alerta
2026-07-03;21:00;83;65.29;65.25;150.83;Regular;210.31;Alerta
2026-07-03;22:00;80;65.71;65.25;150.83;Regular;210.31;Alerta
2026-07-03;23:00;69;65.25;65.25;150.83;Regular;210.31;Alerta
2026-07-04;00:00;62;64.96;80.38;201.25;Alerta;244.22;Alerta
2026-07-04;01:00;44;64.21;80.38;201.25;Alerta;244.22;Alerta
2026-07-04;02:00;39;63.71;80.38;201.25;Alerta;244.22;Alerta
2026-07-04;03:00;40;63.38;80.38;201.25;Alerta;244.22;Alerta
2026-07-04;04:00;41;63.29;80.38;201.25;Alerta;244.22;Alerta
2026-07-04;05:00;39;63.08;80.38;201.25;Alerta;244.22;Alerta
2026-07-04;06:00;37;62.71;80.38;201.25;Alerta;244.22;Alerta
2026-07-04;07:00;44;62.50;80.38;201.25;Alerta;244.22;Alerta
2026-07-04;08:00;41;62.21;80.38;201.25;Alerta;244.22;Alerta
2026-07-04;09:00;47;62.12;80.38;201.25;Alerta;244.22;Alerta
2026-07-04;10:00;69;63.29;80.38;201.25;Alerta;244.22;Alerta
2026-07-04;11:00;85;64.75;80.38;201.25;Alerta;244.22;Alerta
2026-07-04;12:00;85;66.00;80.38;201.25;Alerta;244.22;Alerta
2026-07-04;13:00;78;64.92;80.38;201.25;Alerta;244.22;Alerta
2026-07-04;14:00;90;63.75;80.38;201.25;Alerta;244.22;Alerta
2026-07-04;15:00;90;63.29;80.38;201.25;Alerta;244.22;Alerta
2026-07-04;16:00;96;64.21;80.38;201.25;Alerta;244.22;Alerta
2026-07-04;17:00;76;64.38;80.38;201.25;Alerta;244.22;Alerta
2026-07-04;18:00;145;66.62;80.38;201.25;Alerta;244.22;Alerta
2026-07-04;19:00;153;70.67;80.38;201.25;Alerta;244.22;Alerta
2026-07-04;20:00;136;73.71;80.38;201.25;Alerta;244.22;Alerta
2026-07-04;21:00;101;74.46;80.38;201.25;Alerta;244.22;Alerta
2026-07-04;22:00;144;77.12;80.38;201.25;Alerta;244.22;Alerta
2026-07-04;23:00;147;80.38;80.38;201.25;Alerta;244.22;Alerta
2026-07-05;00:00;134;83.38;82.29;207.64;Alerta;248.54;Alerta
2026-07-05;01:00;85;85.08;82.29;207.64;Alerta;248.54;Alerta
2026-07-05;02:00;82;86.88;82.29;207.64;Alerta;248.54;Alerta
2026-07-05;03:00;74;88.29;82.29;207.64;Alerta;248.54;Alerta
2026-07-05;04:00;74;89.67;82.29;207.64;Alerta;248.54;Alerta
2026-07-05;05:00;84;91.54;82.29;207.64;Alerta;248.54;Alerta
2026-07-05;06:00;74;93.08;82.29;207.64;Alerta;248.54;Alerta
2026-07-05;07:00;73;94.29;82.29;207.64;Alerta;248.54;Alerta
2026-07-05;08:00;86;96.17;82.29;207.64;Alerta;248.54;Alerta
2026-07-05;09:00;93;98.08;82.29;207.64;Alerta;248.54;Alerta
2026-07-05;10:00;76;98.38;82.29;207.64;Alerta;248.54;Alerta
2026-07-05;11:00;60;97.33;82.29;207.64;Alerta;248.54;Alerta
2026-07-05;12:00;52;95.96;82.29;207.64;Alerta;248.54;Alerta
2026-07-05;13:00;47;94.67;82.29;207.64;Alerta;248.54;Alerta
2026-07-05;14:00;53;93.12;82.29;207.64;Alerta;248.54;Alerta
2026-07-05;15:00;45;91.25;82.29;207.64;Alerta;248.54;Alerta
2026-07-05;16:00;31;88.54;82.29;207.64;Alerta;248.54;Alerta
2026-07-05;17:00;22;86.29;82.29;207.64;Alerta;248.54;Alerta
2026-07-05;18:00;57;82.62;82.29;207.64;Alerta;248.54;Alerta
2026-07-05;19:00;89;79.96;82.29;207.64;Alerta;248.54;Alerta
2026-07-05;20:00;139;80.08;82.29;207.64;Alerta;248.54;Alerta
2026-07-05;21:00;133;81.42;82.29;207.64;Alerta;248.54;Alerta
2026-07-05;22:00;177;82.79;82.29;207.64;Alerta;248.54;Alerta
2026-07-05;23:00;135;82.29;82.29;207.64;Alerta;248.54;Alerta
2026-07-06;00:00;156;83.21;73.62;178.75;Regular;229.05;Alerta
2026-07-06;01:00;71;82.62;73.62;178.75;Regular;229.05;Alerta
2026-07-06;02:00;50;81.29;73.62;178.75;Regular;229.05;Alerta
2026-07-06;03:00;40;79.88;73.62;178.75;Regular;229.05;Alerta
2026-07-06;04:00;36;78.29;73.62;178.75;Regular;229.05;Alerta
2026-07-06;05:00;35;76.25;73.62;178.75;Regular;229.05;Alerta
2026-07-06;06:00;30;74.42;73.62;178.75;Regular;229.05;Alerta
2026-07-06;07:00;29;72.58;73.62;178.75;Regular;229.05;Alerta
2026-07-06;08:00;32;70.33;73.62;178.75;Regular;229.05;Alerta
2026-07-06;09:00;27;67.58;73.62;178.75;Regular;229.05;Alerta
2026-07-06;10:00;30;65.67;73.62;178.75;Regular;229.05;Alerta
2026-07-06;11:00;40;64.83;73.62;178.75;Regular;229.05;Alerta
2026-07-06;12:00;67;65.46;73.62;178.75;Regular;229.05;Alerta
2026-07-06;13:00;104;67.83;73.62;178.75;Regular;229.05;Alerta
2026-07-06;14:00;97;69.67;73.62;178.75;Regular;229.05;Alerta
2026-07-06;15:00;96;71.79;73.62;178.75;Regular;229.05;Alerta
2026-07-06;16:00;93;74.38;73.62;178.75;Regular;229.05;Alerta
2026-07-06;17:00;53;75.67;73.62;178.75;Regular;229.05;Alerta
2026-07-06;18:00;50;75.38;73.62;178.75;Regular;229.05;Alerta
2026-07-06;19:00;75;74.79;73.62;178.75;Regular;229.05;Alerta
2026-07-06;20:00;165;75.88;73.62;178.75;Regular;229.05;Alerta
2026-07-06;21:00;127;75.62;73.62;178.75;Regular;229.05;Alerta
2026-07-06;22:00;128;73.58;73.62;178.75;Regular;229.05;Alerta
2026-07-06;23:00;136;73.62;73.62;178.75;Regular;229.05;Alerta
2026-07-07;00:00;136;72.79;127.71;359.03;Preemergencia;352.52;Preemergencia
2026-07-07;01:00;118;74.75;127.71;359.03;Preemergencia;352.52;Preemergencia
2026-07-07;02:00;116;77.50;127.71;359.03;Preemergencia;352.52;Preemergencia
2026-07-07;03:00;105;80.21;127.71;359.03;Preemergencia;352.52;Preemergencia
2026-07-07;04:00;105;83.08;127.71;359.03;Preemergencia;352.52;Preemergencia
2026-07-07;05:00;106;86.04;127.71;359.03;Preemergencia;352.52;Preemergencia
2026-07-07;06:00;108;89.29;127.71;359.03;Preemergencia;352.52;Preemergencia
2026-07-07;07:00;105;92.46;127.71;359.03;Preemergencia;352.52;Preemergencia
2026-07-07;08:00;105;95.50;127.71;359.03;Preemergencia;352.52;Preemergencia
2026-07-07;09:00;121;99.42;127.71;359.03;Preemergencia;352.52;Preemergencia
2026-07-07;10:00;163;104.96;127.71;359.03;Preemergencia;352.52;Preemergencia
2026-07-07;11:00;180;110.79;127.71;359.03;Preemergencia;352.52;Preemergencia
2026-07-07;12:00;138;113.75;127.71;359.03;Preemergencia;352.52;Preemergencia
2026-07-07;13:00;113;114.12;127.71;359.03;Preemergencia;352.52;Preemergencia
2026-07-07;14:00;93;113.96;127.71;359.03;Preemergencia;352.52;Preemergencia
2026-07-07;15:00;130;115.38;127.71;359.03;Preemergencia;352.52;Preemergencia
2026-07-07;16:00;129;116.88;127.71;359.03;Preemergencia;352.52;Preemergencia
2026-07-07;17:00;125;119.88;127.71;359.03;Preemergencia;352.52;Preemergencia
2026-07-07;18:00;133;123.33;127.71;359.03;Preemergencia;352.52;Preemergencia
2026-07-07;19:00;120;125.21;127.71;359.03;Preemergencia;352.52;Preemergencia
2026-07-07;20:00;134;123.92;127.71;359.03;Preemergencia;352.52;Preemergencia
2026-07-07;21:00;120;123.62;127.71;359.03;Preemergencia;352.52;Preemergencia
2026-07-07;22:00;199;126.58;127.71;359.03;Preemergencia;352.52;Preemergencia
2026-07-07;23:00;163;127.71;127.71;359.03;Preemergencia;352.52;Preemergencia
2026-07-08;00:00;133;127.58;78.88;196.25;Regular;240.84;Alerta
2026-07-08;01:00;131;128.12;78.88;196.25;Regular;240.84;Alerta
2026-07-08;02:00;136;128.96;78.88;196.25;Regular;240.84;Alerta
2026-07-08;03:00;132;130.08;78.88;196.25;Regular;240.84;Alerta
2026-07-08;04:00;123;130.83;78.88;196.25;Regular;240.84;Alerta
2026-07-08;05:00;131;131.88;78.88;196.25;Regular;240.84;Alerta
2026-07-08;06:00;117;132.25;78.88;196.25;Regular;240.84;Alerta
2026-07-08;07:00;116;132.71;78.88;196.25;Regular;240.84;Alerta
2026-07-08;08:00;115;133.12;78.88;196.25;Regular;240.84;Alerta
2026-07-08;09:00;108;132.58;78.88;196.25;Regular;240.84;Alerta
2026-07-08;10:00;89;129.50;78.88;196.25;Regular;240.84;Alerta
2026-07-08;11:00;85;125.54;78.88;196.25;Regular;240.84;Alerta
2026-07-08;12:00;72;122.79;78.88;196.25;Regular;240.84;Alerta
2026-07-08;13:00;82;121.50;78.88;196.25;Regular;240.84;Alerta
2026-07-08;14:00;39;119.25;78.88;196.25;Regular;240.84;Alerta
2026-07-08;15:00;38;115.42;78.88;196.25;Regular;240.84;Alerta
2026-07-08;16:00;49;112.08;78.88;196.25;Regular;240.84;Alerta
2026-07-08;17:00;38;108.46;78.88;196.25;Regular;240.84;Alerta
2026-07-08;18:00;41;104.62;78.88;196.25;Regular;240.84;Alerta
2026-07-08;19:00;36;101.12;78.88;196.25;Regular;240.84;Alerta
2026-07-08;20:00;32;96.88;78.88;196.25;Regular;240.84;Alerta
2026-07-08;21:00;18;92.62;78.88;196.25;Regular;240.84;Alerta
2026-07-08;22:00;18;85.08;78.88;196.25;Regular;240.84;Alerta
2026-07-08;23:00;14;78.88;78.88;196.25;Regular;240.84;Alerta
2026-07-09;00:00;22;74.25;39.58;79.17;Bueno;153.52;Regular
2026-07-09;01:00;27;69.92;39.58;79.17;Bueno;153.52;Regular
2026-07-09;02:00;30;65.50;39.58;79.17;Bueno;153.52;Regular
2026-07-09;03:00;46;61.92;39.58;79.17;Bueno;153.52;Regular
2026-07-09;04:00;59;59.25;39.58;79.17;Bueno;153.52;Regular
2026-07-09;05:00;36;55.29;39.58;79.17;Bueno;153.52;Regular
2026-07-09;06:00;36;51.92;39.58;79.17;Bueno;153.52;Regular
2026-07-09;07:00;39;48.71;39.58;79.17;Bueno;153.52;Regular
2026-07-09;08:00;29;45.12;39.58;79.17;Bueno;153.52;Regular
2026-07-09;09:00;36;42.12;39.58;79.17;Bueno;153.52;Regular
2026-07-09;10:00;44;40.25;39.58;79.17;Bueno;153.52;Regular
2026-07-09;11:00;51;38.83;39.58;79.17;Bueno;153.52;Regular
2026-07-09;12:00;40;37.50;39.58;79.17;Bueno;153.52;Regular
2026-07-09;13:00;38;35.67;39.58;79.17;Bueno;153.52;Regular
2026-07-09;14:00;19;34.83;39.58;79.17;Bueno;153.52;Regular
2026-07-09;15:00;34;34.67;39.58;79.17;Bueno;153.52;Regular
2026-07-09;16:00;46;34.54;39.58;79.17;Bueno;153.52;Regular
2026-07-09;17:00;37;34.50;39.58;79.17;Bueno;153.52;Regular
2026-07-09;18:00;30;34.04;39.58;79.17;Bueno;153.52;Regular
2026-07-09;19:00;25;33.58;39.58;79.17;Bueno;153.52;Regular
2026-07-09;20:00;30;33.50;39.58;79.17;Bueno;153.52;Regular
2026-07-09;21:00;84;36.25;39.58;79.17;Bueno;153.52;Regular
2026-07-09;22:00;69;38.38;39.58;79.17;Bueno;153.52;Regular
2026-07-09;23:00;43;39.58;39.58;79.17;Bueno;153.52;Regular
2026-07-10;00:00;36;40.17;18.29;36.58;Bueno;107.12;Regular
2026-07-10;01:00;29;40.25;18.29;36.58;Bueno;107.12;Regular
2026-07-10;02:00;14;39.58;18.29;36.58;Bueno;107.12;Regular
2026-07-10;03:00;11;38.12;18.29;36.58;Bueno;107.12;Regular
2026-07-10;04:00;8;36.00;18.29;36.58;Bueno;107.12;Regular
2026-07-10;05:00;3;34.62;18.29;36.58;Bueno;107.12;Regular
2026-07-10;06:00;1;33.17;18.29;36.58;Bueno;107.12;Regular
2026-07-10;07:00;6;31.79;18.29;36.58;Bueno;107.12;Regular
2026-07-10;08:00;9;30.96;18.29;36.58;Bueno;107.12;Regular
2026-07-10;09:00;11;29.92;18.29;36.58;Bueno;107.12;Regular
2026-07-10;10:00;12;28.58;18.29;36.58;Bueno;107.12;Regular
2026-07-10;11:00;9;26.83;18.29;36.58;Bueno;107.12;Regular
2026-07-10;12:00;7;25.46;18.29;36.58;Bueno;107.12;Regular
2026-07-10;13:00;7;24.17;18.29;36.58;Bueno;107.12;Regular
2026-07-10;14:00;11;23.83;18.29;36.58;Bueno;107.12;Regular
2026-07-10;15:00;16;23.08;18.29;36.58;Bueno;107.12;Regular
2026-07-10;16:00;9;21.54;18.29;36.58;Bueno;107.12;Regular
2026-07-10;17:00;8;20.33;18.29;36.58;Bueno;107.12;Regular
2026-07-10;18:00;9;19.46;18.29;36.58;Bueno;107.12;Regular
2026-07-10;19:00;11;18.88;18.29;36.58;Bueno;107.12;Regular
2026-07-10;20:00;11;18.08;18.29;36.58;Bueno;107.12;Regular
2026-07-10;21:00;44;16.42;18.29;36.58;Bueno;107.12;Regular
2026-07-10;22:00;57;15.92;18.29;36.58;Bueno;107.12;Regular
2026-07-10;23:00;100;18.29;18.29;36.58;Bueno;107.12;Regular
2026-07-11;00:00;49;18.83;13.75;27.50;Bueno;91.67;Bueno
2026-07-11;01:00;19;18.42;13.75;27.50;Bueno;91.67;Bueno
2026-07-11;02:00;21;18.71;13.75;27.50;Bueno;91.67;Bueno
2026-07-11;03:00;6;18.50;13.75;27.50;Bueno;91.67;Bueno
2026-07-11;04:00;9;18.54;13.75;27.50;Bueno;91.67;Bueno
2026-07-11;05:00;8;18.75;13.75;27.50;Bueno;91.67;Bueno
2026-07-11;06:00;8;19.04;13.75;27.50;Bueno;91.67;Bueno
2026-07-11;07:00;9;19.17;13.75;27.50;Bueno;91.67;Bueno
2026-07-11;08:00;9;19.17;13.75;27.50;Bueno;91.67;Bueno
2026-07-11;09:00;7;19.00;13.75;27.50;Bueno;91.67;Bueno
2026-07-11;10:00;7;18.79;13.75;27.50;Bueno;91.67;Bueno
2026-07-11;11:00;11;18.88;13.75;27.50;Bueno;91.67;Bueno
2026-07-11;12:00;9;18.96;13.75;27.50;Bueno;91.67;Bueno
2026-07-11;13:00;5;18.88;13.75;27.50;Bueno;91.67;Bueno
2026-07-11;14:00;7;18.71;13.75;27.50;Bueno;91.67;Bueno
2026-07-11;15:00;9;18.42;13.75;27.50;Bueno;91.67;Bueno
2026-07-11;16:00;10;18.46;13.75;27.50;Bueno;91.67;Bueno
2026-07-11;17:00;9;18.50;13.75;27.50;Bueno;91.67;Bueno
2026-07-11;18:00;15;18.75;13.75;27.50;Bueno;91.67;Bueno
2026-07-11;19:00;14;18.88;13.75;27.50;Bueno;91.67;Bueno
2026-07-11;20:00;16;19.08;13.75;27.50;Bueno;91.67;Bueno
2026-07-11;21:00;18;18.00;13.75;27.50;Bueno;91.67;Bueno
2026-07-11;22:00;21;16.50;13.75;27.50;Bueno;91.67;Bueno
2026-07-11;23:00;34;13.75;13.75;27.50;Bueno;91.67;Bueno
2026-07-12;00:00;;12.22;27.26;54.52;Bueno;126.58;Regular
2026-07-12;01:00;21;12.30;27.26;54.52;Bueno;126.58;Regular
2026-07-12;02:00;21;12.30;27.26;54.52;Bueno;126.58;Regular
2026-07-12;03:00;26;13.17;27.26;54.52;Bueno;126.58;Regular
2026-07-12;04:00;45;14.74;27.26;54.52;Bueno;126.58;Regular
2026-07-12;05:00;16;15.09;27.26;54.52;Bueno;126.58;Regular
2026-07-12;06:00;14;15.35;27.26;54.52;Bueno;126.58;Regular
2026-07-12;07:00;12;15.48;27.26;54.52;Bueno;126.58;Regular
2026-07-12;08:00;12;15.61;27.26;54.52;Bueno;126.58;Regular
2026-07-12;09:00;14;15.91;27.26;54.52;Bueno;126.58;Regular
2026-07-12;10:00;13;16.17;27.26;54.52;Bueno;126.58;Regular
2026-07-12;11:00;13;16.26;27.26;54.52;Bueno;126.58;Regular
2026-07-12;12:00;17;16.61;27.26;54.52;Bueno;126.58;Regular
2026-07-12;13:00;27;17.57;27.26;54.52;Bueno;126.58;Regular
2026-07-12;14:00;33;18.70;27.26;54.52;Bueno;126.58;Regular
2026-07-12;15:00;24;19.35;27.26;54.52;Bueno;126.58;Regular
2026-07-12;16:00;22;19.87;27.26;54.52;Bueno;126.58;Regular
2026-07-12;17:00;29;20.74;27.26;54.52;Bueno;126.58;Regular
2026-07-12;18:00;30;21.39;27.26;54.52;Bueno;126.58;Regular
2026-07-12;19:00;80;24.26;27.26;54.52;Bueno;126.58;Regular
2026-07-12;20:00;70;26.61;27.26;54.52;Bueno;126.58;Regular
2026-07-12;21:00;37;27.43;27.26;54.52;Bueno;126.58;Regular
2026-07-12;22:00;24;27.57;27.26;54.52;Bueno;126.58;Regular
2026-07-12;23:00;27;27.26;27.26;54.52;Bueno;126.58;Regular
2026-07-13;00:00;24;27.12;49.61;99.22;Bueno;175.59;Regular
2026-07-13;01:00;24;27.25;49.61;99.22;Bueno;175.59;Regular
2026-07-13;02:00;26;27.46;49.61;99.22;Bueno;175.59;Regular
2026-07-13;03:00;22;27.29;49.61;99.22;Bueno;175.59;Regular
2026-07-13;04:00;15;26.04;49.61;99.22;Bueno;175.59;Regular
2026-07-13;05:00;12;25.88;49.61;99.22;Bueno;175.59;Regular
2026-07-13;06:00;10;25.71;49.61;99.22;Bueno;175.59;Regular
2026-07-13;07:00;10;25.62;49.61;99.22;Bueno;175.59;Regular
2026-07-13;08:00;10;25.54;49.61;99.22;Bueno;175.59;Regular
2026-07-13;09:00;11;25.42;49.61;99.22;Bueno;175.59;Regular
2026-07-13;10:00;26;25.96;49.61;99.22;Bueno;175.59;Regular
2026-07-13;11:00;36;26.92;49.61;99.22;Bueno;175.59;Regular
2026-07-13;12:00;63;28.83;49.61;99.22;Bueno;175.59;Regular
2026-07-13;13:00;52;29.88;49.61;99.22;Bueno;175.59;Regular
2026-07-13;14:00;57;30.88;49.61;99.22;Bueno;175.59;Regular
2026-07-13;15:00;58;32.29;49.61;99.22;Bueno;175.59;Regular
2026-07-13;16:00;;32.74;49.61;99.22;Bueno;175.59;Regular
2026-07-13;17:00;84;35.13;49.61;99.22;Bueno;175.59;Regular
2026-07-13;18:00;98;38.09;49.61;99.22;Bueno;175.59;Regular
2026-07-13;19:00;109;39.35;49.61;99.22;Bueno;175.59;Regular
2026-07-13;20:00;98;40.57;49.61;99.22;Bueno;175.59;Regular
2026-07-13;21:00;103;43.43;49.61;99.22;Bueno;175.59;Regular
2026-07-13;22:00;102;46.83;49.61;99.22;Bueno;175.59;Regular
2026-07-13;23:00;91;49.61;49.61;99.22;Bueno;175.59;Regular
2026-07-14;00:00;75;51.83;21.75;43.50;Bueno;114.61;Regular
2026-07-14;01:00;45;52.74;21.75;43.50;Bueno;114.61;Regular
2026-07-14;02:00;33;53.04;21.75;43.50;Bueno;114.61;Regular
2026-07-14;03:00;50;54.26;21.75;43.50;Bueno;114.61;Regular
2026-07-14;04:00;38;55.26;21.75;43.50;Bueno;114.61;Regular
2026-07-14;05:00;24;55.78;21.75;43.50;Bueno;114.61;Regular
2026-07-14;06:00;10;55.78;21.75;43.50;Bueno;114.61;Regular
2026-07-14;07:00;18;56.13;21.75;43.50;Bueno;114.61;Regular
2026-07-14;08:00;14;56.30;21.75;43.50;Bueno;114.61;Regular
2026-07-14;09:00;10;56.26;21.75;43.50;Bueno;114.61;Regular
2026-07-14;10:00;15;55.78;21.75;43.50;Bueno;114.61;Regular
2026-07-14;11:00;18;55.00;21.75;43.50;Bueno;114.61;Regular
2026-07-14;12:00;21;53.17;21.75;43.50;Bueno;114.61;Regular
2026-07-14;13:00;14;51.52;21.75;43.50;Bueno;114.61;Regular
2026-07-14;14:00;25;50.13;21.75;43.50;Bueno;114.61;Regular
2026-07-14;15:00;28;48.83;21.75;43.50;Bueno;114.61;Regular
2026-07-14;16:00;25;47.83;21.75;43.50;Bueno;114.61;Regular
2026-07-14;17:00;14;44.92;21.75;43.50;Bueno;114.61;Regular
2026-07-14;18:00;18;41.58;21.75;43.50;Bueno;114.61;Regular
2026-07-14;19:00;10;37.46;21.75;43.50;Bueno;114.61;Regular
2026-07-14;20:00;7;33.67;21.75;43.50;Bueno;114.61;Regular
2026-07-14;21:00;4;29.54;21.75;43.50;Bueno;114.61;Regular
2026-07-14;22:00;3;25.42;21.75;43.50;Bueno;114.61;Regular
2026-07-14;23:00;3;21.75;21.75;43.50;Bueno;114.61;Regular
2026-07-15;00:00;16;19.29;10.79;21.58;Bueno;71.94;Bueno
2026-07-15;01:00;10;17.83;10.79;21.58;Bueno;71.94;Bueno
2026-07-15;02:00;9;16.83;10.79;21.58;Bueno;71.94;Bueno
2026-07-15;03:00;8;15.08;10.79;21.58;Bueno;71.94;Bueno
2026-07-15;04:00;9;13.88;10.79;21.58;Bueno;71.94;Bueno
2026-07-15;05:00;6;13.12;10.79;21.58;Bueno;71.94;Bueno
2026-07-15;06:00;6;12.96;10.79;21.58;Bueno;71.94;Bueno
2026-07-15;07:00;6;12.46;10.79;21.58;Bueno;71.94;Bueno
2026-07-15;08:00;8;12.21;10.79;21.58;Bueno;71.94;Bueno
2026-07-15;09:00;9;12.17;10.79;21.58;Bueno;71.94;Bueno
2026-07-15;10:00;6;11.79;10.79;21.58;Bueno;71.94;Bueno
2026-07-15;11:00;20;11.88;10.79;21.58;Bueno;71.94;Bueno
2026-07-15;12:00;13;11.54;10.79;21.58;Bueno;71.94;Bueno
2026-07-15;13:00;14;11.54;10.79;21.58;Bueno;71.94;Bueno
2026-07-15;14:00;12;11.00;10.79;21.58;Bueno;71.94;Bueno
2026-07-15;15:00;10;10.25;10.79;21.58;Bueno;71.94;Bueno
2026-07-15;16:00;7;9.50;10.79;21.58;Bueno;71.94;Bueno
2026-07-15;17:00;5;9.12;10.79;21.58;Bueno;71.94;Bueno
2026-07-15;18:00;6;8.62;10.79;21.58;Bueno;71.94;Bueno
2026-07-15;19:00;9;8.58;10.79;21.58;Bueno;71.94;Bueno
2026-07-15;20:00;26;9.38;10.79;21.58;Bueno;71.94;Bueno
2026-07-15;21:00;15;9.83;10.79;21.58;Bueno;71.94;Bueno
2026-07-15;22:00;21;10.58;10.79;21.58;Bueno;71.94;Bueno
2026-07-15;23:00;8;10.79;10.79;21.58;Bueno;71.94;Bueno
2026-07-16;00:00;9;10.50;;;;;
2026-07-16;01:00;9;10.46;;;;;
2026-07-16;02:00;7;10.38;;;;;
2026-07-16;03:00;4;10.21;;;;;
2026-07-16;04:00;2;9.92;;;;;
2026-07-16;05:00;6;9.92;;;;;
2026-07-16;06:00;5;9.88;;;;;
2026-07-16;07:00;1;9.67;;;;;
2026-07-16;08:00;1;9.38;;;;;
2026-07-16;09:00;5;9.21;;;;;
2026-07-16;10:00;;9.35;;;;;
2026-07-16;11:00;;8.86;;;;;
2026-07-16;12:00;5;8.50;;;;;
2026-07-16;13:00;;8.24;;;;;
2026-07-16;14:00;;8.05;;;;;
2026-07-16;15:00;;7.95;;;;;
2026-07-16;16:00;;8.00;;;;;
2026-07-16;17:00;;;;;;;
2026-07-16;18:00;;;;;;;
2026-07-16;19:00;;;;;;;
2026-07-16;20:00;;;;;;;
2026-07-16;21:00;;;;;;;
2026-07-16;22:00;;;;;;;
2026-07-16;23:00;;;;;;;
2026-07-17;00:00;;;;;;;
2026-07-17;01:00;;;;;;;
2026-07-17;02:00;;;;;;;
2026-07-17;03:00;;;;;;;
2026-07-17;04:00;;;;;;;
2026-07-17;05:00;;;;;;;
2026-07-17;06:00;;;;;;;
2026-07-17;07:00;;;;;;;
2026-07-17;08:00;;;;;;;
2026-07-17;09:00;;;;;;;
2026-07-17;10:00;;;;;;;
2026-07-17;11:00;;;;;;;
2026-07-17;12:00;;;;;;;
2026-07-17;13:00;;;;;;;
2026-07-17;14:00;;;;;;;
2026-07-17;15:00;1;;;;;;
2026-07-17;16:00;1;;;;;;
2026-07-17;17:00;3;;;;;;
2026-07-17;18:00;2;;;;;;
2026-07-17;19:00;1;;;;;;
2026-07-17;20:00;1;;;;;;
2026-07-17;21:00;1;;;;;;
2026-07-17;22:00;3;;;;;;
2026-07-17;23:00;1;;;;;;
2026-07-18;00:00;;;5.61;11.22;Bueno;37.39;Bueno
2026-07-18;01:00;1;;5.61;11.22;Bueno;37.39;Bueno
2026-07-18;02:00;4;;5.61;11.22;Bueno;37.39;Bueno
2026-07-18;03:00;21;;5.61;11.22;Bueno;37.39;Bueno
2026-07-18;04:00;19;;5.61;11.22;Bueno;37.39;Bueno
2026-07-18;05:00;32;;5.61;11.22;Bueno;37.39;Bueno
2026-07-18;06:00;14;;5.61;11.22;Bueno;37.39;Bueno
2026-07-18;07:00;7;;5.61;11.22;Bueno;37.39;Bueno
2026-07-18;08:00;2;;5.61;11.22;Bueno;37.39;Bueno
2026-07-18;09:00;2;6.44;5.61;11.22;Bueno;37.39;Bueno
2026-07-18;10:00;1;6.16;5.61;11.22;Bueno;37.39;Bueno
2026-07-18;11:00;1;5.90;5.61;11.22;Bueno;37.39;Bueno
2026-07-18;12:00;1;5.67;5.61;11.22;Bueno;37.39;Bueno
2026-07-18;13:00;2;5.50;5.61;11.22;Bueno;37.39;Bueno
2026-07-18;14:00;1;5.30;5.61;11.22;Bueno;37.39;Bueno
2026-07-18;15:00;1;5.30;5.61;11.22;Bueno;37.39;Bueno
2026-07-18;16:00;2;5.35;5.61;11.22;Bueno;37.39;Bueno
2026-07-18;17:00;2;5.30;5.61;11.22;Bueno;37.39;Bueno
2026-07-18;18:00;2;5.30;5.61;11.22;Bueno;37.39;Bueno
2026-07-18;19:00;2;5.35;5.61;11.22;Bueno;37.39;Bueno
2026-07-18;20:00;2;5.39;5.61;11.22;Bueno;37.39;Bueno
2026-07-18;21:00;1;5.39;5.61;11.22;Bueno;37.39;Bueno
2026-07-18;22:00;4;5.43;5.61;11.22;Bueno;37.39;Bueno
2026-07-18;23:00;5;5.61;5.61;11.22;Bueno;37.39;Bueno
2026-07-19;00:00;1;5.42;33.21;66.42;Bueno;139.56;Regular
2026-07-19;01:00;1;5.42;33.21;66.42;Bueno;139.56;Regular
2026-07-19;02:00;1;5.29;33.21;66.42;Bueno;139.56;Regular
2026-07-19;03:00;1;4.46;33.21;66.42;Bueno;139.56;Regular
2026-07-19;04:00;1;3.71;33.21;66.42;Bueno;139.56;Regular
2026-07-19;05:00;1;2.42;33.21;66.42;Bueno;139.56;Regular
2026-07-19;06:00;2;1.92;33.21;66.42;Bueno;139.56;Regular
2026-07-19;07:00;1;1.67;33.21;66.42;Bueno;139.56;Regular
2026-07-19;08:00;3;1.71;33.21;66.42;Bueno;139.56;Regular
2026-07-19;09:00;5;1.83;33.21;66.42;Bueno;139.56;Regular
2026-07-19;10:00;6;2.04;33.21;66.42;Bueno;139.56;Regular
2026-07-19;11:00;7;2.29;33.21;66.42;Bueno;139.56;Regular
2026-07-19;12:00;6;2.50;33.21;66.42;Bueno;139.56;Regular
2026-07-19;13:00;5;2.62;33.21;66.42;Bueno;139.56;Regular
2026-07-19;14:00;4;2.75;33.21;66.42;Bueno;139.56;Regular
2026-07-19;15:00;1;2.75;33.21;66.42;Bueno;139.56;Regular
2026-07-19;16:00;3;2.79;33.21;66.42;Bueno;139.56;Regular
2026-07-19;17:00;23;3.67;33.21;66.42;Bueno;139.56;Regular
2026-07-19;18:00;85;7.12;33.21;66.42;Bueno;139.56;Regular
2026-07-19;19:00;121;12.08;33.21;66.42;Bueno;139.56;Regular
2026-07-19;20:00;230;21.58;33.21;66.42;Bueno;139.56;Regular
2026-07-19;21:00;179;29.00;33.21;66.42;Bueno;139.56;Regular
2026-07-19;22:00;68;31.67;33.21;66.42;Bueno;139.56;Regular
2026-07-19;23:00;42;33.21;33.21;66.42;Bueno;139.56;Regular
2026-07-20;00:00;26;34.25;17.42;34.83;Bueno;105.22;Regular
2026-07-20;01:00;28;35.38;17.42;34.83;Bueno;105.22;Regular
2026-07-20;02:00;15;35.96;17.42;34.83;Bueno;105.22;Regular
2026-07-20;03:00;14;36.50;17.42;34.83;Bueno;105.22;Regular
2026-07-20;04:00;18;37.21;17.42;34.83;Bueno;105.22;Regular
2026-07-20;05:00;14;37.75;17.42;34.83;Bueno;105.22;Regular
2026-07-20;06:00;10;38.08;17.42;34.83;Bueno;105.22;Regular
2026-07-20;07:00;6;38.29;17.42;34.83;Bueno;105.22;Regular
2026-07-20;08:00;8;38.50;17.42;34.83;Bueno;105.22;Regular
2026-07-20;09:00;9;38.67;17.42;34.83;Bueno;105.22;Regular
2026-07-20;10:00;8;38.75;17.42;34.83;Bueno;105.22;Regular
2026-07-20;11:00;5;38.67;17.42;34.83;Bueno;105.22;Regular
2026-07-20;12:00;3;38.54;17.42;34.83;Bueno;105.22;Regular
2026-07-20;13:00;4;38.50;17.42;34.83;Bueno;105.22;Regular
2026-07-20;14:00;3;38.46;17.42;34.83;Bueno;105.22;Regular
2026-07-20;15:00;3;38.54;17.42;34.83;Bueno;105.22;Regular
2026-07-20;16:00;2;38.50;17.42;34.83;Bueno;105.22;Regular
2026-07-20;17:00;1;37.58;17.42;34.83;Bueno;105.22;Regular
2026-07-20;18:00;8;34.38;17.42;34.83;Bueno;105.22;Regular
2026-07-20;19:00;70;32.25;17.42;34.83;Bueno;105.22;Regular
2026-07-20;20:00;97;26.71;17.42;34.83;Bueno;105.22;Regular
2026-07-20;21:00;40;20.92;17.42;34.83;Bueno;105.22;Regular
2026-07-20;22:00;20;18.92;17.42;34.83;Bueno;105.22;Regular
2026-07-20;23:00;6;17.42;17.42;34.83;Bueno;105.22;Regular
2026-07-21;00:00;3;16.46;3.50;7.00;Bueno;23.33;Bueno
2026-07-21;01:00;1;15.33;3.50;7.00;Bueno;23.33;Bueno
2026-07-21;02:00;5;14.92;3.50;7.00;Bueno;23.33;Bueno
2026-07-21;03:00;4;14.50;3.50;7.00;Bueno;23.33;Bueno
2026-07-21;04:00;2;13.83;3.50;7.00;Bueno;23.33;Bueno
2026-07-21;05:00;4;13.42;3.50;7.00;Bueno;23.33;Bueno
2026-07-21;06:00;4;13.17;3.50;7.00;Bueno;23.33;Bueno
2026-07-21;07:00;3;13.04;3.50;7.00;Bueno;23.33;Bueno
2026-07-21;08:00;3;12.83;3.50;7.00;Bueno;23.33;Bueno
2026-07-21;09:00;1;12.50;3.50;7.00;Bueno;23.33;Bueno
2026-07-21;10:00;4;12.33;3.50;7.00;Bueno;23.33;Bueno
2026-07-21;11:00;8;12.46;3.50;7.00;Bueno;23.33;Bueno
2026-07-21;12:00;4;12.50;3.50;7.00;Bueno;23.33;Bueno
2026-07-21;13:00;1;12.38;3.50;7.00;Bueno;23.33;Bueno
2026-07-21;14:00;1;12.29;3.50;7.00;Bueno;23.33;Bueno
2026-07-21;15:00;2;12.25;3.50;7.00;Bueno;23.33;Bueno
2026-07-21;16:00;2;12.25;3.50;7.00;Bueno;23.33;Bueno
2026-07-21;17:00;2;12.29;3.50;7.00;Bueno;23.33;Bueno
2026-07-21;18:00;4;12.12;3.50;7.00;Bueno;23.33;Bueno
2026-07-21;19:00;4;9.38;3.50;7.00;Bueno;23.33;Bueno
2026-07-21;20:00;5;5.54;3.50;7.00;Bueno;23.33;Bueno
2026-07-21;21:00;6;4.12;3.50;7.00;Bueno;23.33;Bueno
2026-07-21;22:00;6;3.54;3.50;7.00;Bueno;23.33;Bueno
2026-07-21;23:00;5;3.50;3.50;7.00;Bueno;23.33;Bueno
2026-07-22;00:00;2;3.46;5.21;10.42;Bueno;34.72;Bueno
2026-07-22;01:00;3;3.54;5.21;10.42;Bueno;34.72;Bueno
2026-07-22;02:00;4;3.50;5.21;10.42;Bueno;34.72;Bueno
2026-07-22;03:00;6;3.58;5.21;10.42;Bueno;34.72;Bueno
2026-07-22;04:00;4;3.67;5.21;10.42;Bueno;34.72;Bueno
2026-07-22;05:00;1;3.54;5.21;10.42;Bueno;34.72;Bueno
2026-07-22;06:00;5;3.58;5.21;10.42;Bueno;34.72;Bueno
2026-07-22;07:00;8;3.79;5.21;10.42;Bueno;34.72;Bueno
2026-07-22;08:00;10;4.08;5.21;10.42;Bueno;34.72;Bueno
2026-07-22;09:00;7;4.33;5.21;10.42;Bueno;34.72;Bueno
2026-07-22;10:00;3;4.29;5.21;10.42;Bueno;34.72;Bueno
2026-07-22;11:00;2;4.04;5.21;10.42;Bueno;34.72;Bueno
2026-07-22;12:00;2;3.96;5.21;10.42;Bueno;34.72;Bueno
2026-07-22;13:00;1;3.96;5.21;10.42;Bueno;34.72;Bueno
2026-07-22;14:00;4;4.08;5.21;10.42;Bueno;34.72;Bueno
2026-07-22;15:00;2;4.08;5.21;10.42;Bueno;34.72;Bueno
2026-07-22;16:00;2;4.08;5.21;10.42;Bueno;34.72;Bueno
2026-07-22;17:00;5;4.21;5.21;10.42;Bueno;34.72;Bueno
2026-07-22;18:00;4;4.21;5.21;10.42;Bueno;34.72;Bueno
2026-07-22;19:00;8;4.38;5.21;10.42;Bueno;34.72;Bueno
2026-07-22;20:00;11;4.62;5.21;10.42;Bueno;34.72;Bueno
2026-07-22;21:00;9;4.75;5.21;10.42;Bueno;34.72;Bueno
2026-07-22;22:00;9;4.88;5.21;10.42;Bueno;34.72;Bueno
2026-07-22;23:00;13;5.21;5.21;10.42;Bueno;34.72;Bueno
2026-07-23;00:00;21;6.00;6.83;13.67;Bueno;45.56;Bueno
2026-07-23;01:00;17;6.58;6.83;13.67;Bueno;45.56;Bueno
2026-07-23;02:00;8;6.75;6.83;13.67;Bueno;45.56;Bueno
2026-07-23;03:00;7;6.79;6.83;13.67;Bueno;45.56;Bueno
2026-07-23;04:00;5;6.83;6.83;13.67;Bueno;45.56;Bueno
2026-07-23;05:00;4;6.96;6.83;13.67;Bueno;45.56;Bueno
2026-07-23;06:00;1;6.79;6.83;13.67;Bueno;45.56;Bueno
2026-07-23;07:00;1;6.50;6.83;13.67;Bueno;45.56;Bueno
2026-07-23;08:00;1;6.12;6.83;13.67;Bueno;45.56;Bueno
2026-07-23;09:00;1;5.88;6.83;13.67;Bueno;45.56;Bueno
2026-07-23;10:00;3;5.88;6.83;13.67;Bueno;45.56;Bueno
2026-07-23;11:00;3;5.92;6.83;13.67;Bueno;45.56;Bueno
2026-07-23;12:00;2;5.92;6.83;13.67;Bueno;45.56;Bueno
2026-07-23;13:00;4;6.04;6.83;13.67;Bueno;45.56;Bueno
2026-07-23;14:00;5;6.08;6.83;13.67;Bueno;45.56;Bueno
2026-07-23;15:00;4;6.17;6.83;13.67;Bueno;45.56;Bueno
2026-07-23;16:00;7;6.38;6.83;13.67;Bueno;45.56;Bueno
2026-07-23;17:00;10;6.58;6.83;13.67;Bueno;45.56;Bueno
2026-07-23;18:00;11;6.88;6.83;13.67;Bueno;45.56;Bueno
2026-07-23;19:00;11;7.00;6.83;13.67;Bueno;45.56;Bueno
2026-07-23;20:00;8;6.88;6.83;13.67;Bueno;45.56;Bueno
2026-07-23;21:00;5;6.71;6.83;13.67;Bueno;45.56;Bueno
2026-07-23;22:00;5;6.54;6.83;13.67;Bueno;45.56;Bueno
2026-07-23;23:00;20;6.83;6.83;13.67;Bueno;45.56;Bueno
2026-07-24;00:00;7;6.25;20.96;41.92;Bueno;112.89;Regular
2026-07-24;01:00;8;5.88;20.96;41.92;Bueno;112.89;Regular
2026-07-24;02:00;56;7.88;20.96;41.92;Bueno;112.89;Regular
2026-07-24;03:00;34;9.00;20.96;41.92;Bueno;112.89;Regular
2026-07-24;04:00;37;10.33;20.96;41.92;Bueno;112.89;Regular
2026-07-24;05:00;30;11.42;20.96;41.92;Bueno;112.89;Regular
2026-07-24;06:00;20;12.21;20.96;41.92;Bueno;112.89;Regular
2026-07-24;07:00;21;13.04;20.96;41.92;Bueno;112.89;Regular
2026-07-24;08:00;25;14.04;20.96;41.92;Bueno;112.89;Regular
2026-07-24;09:00;20;14.83;20.96;41.92;Bueno;112.89;Regular
2026-07-24;10:00;16;15.38;20.96;41.92;Bueno;112.89;Regular
2026-07-24;11:00;20;16.08;20.96;41.92;Bueno;112.89;Regular
2026-07-24;12:00;17;16.71;20.96;41.92;Bueno;112.89;Regular
2026-07-24;13:00;14;17.12;20.96;41.92;Bueno;112.89;Regular
2026-07-24;14:00;20;17.75;20.96;41.92;Bueno;112.89;Regular
2026-07-24;15:00;16;18.25;20.96;41.92;Bueno;112.89;Regular
2026-07-24;16:00;18;18.71;20.96;41.92;Bueno;112.89;Regular
2026-07-24;17:00;15;18.92;20.96;41.92;Bueno;112.89;Regular
2026-07-24;18:00;21;19.33;20.96;41.92;Bueno;112.89;Regular
2026-07-24;19:00;15;19.50;20.96;41.92;Bueno;112.89;Regular
2026-07-24;20:00;23;20.12;20.96;41.92;Bueno;112.89;Regular
2026-07-24;21:00;20;20.75;20.96;41.92;Bueno;112.89;Regular
2026-07-24;22:00;21;21.42;20.96;41.92;Bueno;112.89;Regular
2026-07-24;23:00;9;20.96;20.96;41.92;Bueno;112.89;Regular
2026-07-25;00:00;18;21.42;11.50;23.00;Bueno;76.67;Bueno
2026-07-25;01:00;14;21.67;11.50;23.00;Bueno;76.67;Bueno
2026-07-25;02:00;19;20.12;11.50;23.00;Bueno;76.67;Bueno
2026-07-25;03:00;17;19.42;11.50;23.00;Bueno;76.67;Bueno
2026-07-25;04:00;20;18.71;11.50;23.00;Bueno;76.67;Bueno
2026-07-25;05:00;21;18.33;11.50;23.00;Bueno;76.67;Bueno
2026-07-25;06:00;7;17.79;11.50;23.00;Bueno;76.67;Bueno
2026-07-25;07:00;10;17.33;11.50;23.00;Bueno;76.67;Bueno
2026-07-25;08:00;10;16.71;11.50;23.00;Bueno;76.67;Bueno
2026-07-25;09:00;12;16.38;11.50;23.00;Bueno;76.67;Bueno
2026-07-25;10:00;14;16.29;11.50;23.00;Bueno;76.67;Bueno
2026-07-25;11:00;8;15.79;11.50;23.00;Bueno;76.67;Bueno
2026-07-25;12:00;2;15.17;11.50;23.00;Bueno;76.67;Bueno
2026-07-25;13:00;8;14.92;11.50;23.00;Bueno;76.67;Bueno
2026-07-25;14:00;12;14.58;11.50;23.00;Bueno;76.67;Bueno
2026-07-25;15:00;10;14.33;11.50;23.00;Bueno;76.67;Bueno
2026-07-25;16:00;9;13.96;11.50;23.00;Bueno;76.67;Bueno
2026-07-25;17:00;7;13.62;11.50;23.00;Bueno;76.67;Bueno
2026-07-25;18:00;7;13.04;11.50;23.00;Bueno;76.67;Bueno
2026-07-25;19:00;6;12.67;11.50;23.00;Bueno;76.67;Bueno
2026-07-25;20:00;10;12.12;11.50;23.00;Bueno;76.67;Bueno
2026-07-25;21:00;12;11.79;11.50;23.00;Bueno;76.67;Bueno
2026-07-25;22:00;11;11.38;11.50;23.00;Bueno;76.67;Bueno
2026-07-25;23:00;12;11.50;11.50;23.00;Bueno;76.67;Bueno
2026-07-26;00:00;12;11.25;5.96;11.92;Bueno;39.72;Bueno
2026-07-26;01:00;11;11.12;5.96;11.92;Bueno;39.72;Bueno
2026-07-26;02:00;13;10.88;5.96;11.92;Bueno;39.72;Bueno
2026-07-26;03:00;13;10.71;5.96;11.92;Bueno;39.72;Bueno
2026-07-26;04:00;13;10.42;5.96;11.92;Bueno;39.72;Bueno
2026-07-26;05:00;12;10.04;5.96;11.92;Bueno;39.72;Bueno
2026-07-26;06:00;7;10.04;5.96;11.92;Bueno;39.72;Bueno
2026-07-26;07:00;9;10.00;5.96;11.92;Bueno;39.72;Bueno
2026-07-26;08:00;9;9.96;5.96;11.92;Bueno;39.72;Bueno
2026-07-26;09:00;8;9.79;5.96;11.92;Bueno;39.72;Bueno
2026-07-26;10:00;9;9.58;5.96;11.92;Bueno;39.72;Bueno
2026-07-26;11:00;6;9.50;5.96;11.92;Bueno;39.72;Bueno
2026-07-26;12:00;2;9.50;5.96;11.92;Bueno;39.72;Bueno
2026-07-26;13:00;3;9.29;5.96;11.92;Bueno;39.72;Bueno
2026-07-26;14:00;3;8.92;5.96;11.92;Bueno;39.72;Bueno
2026-07-26;15:00;1;8.54;5.96;11.92;Bueno;39.72;Bueno
2026-07-26;16:00;2;8.25;5.96;11.92;Bueno;39.72;Bueno
2026-07-26;17:00;2;8.04;5.96;11.92;Bueno;39.72;Bueno
2026-07-26;18:00;1;7.79;5.96;11.92;Bueno;39.72;Bueno
2026-07-26;19:00;1;7.58;5.96;11.92;Bueno;39.72;Bueno
2026-07-26;20:00;1;7.21;5.96;11.92;Bueno;39.72;Bueno
2026-07-26;21:00;1;6.75;5.96;11.92;Bueno;39.72;Bueno
2026-07-26;22:00;1;6.33;5.96;11.92;Bueno;39.72;Bueno
2026-07-26;23:00;3;5.96;5.96;11.92;Bueno;39.72;Bueno
2026-07-27;00:00;2;5.54;3.58;7.17;Bueno;23.89;Bueno
2026-07-27;01:00;1;5.12;3.58;7.17;Bueno;23.89;Bueno
2026-07-27;02:00;3;4.71;3.58;7.17;Bueno;23.89;Bueno
2026-07-27;03:00;1;4.21;3.58;7.17;Bueno;23.89;Bueno
2026-07-27;04:00;1;3.71;3.58;7.17;Bueno;23.89;Bueno
2026-07-27;05:00;1;3.25;3.58;7.17;Bueno;23.89;Bueno
2026-07-27;06:00;3;3.08;3.58;7.17;Bueno;23.89;Bueno
2026-07-27;07:00;2;2.79;3.58;7.17;Bueno;23.89;Bueno
2026-07-27;08:00;3;2.54;3.58;7.17;Bueno;23.89;Bueno
2026-07-27;09:00;5;2.42;3.58;7.17;Bueno;23.89;Bueno
2026-07-27;10:00;6;2.29;3.58;7.17;Bueno;23.89;Bueno
2026-07-27;11:00;6;2.29;3.58;7.17;Bueno;23.89;Bueno
2026-07-27;12:00;4;2.38;3.58;7.17;Bueno;23.89;Bueno
2026-07-27;13:00;4;2.42;3.58;7.17;Bueno;23.89;Bueno
2026-07-27;14:00;4;2.46;3.58;7.17;Bueno;23.89;Bueno
2026-07-27;15:00;3;2.54;3.58;7.17;Bueno;23.89;Bueno
2026-07-27;16:00;3;2.58;3.58;7.17;Bueno;23.89;Bueno
2026-07-27;17:00;7;2.79;3.58;7.17;Bueno;23.89;Bueno
2026-07-27;18:00;6;3.00;3.58;7.17;Bueno;23.89;Bueno
2026-07-27;19:00;5;3.17;3.58;7.17;Bueno;23.89;Bueno
2026-07-27;20:00;4;3.29;3.58;7.17;Bueno;23.89;Bueno
2026-07-27;21:00;3;3.38;3.58;7.17;Bueno;23.89;Bueno
2026-07-27;22:00;4;3.50;3.58;7.17;Bueno;23.89;Bueno
2026-07-27;23:00;5;3.58;3.58;7.17;Bueno;23.89;Bueno
