Fecha;Hora;ConcentracionMP10;PromedioMovil24h_MP10;PromedioDiario_MP10;ICAP_MP10;Condicion_MP10;ICAP_mod_MP10;Condicion_mod_MP10;ConcentracionMP2_5;PromedioMovil24h_MP2_5;PromedioDiario_MP2_5;ICAP_MP2_5;Condicion_MP2_5;ICAP_mod_MP2_5;Condicion_mod_MP2_5;condicion_final;condicion_mod
2025-07-28;01:00;6;;30.91;23.78;Bueno;68.70;Bueno;4;;27.78;55.57;Bueno;127.72;Regular;Bueno;Regular
2025-07-28;02:00;5;;30.91;23.78;Bueno;68.70;Bueno;4;;27.78;55.57;Bueno;127.72;Regular;Bueno;Regular
2025-07-28;03:00;3;;30.91;23.78;Bueno;68.70;Bueno;2;;27.78;55.57;Bueno;127.72;Regular;Bueno;Regular
2025-07-28;04:00;4;;30.91;23.78;Bueno;68.70;Bueno;2;;27.78;55.57;Bueno;127.72;Regular;Bueno;Regular
2025-07-28;05:00;4;;30.91;23.78;Bueno;68.70;Bueno;1;;27.78;55.57;Bueno;127.72;Regular;Bueno;Regular
2025-07-28;06:00;6;;30.91;23.78;Bueno;68.70;Bueno;3;;27.78;55.57;Bueno;127.72;Regular;Bueno;Regular
2025-07-28;07:00;5;;30.91;23.78;Bueno;68.70;Bueno;3;;27.78;55.57;Bueno;127.72;Regular;Bueno;Regular
2025-07-28;08:00;14;;30.91;23.78;Bueno;68.70;Bueno;12;;27.78;55.57;Bueno;127.72;Regular;Bueno;Regular
2025-07-28;09:00;18;;30.91;23.78;Bueno;68.70;Bueno;12;;27.78;55.57;Bueno;127.72;Regular;Bueno;Regular
2025-07-28;10:00;22;;30.91;23.78;Bueno;68.70;Bueno;21;;27.78;55.57;Bueno;127.72;Regular;Bueno;Regular
2025-07-28;11:00;22;;30.91;23.78;Bueno;68.70;Bueno;15;;27.78;55.57;Bueno;127.72;Regular;Bueno;Regular
2025-07-28;12:00;19;;30.91;23.78;Bueno;68.70;Bueno;14;;27.78;55.57;Bueno;127.72;Regular;Bueno;Regular
2025-07-28;13:00;21;;30.91;23.78;Bueno;68.70;Bueno;17;;27.78;55.57;Bueno;127.72;Regular;Bueno;Regular
2025-07-28;14:00;21;;30.91;23.78;Bueno;68.70;Bueno;18;;27.78;55.57;Bueno;127.72;Regular;Bueno;Regular
2025-07-28;15:00;24;;30.91;23.78;Bueno;68.70;Bueno;18;;27.78;55.57;Bueno;127.72;Regular;Bueno;Regular
2025-07-28;16:00;44;;30.91;23.78;Bueno;68.70;Bueno;42;;27.78;55.57;Bueno;127.72;Regular;Bueno;Regular
2025-07-28;17:00;47;;30.91;23.78;Bueno;68.70;Bueno;40;;27.78;55.57;Bueno;127.72;Regular;Bueno;Regular
2025-07-28;18:00;56;18.94;30.91;23.78;Bueno;68.70;Bueno;55;15.72;27.78;55.57;Bueno;127.72;Regular;Bueno;Regular
2025-07-28;19:00;75;21.89;30.91;23.78;Bueno;68.70;Bueno;65;18.32;27.78;55.57;Bueno;127.72;Regular;Bueno;Regular
2025-07-28;20:00;79;24.75;30.91;23.78;Bueno;68.70;Bueno;78;21.30;27.78;55.57;Bueno;127.72;Regular;Bueno;Regular
2025-07-28;21:00;79;27.33;30.91;23.78;Bueno;68.70;Bueno;78;24.00;27.78;55.57;Bueno;127.72;Regular;Bueno;Regular
2025-07-28;22:00;62;28.91;30.91;23.78;Bueno;68.70;Bueno;61;25.68;27.78;55.57;Bueno;127.72;Regular;Bueno;Regular
2025-07-28;23:00;75;30.91;30.91;23.78;Bueno;68.70;Bueno;74;27.78;27.78;55.57;Bueno;127.72;Regular;Bueno;Regular
2025-07-29;00:00;91;33.42;79.46;61.12;Bueno;156.80;Regular;90;30.38;68.12;160.42;Regular;216.73;Alerta;Regular;Alerta
2025-07-29;01:00;123;38.29;79.46;61.12;Bueno;156.80;Regular;122;35.29;68.12;160.42;Regular;216.73;Alerta;Regular;Alerta
2025-07-29;02:00;179;45.54;79.46;61.12;Bueno;156.80;Regular;178;42.54;68.12;160.42;Regular;216.73;Alerta;Regular;Alerta
2025-07-29;03:00;76;48.58;79.46;61.12;Bueno;156.80;Regular;68;45.29;68.12;160.42;Regular;216.73;Alerta;Regular;Alerta
2025-07-29;04:00;82;51.83;79.46;61.12;Bueno;156.80;Regular;81;48.58;68.12;160.42;Regular;216.73;Alerta;Regular;Alerta
2025-07-29;05:00;69;54.54;79.46;61.12;Bueno;156.80;Regular;68;51.38;68.12;160.42;Regular;216.73;Alerta;Regular;Alerta
2025-07-29;06:00;65;57.00;79.46;61.12;Bueno;156.80;Regular;64;53.92;68.12;160.42;Regular;216.73;Alerta;Regular;Alerta
2025-07-29;07:00;51;58.92;79.46;61.12;Bueno;156.80;Regular;40;55.46;68.12;160.42;Regular;216.73;Alerta;Regular;Alerta
2025-07-29;08:00;51;60.46;79.46;61.12;Bueno;156.80;Regular;42;56.71;68.12;160.42;Regular;216.73;Alerta;Regular;Alerta
2025-07-29;09:00;47;61.67;79.46;61.12;Bueno;156.80;Regular;44;58.04;68.12;160.42;Regular;216.73;Alerta;Regular;Alerta
2025-07-29;10:00;37;62.29;79.46;61.12;Bueno;156.80;Regular;26;58.25;68.12;160.42;Regular;216.73;Alerta;Regular;Alerta
2025-07-29;11:00;45;63.25;79.46;61.12;Bueno;156.80;Regular;41;59.33;68.12;160.42;Regular;216.73;Alerta;Regular;Alerta
2025-07-29;12:00;34;63.88;79.46;61.12;Bueno;156.80;Regular;32;60.08;68.12;160.42;Regular;216.73;Alerta;Regular;Alerta
2025-07-29;13:00;32;64.33;79.46;61.12;Bueno;156.80;Regular;14;59.96;68.12;160.42;Regular;216.73;Alerta;Regular;Alerta
2025-07-29;14:00;35;64.92;79.46;61.12;Bueno;156.80;Regular;28;60.38;68.12;160.42;Regular;216.73;Alerta;Regular;Alerta
2025-07-29;15:00;32;65.25;79.46;61.12;Bueno;156.80;Regular;22;60.54;68.12;160.42;Regular;216.73;Alerta;Regular;Alerta
2025-07-29;16:00;43;65.21;79.46;61.12;Bueno;156.80;Regular;31;60.08;68.12;160.42;Regular;216.73;Alerta;Regular;Alerta
2025-07-29;17:00;84;66.75;79.46;61.12;Bueno;156.80;Regular;60;60.92;68.12;160.42;Regular;216.73;Alerta;Regular;Alerta
2025-07-29;18:00;155;70.88;79.46;61.12;Bueno;156.80;Regular;98;62.71;68.12;160.42;Regular;216.73;Alerta;Regular;Alerta
2025-07-29;19:00;226;77.17;79.46;61.12;Bueno;156.80;Regular;181;67.54;68.12;160.42;Regular;216.73;Alerta;Regular;Alerta
2025-07-29;20:00;214;82.79;79.46;61.12;Bueno;156.80;Regular;192;72.29;68.12;160.42;Regular;216.73;Alerta;Regular;Alerta
2025-07-29;21:00;61;82.04;79.46;61.12;Bueno;156.80;Regular;52;71.21;68.12;160.42;Regular;216.73;Alerta;Regular;Alerta
2025-07-29;22:00;37;81.00;79.46;61.12;Bueno;156.80;Regular;33;70.04;68.12;160.42;Regular;216.73;Alerta;Regular;Alerta
2025-07-29;23:00;38;79.46;79.46;61.12;Bueno;156.80;Regular;28;68.12;68.12;160.42;Regular;216.73;Alerta;Regular;Alerta
2025-07-30;00:00;40;77.33;19.46;14.97;Bueno;43.24;Bueno;33;65.75;15.08;30.17;Bueno;100.18;Regular;Bueno;Regular
2025-07-30;01:00;35;73.67;19.46;14.97;Bueno;43.24;Bueno;24;61.67;15.08;30.17;Bueno;100.18;Regular;Bueno;Regular
2025-07-30;02:00;21;67.08;19.46;14.97;Bueno;43.24;Bueno;9;54.62;15.08;30.17;Bueno;100.18;Regular;Bueno;Regular
2025-07-30;03:00;24;64.92;19.46;14.97;Bueno;43.24;Bueno;17;52.50;15.08;30.17;Bueno;100.18;Regular;Bueno;Regular
2025-07-30;04:00;17;62.21;19.46;14.97;Bueno;43.24;Bueno;6;49.38;15.08;30.17;Bueno;100.18;Regular;Bueno;Regular
2025-07-30;05:00;16;60.00;19.46;14.97;Bueno;43.24;Bueno;6;46.79;15.08;30.17;Bueno;100.18;Regular;Bueno;Regular
2025-07-30;06:00;18;58.04;19.46;14.97;Bueno;43.24;Bueno;6;44.38;15.08;30.17;Bueno;100.18;Regular;Bueno;Regular
2025-07-30;07:00;11;56.38;19.46;14.97;Bueno;43.24;Bueno;5;42.92;15.08;30.17;Bueno;100.18;Regular;Bueno;Regular
2025-07-30;08:00;11;54.71;19.46;14.97;Bueno;43.24;Bueno;6;41.42;15.08;30.17;Bueno;100.18;Regular;Bueno;Regular
2025-07-30;09:00;13;53.29;19.46;14.97;Bueno;43.24;Bueno;12;40.08;15.08;30.17;Bueno;100.18;Regular;Bueno;Regular
2025-07-30;10:00;15;52.38;19.46;14.97;Bueno;43.24;Bueno;9;39.38;15.08;30.17;Bueno;100.18;Regular;Bueno;Regular
2025-07-30;11:00;23;51.46;19.46;14.97;Bueno;43.24;Bueno;22;38.58;15.08;30.17;Bueno;100.18;Regular;Bueno;Regular
2025-07-30;12:00;11;50.50;19.46;14.97;Bueno;43.24;Bueno;10;37.67;15.08;30.17;Bueno;100.18;Regular;Bueno;Regular
2025-07-30;13:00;17;49.88;19.46;14.97;Bueno;43.24;Bueno;16;37.75;15.08;30.17;Bueno;100.18;Regular;Bueno;Regular
2025-07-30;14:00;18;49.17;19.46;14.97;Bueno;43.24;Bueno;17;37.29;15.08;30.17;Bueno;100.18;Regular;Bueno;Regular
2025-07-30;15:00;13;48.38;19.46;14.97;Bueno;43.24;Bueno;12;36.88;15.08;30.17;Bueno;100.18;Regular;Bueno;Regular
2025-07-30;16:00;16;47.25;19.46;14.97;Bueno;43.24;Bueno;12;36.08;15.08;30.17;Bueno;100.18;Regular;Bueno;Regular
2025-07-30;17:00;17;44.46;19.46;14.97;Bueno;43.24;Bueno;16;34.25;15.08;30.17;Bueno;100.18;Regular;Bueno;Regular
2025-07-30;18:00;31;39.29;19.46;14.97;Bueno;43.24;Bueno;30;31.42;15.08;30.17;Bueno;100.18;Regular;Bueno;Regular
2025-07-30;19:00;23;30.83;19.46;14.97;Bueno;43.24;Bueno;22;24.79;15.08;30.17;Bueno;100.18;Regular;Bueno;Regular
2025-07-30;20:00;23;22.88;19.46;14.97;Bueno;43.24;Bueno;21;17.67;15.08;30.17;Bueno;100.18;Regular;Bueno;Regular
2025-07-30;21:00;27;21.46;19.46;14.97;Bueno;43.24;Bueno;26;16.58;15.08;30.17;Bueno;100.18;Regular;Bueno;Regular
2025-07-30;22:00;15;20.54;19.46;14.97;Bueno;43.24;Bueno;14;15.79;15.08;30.17;Bueno;100.18;Regular;Bueno;Regular
2025-07-30;23:00;12;19.46;19.46;14.97;Bueno;43.24;Bueno;11;15.08;15.08;30.17;Bueno;100.18;Regular;Bueno;Regular
2025-07-31;00:00;7;18.08;7.62;5.87;Bueno;16.94;Bueno;6;13.96;5.71;11.42;Bueno;38.06;Bueno;Bueno;Bueno
2025-07-31;01:00;7;16.92;7.62;5.87;Bueno;16.94;Bueno;6;13.21;5.71;11.42;Bueno;38.06;Bueno;Bueno;Bueno
2025-07-31;02:00;6;16.29;7.62;5.87;Bueno;16.94;Bueno;5;13.04;5.71;11.42;Bueno;38.06;Bueno;Bueno;Bueno
2025-07-31;03:00;4;15.46;7.62;5.87;Bueno;16.94;Bueno;3;12.46;5.71;11.42;Bueno;38.06;Bueno;Bueno;Bueno
2025-07-31;04:00;3;14.88;7.62;5.87;Bueno;16.94;Bueno;2;12.29;5.71;11.42;Bueno;38.06;Bueno;Bueno;Bueno
2025-07-31;05:00;3;14.33;7.62;5.87;Bueno;16.94;Bueno;2;12.12;5.71;11.42;Bueno;38.06;Bueno;Bueno;Bueno
2025-07-31;06:00;5;13.79;7.62;5.87;Bueno;16.94;Bueno;4;12.04;5.71;11.42;Bueno;38.06;Bueno;Bueno;Bueno
2025-07-31;07:00;5;13.54;7.62;5.87;Bueno;16.94;Bueno;3;11.96;5.71;11.42;Bueno;38.06;Bueno;Bueno;Bueno
2025-07-31;08:00;7;13.38;7.62;5.87;Bueno;16.94;Bueno;4;11.88;5.71;11.42;Bueno;38.06;Bueno;Bueno;Bueno
2025-07-31;09:00;9;13.21;7.62;5.87;Bueno;16.94;Bueno;4;11.54;5.71;11.42;Bueno;38.06;Bueno;Bueno;Bueno
2025-07-31;10:00;7;12.88;7.62;5.87;Bueno;16.94;Bueno;2;11.25;5.71;11.42;Bueno;38.06;Bueno;Bueno;Bueno
2025-07-31;11:00;7;12.21;7.62;5.87;Bueno;16.94;Bueno;4;10.50;5.71;11.42;Bueno;38.06;Bueno;Bueno;Bueno
2025-07-31;12:00;6;12.00;7.62;5.87;Bueno;16.94;Bueno;5;10.29;5.71;11.42;Bueno;38.06;Bueno;Bueno;Bueno
2025-07-31;13:00;9;11.67;7.62;5.87;Bueno;16.94;Bueno;8;9.96;5.71;11.42;Bueno;38.06;Bueno;Bueno;Bueno
2025-07-31;14:00;13;11.46;7.62;5.87;Bueno;16.94;Bueno;12;9.75;5.71;11.42;Bueno;38.06;Bueno;Bueno;Bueno
2025-07-31;15:00;10;11.33;7.62;5.87;Bueno;16.94;Bueno;9;9.62;5.71;11.42;Bueno;38.06;Bueno;Bueno;Bueno
2025-07-31;16:00;7;10.96;7.62;5.87;Bueno;16.94;Bueno;6;9.38;5.71;11.42;Bueno;38.06;Bueno;Bueno;Bueno
2025-07-31;17:00;9;10.62;7.62;5.87;Bueno;16.94;Bueno;8;9.04;5.71;11.42;Bueno;38.06;Bueno;Bueno;Bueno
2025-07-31;18:00;16;10.00;7.62;5.87;Bueno;16.94;Bueno;8;8.12;5.71;11.42;Bueno;38.06;Bueno;Bueno;Bueno
2025-07-31;19:00;12;9.54;7.62;5.87;Bueno;16.94;Bueno;11;7.67;5.71;11.42;Bueno;38.06;Bueno;Bueno;Bueno
2025-07-31;20:00;9;8.96;7.62;5.87;Bueno;16.94;Bueno;8;7.12;5.71;11.42;Bueno;38.06;Bueno;Bueno;Bueno
2025-07-31;21:00;10;8.25;7.62;5.87;Bueno;16.94;Bueno;9;6.42;5.71;11.42;Bueno;38.06;Bueno;Bueno;Bueno
2025-07-31;22:00;7;7.92;7.62;5.87;Bueno;16.94;Bueno;5;6.04;5.71;11.42;Bueno;38.06;Bueno;Bueno;Bueno
2025-07-31;23:00;5;7.62;7.62;5.87;Bueno;16.94;Bueno;3;5.71;5.71;11.42;Bueno;38.06;Bueno;Bueno;Bueno
2025-08-01;00:00;5;7.54;10.21;7.85;Bueno;22.69;Bueno;1;5.50;7.00;14.00;Bueno;46.67;Bueno;Bueno;Bueno
2025-08-01;01:00;4;7.42;10.21;7.85;Bueno;22.69;Bueno;1;5.29;7.00;14.00;Bueno;46.67;Bueno;Bueno;Bueno
2025-08-01;02:00;4;7.33;10.21;7.85;Bueno;22.69;Bueno;2;5.17;7.00;14.00;Bueno;46.67;Bueno;Bueno;Bueno
2025-08-01;03:00;3;7.29;10.21;7.85;Bueno;22.69;Bueno;1;5.08;7.00;14.00;Bueno;46.67;Bueno;Bueno;Bueno
2025-08-01;04:00;3;7.29;10.21;7.85;Bueno;22.69;Bueno;2;5.08;7.00;14.00;Bueno;46.67;Bueno;Bueno;Bueno
2025-08-01;05:00;5;7.38;10.21;7.85;Bueno;22.69;Bueno;1;5.04;7.00;14.00;Bueno;46.67;Bueno;Bueno;Bueno
2025-08-01;06:00;5;7.38;10.21;7.85;Bueno;22.69;Bueno;3;5.00;7.00;14.00;Bueno;46.67;Bueno;Bueno;Bueno
2025-08-01;07:00;5;7.38;10.21;7.85;Bueno;22.69;Bueno;4;5.04;7.00;14.00;Bueno;46.67;Bueno;Bueno;Bueno
2025-08-01;08:00;5;7.29;10.21;7.85;Bueno;22.69;Bueno;4;5.04;7.00;14.00;Bueno;46.67;Bueno;Bueno;Bueno
2025-08-01;09:00;8;7.25;10.21;7.85;Bueno;22.69;Bueno;4;5.04;7.00;14.00;Bueno;46.67;Bueno;Bueno;Bueno
2025-08-01;10:00;6;7.21;10.21;7.85;Bueno;22.69;Bueno;4;5.12;7.00;14.00;Bueno;46.67;Bueno;Bueno;Bueno
2025-08-01;11:00;8;7.25;10.21;7.85;Bueno;22.69;Bueno;7;5.25;7.00;14.00;Bueno;46.67;Bueno;Bueno;Bueno
2025-08-01;12:00;12;7.50;10.21;7.85;Bueno;22.69;Bueno;4;5.21;7.00;14.00;Bueno;46.67;Bueno;Bueno;Bueno
2025-08-01;13:00;12;7.62;10.21;7.85;Bueno;22.69;Bueno;5;5.08;7.00;14.00;Bueno;46.67;Bueno;Bueno;Bueno
2025-08-01;14:00;15;7.71;10.21;7.85;Bueno;22.69;Bueno;6;4.83;7.00;14.00;Bueno;46.67;Bueno;Bueno;Bueno
2025-08-01;15:00;16;7.96;10.21;7.85;Bueno;22.69;Bueno;14;5.04;7.00;14.00;Bueno;46.67;Bueno;Bueno;Bueno
2025-08-01;16:00;16;8.33;10.21;7.85;Bueno;22.69;Bueno;15;5.42;7.00;14.00;Bueno;46.67;Bueno;Bueno;Bueno
2025-08-01;17:00;10;8.38;10.21;7.85;Bueno;22.69;Bueno;9;5.46;7.00;14.00;Bueno;46.67;Bueno;Bueno;Bueno
2025-08-01;18:00;16;8.38;10.21;7.85;Bueno;22.69;Bueno;15;5.75;7.00;14.00;Bueno;46.67;Bueno;Bueno;Bueno
2025-08-01;19:00;18;8.62;10.21;7.85;Bueno;22.69;Bueno;15;5.92;7.00;14.00;Bueno;46.67;Bueno;Bueno;Bueno
2025-08-01;20:00;21;9.12;10.21;7.85;Bueno;22.69;Bueno;11;6.04;7.00;14.00;Bueno;46.67;Bueno;Bueno;Bueno
2025-08-01;21:00;16;9.38;10.21;7.85;Bueno;22.69;Bueno;13;6.21;7.00;14.00;Bueno;46.67;Bueno;Bueno;Bueno
2025-08-01;22:00;22;10.00;10.21;7.85;Bueno;22.69;Bueno;21;6.88;7.00;14.00;Bueno;46.67;Bueno;Bueno;Bueno
2025-08-01;23:00;10;10.21;10.21;7.85;Bueno;22.69;Bueno;6;7.00;7.00;14.00;Bueno;46.67;Bueno;Bueno;Bueno
2025-08-02;00:00;10;10.42;21.50;16.54;Bueno;47.78;Bueno;9;7.33;16.04;32.08;Bueno;102.25;Regular;Bueno;Regular
2025-08-02;01:00;16;10.92;21.50;16.54;Bueno;47.78;Bueno;10;7.71;16.04;32.08;Bueno;102.25;Regular;Bueno;Regular
2025-08-02;02:00;8;11.08;21.50;16.54;Bueno;47.78;Bueno;7;7.92;16.04;32.08;Bueno;102.25;Regular;Bueno;Regular
2025-08-02;03:00;6;11.21;21.50;16.54;Bueno;47.78;Bueno;2;7.96;16.04;32.08;Bueno;102.25;Regular;Bueno;Regular
2025-08-02;04:00;6;11.33;21.50;16.54;Bueno;47.78;Bueno;3;8.00;16.04;32.08;Bueno;102.25;Regular;Bueno;Regular
2025-08-02;05:00;4;11.29;21.50;16.54;Bueno;47.78;Bueno;2;8.04;16.04;32.08;Bueno;102.25;Regular;Bueno;Regular
2025-08-02;06:00;7;11.38;21.50;16.54;Bueno;47.78;Bueno;2;8.00;16.04;32.08;Bueno;102.25;Regular;Bueno;Regular
2025-08-02;07:00;6;11.42;21.50;16.54;Bueno;47.78;Bueno;2;7.92;16.04;32.08;Bueno;102.25;Regular;Bueno;Regular
2025-08-02;08:00;10;11.62;21.50;16.54;Bueno;47.78;Bueno;9;8.12;16.04;32.08;Bueno;102.25;Regular;Bueno;Regular
2025-08-02;09:00;9;11.67;21.50;16.54;Bueno;47.78;Bueno;6;8.21;16.04;32.08;Bueno;102.25;Regular;Bueno;Regular
2025-08-02;10:00;10;11.83;21.50;16.54;Bueno;47.78;Bueno;7;8.33;16.04;32.08;Bueno;102.25;Regular;Bueno;Regular
2025-08-02;11:00;13;12.04;21.50;16.54;Bueno;47.78;Bueno;12;8.54;16.04;32.08;Bueno;102.25;Regular;Bueno;Regular
2025-08-02;12:00;12;12.04;21.50;16.54;Bueno;47.78;Bueno;9;8.75;16.04;32.08;Bueno;102.25;Regular;Bueno;Regular
2025-08-02;13:00;8;11.88;21.50;16.54;Bueno;47.78;Bueno;4;8.71;16.04;32.08;Bueno;102.25;Regular;Bueno;Regular
2025-08-02;14:00;14;11.83;21.50;16.54;Bueno;47.78;Bueno;8;8.79;16.04;32.08;Bueno;102.25;Regular;Bueno;Regular
2025-08-02;15:00;23;12.12;21.50;16.54;Bueno;47.78;Bueno;13;8.75;16.04;32.08;Bueno;102.25;Regular;Bueno;Regular
2025-08-02;16:00;15;12.08;21.50;16.54;Bueno;47.78;Bueno;9;8.50;16.04;32.08;Bueno;102.25;Regular;Bueno;Regular
2025-08-02;17:00;24;12.67;21.50;16.54;Bueno;47.78;Bueno;14;8.71;16.04;32.08;Bueno;102.25;Regular;Bueno;Regular
2025-08-02;18:00;39;13.62;21.50;16.54;Bueno;47.78;Bueno;26;9.17;16.04;32.08;Bueno;102.25;Regular;Bueno;Regular
2025-08-02;19:00;72;15.88;21.50;16.54;Bueno;47.78;Bueno;63;11.17;16.04;32.08;Bueno;102.25;Regular;Bueno;Regular
2025-08-02;20:00;52;17.17;21.50;16.54;Bueno;47.78;Bueno;46;12.62;16.04;32.08;Bueno;102.25;Regular;Bueno;Regular
2025-08-02;21:00;69;19.38;21.50;16.54;Bueno;47.78;Bueno;49;14.12;16.04;32.08;Bueno;102.25;Regular;Bueno;Regular
2025-08-02;22:00;55;20.75;21.50;16.54;Bueno;47.78;Bueno;46;15.17;16.04;32.08;Bueno;102.25;Regular;Bueno;Regular
2025-08-02;23:00;28;21.50;21.50;16.54;Bueno;47.78;Bueno;27;16.04;16.04;32.08;Bueno;102.25;Regular;Bueno;Regular
2025-08-03;00:00;47;23.04;35.04;26.96;Bueno;77.87;Bueno;46;17.58;31.25;62.50;Bueno;135.28;Regular;Bueno;Regular
2025-08-03;01:00;38;23.96;35.04;26.96;Bueno;77.87;Bueno;37;18.71;31.25;62.50;Bueno;135.28;Regular;Bueno;Regular
2025-08-03;02:00;33;25.00;35.04;26.96;Bueno;77.87;Bueno;28;19.58;31.25;62.50;Bueno;135.28;Regular;Bueno;Regular
2025-08-03;03:00;35;26.21;35.04;26.96;Bueno;77.87;Bueno;27;20.62;31.25;62.50;Bueno;135.28;Regular;Bueno;Regular
2025-08-03;04:00;23;26.92;35.04;26.96;Bueno;77.87;Bueno;22;21.42;31.25;62.50;Bueno;135.28;Regular;Bueno;Regular
2025-08-03;05:00;31;28.04;35.04;26.96;Bueno;77.87;Bueno;25;22.38;31.25;62.50;Bueno;135.28;Regular;Bueno;Regular
2025-08-03;06:00;29;28.96;35.04;26.96;Bueno;77.87;Bueno;28;23.46;31.25;62.50;Bueno;135.28;Regular;Bueno;Regular
2025-08-03;07:00;20;29.54;35.04;26.96;Bueno;77.87;Bueno;19;24.17;31.25;62.50;Bueno;135.28;Regular;Bueno;Regular
2025-08-03;08:00;57;31.50;35.04;26.96;Bueno;77.87;Bueno;56;26.12;31.25;62.50;Bueno;135.28;Regular;Bueno;Regular
2025-08-03;09:00;27;32.25;35.04;26.96;Bueno;77.87;Bueno;26;26.96;31.25;62.50;Bueno;135.28;Regular;Bueno;Regular
2025-08-03;10:00;19;32.62;35.04;26.96;Bueno;77.87;Bueno;14;27.25;31.25;62.50;Bueno;135.28;Regular;Bueno;Regular
2025-08-03;11:00;24;33.08;35.04;26.96;Bueno;77.87;Bueno;21;27.62;31.25;62.50;Bueno;135.28;Regular;Bueno;Regular
2025-08-03;12:00;20;33.42;35.04;26.96;Bueno;77.87;Bueno;19;28.04;31.25;62.50;Bueno;135.28;Regular;Bueno;Regular
2025-08-03;13:00;21;33.96;35.04;26.96;Bueno;77.87;Bueno;16;28.54;31.25;62.50;Bueno;135.28;Regular;Bueno;Regular
2025-08-03;14:00;18;34.12;35.04;26.96;Bueno;77.87;Bueno;15;28.83;31.25;62.50;Bueno;135.28;Regular;Bueno;Regular
2025-08-03;15:00;16;33.83;35.04;26.96;Bueno;77.87;Bueno;11;28.75;31.25;62.50;Bueno;135.28;Regular;Bueno;Regular
2025-08-03;16:00;21;34.08;35.04;26.96;Bueno;77.87;Bueno;18;29.12;31.25;62.50;Bueno;135.28;Regular;Bueno;Regular
2025-08-03;17:00;52;35.25;35.04;26.96;Bueno;77.87;Bueno;41;30.25;31.25;62.50;Bueno;135.28;Regular;Bueno;Regular
2025-08-03;18:00;61;36.17;35.04;26.96;Bueno;77.87;Bueno;57;31.54;31.25;62.50;Bueno;135.28;Regular;Bueno;Regular
2025-08-03;19:00;46;35.08;35.04;26.96;Bueno;77.87;Bueno;38;30.50;31.25;62.50;Bueno;135.28;Regular;Bueno;Regular
2025-08-03;20:00;49;34.96;35.04;26.96;Bueno;77.87;Bueno;40;30.25;31.25;62.50;Bueno;135.28;Regular;Bueno;Regular
2025-08-03;21:00;67;34.88;35.04;26.96;Bueno;77.87;Bueno;66;30.96;31.25;62.50;Bueno;135.28;Regular;Bueno;Regular
2025-08-03;22:00;48;34.58;35.04;26.96;Bueno;77.87;Bueno;44;30.88;31.25;62.50;Bueno;135.28;Regular;Bueno;Regular
2025-08-03;23:00;39;35.04;35.04;26.96;Bueno;77.87;Bueno;36;31.25;31.25;62.50;Bueno;135.28;Regular;Bueno;Regular
2025-08-04;00:00;57;35.46;91.67;70.51;Bueno;177.11;Regular;56;31.67;75.58;185.28;Regular;233.44;Alerta;Regular;Alerta
2025-08-04;01:00;38;35.46;91.67;70.51;Bueno;177.11;Regular;37;31.67;75.58;185.28;Regular;233.44;Alerta;Regular;Alerta
2025-08-04;02:00;42;35.83;91.67;70.51;Bueno;177.11;Regular;41;32.21;75.58;185.28;Regular;233.44;Alerta;Regular;Alerta
2025-08-04;03:00;31;35.67;91.67;70.51;Bueno;177.11;Regular;29;32.29;75.58;185.28;Regular;233.44;Alerta;Regular;Alerta
2025-08-04;04:00;29;35.92;91.67;70.51;Bueno;177.11;Regular;28;32.54;75.58;185.28;Regular;233.44;Alerta;Regular;Alerta
2025-08-04;05:00;21;35.50;91.67;70.51;Bueno;177.11;Regular;18;32.25;75.58;185.28;Regular;233.44;Alerta;Regular;Alerta
2025-08-04;06:00;35;35.75;91.67;70.51;Bueno;177.11;Regular;21;31.96;75.58;185.28;Regular;233.44;Alerta;Regular;Alerta
2025-08-04;07:00;71;37.88;91.67;70.51;Bueno;177.11;Regular;42;32.92;75.58;185.28;Regular;233.44;Alerta;Regular;Alerta
2025-08-04;08:00;91;39.29;91.67;70.51;Bueno;177.11;Regular;41;32.29;75.58;185.28;Regular;233.44;Alerta;Regular;Alerta
2025-08-04;09:00;40;39.83;91.67;70.51;Bueno;177.11;Regular;29;32.42;75.58;185.28;Regular;233.44;Alerta;Regular;Alerta
2025-08-04;10:00;22;39.96;91.67;70.51;Bueno;177.11;Regular;14;32.42;75.58;185.28;Regular;233.44;Alerta;Regular;Alerta
2025-08-04;11:00;21;39.83;91.67;70.51;Bueno;177.11;Regular;12;32.04;75.58;185.28;Regular;233.44;Alerta;Regular;Alerta
2025-08-04;12:00;17;39.71;91.67;70.51;Bueno;177.11;Regular;10;31.67;75.58;185.28;Regular;233.44;Alerta;Regular;Alerta
2025-08-04;13:00;16;39.50;91.67;70.51;Bueno;177.11;Regular;6;31.25;75.58;185.28;Regular;233.44;Alerta;Regular;Alerta
2025-08-04;14:00;13;39.29;91.67;70.51;Bueno;177.11;Regular;6;30.88;75.58;185.28;Regular;233.44;Alerta;Regular;Alerta
2025-08-04;15:00;24;39.62;91.67;70.51;Bueno;177.11;Regular;17;31.12;75.58;185.28;Regular;233.44;Alerta;Regular;Alerta
2025-08-04;16:00;24;39.75;91.67;70.51;Bueno;177.11;Regular;9;30.75;75.58;185.28;Regular;233.44;Alerta;Regular;Alerta
2025-08-04;17:00;74;40.67;91.67;70.51;Bueno;177.11;Regular;48;31.04;75.58;185.28;Regular;233.44;Alerta;Regular;Alerta
2025-08-04;18:00;258;48.88;91.67;70.51;Bueno;177.11;Regular;188;36.50;75.58;185.28;Regular;233.44;Alerta;Regular;Alerta
2025-08-04;19:00;316;60.12;91.67;70.51;Bueno;177.11;Regular;267;46.04;75.58;185.28;Regular;233.44;Alerta;Regular;Alerta
2025-08-04;20:00;234;67.83;91.67;70.51;Bueno;177.11;Regular;203;52.83;75.58;185.28;Regular;233.44;Alerta;Regular;Alerta
2025-08-04;21:00;427;82.83;91.67;70.51;Bueno;177.11;Regular;426;67.83;75.58;185.28;Regular;233.44;Alerta;Regular;Alerta
2025-08-04;22:00;145;86.88;91.67;70.51;Bueno;177.11;Regular;130;71.42;75.58;185.28;Regular;233.44;Alerta;Regular;Alerta
2025-08-04;23:00;154;91.67;91.67;70.51;Bueno;177.11;Regular;136;75.58;75.58;185.28;Regular;233.44;Alerta;Regular;Alerta
2025-08-05;00:00;346;103.71;138.46;116.92;Regular;255.92;Alerta;345;87.62;120.79;335.97;Preemergencia;336.49;Preemergencia;Preemergencia;Preemergencia
2025-08-05;01:00;286;114.04;138.46;116.92;Regular;255.92;Alerta;285;97.96;120.79;335.97;Preemergencia;336.49;Preemergencia;Preemergencia;Preemergencia
2025-08-05;02:00;254;122.88;138.46;116.92;Regular;255.92;Alerta;253;106.79;120.79;335.97;Preemergencia;336.49;Preemergencia;Preemergencia;Preemergencia
2025-08-05;03:00;204;130.08;138.46;116.92;Regular;255.92;Alerta;203;114.04;120.79;335.97;Preemergencia;336.49;Preemergencia;Preemergencia;Preemergencia
2025-08-05;04:00;123;134.00;138.46;116.92;Regular;255.92;Alerta;122;117.96;120.79;335.97;Preemergencia;336.49;Preemergencia;Preemergencia;Preemergencia
2025-08-05;05:00;139;138.92;138.46;116.92;Regular;255.92;Alerta;138;122.96;120.79;335.97;Preemergencia;336.49;Preemergencia;Preemergencia;Preemergencia
2025-08-05;06:00;179;144.92;138.46;116.92;Regular;255.92;Alerta;178;129.50;120.79;335.97;Preemergencia;336.49;Preemergencia;Preemergencia;Preemergencia
2025-08-05;07:00;189;149.83;138.46;116.92;Regular;255.92;Alerta;147;133.88;120.79;335.97;Preemergencia;336.49;Preemergencia;Preemergencia;Preemergencia
2025-08-05;08:00;195;154.17;138.46;116.92;Regular;255.92;Alerta;136;137.83;120.79;335.97;Preemergencia;336.49;Preemergencia;Preemergencia;Preemergencia
2025-08-05;09:00;193;160.54;138.46;116.92;Regular;255.92;Alerta;137;142.33;120.79;335.97;Preemergencia;336.49;Preemergencia;Preemergencia;Preemergencia
2025-08-05;10:00;84;163.12;138.46;116.92;Regular;255.92;Alerta;62;144.33;120.79;335.97;Preemergencia;336.49;Preemergencia;Preemergencia;Preemergencia
2025-08-05;11:00;120;167.25;138.46;116.92;Regular;255.92;Alerta;102;148.08;120.79;335.97;Preemergencia;336.49;Preemergencia;Preemergencia;Preemergencia
2025-08-05;12:00;63;169.17;138.46;116.92;Regular;255.92;Alerta;51;149.79;120.79;335.97;Preemergencia;336.49;Preemergencia;Preemergencia;Preemergencia
2025-08-05;13:00;106;172.92;138.46;116.92;Regular;255.92;Alerta;79;152.83;120.79;335.97;Preemergencia;336.49;Preemergencia;Preemergencia;Preemergencia
2025-08-05;14:00;67;175.17;138.46;116.92;Regular;255.92;Alerta;53;154.79;120.79;335.97;Preemergencia;336.49;Preemergencia;Preemergencia;Preemergencia
2025-08-05;15:00;53;176.38;138.46;116.92;Regular;255.92;Alerta;35;155.54;120.79;335.97;Preemergencia;336.49;Preemergencia;Preemergencia;Preemergencia
2025-08-05;16:00;49;177.42;138.46;116.92;Regular;255.92;Alerta;28;156.33;120.79;335.97;Preemergencia;336.49;Preemergencia;Preemergencia;Preemergencia
2025-08-05;17:00;63;176.96;138.46;116.92;Regular;255.92;Alerta;42;156.08;120.79;335.97;Preemergencia;336.49;Preemergencia;Preemergencia;Preemergencia
2025-08-05;18:00;79;169.50;138.46;116.92;Regular;255.92;Alerta;45;150.12;120.79;335.97;Preemergencia;336.49;Preemergencia;Preemergencia;Preemergencia
2025-08-05;19:00;76;159.50;138.46;116.92;Regular;255.92;Alerta;56;141.33;120.79;335.97;Preemergencia;336.49;Preemergencia;Preemergencia;Preemergencia
2025-08-05;20:00;155;156.21;138.46;116.92;Regular;255.92;Alerta;140;138.71;120.79;335.97;Preemergencia;336.49;Preemergencia;Preemergencia;Preemergencia
2025-08-05;21:00;118;143.33;138.46;116.92;Regular;255.92;Alerta;101;125.17;120.79;335.97;Preemergencia;336.49;Preemergencia;Preemergencia;Preemergencia
2025-08-05;22:00;75;140.42;138.46;116.92;Regular;255.92;Alerta;65;122.46;120.79;335.97;Preemergencia;336.49;Preemergencia;Preemergencia;Preemergencia
2025-08-05;23:00;107;138.46;138.46;116.92;Regular;255.92;Alerta;96;120.79;120.79;335.97;Preemergencia;336.49;Preemergencia;Preemergencia;Preemergencia
2025-08-06;00:00;134;129.62;30.62;23.56;Bueno;68.06;Bueno;133;111.96;21.29;42.58;Bueno;113.62;Regular;Bueno;Regular
2025-08-06;01:00;73;120.75;30.62;23.56;Bueno;68.06;Bueno;69;102.96;21.29;42.58;Bueno;113.62;Regular;Bueno;Regular
2025-08-06;02:00;33;111.54;30.62;23.56;Bueno;68.06;Bueno;25;93.46;21.29;42.58;Bueno;113.62;Regular;Bueno;Regular
2025-08-06;03:00;27;104.17;30.62;23.56;Bueno;68.06;Bueno;24;86.00;21.29;42.58;Bueno;113.62;Regular;Bueno;Regular
2025-08-06;04:00;17;99.75;30.62;23.56;Bueno;68.06;Bueno;15;81.54;21.29;42.58;Bueno;113.62;Regular;Bueno;Regular
2025-08-06;05:00;18;94.71;30.62;23.56;Bueno;68.06;Bueno;13;76.33;21.29;42.58;Bueno;113.62;Regular;Bueno;Regular
2025-08-06;06:00;24;88.25;30.62;23.56;Bueno;68.06;Bueno;16;69.58;21.29;42.58;Bueno;113.62;Regular;Bueno;Regular
2025-08-06;07:00;26;81.46;30.62;23.56;Bueno;68.06;Bueno;14;64.04;21.29;42.58;Bueno;113.62;Regular;Bueno;Regular
2025-08-06;08:00;24;74.33;30.62;23.56;Bueno;68.06;Bueno;10;58.79;21.29;42.58;Bueno;113.62;Regular;Bueno;Regular
2025-08-06;09:00;20;67.12;30.62;23.56;Bueno;68.06;Bueno;12;53.58;21.29;42.58;Bueno;113.62;Regular;Bueno;Regular
2025-08-06;10:00;19;64.42;30.62;23.56;Bueno;68.06;Bueno;8;51.33;21.29;42.58;Bueno;113.62;Regular;Bueno;Regular
2025-08-06;11:00;21;60.29;30.62;23.56;Bueno;68.06;Bueno;9;47.46;21.29;42.58;Bueno;113.62;Regular;Bueno;Regular
2025-08-06;12:00;23;58.62;30.62;23.56;Bueno;68.06;Bueno;9;45.71;21.29;42.58;Bueno;113.62;Regular;Bueno;Regular
2025-08-06;13:00;16;54.88;30.62;23.56;Bueno;68.06;Bueno;7;42.71;21.29;42.58;Bueno;113.62;Regular;Bueno;Regular
2025-08-06;14:00;23;53.04;30.62;23.56;Bueno;68.06;Bueno;5;40.71;21.29;42.58;Bueno;113.62;Regular;Bueno;Regular
2025-08-06;15:00;17;51.54;30.62;23.56;Bueno;68.06;Bueno;6;39.50;21.29;42.58;Bueno;113.62;Regular;Bueno;Regular
2025-08-06;16:00;20;50.33;30.62;23.56;Bueno;68.06;Bueno;8;38.67;21.29;42.58;Bueno;113.62;Regular;Bueno;Regular
2025-08-06;17:00;25;48.75;30.62;23.56;Bueno;68.06;Bueno;10;37.33;21.29;42.58;Bueno;113.62;Regular;Bueno;Regular
2025-08-06;18:00;34;46.88;30.62;23.56;Bueno;68.06;Bueno;23;36.42;21.29;42.58;Bueno;113.62;Regular;Bueno;Regular
2025-08-06;19:00;43;45.50;30.62;23.56;Bueno;68.06;Bueno;29;35.29;21.29;42.58;Bueno;113.62;Regular;Bueno;Regular
2025-08-06;20:00;36;40.54;30.62;23.56;Bueno;68.06;Bueno;24;30.46;21.29;42.58;Bueno;113.62;Regular;Bueno;Regular
2025-08-06;21:00;23;36.58;30.62;23.56;Bueno;68.06;Bueno;12;26.75;21.29;42.58;Bueno;113.62;Regular;Bueno;Regular
2025-08-06;22:00;22;34.38;30.62;23.56;Bueno;68.06;Bueno;15;24.67;21.29;42.58;Bueno;113.62;Regular;Bueno;Regular
2025-08-06;23:00;17;30.62;30.62;23.56;Bueno;68.06;Bueno;15;21.29;21.29;42.58;Bueno;113.62;Regular;Bueno;Regular
2025-08-07;00:00;12;25.54;28.12;21.63;Bueno;62.50;Bueno;9;16.12;19.71;39.42;Bueno;110.18;Regular;Bueno;Regular
2025-08-07;01:00;11;22.96;28.12;21.63;Bueno;62.50;Bueno;7;13.54;19.71;39.42;Bueno;110.18;Regular;Bueno;Regular
2025-08-07;02:00;8;21.92;28.12;21.63;Bueno;62.50;Bueno;7;12.79;19.71;39.42;Bueno;110.18;Regular;Bueno;Regular
2025-08-07;03:00;5;21.00;28.12;21.63;Bueno;62.50;Bueno;4;11.96;19.71;39.42;Bueno;110.18;Regular;Bueno;Regular
2025-08-07;04:00;5;20.50;28.12;21.63;Bueno;62.50;Bueno;3;11.46;19.71;39.42;Bueno;110.18;Regular;Bueno;Regular
2025-08-07;05:00;6;20.00;28.12;21.63;Bueno;62.50;Bueno;4;11.08;19.71;39.42;Bueno;110.18;Regular;Bueno;Regular
2025-08-07;06:00;9;19.38;28.12;21.63;Bueno;62.50;Bueno;6;10.67;19.71;39.42;Bueno;110.18;Regular;Bueno;Regular
2025-08-07;07:00;18;19.04;28.12;21.63;Bueno;62.50;Bueno;9;10.46;19.71;39.42;Bueno;110.18;Regular;Bueno;Regular
2025-08-07;08:00;21;18.92;28.12;21.63;Bueno;62.50;Bueno;12;10.54;19.71;39.42;Bueno;110.18;Regular;Bueno;Regular
2025-08-07;09:00;22;19.00;28.12;21.63;Bueno;62.50;Bueno;8;10.38;19.71;39.42;Bueno;110.18;Regular;Bueno;Regular
2025-08-07;10:00;12;18.71;28.12;21.63;Bueno;62.50;Bueno;7;10.33;19.71;39.42;Bueno;110.18;Regular;Bueno;Regular
2025-08-07;11:00;15;18.46;28.12;21.63;Bueno;62.50;Bueno;7;10.25;19.71;39.42;Bueno;110.18;Regular;Bueno;Regular
2025-08-07;12:00;16;18.17;28.12;21.63;Bueno;62.50;Bueno;6;10.12;19.71;39.42;Bueno;110.18;Regular;Bueno;Regular
2025-08-07;13:00;20;18.33;28.12;21.63;Bueno;62.50;Bueno;10;10.25;19.71;39.42;Bueno;110.18;Regular;Bueno;Regular
2025-08-07;14:00;16;18.04;28.12;21.63;Bueno;62.50;Bueno;10;10.46;19.71;39.42;Bueno;110.18;Regular;Bueno;Regular
2025-08-07;15:00;21;18.21;28.12;21.63;Bueno;62.50;Bueno;10;10.62;19.71;39.42;Bueno;110.18;Regular;Bueno;Regular
2025-08-07;16:00;27;18.50;28.12;21.63;Bueno;62.50;Bueno;12;10.79;19.71;39.42;Bueno;110.18;Regular;Bueno;Regular
2025-08-07;17:00;40;19.12;28.12;21.63;Bueno;62.50;Bueno;22;11.29;19.71;39.42;Bueno;110.18;Regular;Bueno;Regular
2025-08-07;18:00;79;21.00;28.12;21.63;Bueno;62.50;Bueno;65;13.04;19.71;39.42;Bueno;110.18;Regular;Bueno;Regular
2025-08-07;19:00;50;21.29;28.12;21.63;Bueno;62.50;Bueno;35;13.29;19.71;39.42;Bueno;110.18;Regular;Bueno;Regular
2025-08-07;20:00;32;21.12;28.12;21.63;Bueno;62.50;Bueno;17;13.00;19.71;39.42;Bueno;110.18;Regular;Bueno;Regular
2025-08-07;21:00;38;21.75;28.12;21.63;Bueno;62.50;Bueno;28;13.67;19.71;39.42;Bueno;110.18;Regular;Bueno;Regular
2025-08-07;22:00;85;24.38;28.12;21.63;Bueno;62.50;Bueno;75;16.17;19.71;39.42;Bueno;110.18;Regular;Bueno;Regular
2025-08-07;23:00;107;28.12;28.12;21.63;Bueno;62.50;Bueno;100;19.71;19.71;39.42;Bueno;110.18;Regular;Bueno;Regular
2025-08-08;00:00;108;32.12;175.71;191.42;Regular;319.75;Preemergencia;107;23.79;131.12;370.42;Preemergencia;360.47;Preemergencia;Preemergencia;Preemergencia
2025-08-08;01:00;88;35.33;175.71;191.42;Regular;319.75;Preemergencia;86;27.08;131.12;370.42;Preemergencia;360.47;Preemergencia;Preemergencia;Preemergencia
2025-08-08;02:00;97;39.04;175.71;191.42;Regular;319.75;Preemergencia;95;30.75;131.12;370.42;Preemergencia;360.47;Preemergencia;Preemergencia;Preemergencia
2025-08-08;03:00;56;41.17;175.71;191.42;Regular;319.75;Preemergencia;54;32.83;131.12;370.42;Preemergencia;360.47;Preemergencia;Preemergencia;Preemergencia
2025-08-08;04:00;44;42.79;175.71;191.42;Regular;319.75;Preemergencia;40;34.38;131.12;370.42;Preemergencia;360.47;Preemergencia;Preemergencia;Preemergencia
2025-08-08;05:00;65;45.25;175.71;191.42;Regular;319.75;Preemergencia;56;36.54;131.12;370.42;Preemergencia;360.47;Preemergencia;Preemergencia;Preemergencia
2025-08-08;06:00;92;48.71;175.71;191.42;Regular;319.75;Preemergencia;69;39.17;131.12;370.42;Preemergencia;360.47;Preemergencia;Preemergencia;Preemergencia
2025-08-08;07:00;216;56.96;175.71;191.42;Regular;319.75;Preemergencia;145;44.83;131.12;370.42;Preemergencia;360.47;Preemergencia;Preemergencia;Preemergencia
2025-08-08;08:00;343;70.38;175.71;191.42;Regular;319.75;Preemergencia;227;53.79;131.12;370.42;Preemergencia;360.47;Preemergencia;Preemergencia;Preemergencia
2025-08-08;09:00;129;74.83;175.71;191.42;Regular;319.75;Preemergencia;82;56.88;131.12;370.42;Preemergencia;360.47;Preemergencia;Preemergencia;Preemergencia
2025-08-08;10:00;39;75.96;175.71;191.42;Regular;319.75;Preemergencia;20;57.42;131.12;370.42;Preemergencia;360.47;Preemergencia;Preemergencia;Preemergencia
2025-08-08;11:00;37;76.88;175.71;191.42;Regular;319.75;Preemergencia;21;58.00;131.12;370.42;Preemergencia;360.47;Preemergencia;Preemergencia;Preemergencia
2025-08-08;12:00;33;77.58;175.71;191.42;Regular;319.75;Preemergencia;9;58.12;131.12;370.42;Preemergencia;360.47;Preemergencia;Preemergencia;Preemergencia
2025-08-08;13:00;30;78.00;175.71;191.42;Regular;319.75;Preemergencia;17;58.42;131.12;370.42;Preemergencia;360.47;Preemergencia;Preemergencia;Preemergencia
2025-08-08;14:00;38;78.92;175.71;191.42;Regular;319.75;Preemergencia;16;58.67;131.12;370.42;Preemergencia;360.47;Preemergencia;Preemergencia;Preemergencia
2025-08-08;15:00;36;79.54;175.71;191.42;Regular;319.75;Preemergencia;13;58.79;131.12;370.42;Preemergencia;360.47;Preemergencia;Preemergencia;Preemergencia
2025-08-08;16:00;54;80.67;175.71;191.42;Regular;319.75;Preemergencia;18;59.04;131.12;370.42;Preemergencia;360.47;Preemergencia;Preemergencia;Preemergencia
2025-08-08;17:00;81;82.38;175.71;191.42;Regular;319.75;Preemergencia;32;59.46;131.12;370.42;Preemergencia;360.47;Preemergencia;Preemergencia;Preemergencia
2025-08-08;18:00;267;90.21;175.71;191.42;Regular;319.75;Preemergencia;171;63.88;131.12;370.42;Preemergencia;360.47;Preemergencia;Preemergencia;Preemergencia
2025-08-08;19:00;460;107.29;175.71;191.42;Regular;319.75;Preemergencia;320;75.75;131.12;370.42;Preemergencia;360.47;Preemergencia;Preemergencia;Preemergencia
2025-08-08;20:00;673;134.00;175.71;191.42;Regular;319.75;Preemergencia;491;95.50;131.12;370.42;Preemergencia;360.47;Preemergencia;Preemergencia;Preemergencia
2025-08-08;21:00;475;152.21;175.71;191.42;Regular;319.75;Preemergencia;394;110.75;131.12;370.42;Preemergencia;360.47;Preemergencia;Preemergencia;Preemergencia
2025-08-08;22:00;387;164.79;175.71;191.42;Regular;319.75;Preemergencia;328;121.29;131.12;370.42;Preemergencia;360.47;Preemergencia;Preemergencia;Preemergencia
2025-08-08;23:00;369;175.71;175.71;191.42;Regular;319.75;Preemergencia;336;131.12;131.12;370.42;Preemergencia;360.47;Preemergencia;Preemergencia;Preemergencia
2025-08-09;00:00;384;187.21;101.08;77.76;Bueno;192.85;Regular;381;142.54;96.79;255.97;Alerta;281.41;Alerta;Alerta;Alerta
2025-08-09;01:00;296;195.88;101.08;77.76;Bueno;192.85;Regular;284;150.79;96.79;255.97;Alerta;281.41;Alerta;Alerta;Alerta
2025-08-09;02:00;325;205.38;101.08;77.76;Bueno;192.85;Regular;324;160.33;96.79;255.97;Alerta;281.41;Alerta;Alerta;Alerta
2025-08-09;03:00;252;213.54;101.08;77.76;Bueno;192.85;Regular;251;168.54;96.79;255.97;Alerta;281.41;Alerta;Alerta;Alerta
2025-08-09;04:00;254;222.29;101.08;77.76;Bueno;192.85;Regular;253;177.42;96.79;255.97;Alerta;281.41;Alerta;Alerta;Alerta
2025-08-09;05:00;156;226.08;101.08;77.76;Bueno;192.85;Regular;153;181.46;96.79;255.97;Alerta;281.41;Alerta;Alerta;Alerta
2025-08-09;06:00;59;224.71;101.08;77.76;Bueno;192.85;Regular;58;181.00;96.79;255.97;Alerta;281.41;Alerta;Alerta;Alerta
2025-08-09;07:00;41;217.42;101.08;77.76;Bueno;192.85;Regular;34;176.38;96.79;255.97;Alerta;281.41;Alerta;Alerta;Alerta
2025-08-09;08:00;30;204.38;101.08;77.76;Bueno;192.85;Regular;26;168.00;96.79;255.97;Alerta;281.41;Alerta;Alerta;Alerta
2025-08-09;09:00;40;200.67;101.08;77.76;Bueno;192.85;Regular;33;165.96;96.79;255.97;Alerta;281.41;Alerta;Alerta;Alerta
2025-08-09;10:00;31;200.33;101.08;77.76;Bueno;192.85;Regular;25;166.17;96.79;255.97;Alerta;281.41;Alerta;Alerta;Alerta
2025-08-09;11:00;28;199.96;101.08;77.76;Bueno;192.85;Regular;27;166.42;96.79;255.97;Alerta;281.41;Alerta;Alerta;Alerta
2025-08-09;12:00;25;199.62;101.08;77.76;Bueno;192.85;Regular;20;166.88;96.79;255.97;Alerta;281.41;Alerta;Alerta;Alerta
2025-08-09;13:00;30;199.62;101.08;77.76;Bueno;192.85;Regular;22;167.08;96.79;255.97;Alerta;281.41;Alerta;Alerta;Alerta
2025-08-09;14:00;28;199.21;101.08;77.76;Bueno;192.85;Regular;17;167.12;96.79;255.97;Alerta;281.41;Alerta;Alerta;Alerta
2025-08-09;15:00;29;198.92;101.08;77.76;Bueno;192.85;Regular;21;167.46;96.79;255.97;Alerta;281.41;Alerta;Alerta;Alerta
2025-08-09;16:00;33;198.04;101.08;77.76;Bueno;192.85;Regular;32;168.04;96.79;255.97;Alerta;281.41;Alerta;Alerta;Alerta
2025-08-09;17:00;56;197.00;101.08;77.76;Bueno;192.85;Regular;55;169.00;96.79;255.97;Alerta;281.41;Alerta;Alerta;Alerta
2025-08-09;18:00;45;187.75;101.08;77.76;Bueno;192.85;Regular;44;163.71;96.79;255.97;Alerta;281.41;Alerta;Alerta;Alerta
2025-08-09;19:00;51;170.71;101.08;77.76;Bueno;192.85;Regular;49;152.42;96.79;255.97;Alerta;281.41;Alerta;Alerta;Alerta
2025-08-09;20:00;70;145.58;101.08;77.76;Bueno;192.85;Regular;60;134.46;96.79;255.97;Alerta;281.41;Alerta;Alerta;Alerta
2025-08-09;21:00;66;128.54;101.08;77.76;Bueno;192.85;Regular;62;120.62;96.79;255.97;Alerta;281.41;Alerta;Alerta;Alerta
2025-08-09;22:00;59;114.88;101.08;77.76;Bueno;192.85;Regular;55;109.25;96.79;255.97;Alerta;281.41;Alerta;Alerta;Alerta
2025-08-09;23:00;38;101.08;101.08;77.76;Bueno;192.85;Regular;37;96.79;96.79;255.97;Alerta;281.41;Alerta;Alerta;Alerta
2025-08-10;00:00;35;86.54;46.54;35.80;Bueno;102.52;Regular;26;82.00;40.88;81.75;Bueno;156.35;Regular;Bueno;Regular
2025-08-10;01:00;34;75.62;46.54;35.80;Bueno;102.52;Regular;31;71.46;40.88;81.75;Bueno;156.35;Regular;Bueno;Regular
2025-08-10;02:00;26;63.17;46.54;35.80;Bueno;102.52;Regular;22;58.88;40.88;81.75;Bueno;156.35;Regular;Bueno;Regular
2025-08-10;03:00;25;53.71;46.54;35.80;Bueno;102.52;Regular;22;49.33;40.88;81.75;Bueno;156.35;Regular;Bueno;Regular
2025-08-10;04:00;29;44.33;46.54;35.80;Bueno;102.52;Regular;22;39.71;40.88;81.75;Bueno;156.35;Regular;Bueno;Regular
2025-08-10;05:00;32;39.17;46.54;35.80;Bueno;102.52;Regular;28;34.50;40.88;81.75;Bueno;156.35;Regular;Bueno;Regular
2025-08-10;06:00;22;37.62;46.54;35.80;Bueno;102.52;Regular;21;32.96;40.88;81.75;Bueno;156.35;Regular;Bueno;Regular
2025-08-10;07:00;28;37.08;46.54;35.80;Bueno;102.52;Regular;19;32.33;40.88;81.75;Bueno;156.35;Regular;Bueno;Regular
2025-08-10;08:00;49;37.88;46.54;35.80;Bueno;102.52;Regular;42;33.00;40.88;81.75;Bueno;156.35;Regular;Bueno;Regular
2025-08-10;09:00;29;37.42;46.54;35.80;Bueno;102.52;Regular;28;32.79;40.88;81.75;Bueno;156.35;Regular;Bueno;Regular
2025-08-10;10:00;42;37.88;46.54;35.80;Bueno;102.52;Regular;34;33.17;40.88;81.75;Bueno;156.35;Regular;Bueno;Regular
2025-08-10;11:00;24;37.71;46.54;35.80;Bueno;102.52;Regular;16;32.71;40.88;81.75;Bueno;156.35;Regular;Bueno;Regular
2025-08-10;12:00;20;37.50;46.54;35.80;Bueno;102.52;Regular;19;32.67;40.88;81.75;Bueno;156.35;Regular;Bueno;Regular
2025-08-10;13:00;21;37.12;46.54;35.80;Bueno;102.52;Regular;13;32.29;40.88;81.75;Bueno;156.35;Regular;Bueno;Regular
2025-08-10;14:00;25;37.00;46.54;35.80;Bueno;102.52;Regular;13;32.12;40.88;81.75;Bueno;156.35;Regular;Bueno;Regular
2025-08-10;15:00;19;36.58;46.54;35.80;Bueno;102.52;Regular;15;31.88;40.88;81.75;Bueno;156.35;Regular;Bueno;Regular
2025-08-10;16:00;19;36.00;46.54;35.80;Bueno;102.52;Regular;18;31.29;40.88;81.75;Bueno;156.35;Regular;Bueno;Regular
2025-08-10;17:00;37;35.21;46.54;35.80;Bueno;102.52;Regular;33;30.38;40.88;81.75;Bueno;156.35;Regular;Bueno;Regular
2025-08-10;18:00;58;35.75;46.54;35.80;Bueno;102.52;Regular;48;30.54;40.88;81.75;Bueno;156.35;Regular;Bueno;Regular
2025-08-10;19:00;103;37.92;46.54;35.80;Bueno;102.52;Regular;94;32.42;40.88;81.75;Bueno;156.35;Regular;Bueno;Regular
2025-08-10;20:00;104;39.33;46.54;35.80;Bueno;102.52;Regular;94;33.83;40.88;81.75;Bueno;156.35;Regular;Bueno;Regular
2025-08-10;21:00;119;41.54;46.54;35.80;Bueno;102.52;Regular;111;35.88;40.88;81.75;Bueno;156.35;Regular;Bueno;Regular
2025-08-10;22:00;119;44.04;46.54;35.80;Bueno;102.52;Regular;115;38.38;40.88;81.75;Bueno;156.35;Regular;Bueno;Regular
2025-08-10;23:00;98;46.54;46.54;35.80;Bueno;102.52;Regular;97;40.88;40.88;81.75;Bueno;156.35;Regular;Bueno;Regular
2025-08-11;00:00;57;47.46;34.88;26.83;Bueno;77.50;Bueno;53;42.00;25.67;51.33;Bueno;123.12;Regular;Bueno;Regular
2025-08-11;01:00;61;48.58;34.88;26.83;Bueno;77.50;Bueno;56;43.04;25.67;51.33;Bueno;123.12;Regular;Bueno;Regular
2025-08-11;02:00;33;48.88;34.88;26.83;Bueno;77.50;Bueno;32;43.46;25.67;51.33;Bueno;123.12;Regular;Bueno;Regular
2025-08-11;03:00;33;49.21;34.88;26.83;Bueno;77.50;Bueno;32;43.88;25.67;51.33;Bueno;123.12;Regular;Bueno;Regular
2025-08-11;04:00;45;49.88;34.88;26.83;Bueno;77.50;Bueno;40;44.62;25.67;51.33;Bueno;123.12;Regular;Bueno;Regular
2025-08-11;05:00;44;50.38;34.88;26.83;Bueno;77.50;Bueno;35;44.92;25.67;51.33;Bueno;123.12;Regular;Bueno;Regular
2025-08-11;06:00;43;51.25;34.88;26.83;Bueno;77.50;Bueno;39;45.67;25.67;51.33;Bueno;123.12;Regular;Bueno;Regular
2025-08-11;07:00;53;52.29;34.88;26.83;Bueno;77.50;Bueno;30;46.12;25.67;51.33;Bueno;123.12;Regular;Bueno;Regular
2025-08-11;08:00;63;52.88;34.88;26.83;Bueno;77.50;Bueno;34;45.79;25.67;51.33;Bueno;123.12;Regular;Bueno;Regular
2025-08-11;09:00;63;54.29;34.88;26.83;Bueno;77.50;Bueno;48;46.62;25.67;51.33;Bueno;123.12;Regular;Bueno;Regular
2025-08-11;10:00;31;53.83;34.88;26.83;Bueno;77.50;Bueno;19;46.00;25.67;51.33;Bueno;123.12;Regular;Bueno;Regular
2025-08-11;11:00;22;53.75;34.88;26.83;Bueno;77.50;Bueno;15;45.96;25.67;51.33;Bueno;123.12;Regular;Bueno;Regular
2025-08-11;12:00;22;53.83;34.88;26.83;Bueno;77.50;Bueno;15;45.79;25.67;51.33;Bueno;123.12;Regular;Bueno;Regular
2025-08-11;13:00;29;54.17;34.88;26.83;Bueno;77.50;Bueno;12;45.75;25.67;51.33;Bueno;123.12;Regular;Bueno;Regular
2025-08-11;14:00;22;54.04;34.88;26.83;Bueno;77.50;Bueno;8;45.54;25.67;51.33;Bueno;123.12;Regular;Bueno;Regular
2025-08-11;15:00;17;53.96;34.88;26.83;Bueno;77.50;Bueno;7;45.21;25.67;51.33;Bueno;123.12;Regular;Bueno;Regular
2025-08-11;16:00;19;53.96;34.88;26.83;Bueno;77.50;Bueno;6;44.71;25.67;51.33;Bueno;123.12;Regular;Bueno;Regular
2025-08-11;17:00;21;53.29;34.88;26.83;Bueno;77.50;Bueno;15;43.96;25.67;51.33;Bueno;123.12;Regular;Bueno;Regular
2025-08-11;18:00;24;51.88;34.88;26.83;Bueno;77.50;Bueno;14;42.54;25.67;51.33;Bueno;123.12;Regular;Bueno;Regular
2025-08-11;19:00;35;49.04;34.88;26.83;Bueno;77.50;Bueno;27;39.75;25.67;51.33;Bueno;123.12;Regular;Bueno;Regular
2025-08-11;20:00;33;46.08;34.88;26.83;Bueno;77.50;Bueno;28;37.00;25.67;51.33;Bueno;123.12;Regular;Bueno;Regular
2025-08-11;21:00;32;42.46;34.88;26.83;Bueno;77.50;Bueno;21;33.25;25.67;51.33;Bueno;123.12;Regular;Bueno;Regular
2025-08-11;22:00;20;38.33;34.88;26.83;Bueno;77.50;Bueno;16;29.12;25.67;51.33;Bueno;123.12;Regular;Bueno;Regular
2025-08-11;23:00;15;34.88;34.88;26.83;Bueno;77.50;Bueno;14;25.67;25.67;51.33;Bueno;123.12;Regular;Bueno;Regular
2025-08-12;00:00;12;33.00;25.86;19.89;Bueno;57.46;Bueno;11;23.92;16.90;33.81;Bueno;104.12;Regular;Bueno;Regular
2025-08-12;01:00;9;30.83;25.86;19.89;Bueno;57.46;Bueno;7;21.88;16.90;33.81;Bueno;104.12;Regular;Bueno;Regular
2025-08-12;02:00;12;29.96;25.86;19.89;Bueno;57.46;Bueno;5;20.75;16.90;33.81;Bueno;104.12;Regular;Bueno;Regular
2025-08-12;03:00;9;28.96;25.86;19.89;Bueno;57.46;Bueno;8;19.75;16.90;33.81;Bueno;104.12;Regular;Bueno;Regular
2025-08-12;04:00;6;27.33;25.86;19.89;Bueno;57.46;Bueno;5;18.29;16.90;33.81;Bueno;104.12;Regular;Bueno;Regular
2025-08-12;05:00;4;25.67;25.86;19.89;Bueno;57.46;Bueno;1;16.88;16.90;33.81;Bueno;104.12;Regular;Bueno;Regular
2025-08-12;06:00;10;24.29;25.86;19.89;Bueno;57.46;Bueno;1;15.29;16.90;33.81;Bueno;104.12;Regular;Bueno;Regular
2025-08-12;07:00;25;23.12;25.86;19.89;Bueno;57.46;Bueno;11;14.50;16.90;33.81;Bueno;104.12;Regular;Bueno;Regular
2025-08-12;08:00;21;21.38;25.86;19.89;Bueno;57.46;Bueno;10;13.50;16.90;33.81;Bueno;104.12;Regular;Bueno;Regular
2025-08-12;09:00;17;19.46;25.86;19.89;Bueno;57.46;Bueno;13;12.04;16.90;33.81;Bueno;104.12;Regular;Bueno;Regular
2025-08-12;10:00;28;19.33;25.86;19.89;Bueno;57.46;Bueno;15;11.88;16.90;33.81;Bueno;104.12;Regular;Bueno;Regular
2025-08-12;11:00;24;19.42;25.86;19.89;Bueno;57.46;Bueno;9;11.62;16.90;33.81;Bueno;104.12;Regular;Bueno;Regular
2025-08-12;12:00;21;19.38;25.86;19.89;Bueno;57.46;Bueno;5;11.21;16.90;33.81;Bueno;104.12;Regular;Bueno;Regular
2025-08-12;13:00;21;19.04;25.86;19.89;Bueno;57.46;Bueno;7;11.00;16.90;33.81;Bueno;104.12;Regular;Bueno;Regular
2025-08-12;14:00;;18.91;25.86;19.89;Bueno;57.46;Bueno;;11.13;16.90;33.81;Bueno;104.12;Regular;Bueno;Regular
2025-08-12;15:00;;19.00;25.86;19.89;Bueno;57.46;Bueno;;11.32;16.90;33.81;Bueno;104.12;Regular;Bueno;Regular
2025-08-12;16:00;;19.00;25.86;19.89;Bueno;57.46;Bueno;;11.57;16.90;33.81;Bueno;104.12;Regular;Bueno;Regular
2025-08-12;17:00;48;20.29;25.86;19.89;Bueno;57.46;Bueno;26;12.10;16.90;33.81;Bueno;104.12;Regular;Bueno;Regular
2025-08-12;18:00;61;22.05;25.86;19.89;Bueno;57.46;Bueno;37;13.19;16.90;33.81;Bueno;104.12;Regular;Bueno;Regular
2025-08-12;19:00;77;24.05;25.86;19.89;Bueno;57.46;Bueno;62;14.86;16.90;33.81;Bueno;104.12;Regular;Bueno;Regular
2025-08-12;20:00;52;24.95;25.86;19.89;Bueno;57.46;Bueno;42;15.52;16.90;33.81;Bueno;104.12;Regular;Bueno;Regular
2025-08-12;21:00;36;25.14;25.86;19.89;Bueno;57.46;Bueno;32;16.05;16.90;33.81;Bueno;104.12;Regular;Bueno;Regular
2025-08-12;22:00;25;25.38;25.86;19.89;Bueno;57.46;Bueno;24;16.43;16.90;33.81;Bueno;104.12;Regular;Bueno;Regular
2025-08-12;23:00;25;25.86;25.86;19.89;Bueno;57.46;Bueno;24;16.90;16.90;33.81;Bueno;104.12;Regular;Bueno;Regular
2025-08-13;00:00;18;26.14;25.38;19.52;Bueno;56.39;Bueno;12;16.95;16.92;33.83;Bueno;104.14;Regular;Bueno;Regular
2025-08-13;01:00;17;26.52;25.38;19.52;Bueno;56.39;Bueno;11;17.14;16.92;33.83;Bueno;104.14;Regular;Bueno;Regular
2025-08-13;02:00;14;26.62;25.38;19.52;Bueno;56.39;Bueno;9;17.33;16.92;33.83;Bueno;104.14;Regular;Bueno;Regular
2025-08-13;03:00;10;26.67;25.38;19.52;Bueno;56.39;Bueno;5;17.19;16.92;33.83;Bueno;104.14;Regular;Bueno;Regular
2025-08-13;04:00;9;26.81;25.38;19.52;Bueno;56.39;Bueno;8;17.33;16.92;33.83;Bueno;104.14;Regular;Bueno;Regular
2025-08-13;05:00;9;27.05;25.38;19.52;Bueno;56.39;Bueno;7;17.62;16.92;33.83;Bueno;104.14;Regular;Bueno;Regular
2025-08-13;06:00;16;27.33;25.38;19.52;Bueno;56.39;Bueno;6;17.86;16.92;33.83;Bueno;104.14;Regular;Bueno;Regular
2025-08-13;07:00;24;27.29;25.38;19.52;Bueno;56.39;Bueno;13;17.95;16.92;33.83;Bueno;104.14;Regular;Bueno;Regular
2025-08-13;08:00;25;27.48;25.38;19.52;Bueno;56.39;Bueno;13;18.10;16.92;33.83;Bueno;104.14;Regular;Bueno;Regular
2025-08-13;09:00;18;27.52;25.38;19.52;Bueno;56.39;Bueno;11;18.00;16.92;33.83;Bueno;104.14;Regular;Bueno;Regular
2025-08-13;10:00;17;27.00;25.38;19.52;Bueno;56.39;Bueno;12;17.86;16.92;33.83;Bueno;104.14;Regular;Bueno;Regular
2025-08-13;11:00;13;26.48;25.38;19.52;Bueno;56.39;Bueno;9;17.86;16.92;33.83;Bueno;104.14;Regular;Bueno;Regular
2025-08-13;12:00;19;26.38;25.38;19.52;Bueno;56.39;Bueno;10;18.10;16.92;33.83;Bueno;104.14;Regular;Bueno;Regular
2025-08-13;13:00;16;26.14;25.38;19.52;Bueno;56.39;Bueno;7;18.10;16.92;33.83;Bueno;104.14;Regular;Bueno;Regular
2025-08-13;14:00;21;25.91;25.38;19.52;Bueno;56.39;Bueno;15;17.95;16.92;33.83;Bueno;104.14;Regular;Bueno;Regular
2025-08-13;15:00;30;26.09;25.38;19.52;Bueno;56.39;Bueno;19;18.00;16.92;33.83;Bueno;104.14;Regular;Bueno;Regular
2025-08-13;16:00;22;25.92;25.38;19.52;Bueno;56.39;Bueno;7;17.54;16.92;33.83;Bueno;104.14;Regular;Bueno;Regular
2025-08-13;17:00;33;25.29;25.38;19.52;Bueno;56.39;Bueno;17;17.17;16.92;33.83;Bueno;104.14;Regular;Bueno;Regular
2025-08-13;18:00;64;25.42;25.38;19.52;Bueno;56.39;Bueno;47;17.58;16.92;33.83;Bueno;104.14;Regular;Bueno;Regular
2025-08-13;19:00;43;24.00;25.38;19.52;Bueno;56.39;Bueno;31;16.29;16.92;33.83;Bueno;104.14;Regular;Bueno;Regular
2025-08-13;20:00;49;23.88;25.38;19.52;Bueno;56.39;Bueno;38;16.12;16.92;33.83;Bueno;104.14;Regular;Bueno;Regular
2025-08-13;21:00;39;24.00;25.38;19.52;Bueno;56.39;Bueno;32;16.12;16.92;33.83;Bueno;104.14;Regular;Bueno;Regular
2025-08-13;22:00;39;24.58;25.38;19.52;Bueno;56.39;Bueno;34;16.54;16.92;33.83;Bueno;104.14;Regular;Bueno;Regular
2025-08-13;23:00;44;25.38;25.38;19.52;Bueno;56.39;Bueno;33;16.92;16.92;33.83;Bueno;104.14;Regular;Bueno;Regular
2025-08-14;00:00;39;26.25;64.96;49.97;Bueno;132.80;Regular;38;18.00;41.79;83.58;Bueno;158.37;Regular;Bueno;Regular
2025-08-14;01:00;50;27.62;64.96;49.97;Bueno;132.80;Regular;49;19.58;41.79;83.58;Bueno;158.37;Regular;Bueno;Regular
2025-08-14;02:00;46;28.96;64.96;49.97;Bueno;132.80;Regular;45;21.08;41.79;83.58;Bueno;158.37;Regular;Bueno;Regular
2025-08-14;03:00;42;30.29;64.96;49.97;Bueno;132.80;Regular;40;22.54;41.79;83.58;Bueno;158.37;Regular;Bueno;Regular
2025-08-14;04:00;32;31.25;64.96;49.97;Bueno;132.80;Regular;28;23.38;41.79;83.58;Bueno;158.37;Regular;Bueno;Regular
2025-08-14;05:00;27;32.00;64.96;49.97;Bueno;132.80;Regular;24;24.08;41.79;83.58;Bueno;158.37;Regular;Bueno;Regular
2025-08-14;06:00;56;33.67;64.96;49.97;Bueno;132.80;Regular;34;25.25;41.79;83.58;Bueno;158.37;Regular;Bueno;Regular
2025-08-14;07:00;154;39.08;64.96;49.97;Bueno;132.80;Regular;101;28.92;41.79;83.58;Bueno;158.37;Regular;Bueno;Regular
2025-08-14;08:00;63;40.67;64.96;49.97;Bueno;132.80;Regular;43;30.17;41.79;83.58;Bueno;158.37;Regular;Bueno;Regular
2025-08-14;09:00;36;41.42;64.96;49.97;Bueno;132.80;Regular;26;30.79;41.79;83.58;Bueno;158.37;Regular;Bueno;Regular
2025-08-14;10:00;30;41.96;64.96;49.97;Bueno;132.80;Regular;19;31.08;41.79;83.58;Bueno;158.37;Regular;Bueno;Regular
2025-08-14;11:00;21;42.29;64.96;49.97;Bueno;132.80;Regular;10;31.12;41.79;83.58;Bueno;158.37;Regular;Bueno;Regular
2025-08-14;12:00;19;42.29;64.96;49.97;Bueno;132.80;Regular;10;31.12;41.79;83.58;Bueno;158.37;Regular;Bueno;Regular
2025-08-14;13:00;24;42.62;64.96;49.97;Bueno;132.80;Regular;6;31.08;41.79;83.58;Bueno;158.37;Regular;Bueno;Regular
2025-08-14;14:00;18;42.50;64.96;49.97;Bueno;132.80;Regular;7;30.75;41.79;83.58;Bueno;158.37;Regular;Bueno;Regular
2025-08-14;15:00;21;42.12;64.96;49.97;Bueno;132.80;Regular;9;30.33;41.79;83.58;Bueno;158.37;Regular;Bueno;Regular
2025-08-14;16:00;21;42.08;64.96;49.97;Bueno;132.80;Regular;9;30.42;41.79;83.58;Bueno;158.37;Regular;Bueno;Regular
2025-08-14;17:00;67;43.50;64.96;49.97;Bueno;132.80;Regular;22;30.62;41.79;83.58;Bueno;158.37;Regular;Bueno;Regular
2025-08-14;18:00;163;47.62;64.96;49.97;Bueno;132.80;Regular;75;31.79;41.79;83.58;Bueno;158.37;Regular;Bueno;Regular
2025-08-14;19:00;250;56.25;64.96;49.97;Bueno;132.80;Regular;139;36.29;41.79;83.58;Bueno;158.37;Regular;Bueno;Regular
2025-08-14;20:00;161;60.92;64.96;49.97;Bueno;132.80;Regular;104;39.04;41.79;83.58;Bueno;158.37;Regular;Bueno;Regular
2025-08-14;21:00;95;63.25;64.96;49.97;Bueno;132.80;Regular;70;40.62;41.79;83.58;Bueno;158.37;Regular;Bueno;Regular
2025-08-14;22:00;71;64.58;64.96;49.97;Bueno;132.80;Regular;56;41.54;41.79;83.58;Bueno;158.37;Regular;Bueno;Regular
2025-08-14;23:00;53;64.96;64.96;49.97;Bueno;132.80;Regular;39;41.79;41.79;83.58;Bueno;158.37;Regular;Bueno;Regular
2025-08-15;00:00;56;65.67;31.79;24.46;Bueno;70.65;Bueno;43;42.00;22.62;45.25;Bueno;116.51;Regular;Bueno;Regular
2025-08-15;01:00;35;65.04;31.79;24.46;Bueno;70.65;Bueno;25;41.00;22.62;45.25;Bueno;116.51;Regular;Bueno;Regular
2025-08-15;02:00;27;64.25;31.79;24.46;Bueno;70.65;Bueno;18;39.88;22.62;45.25;Bueno;116.51;Regular;Bueno;Regular
2025-08-15;03:00;24;63.50;31.79;24.46;Bueno;70.65;Bueno;12;38.71;22.62;45.25;Bueno;116.51;Regular;Bueno;Regular
2025-08-15;04:00;23;63.12;31.79;24.46;Bueno;70.65;Bueno;16;38.21;22.62;45.25;Bueno;116.51;Regular;Bueno;Regular
2025-08-15;05:00;25;63.04;31.79;24.46;Bueno;70.65;Bueno;14;37.79;22.62;45.25;Bueno;116.51;Regular;Bueno;Regular
2025-08-15;06:00;21;61.58;31.79;24.46;Bueno;70.65;Bueno;14;36.96;22.62;45.25;Bueno;116.51;Regular;Bueno;Regular
2025-08-15;07:00;30;56.42;31.79;24.46;Bueno;70.65;Bueno;19;33.54;22.62;45.25;Bueno;116.51;Regular;Bueno;Regular
2025-08-15;08:00;34;55.21;31.79;24.46;Bueno;70.65;Bueno;26;32.83;22.62;45.25;Bueno;116.51;Regular;Bueno;Regular
2025-08-15;09:00;36;55.21;31.79;24.46;Bueno;70.65;Bueno;26;32.83;22.62;45.25;Bueno;116.51;Regular;Bueno;Regular
2025-08-15;10:00;34;55.38;31.79;24.46;Bueno;70.65;Bueno;21;32.92;22.62;45.25;Bueno;116.51;Regular;Bueno;Regular
2025-08-15;11:00;26;55.58;31.79;24.46;Bueno;70.65;Bueno;19;33.29;22.62;45.25;Bueno;116.51;Regular;Bueno;Regular
2025-08-15;12:00;20;55.62;31.79;24.46;Bueno;70.65;Bueno;7;33.17;22.62;45.25;Bueno;116.51;Regular;Bueno;Regular
2025-08-15;13:00;19;55.42;31.79;24.46;Bueno;70.65;Bueno;5;33.12;22.62;45.25;Bueno;116.51;Regular;Bueno;Regular
2025-08-15;14:00;15;55.29;31.79;24.46;Bueno;70.65;Bueno;4;33.00;22.62;45.25;Bueno;116.51;Regular;Bueno;Regular
2025-08-15;15:00;23;55.38;31.79;24.46;Bueno;70.65;Bueno;7;32.92;22.62;45.25;Bueno;116.51;Regular;Bueno;Regular
2025-08-15;16:00;24;55.50;31.79;24.46;Bueno;70.65;Bueno;18;33.29;22.62;45.25;Bueno;116.51;Regular;Bueno;Regular
2025-08-15;17:00;25;53.75;31.79;24.46;Bueno;70.65;Bueno;24;33.38;22.62;45.25;Bueno;116.51;Regular;Bueno;Regular
2025-08-15;18:00;31;48.25;31.79;24.46;Bueno;70.65;Bueno;25;31.29;22.62;45.25;Bueno;116.51;Regular;Bueno;Regular
2025-08-15;19:00;45;39.71;31.79;24.46;Bueno;70.65;Bueno;35;26.96;22.62;45.25;Bueno;116.51;Regular;Bueno;Regular
2025-08-15;20:00;67;35.79;31.79;24.46;Bueno;70.65;Bueno;55;24.92;22.62;45.25;Bueno;116.51;Regular;Bueno;Regular
2025-08-15;21:00;49;33.88;31.79;24.46;Bueno;70.65;Bueno;42;23.75;22.62;45.25;Bueno;116.51;Regular;Bueno;Regular
2025-08-15;22:00;35;32.38;31.79;24.46;Bueno;70.65;Bueno;30;22.67;22.62;45.25;Bueno;116.51;Regular;Bueno;Regular
2025-08-15;23:00;39;31.79;31.79;24.46;Bueno;70.65;Bueno;38;22.62;22.62;45.25;Bueno;116.51;Regular;Bueno;Regular
2025-08-16;00:00;16;30.12;43.21;33.24;Bueno;96.02;Bueno;15;21.46;34.21;68.42;Bueno;141.74;Regular;Bueno;Regular
2025-08-16;01:00;31;29.96;43.21;33.24;Bueno;96.02;Bueno;27;21.54;34.21;68.42;Bueno;141.74;Regular;Bueno;Regular
2025-08-16;02:00;27;29.96;43.21;33.24;Bueno;96.02;Bueno;26;21.88;34.21;68.42;Bueno;141.74;Regular;Bueno;Regular
2025-08-16;03:00;66;31.71;43.21;33.24;Bueno;96.02;Bueno;65;24.08;34.21;68.42;Bueno;141.74;Regular;Bueno;Regular
2025-08-16;04:00;31;32.04;43.21;33.24;Bueno;96.02;Bueno;30;24.67;34.21;68.42;Bueno;141.74;Regular;Bueno;Regular
2025-08-16;05:00;9;31.38;43.21;33.24;Bueno;96.02;Bueno;5;24.29;34.21;68.42;Bueno;141.74;Regular;Bueno;Regular
2025-08-16;06:00;6;30.75;43.21;33.24;Bueno;96.02;Bueno;3;23.83;34.21;68.42;Bueno;141.74;Regular;Bueno;Regular
2025-08-16;07:00;17;30.21;43.21;33.24;Bueno;96.02;Bueno;3;23.17;34.21;68.42;Bueno;141.74;Regular;Bueno;Regular
2025-08-16;08:00;18;29.54;43.21;33.24;Bueno;96.02;Bueno;4;22.25;34.21;68.42;Bueno;141.74;Regular;Bueno;Regular
2025-08-16;09:00;12;28.54;43.21;33.24;Bueno;96.02;Bueno;9;21.54;34.21;68.42;Bueno;141.74;Regular;Bueno;Regular
2025-08-16;10:00;12;27.62;43.21;33.24;Bueno;96.02;Bueno;6;20.92;34.21;68.42;Bueno;141.74;Regular;Bueno;Regular
2025-08-16;11:00;12;27.04;43.21;33.24;Bueno;96.02;Bueno;4;20.29;34.21;68.42;Bueno;141.74;Regular;Bueno;Regular
2025-08-16;12:00;16;26.88;43.21;33.24;Bueno;96.02;Bueno;1;20.04;34.21;68.42;Bueno;141.74;Regular;Bueno;Regular
2025-08-16;13:00;20;26.92;43.21;33.24;Bueno;96.02;Bueno;6;20.08;34.21;68.42;Bueno;141.74;Regular;Bueno;Regular
2025-08-16;14:00;15;26.92;43.21;33.24;Bueno;96.02;Bueno;5;20.12;34.21;68.42;Bueno;141.74;Regular;Bueno;Regular
2025-08-16;15:00;21;26.83;43.21;33.24;Bueno;96.02;Bueno;4;20.00;34.21;68.42;Bueno;141.74;Regular;Bueno;Regular
2025-08-16;16:00;15;26.46;43.21;33.24;Bueno;96.02;Bueno;7;19.54;34.21;68.42;Bueno;141.74;Regular;Bueno;Regular
2025-08-16;17:00;24;26.42;43.21;33.24;Bueno;96.02;Bueno;15;19.17;34.21;68.42;Bueno;141.74;Regular;Bueno;Regular
2025-08-16;18:00;46;27.04;43.21;33.24;Bueno;96.02;Bueno;35;19.58;34.21;68.42;Bueno;141.74;Regular;Bueno;Regular
2025-08-16;19:00;64;27.83;43.21;33.24;Bueno;96.02;Bueno;48;20.12;34.21;68.42;Bueno;141.74;Regular;Bueno;Regular
2025-08-16;20:00;65;27.75;43.21;33.24;Bueno;96.02;Bueno;55;20.12;34.21;68.42;Bueno;141.74;Regular;Bueno;Regular
2025-08-16;21:00;130;31.12;43.21;33.24;Bueno;96.02;Bueno;105;22.75;34.21;68.42;Bueno;141.74;Regular;Bueno;Regular
2025-08-16;22:00;161;36.38;43.21;33.24;Bueno;96.02;Bueno;153;27.88;34.21;68.42;Bueno;141.74;Regular;Bueno;Regular
2025-08-16;23:00;203;43.21;43.21;33.24;Bueno;96.02;Bueno;190;34.21;34.21;68.42;Bueno;141.74;Regular;Bueno;Regular
2025-08-17;00:00;379;58.33;87.38;67.21;Bueno;169.96;Regular;364;48.75;80.42;201.39;Alerta;244.31;Alerta;Alerta;Alerta
2025-08-17;01:00;427;74.83;87.38;67.21;Bueno;169.96;Regular;424;65.29;80.42;201.39;Alerta;244.31;Alerta;Alerta;Alerta
2025-08-17;02:00;170;80.79;87.38;67.21;Bueno;169.96;Regular;158;70.79;80.42;201.39;Alerta;244.31;Alerta;Alerta;Alerta
2025-08-17;03:00;136;83.71;87.38;67.21;Bueno;169.96;Regular;133;73.62;80.42;201.39;Alerta;244.31;Alerta;Alerta;Alerta
2025-08-17;04:00;123;87.54;87.38;67.21;Bueno;169.96;Regular;118;77.29;80.42;201.39;Alerta;244.31;Alerta;Alerta;Alerta
2025-08-17;05:00;78;90.42;87.38;67.21;Bueno;169.96;Regular;73;80.12;80.42;201.39;Alerta;244.31;Alerta;Alerta;Alerta
2025-08-17;06:00;52;92.33;87.38;67.21;Bueno;169.96;Regular;51;82.12;80.42;201.39;Alerta;244.31;Alerta;Alerta;Alerta
2025-08-17;07:00;63;94.25;87.38;67.21;Bueno;169.96;Regular;57;84.38;80.42;201.39;Alerta;244.31;Alerta;Alerta;Alerta
2025-08-17;08:00;85;97.04;87.38;67.21;Bueno;169.96;Regular;82;87.62;80.42;201.39;Alerta;244.31;Alerta;Alerta;Alerta
2025-08-17;09:00;30;97.79;87.38;67.21;Bueno;169.96;Regular;26;88.33;80.42;201.39;Alerta;244.31;Alerta;Alerta;Alerta
2025-08-17;10:00;25;98.33;87.38;67.21;Bueno;169.96;Regular;19;88.88;80.42;201.39;Alerta;244.31;Alerta;Alerta;Alerta
2025-08-17;11:00;24;98.83;87.38;67.21;Bueno;169.96;Regular;21;89.58;80.42;201.39;Alerta;244.31;Alerta;Alerta;Alerta
2025-08-17;12:00;28;99.33;87.38;67.21;Bueno;169.96;Regular;21;90.42;80.42;201.39;Alerta;244.31;Alerta;Alerta;Alerta
2025-08-17;13:00;32;99.83;87.38;67.21;Bueno;169.96;Regular;25;91.21;80.42;201.39;Alerta;244.31;Alerta;Alerta;Alerta
2025-08-17;14:00;31;100.50;87.38;67.21;Bueno;169.96;Regular;22;91.92;80.42;201.39;Alerta;244.31;Alerta;Alerta;Alerta
2025-08-17;15:00;33;101.00;87.38;67.21;Bueno;169.96;Regular;21;92.62;80.42;201.39;Alerta;244.31;Alerta;Alerta;Alerta
2025-08-17;16:00;29;101.58;87.38;67.21;Bueno;169.96;Regular;22;93.25;80.42;201.39;Alerta;244.31;Alerta;Alerta;Alerta
2025-08-17;17:00;31;101.88;87.38;67.21;Bueno;169.96;Regular;16;93.29;80.42;201.39;Alerta;244.31;Alerta;Alerta;Alerta
2025-08-17;18:00;74;103.04;87.38;67.21;Bueno;169.96;Regular;60;94.33;80.42;201.39;Alerta;244.31;Alerta;Alerta;Alerta
2025-08-17;19:00;46;102.29;87.38;67.21;Bueno;169.96;Regular;34;93.75;80.42;201.39;Alerta;244.31;Alerta;Alerta;Alerta
2025-08-17;20:00;48;101.58;87.38;67.21;Bueno;169.96;Regular;43;93.25;80.42;201.39;Alerta;244.31;Alerta;Alerta;Alerta
2025-08-17;21:00;67;98.96;87.38;67.21;Bueno;169.96;Regular;64;91.54;80.42;201.39;Alerta;244.31;Alerta;Alerta;Alerta
2025-08-17;22:00;50;94.33;87.38;67.21;Bueno;169.96;Regular;48;87.17;80.42;201.39;Alerta;244.31;Alerta;Alerta;Alerta
2025-08-17;23:00;36;87.38;87.38;67.21;Bueno;169.96;Regular;28;80.42;80.42;201.39;Alerta;244.31;Alerta;Alerta;Alerta
2025-08-18;00:00;49;73.62;40.96;31.51;Bueno;91.02;Bueno;48;67.25;28.67;57.33;Bueno;129.65;Regular;Bueno;Regular
2025-08-18;01:00;48;57.83;40.96;31.51;Bueno;91.02;Bueno;47;51.54;28.67;57.33;Bueno;129.65;Regular;Bueno;Regular
2025-08-18;02:00;68;53.58;40.96;31.51;Bueno;91.02;Bueno;67;47.75;28.67;57.33;Bueno;129.65;Regular;Bueno;Regular
2025-08-18;03:00;52;50.08;40.96;31.51;Bueno;91.02;Bueno;47;44.17;28.67;57.33;Bueno;129.65;Regular;Bueno;Regular
2025-08-18;04:00;34;46.38;40.96;31.51;Bueno;91.02;Bueno;30;40.50;28.67;57.33;Bueno;129.65;Regular;Bueno;Regular
2025-08-18;05:00;23;44.08;40.96;31.51;Bueno;91.02;Bueno;15;38.08;28.67;57.33;Bueno;129.65;Regular;Bueno;Regular
2025-08-18;06:00;42;43.67;40.96;31.51;Bueno;91.02;Bueno;26;37.04;28.67;57.33;Bueno;129.65;Regular;Bueno;Regular
2025-08-18;07:00;86;44.62;40.96;31.51;Bueno;91.02;Bueno;53;36.88;28.67;57.33;Bueno;129.65;Regular;Bueno;Regular
2025-08-18;08:00;59;43.54;40.96;31.51;Bueno;91.02;Bueno;29;34.67;28.67;57.33;Bueno;129.65;Regular;Bueno;Regular
2025-08-18;09:00;23;43.25;40.96;31.51;Bueno;91.02;Bueno;19;34.38;28.67;57.33;Bueno;129.65;Regular;Bueno;Regular
2025-08-18;10:00;18;42.96;40.96;31.51;Bueno;91.02;Bueno;12;34.08;28.67;57.33;Bueno;129.65;Regular;Bueno;Regular
2025-08-18;11:00;24;42.96;40.96;31.51;Bueno;91.02;Bueno;14;33.79;28.67;57.33;Bueno;129.65;Regular;Bueno;Regular
2025-08-18;12:00;16;42.46;40.96;31.51;Bueno;91.02;Bueno;13;33.46;28.67;57.33;Bueno;129.65;Regular;Bueno;Regular
2025-08-18;13:00;18;41.88;40.96;31.51;Bueno;91.02;Bueno;17;33.12;28.67;57.33;Bueno;129.65;Regular;Bueno;Regular
2025-08-18;14:00;22;41.50;40.96;31.51;Bueno;91.02;Bueno;15;32.83;28.67;57.33;Bueno;129.65;Regular;Bueno;Regular
2025-08-18;15:00;21;41.00;40.96;31.51;Bueno;91.02;Bueno;13;32.50;28.67;57.33;Bueno;129.65;Regular;Bueno;Regular
2025-08-18;16:00;29;41.00;40.96;31.51;Bueno;91.02;Bueno;12;32.08;28.67;57.33;Bueno;129.65;Regular;Bueno;Regular
2025-08-18;17:00;43;41.50;40.96;31.51;Bueno;91.02;Bueno;19;32.21;28.67;57.33;Bueno;129.65;Regular;Bueno;Regular
2025-08-18;18:00;77;41.62;40.96;31.51;Bueno;91.02;Bueno;42;31.46;28.67;57.33;Bueno;129.65;Regular;Bueno;Regular
2025-08-18;19:00;81;43.08;40.96;31.51;Bueno;91.02;Bueno;42;31.79;28.67;57.33;Bueno;129.65;Regular;Bueno;Regular
2025-08-18;20:00;49;43.12;40.96;31.51;Bueno;91.02;Bueno;31;31.29;28.67;57.33;Bueno;129.65;Regular;Bueno;Regular
2025-08-18;21:00;47;42.29;40.96;31.51;Bueno;91.02;Bueno;32;29.96;28.67;57.33;Bueno;129.65;Regular;Bueno;Regular
2025-08-18;22:00;26;41.29;40.96;31.51;Bueno;91.02;Bueno;24;28.96;28.67;57.33;Bueno;129.65;Regular;Bueno;Regular
2025-08-18;23:00;28;40.96;40.96;31.51;Bueno;91.02;Bueno;21;28.67;28.67;57.33;Bueno;129.65;Regular;Bueno;Regular
2025-08-19;00:00;32;40.25;25.46;19.58;Bueno;56.57;Bueno;26;27.75;21.33;42.67;Bueno;113.71;Regular;Bueno;Regular
2025-08-19;01:00;20;39.08;25.46;19.58;Bueno;56.57;Bueno;17;26.50;21.33;42.67;Bueno;113.71;Regular;Bueno;Regular
2025-08-19;02:00;19;37.04;25.46;19.58;Bueno;56.57;Bueno;16;24.38;21.33;42.67;Bueno;113.71;Regular;Bueno;Regular
2025-08-19;03:00;16;35.54;25.46;19.58;Bueno;56.57;Bueno;11;22.88;21.33;42.67;Bueno;113.71;Regular;Bueno;Regular
2025-08-19;04:00;21;35.00;25.46;19.58;Bueno;56.57;Bueno;19;22.42;21.33;42.67;Bueno;113.71;Regular;Bueno;Regular
2025-08-19;05:00;18;34.79;25.46;19.58;Bueno;56.57;Bueno;17;22.50;21.33;42.67;Bueno;113.71;Regular;Bueno;Regular
2025-08-19;06:00;27;34.17;25.46;19.58;Bueno;56.57;Bueno;24;22.42;21.33;42.67;Bueno;113.71;Regular;Bueno;Regular
2025-08-19;07:00;44;32.42;25.46;19.58;Bueno;56.57;Bueno;42;21.96;21.33;42.67;Bueno;113.71;Regular;Bueno;Regular
2025-08-19;08:00;49;32.00;25.46;19.58;Bueno;56.57;Bueno;47;22.71;21.33;42.67;Bueno;113.71;Regular;Bueno;Regular
2025-08-19;09:00;36;32.54;25.46;19.58;Bueno;56.57;Bueno;35;23.38;21.33;42.67;Bueno;113.71;Regular;Bueno;Regular
2025-08-19;10:00;32;33.12;25.46;19.58;Bueno;56.57;Bueno;24;23.88;21.33;42.67;Bueno;113.71;Regular;Bueno;Regular
2025-08-19;11:00;23;33.08;25.46;19.58;Bueno;56.57;Bueno;20;24.12;21.33;42.67;Bueno;113.71;Regular;Bueno;Regular
2025-08-19;12:00;21;33.29;25.46;19.58;Bueno;56.57;Bueno;9;23.96;21.33;42.67;Bueno;113.71;Regular;Bueno;Regular
2025-08-19;13:00;23;33.50;25.46;19.58;Bueno;56.57;Bueno;9;23.62;21.33;42.67;Bueno;113.71;Regular;Bueno;Regular
2025-08-19;14:00;25;33.62;25.46;19.58;Bueno;56.57;Bueno;18;23.75;21.33;42.67;Bueno;113.71;Regular;Bueno;Regular
2025-08-19;15:00;28;33.92;25.46;19.58;Bueno;56.57;Bueno;21;24.08;21.33;42.67;Bueno;113.71;Regular;Bueno;Regular
2025-08-19;16:00;19;33.50;25.46;19.58;Bueno;56.57;Bueno;18;24.33;21.33;42.67;Bueno;113.71;Regular;Bueno;Regular
2025-08-19;17:00;20;32.54;25.46;19.58;Bueno;56.57;Bueno;19;24.33;21.33;42.67;Bueno;113.71;Regular;Bueno;Regular
2025-08-19;18:00;30;30.58;25.46;19.58;Bueno;56.57;Bueno;29;23.79;21.33;42.67;Bueno;113.71;Regular;Bueno;Regular
2025-08-19;19:00;26;28.29;25.46;19.58;Bueno;56.57;Bueno;24;23.04;21.33;42.67;Bueno;113.71;Regular;Bueno;Regular
2025-08-19;20:00;29;27.46;25.46;19.58;Bueno;56.57;Bueno;21;22.62;21.33;42.67;Bueno;113.71;Regular;Bueno;Regular
2025-08-19;21:00;21;26.38;25.46;19.58;Bueno;56.57;Bueno;20;22.12;21.33;42.67;Bueno;113.71;Regular;Bueno;Regular
2025-08-19;22:00;17;26.00;25.46;19.58;Bueno;56.57;Bueno;12;21.62;21.33;42.67;Bueno;113.71;Regular;Bueno;Regular
2025-08-19;23:00;15;25.46;25.46;19.58;Bueno;56.57;Bueno;14;21.33;21.33;42.67;Bueno;113.71;Regular;Bueno;Regular
2025-08-20;00:00;14;24.71;14.71;11.31;Bueno;32.69;Bueno;11;20.71;10.92;21.83;Bueno;72.78;Bueno;Bueno;Bueno
2025-08-20;01:00;13;24.42;14.71;11.31;Bueno;32.69;Bueno;12;20.50;10.92;21.83;Bueno;72.78;Bueno;Bueno;Bueno
2025-08-20;02:00;13;24.17;14.71;11.31;Bueno;32.69;Bueno;8;20.17;10.92;21.83;Bueno;72.78;Bueno;Bueno;Bueno
2025-08-20;03:00;12;24.00;14.71;11.31;Bueno;32.69;Bueno;5;19.92;10.92;21.83;Bueno;72.78;Bueno;Bueno;Bueno
2025-08-20;04:00;7;23.42;14.71;11.31;Bueno;32.69;Bueno;4;19.29;10.92;21.83;Bueno;72.78;Bueno;Bueno;Bueno
2025-08-20;05:00;7;22.96;14.71;11.31;Bueno;32.69;Bueno;4;18.75;10.92;21.83;Bueno;72.78;Bueno;Bueno;Bueno
2025-08-20;06:00;8;22.17;14.71;11.31;Bueno;32.69;Bueno;4;17.92;10.92;21.83;Bueno;72.78;Bueno;Bueno;Bueno
2025-08-20;07:00;12;20.83;14.71;11.31;Bueno;32.69;Bueno;11;16.62;10.92;21.83;Bueno;72.78;Bueno;Bueno;Bueno
2025-08-20;08:00;20;19.62;14.71;11.31;Bueno;32.69;Bueno;16;15.33;10.92;21.83;Bueno;72.78;Bueno;Bueno;Bueno
2025-08-20;09:00;14;18.71;14.71;11.31;Bueno;32.69;Bueno;13;14.42;10.92;21.83;Bueno;72.78;Bueno;Bueno;Bueno
2025-08-20;10:00;11;17.83;14.71;11.31;Bueno;32.69;Bueno;9;13.79;10.92;21.83;Bueno;72.78;Bueno;Bueno;Bueno
2025-08-20;11:00;8;17.21;14.71;11.31;Bueno;32.69;Bueno;6;13.21;10.92;21.83;Bueno;72.78;Bueno;Bueno;Bueno
2025-08-20;12:00;10;16.75;14.71;11.31;Bueno;32.69;Bueno;9;13.21;10.92;21.83;Bueno;72.78;Bueno;Bueno;Bueno
2025-08-20;13:00;7;16.08;14.71;11.31;Bueno;32.69;Bueno;5;13.04;10.92;21.83;Bueno;72.78;Bueno;Bueno;Bueno
2025-08-20;14:00;8;15.38;14.71;11.31;Bueno;32.69;Bueno;3;12.42;10.92;21.83;Bueno;72.78;Bueno;Bueno;Bueno
2025-08-20;15:00;10;14.62;14.71;11.31;Bueno;32.69;Bueno;5;11.75;10.92;21.83;Bueno;72.78;Bueno;Bueno;Bueno
2025-08-20;16:00;14;14.42;14.71;11.31;Bueno;32.69;Bueno;8;11.33;10.92;21.83;Bueno;72.78;Bueno;Bueno;Bueno
2025-08-20;17:00;20;14.42;14.71;11.31;Bueno;32.69;Bueno;11;11.00;10.92;21.83;Bueno;72.78;Bueno;Bueno;Bueno
2025-08-20;18:00;36;14.67;14.71;11.31;Bueno;32.69;Bueno;26;10.88;10.92;21.83;Bueno;72.78;Bueno;Bueno;Bueno
2025-08-20;19:00;31;14.88;14.71;11.31;Bueno;32.69;Bueno;26;10.96;10.92;21.83;Bueno;72.78;Bueno;Bueno;Bueno
2025-08-20;20:00;29;14.88;14.71;11.31;Bueno;32.69;Bueno;28;11.25;10.92;21.83;Bueno;72.78;Bueno;Bueno;Bueno
2025-08-20;21:00;22;14.92;14.71;11.31;Bueno;32.69;Bueno;21;11.29;10.92;21.83;Bueno;72.78;Bueno;Bueno;Bueno
2025-08-20;22:00;13;14.75;14.71;11.31;Bueno;32.69;Bueno;9;11.17;10.92;21.83;Bueno;72.78;Bueno;Bueno;Bueno
2025-08-20;23:00;14;14.71;14.71;11.31;Bueno;32.69;Bueno;8;10.92;10.92;21.83;Bueno;72.78;Bueno;Bueno;Bueno
2025-08-21;00:00;14;14.71;16.83;12.95;Bueno;37.41;Bueno;8;10.79;13.29;26.58;Bueno;88.61;Bueno;Bueno;Bueno
2025-08-21;01:00;11;14.62;16.83;12.95;Bueno;37.41;Bueno;6;10.54;13.29;26.58;Bueno;88.61;Bueno;Bueno;Bueno
2025-08-21;02:00;11;14.54;16.83;12.95;Bueno;37.41;Bueno;6;10.46;13.29;26.58;Bueno;88.61;Bueno;Bueno;Bueno
2025-08-21;03:00;12;14.54;16.83;12.95;Bueno;37.41;Bueno;7;10.54;13.29;26.58;Bueno;88.61;Bueno;Bueno;Bueno
2025-08-21;04:00;10;14.67;16.83;12.95;Bueno;37.41;Bueno;5;10.58;13.29;26.58;Bueno;88.61;Bueno;Bueno;Bueno
2025-08-21;05:00;8;14.71;16.83;12.95;Bueno;37.41;Bueno;6;10.67;13.29;26.58;Bueno;88.61;Bueno;Bueno;Bueno
2025-08-21;06:00;6;14.62;16.83;12.95;Bueno;37.41;Bueno;3;10.62;13.29;26.58;Bueno;88.61;Bueno;Bueno;Bueno
2025-08-21;07:00;5;14.33;16.83;12.95;Bueno;37.41;Bueno;2;10.25;13.29;26.58;Bueno;88.61;Bueno;Bueno;Bueno
2025-08-21;08:00;9;13.88;16.83;12.95;Bueno;37.41;Bueno;3;9.71;13.29;26.58;Bueno;88.61;Bueno;Bueno;Bueno
2025-08-21;09:00;8;13.62;16.83;12.95;Bueno;37.41;Bueno;6;9.42;13.29;26.58;Bueno;88.61;Bueno;Bueno;Bueno
2025-08-21;10:00;13;13.71;16.83;12.95;Bueno;37.41;Bueno;8;9.38;13.29;26.58;Bueno;88.61;Bueno;Bueno;Bueno
2025-08-21;11:00;12;13.88;16.83;12.95;Bueno;37.41;Bueno;6;9.38;13.29;26.58;Bueno;88.61;Bueno;Bueno;Bueno
2025-08-21;12:00;10;13.88;16.83;12.95;Bueno;37.41;Bueno;7;9.29;13.29;26.58;Bueno;88.61;Bueno;Bueno;Bueno
2025-08-21;13:00;7;13.88;16.83;12.95;Bueno;37.41;Bueno;6;9.33;13.29;26.58;Bueno;88.61;Bueno;Bueno;Bueno
2025-08-21;14:00;8;13.88;16.83;12.95;Bueno;37.41;Bueno;6;9.46;13.29;26.58;Bueno;88.61;Bueno;Bueno;Bueno
2025-08-21;15:00;11;13.92;16.83;12.95;Bueno;37.41;Bueno;9;9.62;13.29;26.58;Bueno;88.61;Bueno;Bueno;Bueno
2025-08-21;16:00;18;14.08;16.83;12.95;Bueno;37.41;Bueno;10;9.71;13.29;26.58;Bueno;88.61;Bueno;Bueno;Bueno
2025-08-21;17:00;19;14.04;16.83;12.95;Bueno;37.41;Bueno;15;9.88;13.29;26.58;Bueno;88.61;Bueno;Bueno;Bueno
2025-08-21;18:00;22;13.46;16.83;12.95;Bueno;37.41;Bueno;16;9.46;13.29;26.58;Bueno;88.61;Bueno;Bueno;Bueno
2025-08-21;19:00;19;12.96;16.83;12.95;Bueno;37.41;Bueno;18;9.12;13.29;26.58;Bueno;88.61;Bueno;Bueno;Bueno
2025-08-21;20:00;46;13.67;16.83;12.95;Bueno;37.41;Bueno;45;9.83;13.29;26.58;Bueno;88.61;Bueno;Bueno;Bueno
2025-08-21;21:00;67;15.54;16.83;12.95;Bueno;37.41;Bueno;66;11.71;13.29;26.58;Bueno;88.61;Bueno;Bueno;Bueno
2025-08-21;22:00;37;16.54;16.83;12.95;Bueno;37.41;Bueno;35;12.79;13.29;26.58;Bueno;88.61;Bueno;Bueno;Bueno
2025-08-21;23:00;21;16.83;16.83;12.95;Bueno;37.41;Bueno;20;13.29;13.29;26.58;Bueno;88.61;Bueno;Bueno;Bueno
2025-08-22;00:00;24;17.25;16.42;12.63;Bueno;36.48;Bueno;23;13.92;13.54;27.08;Bueno;90.28;Bueno;Bueno;Bueno
2025-08-22;01:00;33;18.17;16.42;12.63;Bueno;36.48;Bueno;23;14.62;13.54;27.08;Bueno;90.28;Bueno;Bueno;Bueno
2025-08-22;02:00;17;18.42;16.42;12.63;Bueno;36.48;Bueno;13;14.92;13.54;27.08;Bueno;90.28;Bueno;Bueno;Bueno
2025-08-22;03:00;15;18.54;16.42;12.63;Bueno;36.48;Bueno;14;15.21;13.54;27.08;Bueno;90.28;Bueno;Bueno;Bueno
2025-08-22;04:00;13;18.67;16.42;12.63;Bueno;36.48;Bueno;10;15.42;13.54;27.08;Bueno;90.28;Bueno;Bueno;Bueno
2025-08-22;05:00;12;18.83;16.42;12.63;Bueno;36.48;Bueno;10;15.58;13.54;27.08;Bueno;90.28;Bueno;Bueno;Bueno
2025-08-22;06:00;9;18.96;16.42;12.63;Bueno;36.48;Bueno;6;15.71;13.54;27.08;Bueno;90.28;Bueno;Bueno;Bueno
2025-08-22;07:00;12;19.25;16.42;12.63;Bueno;36.48;Bueno;8;15.96;13.54;27.08;Bueno;90.28;Bueno;Bueno;Bueno
2025-08-22;08:00;16;19.54;16.42;12.63;Bueno;36.48;Bueno;13;16.38;13.54;27.08;Bueno;90.28;Bueno;Bueno;Bueno
2025-08-22;09:00;19;20.00;16.42;12.63;Bueno;36.48;Bueno;18;16.88;13.54;27.08;Bueno;90.28;Bueno;Bueno;Bueno
2025-08-22;10:00;8;19.79;16.42;12.63;Bueno;36.48;Bueno;6;16.79;13.54;27.08;Bueno;90.28;Bueno;Bueno;Bueno
2025-08-22;11:00;8;19.62;16.42;12.63;Bueno;36.48;Bueno;4;16.71;13.54;27.08;Bueno;90.28;Bueno;Bueno;Bueno
2025-08-22;12:00;6;19.46;16.42;12.63;Bueno;36.48;Bueno;4;16.58;13.54;27.08;Bueno;90.28;Bueno;Bueno;Bueno
2025-08-22;13:00;12;19.67;16.42;12.63;Bueno;36.48;Bueno;11;16.79;13.54;27.08;Bueno;90.28;Bueno;Bueno;Bueno
2025-08-22;14:00;20;20.17;16.42;12.63;Bueno;36.48;Bueno;19;17.33;13.54;27.08;Bueno;90.28;Bueno;Bueno;Bueno
2025-08-22;15:00;11;20.17;16.42;12.63;Bueno;36.48;Bueno;9;17.33;13.54;27.08;Bueno;90.28;Bueno;Bueno;Bueno
2025-08-22;16:00;12;19.92;16.42;12.63;Bueno;36.48;Bueno;7;17.21;13.54;27.08;Bueno;90.28;Bueno;Bueno;Bueno
2025-08-22;17:00;11;19.58;16.42;12.63;Bueno;36.48;Bueno;7;16.88;13.54;27.08;Bueno;90.28;Bueno;Bueno;Bueno
2025-08-22;18:00;17;19.38;16.42;12.63;Bueno;36.48;Bueno;13;16.75;13.54;27.08;Bueno;90.28;Bueno;Bueno;Bueno
2025-08-22;19:00;23;19.54;16.42;12.63;Bueno;36.48;Bueno;17;16.71;13.54;27.08;Bueno;90.28;Bueno;Bueno;Bueno
2025-08-22;20:00;28;18.79;16.42;12.63;Bueno;36.48;Bueno;27;15.96;13.54;27.08;Bueno;90.28;Bueno;Bueno;Bueno
2025-08-22;21:00;24;17.00;16.42;12.63;Bueno;36.48;Bueno;23;14.17;13.54;27.08;Bueno;90.28;Bueno;Bueno;Bueno
2025-08-22;22:00;22;16.38;16.42;12.63;Bueno;36.48;Bueno;19;13.50;13.54;27.08;Bueno;90.28;Bueno;Bueno;Bueno
2025-08-22;23:00;22;16.42;16.42;12.63;Bueno;36.48;Bueno;21;13.54;13.54;27.08;Bueno;90.28;Bueno;Bueno;Bueno
2025-08-23;00:00;22;16.33;25.83;19.87;Bueno;57.41;Bueno;19;13.38;22.50;45.00;Bueno;116.24;Regular;Bueno;Regular
2025-08-23;01:00;24;15.96;25.83;19.87;Bueno;57.41;Bueno;21;13.29;22.50;45.00;Bueno;116.24;Regular;Bueno;Regular
2025-08-23;02:00;10;15.67;25.83;19.87;Bueno;57.41;Bueno;9;13.12;22.50;45.00;Bueno;116.24;Regular;Bueno;Regular
2025-08-23;03:00;9;15.42;25.83;19.87;Bueno;57.41;Bueno;8;12.88;22.50;45.00;Bueno;116.24;Regular;Bueno;Regular
2025-08-23;04:00;9;15.25;25.83;19.87;Bueno;57.41;Bueno;8;12.79;22.50;45.00;Bueno;116.24;Regular;Bueno;Regular
2025-08-23;05:00;9;15.12;25.83;19.87;Bueno;57.41;Bueno;8;12.71;22.50;45.00;Bueno;116.24;Regular;Bueno;Regular
2025-08-23;06:00;8;15.08;25.83;19.87;Bueno;57.41;Bueno;7;12.75;22.50;45.00;Bueno;116.24;Regular;Bueno;Regular
2025-08-23;07:00;25;15.62;25.83;19.87;Bueno;57.41;Bueno;19;13.21;22.50;45.00;Bueno;116.24;Regular;Bueno;Regular
2025-08-23;08:00;30;16.21;25.83;19.87;Bueno;57.41;Bueno;23;13.62;22.50;45.00;Bueno;116.24;Regular;Bueno;Regular
2025-08-23;09:00;17;16.12;25.83;19.87;Bueno;57.41;Bueno;8;13.21;22.50;45.00;Bueno;116.24;Regular;Bueno;Regular
2025-08-23;10:00;11;16.25;25.83;19.87;Bueno;57.41;Bueno;9;13.33;22.50;45.00;Bueno;116.24;Regular;Bueno;Regular
2025-08-23;11:00;12;16.42;25.83;19.87;Bueno;57.41;Bueno;8;13.50;22.50;45.00;Bueno;116.24;Regular;Bueno;Regular
2025-08-23;12:00;9;16.54;25.83;19.87;Bueno;57.41;Bueno;5;13.54;22.50;45.00;Bueno;116.24;Regular;Bueno;Regular
2025-08-23;13:00;8;16.38;25.83;19.87;Bueno;57.41;Bueno;4;13.25;22.50;45.00;Bueno;116.24;Regular;Bueno;Regular
2025-08-23;14:00;10;15.96;25.83;19.87;Bueno;57.41;Bueno;9;12.83;22.50;45.00;Bueno;116.24;Regular;Bueno;Regular
2025-08-23;15:00;8;15.83;25.83;19.87;Bueno;57.41;Bueno;7;12.75;22.50;45.00;Bueno;116.24;Regular;Bueno;Regular
2025-08-23;16:00;11;15.79;25.83;19.87;Bueno;57.41;Bueno;6;12.71;22.50;45.00;Bueno;116.24;Regular;Bueno;Regular
2025-08-23;17:00;22;16.25;25.83;19.87;Bueno;57.41;Bueno;20;13.25;22.50;45.00;Bueno;116.24;Regular;Bueno;Regular
2025-08-23;18:00;54;17.79;25.83;19.87;Bueno;57.41;Bueno;50;14.79;22.50;45.00;Bueno;116.24;Regular;Bueno;Regular
2025-08-23;19:00;85;20.38;25.83;19.87;Bueno;57.41;Bueno;84;17.58;22.50;45.00;Bueno;116.24;Regular;Bueno;Regular
2025-08-23;20:00;40;20.88;25.83;19.87;Bueno;57.41;Bueno;34;17.88;22.50;45.00;Bueno;116.24;Regular;Bueno;Regular
2025-08-23;21:00;41;21.58;25.83;19.87;Bueno;57.41;Bueno;38;18.50;22.50;45.00;Bueno;116.24;Regular;Bueno;Regular
2025-08-23;22:00;80;24.00;25.83;19.87;Bueno;57.41;Bueno;79;21.00;22.50;45.00;Bueno;116.24;Regular;Bueno;Regular
2025-08-23;23:00;66;25.83;25.83;19.87;Bueno;57.41;Bueno;57;22.50;22.50;45.00;Bueno;116.24;Regular;Bueno;Regular
2025-08-24;00:00;35;26.38;47.25;36.35;Bueno;103.68;Regular;34;23.12;43.54;87.08;Bueno;162.21;Regular;Bueno;Regular
2025-08-24;01:00;33;26.75;47.25;36.35;Bueno;103.68;Regular;32;23.58;43.54;87.08;Bueno;162.21;Regular;Bueno;Regular
2025-08-24;02:00;30;27.58;47.25;36.35;Bueno;103.68;Regular;28;24.38;43.54;87.08;Bueno;162.21;Regular;Bueno;Regular
2025-08-24;03:00;23;28.17;47.25;36.35;Bueno;103.68;Regular;22;24.96;43.54;87.08;Bueno;162.21;Regular;Bueno;Regular
2025-08-24;04:00;13;28.33;47.25;36.35;Bueno;103.68;Regular;11;25.08;43.54;87.08;Bueno;162.21;Regular;Bueno;Regular
2025-08-24;05:00;12;28.46;47.25;36.35;Bueno;103.68;Regular;11;25.21;43.54;87.08;Bueno;162.21;Regular;Bueno;Regular
2025-08-24;06:00;8;28.46;47.25;36.35;Bueno;103.68;Regular;7;25.21;43.54;87.08;Bueno;162.21;Regular;Bueno;Regular
2025-08-24;07:00;12;27.92;47.25;36.35;Bueno;103.68;Regular;9;24.79;43.54;87.08;Bueno;162.21;Regular;Bueno;Regular
2025-08-24;08:00;20;27.50;47.25;36.35;Bueno;103.68;Regular;13;24.38;43.54;87.08;Bueno;162.21;Regular;Bueno;Regular
2025-08-24;09:00;17;27.50;47.25;36.35;Bueno;103.68;Regular;15;24.67;43.54;87.08;Bueno;162.21;Regular;Bueno;Regular
2025-08-24;10:00;14;27.62;47.25;36.35;Bueno;103.68;Regular;10;24.71;43.54;87.08;Bueno;162.21;Regular;Bueno;Regular
2025-08-24;11:00;10;27.54;47.25;36.35;Bueno;103.68;Regular;7;24.67;43.54;87.08;Bueno;162.21;Regular;Bueno;Regular
2025-08-24;12:00;8;27.50;47.25;36.35;Bueno;103.68;Regular;2;24.54;43.54;87.08;Bueno;162.21;Regular;Bueno;Regular
2025-08-24;13:00;12;27.67;47.25;36.35;Bueno;103.68;Regular;6;24.62;43.54;87.08;Bueno;162.21;Regular;Bueno;Regular
2025-08-24;14:00;10;27.67;47.25;36.35;Bueno;103.68;Regular;7;24.54;43.54;87.08;Bueno;162.21;Regular;Bueno;Regular
2025-08-24;15:00;22;28.25;47.25;36.35;Bueno;103.68;Regular;16;24.92;43.54;87.08;Bueno;162.21;Regular;Bueno;Regular
2025-08-24;16:00;30;29.04;47.25;36.35;Bueno;103.68;Regular;27;25.79;43.54;87.08;Bueno;162.21;Regular;Bueno;Regular
2025-08-24;17:00;46;30.04;47.25;36.35;Bueno;103.68;Regular;36;26.46;43.54;87.08;Bueno;162.21;Regular;Bueno;Regular
2025-08-24;18:00;75;30.92;47.25;36.35;Bueno;103.68;Regular;71;27.33;43.54;87.08;Bueno;162.21;Regular;Bueno;Regular
2025-08-24;19:00;117;32.25;47.25;36.35;Bueno;103.68;Regular;110;28.42;43.54;87.08;Bueno;162.21;Regular;Bueno;Regular
2025-08-24;20:00;278;42.17;47.25;36.35;Bueno;103.68;Regular;277;38.54;43.54;87.08;Bueno;162.21;Regular;Bueno;Regular
2025-08-24;21:00;118;45.38;47.25;36.35;Bueno;103.68;Regular;117;41.83;43.54;87.08;Bueno;162.21;Regular;Bueno;Regular
2025-08-24;22:00;111;46.67;47.25;36.35;Bueno;103.68;Regular;101;42.75;43.54;87.08;Bueno;162.21;Regular;Bueno;Regular
2025-08-24;23:00;80;47.25;47.25;36.35;Bueno;103.68;Regular;76;43.54;43.54;87.08;Bueno;162.21;Regular;Bueno;Regular
2025-08-25;00:00;72;48.79;26.29;20.22;Bueno;58.43;Bueno;71;45.08;18.92;37.83;Bueno;108.47;Regular;Bueno;Regular
2025-08-25;01:00;70;50.33;26.29;20.22;Bueno;58.43;Bueno;69;46.62;18.92;37.83;Bueno;108.47;Regular;Bueno;Regular
2025-08-25;02:00;40;50.75;26.29;20.22;Bueno;58.43;Bueno;39;47.08;18.92;37.83;Bueno;108.47;Regular;Bueno;Regular
2025-08-25;03:00;29;51.00;26.29;20.22;Bueno;58.43;Bueno;23;47.12;18.92;37.83;Bueno;108.47;Regular;Bueno;Regular
2025-08-25;04:00;31;51.75;26.29;20.22;Bueno;58.43;Bueno;30;47.92;18.92;37.83;Bueno;108.47;Regular;Bueno;Regular
2025-08-25;05:00;26;52.33;26.29;20.22;Bueno;58.43;Bueno;20;48.29;18.92;37.83;Bueno;108.47;Regular;Bueno;Regular
2025-08-25;06:00;30;53.25;26.29;20.22;Bueno;58.43;Bueno;24;49.00;18.92;37.83;Bueno;108.47;Regular;Bueno;Regular
2025-08-25;07:00;39;54.38;26.29;20.22;Bueno;58.43;Bueno;23;49.58;18.92;37.83;Bueno;108.47;Regular;Bueno;Regular
2025-08-25;08:00;42;55.29;26.29;20.22;Bueno;58.43;Bueno;25;50.08;18.92;37.83;Bueno;108.47;Regular;Bueno;Regular
2025-08-25;09:00;21;55.46;26.29;20.22;Bueno;58.43;Bueno;9;49.83;18.92;37.83;Bueno;108.47;Regular;Bueno;Regular
2025-08-25;10:00;19;55.67;26.29;20.22;Bueno;58.43;Bueno;9;49.79;18.92;37.83;Bueno;108.47;Regular;Bueno;Regular
2025-08-25;11:00;15;55.88;26.29;20.22;Bueno;58.43;Bueno;9;49.88;18.92;37.83;Bueno;108.47;Regular;Bueno;Regular
2025-08-25;12:00;12;56.04;26.29;20.22;Bueno;58.43;Bueno;6;50.04;18.92;37.83;Bueno;108.47;Regular;Bueno;Regular
2025-08-25;13:00;17;56.25;26.29;20.22;Bueno;58.43;Bueno;6;50.04;18.92;37.83;Bueno;108.47;Regular;Bueno;Regular
2025-08-25;14:00;9;56.21;26.29;20.22;Bueno;58.43;Bueno;4;49.92;18.92;37.83;Bueno;108.47;Regular;Bueno;Regular
2025-08-25;15:00;8;55.62;26.29;20.22;Bueno;58.43;Bueno;1;49.29;18.92;37.83;Bueno;108.47;Regular;Bueno;Regular
2025-08-25;16:00;16;55.04;26.29;20.22;Bueno;58.43;Bueno;2;48.25;18.92;37.83;Bueno;108.47;Regular;Bueno;Regular
2025-08-25;17:00;19;53.92;26.29;20.22;Bueno;58.43;Bueno;2;46.83;18.92;37.83;Bueno;108.47;Regular;Bueno;Regular
2025-08-25;18:00;21;51.67;26.29;20.22;Bueno;58.43;Bueno;16;44.54;18.92;37.83;Bueno;108.47;Regular;Bueno;Regular
2025-08-25;19:00;25;47.83;26.29;20.22;Bueno;58.43;Bueno;20;40.79;18.92;37.83;Bueno;108.47;Regular;Bueno;Regular
2025-08-25;20:00;24;37.25;26.29;20.22;Bueno;58.43;Bueno;15;29.88;18.92;37.83;Bueno;108.47;Regular;Bueno;Regular
2025-08-25;21:00;16;33.00;26.29;20.22;Bueno;58.43;Bueno;11;25.46;18.92;37.83;Bueno;108.47;Regular;Bueno;Regular
2025-08-25;22:00;18;29.12;26.29;20.22;Bueno;58.43;Bueno;12;21.75;18.92;37.83;Bueno;108.47;Regular;Bueno;Regular
2025-08-25;23:00;12;26.29;26.29;20.22;Bueno;58.43;Bueno;8;18.92;18.92;37.83;Bueno;108.47;Regular;Bueno;Regular
2025-08-26;00:00;14;23.88;17.79;13.69;Bueno;39.54;Bueno;10;16.38;10.46;20.92;Bueno;69.72;Bueno;Bueno;Bueno
2025-08-26;01:00;11;21.42;17.79;13.69;Bueno;39.54;Bueno;7;13.79;10.46;20.92;Bueno;69.72;Bueno;Bueno;Bueno
2025-08-26;02:00;10;20.17;17.79;13.69;Bueno;39.54;Bueno;3;12.29;10.46;20.92;Bueno;69.72;Bueno;Bueno;Bueno
2025-08-26;03:00;8;19.29;17.79;13.69;Bueno;39.54;Bueno;4;11.50;10.46;20.92;Bueno;69.72;Bueno;Bueno;Bueno
2025-08-26;04:00;10;18.42;17.79;13.69;Bueno;39.54;Bueno;4;10.42;10.46;20.92;Bueno;69.72;Bueno;Bueno;Bueno
2025-08-26;05:00;6;17.58;17.79;13.69;Bueno;39.54;Bueno;4;9.75;10.46;20.92;Bueno;69.72;Bueno;Bueno;Bueno
2025-08-26;06:00;10;16.75;17.79;13.69;Bueno;39.54;Bueno;2;8.83;10.46;20.92;Bueno;69.72;Bueno;Bueno;Bueno
2025-08-26;07:00;14;15.71;17.79;13.69;Bueno;39.54;Bueno;2;7.96;10.46;20.92;Bueno;69.72;Bueno;Bueno;Bueno
2025-08-26;08:00;17;14.67;17.79;13.69;Bueno;39.54;Bueno;7;7.21;10.46;20.92;Bueno;69.72;Bueno;Bueno;Bueno
2025-08-26;09:00;15;14.42;17.79;13.69;Bueno;39.54;Bueno;8;7.17;10.46;20.92;Bueno;69.72;Bueno;Bueno;Bueno
2025-08-26;10:00;11;14.08;17.79;13.69;Bueno;39.54;Bueno;8;7.12;10.46;20.92;Bueno;69.72;Bueno;Bueno;Bueno
2025-08-26;11:00;11;13.92;17.79;13.69;Bueno;39.54;Bueno;7;7.04;10.46;20.92;Bueno;69.72;Bueno;Bueno;Bueno
2025-08-26;12:00;14;14.00;17.79;13.69;Bueno;39.54;Bueno;6;7.04;10.46;20.92;Bueno;69.72;Bueno;Bueno;Bueno
2025-08-26;13:00;12;13.79;17.79;13.69;Bueno;39.54;Bueno;9;7.17;10.46;20.92;Bueno;69.72;Bueno;Bueno;Bueno
2025-08-26;14:00;15;14.04;17.79;13.69;Bueno;39.54;Bueno;8;7.33;10.46;20.92;Bueno;69.72;Bueno;Bueno;Bueno
2025-08-26;15:00;17;14.42;17.79;13.69;Bueno;39.54;Bueno;7;7.58;10.46;20.92;Bueno;69.72;Bueno;Bueno;Bueno
2025-08-26;16:00;17;14.46;17.79;13.69;Bueno;39.54;Bueno;6;7.75;10.46;20.92;Bueno;69.72;Bueno;Bueno;Bueno
2025-08-26;17:00;26;14.75;17.79;13.69;Bueno;39.54;Bueno;11;8.12;10.46;20.92;Bueno;69.72;Bueno;Bueno;Bueno
2025-08-26;18:00;40;15.54;17.79;13.69;Bueno;39.54;Bueno;27;8.58;10.46;20.92;Bueno;69.72;Bueno;Bueno;Bueno
2025-08-26;19:00;38;16.08;17.79;13.69;Bueno;39.54;Bueno;23;8.71;10.46;20.92;Bueno;69.72;Bueno;Bueno;Bueno
2025-08-26;20:00;34;16.50;17.79;13.69;Bueno;39.54;Bueno;28;9.25;10.46;20.92;Bueno;69.72;Bueno;Bueno;Bueno
2025-08-26;21:00;22;16.75;17.79;13.69;Bueno;39.54;Bueno;16;9.46;10.46;20.92;Bueno;69.72;Bueno;Bueno;Bueno
2025-08-26;22:00;27;17.12;17.79;13.69;Bueno;39.54;Bueno;17;9.67;10.46;20.92;Bueno;69.72;Bueno;Bueno;Bueno
2025-08-26;23:00;28;17.79;17.79;13.69;Bueno;39.54;Bueno;27;10.46;10.46;20.92;Bueno;69.72;Bueno;Bueno;Bueno
2025-08-27;00:00;16;17.88;99.12;76.25;Bueno;189.57;Regular;8;10.38;76.38;187.92;Regular;235.22;Alerta;Regular;Alerta
2025-08-27;01:00;19;18.21;99.12;76.25;Bueno;189.57;Regular;9;10.46;76.38;187.92;Regular;235.22;Alerta;Regular;Alerta
2025-08-27;02:00;12;18.29;99.12;76.25;Bueno;189.57;Regular;11;10.79;76.38;187.92;Regular;235.22;Alerta;Regular;Alerta
2025-08-27;03:00;11;18.42;99.12;76.25;Bueno;189.57;Regular;10;11.04;76.38;187.92;Regular;235.22;Alerta;Regular;Alerta
2025-08-27;04:00;9;18.38;99.12;76.25;Bueno;189.57;Regular;7;11.17;76.38;187.92;Regular;235.22;Alerta;Regular;Alerta
2025-08-27;05:00;17;18.83;99.12;76.25;Bueno;189.57;Regular;11;11.46;76.38;187.92;Regular;235.22;Alerta;Regular;Alerta
2025-08-27;06:00;33;19.79;99.12;76.25;Bueno;189.57;Regular;28;12.54;76.38;187.92;Regular;235.22;Alerta;Regular;Alerta
2025-08-27;07:00;73;22.25;99.12;76.25;Bueno;189.57;Regular;44;14.29;76.38;187.92;Regular;235.22;Alerta;Regular;Alerta
2025-08-27;08:00;39;23.17;99.12;76.25;Bueno;189.57;Regular;21;14.88;76.38;187.92;Regular;235.22;Alerta;Regular;Alerta
2025-08-27;09:00;20;23.38;99.12;76.25;Bueno;189.57;Regular;12;15.04;76.38;187.92;Regular;235.22;Alerta;Regular;Alerta
2025-08-27;10:00;21;23.79;99.12;76.25;Bueno;189.57;Regular;11;15.17;76.38;187.92;Regular;235.22;Alerta;Regular;Alerta
2025-08-27;11:00;51;25.46;99.12;76.25;Bueno;189.57;Regular;34;16.29;76.38;187.92;Regular;235.22;Alerta;Regular;Alerta
2025-08-27;12:00;27;26.00;99.12;76.25;Bueno;189.57;Regular;12;16.54;76.38;187.92;Regular;235.22;Alerta;Regular;Alerta
2025-08-27;13:00;23;26.46;99.12;76.25;Bueno;189.57;Regular;8;16.50;76.38;187.92;Regular;235.22;Alerta;Regular;Alerta
2025-08-27;14:00;33;27.21;99.12;76.25;Bueno;189.57;Regular;20;17.00;76.38;187.92;Regular;235.22;Alerta;Regular;Alerta
2025-08-27;15:00;21;27.38;99.12;76.25;Bueno;189.57;Regular;12;17.21;76.38;187.92;Regular;235.22;Alerta;Regular;Alerta
2025-08-27;16:00;25;27.71;99.12;76.25;Bueno;189.57;Regular;13;17.50;76.38;187.92;Regular;235.22;Alerta;Regular;Alerta
2025-08-27;17:00;49;28.67;99.12;76.25;Bueno;189.57;Regular;23;18.00;76.38;187.92;Regular;235.22;Alerta;Regular;Alerta
2025-08-27;18:00;206;35.58;99.12;76.25;Bueno;189.57;Regular;135;22.50;76.38;187.92;Regular;235.22;Alerta;Regular;Alerta
2025-08-27;19:00;368;49.33;99.12;76.25;Bueno;189.57;Regular;279;33.17;76.38;187.92;Regular;235.22;Alerta;Regular;Alerta
2025-08-27;20:00;383;63.88;99.12;76.25;Bueno;189.57;Regular;316;45.17;76.38;187.92;Regular;235.22;Alerta;Regular;Alerta
2025-08-27;21:00;430;80.88;99.12;76.25;Bueno;189.57;Regular;380;60.33;76.38;187.92;Regular;235.22;Alerta;Regular;Alerta
2025-08-27;22:00;311;92.71;99.12;76.25;Bueno;189.57;Regular;266;70.71;76.38;187.92;Regular;235.22;Alerta;Regular;Alerta
2025-08-27;23:00;182;99.12;99.12;76.25;Bueno;189.57;Regular;163;76.38;76.38;187.92;Regular;235.22;Alerta;Regular;Alerta
2025-08-28;00:00;76;101.62;34.71;26.70;Bueno;77.13;Bueno;64;78.71;31.79;63.58;Bueno;136.46;Regular;Bueno;Regular
2025-08-28;01:00;61;103.38;34.71;26.70;Bueno;77.13;Bueno;55;80.62;31.79;63.58;Bueno;136.46;Regular;Bueno;Regular
2025-08-28;02:00;39;104.50;34.71;26.70;Bueno;77.13;Bueno;33;81.54;31.79;63.58;Bueno;136.46;Regular;Bueno;Regular
2025-08-28;03:00;14;104.62;34.71;26.70;Bueno;77.13;Bueno;11;81.58;31.79;63.58;Bueno;136.46;Regular;Bueno;Regular
2025-08-28;04:00;12;104.75;34.71;26.70;Bueno;77.13;Bueno;10;81.71;31.79;63.58;Bueno;136.46;Regular;Bueno;Regular
2025-08-28;05:00;11;104.50;34.71;26.70;Bueno;77.13;Bueno;8;81.58;31.79;63.58;Bueno;136.46;Regular;Bueno;Regular
2025-08-28;06:00;13;103.67;34.71;26.70;Bueno;77.13;Bueno;12;80.92;31.79;63.58;Bueno;136.46;Regular;Bueno;Regular
2025-08-28;07:00;16;101.29;34.71;26.70;Bueno;77.13;Bueno;10;79.50;31.79;63.58;Bueno;136.46;Regular;Bueno;Regular
2025-08-28;08:00;27;100.79;34.71;26.70;Bueno;77.13;Bueno;24;79.62;31.79;63.58;Bueno;136.46;Regular;Bueno;Regular
2025-08-28;09:00;31;101.25;34.71;26.70;Bueno;77.13;Bueno;30;80.38;31.79;63.58;Bueno;136.46;Regular;Bueno;Regular
2025-08-28;10:00;27;101.50;34.71;26.70;Bueno;77.13;Bueno;25;80.96;31.79;63.58;Bueno;136.46;Regular;Bueno;Regular
2025-08-28;11:00;28;100.54;34.71;26.70;Bueno;77.13;Bueno;24;80.54;31.79;63.58;Bueno;136.46;Regular;Bueno;Regular
2025-08-28;12:00;29;100.62;34.71;26.70;Bueno;77.13;Bueno;28;81.21;31.79;63.58;Bueno;136.46;Regular;Bueno;Regular
2025-08-28;13:00;33;101.04;34.71;26.70;Bueno;77.13;Bueno;29;82.08;31.79;63.58;Bueno;136.46;Regular;Bueno;Regular
2025-08-28;14:00;32;101.00;34.71;26.70;Bueno;77.13;Bueno;31;82.54;31.79;63.58;Bueno;136.46;Regular;Bueno;Regular
2025-08-28;15:00;30;101.38;34.71;26.70;Bueno;77.13;Bueno;29;83.25;31.79;63.58;Bueno;136.46;Regular;Bueno;Regular
2025-08-28;16:00;36;101.83;34.71;26.70;Bueno;77.13;Bueno;35;84.17;31.79;63.58;Bueno;136.46;Regular;Bueno;Regular
2025-08-28;17:00;48;101.79;34.71;26.70;Bueno;77.13;Bueno;46;85.12;31.79;63.58;Bueno;136.46;Regular;Bueno;Regular
2025-08-28;18:00;50;95.29;34.71;26.70;Bueno;77.13;Bueno;49;81.54;31.79;63.58;Bueno;136.46;Regular;Bueno;Regular
2025-08-28;19:00;46;81.88;34.71;26.70;Bueno;77.13;Bueno;45;71.79;31.79;63.58;Bueno;136.46;Regular;Bueno;Regular
2025-08-28;20:00;46;67.83;34.71;26.70;Bueno;77.13;Bueno;44;60.46;31.79;63.58;Bueno;136.46;Regular;Bueno;Regular
2025-08-28;21:00;45;51.79;34.71;26.70;Bueno;77.13;Bueno;44;46.46;31.79;63.58;Bueno;136.46;Regular;Bueno;Regular
2025-08-28;22:00;43;40.62;34.71;26.70;Bueno;77.13;Bueno;40;37.04;31.79;63.58;Bueno;136.46;Regular;Bueno;Regular
2025-08-28;23:00;40;34.71;34.71;26.70;Bueno;77.13;Bueno;37;31.79;31.79;63.58;Bueno;136.46;Regular;Bueno;Regular
2025-08-29;00:00;43;33.33;40.21;30.93;Bueno;89.35;Bueno;38;30.71;31.04;62.08;Bueno;134.83;Regular;Bueno;Regular
2025-08-29;01:00;48;32.79;40.21;30.93;Bueno;89.35;Bueno;46;30.33;31.04;62.08;Bueno;134.83;Regular;Bueno;Regular
2025-08-29;02:00;46;33.08;40.21;30.93;Bueno;89.35;Bueno;44;30.79;31.04;62.08;Bueno;134.83;Regular;Bueno;Regular
2025-08-29;03:00;42;34.25;40.21;30.93;Bueno;89.35;Bueno;39;31.96;31.04;62.08;Bueno;134.83;Regular;Bueno;Regular
2025-08-29;04:00;37;35.29;40.21;30.93;Bueno;89.35;Bueno;32;32.88;31.04;62.08;Bueno;134.83;Regular;Bueno;Regular
2025-08-29;05:00;38;36.42;40.21;30.93;Bueno;89.35;Bueno;30;33.79;31.04;62.08;Bueno;134.83;Regular;Bueno;Regular
2025-08-29;06:00;42;37.62;40.21;30.93;Bueno;89.35;Bueno;32;34.62;31.04;62.08;Bueno;134.83;Regular;Bueno;Regular
2025-08-29;07:00;67;39.75;40.21;30.93;Bueno;89.35;Bueno;42;35.96;31.04;62.08;Bueno;134.83;Regular;Bueno;Regular
2025-08-29;08:00;72;41.62;40.21;30.93;Bueno;89.35;Bueno;52;37.12;31.04;62.08;Bueno;134.83;Regular;Bueno;Regular
2025-08-29;09:00;42;42.08;40.21;30.93;Bueno;89.35;Bueno;30;37.12;31.04;62.08;Bueno;134.83;Regular;Bueno;Regular
2025-08-29;10:00;27;42.08;40.21;30.93;Bueno;89.35;Bueno;19;36.88;31.04;62.08;Bueno;134.83;Regular;Bueno;Regular
2025-08-29;11:00;21;41.79;40.21;30.93;Bueno;89.35;Bueno;18;36.62;31.04;62.08;Bueno;134.83;Regular;Bueno;Regular
2025-08-29;12:00;23;41.54;40.21;30.93;Bueno;89.35;Bueno;13;36.00;31.04;62.08;Bueno;134.83;Regular;Bueno;Regular
2025-08-29;13:00;16;40.83;40.21;30.93;Bueno;89.35;Bueno;14;35.38;31.04;62.08;Bueno;134.83;Regular;Bueno;Regular
2025-08-29;14:00;23;40.46;40.21;30.93;Bueno;89.35;Bueno;12;34.58;31.04;62.08;Bueno;134.83;Regular;Bueno;Regular
2025-08-29;15:00;25;40.25;40.21;30.93;Bueno;89.35;Bueno;13;33.92;31.04;62.08;Bueno;134.83;Regular;Bueno;Regular
2025-08-29;16:00;26;39.83;40.21;30.93;Bueno;89.35;Bueno;15;33.08;31.04;62.08;Bueno;134.83;Regular;Bueno;Regular
2025-08-29;17:00;29;39.04;40.21;30.93;Bueno;89.35;Bueno;22;32.08;31.04;62.08;Bueno;134.83;Regular;Bueno;Regular
2025-08-29;18:00;49;39.00;40.21;30.93;Bueno;89.35;Bueno;31;31.33;31.04;62.08;Bueno;134.83;Regular;Bueno;Regular
2025-08-29;19:00;47;39.04;40.21;30.93;Bueno;89.35;Bueno;36;30.96;31.04;62.08;Bueno;134.83;Regular;Bueno;Regular
2025-08-29;20:00;47;39.08;40.21;30.93;Bueno;89.35;Bueno;36;30.62;31.04;62.08;Bueno;134.83;Regular;Bueno;Regular
2025-08-29;21:00;35;38.67;40.21;30.93;Bueno;89.35;Bueno;27;29.92;31.04;62.08;Bueno;134.83;Regular;Bueno;Regular
2025-08-29;22:00;56;39.21;40.21;30.93;Bueno;89.35;Bueno;46;30.17;31.04;62.08;Bueno;134.83;Regular;Bueno;Regular
2025-08-29;23:00;64;40.21;40.21;30.93;Bueno;89.35;Bueno;58;31.04;31.04;62.08;Bueno;134.83;Regular;Bueno;Regular
2025-08-30;00:00;61;40.96;31.58;24.29;Bueno;70.19;Bueno;53;31.67;26.54;53.08;Bueno;125.02;Regular;Bueno;Regular
2025-08-30;01:00;41;40.67;31.58;24.29;Bueno;70.19;Bueno;35;31.21;26.54;53.08;Bueno;125.02;Regular;Bueno;Regular
2025-08-30;02:00;28;39.92;31.58;24.29;Bueno;70.19;Bueno;23;30.33;26.54;53.08;Bueno;125.02;Regular;Bueno;Regular
2025-08-30;03:00;34;39.58;31.58;24.29;Bueno;70.19;Bueno;30;29.96;26.54;53.08;Bueno;125.02;Regular;Bueno;Regular
2025-08-30;04:00;27;39.17;31.58;24.29;Bueno;70.19;Bueno;21;29.50;26.54;53.08;Bueno;125.02;Regular;Bueno;Regular
2025-08-30;05:00;22;38.50;31.58;24.29;Bueno;70.19;Bueno;16;28.92;26.54;53.08;Bueno;125.02;Regular;Bueno;Regular
2025-08-30;06:00;21;37.62;31.58;24.29;Bueno;70.19;Bueno;18;28.33;26.54;53.08;Bueno;125.02;Regular;Bueno;Regular
2025-08-30;07:00;24;35.83;31.58;24.29;Bueno;70.19;Bueno;15;27.21;26.54;53.08;Bueno;125.02;Regular;Bueno;Regular
2025-08-30;08:00;31;34.12;31.58;24.29;Bueno;70.19;Bueno;30;26.29;26.54;53.08;Bueno;125.02;Regular;Bueno;Regular
2025-08-30;09:00;36;33.88;31.58;24.29;Bueno;70.19;Bueno;35;26.50;26.54;53.08;Bueno;125.02;Regular;Bueno;Regular
2025-08-30;10:00;39;34.38;31.58;24.29;Bueno;70.19;Bueno;38;27.29;26.54;53.08;Bueno;125.02;Regular;Bueno;Regular
2025-08-30;11:00;42;35.25;31.58;24.29;Bueno;70.19;Bueno;41;28.25;26.54;53.08;Bueno;125.02;Regular;Bueno;Regular
2025-08-30;12:00;26;35.38;31.58;24.29;Bueno;70.19;Bueno;22;28.62;26.54;53.08;Bueno;125.02;Regular;Bueno;Regular
2025-08-30;13:00;25;35.75;31.58;24.29;Bueno;70.19;Bueno;17;28.75;26.54;53.08;Bueno;125.02;Regular;Bueno;Regular
2025-08-30;14:00;25;35.83;31.58;24.29;Bueno;70.19;Bueno;15;28.88;26.54;53.08;Bueno;125.02;Regular;Bueno;Regular
2025-08-30;15:00;13;35.33;31.58;24.29;Bueno;70.19;Bueno;12;28.83;26.54;53.08;Bueno;125.02;Regular;Bueno;Regular
2025-08-30;16:00;15;34.88;31.58;24.29;Bueno;70.19;Bueno;12;28.71;26.54;53.08;Bueno;125.02;Regular;Bueno;Regular
2025-08-30;17:00;18;34.42;31.58;24.29;Bueno;70.19;Bueno;14;28.38;26.54;53.08;Bueno;125.02;Regular;Bueno;Regular
2025-08-30;18:00;36;33.88;31.58;24.29;Bueno;70.19;Bueno;26;28.17;26.54;53.08;Bueno;125.02;Regular;Bueno;Regular
2025-08-30;19:00;37;33.46;31.58;24.29;Bueno;70.19;Bueno;25;27.71;26.54;53.08;Bueno;125.02;Regular;Bueno;Regular
2025-08-30;20:00;43;33.29;31.58;24.29;Bueno;70.19;Bueno;38;27.79;26.54;53.08;Bueno;125.02;Regular;Bueno;Regular
2025-08-30;21:00;29;33.04;31.58;24.29;Bueno;70.19;Bueno;26;27.75;26.54;53.08;Bueno;125.02;Regular;Bueno;Regular
2025-08-30;22:00;42;32.46;31.58;24.29;Bueno;70.19;Bueno;34;27.25;26.54;53.08;Bueno;125.02;Regular;Bueno;Regular
2025-08-30;23:00;43;31.58;31.58;24.29;Bueno;70.19;Bueno;41;26.54;26.54;53.08;Bueno;125.02;Regular;Bueno;Regular
2025-08-31;00:00;20;29.88;25.50;19.62;Bueno;56.67;Bueno;14;24.92;22.04;44.08;Bueno;115.24;Regular;Bueno;Regular
2025-08-31;01:00;11;28.62;25.50;19.62;Bueno;56.67;Bueno;10;23.88;22.04;44.08;Bueno;115.24;Regular;Bueno;Regular
2025-08-31;02:00;8;27.79;25.50;19.62;Bueno;56.67;Bueno;7;23.21;22.04;44.08;Bueno;115.24;Regular;Bueno;Regular
2025-08-31;03:00;13;26.92;25.50;19.62;Bueno;56.67;Bueno;8;22.29;22.04;44.08;Bueno;115.24;Regular;Bueno;Regular
2025-08-31;04:00;15;26.42;25.50;19.62;Bueno;56.67;Bueno;14;22.00;22.04;44.08;Bueno;115.24;Regular;Bueno;Regular
2025-08-31;05:00;20;26.33;25.50;19.62;Bueno;56.67;Bueno;13;21.88;22.04;44.08;Bueno;115.24;Regular;Bueno;Regular
2025-08-31;06:00;22;26.38;25.50;19.62;Bueno;56.67;Bueno;18;21.88;22.04;44.08;Bueno;115.24;Regular;Bueno;Regular
2025-08-31;07:00;36;26.88;25.50;19.62;Bueno;56.67;Bueno;26;22.33;22.04;44.08;Bueno;115.24;Regular;Bueno;Regular
2025-08-31;08:00;30;26.83;25.50;19.62;Bueno;56.67;Bueno;25;22.12;22.04;44.08;Bueno;115.24;Regular;Bueno;Regular
2025-08-31;09:00;32;26.67;25.50;19.62;Bueno;56.67;Bueno;26;21.75;22.04;44.08;Bueno;115.24;Regular;Bueno;Regular
2025-08-31;10:00;22;25.96;25.50;19.62;Bueno;56.67;Bueno;18;20.92;22.04;44.08;Bueno;115.24;Regular;Bueno;Regular
2025-08-31;11:00;21;25.08;25.50;19.62;Bueno;56.67;Bueno;19;20.00;22.04;44.08;Bueno;115.24;Regular;Bueno;Regular
2025-08-31;12:00;27;25.12;25.50;19.62;Bueno;56.67;Bueno;21;19.96;22.04;44.08;Bueno;115.24;Regular;Bueno;Regular
2025-08-31;13:00;22;25.00;25.50;19.62;Bueno;56.67;Bueno;20;20.08;22.04;44.08;Bueno;115.24;Regular;Bueno;Regular
2025-08-31;14:00;38;25.54;25.50;19.62;Bueno;56.67;Bueno;34;20.88;22.04;44.08;Bueno;115.24;Regular;Bueno;Regular
2025-08-31;15:00;25;26.04;25.50;19.62;Bueno;56.67;Bueno;24;21.38;22.04;44.08;Bueno;115.24;Regular;Bueno;Regular
2025-08-31;16:00;27;26.54;25.50;19.62;Bueno;56.67;Bueno;26;21.96;22.04;44.08;Bueno;115.24;Regular;Bueno;Regular
2025-08-31;17:00;28;26.96;25.50;19.62;Bueno;56.67;Bueno;26;22.46;22.04;44.08;Bueno;115.24;Regular;Bueno;Regular
2025-08-31;18:00;40;27.12;25.50;19.62;Bueno;56.67;Bueno;37;22.92;22.04;44.08;Bueno;115.24;Regular;Bueno;Regular
2025-08-31;19:00;40;27.25;25.50;19.62;Bueno;56.67;Bueno;35;23.33;22.04;44.08;Bueno;115.24;Regular;Bueno;Regular
2025-08-31;20:00;35;26.92;25.50;19.62;Bueno;56.67;Bueno;34;23.17;22.04;44.08;Bueno;115.24;Regular;Bueno;Regular
2025-08-31;21:00;24;26.71;25.50;19.62;Bueno;56.67;Bueno;20;22.92;22.04;44.08;Bueno;115.24;Regular;Bueno;Regular
2025-08-31;22:00;30;26.21;25.50;19.62;Bueno;56.67;Bueno;29;22.71;22.04;44.08;Bueno;115.24;Regular;Bueno;Regular
2025-08-31;23:00;26;25.50;25.50;19.62;Bueno;56.67;Bueno;25;22.04;22.04;44.08;Bueno;115.24;Regular;Bueno;Regular
2025-09-01;00:00;21;25.54;20.50;15.77;Bueno;45.56;Bueno;16;22.12;14.08;28.17;Bueno;93.89;Bueno;Bueno;Bueno
2025-09-01;01:00;17;25.79;20.50;15.77;Bueno;45.56;Bueno;15;22.33;14.08;28.17;Bueno;93.89;Bueno;Bueno;Bueno
2025-09-01;02:00;18;26.21;20.50;15.77;Bueno;45.56;Bueno;17;22.75;14.08;28.17;Bueno;93.89;Bueno;Bueno;Bueno
2025-09-01;03:00;22;26.58;20.50;15.77;Bueno;45.56;Bueno;17;23.12;14.08;28.17;Bueno;93.89;Bueno;Bueno;Bueno
2025-09-01;04:00;21;26.83;20.50;15.77;Bueno;45.56;Bueno;16;23.21;14.08;28.17;Bueno;93.89;Bueno;Bueno;Bueno
2025-09-01;05:00;15;26.62;20.50;15.77;Bueno;45.56;Bueno;12;23.17;14.08;28.17;Bueno;93.89;Bueno;Bueno;Bueno
2025-09-01;06:00;22;26.62;20.50;15.77;Bueno;45.56;Bueno;17;23.12;14.08;28.17;Bueno;93.89;Bueno;Bueno;Bueno
2025-09-01;07:00;54;27.38;20.50;15.77;Bueno;45.56;Bueno;35;23.50;14.08;28.17;Bueno;93.89;Bueno;Bueno;Bueno
2025-09-01;08:00;62;28.71;20.50;15.77;Bueno;45.56;Bueno;40;24.12;14.08;28.17;Bueno;93.89;Bueno;Bueno;Bueno
2025-09-01;09:00;22;28.29;20.50;15.77;Bueno;45.56;Bueno;10;23.46;14.08;28.17;Bueno;93.89;Bueno;Bueno;Bueno
2025-09-01;10:00;16;28.04;20.50;15.77;Bueno;45.56;Bueno;9;23.08;14.08;28.17;Bueno;93.89;Bueno;Bueno;Bueno
2025-09-01;11:00;7;27.46;20.50;15.77;Bueno;45.56;Bueno;6;22.54;14.08;28.17;Bueno;93.89;Bueno;Bueno;Bueno
2025-09-01;12:00;8;26.67;20.50;15.77;Bueno;45.56;Bueno;3;21.79;14.08;28.17;Bueno;93.89;Bueno;Bueno;Bueno
2025-09-01;13:00;6;26.00;20.50;15.77;Bueno;45.56;Bueno;2;21.04;14.08;28.17;Bueno;93.89;Bueno;Bueno;Bueno
2025-09-01;14:00;3;24.54;20.50;15.77;Bueno;45.56;Bueno;2;19.71;14.08;28.17;Bueno;93.89;Bueno;Bueno;Bueno
2025-09-01;15:00;16;24.17;20.50;15.77;Bueno;45.56;Bueno;3;18.83;14.08;28.17;Bueno;93.89;Bueno;Bueno;Bueno
2025-09-01;16:00;16;23.71;20.50;15.77;Bueno;45.56;Bueno;6;18.00;14.08;28.17;Bueno;93.89;Bueno;Bueno;Bueno
2025-09-01;17:00;17;23.25;20.50;15.77;Bueno;45.56;Bueno;12;17.42;14.08;28.17;Bueno;93.89;Bueno;Bueno;Bueno
2025-09-01;18:00;25;22.62;20.50;15.77;Bueno;45.56;Bueno;17;16.58;14.08;28.17;Bueno;93.89;Bueno;Bueno;Bueno
2025-09-01;19:00;26;22.04;20.50;15.77;Bueno;45.56;Bueno;20;15.96;14.08;28.17;Bueno;93.89;Bueno;Bueno;Bueno
2025-09-01;20:00;19;21.38;20.50;15.77;Bueno;45.56;Bueno;16;15.21;14.08;28.17;Bueno;93.89;Bueno;Bueno;Bueno
2025-09-01;21:00;21;21.25;20.50;15.77;Bueno;45.56;Bueno;20;15.21;14.08;28.17;Bueno;93.89;Bueno;Bueno;Bueno
2025-09-01;22:00;24;21.00;20.50;15.77;Bueno;45.56;Bueno;18;14.75;14.08;28.17;Bueno;93.89;Bueno;Bueno;Bueno
2025-09-01;23:00;14;20.50;20.50;15.77;Bueno;45.56;Bueno;9;14.08;14.08;28.17;Bueno;93.89;Bueno;Bueno;Bueno
2025-09-02;00:00;12;20.12;33.12;25.48;Bueno;73.61;Bueno;9;13.79;28.92;57.83;Bueno;130.19;Regular;Bueno;Regular
2025-09-02;01:00;10;19.83;33.12;25.48;Bueno;73.61;Bueno;9;13.54;28.92;57.83;Bueno;130.19;Regular;Bueno;Regular
2025-09-02;02:00;8;19.42;33.12;25.48;Bueno;73.61;Bueno;5;13.04;28.92;57.83;Bueno;130.19;Regular;Bueno;Regular
2025-09-02;03:00;11;18.96;33.12;25.48;Bueno;73.61;Bueno;3;12.46;28.92;57.83;Bueno;130.19;Regular;Bueno;Regular
2025-09-02;04:00;6;18.33;33.12;25.48;Bueno;73.61;Bueno;2;11.88;28.92;57.83;Bueno;130.19;Regular;Bueno;Regular
2025-09-02;05:00;3;17.83;33.12;25.48;Bueno;73.61;Bueno;2;11.46;28.92;57.83;Bueno;130.19;Regular;Bueno;Regular
2025-09-02;06:00;7;17.21;33.12;25.48;Bueno;73.61;Bueno;6;11.00;28.92;57.83;Bueno;130.19;Regular;Bueno;Regular
2025-09-02;07:00;13;15.50;33.12;25.48;Bueno;73.61;Bueno;9;9.92;28.92;57.83;Bueno;130.19;Regular;Bueno;Regular
2025-09-02;08:00;14;13.50;33.12;25.48;Bueno;73.61;Bueno;12;8.75;28.92;57.83;Bueno;130.19;Regular;Bueno;Regular
2025-09-02;09:00;18;13.33;33.12;25.48;Bueno;73.61;Bueno;17;9.04;28.92;57.83;Bueno;130.19;Regular;Bueno;Regular
2025-09-02;10:00;15;13.29;33.12;25.48;Bueno;73.61;Bueno;7;8.96;28.92;57.83;Bueno;130.19;Regular;Bueno;Regular
2025-09-02;11:00;12;13.50;33.12;25.48;Bueno;73.61;Bueno;7;9.00;28.92;57.83;Bueno;130.19;Regular;Bueno;Regular
2025-09-02;12:00;14;13.75;33.12;25.48;Bueno;73.61;Bueno;4;9.04;28.92;57.83;Bueno;130.19;Regular;Bueno;Regular
2025-09-02;13:00;13;14.04;33.12;25.48;Bueno;73.61;Bueno;12;9.46;28.92;57.83;Bueno;130.19;Regular;Bueno;Regular
2025-09-02;14:00;13;14.46;33.12;25.48;Bueno;73.61;Bueno;12;9.88;28.92;57.83;Bueno;130.19;Regular;Bueno;Regular
2025-09-02;15:00;17;14.50;33.12;25.48;Bueno;73.61;Bueno;11;10.21;28.92;57.83;Bueno;130.19;Regular;Bueno;Regular
2025-09-02;16:00;13;14.38;33.12;25.48;Bueno;73.61;Bueno;8;10.29;28.92;57.83;Bueno;130.19;Regular;Bueno;Regular
2025-09-02;17:00;21;14.54;33.12;25.48;Bueno;73.61;Bueno;20;10.62;28.92;57.83;Bueno;130.19;Regular;Bueno;Regular
2025-09-02;18:00;41;15.21;33.12;25.48;Bueno;73.61;Bueno;32;11.25;28.92;57.83;Bueno;130.19;Regular;Bueno;Regular
2025-09-02;19:00;48;16.12;33.12;25.48;Bueno;73.61;Bueno;35;11.88;28.92;57.83;Bueno;130.19;Regular;Bueno;Regular
2025-09-02;20:00;79;18.62;33.12;25.48;Bueno;73.61;Bueno;73;14.25;28.92;57.83;Bueno;130.19;Regular;Bueno;Regular
2025-09-02;21:00;112;22.42;33.12;25.48;Bueno;73.61;Bueno;108;17.92;28.92;57.83;Bueno;130.19;Regular;Bueno;Regular
2025-09-02;22:00;158;28.00;33.12;25.48;Bueno;73.61;Bueno;157;23.71;28.92;57.83;Bueno;130.19;Regular;Bueno;Regular
2025-09-02;23:00;137;33.12;33.12;25.48;Bueno;73.61;Bueno;134;28.92;28.92;57.83;Bueno;130.19;Regular;Bueno;Regular
2025-09-03;00:00;63;35.25;40.42;31.09;Bueno;89.81;Bueno;61;31.08;32.71;65.42;Bueno;138.46;Regular;Bueno;Regular
2025-09-03;01:00;112;39.50;40.42;31.09;Bueno;89.81;Bueno;111;35.33;32.71;65.42;Bueno;138.46;Regular;Bueno;Regular
2025-09-03;02:00;78;42.42;40.42;31.09;Bueno;89.81;Bueno;77;38.33;32.71;65.42;Bueno;138.46;Regular;Bueno;Regular
2025-09-03;03:00;26;43.04;40.42;31.09;Bueno;89.81;Bueno;23;39.17;32.71;65.42;Bueno;138.46;Regular;Bueno;Regular
2025-09-03;04:00;32;44.12;40.42;31.09;Bueno;89.81;Bueno;29;40.29;32.71;65.42;Bueno;138.46;Regular;Bueno;Regular
2025-09-03;05:00;29;45.21;40.42;31.09;Bueno;89.81;Bueno;28;41.38;32.71;65.42;Bueno;138.46;Regular;Bueno;Regular
2025-09-03;06:00;46;46.83;40.42;31.09;Bueno;89.81;Bueno;35;42.58;32.71;65.42;Bueno;138.46;Regular;Bueno;Regular
2025-09-03;07:00;74;49.38;40.42;31.09;Bueno;89.81;Bueno;61;44.75;32.71;65.42;Bueno;138.46;Regular;Bueno;Regular
2025-09-03;08:00;69;51.67;40.42;31.09;Bueno;89.81;Bueno;56;46.58;32.71;65.42;Bueno;138.46;Regular;Bueno;Regular
2025-09-03;09:00;49;52.96;40.42;31.09;Bueno;89.81;Bueno;37;47.42;32.71;65.42;Bueno;138.46;Regular;Bueno;Regular
2025-09-03;10:00;45;54.21;40.42;31.09;Bueno;89.81;Bueno;28;48.29;32.71;65.42;Bueno;138.46;Regular;Bueno;Regular
2025-09-03;11:00;55;56.00;40.42;31.09;Bueno;89.81;Bueno;54;50.25;32.71;65.42;Bueno;138.46;Regular;Bueno;Regular
2025-09-03;12:00;24;56.42;40.42;31.09;Bueno;89.81;Bueno;19;50.88;32.71;65.42;Bueno;138.46;Regular;Bueno;Regular
2025-09-03;13:00;8;56.21;40.42;31.09;Bueno;89.81;Bueno;2;50.46;32.71;65.42;Bueno;138.46;Regular;Bueno;Regular
2025-09-03;14:00;12;56.17;40.42;31.09;Bueno;89.81;Bueno;5;50.17;32.71;65.42;Bueno;138.46;Regular;Bueno;Regular
2025-09-03;15:00;30;56.71;40.42;31.09;Bueno;89.81;Bueno;9;50.08;32.71;65.42;Bueno;138.46;Regular;Bueno;Regular
2025-09-03;16:00;20;57.00;40.42;31.09;Bueno;89.81;Bueno;10;50.17;32.71;65.42;Bueno;138.46;Regular;Bueno;Regular
2025-09-03;17:00;20;56.96;40.42;31.09;Bueno;89.81;Bueno;7;49.62;32.71;65.42;Bueno;138.46;Regular;Bueno;Regular
2025-09-03;18:00;33;56.62;40.42;31.09;Bueno;89.81;Bueno;22;49.21;32.71;65.42;Bueno;138.46;Regular;Bueno;Regular
2025-09-03;19:00;40;56.29;40.42;31.09;Bueno;89.81;Bueno;30;49.00;32.71;65.42;Bueno;138.46;Regular;Bueno;Regular
2025-09-03;20:00;53;55.21;40.42;31.09;Bueno;89.81;Bueno;43;47.75;32.71;65.42;Bueno;138.46;Regular;Bueno;Regular
2025-09-03;21:00;21;51.42;40.42;31.09;Bueno;89.81;Bueno;17;43.96;32.71;65.42;Bueno;138.46;Regular;Bueno;Regular
2025-09-03;22:00;21;45.71;40.42;31.09;Bueno;89.81;Bueno;13;37.96;32.71;65.42;Bueno;138.46;Regular;Bueno;Regular
2025-09-03;23:00;10;40.42;40.42;31.09;Bueno;89.81;Bueno;8;32.71;32.71;65.42;Bueno;138.46;Regular;Bueno;Regular
2025-09-04;00:00;17;38.50;15.79;12.15;Bueno;35.09;Bueno;11;30.62;9.96;19.92;Bueno;66.39;Bueno;Bueno;Bueno
2025-09-04;01:00;13;34.38;15.79;12.15;Bueno;35.09;Bueno;12;26.50;9.96;19.92;Bueno;66.39;Bueno;Bueno;Bueno
2025-09-04;02:00;12;31.62;15.79;12.15;Bueno;35.09;Bueno;11;23.75;9.96;19.92;Bueno;66.39;Bueno;Bueno;Bueno
2025-09-04;03:00;10;30.96;15.79;12.15;Bueno;35.09;Bueno;6;23.04;9.96;19.92;Bueno;66.39;Bueno;Bueno;Bueno
2025-09-04;04:00;6;29.88;15.79;12.15;Bueno;35.09;Bueno;3;21.96;9.96;19.92;Bueno;66.39;Bueno;Bueno;Bueno
2025-09-04;05:00;3;28.79;15.79;12.15;Bueno;35.09;Bueno;2;20.88;9.96;19.92;Bueno;66.39;Bueno;Bueno;Bueno
2025-09-04;06:00;10;27.29;15.79;12.15;Bueno;35.09;Bueno;3;19.54;9.96;19.92;Bueno;66.39;Bueno;Bueno;Bueno
2025-09-04;07:00;15;24.83;15.79;12.15;Bueno;35.09;Bueno;8;17.33;9.96;19.92;Bueno;66.39;Bueno;Bueno;Bueno
2025-09-04;08:00;18;22.71;15.79;12.15;Bueno;35.09;Bueno;7;15.29;9.96;19.92;Bueno;66.39;Bueno;Bueno;Bueno
2025-09-04;09:00;16;21.33;15.79;12.15;Bueno;35.09;Bueno;7;14.04;9.96;19.92;Bueno;66.39;Bueno;Bueno;Bueno
2025-09-04;10:00;17;20.17;15.79;12.15;Bueno;35.09;Bueno;9;13.25;9.96;19.92;Bueno;66.39;Bueno;Bueno;Bueno
2025-09-04;11:00;11;18.33;15.79;12.15;Bueno;35.09;Bueno;7;11.29;9.96;19.92;Bueno;66.39;Bueno;Bueno;Bueno
2025-09-04;12:00;12;17.83;15.79;12.15;Bueno;35.09;Bueno;5;10.71;9.96;19.92;Bueno;66.39;Bueno;Bueno;Bueno
2025-09-04;13:00;13;18.04;15.79;12.15;Bueno;35.09;Bueno;5;10.83;9.96;19.92;Bueno;66.39;Bueno;Bueno;Bueno
2025-09-04;14:00;16;18.21;15.79;12.15;Bueno;35.09;Bueno;9;11.00;9.96;19.92;Bueno;66.39;Bueno;Bueno;Bueno
2025-09-04;15:00;16;17.62;15.79;12.15;Bueno;35.09;Bueno;12;11.12;9.96;19.92;Bueno;66.39;Bueno;Bueno;Bueno
2025-09-04;16:00;14;17.38;15.79;12.15;Bueno;35.09;Bueno;11;11.17;9.96;19.92;Bueno;66.39;Bueno;Bueno;Bueno
2025-09-04;17:00;23;17.50;15.79;12.15;Bueno;35.09;Bueno;11;11.33;9.96;19.92;Bueno;66.39;Bueno;Bueno;Bueno
2025-09-04;18:00;28;17.29;15.79;12.15;Bueno;35.09;Bueno;14;11.00;9.96;19.92;Bueno;66.39;Bueno;Bueno;Bueno
2025-09-04;19:00;29;16.83;15.79;12.15;Bueno;35.09;Bueno;22;10.67;9.96;19.92;Bueno;66.39;Bueno;Bueno;Bueno
2025-09-04;20:00;23;15.58;15.79;12.15;Bueno;35.09;Bueno;18;9.62;9.96;19.92;Bueno;66.39;Bueno;Bueno;Bueno
2025-09-04;21:00;18;15.46;15.79;12.15;Bueno;35.09;Bueno;16;9.58;9.96;19.92;Bueno;66.39;Bueno;Bueno;Bueno
2025-09-04;22:00;21;15.46;15.79;12.15;Bueno;35.09;Bueno;18;9.79;9.96;19.92;Bueno;66.39;Bueno;Bueno;Bueno
2025-09-04;23:00;18;15.79;15.79;12.15;Bueno;35.09;Bueno;12;9.96;9.96;19.92;Bueno;66.39;Bueno;Bueno;Bueno
2025-09-05;00:00;14;15.67;92.79;71.38;Bueno;178.99;Regular;9;9.88;71.46;171.53;Regular;224.19;Alerta;Regular;Alerta
2025-09-05;01:00;12;15.62;92.79;71.38;Bueno;178.99;Regular;9;9.75;71.46;171.53;Regular;224.19;Alerta;Regular;Alerta
2025-09-05;02:00;9;15.50;92.79;71.38;Bueno;178.99;Regular;6;9.54;71.46;171.53;Regular;224.19;Alerta;Regular;Alerta
2025-09-05;03:00;12;15.58;92.79;71.38;Bueno;178.99;Regular;7;9.58;71.46;171.53;Regular;224.19;Alerta;Regular;Alerta
2025-09-05;04:00;13;15.88;92.79;71.38;Bueno;178.99;Regular;12;9.96;71.46;171.53;Regular;224.19;Alerta;Regular;Alerta
2025-09-05;05:00;35;17.21;92.79;71.38;Bueno;178.99;Regular;33;11.25;71.46;171.53;Regular;224.19;Alerta;Regular;Alerta
2025-09-05;06:00;77;20.00;92.79;71.38;Bueno;178.99;Regular;68;13.96;71.46;171.53;Regular;224.19;Alerta;Regular;Alerta
2025-09-05;07:00;142;25.29;92.79;71.38;Bueno;178.99;Regular;107;18.08;71.46;171.53;Regular;224.19;Alerta;Regular;Alerta
2025-09-05;08:00;105;28.92;92.79;71.38;Bueno;178.99;Regular;74;20.88;71.46;171.53;Regular;224.19;Alerta;Regular;Alerta
2025-09-05;09:00;40;29.92;92.79;71.38;Bueno;178.99;Regular;32;21.92;71.46;171.53;Regular;224.19;Alerta;Regular;Alerta
2025-09-05;10:00;56;31.54;92.79;71.38;Bueno;178.99;Regular;39;23.17;71.46;171.53;Regular;224.19;Alerta;Regular;Alerta
2025-09-05;11:00;33;32.46;92.79;71.38;Bueno;178.99;Regular;19;23.67;71.46;171.53;Regular;224.19;Alerta;Regular;Alerta
2025-09-05;12:00;20;32.79;92.79;71.38;Bueno;178.99;Regular;11;23.92;71.46;171.53;Regular;224.19;Alerta;Regular;Alerta
2025-09-05;13:00;36;33.75;92.79;71.38;Bueno;178.99;Regular;12;24.21;71.46;171.53;Regular;224.19;Alerta;Regular;Alerta
2025-09-05;14:00;27;34.21;92.79;71.38;Bueno;178.99;Regular;10;24.25;71.46;171.53;Regular;224.19;Alerta;Regular;Alerta
2025-09-05;15:00;18;34.29;92.79;71.38;Bueno;178.99;Regular;5;23.96;71.46;171.53;Regular;224.19;Alerta;Regular;Alerta
2025-09-05;16:00;30;34.96;92.79;71.38;Bueno;178.99;Regular;9;23.88;71.46;171.53;Regular;224.19;Alerta;Regular;Alerta
2025-09-05;17:00;29;35.21;92.79;71.38;Bueno;178.99;Regular;13;23.96;71.46;171.53;Regular;224.19;Alerta;Regular;Alerta
2025-09-05;18:00;95;38.00;92.79;71.38;Bueno;178.99;Regular;48;25.38;71.46;171.53;Regular;224.19;Alerta;Regular;Alerta
2025-09-05;19:00;234;46.54;92.79;71.38;Bueno;178.99;Regular;144;30.46;71.46;171.53;Regular;224.19;Alerta;Regular;Alerta
2025-09-05;20:00;298;58.00;92.79;71.38;Bueno;178.99;Regular;248;40.04;71.46;171.53;Regular;224.19;Alerta;Regular;Alerta
2025-09-05;21:00;340;71.42;92.79;71.38;Bueno;178.99;Regular;275;50.83;71.46;171.53;Regular;224.19;Alerta;Regular;Alerta
2025-09-05;22:00;261;81.42;92.79;71.38;Bueno;178.99;Regular;235;59.88;71.46;171.53;Regular;224.19;Alerta;Regular;Alerta
2025-09-05;23:00;291;92.79;92.79;71.38;Bueno;178.99;Regular;290;71.46;71.46;171.53;Regular;224.19;Alerta;Regular;Alerta
2025-09-06;00:00;299;104.67;50.83;39.10;Bueno;109.56;Regular;285;82.96;45.96;91.92;Bueno;167.53;Regular;Bueno;Regular
2025-09-06;01:00;149;110.38;50.83;39.10;Bueno;109.56;Regular;144;88.58;45.96;91.92;Bueno;167.53;Regular;Bueno;Regular
2025-09-06;02:00;44;111.83;50.83;39.10;Bueno;109.56;Regular;39;89.96;45.96;91.92;Bueno;167.53;Regular;Bueno;Regular
2025-09-06;03:00;43;113.12;50.83;39.10;Bueno;109.56;Regular;42;91.42;45.96;91.92;Bueno;167.53;Regular;Bueno;Regular
2025-09-06;04:00;25;113.62;50.83;39.10;Bueno;109.56;Regular;23;91.88;45.96;91.92;Bueno;167.53;Regular;Bueno;Regular
2025-09-06;05:00;34;113.58;50.83;39.10;Bueno;109.56;Regular;33;91.88;45.96;91.92;Bueno;167.53;Regular;Bueno;Regular
2025-09-06;06:00;15;111.00;50.83;39.10;Bueno;109.56;Regular;12;89.54;45.96;91.92;Bueno;167.53;Regular;Bueno;Regular
2025-09-06;07:00;18;105.83;50.83;39.10;Bueno;109.56;Regular;15;85.71;45.96;91.92;Bueno;167.53;Regular;Bueno;Regular
2025-09-06;08:00;18;102.21;50.83;39.10;Bueno;109.56;Regular;17;83.33;45.96;91.92;Bueno;167.53;Regular;Bueno;Regular
2025-09-06;09:00;15;101.17;50.83;39.10;Bueno;109.56;Regular;13;82.54;45.96;91.92;Bueno;167.53;Regular;Bueno;Regular
2025-09-06;10:00;19;99.62;50.83;39.10;Bueno;109.56;Regular;16;81.58;45.96;91.92;Bueno;167.53;Regular;Bueno;Regular
2025-09-06;11:00;31;99.54;50.83;39.10;Bueno;109.56;Regular;22;81.71;45.96;91.92;Bueno;167.53;Regular;Bueno;Regular
2025-09-06;12:00;27;99.83;50.83;39.10;Bueno;109.56;Regular;24;82.25;45.96;91.92;Bueno;167.53;Regular;Bueno;Regular
2025-09-06;13:00;22;99.25;50.83;39.10;Bueno;109.56;Regular;21;82.62;45.96;91.92;Bueno;167.53;Regular;Bueno;Regular
2025-09-06;14:00;30;99.38;50.83;39.10;Bueno;109.56;Regular;25;83.25;45.96;91.92;Bueno;167.53;Regular;Bueno;Regular
2025-09-06;15:00;36;100.12;50.83;39.10;Bueno;109.56;Regular;28;84.21;45.96;91.92;Bueno;167.53;Regular;Bueno;Regular
2025-09-06;16:00;31;100.17;50.83;39.10;Bueno;109.56;Regular;25;84.88;45.96;91.92;Bueno;167.53;Regular;Bueno;Regular
2025-09-06;17:00;41;100.67;50.83;39.10;Bueno;109.56;Regular;27;85.46;45.96;91.92;Bueno;167.53;Regular;Bueno;Regular
2025-09-06;18:00;32;98.04;50.83;39.10;Bueno;109.56;Regular;27;84.58;45.96;91.92;Bueno;167.53;Regular;Bueno;Regular
2025-09-06;19:00;48;90.29;50.83;39.10;Bueno;109.56;Regular;43;80.38;45.96;91.92;Bueno;167.53;Regular;Bueno;Regular
2025-09-06;20:00;42;79.62;50.83;39.10;Bueno;109.56;Regular;38;71.62;45.96;91.92;Bueno;167.53;Regular;Bueno;Regular
2025-09-06;21:00;58;67.88;50.83;39.10;Bueno;109.56;Regular;52;62.33;45.96;91.92;Bueno;167.53;Regular;Bueno;Regular
2025-09-06;22:00;77;60.21;50.83;39.10;Bueno;109.56;Regular;67;55.33;45.96;91.92;Bueno;167.53;Regular;Bueno;Regular
2025-09-06;23:00;66;50.83;50.83;39.10;Bueno;109.56;Regular;65;45.96;45.96;91.92;Bueno;167.53;Regular;Bueno;Regular
2025-09-07;00:00;54;40.62;24.12;18.56;Bueno;53.61;Bueno;49;36.12;18.33;36.67;Bueno;107.21;Regular;Bueno;Regular
2025-09-07;01:00;53;36.62;24.12;18.56;Bueno;53.61;Bueno;49;32.17;18.33;36.67;Bueno;107.21;Regular;Bueno;Regular
2025-09-07;02:00;38;36.38;24.12;18.56;Bueno;53.61;Bueno;29;31.75;18.33;36.67;Bueno;107.21;Regular;Bueno;Regular
2025-09-07;03:00;26;35.67;24.12;18.56;Bueno;53.61;Bueno;18;30.75;18.33;36.67;Bueno;107.21;Regular;Bueno;Regular
2025-09-07;04:00;25;35.67;24.12;18.56;Bueno;53.61;Bueno;19;30.58;18.33;36.67;Bueno;107.21;Regular;Bueno;Regular
2025-09-07;05:00;23;35.21;24.12;18.56;Bueno;53.61;Bueno;13;29.75;18.33;36.67;Bueno;107.21;Regular;Bueno;Regular
2025-09-07;06:00;19;35.38;24.12;18.56;Bueno;53.61;Bueno;13;29.79;18.33;36.67;Bueno;107.21;Regular;Bueno;Regular
2025-09-07;07:00;14;35.21;24.12;18.56;Bueno;53.61;Bueno;11;29.62;18.33;36.67;Bueno;107.21;Regular;Bueno;Regular
2025-09-07;08:00;23;35.42;24.12;18.56;Bueno;53.61;Bueno;13;29.46;18.33;36.67;Bueno;107.21;Regular;Bueno;Regular
2025-09-07;09:00;15;35.42;24.12;18.56;Bueno;53.61;Bueno;8;29.25;18.33;36.67;Bueno;107.21;Regular;Bueno;Regular
2025-09-07;10:00;13;35.17;24.12;18.56;Bueno;53.61;Bueno;9;28.96;18.33;36.67;Bueno;107.21;Regular;Bueno;Regular
2025-09-07;11:00;15;34.50;24.12;18.56;Bueno;53.61;Bueno;10;28.46;18.33;36.67;Bueno;107.21;Regular;Bueno;Regular
2025-09-07;12:00;19;34.17;24.12;18.56;Bueno;53.61;Bueno;9;27.83;18.33;36.67;Bueno;107.21;Regular;Bueno;Regular
2025-09-07;13:00;19;34.04;24.12;18.56;Bueno;53.61;Bueno;7;27.25;18.33;36.67;Bueno;107.21;Regular;Bueno;Regular
2025-09-07;14:00;23;33.75;24.12;18.56;Bueno;53.61;Bueno;14;26.79;18.33;36.67;Bueno;107.21;Regular;Bueno;Regular
2025-09-07;15:00;25;33.29;24.12;18.56;Bueno;53.61;Bueno;18;26.38;18.33;36.67;Bueno;107.21;Regular;Bueno;Regular
2025-09-07;16:00;24;33.00;24.12;18.56;Bueno;53.61;Bueno;20;26.17;18.33;36.67;Bueno;107.21;Regular;Bueno;Regular
2025-09-07;17:00;41;33.00;24.12;18.56;Bueno;53.61;Bueno;30;26.29;18.33;36.67;Bueno;107.21;Regular;Bueno;Regular
2025-09-07;18:00;17;32.38;24.12;18.56;Bueno;53.61;Bueno;15;25.79;18.33;36.67;Bueno;107.21;Regular;Bueno;Regular
2025-09-07;19:00;17;31.08;24.12;18.56;Bueno;53.61;Bueno;14;24.58;18.33;36.67;Bueno;107.21;Regular;Bueno;Regular
2025-09-07;20:00;20;30.17;24.12;18.56;Bueno;53.61;Bueno;19;23.79;18.33;36.67;Bueno;107.21;Regular;Bueno;Regular
2025-09-07;21:00;21;28.62;24.12;18.56;Bueno;53.61;Bueno;20;22.46;18.33;36.67;Bueno;107.21;Regular;Bueno;Regular
2025-09-07;22:00;18;26.17;24.12;18.56;Bueno;53.61;Bueno;17;20.38;18.33;36.67;Bueno;107.21;Regular;Bueno;Regular
2025-09-07;23:00;17;24.12;24.12;18.56;Bueno;53.61;Bueno;16;18.33;18.33;36.67;Bueno;107.21;Regular;Bueno;Regular
2025-09-08;00:00;12;22.38;14.67;11.28;Bueno;32.59;Bueno;11;16.75;9.96;19.92;Bueno;66.39;Bueno;Bueno;Bueno
2025-09-08;01:00;13;20.71;14.67;11.28;Bueno;32.59;Bueno;6;14.96;9.96;19.92;Bueno;66.39;Bueno;Bueno;Bueno
2025-09-08;02:00;10;19.54;14.67;11.28;Bueno;32.59;Bueno;4;13.92;9.96;19.92;Bueno;66.39;Bueno;Bueno;Bueno
2025-09-08;03:00;8;18.79;14.67;11.28;Bueno;32.59;Bueno;3;13.29;9.96;19.92;Bueno;66.39;Bueno;Bueno;Bueno
2025-09-08;04:00;4;17.92;14.67;11.28;Bueno;32.59;Bueno;3;12.62;9.96;19.92;Bueno;66.39;Bueno;Bueno;Bueno
2025-09-08;05:00;4;17.12;14.67;11.28;Bueno;32.59;Bueno;2;12.17;9.96;19.92;Bueno;66.39;Bueno;Bueno;Bueno
2025-09-08;06:00;9;16.71;14.67;11.28;Bueno;32.59;Bueno;7;11.92;9.96;19.92;Bueno;66.39;Bueno;Bueno;Bueno
2025-09-08;07:00;36;17.62;14.67;11.28;Bueno;32.59;Bueno;35;12.92;9.96;19.92;Bueno;66.39;Bueno;Bueno;Bueno
2025-09-08;08:00;10;17.08;14.67;11.28;Bueno;32.59;Bueno;3;12.50;9.96;19.92;Bueno;66.39;Bueno;Bueno;Bueno
2025-09-08;09:00;15;17.08;14.67;11.28;Bueno;32.59;Bueno;10;12.58;9.96;19.92;Bueno;66.39;Bueno;Bueno;Bueno
2025-09-08;10:00;9;16.92;14.67;11.28;Bueno;32.59;Bueno;8;12.54;9.96;19.92;Bueno;66.39;Bueno;Bueno;Bueno
2025-09-08;11:00;11;16.75;14.67;11.28;Bueno;32.59;Bueno;10;12.54;9.96;19.92;Bueno;66.39;Bueno;Bueno;Bueno
2025-09-08;12:00;9;16.33;14.67;11.28;Bueno;32.59;Bueno;5;12.38;9.96;19.92;Bueno;66.39;Bueno;Bueno;Bueno
2025-09-08;13:00;12;16.04;14.67;11.28;Bueno;32.59;Bueno;4;12.25;9.96;19.92;Bueno;66.39;Bueno;Bueno;Bueno
2025-09-08;14:00;17;15.79;14.67;11.28;Bueno;32.59;Bueno;4;11.83;9.96;19.92;Bueno;66.39;Bueno;Bueno;Bueno
2025-09-08;15:00;15;15.38;14.67;11.28;Bueno;32.59;Bueno;8;11.42;9.96;19.92;Bueno;66.39;Bueno;Bueno;Bueno
2025-09-08;16:00;18;15.12;14.67;11.28;Bueno;32.59;Bueno;8;10.92;9.96;19.92;Bueno;66.39;Bueno;Bueno;Bueno
2025-09-08;17:00;22;14.33;14.67;11.28;Bueno;32.59;Bueno;16;10.33;9.96;19.92;Bueno;66.39;Bueno;Bueno;Bueno
2025-09-08;18:00;28;14.79;14.67;11.28;Bueno;32.59;Bueno;20;10.54;9.96;19.92;Bueno;66.39;Bueno;Bueno;Bueno
2025-09-08;19:00;19;14.88;14.67;11.28;Bueno;32.59;Bueno;16;10.62;9.96;19.92;Bueno;66.39;Bueno;Bueno;Bueno
2025-09-08;20:00;25;15.08;14.67;11.28;Bueno;32.59;Bueno;21;10.71;9.96;19.92;Bueno;66.39;Bueno;Bueno;Bueno
2025-09-08;21:00;20;15.04;14.67;11.28;Bueno;32.59;Bueno;16;10.54;9.96;19.92;Bueno;66.39;Bueno;Bueno;Bueno
2025-09-08;22:00;18;15.04;14.67;11.28;Bueno;32.59;Bueno;12;10.33;9.96;19.92;Bueno;66.39;Bueno;Bueno;Bueno
2025-09-08;23:00;8;14.67;14.67;11.28;Bueno;32.59;Bueno;7;9.96;9.96;19.92;Bueno;66.39;Bueno;Bueno;Bueno
2025-09-09;00:00;8;14.50;10.92;8.40;Bueno;24.26;Bueno;7;9.79;6.04;12.08;Bueno;40.28;Bueno;Bueno;Bueno
2025-09-09;01:00;7;14.25;10.92;8.40;Bueno;24.26;Bueno;6;9.79;6.04;12.08;Bueno;40.28;Bueno;Bueno;Bueno
2025-09-09;02:00;8;14.17;10.92;8.40;Bueno;24.26;Bueno;4;9.79;6.04;12.08;Bueno;40.28;Bueno;Bueno;Bueno
2025-09-09;03:00;7;14.12;10.92;8.40;Bueno;24.26;Bueno;4;9.83;6.04;12.08;Bueno;40.28;Bueno;Bueno;Bueno
2025-09-09;04:00;4;14.12;10.92;8.40;Bueno;24.26;Bueno;3;9.83;6.04;12.08;Bueno;40.28;Bueno;Bueno;Bueno
2025-09-09;05:00;5;14.17;10.92;8.40;Bueno;24.26;Bueno;4;9.92;6.04;12.08;Bueno;40.28;Bueno;Bueno;Bueno
2025-09-09;06:00;10;14.21;10.92;8.40;Bueno;24.26;Bueno;6;9.88;6.04;12.08;Bueno;40.28;Bueno;Bueno;Bueno
2025-09-09;07:00;12;13.21;10.92;8.40;Bueno;24.26;Bueno;5;8.62;6.04;12.08;Bueno;40.28;Bueno;Bueno;Bueno
2025-09-09;08:00;19;13.58;10.92;8.40;Bueno;24.26;Bueno;4;8.67;6.04;12.08;Bueno;40.28;Bueno;Bueno;Bueno
2025-09-09;09:00;16;13.62;10.92;8.40;Bueno;24.26;Bueno;5;8.46;6.04;12.08;Bueno;40.28;Bueno;Bueno;Bueno
2025-09-09;10:00;15;13.88;10.92;8.40;Bueno;24.26;Bueno;5;8.33;6.04;12.08;Bueno;40.28;Bueno;Bueno;Bueno
2025-09-09;11:00;18;14.17;10.92;8.40;Bueno;24.26;Bueno;5;8.12;6.04;12.08;Bueno;40.28;Bueno;Bueno;Bueno
2025-09-09;12:00;18;14.54;10.92;8.40;Bueno;24.26;Bueno;3;8.04;6.04;12.08;Bueno;40.28;Bueno;Bueno;Bueno
2025-09-09;13:00;12;14.54;10.92;8.40;Bueno;24.26;Bueno;4;8.04;6.04;12.08;Bueno;40.28;Bueno;Bueno;Bueno
2025-09-09;14:00;8;14.17;10.92;8.40;Bueno;24.26;Bueno;6;8.12;6.04;12.08;Bueno;40.28;Bueno;Bueno;Bueno
2025-09-09;15:00;12;14.04;10.92;8.40;Bueno;24.26;Bueno;11;8.25;6.04;12.08;Bueno;40.28;Bueno;Bueno;Bueno
2025-09-09;16:00;11;13.75;10.92;8.40;Bueno;24.26;Bueno;10;8.33;6.04;12.08;Bueno;40.28;Bueno;Bueno;Bueno
2025-09-09;17:00;11;13.29;10.92;8.40;Bueno;24.26;Bueno;10;8.08;6.04;12.08;Bueno;40.28;Bueno;Bueno;Bueno
2025-09-09;18:00;13;12.67;10.92;8.40;Bueno;24.26;Bueno;12;7.75;6.04;12.08;Bueno;40.28;Bueno;Bueno;Bueno
2025-09-09;19:00;14;12.46;10.92;8.40;Bueno;24.26;Bueno;12;7.58;6.04;12.08;Bueno;40.28;Bueno;Bueno;Bueno
2025-09-09;20:00;13;11.96;10.92;8.40;Bueno;24.26;Bueno;9;7.08;6.04;12.08;Bueno;40.28;Bueno;Bueno;Bueno
2025-09-09;21:00;7;11.42;10.92;8.40;Bueno;24.26;Bueno;5;6.62;6.04;12.08;Bueno;40.28;Bueno;Bueno;Bueno
2025-09-09;22:00;5;10.88;10.92;8.40;Bueno;24.26;Bueno;3;6.25;6.04;12.08;Bueno;40.28;Bueno;Bueno;Bueno
2025-09-09;23:00;9;10.92;10.92;8.40;Bueno;24.26;Bueno;2;6.04;6.04;12.08;Bueno;40.28;Bueno;Bueno;Bueno
2025-09-10;00:00;18;11.33;31.71;24.39;Bueno;70.46;Bueno;8;6.08;16.96;33.92;Bueno;104.23;Regular;Bueno;Regular
2025-09-10;01:00;20;11.88;31.71;24.39;Bueno;70.46;Bueno;6;6.08;16.96;33.92;Bueno;104.23;Regular;Bueno;Regular
2025-09-10;02:00;21;12.42;31.71;24.39;Bueno;70.46;Bueno;7;6.21;16.96;33.92;Bueno;104.23;Regular;Bueno;Regular
2025-09-10;03:00;18;12.88;31.71;24.39;Bueno;70.46;Bueno;11;6.50;16.96;33.92;Bueno;104.23;Regular;Bueno;Regular
2025-09-10;04:00;15;13.33;31.71;24.39;Bueno;70.46;Bueno;7;6.67;16.96;33.92;Bueno;104.23;Regular;Bueno;Regular
2025-09-10;05:00;21;14.00;31.71;24.39;Bueno;70.46;Bueno;6;6.75;16.96;33.92;Bueno;104.23;Regular;Bueno;Regular
2025-09-10;06:00;25;14.62;31.71;24.39;Bueno;70.46;Bueno;13;7.04;16.96;33.92;Bueno;104.23;Regular;Bueno;Regular
2025-09-10;07:00;29;15.33;31.71;24.39;Bueno;70.46;Bueno;15;7.46;16.96;33.92;Bueno;104.23;Regular;Bueno;Regular
2025-09-10;08:00;23;15.50;31.71;24.39;Bueno;70.46;Bueno;17;8.00;16.96;33.92;Bueno;104.23;Regular;Bueno;Regular
2025-09-10;09:00;27;15.96;31.71;24.39;Bueno;70.46;Bueno;10;8.21;16.96;33.92;Bueno;104.23;Regular;Bueno;Regular
2025-09-10;10:00;22;16.25;31.71;24.39;Bueno;70.46;Bueno;10;8.42;16.96;33.92;Bueno;104.23;Regular;Bueno;Regular
2025-09-10;11:00;24;16.50;31.71;24.39;Bueno;70.46;Bueno;8;8.54;16.96;33.92;Bueno;104.23;Regular;Bueno;Regular
2025-09-10;12:00;19;16.54;31.71;24.39;Bueno;70.46;Bueno;9;8.79;16.96;33.92;Bueno;104.23;Regular;Bueno;Regular
2025-09-10;13:00;12;16.54;31.71;24.39;Bueno;70.46;Bueno;6;8.88;16.96;33.92;Bueno;104.23;Regular;Bueno;Regular
2025-09-10;14:00;14;16.79;31.71;24.39;Bueno;70.46;Bueno;7;8.92;16.96;33.92;Bueno;104.23;Regular;Bueno;Regular
2025-09-10;15:00;16;16.96;31.71;24.39;Bueno;70.46;Bueno;7;8.75;16.96;33.92;Bueno;104.23;Regular;Bueno;Regular
2025-09-10;16:00;17;17.21;31.71;24.39;Bueno;70.46;Bueno;6;8.58;16.96;33.92;Bueno;104.23;Regular;Bueno;Regular
2025-09-10;17:00;26;17.83;31.71;24.39;Bueno;70.46;Bueno;6;8.42;16.96;33.92;Bueno;104.23;Regular;Bueno;Regular
2025-09-10;18:00;69;20.17;31.71;24.39;Bueno;70.46;Bueno;37;9.46;16.96;33.92;Bueno;104.23;Regular;Bueno;Regular
2025-09-10;19:00;118;24.50;31.71;24.39;Bueno;70.46;Bueno;75;12.08;16.96;33.92;Bueno;104.23;Regular;Bueno;Regular
2025-09-10;20:00;100;28.12;31.71;24.39;Bueno;70.46;Bueno;66;14.46;16.96;33.92;Bueno;104.23;Regular;Bueno;Regular
2025-09-10;21:00;55;30.12;31.71;24.39;Bueno;70.46;Bueno;40;15.92;16.96;33.92;Bueno;104.23;Regular;Bueno;Regular
2025-09-10;22:00;29;31.12;31.71;24.39;Bueno;70.46;Bueno;17;16.50;16.96;33.92;Bueno;104.23;Regular;Bueno;Regular
2025-09-10;23:00;23;31.71;31.71;24.39;Bueno;70.46;Bueno;13;16.96;16.96;33.92;Bueno;104.23;Regular;Bueno;Regular
2025-09-11;00:00;21;31.83;73.79;56.76;Bueno;147.40;Regular;13;17.17;49.54;99.08;Bueno;175.44;Regular;Bueno;Regular
2025-09-11;01:00;21;31.88;73.79;56.76;Bueno;147.40;Regular;11;17.38;49.54;99.08;Bueno;175.44;Regular;Bueno;Regular
2025-09-11;02:00;14;31.58;73.79;56.76;Bueno;147.40;Regular;7;17.38;49.54;99.08;Bueno;175.44;Regular;Bueno;Regular
2025-09-11;03:00;14;31.42;73.79;56.76;Bueno;147.40;Regular;4;17.08;49.54;99.08;Bueno;175.44;Regular;Bueno;Regular
2025-09-11;04:00;13;31.33;73.79;56.76;Bueno;147.40;Regular;6;17.04;49.54;99.08;Bueno;175.44;Regular;Bueno;Regular
2025-09-11;05:00;15;31.08;73.79;56.76;Bueno;147.40;Regular;10;17.21;49.54;99.08;Bueno;175.44;Regular;Bueno;Regular
2025-09-11;06:00;50;32.12;73.79;56.76;Bueno;147.40;Regular;18;17.42;49.54;99.08;Bueno;175.44;Regular;Bueno;Regular
2025-09-11;07:00;66;33.67;73.79;56.76;Bueno;147.40;Regular;29;18.00;49.54;99.08;Bueno;175.44;Regular;Bueno;Regular
2025-09-11;08:00;41;34.42;73.79;56.76;Bueno;147.40;Regular;19;18.08;49.54;99.08;Bueno;175.44;Regular;Bueno;Regular
2025-09-11;09:00;27;34.42;73.79;56.76;Bueno;147.40;Regular;10;18.08;49.54;99.08;Bueno;175.44;Regular;Bueno;Regular
2025-09-11;10:00;29;34.71;73.79;56.76;Bueno;147.40;Regular;17;18.38;49.54;99.08;Bueno;175.44;Regular;Bueno;Regular
2025-09-11;11:00;21;34.58;73.79;56.76;Bueno;147.40;Regular;13;18.58;49.54;99.08;Bueno;175.44;Regular;Bueno;Regular
2025-09-11;12:00;23;34.75;73.79;56.76;Bueno;147.40;Regular;9;18.58;49.54;99.08;Bueno;175.44;Regular;Bueno;Regular
2025-09-11;13:00;14;34.83;73.79;56.76;Bueno;147.40;Regular;7;18.62;49.54;99.08;Bueno;175.44;Regular;Bueno;Regular
2025-09-11;14:00;19;35.04;73.79;56.76;Bueno;147.40;Regular;5;18.54;49.54;99.08;Bueno;175.44;Regular;Bueno;Regular
2025-09-11;15:00;21;35.25;73.79;56.76;Bueno;147.40;Regular;9;18.62;49.54;99.08;Bueno;175.44;Regular;Bueno;Regular
2025-09-11;16:00;24;35.54;73.79;56.76;Bueno;147.40;Regular;8;18.71;49.54;99.08;Bueno;175.44;Regular;Bueno;Regular
2025-09-11;17:00;24;35.46;73.79;56.76;Bueno;147.40;Regular;7;18.75;49.54;99.08;Bueno;175.44;Regular;Bueno;Regular
2025-09-11;18:00;53;34.79;73.79;56.76;Bueno;147.40;Regular;25;18.25;49.54;99.08;Bueno;175.44;Regular;Bueno;Regular
2025-09-11;19:00;98;33.96;73.79;56.76;Bueno;147.40;Regular;56;17.46;49.54;99.08;Bueno;175.44;Regular;Bueno;Regular
2025-09-11;20:00;168;36.79;73.79;56.76;Bueno;147.40;Regular;121;19.75;49.54;99.08;Bueno;175.44;Regular;Bueno;Regular
2025-09-11;21:00;305;47.21;73.79;56.76;Bueno;147.40;Regular;223;27.38;49.54;99.08;Bueno;175.44;Regular;Bueno;Regular
2025-09-11;22:00;340;60.17;73.79;56.76;Bueno;147.40;Regular;268;37.83;49.54;99.08;Bueno;175.44;Regular;Bueno;Regular
2025-09-11;23:00;350;73.79;73.79;56.76;Bueno;147.40;Regular;294;49.54;49.54;99.08;Bueno;175.44;Regular;Bueno;Regular
2025-09-12;00:00;245;83.12;62.58;48.14;Bueno;128.88;Regular;220;58.17;44.26;88.52;Bueno;163.80;Regular;Bueno;Regular
2025-09-12;01:00;121;87.29;62.58;48.14;Bueno;128.88;Regular;108;62.21;44.26;88.52;Bueno;163.80;Regular;Bueno;Regular
2025-09-12;02:00;44;88.54;62.58;48.14;Bueno;128.88;Regular;30;63.17;44.26;88.52;Bueno;163.80;Regular;Bueno;Regular
2025-09-12;03:00;57;90.33;62.58;48.14;Bueno;128.88;Regular;43;64.79;44.26;88.52;Bueno;163.80;Regular;Bueno;Regular
2025-09-12;04:00;78;93.04;62.58;48.14;Bueno;128.88;Regular;65;67.25;44.26;88.52;Bueno;163.80;Regular;Bueno;Regular
2025-09-12;05:00;90;96.17;62.58;48.14;Bueno;128.88;Regular;70;69.75;44.26;88.52;Bueno;163.80;Regular;Bueno;Regular
2025-09-12;06:00;103;98.38;62.58;48.14;Bueno;128.88;Regular;53;71.21;44.26;88.52;Bueno;163.80;Regular;Bueno;Regular
2025-09-12;07:00;105;100.00;62.58;48.14;Bueno;128.88;Regular;53;72.21;44.26;88.52;Bueno;163.80;Regular;Bueno;Regular
2025-09-12;08:00;92;102.12;62.58;48.14;Bueno;128.88;Regular;66;74.17;44.26;88.52;Bueno;163.80;Regular;Bueno;Regular
2025-09-12;09:00;66;103.75;62.58;48.14;Bueno;128.88;Regular;48;75.75;44.26;88.52;Bueno;163.80;Regular;Bueno;Regular
2025-09-12;10:00;53;104.75;62.58;48.14;Bueno;128.88;Regular;38;76.62;44.26;88.52;Bueno;163.80;Regular;Bueno;Regular
2025-09-12;11:00;38;105.46;62.58;48.14;Bueno;128.88;Regular;23;77.04;44.26;88.52;Bueno;163.80;Regular;Bueno;Regular
2025-09-12;12:00;22;105.42;62.58;48.14;Bueno;128.88;Regular;16;77.33;44.26;88.52;Bueno;163.80;Regular;Bueno;Regular
2025-09-12;13:00;18;105.58;62.58;48.14;Bueno;128.88;Regular;13;77.58;44.26;88.52;Bueno;163.80;Regular;Bueno;Regular
2025-09-12;14:00;37;106.33;62.58;48.14;Bueno;128.88;Regular;15;78.00;44.26;88.52;Bueno;163.80;Regular;Bueno;Regular
2025-09-12;15:00;24;106.46;62.58;48.14;Bueno;128.88;Regular;11;78.08;44.26;88.52;Bueno;163.80;Regular;Bueno;Regular
2025-09-12;16:00;35;106.92;62.58;48.14;Bueno;128.88;Regular;14;78.33;44.26;88.52;Bueno;163.80;Regular;Bueno;Regular
2025-09-12;17:00;61;108.46;62.58;48.14;Bueno;128.88;Regular;24;79.04;44.26;88.52;Bueno;163.80;Regular;Bueno;Regular
2025-09-12;18:00;53;108.46;62.58;48.14;Bueno;128.88;Regular;25;79.04;44.26;88.52;Bueno;163.80;Regular;Bueno;Regular
2025-09-12;19:00;57;106.75;62.58;48.14;Bueno;128.88;Regular;30;77.96;44.26;88.52;Bueno;163.80;Regular;Bueno;Regular
2025-09-12;20:00;26;100.83;62.58;48.14;Bueno;128.88;Regular;16;73.58;44.26;88.52;Bueno;163.80;Regular;Bueno;Regular
2025-09-12;21:00;37;89.67;62.58;48.14;Bueno;128.88;Regular;22;65.21;44.26;88.52;Bueno;163.80;Regular;Bueno;Regular
2025-09-12;22:00;24;76.50;62.58;48.14;Bueno;128.88;Regular;15;54.67;44.26;88.52;Bueno;163.80;Regular;Bueno;Regular
2025-09-12;23:00;16;62.58;62.58;48.14;Bueno;128.88;Regular;;44.26;44.26;88.52;Bueno;163.80;Regular;Bueno;Regular
2025-09-13;00:00;18;53.12;42.83;32.95;Bueno;95.19;Bueno;9;35.09;30.88;61.75;Bueno;134.46;Regular;Bueno;Regular
2025-09-13;01:00;12;48.58;42.83;32.95;Bueno;95.19;Bueno;8;30.74;30.88;61.75;Bueno;134.46;Regular;Bueno;Regular
2025-09-13;02:00;9;47.12;42.83;32.95;Bueno;95.19;Bueno;8;29.78;30.88;61.75;Bueno;134.46;Regular;Bueno;Regular
2025-09-13;03:00;5;44.96;42.83;32.95;Bueno;95.19;Bueno;4;28.09;30.88;61.75;Bueno;134.46;Regular;Bueno;Regular
2025-09-13;04:00;3;41.83;42.83;32.95;Bueno;95.19;Bueno;2;25.35;30.88;61.75;Bueno;134.46;Regular;Bueno;Regular
2025-09-13;05:00;14;38.67;42.83;32.95;Bueno;95.19;Bueno;6;22.57;30.88;61.75;Bueno;134.46;Regular;Bueno;Regular
2025-09-13;06:00;8;34.71;42.83;32.95;Bueno;95.19;Bueno;5;20.48;30.88;61.75;Bueno;134.46;Regular;Bueno;Regular
2025-09-13;07:00;7;30.62;42.83;32.95;Bueno;95.19;Bueno;4;18.35;30.88;61.75;Bueno;134.46;Regular;Bueno;Regular
2025-09-13;08:00;5;27.00;42.83;32.95;Bueno;95.19;Bueno;2;15.57;30.88;61.75;Bueno;134.46;Regular;Bueno;Regular
2025-09-13;09:00;6;24.50;42.83;32.95;Bueno;95.19;Bueno;5;13.70;30.88;61.75;Bueno;134.46;Regular;Bueno;Regular
2025-09-13;10:00;10;22.71;42.83;32.95;Bueno;95.19;Bueno;5;12.26;30.88;61.75;Bueno;134.46;Regular;Bueno;Regular
2025-09-13;11:00;7;21.42;42.83;32.95;Bueno;95.19;Bueno;5;11.48;30.88;61.75;Bueno;134.46;Regular;Bueno;Regular
2025-09-13;12:00;6;20.75;42.83;32.95;Bueno;95.19;Bueno;4;10.96;30.88;61.75;Bueno;134.46;Regular;Bueno;Regular
2025-09-13;13:00;12;20.50;42.83;32.95;Bueno;95.19;Bueno;3;10.52;30.88;61.75;Bueno;134.46;Regular;Bueno;Regular
2025-09-13;14:00;10;19.38;42.83;32.95;Bueno;95.19;Bueno;4;10.04;30.88;61.75;Bueno;134.46;Regular;Bueno;Regular
2025-09-13;15:00;9;18.75;42.83;32.95;Bueno;95.19;Bueno;6;9.83;30.88;61.75;Bueno;134.46;Regular;Bueno;Regular
2025-09-13;16:00;9;17.67;42.83;32.95;Bueno;95.19;Bueno;8;9.57;30.88;61.75;Bueno;134.46;Regular;Bueno;Regular
2025-09-13;17:00;29;16.33;42.83;32.95;Bueno;95.19;Bueno;8;8.87;30.88;61.75;Bueno;134.46;Regular;Bueno;Regular
2025-09-13;18:00;62;16.71;42.83;32.95;Bueno;95.19;Bueno;46;9.78;30.88;61.75;Bueno;134.46;Regular;Bueno;Regular
2025-09-13;19:00;105;18.71;42.83;32.95;Bueno;95.19;Bueno;84;12.13;30.88;61.75;Bueno;134.46;Regular;Bueno;Regular
2025-09-13;20:00;167;24.58;42.83;32.95;Bueno;95.19;Bueno;142;17.61;30.88;61.75;Bueno;134.46;Regular;Bueno;Regular
2025-09-13;21:00;221;32.25;42.83;32.95;Bueno;95.19;Bueno;142;22.83;30.88;61.75;Bueno;134.46;Regular;Bueno;Regular
2025-09-13;22:00;121;36.29;42.83;32.95;Bueno;95.19;Bueno;77;25.52;30.88;61.75;Bueno;134.46;Regular;Bueno;Regular
2025-09-13;23:00;173;42.83;42.83;32.95;Bueno;95.19;Bueno;154;30.88;30.88;61.75;Bueno;134.46;Regular;Bueno;Regular
2025-09-14;00:00;43;43.88;27.52;21.17;Bueno;61.16;Bueno;35;31.96;16.39;32.78;Bueno;103.01;Regular;Bueno;Regular
2025-09-14;01:00;37;44.92;27.52;21.17;Bueno;61.16;Bueno;36;33.12;16.39;32.78;Bueno;103.01;Regular;Bueno;Regular
2025-09-14;02:00;24;45.54;27.52;21.17;Bueno;61.16;Bueno;19;33.58;16.39;32.78;Bueno;103.01;Regular;Bueno;Regular
2025-09-14;03:00;17;46.04;27.52;21.17;Bueno;61.16;Bueno;8;33.75;16.39;32.78;Bueno;103.01;Regular;Bueno;Regular
2025-09-14;04:00;17;46.62;27.52;21.17;Bueno;61.16;Bueno;13;34.21;16.39;32.78;Bueno;103.01;Regular;Bueno;Regular
2025-09-14;05:00;17;46.75;27.52;21.17;Bueno;61.16;Bueno;9;34.33;16.39;32.78;Bueno;103.01;Regular;Bueno;Regular
2025-09-14;06:00;26;47.50;27.52;21.17;Bueno;61.16;Bueno;12;34.62;16.39;32.78;Bueno;103.01;Regular;Bueno;Regular
2025-09-14;07:00;21;48.08;27.52;21.17;Bueno;61.16;Bueno;15;35.08;16.39;32.78;Bueno;103.01;Regular;Bueno;Regular
2025-09-14;08:00;19;48.67;27.52;21.17;Bueno;61.16;Bueno;10;35.42;16.39;32.78;Bueno;103.01;Regular;Bueno;Regular
2025-09-14;09:00;16;49.08;27.52;21.17;Bueno;61.16;Bueno;9;35.58;16.39;32.78;Bueno;103.01;Regular;Bueno;Regular
2025-09-14;10:00;17;49.38;27.52;21.17;Bueno;61.16;Bueno;7;35.67;16.39;32.78;Bueno;103.01;Regular;Bueno;Regular
2025-09-14;11:00;18;49.83;27.52;21.17;Bueno;61.16;Bueno;7;35.75;16.39;32.78;Bueno;103.01;Regular;Bueno;Regular
2025-09-14;12:00;18;50.33;27.52;21.17;Bueno;61.16;Bueno;5;35.79;16.39;32.78;Bueno;103.01;Regular;Bueno;Regular
2025-09-14;13:00;;52.00;27.52;21.17;Bueno;61.16;Bueno;;37.22;16.39;32.78;Bueno;103.01;Regular;Bueno;Regular
2025-09-14;14:00;22;52.52;27.52;21.17;Bueno;61.16;Bueno;5;37.26;16.39;32.78;Bueno;103.01;Regular;Bueno;Regular
2025-09-14;15:00;22;53.09;27.52;21.17;Bueno;61.16;Bueno;5;37.22;16.39;32.78;Bueno;103.01;Regular;Bueno;Regular
2025-09-14;16:00;18;53.48;27.52;21.17;Bueno;61.16;Bueno;8;37.22;16.39;32.78;Bueno;103.01;Regular;Bueno;Regular
2025-09-14;17:00;16;52.91;27.52;21.17;Bueno;61.16;Bueno;8;37.22;16.39;32.78;Bueno;103.01;Regular;Bueno;Regular
2025-09-14;18:00;41;52.00;27.52;21.17;Bueno;61.16;Bueno;21;36.13;16.39;32.78;Bueno;103.01;Regular;Bueno;Regular
2025-09-14;19:00;60;50.04;27.52;21.17;Bueno;61.16;Bueno;38;34.13;16.39;32.78;Bueno;103.01;Regular;Bueno;Regular
2025-09-14;20:00;89;46.65;27.52;21.17;Bueno;61.16;Bueno;71;31.04;16.39;32.78;Bueno;103.01;Regular;Bueno;Regular
2025-09-14;21:00;35;38.57;27.52;21.17;Bueno;61.16;Bueno;16;25.57;16.39;32.78;Bueno;103.01;Regular;Bueno;Regular
2025-09-14;22:00;19;34.13;27.52;21.17;Bueno;61.16;Bueno;8;22.57;16.39;32.78;Bueno;103.01;Regular;Bueno;Regular
2025-09-14;23:00;21;27.52;27.52;21.17;Bueno;61.16;Bueno;12;16.39;16.39;32.78;Bueno;103.01;Regular;Bueno;Regular
2025-09-15;00:00;21;26.57;32.38;24.90;Bueno;71.94;Bueno;12;15.39;17.58;35.17;Bueno;105.58;Regular;Bueno;Regular
2025-09-15;01:00;33;26.39;32.38;24.90;Bueno;71.94;Bueno;26;14.96;17.58;35.17;Bueno;105.58;Regular;Bueno;Regular
2025-09-15;02:00;32;26.74;32.38;24.90;Bueno;71.94;Bueno;24;15.17;17.58;35.17;Bueno;105.58;Regular;Bueno;Regular
2025-09-15;03:00;18;26.78;32.38;24.90;Bueno;71.94;Bueno;17;15.57;17.58;35.17;Bueno;105.58;Regular;Bueno;Regular
2025-09-15;04:00;24;27.09;32.38;24.90;Bueno;71.94;Bueno;16;15.70;17.58;35.17;Bueno;105.58;Regular;Bueno;Regular
2025-09-15;05:00;26;27.48;32.38;24.90;Bueno;71.94;Bueno;10;15.74;17.58;35.17;Bueno;105.58;Regular;Bueno;Regular
2025-09-15;06:00;48;28.43;32.38;24.90;Bueno;71.94;Bueno;22;16.17;17.58;35.17;Bueno;105.58;Regular;Bueno;Regular
2025-09-15;07:00;64;30.30;32.38;24.90;Bueno;71.94;Bueno;29;16.78;17.58;35.17;Bueno;105.58;Regular;Bueno;Regular
2025-09-15;08:00;32;30.87;32.38;24.90;Bueno;71.94;Bueno;16;17.04;17.58;35.17;Bueno;105.58;Regular;Bueno;Regular
2025-09-15;09:00;26;31.30;32.38;24.90;Bueno;71.94;Bueno;11;17.13;17.58;35.17;Bueno;105.58;Regular;Bueno;Regular
2025-09-15;10:00;103;35.04;32.38;24.90;Bueno;71.94;Bueno;98;21.09;17.58;35.17;Bueno;105.58;Regular;Bueno;Regular
2025-09-15;11:00;25;35.35;32.38;24.90;Bueno;71.94;Bueno;12;21.30;17.58;35.17;Bueno;105.58;Regular;Bueno;Regular
2025-09-15;12:00;16;35.26;32.38;24.90;Bueno;71.94;Bueno;8;21.43;17.58;35.17;Bueno;105.58;Regular;Bueno;Regular
2025-09-15;13:00;19;34.58;32.38;24.90;Bueno;71.94;Bueno;7;20.83;17.58;35.17;Bueno;105.58;Regular;Bueno;Regular
2025-09-15;14:00;15;34.29;32.38;24.90;Bueno;71.94;Bueno;6;20.88;17.58;35.17;Bueno;105.58;Regular;Bueno;Regular
2025-09-15;15:00;19;34.17;32.38;24.90;Bueno;71.94;Bueno;6;20.92;17.58;35.17;Bueno;105.58;Regular;Bueno;Regular
2025-09-15;16:00;25;34.46;32.38;24.90;Bueno;71.94;Bueno;6;20.83;17.58;35.17;Bueno;105.58;Regular;Bueno;Regular
2025-09-15;17:00;25;34.83;32.38;24.90;Bueno;71.94;Bueno;5;20.71;17.58;35.17;Bueno;105.58;Regular;Bueno;Regular
2025-09-15;18:00;31;34.42;32.38;24.90;Bueno;71.94;Bueno;6;20.08;17.58;35.17;Bueno;105.58;Regular;Bueno;Regular
2025-09-15;19:00;53;34.12;32.38;24.90;Bueno;71.94;Bueno;26;19.58;17.58;35.17;Bueno;105.58;Regular;Bueno;Regular
2025-09-15;20:00;33;31.79;32.38;24.90;Bueno;71.94;Bueno;17;17.33;17.58;35.17;Bueno;105.58;Regular;Bueno;Regular
2025-09-15;21:00;34;31.75;32.38;24.90;Bueno;71.94;Bueno;14;17.25;17.58;35.17;Bueno;105.58;Regular;Bueno;Regular
2025-09-15;22:00;32;32.29;32.38;24.90;Bueno;71.94;Bueno;14;17.50;17.58;35.17;Bueno;105.58;Regular;Bueno;Regular
2025-09-15;23:00;23;32.38;32.38;24.90;Bueno;71.94;Bueno;14;17.58;17.58;35.17;Bueno;105.58;Regular;Bueno;Regular
2025-09-16;00:00;21;32.38;30.67;23.59;Bueno;68.15;Bueno;12;17.58;13.62;27.25;Bueno;90.83;Bueno;Bueno;Bueno
2025-09-16;01:00;23;31.96;30.67;23.59;Bueno;68.15;Bueno;18;17.25;13.62;27.25;Bueno;90.83;Bueno;Bueno;Bueno
2025-09-16;02:00;21;31.50;30.67;23.59;Bueno;68.15;Bueno;12;16.75;13.62;27.25;Bueno;90.83;Bueno;Bueno;Bueno
2025-09-16;03:00;17;31.46;30.67;23.59;Bueno;68.15;Bueno;11;16.50;13.62;27.25;Bueno;90.83;Bueno;Bueno;Bueno
2025-09-16;04:00;21;31.33;30.67;23.59;Bueno;68.15;Bueno;7;16.12;13.62;27.25;Bueno;90.83;Bueno;Bueno;Bueno
2025-09-16;05:00;26;31.33;30.67;23.59;Bueno;68.15;Bueno;18;16.46;13.62;27.25;Bueno;90.83;Bueno;Bueno;Bueno
2025-09-16;06:00;51;31.46;30.67;23.59;Bueno;68.15;Bueno;19;16.33;13.62;27.25;Bueno;90.83;Bueno;Bueno;Bueno
2025-09-16;07:00;53;31.00;30.67;23.59;Bueno;68.15;Bueno;20;15.96;13.62;27.25;Bueno;90.83;Bueno;Bueno;Bueno
2025-09-16;08:00;34;31.08;30.67;23.59;Bueno;68.15;Bueno;13;15.83;13.62;27.25;Bueno;90.83;Bueno;Bueno;Bueno
2025-09-16;09:00;38;31.58;30.67;23.59;Bueno;68.15;Bueno;7;15.67;13.62;27.25;Bueno;90.83;Bueno;Bueno;Bueno
2025-09-16;10:00;20;28.12;30.67;23.59;Bueno;68.15;Bueno;2;11.67;13.62;27.25;Bueno;90.83;Bueno;Bueno;Bueno
2025-09-16;11:00;21;27.96;30.67;23.59;Bueno;68.15;Bueno;4;11.33;13.62;27.25;Bueno;90.83;Bueno;Bueno;Bueno
2025-09-16;12:00;22;28.21;30.67;23.59;Bueno;68.15;Bueno;8;11.33;13.62;27.25;Bueno;90.83;Bueno;Bueno;Bueno
2025-09-16;13:00;21;28.29;30.67;23.59;Bueno;68.15;Bueno;7;11.33;13.62;27.25;Bueno;90.83;Bueno;Bueno;Bueno
2025-09-16;14:00;17;28.38;30.67;23.59;Bueno;68.15;Bueno;3;11.21;13.62;27.25;Bueno;90.83;Bueno;Bueno;Bueno
2025-09-16;15:00;24;28.58;30.67;23.59;Bueno;68.15;Bueno;4;11.12;13.62;27.25;Bueno;90.83;Bueno;Bueno;Bueno
2025-09-16;16:00;26;28.62;30.67;23.59;Bueno;68.15;Bueno;6;11.12;13.62;27.25;Bueno;90.83;Bueno;Bueno;Bueno
2025-09-16;17:00;34;29.00;30.67;23.59;Bueno;68.15;Bueno;11;11.38;13.62;27.25;Bueno;90.83;Bueno;Bueno;Bueno
2025-09-16;18:00;42;29.46;30.67;23.59;Bueno;68.15;Bueno;11;11.58;13.62;27.25;Bueno;90.83;Bueno;Bueno;Bueno
2025-09-16;19:00;55;29.54;30.67;23.59;Bueno;68.15;Bueno;27;11.62;13.62;27.25;Bueno;90.83;Bueno;Bueno;Bueno
2025-09-16;20:00;36;29.67;30.67;23.59;Bueno;68.15;Bueno;18;11.67;13.62;27.25;Bueno;90.83;Bueno;Bueno;Bueno
2025-09-16;21:00;30;29.50;30.67;23.59;Bueno;68.15;Bueno;17;11.79;13.62;27.25;Bueno;90.83;Bueno;Bueno;Bueno
2025-09-16;22:00;43;29.96;30.67;23.59;Bueno;68.15;Bueno;42;12.96;13.62;27.25;Bueno;90.83;Bueno;Bueno;Bueno
2025-09-16;23:00;40;30.67;30.67;23.59;Bueno;68.15;Bueno;30;13.62;13.62;27.25;Bueno;90.83;Bueno;Bueno;Bueno
2025-09-17;00:00;38;31.38;39.29;30.22;Bueno;87.31;Bueno;26;14.21;24.12;48.25;Bueno;119.77;Regular;Bueno;Regular
2025-09-17;01:00;42;32.17;39.29;30.22;Bueno;87.31;Bueno;31;14.75;24.12;48.25;Bueno;119.77;Regular;Bueno;Regular
2025-09-17;02:00;57;33.67;39.29;30.22;Bueno;87.31;Bueno;48;16.25;24.12;48.25;Bueno;119.77;Regular;Bueno;Regular
2025-09-17;03:00;74;36.04;39.29;30.22;Bueno;87.31;Bueno;65;18.50;24.12;48.25;Bueno;119.77;Regular;Bueno;Regular
2025-09-17;04:00;67;37.96;39.29;30.22;Bueno;87.31;Bueno;54;20.46;24.12;48.25;Bueno;119.77;Regular;Bueno;Regular
2025-09-17;05:00;42;38.62;39.29;30.22;Bueno;87.31;Bueno;27;20.83;24.12;48.25;Bueno;119.77;Regular;Bueno;Regular
2025-09-17;06:00;57;38.88;39.29;30.22;Bueno;87.31;Bueno;32;21.38;24.12;48.25;Bueno;119.77;Regular;Bueno;Regular
2025-09-17;07:00;81;40.04;39.29;30.22;Bueno;87.31;Bueno;37;22.08;24.12;48.25;Bueno;119.77;Regular;Bueno;Regular
2025-09-17;08:00;42;40.38;39.29;30.22;Bueno;87.31;Bueno;21;22.42;24.12;48.25;Bueno;119.77;Regular;Bueno;Regular
2025-09-17;09:00;33;40.17;39.29;30.22;Bueno;87.31;Bueno;19;22.92;24.12;48.25;Bueno;119.77;Regular;Bueno;Regular
2025-09-17;10:00;36;40.83;39.29;30.22;Bueno;87.31;Bueno;21;23.71;24.12;48.25;Bueno;119.77;Regular;Bueno;Regular
2025-09-17;11:00;39;41.58;39.29;30.22;Bueno;87.31;Bueno;21;24.42;24.12;48.25;Bueno;119.77;Regular;Bueno;Regular
2025-09-17;12:00;43;42.46;39.29;30.22;Bueno;87.31;Bueno;13;24.62;24.12;48.25;Bueno;119.77;Regular;Bueno;Regular
2025-09-17;13:00;40;43.25;39.29;30.22;Bueno;87.31;Bueno;9;24.71;24.12;48.25;Bueno;119.77;Regular;Bueno;Regular
2025-09-17;14:00;28;43.71;39.29;30.22;Bueno;87.31;Bueno;9;24.96;24.12;48.25;Bueno;119.77;Regular;Bueno;Regular
2025-09-17;15:00;21;43.58;39.29;30.22;Bueno;87.31;Bueno;14;25.38;24.12;48.25;Bueno;119.77;Regular;Bueno;Regular
2025-09-17;16:00;21;43.38;39.29;30.22;Bueno;87.31;Bueno;10;25.54;24.12;48.25;Bueno;119.77;Regular;Bueno;Regular
2025-09-17;17:00;24;42.96;39.29;30.22;Bueno;87.31;Bueno;18;25.83;24.12;48.25;Bueno;119.77;Regular;Bueno;Regular
2025-09-17;18:00;36;42.71;39.29;30.22;Bueno;87.31;Bueno;20;26.21;24.12;48.25;Bueno;119.77;Regular;Bueno;Regular
2025-09-17;19:00;44;42.25;39.29;30.22;Bueno;87.31;Bueno;27;26.21;24.12;48.25;Bueno;119.77;Regular;Bueno;Regular
2025-09-17;20:00;18;41.50;39.29;30.22;Bueno;87.31;Bueno;11;25.92;24.12;48.25;Bueno;119.77;Regular;Bueno;Regular
2025-09-17;21:00;21;41.12;39.29;30.22;Bueno;87.31;Bueno;17;25.92;24.12;48.25;Bueno;119.77;Regular;Bueno;Regular
2025-09-17;22:00;21;40.21;39.29;30.22;Bueno;87.31;Bueno;17;24.88;24.12;48.25;Bueno;119.77;Regular;Bueno;Regular
2025-09-17;23:00;18;39.29;39.29;30.22;Bueno;87.31;Bueno;12;24.12;24.12;48.25;Bueno;119.77;Regular;Bueno;Regular
2025-09-18;00:00;15;38.33;16.71;12.85;Bueno;37.13;Bueno;11;23.50;11.33;22.67;Bueno;75.56;Bueno;Bueno;Bueno
2025-09-18;01:00;8;36.92;16.71;12.85;Bueno;37.13;Bueno;7;22.50;11.33;22.67;Bueno;75.56;Bueno;Bueno;Bueno
2025-09-18;02:00;6;34.79;16.71;12.85;Bueno;37.13;Bueno;3;20.62;11.33;22.67;Bueno;75.56;Bueno;Bueno;Bueno
2025-09-18;03:00;5;31.92;16.71;12.85;Bueno;37.13;Bueno;4;18.08;11.33;22.67;Bueno;75.56;Bueno;Bueno;Bueno
2025-09-18;04:00;5;29.33;16.71;12.85;Bueno;37.13;Bueno;3;15.96;11.33;22.67;Bueno;75.56;Bueno;Bueno;Bueno
2025-09-18;05:00;10;28.00;16.71;12.85;Bueno;37.13;Bueno;2;14.92;11.33;22.67;Bueno;75.56;Bueno;Bueno;Bueno
2025-09-18;06:00;9;26.00;16.71;12.85;Bueno;37.13;Bueno;1;13.62;11.33;22.67;Bueno;75.56;Bueno;Bueno;Bueno
2025-09-18;07:00;9;23.00;16.71;12.85;Bueno;37.13;Bueno;5;12.29;11.33;22.67;Bueno;75.56;Bueno;Bueno;Bueno
2025-09-18;08:00;12;21.75;16.71;12.85;Bueno;37.13;Bueno;9;11.79;11.33;22.67;Bueno;75.56;Bueno;Bueno;Bueno
2025-09-18;09:00;11;20.83;16.71;12.85;Bueno;37.13;Bueno;6;11.25;11.33;22.67;Bueno;75.56;Bueno;Bueno;Bueno
2025-09-18;10:00;14;19.92;16.71;12.85;Bueno;37.13;Bueno;6;10.62;11.33;22.67;Bueno;75.56;Bueno;Bueno;Bueno
2025-09-18;11:00;17;19.00;16.71;12.85;Bueno;37.13;Bueno;5;9.96;11.33;22.67;Bueno;75.56;Bueno;Bueno;Bueno
2025-09-18;12:00;14;17.79;16.71;12.85;Bueno;37.13;Bueno;6;9.67;11.33;22.67;Bueno;75.56;Bueno;Bueno;Bueno
2025-09-18;13:00;12;16.62;16.71;12.85;Bueno;37.13;Bueno;11;9.75;11.33;22.67;Bueno;75.56;Bueno;Bueno;Bueno
2025-09-18;14:00;9;15.83;16.71;12.85;Bueno;37.13;Bueno;6;9.62;11.33;22.67;Bueno;75.56;Bueno;Bueno;Bueno
2025-09-18;15:00;19;15.75;16.71;12.85;Bueno;37.13;Bueno;8;9.38;11.33;22.67;Bueno;75.56;Bueno;Bueno;Bueno
2025-09-18;16:00;14;15.46;16.71;12.85;Bueno;37.13;Bueno;5;9.17;11.33;22.67;Bueno;75.56;Bueno;Bueno;Bueno
2025-09-18;17:00;22;15.38;16.71;12.85;Bueno;37.13;Bueno;11;8.88;11.33;22.67;Bueno;75.56;Bueno;Bueno;Bueno
2025-09-18;18:00;34;15.29;16.71;12.85;Bueno;37.13;Bueno;22;8.96;11.33;22.67;Bueno;75.56;Bueno;Bueno;Bueno
2025-09-18;19:00;41;15.17;16.71;12.85;Bueno;37.13;Bueno;39;9.46;11.33;22.67;Bueno;75.56;Bueno;Bueno;Bueno
2025-09-18;20:00;38;16.00;16.71;12.85;Bueno;37.13;Bueno;36;10.50;11.33;22.67;Bueno;75.56;Bueno;Bueno;Bueno
2025-09-18;21:00;28;16.29;16.71;12.85;Bueno;37.13;Bueno;25;10.83;11.33;22.67;Bueno;75.56;Bueno;Bueno;Bueno
2025-09-18;22:00;29;16.62;16.71;12.85;Bueno;37.13;Bueno;28;11.29;11.33;22.67;Bueno;75.56;Bueno;Bueno;Bueno
2025-09-18;23:00;20;16.71;16.71;12.85;Bueno;37.13;Bueno;13;11.33;11.33;22.67;Bueno;75.56;Bueno;Bueno;Bueno
2025-09-19;00:00;23;17.04;13.17;10.13;Bueno;29.26;Bueno;22;11.79;10.17;20.33;Bueno;67.78;Bueno;Bueno;Bueno
2025-09-19;01:00;20;17.54;13.17;10.13;Bueno;29.26;Bueno;19;12.29;10.17;20.33;Bueno;67.78;Bueno;Bueno;Bueno
2025-09-19;02:00;14;17.88;13.17;10.13;Bueno;29.26;Bueno;12;12.67;10.17;20.33;Bueno;67.78;Bueno;Bueno;Bueno
2025-09-19;03:00;11;18.12;13.17;10.13;Bueno;29.26;Bueno;9;12.88;10.17;20.33;Bueno;67.78;Bueno;Bueno;Bueno
2025-09-19;04:00;9;18.29;13.17;10.13;Bueno;29.26;Bueno;5;12.96;10.17;20.33;Bueno;67.78;Bueno;Bueno;Bueno
2025-09-19;05:00;9;18.25;13.17;10.13;Bueno;29.26;Bueno;3;13.00;10.17;20.33;Bueno;67.78;Bueno;Bueno;Bueno
2025-09-19;06:00;7;18.17;13.17;10.13;Bueno;29.26;Bueno;5;13.17;10.17;20.33;Bueno;67.78;Bueno;Bueno;Bueno
2025-09-19;07:00;8;18.12;13.17;10.13;Bueno;29.26;Bueno;7;13.25;10.17;20.33;Bueno;67.78;Bueno;Bueno;Bueno
2025-09-19;08:00;7;17.92;13.17;10.13;Bueno;29.26;Bueno;6;13.12;10.17;20.33;Bueno;67.78;Bueno;Bueno;Bueno
2025-09-19;09:00;9;17.83;13.17;10.13;Bueno;29.26;Bueno;8;13.21;10.17;20.33;Bueno;67.78;Bueno;Bueno;Bueno
2025-09-19;10:00;12;17.75;13.17;10.13;Bueno;29.26;Bueno;10;13.38;10.17;20.33;Bueno;67.78;Bueno;Bueno;Bueno
2025-09-19;11:00;14;17.62;13.17;10.13;Bueno;29.26;Bueno;13;13.71;10.17;20.33;Bueno;67.78;Bueno;Bueno;Bueno
2025-09-19;12:00;17;17.75;13.17;10.13;Bueno;29.26;Bueno;12;13.96;10.17;20.33;Bueno;67.78;Bueno;Bueno;Bueno
2025-09-19;13:00;14;17.83;13.17;10.13;Bueno;29.26;Bueno;12;14.00;10.17;20.33;Bueno;67.78;Bueno;Bueno;Bueno
2025-09-19;14:00;11;17.92;13.17;10.13;Bueno;29.26;Bueno;6;14.00;10.17;20.33;Bueno;67.78;Bueno;Bueno;Bueno
2025-09-19;15:00;14;17.71;13.17;10.13;Bueno;29.26;Bueno;5;13.88;10.17;20.33;Bueno;67.78;Bueno;Bueno;Bueno
2025-09-19;16:00;16;17.79;13.17;10.13;Bueno;29.26;Bueno;13;14.21;10.17;20.33;Bueno;67.78;Bueno;Bueno;Bueno
2025-09-19;17:00;19;17.67;13.17;10.13;Bueno;29.26;Bueno;13;14.29;10.17;20.33;Bueno;67.78;Bueno;Bueno;Bueno
2025-09-19;18:00;19;17.04;13.17;10.13;Bueno;29.26;Bueno;15;14.00;10.17;20.33;Bueno;67.78;Bueno;Bueno;Bueno
2025-09-19;19:00;24;16.33;13.17;10.13;Bueno;29.26;Bueno;21;13.25;10.17;20.33;Bueno;67.78;Bueno;Bueno;Bueno
2025-09-19;20:00;20;15.58;13.17;10.13;Bueno;29.26;Bueno;16;12.42;10.17;20.33;Bueno;67.78;Bueno;Bueno;Bueno
2025-09-19;21:00;9;14.79;13.17;10.13;Bueno;29.26;Bueno;8;11.71;10.17;20.33;Bueno;67.78;Bueno;Bueno;Bueno
2025-09-19;22:00;5;13.79;13.17;10.13;Bueno;29.26;Bueno;3;10.67;10.17;20.33;Bueno;67.78;Bueno;Bueno;Bueno
2025-09-19;23:00;5;13.17;13.17;10.13;Bueno;29.26;Bueno;1;10.17;10.17;20.33;Bueno;67.78;Bueno;Bueno;Bueno
2025-09-20;00:00;4;12.38;10.54;8.11;Bueno;23.43;Bueno;3;9.38;7.83;15.67;Bueno;52.22;Bueno;Bueno;Bueno
2025-09-20;01:00;5;11.75;10.54;8.11;Bueno;23.43;Bueno;4;8.75;7.83;15.67;Bueno;52.22;Bueno;Bueno;Bueno
2025-09-20;02:00;5;11.38;10.54;8.11;Bueno;23.43;Bueno;4;8.42;7.83;15.67;Bueno;52.22;Bueno;Bueno;Bueno
2025-09-20;03:00;4;11.08;10.54;8.11;Bueno;23.43;Bueno;3;8.17;7.83;15.67;Bueno;52.22;Bueno;Bueno;Bueno
2025-09-20;04:00;5;10.92;10.54;8.11;Bueno;23.43;Bueno;2;8.04;7.83;15.67;Bueno;52.22;Bueno;Bueno;Bueno
2025-09-20;05:00;3;10.67;10.54;8.11;Bueno;23.43;Bueno;1;7.96;7.83;15.67;Bueno;52.22;Bueno;Bueno;Bueno
2025-09-20;06:00;3;10.50;10.54;8.11;Bueno;23.43;Bueno;1;7.79;7.83;15.67;Bueno;52.22;Bueno;Bueno;Bueno
2025-09-20;07:00;4;10.33;10.54;8.11;Bueno;23.43;Bueno;1;7.54;7.83;15.67;Bueno;52.22;Bueno;Bueno;Bueno
2025-09-20;08:00;4;10.21;10.54;8.11;Bueno;23.43;Bueno;3;7.42;7.83;15.67;Bueno;52.22;Bueno;Bueno;Bueno
2025-09-20;09:00;3;9.96;10.54;8.11;Bueno;23.43;Bueno;2;7.17;7.83;15.67;Bueno;52.22;Bueno;Bueno;Bueno
2025-09-20;10:00;8;9.79;10.54;8.11;Bueno;23.43;Bueno;6;7.00;7.83;15.67;Bueno;52.22;Bueno;Bueno;Bueno
2025-09-20;11:00;13;9.75;10.54;8.11;Bueno;23.43;Bueno;6;6.71;7.83;15.67;Bueno;52.22;Bueno;Bueno;Bueno
2025-09-20;12:00;11;9.50;10.54;8.11;Bueno;23.43;Bueno;5;6.42;7.83;15.67;Bueno;52.22;Bueno;Bueno;Bueno
2025-09-20;13:00;18;9.67;10.54;8.11;Bueno;23.43;Bueno;14;6.50;7.83;15.67;Bueno;52.22;Bueno;Bueno;Bueno
2025-09-20;14:00;33;10.58;10.54;8.11;Bueno;23.43;Bueno;32;7.58;7.83;15.67;Bueno;52.22;Bueno;Bueno;Bueno
2025-09-20;15:00;15;10.62;10.54;8.11;Bueno;23.43;Bueno;14;7.96;7.83;15.67;Bueno;52.22;Bueno;Bueno;Bueno
2025-09-20;16:00;12;10.46;10.54;8.11;Bueno;23.43;Bueno;11;7.88;7.83;15.67;Bueno;52.22;Bueno;Bueno;Bueno
2025-09-20;17:00;14;10.25;10.54;8.11;Bueno;23.43;Bueno;13;7.88;7.83;15.67;Bueno;52.22;Bueno;Bueno;Bueno
2025-09-20;18:00;13;10.00;10.54;8.11;Bueno;23.43;Bueno;8;7.58;7.83;15.67;Bueno;52.22;Bueno;Bueno;Bueno
2025-09-20;19:00;13;9.54;10.54;8.11;Bueno;23.43;Bueno;12;7.21;7.83;15.67;Bueno;52.22;Bueno;Bueno;Bueno
2025-09-20;20:00;22;9.62;10.54;8.11;Bueno;23.43;Bueno;16;7.21;7.83;15.67;Bueno;52.22;Bueno;Bueno;Bueno
2025-09-20;21:00;14;9.83;10.54;8.11;Bueno;23.43;Bueno;10;7.29;7.83;15.67;Bueno;52.22;Bueno;Bueno;Bueno
2025-09-20;22:00;17;10.33;10.54;8.11;Bueno;23.43;Bueno;9;7.54;7.83;15.67;Bueno;52.22;Bueno;Bueno;Bueno
2025-09-20;23:00;10;10.54;10.54;8.11;Bueno;23.43;Bueno;8;7.83;7.83;15.67;Bueno;52.22;Bueno;Bueno;Bueno
2025-09-21;00:00;14;10.96;15.29;11.76;Bueno;33.98;Bueno;13;8.25;11.96;23.92;Bueno;79.72;Bueno;Bueno;Bueno
2025-09-21;01:00;8;11.08;15.29;11.76;Bueno;33.98;Bueno;7;8.38;11.96;23.92;Bueno;79.72;Bueno;Bueno;Bueno
2025-09-21;02:00;4;11.04;15.29;11.76;Bueno;33.98;Bueno;1;8.25;11.96;23.92;Bueno;79.72;Bueno;Bueno;Bueno
2025-09-21;03:00;4;11.04;15.29;11.76;Bueno;33.98;Bueno;3;8.25;11.96;23.92;Bueno;79.72;Bueno;Bueno;Bueno
2025-09-21;04:00;4;11.00;15.29;11.76;Bueno;33.98;Bueno;3;8.29;11.96;23.92;Bueno;79.72;Bueno;Bueno;Bueno
2025-09-21;05:00;7;11.17;15.29;11.76;Bueno;33.98;Bueno;5;8.46;11.96;23.92;Bueno;79.72;Bueno;Bueno;Bueno
2025-09-21;06:00;5;11.25;15.29;11.76;Bueno;33.98;Bueno;3;8.54;11.96;23.92;Bueno;79.72;Bueno;Bueno;Bueno
2025-09-21;07:00;5;11.29;15.29;11.76;Bueno;33.98;Bueno;3;8.62;11.96;23.92;Bueno;79.72;Bueno;Bueno;Bueno
2025-09-21;08:00;5;11.33;15.29;11.76;Bueno;33.98;Bueno;4;8.67;11.96;23.92;Bueno;79.72;Bueno;Bueno;Bueno
2025-09-21;09:00;5;11.42;15.29;11.76;Bueno;33.98;Bueno;4;8.75;11.96;23.92;Bueno;79.72;Bueno;Bueno;Bueno
2025-09-21;10:00;4;11.25;15.29;11.76;Bueno;33.98;Bueno;3;8.62;11.96;23.92;Bueno;79.72;Bueno;Bueno;Bueno
2025-09-21;11:00;8;11.04;15.29;11.76;Bueno;33.98;Bueno;1;8.42;11.96;23.92;Bueno;79.72;Bueno;Bueno;Bueno
2025-09-21;12:00;9;10.96;15.29;11.76;Bueno;33.98;Bueno;1;8.25;11.96;23.92;Bueno;79.72;Bueno;Bueno;Bueno
2025-09-21;13:00;11;10.67;15.29;11.76;Bueno;33.98;Bueno;10;8.08;11.96;23.92;Bueno;79.72;Bueno;Bueno;Bueno
2025-09-21;14:00;8;9.62;15.29;11.76;Bueno;33.98;Bueno;6;7.00;11.96;23.92;Bueno;79.72;Bueno;Bueno;Bueno
2025-09-21;15:00;18;9.75;15.29;11.76;Bueno;33.98;Bueno;15;7.04;11.96;23.92;Bueno;79.72;Bueno;Bueno;Bueno
2025-09-21;16:00;15;9.88;15.29;11.76;Bueno;33.98;Bueno;13;7.12;11.96;23.92;Bueno;79.72;Bueno;Bueno;Bueno
2025-09-21;17:00;19;10.08;15.29;11.76;Bueno;33.98;Bueno;14;7.17;11.96;23.92;Bueno;79.72;Bueno;Bueno;Bueno
2025-09-21;18:00;25;10.58;15.29;11.76;Bueno;33.98;Bueno;20;7.67;11.96;23.92;Bueno;79.72;Bueno;Bueno;Bueno
2025-09-21;19:00;40;11.71;15.29;11.76;Bueno;33.98;Bueno;37;8.71;11.96;23.92;Bueno;79.72;Bueno;Bueno;Bueno
2025-09-21;20:00;40;12.46;15.29;11.76;Bueno;33.98;Bueno;29;9.25;11.96;23.92;Bueno;79.72;Bueno;Bueno;Bueno
2025-09-21;21:00;45;13.75;15.29;11.76;Bueno;33.98;Bueno;37;10.38;11.96;23.92;Bueno;79.72;Bueno;Bueno;Bueno
2025-09-21;22:00;42;14.79;15.29;11.76;Bueno;33.98;Bueno;35;11.46;11.96;23.92;Bueno;79.72;Bueno;Bueno;Bueno
2025-09-21;23:00;22;15.29;15.29;11.76;Bueno;33.98;Bueno;20;11.96;11.96;23.92;Bueno;79.72;Bueno;Bueno;Bueno
2025-09-22;00:00;34;16.12;29.54;22.72;Bueno;65.65;Bueno;27;12.54;17.92;35.83;Bueno;106.30;Regular;Bueno;Regular
2025-09-22;01:00;42;17.54;29.54;22.72;Bueno;65.65;Bueno;38;13.83;17.92;35.83;Bueno;106.30;Regular;Bueno;Regular
2025-09-22;02:00;34;18.79;29.54;22.72;Bueno;65.65;Bueno;27;14.92;17.92;35.83;Bueno;106.30;Regular;Bueno;Regular
2025-09-22;03:00;15;19.25;29.54;22.72;Bueno;65.65;Bueno;8;15.12;17.92;35.83;Bueno;106.30;Regular;Bueno;Regular
2025-09-22;04:00;10;19.50;29.54;22.72;Bueno;65.65;Bueno;9;15.38;17.92;35.83;Bueno;106.30;Regular;Bueno;Regular
2025-09-22;05:00;25;20.25;29.54;22.72;Bueno;65.65;Bueno;15;15.79;17.92;35.83;Bueno;106.30;Regular;Bueno;Regular
2025-09-22;06:00;87;23.67;29.54;22.72;Bueno;65.65;Bueno;44;17.50;17.92;35.83;Bueno;106.30;Regular;Bueno;Regular
2025-09-22;07:00;126;28.71;29.54;22.72;Bueno;65.65;Bueno;71;20.33;17.92;35.83;Bueno;106.30;Regular;Bueno;Regular
2025-09-22;08:00;44;30.33;29.54;22.72;Bueno;65.65;Bueno;28;21.33;17.92;35.83;Bueno;106.30;Regular;Bueno;Regular
2025-09-22;09:00;16;30.79;29.54;22.72;Bueno;65.65;Bueno;5;21.38;17.92;35.83;Bueno;106.30;Regular;Bueno;Regular
2025-09-22;10:00;14;31.21;29.54;22.72;Bueno;65.65;Bueno;4;21.42;17.92;35.83;Bueno;106.30;Regular;Bueno;Regular
2025-09-22;11:00;14;31.46;29.54;22.72;Bueno;65.65;Bueno;5;21.58;17.92;35.83;Bueno;106.30;Regular;Bueno;Regular
2025-09-22;12:00;8;31.42;29.54;22.72;Bueno;65.65;Bueno;4;21.71;17.92;35.83;Bueno;106.30;Regular;Bueno;Regular
2025-09-22;13:00;8;31.29;29.54;22.72;Bueno;65.65;Bueno;4;21.46;17.92;35.83;Bueno;106.30;Regular;Bueno;Regular
2025-09-22;14:00;13;31.50;29.54;22.72;Bueno;65.65;Bueno;3;21.33;17.92;35.83;Bueno;106.30;Regular;Bueno;Regular
2025-09-22;15:00;13;31.29;29.54;22.72;Bueno;65.65;Bueno;5;20.92;17.92;35.83;Bueno;106.30;Regular;Bueno;Regular
2025-09-22;16:00;17;31.38;29.54;22.72;Bueno;65.65;Bueno;5;20.58;17.92;35.83;Bueno;106.30;Regular;Bueno;Regular
2025-09-22;17:00;25;31.62;29.54;22.72;Bueno;65.65;Bueno;8;20.33;17.92;35.83;Bueno;106.30;Regular;Bueno;Regular
2025-09-22;18:00;42;32.33;29.54;22.72;Bueno;65.65;Bueno;26;20.58;17.92;35.83;Bueno;106.30;Regular;Bueno;Regular
2025-09-22;19:00;32;32.00;29.54;22.72;Bueno;65.65;Bueno;21;19.92;17.92;35.83;Bueno;106.30;Regular;Bueno;Regular
2025-09-22;20:00;29;31.54;29.54;22.72;Bueno;65.65;Bueno;23;19.67;17.92;35.83;Bueno;106.30;Regular;Bueno;Regular
2025-09-22;21:00;23;30.62;29.54;22.72;Bueno;65.65;Bueno;20;18.96;17.92;35.83;Bueno;106.30;Regular;Bueno;Regular
2025-09-22;22:00;26;29.96;29.54;22.72;Bueno;65.65;Bueno;19;18.29;17.92;35.83;Bueno;106.30;Regular;Bueno;Regular
2025-09-22;23:00;12;29.54;29.54;22.72;Bueno;65.65;Bueno;11;17.92;17.92;35.83;Bueno;106.30;Regular;Bueno;Regular
2025-09-23;00:00;10;28.54;29.17;22.44;Bueno;64.81;Bueno;9;17.17;12.50;25.00;Bueno;83.33;Bueno;Bueno;Bueno
2025-09-23;01:00;14;27.38;29.17;22.44;Bueno;64.81;Bueno;6;15.83;12.50;25.00;Bueno;83.33;Bueno;Bueno;Bueno
2025-09-23;02:00;10;26.38;29.17;22.44;Bueno;64.81;Bueno;7;15.00;12.50;25.00;Bueno;83.33;Bueno;Bueno;Bueno
2025-09-23;03:00;7;26.04;29.17;22.44;Bueno;64.81;Bueno;6;14.92;12.50;25.00;Bueno;83.33;Bueno;Bueno;Bueno
2025-09-23;04:00;5;25.83;29.17;22.44;Bueno;64.81;Bueno;2;14.62;12.50;25.00;Bueno;83.33;Bueno;Bueno;Bueno
2025-09-23;05:00;20;25.62;29.17;22.44;Bueno;64.81;Bueno;5;14.21;12.50;25.00;Bueno;83.33;Bueno;Bueno;Bueno
2025-09-23;06:00;65;24.71;29.17;22.44;Bueno;64.81;Bueno;20;13.21;12.50;25.00;Bueno;83.33;Bueno;Bueno;Bueno
2025-09-23;07:00;59;21.92;29.17;22.44;Bueno;64.81;Bueno;21;11.12;12.50;25.00;Bueno;83.33;Bueno;Bueno;Bueno
2025-09-23;08:00;24;21.08;29.17;22.44;Bueno;64.81;Bueno;7;10.25;12.50;25.00;Bueno;83.33;Bueno;Bueno;Bueno
2025-09-23;09:00;21;21.29;29.17;22.44;Bueno;64.81;Bueno;6;10.29;12.50;25.00;Bueno;83.33;Bueno;Bueno;Bueno
2025-09-23;10:00;13;21.25;29.17;22.44;Bueno;64.81;Bueno;3;10.25;12.50;25.00;Bueno;83.33;Bueno;Bueno;Bueno
2025-09-23;11:00;13;21.21;29.17;22.44;Bueno;64.81;Bueno;1;10.08;12.50;25.00;Bueno;83.33;Bueno;Bueno;Bueno
2025-09-23;12:00;19;21.67;29.17;22.44;Bueno;64.81;Bueno;4;10.08;12.50;25.00;Bueno;83.33;Bueno;Bueno;Bueno
2025-09-23;13:00;10;21.75;29.17;22.44;Bueno;64.81;Bueno;7;10.21;12.50;25.00;Bueno;83.33;Bueno;Bueno;Bueno
2025-09-23;14:00;20;22.04;29.17;22.44;Bueno;64.81;Bueno;8;10.42;12.50;25.00;Bueno;83.33;Bueno;Bueno;Bueno
2025-09-23;15:00;21;22.38;29.17;22.44;Bueno;64.81;Bueno;8;10.54;12.50;25.00;Bueno;83.33;Bueno;Bueno;Bueno
2025-09-23;16:00;45;23.54;29.17;22.44;Bueno;64.81;Bueno;8;10.67;12.50;25.00;Bueno;83.33;Bueno;Bueno;Bueno
2025-09-23;17:00;29;23.71;29.17;22.44;Bueno;64.81;Bueno;10;10.75;12.50;25.00;Bueno;83.33;Bueno;Bueno;Bueno
2025-09-23;18:00;50;24.04;29.17;22.44;Bueno;64.81;Bueno;24;10.67;12.50;25.00;Bueno;83.33;Bueno;Bueno;Bueno
2025-09-23;19:00;80;26.04;29.17;22.44;Bueno;64.81;Bueno;40;11.46;12.50;25.00;Bueno;83.33;Bueno;Bueno;Bueno
2025-09-23;20:00;80;28.17;29.17;22.44;Bueno;64.81;Bueno;49;12.54;12.50;25.00;Bueno;83.33;Bueno;Bueno;Bueno
2025-09-23;21:00;43;29.00;29.17;22.44;Bueno;64.81;Bueno;25;12.75;12.50;25.00;Bueno;83.33;Bueno;Bueno;Bueno
2025-09-23;22:00;27;29.04;29.17;22.44;Bueno;64.81;Bueno;15;12.58;12.50;25.00;Bueno;83.33;Bueno;Bueno;Bueno
2025-09-23;23:00;15;29.17;29.17;22.44;Bueno;64.81;Bueno;9;12.50;12.50;25.00;Bueno;83.33;Bueno;Bueno;Bueno
2025-09-24;00:00;17;29.46;68.21;52.47;Bueno;138.16;Regular;11;12.58;21.96;43.92;Bueno;115.06;Regular;Bueno;Regular
2025-09-24;01:00;20;29.71;68.21;52.47;Bueno;138.16;Regular;11;12.79;21.96;43.92;Bueno;115.06;Regular;Bueno;Regular
2025-09-24;02:00;21;30.17;68.21;52.47;Bueno;138.16;Regular;11;12.96;21.96;43.92;Bueno;115.06;Regular;Bueno;Regular
2025-09-24;03:00;15;30.50;68.21;52.47;Bueno;138.16;Regular;8;13.04;21.96;43.92;Bueno;115.06;Regular;Bueno;Regular
2025-09-24;04:00;22;31.21;68.21;52.47;Bueno;138.16;Regular;14;13.54;21.96;43.92;Bueno;115.06;Regular;Bueno;Regular
2025-09-24;05:00;26;31.46;68.21;52.47;Bueno;138.16;Regular;12;13.83;21.96;43.92;Bueno;115.06;Regular;Bueno;Regular
2025-09-24;06:00;94;32.67;68.21;52.47;Bueno;138.16;Regular;34;14.42;21.96;43.92;Bueno;115.06;Regular;Bueno;Regular
2025-09-24;07:00;60;32.71;68.21;52.47;Bueno;138.16;Regular;21;14.42;21.96;43.92;Bueno;115.06;Regular;Bueno;Regular
2025-09-24;08:00;30;32.96;68.21;52.47;Bueno;138.16;Regular;13;14.67;21.96;43.92;Bueno;115.06;Regular;Bueno;Regular
2025-09-24;09:00;14;32.67;68.21;52.47;Bueno;138.16;Regular;7;14.71;21.96;43.92;Bueno;115.06;Regular;Bueno;Regular
2025-09-24;10:00;26;33.21;68.21;52.47;Bueno;138.16;Regular;6;14.83;21.96;43.92;Bueno;115.06;Regular;Bueno;Regular
2025-09-24;11:00;17;33.38;68.21;52.47;Bueno;138.16;Regular;4;14.96;21.96;43.92;Bueno;115.06;Regular;Bueno;Regular
2025-09-24;12:00;21;33.46;68.21;52.47;Bueno;138.16;Regular;8;15.12;21.96;43.92;Bueno;115.06;Regular;Bueno;Regular
2025-09-24;13:00;14;33.62;68.21;52.47;Bueno;138.16;Regular;7;15.12;21.96;43.92;Bueno;115.06;Regular;Bueno;Regular
2025-09-24;14:00;20;33.62;68.21;52.47;Bueno;138.16;Regular;5;15.00;21.96;43.92;Bueno;115.06;Regular;Bueno;Regular
2025-09-24;15:00;28;33.92;68.21;52.47;Bueno;138.16;Regular;4;14.83;21.96;43.92;Bueno;115.06;Regular;Bueno;Regular
2025-09-24;16:00;63;34.67;68.21;52.47;Bueno;138.16;Regular;8;14.83;21.96;43.92;Bueno;115.06;Regular;Bueno;Regular
2025-09-24;17:00;108;37.96;68.21;52.47;Bueno;138.16;Regular;9;14.79;21.96;43.92;Bueno;115.06;Regular;Bueno;Regular
2025-09-24;18:00;180;43.38;68.21;52.47;Bueno;138.16;Regular;12;14.29;21.96;43.92;Bueno;115.06;Regular;Bueno;Regular
2025-09-24;19:00;176;47.38;68.21;52.47;Bueno;138.16;Regular;54;14.88;21.96;43.92;Bueno;115.06;Regular;Bueno;Regular
2025-09-24;20:00;260;54.88;68.21;52.47;Bueno;138.16;Regular;91;16.62;21.96;43.92;Bueno;115.06;Regular;Bueno;Regular
2025-09-24;21:00;190;61.00;68.21;52.47;Bueno;138.16;Regular;78;18.83;21.96;43.92;Bueno;115.06;Regular;Bueno;Regular
2025-09-24;22:00;127;65.17;68.21;52.47;Bueno;138.16;Regular;62;20.79;21.96;43.92;Bueno;115.06;Regular;Bueno;Regular
2025-09-24;23:00;88;68.21;68.21;52.47;Bueno;138.16;Regular;37;21.96;21.96;43.92;Bueno;115.06;Regular;Bueno;Regular
2025-09-25;00:00;77;70.71;40.83;31.41;Bueno;90.74;Bueno;45;23.38;13.71;27.42;Bueno;91.39;Bueno;Bueno;Bueno
2025-09-25;01:00;43;71.67;40.83;31.41;Bueno;90.74;Bueno;27;24.04;13.71;27.42;Bueno;91.39;Bueno;Bueno;Bueno
2025-09-25;02:00;31;72.08;40.83;31.41;Bueno;90.74;Bueno;19;24.38;13.71;27.42;Bueno;91.39;Bueno;Bueno;Bueno
2025-09-25;03:00;25;72.50;40.83;31.41;Bueno;90.74;Bueno;19;24.83;13.71;27.42;Bueno;91.39;Bueno;Bueno;Bueno
2025-09-25;04:00;20;72.42;40.83;31.41;Bueno;90.74;Bueno;12;24.75;13.71;27.42;Bueno;91.39;Bueno;Bueno;Bueno
2025-09-25;05:00;49;73.38;40.83;31.41;Bueno;90.74;Bueno;14;24.83;13.71;27.42;Bueno;91.39;Bueno;Bueno;Bueno
2025-09-25;06:00;122;74.54;40.83;31.41;Bueno;90.74;Bueno;36;24.92;13.71;27.42;Bueno;91.39;Bueno;Bueno;Bueno
2025-09-25;07:00;70;74.96;40.83;31.41;Bueno;90.74;Bueno;35;25.50;13.71;27.42;Bueno;91.39;Bueno;Bueno;Bueno
2025-09-25;08:00;40;75.38;40.83;31.41;Bueno;90.74;Bueno;19;25.75;13.71;27.42;Bueno;91.39;Bueno;Bueno;Bueno
2025-09-25;09:00;21;75.67;40.83;31.41;Bueno;90.74;Bueno;5;25.67;13.71;27.42;Bueno;91.39;Bueno;Bueno;Bueno
2025-09-25;10:00;16;75.25;40.83;31.41;Bueno;90.74;Bueno;9;25.79;13.71;27.42;Bueno;91.39;Bueno;Bueno;Bueno
2025-09-25;11:00;22;75.46;40.83;31.41;Bueno;90.74;Bueno;8;25.96;13.71;27.42;Bueno;91.39;Bueno;Bueno;Bueno
2025-09-25;12:00;34;76.00;40.83;31.41;Bueno;90.74;Bueno;9;26.00;13.71;27.42;Bueno;91.39;Bueno;Bueno;Bueno
2025-09-25;13:00;29;76.62;40.83;31.41;Bueno;90.74;Bueno;7;26.00;13.71;27.42;Bueno;91.39;Bueno;Bueno;Bueno
2025-09-25;14:00;33;77.17;40.83;31.41;Bueno;90.74;Bueno;4;25.96;13.71;27.42;Bueno;91.39;Bueno;Bueno;Bueno
2025-09-25;15:00;30;77.25;40.83;31.41;Bueno;90.74;Bueno;4;25.96;13.71;27.42;Bueno;91.39;Bueno;Bueno;Bueno
2025-09-25;16:00;50;76.71;40.83;31.41;Bueno;90.74;Bueno;5;25.83;13.71;27.42;Bueno;91.39;Bueno;Bueno;Bueno
2025-09-25;17:00;63;74.83;40.83;31.41;Bueno;90.74;Bueno;5;25.67;13.71;27.42;Bueno;91.39;Bueno;Bueno;Bueno
2025-09-25;18:00;53;69.54;40.83;31.41;Bueno;90.74;Bueno;7;25.46;13.71;27.42;Bueno;91.39;Bueno;Bueno;Bueno
2025-09-25;19:00;58;64.62;40.83;31.41;Bueno;90.74;Bueno;7;23.50;13.71;27.42;Bueno;91.39;Bueno;Bueno;Bueno
2025-09-25;20:00;42;55.54;40.83;31.41;Bueno;90.74;Bueno;9;20.08;13.71;27.42;Bueno;91.39;Bueno;Bueno;Bueno
2025-09-25;21:00;29;48.83;40.83;31.41;Bueno;90.74;Bueno;12;17.33;13.71;27.42;Bueno;91.39;Bueno;Bueno;Bueno
2025-09-25;22:00;18;44.29;40.83;31.41;Bueno;90.74;Bueno;8;15.08;13.71;27.42;Bueno;91.39;Bueno;Bueno;Bueno
2025-09-25;23:00;5;40.83;40.83;31.41;Bueno;90.74;Bueno;4;13.71;13.71;27.42;Bueno;91.39;Bueno;Bueno;Bueno
2025-09-26;00:00;5;37.83;13.79;10.61;Bueno;30.65;Bueno;3;11.96;6.83;13.67;Bueno;45.56;Bueno;Bueno;Bueno
2025-09-26;01:00;5;36.25;13.79;10.61;Bueno;30.65;Bueno;4;11.00;6.83;13.67;Bueno;45.56;Bueno;Bueno;Bueno
2025-09-26;02:00;3;35.08;13.79;10.61;Bueno;30.65;Bueno;1;10.25;6.83;13.67;Bueno;45.56;Bueno;Bueno;Bueno
2025-09-26;03:00;4;34.21;13.79;10.61;Bueno;30.65;Bueno;3;9.58;6.83;13.67;Bueno;45.56;Bueno;Bueno;Bueno
2025-09-26;04:00;9;33.75;13.79;10.61;Bueno;30.65;Bueno;8;9.42;6.83;13.67;Bueno;45.56;Bueno;Bueno;Bueno
2025-09-26;05:00;8;32.04;13.79;10.61;Bueno;30.65;Bueno;7;9.12;6.83;13.67;Bueno;45.56;Bueno;Bueno;Bueno
2025-09-26;06:00;9;27.33;13.79;10.61;Bueno;30.65;Bueno;7;7.92;6.83;13.67;Bueno;45.56;Bueno;Bueno;Bueno
2025-09-26;07:00;11;24.88;13.79;10.61;Bueno;30.65;Bueno;8;6.79;6.83;13.67;Bueno;45.56;Bueno;Bueno;Bueno
2025-09-26;08:00;19;24.00;13.79;10.61;Bueno;30.65;Bueno;10;6.42;6.83;13.67;Bueno;45.56;Bueno;Bueno;Bueno
2025-09-26;09:00;24;24.12;13.79;10.61;Bueno;30.65;Bueno;9;6.58;6.83;13.67;Bueno;45.56;Bueno;Bueno;Bueno
2025-09-26;10:00;22;24.38;13.79;10.61;Bueno;30.65;Bueno;9;6.58;6.83;13.67;Bueno;45.56;Bueno;Bueno;Bueno
2025-09-26;11:00;21;24.33;13.79;10.61;Bueno;30.65;Bueno;7;6.54;6.83;13.67;Bueno;45.56;Bueno;Bueno;Bueno
2025-09-26;12:00;17;23.62;13.79;10.61;Bueno;30.65;Bueno;6;6.42;6.83;13.67;Bueno;45.56;Bueno;Bueno;Bueno
2025-09-26;13:00;24;23.42;13.79;10.61;Bueno;30.65;Bueno;7;6.42;6.83;13.67;Bueno;45.56;Bueno;Bueno;Bueno
2025-09-26;14:00;18;22.79;13.79;10.61;Bueno;30.65;Bueno;11;6.71;6.83;13.67;Bueno;45.56;Bueno;Bueno;Bueno
2025-09-26;15:00;13;22.08;13.79;10.61;Bueno;30.65;Bueno;9;6.92;6.83;13.67;Bueno;45.56;Bueno;Bueno;Bueno
2025-09-26;16:00;11;20.46;13.79;10.61;Bueno;30.65;Bueno;4;6.88;6.83;13.67;Bueno;45.56;Bueno;Bueno;Bueno
2025-09-26;17:00;14;18.42;13.79;10.61;Bueno;30.65;Bueno;4;6.83;6.83;13.67;Bueno;45.56;Bueno;Bueno;Bueno
2025-09-26;18:00;21;17.08;13.79;10.61;Bueno;30.65;Bueno;6;6.79;6.83;13.67;Bueno;45.56;Bueno;Bueno;Bueno
2025-09-26;19:00;20;15.50;13.79;10.61;Bueno;30.65;Bueno;12;7.00;6.83;13.67;Bueno;45.56;Bueno;Bueno;Bueno
2025-09-26;20:00;15;14.38;13.79;10.61;Bueno;30.65;Bueno;8;6.96;6.83;13.67;Bueno;45.56;Bueno;Bueno;Bueno
2025-09-26;21:00;11;13.62;13.79;10.61;Bueno;30.65;Bueno;6;6.71;6.83;13.67;Bueno;45.56;Bueno;Bueno;Bueno
2025-09-26;22:00;12;13.38;13.79;10.61;Bueno;30.65;Bueno;8;6.71;6.83;13.67;Bueno;45.56;Bueno;Bueno;Bueno
2025-09-26;23:00;15;13.79;13.79;10.61;Bueno;30.65;Bueno;7;6.83;6.83;13.67;Bueno;45.56;Bueno;Bueno;Bueno
2025-09-27;00:00;12;14.08;15.25;11.73;Bueno;33.89;Bueno;4;6.88;7.75;15.50;Bueno;51.67;Bueno;Bueno;Bueno
2025-09-27;01:00;9;14.25;15.25;11.73;Bueno;33.89;Bueno;6;6.96;7.75;15.50;Bueno;51.67;Bueno;Bueno;Bueno
2025-09-27;02:00;8;14.46;15.25;11.73;Bueno;33.89;Bueno;5;7.12;7.75;15.50;Bueno;51.67;Bueno;Bueno;Bueno
2025-09-27;03:00;11;14.75;15.25;11.73;Bueno;33.89;Bueno;6;7.25;7.75;15.50;Bueno;51.67;Bueno;Bueno;Bueno
2025-09-27;04:00;7;14.67;15.25;11.73;Bueno;33.89;Bueno;4;7.08;7.75;15.50;Bueno;51.67;Bueno;Bueno;Bueno
2025-09-27;05:00;6;14.58;15.25;11.73;Bueno;33.89;Bueno;1;6.83;7.75;15.50;Bueno;51.67;Bueno;Bueno;Bueno
2025-09-27;06:00;7;14.50;15.25;11.73;Bueno;33.89;Bueno;1;6.58;7.75;15.50;Bueno;51.67;Bueno;Bueno;Bueno
2025-09-27;07:00;15;14.67;15.25;11.73;Bueno;33.89;Bueno;7;6.54;7.75;15.50;Bueno;51.67;Bueno;Bueno;Bueno
2025-09-27;08:00;14;14.46;15.25;11.73;Bueno;33.89;Bueno;7;6.42;7.75;15.50;Bueno;51.67;Bueno;Bueno;Bueno
2025-09-27;09:00;16;14.12;15.25;11.73;Bueno;33.89;Bueno;8;6.38;7.75;15.50;Bueno;51.67;Bueno;Bueno;Bueno
2025-09-27;10:00;15;13.83;15.25;11.73;Bueno;33.89;Bueno;8;6.33;7.75;15.50;Bueno;51.67;Bueno;Bueno;Bueno
2025-09-27;11:00;11;13.42;15.25;11.73;Bueno;33.89;Bueno;4;6.21;7.75;15.50;Bueno;51.67;Bueno;Bueno;Bueno
2025-09-27;12:00;10;13.12;15.25;11.73;Bueno;33.89;Bueno;1;6.00;7.75;15.50;Bueno;51.67;Bueno;Bueno;Bueno
2025-09-27;13:00;9;12.50;15.25;11.73;Bueno;33.89;Bueno;2;5.79;7.75;15.50;Bueno;51.67;Bueno;Bueno;Bueno
2025-09-27;14:00;4;11.92;15.25;11.73;Bueno;33.89;Bueno;2;5.42;7.75;15.50;Bueno;51.67;Bueno;Bueno;Bueno
2025-09-27;15:00;6;11.62;15.25;11.73;Bueno;33.89;Bueno;1;5.08;7.75;15.50;Bueno;51.67;Bueno;Bueno;Bueno
2025-09-27;16:00;10;11.58;15.25;11.73;Bueno;33.89;Bueno;1;4.96;7.75;15.50;Bueno;51.67;Bueno;Bueno;Bueno
2025-09-27;17:00;10;11.42;15.25;11.73;Bueno;33.89;Bueno;6;5.04;7.75;15.50;Bueno;51.67;Bueno;Bueno;Bueno
2025-09-27;18:00;25;11.58;15.25;11.73;Bueno;33.89;Bueno;8;5.12;7.75;15.50;Bueno;51.67;Bueno;Bueno;Bueno
2025-09-27;19:00;74;13.83;15.25;11.73;Bueno;33.89;Bueno;49;6.67;7.75;15.50;Bueno;51.67;Bueno;Bueno;Bueno
2025-09-27;20:00;36;14.71;15.25;11.73;Bueno;33.89;Bueno;21;7.21;7.75;15.50;Bueno;51.67;Bueno;Bueno;Bueno
2025-09-27;21:00;26;15.33;15.25;11.73;Bueno;33.89;Bueno;16;7.62;7.75;15.50;Bueno;51.67;Bueno;Bueno;Bueno
2025-09-27;22:00;14;15.42;15.25;11.73;Bueno;33.89;Bueno;10;7.71;7.75;15.50;Bueno;51.67;Bueno;Bueno;Bueno
2025-09-27;23:00;11;15.25;15.25;11.73;Bueno;33.89;Bueno;8;7.75;7.75;15.50;Bueno;51.67;Bueno;Bueno;Bueno
2025-09-28;00:00;11;15.21;25.04;19.26;Bueno;55.65;Bueno;6;7.83;18.58;37.17;Bueno;107.75;Regular;Bueno;Regular
2025-09-28;01:00;15;15.46;25.04;19.26;Bueno;55.65;Bueno;8;7.92;18.58;37.17;Bueno;107.75;Regular;Bueno;Regular
2025-09-28;02:00;12;15.62;25.04;19.26;Bueno;55.65;Bueno;5;7.92;18.58;37.17;Bueno;107.75;Regular;Bueno;Regular
2025-09-28;03:00;11;15.62;25.04;19.26;Bueno;55.65;Bueno;3;7.79;18.58;37.17;Bueno;107.75;Regular;Bueno;Regular
2025-09-28;04:00;11;15.79;25.04;19.26;Bueno;55.65;Bueno;5;7.83;18.58;37.17;Bueno;107.75;Regular;Bueno;Regular
2025-09-28;05:00;11;16.00;25.04;19.26;Bueno;55.65;Bueno;7;8.08;18.58;37.17;Bueno;107.75;Regular;Bueno;Regular
2025-09-28;06:00;11;16.17;25.04;19.26;Bueno;55.65;Bueno;7;8.33;18.58;37.17;Bueno;107.75;Regular;Bueno;Regular
2025-09-28;07:00;14;16.12;25.04;19.26;Bueno;55.65;Bueno;7;8.33;18.58;37.17;Bueno;107.75;Regular;Bueno;Regular
2025-09-28;08:00;13;16.08;25.04;19.26;Bueno;55.65;Bueno;6;8.29;18.58;37.17;Bueno;107.75;Regular;Bueno;Regular
2025-09-28;09:00;18;16.17;25.04;19.26;Bueno;55.65;Bueno;12;8.46;18.58;37.17;Bueno;107.75;Regular;Bueno;Regular
2025-09-28;10:00;12;16.04;25.04;19.26;Bueno;55.65;Bueno;11;8.58;18.58;37.17;Bueno;107.75;Regular;Bueno;Regular
2025-09-28;11:00;22;16.50;25.04;19.26;Bueno;55.65;Bueno;21;9.29;18.58;37.17;Bueno;107.75;Regular;Bueno;Regular
2025-09-28;12:00;18;16.83;25.04;19.26;Bueno;55.65;Bueno;17;9.96;18.58;37.17;Bueno;107.75;Regular;Bueno;Regular
2025-09-28;13:00;10;16.88;25.04;19.26;Bueno;55.65;Bueno;9;10.25;18.58;37.17;Bueno;107.75;Regular;Bueno;Regular
2025-09-28;14:00;18;17.46;25.04;19.26;Bueno;55.65;Bueno;7;10.46;18.58;37.17;Bueno;107.75;Regular;Bueno;Regular
2025-09-28;15:00;11;17.67;25.04;19.26;Bueno;55.65;Bueno;9;10.79;18.58;37.17;Bueno;107.75;Regular;Bueno;Regular
2025-09-28;16:00;15;17.88;25.04;19.26;Bueno;55.65;Bueno;6;11.00;18.58;37.17;Bueno;107.75;Regular;Bueno;Regular
2025-09-28;17:00;23;18.42;25.04;19.26;Bueno;55.65;Bueno;17;11.46;18.58;37.17;Bueno;107.75;Regular;Bueno;Regular
2025-09-28;18:00;37;18.92;25.04;19.26;Bueno;55.65;Bueno;26;12.21;18.58;37.17;Bueno;107.75;Regular;Bueno;Regular
2025-09-28;19:00;62;18.42;25.04;19.26;Bueno;55.65;Bueno;49;12.21;18.58;37.17;Bueno;107.75;Regular;Bueno;Regular
2025-09-28;20:00;97;20.96;25.04;19.26;Bueno;55.65;Bueno;86;14.92;18.58;37.17;Bueno;107.75;Regular;Bueno;Regular
2025-09-28;21:00;77;23.08;25.04;19.26;Bueno;55.65;Bueno;63;16.88;18.58;37.17;Bueno;107.75;Regular;Bueno;Regular
2025-09-28;22:00;51;24.62;25.04;19.26;Bueno;55.65;Bueno;45;18.33;18.58;37.17;Bueno;107.75;Regular;Bueno;Regular
2025-09-28;23:00;21;25.04;25.04;19.26;Bueno;55.65;Bueno;14;18.58;18.58;37.17;Bueno;107.75;Regular;Bueno;Regular
2025-09-29;00:00;21;25.46;26.71;20.54;Bueno;59.35;Bueno;11;18.79;11.71;23.42;Bueno;78.06;Bueno;Bueno;Bueno
2025-09-29;01:00;18;25.58;26.71;20.54;Bueno;59.35;Bueno;10;18.88;11.71;23.42;Bueno;78.06;Bueno;Bueno;Bueno
2025-09-29;02:00;22;26.00;26.71;20.54;Bueno;59.35;Bueno;9;19.04;11.71;23.42;Bueno;78.06;Bueno;Bueno;Bueno
2025-09-29;03:00;16;26.21;26.71;20.54;Bueno;59.35;Bueno;4;19.08;11.71;23.42;Bueno;78.06;Bueno;Bueno;Bueno
2025-09-29;04:00;16;26.42;26.71;20.54;Bueno;59.35;Bueno;2;18.96;11.71;23.42;Bueno;78.06;Bueno;Bueno;Bueno
2025-09-29;05:00;28;27.12;26.71;20.54;Bueno;59.35;Bueno;7;18.96;11.71;23.42;Bueno;78.06;Bueno;Bueno;Bueno
2025-09-29;06:00;65;29.38;26.71;20.54;Bueno;59.35;Bueno;17;19.38;11.71;23.42;Bueno;78.06;Bueno;Bueno;Bueno
2025-09-29;07:00;50;30.88;26.71;20.54;Bueno;59.35;Bueno;19;19.88;11.71;23.42;Bueno;78.06;Bueno;Bueno;Bueno
2025-09-29;08:00;33;31.71;26.71;20.54;Bueno;59.35;Bueno;16;20.29;11.71;23.42;Bueno;78.06;Bueno;Bueno;Bueno
2025-09-29;09:00;24;31.96;26.71;20.54;Bueno;59.35;Bueno;8;20.12;11.71;23.42;Bueno;78.06;Bueno;Bueno;Bueno
2025-09-29;10:00;19;32.25;26.71;20.54;Bueno;59.35;Bueno;5;19.88;11.71;23.42;Bueno;78.06;Bueno;Bueno;Bueno
2025-09-29;11:00;15;31.96;26.71;20.54;Bueno;59.35;Bueno;5;19.21;11.71;23.42;Bueno;78.06;Bueno;Bueno;Bueno
2025-09-29;12:00;16;31.88;26.71;20.54;Bueno;59.35;Bueno;7;18.79;11.71;23.42;Bueno;78.06;Bueno;Bueno;Bueno
2025-09-29;13:00;61;34.00;26.71;20.54;Bueno;59.35;Bueno;58;20.83;11.71;23.42;Bueno;78.06;Bueno;Bueno;Bueno
2025-09-29;14:00;17;33.96;26.71;20.54;Bueno;59.35;Bueno;10;20.96;11.71;23.42;Bueno;78.06;Bueno;Bueno;Bueno
2025-09-29;15:00;19;34.29;26.71;20.54;Bueno;59.35;Bueno;6;20.83;11.71;23.42;Bueno;78.06;Bueno;Bueno;Bueno
2025-09-29;16:00;15;34.29;26.71;20.54;Bueno;59.35;Bueno;3;20.71;11.71;23.42;Bueno;78.06;Bueno;Bueno;Bueno
2025-09-29;17:00;22;34.25;26.71;20.54;Bueno;59.35;Bueno;5;20.21;11.71;23.42;Bueno;78.06;Bueno;Bueno;Bueno
2025-09-29;18:00;40;34.38;26.71;20.54;Bueno;59.35;Bueno;9;19.50;11.71;23.42;Bueno;78.06;Bueno;Bueno;Bueno
2025-09-29;19:00;30;33.04;26.71;20.54;Bueno;59.35;Bueno;12;17.96;11.71;23.42;Bueno;78.06;Bueno;Bueno;Bueno
2025-09-29;20:00;32;30.33;26.71;20.54;Bueno;59.35;Bueno;20;15.21;11.71;23.42;Bueno;78.06;Bueno;Bueno;Bueno
2025-09-29;21:00;21;28.00;26.71;20.54;Bueno;59.35;Bueno;15;13.21;11.71;23.42;Bueno;78.06;Bueno;Bueno;Bueno
2025-09-29;22:00;25;26.92;26.71;20.54;Bueno;59.35;Bueno;15;11.96;11.71;23.42;Bueno;78.06;Bueno;Bueno;Bueno
2025-09-29;23:00;16;26.71;26.71;20.54;Bueno;59.35;Bueno;8;11.71;11.71;23.42;Bueno;78.06;Bueno;Bueno;Bueno
2025-09-30;00:00;13;26.38;25.79;19.84;Bueno;57.31;Bueno;4;11.42;8.12;16.25;Bueno;54.17;Bueno;Bueno;Bueno
2025-09-30;01:00;26;26.71;25.79;19.84;Bueno;57.31;Bueno;25;12.04;8.12;16.25;Bueno;54.17;Bueno;Bueno;Bueno
2025-09-30;02:00;18;26.54;25.79;19.84;Bueno;57.31;Bueno;13;12.21;8.12;16.25;Bueno;54.17;Bueno;Bueno;Bueno
2025-09-30;03:00;14;26.46;25.79;19.84;Bueno;57.31;Bueno;7;12.33;8.12;16.25;Bueno;54.17;Bueno;Bueno;Bueno
2025-09-30;04:00;14;26.38;25.79;19.84;Bueno;57.31;Bueno;6;12.50;8.12;16.25;Bueno;54.17;Bueno;Bueno;Bueno
2025-09-30;05:00;21;26.08;25.79;19.84;Bueno;57.31;Bueno;6;12.46;8.12;16.25;Bueno;54.17;Bueno;Bueno;Bueno
2025-09-30;06:00;41;25.08;25.79;19.84;Bueno;57.31;Bueno;14;12.33;8.12;16.25;Bueno;54.17;Bueno;Bueno;Bueno
2025-09-30;07:00;34;24.42;25.79;19.84;Bueno;57.31;Bueno;12;12.04;8.12;16.25;Bueno;54.17;Bueno;Bueno;Bueno
2025-09-30;08:00;23;24.00;25.79;19.84;Bueno;57.31;Bueno;9;11.75;8.12;16.25;Bueno;54.17;Bueno;Bueno;Bueno
2025-09-30;09:00;27;24.12;25.79;19.84;Bueno;57.31;Bueno;10;11.83;8.12;16.25;Bueno;54.17;Bueno;Bueno;Bueno
2025-09-30;10:00;21;24.21;25.79;19.84;Bueno;57.31;Bueno;4;11.79;8.12;16.25;Bueno;54.17;Bueno;Bueno;Bueno
2025-09-30;11:00;20;24.42;25.79;19.84;Bueno;57.31;Bueno;3;11.71;8.12;16.25;Bueno;54.17;Bueno;Bueno;Bueno
2025-09-30;12:00;21;24.62;25.79;19.84;Bueno;57.31;Bueno;1;11.46;8.12;16.25;Bueno;54.17;Bueno;Bueno;Bueno
2025-09-30;13:00;21;22.96;25.79;19.84;Bueno;57.31;Bueno;1;9.08;8.12;16.25;Bueno;54.17;Bueno;Bueno;Bueno
2025-09-30;14:00;21;23.12;25.79;19.84;Bueno;57.31;Bueno;1;8.71;8.12;16.25;Bueno;54.17;Bueno;Bueno;Bueno
2025-09-30;15:00;33;23.71;25.79;19.84;Bueno;57.31;Bueno;5;8.67;8.12;16.25;Bueno;54.17;Bueno;Bueno;Bueno
2025-09-30;16:00;43;24.88;25.79;19.84;Bueno;57.31;Bueno;14;9.12;8.12;16.25;Bueno;54.17;Bueno;Bueno;Bueno
2025-09-30;17:00;56;26.29;25.79;19.84;Bueno;57.31;Bueno;20;9.75;8.12;16.25;Bueno;54.17;Bueno;Bueno;Bueno
2025-09-30;18:00;55;26.92;25.79;19.84;Bueno;57.31;Bueno;15;10.00;8.12;16.25;Bueno;54.17;Bueno;Bueno;Bueno
2025-09-30;19:00;32;27.00;25.79;19.84;Bueno;57.31;Bueno;6;9.75;8.12;16.25;Bueno;54.17;Bueno;Bueno;Bueno
2025-09-30;20:00;21;26.54;25.79;19.84;Bueno;57.31;Bueno;5;9.12;8.12;16.25;Bueno;54.17;Bueno;Bueno;Bueno
2025-09-30;21:00;20;26.50;25.79;19.84;Bueno;57.31;Bueno;5;8.71;8.12;16.25;Bueno;54.17;Bueno;Bueno;Bueno
2025-09-30;22:00;13;26.00;25.79;19.84;Bueno;57.31;Bueno;4;8.25;8.12;16.25;Bueno;54.17;Bueno;Bueno;Bueno
2025-09-30;23:00;11;25.79;25.79;19.84;Bueno;57.31;Bueno;5;8.12;8.12;16.25;Bueno;54.17;Bueno;Bueno;Bueno
2025-10-01;00:00;11;25.71;27.88;21.44;Bueno;61.94;Bueno;3;8.08;10.50;21.00;Bueno;70.00;Bueno;Bueno;Bueno
2025-10-01;01:00;7;24.92;27.88;21.44;Bueno;61.94;Bueno;1;7.08;10.50;21.00;Bueno;70.00;Bueno;Bueno;Bueno
2025-10-01;02:00;10;24.58;27.88;21.44;Bueno;61.94;Bueno;9;6.92;10.50;21.00;Bueno;70.00;Bueno;Bueno;Bueno
2025-10-01;03:00;7;24.29;27.88;21.44;Bueno;61.94;Bueno;5;6.83;10.50;21.00;Bueno;70.00;Bueno;Bueno;Bueno
2025-10-01;04:00;6;23.96;27.88;21.44;Bueno;61.94;Bueno;1;6.62;10.50;21.00;Bueno;70.00;Bueno;Bueno;Bueno
2025-10-01;05:00;8;23.42;27.88;21.44;Bueno;61.94;Bueno;5;6.58;10.50;21.00;Bueno;70.00;Bueno;Bueno;Bueno
2025-10-01;06:00;20;22.54;27.88;21.44;Bueno;61.94;Bueno;5;6.21;10.50;21.00;Bueno;70.00;Bueno;Bueno;Bueno
2025-10-01;07:00;21;22.00;27.88;21.44;Bueno;61.94;Bueno;7;6.00;10.50;21.00;Bueno;70.00;Bueno;Bueno;Bueno
2025-10-01;08:00;15;21.67;27.88;21.44;Bueno;61.94;Bueno;6;5.88;10.50;21.00;Bueno;70.00;Bueno;Bueno;Bueno
2025-10-01;09:00;14;21.12;27.88;21.44;Bueno;61.94;Bueno;6;5.71;10.50;21.00;Bueno;70.00;Bueno;Bueno;Bueno
2025-10-01;10:00;73;23.29;27.88;21.44;Bueno;61.94;Bueno;59;8.00;10.50;21.00;Bueno;70.00;Bueno;Bueno;Bueno
2025-10-01;11:00;52;24.62;27.88;21.44;Bueno;61.94;Bueno;30;9.12;10.50;21.00;Bueno;70.00;Bueno;Bueno;Bueno
2025-10-01;12:00;24;24.75;27.88;21.44;Bueno;61.94;Bueno;5;9.29;10.50;21.00;Bueno;70.00;Bueno;Bueno;Bueno
2025-10-01;13:00;20;24.71;27.88;21.44;Bueno;61.94;Bueno;7;9.54;10.50;21.00;Bueno;70.00;Bueno;Bueno;Bueno
2025-10-01;14:00;24;24.83;27.88;21.44;Bueno;61.94;Bueno;7;9.79;10.50;21.00;Bueno;70.00;Bueno;Bueno;Bueno
2025-10-01;15:00;32;24.79;27.88;21.44;Bueno;61.94;Bueno;8;9.92;10.50;21.00;Bueno;70.00;Bueno;Bueno;Bueno
2025-10-01;16:00;41;24.71;27.88;21.44;Bueno;61.94;Bueno;10;9.75;10.50;21.00;Bueno;70.00;Bueno;Bueno;Bueno
2025-10-01;17:00;39;24.00;27.88;21.44;Bueno;61.94;Bueno;8;9.25;10.50;21.00;Bueno;70.00;Bueno;Bueno;Bueno
2025-10-01;18:00;48;23.71;27.88;21.44;Bueno;61.94;Bueno;13;9.17;10.50;21.00;Bueno;70.00;Bueno;Bueno;Bueno
2025-10-01;19:00;66;25.12;27.88;21.44;Bueno;61.94;Bueno;24;9.92;10.50;21.00;Bueno;70.00;Bueno;Bueno;Bueno
2025-10-01;20:00;48;26.25;27.88;21.44;Bueno;61.94;Bueno;9;10.08;10.50;21.00;Bueno;70.00;Bueno;Bueno;Bueno
2025-10-01;21:00;32;26.75;27.88;21.44;Bueno;61.94;Bueno;9;10.25;10.50;21.00;Bueno;70.00;Bueno;Bueno;Bueno
2025-10-01;22:00;27;27.33;27.88;21.44;Bueno;61.94;Bueno;10;10.50;10.50;21.00;Bueno;70.00;Bueno;Bueno;Bueno
2025-10-01;23:00;24;27.88;27.88;21.44;Bueno;61.94;Bueno;5;10.50;10.50;21.00;Bueno;70.00;Bueno;Bueno;Bueno
2025-10-02;00:00;21;28.29;74.42;57.24;Bueno;148.44;Regular;4;10.54;14.38;28.75;Bueno;95.83;Bueno;Bueno;Regular
2025-10-02;01:00;12;28.50;74.42;57.24;Bueno;148.44;Regular;4;10.67;14.38;28.75;Bueno;95.83;Bueno;Bueno;Regular
2025-10-02;02:00;7;28.38;74.42;57.24;Bueno;148.44;Regular;6;10.54;14.38;28.75;Bueno;95.83;Bueno;Bueno;Regular
2025-10-02;03:00;10;28.50;74.42;57.24;Bueno;148.44;Regular;6;10.58;14.38;28.75;Bueno;95.83;Bueno;Bueno;Regular
2025-10-02;04:00;9;28.62;74.42;57.24;Bueno;148.44;Regular;6;10.79;14.38;28.75;Bueno;95.83;Bueno;Bueno;Regular
2025-10-02;05:00;20;29.12;74.42;57.24;Bueno;148.44;Regular;8;10.92;14.38;28.75;Bueno;95.83;Bueno;Bueno;Regular
2025-10-02;06:00;35;29.75;74.42;57.24;Bueno;148.44;Regular;11;11.17;14.38;28.75;Bueno;95.83;Bueno;Bueno;Regular
2025-10-02;07:00;23;29.83;74.42;57.24;Bueno;148.44;Regular;11;11.33;14.38;28.75;Bueno;95.83;Bueno;Bueno;Regular
2025-10-02;08:00;23;30.17;74.42;57.24;Bueno;148.44;Regular;9;11.46;14.38;28.75;Bueno;95.83;Bueno;Bueno;Regular
2025-10-02;09:00;30;30.83;74.42;57.24;Bueno;148.44;Regular;4;11.38;14.38;28.75;Bueno;95.83;Bueno;Bueno;Regular
2025-10-02;10:00;18;28.54;74.42;57.24;Bueno;148.44;Regular;4;9.08;14.38;28.75;Bueno;95.83;Bueno;Bueno;Regular
2025-10-02;11:00;34;27.79;74.42;57.24;Bueno;148.44;Regular;8;8.17;14.38;28.75;Bueno;95.83;Bueno;Bueno;Regular
2025-10-02;12:00;33;28.17;74.42;57.24;Bueno;148.44;Regular;5;8.17;14.38;28.75;Bueno;95.83;Bueno;Bueno;Regular
2025-10-02;13:00;35;28.79;74.42;57.24;Bueno;148.44;Regular;3;8.00;14.38;28.75;Bueno;95.83;Bueno;Bueno;Regular
2025-10-02;14:00;68;30.62;74.42;57.24;Bueno;148.44;Regular;5;7.92;14.38;28.75;Bueno;95.83;Bueno;Bueno;Regular
2025-10-02;15:00;107;33.75;74.42;57.24;Bueno;148.44;Regular;8;7.92;14.38;28.75;Bueno;95.83;Bueno;Bueno;Regular
2025-10-02;16:00;162;38.79;74.42;57.24;Bueno;148.44;Regular;8;7.83;14.38;28.75;Bueno;95.83;Bueno;Bueno;Regular
2025-10-02;17:00;121;42.21;74.42;57.24;Bueno;148.44;Regular;12;8.00;14.38;28.75;Bueno;95.83;Bueno;Bueno;Regular
2025-10-02;18:00;83;43.67;74.42;57.24;Bueno;148.44;Regular;17;8.17;14.38;28.75;Bueno;95.83;Bueno;Bueno;Regular
2025-10-02;19:00;415;58.21;74.42;57.24;Bueno;148.44;Regular;38;8.75;14.38;28.75;Bueno;95.83;Bueno;Bueno;Regular
2025-10-02;20:00;266;67.29;74.42;57.24;Bueno;148.44;Regular;63;11.00;14.38;28.75;Bueno;95.83;Bueno;Bueno;Regular
2025-10-02;21:00;116;70.79;74.42;57.24;Bueno;148.44;Regular;39;12.25;14.38;28.75;Bueno;95.83;Bueno;Bueno;Regular
2025-10-02;22:00;76;72.83;74.42;57.24;Bueno;148.44;Regular;29;13.04;14.38;28.75;Bueno;95.83;Bueno;Bueno;Regular
2025-10-02;23:00;62;74.42;74.42;57.24;Bueno;148.44;Regular;37;14.38;14.38;28.75;Bueno;95.83;Bueno;Bueno;Regular
2025-10-03;00:00;39;75.17;43.54;33.49;Bueno;96.76;Bueno;20;15.04;14.33;28.67;Bueno;95.56;Bueno;Bueno;Bueno
2025-10-03;01:00;46;76.58;43.54;33.49;Bueno;96.76;Bueno;24;15.88;14.33;28.67;Bueno;95.56;Bueno;Bueno;Bueno
2025-10-03;02:00;39;77.92;43.54;33.49;Bueno;96.76;Bueno;19;16.42;14.33;28.67;Bueno;95.56;Bueno;Bueno;Bueno
2025-10-03;03:00;31;78.79;43.54;33.49;Bueno;96.76;Bueno;13;16.71;14.33;28.67;Bueno;95.56;Bueno;Bueno;Bueno
2025-10-03;04:00;27;79.54;43.54;33.49;Bueno;96.76;Bueno;19;17.25;14.33;28.67;Bueno;95.56;Bueno;Bueno;Bueno
2025-10-03;05:00;40;80.38;43.54;33.49;Bueno;96.76;Bueno;20;17.75;14.33;28.67;Bueno;95.56;Bueno;Bueno;Bueno
2025-10-03;06:00;44;80.75;43.54;33.49;Bueno;96.76;Bueno;26;18.38;14.33;28.67;Bueno;95.56;Bueno;Bueno;Bueno
2025-10-03;07:00;28;80.96;43.54;33.49;Bueno;96.76;Bueno;14;18.50;14.33;28.67;Bueno;95.56;Bueno;Bueno;Bueno
2025-10-03;08:00;21;80.88;43.54;33.49;Bueno;96.76;Bueno;14;18.71;14.33;28.67;Bueno;95.56;Bueno;Bueno;Bueno
2025-10-03;09:00;26;80.71;43.54;33.49;Bueno;96.76;Bueno;14;19.12;14.33;28.67;Bueno;95.56;Bueno;Bueno;Bueno
2025-10-03;10:00;28;81.12;43.54;33.49;Bueno;96.76;Bueno;8;19.29;14.33;28.67;Bueno;95.56;Bueno;Bueno;Bueno
2025-10-03;11:00;34;81.12;43.54;33.49;Bueno;96.76;Bueno;8;19.29;14.33;28.67;Bueno;95.56;Bueno;Bueno;Bueno
2025-10-03;12:00;34;81.17;43.54;33.49;Bueno;96.76;Bueno;12;19.58;14.33;28.67;Bueno;95.56;Bueno;Bueno;Bueno
2025-10-03;13:00;44;81.54;43.54;33.49;Bueno;96.76;Bueno;14;20.04;14.33;28.67;Bueno;95.56;Bueno;Bueno;Bueno
2025-10-03;14:00;68;81.54;43.54;33.49;Bueno;96.76;Bueno;29;21.04;14.33;28.67;Bueno;95.56;Bueno;Bueno;Bueno
2025-10-03;15:00;62;79.67;43.54;33.49;Bueno;96.76;Bueno;17;21.42;14.33;28.67;Bueno;95.56;Bueno;Bueno;Bueno
2025-10-03;16:00;75;76.04;43.54;33.49;Bueno;96.76;Bueno;16;21.75;14.33;28.67;Bueno;95.56;Bueno;Bueno;Bueno
2025-10-03;17:00;58;73.42;43.54;33.49;Bueno;96.76;Bueno;5;21.46;14.33;28.67;Bueno;95.56;Bueno;Bueno;Bueno
2025-10-03;18:00;120;74.96;43.54;33.49;Bueno;96.76;Bueno;21;21.62;14.33;28.67;Bueno;95.56;Bueno;Bueno;Bueno
2025-10-03;19:00;33;59.04;43.54;33.49;Bueno;96.76;Bueno;7;20.33;14.33;28.67;Bueno;95.56;Bueno;Bueno;Bueno
2025-10-03;20:00;20;48.79;43.54;33.49;Bueno;96.76;Bueno;9;18.08;14.33;28.67;Bueno;95.56;Bueno;Bueno;Bueno
2025-10-03;21:00;62;46.54;43.54;33.49;Bueno;96.76;Bueno;8;16.79;14.33;28.67;Bueno;95.56;Bueno;Bueno;Bueno
2025-10-03;22:00;25;44.42;43.54;33.49;Bueno;96.76;Bueno;4;15.75;14.33;28.67;Bueno;95.56;Bueno;Bueno;Bueno
2025-10-03;23:00;41;43.54;43.54;33.49;Bueno;96.76;Bueno;3;14.33;14.33;28.67;Bueno;95.56;Bueno;Bueno;Bueno
2025-10-04;00:00;27;43.04;12.04;9.26;Bueno;26.76;Bueno;5;13.71;5.46;10.92;Bueno;36.39;Bueno;Bueno;Bueno
2025-10-04;01:00;28;42.29;12.04;9.26;Bueno;26.76;Bueno;8;13.04;5.46;10.92;Bueno;36.39;Bueno;Bueno;Bueno
2025-10-04;02:00;6;40.92;12.04;9.26;Bueno;26.76;Bueno;5;12.46;5.46;10.92;Bueno;36.39;Bueno;Bueno;Bueno
2025-10-04;03:00;8;39.96;12.04;9.26;Bueno;26.76;Bueno;4;12.08;5.46;10.92;Bueno;36.39;Bueno;Bueno;Bueno
2025-10-04;04:00;6;39.08;12.04;9.26;Bueno;26.76;Bueno;5;11.50;5.46;10.92;Bueno;36.39;Bueno;Bueno;Bueno
2025-10-04;05:00;6;37.67;12.04;9.26;Bueno;26.76;Bueno;5;10.88;5.46;10.92;Bueno;36.39;Bueno;Bueno;Bueno
2025-10-04;06:00;4;36.00;12.04;9.26;Bueno;26.76;Bueno;3;9.92;5.46;10.92;Bueno;36.39;Bueno;Bueno;Bueno
2025-10-04;07:00;4;35.00;12.04;9.26;Bueno;26.76;Bueno;1;9.38;5.46;10.92;Bueno;36.39;Bueno;Bueno;Bueno
2025-10-04;08:00;6;34.38;12.04;9.26;Bueno;26.76;Bueno;3;8.92;5.46;10.92;Bueno;36.39;Bueno;Bueno;Bueno
2025-10-04;09:00;8;33.62;12.04;9.26;Bueno;26.76;Bueno;7;8.62;5.46;10.92;Bueno;36.39;Bueno;Bueno;Bueno
2025-10-04;10:00;7;32.75;12.04;9.26;Bueno;26.76;Bueno;5;8.50;5.46;10.92;Bueno;36.39;Bueno;Bueno;Bueno
2025-10-04;11:00;9;31.71;12.04;9.26;Bueno;26.76;Bueno;4;8.33;5.46;10.92;Bueno;36.39;Bueno;Bueno;Bueno
2025-10-04;12:00;10;30.71;12.04;9.26;Bueno;26.76;Bueno;5;8.04;5.46;10.92;Bueno;36.39;Bueno;Bueno;Bueno
2025-10-04;13:00;12;29.38;12.04;9.26;Bueno;26.76;Bueno;6;7.71;5.46;10.92;Bueno;36.39;Bueno;Bueno;Bueno
2025-10-04;14:00;9;26.92;12.04;9.26;Bueno;26.76;Bueno;7;6.79;5.46;10.92;Bueno;36.39;Bueno;Bueno;Bueno
2025-10-04;15:00;18;25.08;12.04;9.26;Bueno;26.76;Bueno;6;6.33;5.46;10.92;Bueno;36.39;Bueno;Bueno;Bueno
2025-10-04;16:00;11;22.42;12.04;9.26;Bueno;26.76;Bueno;5;5.88;5.46;10.92;Bueno;36.39;Bueno;Bueno;Bueno
2025-10-04;17:00;13;20.54;12.04;9.26;Bueno;26.76;Bueno;4;5.83;5.46;10.92;Bueno;36.39;Bueno;Bueno;Bueno
2025-10-04;18:00;17;16.25;12.04;9.26;Bueno;26.76;Bueno;3;5.08;5.46;10.92;Bueno;36.39;Bueno;Bueno;Bueno
2025-10-04;19:00;17;15.58;12.04;9.26;Bueno;26.76;Bueno;9;5.17;5.46;10.92;Bueno;36.39;Bueno;Bueno;Bueno
2025-10-04;20:00;13;15.29;12.04;9.26;Bueno;26.76;Bueno;11;5.25;5.46;10.92;Bueno;36.39;Bueno;Bueno;Bueno
2025-10-04;21:00;14;13.29;12.04;9.26;Bueno;26.76;Bueno;7;5.21;5.46;10.92;Bueno;36.39;Bueno;Bueno;Bueno
2025-10-04;22:00;17;12.96;12.04;9.26;Bueno;26.76;Bueno;6;5.29;5.46;10.92;Bueno;36.39;Bueno;Bueno;Bueno
2025-10-04;23:00;19;12.04;12.04;9.26;Bueno;26.76;Bueno;7;5.46;5.46;10.92;Bueno;36.39;Bueno;Bueno;Bueno
2025-10-05;00:00;8;11.25;11.38;8.75;Bueno;25.28;Bueno;7;5.54;7.75;15.50;Bueno;51.67;Bueno;Bueno;Bueno
2025-10-05;01:00;12;10.58;11.38;8.75;Bueno;25.28;Bueno;11;5.67;7.75;15.50;Bueno;51.67;Bueno;Bueno;Bueno
2025-10-05;02:00;10;10.75;11.38;8.75;Bueno;25.28;Bueno;9;5.83;7.75;15.50;Bueno;51.67;Bueno;Bueno;Bueno
2025-10-05;03:00;18;11.17;11.38;8.75;Bueno;25.28;Bueno;12;6.17;7.75;15.50;Bueno;51.67;Bueno;Bueno;Bueno
2025-10-05;04:00;19;11.71;11.38;8.75;Bueno;25.28;Bueno;16;6.62;7.75;15.50;Bueno;51.67;Bueno;Bueno;Bueno
2025-10-05;05:00;14;12.04;11.38;8.75;Bueno;25.28;Bueno;9;6.79;7.75;15.50;Bueno;51.67;Bueno;Bueno;Bueno
2025-10-05;06:00;8;12.21;11.38;8.75;Bueno;25.28;Bueno;7;6.96;7.75;15.50;Bueno;51.67;Bueno;Bueno;Bueno
2025-10-05;07:00;6;12.29;11.38;8.75;Bueno;25.28;Bueno;2;7.00;7.75;15.50;Bueno;51.67;Bueno;Bueno;Bueno
2025-10-05;08:00;8;12.38;11.38;8.75;Bueno;25.28;Bueno;1;6.92;7.75;15.50;Bueno;51.67;Bueno;Bueno;Bueno
2025-10-05;09:00;5;12.25;11.38;8.75;Bueno;25.28;Bueno;1;6.67;7.75;15.50;Bueno;51.67;Bueno;Bueno;Bueno
2025-10-05;10:00;5;12.17;11.38;8.75;Bueno;25.28;Bueno;3;6.58;7.75;15.50;Bueno;51.67;Bueno;Bueno;Bueno
2025-10-05;11:00;3;11.92;11.38;8.75;Bueno;25.28;Bueno;2;6.50;7.75;15.50;Bueno;51.67;Bueno;Bueno;Bueno
2025-10-05;12:00;3;11.62;11.38;8.75;Bueno;25.28;Bueno;1;6.33;7.75;15.50;Bueno;51.67;Bueno;Bueno;Bueno
2025-10-05;13:00;6;11.38;11.38;8.75;Bueno;25.28;Bueno;5;6.29;7.75;15.50;Bueno;51.67;Bueno;Bueno;Bueno
2025-10-05;14:00;6;11.25;11.38;8.75;Bueno;25.28;Bueno;3;6.12;7.75;15.50;Bueno;51.67;Bueno;Bueno;Bueno
2025-10-05;15:00;10;10.92;11.38;8.75;Bueno;25.28;Bueno;5;6.08;7.75;15.50;Bueno;51.67;Bueno;Bueno;Bueno
2025-10-05;16:00;7;10.75;11.38;8.75;Bueno;25.28;Bueno;4;6.04;7.75;15.50;Bueno;51.67;Bueno;Bueno;Bueno
2025-10-05;17:00;10;10.62;11.38;8.75;Bueno;25.28;Bueno;3;6.00;7.75;15.50;Bueno;51.67;Bueno;Bueno;Bueno
2025-10-05;18:00;15;10.54;11.38;8.75;Bueno;25.28;Bueno;8;6.21;7.75;15.50;Bueno;51.67;Bueno;Bueno;Bueno
2025-10-05;19:00;19;10.62;11.38;8.75;Bueno;25.28;Bueno;18;6.58;7.75;15.50;Bueno;51.67;Bueno;Bueno;Bueno
2025-10-05;20:00;24;11.08;11.38;8.75;Bueno;25.28;Bueno;19;6.92;7.75;15.50;Bueno;51.67;Bueno;Bueno;Bueno
2025-10-05;21:00;23;11.46;11.38;8.75;Bueno;25.28;Bueno;19;7.42;7.75;15.50;Bueno;51.67;Bueno;Bueno;Bueno
2025-10-05;22:00;13;11.29;11.38;8.75;Bueno;25.28;Bueno;8;7.50;7.75;15.50;Bueno;51.67;Bueno;Bueno;Bueno
2025-10-05;23:00;21;11.38;11.38;8.75;Bueno;25.28;Bueno;13;7.75;7.75;15.50;Bueno;51.67;Bueno;Bueno;Bueno
2025-10-06;00:00;35;12.50;24.62;18.94;Bueno;54.72;Bueno;29;8.67;11.62;23.25;Bueno;77.50;Bueno;Bueno;Bueno
2025-10-06;01:00;13;12.54;24.62;18.94;Bueno;54.72;Bueno;5;8.42;11.62;23.25;Bueno;77.50;Bueno;Bueno;Bueno
2025-10-06;02:00;8;12.46;24.62;18.94;Bueno;54.72;Bueno;6;8.29;11.62;23.25;Bueno;77.50;Bueno;Bueno;Bueno
2025-10-06;03:00;12;12.21;24.62;18.94;Bueno;54.72;Bueno;7;8.08;11.62;23.25;Bueno;77.50;Bueno;Bueno;Bueno
2025-10-06;04:00;9;11.79;24.62;18.94;Bueno;54.72;Bueno;4;7.58;11.62;23.25;Bueno;77.50;Bueno;Bueno;Bueno
2025-10-06;05:00;23;12.17;24.62;18.94;Bueno;54.72;Bueno;12;7.71;11.62;23.25;Bueno;77.50;Bueno;Bueno;Bueno
2025-10-06;06:00;56;14.17;24.62;18.94;Bueno;54.72;Bueno;21;8.29;11.62;23.25;Bueno;77.50;Bueno;Bueno;Bueno
2025-10-06;07:00;41;15.62;24.62;18.94;Bueno;54.72;Bueno;13;8.75;11.62;23.25;Bueno;77.50;Bueno;Bueno;Bueno
2025-10-06;08:00;23;16.25;24.62;18.94;Bueno;54.72;Bueno;9;9.08;11.62;23.25;Bueno;77.50;Bueno;Bueno;Bueno
2025-10-06;09:00;23;17.00;24.62;18.94;Bueno;54.72;Bueno;6;9.29;11.62;23.25;Bueno;77.50;Bueno;Bueno;Bueno
2025-10-06;10:00;20;17.62;24.62;18.94;Bueno;54.72;Bueno;10;9.58;11.62;23.25;Bueno;77.50;Bueno;Bueno;Bueno
2025-10-06;11:00;15;18.12;24.62;18.94;Bueno;54.72;Bueno;5;9.71;11.62;23.25;Bueno;77.50;Bueno;Bueno;Bueno
2025-10-06;12:00;33;19.38;24.62;18.94;Bueno;54.72;Bueno;20;10.50;11.62;23.25;Bueno;77.50;Bueno;Bueno;Bueno
2025-10-06;13:00;37;20.67;24.62;18.94;Bueno;54.72;Bueno;26;11.38;11.62;23.25;Bueno;77.50;Bueno;Bueno;Bueno
2025-10-06;14:00;17;21.12;24.62;18.94;Bueno;54.72;Bueno;2;11.33;11.62;23.25;Bueno;77.50;Bueno;Bueno;Bueno
2025-10-06;15:00;38;22.29;24.62;18.94;Bueno;54.72;Bueno;26;12.21;11.62;23.25;Bueno;77.50;Bueno;Bueno;Bueno
2025-10-06;16:00;31;23.29;24.62;18.94;Bueno;54.72;Bueno;8;12.38;11.62;23.25;Bueno;77.50;Bueno;Bueno;Bueno
2025-10-06;17:00;21;23.75;24.62;18.94;Bueno;54.72;Bueno;6;12.50;11.62;23.25;Bueno;77.50;Bueno;Bueno;Bueno
2025-10-06;18:00;27;24.25;24.62;18.94;Bueno;54.72;Bueno;5;12.38;11.62;23.25;Bueno;77.50;Bueno;Bueno;Bueno
2025-10-06;19:00;23;24.42;24.62;18.94;Bueno;54.72;Bueno;13;12.17;11.62;23.25;Bueno;77.50;Bueno;Bueno;Bueno
2025-10-06;20:00;26;24.50;24.62;18.94;Bueno;54.72;Bueno;14;11.96;11.62;23.25;Bueno;77.50;Bueno;Bueno;Bueno
2025-10-06;21:00;28;24.71;24.62;18.94;Bueno;54.72;Bueno;17;11.88;11.62;23.25;Bueno;77.50;Bueno;Bueno;Bueno
2025-10-06;22:00;18;24.92;24.62;18.94;Bueno;54.72;Bueno;8;11.88;11.62;23.25;Bueno;77.50;Bueno;Bueno;Bueno
2025-10-06;23:00;14;24.62;24.62;18.94;Bueno;54.72;Bueno;7;11.62;11.62;23.25;Bueno;77.50;Bueno;Bueno;Bueno
2025-10-07;00:00;10;23.58;18.38;14.13;Bueno;40.83;Bueno;6;10.67;4.04;8.08;Bueno;26.94;Bueno;Bueno;Bueno
2025-10-07;01:00;11;23.50;18.38;14.13;Bueno;40.83;Bueno;7;10.75;4.04;8.08;Bueno;26.94;Bueno;Bueno;Bueno
2025-10-07;02:00;12;23.67;18.38;14.13;Bueno;40.83;Bueno;4;10.67;4.04;8.08;Bueno;26.94;Bueno;Bueno;Bueno
2025-10-07;03:00;8;23.50;18.38;14.13;Bueno;40.83;Bueno;5;10.58;4.04;8.08;Bueno;26.94;Bueno;Bueno;Bueno
2025-10-07;04:00;9;23.50;18.38;14.13;Bueno;40.83;Bueno;3;10.54;4.04;8.08;Bueno;26.94;Bueno;Bueno;Bueno
2025-10-07;05:00;12;23.04;18.38;14.13;Bueno;40.83;Bueno;2;10.12;4.04;8.08;Bueno;26.94;Bueno;Bueno;Bueno
2025-10-07;06:00;20;21.54;18.38;14.13;Bueno;40.83;Bueno;5;9.46;4.04;8.08;Bueno;26.94;Bueno;Bueno;Bueno
2025-10-07;07:00;48;21.83;18.38;14.13;Bueno;40.83;Bueno;8;9.25;4.04;8.08;Bueno;26.94;Bueno;Bueno;Bueno
2025-10-07;08:00;21;21.75;18.38;14.13;Bueno;40.83;Bueno;6;9.12;4.04;8.08;Bueno;26.94;Bueno;Bueno;Bueno
2025-10-07;09:00;18;21.54;18.38;14.13;Bueno;40.83;Bueno;5;9.08;4.04;8.08;Bueno;26.94;Bueno;Bueno;Bueno
2025-10-07;10:00;21;21.58;18.38;14.13;Bueno;40.83;Bueno;6;8.92;4.04;8.08;Bueno;26.94;Bueno;Bueno;Bueno
2025-10-07;11:00;20;21.79;18.38;14.13;Bueno;40.83;Bueno;3;8.83;4.04;8.08;Bueno;26.94;Bueno;Bueno;Bueno
2025-10-07;12:00;21;21.29;18.38;14.13;Bueno;40.83;Bueno;4;8.17;4.04;8.08;Bueno;26.94;Bueno;Bueno;Bueno
2025-10-07;13:00;21;20.62;18.38;14.13;Bueno;40.83;Bueno;2;7.17;4.04;8.08;Bueno;26.94;Bueno;Bueno;Bueno
2025-10-07;14:00;19;20.71;18.38;14.13;Bueno;40.83;Bueno;1;7.12;4.04;8.08;Bueno;26.94;Bueno;Bueno;Bueno
2025-10-07;15:00;21;20.00;18.38;14.13;Bueno;40.83;Bueno;2;6.12;4.04;8.08;Bueno;26.94;Bueno;Bueno;Bueno
2025-10-07;16:00;22;19.62;18.38;14.13;Bueno;40.83;Bueno;3;5.92;4.04;8.08;Bueno;26.94;Bueno;Bueno;Bueno
2025-10-07;17:00;26;19.83;18.38;14.13;Bueno;40.83;Bueno;3;5.79;4.04;8.08;Bueno;26.94;Bueno;Bueno;Bueno
2025-10-07;18:00;27;19.83;18.38;14.13;Bueno;40.83;Bueno;5;5.79;4.04;8.08;Bueno;26.94;Bueno;Bueno;Bueno
2025-10-07;19:00;22;19.79;18.38;14.13;Bueno;40.83;Bueno;5;5.46;4.04;8.08;Bueno;26.94;Bueno;Bueno;Bueno
2025-10-07;20:00;18;19.46;18.38;14.13;Bueno;40.83;Bueno;3;5.00;4.04;8.08;Bueno;26.94;Bueno;Bueno;Bueno
2025-10-07;21:00;16;18.96;18.38;14.13;Bueno;40.83;Bueno;1;4.33;4.04;8.08;Bueno;26.94;Bueno;Bueno;Bueno
2025-10-07;22:00;10;18.62;18.38;14.13;Bueno;40.83;Bueno;2;4.08;4.04;8.08;Bueno;26.94;Bueno;Bueno;Bueno
2025-10-07;23:00;8;18.38;18.38;14.13;Bueno;40.83;Bueno;6;4.04;4.04;8.08;Bueno;26.94;Bueno;Bueno;Bueno
2025-10-08;00:00;8;18.29;21.21;16.31;Bueno;47.13;Bueno;4;3.96;6.42;12.83;Bueno;42.78;Bueno;Bueno;Bueno
2025-10-08;01:00;8;18.17;21.21;16.31;Bueno;47.13;Bueno;3;3.79;6.42;12.83;Bueno;42.78;Bueno;Bueno;Bueno
2025-10-08;02:00;5;17.88;21.21;16.31;Bueno;47.13;Bueno;4;3.79;6.42;12.83;Bueno;42.78;Bueno;Bueno;Bueno
2025-10-08;03:00;4;17.71;21.21;16.31;Bueno;47.13;Bueno;3;3.71;6.42;12.83;Bueno;42.78;Bueno;Bueno;Bueno
2025-10-08;04:00;6;17.58;21.21;16.31;Bueno;47.13;Bueno;3;3.71;6.42;12.83;Bueno;42.78;Bueno;Bueno;Bueno
2025-10-08;05:00;9;17.46;21.21;16.31;Bueno;47.13;Bueno;2;3.71;6.42;12.83;Bueno;42.78;Bueno;Bueno;Bueno
2025-10-08;06:00;15;17.25;21.21;16.31;Bueno;47.13;Bueno;3;3.62;6.42;12.83;Bueno;42.78;Bueno;Bueno;Bueno
2025-10-08;07:00;14;15.83;21.21;16.31;Bueno;47.13;Bueno;7;3.58;6.42;12.83;Bueno;42.78;Bueno;Bueno;Bueno
2025-10-08;08:00;17;15.67;21.21;16.31;Bueno;47.13;Bueno;4;3.50;6.42;12.83;Bueno;42.78;Bueno;Bueno;Bueno
2025-10-08;09:00;13;15.46;21.21;16.31;Bueno;47.13;Bueno;2;3.38;6.42;12.83;Bueno;42.78;Bueno;Bueno;Bueno
2025-10-08;10:00;15;15.21;21.21;16.31;Bueno;47.13;Bueno;4;3.29;6.42;12.83;Bueno;42.78;Bueno;Bueno;Bueno
2025-10-08;11:00;16;15.04;21.21;16.31;Bueno;47.13;Bueno;6;3.42;6.42;12.83;Bueno;42.78;Bueno;Bueno;Bueno
2025-10-08;12:00;22;15.08;21.21;16.31;Bueno;47.13;Bueno;8;3.58;6.42;12.83;Bueno;42.78;Bueno;Bueno;Bueno
2025-10-08;13:00;21;15.08;21.21;16.31;Bueno;47.13;Bueno;5;3.71;6.42;12.83;Bueno;42.78;Bueno;Bueno;Bueno
2025-10-08;14:00;26;15.38;21.21;16.31;Bueno;47.13;Bueno;6;3.92;6.42;12.83;Bueno;42.78;Bueno;Bueno;Bueno
2025-10-08;15:00;26;15.58;21.21;16.31;Bueno;47.13;Bueno;5;4.04;6.42;12.83;Bueno;42.78;Bueno;Bueno;Bueno
2025-10-08;16:00;24;15.67;21.21;16.31;Bueno;47.13;Bueno;3;4.04;6.42;12.83;Bueno;42.78;Bueno;Bueno;Bueno
2025-10-08;17:00;41;16.29;21.21;16.31;Bueno;47.13;Bueno;2;4.00;6.42;12.83;Bueno;42.78;Bueno;Bueno;Bueno
2025-10-08;18:00;40;16.83;21.21;16.31;Bueno;47.13;Bueno;8;4.12;6.42;12.83;Bueno;42.78;Bueno;Bueno;Bueno
2025-10-08;19:00;54;18.17;21.21;16.31;Bueno;47.13;Bueno;14;4.50;6.42;12.83;Bueno;42.78;Bueno;Bueno;Bueno
2025-10-08;20:00;49;19.46;21.21;16.31;Bueno;47.13;Bueno;22;5.29;6.42;12.83;Bueno;42.78;Bueno;Bueno;Bueno
2025-10-08;21:00;34;20.21;21.21;16.31;Bueno;47.13;Bueno;14;5.83;6.42;12.83;Bueno;42.78;Bueno;Bueno;Bueno
2025-10-08;22:00;21;20.67;21.21;16.31;Bueno;47.13;Bueno;11;6.21;6.42;12.83;Bueno;42.78;Bueno;Bueno;Bueno
2025-10-08;23:00;21;21.21;21.21;16.31;Bueno;47.13;Bueno;11;6.42;6.42;12.83;Bueno;42.78;Bueno;Bueno;Bueno
2025-10-09;00:00;21;21.75;28.62;22.02;Bueno;63.61;Bueno;13;6.79;8.25;16.50;Bueno;55.00;Bueno;Bueno;Bueno
2025-10-09;01:00;13;21.96;28.62;22.02;Bueno;63.61;Bueno;9;7.04;8.25;16.50;Bueno;55.00;Bueno;Bueno;Bueno
2025-10-09;02:00;9;22.12;28.62;22.02;Bueno;63.61;Bueno;6;7.12;8.25;16.50;Bueno;55.00;Bueno;Bueno;Bueno
2025-10-09;03:00;8;22.29;28.62;22.02;Bueno;63.61;Bueno;7;7.29;8.25;16.50;Bueno;55.00;Bueno;Bueno;Bueno
2025-10-09;04:00;8;22.38;28.62;22.02;Bueno;63.61;Bueno;7;7.46;8.25;16.50;Bueno;55.00;Bueno;Bueno;Bueno
2025-10-09;05:00;9;22.38;28.62;22.02;Bueno;63.61;Bueno;4;7.54;8.25;16.50;Bueno;55.00;Bueno;Bueno;Bueno
2025-10-09;06:00;35;23.21;28.62;22.02;Bueno;63.61;Bueno;10;7.83;8.25;16.50;Bueno;55.00;Bueno;Bueno;Bueno
2025-10-09;07:00;28;23.79;28.62;22.02;Bueno;63.61;Bueno;7;7.83;8.25;16.50;Bueno;55.00;Bueno;Bueno;Bueno
2025-10-09;08:00;18;23.83;28.62;22.02;Bueno;63.61;Bueno;15;8.29;8.25;16.50;Bueno;55.00;Bueno;Bueno;Bueno
2025-10-09;09:00;38;24.88;28.62;22.02;Bueno;63.61;Bueno;8;8.54;8.25;16.50;Bueno;55.00;Bueno;Bueno;Bueno
2025-10-09;10:00;14;24.83;28.62;22.02;Bueno;63.61;Bueno;4;8.54;8.25;16.50;Bueno;55.00;Bueno;Bueno;Bueno
2025-10-09;11:00;17;24.88;28.62;22.02;Bueno;63.61;Bueno;2;8.38;8.25;16.50;Bueno;55.00;Bueno;Bueno;Bueno
2025-10-09;12:00;21;24.83;28.62;22.02;Bueno;63.61;Bueno;2;8.12;8.25;16.50;Bueno;55.00;Bueno;Bueno;Bueno
2025-10-09;13:00;30;25.21;28.62;22.02;Bueno;63.61;Bueno;3;8.04;8.25;16.50;Bueno;55.00;Bueno;Bueno;Bueno
2025-10-09;14:00;35;25.58;28.62;22.02;Bueno;63.61;Bueno;2;7.88;8.25;16.50;Bueno;55.00;Bueno;Bueno;Bueno
2025-10-09;15:00;42;26.25;28.62;22.02;Bueno;63.61;Bueno;3;7.79;8.25;16.50;Bueno;55.00;Bueno;Bueno;Bueno
2025-10-09;16:00;66;28.00;28.62;22.02;Bueno;63.61;Bueno;5;7.88;8.25;16.50;Bueno;55.00;Bueno;Bueno;Bueno
2025-10-09;17:00;28;27.46;28.62;22.02;Bueno;63.61;Bueno;6;8.04;8.25;16.50;Bueno;55.00;Bueno;Bueno;Bueno
2025-10-09;18:00;46;27.71;28.62;22.02;Bueno;63.61;Bueno;6;7.96;8.25;16.50;Bueno;55.00;Bueno;Bueno;Bueno
2025-10-09;19:00;64;28.12;28.62;22.02;Bueno;63.61;Bueno;23;8.33;8.25;16.50;Bueno;55.00;Bueno;Bueno;Bueno
2025-10-09;20:00;51;28.21;28.62;22.02;Bueno;63.61;Bueno;21;8.29;8.25;16.50;Bueno;55.00;Bueno;Bueno;Bueno
2025-10-09;21:00;38;28.38;28.62;22.02;Bueno;63.61;Bueno;8;8.04;8.25;16.50;Bueno;55.00;Bueno;Bueno;Bueno
2025-10-09;22:00;27;28.62;28.62;22.02;Bueno;63.61;Bueno;19;8.38;8.25;16.50;Bueno;55.00;Bueno;Bueno;Bueno
2025-10-09;23:00;21;28.62;28.62;22.02;Bueno;63.61;Bueno;8;8.25;8.25;16.50;Bueno;55.00;Bueno;Bueno;Bueno
2025-10-10;00:00;19;28.54;38.38;29.52;Bueno;85.28;Bueno;8;8.04;12.00;24.00;Bueno;80.00;Bueno;Bueno;Bueno
2025-10-10;01:00;17;28.71;38.38;29.52;Bueno;85.28;Bueno;8;8.00;12.00;24.00;Bueno;80.00;Bueno;Bueno;Bueno
2025-10-10;02:00;15;28.96;38.38;29.52;Bueno;85.28;Bueno;7;8.04;12.00;24.00;Bueno;80.00;Bueno;Bueno;Bueno
2025-10-10;03:00;16;29.29;38.38;29.52;Bueno;85.28;Bueno;9;8.12;12.00;24.00;Bueno;80.00;Bueno;Bueno;Bueno
2025-10-10;04:00;16;29.62;38.38;29.52;Bueno;85.28;Bueno;7;8.12;12.00;24.00;Bueno;80.00;Bueno;Bueno;Bueno
2025-10-10;05:00;39;30.88;38.38;29.52;Bueno;85.28;Bueno;19;8.75;12.00;24.00;Bueno;80.00;Bueno;Bueno;Bueno
2025-10-10;06:00;31;30.71;38.38;29.52;Bueno;85.28;Bueno;19;9.12;12.00;24.00;Bueno;80.00;Bueno;Bueno;Bueno
2025-10-10;07:00;28;30.71;38.38;29.52;Bueno;85.28;Bueno;19;9.62;12.00;24.00;Bueno;80.00;Bueno;Bueno;Bueno
2025-10-10;08:00;48;31.96;38.38;29.52;Bueno;85.28;Bueno;24;10.00;12.00;24.00;Bueno;80.00;Bueno;Bueno;Bueno
2025-10-10;09:00;61;32.92;38.38;29.52;Bueno;85.28;Bueno;29;10.88;12.00;24.00;Bueno;80.00;Bueno;Bueno;Bueno
2025-10-10;10:00;75;35.46;38.38;29.52;Bueno;85.28;Bueno;23;11.67;12.00;24.00;Bueno;80.00;Bueno;Bueno;Bueno
2025-10-10;11:00;26;35.83;38.38;29.52;Bueno;85.28;Bueno;8;11.92;12.00;24.00;Bueno;80.00;Bueno;Bueno;Bueno
2025-10-10;12:00;48;36.96;38.38;29.52;Bueno;85.28;Bueno;8;12.17;12.00;24.00;Bueno;80.00;Bueno;Bueno;Bueno
2025-10-10;13:00;41;37.42;38.38;29.52;Bueno;85.28;Bueno;15;12.67;12.00;24.00;Bueno;80.00;Bueno;Bueno;Bueno
2025-10-10;14:00;58;38.38;38.38;29.52;Bueno;85.28;Bueno;28;13.75;12.00;24.00;Bueno;80.00;Bueno;Bueno;Bueno
2025-10-10;15:00;78;39.88;38.38;29.52;Bueno;85.28;Bueno;15;14.25;12.00;24.00;Bueno;80.00;Bueno;Bueno;Bueno
2025-10-10;16:00;77;40.33;38.38;29.52;Bueno;85.28;Bueno;7;14.33;12.00;24.00;Bueno;80.00;Bueno;Bueno;Bueno
2025-10-10;17:00;98;43.25;38.38;29.52;Bueno;85.28;Bueno;3;14.21;12.00;24.00;Bueno;80.00;Bueno;Bueno;Bueno
2025-10-10;18:00;65;44.04;38.38;29.52;Bueno;85.28;Bueno;6;14.21;12.00;24.00;Bueno;80.00;Bueno;Bueno;Bueno
2025-10-10;19:00;20;42.21;38.38;29.52;Bueno;85.28;Bueno;3;13.38;12.00;24.00;Bueno;80.00;Bueno;Bueno;Bueno
2025-10-10;20:00;18;40.83;38.38;29.52;Bueno;85.28;Bueno;8;12.83;12.00;24.00;Bueno;80.00;Bueno;Bueno;Bueno
2025-10-10;21:00;10;39.67;38.38;29.52;Bueno;85.28;Bueno;5;12.71;12.00;24.00;Bueno;80.00;Bueno;Bueno;Bueno
2025-10-10;22:00;7;38.83;38.38;29.52;Bueno;85.28;Bueno;5;12.12;12.00;24.00;Bueno;80.00;Bueno;Bueno;Bueno
2025-10-10;23:00;10;38.38;38.38;29.52;Bueno;85.28;Bueno;5;12.00;12.00;24.00;Bueno;80.00;Bueno;Bueno;Bueno
2025-10-11;00:00;8;37.92;14.92;11.47;Bueno;33.15;Bueno;3;11.79;9.04;18.08;Bueno;60.28;Bueno;Bueno;Bueno
2025-10-11;01:00;9;37.58;14.92;11.47;Bueno;33.15;Bueno;8;11.79;9.04;18.08;Bueno;60.28;Bueno;Bueno;Bueno
2025-10-11;02:00;7;37.25;14.92;11.47;Bueno;33.15;Bueno;6;11.75;9.04;18.08;Bueno;60.28;Bueno;Bueno;Bueno
2025-10-11;03:00;7;36.88;14.92;11.47;Bueno;33.15;Bueno;1;11.42;9.04;18.08;Bueno;60.28;Bueno;Bueno;Bueno
2025-10-11;04:00;4;36.38;14.92;11.47;Bueno;33.15;Bueno;1;11.17;9.04;18.08;Bueno;60.28;Bueno;Bueno;Bueno
2025-10-11;05:00;4;34.92;14.92;11.47;Bueno;33.15;Bueno;1;10.42;9.04;18.08;Bueno;60.28;Bueno;Bueno;Bueno
2025-10-11;06:00;18;34.38;14.92;11.47;Bueno;33.15;Bueno;16;10.29;9.04;18.08;Bueno;60.28;Bueno;Bueno;Bueno
2025-10-11;07:00;12;33.71;14.92;11.47;Bueno;33.15;Bueno;4;9.67;9.04;18.08;Bueno;60.28;Bueno;Bueno;Bueno
2025-10-11;08:00;13;32.25;14.92;11.47;Bueno;33.15;Bueno;7;8.96;9.04;18.08;Bueno;60.28;Bueno;Bueno;Bueno
2025-10-11;09:00;9;30.08;14.92;11.47;Bueno;33.15;Bueno;4;7.92;9.04;18.08;Bueno;60.28;Bueno;Bueno;Bueno
2025-10-11;10:00;11;27.42;14.92;11.47;Bueno;33.15;Bueno;1;7.00;9.04;18.08;Bueno;60.28;Bueno;Bueno;Bueno
2025-10-11;11:00;11;26.79;14.92;11.47;Bueno;33.15;Bueno;3;6.79;9.04;18.08;Bueno;60.28;Bueno;Bueno;Bueno
2025-10-11;12:00;13;25.33;14.92;11.47;Bueno;33.15;Bueno;6;6.71;9.04;18.08;Bueno;60.28;Bueno;Bueno;Bueno
2025-10-11;13:00;22;24.54;14.92;11.47;Bueno;33.15;Bueno;11;6.54;9.04;18.08;Bueno;60.28;Bueno;Bueno;Bueno
2025-10-11;14:00;19;22.92;14.92;11.47;Bueno;33.15;Bueno;13;5.92;9.04;18.08;Bueno;60.28;Bueno;Bueno;Bueno
2025-10-11;15:00;18;20.42;14.92;11.47;Bueno;33.15;Bueno;9;5.67;9.04;18.08;Bueno;60.28;Bueno;Bueno;Bueno
2025-10-11;16:00;16;17.88;14.92;11.47;Bueno;33.15;Bueno;15;6.00;9.04;18.08;Bueno;60.28;Bueno;Bueno;Bueno
2025-10-11;17:00;14;14.38;14.92;11.47;Bueno;33.15;Bueno;10;6.29;9.04;18.08;Bueno;60.28;Bueno;Bueno;Bueno
2025-10-11;18:00;22;12.58;14.92;11.47;Bueno;33.15;Bueno;17;6.75;9.04;18.08;Bueno;60.28;Bueno;Bueno;Bueno
2025-10-11;19:00;27;12.88;14.92;11.47;Bueno;33.15;Bueno;18;7.38;9.04;18.08;Bueno;60.28;Bueno;Bueno;Bueno
2025-10-11;20:00;30;13.38;14.92;11.47;Bueno;33.15;Bueno;22;7.96;9.04;18.08;Bueno;60.28;Bueno;Bueno;Bueno
2025-10-11;21:00;17;13.67;14.92;11.47;Bueno;33.15;Bueno;12;8.25;9.04;18.08;Bueno;60.28;Bueno;Bueno;Bueno
2025-10-11;22:00;21;14.25;14.92;11.47;Bueno;33.15;Bueno;11;8.50;9.04;18.08;Bueno;60.28;Bueno;Bueno;Bueno
2025-10-11;23:00;26;14.92;14.92;11.47;Bueno;33.15;Bueno;18;9.04;9.04;18.08;Bueno;60.28;Bueno;Bueno;Bueno
2025-10-12;00:00;17;15.29;14.67;11.28;Bueno;32.59;Bueno;8;9.25;6.88;13.75;Bueno;45.83;Bueno;Bueno;Bueno
2025-10-12;01:00;15;15.54;14.67;11.28;Bueno;32.59;Bueno;6;9.17;6.88;13.75;Bueno;45.83;Bueno;Bueno;Bueno
2025-10-12;02:00;19;16.04;14.67;11.28;Bueno;32.59;Bueno;6;9.17;6.88;13.75;Bueno;45.83;Bueno;Bueno;Bueno
2025-10-12;03:00;19;16.54;14.67;11.28;Bueno;32.59;Bueno;8;9.46;6.88;13.75;Bueno;45.83;Bueno;Bueno;Bueno
2025-10-12;04:00;12;16.88;14.67;11.28;Bueno;32.59;Bueno;5;9.62;6.88;13.75;Bueno;45.83;Bueno;Bueno;Bueno
2025-10-12;05:00;10;17.12;14.67;11.28;Bueno;32.59;Bueno;4;9.75;6.88;13.75;Bueno;45.83;Bueno;Bueno;Bueno
2025-10-12;06:00;10;16.79;14.67;11.28;Bueno;32.59;Bueno;4;9.25;6.88;13.75;Bueno;45.83;Bueno;Bueno;Bueno
2025-10-12;07:00;16;16.96;14.67;11.28;Bueno;32.59;Bueno;6;9.33;6.88;13.75;Bueno;45.83;Bueno;Bueno;Bueno
2025-10-12;08:00;13;16.96;14.67;11.28;Bueno;32.59;Bueno;5;9.25;6.88;13.75;Bueno;45.83;Bueno;Bueno;Bueno
2025-10-12;09:00;11;17.04;14.67;11.28;Bueno;32.59;Bueno;5;9.29;6.88;13.75;Bueno;45.83;Bueno;Bueno;Bueno
2025-10-12;10:00;16;17.25;14.67;11.28;Bueno;32.59;Bueno;4;9.42;6.88;13.75;Bueno;45.83;Bueno;Bueno;Bueno
2025-10-12;11:00;15;17.42;14.67;11.28;Bueno;32.59;Bueno;6;9.54;6.88;13.75;Bueno;45.83;Bueno;Bueno;Bueno
2025-10-12;12:00;10;17.29;14.67;11.28;Bueno;32.59;Bueno;5;9.50;6.88;13.75;Bueno;45.83;Bueno;Bueno;Bueno
2025-10-12;13:00;11;16.83;14.67;11.28;Bueno;32.59;Bueno;4;9.21;6.88;13.75;Bueno;45.83;Bueno;Bueno;Bueno
2025-10-12;14:00;9;16.42;14.67;11.28;Bueno;32.59;Bueno;5;8.88;6.88;13.75;Bueno;45.83;Bueno;Bueno;Bueno
2025-10-12;15:00;7;15.96;14.67;11.28;Bueno;32.59;Bueno;3;8.62;6.88;13.75;Bueno;45.83;Bueno;Bueno;Bueno
2025-10-12;16:00;13;15.83;14.67;11.28;Bueno;32.59;Bueno;2;8.08;6.88;13.75;Bueno;45.83;Bueno;Bueno;Bueno
2025-10-12;17:00;16;15.92;14.67;11.28;Bueno;32.59;Bueno;6;7.92;6.88;13.75;Bueno;45.83;Bueno;Bueno;Bueno
2025-10-12;18:00;17;15.71;14.67;11.28;Bueno;32.59;Bueno;6;7.46;6.88;13.75;Bueno;45.83;Bueno;Bueno;Bueno
2025-10-12;19:00;21;15.46;14.67;11.28;Bueno;32.59;Bueno;14;7.29;6.88;13.75;Bueno;45.83;Bueno;Bueno;Bueno
2025-10-12;20:00;20;15.04;14.67;11.28;Bueno;32.59;Bueno;13;6.92;6.88;13.75;Bueno;45.83;Bueno;Bueno;Bueno
2025-10-12;21:00;25;15.38;14.67;11.28;Bueno;32.59;Bueno;19;7.21;6.88;13.75;Bueno;45.83;Bueno;Bueno;Bueno
2025-10-12;22:00;18;15.25;14.67;11.28;Bueno;32.59;Bueno;13;7.29;6.88;13.75;Bueno;45.83;Bueno;Bueno;Bueno
2025-10-12;23:00;12;14.67;14.67;11.28;Bueno;32.59;Bueno;8;6.88;6.88;13.75;Bueno;45.83;Bueno;Bueno;Bueno
2025-10-13;00:00;16;14.62;19.33;14.87;Bueno;42.96;Bueno;7;6.83;5.19;10.38;Bueno;34.60;Bueno;Bueno;Bueno
2025-10-13;01:00;10;14.42;19.33;14.87;Bueno;42.96;Bueno;7;6.88;5.19;10.38;Bueno;34.60;Bueno;Bueno;Bueno
2025-10-13;02:00;6;13.88;19.33;14.87;Bueno;42.96;Bueno;5;6.83;5.19;10.38;Bueno;34.60;Bueno;Bueno;Bueno
2025-10-13;03:00;5;13.29;19.33;14.87;Bueno;42.96;Bueno;4;6.67;5.19;10.38;Bueno;34.60;Bueno;Bueno;Bueno
2025-10-13;04:00;7;13.08;19.33;14.87;Bueno;42.96;Bueno;3;6.58;5.19;10.38;Bueno;34.60;Bueno;Bueno;Bueno
2025-10-13;05:00;7;12.96;19.33;14.87;Bueno;42.96;Bueno;1;6.46;5.19;10.38;Bueno;34.60;Bueno;Bueno;Bueno
2025-10-13;06:00;27;13.67;19.33;14.87;Bueno;42.96;Bueno;7;6.58;5.19;10.38;Bueno;34.60;Bueno;Bueno;Bueno
2025-10-13;07:00;22;13.92;19.33;14.87;Bueno;42.96;Bueno;9;6.71;5.19;10.38;Bueno;34.60;Bueno;Bueno;Bueno
2025-10-13;08:00;14;13.96;19.33;14.87;Bueno;42.96;Bueno;5;6.71;5.19;10.38;Bueno;34.60;Bueno;Bueno;Bueno
2025-10-13;09:00;11;13.96;19.33;14.87;Bueno;42.96;Bueno;2;6.58;5.19;10.38;Bueno;34.60;Bueno;Bueno;Bueno
2025-10-13;10:00;13;13.83;19.33;14.87;Bueno;42.96;Bueno;3;6.54;5.19;10.38;Bueno;34.60;Bueno;Bueno;Bueno
2025-10-13;11:00;;13.78;19.33;14.87;Bueno;42.96;Bueno;;6.57;5.19;10.38;Bueno;34.60;Bueno;Bueno;Bueno
2025-10-13;12:00;;13.95;19.33;14.87;Bueno;42.96;Bueno;;6.64;5.19;10.38;Bueno;34.60;Bueno;Bueno;Bueno
2025-10-13;13:00;;14.10;19.33;14.87;Bueno;42.96;Bueno;;6.76;5.19;10.38;Bueno;34.60;Bueno;Bueno;Bueno
2025-10-13;14:00;34;15.29;19.33;14.87;Bueno;42.96;Bueno;1;6.57;5.19;10.38;Bueno;34.60;Bueno;Bueno;Bueno
2025-10-13;15:00;25;16.14;19.33;14.87;Bueno;42.96;Bueno;1;6.48;5.19;10.38;Bueno;34.60;Bueno;Bueno;Bueno
2025-10-13;16:00;29;16.90;19.33;14.87;Bueno;42.96;Bueno;1;6.43;5.19;10.38;Bueno;34.60;Bueno;Bueno;Bueno
2025-10-13;17:00;28;17.48;19.33;14.87;Bueno;42.96;Bueno;1;6.19;5.19;10.38;Bueno;34.60;Bueno;Bueno;Bueno
2025-10-13;18:00;28;18.00;19.33;14.87;Bueno;42.96;Bueno;2;6.00;5.19;10.38;Bueno;34.60;Bueno;Bueno;Bueno
2025-10-13;19:00;23;18.10;19.33;14.87;Bueno;42.96;Bueno;6;5.62;5.19;10.38;Bueno;34.60;Bueno;Bueno;Bueno
2025-10-13;20:00;19;18.05;19.33;14.87;Bueno;42.96;Bueno;7;5.33;5.19;10.38;Bueno;34.60;Bueno;Bueno;Bueno
2025-10-13;21:00;30;18.29;19.33;14.87;Bueno;42.96;Bueno;10;4.90;5.19;10.38;Bueno;34.60;Bueno;Bueno;Bueno
2025-10-13;22:00;31;18.90;19.33;14.87;Bueno;42.96;Bueno;16;5.05;5.19;10.38;Bueno;34.60;Bueno;Bueno;Bueno
2025-10-13;23:00;21;19.33;19.33;14.87;Bueno;42.96;Bueno;11;5.19;5.19;10.38;Bueno;34.60;Bueno;Bueno;Bueno
2025-10-14;00:00;12;19.14;30.67;23.59;Bueno;68.15;Bueno;6;5.14;4.46;8.92;Bueno;29.72;Bueno;Bueno;Bueno
2025-10-14;01:00;12;19.24;30.67;23.59;Bueno;68.15;Bueno;7;5.14;4.46;8.92;Bueno;29.72;Bueno;Bueno;Bueno
2025-10-14;02:00;12;19.52;30.67;23.59;Bueno;68.15;Bueno;5;5.14;4.46;8.92;Bueno;29.72;Bueno;Bueno;Bueno
2025-10-14;03:00;10;19.76;30.67;23.59;Bueno;68.15;Bueno;3;5.10;4.46;8.92;Bueno;29.72;Bueno;Bueno;Bueno
2025-10-14;04:00;8;19.81;30.67;23.59;Bueno;68.15;Bueno;2;5.05;4.46;8.92;Bueno;29.72;Bueno;Bueno;Bueno
2025-10-14;05:00;9;19.90;30.67;23.59;Bueno;68.15;Bueno;2;5.10;4.46;8.92;Bueno;29.72;Bueno;Bueno;Bueno
2025-10-14;06:00;60;21.48;30.67;23.59;Bueno;68.15;Bueno;13;5.38;4.46;8.92;Bueno;29.72;Bueno;Bueno;Bueno
2025-10-14;07:00;28;21.76;30.67;23.59;Bueno;68.15;Bueno;8;5.33;4.46;8.92;Bueno;29.72;Bueno;Bueno;Bueno
2025-10-14;08:00;16;21.86;30.67;23.59;Bueno;68.15;Bueno;5;5.33;4.46;8.92;Bueno;29.72;Bueno;Bueno;Bueno
2025-10-14;09:00;19;22.24;30.67;23.59;Bueno;68.15;Bueno;4;5.43;4.46;8.92;Bueno;29.72;Bueno;Bueno;Bueno
2025-10-14;10:00;18;22.48;30.67;23.59;Bueno;68.15;Bueno;3;5.43;4.46;8.92;Bueno;29.72;Bueno;Bueno;Bueno
2025-10-14;11:00;21;22.41;30.67;23.59;Bueno;68.15;Bueno;1;5.23;4.46;8.92;Bueno;29.72;Bueno;Bueno;Bueno
2025-10-14;12:00;22;22.39;30.67;23.59;Bueno;68.15;Bueno;2;5.09;4.46;8.92;Bueno;29.72;Bueno;Bueno;Bueno
2025-10-14;13:00;33;22.83;30.67;23.59;Bueno;68.15;Bueno;3;5.00;4.46;8.92;Bueno;29.72;Bueno;Bueno;Bueno
2025-10-14;14:00;20;22.25;30.67;23.59;Bueno;68.15;Bueno;3;5.08;4.46;8.92;Bueno;29.72;Bueno;Bueno;Bueno
2025-10-14;15:00;13;21.75;30.67;23.59;Bueno;68.15;Bueno;1;5.08;4.46;8.92;Bueno;29.72;Bueno;Bueno;Bueno
2025-10-14;16:00;72;23.54;30.67;23.59;Bueno;68.15;Bueno;3;5.17;4.46;8.92;Bueno;29.72;Bueno;Bueno;Bueno
2025-10-14;17:00;49;24.42;30.67;23.59;Bueno;68.15;Bueno;5;5.33;4.46;8.92;Bueno;29.72;Bueno;Bueno;Bueno
2025-10-14;18:00;97;27.29;30.67;23.59;Bueno;68.15;Bueno;5;5.46;4.46;8.92;Bueno;29.72;Bueno;Bueno;Bueno
2025-10-14;19:00;66;29.08;30.67;23.59;Bueno;68.15;Bueno;4;5.38;4.46;8.92;Bueno;29.72;Bueno;Bueno;Bueno
2025-10-14;20:00;50;30.38;30.67;23.59;Bueno;68.15;Bueno;5;5.29;4.46;8.92;Bueno;29.72;Bueno;Bueno;Bueno
2025-10-14;21:00;60;31.62;30.67;23.59;Bueno;68.15;Bueno;5;5.08;4.46;8.92;Bueno;29.72;Bueno;Bueno;Bueno
2025-10-14;22:00;15;30.96;30.67;23.59;Bueno;68.15;Bueno;6;4.67;4.46;8.92;Bueno;29.72;Bueno;Bueno;Bueno
2025-10-14;23:00;14;30.67;30.67;23.59;Bueno;68.15;Bueno;6;4.46;4.46;8.92;Bueno;29.72;Bueno;Bueno;Bueno
2025-10-15;00:00;8;30.50;15.17;11.67;Bueno;33.70;Bueno;4;4.38;6.33;12.67;Bueno;42.22;Bueno;Bueno;Bueno
2025-10-15;01:00;4;30.17;15.17;11.67;Bueno;33.70;Bueno;2;4.17;6.33;12.67;Bueno;42.22;Bueno;Bueno;Bueno
2025-10-15;02:00;6;29.92;15.17;11.67;Bueno;33.70;Bueno;3;4.08;6.33;12.67;Bueno;42.22;Bueno;Bueno;Bueno
2025-10-15;03:00;7;29.79;15.17;11.67;Bueno;33.70;Bueno;2;4.04;6.33;12.67;Bueno;42.22;Bueno;Bueno;Bueno
2025-10-15;04:00;5;29.67;15.17;11.67;Bueno;33.70;Bueno;2;4.04;6.33;12.67;Bueno;42.22;Bueno;Bueno;Bueno
2025-10-15;05:00;4;29.46;15.17;11.67;Bueno;33.70;Bueno;3;4.08;6.33;12.67;Bueno;42.22;Bueno;Bueno;Bueno
2025-10-15;06:00;17;27.67;15.17;11.67;Bueno;33.70;Bueno;5;3.75;6.33;12.67;Bueno;42.22;Bueno;Bueno;Bueno
2025-10-15;07:00;14;27.08;15.17;11.67;Bueno;33.70;Bueno;9;3.79;6.33;12.67;Bueno;42.22;Bueno;Bueno;Bueno
2025-10-15;08:00;10;26.83;15.17;11.67;Bueno;33.70;Bueno;7;3.88;6.33;12.67;Bueno;42.22;Bueno;Bueno;Bueno
2025-10-15;09:00;11;26.50;15.17;11.67;Bueno;33.70;Bueno;5;3.92;6.33;12.67;Bueno;42.22;Bueno;Bueno;Bueno
2025-10-15;10:00;16;26.42;15.17;11.67;Bueno;33.70;Bueno;7;4.08;6.33;12.67;Bueno;42.22;Bueno;Bueno;Bueno
2025-10-15;11:00;12;26.04;15.17;11.67;Bueno;33.70;Bueno;6;4.29;6.33;12.67;Bueno;42.22;Bueno;Bueno;Bueno
2025-10-15;12:00;11;25.58;15.17;11.67;Bueno;33.70;Bueno;5;4.42;6.33;12.67;Bueno;42.22;Bueno;Bueno;Bueno
2025-10-15;13:00;10;24.62;15.17;11.67;Bueno;33.70;Bueno;5;4.50;6.33;12.67;Bueno;42.22;Bueno;Bueno;Bueno
2025-10-15;14:00;10;24.21;15.17;11.67;Bueno;33.70;Bueno;8;4.71;6.33;12.67;Bueno;42.22;Bueno;Bueno;Bueno
2025-10-15;15:00;11;24.12;15.17;11.67;Bueno;33.70;Bueno;5;4.88;6.33;12.67;Bueno;42.22;Bueno;Bueno;Bueno
2025-10-15;16:00;18;21.88;15.17;11.67;Bueno;33.70;Bueno;4;4.92;6.33;12.67;Bueno;42.22;Bueno;Bueno;Bueno
2025-10-15;17:00;21;20.71;15.17;11.67;Bueno;33.70;Bueno;7;5.00;6.33;12.67;Bueno;42.22;Bueno;Bueno;Bueno
2025-10-15;18:00;34;18.08;15.17;11.67;Bueno;33.70;Bueno;8;5.12;6.33;12.67;Bueno;42.22;Bueno;Bueno;Bueno
2025-10-15;19:00;37;16.88;15.17;11.67;Bueno;33.70;Bueno;12;5.46;6.33;12.67;Bueno;42.22;Bueno;Bueno;Bueno
2025-10-15;20:00;44;16.62;15.17;11.67;Bueno;33.70;Bueno;26;6.33;6.33;12.67;Bueno;42.22;Bueno;Bueno;Bueno
2025-10-15;21:00;17;14.83;15.17;11.67;Bueno;33.70;Bueno;10;6.54;6.33;12.67;Bueno;42.22;Bueno;Bueno;Bueno
2025-10-15;22:00;19;15.00;15.17;11.67;Bueno;33.70;Bueno;5;6.50;6.33;12.67;Bueno;42.22;Bueno;Bueno;Bueno
2025-10-15;23:00;18;15.17;15.17;11.67;Bueno;33.70;Bueno;2;6.33;6.33;12.67;Bueno;42.22;Bueno;Bueno;Bueno
2025-10-16;00:00;22;15.75;27.17;20.90;Bueno;60.37;Bueno;4;6.33;5.38;10.75;Bueno;35.83;Bueno;Bueno;Bueno
2025-10-16;01:00;15;16.21;27.17;20.90;Bueno;60.37;Bueno;7;6.54;5.38;10.75;Bueno;35.83;Bueno;Bueno;Bueno
2025-10-16;02:00;14;16.54;27.17;20.90;Bueno;60.37;Bueno;6;6.67;5.38;10.75;Bueno;35.83;Bueno;Bueno;Bueno
2025-10-16;03:00;13;16.79;27.17;20.90;Bueno;60.37;Bueno;4;6.75;5.38;10.75;Bueno;35.83;Bueno;Bueno;Bueno
2025-10-16;04:00;11;17.04;27.17;20.90;Bueno;60.37;Bueno;4;6.83;5.38;10.75;Bueno;35.83;Bueno;Bueno;Bueno
2025-10-16;05:00;15;17.50;27.17;20.90;Bueno;60.37;Bueno;6;6.96;5.38;10.75;Bueno;35.83;Bueno;Bueno;Bueno
2025-10-16;06:00;23;17.75;27.17;20.90;Bueno;60.37;Bueno;5;6.96;5.38;10.75;Bueno;35.83;Bueno;Bueno;Bueno
2025-10-16;07:00;30;18.42;27.17;20.90;Bueno;60.37;Bueno;6;6.83;5.38;10.75;Bueno;35.83;Bueno;Bueno;Bueno
2025-10-16;08:00;22;18.92;27.17;20.90;Bueno;60.37;Bueno;8;6.88;5.38;10.75;Bueno;35.83;Bueno;Bueno;Bueno
2025-10-16;09:00;23;19.42;27.17;20.90;Bueno;60.37;Bueno;8;7.00;5.38;10.75;Bueno;35.83;Bueno;Bueno;Bueno
2025-10-16;10:00;24;19.75;27.17;20.90;Bueno;60.37;Bueno;5;6.92;5.38;10.75;Bueno;35.83;Bueno;Bueno;Bueno
2025-10-16;11:00;32;20.58;27.17;20.90;Bueno;60.37;Bueno;4;6.83;5.38;10.75;Bueno;35.83;Bueno;Bueno;Bueno
2025-10-16;12:00;35;21.58;27.17;20.90;Bueno;60.37;Bueno;6;6.88;5.38;10.75;Bueno;35.83;Bueno;Bueno;Bueno
2025-10-16;13:00;19;21.96;27.17;20.90;Bueno;60.37;Bueno;4;6.83;5.38;10.75;Bueno;35.83;Bueno;Bueno;Bueno
2025-10-16;14:00;24;22.54;27.17;20.90;Bueno;60.37;Bueno;4;6.67;5.38;10.75;Bueno;35.83;Bueno;Bueno;Bueno
2025-10-16;15:00;64;24.75;27.17;20.90;Bueno;60.37;Bueno;8;6.79;5.38;10.75;Bueno;35.83;Bueno;Bueno;Bueno
2025-10-16;16:00;58;26.42;27.17;20.90;Bueno;60.37;Bueno;7;6.92;5.38;10.75;Bueno;35.83;Bueno;Bueno;Bueno
2025-10-16;17:00;44;27.38;27.17;20.90;Bueno;60.37;Bueno;7;6.92;5.38;10.75;Bueno;35.83;Bueno;Bueno;Bueno
2025-10-16;18:00;42;27.71;27.17;20.90;Bueno;60.37;Bueno;5;6.79;5.38;10.75;Bueno;35.83;Bueno;Bueno;Bueno
2025-10-16;19:00;45;28.04;27.17;20.90;Bueno;60.37;Bueno;6;6.54;5.38;10.75;Bueno;35.83;Bueno;Bueno;Bueno
2025-10-16;20:00;31;27.50;27.17;20.90;Bueno;60.37;Bueno;6;5.71;5.38;10.75;Bueno;35.83;Bueno;Bueno;Bueno
2025-10-16;21:00;20;27.62;27.17;20.90;Bueno;60.37;Bueno;4;5.46;5.38;10.75;Bueno;35.83;Bueno;Bueno;Bueno
2025-10-16;22:00;15;27.46;27.17;20.90;Bueno;60.37;Bueno;2;5.33;5.38;10.75;Bueno;35.83;Bueno;Bueno;Bueno
2025-10-16;23:00;11;27.17;27.17;20.90;Bueno;60.37;Bueno;3;5.38;5.38;10.75;Bueno;35.83;Bueno;Bueno;Bueno
2025-10-17;00:00;5;26.46;29.25;22.50;Bueno;65.00;Bueno;4;5.38;6.00;12.00;Bueno;40.00;Bueno;Bueno;Bueno
2025-10-17;01:00;5;26.04;29.25;22.50;Bueno;65.00;Bueno;1;5.12;6.00;12.00;Bueno;40.00;Bueno;Bueno;Bueno
2025-10-17;02:00;6;25.71;29.25;22.50;Bueno;65.00;Bueno;1;4.92;6.00;12.00;Bueno;40.00;Bueno;Bueno;Bueno
2025-10-17;03:00;6;25.42;29.25;22.50;Bueno;65.00;Bueno;1;4.79;6.00;12.00;Bueno;40.00;Bueno;Bueno;Bueno
2025-10-17;04:00;4;25.12;29.25;22.50;Bueno;65.00;Bueno;1;4.67;6.00;12.00;Bueno;40.00;Bueno;Bueno;Bueno
2025-10-17;05:00;6;24.75;29.25;22.50;Bueno;65.00;Bueno;1;4.46;6.00;12.00;Bueno;40.00;Bueno;Bueno;Bueno
2025-10-17;06:00;12;24.29;29.25;22.50;Bueno;65.00;Bueno;2;4.33;6.00;12.00;Bueno;40.00;Bueno;Bueno;Bueno
2025-10-17;07:00;21;23.92;29.25;22.50;Bueno;65.00;Bueno;4;4.25;6.00;12.00;Bueno;40.00;Bueno;Bueno;Bueno
2025-10-17;08:00;17;23.71;29.25;22.50;Bueno;65.00;Bueno;3;4.04;6.00;12.00;Bueno;40.00;Bueno;Bueno;Bueno
2025-10-17;09:00;25;23.79;29.25;22.50;Bueno;65.00;Bueno;3;3.83;6.00;12.00;Bueno;40.00;Bueno;Bueno;Bueno
2025-10-17;10:00;32;24.12;29.25;22.50;Bueno;65.00;Bueno;3;3.75;6.00;12.00;Bueno;40.00;Bueno;Bueno;Bueno
2025-10-17;11:00;34;24.21;29.25;22.50;Bueno;65.00;Bueno;5;3.79;6.00;12.00;Bueno;40.00;Bueno;Bueno;Bueno
2025-10-17;12:00;27;23.88;29.25;22.50;Bueno;65.00;Bueno;4;3.71;6.00;12.00;Bueno;40.00;Bueno;Bueno;Bueno
2025-10-17;13:00;25;24.12;29.25;22.50;Bueno;65.00;Bueno;4;3.71;6.00;12.00;Bueno;40.00;Bueno;Bueno;Bueno
2025-10-17;14:00;42;24.88;29.25;22.50;Bueno;65.00;Bueno;8;3.88;6.00;12.00;Bueno;40.00;Bueno;Bueno;Bueno
2025-10-17;15:00;65;24.92;29.25;22.50;Bueno;65.00;Bueno;13;4.08;6.00;12.00;Bueno;40.00;Bueno;Bueno;Bueno
2025-10-17;16:00;54;24.75;29.25;22.50;Bueno;65.00;Bueno;13;4.33;6.00;12.00;Bueno;40.00;Bueno;Bueno;Bueno
2025-10-17;17:00;43;24.71;29.25;22.50;Bueno;65.00;Bueno;13;4.58;6.00;12.00;Bueno;40.00;Bueno;Bueno;Bueno
2025-10-17;18:00;57;25.33;29.25;22.50;Bueno;65.00;Bueno;11;4.83;6.00;12.00;Bueno;40.00;Bueno;Bueno;Bueno
2025-10-17;19:00;87;27.08;29.25;22.50;Bueno;65.00;Bueno;17;5.29;6.00;12.00;Bueno;40.00;Bueno;Bueno;Bueno
2025-10-17;20:00;43;27.58;29.25;22.50;Bueno;65.00;Bueno;13;5.58;6.00;12.00;Bueno;40.00;Bueno;Bueno;Bueno
2025-10-17;21:00;42;28.50;29.25;22.50;Bueno;65.00;Bueno;9;5.79;6.00;12.00;Bueno;40.00;Bueno;Bueno;Bueno
2025-10-17;22:00;24;28.88;29.25;22.50;Bueno;65.00;Bueno;6;5.96;6.00;12.00;Bueno;40.00;Bueno;Bueno;Bueno
2025-10-17;23:00;20;29.25;29.25;22.50;Bueno;65.00;Bueno;4;6.00;6.00;12.00;Bueno;40.00;Bueno;Bueno;Bueno
2025-10-18;00:00;23;30.00;32.46;24.97;Bueno;72.13;Bueno;5;6.04;9.83;19.65;Bueno;65.51;Bueno;Bueno;Bueno
2025-10-18;01:00;14;30.38;32.46;24.97;Bueno;72.13;Bueno;5;6.21;9.83;19.65;Bueno;65.51;Bueno;Bueno;Bueno
2025-10-18;02:00;18;30.88;32.46;24.97;Bueno;72.13;Bueno;5;6.38;9.83;19.65;Bueno;65.51;Bueno;Bueno;Bueno
2025-10-18;03:00;18;31.38;32.46;24.97;Bueno;72.13;Bueno;7;6.62;9.83;19.65;Bueno;65.51;Bueno;Bueno;Bueno
2025-10-18;04:00;18;31.96;32.46;24.97;Bueno;72.13;Bueno;4;6.75;9.83;19.65;Bueno;65.51;Bueno;Bueno;Bueno
2025-10-18;05:00;19;32.50;32.46;24.97;Bueno;72.13;Bueno;4;6.88;9.83;19.65;Bueno;65.51;Bueno;Bueno;Bueno
2025-10-18;06:00;24;33.00;32.46;24.97;Bueno;72.13;Bueno;6;7.04;9.83;19.65;Bueno;65.51;Bueno;Bueno;Bueno
2025-10-18;07:00;23;33.08;32.46;24.97;Bueno;72.13;Bueno;7;7.17;9.83;19.65;Bueno;65.51;Bueno;Bueno;Bueno
2025-10-18;08:00;31;33.67;32.46;24.97;Bueno;72.13;Bueno;7;7.33;9.83;19.65;Bueno;65.51;Bueno;Bueno;Bueno
2025-10-18;09:00;24;33.62;32.46;24.97;Bueno;72.13;Bueno;7;7.50;9.83;19.65;Bueno;65.51;Bueno;Bueno;Bueno
2025-10-18;10:00;32;33.62;32.46;24.97;Bueno;72.13;Bueno;12;7.88;9.83;19.65;Bueno;65.51;Bueno;Bueno;Bueno
2025-10-18;11:00;43;34.00;32.46;24.97;Bueno;72.13;Bueno;14;8.25;9.83;19.65;Bueno;65.51;Bueno;Bueno;Bueno
2025-10-18;12:00;35;34.33;32.46;24.97;Bueno;72.13;Bueno;9;8.46;9.83;19.65;Bueno;65.51;Bueno;Bueno;Bueno
2025-10-18;13:00;34;34.71;32.46;24.97;Bueno;72.13;Bueno;7;8.58;9.83;19.65;Bueno;65.51;Bueno;Bueno;Bueno
2025-10-18;14:00;26;34.04;32.46;24.97;Bueno;72.13;Bueno;6;8.50;9.83;19.65;Bueno;65.51;Bueno;Bueno;Bueno
2025-10-18;15:00;31;32.62;32.46;24.97;Bueno;72.13;Bueno;6;8.21;9.83;19.65;Bueno;65.51;Bueno;Bueno;Bueno
2025-10-18;16:00;38;31.96;32.46;24.97;Bueno;72.13;Bueno;;8.00;9.83;19.65;Bueno;65.51;Bueno;Bueno;Bueno
2025-10-18;17:00;40;31.83;32.46;24.97;Bueno;72.13;Bueno;22;8.39;9.83;19.65;Bueno;65.51;Bueno;Bueno;Bueno
2025-10-18;18:00;34;30.88;32.46;24.97;Bueno;72.13;Bueno;11;8.39;9.83;19.65;Bueno;65.51;Bueno;Bueno;Bueno
2025-10-18;19:00;64;29.92;32.46;24.97;Bueno;72.13;Bueno;19;8.48;9.83;19.65;Bueno;65.51;Bueno;Bueno;Bueno
2025-10-18;20:00;66;30.88;32.46;24.97;Bueno;72.13;Bueno;18;8.70;9.83;19.65;Bueno;65.51;Bueno;Bueno;Bueno
2025-10-18;21:00;35;30.58;32.46;24.97;Bueno;72.13;Bueno;16;9.00;9.83;19.65;Bueno;65.51;Bueno;Bueno;Bueno
2025-10-18;22:00;39;31.21;32.46;24.97;Bueno;72.13;Bueno;11;9.22;9.83;19.65;Bueno;65.51;Bueno;Bueno;Bueno
2025-10-18;23:00;50;32.46;32.46;24.97;Bueno;72.13;Bueno;18;9.83;9.83;19.65;Bueno;65.51;Bueno;Bueno;Bueno
2025-10-19;00:00;54;33.75;30.38;23.37;Bueno;67.50;Bueno;21;10.52;8.88;17.75;Bueno;59.17;Bueno;Bueno;Bueno
2025-10-19;01:00;31;34.46;30.38;23.37;Bueno;67.50;Bueno;15;10.96;8.88;17.75;Bueno;59.17;Bueno;Bueno;Bueno
2025-10-19;02:00;30;34.96;30.38;23.37;Bueno;67.50;Bueno;11;11.22;8.88;17.75;Bueno;59.17;Bueno;Bueno;Bueno
2025-10-19;03:00;25;35.25;30.38;23.37;Bueno;67.50;Bueno;8;11.26;8.88;17.75;Bueno;59.17;Bueno;Bueno;Bueno
2025-10-19;04:00;21;35.38;30.38;23.37;Bueno;67.50;Bueno;12;11.61;8.88;17.75;Bueno;59.17;Bueno;Bueno;Bueno
2025-10-19;05:00;17;35.29;30.38;23.37;Bueno;67.50;Bueno;7;11.74;8.88;17.75;Bueno;59.17;Bueno;Bueno;Bueno
2025-10-19;06:00;23;35.25;30.38;23.37;Bueno;67.50;Bueno;6;11.74;8.88;17.75;Bueno;59.17;Bueno;Bueno;Bueno
2025-10-19;07:00;23;35.25;30.38;23.37;Bueno;67.50;Bueno;7;11.74;8.88;17.75;Bueno;59.17;Bueno;Bueno;Bueno
2025-10-19;08:00;34;35.38;30.38;23.37;Bueno;67.50;Bueno;10;11.87;8.88;17.75;Bueno;59.17;Bueno;Bueno;Bueno
2025-10-19;09:00;24;35.38;30.38;23.37;Bueno;67.50;Bueno;8;11.91;8.88;17.75;Bueno;59.17;Bueno;Bueno;Bueno
2025-10-19;10:00;26;35.12;30.38;23.37;Bueno;67.50;Bueno;8;11.74;8.88;17.75;Bueno;59.17;Bueno;Bueno;Bueno
2025-10-19;11:00;18;34.08;30.38;23.37;Bueno;67.50;Bueno;6;11.39;8.88;17.75;Bueno;59.17;Bueno;Bueno;Bueno
2025-10-19;12:00;20;33.46;30.38;23.37;Bueno;67.50;Bueno;7;11.30;8.88;17.75;Bueno;59.17;Bueno;Bueno;Bueno
2025-10-19;13:00;20;32.88;30.38;23.37;Bueno;67.50;Bueno;5;11.22;8.88;17.75;Bueno;59.17;Bueno;Bueno;Bueno
2025-10-19;14:00;26;32.88;30.38;23.37;Bueno;67.50;Bueno;2;11.04;8.88;17.75;Bueno;59.17;Bueno;Bueno;Bueno
2025-10-19;15:00;33;32.96;30.38;23.37;Bueno;67.50;Bueno;5;11.00;8.88;17.75;Bueno;59.17;Bueno;Bueno;Bueno
2025-10-19;16:00;23;32.33;30.38;23.37;Bueno;67.50;Bueno;8;10.88;8.88;17.75;Bueno;59.17;Bueno;Bueno;Bueno
2025-10-19;17:00;61;33.21;30.38;23.37;Bueno;67.50;Bueno;10;10.38;8.88;17.75;Bueno;59.17;Bueno;Bueno;Bueno
2025-10-19;18:00;40;33.46;30.38;23.37;Bueno;67.50;Bueno;8;10.25;8.88;17.75;Bueno;59.17;Bueno;Bueno;Bueno
2025-10-19;19:00;64;33.46;30.38;23.37;Bueno;67.50;Bueno;8;9.79;8.88;17.75;Bueno;59.17;Bueno;Bueno;Bueno
2025-10-19;20:00;35;32.17;30.38;23.37;Bueno;67.50;Bueno;9;9.42;8.88;17.75;Bueno;59.17;Bueno;Bueno;Bueno
2025-10-19;21:00;31;32.00;30.38;23.37;Bueno;67.50;Bueno;9;9.12;8.88;17.75;Bueno;59.17;Bueno;Bueno;Bueno
2025-10-19;22:00;29;31.58;30.38;23.37;Bueno;67.50;Bueno;10;9.08;8.88;17.75;Bueno;59.17;Bueno;Bueno;Bueno
2025-10-19;23:00;21;30.38;30.38;23.37;Bueno;67.50;Bueno;13;8.88;8.88;17.75;Bueno;59.17;Bueno;Bueno;Bueno
2025-10-20;00:00;24;29.12;44.04;33.88;Bueno;97.87;Bueno;7;8.29;7.71;15.42;Bueno;51.39;Bueno;Bueno;Bueno
2025-10-20;01:00;15;28.46;44.04;33.88;Bueno;97.87;Bueno;8;8.00;7.71;15.42;Bueno;51.39;Bueno;Bueno;Bueno
2025-10-20;02:00;18;27.96;44.04;33.88;Bueno;97.87;Bueno;6;7.79;7.71;15.42;Bueno;51.39;Bueno;Bueno;Bueno
2025-10-20;03:00;19;27.71;44.04;33.88;Bueno;97.87;Bueno;4;7.62;7.71;15.42;Bueno;51.39;Bueno;Bueno;Bueno
2025-10-20;04:00;24;27.83;44.04;33.88;Bueno;97.87;Bueno;18;7.88;7.71;15.42;Bueno;51.39;Bueno;Bueno;Bueno
2025-10-20;05:00;22;28.04;44.04;33.88;Bueno;97.87;Bueno;9;7.96;7.71;15.42;Bueno;51.39;Bueno;Bueno;Bueno
2025-10-20;06:00;30;28.33;44.04;33.88;Bueno;97.87;Bueno;10;8.12;7.71;15.42;Bueno;51.39;Bueno;Bueno;Bueno
2025-10-20;07:00;45;29.25;44.04;33.88;Bueno;97.87;Bueno;13;8.38;7.71;15.42;Bueno;51.39;Bueno;Bueno;Bueno
2025-10-20;08:00;63;30.46;44.04;33.88;Bueno;97.87;Bueno;18;8.71;7.71;15.42;Bueno;51.39;Bueno;Bueno;Bueno
2025-10-20;09:00;66;32.21;44.04;33.88;Bueno;97.87;Bueno;12;8.88;7.71;15.42;Bueno;51.39;Bueno;Bueno;Bueno
2025-10-20;10:00;21;32.00;44.04;33.88;Bueno;97.87;Bueno;7;8.83;7.71;15.42;Bueno;51.39;Bueno;Bueno;Bueno
2025-10-20;11:00;49;33.29;44.04;33.88;Bueno;97.87;Bueno;3;8.71;7.71;15.42;Bueno;51.39;Bueno;Bueno;Bueno
2025-10-20;12:00;16;33.12;44.04;33.88;Bueno;97.87;Bueno;1;8.46;7.71;15.42;Bueno;51.39;Bueno;Bueno;Bueno
2025-10-20;13:00;17;33.00;44.04;33.88;Bueno;97.87;Bueno;1;8.29;7.71;15.42;Bueno;51.39;Bueno;Bueno;Bueno
2025-10-20;14:00;30;33.17;44.04;33.88;Bueno;97.87;Bueno;4;8.38;7.71;15.42;Bueno;51.39;Bueno;Bueno;Bueno
2025-10-20;15:00;106;36.21;44.04;33.88;Bueno;97.87;Bueno;3;8.29;7.71;15.42;Bueno;51.39;Bueno;Bueno;Bueno
2025-10-20;16:00;63;37.88;44.04;33.88;Bueno;97.87;Bueno;5;8.17;7.71;15.42;Bueno;51.39;Bueno;Bueno;Bueno
2025-10-20;17:00;87;38.96;44.04;33.88;Bueno;97.87;Bueno;6;8.00;7.71;15.42;Bueno;51.39;Bueno;Bueno;Bueno
2025-10-20;18:00;136;42.96;44.04;33.88;Bueno;97.87;Bueno;8;8.00;7.71;15.42;Bueno;51.39;Bueno;Bueno;Bueno
2025-10-20;19:00;70;43.21;44.04;33.88;Bueno;97.87;Bueno;5;7.88;7.71;15.42;Bueno;51.39;Bueno;Bueno;Bueno
2025-10-20;20:00;66;44.50;44.04;33.88;Bueno;97.87;Bueno;8;7.83;7.71;15.42;Bueno;51.39;Bueno;Bueno;Bueno
2025-10-20;21:00;27;44.33;44.04;33.88;Bueno;97.87;Bueno;10;7.88;7.71;15.42;Bueno;51.39;Bueno;Bueno;Bueno
2025-10-20;22:00;28;44.29;44.04;33.88;Bueno;97.87;Bueno;9;7.83;7.71;15.42;Bueno;51.39;Bueno;Bueno;Bueno
2025-10-20;23:00;15;44.04;44.04;33.88;Bueno;97.87;Bueno;10;7.71;7.71;15.42;Bueno;51.39;Bueno;Bueno;Bueno
2025-10-21;00:00;22;43.96;49.25;37.88;Bueno;106.96;Regular;12;7.92;7.42;14.83;Bueno;49.44;Bueno;Bueno;Regular
2025-10-21;01:00;12;43.83;49.25;37.88;Bueno;106.96;Regular;6;7.83;7.42;14.83;Bueno;49.44;Bueno;Bueno;Regular
2025-10-21;02:00;11;43.54;49.25;37.88;Bueno;106.96;Regular;4;7.75;7.42;14.83;Bueno;49.44;Bueno;Bueno;Regular
2025-10-21;03:00;12;43.25;49.25;37.88;Bueno;106.96;Regular;6;7.83;7.42;14.83;Bueno;49.44;Bueno;Bueno;Regular
2025-10-21;04:00;14;42.83;49.25;37.88;Bueno;106.96;Regular;5;7.29;7.42;14.83;Bueno;49.44;Bueno;Bueno;Regular
2025-10-21;05:00;33;43.29;49.25;37.88;Bueno;106.96;Regular;5;7.12;7.42;14.83;Bueno;49.44;Bueno;Bueno;Regular
2025-10-21;06:00;128;47.38;49.25;37.88;Bueno;106.96;Regular;11;7.17;7.42;14.83;Bueno;49.44;Bueno;Bueno;Regular
2025-10-21;07:00;117;50.38;49.25;37.88;Bueno;106.96;Regular;19;7.42;7.42;14.83;Bueno;49.44;Bueno;Bueno;Regular
2025-10-21;08:00;30;49.00;49.25;37.88;Bueno;106.96;Regular;7;6.96;7.42;14.83;Bueno;49.44;Bueno;Bueno;Regular
2025-10-21;09:00;30;47.50;49.25;37.88;Bueno;106.96;Regular;8;6.79;7.42;14.83;Bueno;49.44;Bueno;Bueno;Regular
2025-10-21;10:00;39;48.25;49.25;37.88;Bueno;106.96;Regular;6;6.75;7.42;14.83;Bueno;49.44;Bueno;Bueno;Regular
2025-10-21;11:00;25;47.25;49.25;37.88;Bueno;106.96;Regular;5;6.83;7.42;14.83;Bueno;49.44;Bueno;Bueno;Regular
2025-10-21;12:00;17;47.29;49.25;37.88;Bueno;106.96;Regular;2;6.88;7.42;14.83;Bueno;49.44;Bueno;Bueno;Regular
2025-10-21;13:00;30;47.83;49.25;37.88;Bueno;106.96;Regular;3;6.96;7.42;14.83;Bueno;49.44;Bueno;Bueno;Regular
2025-10-21;14:00;32;47.92;49.25;37.88;Bueno;106.96;Regular;2;6.88;7.42;14.83;Bueno;49.44;Bueno;Bueno;Regular
2025-10-21;15:00;53;45.71;49.25;37.88;Bueno;106.96;Regular;1;6.79;7.42;14.83;Bueno;49.44;Bueno;Bueno;Regular
2025-10-21;16:00;145;49.12;49.25;37.88;Bueno;106.96;Regular;5;6.79;7.42;14.83;Bueno;49.44;Bueno;Bueno;Regular
2025-10-21;17:00;45;47.38;49.25;37.88;Bueno;106.96;Regular;6;6.79;7.42;14.83;Bueno;49.44;Bueno;Bueno;Regular
2025-10-21;18:00;159;48.33;49.25;37.88;Bueno;106.96;Regular;6;6.71;7.42;14.83;Bueno;49.44;Bueno;Bueno;Regular
2025-10-21;19:00;81;48.79;49.25;37.88;Bueno;106.96;Regular;14;7.08;7.42;14.83;Bueno;49.44;Bueno;Bueno;Regular
2025-10-21;20:00;63;48.67;49.25;37.88;Bueno;106.96;Regular;23;7.71;7.42;14.83;Bueno;49.44;Bueno;Bueno;Regular
2025-10-21;21:00;46;49.46;49.25;37.88;Bueno;106.96;Regular;10;7.71;7.42;14.83;Bueno;49.44;Bueno;Bueno;Regular
2025-10-21;22:00;21;49.17;49.25;37.88;Bueno;106.96;Regular;7;7.62;7.42;14.83;Bueno;49.44;Bueno;Bueno;Regular
2025-10-21;23:00;17;49.25;49.25;37.88;Bueno;106.96;Regular;5;7.42;7.42;14.83;Bueno;49.44;Bueno;Bueno;Regular
2025-10-22;00:00;14;48.92;32.21;24.78;Bueno;71.57;Bueno;4;7.08;5.00;10.00;Bueno;33.33;Bueno;Bueno;Bueno
2025-10-22;01:00;15;49.04;32.21;24.78;Bueno;71.57;Bueno;3;6.96;5.00;10.00;Bueno;33.33;Bueno;Bueno;Bueno
2025-10-22;02:00;10;49.00;32.21;24.78;Bueno;71.57;Bueno;6;7.04;5.00;10.00;Bueno;33.33;Bueno;Bueno;Bueno
2025-10-22;03:00;13;49.04;32.21;24.78;Bueno;71.57;Bueno;7;7.08;5.00;10.00;Bueno;33.33;Bueno;Bueno;Bueno
2025-10-22;04:00;12;48.96;32.21;24.78;Bueno;71.57;Bueno;6;7.12;5.00;10.00;Bueno;33.33;Bueno;Bueno;Bueno
2025-10-22;05:00;17;48.29;32.21;24.78;Bueno;71.57;Bueno;4;7.08;5.00;10.00;Bueno;33.33;Bueno;Bueno;Bueno
2025-10-22;06:00;33;44.33;32.21;24.78;Bueno;71.57;Bueno;6;6.88;5.00;10.00;Bueno;33.33;Bueno;Bueno;Bueno
2025-10-22;07:00;43;41.25;32.21;24.78;Bueno;71.57;Bueno;7;6.38;5.00;10.00;Bueno;33.33;Bueno;Bueno;Bueno
2025-10-22;08:00;22;40.92;32.21;24.78;Bueno;71.57;Bueno;5;6.29;5.00;10.00;Bueno;33.33;Bueno;Bueno;Bueno
2025-10-22;09:00;31;40.96;32.21;24.78;Bueno;71.57;Bueno;5;6.17;5.00;10.00;Bueno;33.33;Bueno;Bueno;Bueno
2025-10-22;10:00;41;41.04;32.21;24.78;Bueno;71.57;Bueno;5;6.12;5.00;10.00;Bueno;33.33;Bueno;Bueno;Bueno
2025-10-22;11:00;24;41.00;32.21;24.78;Bueno;71.57;Bueno;5;6.12;5.00;10.00;Bueno;33.33;Bueno;Bueno;Bueno
2025-10-22;12:00;39;41.92;32.21;24.78;Bueno;71.57;Bueno;4;6.21;5.00;10.00;Bueno;33.33;Bueno;Bueno;Bueno
2025-10-22;13:00;53;42.88;32.21;24.78;Bueno;71.57;Bueno;3;6.21;5.00;10.00;Bueno;33.33;Bueno;Bueno;Bueno
2025-10-22;14:00;58;43.96;32.21;24.78;Bueno;71.57;Bueno;5;6.33;5.00;10.00;Bueno;33.33;Bueno;Bueno;Bueno
2025-10-22;15:00;51;43.88;32.21;24.78;Bueno;71.57;Bueno;5;6.50;5.00;10.00;Bueno;33.33;Bueno;Bueno;Bueno
2025-10-22;16:00;61;40.38;32.21;24.78;Bueno;71.57;Bueno;6;6.54;5.00;10.00;Bueno;33.33;Bueno;Bueno;Bueno
2025-10-22;17:00;45;40.38;32.21;24.78;Bueno;71.57;Bueno;5;6.50;5.00;10.00;Bueno;33.33;Bueno;Bueno;Bueno
2025-10-22;18:00;60;36.25;32.21;24.78;Bueno;71.57;Bueno;4;6.42;5.00;10.00;Bueno;33.33;Bueno;Bueno;Bueno
2025-10-22;19:00;42;34.62;32.21;24.78;Bueno;71.57;Bueno;6;6.08;5.00;10.00;Bueno;33.33;Bueno;Bueno;Bueno
2025-10-22;20:00;34;33.42;32.21;24.78;Bueno;71.57;Bueno;7;5.42;5.00;10.00;Bueno;33.33;Bueno;Bueno;Bueno
2025-10-22;21:00;24;32.50;32.21;24.78;Bueno;71.57;Bueno;6;5.25;5.00;10.00;Bueno;33.33;Bueno;Bueno;Bueno
2025-10-22;22:00;16;32.29;32.21;24.78;Bueno;71.57;Bueno;4;5.12;5.00;10.00;Bueno;33.33;Bueno;Bueno;Bueno
2025-10-22;23:00;15;32.21;32.21;24.78;Bueno;71.57;Bueno;2;5.00;5.00;10.00;Bueno;33.33;Bueno;Bueno;Bueno
2025-10-23;00:00;14;32.21;45.46;34.97;Bueno;100.75;Regular;1;4.88;4.88;9.75;Bueno;32.50;Bueno;Bueno;Regular
2025-10-23;01:00;9;31.96;45.46;34.97;Bueno;100.75;Regular;2;4.83;4.88;9.75;Bueno;32.50;Bueno;Bueno;Regular
2025-10-23;02:00;14;32.12;45.46;34.97;Bueno;100.75;Regular;2;4.67;4.88;9.75;Bueno;32.50;Bueno;Bueno;Regular
2025-10-23;03:00;16;32.25;45.46;34.97;Bueno;100.75;Regular;3;4.50;4.88;9.75;Bueno;32.50;Bueno;Bueno;Regular
2025-10-23;04:00;15;32.38;45.46;34.97;Bueno;100.75;Regular;3;4.38;4.88;9.75;Bueno;32.50;Bueno;Bueno;Regular
2025-10-23;05:00;22;32.58;45.46;34.97;Bueno;100.75;Regular;10;4.62;4.88;9.75;Bueno;32.50;Bueno;Bueno;Regular
2025-10-23;06:00;32;32.54;45.46;34.97;Bueno;100.75;Regular;8;4.71;4.88;9.75;Bueno;32.50;Bueno;Bueno;Regular
2025-10-23;07:00;42;32.50;45.46;34.97;Bueno;100.75;Regular;7;4.71;4.88;9.75;Bueno;32.50;Bueno;Bueno;Regular
2025-10-23;08:00;45;33.46;45.46;34.97;Bueno;100.75;Regular;5;4.71;4.88;9.75;Bueno;32.50;Bueno;Bueno;Regular
2025-10-23;09:00;17;32.88;45.46;34.97;Bueno;100.75;Regular;3;4.62;4.88;9.75;Bueno;32.50;Bueno;Bueno;Regular
2025-10-23;10:00;28;32.33;45.46;34.97;Bueno;100.75;Regular;1;4.46;4.88;9.75;Bueno;32.50;Bueno;Bueno;Regular
2025-10-23;11:00;35;32.79;45.46;34.97;Bueno;100.75;Regular;5;4.46;4.88;9.75;Bueno;32.50;Bueno;Bueno;Regular
2025-10-23;12:00;35;32.62;45.46;34.97;Bueno;100.75;Regular;4;4.46;4.88;9.75;Bueno;32.50;Bueno;Bueno;Regular
2025-10-23;13:00;125;35.62;45.46;34.97;Bueno;100.75;Regular;9;4.71;4.88;9.75;Bueno;32.50;Bueno;Bueno;Regular
2025-10-23;14:00;36;34.71;45.46;34.97;Bueno;100.75;Regular;6;4.75;4.88;9.75;Bueno;32.50;Bueno;Bueno;Regular
2025-10-23;15:00;62;35.17;45.46;34.97;Bueno;100.75;Regular;7;4.83;4.88;9.75;Bueno;32.50;Bueno;Bueno;Regular
2025-10-23;16:00;190;40.54;45.46;34.97;Bueno;100.75;Regular;10;5.00;4.88;9.75;Bueno;32.50;Bueno;Bueno;Regular
2025-10-23;17:00;125;43.88;45.46;34.97;Bueno;100.75;Regular;8;5.12;4.88;9.75;Bueno;32.50;Bueno;Bueno;Regular
2025-10-23;18:00;67;44.17;45.46;34.97;Bueno;100.75;Regular;7;5.25;4.88;9.75;Bueno;32.50;Bueno;Bueno;Regular
2025-10-23;19:00;54;44.67;45.46;34.97;Bueno;100.75;Regular;5;5.21;4.88;9.75;Bueno;32.50;Bueno;Bueno;Regular
2025-10-23;20:00;44;45.08;45.46;34.97;Bueno;100.75;Regular;3;5.04;4.88;9.75;Bueno;32.50;Bueno;Bueno;Regular
2025-10-23;21:00;26;45.17;45.46;34.97;Bueno;100.75;Regular;4;4.96;4.88;9.75;Bueno;32.50;Bueno;Bueno;Regular
2025-10-23;22:00;21;45.38;45.46;34.97;Bueno;100.75;Regular;3;4.92;4.88;9.75;Bueno;32.50;Bueno;Bueno;Regular
2025-10-23;23:00;17;45.46;45.46;34.97;Bueno;100.75;Regular;1;4.88;4.88;9.75;Bueno;32.50;Bueno;Bueno;Regular
2025-10-24;00:00;9;45.25;;;;;;1;4.88;;;;;;;
2025-10-24;01:00;6;45.12;;;;;;2;4.88;;;;;;;
2025-10-24;02:00;14;45.12;;;;;;8;5.12;;;;;;;
2025-10-24;03:00;28;45.62;;;;;;27;6.12;;;;;;;
2025-10-24;04:00;16;45.67;;;;;;8;6.33;;;;;;;
2025-10-24;05:00;18;45.50;;;;;;4;6.08;;;;;;;
2025-10-24;06:00;35;45.62;;;;;;9;6.12;;;;;;;
2025-10-24;07:00;39;45.50;;;;;;6;6.08;;;;;;;
2025-10-24;08:00;36;45.12;;;;;;3;6.00;;;;;;;
2025-10-24;09:00;45;46.29;;;;;;5;6.08;;;;;;;
2025-10-24;10:00;30;46.38;;;;;;5;6.25;;;;;;;
2025-10-24;11:00;35;46.38;;;;;;4;6.21;;;;;;;
2025-10-24;12:00;59;47.38;;;;;;3;6.17;;;;;;;
2025-10-24;13:00;62;44.75;;;;;;2;5.88;;;;;;;
2025-10-24;14:00;33;44.62;;;;;;2;5.71;;;;;;;
2025-10-24;15:00;;43.87;;;;;;;5.65;;;;;;;
2025-10-24;16:00;;37.23;;;;;;;5.45;;;;;;;
2025-10-24;17:00;;33.05;;;;;;;5.33;;;;;;;
2025-10-24;18:00;;31.35;;;;;;;5.25;;;;;;;
2025-10-24;19:00;;30.16;;;;;;;5.26;;;;;;;
2025-10-24;20:00;;29.39;;;;;;;5.39;;;;;;;
2025-10-24;21:00;;;;;;;;;;;;;;;;
2025-10-24;22:00;;;;;;;;;;;;;;;;
2025-10-24;23:00;;;;;;;;;;;;;;;;
2025-10-25;00:00;;;;;;;;;;;;;;;;
2025-10-25;01:00;;;;;;;;;;;;;;;;
2025-10-25;02:00;;;;;;;;;;;;;;;;
2025-10-25;03:00;;;;;;;;;;;;;;;;
2025-10-25;04:00;;;;;;;;;;;;;;;;
2025-10-25;05:00;;;;;;;;;;;;;;;;
2025-10-25;06:00;;;;;;;;;;;;;;;;
2025-10-25;07:00;;;;;;;;;;;;;;;;
2025-10-25;08:00;;;;;;;;;;;;;;;;
2025-10-25;09:00;;;;;;;;;;;;;;;;
2025-10-25;10:00;;;;;;;;;;;;;;;;
2025-10-25;11:00;;;;;;;;;;;;;;;;
2025-10-25;12:00;;;;;;;;;;;;;;;;
2025-10-25;13:00;;;;;;;;;;;;;;;;
2025-10-25;14:00;;;;;;;;;;;;;;;;
2025-10-25;15:00;;;;;;;;;;;;;;;;
2025-10-25;16:00;;;;;;;;;;;;;;;;
2025-10-25;17:00;;;;;;;;;;;;;;;;
2025-10-25;18:00;;;;;;;;;;;;;;;;
2025-10-25;19:00;;;;;;;;;;;;;;;;
2025-10-25;20:00;;;;;;;;;;;;;;;;
2025-10-25;21:00;;;;;;;;;;;;;;;;
2025-10-25;22:00;;;;;;;;;;;;;;;;
2025-10-25;23:00;;;;;;;;;;;;;;;;
2025-10-26;00:00;;;;;;;;;;;;;;;;
2025-10-26;01:00;;;;;;;;;;;;;;;;
2025-10-26;02:00;;;;;;;;;;;;;;;;
2025-10-26;03:00;;;;;;;;;;;;;;;;
2025-10-26;04:00;;;;;;;;;;;;;;;;
2025-10-26;05:00;;;;;;;;;;;;;;;;
2025-10-26;06:00;;;;;;;;;;;;;;;;
2025-10-26;07:00;;;;;;;;;;;;;;;;
2025-10-26;08:00;;;;;;;;;;;;;;;;
2025-10-26;09:00;;;;;;;;;;;;;;;;
2025-10-26;10:00;;;;;;;;;;;;;;;;
2025-10-26;11:00;;;;;;;;;;;;;;;;
2025-10-26;12:00;;;;;;;;;;;;;;;;
2025-10-26;13:00;;;;;;;;;;;;;;;;
2025-10-26;14:00;;;;;;;;;;;;;;;;
2025-10-26;15:00;;;;;;;;;;;;;;;;
2025-10-26;16:00;;;;;;;;;;;;;;;;
2025-10-26;17:00;;;;;;;;;;;;;;;;
2025-10-26;18:00;;;;;;;;;;;;;;;;
2025-10-26;19:00;;;;;;;;;;;;;;;;
2025-10-26;20:00;;;;;;;;;;;;;;;;
2025-10-26;21:00;;;;;;;;;;;;;;;;
2025-10-26;22:00;;;;;;;;;;;;;;;;
2025-10-26;23:00;;;;;;;;;;;;;;;;
2025-10-27;00:00;;;;;;;;;;;;;;;;
2025-10-27;01:00;;;;;;;;;;;;;;;;
2025-10-27;02:00;;;;;;;;;;;;;;;;
2025-10-27;03:00;;;;;;;;;;;;;;;;
2025-10-27;04:00;;;;;;;;;;;;;;;;
2025-10-27;05:00;;;;;;;;;;;;;;;;
2025-10-27;06:00;;;;;;;;;;;;;;;;
2025-10-27;07:00;;;;;;;;;;;;;;;;
2025-10-27;08:00;;;;;;;;;;;;;;;;
2025-10-27;09:00;;;;;;;;;;;;;;;;
2025-10-27;10:00;;;;;;;;;;;;;;;;
2025-10-27;11:00;;;;;;;;;;;;;;;;
2025-10-27;12:00;;;;;;;;;;;;;;;;
2025-10-27;13:00;;;;;;;;;;;;;;;;
2025-10-27;14:00;;;;;;;;;;;;;;;;
2025-10-27;15:00;;;;;;;;;;;;;;;;
2025-10-27;16:00;;;;;;;;;;;;;;;;
2025-10-27;17:00;;;;;;;;;;;;;;;;
2025-10-27;18:00;93;;;;;;;5;;;;;;;;
2025-10-27;19:00;67;;;;;;;6;;;;;;;;
2025-10-27;20:00;39;;;;;;;5;;;;;;;;
2025-10-27;21:00;36;;;;;;;4;;;;;;;;
2025-10-27;22:00;38;;;;;;;7;;;;;;;;
2025-10-27;23:00;22;;;;;;;4;;;;;;;;
2025-10-28;00:00;20;;79.29;60.99;Bueno;156.52;Regular;4;;10.75;21.50;Bueno;71.67;Bueno;Bueno;Regular
2025-10-28;01:00;21;;79.29;60.99;Bueno;156.52;Regular;3;;10.75;21.50;Bueno;71.67;Bueno;Bueno;Regular
2025-10-28;02:00;15;;79.29;60.99;Bueno;156.52;Regular;1;;10.75;21.50;Bueno;71.67;Bueno;Bueno;Regular
2025-10-28;03:00;9;;79.29;60.99;Bueno;156.52;Regular;3;;10.75;21.50;Bueno;71.67;Bueno;Bueno;Regular
2025-10-28;04:00;12;;79.29;60.99;Bueno;156.52;Regular;7;;10.75;21.50;Bueno;71.67;Bueno;Bueno;Regular
2025-10-28;05:00;31;;79.29;60.99;Bueno;156.52;Regular;6;;10.75;21.50;Bueno;71.67;Bueno;Bueno;Regular
2025-10-28;06:00;111;;79.29;60.99;Bueno;156.52;Regular;19;;10.75;21.50;Bueno;71.67;Bueno;Bueno;Regular
2025-10-28;07:00;108;;79.29;60.99;Bueno;156.52;Regular;14;;10.75;21.50;Bueno;71.67;Bueno;Bueno;Regular
2025-10-28;08:00;42;;79.29;60.99;Bueno;156.52;Regular;8;;10.75;21.50;Bueno;71.67;Bueno;Bueno;Regular
2025-10-28;09:00;60;;79.29;60.99;Bueno;156.52;Regular;10;;10.75;21.50;Bueno;71.67;Bueno;Bueno;Regular
2025-10-28;10:00;47;;79.29;60.99;Bueno;156.52;Regular;8;;10.75;21.50;Bueno;71.67;Bueno;Bueno;Regular
2025-10-28;11:00;67;46.56;79.29;60.99;Bueno;156.52;Regular;6;6.67;10.75;21.50;Bueno;71.67;Bueno;Bueno;Regular
2025-10-28;12:00;48;46.63;79.29;60.99;Bueno;156.52;Regular;10;6.84;10.75;21.50;Bueno;71.67;Bueno;Bueno;Regular
2025-10-28;13:00;81;48.35;79.29;60.99;Bueno;156.52;Regular;9;6.95;10.75;21.50;Bueno;71.67;Bueno;Bueno;Regular
2025-10-28;14:00;75;49.62;79.29;60.99;Bueno;156.52;Regular;9;7.05;10.75;21.50;Bueno;71.67;Bueno;Bueno;Regular
2025-10-28;15:00;77;50.86;79.29;60.99;Bueno;156.52;Regular;5;6.95;10.75;21.50;Bueno;71.67;Bueno;Bueno;Regular
2025-10-28;16:00;175;56.26;79.29;60.99;Bueno;156.52;Regular;11;7.13;10.75;21.50;Bueno;71.67;Bueno;Bueno;Regular
2025-10-28;17:00;92;57.75;79.29;60.99;Bueno;156.52;Regular;13;7.38;10.75;21.50;Bueno;71.67;Bueno;Bueno;Regular
2025-10-28;18:00;198;62.12;79.29;60.99;Bueno;156.52;Regular;19;7.96;10.75;21.50;Bueno;71.67;Bueno;Bueno;Regular
2025-10-28;19:00;294;71.58;79.29;60.99;Bueno;156.52;Regular;21;8.58;10.75;21.50;Bueno;71.67;Bueno;Bueno;Regular
2025-10-28;20:00;191;77.92;79.29;60.99;Bueno;156.52;Regular;21;9.25;10.75;21.50;Bueno;71.67;Bueno;Bueno;Regular
2025-10-28;21:00;62;79.00;79.29;60.99;Bueno;156.52;Regular;24;10.08;10.75;21.50;Bueno;71.67;Bueno;Bueno;Regular
2025-10-28;22:00;32;78.75;79.29;60.99;Bueno;156.52;Regular;11;10.25;10.75;21.50;Bueno;71.67;Bueno;Bueno;Regular
2025-10-28;23:00;35;79.29;79.29;60.99;Bueno;156.52;Regular;16;10.75;10.75;21.50;Bueno;71.67;Bueno;Bueno;Regular
2025-10-29;00:00;26;79.54;44.29;34.07;Bueno;98.43;Bueno;8;10.92;7.38;14.75;Bueno;49.17;Bueno;Bueno;Bueno
2025-10-29;01:00;23;79.62;44.29;34.07;Bueno;98.43;Bueno;11;11.25;7.38;14.75;Bueno;49.17;Bueno;Bueno;Bueno
2025-10-29;02:00;20;79.83;44.29;34.07;Bueno;98.43;Bueno;10;11.62;7.38;14.75;Bueno;49.17;Bueno;Bueno;Bueno
2025-10-29;03:00;20;80.29;44.29;34.07;Bueno;98.43;Bueno;7;11.79;7.38;14.75;Bueno;49.17;Bueno;Bueno;Bueno
2025-10-29;04:00;19;80.58;44.29;34.07;Bueno;98.43;Bueno;6;11.75;7.38;14.75;Bueno;49.17;Bueno;Bueno;Bueno
2025-10-29;05:00;32;80.62;44.29;34.07;Bueno;98.43;Bueno;7;11.79;7.38;14.75;Bueno;49.17;Bueno;Bueno;Bueno
2025-10-29;06:00;60;78.50;44.29;34.07;Bueno;98.43;Bueno;9;11.38;7.38;14.75;Bueno;49.17;Bueno;Bueno;Bueno
2025-10-29;07:00;55;76.29;44.29;34.07;Bueno;98.43;Bueno;7;11.08;7.38;14.75;Bueno;49.17;Bueno;Bueno;Bueno
2025-10-29;08:00;41;76.25;44.29;34.07;Bueno;98.43;Bueno;6;11.00;7.38;14.75;Bueno;49.17;Bueno;Bueno;Bueno
2025-10-29;09:00;37;75.29;44.29;34.07;Bueno;98.43;Bueno;4;10.75;7.38;14.75;Bueno;49.17;Bueno;Bueno;Bueno
2025-10-29;10:00;37;74.88;44.29;34.07;Bueno;98.43;Bueno;2;10.50;7.38;14.75;Bueno;49.17;Bueno;Bueno;Bueno
2025-10-29;11:00;47;74.04;44.29;34.07;Bueno;98.43;Bueno;4;10.42;7.38;14.75;Bueno;49.17;Bueno;Bueno;Bueno
2025-10-29;12:00;38;73.62;44.29;34.07;Bueno;98.43;Bueno;6;10.25;7.38;14.75;Bueno;49.17;Bueno;Bueno;Bueno
2025-10-29;13:00;48;72.25;44.29;34.07;Bueno;98.43;Bueno;7;10.17;7.38;14.75;Bueno;49.17;Bueno;Bueno;Bueno
2025-10-29;14:00;43;70.92;44.29;34.07;Bueno;98.43;Bueno;10;10.21;7.38;14.75;Bueno;49.17;Bueno;Bueno;Bueno
2025-10-29;15:00;56;70.04;44.29;34.07;Bueno;98.43;Bueno;8;10.33;7.38;14.75;Bueno;49.17;Bueno;Bueno;Bueno
2025-10-29;16:00;62;65.33;44.29;34.07;Bueno;98.43;Bueno;9;10.25;7.38;14.75;Bueno;49.17;Bueno;Bueno;Bueno
2025-10-29;17:00;44;63.33;44.29;34.07;Bueno;98.43;Bueno;9;10.08;7.38;14.75;Bueno;49.17;Bueno;Bueno;Bueno
2025-10-29;18:00;61;57.62;44.29;34.07;Bueno;98.43;Bueno;8;9.62;7.38;14.75;Bueno;49.17;Bueno;Bueno;Bueno
2025-10-29;19:00;143;51.33;44.29;34.07;Bueno;98.43;Bueno;15;9.38;7.38;14.75;Bueno;49.17;Bueno;Bueno;Bueno
2025-10-29;20:00;51;45.50;44.29;34.07;Bueno;98.43;Bueno;8;8.83;7.38;14.75;Bueno;49.17;Bueno;Bueno;Bueno
2025-10-29;21:00;43;44.71;44.29;34.07;Bueno;98.43;Bueno;5;8.04;7.38;14.75;Bueno;49.17;Bueno;Bueno;Bueno
2025-10-29;22:00;34;44.79;44.29;34.07;Bueno;98.43;Bueno;6;7.83;7.38;14.75;Bueno;49.17;Bueno;Bueno;Bueno
2025-10-29;23:00;23;44.29;44.29;34.07;Bueno;98.43;Bueno;5;7.38;7.38;14.75;Bueno;49.17;Bueno;Bueno;Bueno
2025-10-30;00:00;13;43.75;43.21;33.24;Bueno;96.02;Bueno;4;7.21;10.50;21.00;Bueno;70.00;Bueno;Bueno;Bueno
2025-10-30;01:00;11;43.25;43.21;33.24;Bueno;96.02;Bueno;4;6.92;10.50;21.00;Bueno;70.00;Bueno;Bueno;Bueno
2025-10-30;02:00;13;42.96;43.21;33.24;Bueno;96.02;Bueno;4;6.67;10.50;21.00;Bueno;70.00;Bueno;Bueno;Bueno
2025-10-30;03:00;11;42.58;43.21;33.24;Bueno;96.02;Bueno;3;6.50;10.50;21.00;Bueno;70.00;Bueno;Bueno;Bueno
2025-10-30;04:00;10;42.21;43.21;33.24;Bueno;96.02;Bueno;4;6.42;10.50;21.00;Bueno;70.00;Bueno;Bueno;Bueno
2025-10-30;05:00;13;41.42;43.21;33.24;Bueno;96.02;Bueno;5;6.33;10.50;21.00;Bueno;70.00;Bueno;Bueno;Bueno
2025-10-30;06:00;22;39.83;43.21;33.24;Bueno;96.02;Bueno;5;6.17;10.50;21.00;Bueno;70.00;Bueno;Bueno;Bueno
2025-10-30;07:00;42;39.29;43.21;33.24;Bueno;96.02;Bueno;3;6.00;10.50;21.00;Bueno;70.00;Bueno;Bueno;Bueno
2025-10-30;08:00;31;38.88;43.21;33.24;Bueno;96.02;Bueno;9;6.12;10.50;21.00;Bueno;70.00;Bueno;Bueno;Bueno
2025-10-30;09:00;20;38.17;43.21;33.24;Bueno;96.02;Bueno;5;6.17;10.50;21.00;Bueno;70.00;Bueno;Bueno;Bueno
2025-10-30;10:00;22;37.54;43.21;33.24;Bueno;96.02;Bueno;11;6.54;10.50;21.00;Bueno;70.00;Bueno;Bueno;Bueno
2025-10-30;11:00;35;37.04;43.21;33.24;Bueno;96.02;Bueno;15;7.00;10.50;21.00;Bueno;70.00;Bueno;Bueno;Bueno
2025-10-30;12:00;46;37.38;43.21;33.24;Bueno;96.02;Bueno;8;7.08;10.50;21.00;Bueno;70.00;Bueno;Bueno;Bueno
2025-10-30;13:00;86;38.96;43.21;33.24;Bueno;96.02;Bueno;12;7.29;10.50;21.00;Bueno;70.00;Bueno;Bueno;Bueno
2025-10-30;14:00;103;41.46;43.21;33.24;Bueno;96.02;Bueno;12;7.38;10.50;21.00;Bueno;70.00;Bueno;Bueno;Bueno
2025-10-30;15:00;100;43.29;43.21;33.24;Bueno;96.02;Bueno;15;7.67;10.50;21.00;Bueno;70.00;Bueno;Bueno;Bueno
2025-10-30;16:00;78;43.96;43.21;33.24;Bueno;96.02;Bueno;10;7.71;10.50;21.00;Bueno;70.00;Bueno;Bueno;Bueno
2025-10-30;17:00;69;45.00;43.21;33.24;Bueno;96.02;Bueno;8;7.67;10.50;21.00;Bueno;70.00;Bueno;Bueno;Bueno
2025-10-30;18:00;103;46.75;43.21;33.24;Bueno;96.02;Bueno;13;7.88;10.50;21.00;Bueno;70.00;Bueno;Bueno;Bueno
2025-10-30;19:00;49;42.83;43.21;33.24;Bueno;96.02;Bueno;16;7.92;10.50;21.00;Bueno;70.00;Bueno;Bueno;Bueno
2025-10-30;20:00;47;42.67;43.21;33.24;Bueno;96.02;Bueno;6;7.83;10.50;21.00;Bueno;70.00;Bueno;Bueno;Bueno
2025-10-30;21:00;25;41.92;43.21;33.24;Bueno;96.02;Bueno;4;7.79;10.50;21.00;Bueno;70.00;Bueno;Bueno;Bueno
2025-10-30;22:00;69;43.38;43.21;33.24;Bueno;96.02;Bueno;68;10.38;10.50;21.00;Bueno;70.00;Bueno;Bueno;Bueno
2025-10-30;23:00;19;43.21;43.21;33.24;Bueno;96.02;Bueno;8;10.50;10.50;21.00;Bueno;70.00;Bueno;Bueno;Bueno
2025-10-31;00:00;15;43.29;24.46;18.81;Bueno;54.35;Bueno;4;10.50;6.42;12.83;Bueno;42.78;Bueno;Bueno;Bueno
2025-10-31;01:00;9;43.21;24.46;18.81;Bueno;54.35;Bueno;3;10.46;6.42;12.83;Bueno;42.78;Bueno;Bueno;Bueno
2025-10-31;02:00;18;43.42;24.46;18.81;Bueno;54.35;Bueno;4;10.46;6.42;12.83;Bueno;42.78;Bueno;Bueno;Bueno
2025-10-31;03:00;18;43.71;24.46;18.81;Bueno;54.35;Bueno;6;10.58;6.42;12.83;Bueno;42.78;Bueno;Bueno;Bueno
2025-10-31;04:00;21;44.17;24.46;18.81;Bueno;54.35;Bueno;4;10.58;6.42;12.83;Bueno;42.78;Bueno;Bueno;Bueno
2025-10-31;05:00;22;44.54;24.46;18.81;Bueno;54.35;Bueno;4;10.54;6.42;12.83;Bueno;42.78;Bueno;Bueno;Bueno
2025-10-31;06:00;23;44.58;24.46;18.81;Bueno;54.35;Bueno;7;10.62;6.42;12.83;Bueno;42.78;Bueno;Bueno;Bueno
2025-10-31;07:00;20;43.67;24.46;18.81;Bueno;54.35;Bueno;5;10.71;6.42;12.83;Bueno;42.78;Bueno;Bueno;Bueno
2025-10-31;08:00;31;43.67;24.46;18.81;Bueno;54.35;Bueno;11;10.79;6.42;12.83;Bueno;42.78;Bueno;Bueno;Bueno
2025-10-31;09:00;21;43.71;24.46;18.81;Bueno;54.35;Bueno;8;10.92;6.42;12.83;Bueno;42.78;Bueno;Bueno;Bueno
2025-10-31;10:00;31;44.08;24.46;18.81;Bueno;54.35;Bueno;7;10.75;6.42;12.83;Bueno;42.78;Bueno;Bueno;Bueno
2025-10-31;11:00;18;43.38;24.46;18.81;Bueno;54.35;Bueno;5;10.33;6.42;12.83;Bueno;42.78;Bueno;Bueno;Bueno
2025-10-31;12:00;16;42.12;24.46;18.81;Bueno;54.35;Bueno;2;10.08;6.42;12.83;Bueno;42.78;Bueno;Bueno;Bueno
2025-10-31;13:00;21;39.42;24.46;18.81;Bueno;54.35;Bueno;5;9.79;6.42;12.83;Bueno;42.78;Bueno;Bueno;Bueno
2025-10-31;14:00;42;36.88;24.46;18.81;Bueno;54.35;Bueno;9;9.67;6.42;12.83;Bueno;42.78;Bueno;Bueno;Bueno
2025-10-31;15:00;19;33.50;24.46;18.81;Bueno;54.35;Bueno;8;9.38;6.42;12.83;Bueno;42.78;Bueno;Bueno;Bueno
2025-10-31;16:00;32;31.58;24.46;18.81;Bueno;54.35;Bueno;5;9.17;6.42;12.83;Bueno;42.78;Bueno;Bueno;Bueno
2025-10-31;17:00;21;29.58;24.46;18.81;Bueno;54.35;Bueno;4;9.00;6.42;12.83;Bueno;42.78;Bueno;Bueno;Bueno
2025-10-31;18:00;45;27.17;24.46;18.81;Bueno;54.35;Bueno;9;8.83;6.42;12.83;Bueno;42.78;Bueno;Bueno;Bueno
2025-10-31;19:00;58;27.54;24.46;18.81;Bueno;54.35;Bueno;13;8.71;6.42;12.83;Bueno;42.78;Bueno;Bueno;Bueno
2025-10-31;20:00;33;26.96;24.46;18.81;Bueno;54.35;Bueno;12;8.96;6.42;12.83;Bueno;42.78;Bueno;Bueno;Bueno
2025-10-31;21:00;16;26.58;24.46;18.81;Bueno;54.35;Bueno;9;9.17;6.42;12.83;Bueno;42.78;Bueno;Bueno;Bueno
2025-10-31;22:00;21;24.58;24.46;18.81;Bueno;54.35;Bueno;6;6.58;6.42;12.83;Bueno;42.78;Bueno;Bueno;Bueno
2025-10-31;23:00;16;24.46;24.46;18.81;Bueno;54.35;Bueno;4;6.42;6.42;12.83;Bueno;42.78;Bueno;Bueno;Bueno
2025-11-01;00:00;12;24.33;22.12;17.02;Bueno;49.17;Bueno;2;6.33;3.67;7.33;Bueno;24.44;Bueno;Bueno;Bueno
2025-11-01;01:00;9;24.33;22.12;17.02;Bueno;49.17;Bueno;3;6.33;3.67;7.33;Bueno;24.44;Bueno;Bueno;Bueno
2025-11-01;02:00;7;23.88;22.12;17.02;Bueno;49.17;Bueno;3;6.29;3.67;7.33;Bueno;24.44;Bueno;Bueno;Bueno
2025-11-01;03:00;5;23.33;22.12;17.02;Bueno;49.17;Bueno;4;6.21;3.67;7.33;Bueno;24.44;Bueno;Bueno;Bueno
2025-11-01;04:00;8;22.79;22.12;17.02;Bueno;49.17;Bueno;3;6.17;3.67;7.33;Bueno;24.44;Bueno;Bueno;Bueno
2025-11-01;05:00;16;22.54;22.12;17.02;Bueno;49.17;Bueno;1;6.04;3.67;7.33;Bueno;24.44;Bueno;Bueno;Bueno
2025-11-01;06:00;10;22.00;22.12;17.02;Bueno;49.17;Bueno;3;5.88;3.67;7.33;Bueno;24.44;Bueno;Bueno;Bueno
2025-11-01;07:00;11;21.62;22.12;17.02;Bueno;49.17;Bueno;6;5.92;3.67;7.33;Bueno;24.44;Bueno;Bueno;Bueno
2025-11-01;08:00;21;21.21;22.12;17.02;Bueno;49.17;Bueno;4;5.62;3.67;7.33;Bueno;24.44;Bueno;Bueno;Bueno
2025-11-01;09:00;21;21.21;22.12;17.02;Bueno;49.17;Bueno;3;5.42;3.67;7.33;Bueno;24.44;Bueno;Bueno;Bueno
2025-11-01;10:00;17;20.62;22.12;17.02;Bueno;49.17;Bueno;6;5.38;3.67;7.33;Bueno;24.44;Bueno;Bueno;Bueno
2025-11-01;11:00;18;20.62;22.12;17.02;Bueno;49.17;Bueno;4;5.33;3.67;7.33;Bueno;24.44;Bueno;Bueno;Bueno
2025-11-01;12:00;49;22.00;22.12;17.02;Bueno;49.17;Bueno;2;5.33;3.67;7.33;Bueno;24.44;Bueno;Bueno;Bueno
2025-11-01;13:00;17;21.83;22.12;17.02;Bueno;49.17;Bueno;8;5.46;3.67;7.33;Bueno;24.44;Bueno;Bueno;Bueno
2025-11-01;14:00;40;21.75;22.12;17.02;Bueno;49.17;Bueno;5;5.29;3.67;7.33;Bueno;24.44;Bueno;Bueno;Bueno
2025-11-01;15:00;26;22.04;22.12;17.02;Bueno;49.17;Bueno;2;5.04;3.67;7.33;Bueno;24.44;Bueno;Bueno;Bueno
2025-11-01;16:00;41;22.42;22.12;17.02;Bueno;49.17;Bueno;2;4.92;3.67;7.33;Bueno;24.44;Bueno;Bueno;Bueno
2025-11-01;17:00;42;23.29;22.12;17.02;Bueno;49.17;Bueno;2;4.83;3.67;7.33;Bueno;24.44;Bueno;Bueno;Bueno
2025-11-01;18:00;24;22.42;22.12;17.02;Bueno;49.17;Bueno;3;4.58;3.67;7.33;Bueno;24.44;Bueno;Bueno;Bueno
2025-11-01;19:00;46;21.92;22.12;17.02;Bueno;49.17;Bueno;4;4.21;3.67;7.33;Bueno;24.44;Bueno;Bueno;Bueno
2025-11-01;20:00;30;21.79;22.12;17.02;Bueno;49.17;Bueno;6;3.96;3.67;7.33;Bueno;24.44;Bueno;Bueno;Bueno
2025-11-01;21:00;22;22.04;22.12;17.02;Bueno;49.17;Bueno;4;3.75;3.67;7.33;Bueno;24.44;Bueno;Bueno;Bueno
2025-11-01;22:00;22;22.08;22.12;17.02;Bueno;49.17;Bueno;5;3.71;3.67;7.33;Bueno;24.44;Bueno;Bueno;Bueno
2025-11-01;23:00;17;22.12;22.12;17.02;Bueno;49.17;Bueno;3;3.67;3.67;7.33;Bueno;24.44;Bueno;Bueno;Bueno
2025-11-02;00:00;10;22.04;21.17;16.28;Bueno;47.04;Bueno;1;3.62;3.96;7.92;Bueno;26.39;Bueno;Bueno;Bueno
2025-11-02;01:00;6;21.92;21.17;16.28;Bueno;47.04;Bueno;2;3.58;3.96;7.92;Bueno;26.39;Bueno;Bueno;Bueno
2025-11-02;02:00;8;21.96;21.17;16.28;Bueno;47.04;Bueno;4;3.62;3.96;7.92;Bueno;26.39;Bueno;Bueno;Bueno
2025-11-02;03:00;12;22.25;21.17;16.28;Bueno;47.04;Bueno;4;3.62;3.96;7.92;Bueno;26.39;Bueno;Bueno;Bueno
2025-11-02;04:00;8;22.25;21.17;16.28;Bueno;47.04;Bueno;5;3.71;3.96;7.92;Bueno;26.39;Bueno;Bueno;Bueno
2025-11-02;05:00;5;21.79;21.17;16.28;Bueno;47.04;Bueno;3;3.79;3.96;7.92;Bueno;26.39;Bueno;Bueno;Bueno
2025-11-02;06:00;10;21.79;21.17;16.28;Bueno;47.04;Bueno;2;3.75;3.96;7.92;Bueno;26.39;Bueno;Bueno;Bueno
2025-11-02;07:00;10;21.75;21.17;16.28;Bueno;47.04;Bueno;2;3.58;3.96;7.92;Bueno;26.39;Bueno;Bueno;Bueno
2025-11-02;08:00;14;21.46;21.17;16.28;Bueno;47.04;Bueno;1;3.46;3.96;7.92;Bueno;26.39;Bueno;Bueno;Bueno
2025-11-02;09:00;15;21.21;21.17;16.28;Bueno;47.04;Bueno;1;3.38;3.96;7.92;Bueno;26.39;Bueno;Bueno;Bueno
2025-11-02;10:00;31;21.79;21.17;16.28;Bueno;47.04;Bueno;3;3.25;3.96;7.92;Bueno;26.39;Bueno;Bueno;Bueno
2025-11-02;11:00;26;22.12;21.17;16.28;Bueno;47.04;Bueno;2;3.17;3.96;7.92;Bueno;26.39;Bueno;Bueno;Bueno
2025-11-02;12:00;16;20.75;21.17;16.28;Bueno;47.04;Bueno;1;3.12;3.96;7.92;Bueno;26.39;Bueno;Bueno;Bueno
2025-11-02;13:00;12;20.54;21.17;16.28;Bueno;47.04;Bueno;2;2.88;3.96;7.92;Bueno;26.39;Bueno;Bueno;Bueno
2025-11-02;14:00;29;20.08;21.17;16.28;Bueno;47.04;Bueno;3;2.79;3.96;7.92;Bueno;26.39;Bueno;Bueno;Bueno
2025-11-02;15:00;31;20.29;21.17;16.28;Bueno;47.04;Bueno;5;2.92;3.96;7.92;Bueno;26.39;Bueno;Bueno;Bueno
2025-11-02;16:00;17;19.29;21.17;16.28;Bueno;47.04;Bueno;4;3.00;3.96;7.92;Bueno;26.39;Bueno;Bueno;Bueno
2025-11-02;17:00;18;18.29;21.17;16.28;Bueno;47.04;Bueno;2;3.00;3.96;7.92;Bueno;26.39;Bueno;Bueno;Bueno
2025-11-02;18:00;61;19.83;21.17;16.28;Bueno;47.04;Bueno;3;3.00;3.96;7.92;Bueno;26.39;Bueno;Bueno;Bueno
2025-11-02;19:00;35;19.38;21.17;16.28;Bueno;47.04;Bueno;8;3.17;3.96;7.92;Bueno;26.39;Bueno;Bueno;Bueno
2025-11-02;20:00;62;20.71;21.17;16.28;Bueno;47.04;Bueno;15;3.54;3.96;7.92;Bueno;26.39;Bueno;Bueno;Bueno
2025-11-02;21:00;31;21.08;21.17;16.28;Bueno;47.04;Bueno;7;3.67;3.96;7.92;Bueno;26.39;Bueno;Bueno;Bueno
2025-11-02;22:00;25;21.21;21.17;16.28;Bueno;47.04;Bueno;8;3.79;3.96;7.92;Bueno;26.39;Bueno;Bueno;Bueno
2025-11-02;23:00;16;21.17;21.17;16.28;Bueno;47.04;Bueno;7;3.96;3.96;7.92;Bueno;26.39;Bueno;Bueno;Bueno
2025-11-03;00:00;21;21.62;37.88;29.13;Bueno;84.17;Bueno;6;4.17;7.00;14.00;Bueno;46.67;Bueno;Bueno;Bueno
2025-11-03;01:00;15;22.00;37.88;29.13;Bueno;84.17;Bueno;4;4.25;7.00;14.00;Bueno;46.67;Bueno;Bueno;Bueno
2025-11-03;02:00;17;22.38;37.88;29.13;Bueno;84.17;Bueno;5;4.29;7.00;14.00;Bueno;46.67;Bueno;Bueno;Bueno
2025-11-03;03:00;13;22.42;37.88;29.13;Bueno;84.17;Bueno;7;4.42;7.00;14.00;Bueno;46.67;Bueno;Bueno;Bueno
2025-11-03;04:00;20;22.92;37.88;29.13;Bueno;84.17;Bueno;6;4.46;7.00;14.00;Bueno;46.67;Bueno;Bueno;Bueno
2025-11-03;05:00;28;23.88;37.88;29.13;Bueno;84.17;Bueno;10;4.75;7.00;14.00;Bueno;46.67;Bueno;Bueno;Bueno
2025-11-03;06:00;42;25.21;37.88;29.13;Bueno;84.17;Bueno;9;5.04;7.00;14.00;Bueno;46.67;Bueno;Bueno;Bueno
2025-11-03;07:00;66;27.54;37.88;29.13;Bueno;84.17;Bueno;16;5.62;7.00;14.00;Bueno;46.67;Bueno;Bueno;Bueno
2025-11-03;08:00;67;29.75;37.88;29.13;Bueno;84.17;Bueno;11;6.04;7.00;14.00;Bueno;46.67;Bueno;Bueno;Bueno
2025-11-03;09:00;42;30.88;37.88;29.13;Bueno;84.17;Bueno;12;6.50;7.00;14.00;Bueno;46.67;Bueno;Bueno;Bueno
2025-11-03;10:00;38;31.17;37.88;29.13;Bueno;84.17;Bueno;9;6.75;7.00;14.00;Bueno;46.67;Bueno;Bueno;Bueno
2025-11-03;11:00;26;31.17;37.88;29.13;Bueno;84.17;Bueno;7;6.96;7.00;14.00;Bueno;46.67;Bueno;Bueno;Bueno
2025-11-03;12:00;35;31.96;37.88;29.13;Bueno;84.17;Bueno;5;7.12;7.00;14.00;Bueno;46.67;Bueno;Bueno;Bueno
2025-11-03;13:00;22;32.38;37.88;29.13;Bueno;84.17;Bueno;7;7.33;7.00;14.00;Bueno;46.67;Bueno;Bueno;Bueno
2025-11-03;14:00;31;32.46;37.88;29.13;Bueno;84.17;Bueno;7;7.50;7.00;14.00;Bueno;46.67;Bueno;Bueno;Bueno
2025-11-03;15:00;30;32.42;37.88;29.13;Bueno;84.17;Bueno;5;7.50;7.00;14.00;Bueno;46.67;Bueno;Bueno;Bueno
2025-11-03;16:00;58;34.12;37.88;29.13;Bueno;84.17;Bueno;5;7.54;7.00;14.00;Bueno;46.67;Bueno;Bueno;Bueno
2025-11-03;17:00;65;36.08;37.88;29.13;Bueno;84.17;Bueno;4;7.62;7.00;14.00;Bueno;46.67;Bueno;Bueno;Bueno
2025-11-03;18:00;97;37.58;37.88;29.13;Bueno;84.17;Bueno;7;7.79;7.00;14.00;Bueno;46.67;Bueno;Bueno;Bueno
2025-11-03;19:00;77;39.33;37.88;29.13;Bueno;84.17;Bueno;7;7.75;7.00;14.00;Bueno;46.67;Bueno;Bueno;Bueno
2025-11-03;20:00;41;38.46;37.88;29.13;Bueno;84.17;Bueno;4;7.29;7.00;14.00;Bueno;46.67;Bueno;Bueno;Bueno
2025-11-03;21:00;21;38.04;37.88;29.13;Bueno;84.17;Bueno;4;7.17;7.00;14.00;Bueno;46.67;Bueno;Bueno;Bueno
2025-11-03;22:00;20;37.83;37.88;29.13;Bueno;84.17;Bueno;5;7.04;7.00;14.00;Bueno;46.67;Bueno;Bueno;Bueno
2025-11-03;23:00;17;37.88;37.88;29.13;Bueno;84.17;Bueno;6;7.00;7.00;14.00;Bueno;46.67;Bueno;Bueno;Bueno
2025-11-04;00:00;15;37.62;47.83;36.79;Bueno;104.64;Regular;6;7.00;7.17;14.33;Bueno;47.78;Bueno;Bueno;Regular
2025-11-04;01:00;12;37.50;47.83;36.79;Bueno;104.64;Regular;4;7.00;7.17;14.33;Bueno;47.78;Bueno;Bueno;Regular
2025-11-04;02:00;17;37.50;47.83;36.79;Bueno;104.64;Regular;7;7.08;7.17;14.33;Bueno;47.78;Bueno;Bueno;Regular
2025-11-04;03:00;20;37.79;47.83;36.79;Bueno;104.64;Regular;9;7.17;7.17;14.33;Bueno;47.78;Bueno;Bueno;Regular
2025-11-04;04:00;20;37.79;47.83;36.79;Bueno;104.64;Regular;8;7.25;7.17;14.33;Bueno;47.78;Bueno;Bueno;Regular
2025-11-04;05:00;25;37.67;47.83;36.79;Bueno;104.64;Regular;8;7.17;7.17;14.33;Bueno;47.78;Bueno;Bueno;Regular
2025-11-04;06:00;43;37.71;47.83;36.79;Bueno;104.64;Regular;10;7.21;7.17;14.33;Bueno;47.78;Bueno;Bueno;Regular
2025-11-04;07:00;46;36.88;47.83;36.79;Bueno;104.64;Regular;10;6.96;7.17;14.33;Bueno;47.78;Bueno;Bueno;Regular
2025-11-04;08:00;45;35.96;47.83;36.79;Bueno;104.64;Regular;7;6.79;7.17;14.33;Bueno;47.78;Bueno;Bueno;Regular
2025-11-04;09:00;37;35.75;47.83;36.79;Bueno;104.64;Regular;5;6.50;7.17;14.33;Bueno;47.78;Bueno;Bueno;Regular
2025-11-04;10:00;22;35.08;47.83;36.79;Bueno;104.64;Regular;7;6.42;7.17;14.33;Bueno;47.78;Bueno;Bueno;Regular
2025-11-04;11:00;29;35.21;47.83;36.79;Bueno;104.64;Regular;4;6.29;7.17;14.33;Bueno;47.78;Bueno;Bueno;Regular
2025-11-04;12:00;49;35.79;47.83;36.79;Bueno;104.64;Regular;6;6.33;7.17;14.33;Bueno;47.78;Bueno;Bueno;Regular
2025-11-04;13:00;35;36.33;47.83;36.79;Bueno;104.64;Regular;4;6.21;7.17;14.33;Bueno;47.78;Bueno;Bueno;Regular
2025-11-04;14:00;36;36.54;47.83;36.79;Bueno;104.64;Regular;7;6.21;7.17;14.33;Bueno;47.78;Bueno;Bueno;Regular
2025-11-04;15:00;105;39.67;47.83;36.79;Bueno;104.64;Regular;7;6.29;7.17;14.33;Bueno;47.78;Bueno;Bueno;Regular
2025-11-04;16:00;95;41.21;47.83;36.79;Bueno;104.64;Regular;5;6.29;7.17;14.33;Bueno;47.78;Bueno;Bueno;Regular
2025-11-04;17:00;70;41.42;47.83;36.79;Bueno;104.64;Regular;6;6.38;7.17;14.33;Bueno;47.78;Bueno;Bueno;Regular
2025-11-04;18:00;117;42.25;47.83;36.79;Bueno;104.64;Regular;10;6.50;7.17;14.33;Bueno;47.78;Bueno;Bueno;Regular
2025-11-04;19:00;153;45.42;47.83;36.79;Bueno;104.64;Regular;13;6.75;7.17;14.33;Bueno;47.78;Bueno;Bueno;Regular
2025-11-04;20:00;58;46.12;47.83;36.79;Bueno;104.64;Regular;10;7.00;7.17;14.33;Bueno;47.78;Bueno;Bueno;Regular
2025-11-04;21:00;43;47.04;47.83;36.79;Bueno;104.64;Regular;7;7.12;7.17;14.33;Bueno;47.78;Bueno;Bueno;Regular
2025-11-04;22:00;25;47.25;47.83;36.79;Bueno;104.64;Regular;5;7.12;7.17;14.33;Bueno;47.78;Bueno;Bueno;Regular
2025-11-04;23:00;31;47.83;47.83;36.79;Bueno;104.64;Regular;7;7.17;7.17;14.33;Bueno;47.78;Bueno;Bueno;Regular
2025-11-05;00:00;24;48.21;47.75;36.73;Bueno;104.50;Regular;8;7.25;6.96;13.92;Bueno;46.39;Bueno;Bueno;Regular
2025-11-05;01:00;25;48.75;47.75;36.73;Bueno;104.50;Regular;8;7.42;6.96;13.92;Bueno;46.39;Bueno;Bueno;Regular
2025-11-05;02:00;14;48.62;47.75;36.73;Bueno;104.50;Regular;6;7.38;6.96;13.92;Bueno;46.39;Bueno;Bueno;Regular
2025-11-05;03:00;17;48.50;47.75;36.73;Bueno;104.50;Regular;5;7.21;6.96;13.92;Bueno;46.39;Bueno;Bueno;Regular
2025-11-05;04:00;21;48.54;47.75;36.73;Bueno;104.50;Regular;4;7.04;6.96;13.92;Bueno;46.39;Bueno;Bueno;Regular
2025-11-05;05:00;23;48.46;47.75;36.73;Bueno;104.50;Regular;5;6.92;6.96;13.92;Bueno;46.39;Bueno;Bueno;Regular
2025-11-05;06:00;50;48.75;47.75;36.73;Bueno;104.50;Regular;9;6.88;6.96;13.92;Bueno;46.39;Bueno;Bueno;Regular
2025-11-05;07:00;37;48.38;47.75;36.73;Bueno;104.50;Regular;10;6.88;6.96;13.92;Bueno;46.39;Bueno;Bueno;Regular
2025-11-05;08:00;46;48.42;47.75;36.73;Bueno;104.50;Regular;6;6.83;6.96;13.92;Bueno;46.39;Bueno;Bueno;Regular
2025-11-05;09:00;25;47.92;47.75;36.73;Bueno;104.50;Regular;3;6.75;6.96;13.92;Bueno;46.39;Bueno;Bueno;Regular
2025-11-05;10:00;39;48.62;47.75;36.73;Bueno;104.50;Regular;7;6.75;6.96;13.92;Bueno;46.39;Bueno;Bueno;Regular
2025-11-05;11:00;45;49.29;47.75;36.73;Bueno;104.50;Regular;6;6.83;6.96;13.92;Bueno;46.39;Bueno;Bueno;Regular
2025-11-05;12:00;33;48.62;47.75;36.73;Bueno;104.50;Regular;4;6.75;6.96;13.92;Bueno;46.39;Bueno;Bueno;Regular
2025-11-05;13:00;38;48.75;47.75;36.73;Bueno;104.50;Regular;2;6.67;6.96;13.92;Bueno;46.39;Bueno;Bueno;Regular
2025-11-05;14:00;42;49.00;47.75;36.73;Bueno;104.50;Regular;6;6.62;6.96;13.92;Bueno;46.39;Bueno;Bueno;Regular
2025-11-05;15:00;60;47.12;47.75;36.73;Bueno;104.50;Regular;9;6.71;6.96;13.92;Bueno;46.39;Bueno;Bueno;Regular
2025-11-05;16:00;80;46.50;47.75;36.73;Bueno;104.50;Regular;7;6.79;6.96;13.92;Bueno;46.39;Bueno;Bueno;Regular
2025-11-05;17:00;89;47.29;47.75;36.73;Bueno;104.50;Regular;6;6.79;6.96;13.92;Bueno;46.39;Bueno;Bueno;Regular
2025-11-05;18:00;84;45.92;47.75;36.73;Bueno;104.50;Regular;7;6.67;6.96;13.92;Bueno;46.39;Bueno;Bueno;Regular
2025-11-05;19:00;116;44.38;47.75;36.73;Bueno;104.50;Regular;12;6.62;6.96;13.92;Bueno;46.39;Bueno;Bueno;Regular
2025-11-05;20:00;152;48.29;47.75;36.73;Bueno;104.50;Regular;14;6.79;6.96;13.92;Bueno;46.39;Bueno;Bueno;Regular
2025-11-05;21:00;40;48.17;47.75;36.73;Bueno;104.50;Regular;12;7.00;6.96;13.92;Bueno;46.39;Bueno;Bueno;Regular
2025-11-05;22:00;25;48.17;47.75;36.73;Bueno;104.50;Regular;8;7.12;6.96;13.92;Bueno;46.39;Bueno;Bueno;Regular
2025-11-05;23:00;21;47.75;47.75;36.73;Bueno;104.50;Regular;3;6.96;6.96;13.92;Bueno;46.39;Bueno;Bueno;Regular
2025-11-06;00:00;24;47.75;44.29;34.07;Bueno;98.43;Bueno;4;6.79;10.62;21.25;Bueno;70.83;Bueno;Bueno;Bueno
2025-11-06;01:00;19;47.50;44.29;34.07;Bueno;98.43;Bueno;7;6.75;10.62;21.25;Bueno;70.83;Bueno;Bueno;Bueno
2025-11-06;02:00;17;47.62;44.29;34.07;Bueno;98.43;Bueno;5;6.71;10.62;21.25;Bueno;70.83;Bueno;Bueno;Bueno
2025-11-06;03:00;14;47.50;44.29;34.07;Bueno;98.43;Bueno;5;6.71;10.62;21.25;Bueno;70.83;Bueno;Bueno;Bueno
2025-11-06;04:00;19;47.42;44.29;34.07;Bueno;98.43;Bueno;7;6.83;10.62;21.25;Bueno;70.83;Bueno;Bueno;Bueno
2025-11-06;05:00;37;48.00;44.29;34.07;Bueno;98.43;Bueno;7;6.92;10.62;21.25;Bueno;70.83;Bueno;Bueno;Bueno
2025-11-06;06:00;47;47.88;44.29;34.07;Bueno;98.43;Bueno;10;6.96;10.62;21.25;Bueno;70.83;Bueno;Bueno;Bueno
2025-11-06;07:00;68;49.17;44.29;34.07;Bueno;98.43;Bueno;12;7.04;10.62;21.25;Bueno;70.83;Bueno;Bueno;Bueno
2025-11-06;08:00;51;49.38;44.29;34.07;Bueno;98.43;Bueno;9;7.17;10.62;21.25;Bueno;70.83;Bueno;Bueno;Bueno
2025-11-06;09:00;43;50.12;44.29;34.07;Bueno;98.43;Bueno;8;7.38;10.62;21.25;Bueno;70.83;Bueno;Bueno;Bueno
2025-11-06;10:00;49;50.54;44.29;34.07;Bueno;98.43;Bueno;12;7.58;10.62;21.25;Bueno;70.83;Bueno;Bueno;Bueno
2025-11-06;11:00;84;52.17;44.29;34.07;Bueno;98.43;Bueno;17;8.04;10.62;21.25;Bueno;70.83;Bueno;Bueno;Bueno
2025-11-06;12:00;84;54.29;44.29;34.07;Bueno;98.43;Bueno;19;8.67;10.62;21.25;Bueno;70.83;Bueno;Bueno;Bueno
2025-11-06;13:00;44;54.54;44.29;34.07;Bueno;98.43;Bueno;13;9.12;10.62;21.25;Bueno;70.83;Bueno;Bueno;Bueno
2025-11-06;14:00;42;54.54;44.29;34.07;Bueno;98.43;Bueno;13;9.42;10.62;21.25;Bueno;70.83;Bueno;Bueno;Bueno
2025-11-06;15:00;54;54.29;44.29;34.07;Bueno;98.43;Bueno;10;9.46;10.62;21.25;Bueno;70.83;Bueno;Bueno;Bueno
2025-11-06;16:00;117;55.83;44.29;34.07;Bueno;98.43;Bueno;15;9.79;10.62;21.25;Bueno;70.83;Bueno;Bueno;Bueno
2025-11-06;17:00;58;54.54;44.29;34.07;Bueno;98.43;Bueno;13;10.08;10.62;21.25;Bueno;70.83;Bueno;Bueno;Bueno
2025-11-06;18:00;38;52.62;44.29;34.07;Bueno;98.43;Bueno;10;10.21;10.62;21.25;Bueno;70.83;Bueno;Bueno;Bueno
2025-11-06;19:00;35;49.25;44.29;34.07;Bueno;98.43;Bueno;13;10.25;10.62;21.25;Bueno;70.83;Bueno;Bueno;Bueno
2025-11-06;20:00;28;44.08;44.29;34.07;Bueno;98.43;Bueno;10;10.08;10.62;21.25;Bueno;70.83;Bueno;Bueno;Bueno
2025-11-06;21:00;30;43.67;44.29;34.07;Bueno;98.43;Bueno;11;10.04;10.62;21.25;Bueno;70.83;Bueno;Bueno;Bueno
2025-11-06;22:00;35;44.08;44.29;34.07;Bueno;98.43;Bueno;15;10.33;10.62;21.25;Bueno;70.83;Bueno;Bueno;Bueno
2025-11-06;23:00;26;44.29;44.29;34.07;Bueno;98.43;Bueno;10;10.62;10.62;21.25;Bueno;70.83;Bueno;Bueno;Bueno
2025-11-07;00:00;27;44.42;28.46;21.89;Bueno;63.24;Bueno;14;11.04;9.42;18.83;Bueno;62.78;Bueno;Bueno;Bueno
2025-11-07;01:00;25;44.67;28.46;21.89;Bueno;63.24;Bueno;11;11.21;9.42;18.83;Bueno;62.78;Bueno;Bueno;Bueno
2025-11-07;02:00;23;44.92;28.46;21.89;Bueno;63.24;Bueno;9;11.38;9.42;18.83;Bueno;62.78;Bueno;Bueno;Bueno
2025-11-07;03:00;19;45.12;28.46;21.89;Bueno;63.24;Bueno;6;11.42;9.42;18.83;Bueno;62.78;Bueno;Bueno;Bueno
2025-11-07;04:00;20;45.17;28.46;21.89;Bueno;63.24;Bueno;9;11.50;9.42;18.83;Bueno;62.78;Bueno;Bueno;Bueno
2025-11-07;05:00;21;44.50;28.46;21.89;Bueno;63.24;Bueno;8;11.54;9.42;18.83;Bueno;62.78;Bueno;Bueno;Bueno
2025-11-07;06:00;28;43.71;28.46;21.89;Bueno;63.24;Bueno;11;11.58;9.42;18.83;Bueno;62.78;Bueno;Bueno;Bueno
2025-11-07;07:00;26;41.96;28.46;21.89;Bueno;63.24;Bueno;6;11.33;9.42;18.83;Bueno;62.78;Bueno;Bueno;Bueno
2025-11-07;08:00;40;41.50;28.46;21.89;Bueno;63.24;Bueno;7;11.25;9.42;18.83;Bueno;62.78;Bueno;Bueno;Bueno
2025-11-07;09:00;49;41.75;28.46;21.89;Bueno;63.24;Bueno;12;11.42;9.42;18.83;Bueno;62.78;Bueno;Bueno;Bueno
2025-11-07;10:00;22;40.62;28.46;21.89;Bueno;63.24;Bueno;11;11.38;9.42;18.83;Bueno;62.78;Bueno;Bueno;Bueno
2025-11-07;11:00;19;37.92;28.46;21.89;Bueno;63.24;Bueno;10;11.08;9.42;18.83;Bueno;62.78;Bueno;Bueno;Bueno
2025-11-07;12:00;28;35.58;28.46;21.89;Bueno;63.24;Bueno;14;10.88;9.42;18.83;Bueno;62.78;Bueno;Bueno;Bueno
2025-11-07;13:00;27;34.88;28.46;21.89;Bueno;63.24;Bueno;14;10.92;9.42;18.83;Bueno;62.78;Bueno;Bueno;Bueno
2025-11-07;14:00;31;34.42;28.46;21.89;Bueno;63.24;Bueno;9;10.75;9.42;18.83;Bueno;62.78;Bueno;Bueno;Bueno
2025-11-07;15:00;33;33.54;28.46;21.89;Bueno;63.24;Bueno;10;10.75;9.42;18.83;Bueno;62.78;Bueno;Bueno;Bueno
2025-11-07;16:00;45;30.54;28.46;21.89;Bueno;63.24;Bueno;13;10.67;9.42;18.83;Bueno;62.78;Bueno;Bueno;Bueno
2025-11-07;17:00;33;29.50;28.46;21.89;Bueno;63.24;Bueno;10;10.54;9.42;18.83;Bueno;62.78;Bueno;Bueno;Bueno
2025-11-07;18:00;28;29.08;28.46;21.89;Bueno;63.24;Bueno;10;10.54;9.42;18.83;Bueno;62.78;Bueno;Bueno;Bueno
2025-11-07;19:00;31;28.92;28.46;21.89;Bueno;63.24;Bueno;6;10.25;9.42;18.83;Bueno;62.78;Bueno;Bueno;Bueno
2025-11-07;20:00;26;28.83;28.46;21.89;Bueno;63.24;Bueno;4;10.00;9.42;18.83;Bueno;62.78;Bueno;Bueno;Bueno
2025-11-07;21:00;26;28.67;28.46;21.89;Bueno;63.24;Bueno;7;9.83;9.42;18.83;Bueno;62.78;Bueno;Bueno;Bueno
2025-11-07;22:00;30;28.46;28.46;21.89;Bueno;63.24;Bueno;8;9.54;9.42;18.83;Bueno;62.78;Bueno;Bueno;Bueno
2025-11-07;23:00;26;28.46;28.46;21.89;Bueno;63.24;Bueno;7;9.42;9.42;18.83;Bueno;62.78;Bueno;Bueno;Bueno
2025-11-08;00:00;22;28.25;28.50;21.92;Bueno;63.33;Bueno;6;9.08;6.83;13.67;Bueno;45.56;Bueno;Bueno;Bueno
2025-11-08;01:00;20;28.04;28.50;21.92;Bueno;63.33;Bueno;7;8.92;6.83;13.67;Bueno;45.56;Bueno;Bueno;Bueno
2025-11-08;02:00;17;27.79;28.50;21.92;Bueno;63.33;Bueno;6;8.79;6.83;13.67;Bueno;45.56;Bueno;Bueno;Bueno
2025-11-08;03:00;21;27.88;28.50;21.92;Bueno;63.33;Bueno;11;9.00;6.83;13.67;Bueno;45.56;Bueno;Bueno;Bueno
2025-11-08;04:00;19;27.83;28.50;21.92;Bueno;63.33;Bueno;11;9.08;6.83;13.67;Bueno;45.56;Bueno;Bueno;Bueno
2025-11-08;05:00;19;27.75;28.50;21.92;Bueno;63.33;Bueno;7;9.04;6.83;13.67;Bueno;45.56;Bueno;Bueno;Bueno
2025-11-08;06:00;24;27.58;28.50;21.92;Bueno;63.33;Bueno;5;8.79;6.83;13.67;Bueno;45.56;Bueno;Bueno;Bueno
2025-11-08;07:00;25;27.54;28.50;21.92;Bueno;63.33;Bueno;5;8.75;6.83;13.67;Bueno;45.56;Bueno;Bueno;Bueno
2025-11-08;08:00;28;27.04;28.50;21.92;Bueno;63.33;Bueno;11;8.92;6.83;13.67;Bueno;45.56;Bueno;Bueno;Bueno
2025-11-08;09:00;33;26.38;28.50;21.92;Bueno;63.33;Bueno;6;8.67;6.83;13.67;Bueno;45.56;Bueno;Bueno;Bueno
2025-11-08;10:00;27;26.58;28.50;21.92;Bueno;63.33;Bueno;7;8.50;6.83;13.67;Bueno;45.56;Bueno;Bueno;Bueno
2025-11-08;11:00;33;27.17;28.50;21.92;Bueno;63.33;Bueno;9;8.46;6.83;13.67;Bueno;45.56;Bueno;Bueno;Bueno
2025-11-08;12:00;35;27.46;28.50;21.92;Bueno;63.33;Bueno;5;8.08;6.83;13.67;Bueno;45.56;Bueno;Bueno;Bueno
2025-11-08;13:00;26;27.42;28.50;21.92;Bueno;63.33;Bueno;6;7.75;6.83;13.67;Bueno;45.56;Bueno;Bueno;Bueno
2025-11-08;14:00;22;27.04;28.50;21.92;Bueno;63.33;Bueno;5;7.58;6.83;13.67;Bueno;45.56;Bueno;Bueno;Bueno
2025-11-08;15:00;22;26.58;28.50;21.92;Bueno;63.33;Bueno;5;7.38;6.83;13.67;Bueno;45.56;Bueno;Bueno;Bueno
2025-11-08;16:00;47;26.67;28.50;21.92;Bueno;63.33;Bueno;6;7.08;6.83;13.67;Bueno;45.56;Bueno;Bueno;Bueno
2025-11-08;17:00;35;26.75;28.50;21.92;Bueno;63.33;Bueno;5;6.88;6.83;13.67;Bueno;45.56;Bueno;Bueno;Bueno
2025-11-08;18:00;26;26.67;28.50;21.92;Bueno;63.33;Bueno;6;6.71;6.83;13.67;Bueno;45.56;Bueno;Bueno;Bueno
2025-11-08;19:00;49;27.42;28.50;21.92;Bueno;63.33;Bueno;8;6.79;6.83;13.67;Bueno;45.56;Bueno;Bueno;Bueno
2025-11-08;20:00;44;28.17;28.50;21.92;Bueno;63.33;Bueno;10;7.04;6.83;13.67;Bueno;45.56;Bueno;Bueno;Bueno
2025-11-08;21:00;42;28.83;28.50;21.92;Bueno;63.33;Bueno;8;7.08;6.83;13.67;Bueno;45.56;Bueno;Bueno;Bueno
2025-11-08;22:00;26;28.67;28.50;21.92;Bueno;63.33;Bueno;6;7.00;6.83;13.67;Bueno;45.56;Bueno;Bueno;Bueno
2025-11-08;23:00;22;28.50;28.50;21.92;Bueno;63.33;Bueno;3;6.83;6.83;13.67;Bueno;45.56;Bueno;Bueno;Bueno
2025-11-09;00:00;24;28.58;32.67;25.13;Bueno;72.59;Bueno;7;6.88;8.62;17.25;Bueno;57.50;Bueno;Bueno;Bueno
2025-11-09;01:00;24;28.75;32.67;25.13;Bueno;72.59;Bueno;8;6.92;8.62;17.25;Bueno;57.50;Bueno;Bueno;Bueno
2025-11-09;02:00;19;28.83;32.67;25.13;Bueno;72.59;Bueno;8;7.00;8.62;17.25;Bueno;57.50;Bueno;Bueno;Bueno
2025-11-09;03:00;21;28.83;32.67;25.13;Bueno;72.59;Bueno;7;6.83;8.62;17.25;Bueno;57.50;Bueno;Bueno;Bueno
2025-11-09;04:00;25;29.08;32.67;25.13;Bueno;72.59;Bueno;11;6.83;8.62;17.25;Bueno;57.50;Bueno;Bueno;Bueno
2025-11-09;05:00;28;29.46;32.67;25.13;Bueno;72.59;Bueno;7;6.83;8.62;17.25;Bueno;57.50;Bueno;Bueno;Bueno
2025-11-09;06:00;27;29.58;32.67;25.13;Bueno;72.59;Bueno;9;7.00;8.62;17.25;Bueno;57.50;Bueno;Bueno;Bueno
2025-11-09;07:00;22;29.46;32.67;25.13;Bueno;72.59;Bueno;9;7.17;8.62;17.25;Bueno;57.50;Bueno;Bueno;Bueno
2025-11-09;08:00;31;29.58;32.67;25.13;Bueno;72.59;Bueno;9;7.08;8.62;17.25;Bueno;57.50;Bueno;Bueno;Bueno
2025-11-09;09:00;42;29.96;32.67;25.13;Bueno;72.59;Bueno;9;7.21;8.62;17.25;Bueno;57.50;Bueno;Bueno;Bueno
2025-11-09;10:00;44;30.67;32.67;25.13;Bueno;72.59;Bueno;10;7.33;8.62;17.25;Bueno;57.50;Bueno;Bueno;Bueno
2025-11-09;11:00;35;30.75;32.67;25.13;Bueno;72.59;Bueno;10;7.38;8.62;17.25;Bueno;57.50;Bueno;Bueno;Bueno
2025-11-09;12:00;23;30.25;32.67;25.13;Bueno;72.59;Bueno;10;7.58;8.62;17.25;Bueno;57.50;Bueno;Bueno;Bueno
2025-11-09;13:00;22;30.08;32.67;25.13;Bueno;72.59;Bueno;8;7.67;8.62;17.25;Bueno;57.50;Bueno;Bueno;Bueno
2025-11-09;14:00;22;30.08;32.67;25.13;Bueno;72.59;Bueno;4;7.62;8.62;17.25;Bueno;57.50;Bueno;Bueno;Bueno
2025-11-09;15:00;35;30.62;32.67;25.13;Bueno;72.59;Bueno;7;7.71;8.62;17.25;Bueno;57.50;Bueno;Bueno;Bueno
2025-11-09;16:00;25;29.71;32.67;25.13;Bueno;72.59;Bueno;8;7.79;8.62;17.25;Bueno;57.50;Bueno;Bueno;Bueno
2025-11-09;17:00;36;29.75;32.67;25.13;Bueno;72.59;Bueno;7;7.88;8.62;17.25;Bueno;57.50;Bueno;Bueno;Bueno
2025-11-09;18:00;40;30.33;32.67;25.13;Bueno;72.59;Bueno;6;7.88;8.62;17.25;Bueno;57.50;Bueno;Bueno;Bueno
2025-11-09;19:00;64;30.96;32.67;25.13;Bueno;72.59;Bueno;11;8.00;8.62;17.25;Bueno;57.50;Bueno;Bueno;Bueno
2025-11-09;20:00;83;32.58;32.67;25.13;Bueno;72.59;Bueno;12;8.08;8.62;17.25;Bueno;57.50;Bueno;Bueno;Bueno
2025-11-09;21:00;35;32.29;32.67;25.13;Bueno;72.59;Bueno;14;8.33;8.62;17.25;Bueno;57.50;Bueno;Bueno;Bueno
2025-11-09;22:00;25;32.25;32.67;25.13;Bueno;72.59;Bueno;9;8.46;8.62;17.25;Bueno;57.50;Bueno;Bueno;Bueno
2025-11-09;23:00;32;32.67;32.67;25.13;Bueno;72.59;Bueno;7;8.62;8.62;17.25;Bueno;57.50;Bueno;Bueno;Bueno
2025-11-10;00:00;20;32.50;33.21;25.54;Bueno;73.80;Bueno;5;8.54;7.04;14.08;Bueno;46.94;Bueno;Bueno;Bueno
2025-11-10;01:00;20;32.33;33.21;25.54;Bueno;73.80;Bueno;9;8.58;7.04;14.08;Bueno;46.94;Bueno;Bueno;Bueno
2025-11-10;02:00;13;32.08;33.21;25.54;Bueno;73.80;Bueno;12;8.75;7.04;14.08;Bueno;46.94;Bueno;Bueno;Bueno
2025-11-10;03:00;11;31.67;33.21;25.54;Bueno;73.80;Bueno;8;8.79;7.04;14.08;Bueno;46.94;Bueno;Bueno;Bueno
2025-11-10;04:00;21;31.50;33.21;25.54;Bueno;73.80;Bueno;8;8.67;7.04;14.08;Bueno;46.94;Bueno;Bueno;Bueno
2025-11-10;05:00;28;31.50;33.21;25.54;Bueno;73.80;Bueno;8;8.71;7.04;14.08;Bueno;46.94;Bueno;Bueno;Bueno
2025-11-10;06:00;30;31.62;33.21;25.54;Bueno;73.80;Bueno;11;8.79;7.04;14.08;Bueno;46.94;Bueno;Bueno;Bueno
2025-11-10;07:00;39;32.33;33.21;25.54;Bueno;73.80;Bueno;12;8.92;7.04;14.08;Bueno;46.94;Bueno;Bueno;Bueno
2025-11-10;08:00;30;32.29;33.21;25.54;Bueno;73.80;Bueno;11;9.00;7.04;14.08;Bueno;46.94;Bueno;Bueno;Bueno
2025-11-10;09:00;41;32.25;33.21;25.54;Bueno;73.80;Bueno;12;9.12;7.04;14.08;Bueno;46.94;Bueno;Bueno;Bueno
2025-11-10;10:00;44;32.25;33.21;25.54;Bueno;73.80;Bueno;12;9.21;7.04;14.08;Bueno;46.94;Bueno;Bueno;Bueno
2025-11-10;11:00;35;32.25;33.21;25.54;Bueno;73.80;Bueno;10;9.21;7.04;14.08;Bueno;46.94;Bueno;Bueno;Bueno
2025-11-10;12:00;42;33.04;33.21;25.54;Bueno;73.80;Bueno;7;9.08;7.04;14.08;Bueno;46.94;Bueno;Bueno;Bueno
2025-11-10;13:00;25;33.17;33.21;25.54;Bueno;73.80;Bueno;7;9.04;7.04;14.08;Bueno;46.94;Bueno;Bueno;Bueno
2025-11-10;14:00;21;33.12;33.21;25.54;Bueno;73.80;Bueno;3;9.00;7.04;14.08;Bueno;46.94;Bueno;Bueno;Bueno
2025-11-10;15:00;27;32.79;33.21;25.54;Bueno;73.80;Bueno;6;8.96;7.04;14.08;Bueno;46.94;Bueno;Bueno;Bueno
2025-11-10;16:00;48;33.75;33.21;25.54;Bueno;73.80;Bueno;6;8.88;7.04;14.08;Bueno;46.94;Bueno;Bueno;Bueno
2025-11-10;17:00;97;36.29;33.21;25.54;Bueno;73.80;Bueno;4;8.75;7.04;14.08;Bueno;46.94;Bueno;Bueno;Bueno
2025-11-10;18:00;61;37.17;33.21;25.54;Bueno;73.80;Bueno;4;8.67;7.04;14.08;Bueno;46.94;Bueno;Bueno;Bueno
2025-11-10;19:00;44;36.33;33.21;25.54;Bueno;73.80;Bueno;5;8.42;7.04;14.08;Bueno;46.94;Bueno;Bueno;Bueno
2025-11-10;20:00;38;34.46;33.21;25.54;Bueno;73.80;Bueno;3;8.04;7.04;14.08;Bueno;46.94;Bueno;Bueno;Bueno
2025-11-10;21:00;32;34.33;33.21;25.54;Bueno;73.80;Bueno;2;7.54;7.04;14.08;Bueno;46.94;Bueno;Bueno;Bueno
2025-11-10;22:00;13;33.83;33.21;25.54;Bueno;73.80;Bueno;2;7.25;7.04;14.08;Bueno;46.94;Bueno;Bueno;Bueno
2025-11-10;23:00;17;33.21;33.21;25.54;Bueno;73.80;Bueno;2;7.04;7.04;14.08;Bueno;46.94;Bueno;Bueno;Bueno
2025-11-11;00:00;15;33.00;;;;;;1;6.88;;;;;;;
2025-11-11;01:00;13;32.71;;;;;;5;6.71;;;;;;;
2025-11-11;02:00;8;32.50;;;;;;5;6.42;;;;;;;
2025-11-11;03:00;3;32.17;;;;;;2;6.17;;;;;;;
2025-11-11;04:00;10;31.71;;;;;;2;5.92;;;;;;;
2025-11-11;05:00;10;30.96;;;;;;3;5.71;;;;;;;
2025-11-11;06:00;25;30.75;;;;;;7;5.54;;;;;;;
2025-11-11;07:00;29;30.33;;;;;;4;5.21;;;;;;;
2025-11-11;08:00;31;30.38;;;;;;2;4.83;;;;;;;
2025-11-11;09:00;17;29.38;;;;;;3;4.46;;;;;;;
2025-11-11;10:00;12;28.04;;;;;;5;4.17;;;;;;;
2025-11-11;11:00;;27.74;;;;;;;3.91;;;;;;;
2025-11-11;12:00;;27.09;;;;;;;3.77;;;;;;;
2025-11-11;13:00;;27.19;;;;;;;3.62;;;;;;;
2025-11-11;14:00;;27.50;;;;;;;3.65;;;;;;;
2025-11-11;15:00;;27.53;;;;;;;3.53;;;;;;;
2025-11-11;16:00;;26.39;;;;;;;3.39;;;;;;;
2025-11-11;17:00;;;;;;;;;;;;;;;;
2025-11-11;18:00;;;;;;;;;;;;;;;;
2025-11-11;19:00;;;;;;;;;;;;;;;;
2025-11-11;20:00;;;;;;;;;;;;;;;;
2025-11-11;21:00;;;;;;;;;;;;;;;;
2025-11-11;22:00;;;;;;;;;;;;;;;;
2025-11-11;23:00;;;;;;;;;;;;;;;;
2025-11-12;00:00;;;;;;;;;;;;;;;;
2025-11-12;01:00;;;;;;;;;;;;;;;;
2025-11-12;02:00;;;;;;;;;;;;;;;;
2025-11-12;03:00;;;;;;;;;;;;;;;;
2025-11-12;04:00;;;;;;;;;;;;;;;;
2025-11-12;05:00;;;;;;;;;;;;;;;;
2025-11-12;06:00;;;;;;;;;;;;;;;;
2025-11-12;07:00;;;;;;;;;;;;;;;;
2025-11-12;08:00;;;;;;;;;;;;;;;;
2025-11-12;09:00;;;;;;;;;;;;;;;;
2025-11-12;10:00;;;;;;;;;;;;;;;;
2025-11-12;11:00;;;;;;;;;;;;;;;;
2025-11-12;12:00;;;;;;;;;;;;;;;;
2025-11-12;13:00;;;;;;;;;;;;;;;;
2025-11-12;14:00;;;;;;;;;;;;;;;;
2025-11-12;15:00;;;;;;;;;;;;;;;;
2025-11-12;16:00;;;;;;;;;;;;;;;;
2025-11-12;17:00;;;;;;;;;;;;;;;;
2025-11-12;18:00;;;;;;;;;;;;;;;;
2025-11-12;19:00;;;;;;;;;;;;;;;;
2025-11-12;20:00;;;;;;;;;;;;;;;;
2025-11-12;21:00;;;;;;;;;;;;;;;;
2025-11-12;22:00;;;;;;;;;;;;;;;;
2025-11-12;23:00;;;;;;;;;;;;;;;;
2025-11-13;00:00;;;;;;;;;;;;;;;;
2025-11-13;01:00;;;;;;;;;;;;;;;;
2025-11-13;02:00;;;;;;;;;;;;;;;;
2025-11-13;03:00;;;;;;;;;;;;;;;;
2025-11-13;04:00;;;;;;;;;;;;;;;;
2025-11-13;05:00;;;;;;;;;;;;;;;;
2025-11-13;06:00;;;;;;;;;;;;;;;;
2025-11-13;07:00;;;;;;;;;;;;;;;;
2025-11-13;08:00;;;;;;;;;;;;;;;;
2025-11-13;09:00;;;;;;;;;;;;;;;;
2025-11-13;10:00;;;;;;;;;;;;;;;;
2025-11-13;11:00;;;;;;;;;;;;;;;;
2025-11-13;12:00;34;;;;;;;4;;;;;;;;
2025-11-13;13:00;52;;;;;;;4;;;;;;;;
2025-11-13;14:00;67;;;;;;;3;;;;;;;;
2025-11-13;15:00;39;;;;;;;4;;;;;;;;
2025-11-13;16:00;63;;;;;;;4;;;;;;;;
2025-11-13;17:00;62;;;;;;;2;;;;;;;;
2025-11-13;18:00;63;;;;;;;9;;;;;;;;
2025-11-13;19:00;60;;;;;;;6;;;;;;;;
2025-11-13;20:00;37;;;;;;;2;;;;;;;;
2025-11-13;21:00;33;;;;;;;6;;;;;;;;
2025-11-13;22:00;17;;;;;;;4;;;;;;;;
2025-11-13;23:00;15;;;;;;;2;;;;;;;;
2025-11-14;00:00;10;;42.96;33.04;Bueno;95.46;Bueno;1;;4.50;9.00;Bueno;30.00;Bueno;Bueno;Bueno
2025-11-14;01:00;13;;42.96;33.04;Bueno;95.46;Bueno;2;;4.50;9.00;Bueno;30.00;Bueno;Bueno;Bueno
2025-11-14;02:00;11;;42.96;33.04;Bueno;95.46;Bueno;2;;4.50;9.00;Bueno;30.00;Bueno;Bueno;Bueno
2025-11-14;03:00;10;;42.96;33.04;Bueno;95.46;Bueno;3;;4.50;9.00;Bueno;30.00;Bueno;Bueno;Bueno
2025-11-14;04:00;8;;42.96;33.04;Bueno;95.46;Bueno;5;;4.50;9.00;Bueno;30.00;Bueno;Bueno;Bueno
2025-11-14;05:00;13;33.72;42.96;33.04;Bueno;95.46;Bueno;2;3.61;4.50;9.00;Bueno;30.00;Bueno;Bueno;Bueno
2025-11-14;06:00;19;32.95;42.96;33.04;Bueno;95.46;Bueno;1;3.47;4.50;9.00;Bueno;30.00;Bueno;Bueno;Bueno
2025-11-14;07:00;44;33.50;42.96;33.04;Bueno;95.46;Bueno;3;3.45;4.50;9.00;Bueno;30.00;Bueno;Bueno;Bueno
2025-11-14;08:00;55;34.52;42.96;33.04;Bueno;95.46;Bueno;5;3.52;4.50;9.00;Bueno;30.00;Bueno;Bueno;Bueno
2025-11-14;09:00;47;35.09;42.96;33.04;Bueno;95.46;Bueno;5;3.59;4.50;9.00;Bueno;30.00;Bueno;Bueno;Bueno
2025-11-14;10:00;55;35.96;42.96;33.04;Bueno;95.46;Bueno;2;3.52;4.50;9.00;Bueno;30.00;Bueno;Bueno;Bueno
2025-11-14;11:00;74;37.54;42.96;33.04;Bueno;95.46;Bueno;1;3.42;4.50;9.00;Bueno;30.00;Bueno;Bueno;Bueno
2025-11-14;12:00;63;38.75;42.96;33.04;Bueno;95.46;Bueno;4;3.42;4.50;9.00;Bueno;30.00;Bueno;Bueno;Bueno
2025-11-14;13:00;55;38.88;42.96;33.04;Bueno;95.46;Bueno;4;3.42;4.50;9.00;Bueno;30.00;Bueno;Bueno;Bueno
2025-11-14;14:00;45;37.96;42.96;33.04;Bueno;95.46;Bueno;3;3.42;4.50;9.00;Bueno;30.00;Bueno;Bueno;Bueno
2025-11-14;15:00;53;38.54;42.96;33.04;Bueno;95.46;Bueno;5;3.46;4.50;9.00;Bueno;30.00;Bueno;Bueno;Bueno
2025-11-14;16:00;77;39.12;42.96;33.04;Bueno;95.46;Bueno;3;3.42;4.50;9.00;Bueno;30.00;Bueno;Bueno;Bueno
2025-11-14;17:00;65;39.25;42.96;33.04;Bueno;95.46;Bueno;3;3.46;4.50;9.00;Bueno;30.00;Bueno;Bueno;Bueno
2025-11-14;18:00;78;39.88;42.96;33.04;Bueno;95.46;Bueno;7;3.38;4.50;9.00;Bueno;30.00;Bueno;Bueno;Bueno
2025-11-14;19:00;82;40.79;42.96;33.04;Bueno;95.46;Bueno;15;3.75;4.50;9.00;Bueno;30.00;Bueno;Bueno;Bueno
2025-11-14;20:00;47;41.21;42.96;33.04;Bueno;95.46;Bueno;13;4.21;4.50;9.00;Bueno;30.00;Bueno;Bueno;Bueno
2025-11-14;21:00;69;42.71;42.96;33.04;Bueno;95.46;Bueno;7;4.25;4.50;9.00;Bueno;30.00;Bueno;Bueno;Bueno
2025-11-14;22:00;25;43.04;42.96;33.04;Bueno;95.46;Bueno;6;4.33;4.50;9.00;Bueno;30.00;Bueno;Bueno;Bueno
2025-11-14;23:00;13;42.96;42.96;33.04;Bueno;95.46;Bueno;6;4.50;4.50;9.00;Bueno;30.00;Bueno;Bueno;Bueno
2025-11-15;00:00;18;43.29;27.88;21.44;Bueno;61.94;Bueno;5;4.67;3.71;7.42;Bueno;24.72;Bueno;Bueno;Bueno
2025-11-15;01:00;13;43.29;27.88;21.44;Bueno;61.94;Bueno;3;4.71;3.71;7.42;Bueno;24.72;Bueno;Bueno;Bueno
2025-11-15;02:00;14;43.42;27.88;21.44;Bueno;61.94;Bueno;3;4.75;3.71;7.42;Bueno;24.72;Bueno;Bueno;Bueno
2025-11-15;03:00;11;43.46;27.88;21.44;Bueno;61.94;Bueno;2;4.71;3.71;7.42;Bueno;24.72;Bueno;Bueno;Bueno
2025-11-15;04:00;8;43.46;27.88;21.44;Bueno;61.94;Bueno;2;4.58;3.71;7.42;Bueno;24.72;Bueno;Bueno;Bueno
2025-11-15;05:00;13;43.46;27.88;21.44;Bueno;61.94;Bueno;3;4.62;3.71;7.42;Bueno;24.72;Bueno;Bueno;Bueno
2025-11-15;06:00;12;43.17;27.88;21.44;Bueno;61.94;Bueno;2;4.67;3.71;7.42;Bueno;24.72;Bueno;Bueno;Bueno
2025-11-15;07:00;28;42.50;27.88;21.44;Bueno;61.94;Bueno;2;4.62;3.71;7.42;Bueno;24.72;Bueno;Bueno;Bueno
2025-11-15;08:00;25;41.25;27.88;21.44;Bueno;61.94;Bueno;3;4.54;3.71;7.42;Bueno;24.72;Bueno;Bueno;Bueno
2025-11-15;09:00;26;40.38;27.88;21.44;Bueno;61.94;Bueno;2;4.42;3.71;7.42;Bueno;24.72;Bueno;Bueno;Bueno
2025-11-15;10:00;27;39.21;27.88;21.44;Bueno;61.94;Bueno;4;4.50;3.71;7.42;Bueno;24.72;Bueno;Bueno;Bueno
2025-11-15;11:00;37;37.67;27.88;21.44;Bueno;61.94;Bueno;3;4.58;3.71;7.42;Bueno;24.72;Bueno;Bueno;Bueno
2025-11-15;12:00;21;35.92;27.88;21.44;Bueno;61.94;Bueno;1;4.46;3.71;7.42;Bueno;24.72;Bueno;Bueno;Bueno
2025-11-15;13:00;31;34.92;27.88;21.44;Bueno;61.94;Bueno;1;4.33;3.71;7.42;Bueno;24.72;Bueno;Bueno;Bueno
2025-11-15;14:00;60;35.54;27.88;21.44;Bueno;61.94;Bueno;1;4.25;3.71;7.42;Bueno;24.72;Bueno;Bueno;Bueno
2025-11-15;15:00;41;35.04;27.88;21.44;Bueno;61.94;Bueno;2;4.12;3.71;7.42;Bueno;24.72;Bueno;Bueno;Bueno
2025-11-15;16:00;41;33.54;27.88;21.44;Bueno;61.94;Bueno;4;4.17;3.71;7.42;Bueno;24.72;Bueno;Bueno;Bueno
2025-11-15;17:00;117;35.71;27.88;21.44;Bueno;61.94;Bueno;9;4.42;3.71;7.42;Bueno;24.72;Bueno;Bueno;Bueno
2025-11-15;18:00;41;34.17;27.88;21.44;Bueno;61.94;Bueno;9;4.50;3.71;7.42;Bueno;24.72;Bueno;Bueno;Bueno
2025-11-15;19:00;13;31.29;27.88;21.44;Bueno;61.94;Bueno;7;4.17;3.71;7.42;Bueno;24.72;Bueno;Bueno;Bueno
2025-11-15;20:00;8;29.67;27.88;21.44;Bueno;61.94;Bueno;5;3.83;3.71;7.42;Bueno;24.72;Bueno;Bueno;Bueno
2025-11-15;21:00;16;27.46;27.88;21.44;Bueno;61.94;Bueno;4;3.71;3.71;7.42;Bueno;24.72;Bueno;Bueno;Bueno
2025-11-15;22:00;31;27.71;27.88;21.44;Bueno;61.94;Bueno;5;3.67;3.71;7.42;Bueno;24.72;Bueno;Bueno;Bueno
2025-11-15;23:00;17;27.88;27.88;21.44;Bueno;61.94;Bueno;7;3.71;3.71;7.42;Bueno;24.72;Bueno;Bueno;Bueno
2025-11-16;00:00;13;27.67;19.78;15.22;Bueno;43.96;Bueno;5;3.71;4.46;8.92;Bueno;29.72;Bueno;Bueno;Bueno
2025-11-16;01:00;17;27.83;19.78;15.22;Bueno;43.96;Bueno;3;3.71;4.46;8.92;Bueno;29.72;Bueno;Bueno;Bueno
2025-11-16;02:00;16;27.92;19.78;15.22;Bueno;43.96;Bueno;4;3.75;4.46;8.92;Bueno;29.72;Bueno;Bueno;Bueno
2025-11-16;03:00;17;28.17;19.78;15.22;Bueno;43.96;Bueno;3;3.79;4.46;8.92;Bueno;29.72;Bueno;Bueno;Bueno
2025-11-16;04:00;14;28.42;19.78;15.22;Bueno;43.96;Bueno;5;3.92;4.46;8.92;Bueno;29.72;Bueno;Bueno;Bueno
2025-11-16;05:00;13;28.42;19.78;15.22;Bueno;43.96;Bueno;8;4.12;4.46;8.92;Bueno;29.72;Bueno;Bueno;Bueno
2025-11-16;06:00;11;28.38;19.78;15.22;Bueno;43.96;Bueno;4;4.21;4.46;8.92;Bueno;29.72;Bueno;Bueno;Bueno
2025-11-16;07:00;17;27.92;19.78;15.22;Bueno;43.96;Bueno;5;4.33;4.46;8.92;Bueno;29.72;Bueno;Bueno;Bueno
2025-11-16;08:00;18;27.62;19.78;15.22;Bueno;43.96;Bueno;4;4.38;4.46;8.92;Bueno;29.72;Bueno;Bueno;Bueno
2025-11-16;09:00;15;27.17;19.78;15.22;Bueno;43.96;Bueno;2;4.38;4.46;8.92;Bueno;29.72;Bueno;Bueno;Bueno
2025-11-16;10:00;17;26.75;19.78;15.22;Bueno;43.96;Bueno;2;4.29;4.46;8.92;Bueno;29.72;Bueno;Bueno;Bueno
2025-11-16;11:00;16;25.88;19.78;15.22;Bueno;43.96;Bueno;2;4.25;4.46;8.92;Bueno;29.72;Bueno;Bueno;Bueno
2025-11-16;12:00;30;26.25;19.78;15.22;Bueno;43.96;Bueno;3;4.33;4.46;8.92;Bueno;29.72;Bueno;Bueno;Bueno
2025-11-16;13:00;20;25.79;19.78;15.22;Bueno;43.96;Bueno;3;4.42;4.46;8.92;Bueno;29.72;Bueno;Bueno;Bueno
2025-11-16;14:00;24;24.29;19.78;15.22;Bueno;43.96;Bueno;2;4.46;4.46;8.92;Bueno;29.72;Bueno;Bueno;Bueno
2025-11-16;15:00;17;23.29;19.78;15.22;Bueno;43.96;Bueno;2;4.46;4.46;8.92;Bueno;29.72;Bueno;Bueno;Bueno
2025-11-16;16:00;26;22.67;19.78;15.22;Bueno;43.96;Bueno;8;4.62;4.46;8.92;Bueno;29.72;Bueno;Bueno;Bueno
2025-11-16;17:00;20;18.62;19.78;15.22;Bueno;43.96;Bueno;6;4.50;4.46;8.92;Bueno;29.72;Bueno;Bueno;Bueno
2025-11-16;18:00;22;17.83;19.78;15.22;Bueno;43.96;Bueno;3;4.25;4.46;8.92;Bueno;29.72;Bueno;Bueno;Bueno
2025-11-16;19:00;;18.04;19.78;15.22;Bueno;43.96;Bueno;9;4.33;4.46;8.92;Bueno;29.72;Bueno;Bueno;Bueno
2025-11-16;20:00;35;19.22;19.78;15.22;Bueno;43.96;Bueno;8;4.46;4.46;8.92;Bueno;29.72;Bueno;Bueno;Bueno
2025-11-16;21:00;26;19.65;19.78;15.22;Bueno;43.96;Bueno;6;4.54;4.46;8.92;Bueno;29.72;Bueno;Bueno;Bueno
2025-11-16;22:00;24;19.35;19.78;15.22;Bueno;43.96;Bueno;5;4.54;4.46;8.92;Bueno;29.72;Bueno;Bueno;Bueno
2025-11-16;23:00;27;19.78;19.78;15.22;Bueno;43.96;Bueno;5;4.46;4.46;8.92;Bueno;29.72;Bueno;Bueno;Bueno
2025-11-17;00:00;29;20.48;24.00;18.46;Bueno;53.33;Bueno;4;4.42;3.21;6.42;Bueno;21.39;Bueno;Bueno;Bueno
2025-11-17;01:00;21;20.65;24.00;18.46;Bueno;53.33;Bueno;5;4.50;3.21;6.42;Bueno;21.39;Bueno;Bueno;Bueno
2025-11-17;02:00;12;20.48;24.00;18.46;Bueno;53.33;Bueno;4;4.50;3.21;6.42;Bueno;21.39;Bueno;Bueno;Bueno
2025-11-17;03:00;11;20.22;24.00;18.46;Bueno;53.33;Bueno;3;4.50;3.21;6.42;Bueno;21.39;Bueno;Bueno;Bueno
2025-11-17;04:00;14;20.22;24.00;18.46;Bueno;53.33;Bueno;2;4.38;3.21;6.42;Bueno;21.39;Bueno;Bueno;Bueno
2025-11-17;05:00;16;20.35;24.00;18.46;Bueno;53.33;Bueno;5;4.25;3.21;6.42;Bueno;21.39;Bueno;Bueno;Bueno
2025-11-17;06:00;26;21.00;24.00;18.46;Bueno;53.33;Bueno;6;4.33;3.21;6.42;Bueno;21.39;Bueno;Bueno;Bueno
2025-11-17;07:00;25;21.35;24.00;18.46;Bueno;53.33;Bueno;4;4.29;3.21;6.42;Bueno;21.39;Bueno;Bueno;Bueno
2025-11-17;08:00;21;21.48;24.00;18.46;Bueno;53.33;Bueno;4;4.29;3.21;6.42;Bueno;21.39;Bueno;Bueno;Bueno
2025-11-17;09:00;21;21.74;24.00;18.46;Bueno;53.33;Bueno;3;4.33;3.21;6.42;Bueno;21.39;Bueno;Bueno;Bueno
2025-11-17;10:00;26;22.13;24.00;18.46;Bueno;53.33;Bueno;3;4.38;3.21;6.42;Bueno;21.39;Bueno;Bueno;Bueno
2025-11-17;11:00;29;22.70;24.00;18.46;Bueno;53.33;Bueno;2;4.38;3.21;6.42;Bueno;21.39;Bueno;Bueno;Bueno
2025-11-17;12:00;31;22.74;24.00;18.46;Bueno;53.33;Bueno;2;4.33;3.21;6.42;Bueno;21.39;Bueno;Bueno;Bueno
2025-11-17;13:00;26;23.00;24.00;18.46;Bueno;53.33;Bueno;2;4.29;3.21;6.42;Bueno;21.39;Bueno;Bueno;Bueno
2025-11-17;14:00;44;23.87;24.00;18.46;Bueno;53.33;Bueno;4;4.38;3.21;6.42;Bueno;21.39;Bueno;Bueno;Bueno
2025-11-17;15:00;38;24.78;24.00;18.46;Bueno;53.33;Bueno;3;4.42;3.21;6.42;Bueno;21.39;Bueno;Bueno;Bueno
2025-11-17;16:00;31;25.00;24.00;18.46;Bueno;53.33;Bueno;3;4.21;3.21;6.42;Bueno;21.39;Bueno;Bueno;Bueno
2025-11-17;17:00;35;25.65;24.00;18.46;Bueno;53.33;Bueno;4;4.12;3.21;6.42;Bueno;21.39;Bueno;Bueno;Bueno
2025-11-17;18:00;25;25.78;24.00;18.46;Bueno;53.33;Bueno;3;4.12;3.21;6.42;Bueno;21.39;Bueno;Bueno;Bueno
2025-11-17;19:00;28;25.88;24.00;18.46;Bueno;53.33;Bueno;2;3.83;3.21;6.42;Bueno;21.39;Bueno;Bueno;Bueno
2025-11-17;20:00;25;25.46;24.00;18.46;Bueno;53.33;Bueno;4;3.67;3.21;6.42;Bueno;21.39;Bueno;Bueno;Bueno
2025-11-17;21:00;25;25.42;24.00;18.46;Bueno;53.33;Bueno;3;3.54;3.21;6.42;Bueno;21.39;Bueno;Bueno;Bueno
2025-11-17;22:00;11;24.88;24.00;18.46;Bueno;53.33;Bueno;1;3.38;3.21;6.42;Bueno;21.39;Bueno;Bueno;Bueno
2025-11-17;23:00;6;24.00;24.00;18.46;Bueno;53.33;Bueno;1;3.21;3.21;6.42;Bueno;21.39;Bueno;Bueno;Bueno
2025-11-18;00:00;3;22.92;30.96;23.81;Bueno;68.80;Bueno;1;3.08;3.79;7.58;Bueno;25.28;Bueno;Bueno;Bueno
2025-11-18;01:00;3;22.17;30.96;23.81;Bueno;68.80;Bueno;1;2.92;3.79;7.58;Bueno;25.28;Bueno;Bueno;Bueno
2025-11-18;02:00;2;21.75;30.96;23.81;Bueno;68.80;Bueno;1;2.79;3.79;7.58;Bueno;25.28;Bueno;Bueno;Bueno
2025-11-18;03:00;2;21.38;30.96;23.81;Bueno;68.80;Bueno;1;2.71;3.79;7.58;Bueno;25.28;Bueno;Bueno;Bueno
2025-11-18;04:00;2;20.88;30.96;23.81;Bueno;68.80;Bueno;1;2.67;3.79;7.58;Bueno;25.28;Bueno;Bueno;Bueno
2025-11-18;05:00;5;20.42;30.96;23.81;Bueno;68.80;Bueno;2;2.54;3.79;7.58;Bueno;25.28;Bueno;Bueno;Bueno
2025-11-18;06:00;21;20.21;30.96;23.81;Bueno;68.80;Bueno;4;2.46;3.79;7.58;Bueno;25.28;Bueno;Bueno;Bueno
2025-11-18;07:00;52;21.33;30.96;23.81;Bueno;68.80;Bueno;6;2.54;3.79;7.58;Bueno;25.28;Bueno;Bueno;Bueno
2025-11-18;08:00;31;21.75;30.96;23.81;Bueno;68.80;Bueno;4;2.54;3.79;7.58;Bueno;25.28;Bueno;Bueno;Bueno
2025-11-18;09:00;40;22.54;30.96;23.81;Bueno;68.80;Bueno;7;2.71;3.79;7.58;Bueno;25.28;Bueno;Bueno;Bueno
2025-11-18;10:00;27;22.58;30.96;23.81;Bueno;68.80;Bueno;7;2.88;3.79;7.58;Bueno;25.28;Bueno;Bueno;Bueno
2025-11-18;11:00;37;22.92;30.96;23.81;Bueno;68.80;Bueno;4;2.96;3.79;7.58;Bueno;25.28;Bueno;Bueno;Bueno
2025-11-18;12:00;39;23.25;30.96;23.81;Bueno;68.80;Bueno;3;3.00;3.79;7.58;Bueno;25.28;Bueno;Bueno;Bueno
2025-11-18;13:00;41;23.88;30.96;23.81;Bueno;68.80;Bueno;4;3.08;3.79;7.58;Bueno;25.28;Bueno;Bueno;Bueno
2025-11-18;14:00;36;23.54;30.96;23.81;Bueno;68.80;Bueno;6;3.17;3.79;7.58;Bueno;25.28;Bueno;Bueno;Bueno
2025-11-18;15:00;42;23.71;30.96;23.81;Bueno;68.80;Bueno;4;3.21;3.79;7.58;Bueno;25.28;Bueno;Bueno;Bueno
2025-11-18;16:00;82;25.83;30.96;23.81;Bueno;68.80;Bueno;4;3.25;3.79;7.58;Bueno;25.28;Bueno;Bueno;Bueno
2025-11-18;17:00;51;26.50;30.96;23.81;Bueno;68.80;Bueno;4;3.25;3.79;7.58;Bueno;25.28;Bueno;Bueno;Bueno
2025-11-18;18:00;49;27.50;30.96;23.81;Bueno;68.80;Bueno;3;3.25;3.79;7.58;Bueno;25.28;Bueno;Bueno;Bueno
2025-11-18;19:00;42;28.08;30.96;23.81;Bueno;68.80;Bueno;4;3.33;3.79;7.58;Bueno;25.28;Bueno;Bueno;Bueno
2025-11-18;20:00;63;29.67;30.96;23.81;Bueno;68.80;Bueno;6;3.42;3.79;7.58;Bueno;25.28;Bueno;Bueno;Bueno
2025-11-18;21:00;27;29.75;30.96;23.81;Bueno;68.80;Bueno;4;3.46;3.79;7.58;Bueno;25.28;Bueno;Bueno;Bueno
2025-11-18;22:00;24;30.29;30.96;23.81;Bueno;68.80;Bueno;3;3.54;3.79;7.58;Bueno;25.28;Bueno;Bueno;Bueno
2025-11-18;23:00;22;30.96;30.96;23.81;Bueno;68.80;Bueno;7;3.79;3.79;7.58;Bueno;25.28;Bueno;Bueno;Bueno
2025-11-19;00:00;24;31.83;36.88;28.37;Bueno;81.94;Bueno;13;4.29;5.29;10.58;Bueno;35.28;Bueno;Bueno;Bueno
2025-11-19;01:00;21;32.58;36.88;28.37;Bueno;81.94;Bueno;9;4.62;5.29;10.58;Bueno;35.28;Bueno;Bueno;Bueno
2025-11-19;02:00;25;33.54;36.88;28.37;Bueno;81.94;Bueno;5;4.79;5.29;10.58;Bueno;35.28;Bueno;Bueno;Bueno
2025-11-19;03:00;16;34.12;36.88;28.37;Bueno;81.94;Bueno;4;4.92;5.29;10.58;Bueno;35.28;Bueno;Bueno;Bueno
2025-11-19;04:00;19;34.83;36.88;28.37;Bueno;81.94;Bueno;4;5.04;5.29;10.58;Bueno;35.28;Bueno;Bueno;Bueno
2025-11-19;05:00;22;35.54;36.88;28.37;Bueno;81.94;Bueno;3;5.08;5.29;10.58;Bueno;35.28;Bueno;Bueno;Bueno
2025-11-19;06:00;27;35.79;36.88;28.37;Bueno;81.94;Bueno;7;5.21;5.29;10.58;Bueno;35.28;Bueno;Bueno;Bueno
2025-11-19;07:00;39;35.25;36.88;28.37;Bueno;81.94;Bueno;8;5.29;5.29;10.58;Bueno;35.28;Bueno;Bueno;Bueno
2025-11-19;08:00;40;35.62;36.88;28.37;Bueno;81.94;Bueno;7;5.42;5.29;10.58;Bueno;35.28;Bueno;Bueno;Bueno
2025-11-19;09:00;46;35.88;36.88;28.37;Bueno;81.94;Bueno;7;5.42;5.29;10.58;Bueno;35.28;Bueno;Bueno;Bueno
2025-11-19;10:00;46;36.67;36.88;28.37;Bueno;81.94;Bueno;5;5.33;5.29;10.58;Bueno;35.28;Bueno;Bueno;Bueno
2025-11-19;11:00;54;37.38;36.88;28.37;Bueno;81.94;Bueno;6;5.42;5.29;10.58;Bueno;35.28;Bueno;Bueno;Bueno
2025-11-19;12:00;33;37.12;36.88;28.37;Bueno;81.94;Bueno;4;5.46;5.29;10.58;Bueno;35.28;Bueno;Bueno;Bueno
2025-11-19;13:00;45;37.29;36.88;28.37;Bueno;81.94;Bueno;3;5.42;5.29;10.58;Bueno;35.28;Bueno;Bueno;Bueno
2025-11-19;14:00;53;38.00;36.88;28.37;Bueno;81.94;Bueno;4;5.33;5.29;10.58;Bueno;35.28;Bueno;Bueno;Bueno
2025-11-19;15:00;58;38.67;36.88;28.37;Bueno;81.94;Bueno;2;5.25;5.29;10.58;Bueno;35.28;Bueno;Bueno;Bueno
2025-11-19;16:00;41;36.96;36.88;28.37;Bueno;81.94;Bueno;2;5.17;5.29;10.58;Bueno;35.28;Bueno;Bueno;Bueno
2025-11-19;17:00;40;36.50;36.88;28.37;Bueno;81.94;Bueno;1;5.04;5.29;10.58;Bueno;35.28;Bueno;Bueno;Bueno
2025-11-19;18:00;56;36.79;36.88;28.37;Bueno;81.94;Bueno;5;5.12;5.29;10.58;Bueno;35.28;Bueno;Bueno;Bueno
2025-11-19;19:00;38;36.62;36.88;28.37;Bueno;81.94;Bueno;5;5.17;5.29;10.58;Bueno;35.28;Bueno;Bueno;Bueno
2025-11-19;20:00;51;36.12;36.88;28.37;Bueno;81.94;Bueno;2;5.00;5.29;10.58;Bueno;35.28;Bueno;Bueno;Bueno
2025-11-19;21:00;42;36.75;36.88;28.37;Bueno;81.94;Bueno;8;5.17;5.29;10.58;Bueno;35.28;Bueno;Bueno;Bueno
2025-11-19;22:00;29;36.96;36.88;28.37;Bueno;81.94;Bueno;6;5.29;5.29;10.58;Bueno;35.28;Bueno;Bueno;Bueno
2025-11-19;23:00;20;36.88;36.88;28.37;Bueno;81.94;Bueno;7;5.29;5.29;10.58;Bueno;35.28;Bueno;Bueno;Bueno
2025-11-20;00:00;7;36.17;30.08;23.14;Bueno;66.85;Bueno;4;4.92;4.04;8.08;Bueno;26.94;Bueno;Bueno;Bueno
2025-11-20;01:00;5;35.50;30.08;23.14;Bueno;66.85;Bueno;2;4.62;4.04;8.08;Bueno;26.94;Bueno;Bueno;Bueno
2025-11-20;02:00;8;34.79;30.08;23.14;Bueno;66.85;Bueno;1;4.46;4.04;8.08;Bueno;26.94;Bueno;Bueno;Bueno
2025-11-20;03:00;7;34.42;30.08;23.14;Bueno;66.85;Bueno;1;4.33;4.04;8.08;Bueno;26.94;Bueno;Bueno;Bueno
2025-11-20;04:00;8;33.96;30.08;23.14;Bueno;66.85;Bueno;1;4.21;4.04;8.08;Bueno;26.94;Bueno;Bueno;Bueno
2025-11-20;05:00;25;34.08;30.08;23.14;Bueno;66.85;Bueno;7;4.38;4.04;8.08;Bueno;26.94;Bueno;Bueno;Bueno
2025-11-20;06:00;35;34.42;30.08;23.14;Bueno;66.85;Bueno;7;4.38;4.04;8.08;Bueno;26.94;Bueno;Bueno;Bueno
2025-11-20;07:00;47;34.75;30.08;23.14;Bueno;66.85;Bueno;7;4.33;4.04;8.08;Bueno;26.94;Bueno;Bueno;Bueno
2025-11-20;08:00;31;34.38;30.08;23.14;Bueno;66.85;Bueno;4;4.21;4.04;8.08;Bueno;26.94;Bueno;Bueno;Bueno
2025-11-20;09:00;22;33.38;30.08;23.14;Bueno;66.85;Bueno;3;4.04;4.04;8.08;Bueno;26.94;Bueno;Bueno;Bueno
2025-11-20;10:00;27;32.58;30.08;23.14;Bueno;66.85;Bueno;2;3.92;4.04;8.08;Bueno;26.94;Bueno;Bueno;Bueno
2025-11-20;11:00;40;32.00;30.08;23.14;Bueno;66.85;Bueno;3;3.79;4.04;8.08;Bueno;26.94;Bueno;Bueno;Bueno
2025-11-20;12:00;23;31.58;30.08;23.14;Bueno;66.85;Bueno;2;3.71;4.04;8.08;Bueno;26.94;Bueno;Bueno;Bueno
2025-11-20;13:00;19;30.50;30.08;23.14;Bueno;66.85;Bueno;3;3.71;4.04;8.08;Bueno;26.94;Bueno;Bueno;Bueno
2025-11-20;14:00;25;29.33;30.08;23.14;Bueno;66.85;Bueno;3;3.67;4.04;8.08;Bueno;26.94;Bueno;Bueno;Bueno
2025-11-20;15:00;45;28.79;30.08;23.14;Bueno;66.85;Bueno;4;3.75;4.04;8.08;Bueno;26.94;Bueno;Bueno;Bueno
2025-11-20;16:00;59;29.54;30.08;23.14;Bueno;66.85;Bueno;4;3.83;4.04;8.08;Bueno;26.94;Bueno;Bueno;Bueno
2025-11-20;17:00;33;29.25;30.08;23.14;Bueno;66.85;Bueno;4;3.96;4.04;8.08;Bueno;26.94;Bueno;Bueno;Bueno
2025-11-20;18:00;53;29.12;30.08;23.14;Bueno;66.85;Bueno;5;3.96;4.04;8.08;Bueno;26.94;Bueno;Bueno;Bueno
2025-11-20;19:00;73;30.58;30.08;23.14;Bueno;66.85;Bueno;7;4.04;4.04;8.08;Bueno;26.94;Bueno;Bueno;Bueno
2025-11-20;20:00;47;30.42;30.08;23.14;Bueno;66.85;Bueno;7;4.25;4.04;8.08;Bueno;26.94;Bueno;Bueno;Bueno
2025-11-20;21:00;38;30.25;30.08;23.14;Bueno;66.85;Bueno;7;4.21;4.04;8.08;Bueno;26.94;Bueno;Bueno;Bueno
2025-11-20;22:00;22;29.96;30.08;23.14;Bueno;66.85;Bueno;5;4.17;4.04;8.08;Bueno;26.94;Bueno;Bueno;Bueno
2025-11-20;23:00;23;30.08;30.08;23.14;Bueno;66.85;Bueno;4;4.04;4.04;8.08;Bueno;26.94;Bueno;Bueno;Bueno
2025-11-21;00:00;14;30.38;45.38;34.90;Bueno;100.61;Regular;4;4.04;5.29;10.58;Bueno;35.28;Bueno;Bueno;Regular
2025-11-21;01:00;13;30.71;45.38;34.90;Bueno;100.61;Regular;3;4.08;5.29;10.58;Bueno;35.28;Bueno;Bueno;Regular
2025-11-21;02:00;10;30.79;45.38;34.90;Bueno;100.61;Regular;2;4.12;5.29;10.58;Bueno;35.28;Bueno;Bueno;Regular
2025-11-21;03:00;11;30.96;45.38;34.90;Bueno;100.61;Regular;1;4.12;5.29;10.58;Bueno;35.28;Bueno;Bueno;Regular
2025-11-21;04:00;14;31.21;45.38;34.90;Bueno;100.61;Regular;1;4.12;5.29;10.58;Bueno;35.28;Bueno;Bueno;Regular
2025-11-21;05:00;15;30.79;45.38;34.90;Bueno;100.61;Regular;1;3.88;5.29;10.58;Bueno;35.28;Bueno;Bueno;Regular
2025-11-21;06:00;20;30.17;45.38;34.90;Bueno;100.61;Regular;3;3.71;5.29;10.58;Bueno;35.28;Bueno;Bueno;Regular
2025-11-21;07:00;36;29.71;45.38;34.90;Bueno;100.61;Regular;3;3.54;5.29;10.58;Bueno;35.28;Bueno;Bueno;Regular
2025-11-21;08:00;58;30.83;45.38;34.90;Bueno;100.61;Regular;2;3.46;5.29;10.58;Bueno;35.28;Bueno;Bueno;Regular
2025-11-21;09:00;57;32.29;45.38;34.90;Bueno;100.61;Regular;5;3.54;5.29;10.58;Bueno;35.28;Bueno;Bueno;Regular
2025-11-21;10:00;57;33.54;45.38;34.90;Bueno;100.61;Regular;3;3.58;5.29;10.58;Bueno;35.28;Bueno;Bueno;Regular
2025-11-21;11:00;60;34.38;45.38;34.90;Bueno;100.61;Regular;7;3.75;5.29;10.58;Bueno;35.28;Bueno;Bueno;Regular
2025-11-21;12:00;55;35.71;45.38;34.90;Bueno;100.61;Regular;6;3.92;5.29;10.58;Bueno;35.28;Bueno;Bueno;Regular
2025-11-21;13:00;62;37.50;45.38;34.90;Bueno;100.61;Regular;3;3.92;5.29;10.58;Bueno;35.28;Bueno;Bueno;Regular
2025-11-21;14:00;102;40.71;45.38;34.90;Bueno;100.61;Regular;3;3.92;5.29;10.58;Bueno;35.28;Bueno;Bueno;Regular
2025-11-21;15:00;73;41.88;45.38;34.90;Bueno;100.61;Regular;8;4.08;5.29;10.58;Bueno;35.28;Bueno;Bueno;Regular
2025-11-21;16:00;54;41.67;45.38;34.90;Bueno;100.61;Regular;13;4.46;5.29;10.58;Bueno;35.28;Bueno;Bueno;Regular
2025-11-21;17:00;64;42.96;45.38;34.90;Bueno;100.61;Regular;12;4.79;5.29;10.58;Bueno;35.28;Bueno;Bueno;Regular
2025-11-21;18:00;71;43.71;45.38;34.90;Bueno;100.61;Regular;9;4.96;5.29;10.58;Bueno;35.28;Bueno;Bueno;Regular
2025-11-21;19:00;92;44.50;45.38;34.90;Bueno;100.61;Regular;6;4.92;5.29;10.58;Bueno;35.28;Bueno;Bueno;Regular
2025-11-21;20:00;61;45.08;45.38;34.90;Bueno;100.61;Regular;16;5.29;5.29;10.58;Bueno;35.28;Bueno;Bueno;Regular
2025-11-21;21:00;33;44.88;45.38;34.90;Bueno;100.61;Regular;7;5.29;5.29;10.58;Bueno;35.28;Bueno;Bueno;Regular
2025-11-21;22:00;32;45.29;45.38;34.90;Bueno;100.61;Regular;6;5.33;5.29;10.58;Bueno;35.28;Bueno;Bueno;Regular
2025-11-21;23:00;25;45.38;45.38;34.90;Bueno;100.61;Regular;3;5.29;5.29;10.58;Bueno;35.28;Bueno;Bueno;Regular
2025-11-22;00:00;21;45.67;27.71;21.31;Bueno;61.57;Bueno;3;5.25;5.88;11.75;Bueno;39.17;Bueno;Bueno;Bueno
2025-11-22;01:00;20;45.96;27.71;21.31;Bueno;61.57;Bueno;2;5.21;5.88;11.75;Bueno;39.17;Bueno;Bueno;Bueno
2025-11-22;02:00;13;46.08;27.71;21.31;Bueno;61.57;Bueno;6;5.38;5.88;11.75;Bueno;39.17;Bueno;Bueno;Bueno
2025-11-22;03:00;13;46.17;27.71;21.31;Bueno;61.57;Bueno;4;5.50;5.88;11.75;Bueno;39.17;Bueno;Bueno;Bueno
2025-11-22;04:00;19;46.38;27.71;21.31;Bueno;61.57;Bueno;6;5.71;5.88;11.75;Bueno;39.17;Bueno;Bueno;Bueno
2025-11-22;05:00;18;46.50;27.71;21.31;Bueno;61.57;Bueno;7;5.96;5.88;11.75;Bueno;39.17;Bueno;Bueno;Bueno
2025-11-22;06:00;19;46.46;27.71;21.31;Bueno;61.57;Bueno;5;6.04;5.88;11.75;Bueno;39.17;Bueno;Bueno;Bueno
2025-11-22;07:00;20;45.79;27.71;21.31;Bueno;61.57;Bueno;5;6.12;5.88;11.75;Bueno;39.17;Bueno;Bueno;Bueno
2025-11-22;08:00;26;44.46;27.71;21.31;Bueno;61.57;Bueno;7;6.33;5.88;11.75;Bueno;39.17;Bueno;Bueno;Bueno
2025-11-22;09:00;29;43.29;27.71;21.31;Bueno;61.57;Bueno;7;6.42;5.88;11.75;Bueno;39.17;Bueno;Bueno;Bueno
2025-11-22;10:00;42;42.67;27.71;21.31;Bueno;61.57;Bueno;6;6.54;5.88;11.75;Bueno;39.17;Bueno;Bueno;Bueno
2025-11-22;11:00;36;41.67;27.71;21.31;Bueno;61.57;Bueno;5;6.46;5.88;11.75;Bueno;39.17;Bueno;Bueno;Bueno
2025-11-22;12:00;25;40.42;27.71;21.31;Bueno;61.57;Bueno;5;6.42;5.88;11.75;Bueno;39.17;Bueno;Bueno;Bueno
2025-11-22;13:00;24;38.83;27.71;21.31;Bueno;61.57;Bueno;4;6.46;5.88;11.75;Bueno;39.17;Bueno;Bueno;Bueno
2025-11-22;14:00;34;36.00;27.71;21.31;Bueno;61.57;Bueno;6;6.58;5.88;11.75;Bueno;39.17;Bueno;Bueno;Bueno
2025-11-22;15:00;33;34.33;27.71;21.31;Bueno;61.57;Bueno;5;6.46;5.88;11.75;Bueno;39.17;Bueno;Bueno;Bueno
2025-11-22;16:00;21;32.96;27.71;21.31;Bueno;61.57;Bueno;3;6.04;5.88;11.75;Bueno;39.17;Bueno;Bueno;Bueno
2025-11-22;17:00;34;31.71;27.71;21.31;Bueno;61.57;Bueno;5;5.75;5.88;11.75;Bueno;39.17;Bueno;Bueno;Bueno
2025-11-22;18:00;36;30.25;27.71;21.31;Bueno;61.57;Bueno;7;5.67;5.88;11.75;Bueno;39.17;Bueno;Bueno;Bueno
2025-11-22;19:00;53;28.62;27.71;21.31;Bueno;61.57;Bueno;12;5.92;5.88;11.75;Bueno;39.17;Bueno;Bueno;Bueno
2025-11-22;20:00;50;28.17;27.71;21.31;Bueno;61.57;Bueno;12;5.75;5.88;11.75;Bueno;39.17;Bueno;Bueno;Bueno
2025-11-22;21:00;36;28.29;27.71;21.31;Bueno;61.57;Bueno;8;5.79;5.88;11.75;Bueno;39.17;Bueno;Bueno;Bueno
2025-11-22;22:00;27;28.08;27.71;21.31;Bueno;61.57;Bueno;7;5.83;5.88;11.75;Bueno;39.17;Bueno;Bueno;Bueno
2025-11-22;23:00;16;27.71;27.71;21.31;Bueno;61.57;Bueno;4;5.88;5.88;11.75;Bueno;39.17;Bueno;Bueno;Bueno
2025-11-23;00:00;19;27.62;39.54;30.42;Bueno;87.87;Bueno;6;6.00;7.00;14.00;Bueno;46.67;Bueno;Bueno;Bueno
2025-11-23;01:00;12;27.29;39.54;30.42;Bueno;87.87;Bueno;6;6.17;7.00;14.00;Bueno;46.67;Bueno;Bueno;Bueno
2025-11-23;02:00;18;27.50;39.54;30.42;Bueno;87.87;Bueno;6;6.17;7.00;14.00;Bueno;46.67;Bueno;Bueno;Bueno
2025-11-23;03:00;18;27.71;39.54;30.42;Bueno;87.87;Bueno;6;6.25;7.00;14.00;Bueno;46.67;Bueno;Bueno;Bueno
2025-11-23;04:00;19;27.71;39.54;30.42;Bueno;87.87;Bueno;7;6.29;7.00;14.00;Bueno;46.67;Bueno;Bueno;Bueno
2025-11-23;05:00;24;27.96;39.54;30.42;Bueno;87.87;Bueno;6;6.25;7.00;14.00;Bueno;46.67;Bueno;Bueno;Bueno
2025-11-23;06:00;21;28.04;39.54;30.42;Bueno;87.87;Bueno;6;6.29;7.00;14.00;Bueno;46.67;Bueno;Bueno;Bueno
2025-11-23;07:00;20;28.04;39.54;30.42;Bueno;87.87;Bueno;4;6.25;7.00;14.00;Bueno;46.67;Bueno;Bueno;Bueno
2025-11-23;08:00;31;28.25;39.54;30.42;Bueno;87.87;Bueno;7;6.25;7.00;14.00;Bueno;46.67;Bueno;Bueno;Bueno
2025-11-23;09:00;32;28.38;39.54;30.42;Bueno;87.87;Bueno;5;6.17;7.00;14.00;Bueno;46.67;Bueno;Bueno;Bueno
2025-11-23;10:00;57;29.00;39.54;30.42;Bueno;87.87;Bueno;5;6.12;7.00;14.00;Bueno;46.67;Bueno;Bueno;Bueno
2025-11-23;11:00;34;28.92;39.54;30.42;Bueno;87.87;Bueno;6;6.17;7.00;14.00;Bueno;46.67;Bueno;Bueno;Bueno
2025-11-23;12:00;29;29.08;39.54;30.42;Bueno;87.87;Bueno;7;6.25;7.00;14.00;Bueno;46.67;Bueno;Bueno;Bueno
2025-11-23;13:00;100;32.25;39.54;30.42;Bueno;87.87;Bueno;9;6.46;7.00;14.00;Bueno;46.67;Bueno;Bueno;Bueno
2025-11-23;14:00;123;35.96;39.54;30.42;Bueno;87.87;Bueno;15;6.83;7.00;14.00;Bueno;46.67;Bueno;Bueno;Bueno
2025-11-23;15:00;51;36.71;39.54;30.42;Bueno;87.87;Bueno;10;7.04;7.00;14.00;Bueno;46.67;Bueno;Bueno;Bueno
2025-11-23;16:00;67;38.62;39.54;30.42;Bueno;87.87;Bueno;5;7.12;7.00;14.00;Bueno;46.67;Bueno;Bueno;Bueno
2025-11-23;17:00;44;39.04;39.54;30.42;Bueno;87.87;Bueno;6;7.17;7.00;14.00;Bueno;46.67;Bueno;Bueno;Bueno
2025-11-23;18:00;34;38.96;39.54;30.42;Bueno;87.87;Bueno;6;7.12;7.00;14.00;Bueno;46.67;Bueno;Bueno;Bueno
2025-11-23;19:00;55;39.04;39.54;30.42;Bueno;87.87;Bueno;10;7.04;7.00;14.00;Bueno;46.67;Bueno;Bueno;Bueno
2025-11-23;20:00;37;38.50;39.54;30.42;Bueno;87.87;Bueno;10;6.96;7.00;14.00;Bueno;46.67;Bueno;Bueno;Bueno
2025-11-23;21:00;53;39.21;39.54;30.42;Bueno;87.87;Bueno;7;6.92;7.00;14.00;Bueno;46.67;Bueno;Bueno;Bueno
2025-11-23;22:00;29;39.29;39.54;30.42;Bueno;87.87;Bueno;7;6.92;7.00;14.00;Bueno;46.67;Bueno;Bueno;Bueno
2025-11-23;23:00;22;39.54;39.54;30.42;Bueno;87.87;Bueno;6;7.00;7.00;14.00;Bueno;46.67;Bueno;Bueno;Bueno
2025-11-24;00:00;18;39.50;40.33;31.03;Bueno;89.63;Bueno;3;6.88;6.08;12.17;Bueno;40.56;Bueno;Bueno;Bueno
2025-11-24;01:00;18;39.75;40.33;31.03;Bueno;89.63;Bueno;6;6.88;6.08;12.17;Bueno;40.56;Bueno;Bueno;Bueno
2025-11-24;02:00;17;39.71;40.33;31.03;Bueno;89.63;Bueno;4;6.79;6.08;12.17;Bueno;40.56;Bueno;Bueno;Bueno
2025-11-24;03:00;12;39.46;40.33;31.03;Bueno;89.63;Bueno;3;6.67;6.08;12.17;Bueno;40.56;Bueno;Bueno;Bueno
2025-11-24;04:00;21;39.54;40.33;31.03;Bueno;89.63;Bueno;5;6.58;6.08;12.17;Bueno;40.56;Bueno;Bueno;Bueno
2025-11-24;05:00;24;39.54;40.33;31.03;Bueno;89.63;Bueno;6;6.58;6.08;12.17;Bueno;40.56;Bueno;Bueno;Bueno
2025-11-24;06:00;36;40.17;40.33;31.03;Bueno;89.63;Bueno;8;6.67;6.08;12.17;Bueno;40.56;Bueno;Bueno;Bueno
2025-11-24;07:00;31;40.62;40.33;31.03;Bueno;89.63;Bueno;7;6.79;6.08;12.17;Bueno;40.56;Bueno;Bueno;Bueno
2025-11-24;08:00;27;40.46;40.33;31.03;Bueno;89.63;Bueno;3;6.62;6.08;12.17;Bueno;40.56;Bueno;Bueno;Bueno
2025-11-24;09:00;27;40.25;40.33;31.03;Bueno;89.63;Bueno;5;6.62;6.08;12.17;Bueno;40.56;Bueno;Bueno;Bueno
2025-11-24;10:00;42;39.62;40.33;31.03;Bueno;89.63;Bueno;5;6.62;6.08;12.17;Bueno;40.56;Bueno;Bueno;Bueno
2025-11-24;11:00;32;39.54;40.33;31.03;Bueno;89.63;Bueno;7;6.67;6.08;12.17;Bueno;40.56;Bueno;Bueno;Bueno
2025-11-24;12:00;24;39.33;40.33;31.03;Bueno;89.63;Bueno;4;6.54;6.08;12.17;Bueno;40.56;Bueno;Bueno;Bueno
2025-11-24;13:00;39;36.79;40.33;31.03;Bueno;89.63;Bueno;4;6.33;6.08;12.17;Bueno;40.56;Bueno;Bueno;Bueno
2025-11-24;14:00;35;33.12;40.33;31.03;Bueno;89.63;Bueno;5;5.92;6.08;12.17;Bueno;40.56;Bueno;Bueno;Bueno
2025-11-24;15:00;38;32.58;40.33;31.03;Bueno;89.63;Bueno;4;5.67;6.08;12.17;Bueno;40.56;Bueno;Bueno;Bueno
2025-11-24;16:00;88;33.46;40.33;31.03;Bueno;89.63;Bueno;6;5.71;6.08;12.17;Bueno;40.56;Bueno;Bueno;Bueno
2025-11-24;17:00;50;33.71;40.33;31.03;Bueno;89.63;Bueno;4;5.62;6.08;12.17;Bueno;40.56;Bueno;Bueno;Bueno
2025-11-24;18:00;46;34.21;40.33;31.03;Bueno;89.63;Bueno;4;5.54;6.08;12.17;Bueno;40.56;Bueno;Bueno;Bueno
2025-11-24;19:00;61;34.46;40.33;31.03;Bueno;89.63;Bueno;6;5.38;6.08;12.17;Bueno;40.56;Bueno;Bueno;Bueno
2025-11-24;20:00;143;38.88;40.33;31.03;Bueno;89.63;Bueno;11;5.42;6.08;12.17;Bueno;40.56;Bueno;Bueno;Bueno
2025-11-24;21:00;49;38.71;40.33;31.03;Bueno;89.63;Bueno;11;5.58;6.08;12.17;Bueno;40.56;Bueno;Bueno;Bueno
2025-11-24;22:00;47;39.46;40.33;31.03;Bueno;89.63;Bueno;11;5.75;6.08;12.17;Bueno;40.56;Bueno;Bueno;Bueno
2025-11-24;23:00;43;40.33;40.33;31.03;Bueno;89.63;Bueno;14;6.08;6.08;12.17;Bueno;40.56;Bueno;Bueno;Bueno
2025-11-25;00:00;32;40.92;46.83;36.03;Bueno;103.00;Regular;9;6.33;10.00;20.00;Bueno;66.67;Bueno;Bueno;Regular
2025-11-25;01:00;21;41.04;46.83;36.03;Bueno;103.00;Regular;9;6.46;10.00;20.00;Bueno;66.67;Bueno;Bueno;Regular
2025-11-25;02:00;19;41.12;46.83;36.03;Bueno;103.00;Regular;11;6.75;10.00;20.00;Bueno;66.67;Bueno;Bueno;Regular
2025-11-25;03:00;19;41.42;46.83;36.03;Bueno;103.00;Regular;8;6.96;10.00;20.00;Bueno;66.67;Bueno;Bueno;Regular
2025-11-25;04:00;23;41.50;46.83;36.03;Bueno;103.00;Regular;5;6.96;10.00;20.00;Bueno;66.67;Bueno;Bueno;Regular
2025-11-25;05:00;38;42.08;46.83;36.03;Bueno;103.00;Regular;12;7.21;10.00;20.00;Bueno;66.67;Bueno;Bueno;Regular
2025-11-25;06:00;41;42.29;46.83;36.03;Bueno;103.00;Regular;18;7.62;10.00;20.00;Bueno;66.67;Bueno;Bueno;Regular
2025-11-25;07:00;90;44.75;46.83;36.03;Bueno;103.00;Regular;19;8.12;10.00;20.00;Bueno;66.67;Bueno;Bueno;Regular
2025-11-25;08:00;53;45.83;46.83;36.03;Bueno;103.00;Regular;11;8.46;10.00;20.00;Bueno;66.67;Bueno;Bueno;Regular
2025-11-25;09:00;54;46.96;46.83;36.03;Bueno;103.00;Regular;8;8.58;10.00;20.00;Bueno;66.67;Bueno;Bueno;Regular
2025-11-25;10:00;46;47.12;46.83;36.03;Bueno;103.00;Regular;9;8.75;10.00;20.00;Bueno;66.67;Bueno;Bueno;Regular
2025-11-25;11:00;52;47.96;46.83;36.03;Bueno;103.00;Regular;9;8.83;10.00;20.00;Bueno;66.67;Bueno;Bueno;Regular
2025-11-25;12:00;42;48.71;46.83;36.03;Bueno;103.00;Regular;9;9.04;10.00;20.00;Bueno;66.67;Bueno;Bueno;Regular
2025-11-25;13:00;45;48.96;46.83;36.03;Bueno;103.00;Regular;7;9.17;10.00;20.00;Bueno;66.67;Bueno;Bueno;Regular
2025-11-25;14:00;32;48.83;46.83;36.03;Bueno;103.00;Regular;6;9.21;10.00;20.00;Bueno;66.67;Bueno;Bueno;Regular
2025-11-25;15:00;58;49.67;46.83;36.03;Bueno;103.00;Regular;9;9.42;10.00;20.00;Bueno;66.67;Bueno;Bueno;Regular
2025-11-25;16:00;114;50.75;46.83;36.03;Bueno;103.00;Regular;12;9.67;10.00;20.00;Bueno;66.67;Bueno;Bueno;Regular
2025-11-25;17:00;63;51.29;46.83;36.03;Bueno;103.00;Regular;12;10.00;10.00;20.00;Bueno;66.67;Bueno;Bueno;Regular
2025-11-25;18:00;80;52.71;46.83;36.03;Bueno;103.00;Regular;12;10.33;10.00;20.00;Bueno;66.67;Bueno;Bueno;Regular
2025-11-25;19:00;67;52.96;46.83;36.03;Bueno;103.00;Regular;10;10.50;10.00;20.00;Bueno;66.67;Bueno;Bueno;Regular
2025-11-25;20:00;44;48.83;46.83;36.03;Bueno;103.00;Regular;11;10.50;10.00;20.00;Bueno;66.67;Bueno;Bueno;Regular
2025-11-25;21:00;47;48.75;46.83;36.03;Bueno;103.00;Regular;11;10.50;10.00;20.00;Bueno;66.67;Bueno;Bueno;Regular
2025-11-25;22:00;19;47.58;46.83;36.03;Bueno;103.00;Regular;7;10.33;10.00;20.00;Bueno;66.67;Bueno;Bueno;Regular
2025-11-25;23:00;25;46.83;46.83;36.03;Bueno;103.00;Regular;6;10.00;10.00;20.00;Bueno;66.67;Bueno;Bueno;Regular
2025-11-26;00:00;18;46.25;34.96;26.89;Bueno;77.69;Bueno;6;9.88;8.42;16.83;Bueno;56.11;Bueno;Bueno;Bueno
2025-11-26;01:00;15;46.00;34.96;26.89;Bueno;77.69;Bueno;6;9.75;8.42;16.83;Bueno;56.11;Bueno;Bueno;Bueno
2025-11-26;02:00;14;45.79;34.96;26.89;Bueno;77.69;Bueno;8;9.62;8.42;16.83;Bueno;56.11;Bueno;Bueno;Bueno
2025-11-26;03:00;21;45.88;34.96;26.89;Bueno;77.69;Bueno;10;9.71;8.42;16.83;Bueno;56.11;Bueno;Bueno;Bueno
2025-11-26;04:00;14;45.50;34.96;26.89;Bueno;77.69;Bueno;6;9.75;8.42;16.83;Bueno;56.11;Bueno;Bueno;Bueno
2025-11-26;05:00;17;44.62;34.96;26.89;Bueno;77.69;Bueno;5;9.46;8.42;16.83;Bueno;56.11;Bueno;Bueno;Bueno
2025-11-26;06:00;28;44.08;34.96;26.89;Bueno;77.69;Bueno;12;9.21;8.42;16.83;Bueno;56.11;Bueno;Bueno;Bueno
2025-11-26;07:00;36;41.83;34.96;26.89;Bueno;77.69;Bueno;12;8.92;8.42;16.83;Bueno;56.11;Bueno;Bueno;Bueno
2025-11-26;08:00;51;41.75;34.96;26.89;Bueno;77.69;Bueno;15;9.08;8.42;16.83;Bueno;56.11;Bueno;Bueno;Bueno
2025-11-26;09:00;49;41.54;34.96;26.89;Bueno;77.69;Bueno;6;9.00;8.42;16.83;Bueno;56.11;Bueno;Bueno;Bueno
2025-11-26;10:00;94;43.54;34.96;26.89;Bueno;77.69;Bueno;7;8.92;8.42;16.83;Bueno;56.11;Bueno;Bueno;Bueno
2025-11-26;11:00;64;44.04;34.96;26.89;Bueno;77.69;Bueno;8;8.88;8.42;16.83;Bueno;56.11;Bueno;Bueno;Bueno
2025-11-26;12:00;36;43.79;34.96;26.89;Bueno;77.69;Bueno;8;8.83;8.42;16.83;Bueno;56.11;Bueno;Bueno;Bueno
2025-11-26;13:00;37;43.46;34.96;26.89;Bueno;77.69;Bueno;7;8.83;8.42;16.83;Bueno;56.11;Bueno;Bueno;Bueno
2025-11-26;14:00;38;43.71;34.96;26.89;Bueno;77.69;Bueno;8;8.92;8.42;16.83;Bueno;56.11;Bueno;Bueno;Bueno
2025-11-26;15:00;37;42.83;34.96;26.89;Bueno;77.69;Bueno;8;8.88;8.42;16.83;Bueno;56.11;Bueno;Bueno;Bueno
2025-11-26;16:00;44;39.92;34.96;26.89;Bueno;77.69;Bueno;12;8.88;8.42;16.83;Bueno;56.11;Bueno;Bueno;Bueno
2025-11-26;17:00;47;39.25;34.96;26.89;Bueno;77.69;Bueno;9;8.75;8.42;16.83;Bueno;56.11;Bueno;Bueno;Bueno
2025-11-26;18:00;65;38.62;34.96;26.89;Bueno;77.69;Bueno;12;8.75;8.42;16.83;Bueno;56.11;Bueno;Bueno;Bueno
2025-11-26;19:00;40;37.50;34.96;26.89;Bueno;77.69;Bueno;10;8.75;8.42;16.83;Bueno;56.11;Bueno;Bueno;Bueno
2025-11-26;20:00;22;36.58;34.96;26.89;Bueno;77.69;Bueno;7;8.58;8.42;16.83;Bueno;56.11;Bueno;Bueno;Bueno
2025-11-26;21:00;16;35.29;34.96;26.89;Bueno;77.69;Bueno;5;8.33;8.42;16.83;Bueno;56.11;Bueno;Bueno;Bueno
2025-11-26;22:00;24;35.50;34.96;26.89;Bueno;77.69;Bueno;8;8.38;8.42;16.83;Bueno;56.11;Bueno;Bueno;Bueno
2025-11-26;23:00;12;34.96;34.96;26.89;Bueno;77.69;Bueno;7;8.42;8.42;16.83;Bueno;56.11;Bueno;Bueno;Bueno
2025-11-27;00:00;20;35.04;45.42;34.94;Bueno;100.68;Regular;7;8.46;7.46;14.92;Bueno;49.72;Bueno;Bueno;Regular
2025-11-27;01:00;17;35.12;45.42;34.94;Bueno;100.68;Regular;9;8.58;7.46;14.92;Bueno;49.72;Bueno;Bueno;Regular
2025-11-27;02:00;12;35.04;45.42;34.94;Bueno;100.68;Regular;5;8.46;7.46;14.92;Bueno;49.72;Bueno;Bueno;Regular
2025-11-27;03:00;8;34.50;45.42;34.94;Bueno;100.68;Regular;3;8.17;7.46;14.92;Bueno;49.72;Bueno;Bueno;Regular
2025-11-27;04:00;11;34.38;45.42;34.94;Bueno;100.68;Regular;2;8.00;7.46;14.92;Bueno;49.72;Bueno;Bueno;Regular
2025-11-27;05:00;19;34.46;45.42;34.94;Bueno;100.68;Regular;5;8.00;7.46;14.92;Bueno;49.72;Bueno;Bueno;Regular
2025-11-27;06:00;43;35.08;45.42;34.94;Bueno;100.68;Regular;5;7.71;7.46;14.92;Bueno;49.72;Bueno;Bueno;Regular
2025-11-27;07:00;39;35.21;45.42;34.94;Bueno;100.68;Regular;7;7.50;7.46;14.92;Bueno;49.72;Bueno;Bueno;Regular
2025-11-27;08:00;35;34.54;45.42;34.94;Bueno;100.68;Regular;7;7.17;7.46;14.92;Bueno;49.72;Bueno;Bueno;Regular
2025-11-27;09:00;64;35.17;45.42;34.94;Bueno;100.68;Regular;7;7.21;7.46;14.92;Bueno;49.72;Bueno;Bueno;Regular
2025-11-27;10:00;67;34.04;45.42;34.94;Bueno;100.68;Regular;9;7.29;7.46;14.92;Bueno;49.72;Bueno;Bueno;Regular
2025-11-27;11:00;26;32.46;45.42;34.94;Bueno;100.68;Regular;6;7.21;7.46;14.92;Bueno;49.72;Bueno;Bueno;Regular
2025-11-27;12:00;21;31.83;45.42;34.94;Bueno;100.68;Regular;5;7.08;7.46;14.92;Bueno;49.72;Bueno;Bueno;Regular
2025-11-27;13:00;32;31.62;45.42;34.94;Bueno;100.68;Regular;7;7.08;7.46;14.92;Bueno;49.72;Bueno;Bueno;Regular
2025-11-27;14:00;29;31.25;45.42;34.94;Bueno;100.68;Regular;5;6.96;7.46;14.92;Bueno;49.72;Bueno;Bueno;Regular
2025-11-27;15:00;44;31.54;45.42;34.94;Bueno;100.68;Regular;3;6.75;7.46;14.92;Bueno;49.72;Bueno;Bueno;Regular
2025-11-27;16:00;131;35.17;45.42;34.94;Bueno;100.68;Regular;19;7.04;7.46;14.92;Bueno;49.72;Bueno;Bueno;Regular
2025-11-27;17:00;86;36.79;45.42;34.94;Bueno;100.68;Regular;9;7.04;7.46;14.92;Bueno;49.72;Bueno;Bueno;Regular
2025-11-27;18:00;141;39.96;45.42;34.94;Bueno;100.68;Regular;10;6.96;7.46;14.92;Bueno;49.72;Bueno;Bueno;Regular
2025-11-27;19:00;92;42.12;45.42;34.94;Bueno;100.68;Regular;16;7.21;7.46;14.92;Bueno;49.72;Bueno;Bueno;Regular
2025-11-27;20:00;61;43.75;45.42;34.94;Bueno;100.68;Regular;12;7.42;7.46;14.92;Bueno;49.72;Bueno;Bueno;Regular
2025-11-27;21:00;33;44.46;45.42;34.94;Bueno;100.68;Regular;8;7.54;7.46;14.92;Bueno;49.72;Bueno;Bueno;Regular
2025-11-27;22:00;28;44.62;45.42;34.94;Bueno;100.68;Regular;8;7.54;7.46;14.92;Bueno;49.72;Bueno;Bueno;Regular
2025-11-27;23:00;31;45.42;45.42;34.94;Bueno;100.68;Regular;5;7.46;7.46;14.92;Bueno;49.72;Bueno;Bueno;Regular
2025-11-28;00:00;31;45.88;45.04;34.65;Bueno;100.07;Regular;13;7.71;7.29;14.58;Bueno;48.61;Bueno;Bueno;Regular
2025-11-28;01:00;16;45.83;45.04;34.65;Bueno;100.07;Regular;7;7.62;7.29;14.58;Bueno;48.61;Bueno;Bueno;Regular
2025-11-28;02:00;26;46.42;45.04;34.65;Bueno;100.07;Regular;11;7.88;7.29;14.58;Bueno;48.61;Bueno;Bueno;Regular
2025-11-28;03:00;21;46.96;45.04;34.65;Bueno;100.07;Regular;14;8.33;7.29;14.58;Bueno;48.61;Bueno;Bueno;Regular
2025-11-28;04:00;13;47.04;45.04;34.65;Bueno;100.07;Regular;7;8.54;7.29;14.58;Bueno;48.61;Bueno;Bueno;Regular
2025-11-28;05:00;20;47.08;45.04;34.65;Bueno;100.07;Regular;5;8.54;7.29;14.58;Bueno;48.61;Bueno;Bueno;Regular
2025-11-28;06:00;39;46.92;45.04;34.65;Bueno;100.07;Regular;10;8.75;7.29;14.58;Bueno;48.61;Bueno;Bueno;Regular
2025-11-28;07:00;48;47.29;45.04;34.65;Bueno;100.07;Regular;9;8.83;7.29;14.58;Bueno;48.61;Bueno;Bueno;Regular
2025-11-28;08:00;38;47.42;45.04;34.65;Bueno;100.07;Regular;8;8.88;7.29;14.58;Bueno;48.61;Bueno;Bueno;Regular
2025-11-28;09:00;42;46.50;45.04;34.65;Bueno;100.07;Regular;7;8.88;7.29;14.58;Bueno;48.61;Bueno;Bueno;Regular
2025-11-28;10:00;33;45.08;45.04;34.65;Bueno;100.07;Regular;7;8.79;7.29;14.58;Bueno;48.61;Bueno;Bueno;Regular
2025-11-28;11:00;30;45.25;45.04;34.65;Bueno;100.07;Regular;6;8.79;7.29;14.58;Bueno;48.61;Bueno;Bueno;Regular
2025-11-28;12:00;37;45.92;45.04;34.65;Bueno;100.07;Regular;3;8.71;7.29;14.58;Bueno;48.61;Bueno;Bueno;Regular
2025-11-28;13:00;44;46.42;45.04;34.65;Bueno;100.07;Regular;4;8.58;7.29;14.58;Bueno;48.61;Bueno;Bueno;Regular
2025-11-28;14:00;48;47.21;45.04;34.65;Bueno;100.07;Regular;6;8.62;7.29;14.58;Bueno;48.61;Bueno;Bueno;Regular
2025-11-28;15:00;50;47.46;45.04;34.65;Bueno;100.07;Regular;7;8.79;7.29;14.58;Bueno;48.61;Bueno;Bueno;Regular
2025-11-28;16:00;82;45.42;45.04;34.65;Bueno;100.07;Regular;6;8.25;7.29;14.58;Bueno;48.61;Bueno;Bueno;Regular
2025-11-28;17:00;112;46.50;45.04;34.65;Bueno;100.07;Regular;5;8.08;7.29;14.58;Bueno;48.61;Bueno;Bueno;Regular
2025-11-28;18:00;119;45.58;45.04;34.65;Bueno;100.07;Regular;3;7.79;7.29;14.58;Bueno;48.61;Bueno;Bueno;Regular
2025-11-28;19:00;73;44.79;45.04;34.65;Bueno;100.07;Regular;5;7.33;7.29;14.58;Bueno;48.61;Bueno;Bueno;Regular
2025-11-28;20:00;47;44.21;45.04;34.65;Bueno;100.07;Regular;6;7.08;7.29;14.58;Bueno;48.61;Bueno;Bueno;Regular
2025-11-28;21:00;48;44.83;45.04;34.65;Bueno;100.07;Regular;5;6.96;7.29;14.58;Bueno;48.61;Bueno;Bueno;Regular
2025-11-28;22:00;29;44.88;45.04;34.65;Bueno;100.07;Regular;11;7.08;7.29;14.58;Bueno;48.61;Bueno;Bueno;Regular
2025-11-28;23:00;35;45.04;45.04;34.65;Bueno;100.07;Regular;10;7.29;7.29;14.58;Bueno;48.61;Bueno;Bueno;Regular
2025-11-29;00:00;20;44.58;32.96;25.35;Bueno;73.24;Bueno;5;6.96;3.58;7.17;Bueno;23.89;Bueno;Bueno;Bueno
2025-11-29;01:00;16;44.58;32.96;25.35;Bueno;73.24;Bueno;1;6.71;3.58;7.17;Bueno;23.89;Bueno;Bueno;Bueno
2025-11-29;02:00;17;44.21;32.96;25.35;Bueno;73.24;Bueno;5;6.46;3.58;7.17;Bueno;23.89;Bueno;Bueno;Bueno
2025-11-29;03:00;16;44.00;32.96;25.35;Bueno;73.24;Bueno;7;6.17;3.58;7.17;Bueno;23.89;Bueno;Bueno;Bueno
2025-11-29;04:00;23;44.42;32.96;25.35;Bueno;73.24;Bueno;7;6.17;3.58;7.17;Bueno;23.89;Bueno;Bueno;Bueno
2025-11-29;05:00;24;44.58;32.96;25.35;Bueno;73.24;Bueno;3;6.08;3.58;7.17;Bueno;23.89;Bueno;Bueno;Bueno
2025-11-29;06:00;28;44.12;32.96;25.35;Bueno;73.24;Bueno;3;5.79;3.58;7.17;Bueno;23.89;Bueno;Bueno;Bueno
2025-11-29;07:00;35;43.58;32.96;25.35;Bueno;73.24;Bueno;4;5.58;3.58;7.17;Bueno;23.89;Bueno;Bueno;Bueno
2025-11-29;08:00;27;43.12;32.96;25.35;Bueno;73.24;Bueno;3;5.38;3.58;7.17;Bueno;23.89;Bueno;Bueno;Bueno
2025-11-29;09:00;59;43.83;32.96;25.35;Bueno;73.24;Bueno;2;5.17;3.58;7.17;Bueno;23.89;Bueno;Bueno;Bueno
2025-11-29;10:00;45;44.33;32.96;25.35;Bueno;73.24;Bueno;2;4.96;3.58;7.17;Bueno;23.89;Bueno;Bueno;Bueno
2025-11-29;11:00;56;45.42;32.96;25.35;Bueno;73.24;Bueno;3;4.83;3.58;7.17;Bueno;23.89;Bueno;Bueno;Bueno
2025-11-29;12:00;40;45.54;32.96;25.35;Bueno;73.24;Bueno;5;4.92;3.58;7.17;Bueno;23.89;Bueno;Bueno;Bueno
2025-11-29;13:00;20;44.54;32.96;25.35;Bueno;73.24;Bueno;4;4.92;3.58;7.17;Bueno;23.89;Bueno;Bueno;Bueno
2025-11-29;14:00;32;43.88;32.96;25.35;Bueno;73.24;Bueno;4;4.83;3.58;7.17;Bueno;23.89;Bueno;Bueno;Bueno
2025-11-29;15:00;82;45.21;32.96;25.35;Bueno;73.24;Bueno;4;4.71;3.58;7.17;Bueno;23.89;Bueno;Bueno;Bueno
2025-11-29;16:00;44;43.62;32.96;25.35;Bueno;73.24;Bueno;2;4.54;3.58;7.17;Bueno;23.89;Bueno;Bueno;Bueno
2025-11-29;17:00;42;40.71;32.96;25.35;Bueno;73.24;Bueno;2;4.42;3.58;7.17;Bueno;23.89;Bueno;Bueno;Bueno
2025-11-29;18:00;42;37.50;32.96;25.35;Bueno;73.24;Bueno;2;4.38;3.58;7.17;Bueno;23.89;Bueno;Bueno;Bueno
2025-11-29;19:00;36;35.96;32.96;25.35;Bueno;73.24;Bueno;3;4.29;3.58;7.17;Bueno;23.89;Bueno;Bueno;Bueno
2025-11-29;20:00;29;35.21;32.96;25.35;Bueno;73.24;Bueno;4;4.21;3.58;7.17;Bueno;23.89;Bueno;Bueno;Bueno
2025-11-29;21:00;29;34.42;32.96;25.35;Bueno;73.24;Bueno;2;4.08;3.58;7.17;Bueno;23.89;Bueno;Bueno;Bueno
2025-11-29;22:00;16;33.88;32.96;25.35;Bueno;73.24;Bueno;5;3.83;3.58;7.17;Bueno;23.89;Bueno;Bueno;Bueno
2025-11-29;23:00;13;32.96;32.96;25.35;Bueno;73.24;Bueno;4;3.58;3.58;7.17;Bueno;23.89;Bueno;Bueno;Bueno
2025-11-30;00:00;14;32.71;12.04;9.26;Bueno;26.76;Bueno;3;3.50;2.38;4.75;Bueno;15.83;Bueno;Bueno;Bueno
2025-11-30;01:00;14;32.62;12.04;9.26;Bueno;26.76;Bueno;2;3.54;2.38;4.75;Bueno;15.83;Bueno;Bueno;Bueno
2025-11-30;02:00;11;32.38;12.04;9.26;Bueno;26.76;Bueno;1;3.38;2.38;4.75;Bueno;15.83;Bueno;Bueno;Bueno
2025-11-30;03:00;10;32.12;12.04;9.26;Bueno;26.76;Bueno;3;3.21;2.38;4.75;Bueno;15.83;Bueno;Bueno;Bueno
2025-11-30;04:00;9;31.54;12.04;9.26;Bueno;26.76;Bueno;3;3.04;2.38;4.75;Bueno;15.83;Bueno;Bueno;Bueno
2025-11-30;05:00;13;31.08;12.04;9.26;Bueno;26.76;Bueno;3;3.04;2.38;4.75;Bueno;15.83;Bueno;Bueno;Bueno
2025-11-30;06:00;14;30.50;12.04;9.26;Bueno;26.76;Bueno;5;3.12;2.38;4.75;Bueno;15.83;Bueno;Bueno;Bueno
2025-11-30;07:00;15;29.67;12.04;9.26;Bueno;26.76;Bueno;3;3.08;2.38;4.75;Bueno;15.83;Bueno;Bueno;Bueno
2025-11-30;08:00;15;29.17;12.04;9.26;Bueno;26.76;Bueno;4;3.12;2.38;4.75;Bueno;15.83;Bueno;Bueno;Bueno
2025-11-30;09:00;13;27.25;12.04;9.26;Bueno;26.76;Bueno;6;3.29;2.38;4.75;Bueno;15.83;Bueno;Bueno;Bueno
2025-11-30;10:00;8;25.71;12.04;9.26;Bueno;26.76;Bueno;4;3.38;2.38;4.75;Bueno;15.83;Bueno;Bueno;Bueno
2025-11-30;11:00;9;23.75;12.04;9.26;Bueno;26.76;Bueno;3;3.38;2.38;4.75;Bueno;15.83;Bueno;Bueno;Bueno
2025-11-30;12:00;10;22.50;12.04;9.26;Bueno;26.76;Bueno;2;3.25;2.38;4.75;Bueno;15.83;Bueno;Bueno;Bueno
2025-11-30;13:00;14;22.25;12.04;9.26;Bueno;26.76;Bueno;1;3.12;2.38;4.75;Bueno;15.83;Bueno;Bueno;Bueno
2025-11-30;14:00;23;21.88;12.04;9.26;Bueno;26.76;Bueno;1;3.00;2.38;4.75;Bueno;15.83;Bueno;Bueno;Bueno
2025-11-30;15:00;11;18.92;12.04;9.26;Bueno;26.76;Bueno;1;2.88;2.38;4.75;Bueno;15.83;Bueno;Bueno;Bueno
2025-11-30;16:00;7;17.38;12.04;9.26;Bueno;26.76;Bueno;1;2.83;2.38;4.75;Bueno;15.83;Bueno;Bueno;Bueno
2025-11-30;17:00;6;15.88;12.04;9.26;Bueno;26.76;Bueno;1;2.79;2.38;4.75;Bueno;15.83;Bueno;Bueno;Bueno
2025-11-30;18:00;7;14.42;12.04;9.26;Bueno;26.76;Bueno;1;2.75;2.38;4.75;Bueno;15.83;Bueno;Bueno;Bueno
2025-11-30;19:00;12;13.42;12.04;9.26;Bueno;26.76;Bueno;1;2.67;2.38;4.75;Bueno;15.83;Bueno;Bueno;Bueno
2025-11-30;20:00;17;12.92;12.04;9.26;Bueno;26.76;Bueno;2;2.58;2.38;4.75;Bueno;15.83;Bueno;Bueno;Bueno
2025-11-30;21:00;10;12.12;12.04;9.26;Bueno;26.76;Bueno;1;2.54;2.38;4.75;Bueno;15.83;Bueno;Bueno;Bueno
2025-11-30;22:00;15;12.08;12.04;9.26;Bueno;26.76;Bueno;3;2.46;2.38;4.75;Bueno;15.83;Bueno;Bueno;Bueno
2025-11-30;23:00;12;12.04;12.04;9.26;Bueno;26.76;Bueno;2;2.38;2.38;4.75;Bueno;15.83;Bueno;Bueno;Bueno
2025-12-01;00:00;15;12.08;27.92;21.47;Bueno;62.04;Bueno;3;2.38;4.25;8.50;Bueno;28.33;Bueno;Bueno;Bueno
2025-12-01;01:00;9;11.88;27.92;21.47;Bueno;62.04;Bueno;4;2.46;4.25;8.50;Bueno;28.33;Bueno;Bueno;Bueno
2025-12-01;02:00;8;11.75;27.92;21.47;Bueno;62.04;Bueno;2;2.50;4.25;8.50;Bueno;28.33;Bueno;Bueno;Bueno
2025-12-01;03:00;15;11.96;27.92;21.47;Bueno;62.04;Bueno;1;2.42;4.25;8.50;Bueno;28.33;Bueno;Bueno;Bueno
2025-12-01;04:00;13;12.12;27.92;21.47;Bueno;62.04;Bueno;3;2.42;4.25;8.50;Bueno;28.33;Bueno;Bueno;Bueno
2025-12-01;05:00;20;12.42;27.92;21.47;Bueno;62.04;Bueno;10;2.71;4.25;8.50;Bueno;28.33;Bueno;Bueno;Bueno
2025-12-01;06:00;35;13.29;27.92;21.47;Bueno;62.04;Bueno;10;2.92;4.25;8.50;Bueno;28.33;Bueno;Bueno;Bueno
2025-12-01;07:00;20;13.50;27.92;21.47;Bueno;62.04;Bueno;6;3.04;4.25;8.50;Bueno;28.33;Bueno;Bueno;Bueno
2025-12-01;08:00;18;13.62;27.92;21.47;Bueno;62.04;Bueno;5;3.08;4.25;8.50;Bueno;28.33;Bueno;Bueno;Bueno
2025-12-01;09:00;25;14.12;27.92;21.47;Bueno;62.04;Bueno;2;2.92;4.25;8.50;Bueno;28.33;Bueno;Bueno;Bueno
2025-12-01;10:00;18;14.54;27.92;21.47;Bueno;62.04;Bueno;4;2.92;4.25;8.50;Bueno;28.33;Bueno;Bueno;Bueno
2025-12-01;11:00;17;14.88;27.92;21.47;Bueno;62.04;Bueno;5;3.00;4.25;8.50;Bueno;28.33;Bueno;Bueno;Bueno
2025-12-01;12:00;20;15.29;27.92;21.47;Bueno;62.04;Bueno;2;3.00;4.25;8.50;Bueno;28.33;Bueno;Bueno;Bueno
2025-12-01;13:00;16;15.38;27.92;21.47;Bueno;62.04;Bueno;1;3.00;4.25;8.50;Bueno;28.33;Bueno;Bueno;Bueno
2025-12-01;14:00;28;15.58;27.92;21.47;Bueno;62.04;Bueno;1;3.00;4.25;8.50;Bueno;28.33;Bueno;Bueno;Bueno
2025-12-01;15:00;21;16.00;27.92;21.47;Bueno;62.04;Bueno;1;3.00;4.25;8.50;Bueno;28.33;Bueno;Bueno;Bueno
2025-12-01;16:00;63;18.33;27.92;21.47;Bueno;62.04;Bueno;3;3.08;4.25;8.50;Bueno;28.33;Bueno;Bueno;Bueno
2025-12-01;17:00;76;21.25;27.92;21.47;Bueno;62.04;Bueno;5;3.25;4.25;8.50;Bueno;28.33;Bueno;Bueno;Bueno
2025-12-01;18:00;90;24.71;27.92;21.47;Bueno;62.04;Bueno;10;3.62;4.25;8.50;Bueno;28.33;Bueno;Bueno;Bueno
2025-12-01;19:00;68;27.04;27.92;21.47;Bueno;62.04;Bueno;7;3.88;4.25;8.50;Bueno;28.33;Bueno;Bueno;Bueno
2025-12-01;20:00;28;27.50;27.92;21.47;Bueno;62.04;Bueno;3;3.92;4.25;8.50;Bueno;28.33;Bueno;Bueno;Bueno
2025-12-01;21:00;21;27.96;27.92;21.47;Bueno;62.04;Bueno;3;4.00;4.25;8.50;Bueno;28.33;Bueno;Bueno;Bueno
2025-12-01;22:00;17;28.04;27.92;21.47;Bueno;62.04;Bueno;6;4.12;4.25;8.50;Bueno;28.33;Bueno;Bueno;Bueno
2025-12-01;23:00;9;27.92;27.92;21.47;Bueno;62.04;Bueno;5;4.25;4.25;8.50;Bueno;28.33;Bueno;Bueno;Bueno
2025-12-02;00:00;12;27.79;35.67;27.44;Bueno;79.26;Bueno;2;4.21;3.79;7.58;Bueno;25.28;Bueno;Bueno;Bueno
2025-12-02;01:00;11;27.88;35.67;27.44;Bueno;79.26;Bueno;1;4.08;3.79;7.58;Bueno;25.28;Bueno;Bueno;Bueno
2025-12-02;02:00;10;27.96;35.67;27.44;Bueno;79.26;Bueno;3;4.12;3.79;7.58;Bueno;25.28;Bueno;Bueno;Bueno
2025-12-02;03:00;9;27.71;35.67;27.44;Bueno;79.26;Bueno;5;4.29;3.79;7.58;Bueno;25.28;Bueno;Bueno;Bueno
2025-12-02;04:00;9;27.54;35.67;27.44;Bueno;79.26;Bueno;3;4.29;3.79;7.58;Bueno;25.28;Bueno;Bueno;Bueno
2025-12-02;05:00;43;28.50;35.67;27.44;Bueno;79.26;Bueno;2;3.96;3.79;7.58;Bueno;25.28;Bueno;Bueno;Bueno
2025-12-02;06:00;26;28.12;35.67;27.44;Bueno;79.26;Bueno;5;3.75;3.79;7.58;Bueno;25.28;Bueno;Bueno;Bueno
2025-12-02;07:00;32;28.62;35.67;27.44;Bueno;79.26;Bueno;5;3.71;3.79;7.58;Bueno;25.28;Bueno;Bueno;Bueno
2025-12-02;08:00;28;29.04;35.67;27.44;Bueno;79.26;Bueno;4;3.67;3.79;7.58;Bueno;25.28;Bueno;Bueno;Bueno
2025-12-02;09:00;31;29.29;35.67;27.44;Bueno;79.26;Bueno;3;3.71;3.79;7.58;Bueno;25.28;Bueno;Bueno;Bueno
2025-12-02;10:00;43;30.33;35.67;27.44;Bueno;79.26;Bueno;8;3.88;3.79;7.58;Bueno;25.28;Bueno;Bueno;Bueno
2025-12-02;11:00;42;31.38;35.67;27.44;Bueno;79.26;Bueno;7;3.96;3.79;7.58;Bueno;25.28;Bueno;Bueno;Bueno
2025-12-02;12:00;22;31.46;35.67;27.44;Bueno;79.26;Bueno;3;4.00;3.79;7.58;Bueno;25.28;Bueno;Bueno;Bueno
2025-12-02;13:00;25;31.83;35.67;27.44;Bueno;79.26;Bueno;5;4.17;3.79;7.58;Bueno;25.28;Bueno;Bueno;Bueno
2025-12-02;14:00;29;31.88;35.67;27.44;Bueno;79.26;Bueno;4;4.29;3.79;7.58;Bueno;25.28;Bueno;Bueno;Bueno
2025-12-02;15:00;34;32.42;35.67;27.44;Bueno;79.26;Bueno;2;4.33;3.79;7.58;Bueno;25.28;Bueno;Bueno;Bueno
2025-12-02;16:00;141;35.67;35.67;27.44;Bueno;79.26;Bueno;2;4.29;3.79;7.58;Bueno;25.28;Bueno;Bueno;Bueno
2025-12-02;17:00;119;37.46;35.67;27.44;Bueno;79.26;Bueno;5;4.29;3.79;7.58;Bueno;25.28;Bueno;Bueno;Bueno
2025-12-02;18:00;42;35.46;35.67;27.44;Bueno;79.26;Bueno;6;4.12;3.79;7.58;Bueno;25.28;Bueno;Bueno;Bueno
2025-12-02;19:00;63;35.25;35.67;27.44;Bueno;79.26;Bueno;6;4.08;3.79;7.58;Bueno;25.28;Bueno;Bueno;Bueno
2025-12-02;20:00;32;35.42;35.67;27.44;Bueno;79.26;Bueno;4;4.12;3.79;7.58;Bueno;25.28;Bueno;Bueno;Bueno
2025-12-02;21:00;21;35.42;35.67;27.44;Bueno;79.26;Bueno;1;4.04;3.79;7.58;Bueno;25.28;Bueno;Bueno;Bueno
2025-12-02;22:00;17;35.42;35.67;27.44;Bueno;79.26;Bueno;2;3.88;3.79;7.58;Bueno;25.28;Bueno;Bueno;Bueno
2025-12-02;23:00;15;35.67;35.67;27.44;Bueno;79.26;Bueno;3;3.79;3.79;7.58;Bueno;25.28;Bueno;Bueno;Bueno
2025-12-03;00:00;13;35.71;28.17;21.67;Bueno;62.59;Bueno;2;3.79;2.46;4.92;Bueno;16.39;Bueno;Bueno;Bueno
2025-12-03;01:00;8;35.58;28.17;21.67;Bueno;62.59;Bueno;2;3.83;2.46;4.92;Bueno;16.39;Bueno;Bueno;Bueno
2025-12-03;02:00;7;35.46;28.17;21.67;Bueno;62.59;Bueno;2;3.79;2.46;4.92;Bueno;16.39;Bueno;Bueno;Bueno
2025-12-03;03:00;7;35.38;28.17;21.67;Bueno;62.59;Bueno;1;3.62;2.46;4.92;Bueno;16.39;Bueno;Bueno;Bueno
2025-12-03;04:00;6;35.25;28.17;21.67;Bueno;62.59;Bueno;1;3.54;2.46;4.92;Bueno;16.39;Bueno;Bueno;Bueno
2025-12-03;05:00;12;33.96;28.17;21.67;Bueno;62.59;Bueno;2;3.54;2.46;4.92;Bueno;16.39;Bueno;Bueno;Bueno
2025-12-03;06:00;21;33.75;28.17;21.67;Bueno;62.59;Bueno;3;3.46;2.46;4.92;Bueno;16.39;Bueno;Bueno;Bueno
2025-12-03;07:00;24;33.42;28.17;21.67;Bueno;62.59;Bueno;2;3.33;2.46;4.92;Bueno;16.39;Bueno;Bueno;Bueno
2025-12-03;08:00;51;34.38;28.17;21.67;Bueno;62.59;Bueno;1;3.21;2.46;4.92;Bueno;16.39;Bueno;Bueno;Bueno
2025-12-03;09:00;31;34.38;28.17;21.67;Bueno;62.59;Bueno;2;3.17;2.46;4.92;Bueno;16.39;Bueno;Bueno;Bueno
2025-12-03;10:00;25;33.62;28.17;21.67;Bueno;62.59;Bueno;1;2.88;2.46;4.92;Bueno;16.39;Bueno;Bueno;Bueno
2025-12-03;11:00;56;34.21;28.17;21.67;Bueno;62.59;Bueno;1;2.62;2.46;4.92;Bueno;16.39;Bueno;Bueno;Bueno
2025-12-03;12:00;21;34.17;28.17;21.67;Bueno;62.59;Bueno;1;2.54;2.46;4.92;Bueno;16.39;Bueno;Bueno;Bueno
2025-12-03;13:00;29;34.33;28.17;21.67;Bueno;62.59;Bueno;1;2.38;2.46;4.92;Bueno;16.39;Bueno;Bueno;Bueno
2025-12-03;14:00;24;34.12;28.17;21.67;Bueno;62.59;Bueno;1;2.25;2.46;4.92;Bueno;16.39;Bueno;Bueno;Bueno
2025-12-03;15:00;35;34.17;28.17;21.67;Bueno;62.59;Bueno;3;2.29;2.46;4.92;Bueno;16.39;Bueno;Bueno;Bueno
2025-12-03;16:00;36;29.79;28.17;21.67;Bueno;62.59;Bueno;4;2.38;2.46;4.92;Bueno;16.39;Bueno;Bueno;Bueno
2025-12-03;17:00;43;26.62;28.17;21.67;Bueno;62.59;Bueno;5;2.38;2.46;4.92;Bueno;16.39;Bueno;Bueno;Bueno
2025-12-03;18:00;47;26.83;28.17;21.67;Bueno;62.59;Bueno;5;2.33;2.46;4.92;Bueno;16.39;Bueno;Bueno;Bueno
2025-12-03;19:00;46;26.12;28.17;21.67;Bueno;62.59;Bueno;4;2.25;2.46;4.92;Bueno;16.39;Bueno;Bueno;Bueno
2025-12-03;20:00;38;26.38;28.17;21.67;Bueno;62.59;Bueno;5;2.29;2.46;4.92;Bueno;16.39;Bueno;Bueno;Bueno
2025-12-03;21:00;52;27.67;28.17;21.67;Bueno;62.59;Bueno;4;2.42;2.46;4.92;Bueno;16.39;Bueno;Bueno;Bueno
2025-12-03;22:00;22;27.88;28.17;21.67;Bueno;62.59;Bueno;3;2.46;2.46;4.92;Bueno;16.39;Bueno;Bueno;Bueno
2025-12-03;23:00;22;28.17;28.17;21.67;Bueno;62.59;Bueno;3;2.46;2.46;4.92;Bueno;16.39;Bueno;Bueno;Bueno
2025-12-04;00:00;21;28.50;25.50;19.62;Bueno;56.67;Bueno;4;2.54;2.96;5.92;Bueno;19.72;Bueno;Bueno;Bueno
2025-12-04;01:00;11;28.62;25.50;19.62;Bueno;56.67;Bueno;1;2.50;2.96;5.92;Bueno;19.72;Bueno;Bueno;Bueno
2025-12-04;02:00;8;28.67;25.50;19.62;Bueno;56.67;Bueno;1;2.46;2.96;5.92;Bueno;19.72;Bueno;Bueno;Bueno
2025-12-04;03:00;5;28.58;25.50;19.62;Bueno;56.67;Bueno;2;2.50;2.96;5.92;Bueno;19.72;Bueno;Bueno;Bueno
2025-12-04;04:00;9;28.71;25.50;19.62;Bueno;56.67;Bueno;1;2.50;2.96;5.92;Bueno;19.72;Bueno;Bueno;Bueno
2025-12-04;05:00;23;29.17;25.50;19.62;Bueno;56.67;Bueno;2;2.50;2.96;5.92;Bueno;19.72;Bueno;Bueno;Bueno
2025-12-04;06:00;18;29.04;25.50;19.62;Bueno;56.67;Bueno;2;2.46;2.96;5.92;Bueno;19.72;Bueno;Bueno;Bueno
2025-12-04;07:00;32;29.38;25.50;19.62;Bueno;56.67;Bueno;4;2.54;2.96;5.92;Bueno;19.72;Bueno;Bueno;Bueno
2025-12-04;08:00;21;28.12;25.50;19.62;Bueno;56.67;Bueno;4;2.67;2.96;5.92;Bueno;19.72;Bueno;Bueno;Bueno
2025-12-04;09:00;18;27.58;25.50;19.62;Bueno;56.67;Bueno;2;2.67;2.96;5.92;Bueno;19.72;Bueno;Bueno;Bueno
2025-12-04;10:00;28;27.71;25.50;19.62;Bueno;56.67;Bueno;2;2.71;2.96;5.92;Bueno;19.72;Bueno;Bueno;Bueno
2025-12-04;11:00;27;26.50;25.50;19.62;Bueno;56.67;Bueno;5;2.88;2.96;5.92;Bueno;19.72;Bueno;Bueno;Bueno
2025-12-04;12:00;27;26.75;25.50;19.62;Bueno;56.67;Bueno;4;3.00;2.96;5.92;Bueno;19.72;Bueno;Bueno;Bueno
2025-12-04;13:00;29;26.75;25.50;19.62;Bueno;56.67;Bueno;3;3.08;2.96;5.92;Bueno;19.72;Bueno;Bueno;Bueno
2025-12-04;14:00;32;27.08;25.50;19.62;Bueno;56.67;Bueno;2;3.12;2.96;5.92;Bueno;19.72;Bueno;Bueno;Bueno
2025-12-04;15:00;19;26.42;25.50;19.62;Bueno;56.67;Bueno;1;3.04;2.96;5.92;Bueno;19.72;Bueno;Bueno;Bueno
2025-12-04;16:00;32;26.25;25.50;19.62;Bueno;56.67;Bueno;1;2.92;2.96;5.92;Bueno;19.72;Bueno;Bueno;Bueno
2025-12-04;17:00;33;25.83;25.50;19.62;Bueno;56.67;Bueno;4;2.88;2.96;5.92;Bueno;19.72;Bueno;Bueno;Bueno
2025-12-04;18:00;36;25.38;25.50;19.62;Bueno;56.67;Bueno;3;2.79;2.96;5.92;Bueno;19.72;Bueno;Bueno;Bueno
2025-12-04;19:00;42;25.21;25.50;19.62;Bueno;56.67;Bueno;5;2.83;2.96;5.92;Bueno;19.72;Bueno;Bueno;Bueno
2025-12-04;20:00;53;25.83;25.50;19.62;Bueno;56.67;Bueno;7;2.92;2.96;5.92;Bueno;19.72;Bueno;Bueno;Bueno
2025-12-04;21:00;34;25.08;25.50;19.62;Bueno;56.67;Bueno;5;2.96;2.96;5.92;Bueno;19.72;Bueno;Bueno;Bueno
2025-12-04;22:00;26;25.25;25.50;19.62;Bueno;56.67;Bueno;3;2.96;2.96;5.92;Bueno;19.72;Bueno;Bueno;Bueno
2025-12-04;23:00;28;25.50;25.50;19.62;Bueno;56.67;Bueno;3;2.96;2.96;5.92;Bueno;19.72;Bueno;Bueno;Bueno
2025-12-05;00:00;15;25.25;33.88;26.06;Bueno;75.28;Bueno;3;2.92;4.17;8.33;Bueno;27.78;Bueno;Bueno;Bueno
2025-12-05;01:00;13;25.33;33.88;26.06;Bueno;75.28;Bueno;4;3.04;4.17;8.33;Bueno;27.78;Bueno;Bueno;Bueno
2025-12-05;02:00;8;25.33;33.88;26.06;Bueno;75.28;Bueno;4;3.17;4.17;8.33;Bueno;27.78;Bueno;Bueno;Bueno
2025-12-05;03:00;16;25.79;33.88;26.06;Bueno;75.28;Bueno;1;3.12;4.17;8.33;Bueno;27.78;Bueno;Bueno;Bueno
2025-12-05;04:00;15;26.04;33.88;26.06;Bueno;75.28;Bueno;1;3.12;4.17;8.33;Bueno;27.78;Bueno;Bueno;Bueno
2025-12-05;05:00;16;25.75;33.88;26.06;Bueno;75.28;Bueno;1;3.08;4.17;8.33;Bueno;27.78;Bueno;Bueno;Bueno
2025-12-05;06:00;29;26.21;33.88;26.06;Bueno;75.28;Bueno;1;3.04;4.17;8.33;Bueno;27.78;Bueno;Bueno;Bueno
2025-12-05;07:00;32;26.21;33.88;26.06;Bueno;75.28;Bueno;4;3.04;4.17;8.33;Bueno;27.78;Bueno;Bueno;Bueno
2025-12-05;08:00;27;26.46;33.88;26.06;Bueno;75.28;Bueno;6;3.12;4.17;8.33;Bueno;27.78;Bueno;Bueno;Bueno
2025-12-05;09:00;32;27.04;33.88;26.06;Bueno;75.28;Bueno;4;3.21;4.17;8.33;Bueno;27.78;Bueno;Bueno;Bueno
2025-12-05;10:00;32;27.21;33.88;26.06;Bueno;75.28;Bueno;4;3.29;4.17;8.33;Bueno;27.78;Bueno;Bueno;Bueno
2025-12-05;11:00;34;27.50;33.88;26.06;Bueno;75.28;Bueno;5;3.29;4.17;8.33;Bueno;27.78;Bueno;Bueno;Bueno
2025-12-05;12:00;52;28.54;33.88;26.06;Bueno;75.28;Bueno;5;3.33;4.17;8.33;Bueno;27.78;Bueno;Bueno;Bueno
2025-12-05;13:00;37;28.88;33.88;26.06;Bueno;75.28;Bueno;4;3.38;4.17;8.33;Bueno;27.78;Bueno;Bueno;Bueno
2025-12-05;14:00;51;29.67;33.88;26.06;Bueno;75.28;Bueno;7;3.58;4.17;8.33;Bueno;27.78;Bueno;Bueno;Bueno
2025-12-05;15:00;48;30.88;33.88;26.06;Bueno;75.28;Bueno;4;3.71;4.17;8.33;Bueno;27.78;Bueno;Bueno;Bueno
2025-12-05;16:00;46;31.46;33.88;26.06;Bueno;75.28;Bueno;3;3.79;4.17;8.33;Bueno;27.78;Bueno;Bueno;Bueno
2025-12-05;17:00;63;32.71;33.88;26.06;Bueno;75.28;Bueno;8;3.96;4.17;8.33;Bueno;27.78;Bueno;Bueno;Bueno
2025-12-05;18:00;61;33.75;33.88;26.06;Bueno;75.28;Bueno;5;4.04;4.17;8.33;Bueno;27.78;Bueno;Bueno;Bueno
2025-12-05;19:00;81;35.38;33.88;26.06;Bueno;75.28;Bueno;4;4.00;4.17;8.33;Bueno;27.78;Bueno;Bueno;Bueno
2025-12-05;20:00;25;34.21;33.88;26.06;Bueno;75.28;Bueno;6;3.96;4.17;8.33;Bueno;27.78;Bueno;Bueno;Bueno
2025-12-05;21:00;29;34.00;33.88;26.06;Bueno;75.28;Bueno;7;4.04;4.17;8.33;Bueno;27.78;Bueno;Bueno;Bueno
2025-12-05;22:00;30;34.17;33.88;26.06;Bueno;75.28;Bueno;6;4.17;4.17;8.33;Bueno;27.78;Bueno;Bueno;Bueno
2025-12-05;23:00;21;33.88;33.88;26.06;Bueno;75.28;Bueno;3;4.17;4.17;8.33;Bueno;27.78;Bueno;Bueno;Bueno
2025-12-06;00:00;14;33.83;33.42;25.71;Bueno;74.26;Bueno;3;4.17;7.42;14.83;Bueno;49.44;Bueno;Bueno;Bueno
2025-12-06;01:00;13;33.83;33.42;25.71;Bueno;74.26;Bueno;4;4.17;7.42;14.83;Bueno;49.44;Bueno;Bueno;Bueno
2025-12-06;02:00;11;33.96;33.42;25.71;Bueno;74.26;Bueno;3;4.12;7.42;14.83;Bueno;49.44;Bueno;Bueno;Bueno
2025-12-06;03:00;11;33.75;33.42;25.71;Bueno;74.26;Bueno;2;4.17;7.42;14.83;Bueno;49.44;Bueno;Bueno;Bueno
2025-12-06;04:00;14;33.71;33.42;25.71;Bueno;74.26;Bueno;2;4.21;7.42;14.83;Bueno;49.44;Bueno;Bueno;Bueno
2025-12-06;05:00;19;33.83;33.42;25.71;Bueno;74.26;Bueno;8;4.50;7.42;14.83;Bueno;49.44;Bueno;Bueno;Bueno
2025-12-06;06:00;24;33.62;33.42;25.71;Bueno;74.26;Bueno;8;4.79;7.42;14.83;Bueno;49.44;Bueno;Bueno;Bueno
2025-12-06;07:00;25;33.33;33.42;25.71;Bueno;74.26;Bueno;6;4.88;7.42;14.83;Bueno;49.44;Bueno;Bueno;Bueno
2025-12-06;08:00;25;33.25;33.42;25.71;Bueno;74.26;Bueno;7;4.92;7.42;14.83;Bueno;49.44;Bueno;Bueno;Bueno
2025-12-06;09:00;23;32.88;33.42;25.71;Bueno;74.26;Bueno;8;5.08;7.42;14.83;Bueno;49.44;Bueno;Bueno;Bueno
2025-12-06;10:00;21;32.42;33.42;25.71;Bueno;74.26;Bueno;7;5.21;7.42;14.83;Bueno;49.44;Bueno;Bueno;Bueno
2025-12-06;11:00;22;31.92;33.42;25.71;Bueno;74.26;Bueno;8;5.33;7.42;14.83;Bueno;49.44;Bueno;Bueno;Bueno
2025-12-06;12:00;34;31.17;33.42;25.71;Bueno;74.26;Bueno;8;5.46;7.42;14.83;Bueno;49.44;Bueno;Bueno;Bueno
2025-12-06;13:00;34;31.04;33.42;25.71;Bueno;74.26;Bueno;6;5.54;7.42;14.83;Bueno;49.44;Bueno;Bueno;Bueno
2025-12-06;14:00;83;32.38;33.42;25.71;Bueno;74.26;Bueno;7;5.54;7.42;14.83;Bueno;49.44;Bueno;Bueno;Bueno
2025-12-06;15:00;49;32.42;33.42;25.71;Bueno;74.26;Bueno;9;5.75;7.42;14.83;Bueno;49.44;Bueno;Bueno;Bueno
2025-12-06;16:00;32;31.83;33.42;25.71;Bueno;74.26;Bueno;8;5.96;7.42;14.83;Bueno;49.44;Bueno;Bueno;Bueno
2025-12-06;17:00;125;34.42;33.42;25.71;Bueno;74.26;Bueno;13;6.17;7.42;14.83;Bueno;49.44;Bueno;Bueno;Bueno
2025-12-06;18:00;35;33.33;33.42;25.71;Bueno;74.26;Bueno;10;6.38;7.42;14.83;Bueno;49.44;Bueno;Bueno;Bueno
2025-12-06;19:00;51;32.08;33.42;25.71;Bueno;74.26;Bueno;12;6.71;7.42;14.83;Bueno;49.44;Bueno;Bueno;Bueno
2025-12-06;20:00;33;32.42;33.42;25.71;Bueno;74.26;Bueno;8;6.79;7.42;14.83;Bueno;49.44;Bueno;Bueno;Bueno
2025-12-06;21:00;40;32.88;33.42;25.71;Bueno;74.26;Bueno;7;6.79;7.42;14.83;Bueno;49.44;Bueno;Bueno;Bueno
2025-12-06;22:00;34;33.04;33.42;25.71;Bueno;74.26;Bueno;13;7.08;7.42;14.83;Bueno;49.44;Bueno;Bueno;Bueno
2025-12-06;23:00;30;33.42;33.42;25.71;Bueno;74.26;Bueno;11;7.42;7.42;14.83;Bueno;49.44;Bueno;Bueno;Bueno
2025-12-07;00:00;24;33.83;29.33;22.56;Bueno;65.19;Bueno;9;7.67;8.58;17.17;Bueno;57.22;Bueno;Bueno;Bueno
2025-12-07;01:00;27;34.42;29.33;22.56;Bueno;65.19;Bueno;12;8.00;8.58;17.17;Bueno;57.22;Bueno;Bueno;Bueno
2025-12-07;02:00;30;35.21;29.33;22.56;Bueno;65.19;Bueno;12;8.38;8.58;17.17;Bueno;57.22;Bueno;Bueno;Bueno
2025-12-07;03:00;32;36.08;29.33;22.56;Bueno;65.19;Bueno;12;8.79;8.58;17.17;Bueno;57.22;Bueno;Bueno;Bueno
2025-12-07;04:00;31;36.79;29.33;22.56;Bueno;65.19;Bueno;13;9.25;8.58;17.17;Bueno;57.22;Bueno;Bueno;Bueno
2025-12-07;05:00;29;37.21;29.33;22.56;Bueno;65.19;Bueno;8;9.25;8.58;17.17;Bueno;57.22;Bueno;Bueno;Bueno
2025-12-07;06:00;28;37.38;29.33;22.56;Bueno;65.19;Bueno;8;9.25;8.58;17.17;Bueno;57.22;Bueno;Bueno;Bueno
2025-12-07;07:00;26;37.42;29.33;22.56;Bueno;65.19;Bueno;5;9.21;8.58;17.17;Bueno;57.22;Bueno;Bueno;Bueno
2025-12-07;08:00;26;37.46;29.33;22.56;Bueno;65.19;Bueno;8;9.25;8.58;17.17;Bueno;57.22;Bueno;Bueno;Bueno
2025-12-07;09:00;28;37.67;29.33;22.56;Bueno;65.19;Bueno;9;9.29;8.58;17.17;Bueno;57.22;Bueno;Bueno;Bueno
2025-12-07;10:00;26;37.88;29.33;22.56;Bueno;65.19;Bueno;4;9.17;8.58;17.17;Bueno;57.22;Bueno;Bueno;Bueno
2025-12-07;11:00;29;38.17;29.33;22.56;Bueno;65.19;Bueno;1;8.88;8.58;17.17;Bueno;57.22;Bueno;Bueno;Bueno
2025-12-07;12:00;29;37.96;29.33;22.56;Bueno;65.19;Bueno;1;8.58;8.58;17.17;Bueno;57.22;Bueno;Bueno;Bueno
2025-12-07;13:00;21;37.42;29.33;22.56;Bueno;65.19;Bueno;5;8.54;8.58;17.17;Bueno;57.22;Bueno;Bueno;Bueno
2025-12-07;14:00;23;34.92;29.33;22.56;Bueno;65.19;Bueno;6;8.50;8.58;17.17;Bueno;57.22;Bueno;Bueno;Bueno
2025-12-07;15:00;19;33.67;29.33;22.56;Bueno;65.19;Bueno;11;8.58;8.58;17.17;Bueno;57.22;Bueno;Bueno;Bueno
2025-12-07;16:00;39;33.96;29.33;22.56;Bueno;65.19;Bueno;11;8.71;8.58;17.17;Bueno;57.22;Bueno;Bueno;Bueno
2025-12-07;17:00;32;30.08;29.33;22.56;Bueno;65.19;Bueno;9;8.54;8.58;17.17;Bueno;57.22;Bueno;Bueno;Bueno
2025-12-07;18:00;26;29.71;29.33;22.56;Bueno;65.19;Bueno;10;8.54;8.58;17.17;Bueno;57.22;Bueno;Bueno;Bueno
2025-12-07;19:00;27;28.71;29.33;22.56;Bueno;65.19;Bueno;9;8.42;8.58;17.17;Bueno;57.22;Bueno;Bueno;Bueno
2025-12-07;20:00;46;29.25;29.33;22.56;Bueno;65.19;Bueno;12;8.58;8.58;17.17;Bueno;57.22;Bueno;Bueno;Bueno
2025-12-07;21:00;42;29.33;29.33;22.56;Bueno;65.19;Bueno;10;8.71;8.58;17.17;Bueno;57.22;Bueno;Bueno;Bueno
2025-12-07;22:00;34;29.33;29.33;22.56;Bueno;65.19;Bueno;11;8.62;8.58;17.17;Bueno;57.22;Bueno;Bueno;Bueno
2025-12-07;23:00;30;29.33;29.33;22.56;Bueno;65.19;Bueno;10;8.58;8.58;17.17;Bueno;57.22;Bueno;Bueno;Bueno
2025-12-08;00:00;21;29.21;33.00;25.38;Bueno;73.33;Bueno;10;8.62;11.38;22.75;Bueno;75.83;Bueno;Bueno;Bueno
2025-12-08;01:00;32;29.42;33.00;25.38;Bueno;73.33;Bueno;13;8.67;11.38;22.75;Bueno;75.83;Bueno;Bueno;Bueno
2025-12-08;02:00;24;29.17;33.00;25.38;Bueno;73.33;Bueno;13;8.71;11.38;22.75;Bueno;75.83;Bueno;Bueno;Bueno
2025-12-08;03:00;24;28.83;33.00;25.38;Bueno;73.33;Bueno;12;8.71;11.38;22.75;Bueno;75.83;Bueno;Bueno;Bueno
2025-12-08;04:00;47;29.50;33.00;25.38;Bueno;73.33;Bueno;15;8.79;11.38;22.75;Bueno;75.83;Bueno;Bueno;Bueno
2025-12-08;05:00;35;29.75;33.00;25.38;Bueno;73.33;Bueno;13;9.00;11.38;22.75;Bueno;75.83;Bueno;Bueno;Bueno
2025-12-08;06:00;26;29.67;33.00;25.38;Bueno;73.33;Bueno;13;9.21;11.38;22.75;Bueno;75.83;Bueno;Bueno;Bueno
2025-12-08;07:00;32;29.92;33.00;25.38;Bueno;73.33;Bueno;14;9.58;11.38;22.75;Bueno;75.83;Bueno;Bueno;Bueno
2025-12-08;08:00;42;30.58;33.00;25.38;Bueno;73.33;Bueno;13;9.79;11.38;22.75;Bueno;75.83;Bueno;Bueno;Bueno
2025-12-08;09:00;44;31.25;33.00;25.38;Bueno;73.33;Bueno;11;9.88;11.38;22.75;Bueno;75.83;Bueno;Bueno;Bueno
2025-12-08;10:00;35;31.62;33.00;25.38;Bueno;73.33;Bueno;13;10.25;11.38;22.75;Bueno;75.83;Bueno;Bueno;Bueno
2025-12-08;11:00;40;32.08;33.00;25.38;Bueno;73.33;Bueno;12;10.71;11.38;22.75;Bueno;75.83;Bueno;Bueno;Bueno
2025-12-08;12:00;30;32.12;33.00;25.38;Bueno;73.33;Bueno;10;11.08;11.38;22.75;Bueno;75.83;Bueno;Bueno;Bueno
2025-12-08;13:00;29;32.46;33.00;25.38;Bueno;73.33;Bueno;10;11.29;11.38;22.75;Bueno;75.83;Bueno;Bueno;Bueno
2025-12-08;14:00;29;32.71;33.00;25.38;Bueno;73.33;Bueno;12;11.54;11.38;22.75;Bueno;75.83;Bueno;Bueno;Bueno
2025-12-08;15:00;28;33.08;33.00;25.38;Bueno;73.33;Bueno;12;11.58;11.38;22.75;Bueno;75.83;Bueno;Bueno;Bueno
2025-12-08;16:00;38;33.04;33.00;25.38;Bueno;73.33;Bueno;9;11.50;11.38;22.75;Bueno;75.83;Bueno;Bueno;Bueno
2025-12-08;17:00;48;33.71;33.00;25.38;Bueno;73.33;Bueno;9;11.50;11.38;22.75;Bueno;75.83;Bueno;Bueno;Bueno
2025-12-08;18:00;29;33.83;33.00;25.38;Bueno;73.33;Bueno;10;11.50;11.38;22.75;Bueno;75.83;Bueno;Bueno;Bueno
2025-12-08;19:00;45;34.58;33.00;25.38;Bueno;73.33;Bueno;11;11.58;11.38;22.75;Bueno;75.83;Bueno;Bueno;Bueno
2025-12-08;20:00;38;34.25;33.00;25.38;Bueno;73.33;Bueno;10;11.50;11.38;22.75;Bueno;75.83;Bueno;Bueno;Bueno
2025-12-08;21:00;30;33.75;33.00;25.38;Bueno;73.33;Bueno;11;11.54;11.38;22.75;Bueno;75.83;Bueno;Bueno;Bueno
2025-12-08;22:00;27;33.46;33.00;25.38;Bueno;73.33;Bueno;8;11.42;11.38;22.75;Bueno;75.83;Bueno;Bueno;Bueno
2025-12-08;23:00;19;33.00;33.00;25.38;Bueno;73.33;Bueno;9;11.38;11.38;22.75;Bueno;75.83;Bueno;Bueno;Bueno
2025-12-09;00:00;16;32.79;31.08;23.91;Bueno;69.07;Bueno;10;11.38;12.33;24.67;Bueno;82.22;Bueno;Bueno;Bueno
2025-12-09;01:00;19;32.25;31.08;23.91;Bueno;69.07;Bueno;8;11.17;12.33;24.67;Bueno;82.22;Bueno;Bueno;Bueno
2025-12-09;02:00;16;31.92;31.08;23.91;Bueno;69.07;Bueno;8;10.96;12.33;24.67;Bueno;82.22;Bueno;Bueno;Bueno
2025-12-09;03:00;16;31.58;31.08;23.91;Bueno;69.07;Bueno;9;10.83;12.33;24.67;Bueno;82.22;Bueno;Bueno;Bueno
2025-12-09;04:00;13;30.17;31.08;23.91;Bueno;69.07;Bueno;9;10.58;12.33;24.67;Bueno;82.22;Bueno;Bueno;Bueno
2025-12-09;05:00;16;29.38;31.08;23.91;Bueno;69.07;Bueno;9;10.42;12.33;24.67;Bueno;82.22;Bueno;Bueno;Bueno
2025-12-09;06:00;22;29.21;31.08;23.91;Bueno;69.07;Bueno;12;10.38;12.33;24.67;Bueno;82.22;Bueno;Bueno;Bueno
2025-12-09;07:00;26;28.96;31.08;23.91;Bueno;69.07;Bueno;10;10.21;12.33;24.67;Bueno;82.22;Bueno;Bueno;Bueno
2025-12-09;08:00;33;28.58;31.08;23.91;Bueno;69.07;Bueno;9;10.04;12.33;24.67;Bueno;82.22;Bueno;Bueno;Bueno
2025-12-09;09:00;38;28.33;31.08;23.91;Bueno;69.07;Bueno;5;9.79;12.33;24.67;Bueno;82.22;Bueno;Bueno;Bueno
2025-12-09;10:00;24;27.88;31.08;23.91;Bueno;69.07;Bueno;18;10.00;12.33;24.67;Bueno;82.22;Bueno;Bueno;Bueno
2025-12-09;11:00;43;28.00;31.08;23.91;Bueno;69.07;Bueno;23;10.46;12.33;24.67;Bueno;82.22;Bueno;Bueno;Bueno
2025-12-09;12:00;24;27.75;31.08;23.91;Bueno;69.07;Bueno;8;10.38;12.33;24.67;Bueno;82.22;Bueno;Bueno;Bueno
2025-12-09;13:00;23;27.50;31.08;23.91;Bueno;69.07;Bueno;16;10.62;12.33;24.67;Bueno;82.22;Bueno;Bueno;Bueno
2025-12-09;14:00;26;27.38;31.08;23.91;Bueno;69.07;Bueno;12;10.62;12.33;24.67;Bueno;82.22;Bueno;Bueno;Bueno
2025-12-09;15:00;29;27.42;31.08;23.91;Bueno;69.07;Bueno;10;10.54;12.33;24.67;Bueno;82.22;Bueno;Bueno;Bueno
2025-12-09;16:00;42;27.58;31.08;23.91;Bueno;69.07;Bueno;26;11.25;12.33;24.67;Bueno;82.22;Bueno;Bueno;Bueno
2025-12-09;17:00;65;28.29;31.08;23.91;Bueno;69.07;Bueno;22;11.79;12.33;24.67;Bueno;82.22;Bueno;Bueno;Bueno
2025-12-09;18:00;85;30.62;31.08;23.91;Bueno;69.07;Bueno;22;12.29;12.33;24.67;Bueno;82.22;Bueno;Bueno;Bueno
2025-12-09;19:00;63;31.38;31.08;23.91;Bueno;69.07;Bueno;20;12.67;12.33;24.67;Bueno;82.22;Bueno;Bueno;Bueno
2025-12-09;20:00;43;31.58;31.08;23.91;Bueno;69.07;Bueno;7;12.54;12.33;24.67;Bueno;82.22;Bueno;Bueno;Bueno
2025-12-09;21:00;21;31.21;31.08;23.91;Bueno;69.07;Bueno;7;12.38;12.33;24.67;Bueno;82.22;Bueno;Bueno;Bueno
2025-12-09;22:00;21;30.96;31.08;23.91;Bueno;69.07;Bueno;7;12.33;12.33;24.67;Bueno;82.22;Bueno;Bueno;Bueno
2025-12-09;23:00;22;31.08;31.08;23.91;Bueno;69.07;Bueno;9;12.33;12.33;24.67;Bueno;82.22;Bueno;Bueno;Bueno
2025-12-10;00:00;24;31.42;33.92;26.09;Bueno;75.37;Bueno;8;12.25;10.21;20.42;Bueno;68.06;Bueno;Bueno;Bueno
2025-12-10;01:00;19;31.42;33.92;26.09;Bueno;75.37;Bueno;5;12.12;10.21;20.42;Bueno;68.06;Bueno;Bueno;Bueno
2025-12-10;02:00;23;31.71;33.92;26.09;Bueno;75.37;Bueno;5;12.00;10.21;20.42;Bueno;68.06;Bueno;Bueno;Bueno
2025-12-10;03:00;21;31.92;33.92;26.09;Bueno;75.37;Bueno;7;11.92;10.21;20.42;Bueno;68.06;Bueno;Bueno;Bueno
2025-12-10;04:00;16;32.04;33.92;26.09;Bueno;75.37;Bueno;9;11.92;10.21;20.42;Bueno;68.06;Bueno;Bueno;Bueno
2025-12-10;05:00;29;32.58;33.92;26.09;Bueno;75.37;Bueno;6;11.79;10.21;20.42;Bueno;68.06;Bueno;Bueno;Bueno
2025-12-10;06:00;30;32.92;33.92;26.09;Bueno;75.37;Bueno;15;11.92;10.21;20.42;Bueno;68.06;Bueno;Bueno;Bueno
2025-12-10;07:00;40;33.50;33.92;26.09;Bueno;75.37;Bueno;11;11.96;10.21;20.42;Bueno;68.06;Bueno;Bueno;Bueno
2025-12-10;08:00;36;33.62;33.92;26.09;Bueno;75.37;Bueno;8;11.92;10.21;20.42;Bueno;68.06;Bueno;Bueno;Bueno
2025-12-10;09:00;46;33.96;33.92;26.09;Bueno;75.37;Bueno;17;12.42;10.21;20.42;Bueno;68.06;Bueno;Bueno;Bueno
2025-12-10;10:00;42;34.71;33.92;26.09;Bueno;75.37;Bueno;17;12.38;10.21;20.42;Bueno;68.06;Bueno;Bueno;Bueno
2025-12-10;11:00;41;34.62;33.92;26.09;Bueno;75.37;Bueno;18;12.17;10.21;20.42;Bueno;68.06;Bueno;Bueno;Bueno
2025-12-10;12:00;39;35.25;33.92;26.09;Bueno;75.37;Bueno;13;12.38;10.21;20.42;Bueno;68.06;Bueno;Bueno;Bueno
2025-12-10;13:00;41;36.00;33.92;26.09;Bueno;75.37;Bueno;12;12.21;10.21;20.42;Bueno;68.06;Bueno;Bueno;Bueno
2025-12-10;14:00;44;36.75;33.92;26.09;Bueno;75.37;Bueno;14;12.29;10.21;20.42;Bueno;68.06;Bueno;Bueno;Bueno
2025-12-10;15:00;42;37.29;33.92;26.09;Bueno;75.37;Bueno;11;12.33;10.21;20.42;Bueno;68.06;Bueno;Bueno;Bueno
2025-12-10;16:00;29;36.75;33.92;26.09;Bueno;75.37;Bueno;8;11.58;10.21;20.42;Bueno;68.06;Bueno;Bueno;Bueno
2025-12-10;17:00;42;35.79;33.92;26.09;Bueno;75.37;Bueno;6;10.92;10.21;20.42;Bueno;68.06;Bueno;Bueno;Bueno
2025-12-10;18:00;45;34.12;33.92;26.09;Bueno;75.37;Bueno;6;10.25;10.21;20.42;Bueno;68.06;Bueno;Bueno;Bueno
2025-12-10;19:00;40;33.17;33.92;26.09;Bueno;75.37;Bueno;7;9.71;10.21;20.42;Bueno;68.06;Bueno;Bueno;Bueno
2025-12-10;20:00;32;32.71;33.92;26.09;Bueno;75.37;Bueno;4;9.58;10.21;20.42;Bueno;68.06;Bueno;Bueno;Bueno
2025-12-10;21:00;31;33.12;33.92;26.09;Bueno;75.37;Bueno;3;9.42;10.21;20.42;Bueno;68.06;Bueno;Bueno;Bueno
2025-12-10;22:00;33;33.62;33.92;26.09;Bueno;75.37;Bueno;20;9.96;10.21;20.42;Bueno;68.06;Bueno;Bueno;Bueno
2025-12-10;23:00;29;33.92;33.92;26.09;Bueno;75.37;Bueno;15;10.21;10.21;20.42;Bueno;68.06;Bueno;Bueno;Bueno
2025-12-11;00:00;16;33.58;25.08;19.29;Bueno;55.74;Bueno;5;10.08;4.75;9.50;Bueno;31.67;Bueno;Bueno;Bueno
2025-12-11;01:00;9;33.17;25.08;19.29;Bueno;55.74;Bueno;4;10.04;4.75;9.50;Bueno;31.67;Bueno;Bueno;Bueno
2025-12-11;02:00;8;32.54;25.08;19.29;Bueno;55.74;Bueno;4;10.00;4.75;9.50;Bueno;31.67;Bueno;Bueno;Bueno
2025-12-11;03:00;7;31.96;25.08;19.29;Bueno;55.74;Bueno;2;9.79;4.75;9.50;Bueno;31.67;Bueno;Bueno;Bueno
2025-12-11;04:00;6;31.54;25.08;19.29;Bueno;55.74;Bueno;4;9.58;4.75;9.50;Bueno;31.67;Bueno;Bueno;Bueno
2025-12-11;05:00;10;30.75;25.08;19.29;Bueno;55.74;Bueno;2;9.42;4.75;9.50;Bueno;31.67;Bueno;Bueno;Bueno
2025-12-11;06:00;17;30.21;25.08;19.29;Bueno;55.74;Bueno;3;8.92;4.75;9.50;Bueno;31.67;Bueno;Bueno;Bueno
2025-12-11;07:00;21;29.42;25.08;19.29;Bueno;55.74;Bueno;5;8.67;4.75;9.50;Bueno;31.67;Bueno;Bueno;Bueno
2025-12-11;08:00;20;28.75;25.08;19.29;Bueno;55.74;Bueno;3;8.46;4.75;9.50;Bueno;31.67;Bueno;Bueno;Bueno
2025-12-11;09:00;27;27.96;25.08;19.29;Bueno;55.74;Bueno;4;7.92;4.75;9.50;Bueno;31.67;Bueno;Bueno;Bueno
2025-12-11;10:00;22;27.12;25.08;19.29;Bueno;55.74;Bueno;6;7.46;4.75;9.50;Bueno;31.67;Bueno;Bueno;Bueno
2025-12-11;11:00;49;27.46;25.08;19.29;Bueno;55.74;Bueno;6;6.96;4.75;9.50;Bueno;31.67;Bueno;Bueno;Bueno
2025-12-11;12:00;16;26.50;25.08;19.29;Bueno;55.74;Bueno;5;6.62;4.75;9.50;Bueno;31.67;Bueno;Bueno;Bueno
2025-12-11;13:00;16;25.46;25.08;19.29;Bueno;55.74;Bueno;3;6.25;4.75;9.50;Bueno;31.67;Bueno;Bueno;Bueno
2025-12-11;14:00;49;25.67;25.08;19.29;Bueno;55.74;Bueno;2;5.75;4.75;9.50;Bueno;31.67;Bueno;Bueno;Bueno
2025-12-11;15:00;22;24.83;25.08;19.29;Bueno;55.74;Bueno;2;5.38;4.75;9.50;Bueno;31.67;Bueno;Bueno;Bueno
2025-12-11;16:00;32;24.96;25.08;19.29;Bueno;55.74;Bueno;4;5.21;4.75;9.50;Bueno;31.67;Bueno;Bueno;Bueno
2025-12-11;17:00;26;24.29;25.08;19.29;Bueno;55.74;Bueno;3;5.08;4.75;9.50;Bueno;31.67;Bueno;Bueno;Bueno
2025-12-11;18:00;42;24.17;25.08;19.29;Bueno;55.74;Bueno;10;5.25;4.75;9.50;Bueno;31.67;Bueno;Bueno;Bueno
2025-12-11;19:00;54;24.75;25.08;19.29;Bueno;55.74;Bueno;14;5.54;4.75;9.50;Bueno;31.67;Bueno;Bueno;Bueno
2025-12-11;20:00;55;25.71;25.08;19.29;Bueno;55.74;Bueno;9;5.75;4.75;9.50;Bueno;31.67;Bueno;Bueno;Bueno
2025-12-11;21:00;29;25.62;25.08;19.29;Bueno;55.74;Bueno;6;5.88;4.75;9.50;Bueno;31.67;Bueno;Bueno;Bueno
2025-12-11;22:00;31;25.54;25.08;19.29;Bueno;55.74;Bueno;4;5.21;4.75;9.50;Bueno;31.67;Bueno;Bueno;Bueno
2025-12-11;23:00;18;25.08;25.08;19.29;Bueno;55.74;Bueno;4;4.75;4.75;9.50;Bueno;31.67;Bueno;Bueno;Bueno
2025-12-12;00:00;14;25.00;31.50;24.23;Bueno;70.00;Bueno;3;4.67;4.12;8.25;Bueno;27.50;Bueno;Bueno;Bueno
2025-12-12;01:00;10;25.04;31.50;24.23;Bueno;70.00;Bueno;1;4.54;4.12;8.25;Bueno;27.50;Bueno;Bueno;Bueno
2025-12-12;02:00;10;25.12;31.50;24.23;Bueno;70.00;Bueno;1;4.42;4.12;8.25;Bueno;27.50;Bueno;Bueno;Bueno
2025-12-12;03:00;15;25.46;31.50;24.23;Bueno;70.00;Bueno;5;4.54;4.12;8.25;Bueno;27.50;Bueno;Bueno;Bueno
2025-12-12;04:00;7;25.50;31.50;24.23;Bueno;70.00;Bueno;4;4.54;4.12;8.25;Bueno;27.50;Bueno;Bueno;Bueno
2025-12-12;05:00;13;25.62;31.50;24.23;Bueno;70.00;Bueno;3;4.58;4.12;8.25;Bueno;27.50;Bueno;Bueno;Bueno
2025-12-12;06:00;27;26.04;31.50;24.23;Bueno;70.00;Bueno;5;4.67;4.12;8.25;Bueno;27.50;Bueno;Bueno;Bueno
2025-12-12;07:00;21;26.04;31.50;24.23;Bueno;70.00;Bueno;6;4.71;4.12;8.25;Bueno;27.50;Bueno;Bueno;Bueno
2025-12-12;08:00;23;26.17;31.50;24.23;Bueno;70.00;Bueno;6;4.83;4.12;8.25;Bueno;27.50;Bueno;Bueno;Bueno
2025-12-12;09:00;21;25.92;31.50;24.23;Bueno;70.00;Bueno;4;4.83;4.12;8.25;Bueno;27.50;Bueno;Bueno;Bueno
2025-12-12;10:00;21;25.88;31.50;24.23;Bueno;70.00;Bueno;3;4.71;4.12;8.25;Bueno;27.50;Bueno;Bueno;Bueno
2025-12-12;11:00;40;25.50;31.50;24.23;Bueno;70.00;Bueno;8;4.79;4.12;8.25;Bueno;27.50;Bueno;Bueno;Bueno
2025-12-12;12:00;26;25.92;31.50;24.23;Bueno;70.00;Bueno;4;4.75;4.12;8.25;Bueno;27.50;Bueno;Bueno;Bueno
2025-12-12;13:00;32;26.58;31.50;24.23;Bueno;70.00;Bueno;2;4.71;4.12;8.25;Bueno;27.50;Bueno;Bueno;Bueno
2025-12-12;14:00;49;26.58;31.50;24.23;Bueno;70.00;Bueno;3;4.75;4.12;8.25;Bueno;27.50;Bueno;Bueno;Bueno
2025-12-12;15:00;42;27.42;31.50;24.23;Bueno;70.00;Bueno;1;4.71;4.12;8.25;Bueno;27.50;Bueno;Bueno;Bueno
2025-12-12;16:00;61;28.62;31.50;24.23;Bueno;70.00;Bueno;9;4.92;4.12;8.25;Bueno;27.50;Bueno;Bueno;Bueno
2025-12-12;17:00;46;29.46;31.50;24.23;Bueno;70.00;Bueno;7;5.08;4.12;8.25;Bueno;27.50;Bueno;Bueno;Bueno
2025-12-12;18:00;64;30.38;31.50;24.23;Bueno;70.00;Bueno;8;5.00;4.12;8.25;Bueno;27.50;Bueno;Bueno;Bueno
2025-12-12;19:00;70;31.04;31.50;24.23;Bueno;70.00;Bueno;6;4.67;4.12;8.25;Bueno;27.50;Bueno;Bueno;Bueno
2025-12-12;20:00;57;31.12;31.50;24.23;Bueno;70.00;Bueno;5;4.50;4.12;8.25;Bueno;27.50;Bueno;Bueno;Bueno
2025-12-12;21:00;70;32.83;31.50;24.23;Bueno;70.00;Bueno;3;4.38;4.12;8.25;Bueno;27.50;Bueno;Bueno;Bueno
2025-12-12;22:00;10;31.96;31.50;24.23;Bueno;70.00;Bueno;1;4.25;4.12;8.25;Bueno;27.50;Bueno;Bueno;Bueno
2025-12-12;23:00;7;31.50;31.50;24.23;Bueno;70.00;Bueno;1;4.12;4.12;8.25;Bueno;27.50;Bueno;Bueno;Bueno
2025-12-13;00:00;9;31.29;17.25;13.27;Bueno;38.33;Bueno;2;4.08;2.88;5.75;Bueno;19.17;Bueno;Bueno;Bueno
2025-12-13;01:00;8;31.21;17.25;13.27;Bueno;38.33;Bueno;2;4.12;2.88;5.75;Bueno;19.17;Bueno;Bueno;Bueno
2025-12-13;02:00;6;31.04;17.25;13.27;Bueno;38.33;Bueno;2;4.17;2.88;5.75;Bueno;19.17;Bueno;Bueno;Bueno
2025-12-13;03:00;10;30.83;17.25;13.27;Bueno;38.33;Bueno;3;4.08;2.88;5.75;Bueno;19.17;Bueno;Bueno;Bueno
2025-12-13;04:00;40;32.21;17.25;13.27;Bueno;38.33;Bueno;7;4.21;2.88;5.75;Bueno;19.17;Bueno;Bueno;Bueno
2025-12-13;05:00;15;32.29;17.25;13.27;Bueno;38.33;Bueno;5;4.29;2.88;5.75;Bueno;19.17;Bueno;Bueno;Bueno
2025-12-13;06:00;13;31.71;17.25;13.27;Bueno;38.33;Bueno;5;4.29;2.88;5.75;Bueno;19.17;Bueno;Bueno;Bueno
2025-12-13;07:00;20;31.67;17.25;13.27;Bueno;38.33;Bueno;6;4.29;2.88;5.75;Bueno;19.17;Bueno;Bueno;Bueno
2025-12-13;08:00;24;31.71;17.25;13.27;Bueno;38.33;Bueno;7;4.33;2.88;5.75;Bueno;19.17;Bueno;Bueno;Bueno
2025-12-13;09:00;25;31.88;17.25;13.27;Bueno;38.33;Bueno;5;4.38;2.88;5.75;Bueno;19.17;Bueno;Bueno;Bueno
2025-12-13;10:00;20;31.83;17.25;13.27;Bueno;38.33;Bueno;3;4.38;2.88;5.75;Bueno;19.17;Bueno;Bueno;Bueno
2025-12-13;11:00;11;30.62;17.25;13.27;Bueno;38.33;Bueno;1;4.08;2.88;5.75;Bueno;19.17;Bueno;Bueno;Bueno
2025-12-13;12:00;11;30.00;17.25;13.27;Bueno;38.33;Bueno;1;3.96;2.88;5.75;Bueno;19.17;Bueno;Bueno;Bueno
2025-12-13;13:00;10;29.08;17.25;13.27;Bueno;38.33;Bueno;1;3.92;2.88;5.75;Bueno;19.17;Bueno;Bueno;Bueno
2025-12-13;14:00;17;27.75;17.25;13.27;Bueno;38.33;Bueno;1;3.83;2.88;5.75;Bueno;19.17;Bueno;Bueno;Bueno
2025-12-13;15:00;13;26.54;17.25;13.27;Bueno;38.33;Bueno;1;3.83;2.88;5.75;Bueno;19.17;Bueno;Bueno;Bueno
2025-12-13;16:00;15;24.62;17.25;13.27;Bueno;38.33;Bueno;1;3.50;2.88;5.75;Bueno;19.17;Bueno;Bueno;Bueno
2025-12-13;17:00;35;24.17;17.25;13.27;Bueno;38.33;Bueno;2;3.29;2.88;5.75;Bueno;19.17;Bueno;Bueno;Bueno
2025-12-13;18:00;28;22.67;17.25;13.27;Bueno;38.33;Bueno;2;3.04;2.88;5.75;Bueno;19.17;Bueno;Bueno;Bueno
2025-12-13;19:00;26;20.83;17.25;13.27;Bueno;38.33;Bueno;2;2.88;2.88;5.75;Bueno;19.17;Bueno;Bueno;Bueno
2025-12-13;20:00;17;19.17;17.25;13.27;Bueno;38.33;Bueno;5;2.88;2.88;5.75;Bueno;19.17;Bueno;Bueno;Bueno
2025-12-13;21:00;16;16.92;17.25;13.27;Bueno;38.33;Bueno;2;2.83;2.88;5.75;Bueno;19.17;Bueno;Bueno;Bueno
2025-12-13;22:00;14;17.08;17.25;13.27;Bueno;38.33;Bueno;1;2.83;2.88;5.75;Bueno;19.17;Bueno;Bueno;Bueno
2025-12-13;23:00;11;17.25;17.25;13.27;Bueno;38.33;Bueno;2;2.88;2.88;5.75;Bueno;19.17;Bueno;Bueno;Bueno
2025-12-14;00:00;10;17.29;12.33;9.49;Bueno;27.41;Bueno;1;2.83;1.92;3.83;Bueno;12.78;Bueno;Bueno;Bueno
2025-12-14;01:00;6;17.21;12.33;9.49;Bueno;27.41;Bueno;1;2.79;1.92;3.83;Bueno;12.78;Bueno;Bueno;Bueno
2025-12-14;02:00;6;17.21;12.33;9.49;Bueno;27.41;Bueno;2;2.79;1.92;3.83;Bueno;12.78;Bueno;Bueno;Bueno
2025-12-14;03:00;8;17.12;12.33;9.49;Bueno;27.41;Bueno;1;2.71;1.92;3.83;Bueno;12.78;Bueno;Bueno;Bueno
2025-12-14;04:00;7;15.75;12.33;9.49;Bueno;27.41;Bueno;1;2.46;1.92;3.83;Bueno;12.78;Bueno;Bueno;Bueno
2025-12-14;05:00;6;15.38;12.33;9.49;Bueno;27.41;Bueno;1;2.29;1.92;3.83;Bueno;12.78;Bueno;Bueno;Bueno
2025-12-14;06:00;8;15.17;12.33;9.49;Bueno;27.41;Bueno;3;2.21;1.92;3.83;Bueno;12.78;Bueno;Bueno;Bueno
2025-12-14;07:00;14;14.92;12.33;9.49;Bueno;27.41;Bueno;2;2.04;1.92;3.83;Bueno;12.78;Bueno;Bueno;Bueno
2025-12-14;08:00;15;14.54;12.33;9.49;Bueno;27.41;Bueno;3;1.88;1.92;3.83;Bueno;12.78;Bueno;Bueno;Bueno
2025-12-14;09:00;19;14.29;12.33;9.49;Bueno;27.41;Bueno;3;1.79;1.92;3.83;Bueno;12.78;Bueno;Bueno;Bueno
2025-12-14;10:00;8;13.79;12.33;9.49;Bueno;27.41;Bueno;1;1.71;1.92;3.83;Bueno;12.78;Bueno;Bueno;Bueno
2025-12-14;11:00;21;14.21;12.33;9.49;Bueno;27.41;Bueno;1;1.71;1.92;3.83;Bueno;12.78;Bueno;Bueno;Bueno
2025-12-14;12:00;21;14.62;12.33;9.49;Bueno;27.41;Bueno;2;1.75;1.92;3.83;Bueno;12.78;Bueno;Bueno;Bueno
2025-12-14;13:00;15;14.83;12.33;9.49;Bueno;27.41;Bueno;1;1.75;1.92;3.83;Bueno;12.78;Bueno;Bueno;Bueno
2025-12-14;14:00;10;14.54;12.33;9.49;Bueno;27.41;Bueno;1;1.75;1.92;3.83;Bueno;12.78;Bueno;Bueno;Bueno
2025-12-14;15:00;16;14.67;12.33;9.49;Bueno;27.41;Bueno;1;1.75;1.92;3.83;Bueno;12.78;Bueno;Bueno;Bueno
2025-12-14;16:00;5;14.25;12.33;9.49;Bueno;27.41;Bueno;2;1.79;1.92;3.83;Bueno;12.78;Bueno;Bueno;Bueno
2025-12-14;17:00;12;13.29;12.33;9.49;Bueno;27.41;Bueno;2;1.79;1.92;3.83;Bueno;12.78;Bueno;Bueno;Bueno
2025-12-14;18:00;17;12.83;12.33;9.49;Bueno;27.41;Bueno;1;1.75;1.92;3.83;Bueno;12.78;Bueno;Bueno;Bueno
2025-12-14;19:00;20;12.58;12.33;9.49;Bueno;27.41;Bueno;1;1.71;1.92;3.83;Bueno;12.78;Bueno;Bueno;Bueno
2025-12-14;20:00;19;12.67;12.33;9.49;Bueno;27.41;Bueno;5;1.71;1.92;3.83;Bueno;12.78;Bueno;Bueno;Bueno
2025-12-14;21:00;12;12.50;12.33;9.49;Bueno;27.41;Bueno;5;1.83;1.92;3.83;Bueno;12.78;Bueno;Bueno;Bueno
2025-12-14;22:00;11;12.38;12.33;9.49;Bueno;27.41;Bueno;2;1.88;1.92;3.83;Bueno;12.78;Bueno;Bueno;Bueno
2025-12-14;23:00;10;12.33;12.33;9.49;Bueno;27.41;Bueno;3;1.92;1.92;3.83;Bueno;12.78;Bueno;Bueno;Bueno
2025-12-15;00:00;8;12.25;16.08;12.37;Bueno;35.74;Bueno;3;2.00;1.71;3.42;Bueno;11.39;Bueno;Bueno;Bueno
2025-12-15;01:00;11;12.46;16.08;12.37;Bueno;35.74;Bueno;1;2.00;1.71;3.42;Bueno;11.39;Bueno;Bueno;Bueno
2025-12-15;02:00;9;12.58;16.08;12.37;Bueno;35.74;Bueno;1;1.96;1.71;3.42;Bueno;11.39;Bueno;Bueno;Bueno
2025-12-15;03:00;6;12.50;16.08;12.37;Bueno;35.74;Bueno;1;1.96;1.71;3.42;Bueno;11.39;Bueno;Bueno;Bueno
2025-12-15;04:00;6;12.46;16.08;12.37;Bueno;35.74;Bueno;3;2.04;1.71;3.42;Bueno;11.39;Bueno;Bueno;Bueno
2025-12-15;05:00;23;13.17;16.08;12.37;Bueno;35.74;Bueno;3;2.12;1.71;3.42;Bueno;11.39;Bueno;Bueno;Bueno
2025-12-15;06:00;20;13.67;16.08;12.37;Bueno;35.74;Bueno;5;2.21;1.71;3.42;Bueno;11.39;Bueno;Bueno;Bueno
2025-12-15;07:00;13;13.62;16.08;12.37;Bueno;35.74;Bueno;2;2.21;1.71;3.42;Bueno;11.39;Bueno;Bueno;Bueno
2025-12-15;08:00;16;13.67;16.08;12.37;Bueno;35.74;Bueno;1;2.12;1.71;3.42;Bueno;11.39;Bueno;Bueno;Bueno
2025-12-15;09:00;11;13.33;16.08;12.37;Bueno;35.74;Bueno;1;2.04;1.71;3.42;Bueno;11.39;Bueno;Bueno;Bueno
2025-12-15;10:00;16;13.67;16.08;12.37;Bueno;35.74;Bueno;1;2.04;1.71;3.42;Bueno;11.39;Bueno;Bueno;Bueno
2025-12-15;11:00;10;13.21;16.08;12.37;Bueno;35.74;Bueno;1;2.04;1.71;3.42;Bueno;11.39;Bueno;Bueno;Bueno
2025-12-15;12:00;14;12.92;16.08;12.37;Bueno;35.74;Bueno;1;2.00;1.71;3.42;Bueno;11.39;Bueno;Bueno;Bueno
2025-12-15;13:00;19;13.08;16.08;12.37;Bueno;35.74;Bueno;1;2.00;1.71;3.42;Bueno;11.39;Bueno;Bueno;Bueno
2025-12-15;14:00;17;13.38;16.08;12.37;Bueno;35.74;Bueno;1;2.00;1.71;3.42;Bueno;11.39;Bueno;Bueno;Bueno
2025-12-15;15:00;21;13.58;16.08;12.37;Bueno;35.74;Bueno;2;2.04;1.71;3.42;Bueno;11.39;Bueno;Bueno;Bueno
2025-12-15;16:00;31;14.67;16.08;12.37;Bueno;35.74;Bueno;1;2.00;1.71;3.42;Bueno;11.39;Bueno;Bueno;Bueno
2025-12-15;17:00;38;15.75;16.08;12.37;Bueno;35.74;Bueno;2;2.00;1.71;3.42;Bueno;11.39;Bueno;Bueno;Bueno
2025-12-15;18:00;21;15.92;16.08;12.37;Bueno;35.74;Bueno;2;2.04;1.71;3.42;Bueno;11.39;Bueno;Bueno;Bueno
2025-12-15;19:00;22;16.00;16.08;12.37;Bueno;35.74;Bueno;1;2.04;1.71;3.42;Bueno;11.39;Bueno;Bueno;Bueno
2025-12-15;20:00;14;15.79;16.08;12.37;Bueno;35.74;Bueno;1;1.88;1.71;3.42;Bueno;11.39;Bueno;Bueno;Bueno
2025-12-15;21:00;16;15.96;16.08;12.37;Bueno;35.74;Bueno;3;1.79;1.71;3.42;Bueno;11.39;Bueno;Bueno;Bueno
2025-12-15;22:00;15;16.12;16.08;12.37;Bueno;35.74;Bueno;2;1.79;1.71;3.42;Bueno;11.39;Bueno;Bueno;Bueno
2025-12-15;23:00;9;16.08;16.08;12.37;Bueno;35.74;Bueno;1;1.71;1.71;3.42;Bueno;11.39;Bueno;Bueno;Bueno
2025-12-16;00:00;5;15.96;46.04;35.42;Bueno;101.71;Regular;1;1.62;4.08;8.17;Bueno;27.22;Bueno;Bueno;Regular
2025-12-16;01:00;3;15.62;46.04;35.42;Bueno;101.71;Regular;1;1.62;4.08;8.17;Bueno;27.22;Bueno;Bueno;Regular
2025-12-16;02:00;4;15.42;46.04;35.42;Bueno;101.71;Regular;1;1.62;4.08;8.17;Bueno;27.22;Bueno;Bueno;Regular
2025-12-16;03:00;6;15.42;46.04;35.42;Bueno;101.71;Regular;1;1.62;4.08;8.17;Bueno;27.22;Bueno;Bueno;Regular
2025-12-16;04:00;10;15.58;46.04;35.42;Bueno;101.71;Regular;1;1.54;4.08;8.17;Bueno;27.22;Bueno;Bueno;Regular
2025-12-16;05:00;44;16.46;46.04;35.42;Bueno;101.71;Regular;1;1.46;4.08;8.17;Bueno;27.22;Bueno;Bueno;Regular
2025-12-16;06:00;28;16.79;46.04;35.42;Bueno;101.71;Regular;1;1.29;4.08;8.17;Bueno;27.22;Bueno;Bueno;Regular
2025-12-16;07:00;77;19.46;46.04;35.42;Bueno;101.71;Regular;3;1.33;4.08;8.17;Bueno;27.22;Bueno;Bueno;Regular
2025-12-16;08:00;76;21.96;46.04;35.42;Bueno;101.71;Regular;3;1.42;4.08;8.17;Bueno;27.22;Bueno;Bueno;Regular
2025-12-16;09:00;46;23.42;46.04;35.42;Bueno;101.71;Regular;3;1.50;4.08;8.17;Bueno;27.22;Bueno;Bueno;Regular
2025-12-16;10:00;47;24.71;46.04;35.42;Bueno;101.71;Regular;2;1.54;4.08;8.17;Bueno;27.22;Bueno;Bueno;Regular
2025-12-16;11:00;58;26.71;46.04;35.42;Bueno;101.71;Regular;4;1.67;4.08;8.17;Bueno;27.22;Bueno;Bueno;Regular
2025-12-16;12:00;63;28.75;46.04;35.42;Bueno;101.71;Regular;4;1.79;4.08;8.17;Bueno;27.22;Bueno;Bueno;Regular
2025-12-16;13:00;59;30.42;46.04;35.42;Bueno;101.71;Regular;3;1.88;4.08;8.17;Bueno;27.22;Bueno;Bueno;Regular
2025-12-16;14:00;56;32.04;46.04;35.42;Bueno;101.71;Regular;4;2.00;4.08;8.17;Bueno;27.22;Bueno;Bueno;Regular
2025-12-16;15:00;106;35.58;46.04;35.42;Bueno;101.71;Regular;9;2.29;4.08;8.17;Bueno;27.22;Bueno;Bueno;Regular
2025-12-16;16:00;110;38.88;46.04;35.42;Bueno;101.71;Regular;7;2.54;4.08;8.17;Bueno;27.22;Bueno;Bueno;Regular
2025-12-16;17:00;61;39.83;46.04;35.42;Bueno;101.71;Regular;9;2.83;4.08;8.17;Bueno;27.22;Bueno;Bueno;Regular
2025-12-16;18:00;87;42.58;46.04;35.42;Bueno;101.71;Regular;11;3.21;4.08;8.17;Bueno;27.22;Bueno;Bueno;Regular
2025-12-16;19:00;63;44.29;46.04;35.42;Bueno;101.71;Regular;11;3.62;4.08;8.17;Bueno;27.22;Bueno;Bueno;Regular
2025-12-16;20:00;46;45.62;46.04;35.42;Bueno;101.71;Regular;7;3.88;4.08;8.17;Bueno;27.22;Bueno;Bueno;Regular
2025-12-16;21:00;21;45.83;46.04;35.42;Bueno;101.71;Regular;4;3.92;4.08;8.17;Bueno;27.22;Bueno;Bueno;Regular
2025-12-16;22:00;20;46.04;46.04;35.42;Bueno;101.71;Regular;4;4.00;4.08;8.17;Bueno;27.22;Bueno;Bueno;Regular
2025-12-16;23:00;9;46.04;46.04;35.42;Bueno;101.71;Regular;3;4.08;4.08;8.17;Bueno;27.22;Bueno;Bueno;Regular
2025-12-17;00:00;9;46.21;22.64;17.41;Bueno;50.30;Bueno;2;4.12;1.73;3.45;Bueno;11.52;Bueno;Bueno;Bueno
2025-12-17;01:00;13;46.62;22.64;17.41;Bueno;50.30;Bueno;3;4.21;1.73;3.45;Bueno;11.52;Bueno;Bueno;Bueno
2025-12-17;02:00;9;46.83;22.64;17.41;Bueno;50.30;Bueno;2;4.25;1.73;3.45;Bueno;11.52;Bueno;Bueno;Bueno
2025-12-17;03:00;8;46.92;22.64;17.41;Bueno;50.30;Bueno;1;4.25;1.73;3.45;Bueno;11.52;Bueno;Bueno;Bueno
2025-12-17;04:00;10;46.92;22.64;17.41;Bueno;50.30;Bueno;1;4.25;1.73;3.45;Bueno;11.52;Bueno;Bueno;Bueno
2025-12-17;05:00;9;45.46;22.64;17.41;Bueno;50.30;Bueno;3;4.33;1.73;3.45;Bueno;11.52;Bueno;Bueno;Bueno
2025-12-17;06:00;18;45.04;22.64;17.41;Bueno;50.30;Bueno;2;4.38;1.73;3.45;Bueno;11.52;Bueno;Bueno;Bueno
2025-12-17;07:00;11;42.29;22.64;17.41;Bueno;50.30;Bueno;2;4.33;1.73;3.45;Bueno;11.52;Bueno;Bueno;Bueno
2025-12-17;08:00;26;40.21;22.64;17.41;Bueno;50.30;Bueno;2;4.29;1.73;3.45;Bueno;11.52;Bueno;Bueno;Bueno
2025-12-17;09:00;28;39.46;22.64;17.41;Bueno;50.30;Bueno;1;4.21;1.73;3.45;Bueno;11.52;Bueno;Bueno;Bueno
2025-12-17;10:00;30;38.75;22.64;17.41;Bueno;50.30;Bueno;3;4.25;1.73;3.45;Bueno;11.52;Bueno;Bueno;Bueno
2025-12-17;11:00;;37.91;22.64;17.41;Bueno;50.30;Bueno;;4.26;1.73;3.45;Bueno;11.52;Bueno;Bueno;Bueno
2025-12-17;12:00;;36.77;22.64;17.41;Bueno;50.30;Bueno;;4.27;1.73;3.45;Bueno;11.52;Bueno;Bueno;Bueno
2025-12-17;13:00;34;35.64;22.64;17.41;Bueno;50.30;Bueno;1;4.18;1.73;3.45;Bueno;11.52;Bueno;Bueno;Bueno
2025-12-17;14:00;24;34.18;22.64;17.41;Bueno;50.30;Bueno;1;4.05;1.73;3.45;Bueno;11.52;Bueno;Bueno;Bueno
2025-12-17;15:00;37;31.05;22.64;17.41;Bueno;50.30;Bueno;1;3.68;1.73;3.45;Bueno;11.52;Bueno;Bueno;Bueno
2025-12-17;16:00;50;28.32;22.64;17.41;Bueno;50.30;Bueno;1;3.41;1.73;3.45;Bueno;11.52;Bueno;Bueno;Bueno
2025-12-17;17:00;43;27.50;22.64;17.41;Bueno;50.30;Bueno;1;3.05;1.73;3.45;Bueno;11.52;Bueno;Bueno;Bueno
2025-12-17;18:00;37;25.23;22.64;17.41;Bueno;50.30;Bueno;1;2.59;1.73;3.45;Bueno;11.52;Bueno;Bueno;Bueno
2025-12-17;19:00;33;23.86;22.64;17.41;Bueno;50.30;Bueno;2;2.18;1.73;3.45;Bueno;11.52;Bueno;Bueno;Bueno
2025-12-17;20:00;27;23.00;22.64;17.41;Bueno;50.30;Bueno;2;1.95;1.73;3.45;Bueno;11.52;Bueno;Bueno;Bueno
2025-12-17;21:00;16;22.77;22.64;17.41;Bueno;50.30;Bueno;3;1.91;1.73;3.45;Bueno;11.52;Bueno;Bueno;Bueno
2025-12-17;22:00;14;22.50;22.64;17.41;Bueno;50.30;Bueno;2;1.82;1.73;3.45;Bueno;11.52;Bueno;Bueno;Bueno
2025-12-17;23:00;12;22.64;22.64;17.41;Bueno;50.30;Bueno;1;1.73;1.73;3.45;Bueno;11.52;Bueno;Bueno;Bueno
2025-12-18;00:00;12;22.77;18.38;14.13;Bueno;40.83;Bueno;1;1.68;2.54;5.08;Bueno;16.94;Bueno;Bueno;Bueno
2025-12-18;01:00;9;22.59;18.38;14.13;Bueno;40.83;Bueno;1;1.59;2.54;5.08;Bueno;16.94;Bueno;Bueno;Bueno
2025-12-18;02:00;9;22.59;18.38;14.13;Bueno;40.83;Bueno;3;1.64;2.54;5.08;Bueno;16.94;Bueno;Bueno;Bueno
2025-12-18;03:00;7;22.55;18.38;14.13;Bueno;40.83;Bueno;5;1.82;2.54;5.08;Bueno;16.94;Bueno;Bueno;Bueno
2025-12-18;04:00;6;22.36;18.38;14.13;Bueno;40.83;Bueno;3;1.91;2.54;5.08;Bueno;16.94;Bueno;Bueno;Bueno
2025-12-18;05:00;10;22.41;18.38;14.13;Bueno;40.83;Bueno;3;1.91;2.54;5.08;Bueno;16.94;Bueno;Bueno;Bueno
2025-12-18;06:00;14;22.23;18.38;14.13;Bueno;40.83;Bueno;5;2.05;2.54;5.08;Bueno;16.94;Bueno;Bueno;Bueno
2025-12-18;07:00;18;22.55;18.38;14.13;Bueno;40.83;Bueno;3;2.09;2.54;5.08;Bueno;16.94;Bueno;Bueno;Bueno
2025-12-18;08:00;24;22.45;18.38;14.13;Bueno;40.83;Bueno;2;2.09;2.54;5.08;Bueno;16.94;Bueno;Bueno;Bueno
2025-12-18;09:00;12;21.73;18.38;14.13;Bueno;40.83;Bueno;2;2.14;2.54;5.08;Bueno;16.94;Bueno;Bueno;Bueno
2025-12-18;10:00;26;21.55;18.38;14.13;Bueno;40.83;Bueno;1;2.05;2.54;5.08;Bueno;16.94;Bueno;Bueno;Bueno
2025-12-18;11:00;25;21.70;18.38;14.13;Bueno;40.83;Bueno;1;2.00;2.54;5.08;Bueno;16.94;Bueno;Bueno;Bueno
2025-12-18;12:00;19;21.58;18.38;14.13;Bueno;40.83;Bueno;2;2.00;2.54;5.08;Bueno;16.94;Bueno;Bueno;Bueno
2025-12-18;13:00;20;21.00;18.38;14.13;Bueno;40.83;Bueno;1;2.00;2.54;5.08;Bueno;16.94;Bueno;Bueno;Bueno
2025-12-18;14:00;23;20.96;18.38;14.13;Bueno;40.83;Bueno;1;2.00;2.54;5.08;Bueno;16.94;Bueno;Bueno;Bueno
2025-12-18;15:00;12;19.92;18.38;14.13;Bueno;40.83;Bueno;1;2.00;2.54;5.08;Bueno;16.94;Bueno;Bueno;Bueno
2025-12-18;16:00;24;18.83;18.38;14.13;Bueno;40.83;Bueno;4;2.12;2.54;5.08;Bueno;16.94;Bueno;Bueno;Bueno
2025-12-18;17:00;17;17.75;18.38;14.13;Bueno;40.83;Bueno;5;2.29;2.54;5.08;Bueno;16.94;Bueno;Bueno;Bueno
2025-12-18;18:00;23;17.17;18.38;14.13;Bueno;40.83;Bueno;5;2.46;2.54;5.08;Bueno;16.94;Bueno;Bueno;Bueno
2025-12-18;19:00;38;17.38;18.38;14.13;Bueno;40.83;Bueno;4;2.54;2.54;5.08;Bueno;16.94;Bueno;Bueno;Bueno
2025-12-18;20:00;28;17.42;18.38;14.13;Bueno;40.83;Bueno;3;2.58;2.54;5.08;Bueno;16.94;Bueno;Bueno;Bueno
2025-12-18;21:00;26;17.83;18.38;14.13;Bueno;40.83;Bueno;3;2.58;2.54;5.08;Bueno;16.94;Bueno;Bueno;Bueno
2025-12-18;22:00;20;18.08;18.38;14.13;Bueno;40.83;Bueno;1;2.54;2.54;5.08;Bueno;16.94;Bueno;Bueno;Bueno
2025-12-18;23:00;19;18.38;18.38;14.13;Bueno;40.83;Bueno;1;2.54;2.54;5.08;Bueno;16.94;Bueno;Bueno;Bueno
2025-12-19;00:00;9;18.25;19.75;15.19;Bueno;43.89;Bueno;3;2.62;2.08;4.17;Bueno;13.89;Bueno;Bueno;Bueno
2025-12-19;01:00;6;18.12;19.75;15.19;Bueno;43.89;Bueno;3;2.71;2.08;4.17;Bueno;13.89;Bueno;Bueno;Bueno
2025-12-19;02:00;9;18.12;19.75;15.19;Bueno;43.89;Bueno;1;2.62;2.08;4.17;Bueno;13.89;Bueno;Bueno;Bueno
2025-12-19;03:00;6;18.08;19.75;15.19;Bueno;43.89;Bueno;1;2.46;2.08;4.17;Bueno;13.89;Bueno;Bueno;Bueno
2025-12-19;04:00;7;18.12;19.75;15.19;Bueno;43.89;Bueno;1;2.38;2.08;4.17;Bueno;13.89;Bueno;Bueno;Bueno
2025-12-19;05:00;13;18.25;19.75;15.19;Bueno;43.89;Bueno;1;2.29;2.08;4.17;Bueno;13.89;Bueno;Bueno;Bueno
2025-12-19;06:00;25;18.71;19.75;15.19;Bueno;43.89;Bueno;4;2.25;2.08;4.17;Bueno;13.89;Bueno;Bueno;Bueno
2025-12-19;07:00;26;19.04;19.75;15.19;Bueno;43.89;Bueno;3;2.25;2.08;4.17;Bueno;13.89;Bueno;Bueno;Bueno
2025-12-19;08:00;32;19.38;19.75;15.19;Bueno;43.89;Bueno;2;2.25;2.08;4.17;Bueno;13.89;Bueno;Bueno;Bueno
2025-12-19;09:00;27;20.00;19.75;15.19;Bueno;43.89;Bueno;1;2.21;2.08;4.17;Bueno;13.89;Bueno;Bueno;Bueno
2025-12-19;10:00;41;20.62;19.75;15.19;Bueno;43.89;Bueno;5;2.38;2.08;4.17;Bueno;13.89;Bueno;Bueno;Bueno
2025-12-19;11:00;21;20.46;19.75;15.19;Bueno;43.89;Bueno;4;2.50;2.08;4.17;Bueno;13.89;Bueno;Bueno;Bueno
2025-12-19;12:00;17;20.38;19.75;15.19;Bueno;43.89;Bueno;2;2.50;2.08;4.17;Bueno;13.89;Bueno;Bueno;Bueno
2025-12-19;13:00;24;20.54;19.75;15.19;Bueno;43.89;Bueno;4;2.62;2.08;4.17;Bueno;13.89;Bueno;Bueno;Bueno
2025-12-19;14:00;27;20.71;19.75;15.19;Bueno;43.89;Bueno;2;2.67;2.08;4.17;Bueno;13.89;Bueno;Bueno;Bueno
2025-12-19;15:00;32;21.54;19.75;15.19;Bueno;43.89;Bueno;1;2.67;2.08;4.17;Bueno;13.89;Bueno;Bueno;Bueno
2025-12-19;16:00;29;21.75;19.75;15.19;Bueno;43.89;Bueno;1;2.54;2.08;4.17;Bueno;13.89;Bueno;Bueno;Bueno
2025-12-19;17:00;24;22.04;19.75;15.19;Bueno;43.89;Bueno;3;2.46;2.08;4.17;Bueno;13.89;Bueno;Bueno;Bueno
2025-12-19;18:00;31;22.38;19.75;15.19;Bueno;43.89;Bueno;1;2.29;2.08;4.17;Bueno;13.89;Bueno;Bueno;Bueno
2025-12-19;19:00;20;21.62;19.75;15.19;Bueno;43.89;Bueno;1;2.17;2.08;4.17;Bueno;13.89;Bueno;Bueno;Bueno
2025-12-19;20:00;19;21.25;19.75;15.19;Bueno;43.89;Bueno;1;2.08;2.08;4.17;Bueno;13.89;Bueno;Bueno;Bueno
2025-12-19;21:00;14;20.75;19.75;15.19;Bueno;43.89;Bueno;2;2.04;2.08;4.17;Bueno;13.89;Bueno;Bueno;Bueno
2025-12-19;22:00;8;20.25;19.75;15.19;Bueno;43.89;Bueno;2;2.08;2.08;4.17;Bueno;13.89;Bueno;Bueno;Bueno
2025-12-19;23:00;7;19.75;19.75;15.19;Bueno;43.89;Bueno;1;2.08;2.08;4.17;Bueno;13.89;Bueno;Bueno;Bueno
2025-12-20;00:00;13;19.92;15.92;12.24;Bueno;35.37;Bueno;1;2.00;2.83;5.67;Bueno;18.89;Bueno;Bueno;Bueno
2025-12-20;01:00;11;20.12;15.92;12.24;Bueno;35.37;Bueno;4;2.04;2.83;5.67;Bueno;18.89;Bueno;Bueno;Bueno
2025-12-20;02:00;10;20.17;15.92;12.24;Bueno;35.37;Bueno;3;2.12;2.83;5.67;Bueno;18.89;Bueno;Bueno;Bueno
2025-12-20;03:00;12;20.42;15.92;12.24;Bueno;35.37;Bueno;1;2.12;2.83;5.67;Bueno;18.89;Bueno;Bueno;Bueno
2025-12-20;04:00;8;20.46;15.92;12.24;Bueno;35.37;Bueno;1;2.12;2.83;5.67;Bueno;18.89;Bueno;Bueno;Bueno
2025-12-20;05:00;13;20.46;15.92;12.24;Bueno;35.37;Bueno;1;2.12;2.83;5.67;Bueno;18.89;Bueno;Bueno;Bueno
2025-12-20;06:00;19;20.21;15.92;12.24;Bueno;35.37;Bueno;5;2.17;2.83;5.67;Bueno;18.89;Bueno;Bueno;Bueno
2025-12-20;07:00;20;19.96;15.92;12.24;Bueno;35.37;Bueno;7;2.33;2.83;5.67;Bueno;18.89;Bueno;Bueno;Bueno
2025-12-20;08:00;27;19.75;15.92;12.24;Bueno;35.37;Bueno;5;2.46;2.83;5.67;Bueno;18.89;Bueno;Bueno;Bueno
2025-12-20;09:00;27;19.75;15.92;12.24;Bueno;35.37;Bueno;2;2.50;2.83;5.67;Bueno;18.89;Bueno;Bueno;Bueno
2025-12-20;10:00;26;19.12;15.92;12.24;Bueno;35.37;Bueno;4;2.46;2.83;5.67;Bueno;18.89;Bueno;Bueno;Bueno
2025-12-20;11:00;34;19.67;15.92;12.24;Bueno;35.37;Bueno;5;2.50;2.83;5.67;Bueno;18.89;Bueno;Bueno;Bueno
2025-12-20;12:00;28;20.12;15.92;12.24;Bueno;35.37;Bueno;4;2.58;2.83;5.67;Bueno;18.89;Bueno;Bueno;Bueno
2025-12-20;13:00;48;21.12;15.92;12.24;Bueno;35.37;Bueno;4;2.58;2.83;5.67;Bueno;18.89;Bueno;Bueno;Bueno
2025-12-20;14:00;20;20.83;15.92;12.24;Bueno;35.37;Bueno;3;2.62;2.83;5.67;Bueno;18.89;Bueno;Bueno;Bueno
2025-12-20;15:00;15;20.12;15.92;12.24;Bueno;35.37;Bueno;3;2.71;2.83;5.67;Bueno;18.89;Bueno;Bueno;Bueno
2025-12-20;16:00;8;19.25;15.92;12.24;Bueno;35.37;Bueno;3;2.79;2.83;5.67;Bueno;18.89;Bueno;Bueno;Bueno
2025-12-20;17:00;9;18.62;15.92;12.24;Bueno;35.37;Bueno;1;2.71;2.83;5.67;Bueno;18.89;Bueno;Bueno;Bueno
2025-12-20;18:00;9;17.71;15.92;12.24;Bueno;35.37;Bueno;1;2.71;2.83;5.67;Bueno;18.89;Bueno;Bueno;Bueno
2025-12-20;19:00;4;17.04;15.92;12.24;Bueno;35.37;Bueno;1;2.71;2.83;5.67;Bueno;18.89;Bueno;Bueno;Bueno
2025-12-20;20:00;4;16.42;15.92;12.24;Bueno;35.37;Bueno;1;2.71;2.83;5.67;Bueno;18.89;Bueno;Bueno;Bueno
2025-12-20;21:00;5;16.04;15.92;12.24;Bueno;35.37;Bueno;4;2.79;2.83;5.67;Bueno;18.89;Bueno;Bueno;Bueno
2025-12-20;22:00;7;16.00;15.92;12.24;Bueno;35.37;Bueno;2;2.79;2.83;5.67;Bueno;18.89;Bueno;Bueno;Bueno
2025-12-20;23:00;5;15.92;15.92;12.24;Bueno;35.37;Bueno;2;2.83;2.83;5.67;Bueno;18.89;Bueno;Bueno;Bueno
2025-12-21;00:00;3;15.50;6.21;4.78;Bueno;13.80;Bueno;2;2.88;2.92;5.83;Bueno;19.44;Bueno;Bueno;Bueno
2025-12-21;01:00;2;15.12;6.21;4.78;Bueno;13.80;Bueno;1;2.75;2.92;5.83;Bueno;19.44;Bueno;Bueno;Bueno
2025-12-21;02:00;5;14.92;6.21;4.78;Bueno;13.80;Bueno;1;2.67;2.92;5.83;Bueno;19.44;Bueno;Bueno;Bueno
2025-12-21;03:00;6;14.67;6.21;4.78;Bueno;13.80;Bueno;5;2.83;2.92;5.83;Bueno;19.44;Bueno;Bueno;Bueno
2025-12-21;04:00;6;14.58;6.21;4.78;Bueno;13.80;Bueno;5;3.00;2.92;5.83;Bueno;19.44;Bueno;Bueno;Bueno
2025-12-21;05:00;4;14.21;6.21;4.78;Bueno;13.80;Bueno;2;3.04;2.92;5.83;Bueno;19.44;Bueno;Bueno;Bueno
2025-12-21;06:00;3;13.54;6.21;4.78;Bueno;13.80;Bueno;1;2.88;2.92;5.83;Bueno;19.44;Bueno;Bueno;Bueno
2025-12-21;07:00;5;12.92;6.21;4.78;Bueno;13.80;Bueno;4;2.75;2.92;5.83;Bueno;19.44;Bueno;Bueno;Bueno
2025-12-21;08:00;8;12.12;6.21;4.78;Bueno;13.80;Bueno;5;2.75;2.92;5.83;Bueno;19.44;Bueno;Bueno;Bueno
2025-12-21;09:00;7;11.29;6.21;4.78;Bueno;13.80;Bueno;5;2.88;2.92;5.83;Bueno;19.44;Bueno;Bueno;Bueno
2025-12-21;10:00;6;10.46;6.21;4.78;Bueno;13.80;Bueno;5;2.92;2.92;5.83;Bueno;19.44;Bueno;Bueno;Bueno
2025-12-21;11:00;6;9.29;6.21;4.78;Bueno;13.80;Bueno;5;2.92;2.92;5.83;Bueno;19.44;Bueno;Bueno;Bueno
2025-12-21;12:00;3;8.25;6.21;4.78;Bueno;13.80;Bueno;2;2.83;2.92;5.83;Bueno;19.44;Bueno;Bueno;Bueno
2025-12-21;13:00;5;6.46;6.21;4.78;Bueno;13.80;Bueno;1;2.71;2.92;5.83;Bueno;19.44;Bueno;Bueno;Bueno
2025-12-21;14:00;5;5.83;6.21;4.78;Bueno;13.80;Bueno;1;2.62;2.92;5.83;Bueno;19.44;Bueno;Bueno;Bueno
2025-12-21;15:00;4;5.38;6.21;4.78;Bueno;13.80;Bueno;3;2.62;2.92;5.83;Bueno;19.44;Bueno;Bueno;Bueno
2025-12-21;16:00;7;5.33;6.21;4.78;Bueno;13.80;Bueno;2;2.58;2.92;5.83;Bueno;19.44;Bueno;Bueno;Bueno
2025-12-21;17:00;9;5.33;6.21;4.78;Bueno;13.80;Bueno;2;2.62;2.92;5.83;Bueno;19.44;Bueno;Bueno;Bueno
2025-12-21;18:00;10;5.38;6.21;4.78;Bueno;13.80;Bueno;3;2.71;2.92;5.83;Bueno;19.44;Bueno;Bueno;Bueno
2025-12-21;19:00;9;5.58;6.21;4.78;Bueno;13.80;Bueno;2;2.75;2.92;5.83;Bueno;19.44;Bueno;Bueno;Bueno
2025-12-21;20:00;12;5.92;6.21;4.78;Bueno;13.80;Bueno;3;2.83;2.92;5.83;Bueno;19.44;Bueno;Bueno;Bueno
2025-12-21;21:00;9;6.08;6.21;4.78;Bueno;13.80;Bueno;4;2.83;2.92;5.83;Bueno;19.44;Bueno;Bueno;Bueno
2025-12-21;22:00;7;6.08;6.21;4.78;Bueno;13.80;Bueno;4;2.92;2.92;5.83;Bueno;19.44;Bueno;Bueno;Bueno
2025-12-21;23:00;8;6.21;6.21;4.78;Bueno;13.80;Bueno;2;2.92;2.92;5.83;Bueno;19.44;Bueno;Bueno;Bueno
2025-12-22;00:00;9;6.46;10.46;8.04;Bueno;23.24;Bueno;1;2.88;1.92;3.83;Bueno;12.78;Bueno;Bueno;Bueno
2025-12-22;01:00;5;6.58;10.46;8.04;Bueno;23.24;Bueno;3;2.96;1.92;3.83;Bueno;12.78;Bueno;Bueno;Bueno
2025-12-22;02:00;5;6.58;10.46;8.04;Bueno;23.24;Bueno;4;3.08;1.92;3.83;Bueno;12.78;Bueno;Bueno;Bueno
2025-12-22;03:00;5;6.54;10.46;8.04;Bueno;23.24;Bueno;4;3.04;1.92;3.83;Bueno;12.78;Bueno;Bueno;Bueno
2025-12-22;04:00;6;6.54;10.46;8.04;Bueno;23.24;Bueno;4;3.00;1.92;3.83;Bueno;12.78;Bueno;Bueno;Bueno
2025-12-22;05:00;5;6.58;10.46;8.04;Bueno;23.24;Bueno;4;3.08;1.92;3.83;Bueno;12.78;Bueno;Bueno;Bueno
2025-12-22;06:00;14;7.04;10.46;8.04;Bueno;23.24;Bueno;3;3.17;1.92;3.83;Bueno;12.78;Bueno;Bueno;Bueno
2025-12-22;07:00;13;7.38;10.46;8.04;Bueno;23.24;Bueno;3;3.12;1.92;3.83;Bueno;12.78;Bueno;Bueno;Bueno
2025-12-22;08:00;13;7.58;10.46;8.04;Bueno;23.24;Bueno;2;3.00;1.92;3.83;Bueno;12.78;Bueno;Bueno;Bueno
2025-12-22;09:00;9;7.67;10.46;8.04;Bueno;23.24;Bueno;1;2.83;1.92;3.83;Bueno;12.78;Bueno;Bueno;Bueno
2025-12-22;10:00;10;7.83;10.46;8.04;Bueno;23.24;Bueno;1;2.67;1.92;3.83;Bueno;12.78;Bueno;Bueno;Bueno
2025-12-22;11:00;11;8.04;10.46;8.04;Bueno;23.24;Bueno;1;2.50;1.92;3.83;Bueno;12.78;Bueno;Bueno;Bueno
2025-12-22;12:00;9;8.29;10.46;8.04;Bueno;23.24;Bueno;1;2.46;1.92;3.83;Bueno;12.78;Bueno;Bueno;Bueno
2025-12-22;13:00;13;8.62;10.46;8.04;Bueno;23.24;Bueno;1;2.46;1.92;3.83;Bueno;12.78;Bueno;Bueno;Bueno
2025-12-22;14:00;8;8.75;10.46;8.04;Bueno;23.24;Bueno;1;2.46;1.92;3.83;Bueno;12.78;Bueno;Bueno;Bueno
2025-12-22;15:00;7;8.88;10.46;8.04;Bueno;23.24;Bueno;1;2.38;1.92;3.83;Bueno;12.78;Bueno;Bueno;Bueno
2025-12-22;16:00;12;9.08;10.46;8.04;Bueno;23.24;Bueno;1;2.33;1.92;3.83;Bueno;12.78;Bueno;Bueno;Bueno
2025-12-22;17:00;6;8.96;10.46;8.04;Bueno;23.24;Bueno;1;2.29;1.92;3.83;Bueno;12.78;Bueno;Bueno;Bueno
2025-12-22;18:00;16;9.21;10.46;8.04;Bueno;23.24;Bueno;1;2.21;1.92;3.83;Bueno;12.78;Bueno;Bueno;Bueno
2025-12-22;19:00;15;9.46;10.46;8.04;Bueno;23.24;Bueno;1;2.17;1.92;3.83;Bueno;12.78;Bueno;Bueno;Bueno
2025-12-22;20:00;17;9.67;10.46;8.04;Bueno;23.24;Bueno;2;2.12;1.92;3.83;Bueno;12.78;Bueno;Bueno;Bueno
2025-12-22;21:00;12;9.79;10.46;8.04;Bueno;23.24;Bueno;1;2.00;1.92;3.83;Bueno;12.78;Bueno;Bueno;Bueno
2025-12-22;22:00;15;10.12;10.46;8.04;Bueno;23.24;Bueno;1;1.88;1.92;3.83;Bueno;12.78;Bueno;Bueno;Bueno
2025-12-22;23:00;16;10.46;10.46;8.04;Bueno;23.24;Bueno;3;1.92;1.92;3.83;Bueno;12.78;Bueno;Bueno;Bueno
2025-12-23;00:00;8;10.42;14.96;11.51;Bueno;33.24;Bueno;2;1.96;2.92;5.83;Bueno;19.44;Bueno;Bueno;Bueno
2025-12-23;01:00;10;10.62;14.96;11.51;Bueno;33.24;Bueno;2;1.92;2.92;5.83;Bueno;19.44;Bueno;Bueno;Bueno
2025-12-23;02:00;8;10.75;14.96;11.51;Bueno;33.24;Bueno;3;1.88;2.92;5.83;Bueno;19.44;Bueno;Bueno;Bueno
2025-12-23;03:00;9;10.92;14.96;11.51;Bueno;33.24;Bueno;8;2.04;2.92;5.83;Bueno;19.44;Bueno;Bueno;Bueno
2025-12-23;04:00;8;11.00;14.96;11.51;Bueno;33.24;Bueno;5;2.08;2.92;5.83;Bueno;19.44;Bueno;Bueno;Bueno
2025-12-23;05:00;13;11.33;14.96;11.51;Bueno;33.24;Bueno;2;2.00;2.92;5.83;Bueno;19.44;Bueno;Bueno;Bueno
2025-12-23;06:00;14;11.33;14.96;11.51;Bueno;33.24;Bueno;1;1.92;2.92;5.83;Bueno;19.44;Bueno;Bueno;Bueno
2025-12-23;07:00;20;11.62;14.96;11.51;Bueno;33.24;Bueno;5;2.00;2.92;5.83;Bueno;19.44;Bueno;Bueno;Bueno
2025-12-23;08:00;16;11.75;14.96;11.51;Bueno;33.24;Bueno;7;2.21;2.92;5.83;Bueno;19.44;Bueno;Bueno;Bueno
2025-12-23;09:00;21;12.25;14.96;11.51;Bueno;33.24;Bueno;4;2.33;2.92;5.83;Bueno;19.44;Bueno;Bueno;Bueno
2025-12-23;10:00;10;12.25;14.96;11.51;Bueno;33.24;Bueno;3;2.42;2.92;5.83;Bueno;19.44;Bueno;Bueno;Bueno
2025-12-23;11:00;13;12.33;14.96;11.51;Bueno;33.24;Bueno;3;2.50;2.92;5.83;Bueno;19.44;Bueno;Bueno;Bueno
2025-12-23;12:00;11;12.42;14.96;11.51;Bueno;33.24;Bueno;3;2.58;2.92;5.83;Bueno;19.44;Bueno;Bueno;Bueno
2025-12-23;13:00;15;12.50;14.96;11.51;Bueno;33.24;Bueno;3;2.67;2.92;5.83;Bueno;19.44;Bueno;Bueno;Bueno
2025-12-23;14:00;14;12.75;14.96;11.51;Bueno;33.24;Bueno;1;2.67;2.92;5.83;Bueno;19.44;Bueno;Bueno;Bueno
2025-12-23;15:00;12;12.96;14.96;11.51;Bueno;33.24;Bueno;1;2.67;2.92;5.83;Bueno;19.44;Bueno;Bueno;Bueno
2025-12-23;16:00;14;13.04;14.96;11.51;Bueno;33.24;Bueno;1;2.67;2.92;5.83;Bueno;19.44;Bueno;Bueno;Bueno
2025-12-23;17:00;16;13.46;14.96;11.51;Bueno;33.24;Bueno;2;2.71;2.92;5.83;Bueno;19.44;Bueno;Bueno;Bueno
2025-12-23;18:00;20;13.62;14.96;11.51;Bueno;33.24;Bueno;1;2.71;2.92;5.83;Bueno;19.44;Bueno;Bueno;Bueno
2025-12-23;19:00;32;14.33;14.96;11.51;Bueno;33.24;Bueno;2;2.75;2.92;5.83;Bueno;19.44;Bueno;Bueno;Bueno
2025-12-23;20:00;33;15.00;14.96;11.51;Bueno;33.24;Bueno;3;2.79;2.92;5.83;Bueno;19.44;Bueno;Bueno;Bueno
2025-12-23;21:00;16;15.17;14.96;11.51;Bueno;33.24;Bueno;4;2.92;2.92;5.83;Bueno;19.44;Bueno;Bueno;Bueno
2025-12-23;22:00;16;15.21;14.96;11.51;Bueno;33.24;Bueno;3;3.00;2.92;5.83;Bueno;19.44;Bueno;Bueno;Bueno
2025-12-23;23:00;10;14.96;14.96;11.51;Bueno;33.24;Bueno;1;2.92;2.92;5.83;Bueno;19.44;Bueno;Bueno;Bueno
2025-12-24;00:00;10;15.04;13.38;10.29;Bueno;29.72;Bueno;3;2.96;3.12;6.25;Bueno;20.83;Bueno;Bueno;Bueno
2025-12-24;01:00;12;15.12;13.38;10.29;Bueno;29.72;Bueno;2;2.96;3.12;6.25;Bueno;20.83;Bueno;Bueno;Bueno
2025-12-24;02:00;11;15.25;13.38;10.29;Bueno;29.72;Bueno;1;2.88;3.12;6.25;Bueno;20.83;Bueno;Bueno;Bueno
2025-12-24;03:00;9;15.25;13.38;10.29;Bueno;29.72;Bueno;1;2.58;3.12;6.25;Bueno;20.83;Bueno;Bueno;Bueno
2025-12-24;04:00;6;15.17;13.38;10.29;Bueno;29.72;Bueno;3;2.50;3.12;6.25;Bueno;20.83;Bueno;Bueno;Bueno
2025-12-24;05:00;13;15.17;13.38;10.29;Bueno;29.72;Bueno;4;2.58;3.12;6.25;Bueno;20.83;Bueno;Bueno;Bueno
2025-12-24;06:00;14;15.17;13.38;10.29;Bueno;29.72;Bueno;5;2.75;3.12;6.25;Bueno;20.83;Bueno;Bueno;Bueno
2025-12-24;07:00;14;14.92;13.38;10.29;Bueno;29.72;Bueno;4;2.71;3.12;6.25;Bueno;20.83;Bueno;Bueno;Bueno
2025-12-24;08:00;19;15.04;13.38;10.29;Bueno;29.72;Bueno;2;2.50;3.12;6.25;Bueno;20.83;Bueno;Bueno;Bueno
2025-12-24;09:00;18;14.92;13.38;10.29;Bueno;29.72;Bueno;4;2.50;3.12;6.25;Bueno;20.83;Bueno;Bueno;Bueno
2025-12-24;10:00;18;15.25;13.38;10.29;Bueno;29.72;Bueno;5;2.58;3.12;6.25;Bueno;20.83;Bueno;Bueno;Bueno
2025-12-24;11:00;14;15.29;13.38;10.29;Bueno;29.72;Bueno;3;2.58;3.12;6.25;Bueno;20.83;Bueno;Bueno;Bueno
2025-12-24;12:00;10;15.25;13.38;10.29;Bueno;29.72;Bueno;2;2.54;3.12;6.25;Bueno;20.83;Bueno;Bueno;Bueno
2025-12-24;13:00;10;15.04;13.38;10.29;Bueno;29.72;Bueno;2;2.50;3.12;6.25;Bueno;20.83;Bueno;Bueno;Bueno
2025-12-24;14:00;11;14.92;13.38;10.29;Bueno;29.72;Bueno;1;2.50;3.12;6.25;Bueno;20.83;Bueno;Bueno;Bueno
2025-12-24;15:00;9;14.79;13.38;10.29;Bueno;29.72;Bueno;1;2.50;3.12;6.25;Bueno;20.83;Bueno;Bueno;Bueno
2025-12-24;16:00;12;14.71;13.38;10.29;Bueno;29.72;Bueno;4;2.62;3.12;6.25;Bueno;20.83;Bueno;Bueno;Bueno
2025-12-24;17:00;17;14.75;13.38;10.29;Bueno;29.72;Bueno;4;2.71;3.12;6.25;Bueno;20.83;Bueno;Bueno;Bueno
2025-12-24;18:00;16;14.58;13.38;10.29;Bueno;29.72;Bueno;1;2.71;3.12;6.25;Bueno;20.83;Bueno;Bueno;Bueno
2025-12-24;19:00;13;13.79;13.38;10.29;Bueno;29.72;Bueno;1;2.67;3.12;6.25;Bueno;20.83;Bueno;Bueno;Bueno
2025-12-24;20:00;23;13.38;13.38;10.29;Bueno;29.72;Bueno;9;2.92;3.12;6.25;Bueno;20.83;Bueno;Bueno;Bueno
2025-12-24;21:00;20;13.54;13.38;10.29;Bueno;29.72;Bueno;7;3.04;3.12;6.25;Bueno;20.83;Bueno;Bueno;Bueno
2025-12-24;22:00;9;13.25;13.38;10.29;Bueno;29.72;Bueno;4;3.08;3.12;6.25;Bueno;20.83;Bueno;Bueno;Bueno
2025-12-24;23:00;13;13.38;13.38;10.29;Bueno;29.72;Bueno;2;3.12;3.12;6.25;Bueno;20.83;Bueno;Bueno;Bueno
2025-12-25;00:00;12;13.46;12.96;9.97;Bueno;28.80;Bueno;1;3.04;2.88;5.75;Bueno;19.17;Bueno;Bueno;Bueno
2025-12-25;01:00;13;13.50;12.96;9.97;Bueno;28.80;Bueno;3;3.08;2.88;5.75;Bueno;19.17;Bueno;Bueno;Bueno
2025-12-25;02:00;10;13.46;12.96;9.97;Bueno;28.80;Bueno;3;3.17;2.88;5.75;Bueno;19.17;Bueno;Bueno;Bueno
2025-12-25;03:00;12;13.58;12.96;9.97;Bueno;28.80;Bueno;2;3.21;2.88;5.75;Bueno;19.17;Bueno;Bueno;Bueno
2025-12-25;04:00;9;13.71;12.96;9.97;Bueno;28.80;Bueno;3;3.21;2.88;5.75;Bueno;19.17;Bueno;Bueno;Bueno
2025-12-25;05:00;8;13.50;12.96;9.97;Bueno;28.80;Bueno;2;3.12;2.88;5.75;Bueno;19.17;Bueno;Bueno;Bueno
2025-12-25;06:00;12;13.42;12.96;9.97;Bueno;28.80;Bueno;4;3.08;2.88;5.75;Bueno;19.17;Bueno;Bueno;Bueno
2025-12-25;07:00;16;13.50;12.96;9.97;Bueno;28.80;Bueno;4;3.08;2.88;5.75;Bueno;19.17;Bueno;Bueno;Bueno
2025-12-25;08:00;10;13.12;12.96;9.97;Bueno;28.80;Bueno;2;3.08;2.88;5.75;Bueno;19.17;Bueno;Bueno;Bueno
2025-12-25;09:00;17;13.08;12.96;9.97;Bueno;28.80;Bueno;5;3.12;2.88;5.75;Bueno;19.17;Bueno;Bueno;Bueno
2025-12-25;10:00;19;13.12;12.96;9.97;Bueno;28.80;Bueno;4;3.08;2.88;5.75;Bueno;19.17;Bueno;Bueno;Bueno
2025-12-25;11:00;23;13.50;12.96;9.97;Bueno;28.80;Bueno;5;3.17;2.88;5.75;Bueno;19.17;Bueno;Bueno;Bueno
2025-12-25;12:00;13;13.62;12.96;9.97;Bueno;28.80;Bueno;3;3.21;2.88;5.75;Bueno;19.17;Bueno;Bueno;Bueno
2025-12-25;13:00;11;13.67;12.96;9.97;Bueno;28.80;Bueno;2;3.21;2.88;5.75;Bueno;19.17;Bueno;Bueno;Bueno
2025-12-25;14:00;10;13.62;12.96;9.97;Bueno;28.80;Bueno;2;3.25;2.88;5.75;Bueno;19.17;Bueno;Bueno;Bueno
2025-12-25;15:00;11;13.71;12.96;9.97;Bueno;28.80;Bueno;4;3.38;2.88;5.75;Bueno;19.17;Bueno;Bueno;Bueno
2025-12-25;16:00;9;13.58;12.96;9.97;Bueno;28.80;Bueno;4;3.38;2.88;5.75;Bueno;19.17;Bueno;Bueno;Bueno
2025-12-25;17:00;7;13.17;12.96;9.97;Bueno;28.80;Bueno;3;3.33;2.88;5.75;Bueno;19.17;Bueno;Bueno;Bueno
2025-12-25;18:00;10;12.92;12.96;9.97;Bueno;28.80;Bueno;3;3.42;2.88;5.75;Bueno;19.17;Bueno;Bueno;Bueno
2025-12-25;19:00;10;12.79;12.96;9.97;Bueno;28.80;Bueno;1;3.42;2.88;5.75;Bueno;19.17;Bueno;Bueno;Bueno
2025-12-25;20:00;17;12.54;12.96;9.97;Bueno;28.80;Bueno;1;3.08;2.88;5.75;Bueno;19.17;Bueno;Bueno;Bueno
2025-12-25;21:00;20;12.54;12.96;9.97;Bueno;28.80;Bueno;1;2.83;2.88;5.75;Bueno;19.17;Bueno;Bueno;Bueno
2025-12-25;22:00;18;12.92;12.96;9.97;Bueno;28.80;Bueno;4;2.83;2.88;5.75;Bueno;19.17;Bueno;Bueno;Bueno
2025-12-25;23:00;14;12.96;12.96;9.97;Bueno;28.80;Bueno;3;2.88;2.88;5.75;Bueno;19.17;Bueno;Bueno;Bueno
2025-12-26;00:00;11;12.92;13.33;10.26;Bueno;29.63;Bueno;1;2.88;2.42;4.83;Bueno;16.11;Bueno;Bueno;Bueno
2025-12-26;01:00;8;12.71;13.33;10.26;Bueno;29.63;Bueno;2;2.83;2.42;4.83;Bueno;16.11;Bueno;Bueno;Bueno
2025-12-26;02:00;6;12.54;13.33;10.26;Bueno;29.63;Bueno;3;2.83;2.42;4.83;Bueno;16.11;Bueno;Bueno;Bueno
2025-12-26;03:00;4;12.21;13.33;10.26;Bueno;29.63;Bueno;1;2.79;2.42;4.83;Bueno;16.11;Bueno;Bueno;Bueno
2025-12-26;04:00;4;12.00;13.33;10.26;Bueno;29.63;Bueno;3;2.79;2.42;4.83;Bueno;16.11;Bueno;Bueno;Bueno
2025-12-26;05:00;11;12.12;13.33;10.26;Bueno;29.63;Bueno;3;2.83;2.42;4.83;Bueno;16.11;Bueno;Bueno;Bueno
2025-12-26;06:00;17;12.33;13.33;10.26;Bueno;29.63;Bueno;3;2.79;2.42;4.83;Bueno;16.11;Bueno;Bueno;Bueno
2025-12-26;07:00;16;12.33;13.33;10.26;Bueno;29.63;Bueno;2;2.71;2.42;4.83;Bueno;16.11;Bueno;Bueno;Bueno
2025-12-26;08:00;13;12.46;13.33;10.26;Bueno;29.63;Bueno;2;2.71;2.42;4.83;Bueno;16.11;Bueno;Bueno;Bueno
2025-12-26;09:00;11;12.21;13.33;10.26;Bueno;29.63;Bueno;2;2.58;2.42;4.83;Bueno;16.11;Bueno;Bueno;Bueno
2025-12-26;10:00;17;12.12;13.33;10.26;Bueno;29.63;Bueno;1;2.46;2.42;4.83;Bueno;16.11;Bueno;Bueno;Bueno
2025-12-26;11:00;6;11.42;13.33;10.26;Bueno;29.63;Bueno;1;2.29;2.42;4.83;Bueno;16.11;Bueno;Bueno;Bueno
2025-12-26;12:00;10;11.29;13.33;10.26;Bueno;29.63;Bueno;1;2.21;2.42;4.83;Bueno;16.11;Bueno;Bueno;Bueno
2025-12-26;13:00;7;11.12;13.33;10.26;Bueno;29.63;Bueno;1;2.17;2.42;4.83;Bueno;16.11;Bueno;Bueno;Bueno
2025-12-26;14:00;12;11.21;13.33;10.26;Bueno;29.63;Bueno;2;2.17;2.42;4.83;Bueno;16.11;Bueno;Bueno;Bueno
2025-12-26;15:00;20;11.58;13.33;10.26;Bueno;29.63;Bueno;2;2.08;2.42;4.83;Bueno;16.11;Bueno;Bueno;Bueno
2025-12-26;16:00;12;11.71;13.33;10.26;Bueno;29.63;Bueno;2;2.00;2.42;4.83;Bueno;16.11;Bueno;Bueno;Bueno
2025-12-26;17:00;24;12.42;13.33;10.26;Bueno;29.63;Bueno;1;1.92;2.42;4.83;Bueno;16.11;Bueno;Bueno;Bueno
2025-12-26;18:00;27;13.12;13.33;10.26;Bueno;29.63;Bueno;6;2.04;2.42;4.83;Bueno;16.11;Bueno;Bueno;Bueno
2025-12-26;19:00;21;13.58;13.33;10.26;Bueno;29.63;Bueno;6;2.25;2.42;4.83;Bueno;16.11;Bueno;Bueno;Bueno
2025-12-26;20:00;32;14.21;13.33;10.26;Bueno;29.63;Bueno;3;2.33;2.42;4.83;Bueno;16.11;Bueno;Bueno;Bueno
2025-12-26;21:00;12;13.88;13.33;10.26;Bueno;29.63;Bueno;2;2.38;2.42;4.83;Bueno;16.11;Bueno;Bueno;Bueno
2025-12-26;22:00;11;13.58;13.33;10.26;Bueno;29.63;Bueno;5;2.42;2.42;4.83;Bueno;16.11;Bueno;Bueno;Bueno
2025-12-26;23:00;8;13.33;13.33;10.26;Bueno;29.63;Bueno;3;2.42;2.42;4.83;Bueno;16.11;Bueno;Bueno;Bueno
2025-12-27;00:00;9;13.25;16.79;12.92;Bueno;37.31;Bueno;1;2.42;2.38;4.75;Bueno;15.83;Bueno;Bueno;Bueno
2025-12-27;01:00;10;13.33;16.79;12.92;Bueno;37.31;Bueno;2;2.42;2.38;4.75;Bueno;15.83;Bueno;Bueno;Bueno
2025-12-27;02:00;11;13.54;16.79;12.92;Bueno;37.31;Bueno;2;2.38;2.38;4.75;Bueno;15.83;Bueno;Bueno;Bueno
2025-12-27;03:00;10;13.79;16.79;12.92;Bueno;37.31;Bueno;1;2.38;2.38;4.75;Bueno;15.83;Bueno;Bueno;Bueno
2025-12-27;04:00;12;14.12;16.79;12.92;Bueno;37.31;Bueno;1;2.29;2.38;4.75;Bueno;15.83;Bueno;Bueno;Bueno
2025-12-27;05:00;11;14.12;16.79;12.92;Bueno;37.31;Bueno;1;2.21;2.38;4.75;Bueno;15.83;Bueno;Bueno;Bueno
2025-12-27;06:00;10;13.83;16.79;12.92;Bueno;37.31;Bueno;1;2.12;2.38;4.75;Bueno;15.83;Bueno;Bueno;Bueno
2025-12-27;07:00;12;13.67;16.79;12.92;Bueno;37.31;Bueno;1;2.08;2.38;4.75;Bueno;15.83;Bueno;Bueno;Bueno
2025-12-27;08:00;24;14.12;16.79;12.92;Bueno;37.31;Bueno;2;2.08;2.38;4.75;Bueno;15.83;Bueno;Bueno;Bueno
2025-12-27;09:00;14;14.25;16.79;12.92;Bueno;37.31;Bueno;3;2.12;2.38;4.75;Bueno;15.83;Bueno;Bueno;Bueno
2025-12-27;10:00;18;14.29;16.79;12.92;Bueno;37.31;Bueno;3;2.21;2.38;4.75;Bueno;15.83;Bueno;Bueno;Bueno
2025-12-27;11:00;23;15.00;16.79;12.92;Bueno;37.31;Bueno;1;2.21;2.38;4.75;Bueno;15.83;Bueno;Bueno;Bueno
2025-12-27;12:00;15;15.21;16.79;12.92;Bueno;37.31;Bueno;3;2.29;2.38;4.75;Bueno;15.83;Bueno;Bueno;Bueno
2025-12-27;13:00;10;15.33;16.79;12.92;Bueno;37.31;Bueno;2;2.33;2.38;4.75;Bueno;15.83;Bueno;Bueno;Bueno
2025-12-27;14:00;19;15.62;16.79;12.92;Bueno;37.31;Bueno;1;2.29;2.38;4.75;Bueno;15.83;Bueno;Bueno;Bueno
2025-12-27;15:00;16;15.46;16.79;12.92;Bueno;37.31;Bueno;4;2.38;2.38;4.75;Bueno;15.83;Bueno;Bueno;Bueno
2025-12-27;16:00;21;15.83;16.79;12.92;Bueno;37.31;Bueno;4;2.46;2.38;4.75;Bueno;15.83;Bueno;Bueno;Bueno
2025-12-27;17:00;29;16.04;16.79;12.92;Bueno;37.31;Bueno;5;2.62;2.38;4.75;Bueno;15.83;Bueno;Bueno;Bueno
2025-12-27;18:00;20;15.75;16.79;12.92;Bueno;37.31;Bueno;4;2.54;2.38;4.75;Bueno;15.83;Bueno;Bueno;Bueno
2025-12-27;19:00;21;15.75;16.79;12.92;Bueno;37.31;Bueno;4;2.46;2.38;4.75;Bueno;15.83;Bueno;Bueno;Bueno
2025-12-27;20:00;29;15.62;16.79;12.92;Bueno;37.31;Bueno;5;2.54;2.38;4.75;Bueno;15.83;Bueno;Bueno;Bueno
2025-12-27;21:00;25;16.17;16.79;12.92;Bueno;37.31;Bueno;3;2.58;2.38;4.75;Bueno;15.83;Bueno;Bueno;Bueno
2025-12-27;22:00;17;16.42;16.79;12.92;Bueno;37.31;Bueno;2;2.46;2.38;4.75;Bueno;15.83;Bueno;Bueno;Bueno
2025-12-27;23:00;17;16.79;16.79;12.92;Bueno;37.31;Bueno;1;2.38;2.38;4.75;Bueno;15.83;Bueno;Bueno;Bueno
2025-12-28;00:00;15;17.04;15.38;11.83;Bueno;34.17;Bueno;1;2.38;3.33;6.67;Bueno;22.22;Bueno;Bueno;Bueno
2025-12-28;01:00;13;17.17;15.38;11.83;Bueno;34.17;Bueno;3;2.42;3.33;6.67;Bueno;22.22;Bueno;Bueno;Bueno
2025-12-28;02:00;12;17.21;15.38;11.83;Bueno;34.17;Bueno;2;2.42;3.33;6.67;Bueno;22.22;Bueno;Bueno;Bueno
2025-12-28;03:00;12;17.29;15.38;11.83;Bueno;34.17;Bueno;6;2.62;3.33;6.67;Bueno;22.22;Bueno;Bueno;Bueno
2025-12-28;04:00;10;17.21;15.38;11.83;Bueno;34.17;Bueno;7;2.88;3.33;6.67;Bueno;22.22;Bueno;Bueno;Bueno
2025-12-28;05:00;10;17.17;15.38;11.83;Bueno;34.17;Bueno;5;3.04;3.33;6.67;Bueno;22.22;Bueno;Bueno;Bueno
2025-12-28;06:00;8;17.08;15.38;11.83;Bueno;34.17;Bueno;4;3.17;3.33;6.67;Bueno;22.22;Bueno;Bueno;Bueno
2025-12-28;07:00;14;17.17;15.38;11.83;Bueno;34.17;Bueno;2;3.21;3.33;6.67;Bueno;22.22;Bueno;Bueno;Bueno
2025-12-28;08:00;10;16.58;15.38;11.83;Bueno;34.17;Bueno;1;3.17;3.33;6.67;Bueno;22.22;Bueno;Bueno;Bueno
2025-12-28;09:00;9;16.38;15.38;11.83;Bueno;34.17;Bueno;1;3.08;3.33;6.67;Bueno;22.22;Bueno;Bueno;Bueno
2025-12-28;10:00;8;15.96;15.38;11.83;Bueno;34.17;Bueno;4;3.12;3.33;6.67;Bueno;22.22;Bueno;Bueno;Bueno
2025-12-28;11:00;12;15.50;15.38;11.83;Bueno;34.17;Bueno;3;3.21;3.33;6.67;Bueno;22.22;Bueno;Bueno;Bueno
2025-12-28;12:00;14;15.46;15.38;11.83;Bueno;34.17;Bueno;2;3.17;3.33;6.67;Bueno;22.22;Bueno;Bueno;Bueno
2025-12-28;13:00;17;15.75;15.38;11.83;Bueno;34.17;Bueno;5;3.29;3.33;6.67;Bueno;22.22;Bueno;Bueno;Bueno
2025-12-28;14:00;16;15.62;15.38;11.83;Bueno;34.17;Bueno;4;3.42;3.33;6.67;Bueno;22.22;Bueno;Bueno;Bueno
2025-12-28;15:00;17;15.67;15.38;11.83;Bueno;34.17;Bueno;3;3.38;3.33;6.67;Bueno;22.22;Bueno;Bueno;Bueno
2025-12-28;16:00;14;15.38;15.38;11.83;Bueno;34.17;Bueno;2;3.29;3.33;6.67;Bueno;22.22;Bueno;Bueno;Bueno
2025-12-28;17:00;14;14.75;15.38;11.83;Bueno;34.17;Bueno;3;3.21;3.33;6.67;Bueno;22.22;Bueno;Bueno;Bueno
2025-12-28;18:00;23;14.88;15.38;11.83;Bueno;34.17;Bueno;6;3.29;3.33;6.67;Bueno;22.22;Bueno;Bueno;Bueno
2025-12-28;19:00;27;15.12;15.38;11.83;Bueno;34.17;Bueno;5;3.33;3.33;6.67;Bueno;22.22;Bueno;Bueno;Bueno
2025-12-28;20:00;26;15.00;15.38;11.83;Bueno;34.17;Bueno;3;3.25;3.33;6.67;Bueno;22.22;Bueno;Bueno;Bueno
2025-12-28;21:00;28;15.12;15.38;11.83;Bueno;34.17;Bueno;4;3.29;3.33;6.67;Bueno;22.22;Bueno;Bueno;Bueno
2025-12-28;22:00;22;15.33;15.38;11.83;Bueno;34.17;Bueno;2;3.29;3.33;6.67;Bueno;22.22;Bueno;Bueno;Bueno
2025-12-28;23:00;18;15.38;15.38;11.83;Bueno;34.17;Bueno;2;3.33;3.33;6.67;Bueno;22.22;Bueno;Bueno;Bueno
2025-12-29;00:00;7;15.04;20.38;15.67;Bueno;45.28;Bueno;4;3.46;2.71;5.42;Bueno;18.06;Bueno;Bueno;Bueno
2025-12-29;01:00;11;14.96;20.38;15.67;Bueno;45.28;Bueno;3;3.46;2.71;5.42;Bueno;18.06;Bueno;Bueno;Bueno
2025-12-29;02:00;10;14.88;20.38;15.67;Bueno;45.28;Bueno;3;3.50;2.71;5.42;Bueno;18.06;Bueno;Bueno;Bueno
2025-12-29;03:00;8;14.71;20.38;15.67;Bueno;45.28;Bueno;3;3.38;2.71;5.42;Bueno;18.06;Bueno;Bueno;Bueno
2025-12-29;04:00;11;14.75;20.38;15.67;Bueno;45.28;Bueno;4;3.25;2.71;5.42;Bueno;18.06;Bueno;Bueno;Bueno
2025-12-29;05:00;11;14.79;20.38;15.67;Bueno;45.28;Bueno;4;3.21;2.71;5.42;Bueno;18.06;Bueno;Bueno;Bueno
2025-12-29;06:00;19;15.25;20.38;15.67;Bueno;45.28;Bueno;1;3.08;2.71;5.42;Bueno;18.06;Bueno;Bueno;Bueno
2025-12-29;07:00;23;15.62;20.38;15.67;Bueno;45.28;Bueno;1;3.04;2.71;5.42;Bueno;18.06;Bueno;Bueno;Bueno
2025-12-29;08:00;21;16.08;20.38;15.67;Bueno;45.28;Bueno;3;3.12;2.71;5.42;Bueno;18.06;Bueno;Bueno;Bueno
2025-12-29;09:00;16;16.38;20.38;15.67;Bueno;45.28;Bueno;2;3.17;2.71;5.42;Bueno;18.06;Bueno;Bueno;Bueno
2025-12-29;10:00;16;16.71;20.38;15.67;Bueno;45.28;Bueno;2;3.08;2.71;5.42;Bueno;18.06;Bueno;Bueno;Bueno
2025-12-29;11:00;24;17.21;20.38;15.67;Bueno;45.28;Bueno;2;3.04;2.71;5.42;Bueno;18.06;Bueno;Bueno;Bueno
2025-12-29;12:00;32;17.96;20.38;15.67;Bueno;45.28;Bueno;2;3.04;2.71;5.42;Bueno;18.06;Bueno;Bueno;Bueno
2025-12-29;13:00;23;18.21;20.38;15.67;Bueno;45.28;Bueno;1;2.88;2.71;5.42;Bueno;18.06;Bueno;Bueno;Bueno
2025-12-29;14:00;25;18.58;20.38;15.67;Bueno;45.28;Bueno;1;2.75;2.71;5.42;Bueno;18.06;Bueno;Bueno;Bueno
2025-12-29;15:00;21;18.75;20.38;15.67;Bueno;45.28;Bueno;2;2.71;2.71;5.42;Bueno;18.06;Bueno;Bueno;Bueno
2025-12-29;16:00;29;19.38;20.38;15.67;Bueno;45.28;Bueno;4;2.79;2.71;5.42;Bueno;18.06;Bueno;Bueno;Bueno
2025-12-29;17:00;41;20.50;20.38;15.67;Bueno;45.28;Bueno;4;2.83;2.71;5.42;Bueno;18.06;Bueno;Bueno;Bueno
2025-12-29;18:00;32;20.88;20.38;15.67;Bueno;45.28;Bueno;2;2.67;2.71;5.42;Bueno;18.06;Bueno;Bueno;Bueno
2025-12-29;19:00;23;20.71;20.38;15.67;Bueno;45.28;Bueno;5;2.67;2.71;5.42;Bueno;18.06;Bueno;Bueno;Bueno
2025-12-29;20:00;29;20.83;20.38;15.67;Bueno;45.28;Bueno;6;2.79;2.71;5.42;Bueno;18.06;Bueno;Bueno;Bueno
2025-12-29;21:00;23;20.62;20.38;15.67;Bueno;45.28;Bueno;3;2.75;2.71;5.42;Bueno;18.06;Bueno;Bueno;Bueno
2025-12-29;22:00;17;20.42;20.38;15.67;Bueno;45.28;Bueno;2;2.75;2.71;5.42;Bueno;18.06;Bueno;Bueno;Bueno
2025-12-29;23:00;17;20.38;20.38;15.67;Bueno;45.28;Bueno;1;2.71;2.71;5.42;Bueno;18.06;Bueno;Bueno;Bueno
2025-12-30;00:00;15;20.71;24.17;18.59;Bueno;53.70;Bueno;1;2.58;3.25;6.50;Bueno;21.67;Bueno;Bueno;Bueno
2025-12-30;01:00;13;20.79;24.17;18.59;Bueno;53.70;Bueno;1;2.50;3.25;6.50;Bueno;21.67;Bueno;Bueno;Bueno
2025-12-30;02:00;11;20.83;24.17;18.59;Bueno;53.70;Bueno;1;2.42;3.25;6.50;Bueno;21.67;Bueno;Bueno;Bueno
2025-12-30;03:00;10;20.92;24.17;18.59;Bueno;53.70;Bueno;1;2.33;3.25;6.50;Bueno;21.67;Bueno;Bueno;Bueno
2025-12-30;04:00;6;20.71;24.17;18.59;Bueno;53.70;Bueno;1;2.21;3.25;6.50;Bueno;21.67;Bueno;Bueno;Bueno
2025-12-30;05:00;10;20.67;24.17;18.59;Bueno;53.70;Bueno;2;2.12;3.25;6.50;Bueno;21.67;Bueno;Bueno;Bueno
2025-12-30;06:00;14;20.46;24.17;18.59;Bueno;53.70;Bueno;3;2.21;3.25;6.50;Bueno;21.67;Bueno;Bueno;Bueno
2025-12-30;07:00;17;20.21;24.17;18.59;Bueno;53.70;Bueno;4;2.33;3.25;6.50;Bueno;21.67;Bueno;Bueno;Bueno
2025-12-30;08:00;21;20.21;24.17;18.59;Bueno;53.70;Bueno;3;2.33;3.25;6.50;Bueno;21.67;Bueno;Bueno;Bueno
2025-12-30;09:00;20;20.38;24.17;18.59;Bueno;53.70;Bueno;5;2.46;3.25;6.50;Bueno;21.67;Bueno;Bueno;Bueno
2025-12-30;10:00;45;21.58;24.17;18.59;Bueno;53.70;Bueno;5;2.58;3.25;6.50;Bueno;21.67;Bueno;Bueno;Bueno
2025-12-30;11:00;39;22.21;24.17;18.59;Bueno;53.70;Bueno;4;2.67;3.25;6.50;Bueno;21.67;Bueno;Bueno;Bueno
2025-12-30;12:00;30;22.12;24.17;18.59;Bueno;53.70;Bueno;2;2.67;3.25;6.50;Bueno;21.67;Bueno;Bueno;Bueno
2025-12-30;13:00;22;22.08;24.17;18.59;Bueno;53.70;Bueno;2;2.71;3.25;6.50;Bueno;21.67;Bueno;Bueno;Bueno
2025-12-30;14:00;32;22.38;24.17;18.59;Bueno;53.70;Bueno;3;2.79;3.25;6.50;Bueno;21.67;Bueno;Bueno;Bueno
2025-12-30;15:00;35;22.96;24.17;18.59;Bueno;53.70;Bueno;2;2.79;3.25;6.50;Bueno;21.67;Bueno;Bueno;Bueno
2025-12-30;16:00;33;23.12;24.17;18.59;Bueno;53.70;Bueno;2;2.71;3.25;6.50;Bueno;21.67;Bueno;Bueno;Bueno
2025-12-30;17:00;53;23.62;24.17;18.59;Bueno;53.70;Bueno;9;2.92;3.25;6.50;Bueno;21.67;Bueno;Bueno;Bueno
2025-12-30;18:00;36;23.79;24.17;18.59;Bueno;53.70;Bueno;7;3.12;3.25;6.50;Bueno;21.67;Bueno;Bueno;Bueno
2025-12-30;19:00;53;25.04;24.17;18.59;Bueno;53.70;Bueno;7;3.21;3.25;6.50;Bueno;21.67;Bueno;Bueno;Bueno
2025-12-30;20:00;20;24.67;24.17;18.59;Bueno;53.70;Bueno;4;3.12;3.25;6.50;Bueno;21.67;Bueno;Bueno;Bueno
2025-12-30;21:00;23;24.67;24.17;18.59;Bueno;53.70;Bueno;2;3.08;3.25;6.50;Bueno;21.67;Bueno;Bueno;Bueno
2025-12-30;22:00;13;24.50;24.17;18.59;Bueno;53.70;Bueno;3;3.12;3.25;6.50;Bueno;21.67;Bueno;Bueno;Bueno
2025-12-30;23:00;9;24.17;24.17;18.59;Bueno;53.70;Bueno;4;3.25;3.25;6.50;Bueno;21.67;Bueno;Bueno;Bueno
2025-12-31;00:00;9;23.92;18.96;14.58;Bueno;42.13;Bueno;3;3.33;4.67;9.33;Bueno;31.11;Bueno;Bueno;Bueno
2025-12-31;01:00;8;23.71;18.96;14.58;Bueno;42.13;Bueno;3;3.42;4.67;9.33;Bueno;31.11;Bueno;Bueno;Bueno
2025-12-31;02:00;10;23.67;18.96;14.58;Bueno;42.13;Bueno;2;3.46;4.67;9.33;Bueno;31.11;Bueno;Bueno;Bueno
2025-12-31;03:00;12;23.75;18.96;14.58;Bueno;42.13;Bueno;2;3.50;4.67;9.33;Bueno;31.11;Bueno;Bueno;Bueno
2025-12-31;04:00;7;23.79;18.96;14.58;Bueno;42.13;Bueno;2;3.54;4.67;9.33;Bueno;31.11;Bueno;Bueno;Bueno
2025-12-31;05:00;13;23.92;18.96;14.58;Bueno;42.13;Bueno;5;3.67;4.67;9.33;Bueno;31.11;Bueno;Bueno;Bueno
2025-12-31;06:00;12;23.83;18.96;14.58;Bueno;42.13;Bueno;4;3.71;4.67;9.33;Bueno;31.11;Bueno;Bueno;Bueno
2025-12-31;07:00;13;23.67;18.96;14.58;Bueno;42.13;Bueno;5;3.75;4.67;9.33;Bueno;31.11;Bueno;Bueno;Bueno
2025-12-31;08:00;13;23.33;18.96;14.58;Bueno;42.13;Bueno;3;3.75;4.67;9.33;Bueno;31.11;Bueno;Bueno;Bueno
2025-12-31;09:00;15;23.12;18.96;14.58;Bueno;42.13;Bueno;1;3.58;4.67;9.33;Bueno;31.11;Bueno;Bueno;Bueno
2025-12-31;10:00;22;22.17;18.96;14.58;Bueno;42.13;Bueno;5;3.58;4.67;9.33;Bueno;31.11;Bueno;Bueno;Bueno
2025-12-31;11:00;27;21.67;18.96;14.58;Bueno;42.13;Bueno;4;3.58;4.67;9.33;Bueno;31.11;Bueno;Bueno;Bueno
2025-12-31;12:00;16;21.08;18.96;14.58;Bueno;42.13;Bueno;4;3.67;4.67;9.33;Bueno;31.11;Bueno;Bueno;Bueno
2025-12-31;13:00;18;20.92;18.96;14.58;Bueno;42.13;Bueno;4;3.75;4.67;9.33;Bueno;31.11;Bueno;Bueno;Bueno
2025-12-31;14:00;21;20.46;18.96;14.58;Bueno;42.13;Bueno;5;3.83;4.67;9.33;Bueno;31.11;Bueno;Bueno;Bueno
2025-12-31;15:00;26;20.08;18.96;14.58;Bueno;42.13;Bueno;4;3.92;4.67;9.33;Bueno;31.11;Bueno;Bueno;Bueno
2025-12-31;16:00;28;19.88;18.96;14.58;Bueno;42.13;Bueno;5;4.04;4.67;9.33;Bueno;31.11;Bueno;Bueno;Bueno
2025-12-31;17:00;24;18.67;18.96;14.58;Bueno;42.13;Bueno;7;3.96;4.67;9.33;Bueno;31.11;Bueno;Bueno;Bueno
2025-12-31;18:00;35;18.62;18.96;14.58;Bueno;42.13;Bueno;6;3.92;4.67;9.33;Bueno;31.11;Bueno;Bueno;Bueno
2025-12-31;19:00;40;18.08;18.96;14.58;Bueno;42.13;Bueno;9;4.00;4.67;9.33;Bueno;31.11;Bueno;Bueno;Bueno
2025-12-31;20:00;31;18.54;18.96;14.58;Bueno;42.13;Bueno;9;4.21;4.67;9.33;Bueno;31.11;Bueno;Bueno;Bueno
2025-12-31;21:00;16;18.25;18.96;14.58;Bueno;42.13;Bueno;7;4.42;4.67;9.33;Bueno;31.11;Bueno;Bueno;Bueno
2025-12-31;22:00;21;18.58;18.96;14.58;Bueno;42.13;Bueno;7;4.58;4.67;9.33;Bueno;31.11;Bueno;Bueno;Bueno
2025-12-31;23:00;18;18.96;18.96;14.58;Bueno;42.13;Bueno;6;4.67;4.67;9.33;Bueno;31.11;Bueno;Bueno;Bueno
2026-01-01;00:00;21;19.46;17.54;13.49;Bueno;38.98;Bueno;4;4.71;3.83;7.67;Bueno;25.56;Bueno;Bueno;Bueno
2026-01-01;01:00;19;19.92;17.54;13.49;Bueno;38.98;Bueno;3;4.71;3.83;7.67;Bueno;25.56;Bueno;Bueno;Bueno
2026-01-01;02:00;12;20.00;17.54;13.49;Bueno;38.98;Bueno;3;4.75;3.83;7.67;Bueno;25.56;Bueno;Bueno;Bueno
2026-01-01;03:00;15;20.12;17.54;13.49;Bueno;38.98;Bueno;4;4.83;3.83;7.67;Bueno;25.56;Bueno;Bueno;Bueno
2026-01-01;04:00;10;20.25;17.54;13.49;Bueno;38.98;Bueno;5;4.96;3.83;7.67;Bueno;25.56;Bueno;Bueno;Bueno
2026-01-01;05:00;12;20.21;17.54;13.49;Bueno;38.98;Bueno;4;4.92;3.83;7.67;Bueno;25.56;Bueno;Bueno;Bueno
2026-01-01;06:00;14;20.29;17.54;13.49;Bueno;38.98;Bueno;2;4.83;3.83;7.67;Bueno;25.56;Bueno;Bueno;Bueno
2026-01-01;07:00;16;20.42;17.54;13.49;Bueno;38.98;Bueno;2;4.71;3.83;7.67;Bueno;25.56;Bueno;Bueno;Bueno
2026-01-01;08:00;20;20.71;17.54;13.49;Bueno;38.98;Bueno;3;4.71;3.83;7.67;Bueno;25.56;Bueno;Bueno;Bueno
2026-01-01;09:00;17;20.79;17.54;13.49;Bueno;38.98;Bueno;1;4.71;3.83;7.67;Bueno;25.56;Bueno;Bueno;Bueno
2026-01-01;10:00;15;20.50;17.54;13.49;Bueno;38.98;Bueno;1;4.54;3.83;7.67;Bueno;25.56;Bueno;Bueno;Bueno
2026-01-01;11:00;15;20.00;17.54;13.49;Bueno;38.98;Bueno;2;4.46;3.83;7.67;Bueno;25.56;Bueno;Bueno;Bueno
2026-01-01;12:00;16;20.00;17.54;13.49;Bueno;38.98;Bueno;4;4.46;3.83;7.67;Bueno;25.56;Bueno;Bueno;Bueno
2026-01-01;13:00;17;19.96;17.54;13.49;Bueno;38.98;Bueno;3;4.42;3.83;7.67;Bueno;25.56;Bueno;Bueno;Bueno
2026-01-01;14:00;18;19.83;17.54;13.49;Bueno;38.98;Bueno;3;4.33;3.83;7.67;Bueno;25.56;Bueno;Bueno;Bueno
2026-01-01;15:00;15;19.38;17.54;13.49;Bueno;38.98;Bueno;2;4.25;3.83;7.67;Bueno;25.56;Bueno;Bueno;Bueno
2026-01-01;16:00;21;19.08;17.54;13.49;Bueno;38.98;Bueno;5;4.25;3.83;7.67;Bueno;25.56;Bueno;Bueno;Bueno
2026-01-01;17:00;16;18.75;17.54;13.49;Bueno;38.98;Bueno;5;4.17;3.83;7.67;Bueno;25.56;Bueno;Bueno;Bueno
2026-01-01;18:00;18;18.04;17.54;13.49;Bueno;38.98;Bueno;7;4.21;3.83;7.67;Bueno;25.56;Bueno;Bueno;Bueno
2026-01-01;19:00;24;17.38;17.54;13.49;Bueno;38.98;Bueno;6;4.08;3.83;7.67;Bueno;25.56;Bueno;Bueno;Bueno
2026-01-01;20:00;24;17.08;17.54;13.49;Bueno;38.98;Bueno;5;3.92;3.83;7.67;Bueno;25.56;Bueno;Bueno;Bueno
2026-01-01;21:00;18;17.17;17.54;13.49;Bueno;38.98;Bueno;5;3.83;3.83;7.67;Bueno;25.56;Bueno;Bueno;Bueno
2026-01-01;22:00;26;17.38;17.54;13.49;Bueno;38.98;Bueno;7;3.83;3.83;7.67;Bueno;25.56;Bueno;Bueno;Bueno
2026-01-01;23:00;22;17.54;17.54;13.49;Bueno;38.98;Bueno;6;3.83;3.83;7.67;Bueno;25.56;Bueno;Bueno;Bueno
2026-01-02;00:00;16;17.33;30.96;23.81;Bueno;68.80;Bueno;5;3.88;7.12;14.25;Bueno;47.50;Bueno;Bueno;Bueno
2026-01-02;01:00;17;17.25;30.96;23.81;Bueno;68.80;Bueno;5;3.96;7.12;14.25;Bueno;47.50;Bueno;Bueno;Bueno
2026-01-02;02:00;10;17.17;30.96;23.81;Bueno;68.80;Bueno;4;4.00;7.12;14.25;Bueno;47.50;Bueno;Bueno;Bueno
2026-01-02;03:00;16;17.21;30.96;23.81;Bueno;68.80;Bueno;3;3.96;7.12;14.25;Bueno;47.50;Bueno;Bueno;Bueno
2026-01-02;04:00;17;17.50;30.96;23.81;Bueno;68.80;Bueno;3;3.88;7.12;14.25;Bueno;47.50;Bueno;Bueno;Bueno
2026-01-02;05:00;16;17.67;30.96;23.81;Bueno;68.80;Bueno;5;3.92;7.12;14.25;Bueno;47.50;Bueno;Bueno;Bueno
2026-01-02;06:00;19;17.88;30.96;23.81;Bueno;68.80;Bueno;5;4.04;7.12;14.25;Bueno;47.50;Bueno;Bueno;Bueno
2026-01-02;07:00;19;18.00;30.96;23.81;Bueno;68.80;Bueno;6;4.21;7.12;14.25;Bueno;47.50;Bueno;Bueno;Bueno
2026-01-02;08:00;16;17.83;30.96;23.81;Bueno;68.80;Bueno;3;4.21;7.12;14.25;Bueno;47.50;Bueno;Bueno;Bueno
2026-01-02;09:00;20;17.96;30.96;23.81;Bueno;68.80;Bueno;1;4.21;7.12;14.25;Bueno;47.50;Bueno;Bueno;Bueno
2026-01-02;10:00;24;18.33;30.96;23.81;Bueno;68.80;Bueno;6;4.42;7.12;14.25;Bueno;47.50;Bueno;Bueno;Bueno
2026-01-02;11:00;26;18.79;30.96;23.81;Bueno;68.80;Bueno;4;4.50;7.12;14.25;Bueno;47.50;Bueno;Bueno;Bueno
2026-01-02;12:00;17;18.83;30.96;23.81;Bueno;68.80;Bueno;2;4.42;7.12;14.25;Bueno;47.50;Bueno;Bueno;Bueno
2026-01-02;13:00;21;19.00;30.96;23.81;Bueno;68.80;Bueno;5;4.50;7.12;14.25;Bueno;47.50;Bueno;Bueno;Bueno
2026-01-02;14:00;22;19.17;30.96;23.81;Bueno;68.80;Bueno;6;4.62;7.12;14.25;Bueno;47.50;Bueno;Bueno;Bueno
2026-01-02;15:00;13;19.08;30.96;23.81;Bueno;68.80;Bueno;5;4.75;7.12;14.25;Bueno;47.50;Bueno;Bueno;Bueno
2026-01-02;16:00;24;19.21;30.96;23.81;Bueno;68.80;Bueno;5;4.75;7.12;14.25;Bueno;47.50;Bueno;Bueno;Bueno
2026-01-02;17:00;22;19.46;30.96;23.81;Bueno;68.80;Bueno;6;4.79;7.12;14.25;Bueno;47.50;Bueno;Bueno;Bueno
2026-01-02;18:00;77;21.92;30.96;23.81;Bueno;68.80;Bueno;9;4.88;7.12;14.25;Bueno;47.50;Bueno;Bueno;Bueno
2026-01-02;19:00;109;25.46;30.96;23.81;Bueno;68.80;Bueno;12;5.12;7.12;14.25;Bueno;47.50;Bueno;Bueno;Bueno
2026-01-02;20:00;73;27.50;30.96;23.81;Bueno;68.80;Bueno;19;5.71;7.12;14.25;Bueno;47.50;Bueno;Bueno;Bueno
2026-01-02;21:00;63;29.38;30.96;23.81;Bueno;68.80;Bueno;18;6.25;7.12;14.25;Bueno;47.50;Bueno;Bueno;Bueno
2026-01-02;22:00;51;30.42;30.96;23.81;Bueno;68.80;Bueno;19;6.75;7.12;14.25;Bueno;47.50;Bueno;Bueno;Bueno
2026-01-02;23:00;35;30.96;30.96;23.81;Bueno;68.80;Bueno;15;7.12;7.12;14.25;Bueno;47.50;Bueno;Bueno;Bueno
2026-01-03;00:00;35;31.75;32.04;24.65;Bueno;71.21;Bueno;11;7.38;10.48;20.96;Bueno;69.86;Bueno;Bueno;Bueno
2026-01-03;01:00;23;32.00;32.04;24.65;Bueno;71.21;Bueno;10;7.58;10.48;20.96;Bueno;69.86;Bueno;Bueno;Bueno
2026-01-03;02:00;20;32.42;32.04;24.65;Bueno;71.21;Bueno;7;7.71;10.48;20.96;Bueno;69.86;Bueno;Bueno;Bueno
2026-01-03;03:00;15;32.38;32.04;24.65;Bueno;71.21;Bueno;5;7.79;10.48;20.96;Bueno;69.86;Bueno;Bueno;Bueno
2026-01-03;04:00;21;32.54;32.04;24.65;Bueno;71.21;Bueno;9;8.04;10.48;20.96;Bueno;69.86;Bueno;Bueno;Bueno
2026-01-03;05:00;22;32.79;32.04;24.65;Bueno;71.21;Bueno;9;8.21;10.48;20.96;Bueno;69.86;Bueno;Bueno;Bueno
2026-01-03;06:00;30;33.25;32.04;24.65;Bueno;71.21;Bueno;9;8.38;10.48;20.96;Bueno;69.86;Bueno;Bueno;Bueno
2026-01-03;07:00;28;33.62;32.04;24.65;Bueno;71.21;Bueno;15;8.75;10.48;20.96;Bueno;69.86;Bueno;Bueno;Bueno
2026-01-03;08:00;48;34.96;32.04;24.65;Bueno;71.21;Bueno;8;8.96;10.48;20.96;Bueno;69.86;Bueno;Bueno;Bueno
2026-01-03;09:00;55;36.42;32.04;24.65;Bueno;71.21;Bueno;14;9.50;10.48;20.96;Bueno;69.86;Bueno;Bueno;Bueno
2026-01-03;10:00;53;37.62;32.04;24.65;Bueno;71.21;Bueno;17;9.96;10.48;20.96;Bueno;69.86;Bueno;Bueno;Bueno
2026-01-03;11:00;62;39.12;32.04;24.65;Bueno;71.21;Bueno;15;10.42;10.48;20.96;Bueno;69.86;Bueno;Bueno;Bueno
2026-01-03;12:00;33;39.79;32.04;24.65;Bueno;71.21;Bueno;11;10.79;10.48;20.96;Bueno;69.86;Bueno;Bueno;Bueno
2026-01-03;13:00;48;40.92;32.04;24.65;Bueno;71.21;Bueno;12;11.08;10.48;20.96;Bueno;69.86;Bueno;Bueno;Bueno
2026-01-03;14:00;23;40.96;32.04;24.65;Bueno;71.21;Bueno;9;11.21;10.48;20.96;Bueno;69.86;Bueno;Bueno;Bueno
2026-01-03;15:00;19;41.21;32.04;24.65;Bueno;71.21;Bueno;7;11.29;10.48;20.96;Bueno;69.86;Bueno;Bueno;Bueno
2026-01-03;16:00;36;41.71;32.04;24.65;Bueno;71.21;Bueno;9;11.46;10.48;20.96;Bueno;69.86;Bueno;Bueno;Bueno
2026-01-03;17:00;29;42.00;32.04;24.65;Bueno;71.21;Bueno;12;11.71;10.48;20.96;Bueno;69.86;Bueno;Bueno;Bueno
2026-01-03;18:00;;40.48;32.04;24.65;Bueno;71.21;Bueno;;11.83;10.48;20.96;Bueno;69.86;Bueno;Bueno;Bueno
2026-01-03;19:00;33;37.17;32.04;24.65;Bueno;71.21;Bueno;9;11.70;10.48;20.96;Bueno;69.86;Bueno;Bueno;Bueno
2026-01-03;20:00;27;35.17;32.04;24.65;Bueno;71.21;Bueno;12;11.39;10.48;20.96;Bueno;69.86;Bueno;Bueno;Bueno
2026-01-03;21:00;31;33.78;32.04;24.65;Bueno;71.21;Bueno;11;11.09;10.48;20.96;Bueno;69.86;Bueno;Bueno;Bueno
2026-01-03;22:00;25;32.65;32.04;24.65;Bueno;71.21;Bueno;11;10.74;10.48;20.96;Bueno;69.86;Bueno;Bueno;Bueno
2026-01-03;23:00;21;32.04;32.04;24.65;Bueno;71.21;Bueno;9;10.48;10.48;20.96;Bueno;69.86;Bueno;Bueno;Bueno
2026-01-04;00:00;18;31.30;36.83;28.33;Bueno;81.85;Bueno;7;10.30;9.46;18.92;Bueno;63.06;Bueno;Bueno;Bueno
2026-01-04;01:00;16;31.00;36.83;28.33;Bueno;81.85;Bueno;9;10.26;9.46;18.92;Bueno;63.06;Bueno;Bueno;Bueno
2026-01-04;02:00;19;30.96;36.83;28.33;Bueno;81.85;Bueno;10;10.39;9.46;18.92;Bueno;63.06;Bueno;Bueno;Bueno
2026-01-04;03:00;16;31.00;36.83;28.33;Bueno;81.85;Bueno;9;10.57;9.46;18.92;Bueno;63.06;Bueno;Bueno;Bueno
2026-01-04;04:00;14;30.70;36.83;28.33;Bueno;81.85;Bueno;10;10.61;9.46;18.92;Bueno;63.06;Bueno;Bueno;Bueno
2026-01-04;05:00;18;30.52;36.83;28.33;Bueno;81.85;Bueno;9;10.61;9.46;18.92;Bueno;63.06;Bueno;Bueno;Bueno
2026-01-04;06:00;17;29.96;36.83;28.33;Bueno;81.85;Bueno;10;10.65;9.46;18.92;Bueno;63.06;Bueno;Bueno;Bueno
2026-01-04;07:00;15;29.39;36.83;28.33;Bueno;81.85;Bueno;11;10.48;9.46;18.92;Bueno;63.06;Bueno;Bueno;Bueno
2026-01-04;08:00;24;28.35;36.83;28.33;Bueno;81.85;Bueno;9;10.52;9.46;18.92;Bueno;63.06;Bueno;Bueno;Bueno
2026-01-04;09:00;47;28.00;36.83;28.33;Bueno;81.85;Bueno;10;10.35;9.46;18.92;Bueno;63.06;Bueno;Bueno;Bueno
2026-01-04;10:00;53;28.00;36.83;28.33;Bueno;81.85;Bueno;9;10.00;9.46;18.92;Bueno;63.06;Bueno;Bueno;Bueno
2026-01-04;11:00;60;27.91;36.83;28.33;Bueno;81.85;Bueno;11;9.83;9.46;18.92;Bueno;63.06;Bueno;Bueno;Bueno
2026-01-04;12:00;53;28.78;36.83;28.33;Bueno;81.85;Bueno;9;9.74;9.46;18.92;Bueno;63.06;Bueno;Bueno;Bueno
2026-01-04;13:00;65;29.52;36.83;28.33;Bueno;81.85;Bueno;13;9.78;9.46;18.92;Bueno;63.06;Bueno;Bueno;Bueno
2026-01-04;14:00;56;30.96;36.83;28.33;Bueno;81.85;Bueno;12;9.91;9.46;18.92;Bueno;63.06;Bueno;Bueno;Bueno
2026-01-04;15:00;72;33.26;36.83;28.33;Bueno;81.85;Bueno;11;10.09;9.46;18.92;Bueno;63.06;Bueno;Bueno;Bueno
2026-01-04;16:00;53;34.00;36.83;28.33;Bueno;81.85;Bueno;9;10.09;9.46;18.92;Bueno;63.06;Bueno;Bueno;Bueno
2026-01-04;17:00;43;34.61;36.83;28.33;Bueno;81.85;Bueno;9;9.96;9.46;18.92;Bueno;63.06;Bueno;Bueno;Bueno
2026-01-04;18:00;60;35.67;36.83;28.33;Bueno;81.85;Bueno;13;10.08;9.46;18.92;Bueno;63.06;Bueno;Bueno;Bueno
2026-01-04;19:00;45;36.17;36.83;28.33;Bueno;81.85;Bueno;11;10.17;9.46;18.92;Bueno;63.06;Bueno;Bueno;Bueno
2026-01-04;20:00;65;37.75;36.83;28.33;Bueno;81.85;Bueno;9;10.04;9.46;18.92;Bueno;63.06;Bueno;Bueno;Bueno
2026-01-04;21:00;25;37.50;36.83;28.33;Bueno;81.85;Bueno;7;9.88;9.46;18.92;Bueno;63.06;Bueno;Bueno;Bueno
2026-01-04;22:00;17;37.17;36.83;28.33;Bueno;81.85;Bueno;6;9.67;9.46;18.92;Bueno;63.06;Bueno;Bueno;Bueno
2026-01-04;23:00;13;36.83;36.83;28.33;Bueno;81.85;Bueno;4;9.46;9.46;18.92;Bueno;63.06;Bueno;Bueno;Bueno
2026-01-05;00:00;16;36.75;27.25;20.96;Bueno;60.56;Bueno;6;9.42;5.75;11.50;Bueno;38.33;Bueno;Bueno;Bueno
2026-01-05;01:00;12;36.58;27.25;20.96;Bueno;60.56;Bueno;7;9.33;5.75;11.50;Bueno;38.33;Bueno;Bueno;Bueno
2026-01-05;02:00;9;36.17;27.25;20.96;Bueno;60.56;Bueno;6;9.17;5.75;11.50;Bueno;38.33;Bueno;Bueno;Bueno
2026-01-05;03:00;11;35.96;27.25;20.96;Bueno;60.56;Bueno;6;9.04;5.75;11.50;Bueno;38.33;Bueno;Bueno;Bueno
2026-01-05;04:00;11;35.83;27.25;20.96;Bueno;60.56;Bueno;5;8.83;5.75;11.50;Bueno;38.33;Bueno;Bueno;Bueno
2026-01-05;05:00;10;35.50;27.25;20.96;Bueno;60.56;Bueno;7;8.75;5.75;11.50;Bueno;38.33;Bueno;Bueno;Bueno
2026-01-05;06:00;16;35.46;27.25;20.96;Bueno;60.56;Bueno;5;8.54;5.75;11.50;Bueno;38.33;Bueno;Bueno;Bueno
2026-01-05;07:00;30;36.08;27.25;20.96;Bueno;60.56;Bueno;4;8.25;5.75;11.50;Bueno;38.33;Bueno;Bueno;Bueno
2026-01-05;08:00;43;36.88;27.25;20.96;Bueno;60.56;Bueno;5;8.08;5.75;11.50;Bueno;38.33;Bueno;Bueno;Bueno
2026-01-05;09:00;31;36.21;27.25;20.96;Bueno;60.56;Bueno;5;7.88;5.75;11.50;Bueno;38.33;Bueno;Bueno;Bueno
2026-01-05;10:00;47;35.96;27.25;20.96;Bueno;60.56;Bueno;10;7.92;5.75;11.50;Bueno;38.33;Bueno;Bueno;Bueno
2026-01-05;11:00;22;34.38;27.25;20.96;Bueno;60.56;Bueno;7;7.75;5.75;11.50;Bueno;38.33;Bueno;Bueno;Bueno
2026-01-05;12:00;28;33.33;27.25;20.96;Bueno;60.56;Bueno;8;7.71;5.75;11.50;Bueno;38.33;Bueno;Bueno;Bueno
2026-01-05;13:00;19;31.42;27.25;20.96;Bueno;60.56;Bueno;5;7.38;5.75;11.50;Bueno;38.33;Bueno;Bueno;Bueno
2026-01-05;14:00;20;29.92;27.25;20.96;Bueno;60.56;Bueno;5;7.08;5.75;11.50;Bueno;38.33;Bueno;Bueno;Bueno
2026-01-05;15:00;29;28.12;27.25;20.96;Bueno;60.56;Bueno;4;6.79;5.75;11.50;Bueno;38.33;Bueno;Bueno;Bueno
2026-01-05;16:00;31;27.21;27.25;20.96;Bueno;60.56;Bueno;5;6.62;5.75;11.50;Bueno;38.33;Bueno;Bueno;Bueno
2026-01-05;17:00;64;28.08;27.25;20.96;Bueno;60.56;Bueno;6;6.50;5.75;11.50;Bueno;38.33;Bueno;Bueno;Bueno
2026-01-05;18:00;40;27.25;27.25;20.96;Bueno;60.56;Bueno;6;6.21;5.75;11.50;Bueno;38.33;Bueno;Bueno;Bueno
2026-01-05;19:00;66;28.12;27.25;20.96;Bueno;60.56;Bueno;7;6.04;5.75;11.50;Bueno;38.33;Bueno;Bueno;Bueno
2026-01-05;20:00;35;26.88;27.25;20.96;Bueno;60.56;Bueno;6;5.92;5.75;11.50;Bueno;38.33;Bueno;Bueno;Bueno
2026-01-05;21:00;25;26.88;27.25;20.96;Bueno;60.56;Bueno;5;5.83;5.75;11.50;Bueno;38.33;Bueno;Bueno;Bueno
2026-01-05;22:00;23;27.12;27.25;20.96;Bueno;60.56;Bueno;5;5.79;5.75;11.50;Bueno;38.33;Bueno;Bueno;Bueno
2026-01-05;23:00;16;27.25;27.25;20.96;Bueno;60.56;Bueno;3;5.75;5.75;11.50;Bueno;38.33;Bueno;Bueno;Bueno
2026-01-06;00:00;14;27.17;25.75;19.81;Bueno;57.22;Bueno;1;5.54;6.00;12.00;Bueno;40.00;Bueno;Bueno;Bueno
2026-01-06;01:00;15;27.29;25.75;19.81;Bueno;57.22;Bueno;1;5.29;6.00;12.00;Bueno;40.00;Bueno;Bueno;Bueno
2026-01-06;02:00;12;27.42;25.75;19.81;Bueno;57.22;Bueno;2;5.12;6.00;12.00;Bueno;40.00;Bueno;Bueno;Bueno
2026-01-06;03:00;14;27.54;25.75;19.81;Bueno;57.22;Bueno;1;4.92;6.00;12.00;Bueno;40.00;Bueno;Bueno;Bueno
2026-01-06;04:00;19;27.88;25.75;19.81;Bueno;57.22;Bueno;3;4.83;6.00;12.00;Bueno;40.00;Bueno;Bueno;Bueno
2026-01-06;05:00;21;28.33;25.75;19.81;Bueno;57.22;Bueno;7;4.83;6.00;12.00;Bueno;40.00;Bueno;Bueno;Bueno
2026-01-06;06:00;29;28.88;25.75;19.81;Bueno;57.22;Bueno;11;5.08;6.00;12.00;Bueno;40.00;Bueno;Bueno;Bueno
2026-01-06;07:00;30;28.88;25.75;19.81;Bueno;57.22;Bueno;9;5.29;6.00;12.00;Bueno;40.00;Bueno;Bueno;Bueno
2026-01-06;08:00;28;28.25;25.75;19.81;Bueno;57.22;Bueno;9;5.46;6.00;12.00;Bueno;40.00;Bueno;Bueno;Bueno
2026-01-06;09:00;33;28.33;25.75;19.81;Bueno;57.22;Bueno;10;5.67;6.00;12.00;Bueno;40.00;Bueno;Bueno;Bueno
2026-01-06;10:00;22;27.29;25.75;19.81;Bueno;57.22;Bueno;10;5.67;6.00;12.00;Bueno;40.00;Bueno;Bueno;Bueno
2026-01-06;11:00;16;27.04;25.75;19.81;Bueno;57.22;Bueno;6;5.62;6.00;12.00;Bueno;40.00;Bueno;Bueno;Bueno
2026-01-06;12:00;13;26.42;25.75;19.81;Bueno;57.22;Bueno;3;5.42;6.00;12.00;Bueno;40.00;Bueno;Bueno;Bueno
2026-01-06;13:00;25;26.67;25.75;19.81;Bueno;57.22;Bueno;3;5.33;6.00;12.00;Bueno;40.00;Bueno;Bueno;Bueno
2026-01-06;14:00;14;26.42;25.75;19.81;Bueno;57.22;Bueno;4;5.29;6.00;12.00;Bueno;40.00;Bueno;Bueno;Bueno
2026-01-06;15:00;13;25.75;25.75;19.81;Bueno;57.22;Bueno;6;5.38;6.00;12.00;Bueno;40.00;Bueno;Bueno;Bueno
2026-01-06;16:00;21;25.33;25.75;19.81;Bueno;57.22;Bueno;6;5.42;6.00;12.00;Bueno;40.00;Bueno;Bueno;Bueno
2026-01-06;17:00;72;25.67;25.75;19.81;Bueno;57.22;Bueno;8;5.50;6.00;12.00;Bueno;40.00;Bueno;Bueno;Bueno
2026-01-06;18:00;28;25.17;25.75;19.81;Bueno;57.22;Bueno;7;5.54;6.00;12.00;Bueno;40.00;Bueno;Bueno;Bueno
2026-01-06;19:00;51;24.54;25.75;19.81;Bueno;57.22;Bueno;8;5.58;6.00;12.00;Bueno;40.00;Bueno;Bueno;Bueno
2026-01-06;20:00;41;24.79;25.75;19.81;Bueno;57.22;Bueno;12;5.83;6.00;12.00;Bueno;40.00;Bueno;Bueno;Bueno
2026-01-06;21:00;32;25.08;25.75;19.81;Bueno;57.22;Bueno;9;6.00;6.00;12.00;Bueno;40.00;Bueno;Bueno;Bueno
2026-01-06;22:00;35;25.58;25.75;19.81;Bueno;57.22;Bueno;5;6.00;6.00;12.00;Bueno;40.00;Bueno;Bueno;Bueno
2026-01-06;23:00;20;25.75;25.75;19.81;Bueno;57.22;Bueno;3;6.00;6.00;12.00;Bueno;40.00;Bueno;Bueno;Bueno
2026-01-07;00:00;21;26.04;30.88;23.75;Bueno;68.61;Bueno;5;6.17;6.12;12.25;Bueno;40.83;Bueno;Bueno;Bueno
2026-01-07;01:00;18;26.17;30.88;23.75;Bueno;68.61;Bueno;4;6.29;6.12;12.25;Bueno;40.83;Bueno;Bueno;Bueno
2026-01-07;02:00;12;26.17;30.88;23.75;Bueno;68.61;Bueno;3;6.33;6.12;12.25;Bueno;40.83;Bueno;Bueno;Bueno
2026-01-07;03:00;10;26.00;30.88;23.75;Bueno;68.61;Bueno;5;6.50;6.12;12.25;Bueno;40.83;Bueno;Bueno;Bueno
2026-01-07;04:00;7;25.50;30.88;23.75;Bueno;68.61;Bueno;3;6.50;6.12;12.25;Bueno;40.83;Bueno;Bueno;Bueno
2026-01-07;05:00;13;25.17;30.88;23.75;Bueno;68.61;Bueno;1;6.25;6.12;12.25;Bueno;40.83;Bueno;Bueno;Bueno
2026-01-07;06:00;18;24.71;30.88;23.75;Bueno;68.61;Bueno;1;5.83;6.12;12.25;Bueno;40.83;Bueno;Bueno;Bueno
2026-01-07;07:00;27;24.58;30.88;23.75;Bueno;68.61;Bueno;3;5.58;6.12;12.25;Bueno;40.83;Bueno;Bueno;Bueno
2026-01-07;08:00;22;24.33;30.88;23.75;Bueno;68.61;Bueno;3;5.33;6.12;12.25;Bueno;40.83;Bueno;Bueno;Bueno
2026-01-07;09:00;21;23.83;30.88;23.75;Bueno;68.61;Bueno;4;5.08;6.12;12.25;Bueno;40.83;Bueno;Bueno;Bueno
2026-01-07;10:00;31;24.21;30.88;23.75;Bueno;68.61;Bueno;4;4.83;6.12;12.25;Bueno;40.83;Bueno;Bueno;Bueno
2026-01-07;11:00;22;24.46;30.88;23.75;Bueno;68.61;Bueno;8;4.92;6.12;12.25;Bueno;40.83;Bueno;Bueno;Bueno
2026-01-07;12:00;20;24.75;30.88;23.75;Bueno;68.61;Bueno;6;5.04;6.12;12.25;Bueno;40.83;Bueno;Bueno;Bueno
2026-01-07;13:00;24;24.71;30.88;23.75;Bueno;68.61;Bueno;5;5.12;6.12;12.25;Bueno;40.83;Bueno;Bueno;Bueno
2026-01-07;14:00;27;25.25;30.88;23.75;Bueno;68.61;Bueno;7;5.25;6.12;12.25;Bueno;40.83;Bueno;Bueno;Bueno
2026-01-07;15:00;26;25.79;30.88;23.75;Bueno;68.61;Bueno;7;5.29;6.12;12.25;Bueno;40.83;Bueno;Bueno;Bueno
2026-01-07;16:00;46;26.83;30.88;23.75;Bueno;68.61;Bueno;10;5.46;6.12;12.25;Bueno;40.83;Bueno;Bueno;Bueno
2026-01-07;17:00;26;24.92;30.88;23.75;Bueno;68.61;Bueno;6;5.38;6.12;12.25;Bueno;40.83;Bueno;Bueno;Bueno
2026-01-07;18:00;47;25.71;30.88;23.75;Bueno;68.61;Bueno;9;5.46;6.12;12.25;Bueno;40.83;Bueno;Bueno;Bueno
2026-01-07;19:00;63;26.21;30.88;23.75;Bueno;68.61;Bueno;13;5.67;6.12;12.25;Bueno;40.83;Bueno;Bueno;Bueno
2026-01-07;20:00;119;29.46;30.88;23.75;Bueno;68.61;Bueno;17;5.88;6.12;12.25;Bueno;40.83;Bueno;Bueno;Bueno
2026-01-07;21:00;63;30.75;30.88;23.75;Bueno;68.61;Bueno;9;5.88;6.12;12.25;Bueno;40.83;Bueno;Bueno;Bueno
2026-01-07;22:00;28;30.46;30.88;23.75;Bueno;68.61;Bueno;7;5.96;6.12;12.25;Bueno;40.83;Bueno;Bueno;Bueno
2026-01-07;23:00;30;30.88;30.88;23.75;Bueno;68.61;Bueno;7;6.12;6.12;12.25;Bueno;40.83;Bueno;Bueno;Bueno
2026-01-08;00:00;27;31.12;36.58;28.14;Bueno;81.30;Bueno;6;6.17;8.25;16.50;Bueno;55.00;Bueno;Bueno;Bueno
2026-01-08;01:00;22;31.29;36.58;28.14;Bueno;81.30;Bueno;6;6.25;8.25;16.50;Bueno;55.00;Bueno;Bueno;Bueno
2026-01-08;02:00;47;32.75;36.58;28.14;Bueno;81.30;Bueno;12;6.62;8.25;16.50;Bueno;55.00;Bueno;Bueno;Bueno
2026-01-08;03:00;21;33.21;36.58;28.14;Bueno;81.30;Bueno;7;6.71;8.25;16.50;Bueno;55.00;Bueno;Bueno;Bueno
2026-01-08;04:00;21;33.79;36.58;28.14;Bueno;81.30;Bueno;4;6.75;8.25;16.50;Bueno;55.00;Bueno;Bueno;Bueno
2026-01-08;05:00;26;34.33;36.58;28.14;Bueno;81.30;Bueno;6;6.96;8.25;16.50;Bueno;55.00;Bueno;Bueno;Bueno
2026-01-08;06:00;33;34.96;36.58;28.14;Bueno;81.30;Bueno;10;7.33;8.25;16.50;Bueno;55.00;Bueno;Bueno;Bueno
2026-01-08;07:00;33;35.21;36.58;28.14;Bueno;81.30;Bueno;7;7.50;8.25;16.50;Bueno;55.00;Bueno;Bueno;Bueno
2026-01-08;08:00;35;35.75;36.58;28.14;Bueno;81.30;Bueno;8;7.71;8.25;16.50;Bueno;55.00;Bueno;Bueno;Bueno
2026-01-08;09:00;37;36.42;36.58;28.14;Bueno;81.30;Bueno;8;7.88;8.25;16.50;Bueno;55.00;Bueno;Bueno;Bueno
2026-01-08;10:00;31;36.42;36.58;28.14;Bueno;81.30;Bueno;5;7.92;8.25;16.50;Bueno;55.00;Bueno;Bueno;Bueno
2026-01-08;11:00;36;37.00;36.58;28.14;Bueno;81.30;Bueno;8;7.92;8.25;16.50;Bueno;55.00;Bueno;Bueno;Bueno
2026-01-08;12:00;36;37.67;36.58;28.14;Bueno;81.30;Bueno;5;7.88;8.25;16.50;Bueno;55.00;Bueno;Bueno;Bueno
2026-01-08;13:00;33;38.04;36.58;28.14;Bueno;81.30;Bueno;4;7.83;8.25;16.50;Bueno;55.00;Bueno;Bueno;Bueno
2026-01-08;14:00;22;37.83;36.58;28.14;Bueno;81.30;Bueno;7;7.83;8.25;16.50;Bueno;55.00;Bueno;Bueno;Bueno
2026-01-08;15:00;19;37.54;36.58;28.14;Bueno;81.30;Bueno;15;8.17;8.25;16.50;Bueno;55.00;Bueno;Bueno;Bueno
2026-01-08;16:00;36;37.12;36.58;28.14;Bueno;81.30;Bueno;8;8.08;8.25;16.50;Bueno;55.00;Bueno;Bueno;Bueno
2026-01-08;17:00;53;38.25;36.58;28.14;Bueno;81.30;Bueno;6;8.08;8.25;16.50;Bueno;55.00;Bueno;Bueno;Bueno
2026-01-08;18:00;31;37.58;36.58;28.14;Bueno;81.30;Bueno;5;7.92;8.25;16.50;Bueno;55.00;Bueno;Bueno;Bueno
2026-01-08;19:00;43;36.75;36.58;28.14;Bueno;81.30;Bueno;4;7.54;8.25;16.50;Bueno;55.00;Bueno;Bueno;Bueno
2026-01-08;20:00;100;35.96;36.58;28.14;Bueno;81.30;Bueno;15;7.46;8.25;16.50;Bueno;55.00;Bueno;Bueno;Bueno
2026-01-08;21:00;50;35.42;36.58;28.14;Bueno;81.30;Bueno;14;7.67;8.25;16.50;Bueno;55.00;Bueno;Bueno;Bueno
2026-01-08;22:00;43;36.04;36.58;28.14;Bueno;81.30;Bueno;15;8.00;8.25;16.50;Bueno;55.00;Bueno;Bueno;Bueno
2026-01-08;23:00;43;36.58;36.58;28.14;Bueno;81.30;Bueno;13;8.25;8.25;16.50;Bueno;55.00;Bueno;Bueno;Bueno
2026-01-09;00:00;37;37.00;25.92;19.94;Bueno;57.59;Bueno;11;8.46;6.08;12.17;Bueno;40.56;Bueno;Bueno;Bueno
2026-01-09;01:00;36;37.58;25.92;19.94;Bueno;57.59;Bueno;11;8.67;6.08;12.17;Bueno;40.56;Bueno;Bueno;Bueno
2026-01-09;02:00;27;36.75;25.92;19.94;Bueno;57.59;Bueno;10;8.58;6.08;12.17;Bueno;40.56;Bueno;Bueno;Bueno
2026-01-09;03:00;29;37.08;25.92;19.94;Bueno;57.59;Bueno;8;8.62;6.08;12.17;Bueno;40.56;Bueno;Bueno;Bueno
2026-01-09;04:00;15;36.83;25.92;19.94;Bueno;57.59;Bueno;9;8.83;6.08;12.17;Bueno;40.56;Bueno;Bueno;Bueno
2026-01-09;05:00;22;36.67;25.92;19.94;Bueno;57.59;Bueno;6;8.83;6.08;12.17;Bueno;40.56;Bueno;Bueno;Bueno
2026-01-09;06:00;23;36.25;25.92;19.94;Bueno;57.59;Bueno;6;8.67;6.08;12.17;Bueno;40.56;Bueno;Bueno;Bueno
2026-01-09;07:00;38;36.46;25.92;19.94;Bueno;57.59;Bueno;5;8.58;6.08;12.17;Bueno;40.56;Bueno;Bueno;Bueno
2026-01-09;08:00;27;36.12;25.92;19.94;Bueno;57.59;Bueno;8;8.58;6.08;12.17;Bueno;40.56;Bueno;Bueno;Bueno
2026-01-09;09:00;27;35.71;25.92;19.94;Bueno;57.59;Bueno;8;8.58;6.08;12.17;Bueno;40.56;Bueno;Bueno;Bueno
2026-01-09;10:00;22;35.33;25.92;19.94;Bueno;57.59;Bueno;6;8.62;6.08;12.17;Bueno;40.56;Bueno;Bueno;Bueno
2026-01-09;11:00;35;35.29;25.92;19.94;Bueno;57.59;Bueno;8;8.62;6.08;12.17;Bueno;40.56;Bueno;Bueno;Bueno
2026-01-09;12:00;28;34.96;25.92;19.94;Bueno;57.59;Bueno;6;8.67;6.08;12.17;Bueno;40.56;Bueno;Bueno;Bueno
2026-01-09;13:00;28;34.75;25.92;19.94;Bueno;57.59;Bueno;3;8.62;6.08;12.17;Bueno;40.56;Bueno;Bueno;Bueno
2026-01-09;14:00;29;35.04;25.92;19.94;Bueno;57.59;Bueno;4;8.50;6.08;12.17;Bueno;40.56;Bueno;Bueno;Bueno
2026-01-09;15:00;24;35.25;25.92;19.94;Bueno;57.59;Bueno;4;8.04;6.08;12.17;Bueno;40.56;Bueno;Bueno;Bueno
2026-01-09;16:00;18;34.50;25.92;19.94;Bueno;57.59;Bueno;2;7.79;6.08;12.17;Bueno;40.56;Bueno;Bueno;Bueno
2026-01-09;17:00;24;33.29;25.92;19.94;Bueno;57.59;Bueno;2;7.62;6.08;12.17;Bueno;40.56;Bueno;Bueno;Bueno
2026-01-09;18:00;20;32.83;25.92;19.94;Bueno;57.59;Bueno;4;7.58;6.08;12.17;Bueno;40.56;Bueno;Bueno;Bueno
2026-01-09;19:00;27;32.17;25.92;19.94;Bueno;57.59;Bueno;5;7.62;6.08;12.17;Bueno;40.56;Bueno;Bueno;Bueno
2026-01-09;20:00;35;29.46;25.92;19.94;Bueno;57.59;Bueno;8;7.33;6.08;12.17;Bueno;40.56;Bueno;Bueno;Bueno
2026-01-09;21:00;25;28.42;25.92;19.94;Bueno;57.59;Bueno;6;7.00;6.08;12.17;Bueno;40.56;Bueno;Bueno;Bueno
2026-01-09;22:00;16;27.29;25.92;19.94;Bueno;57.59;Bueno;3;6.50;6.08;12.17;Bueno;40.56;Bueno;Bueno;Bueno
2026-01-09;23:00;10;25.92;25.92;19.94;Bueno;57.59;Bueno;3;6.08;6.08;12.17;Bueno;40.56;Bueno;Bueno;Bueno
2026-01-10;00:00;14;24.96;21.67;16.67;Bueno;48.15;Bueno;2;5.71;5.71;11.42;Bueno;38.06;Bueno;Bueno;Bueno
2026-01-10;01:00;20;24.29;21.67;16.67;Bueno;48.15;Bueno;7;5.54;5.71;11.42;Bueno;38.06;Bueno;Bueno;Bueno
2026-01-10;02:00;20;24.00;21.67;16.67;Bueno;48.15;Bueno;12;5.62;5.71;11.42;Bueno;38.06;Bueno;Bueno;Bueno
2026-01-10;03:00;10;23.21;21.67;16.67;Bueno;48.15;Bueno;7;5.58;5.71;11.42;Bueno;38.06;Bueno;Bueno;Bueno
2026-01-10;04:00;12;23.08;21.67;16.67;Bueno;48.15;Bueno;1;5.25;5.71;11.42;Bueno;38.06;Bueno;Bueno;Bueno
2026-01-10;05:00;16;22.83;21.67;16.67;Bueno;48.15;Bueno;1;5.04;5.71;11.42;Bueno;38.06;Bueno;Bueno;Bueno
2026-01-10;06:00;17;22.58;21.67;16.67;Bueno;48.15;Bueno;1;4.83;5.71;11.42;Bueno;38.06;Bueno;Bueno;Bueno
2026-01-10;07:00;16;21.67;21.67;16.67;Bueno;48.15;Bueno;5;4.83;5.71;11.42;Bueno;38.06;Bueno;Bueno;Bueno
2026-01-10;08:00;23;21.50;21.67;16.67;Bueno;48.15;Bueno;8;4.83;5.71;11.42;Bueno;38.06;Bueno;Bueno;Bueno
2026-01-10;09:00;24;21.38;21.67;16.67;Bueno;48.15;Bueno;6;4.75;5.71;11.42;Bueno;38.06;Bueno;Bueno;Bueno
2026-01-10;10:00;23;21.42;21.67;16.67;Bueno;48.15;Bueno;5;4.71;5.71;11.42;Bueno;38.06;Bueno;Bueno;Bueno
2026-01-10;11:00;21;20.83;21.67;16.67;Bueno;48.15;Bueno;8;4.71;5.71;11.42;Bueno;38.06;Bueno;Bueno;Bueno
2026-01-10;12:00;23;20.62;21.67;16.67;Bueno;48.15;Bueno;4;4.62;5.71;11.42;Bueno;38.06;Bueno;Bueno;Bueno
2026-01-10;13:00;24;20.46;21.67;16.67;Bueno;48.15;Bueno;4;4.67;5.71;11.42;Bueno;38.06;Bueno;Bueno;Bueno
2026-01-10;14:00;17;19.96;21.67;16.67;Bueno;48.15;Bueno;3;4.62;5.71;11.42;Bueno;38.06;Bueno;Bueno;Bueno
2026-01-10;15:00;15;19.58;21.67;16.67;Bueno;48.15;Bueno;9;4.83;5.71;11.42;Bueno;38.06;Bueno;Bueno;Bueno
2026-01-10;16:00;14;19.42;21.67;16.67;Bueno;48.15;Bueno;5;4.96;5.71;11.42;Bueno;38.06;Bueno;Bueno;Bueno
2026-01-10;17:00;26;19.50;21.67;16.67;Bueno;48.15;Bueno;5;5.08;5.71;11.42;Bueno;38.06;Bueno;Bueno;Bueno
2026-01-10;18:00;30;19.92;21.67;16.67;Bueno;48.15;Bueno;6;5.17;5.71;11.42;Bueno;38.06;Bueno;Bueno;Bueno
2026-01-10;19:00;40;20.46;21.67;16.67;Bueno;48.15;Bueno;6;5.21;5.71;11.42;Bueno;38.06;Bueno;Bueno;Bueno
2026-01-10;20:00;39;20.62;21.67;16.67;Bueno;48.15;Bueno;10;5.29;5.71;11.42;Bueno;38.06;Bueno;Bueno;Bueno
2026-01-10;21:00;34;21.00;21.67;16.67;Bueno;48.15;Bueno;9;5.42;5.71;11.42;Bueno;38.06;Bueno;Bueno;Bueno
2026-01-10;22:00;26;21.42;21.67;16.67;Bueno;48.15;Bueno;5;5.50;5.71;11.42;Bueno;38.06;Bueno;Bueno;Bueno
2026-01-10;23:00;16;21.67;21.67;16.67;Bueno;48.15;Bueno;8;5.71;5.71;11.42;Bueno;38.06;Bueno;Bueno;Bueno
2026-01-11;00:00;13;21.62;34.33;26.41;Bueno;76.30;Bueno;5;5.83;6.25;12.50;Bueno;41.67;Bueno;Bueno;Bueno
2026-01-11;01:00;12;21.29;34.33;26.41;Bueno;76.30;Bueno;4;5.71;6.25;12.50;Bueno;41.67;Bueno;Bueno;Bueno
2026-01-11;02:00;8;20.79;34.33;26.41;Bueno;76.30;Bueno;4;5.38;6.25;12.50;Bueno;41.67;Bueno;Bueno;Bueno
2026-01-11;03:00;10;20.79;34.33;26.41;Bueno;76.30;Bueno;3;5.21;6.25;12.50;Bueno;41.67;Bueno;Bueno;Bueno
2026-01-11;04:00;10;20.71;34.33;26.41;Bueno;76.30;Bueno;4;5.33;6.25;12.50;Bueno;41.67;Bueno;Bueno;Bueno
2026-01-11;05:00;11;20.50;34.33;26.41;Bueno;76.30;Bueno;3;5.42;6.25;12.50;Bueno;41.67;Bueno;Bueno;Bueno
2026-01-11;06:00;12;20.29;34.33;26.41;Bueno;76.30;Bueno;3;5.50;6.25;12.50;Bueno;41.67;Bueno;Bueno;Bueno
2026-01-11;07:00;19;20.42;34.33;26.41;Bueno;76.30;Bueno;2;5.38;6.25;12.50;Bueno;41.67;Bueno;Bueno;Bueno
2026-01-11;08:00;59;21.92;34.33;26.41;Bueno;76.30;Bueno;10;5.46;6.25;12.50;Bueno;41.67;Bueno;Bueno;Bueno
2026-01-11;09:00;22;21.83;34.33;26.41;Bueno;76.30;Bueno;6;5.46;6.25;12.50;Bueno;41.67;Bueno;Bueno;Bueno
2026-01-11;10:00;35;22.33;34.33;26.41;Bueno;76.30;Bueno;5;5.46;6.25;12.50;Bueno;41.67;Bueno;Bueno;Bueno
2026-01-11;11:00;38;23.04;34.33;26.41;Bueno;76.30;Bueno;8;5.46;6.25;12.50;Bueno;41.67;Bueno;Bueno;Bueno
2026-01-11;12:00;65;24.79;34.33;26.41;Bueno;76.30;Bueno;7;5.58;6.25;12.50;Bueno;41.67;Bueno;Bueno;Bueno
2026-01-11;13:00;51;25.92;34.33;26.41;Bueno;76.30;Bueno;6;5.67;6.25;12.50;Bueno;41.67;Bueno;Bueno;Bueno
2026-01-11;14:00;53;27.42;34.33;26.41;Bueno;76.30;Bueno;18;6.29;6.25;12.50;Bueno;41.67;Bueno;Bueno;Bueno
2026-01-11;15:00;86;30.38;34.33;26.41;Bueno;76.30;Bueno;6;6.17;6.25;12.50;Bueno;41.67;Bueno;Bueno;Bueno
2026-01-11;16:00;81;33.17;34.33;26.41;Bueno;76.30;Bueno;9;6.33;6.25;12.50;Bueno;41.67;Bueno;Bueno;Bueno
2026-01-11;17:00;63;34.71;34.33;26.41;Bueno;76.30;Bueno;11;6.58;6.25;12.50;Bueno;41.67;Bueno;Bueno;Bueno
2026-01-11;18:00;28;34.62;34.33;26.41;Bueno;76.30;Bueno;6;6.58;6.25;12.50;Bueno;41.67;Bueno;Bueno;Bueno
2026-01-11;19:00;31;34.25;34.33;26.41;Bueno;76.30;Bueno;1;6.38;6.25;12.50;Bueno;41.67;Bueno;Bueno;Bueno
2026-01-11;20:00;40;34.29;34.33;26.41;Bueno;76.30;Bueno;6;6.21;6.25;12.50;Bueno;41.67;Bueno;Bueno;Bueno
2026-01-11;21:00;43;34.67;34.33;26.41;Bueno;76.30;Bueno;6;6.08;6.25;12.50;Bueno;41.67;Bueno;Bueno;Bueno
2026-01-11;22:00;17;34.29;34.33;26.41;Bueno;76.30;Bueno;7;6.17;6.25;12.50;Bueno;41.67;Bueno;Bueno;Bueno
2026-01-11;23:00;17;34.33;34.33;26.41;Bueno;76.30;Bueno;10;6.25;6.25;12.50;Bueno;41.67;Bueno;Bueno;Bueno
2026-01-12;00:00;19;34.58;22.22;17.09;Bueno;49.37;Bueno;8;6.38;4.22;8.43;Bueno;28.12;Bueno;Bueno;Bueno
2026-01-12;01:00;14;34.67;22.22;17.09;Bueno;49.37;Bueno;6;6.46;4.22;8.43;Bueno;28.12;Bueno;Bueno;Bueno
2026-01-12;02:00;13;34.88;22.22;17.09;Bueno;49.37;Bueno;6;6.54;4.22;8.43;Bueno;28.12;Bueno;Bueno;Bueno
2026-01-12;03:00;13;35.00;22.22;17.09;Bueno;49.37;Bueno;7;6.71;4.22;8.43;Bueno;28.12;Bueno;Bueno;Bueno
2026-01-12;04:00;9;34.96;22.22;17.09;Bueno;49.37;Bueno;3;6.67;4.22;8.43;Bueno;28.12;Bueno;Bueno;Bueno
2026-01-12;05:00;12;35.00;22.22;17.09;Bueno;49.37;Bueno;3;6.67;4.22;8.43;Bueno;28.12;Bueno;Bueno;Bueno
2026-01-12;06:00;14;35.08;22.22;17.09;Bueno;49.37;Bueno;7;6.83;4.22;8.43;Bueno;28.12;Bueno;Bueno;Bueno
2026-01-12;07:00;16;34.96;22.22;17.09;Bueno;49.37;Bueno;6;7.00;4.22;8.43;Bueno;28.12;Bueno;Bueno;Bueno
2026-01-12;08:00;25;33.54;22.22;17.09;Bueno;49.37;Bueno;6;6.83;4.22;8.43;Bueno;28.12;Bueno;Bueno;Bueno
2026-01-12;09:00;28;33.79;22.22;17.09;Bueno;49.37;Bueno;4;6.75;4.22;8.43;Bueno;28.12;Bueno;Bueno;Bueno
2026-01-12;10:00;43;34.12;22.22;17.09;Bueno;49.37;Bueno;4;6.71;4.22;8.43;Bueno;28.12;Bueno;Bueno;Bueno
2026-01-12;11:00;;33.96;22.22;17.09;Bueno;49.37;Bueno;;6.65;4.22;8.43;Bueno;28.12;Bueno;Bueno;Bueno
2026-01-12;12:00;35;32.65;22.22;17.09;Bueno;49.37;Bueno;7;6.65;4.22;8.43;Bueno;28.12;Bueno;Bueno;Bueno
2026-01-12;13:00;19;31.26;22.22;17.09;Bueno;49.37;Bueno;2;6.48;4.22;8.43;Bueno;28.12;Bueno;Bueno;Bueno
2026-01-12;14:00;21;29.87;22.22;17.09;Bueno;49.37;Bueno;2;5.78;4.22;8.43;Bueno;28.12;Bueno;Bueno;Bueno
2026-01-12;15:00;17;26.87;22.22;17.09;Bueno;49.37;Bueno;5;5.74;4.22;8.43;Bueno;28.12;Bueno;Bueno;Bueno
2026-01-12;16:00;34;24.83;22.22;17.09;Bueno;49.37;Bueno;4;5.52;4.22;8.43;Bueno;28.12;Bueno;Bueno;Bueno
2026-01-12;17:00;23;23.09;22.22;17.09;Bueno;49.37;Bueno;2;5.13;4.22;8.43;Bueno;28.12;Bueno;Bueno;Bueno
2026-01-12;18:00;37;23.48;22.22;17.09;Bueno;49.37;Bueno;2;4.96;4.22;8.43;Bueno;28.12;Bueno;Bueno;Bueno
2026-01-12;19:00;30;23.43;22.22;17.09;Bueno;49.37;Bueno;5;5.13;4.22;8.43;Bueno;28.12;Bueno;Bueno;Bueno
2026-01-12;20:00;25;22.78;22.22;17.09;Bueno;49.37;Bueno;4;5.04;4.22;8.43;Bueno;28.12;Bueno;Bueno;Bueno
2026-01-12;21:00;25;22.00;22.22;17.09;Bueno;49.37;Bueno;2;4.87;4.22;8.43;Bueno;28.12;Bueno;Bueno;Bueno
2026-01-12;22:00;22;22.22;22.22;17.09;Bueno;49.37;Bueno;1;4.61;4.22;8.43;Bueno;28.12;Bueno;Bueno;Bueno
2026-01-12;23:00;17;22.22;22.22;17.09;Bueno;49.37;Bueno;1;4.22;4.22;8.43;Bueno;28.12;Bueno;Bueno;Bueno
2026-01-13;00:00;14;22.00;25.29;19.46;Bueno;56.20;Bueno;2;3.96;4.12;8.25;Bueno;27.50;Bueno;Bueno;Bueno
2026-01-13;01:00;16;22.09;25.29;19.46;Bueno;56.20;Bueno;2;3.78;4.12;8.25;Bueno;27.50;Bueno;Bueno;Bueno
2026-01-13;02:00;8;21.87;25.29;19.46;Bueno;56.20;Bueno;1;3.57;4.12;8.25;Bueno;27.50;Bueno;Bueno;Bueno
2026-01-13;03:00;9;21.70;25.29;19.46;Bueno;56.20;Bueno;2;3.35;4.12;8.25;Bueno;27.50;Bueno;Bueno;Bueno
2026-01-13;04:00;10;21.74;25.29;19.46;Bueno;56.20;Bueno;3;3.35;4.12;8.25;Bueno;27.50;Bueno;Bueno;Bueno
2026-01-13;05:00;20;22.09;25.29;19.46;Bueno;56.20;Bueno;3;3.35;4.12;8.25;Bueno;27.50;Bueno;Bueno;Bueno
2026-01-13;06:00;15;22.13;25.29;19.46;Bueno;56.20;Bueno;5;3.26;4.12;8.25;Bueno;27.50;Bueno;Bueno;Bueno
2026-01-13;07:00;22;22.39;25.29;19.46;Bueno;56.20;Bueno;5;3.22;4.12;8.25;Bueno;27.50;Bueno;Bueno;Bueno
2026-01-13;08:00;22;22.26;25.29;19.46;Bueno;56.20;Bueno;3;3.09;4.12;8.25;Bueno;27.50;Bueno;Bueno;Bueno
2026-01-13;09:00;50;23.22;25.29;19.46;Bueno;56.20;Bueno;5;3.13;4.12;8.25;Bueno;27.50;Bueno;Bueno;Bueno
2026-01-13;10:00;33;22.78;25.29;19.46;Bueno;56.20;Bueno;7;3.26;4.12;8.25;Bueno;27.50;Bueno;Bueno;Bueno
2026-01-13;11:00;38;23.42;25.29;19.46;Bueno;56.20;Bueno;5;3.33;4.12;8.25;Bueno;27.50;Bueno;Bueno;Bueno
2026-01-13;12:00;25;23.00;25.29;19.46;Bueno;56.20;Bueno;4;3.21;4.12;8.25;Bueno;27.50;Bueno;Bueno;Bueno
2026-01-13;13:00;27;23.33;25.29;19.46;Bueno;56.20;Bueno;6;3.38;4.12;8.25;Bueno;27.50;Bueno;Bueno;Bueno
2026-01-13;14:00;25;23.50;25.29;19.46;Bueno;56.20;Bueno;5;3.50;4.12;8.25;Bueno;27.50;Bueno;Bueno;Bueno
2026-01-13;15:00;24;23.79;25.29;19.46;Bueno;56.20;Bueno;3;3.42;4.12;8.25;Bueno;27.50;Bueno;Bueno;Bueno
2026-01-13;16:00;22;23.29;25.29;19.46;Bueno;56.20;Bueno;2;3.33;4.12;8.25;Bueno;27.50;Bueno;Bueno;Bueno
2026-01-13;17:00;33;23.71;25.29;19.46;Bueno;56.20;Bueno;2;3.33;4.12;8.25;Bueno;27.50;Bueno;Bueno;Bueno
2026-01-13;18:00;36;23.67;25.29;19.46;Bueno;56.20;Bueno;9;3.62;4.12;8.25;Bueno;27.50;Bueno;Bueno;Bueno
2026-01-13;19:00;48;24.42;25.29;19.46;Bueno;56.20;Bueno;7;3.71;4.12;8.25;Bueno;27.50;Bueno;Bueno;Bueno
2026-01-13;20:00;38;24.96;25.29;19.46;Bueno;56.20;Bueno;6;3.79;4.12;8.25;Bueno;27.50;Bueno;Bueno;Bueno
2026-01-13;21:00;34;25.33;25.29;19.46;Bueno;56.20;Bueno;7;4.00;4.12;8.25;Bueno;27.50;Bueno;Bueno;Bueno
2026-01-13;22:00;21;25.29;25.29;19.46;Bueno;56.20;Bueno;4;4.12;4.12;8.25;Bueno;27.50;Bueno;Bueno;Bueno
2026-01-13;23:00;17;25.29;25.29;19.46;Bueno;56.20;Bueno;1;4.12;4.12;8.25;Bueno;27.50;Bueno;Bueno;Bueno
2026-01-14;00:00;16;25.38;25.92;19.94;Bueno;57.59;Bueno;1;4.08;3.08;6.17;Bueno;20.56;Bueno;Bueno;Bueno
2026-01-14;01:00;16;25.38;25.92;19.94;Bueno;57.59;Bueno;1;4.04;3.08;6.17;Bueno;20.56;Bueno;Bueno;Bueno
2026-01-14;02:00;21;25.92;25.92;19.94;Bueno;57.59;Bueno;4;4.17;3.08;6.17;Bueno;20.56;Bueno;Bueno;Bueno
2026-01-14;03:00;16;26.21;25.92;19.94;Bueno;57.59;Bueno;4;4.25;3.08;6.17;Bueno;20.56;Bueno;Bueno;Bueno
2026-01-14;04:00;14;26.38;25.92;19.94;Bueno;57.59;Bueno;3;4.25;3.08;6.17;Bueno;20.56;Bueno;Bueno;Bueno
2026-01-14;05:00;12;26.04;25.92;19.94;Bueno;57.59;Bueno;1;4.17;3.08;6.17;Bueno;20.56;Bueno;Bueno;Bueno
2026-01-14;06:00;23;26.38;25.92;19.94;Bueno;57.59;Bueno;2;4.04;3.08;6.17;Bueno;20.56;Bueno;Bueno;Bueno
2026-01-14;07:00;14;26.04;25.92;19.94;Bueno;57.59;Bueno;3;3.96;3.08;6.17;Bueno;20.56;Bueno;Bueno;Bueno
2026-01-14;08:00;19;25.92;25.92;19.94;Bueno;57.59;Bueno;2;3.92;3.08;6.17;Bueno;20.56;Bueno;Bueno;Bueno
2026-01-14;09:00;20;24.67;25.92;19.94;Bueno;57.59;Bueno;2;3.79;3.08;6.17;Bueno;20.56;Bueno;Bueno;Bueno
2026-01-14;10:00;20;24.12;25.92;19.94;Bueno;57.59;Bueno;4;3.67;3.08;6.17;Bueno;20.56;Bueno;Bueno;Bueno
2026-01-14;11:00;27;23.67;25.92;19.94;Bueno;57.59;Bueno;5;3.67;3.08;6.17;Bueno;20.56;Bueno;Bueno;Bueno
2026-01-14;12:00;27;23.75;25.92;19.94;Bueno;57.59;Bueno;2;3.58;3.08;6.17;Bueno;20.56;Bueno;Bueno;Bueno
2026-01-14;13:00;25;23.67;25.92;19.94;Bueno;57.59;Bueno;2;3.42;3.08;6.17;Bueno;20.56;Bueno;Bueno;Bueno
2026-01-14;14:00;31;23.92;25.92;19.94;Bueno;57.59;Bueno;3;3.33;3.08;6.17;Bueno;20.56;Bueno;Bueno;Bueno
2026-01-14;15:00;41;24.62;25.92;19.94;Bueno;57.59;Bueno;3;3.33;3.08;6.17;Bueno;20.56;Bueno;Bueno;Bueno
2026-01-14;16:00;31;25.00;25.92;19.94;Bueno;57.59;Bueno;5;3.46;3.08;6.17;Bueno;20.56;Bueno;Bueno;Bueno
2026-01-14;17:00;46;25.54;25.92;19.94;Bueno;57.59;Bueno;4;3.54;3.08;6.17;Bueno;20.56;Bueno;Bueno;Bueno
2026-01-14;18:00;35;25.50;25.92;19.94;Bueno;57.59;Bueno;3;3.29;3.08;6.17;Bueno;20.56;Bueno;Bueno;Bueno
2026-01-14;19:00;64;26.17;25.92;19.94;Bueno;57.59;Bueno;8;3.33;3.08;6.17;Bueno;20.56;Bueno;Bueno;Bueno
2026-01-14;20:00;49;26.62;25.92;19.94;Bueno;57.59;Bueno;5;3.29;3.08;6.17;Bueno;20.56;Bueno;Bueno;Bueno
2026-01-14;21:00;22;26.12;25.92;19.94;Bueno;57.59;Bueno;3;3.12;3.08;6.17;Bueno;20.56;Bueno;Bueno;Bueno
2026-01-14;22:00;13;25.79;25.92;19.94;Bueno;57.59;Bueno;3;3.08;3.08;6.17;Bueno;20.56;Bueno;Bueno;Bueno
2026-01-14;23:00;20;25.92;25.92;19.94;Bueno;57.59;Bueno;1;3.08;3.08;6.17;Bueno;20.56;Bueno;Bueno;Bueno
2026-01-15;00:00;9;25.62;19.58;15.06;Bueno;43.52;Bueno;1;3.08;3.00;6.00;Bueno;20.00;Bueno;Bueno;Bueno
2026-01-15;01:00;6;25.21;19.58;15.06;Bueno;43.52;Bueno;1;3.08;3.00;6.00;Bueno;20.00;Bueno;Bueno;Bueno
2026-01-15;02:00;7;24.62;19.58;15.06;Bueno;43.52;Bueno;1;2.96;3.00;6.00;Bueno;20.00;Bueno;Bueno;Bueno
2026-01-15;03:00;7;24.25;19.58;15.06;Bueno;43.52;Bueno;2;2.88;3.00;6.00;Bueno;20.00;Bueno;Bueno;Bueno
2026-01-15;04:00;7;23.96;19.58;15.06;Bueno;43.52;Bueno;2;2.83;3.00;6.00;Bueno;20.00;Bueno;Bueno;Bueno
2026-01-15;05:00;9;23.83;19.58;15.06;Bueno;43.52;Bueno;2;2.88;3.00;6.00;Bueno;20.00;Bueno;Bueno;Bueno
2026-01-15;06:00;16;23.54;19.58;15.06;Bueno;43.52;Bueno;2;2.88;3.00;6.00;Bueno;20.00;Bueno;Bueno;Bueno
2026-01-15;07:00;17;23.67;19.58;15.06;Bueno;43.52;Bueno;2;2.83;3.00;6.00;Bueno;20.00;Bueno;Bueno;Bueno
2026-01-15;08:00;29;24.08;19.58;15.06;Bueno;43.52;Bueno;7;3.04;3.00;6.00;Bueno;20.00;Bueno;Bueno;Bueno
2026-01-15;09:00;22;24.17;19.58;15.06;Bueno;43.52;Bueno;6;3.21;3.00;6.00;Bueno;20.00;Bueno;Bueno;Bueno
2026-01-15;10:00;20;24.17;19.58;15.06;Bueno;43.52;Bueno;3;3.17;3.00;6.00;Bueno;20.00;Bueno;Bueno;Bueno
2026-01-15;11:00;17;23.75;19.58;15.06;Bueno;43.52;Bueno;2;3.04;3.00;6.00;Bueno;20.00;Bueno;Bueno;Bueno
2026-01-15;12:00;16;23.29;19.58;15.06;Bueno;43.52;Bueno;2;3.04;3.00;6.00;Bueno;20.00;Bueno;Bueno;Bueno
2026-01-15;13:00;22;23.17;19.58;15.06;Bueno;43.52;Bueno;5;3.17;3.00;6.00;Bueno;20.00;Bueno;Bueno;Bueno
2026-01-15;14:00;27;23.00;19.58;15.06;Bueno;43.52;Bueno;4;3.21;3.00;6.00;Bueno;20.00;Bueno;Bueno;Bueno
2026-01-15;15:00;34;22.71;19.58;15.06;Bueno;43.52;Bueno;2;3.17;3.00;6.00;Bueno;20.00;Bueno;Bueno;Bueno
2026-01-15;16:00;24;22.42;19.58;15.06;Bueno;43.52;Bueno;5;3.17;3.00;6.00;Bueno;20.00;Bueno;Bueno;Bueno
2026-01-15;17:00;19;21.29;19.58;15.06;Bueno;43.52;Bueno;4;3.17;3.00;6.00;Bueno;20.00;Bueno;Bueno;Bueno
2026-01-15;18:00;25;20.88;19.58;15.06;Bueno;43.52;Bueno;1;3.08;3.00;6.00;Bueno;20.00;Bueno;Bueno;Bueno
2026-01-15;19:00;42;19.96;19.58;15.06;Bueno;43.52;Bueno;3;2.88;3.00;6.00;Bueno;20.00;Bueno;Bueno;Bueno
2026-01-15;20:00;26;19.00;19.58;15.06;Bueno;43.52;Bueno;4;2.83;3.00;6.00;Bueno;20.00;Bueno;Bueno;Bueno
2026-01-15;21:00;26;19.17;19.58;15.06;Bueno;43.52;Bueno;2;2.79;3.00;6.00;Bueno;20.00;Bueno;Bueno;Bueno
2026-01-15;22:00;23;19.58;19.58;15.06;Bueno;43.52;Bueno;4;2.83;3.00;6.00;Bueno;20.00;Bueno;Bueno;Bueno
2026-01-15;23:00;20;19.58;19.58;15.06;Bueno;43.52;Bueno;5;3.00;3.00;6.00;Bueno;20.00;Bueno;Bueno;Bueno
2026-01-16;00:00;15;19.83;26.42;20.32;Bueno;58.70;Bueno;3;3.08;4.58;9.17;Bueno;30.56;Bueno;Bueno;Bueno
2026-01-16;01:00;16;20.25;26.42;20.32;Bueno;58.70;Bueno;4;3.21;4.58;9.17;Bueno;30.56;Bueno;Bueno;Bueno
2026-01-16;02:00;13;20.50;26.42;20.32;Bueno;58.70;Bueno;6;3.42;4.58;9.17;Bueno;30.56;Bueno;Bueno;Bueno
2026-01-16;03:00;9;20.58;26.42;20.32;Bueno;58.70;Bueno;4;3.50;4.58;9.17;Bueno;30.56;Bueno;Bueno;Bueno
2026-01-16;04:00;9;20.67;26.42;20.32;Bueno;58.70;Bueno;5;3.62;4.58;9.17;Bueno;30.56;Bueno;Bueno;Bueno
2026-01-16;05:00;15;20.92;26.42;20.32;Bueno;58.70;Bueno;5;3.75;4.58;9.17;Bueno;30.56;Bueno;Bueno;Bueno
2026-01-16;06:00;18;21.00;26.42;20.32;Bueno;58.70;Bueno;8;4.00;4.58;9.17;Bueno;30.56;Bueno;Bueno;Bueno
2026-01-16;07:00;25;21.33;26.42;20.32;Bueno;58.70;Bueno;6;4.17;4.58;9.17;Bueno;30.56;Bueno;Bueno;Bueno
2026-01-16;08:00;30;21.38;26.42;20.32;Bueno;58.70;Bueno;6;4.12;4.58;9.17;Bueno;30.56;Bueno;Bueno;Bueno
2026-01-16;09:00;26;21.54;26.42;20.32;Bueno;58.70;Bueno;5;4.08;4.58;9.17;Bueno;30.56;Bueno;Bueno;Bueno
2026-01-16;10:00;30;21.96;26.42;20.32;Bueno;58.70;Bueno;4;4.12;4.58;9.17;Bueno;30.56;Bueno;Bueno;Bueno
2026-01-16;11:00;35;22.71;26.42;20.32;Bueno;58.70;Bueno;6;4.29;4.58;9.17;Bueno;30.56;Bueno;Bueno;Bueno
2026-01-16;12:00;30;23.29;26.42;20.32;Bueno;58.70;Bueno;3;4.33;4.58;9.17;Bueno;30.56;Bueno;Bueno;Bueno
2026-01-16;13:00;43;24.17;26.42;20.32;Bueno;58.70;Bueno;3;4.25;4.58;9.17;Bueno;30.56;Bueno;Bueno;Bueno
2026-01-16;14:00;35;24.50;26.42;20.32;Bueno;58.70;Bueno;5;4.29;4.58;9.17;Bueno;30.56;Bueno;Bueno;Bueno
2026-01-16;15:00;35;24.54;26.42;20.32;Bueno;58.70;Bueno;4;4.38;4.58;9.17;Bueno;30.56;Bueno;Bueno;Bueno
2026-01-16;16:00;30;24.79;26.42;20.32;Bueno;58.70;Bueno;3;4.29;4.58;9.17;Bueno;30.56;Bueno;Bueno;Bueno
2026-01-16;17:00;38;25.58;26.42;20.32;Bueno;58.70;Bueno;6;4.38;4.58;9.17;Bueno;30.56;Bueno;Bueno;Bueno
2026-01-16;18:00;41;26.25;26.42;20.32;Bueno;58.70;Bueno;6;4.58;4.58;9.17;Bueno;30.56;Bueno;Bueno;Bueno
2026-01-16;19:00;43;26.29;26.42;20.32;Bueno;58.70;Bueno;4;4.62;4.58;9.17;Bueno;30.56;Bueno;Bueno;Bueno
2026-01-16;20:00;33;26.58;26.42;20.32;Bueno;58.70;Bueno;3;4.58;4.58;9.17;Bueno;30.56;Bueno;Bueno;Bueno
2026-01-16;21:00;26;26.58;26.42;20.32;Bueno;58.70;Bueno;3;4.62;4.58;9.17;Bueno;30.56;Bueno;Bueno;Bueno
2026-01-16;22:00;19;26.42;26.42;20.32;Bueno;58.70;Bueno;5;4.67;4.58;9.17;Bueno;30.56;Bueno;Bueno;Bueno
2026-01-16;23:00;20;26.42;26.42;20.32;Bueno;58.70;Bueno;3;4.58;4.58;9.17;Bueno;30.56;Bueno;Bueno;Bueno
2026-01-17;00:00;10;26.21;51.46;39.58;Bueno;110.58;Regular;4;4.62;12.83;25.67;Bueno;85.56;Bueno;Bueno;Regular
2026-01-17;01:00;13;26.08;51.46;39.58;Bueno;110.58;Regular;7;4.75;12.83;25.67;Bueno;85.56;Bueno;Bueno;Regular
2026-01-17;02:00;14;26.12;51.46;39.58;Bueno;110.58;Regular;6;4.75;12.83;25.67;Bueno;85.56;Bueno;Bueno;Regular
2026-01-17;03:00;20;26.58;51.46;39.58;Bueno;110.58;Regular;5;4.79;12.83;25.67;Bueno;85.56;Bueno;Bueno;Regular
2026-01-17;04:00;13;26.75;51.46;39.58;Bueno;110.58;Regular;9;4.96;12.83;25.67;Bueno;85.56;Bueno;Bueno;Regular
2026-01-17;05:00;16;26.79;51.46;39.58;Bueno;110.58;Regular;8;5.08;12.83;25.67;Bueno;85.56;Bueno;Bueno;Regular
2026-01-17;06:00;19;26.83;51.46;39.58;Bueno;110.58;Regular;6;5.00;12.83;25.67;Bueno;85.56;Bueno;Bueno;Regular
2026-01-17;07:00;24;26.79;51.46;39.58;Bueno;110.58;Regular;5;4.96;12.83;25.67;Bueno;85.56;Bueno;Bueno;Regular
2026-01-17;08:00;42;27.29;51.46;39.58;Bueno;110.58;Regular;9;5.08;12.83;25.67;Bueno;85.56;Bueno;Bueno;Regular
2026-01-17;09:00;28;27.38;51.46;39.58;Bueno;110.58;Regular;5;5.08;12.83;25.67;Bueno;85.56;Bueno;Bueno;Regular
2026-01-17;10:00;46;28.04;51.46;39.58;Bueno;110.58;Regular;3;5.04;12.83;25.67;Bueno;85.56;Bueno;Bueno;Regular
2026-01-17;11:00;70;29.50;51.46;39.58;Bueno;110.58;Regular;7;5.08;12.83;25.67;Bueno;85.56;Bueno;Bueno;Regular
2026-01-17;12:00;52;30.42;51.46;39.58;Bueno;110.58;Regular;4;5.12;12.83;25.67;Bueno;85.56;Bueno;Bueno;Regular
2026-01-17;13:00;59;31.08;51.46;39.58;Bueno;110.58;Regular;3;5.12;12.83;25.67;Bueno;85.56;Bueno;Bueno;Regular
2026-01-17;14:00;94;33.54;51.46;39.58;Bueno;110.58;Regular;5;5.12;12.83;25.67;Bueno;85.56;Bueno;Bueno;Regular
2026-01-17;15:00;54;34.33;51.46;39.58;Bueno;110.58;Regular;5;5.17;12.83;25.67;Bueno;85.56;Bueno;Bueno;Regular
2026-01-17;16:00;133;38.62;51.46;39.58;Bueno;110.58;Regular;57;7.42;12.83;25.67;Bueno;85.56;Bueno;Bueno;Regular
2026-01-17;17:00;129;42.42;51.46;39.58;Bueno;110.58;Regular;57;9.54;12.83;25.67;Bueno;85.56;Bueno;Bueno;Regular
2026-01-17;18:00;99;44.83;51.46;39.58;Bueno;110.58;Regular;33;10.67;12.83;25.67;Bueno;85.56;Bueno;Bueno;Regular
2026-01-17;19:00;76;46.21;51.46;39.58;Bueno;110.58;Regular;21;11.38;12.83;25.67;Bueno;85.56;Bueno;Bueno;Regular
2026-01-17;20:00;86;48.42;51.46;39.58;Bueno;110.58;Regular;14;11.83;12.83;25.67;Bueno;85.56;Bueno;Bueno;Regular
2026-01-17;21:00;62;49.92;51.46;39.58;Bueno;110.58;Regular;11;12.17;12.83;25.67;Bueno;85.56;Bueno;Bueno;Regular
2026-01-17;22:00;41;50.83;51.46;39.58;Bueno;110.58;Regular;13;12.50;12.83;25.67;Bueno;85.56;Bueno;Bueno;Regular
2026-01-17;23:00;35;51.46;51.46;39.58;Bueno;110.58;Regular;11;12.83;12.83;25.67;Bueno;85.56;Bueno;Bueno;Regular
2026-01-18;00:00;39;52.67;51.67;39.74;Bueno;110.93;Regular;8;13.00;19.71;39.42;Bueno;110.18;Regular;Bueno;Regular
2026-01-18;01:00;54;54.38;51.67;39.74;Bueno;110.93;Regular;10;13.12;19.71;39.42;Bueno;110.18;Regular;Bueno;Regular
2026-01-18;02:00;23;54.75;51.67;39.74;Bueno;110.93;Regular;11;13.33;19.71;39.42;Bueno;110.18;Regular;Bueno;Regular
2026-01-18;03:00;78;57.17;51.67;39.74;Bueno;110.93;Regular;11;13.58;19.71;39.42;Bueno;110.18;Regular;Bueno;Regular
2026-01-18;04:00;21;57.50;51.67;39.74;Bueno;110.93;Regular;6;13.46;19.71;39.42;Bueno;110.18;Regular;Bueno;Regular
2026-01-18;05:00;26;57.92;51.67;39.74;Bueno;110.93;Regular;3;13.25;19.71;39.42;Bueno;110.18;Regular;Bueno;Regular
2026-01-18;06:00;31;58.42;51.67;39.74;Bueno;110.93;Regular;6;13.25;19.71;39.42;Bueno;110.18;Regular;Bueno;Regular
2026-01-18;07:00;29;58.62;51.67;39.74;Bueno;110.93;Regular;11;13.50;19.71;39.42;Bueno;110.18;Regular;Bueno;Regular
2026-01-18;08:00;41;58.58;51.67;39.74;Bueno;110.93;Regular;20;13.96;19.71;39.42;Bueno;110.18;Regular;Bueno;Regular
2026-01-18;09:00;44;59.25;51.67;39.74;Bueno;110.93;Regular;18;14.50;19.71;39.42;Bueno;110.18;Regular;Bueno;Regular
2026-01-18;10:00;49;59.38;51.67;39.74;Bueno;110.93;Regular;28;15.54;19.71;39.42;Bueno;110.18;Regular;Bueno;Regular
2026-01-18;11:00;50;58.54;51.67;39.74;Bueno;110.93;Regular;15;15.88;19.71;39.42;Bueno;110.18;Regular;Bueno;Regular
2026-01-18;12:00;60;58.88;51.67;39.74;Bueno;110.93;Regular;18;16.46;19.71;39.42;Bueno;110.18;Regular;Bueno;Regular
2026-01-18;13:00;50;58.50;51.67;39.74;Bueno;110.93;Regular;19;17.12;19.71;39.42;Bueno;110.18;Regular;Bueno;Regular
2026-01-18;14:00;62;57.17;51.67;39.74;Bueno;110.93;Regular;19;17.71;19.71;39.42;Bueno;110.18;Regular;Bueno;Regular
2026-01-18;15:00;95;58.88;51.67;39.74;Bueno;110.93;Regular;49;19.54;19.71;39.42;Bueno;110.18;Regular;Bueno;Regular
2026-01-18;16:00;53;55.54;51.67;39.74;Bueno;110.93;Regular;19;17.96;19.71;39.42;Bueno;110.18;Regular;Bueno;Regular
2026-01-18;17:00;63;52.79;51.67;39.74;Bueno;110.93;Regular;23;16.54;19.71;39.42;Bueno;110.18;Regular;Bueno;Regular
2026-01-18;18:00;68;51.50;51.67;39.74;Bueno;110.93;Regular;24;16.17;19.71;39.42;Bueno;110.18;Regular;Bueno;Regular
2026-01-18;19:00;63;50.96;51.67;39.74;Bueno;110.93;Regular;27;16.42;19.71;39.42;Bueno;110.18;Regular;Bueno;Regular
2026-01-18;20:00;70;50.29;51.67;39.74;Bueno;110.93;Regular;30;17.08;19.71;39.42;Bueno;110.18;Regular;Bueno;Regular
2026-01-18;21:00;50;49.79;51.67;39.74;Bueno;110.93;Regular;23;17.58;19.71;39.42;Bueno;110.18;Regular;Bueno;Regular
2026-01-18;22:00;56;50.42;51.67;39.74;Bueno;110.93;Regular;35;18.50;19.71;39.42;Bueno;110.18;Regular;Bueno;Regular
2026-01-18;23:00;65;51.67;51.67;39.74;Bueno;110.93;Regular;40;19.71;19.71;39.42;Bueno;110.18;Regular;Bueno;Regular
2026-01-19;00:00;58;52.46;116.38;89.52;Bueno;218.54;Alerta;39;21.00;83.08;210.28;Alerta;250.33;Alerta;Alerta;Alerta
2026-01-19;01:00;42;51.96;116.38;89.52;Bueno;218.54;Alerta;15;21.21;83.08;210.28;Alerta;250.33;Alerta;Alerta;Alerta
2026-01-19;02:00;51;53.12;116.38;89.52;Bueno;218.54;Alerta;18;21.50;83.08;210.28;Alerta;250.33;Alerta;Alerta;Alerta
2026-01-19;03:00;68;52.71;116.38;89.52;Bueno;218.54;Alerta;30;22.29;83.08;210.28;Alerta;250.33;Alerta;Alerta;Alerta
2026-01-19;04:00;120;56.83;116.38;89.52;Bueno;218.54;Alerta;107;26.50;83.08;210.28;Alerta;250.33;Alerta;Alerta;Alerta
2026-01-19;05:00;56;58.08;116.38;89.52;Bueno;218.54;Alerta;32;27.71;83.08;210.28;Alerta;250.33;Alerta;Alerta;Alerta
2026-01-19;06:00;44;58.62;116.38;89.52;Bueno;218.54;Alerta;21;28.33;83.08;210.28;Alerta;250.33;Alerta;Alerta;Alerta
2026-01-19;07:00;52;59.58;116.38;89.52;Bueno;218.54;Alerta;21;28.75;83.08;210.28;Alerta;250.33;Alerta;Alerta;Alerta
2026-01-19;08:00;124;63.04;116.38;89.52;Bueno;218.54;Alerta;96;31.92;83.08;210.28;Alerta;250.33;Alerta;Alerta;Alerta
2026-01-19;09:00;101;65.42;116.38;89.52;Bueno;218.54;Alerta;66;33.92;83.08;210.28;Alerta;250.33;Alerta;Alerta;Alerta
2026-01-19;10:00;74;66.46;116.38;89.52;Bueno;218.54;Alerta;42;34.50;83.08;210.28;Alerta;250.33;Alerta;Alerta;Alerta
2026-01-19;11:00;71;67.33;116.38;89.52;Bueno;218.54;Alerta;48;35.88;83.08;210.28;Alerta;250.33;Alerta;Alerta;Alerta
2026-01-19;12:00;94;68.75;116.38;89.52;Bueno;218.54;Alerta;61;37.67;83.08;210.28;Alerta;250.33;Alerta;Alerta;Alerta
2026-01-19;13:00;125;71.88;116.38;89.52;Bueno;218.54;Alerta;93;40.75;83.08;210.28;Alerta;250.33;Alerta;Alerta;Alerta
2026-01-19;14:00;133;74.83;116.38;89.52;Bueno;218.54;Alerta;97;44.00;83.08;210.28;Alerta;250.33;Alerta;Alerta;Alerta
2026-01-19;15:00;96;74.88;116.38;89.52;Bueno;218.54;Alerta;68;44.79;83.08;210.28;Alerta;250.33;Alerta;Alerta;Alerta
2026-01-19;16:00;94;76.58;116.38;89.52;Bueno;218.54;Alerta;62;46.58;83.08;210.28;Alerta;250.33;Alerta;Alerta;Alerta
2026-01-19;17:00;147;80.08;116.38;89.52;Bueno;218.54;Alerta;104;49.96;83.08;210.28;Alerta;250.33;Alerta;Alerta;Alerta
2026-01-19;18:00;179;84.71;116.38;89.52;Bueno;218.54;Alerta;66;51.71;83.08;210.28;Alerta;250.33;Alerta;Alerta;Alerta
2026-01-19;19:00;102;86.33;116.38;89.52;Bueno;218.54;Alerta;76;53.75;83.08;210.28;Alerta;250.33;Alerta;Alerta;Alerta
2026-01-19;20:00;181;90.96;116.38;89.52;Bueno;218.54;Alerta;126;57.75;83.08;210.28;Alerta;250.33;Alerta;Alerta;Alerta
2026-01-19;21:00;239;98.83;116.38;89.52;Bueno;218.54;Alerta;201;65.17;83.08;210.28;Alerta;250.33;Alerta;Alerta;Alerta
2026-01-19;22:00;246;106.75;116.38;89.52;Bueno;218.54;Alerta;221;72.92;83.08;210.28;Alerta;250.33;Alerta;Alerta;Alerta
2026-01-19;23:00;296;116.38;116.38;89.52;Bueno;218.54;Alerta;284;83.08;83.08;210.28;Alerta;250.33;Alerta;Alerta;Alerta
2026-01-20;00:00;284;125.79;99.17;76.28;Bueno;189.64;Regular;266;92.54;74.96;183.19;Regular;232.04;Alerta;Regular;Alerta
2026-01-20;01:00;274;135.46;99.17;76.28;Bueno;189.64;Regular;267;103.04;74.96;183.19;Regular;232.04;Alerta;Regular;Alerta
2026-01-20;02:00;157;139.88;99.17;76.28;Bueno;189.64;Regular;145;108.33;74.96;183.19;Regular;232.04;Alerta;Regular;Alerta
2026-01-20;03:00;183;144.67;99.17;76.28;Bueno;189.64;Regular;176;114.42;74.96;183.19;Regular;232.04;Alerta;Regular;Alerta
2026-01-20;04:00;146;145.75;99.17;76.28;Bueno;189.64;Regular;136;115.62;74.96;183.19;Regular;232.04;Alerta;Regular;Alerta
2026-01-20;05:00;96;147.42;99.17;76.28;Bueno;189.64;Regular;73;117.33;74.96;183.19;Regular;232.04;Alerta;Regular;Alerta
2026-01-20;06:00;49;147.62;99.17;76.28;Bueno;189.64;Regular;31;117.75;74.96;183.19;Regular;232.04;Alerta;Regular;Alerta
2026-01-20;07:00;53;147.67;99.17;76.28;Bueno;189.64;Regular;33;118.25;74.96;183.19;Regular;232.04;Alerta;Regular;Alerta
2026-01-20;08:00;54;144.75;99.17;76.28;Bueno;189.64;Regular;32;115.58;74.96;183.19;Regular;232.04;Alerta;Regular;Alerta
2026-01-20;09:00;80;143.88;99.17;76.28;Bueno;189.64;Regular;56;115.17;74.96;183.19;Regular;232.04;Alerta;Regular;Alerta
2026-01-20;10:00;131;146.25;99.17;76.28;Bueno;189.64;Regular;97;117.46;74.96;183.19;Regular;232.04;Alerta;Regular;Alerta
2026-01-20;11:00;63;145.92;99.17;76.28;Bueno;189.64;Regular;35;116.92;74.96;183.19;Regular;232.04;Alerta;Regular;Alerta
2026-01-20;12:00;45;143.88;99.17;76.28;Bueno;189.64;Regular;21;115.25;74.96;183.19;Regular;232.04;Alerta;Regular;Alerta
2026-01-20;13:00;45;140.54;99.17;76.28;Bueno;189.64;Regular;19;112.17;74.96;183.19;Regular;232.04;Alerta;Regular;Alerta
2026-01-20;14:00;139;140.79;99.17;76.28;Bueno;189.64;Regular;96;112.12;74.96;183.19;Regular;232.04;Alerta;Regular;Alerta
2026-01-20;15:00;121;141.83;99.17;76.28;Bueno;189.64;Regular;70;112.21;74.96;183.19;Regular;232.04;Alerta;Regular;Alerta
2026-01-20;16:00;83;141.38;99.17;76.28;Bueno;189.64;Regular;58;112.04;74.96;183.19;Regular;232.04;Alerta;Regular;Alerta
2026-01-20;17:00;53;137.46;99.17;76.28;Bueno;189.64;Regular;31;109.00;74.96;183.19;Regular;232.04;Alerta;Regular;Alerta
2026-01-20;18:00;61;132.54;99.17;76.28;Bueno;189.64;Regular;36;107.75;74.96;183.19;Regular;232.04;Alerta;Regular;Alerta
2026-01-20;19:00;67;131.08;99.17;76.28;Bueno;189.64;Regular;35;106.04;74.96;183.19;Regular;232.04;Alerta;Regular;Alerta
2026-01-20;20:00;71;126.50;99.17;76.28;Bueno;189.64;Regular;26;101.88;74.96;183.19;Regular;232.04;Alerta;Regular;Alerta
2026-01-20;21:00;46;118.46;99.17;76.28;Bueno;189.64;Regular;23;94.46;74.96;183.19;Regular;232.04;Alerta;Regular;Alerta
2026-01-20;22:00;39;109.83;99.17;76.28;Bueno;189.64;Regular;17;85.96;74.96;183.19;Regular;232.04;Alerta;Regular;Alerta
2026-01-20;23:00;40;99.17;99.17;76.28;Bueno;189.64;Regular;20;74.96;74.96;183.19;Regular;232.04;Alerta;Regular;Alerta
2026-01-21;00:00;57;89.71;46.12;35.48;Bueno;101.84;Regular;39;65.50;24.33;48.67;Bueno;120.22;Regular;Bueno;Regular
2026-01-21;01:00;67;81.08;46.12;35.48;Bueno;101.84;Regular;42;56.12;24.33;48.67;Bueno;120.22;Regular;Bueno;Regular
2026-01-21;02:00;66;77.29;46.12;35.48;Bueno;101.84;Regular;51;52.21;24.33;48.67;Bueno;120.22;Regular;Bueno;Regular
2026-01-21;03:00;60;72.17;46.12;35.48;Bueno;101.84;Regular;56;47.21;24.33;48.67;Bueno;120.22;Regular;Bueno;Regular
2026-01-21;04:00;24;67.08;46.12;35.48;Bueno;101.84;Regular;19;42.33;24.33;48.67;Bueno;120.22;Regular;Bueno;Regular
2026-01-21;05:00;16;63.75;46.12;35.48;Bueno;101.84;Regular;9;39.67;24.33;48.67;Bueno;120.22;Regular;Bueno;Regular
2026-01-21;06:00;18;62.46;46.12;35.48;Bueno;101.84;Regular;7;38.67;24.33;48.67;Bueno;120.22;Regular;Bueno;Regular
2026-01-21;07:00;18;61.00;46.12;35.48;Bueno;101.84;Regular;5;37.50;24.33;48.67;Bueno;120.22;Regular;Bueno;Regular
2026-01-21;08:00;29;59.96;46.12;35.48;Bueno;101.84;Regular;7;36.46;24.33;48.67;Bueno;120.22;Regular;Bueno;Regular
2026-01-21;09:00;53;58.83;46.12;35.48;Bueno;101.84;Regular;6;34.38;24.33;48.67;Bueno;120.22;Regular;Bueno;Regular
2026-01-21;10:00;36;54.88;46.12;35.48;Bueno;101.84;Regular;14;30.92;24.33;48.67;Bueno;120.22;Regular;Bueno;Regular
2026-01-21;11:00;40;53.92;46.12;35.48;Bueno;101.84;Regular;24;30.46;24.33;48.67;Bueno;120.22;Regular;Bueno;Regular
2026-01-21;12:00;33;53.42;46.12;35.48;Bueno;101.84;Regular;18;30.33;24.33;48.67;Bueno;120.22;Regular;Bueno;Regular
2026-01-21;13:00;42;53.29;46.12;35.48;Bueno;101.84;Regular;23;30.50;24.33;48.67;Bueno;120.22;Regular;Bueno;Regular
2026-01-21;14:00;80;50.83;46.12;35.48;Bueno;101.84;Regular;32;27.83;24.33;48.67;Bueno;120.22;Regular;Bueno;Regular
2026-01-21;15:00;58;48.21;46.12;35.48;Bueno;101.84;Regular;38;26.50;24.33;48.67;Bueno;120.22;Regular;Bueno;Regular
2026-01-21;16:00;58;47.17;46.12;35.48;Bueno;101.84;Regular;38;25.67;24.33;48.67;Bueno;120.22;Regular;Bueno;Regular
2026-01-21;17:00;57;47.33;46.12;35.48;Bueno;101.84;Regular;34;25.79;24.33;48.67;Bueno;120.22;Regular;Bueno;Regular
2026-01-21;18:00;60;47.29;46.12;35.48;Bueno;101.84;Regular;11;24.75;24.33;48.67;Bueno;120.22;Regular;Bueno;Regular
2026-01-21;19:00;61;47.04;46.12;35.48;Bueno;101.84;Regular;16;23.96;24.33;48.67;Bueno;120.22;Regular;Bueno;Regular
2026-01-21;20:00;33;45.46;46.12;35.48;Bueno;101.84;Regular;12;23.38;24.33;48.67;Bueno;120.22;Regular;Bueno;Regular
2026-01-21;21:00;38;45.12;46.12;35.48;Bueno;101.84;Regular;13;22.96;24.33;48.67;Bueno;120.22;Regular;Bueno;Regular
2026-01-21;22:00;41;45.21;46.12;35.48;Bueno;101.84;Regular;36;23.75;24.33;48.67;Bueno;120.22;Regular;Bueno;Regular
2026-01-21;23:00;62;46.12;46.12;35.48;Bueno;101.84;Regular;34;24.33;24.33;48.67;Bueno;120.22;Regular;Bueno;Regular
2026-01-22;00:00;29;44.96;33.96;26.12;Bueno;75.46;Bueno;18;23.46;9.54;19.08;Bueno;63.61;Bueno;Bueno;Bueno
2026-01-22;01:00;17;42.88;33.96;26.12;Bueno;75.46;Bueno;12;22.21;9.54;19.08;Bueno;63.61;Bueno;Bueno;Bueno
2026-01-22;02:00;13;40.67;33.96;26.12;Bueno;75.46;Bueno;6;20.33;9.54;19.08;Bueno;63.61;Bueno;Bueno;Bueno
2026-01-22;03:00;11;38.62;33.96;26.12;Bueno;75.46;Bueno;4;18.17;9.54;19.08;Bueno;63.61;Bueno;Bueno;Bueno
2026-01-22;04:00;8;37.96;33.96;26.12;Bueno;75.46;Bueno;4;17.54;9.54;19.08;Bueno;63.61;Bueno;Bueno;Bueno
2026-01-22;05:00;11;37.75;33.96;26.12;Bueno;75.46;Bueno;3;17.29;9.54;19.08;Bueno;63.61;Bueno;Bueno;Bueno
2026-01-22;06:00;16;37.67;33.96;26.12;Bueno;75.46;Bueno;3;17.12;9.54;19.08;Bueno;63.61;Bueno;Bueno;Bueno
2026-01-22;07:00;21;37.79;33.96;26.12;Bueno;75.46;Bueno;8;17.25;9.54;19.08;Bueno;63.61;Bueno;Bueno;Bueno
2026-01-22;08:00;25;37.62;33.96;26.12;Bueno;75.46;Bueno;7;17.25;9.54;19.08;Bueno;63.61;Bueno;Bueno;Bueno
2026-01-22;09:00;26;36.50;33.96;26.12;Bueno;75.46;Bueno;10;17.42;9.54;19.08;Bueno;63.61;Bueno;Bueno;Bueno
2026-01-22;10:00;38;36.58;33.96;26.12;Bueno;75.46;Bueno;7;17.12;9.54;19.08;Bueno;63.61;Bueno;Bueno;Bueno
2026-01-22;11:00;29;36.12;33.96;26.12;Bueno;75.46;Bueno;6;16.38;9.54;19.08;Bueno;63.61;Bueno;Bueno;Bueno
2026-01-22;12:00;36;36.25;33.96;26.12;Bueno;75.46;Bueno;6;15.88;9.54;19.08;Bueno;63.61;Bueno;Bueno;Bueno
2026-01-22;13:00;20;35.33;33.96;26.12;Bueno;75.46;Bueno;5;15.12;9.54;19.08;Bueno;63.61;Bueno;Bueno;Bueno
2026-01-22;14:00;21;32.88;33.96;26.12;Bueno;75.46;Bueno;5;14.00;9.54;19.08;Bueno;63.61;Bueno;Bueno;Bueno
2026-01-22;15:00;28;31.62;33.96;26.12;Bueno;75.46;Bueno;8;12.75;9.54;19.08;Bueno;63.61;Bueno;Bueno;Bueno
2026-01-22;16:00;95;33.17;33.96;26.12;Bueno;75.46;Bueno;19;11.96;9.54;19.08;Bueno;63.61;Bueno;Bueno;Bueno
2026-01-22;17:00;63;33.42;33.96;26.12;Bueno;75.46;Bueno;10;10.96;9.54;19.08;Bueno;63.61;Bueno;Bueno;Bueno
2026-01-22;18:00;97;34.96;33.96;26.12;Bueno;75.46;Bueno;27;11.62;9.54;19.08;Bueno;63.61;Bueno;Bueno;Bueno
2026-01-22;19:00;91;36.21;33.96;26.12;Bueno;75.46;Bueno;17;11.67;9.54;19.08;Bueno;63.61;Bueno;Bueno;Bueno
2026-01-22;20:00;42;36.58;33.96;26.12;Bueno;75.46;Bueno;15;11.79;9.54;19.08;Bueno;63.61;Bueno;Bueno;Bueno
2026-01-22;21:00;31;36.29;33.96;26.12;Bueno;75.46;Bueno;12;11.75;9.54;19.08;Bueno;63.61;Bueno;Bueno;Bueno
2026-01-22;22:00;27;35.71;33.96;26.12;Bueno;75.46;Bueno;10;10.67;9.54;19.08;Bueno;63.61;Bueno;Bueno;Bueno
2026-01-22;23:00;20;33.96;33.96;26.12;Bueno;75.46;Bueno;7;9.54;9.54;19.08;Bueno;63.61;Bueno;Bueno;Bueno
2026-01-23;00:00;16;33.42;34.96;26.89;Bueno;77.69;Bueno;5;9.00;9.12;18.25;Bueno;60.83;Bueno;Bueno;Bueno
2026-01-23;01:00;16;33.38;34.96;26.89;Bueno;77.69;Bueno;5;8.71;9.12;18.25;Bueno;60.83;Bueno;Bueno;Bueno
2026-01-23;02:00;15;33.46;34.96;26.89;Bueno;77.69;Bueno;7;8.75;9.12;18.25;Bueno;60.83;Bueno;Bueno;Bueno
2026-01-23;03:00;5;33.21;34.96;26.89;Bueno;77.69;Bueno;4;8.75;9.12;18.25;Bueno;60.83;Bueno;Bueno;Bueno
2026-01-23;04:00;11;33.33;34.96;26.89;Bueno;77.69;Bueno;1;8.62;9.12;18.25;Bueno;60.83;Bueno;Bueno;Bueno
2026-01-23;05:00;18;33.62;34.96;26.89;Bueno;77.69;Bueno;4;8.67;9.12;18.25;Bueno;60.83;Bueno;Bueno;Bueno
2026-01-23;06:00;21;33.83;34.96;26.89;Bueno;77.69;Bueno;4;8.71;9.12;18.25;Bueno;60.83;Bueno;Bueno;Bueno
2026-01-23;07:00;28;34.12;34.96;26.89;Bueno;77.69;Bueno;11;8.83;9.12;18.25;Bueno;60.83;Bueno;Bueno;Bueno
2026-01-23;08:00;33;34.46;34.96;26.89;Bueno;77.69;Bueno;8;8.88;9.12;18.25;Bueno;60.83;Bueno;Bueno;Bueno
2026-01-23;09:00;26;34.46;34.96;26.89;Bueno;77.69;Bueno;9;8.83;9.12;18.25;Bueno;60.83;Bueno;Bueno;Bueno
2026-01-23;10:00;32;34.21;34.96;26.89;Bueno;77.69;Bueno;7;8.83;9.12;18.25;Bueno;60.83;Bueno;Bueno;Bueno
2026-01-23;11:00;25;34.04;34.96;26.89;Bueno;77.69;Bueno;4;8.75;9.12;18.25;Bueno;60.83;Bueno;Bueno;Bueno
2026-01-23;12:00;41;34.25;34.96;26.89;Bueno;77.69;Bueno;10;8.92;9.12;18.25;Bueno;60.83;Bueno;Bueno;Bueno
2026-01-23;13:00;40;35.08;34.96;26.89;Bueno;77.69;Bueno;9;9.08;9.12;18.25;Bueno;60.83;Bueno;Bueno;Bueno
2026-01-23;14:00;27;35.33;34.96;26.89;Bueno;77.69;Bueno;12;9.38;9.12;18.25;Bueno;60.83;Bueno;Bueno;Bueno
2026-01-23;15:00;47;36.12;34.96;26.89;Bueno;77.69;Bueno;11;9.50;9.12;18.25;Bueno;60.83;Bueno;Bueno;Bueno
2026-01-23;16:00;51;34.29;34.96;26.89;Bueno;77.69;Bueno;14;9.29;9.12;18.25;Bueno;60.83;Bueno;Bueno;Bueno
2026-01-23;17:00;57;34.04;34.96;26.89;Bueno;77.69;Bueno;14;9.46;9.12;18.25;Bueno;60.83;Bueno;Bueno;Bueno
2026-01-23;18:00;72;33.00;34.96;26.89;Bueno;77.69;Bueno;12;8.83;9.12;18.25;Bueno;60.83;Bueno;Bueno;Bueno
2026-01-23;19:00;63;31.83;34.96;26.89;Bueno;77.69;Bueno;10;8.54;9.12;18.25;Bueno;60.83;Bueno;Bueno;Bueno
2026-01-23;20:00;63;32.71;34.96;26.89;Bueno;77.69;Bueno;10;8.33;9.12;18.25;Bueno;60.83;Bueno;Bueno;Bueno
2026-01-23;21:00;63;34.04;34.96;26.89;Bueno;77.69;Bueno;17;8.54;9.12;18.25;Bueno;60.83;Bueno;Bueno;Bueno
2026-01-23;22:00;36;34.42;34.96;26.89;Bueno;77.69;Bueno;21;9.00;9.12;18.25;Bueno;60.83;Bueno;Bueno;Bueno
2026-01-23;23:00;33;34.96;34.96;26.89;Bueno;77.69;Bueno;10;9.12;9.12;18.25;Bueno;60.83;Bueno;Bueno;Bueno
2026-01-24;00:00;30;35.54;29.17;22.44;Bueno;64.81;Bueno;10;9.33;7.96;15.92;Bueno;53.06;Bueno;Bueno;Bueno
2026-01-24;01:00;29;36.08;29.17;22.44;Bueno;64.81;Bueno;9;9.50;7.96;15.92;Bueno;53.06;Bueno;Bueno;Bueno
2026-01-24;02:00;21;36.33;29.17;22.44;Bueno;64.81;Bueno;6;9.46;7.96;15.92;Bueno;53.06;Bueno;Bueno;Bueno
2026-01-24;03:00;18;36.88;29.17;22.44;Bueno;64.81;Bueno;4;9.46;7.96;15.92;Bueno;53.06;Bueno;Bueno;Bueno
2026-01-24;04:00;17;37.12;29.17;22.44;Bueno;64.81;Bueno;4;9.58;7.96;15.92;Bueno;53.06;Bueno;Bueno;Bueno
2026-01-24;05:00;33;37.75;29.17;22.44;Bueno;64.81;Bueno;6;9.67;7.96;15.92;Bueno;53.06;Bueno;Bueno;Bueno
2026-01-24;06:00;38;38.46;29.17;22.44;Bueno;64.81;Bueno;8;9.83;7.96;15.92;Bueno;53.06;Bueno;Bueno;Bueno
2026-01-24;07:00;17;38.00;29.17;22.44;Bueno;64.81;Bueno;9;9.75;7.96;15.92;Bueno;53.06;Bueno;Bueno;Bueno
2026-01-24;08:00;18;37.38;29.17;22.44;Bueno;64.81;Bueno;6;9.67;7.96;15.92;Bueno;53.06;Bueno;Bueno;Bueno
2026-01-24;09:00;22;37.21;29.17;22.44;Bueno;64.81;Bueno;5;9.50;7.96;15.92;Bueno;53.06;Bueno;Bueno;Bueno
2026-01-24;10:00;26;36.96;29.17;22.44;Bueno;64.81;Bueno;13;9.75;7.96;15.92;Bueno;53.06;Bueno;Bueno;Bueno
2026-01-24;11:00;27;37.04;29.17;22.44;Bueno;64.81;Bueno;10;10.00;7.96;15.92;Bueno;53.06;Bueno;Bueno;Bueno
2026-01-24;12:00;30;36.58;29.17;22.44;Bueno;64.81;Bueno;9;9.96;7.96;15.92;Bueno;53.06;Bueno;Bueno;Bueno
2026-01-24;13:00;32;36.25;29.17;22.44;Bueno;64.81;Bueno;5;9.79;7.96;15.92;Bueno;53.06;Bueno;Bueno;Bueno
2026-01-24;14:00;26;36.21;29.17;22.44;Bueno;64.81;Bueno;9;9.67;7.96;15.92;Bueno;53.06;Bueno;Bueno;Bueno
2026-01-24;15:00;30;35.50;29.17;22.44;Bueno;64.81;Bueno;12;9.71;7.96;15.92;Bueno;53.06;Bueno;Bueno;Bueno
2026-01-24;16:00;29;34.58;29.17;22.44;Bueno;64.81;Bueno;15;9.75;7.96;15.92;Bueno;53.06;Bueno;Bueno;Bueno
2026-01-24;17:00;27;33.33;29.17;22.44;Bueno;64.81;Bueno;9;9.54;7.96;15.92;Bueno;53.06;Bueno;Bueno;Bueno
2026-01-24;18:00;34;31.75;29.17;22.44;Bueno;64.81;Bueno;6;9.29;7.96;15.92;Bueno;53.06;Bueno;Bueno;Bueno
2026-01-24;19:00;50;31.21;29.17;22.44;Bueno;64.81;Bueno;10;9.29;7.96;15.92;Bueno;53.06;Bueno;Bueno;Bueno
2026-01-24;20:00;60;31.08;29.17;22.44;Bueno;64.81;Bueno;9;9.25;7.96;15.92;Bueno;53.06;Bueno;Bueno;Bueno
2026-01-24;21:00;25;29.50;29.17;22.44;Bueno;64.81;Bueno;7;8.83;7.96;15.92;Bueno;53.06;Bueno;Bueno;Bueno
2026-01-24;22:00;25;29.04;29.17;22.44;Bueno;64.81;Bueno;6;8.21;7.96;15.92;Bueno;53.06;Bueno;Bueno;Bueno
2026-01-24;23:00;36;29.17;29.17;22.44;Bueno;64.81;Bueno;4;7.96;7.96;15.92;Bueno;53.06;Bueno;Bueno;Bueno
2026-01-25;00:00;23;28.88;18.29;14.07;Bueno;40.65;Bueno;6;7.79;5.42;10.83;Bueno;36.11;Bueno;Bueno;Bueno
2026-01-25;01:00;17;28.38;18.29;14.07;Bueno;40.65;Bueno;4;7.58;5.42;10.83;Bueno;36.11;Bueno;Bueno;Bueno
2026-01-25;02:00;18;28.25;18.29;14.07;Bueno;40.65;Bueno;5;7.54;5.42;10.83;Bueno;36.11;Bueno;Bueno;Bueno
2026-01-25;03:00;12;28.00;18.29;14.07;Bueno;40.65;Bueno;4;7.54;5.42;10.83;Bueno;36.11;Bueno;Bueno;Bueno
2026-01-25;04:00;12;27.79;18.29;14.07;Bueno;40.65;Bueno;3;7.50;5.42;10.83;Bueno;36.11;Bueno;Bueno;Bueno
2026-01-25;05:00;9;26.79;18.29;14.07;Bueno;40.65;Bueno;2;7.33;5.42;10.83;Bueno;36.11;Bueno;Bueno;Bueno
2026-01-25;06:00;16;25.88;18.29;14.07;Bueno;40.65;Bueno;3;7.12;5.42;10.83;Bueno;36.11;Bueno;Bueno;Bueno
2026-01-25;07:00;15;25.79;18.29;14.07;Bueno;40.65;Bueno;5;6.96;5.42;10.83;Bueno;36.11;Bueno;Bueno;Bueno
2026-01-25;08:00;15;25.67;18.29;14.07;Bueno;40.65;Bueno;5;6.92;5.42;10.83;Bueno;36.11;Bueno;Bueno;Bueno
2026-01-25;09:00;11;25.21;18.29;14.07;Bueno;40.65;Bueno;5;6.92;5.42;10.83;Bueno;36.11;Bueno;Bueno;Bueno
2026-01-25;10:00;16;24.79;18.29;14.07;Bueno;40.65;Bueno;5;6.58;5.42;10.83;Bueno;36.11;Bueno;Bueno;Bueno
2026-01-25;11:00;15;24.29;18.29;14.07;Bueno;40.65;Bueno;6;6.42;5.42;10.83;Bueno;36.11;Bueno;Bueno;Bueno
2026-01-25;12:00;19;23.83;18.29;14.07;Bueno;40.65;Bueno;5;6.25;5.42;10.83;Bueno;36.11;Bueno;Bueno;Bueno
2026-01-25;13:00;16;23.17;18.29;14.07;Bueno;40.65;Bueno;3;6.17;5.42;10.83;Bueno;36.11;Bueno;Bueno;Bueno
2026-01-25;14:00;19;22.88;18.29;14.07;Bueno;40.65;Bueno;3;5.92;5.42;10.83;Bueno;36.11;Bueno;Bueno;Bueno
2026-01-25;15:00;24;22.62;18.29;14.07;Bueno;40.65;Bueno;10;5.83;5.42;10.83;Bueno;36.11;Bueno;Bueno;Bueno
2026-01-25;16:00;27;22.54;18.29;14.07;Bueno;40.65;Bueno;10;5.62;5.42;10.83;Bueno;36.11;Bueno;Bueno;Bueno
2026-01-25;17:00;20;22.25;18.29;14.07;Bueno;40.65;Bueno;7;5.54;5.42;10.83;Bueno;36.11;Bueno;Bueno;Bueno
2026-01-25;18:00;16;21.50;18.29;14.07;Bueno;40.65;Bueno;5;5.50;5.42;10.83;Bueno;36.11;Bueno;Bueno;Bueno
2026-01-25;19:00;15;20.04;18.29;14.07;Bueno;40.65;Bueno;4;5.25;5.42;10.83;Bueno;36.11;Bueno;Bueno;Bueno
2026-01-25;20:00;25;18.58;18.29;14.07;Bueno;40.65;Bueno;10;5.29;5.42;10.83;Bueno;36.11;Bueno;Bueno;Bueno
2026-01-25;21:00;33;18.92;18.29;14.07;Bueno;40.65;Bueno;8;5.33;5.42;10.83;Bueno;36.11;Bueno;Bueno;Bueno
2026-01-25;22:00;19;18.67;18.29;14.07;Bueno;40.65;Bueno;5;5.29;5.42;10.83;Bueno;36.11;Bueno;Bueno;Bueno
2026-01-25;23:00;27;18.29;18.29;14.07;Bueno;40.65;Bueno;7;5.42;5.42;10.83;Bueno;36.11;Bueno;Bueno;Bueno
2026-01-26;00:00;11;17.79;27.67;21.28;Bueno;61.48;Bueno;4;5.33;6.62;13.25;Bueno;44.17;Bueno;Bueno;Bueno
2026-01-26;01:00;16;17.75;27.67;21.28;Bueno;61.48;Bueno;5;5.38;6.62;13.25;Bueno;44.17;Bueno;Bueno;Bueno
2026-01-26;02:00;12;17.50;27.67;21.28;Bueno;61.48;Bueno;3;5.29;6.62;13.25;Bueno;44.17;Bueno;Bueno;Bueno
2026-01-26;03:00;9;17.38;27.67;21.28;Bueno;61.48;Bueno;1;5.17;6.62;13.25;Bueno;44.17;Bueno;Bueno;Bueno
2026-01-26;04:00;11;17.33;27.67;21.28;Bueno;61.48;Bueno;2;5.12;6.62;13.25;Bueno;44.17;Bueno;Bueno;Bueno
2026-01-26;05:00;16;17.62;27.67;21.28;Bueno;61.48;Bueno;5;5.25;6.62;13.25;Bueno;44.17;Bueno;Bueno;Bueno
2026-01-26;06:00;23;17.92;27.67;21.28;Bueno;61.48;Bueno;6;5.38;6.62;13.25;Bueno;44.17;Bueno;Bueno;Bueno
2026-01-26;07:00;20;18.12;27.67;21.28;Bueno;61.48;Bueno;6;5.42;6.62;13.25;Bueno;44.17;Bueno;Bueno;Bueno
2026-01-26;08:00;33;18.88;27.67;21.28;Bueno;61.48;Bueno;7;5.50;6.62;13.25;Bueno;44.17;Bueno;Bueno;Bueno
2026-01-26;09:00;27;19.54;27.67;21.28;Bueno;61.48;Bueno;5;5.50;6.62;13.25;Bueno;44.17;Bueno;Bueno;Bueno
2026-01-26;10:00;36;20.38;27.67;21.28;Bueno;61.48;Bueno;4;5.46;6.62;13.25;Bueno;44.17;Bueno;Bueno;Bueno
2026-01-26;11:00;31;21.04;27.67;21.28;Bueno;61.48;Bueno;8;5.54;6.62;13.25;Bueno;44.17;Bueno;Bueno;Bueno
2026-01-26;12:00;34;21.67;27.67;21.28;Bueno;61.48;Bueno;13;5.88;6.62;13.25;Bueno;44.17;Bueno;Bueno;Bueno
2026-01-26;13:00;32;22.33;27.67;21.28;Bueno;61.48;Bueno;7;6.04;6.62;13.25;Bueno;44.17;Bueno;Bueno;Bueno
2026-01-26;14:00;32;22.88;27.67;21.28;Bueno;61.48;Bueno;6;6.17;6.62;13.25;Bueno;44.17;Bueno;Bueno;Bueno
2026-01-26;15:00;28;23.04;27.67;21.28;Bueno;61.48;Bueno;5;5.96;6.62;13.25;Bueno;44.17;Bueno;Bueno;Bueno
2026-01-26;16:00;24;22.92;27.67;21.28;Bueno;61.48;Bueno;9;5.92;6.62;13.25;Bueno;44.17;Bueno;Bueno;Bueno
2026-01-26;17:00;42;23.83;27.67;21.28;Bueno;61.48;Bueno;11;6.08;6.62;13.25;Bueno;44.17;Bueno;Bueno;Bueno
2026-01-26;18:00;50;25.25;27.67;21.28;Bueno;61.48;Bueno;9;6.25;6.62;13.25;Bueno;44.17;Bueno;Bueno;Bueno
2026-01-26;19:00;58;27.04;27.67;21.28;Bueno;61.48;Bueno;9;6.46;6.62;13.25;Bueno;44.17;Bueno;Bueno;Bueno
2026-01-26;20:00;41;27.71;27.67;21.28;Bueno;61.48;Bueno;13;6.58;6.62;13.25;Bueno;44.17;Bueno;Bueno;Bueno
2026-01-26;21:00;27;27.46;27.67;21.28;Bueno;61.48;Bueno;8;6.58;6.62;13.25;Bueno;44.17;Bueno;Bueno;Bueno
2026-01-26;22:00;28;27.83;27.67;21.28;Bueno;61.48;Bueno;12;6.88;6.62;13.25;Bueno;44.17;Bueno;Bueno;Bueno
2026-01-26;23:00;23;27.67;27.67;21.28;Bueno;61.48;Bueno;1;6.62;6.62;13.25;Bueno;44.17;Bueno;Bueno;Bueno
2026-01-27;00:00;33;28.58;41.58;31.99;Bueno;92.41;Bueno;6;6.71;10.58;21.17;Bueno;70.56;Bueno;Bueno;Bueno
2026-01-27;01:00;21;28.79;41.58;31.99;Bueno;92.41;Bueno;4;6.67;10.58;21.17;Bueno;70.56;Bueno;Bueno;Bueno
2026-01-27;02:00;27;29.42;41.58;31.99;Bueno;92.41;Bueno;8;6.88;10.58;21.17;Bueno;70.56;Bueno;Bueno;Bueno
2026-01-27;03:00;30;30.29;41.58;31.99;Bueno;92.41;Bueno;18;7.58;10.58;21.17;Bueno;70.56;Bueno;Bueno;Bueno
2026-01-27;04:00;33;31.21;41.58;31.99;Bueno;92.41;Bueno;11;7.96;10.58;21.17;Bueno;70.56;Bueno;Bueno;Bueno
2026-01-27;05:00;36;32.04;41.58;31.99;Bueno;92.41;Bueno;9;8.12;10.58;21.17;Bueno;70.56;Bueno;Bueno;Bueno
2026-01-27;06:00;35;32.54;41.58;31.99;Bueno;92.41;Bueno;8;8.21;10.58;21.17;Bueno;70.56;Bueno;Bueno;Bueno
2026-01-27;07:00;47;33.67;41.58;31.99;Bueno;92.41;Bueno;14;8.54;10.58;21.17;Bueno;70.56;Bueno;Bueno;Bueno
2026-01-27;08:00;57;34.67;41.58;31.99;Bueno;92.41;Bueno;11;8.71;10.58;21.17;Bueno;70.56;Bueno;Bueno;Bueno
2026-01-27;09:00;48;35.54;41.58;31.99;Bueno;92.41;Bueno;16;9.17;10.58;21.17;Bueno;70.56;Bueno;Bueno;Bueno
2026-01-27;10:00;66;36.79;41.58;31.99;Bueno;92.41;Bueno;16;9.67;10.58;21.17;Bueno;70.56;Bueno;Bueno;Bueno
2026-01-27;11:00;33;36.88;41.58;31.99;Bueno;92.41;Bueno;8;9.67;10.58;21.17;Bueno;70.56;Bueno;Bueno;Bueno
2026-01-27;12:00;31;36.75;41.58;31.99;Bueno;92.41;Bueno;11;9.58;10.58;21.17;Bueno;70.56;Bueno;Bueno;Bueno
2026-01-27;13:00;39;37.04;41.58;31.99;Bueno;92.41;Bueno;11;9.75;10.58;21.17;Bueno;70.56;Bueno;Bueno;Bueno
2026-01-27;14:00;53;37.92;41.58;31.99;Bueno;92.41;Bueno;11;9.96;10.58;21.17;Bueno;70.56;Bueno;Bueno;Bueno
2026-01-27;15:00;21;37.62;41.58;31.99;Bueno;92.41;Bueno;6;10.00;10.58;21.17;Bueno;70.56;Bueno;Bueno;Bueno
2026-01-27;16:00;35;38.08;41.58;31.99;Bueno;92.41;Bueno;5;9.83;10.58;21.17;Bueno;70.56;Bueno;Bueno;Bueno
2026-01-27;17:00;79;39.62;41.58;31.99;Bueno;92.41;Bueno;16;10.04;10.58;21.17;Bueno;70.56;Bueno;Bueno;Bueno
2026-01-27;18:00;89;41.25;41.58;31.99;Bueno;92.41;Bueno;16;10.33;10.58;21.17;Bueno;70.56;Bueno;Bueno;Bueno
2026-01-27;19:00;101;43.04;41.58;31.99;Bueno;92.41;Bueno;16;10.62;10.58;21.17;Bueno;70.56;Bueno;Bueno;Bueno
2026-01-27;20:00;31;42.62;41.58;31.99;Bueno;92.41;Bueno;10;10.50;10.58;21.17;Bueno;70.56;Bueno;Bueno;Bueno
2026-01-27;21:00;20;42.33;41.58;31.99;Bueno;92.41;Bueno;7;10.46;10.58;21.17;Bueno;70.56;Bueno;Bueno;Bueno
2026-01-27;22:00;16;41.83;41.58;31.99;Bueno;92.41;Bueno;9;10.33;10.58;21.17;Bueno;70.56;Bueno;Bueno;Bueno
2026-01-27;23:00;17;41.58;41.58;31.99;Bueno;92.41;Bueno;7;10.58;10.58;21.17;Bueno;70.56;Bueno;Bueno;Bueno
2026-01-28;00:00;10;40.62;26.92;20.71;Bueno;59.81;Bueno;6;10.58;5.50;11.00;Bueno;36.67;Bueno;Bueno;Bueno
2026-01-28;01:00;10;40.17;26.92;20.71;Bueno;59.81;Bueno;5;10.62;5.50;11.00;Bueno;36.67;Bueno;Bueno;Bueno
2026-01-28;02:00;12;39.54;26.92;20.71;Bueno;59.81;Bueno;4;10.46;5.50;11.00;Bueno;36.67;Bueno;Bueno;Bueno
2026-01-28;03:00;9;38.67;26.92;20.71;Bueno;59.81;Bueno;5;9.92;5.50;11.00;Bueno;36.67;Bueno;Bueno;Bueno
2026-01-28;04:00;18;38.04;26.92;20.71;Bueno;59.81;Bueno;5;9.67;5.50;11.00;Bueno;36.67;Bueno;Bueno;Bueno
2026-01-28;05:00;16;37.21;26.92;20.71;Bueno;59.81;Bueno;7;9.58;5.50;11.00;Bueno;36.67;Bueno;Bueno;Bueno
2026-01-28;06:00;27;36.88;26.92;20.71;Bueno;59.81;Bueno;7;9.54;5.50;11.00;Bueno;36.67;Bueno;Bueno;Bueno
2026-01-28;07:00;24;35.92;26.92;20.71;Bueno;59.81;Bueno;8;9.29;5.50;11.00;Bueno;36.67;Bueno;Bueno;Bueno
2026-01-28;08:00;28;34.71;26.92;20.71;Bueno;59.81;Bueno;11;9.29;5.50;11.00;Bueno;36.67;Bueno;Bueno;Bueno
2026-01-28;09:00;29;33.92;26.92;20.71;Bueno;59.81;Bueno;8;8.96;5.50;11.00;Bueno;36.67;Bueno;Bueno;Bueno
2026-01-28;10:00;25;32.21;26.92;20.71;Bueno;59.81;Bueno;3;8.42;5.50;11.00;Bueno;36.67;Bueno;Bueno;Bueno
2026-01-28;11:00;28;32.00;26.92;20.71;Bueno;59.81;Bueno;3;8.21;5.50;11.00;Bueno;36.67;Bueno;Bueno;Bueno
2026-01-28;12:00;31;32.00;26.92;20.71;Bueno;59.81;Bueno;3;7.88;5.50;11.00;Bueno;36.67;Bueno;Bueno;Bueno
2026-01-28;13:00;32;31.71;26.92;20.71;Bueno;59.81;Bueno;1;7.46;5.50;11.00;Bueno;36.67;Bueno;Bueno;Bueno
2026-01-28;14:00;29;30.71;26.92;20.71;Bueno;59.81;Bueno;12;7.50;5.50;11.00;Bueno;36.67;Bueno;Bueno;Bueno
2026-01-28;15:00;38;31.42;26.92;20.71;Bueno;59.81;Bueno;8;7.58;5.50;11.00;Bueno;36.67;Bueno;Bueno;Bueno
2026-01-28;16:00;40;31.62;26.92;20.71;Bueno;59.81;Bueno;4;7.54;5.50;11.00;Bueno;36.67;Bueno;Bueno;Bueno
2026-01-28;17:00;43;30.12;26.92;20.71;Bueno;59.81;Bueno;5;7.08;5.50;11.00;Bueno;36.67;Bueno;Bueno;Bueno
2026-01-28;18:00;52;28.58;26.92;20.71;Bueno;59.81;Bueno;4;6.58;5.50;11.00;Bueno;36.67;Bueno;Bueno;Bueno
2026-01-28;19:00;29;25.58;26.92;20.71;Bueno;59.81;Bueno;4;6.08;5.50;11.00;Bueno;36.67;Bueno;Bueno;Bueno
2026-01-28;20:00;37;25.83;26.92;20.71;Bueno;59.81;Bueno;5;5.88;5.50;11.00;Bueno;36.67;Bueno;Bueno;Bueno
2026-01-28;21:00;38;26.58;26.92;20.71;Bueno;59.81;Bueno;6;5.83;5.50;11.00;Bueno;36.67;Bueno;Bueno;Bueno
2026-01-28;22:00;21;26.79;26.92;20.71;Bueno;59.81;Bueno;4;5.62;5.50;11.00;Bueno;36.67;Bueno;Bueno;Bueno
2026-01-28;23:00;20;26.92;26.92;20.71;Bueno;59.81;Bueno;4;5.50;5.50;11.00;Bueno;36.67;Bueno;Bueno;Bueno
2026-01-29;00:00;21;27.38;29.46;22.66;Bueno;65.46;Bueno;4;5.42;8.83;17.67;Bueno;58.89;Bueno;Bueno;Bueno
2026-01-29;01:00;10;27.38;29.46;22.66;Bueno;65.46;Bueno;2;5.29;8.83;17.67;Bueno;58.89;Bueno;Bueno;Bueno
2026-01-29;02:00;10;27.29;29.46;22.66;Bueno;65.46;Bueno;4;5.29;8.83;17.67;Bueno;58.89;Bueno;Bueno;Bueno
2026-01-29;03:00;10;27.33;29.46;22.66;Bueno;65.46;Bueno;6;5.33;8.83;17.67;Bueno;58.89;Bueno;Bueno;Bueno
2026-01-29;04:00;11;27.04;29.46;22.66;Bueno;65.46;Bueno;7;5.42;8.83;17.67;Bueno;58.89;Bueno;Bueno;Bueno
2026-01-29;05:00;16;27.04;29.46;22.66;Bueno;65.46;Bueno;4;5.29;8.83;17.67;Bueno;58.89;Bueno;Bueno;Bueno
2026-01-29;06:00;15;26.54;29.46;22.66;Bueno;65.46;Bueno;4;5.17;8.83;17.67;Bueno;58.89;Bueno;Bueno;Bueno
2026-01-29;07:00;17;26.25;29.46;22.66;Bueno;65.46;Bueno;5;5.04;8.83;17.67;Bueno;58.89;Bueno;Bueno;Bueno
2026-01-29;08:00;21;25.96;29.46;22.66;Bueno;65.46;Bueno;6;4.83;8.83;17.67;Bueno;58.89;Bueno;Bueno;Bueno
2026-01-29;09:00;22;25.67;29.46;22.66;Bueno;65.46;Bueno;6;4.75;8.83;17.67;Bueno;58.89;Bueno;Bueno;Bueno
2026-01-29;10:00;41;26.33;29.46;22.66;Bueno;65.46;Bueno;5;4.83;8.83;17.67;Bueno;58.89;Bueno;Bueno;Bueno
2026-01-29;11:00;34;26.58;29.46;22.66;Bueno;65.46;Bueno;11;5.17;8.83;17.67;Bueno;58.89;Bueno;Bueno;Bueno
2026-01-29;12:00;37;26.83;29.46;22.66;Bueno;65.46;Bueno;10;5.46;8.83;17.67;Bueno;58.89;Bueno;Bueno;Bueno
2026-01-29;13:00;28;26.67;29.46;22.66;Bueno;65.46;Bueno;8;5.75;8.83;17.67;Bueno;58.89;Bueno;Bueno;Bueno
2026-01-29;14:00;32;26.79;29.46;22.66;Bueno;65.46;Bueno;8;5.58;8.83;17.67;Bueno;58.89;Bueno;Bueno;Bueno
2026-01-29;15:00;30;26.46;29.46;22.66;Bueno;65.46;Bueno;12;5.75;8.83;17.67;Bueno;58.89;Bueno;Bueno;Bueno
2026-01-29;16:00;35;26.25;29.46;22.66;Bueno;65.46;Bueno;15;6.21;8.83;17.67;Bueno;58.89;Bueno;Bueno;Bueno
2026-01-29;17:00;60;26.96;29.46;22.66;Bueno;65.46;Bueno;12;6.50;8.83;17.67;Bueno;58.89;Bueno;Bueno;Bueno
2026-01-29;18:00;51;26.92;29.46;22.66;Bueno;65.46;Bueno;16;7.00;8.83;17.67;Bueno;58.89;Bueno;Bueno;Bueno
2026-01-29;19:00;52;27.88;29.46;22.66;Bueno;65.46;Bueno;15;7.46;8.83;17.67;Bueno;58.89;Bueno;Bueno;Bueno
2026-01-29;20:00;68;29.17;29.46;22.66;Bueno;65.46;Bueno;18;8.00;8.83;17.67;Bueno;58.89;Bueno;Bueno;Bueno
2026-01-29;21:00;39;29.21;29.46;22.66;Bueno;65.46;Bueno;19;8.54;8.83;17.67;Bueno;58.89;Bueno;Bueno;Bueno
2026-01-29;22:00;26;29.42;29.46;22.66;Bueno;65.46;Bueno;8;8.71;8.83;17.67;Bueno;58.89;Bueno;Bueno;Bueno
2026-01-29;23:00;21;29.46;29.46;22.66;Bueno;65.46;Bueno;7;8.83;8.83;17.67;Bueno;58.89;Bueno;Bueno;Bueno
2026-01-30;00:00;23;29.54;17.30;13.31;Bueno;38.45;Bueno;6;8.92;6.57;13.13;Bueno;43.77;Bueno;Bueno;Bueno
2026-01-30;01:00;18;29.88;17.30;13.31;Bueno;38.45;Bueno;6;9.08;6.57;13.13;Bueno;43.77;Bueno;Bueno;Bueno
2026-01-30;02:00;10;29.88;17.30;13.31;Bueno;38.45;Bueno;5;9.12;6.57;13.13;Bueno;43.77;Bueno;Bueno;Bueno
2026-01-30;03:00;13;30.00;17.30;13.31;Bueno;38.45;Bueno;3;9.00;6.57;13.13;Bueno;43.77;Bueno;Bueno;Bueno
2026-01-30;04:00;16;30.21;17.30;13.31;Bueno;38.45;Bueno;8;9.04;6.57;13.13;Bueno;43.77;Bueno;Bueno;Bueno
2026-01-30;05:00;10;29.96;17.30;13.31;Bueno;38.45;Bueno;8;9.21;6.57;13.13;Bueno;43.77;Bueno;Bueno;Bueno
2026-01-30;06:00;28;30.50;17.30;13.31;Bueno;38.45;Bueno;9;9.42;6.57;13.13;Bueno;43.77;Bueno;Bueno;Bueno
2026-01-30;07:00;44;31.62;17.30;13.31;Bueno;38.45;Bueno;11;9.67;6.57;13.13;Bueno;43.77;Bueno;Bueno;Bueno
2026-01-30;08:00;47;32.71;17.30;13.31;Bueno;38.45;Bueno;13;9.96;6.57;13.13;Bueno;43.77;Bueno;Bueno;Bueno
2026-01-30;09:00;;33.17;17.30;13.31;Bueno;38.45;Bueno;;10.13;6.57;13.13;Bueno;43.77;Bueno;Bueno;Bueno
2026-01-30;10:00;18;32.17;17.30;13.31;Bueno;38.45;Bueno;8;10.26;6.57;13.13;Bueno;43.77;Bueno;Bueno;Bueno
2026-01-30;11:00;14;31.30;17.30;13.31;Bueno;38.45;Bueno;6;10.04;6.57;13.13;Bueno;43.77;Bueno;Bueno;Bueno
2026-01-30;12:00;8;30.04;17.30;13.31;Bueno;38.45;Bueno;3;9.74;6.57;13.13;Bueno;43.77;Bueno;Bueno;Bueno
2026-01-30;13:00;16;29.52;17.30;13.31;Bueno;38.45;Bueno;6;9.65;6.57;13.13;Bueno;43.77;Bueno;Bueno;Bueno
2026-01-30;14:00;15;28.78;17.30;13.31;Bueno;38.45;Bueno;9;9.70;6.57;13.13;Bueno;43.77;Bueno;Bueno;Bueno
2026-01-30;15:00;12;28.00;17.30;13.31;Bueno;38.45;Bueno;7;9.48;6.57;13.13;Bueno;43.77;Bueno;Bueno;Bueno
2026-01-30;16:00;15;27.13;17.30;13.31;Bueno;38.45;Bueno;4;9.00;6.57;13.13;Bueno;43.77;Bueno;Bueno;Bueno
2026-01-30;17:00;12;25.04;17.30;13.31;Bueno;38.45;Bueno;2;8.57;6.57;13.13;Bueno;43.77;Bueno;Bueno;Bueno
2026-01-30;18:00;14;23.43;17.30;13.31;Bueno;38.45;Bueno;5;8.09;6.57;13.13;Bueno;43.77;Bueno;Bueno;Bueno
2026-01-30;19:00;15;21.83;17.30;13.31;Bueno;38.45;Bueno;6;7.70;6.57;13.13;Bueno;43.77;Bueno;Bueno;Bueno
2026-01-30;20:00;15;19.52;17.30;13.31;Bueno;38.45;Bueno;7;7.22;6.57;13.13;Bueno;43.77;Bueno;Bueno;Bueno
2026-01-30;21:00;18;18.61;17.30;13.31;Bueno;38.45;Bueno;6;6.65;6.57;13.13;Bueno;43.77;Bueno;Bueno;Bueno
2026-01-30;22:00;8;17.83;17.30;13.31;Bueno;38.45;Bueno;7;6.61;6.57;13.13;Bueno;43.77;Bueno;Bueno;Bueno
2026-01-30;23:00;9;17.30;17.30;13.31;Bueno;38.45;Bueno;6;6.57;6.57;13.13;Bueno;43.77;Bueno;Bueno;Bueno
2026-01-31;00:00;7;16.61;12.46;9.58;Bueno;27.69;Bueno;3;6.43;4.96;9.92;Bueno;33.06;Bueno;Bueno;Bueno
2026-01-31;01:00;8;16.17;12.46;9.58;Bueno;27.69;Bueno;3;6.30;4.96;9.92;Bueno;33.06;Bueno;Bueno;Bueno
2026-01-31;02:00;8;16.09;12.46;9.58;Bueno;27.69;Bueno;2;6.17;4.96;9.92;Bueno;33.06;Bueno;Bueno;Bueno
2026-01-31;03:00;9;15.91;12.46;9.58;Bueno;27.69;Bueno;3;6.17;4.96;9.92;Bueno;33.06;Bueno;Bueno;Bueno
2026-01-31;04:00;7;15.52;12.46;9.58;Bueno;27.69;Bueno;3;5.96;4.96;9.92;Bueno;33.06;Bueno;Bueno;Bueno
2026-01-31;05:00;7;15.39;12.46;9.58;Bueno;27.69;Bueno;4;5.78;4.96;9.92;Bueno;33.06;Bueno;Bueno;Bueno
2026-01-31;06:00;11;14.65;12.46;9.58;Bueno;27.69;Bueno;6;5.65;4.96;9.92;Bueno;33.06;Bueno;Bueno;Bueno
2026-01-31;07:00;9;13.13;12.46;9.58;Bueno;27.69;Bueno;4;5.35;4.96;9.92;Bueno;33.06;Bueno;Bueno;Bueno
2026-01-31;08:00;10;11.52;12.46;9.58;Bueno;27.69;Bueno;5;5.00;4.96;9.92;Bueno;33.06;Bueno;Bueno;Bueno
2026-01-31;09:00;10;11.46;12.46;9.58;Bueno;27.69;Bueno;3;4.92;4.96;9.92;Bueno;33.06;Bueno;Bueno;Bueno
2026-01-31;10:00;11;11.17;12.46;9.58;Bueno;27.69;Bueno;4;4.75;4.96;9.92;Bueno;33.06;Bueno;Bueno;Bueno
2026-01-31;11:00;20;11.42;12.46;9.58;Bueno;27.69;Bueno;7;4.79;4.96;9.92;Bueno;33.06;Bueno;Bueno;Bueno
2026-01-31;12:00;13;11.62;12.46;9.58;Bueno;27.69;Bueno;6;4.92;4.96;9.92;Bueno;33.06;Bueno;Bueno;Bueno
2026-01-31;13:00;13;11.50;12.46;9.58;Bueno;27.69;Bueno;5;4.88;4.96;9.92;Bueno;33.06;Bueno;Bueno;Bueno
2026-01-31;14:00;13;11.42;12.46;9.58;Bueno;27.69;Bueno;6;4.75;4.96;9.92;Bueno;33.06;Bueno;Bueno;Bueno
2026-01-31;15:00;22;11.83;12.46;9.58;Bueno;27.69;Bueno;4;4.62;4.96;9.92;Bueno;33.06;Bueno;Bueno;Bueno
2026-01-31;16:00;11;11.67;12.46;9.58;Bueno;27.69;Bueno;6;4.71;4.96;9.92;Bueno;33.06;Bueno;Bueno;Bueno
2026-01-31;17:00;20;12.00;12.46;9.58;Bueno;27.69;Bueno;5;4.83;4.96;9.92;Bueno;33.06;Bueno;Bueno;Bueno
2026-01-31;18:00;18;12.17;12.46;9.58;Bueno;27.69;Bueno;8;4.96;4.96;9.92;Bueno;33.06;Bueno;Bueno;Bueno
2026-01-31;19:00;17;12.25;12.46;9.58;Bueno;27.69;Bueno;8;5.04;4.96;9.92;Bueno;33.06;Bueno;Bueno;Bueno
2026-01-31;20:00;18;12.38;12.46;9.58;Bueno;27.69;Bueno;6;5.00;4.96;9.92;Bueno;33.06;Bueno;Bueno;Bueno
2026-01-31;21:00;18;12.38;12.46;9.58;Bueno;27.69;Bueno;8;5.08;4.96;9.92;Bueno;33.06;Bueno;Bueno;Bueno
2026-01-31;22:00;9;12.42;12.46;9.58;Bueno;27.69;Bueno;6;5.04;4.96;9.92;Bueno;33.06;Bueno;Bueno;Bueno
2026-01-31;23:00;10;12.46;12.46;9.58;Bueno;27.69;Bueno;4;4.96;4.96;9.92;Bueno;33.06;Bueno;Bueno;Bueno
2026-02-01;00:00;12;12.67;11.79;9.07;Bueno;26.20;Bueno;3;4.96;3.83;7.67;Bueno;25.56;Bueno;Bueno;Bueno
2026-02-01;01:00;11;12.79;11.79;9.07;Bueno;26.20;Bueno;3;4.96;3.83;7.67;Bueno;25.56;Bueno;Bueno;Bueno
2026-02-01;02:00;9;12.83;11.79;9.07;Bueno;26.20;Bueno;2;4.96;3.83;7.67;Bueno;25.56;Bueno;Bueno;Bueno
2026-02-01;03:00;5;12.67;11.79;9.07;Bueno;26.20;Bueno;2;4.92;3.83;7.67;Bueno;25.56;Bueno;Bueno;Bueno
2026-02-01;04:00;6;12.62;11.79;9.07;Bueno;26.20;Bueno;3;4.92;3.83;7.67;Bueno;25.56;Bueno;Bueno;Bueno
2026-02-01;05:00;5;12.54;11.79;9.07;Bueno;26.20;Bueno;2;4.83;3.83;7.67;Bueno;25.56;Bueno;Bueno;Bueno
2026-02-01;06:00;6;12.33;11.79;9.07;Bueno;26.20;Bueno;5;4.79;3.83;7.67;Bueno;25.56;Bueno;Bueno;Bueno
2026-02-01;07:00;14;12.54;11.79;9.07;Bueno;26.20;Bueno;8;4.96;3.83;7.67;Bueno;25.56;Bueno;Bueno;Bueno
2026-02-01;08:00;8;12.46;11.79;9.07;Bueno;26.20;Bueno;4;4.92;3.83;7.67;Bueno;25.56;Bueno;Bueno;Bueno
2026-02-01;09:00;9;12.42;11.79;9.07;Bueno;26.20;Bueno;5;5.00;3.83;7.67;Bueno;25.56;Bueno;Bueno;Bueno
2026-02-01;10:00;7;12.25;11.79;9.07;Bueno;26.20;Bueno;5;5.04;3.83;7.67;Bueno;25.56;Bueno;Bueno;Bueno
2026-02-01;11:00;10;11.83;11.79;9.07;Bueno;26.20;Bueno;1;4.79;3.83;7.67;Bueno;25.56;Bueno;Bueno;Bueno
2026-02-01;12:00;9;11.67;11.79;9.07;Bueno;26.20;Bueno;1;4.58;3.83;7.67;Bueno;25.56;Bueno;Bueno;Bueno
2026-02-01;13:00;7;11.42;11.79;9.07;Bueno;26.20;Bueno;1;4.42;3.83;7.67;Bueno;25.56;Bueno;Bueno;Bueno
2026-02-01;14:00;7;11.17;11.79;9.07;Bueno;26.20;Bueno;1;4.21;3.83;7.67;Bueno;25.56;Bueno;Bueno;Bueno
2026-02-01;15:00;9;10.62;11.79;9.07;Bueno;26.20;Bueno;3;4.17;3.83;7.67;Bueno;25.56;Bueno;Bueno;Bueno
2026-02-01;16:00;10;10.58;11.79;9.07;Bueno;26.20;Bueno;5;4.12;3.83;7.67;Bueno;25.56;Bueno;Bueno;Bueno
2026-02-01;17:00;16;10.42;11.79;9.07;Bueno;26.20;Bueno;4;4.08;3.83;7.67;Bueno;25.56;Bueno;Bueno;Bueno
2026-02-01;18:00;10;10.08;11.79;9.07;Bueno;26.20;Bueno;5;3.96;3.83;7.67;Bueno;25.56;Bueno;Bueno;Bueno
2026-02-01;19:00;21;10.25;11.79;9.07;Bueno;26.20;Bueno;7;3.92;3.83;7.67;Bueno;25.56;Bueno;Bueno;Bueno
2026-02-01;20:00;28;10.67;11.79;9.07;Bueno;26.20;Bueno;5;3.88;3.83;7.67;Bueno;25.56;Bueno;Bueno;Bueno
2026-02-01;21:00;21;10.79;11.79;9.07;Bueno;26.20;Bueno;7;3.83;3.83;7.67;Bueno;25.56;Bueno;Bueno;Bueno
2026-02-01;22:00;22;11.33;11.79;9.07;Bueno;26.20;Bueno;5;3.79;3.83;7.67;Bueno;25.56;Bueno;Bueno;Bueno
2026-02-01;23:00;21;11.79;11.79;9.07;Bueno;26.20;Bueno;5;3.83;3.83;7.67;Bueno;25.56;Bueno;Bueno;Bueno
2026-02-02;00:00;17;12.00;18.33;14.10;Bueno;40.74;Bueno;5;3.92;5.00;10.00;Bueno;33.33;Bueno;Bueno;Bueno
2026-02-02;01:00;18;12.29;18.33;14.10;Bueno;40.74;Bueno;5;4.00;5.00;10.00;Bueno;33.33;Bueno;Bueno;Bueno
2026-02-02;02:00;13;12.46;18.33;14.10;Bueno;40.74;Bueno;8;4.25;5.00;10.00;Bueno;33.33;Bueno;Bueno;Bueno
2026-02-02;03:00;17;12.96;18.33;14.10;Bueno;40.74;Bueno;8;4.50;5.00;10.00;Bueno;33.33;Bueno;Bueno;Bueno
2026-02-02;04:00;17;13.42;18.33;14.10;Bueno;40.74;Bueno;7;4.67;5.00;10.00;Bueno;33.33;Bueno;Bueno;Bueno
2026-02-02;05:00;18;13.96;18.33;14.10;Bueno;40.74;Bueno;11;5.04;5.00;10.00;Bueno;33.33;Bueno;Bueno;Bueno
2026-02-02;06:00;18;14.46;18.33;14.10;Bueno;40.74;Bueno;8;5.17;5.00;10.00;Bueno;33.33;Bueno;Bueno;Bueno
2026-02-02;07:00;21;14.75;18.33;14.10;Bueno;40.74;Bueno;7;5.12;5.00;10.00;Bueno;33.33;Bueno;Bueno;Bueno
2026-02-02;08:00;28;15.58;18.33;14.10;Bueno;40.74;Bueno;5;5.17;5.00;10.00;Bueno;33.33;Bueno;Bueno;Bueno
2026-02-02;09:00;23;16.17;18.33;14.10;Bueno;40.74;Bueno;8;5.29;5.00;10.00;Bueno;33.33;Bueno;Bueno;Bueno
2026-02-02;10:00;19;16.67;18.33;14.10;Bueno;40.74;Bueno;8;5.42;5.00;10.00;Bueno;33.33;Bueno;Bueno;Bueno
2026-02-02;11:00;19;17.04;18.33;14.10;Bueno;40.74;Bueno;5;5.58;5.00;10.00;Bueno;33.33;Bueno;Bueno;Bueno
2026-02-02;12:00;17;17.38;18.33;14.10;Bueno;40.74;Bueno;3;5.67;5.00;10.00;Bueno;33.33;Bueno;Bueno;Bueno
2026-02-02;13:00;16;17.75;18.33;14.10;Bueno;40.74;Bueno;4;5.79;5.00;10.00;Bueno;33.33;Bueno;Bueno;Bueno
2026-02-02;14:00;20;18.29;18.33;14.10;Bueno;40.74;Bueno;3;5.88;5.00;10.00;Bueno;33.33;Bueno;Bueno;Bueno
2026-02-02;15:00;25;18.96;18.33;14.10;Bueno;40.74;Bueno;4;5.92;5.00;10.00;Bueno;33.33;Bueno;Bueno;Bueno
2026-02-02;16:00;20;19.38;18.33;14.10;Bueno;40.74;Bueno;1;5.75;5.00;10.00;Bueno;33.33;Bueno;Bueno;Bueno
2026-02-02;17:00;11;19.17;18.33;14.10;Bueno;40.74;Bueno;3;5.71;5.00;10.00;Bueno;33.33;Bueno;Bueno;Bueno
2026-02-02;18:00;31;20.04;18.33;14.10;Bueno;40.74;Bueno;4;5.67;5.00;10.00;Bueno;33.33;Bueno;Bueno;Bueno
2026-02-02;19:00;34;20.58;18.33;14.10;Bueno;40.74;Bueno;2;5.46;5.00;10.00;Bueno;33.33;Bueno;Bueno;Bueno
2026-02-02;20:00;14;20.00;18.33;14.10;Bueno;40.74;Bueno;4;5.42;5.00;10.00;Bueno;33.33;Bueno;Bueno;Bueno
2026-02-02;21:00;10;19.54;18.33;14.10;Bueno;40.74;Bueno;2;5.21;5.00;10.00;Bueno;33.33;Bueno;Bueno;Bueno
2026-02-02;22:00;8;18.96;18.33;14.10;Bueno;40.74;Bueno;1;5.04;5.00;10.00;Bueno;33.33;Bueno;Bueno;Bueno
2026-02-02;23:00;6;18.33;18.33;14.10;Bueno;40.74;Bueno;4;5.00;5.00;10.00;Bueno;33.33;Bueno;Bueno;Bueno
2026-02-03;00:00;8;17.96;7.46;5.74;Bueno;16.57;Bueno;4;4.96;2.46;4.92;Bueno;16.39;Bueno;Bueno;Bueno
2026-02-03;01:00;5;17.42;7.46;5.74;Bueno;16.57;Bueno;4;4.92;2.46;4.92;Bueno;16.39;Bueno;Bueno;Bueno
2026-02-03;02:00;5;17.08;7.46;5.74;Bueno;16.57;Bueno;3;4.71;2.46;4.92;Bueno;16.39;Bueno;Bueno;Bueno
2026-02-03;03:00;5;16.58;7.46;5.74;Bueno;16.57;Bueno;1;4.42;2.46;4.92;Bueno;16.39;Bueno;Bueno;Bueno
2026-02-03;04:00;3;16.00;7.46;5.74;Bueno;16.57;Bueno;2;4.21;2.46;4.92;Bueno;16.39;Bueno;Bueno;Bueno
2026-02-03;05:00;5;15.46;7.46;5.74;Bueno;16.57;Bueno;4;3.92;2.46;4.92;Bueno;16.39;Bueno;Bueno;Bueno
2026-02-03;06:00;3;14.83;7.46;5.74;Bueno;16.57;Bueno;2;3.67;2.46;4.92;Bueno;16.39;Bueno;Bueno;Bueno
2026-02-03;07:00;11;14.42;7.46;5.74;Bueno;16.57;Bueno;2;3.46;2.46;4.92;Bueno;16.39;Bueno;Bueno;Bueno
2026-02-03;08:00;12;13.75;7.46;5.74;Bueno;16.57;Bueno;1;3.29;2.46;4.92;Bueno;16.39;Bueno;Bueno;Bueno
2026-02-03;09:00;8;13.12;7.46;5.74;Bueno;16.57;Bueno;1;3.00;2.46;4.92;Bueno;16.39;Bueno;Bueno;Bueno
2026-02-03;10:00;6;12.58;7.46;5.74;Bueno;16.57;Bueno;1;2.71;2.46;4.92;Bueno;16.39;Bueno;Bueno;Bueno
2026-02-03;11:00;7;12.08;7.46;5.74;Bueno;16.57;Bueno;1;2.54;2.46;4.92;Bueno;16.39;Bueno;Bueno;Bueno
2026-02-03;12:00;10;11.79;7.46;5.74;Bueno;16.57;Bueno;3;2.54;2.46;4.92;Bueno;16.39;Bueno;Bueno;Bueno
2026-02-03;13:00;8;11.46;7.46;5.74;Bueno;16.57;Bueno;2;2.46;2.46;4.92;Bueno;16.39;Bueno;Bueno;Bueno
2026-02-03;14:00;10;11.04;7.46;5.74;Bueno;16.57;Bueno;2;2.42;2.46;4.92;Bueno;16.39;Bueno;Bueno;Bueno
2026-02-03;15:00;8;10.33;7.46;5.74;Bueno;16.57;Bueno;1;2.29;2.46;4.92;Bueno;16.39;Bueno;Bueno;Bueno
2026-02-03;16:00;8;9.83;7.46;5.74;Bueno;16.57;Bueno;3;2.38;2.46;4.92;Bueno;16.39;Bueno;Bueno;Bueno
2026-02-03;17:00;9;9.75;7.46;5.74;Bueno;16.57;Bueno;4;2.42;2.46;4.92;Bueno;16.39;Bueno;Bueno;Bueno
2026-02-03;18:00;7;8.75;7.46;5.74;Bueno;16.57;Bueno;5;2.46;2.46;4.92;Bueno;16.39;Bueno;Bueno;Bueno
2026-02-03;19:00;6;7.58;7.46;5.74;Bueno;16.57;Bueno;3;2.50;2.46;4.92;Bueno;16.39;Bueno;Bueno;Bueno
2026-02-03;20:00;10;7.42;7.46;5.74;Bueno;16.57;Bueno;4;2.50;2.46;4.92;Bueno;16.39;Bueno;Bueno;Bueno
2026-02-03;21:00;9;7.38;7.46;5.74;Bueno;16.57;Bueno;2;2.50;2.46;4.92;Bueno;16.39;Bueno;Bueno;Bueno
2026-02-03;22:00;8;7.38;7.46;5.74;Bueno;16.57;Bueno;2;2.54;2.46;4.92;Bueno;16.39;Bueno;Bueno;Bueno
2026-02-03;23:00;8;7.46;7.46;5.74;Bueno;16.57;Bueno;2;2.46;2.46;4.92;Bueno;16.39;Bueno;Bueno;Bueno
2026-02-04;00:00;5;7.33;9.38;7.21;Bueno;20.83;Bueno;2;2.38;4.04;8.08;Bueno;26.94;Bueno;Bueno;Bueno
2026-02-04;01:00;6;7.38;9.38;7.21;Bueno;20.83;Bueno;3;2.33;4.04;8.08;Bueno;26.94;Bueno;Bueno;Bueno
2026-02-04;02:00;6;7.42;9.38;7.21;Bueno;20.83;Bueno;3;2.33;4.04;8.08;Bueno;26.94;Bueno;Bueno;Bueno
2026-02-04;03:00;3;7.33;9.38;7.21;Bueno;20.83;Bueno;2;2.38;4.04;8.08;Bueno;26.94;Bueno;Bueno;Bueno
2026-02-04;04:00;2;7.29;9.38;7.21;Bueno;20.83;Bueno;1;2.33;4.04;8.08;Bueno;26.94;Bueno;Bueno;Bueno
2026-02-04;05:00;4;7.25;9.38;7.21;Bueno;20.83;Bueno;3;2.29;4.04;8.08;Bueno;26.94;Bueno;Bueno;Bueno
2026-02-04;06:00;9;7.50;9.38;7.21;Bueno;20.83;Bueno;2;2.29;4.04;8.08;Bueno;26.94;Bueno;Bueno;Bueno
2026-02-04;07:00;9;7.42;9.38;7.21;Bueno;20.83;Bueno;3;2.33;4.04;8.08;Bueno;26.94;Bueno;Bueno;Bueno
2026-02-04;08:00;6;7.17;9.38;7.21;Bueno;20.83;Bueno;5;2.50;4.04;8.08;Bueno;26.94;Bueno;Bueno;Bueno
2026-02-04;09:00;7;7.12;9.38;7.21;Bueno;20.83;Bueno;5;2.67;4.04;8.08;Bueno;26.94;Bueno;Bueno;Bueno
2026-02-04;10:00;8;7.21;9.38;7.21;Bueno;20.83;Bueno;2;2.71;4.04;8.08;Bueno;26.94;Bueno;Bueno;Bueno
2026-02-04;11:00;6;7.17;9.38;7.21;Bueno;20.83;Bueno;3;2.79;4.04;8.08;Bueno;26.94;Bueno;Bueno;Bueno
2026-02-04;12:00;10;7.17;9.38;7.21;Bueno;20.83;Bueno;4;2.83;4.04;8.08;Bueno;26.94;Bueno;Bueno;Bueno
2026-02-04;13:00;10;7.25;9.38;7.21;Bueno;20.83;Bueno;2;2.83;4.04;8.08;Bueno;26.94;Bueno;Bueno;Bueno
2026-02-04;14:00;13;7.38;9.38;7.21;Bueno;20.83;Bueno;2;2.83;4.04;8.08;Bueno;26.94;Bueno;Bueno;Bueno
2026-02-04;15:00;12;7.54;9.38;7.21;Bueno;20.83;Bueno;5;3.00;4.04;8.08;Bueno;26.94;Bueno;Bueno;Bueno
2026-02-04;16:00;13;7.75;9.38;7.21;Bueno;20.83;Bueno;6;3.12;4.04;8.08;Bueno;26.94;Bueno;Bueno;Bueno
2026-02-04;17:00;11;7.83;9.38;7.21;Bueno;20.83;Bueno;5;3.17;4.04;8.08;Bueno;26.94;Bueno;Bueno;Bueno
2026-02-04;18:00;9;7.92;9.38;7.21;Bueno;20.83;Bueno;4;3.12;4.04;8.08;Bueno;26.94;Bueno;Bueno;Bueno
2026-02-04;19:00;16;8.33;9.38;7.21;Bueno;20.83;Bueno;2;3.08;4.04;8.08;Bueno;26.94;Bueno;Bueno;Bueno
2026-02-04;20:00;11;8.38;9.38;7.21;Bueno;20.83;Bueno;5;3.12;4.04;8.08;Bueno;26.94;Bueno;Bueno;Bueno
2026-02-04;21:00;13;8.54;9.38;7.21;Bueno;20.83;Bueno;6;3.29;4.04;8.08;Bueno;26.94;Bueno;Bueno;Bueno
2026-02-04;22:00;24;9.21;9.38;7.21;Bueno;20.83;Bueno;16;3.88;4.04;8.08;Bueno;26.94;Bueno;Bueno;Bueno
2026-02-04;23:00;12;9.38;9.38;7.21;Bueno;20.83;Bueno;6;4.04;4.04;8.08;Bueno;26.94;Bueno;Bueno;Bueno
2026-02-05;00:00;9;9.54;13.71;10.54;Bueno;30.46;Bueno;5;4.17;2.67;5.33;Bueno;17.78;Bueno;Bueno;Bueno
2026-02-05;01:00;6;9.54;13.71;10.54;Bueno;30.46;Bueno;2;4.12;2.67;5.33;Bueno;17.78;Bueno;Bueno;Bueno
2026-02-05;02:00;7;9.58;13.71;10.54;Bueno;30.46;Bueno;1;4.04;2.67;5.33;Bueno;17.78;Bueno;Bueno;Bueno
2026-02-05;03:00;9;9.83;13.71;10.54;Bueno;30.46;Bueno;1;4.00;2.67;5.33;Bueno;17.78;Bueno;Bueno;Bueno
2026-02-05;04:00;8;10.08;13.71;10.54;Bueno;30.46;Bueno;2;4.04;2.67;5.33;Bueno;17.78;Bueno;Bueno;Bueno
2026-02-05;05:00;9;10.29;13.71;10.54;Bueno;30.46;Bueno;2;4.00;2.67;5.33;Bueno;17.78;Bueno;Bueno;Bueno
2026-02-05;06:00;7;10.21;13.71;10.54;Bueno;30.46;Bueno;1;3.96;2.67;5.33;Bueno;17.78;Bueno;Bueno;Bueno
2026-02-05;07:00;10;10.25;13.71;10.54;Bueno;30.46;Bueno;1;3.88;2.67;5.33;Bueno;17.78;Bueno;Bueno;Bueno
2026-02-05;08:00;13;10.54;13.71;10.54;Bueno;30.46;Bueno;1;3.71;2.67;5.33;Bueno;17.78;Bueno;Bueno;Bueno
2026-02-05;09:00;16;10.92;13.71;10.54;Bueno;30.46;Bueno;1;3.54;2.67;5.33;Bueno;17.78;Bueno;Bueno;Bueno
2026-02-05;10:00;17;11.29;13.71;10.54;Bueno;30.46;Bueno;3;3.58;2.67;5.33;Bueno;17.78;Bueno;Bueno;Bueno
2026-02-05;11:00;14;11.62;13.71;10.54;Bueno;30.46;Bueno;4;3.62;2.67;5.33;Bueno;17.78;Bueno;Bueno;Bueno
2026-02-05;12:00;18;11.96;13.71;10.54;Bueno;30.46;Bueno;4;3.62;2.67;5.33;Bueno;17.78;Bueno;Bueno;Bueno
2026-02-05;13:00;16;12.21;13.71;10.54;Bueno;30.46;Bueno;4;3.71;2.67;5.33;Bueno;17.78;Bueno;Bueno;Bueno
2026-02-05;14:00;15;12.29;13.71;10.54;Bueno;30.46;Bueno;2;3.71;2.67;5.33;Bueno;17.78;Bueno;Bueno;Bueno
2026-02-05;15:00;12;12.29;13.71;10.54;Bueno;30.46;Bueno;1;3.54;2.67;5.33;Bueno;17.78;Bueno;Bueno;Bueno
2026-02-05;16:00;16;12.42;13.71;10.54;Bueno;30.46;Bueno;3;3.42;2.67;5.33;Bueno;17.78;Bueno;Bueno;Bueno
2026-02-05;17:00;17;12.67;13.71;10.54;Bueno;30.46;Bueno;5;3.42;2.67;5.33;Bueno;17.78;Bueno;Bueno;Bueno
2026-02-05;18:00;21;13.17;13.71;10.54;Bueno;30.46;Bueno;4;3.42;2.67;5.33;Bueno;17.78;Bueno;Bueno;Bueno
2026-02-05;19:00;21;13.38;13.71;10.54;Bueno;30.46;Bueno;3;3.46;2.67;5.33;Bueno;17.78;Bueno;Bueno;Bueno
2026-02-05;20:00;16;13.58;13.71;10.54;Bueno;30.46;Bueno;5;3.46;2.67;5.33;Bueno;17.78;Bueno;Bueno;Bueno
2026-02-05;21:00;22;13.96;13.71;10.54;Bueno;30.46;Bueno;5;3.42;2.67;5.33;Bueno;17.78;Bueno;Bueno;Bueno
2026-02-05;22:00;14;13.54;13.71;10.54;Bueno;30.46;Bueno;3;2.88;2.67;5.33;Bueno;17.78;Bueno;Bueno;Bueno
2026-02-05;23:00;16;13.71;13.71;10.54;Bueno;30.46;Bueno;1;2.67;2.67;5.33;Bueno;17.78;Bueno;Bueno;Bueno
2026-02-06;00:00;11;13.79;18.38;14.13;Bueno;40.83;Bueno;1;2.50;3.04;6.08;Bueno;20.28;Bueno;Bueno;Bueno
2026-02-06;01:00;15;14.17;18.38;14.13;Bueno;40.83;Bueno;2;2.50;3.04;6.08;Bueno;20.28;Bueno;Bueno;Bueno
2026-02-06;02:00;9;14.25;18.38;14.13;Bueno;40.83;Bueno;2;2.54;3.04;6.08;Bueno;20.28;Bueno;Bueno;Bueno
2026-02-06;03:00;8;14.21;18.38;14.13;Bueno;40.83;Bueno;1;2.54;3.04;6.08;Bueno;20.28;Bueno;Bueno;Bueno
2026-02-06;04:00;11;14.33;18.38;14.13;Bueno;40.83;Bueno;3;2.58;3.04;6.08;Bueno;20.28;Bueno;Bueno;Bueno
2026-02-06;05:00;17;14.67;18.38;14.13;Bueno;40.83;Bueno;2;2.58;3.04;6.08;Bueno;20.28;Bueno;Bueno;Bueno
2026-02-06;06:00;15;15.00;18.38;14.13;Bueno;40.83;Bueno;7;2.83;3.04;6.08;Bueno;20.28;Bueno;Bueno;Bueno
2026-02-06;07:00;17;15.29;18.38;14.13;Bueno;40.83;Bueno;5;3.00;3.04;6.08;Bueno;20.28;Bueno;Bueno;Bueno
2026-02-06;08:00;23;15.71;18.38;14.13;Bueno;40.83;Bueno;4;3.12;3.04;6.08;Bueno;20.28;Bueno;Bueno;Bueno
2026-02-06;09:00;10;15.46;18.38;14.13;Bueno;40.83;Bueno;3;3.21;3.04;6.08;Bueno;20.28;Bueno;Bueno;Bueno
2026-02-06;10:00;17;15.46;18.38;14.13;Bueno;40.83;Bueno;3;3.21;3.04;6.08;Bueno;20.28;Bueno;Bueno;Bueno
2026-02-06;11:00;16;15.54;18.38;14.13;Bueno;40.83;Bueno;3;3.17;3.04;6.08;Bueno;20.28;Bueno;Bueno;Bueno
2026-02-06;12:00;17;15.50;18.38;14.13;Bueno;40.83;Bueno;1;3.04;3.04;6.08;Bueno;20.28;Bueno;Bueno;Bueno
2026-02-06;13:00;15;15.46;18.38;14.13;Bueno;40.83;Bueno;1;2.92;3.04;6.08;Bueno;20.28;Bueno;Bueno;Bueno
2026-02-06;14:00;17;15.54;18.38;14.13;Bueno;40.83;Bueno;3;2.96;3.04;6.08;Bueno;20.28;Bueno;Bueno;Bueno
2026-02-06;15:00;18;15.79;18.38;14.13;Bueno;40.83;Bueno;2;3.00;3.04;6.08;Bueno;20.28;Bueno;Bueno;Bueno
2026-02-06;16:00;14;15.71;18.38;14.13;Bueno;40.83;Bueno;1;2.92;3.04;6.08;Bueno;20.28;Bueno;Bueno;Bueno
2026-02-06;17:00;31;16.29;18.38;14.13;Bueno;40.83;Bueno;1;2.75;3.04;6.08;Bueno;20.28;Bueno;Bueno;Bueno
2026-02-06;18:00;35;16.88;18.38;14.13;Bueno;40.83;Bueno;1;2.62;3.04;6.08;Bueno;20.28;Bueno;Bueno;Bueno
2026-02-06;19:00;21;16.88;18.38;14.13;Bueno;40.83;Bueno;2;2.58;3.04;6.08;Bueno;20.28;Bueno;Bueno;Bueno
2026-02-06;20:00;29;17.42;18.38;14.13;Bueno;40.83;Bueno;1;2.42;3.04;6.08;Bueno;20.28;Bueno;Bueno;Bueno
2026-02-06;21:00;30;17.75;18.38;14.13;Bueno;40.83;Bueno;9;2.58;3.04;6.08;Bueno;20.28;Bueno;Bueno;Bueno
2026-02-06;22:00;27;18.29;18.38;14.13;Bueno;40.83;Bueno;9;2.83;3.04;6.08;Bueno;20.28;Bueno;Bueno;Bueno
2026-02-06;23:00;18;18.38;18.38;14.13;Bueno;40.83;Bueno;6;3.04;3.04;6.08;Bueno;20.28;Bueno;Bueno;Bueno
2026-02-07;00:00;9;18.29;16.12;12.40;Bueno;35.83;Bueno;2;3.08;3.25;6.50;Bueno;21.67;Bueno;Bueno;Bueno
2026-02-07;01:00;15;18.29;16.12;12.40;Bueno;35.83;Bueno;1;3.04;3.25;6.50;Bueno;21.67;Bueno;Bueno;Bueno
2026-02-07;02:00;11;18.38;16.12;12.40;Bueno;35.83;Bueno;3;3.08;3.25;6.50;Bueno;21.67;Bueno;Bueno;Bueno
2026-02-07;03:00;16;18.71;16.12;12.40;Bueno;35.83;Bueno;3;3.17;3.25;6.50;Bueno;21.67;Bueno;Bueno;Bueno
2026-02-07;04:00;10;18.67;16.12;12.40;Bueno;35.83;Bueno;2;3.12;3.25;6.50;Bueno;21.67;Bueno;Bueno;Bueno
2026-02-07;05:00;11;18.42;16.12;12.40;Bueno;35.83;Bueno;4;3.21;3.25;6.50;Bueno;21.67;Bueno;Bueno;Bueno
2026-02-07;06:00;12;18.29;16.12;12.40;Bueno;35.83;Bueno;3;3.04;3.25;6.50;Bueno;21.67;Bueno;Bueno;Bueno
2026-02-07;07:00;13;18.12;16.12;12.40;Bueno;35.83;Bueno;2;2.92;3.25;6.50;Bueno;21.67;Bueno;Bueno;Bueno
2026-02-07;08:00;15;17.79;16.12;12.40;Bueno;35.83;Bueno;1;2.79;3.25;6.50;Bueno;21.67;Bueno;Bueno;Bueno
2026-02-07;09:00;14;17.96;16.12;12.40;Bueno;35.83;Bueno;4;2.83;3.25;6.50;Bueno;21.67;Bueno;Bueno;Bueno
2026-02-07;10:00;25;18.29;16.12;12.40;Bueno;35.83;Bueno;3;2.83;3.25;6.50;Bueno;21.67;Bueno;Bueno;Bueno
2026-02-07;11:00;15;18.25;16.12;12.40;Bueno;35.83;Bueno;4;2.88;3.25;6.50;Bueno;21.67;Bueno;Bueno;Bueno
2026-02-07;12:00;18;18.29;16.12;12.40;Bueno;35.83;Bueno;7;3.12;3.25;6.50;Bueno;21.67;Bueno;Bueno;Bueno
2026-02-07;13:00;16;18.33;16.12;12.40;Bueno;35.83;Bueno;4;3.25;3.25;6.50;Bueno;21.67;Bueno;Bueno;Bueno
2026-02-07;14:00;20;18.46;16.12;12.40;Bueno;35.83;Bueno;2;3.21;3.25;6.50;Bueno;21.67;Bueno;Bueno;Bueno
2026-02-07;15:00;12;18.21;16.12;12.40;Bueno;35.83;Bueno;2;3.21;3.25;6.50;Bueno;21.67;Bueno;Bueno;Bueno
2026-02-07;16:00;9;18.00;16.12;12.40;Bueno;35.83;Bueno;5;3.38;3.25;6.50;Bueno;21.67;Bueno;Bueno;Bueno
2026-02-07;17:00;23;17.67;16.12;12.40;Bueno;35.83;Bueno;6;3.58;3.25;6.50;Bueno;21.67;Bueno;Bueno;Bueno
2026-02-07;18:00;40;17.88;16.12;12.40;Bueno;35.83;Bueno;5;3.75;3.25;6.50;Bueno;21.67;Bueno;Bueno;Bueno
2026-02-07;19:00;23;17.96;16.12;12.40;Bueno;35.83;Bueno;6;3.92;3.25;6.50;Bueno;21.67;Bueno;Bueno;Bueno
2026-02-07;20:00;22;17.67;16.12;12.40;Bueno;35.83;Bueno;4;4.04;3.25;6.50;Bueno;21.67;Bueno;Bueno;Bueno
2026-02-07;21:00;14;17.00;16.12;12.40;Bueno;35.83;Bueno;2;3.75;3.25;6.50;Bueno;21.67;Bueno;Bueno;Bueno
2026-02-07;22:00;15;16.50;16.12;12.40;Bueno;35.83;Bueno;1;3.42;3.25;6.50;Bueno;21.67;Bueno;Bueno;Bueno
2026-02-07;23:00;9;16.12;16.12;12.40;Bueno;35.83;Bueno;2;3.25;3.25;6.50;Bueno;21.67;Bueno;Bueno;Bueno
2026-02-08;00:00;12;16.25;10.79;8.30;Bueno;23.98;Bueno;4;3.33;2.50;5.00;Bueno;16.67;Bueno;Bueno;Bueno
2026-02-08;01:00;10;16.04;10.79;8.30;Bueno;23.98;Bueno;1;3.33;2.50;5.00;Bueno;16.67;Bueno;Bueno;Bueno
2026-02-08;02:00;7;15.88;10.79;8.30;Bueno;23.98;Bueno;1;3.25;2.50;5.00;Bueno;16.67;Bueno;Bueno;Bueno
2026-02-08;03:00;8;15.54;10.79;8.30;Bueno;23.98;Bueno;3;3.25;2.50;5.00;Bueno;16.67;Bueno;Bueno;Bueno
2026-02-08;04:00;6;15.38;10.79;8.30;Bueno;23.98;Bueno;3;3.29;2.50;5.00;Bueno;16.67;Bueno;Bueno;Bueno
2026-02-08;05:00;6;15.17;10.79;8.30;Bueno;23.98;Bueno;1;3.17;2.50;5.00;Bueno;16.67;Bueno;Bueno;Bueno
2026-02-08;06:00;9;15.04;10.79;8.30;Bueno;23.98;Bueno;1;3.08;2.50;5.00;Bueno;16.67;Bueno;Bueno;Bueno
2026-02-08;07:00;7;14.79;10.79;8.30;Bueno;23.98;Bueno;1;3.04;2.50;5.00;Bueno;16.67;Bueno;Bueno;Bueno
2026-02-08;08:00;8;14.50;10.79;8.30;Bueno;23.98;Bueno;2;3.08;2.50;5.00;Bueno;16.67;Bueno;Bueno;Bueno
2026-02-08;09:00;7;14.21;10.79;8.30;Bueno;23.98;Bueno;4;3.08;2.50;5.00;Bueno;16.67;Bueno;Bueno;Bueno
2026-02-08;10:00;11;13.62;10.79;8.30;Bueno;23.98;Bueno;1;3.00;2.50;5.00;Bueno;16.67;Bueno;Bueno;Bueno
2026-02-08;11:00;9;13.38;10.79;8.30;Bueno;23.98;Bueno;4;3.00;2.50;5.00;Bueno;16.67;Bueno;Bueno;Bueno
2026-02-08;12:00;8;12.96;10.79;8.30;Bueno;23.98;Bueno;2;2.79;2.50;5.00;Bueno;16.67;Bueno;Bueno;Bueno
2026-02-08;13:00;8;12.62;10.79;8.30;Bueno;23.98;Bueno;1;2.67;2.50;5.00;Bueno;16.67;Bueno;Bueno;Bueno
2026-02-08;14:00;7;12.08;10.79;8.30;Bueno;23.98;Bueno;3;2.71;2.50;5.00;Bueno;16.67;Bueno;Bueno;Bueno
2026-02-08;15:00;13;12.12;10.79;8.30;Bueno;23.98;Bueno;1;2.67;2.50;5.00;Bueno;16.67;Bueno;Bueno;Bueno
2026-02-08;16:00;10;12.17;10.79;8.30;Bueno;23.98;Bueno;1;2.50;2.50;5.00;Bueno;16.67;Bueno;Bueno;Bueno
2026-02-08;17:00;9;11.58;10.79;8.30;Bueno;23.98;Bueno;1;2.29;2.50;5.00;Bueno;16.67;Bueno;Bueno;Bueno
2026-02-08;18:00;11;10.38;10.79;8.30;Bueno;23.98;Bueno;4;2.25;2.50;5.00;Bueno;16.67;Bueno;Bueno;Bueno
2026-02-08;19:00;16;10.08;10.79;8.30;Bueno;23.98;Bueno;3;2.12;2.50;5.00;Bueno;16.67;Bueno;Bueno;Bueno
2026-02-08;20:00;29;10.38;10.79;8.30;Bueno;23.98;Bueno;7;2.25;2.50;5.00;Bueno;16.67;Bueno;Bueno;Bueno
2026-02-08;21:00;21;10.67;10.79;8.30;Bueno;23.98;Bueno;7;2.46;2.50;5.00;Bueno;16.67;Bueno;Bueno;Bueno
2026-02-08;22:00;14;10.62;10.79;8.30;Bueno;23.98;Bueno;3;2.54;2.50;5.00;Bueno;16.67;Bueno;Bueno;Bueno
2026-02-08;23:00;13;10.79;10.79;8.30;Bueno;23.98;Bueno;1;2.50;2.50;5.00;Bueno;16.67;Bueno;Bueno;Bueno
2026-02-09;00:00;8;10.62;14.54;11.19;Bueno;32.31;Bueno;2;2.42;2.33;4.67;Bueno;15.56;Bueno;Bueno;Bueno
2026-02-09;01:00;6;10.46;14.54;11.19;Bueno;32.31;Bueno;1;2.42;2.33;4.67;Bueno;15.56;Bueno;Bueno;Bueno
2026-02-09;02:00;5;10.38;14.54;11.19;Bueno;32.31;Bueno;1;2.42;2.33;4.67;Bueno;15.56;Bueno;Bueno;Bueno
2026-02-09;03:00;3;10.17;14.54;11.19;Bueno;32.31;Bueno;1;2.33;2.33;4.67;Bueno;15.56;Bueno;Bueno;Bueno
2026-02-09;04:00;4;10.08;14.54;11.19;Bueno;32.31;Bueno;2;2.29;2.33;4.67;Bueno;15.56;Bueno;Bueno;Bueno
2026-02-09;05:00;7;10.12;14.54;11.19;Bueno;32.31;Bueno;2;2.33;2.33;4.67;Bueno;15.56;Bueno;Bueno;Bueno
2026-02-09;06:00;17;10.46;14.54;11.19;Bueno;32.31;Bueno;6;2.54;2.33;4.67;Bueno;15.56;Bueno;Bueno;Bueno
2026-02-09;07:00;13;10.71;14.54;11.19;Bueno;32.31;Bueno;6;2.75;2.33;4.67;Bueno;15.56;Bueno;Bueno;Bueno
2026-02-09;08:00;25;11.42;14.54;11.19;Bueno;32.31;Bueno;9;3.04;2.33;4.67;Bueno;15.56;Bueno;Bueno;Bueno
2026-02-09;09:00;19;11.92;14.54;11.19;Bueno;32.31;Bueno;6;3.12;2.33;4.67;Bueno;15.56;Bueno;Bueno;Bueno
2026-02-09;10:00;22;12.38;14.54;11.19;Bueno;32.31;Bueno;3;3.21;2.33;4.67;Bueno;15.56;Bueno;Bueno;Bueno
2026-02-09;11:00;23;12.96;14.54;11.19;Bueno;32.31;Bueno;2;3.12;2.33;4.67;Bueno;15.56;Bueno;Bueno;Bueno
2026-02-09;12:00;9;13.00;14.54;11.19;Bueno;32.31;Bueno;1;3.08;2.33;4.67;Bueno;15.56;Bueno;Bueno;Bueno
2026-02-09;13:00;8;13.00;14.54;11.19;Bueno;32.31;Bueno;1;3.08;2.33;4.67;Bueno;15.56;Bueno;Bueno;Bueno
2026-02-09;14:00;10;13.12;14.54;11.19;Bueno;32.31;Bueno;1;3.00;2.33;4.67;Bueno;15.56;Bueno;Bueno;Bueno
2026-02-09;15:00;16;13.25;14.54;11.19;Bueno;32.31;Bueno;1;3.00;2.33;4.67;Bueno;15.56;Bueno;Bueno;Bueno
2026-02-09;16:00;13;13.38;14.54;11.19;Bueno;32.31;Bueno;2;3.04;2.33;4.67;Bueno;15.56;Bueno;Bueno;Bueno
2026-02-09;17:00;24;14.00;14.54;11.19;Bueno;32.31;Bueno;1;3.04;2.33;4.67;Bueno;15.56;Bueno;Bueno;Bueno
2026-02-09;18:00;26;14.62;14.54;11.19;Bueno;32.31;Bueno;1;2.92;2.33;4.67;Bueno;15.56;Bueno;Bueno;Bueno
2026-02-09;19:00;32;15.29;14.54;11.19;Bueno;32.31;Bueno;1;2.83;2.33;4.67;Bueno;15.56;Bueno;Bueno;Bueno
2026-02-09;20:00;18;14.83;14.54;11.19;Bueno;32.31;Bueno;2;2.62;2.33;4.67;Bueno;15.56;Bueno;Bueno;Bueno
2026-02-09;21:00;18;14.71;14.54;11.19;Bueno;32.31;Bueno;2;2.42;2.33;4.67;Bueno;15.56;Bueno;Bueno;Bueno
2026-02-09;22:00;13;14.67;14.54;11.19;Bueno;32.31;Bueno;1;2.33;2.33;4.67;Bueno;15.56;Bueno;Bueno;Bueno
2026-02-09;23:00;10;14.54;14.54;11.19;Bueno;32.31;Bueno;1;2.33;2.33;4.67;Bueno;15.56;Bueno;Bueno;Bueno
2026-02-10;00:00;9;14.58;21.42;16.47;Bueno;47.59;Bueno;1;2.29;4.08;8.17;Bueno;27.22;Bueno;Bueno;Bueno
2026-02-10;01:00;8;14.67;21.42;16.47;Bueno;47.59;Bueno;1;2.29;4.08;8.17;Bueno;27.22;Bueno;Bueno;Bueno
2026-02-10;02:00;9;14.83;21.42;16.47;Bueno;47.59;Bueno;1;2.29;4.08;8.17;Bueno;27.22;Bueno;Bueno;Bueno
2026-02-10;03:00;9;15.08;21.42;16.47;Bueno;47.59;Bueno;4;2.42;4.08;8.17;Bueno;27.22;Bueno;Bueno;Bueno
2026-02-10;04:00;15;15.54;21.42;16.47;Bueno;47.59;Bueno;11;2.79;4.08;8.17;Bueno;27.22;Bueno;Bueno;Bueno
2026-02-10;05:00;15;15.88;21.42;16.47;Bueno;47.59;Bueno;7;3.00;4.08;8.17;Bueno;27.22;Bueno;Bueno;Bueno
2026-02-10;06:00;27;16.29;21.42;16.47;Bueno;47.59;Bueno;7;3.04;4.08;8.17;Bueno;27.22;Bueno;Bueno;Bueno
2026-02-10;07:00;21;16.62;21.42;16.47;Bueno;47.59;Bueno;6;3.04;4.08;8.17;Bueno;27.22;Bueno;Bueno;Bueno
2026-02-10;08:00;14;16.17;21.42;16.47;Bueno;47.59;Bueno;4;2.83;4.08;8.17;Bueno;27.22;Bueno;Bueno;Bueno
2026-02-10;09:00;18;16.12;21.42;16.47;Bueno;47.59;Bueno;3;2.71;4.08;8.17;Bueno;27.22;Bueno;Bueno;Bueno
2026-02-10;10:00;47;17.17;21.42;16.47;Bueno;47.59;Bueno;4;2.75;4.08;8.17;Bueno;27.22;Bueno;Bueno;Bueno
2026-02-10;11:00;32;17.54;21.42;16.47;Bueno;47.59;Bueno;2;2.75;4.08;8.17;Bueno;27.22;Bueno;Bueno;Bueno
2026-02-10;12:00;24;18.17;21.42;16.47;Bueno;47.59;Bueno;2;2.79;4.08;8.17;Bueno;27.22;Bueno;Bueno;Bueno
2026-02-10;13:00;63;20.46;21.42;16.47;Bueno;47.59;Bueno;4;2.92;4.08;8.17;Bueno;27.22;Bueno;Bueno;Bueno
2026-02-10;14:00;56;22.38;21.42;16.47;Bueno;47.59;Bueno;4;3.04;4.08;8.17;Bueno;27.22;Bueno;Bueno;Bueno
2026-02-10;15:00;6;21.96;21.42;16.47;Bueno;47.59;Bueno;1;3.04;4.08;8.17;Bueno;27.22;Bueno;Bueno;Bueno
2026-02-10;16:00;21;22.29;21.42;16.47;Bueno;47.59;Bueno;4;3.12;4.08;8.17;Bueno;27.22;Bueno;Bueno;Bueno
2026-02-10;17:00;22;22.21;21.42;16.47;Bueno;47.59;Bueno;2;3.17;4.08;8.17;Bueno;27.22;Bueno;Bueno;Bueno
2026-02-10;18:00;15;21.75;21.42;16.47;Bueno;47.59;Bueno;1;3.17;4.08;8.17;Bueno;27.22;Bueno;Bueno;Bueno
2026-02-10;19:00;9;20.79;21.42;16.47;Bueno;47.59;Bueno;1;3.17;4.08;8.17;Bueno;27.22;Bueno;Bueno;Bueno
2026-02-10;20:00;21;20.92;21.42;16.47;Bueno;47.59;Bueno;5;3.29;4.08;8.17;Bueno;27.22;Bueno;Bueno;Bueno
2026-02-10;21:00;17;20.88;21.42;16.47;Bueno;47.59;Bueno;7;3.50;4.08;8.17;Bueno;27.22;Bueno;Bueno;Bueno
2026-02-10;22:00;23;21.29;21.42;16.47;Bueno;47.59;Bueno;9;3.83;4.08;8.17;Bueno;27.22;Bueno;Bueno;Bueno
2026-02-10;23:00;13;21.42;21.42;16.47;Bueno;47.59;Bueno;7;4.08;4.08;8.17;Bueno;27.22;Bueno;Bueno;Bueno
2026-02-11;00:00;14;21.62;30.00;23.08;Bueno;66.67;Bueno;5;4.25;3.75;7.50;Bueno;25.00;Bueno;Bueno;Bueno
2026-02-11;01:00;11;21.75;30.00;23.08;Bueno;66.67;Bueno;4;4.38;3.75;7.50;Bueno;25.00;Bueno;Bueno;Bueno
2026-02-11;02:00;7;21.67;30.00;23.08;Bueno;66.67;Bueno;4;4.50;3.75;7.50;Bueno;25.00;Bueno;Bueno;Bueno
2026-02-11;03:00;9;21.67;30.00;23.08;Bueno;66.67;Bueno;3;4.46;3.75;7.50;Bueno;25.00;Bueno;Bueno;Bueno
2026-02-11;04:00;10;21.46;30.00;23.08;Bueno;66.67;Bueno;1;4.04;3.75;7.50;Bueno;25.00;Bueno;Bueno;Bueno
2026-02-11;05:00;14;21.42;30.00;23.08;Bueno;66.67;Bueno;2;3.83;3.75;7.50;Bueno;25.00;Bueno;Bueno;Bueno
2026-02-11;06:00;18;21.04;30.00;23.08;Bueno;66.67;Bueno;7;3.83;3.75;7.50;Bueno;25.00;Bueno;Bueno;Bueno
2026-02-11;07:00;14;20.75;30.00;23.08;Bueno;66.67;Bueno;10;4.00;3.75;7.50;Bueno;25.00;Bueno;Bueno;Bueno
2026-02-11;08:00;45;22.04;30.00;23.08;Bueno;66.67;Bueno;9;4.21;3.75;7.50;Bueno;25.00;Bueno;Bueno;Bueno
2026-02-11;09:00;137;27.00;30.00;23.08;Bueno;66.67;Bueno;6;4.33;3.75;7.50;Bueno;25.00;Bueno;Bueno;Bueno
2026-02-11;10:00;201;33.42;30.00;23.08;Bueno;66.67;Bueno;12;4.67;3.75;7.50;Bueno;25.00;Bueno;Bueno;Bueno
2026-02-11;11:00;39;33.71;30.00;23.08;Bueno;66.67;Bueno;6;4.83;3.75;7.50;Bueno;25.00;Bueno;Bueno;Bueno
2026-02-11;12:00;12;33.21;30.00;23.08;Bueno;66.67;Bueno;1;4.79;3.75;7.50;Bueno;25.00;Bueno;Bueno;Bueno
2026-02-11;13:00;14;31.17;30.00;23.08;Bueno;66.67;Bueno;3;4.75;3.75;7.50;Bueno;25.00;Bueno;Bueno;Bueno
2026-02-11;14:00;16;29.50;30.00;23.08;Bueno;66.67;Bueno;4;4.75;3.75;7.50;Bueno;25.00;Bueno;Bueno;Bueno
2026-02-11;15:00;20;30.08;30.00;23.08;Bueno;66.67;Bueno;2;4.79;3.75;7.50;Bueno;25.00;Bueno;Bueno;Bueno
2026-02-11;16:00;13;29.75;30.00;23.08;Bueno;66.67;Bueno;1;4.67;3.75;7.50;Bueno;25.00;Bueno;Bueno;Bueno
2026-02-11;17:00;16;29.50;30.00;23.08;Bueno;66.67;Bueno;1;4.62;3.75;7.50;Bueno;25.00;Bueno;Bueno;Bueno
2026-02-11;18:00;21;29.75;30.00;23.08;Bueno;66.67;Bueno;2;4.67;3.75;7.50;Bueno;25.00;Bueno;Bueno;Bueno
2026-02-11;19:00;22;30.29;30.00;23.08;Bueno;66.67;Bueno;2;4.71;3.75;7.50;Bueno;25.00;Bueno;Bueno;Bueno
2026-02-11;20:00;24;30.42;30.00;23.08;Bueno;66.67;Bueno;2;4.58;3.75;7.50;Bueno;25.00;Bueno;Bueno;Bueno
2026-02-11;21:00;17;30.42;30.00;23.08;Bueno;66.67;Bueno;1;4.33;3.75;7.50;Bueno;25.00;Bueno;Bueno;Bueno
2026-02-11;22:00;10;29.88;30.00;23.08;Bueno;66.67;Bueno;1;4.00;3.75;7.50;Bueno;25.00;Bueno;Bueno;Bueno
2026-02-11;23:00;16;30.00;30.00;23.08;Bueno;66.67;Bueno;1;3.75;3.75;7.50;Bueno;25.00;Bueno;Bueno;Bueno
2026-02-12;00:00;10;29.83;21.21;16.31;Bueno;47.13;Bueno;1;3.58;2.58;5.17;Bueno;17.22;Bueno;Bueno;Bueno
2026-02-12;01:00;9;29.75;21.21;16.31;Bueno;47.13;Bueno;1;3.46;2.58;5.17;Bueno;17.22;Bueno;Bueno;Bueno
2026-02-12;02:00;8;29.79;21.21;16.31;Bueno;47.13;Bueno;3;3.42;2.58;5.17;Bueno;17.22;Bueno;Bueno;Bueno
2026-02-12;03:00;10;29.83;21.21;16.31;Bueno;47.13;Bueno;2;3.38;2.58;5.17;Bueno;17.22;Bueno;Bueno;Bueno
2026-02-12;04:00;14;30.00;21.21;16.31;Bueno;47.13;Bueno;1;3.38;2.58;5.17;Bueno;17.22;Bueno;Bueno;Bueno
2026-02-12;05:00;12;29.92;21.21;16.31;Bueno;47.13;Bueno;2;3.38;2.58;5.17;Bueno;17.22;Bueno;Bueno;Bueno
2026-02-12;06:00;14;29.75;21.21;16.31;Bueno;47.13;Bueno;5;3.29;2.58;5.17;Bueno;17.22;Bueno;Bueno;Bueno
2026-02-12;07:00;20;30.00;21.21;16.31;Bueno;47.13;Bueno;6;3.12;2.58;5.17;Bueno;17.22;Bueno;Bueno;Bueno
2026-02-12;08:00;22;29.04;21.21;16.31;Bueno;47.13;Bueno;4;2.92;2.58;5.17;Bueno;17.22;Bueno;Bueno;Bueno
2026-02-12;09:00;31;24.62;21.21;16.31;Bueno;47.13;Bueno;2;2.75;2.58;5.17;Bueno;17.22;Bueno;Bueno;Bueno
2026-02-12;10:00;27;17.38;21.21;16.31;Bueno;47.13;Bueno;2;2.33;2.58;5.17;Bueno;17.22;Bueno;Bueno;Bueno
2026-02-12;11:00;41;17.46;21.21;16.31;Bueno;47.13;Bueno;3;2.21;2.58;5.17;Bueno;17.22;Bueno;Bueno;Bueno
2026-02-12;12:00;25;18.00;21.21;16.31;Bueno;47.13;Bueno;3;2.29;2.58;5.17;Bueno;17.22;Bueno;Bueno;Bueno
2026-02-12;13:00;13;17.96;21.21;16.31;Bueno;47.13;Bueno;2;2.25;2.58;5.17;Bueno;17.22;Bueno;Bueno;Bueno
2026-02-12;14:00;26;18.38;21.21;16.31;Bueno;47.13;Bueno;2;2.17;2.58;5.17;Bueno;17.22;Bueno;Bueno;Bueno
2026-02-12;15:00;28;18.71;21.21;16.31;Bueno;47.13;Bueno;3;2.21;2.58;5.17;Bueno;17.22;Bueno;Bueno;Bueno
2026-02-12;16:00;28;19.33;21.21;16.31;Bueno;47.13;Bueno;2;2.25;2.58;5.17;Bueno;17.22;Bueno;Bueno;Bueno
2026-02-12;17:00;26;19.75;21.21;16.31;Bueno;47.13;Bueno;1;2.25;2.58;5.17;Bueno;17.22;Bueno;Bueno;Bueno
2026-02-12;18:00;37;20.42;21.21;16.31;Bueno;47.13;Bueno;3;2.29;2.58;5.17;Bueno;17.22;Bueno;Bueno;Bueno
2026-02-12;19:00;36;21.00;21.21;16.31;Bueno;47.13;Bueno;5;2.42;2.58;5.17;Bueno;17.22;Bueno;Bueno;Bueno
2026-02-12;20:00;28;21.17;21.21;16.31;Bueno;47.13;Bueno;4;2.50;2.58;5.17;Bueno;17.22;Bueno;Bueno;Bueno
2026-02-12;21:00;15;21.08;21.21;16.31;Bueno;47.13;Bueno;3;2.58;2.58;5.17;Bueno;17.22;Bueno;Bueno;Bueno
2026-02-12;22:00;17;21.38;21.21;16.31;Bueno;47.13;Bueno;1;2.58;2.58;5.17;Bueno;17.22;Bueno;Bueno;Bueno
2026-02-12;23:00;12;21.21;21.21;16.31;Bueno;47.13;Bueno;1;2.58;2.58;5.17;Bueno;17.22;Bueno;Bueno;Bueno
2026-02-13;00:00;12;21.29;22.75;17.50;Bueno;50.56;Bueno;1;2.58;3.12;6.25;Bueno;20.83;Bueno;Bueno;Bueno
2026-02-13;01:00;12;21.42;22.75;17.50;Bueno;50.56;Bueno;2;2.62;3.12;6.25;Bueno;20.83;Bueno;Bueno;Bueno
2026-02-13;02:00;9;21.46;22.75;17.50;Bueno;50.56;Bueno;3;2.62;3.12;6.25;Bueno;20.83;Bueno;Bueno;Bueno
2026-02-13;03:00;12;21.54;22.75;17.50;Bueno;50.56;Bueno;3;2.67;3.12;6.25;Bueno;20.83;Bueno;Bueno;Bueno
2026-02-13;04:00;12;21.46;22.75;17.50;Bueno;50.56;Bueno;4;2.79;3.12;6.25;Bueno;20.83;Bueno;Bueno;Bueno
2026-02-13;05:00;9;21.33;22.75;17.50;Bueno;50.56;Bueno;2;2.79;3.12;6.25;Bueno;20.83;Bueno;Bueno;Bueno
2026-02-13;06:00;21;21.62;22.75;17.50;Bueno;50.56;Bueno;2;2.67;3.12;6.25;Bueno;20.83;Bueno;Bueno;Bueno
2026-02-13;07:00;19;21.58;22.75;17.50;Bueno;50.56;Bueno;2;2.50;3.12;6.25;Bueno;20.83;Bueno;Bueno;Bueno
2026-02-13;08:00;34;22.08;22.75;17.50;Bueno;50.56;Bueno;6;2.58;3.12;6.25;Bueno;20.83;Bueno;Bueno;Bueno
2026-02-13;09:00;25;21.83;22.75;17.50;Bueno;50.56;Bueno;5;2.71;3.12;6.25;Bueno;20.83;Bueno;Bueno;Bueno
2026-02-13;10:00;45;22.58;22.75;17.50;Bueno;50.56;Bueno;5;2.83;3.12;6.25;Bueno;20.83;Bueno;Bueno;Bueno
2026-02-13;11:00;28;22.04;22.75;17.50;Bueno;50.56;Bueno;4;2.88;3.12;6.25;Bueno;20.83;Bueno;Bueno;Bueno
2026-02-13;12:00;88;24.67;22.75;17.50;Bueno;50.56;Bueno;3;2.88;3.12;6.25;Bueno;20.83;Bueno;Bueno;Bueno
2026-02-13;13:00;26;25.21;22.75;17.50;Bueno;50.56;Bueno;7;3.08;3.12;6.25;Bueno;20.83;Bueno;Bueno;Bueno
2026-02-13;14:00;14;24.71;22.75;17.50;Bueno;50.56;Bueno;3;3.12;3.12;6.25;Bueno;20.83;Bueno;Bueno;Bueno
2026-02-13;15:00;11;24.00;22.75;17.50;Bueno;50.56;Bueno;1;3.04;3.12;6.25;Bueno;20.83;Bueno;Bueno;Bueno
2026-02-13;16:00;12;23.33;22.75;17.50;Bueno;50.56;Bueno;1;3.00;3.12;6.25;Bueno;20.83;Bueno;Bueno;Bueno
2026-02-13;17:00;20;23.08;22.75;17.50;Bueno;50.56;Bueno;1;3.00;3.12;6.25;Bueno;20.83;Bueno;Bueno;Bueno
2026-02-13;18:00;32;22.88;22.75;17.50;Bueno;50.56;Bueno;2;2.96;3.12;6.25;Bueno;20.83;Bueno;Bueno;Bueno
2026-02-13;19:00;24;22.38;22.75;17.50;Bueno;50.56;Bueno;1;2.79;3.12;6.25;Bueno;20.83;Bueno;Bueno;Bueno
2026-02-13;20:00;37;22.75;22.75;17.50;Bueno;50.56;Bueno;4;2.79;3.12;6.25;Bueno;20.83;Bueno;Bueno;Bueno
2026-02-13;21:00;17;22.83;22.75;17.50;Bueno;50.56;Bueno;4;2.83;3.12;6.25;Bueno;20.83;Bueno;Bueno;Bueno
2026-02-13;22:00;14;22.71;22.75;17.50;Bueno;50.56;Bueno;3;2.92;3.12;6.25;Bueno;20.83;Bueno;Bueno;Bueno
2026-02-13;23:00;13;22.75;22.75;17.50;Bueno;50.56;Bueno;6;3.12;3.12;6.25;Bueno;20.83;Bueno;Bueno;Bueno
2026-02-14;00:00;16;22.92;27.83;21.41;Bueno;61.85;Bueno;6;3.33;3.29;6.58;Bueno;21.94;Bueno;Bueno;Bueno
2026-02-14;01:00;17;23.12;27.83;21.41;Bueno;61.85;Bueno;4;3.42;3.29;6.58;Bueno;21.94;Bueno;Bueno;Bueno
2026-02-14;02:00;13;23.29;27.83;21.41;Bueno;61.85;Bueno;2;3.38;3.29;6.58;Bueno;21.94;Bueno;Bueno;Bueno
2026-02-14;03:00;10;23.21;27.83;21.41;Bueno;61.85;Bueno;4;3.42;3.29;6.58;Bueno;21.94;Bueno;Bueno;Bueno
2026-02-14;04:00;11;23.17;27.83;21.41;Bueno;61.85;Bueno;3;3.38;3.29;6.58;Bueno;21.94;Bueno;Bueno;Bueno
2026-02-14;05:00;17;23.50;27.83;21.41;Bueno;61.85;Bueno;3;3.42;3.29;6.58;Bueno;21.94;Bueno;Bueno;Bueno
2026-02-14;06:00;23;23.58;27.83;21.41;Bueno;61.85;Bueno;4;3.50;3.29;6.58;Bueno;21.94;Bueno;Bueno;Bueno
2026-02-14;07:00;36;24.29;27.83;21.41;Bueno;61.85;Bueno;8;3.75;3.29;6.58;Bueno;21.94;Bueno;Bueno;Bueno
2026-02-14;08:00;18;23.62;27.83;21.41;Bueno;61.85;Bueno;6;3.75;3.29;6.58;Bueno;21.94;Bueno;Bueno;Bueno
2026-02-14;09:00;32;23.92;27.83;21.41;Bueno;61.85;Bueno;3;3.67;3.29;6.58;Bueno;21.94;Bueno;Bueno;Bueno
2026-02-14;10:00;97;26.08;27.83;21.41;Bueno;61.85;Bueno;3;3.58;3.29;6.58;Bueno;21.94;Bueno;Bueno;Bueno
2026-02-14;11:00;41;26.62;27.83;21.41;Bueno;61.85;Bueno;2;3.50;3.29;6.58;Bueno;21.94;Bueno;Bueno;Bueno
2026-02-14;12:00;17;23.67;27.83;21.41;Bueno;61.85;Bueno;1;3.42;3.29;6.58;Bueno;21.94;Bueno;Bueno;Bueno
2026-02-14;13:00;31;23.88;27.83;21.41;Bueno;61.85;Bueno;1;3.17;3.29;6.58;Bueno;21.94;Bueno;Bueno;Bueno
2026-02-14;14:00;41;25.00;27.83;21.41;Bueno;61.85;Bueno;2;3.12;3.29;6.58;Bueno;21.94;Bueno;Bueno;Bueno
2026-02-14;15:00;21;25.42;27.83;21.41;Bueno;61.85;Bueno;1;3.12;3.29;6.58;Bueno;21.94;Bueno;Bueno;Bueno
2026-02-14;16:00;10;25.33;27.83;21.41;Bueno;61.85;Bueno;1;3.12;3.29;6.58;Bueno;21.94;Bueno;Bueno;Bueno
2026-02-14;17:00;16;25.17;27.83;21.41;Bueno;61.85;Bueno;1;3.12;3.29;6.58;Bueno;21.94;Bueno;Bueno;Bueno
2026-02-14;18:00;25;24.88;27.83;21.41;Bueno;61.85;Bueno;4;3.21;3.29;6.58;Bueno;21.94;Bueno;Bueno;Bueno
2026-02-14;19:00;25;24.92;27.83;21.41;Bueno;61.85;Bueno;4;3.33;3.29;6.58;Bueno;21.94;Bueno;Bueno;Bueno
2026-02-14;20:00;22;24.29;27.83;21.41;Bueno;61.85;Bueno;5;3.38;3.29;6.58;Bueno;21.94;Bueno;Bueno;Bueno
2026-02-14;21:00;47;25.54;27.83;21.41;Bueno;61.85;Bueno;4;3.38;3.29;6.58;Bueno;21.94;Bueno;Bueno;Bueno
2026-02-14;22:00;45;26.83;27.83;21.41;Bueno;61.85;Bueno;4;3.42;3.29;6.58;Bueno;21.94;Bueno;Bueno;Bueno
2026-02-14;23:00;37;27.83;27.83;21.41;Bueno;61.85;Bueno;3;3.29;3.29;6.58;Bueno;21.94;Bueno;Bueno;Bueno
2026-02-15;00:00;20;28.00;43.67;33.59;Bueno;97.04;Bueno;4;3.21;3.54;7.08;Bueno;23.61;Bueno;Bueno;Bueno
2026-02-15;01:00;7;27.58;43.67;33.59;Bueno;97.04;Bueno;3;3.17;3.54;7.08;Bueno;23.61;Bueno;Bueno;Bueno
2026-02-15;02:00;5;27.25;43.67;33.59;Bueno;97.04;Bueno;1;3.12;3.54;7.08;Bueno;23.61;Bueno;Bueno;Bueno
2026-02-15;03:00;11;27.29;43.67;33.59;Bueno;97.04;Bueno;1;3.00;3.54;7.08;Bueno;23.61;Bueno;Bueno;Bueno
2026-02-15;04:00;8;27.17;43.67;33.59;Bueno;97.04;Bueno;1;2.92;3.54;7.08;Bueno;23.61;Bueno;Bueno;Bueno
2026-02-15;05:00;10;26.88;43.67;33.59;Bueno;97.04;Bueno;1;2.83;3.54;7.08;Bueno;23.61;Bueno;Bueno;Bueno
2026-02-15;06:00;11;26.38;43.67;33.59;Bueno;97.04;Bueno;3;2.79;3.54;7.08;Bueno;23.61;Bueno;Bueno;Bueno
2026-02-15;07:00;9;25.25;43.67;33.59;Bueno;97.04;Bueno;1;2.50;3.54;7.08;Bueno;23.61;Bueno;Bueno;Bueno
2026-02-15;08:00;12;25.00;43.67;33.59;Bueno;97.04;Bueno;1;2.29;3.54;7.08;Bueno;23.61;Bueno;Bueno;Bueno
2026-02-15;09:00;16;24.33;43.67;33.59;Bueno;97.04;Bueno;1;2.21;3.54;7.08;Bueno;23.61;Bueno;Bueno;Bueno
2026-02-15;10:00;26;21.38;43.67;33.59;Bueno;97.04;Bueno;3;2.21;3.54;7.08;Bueno;23.61;Bueno;Bueno;Bueno
2026-02-15;11:00;7;19.96;43.67;33.59;Bueno;97.04;Bueno;1;2.17;3.54;7.08;Bueno;23.61;Bueno;Bueno;Bueno
2026-02-15;12:00;11;19.71;43.67;33.59;Bueno;97.04;Bueno;3;2.25;3.54;7.08;Bueno;23.61;Bueno;Bueno;Bueno
2026-02-15;13:00;15;19.04;43.67;33.59;Bueno;97.04;Bueno;2;2.29;3.54;7.08;Bueno;23.61;Bueno;Bueno;Bueno
2026-02-15;14:00;17;18.04;43.67;33.59;Bueno;97.04;Bueno;2;2.29;3.54;7.08;Bueno;23.61;Bueno;Bueno;Bueno
2026-02-15;15:00;18;17.92;43.67;33.59;Bueno;97.04;Bueno;2;2.33;3.54;7.08;Bueno;23.61;Bueno;Bueno;Bueno
2026-02-15;16:00;24;18.50;43.67;33.59;Bueno;97.04;Bueno;5;2.50;3.54;7.08;Bueno;23.61;Bueno;Bueno;Bueno
2026-02-15;17:00;115;22.62;43.67;33.59;Bueno;97.04;Bueno;4;2.62;3.54;7.08;Bueno;23.61;Bueno;Bueno;Bueno
2026-02-15;18:00;175;28.88;43.67;33.59;Bueno;97.04;Bueno;7;2.75;3.54;7.08;Bueno;23.61;Bueno;Bueno;Bueno
2026-02-15;19:00;191;35.79;43.67;33.59;Bueno;97.04;Bueno;14;3.17;3.54;7.08;Bueno;23.61;Bueno;Bueno;Bueno
2026-02-15;20:00;134;40.46;43.67;33.59;Bueno;97.04;Bueno;10;3.38;3.54;7.08;Bueno;23.61;Bueno;Bueno;Bueno
2026-02-15;21:00;53;40.71;43.67;33.59;Bueno;97.04;Bueno;6;3.46;3.54;7.08;Bueno;23.61;Bueno;Bueno;Bueno
2026-02-15;22:00;117;43.71;43.67;33.59;Bueno;97.04;Bueno;5;3.50;3.54;7.08;Bueno;23.61;Bueno;Bueno;Bueno
2026-02-15;23:00;36;43.67;43.67;33.59;Bueno;97.04;Bueno;4;3.54;3.54;7.08;Bueno;23.61;Bueno;Bueno;Bueno
2026-02-16;00:00;18;43.58;24.35;18.73;Bueno;54.11;Bueno;1;3.42;3.00;6.00;Bueno;20.00;Bueno;Bueno;Bueno
2026-02-16;01:00;14;43.88;24.35;18.73;Bueno;54.11;Bueno;1;3.33;3.00;6.00;Bueno;20.00;Bueno;Bueno;Bueno
2026-02-16;02:00;11;44.12;24.35;18.73;Bueno;54.11;Bueno;1;3.33;3.00;6.00;Bueno;20.00;Bueno;Bueno;Bueno
2026-02-16;03:00;12;44.17;24.35;18.73;Bueno;54.11;Bueno;2;3.38;3.00;6.00;Bueno;20.00;Bueno;Bueno;Bueno
2026-02-16;04:00;14;44.42;24.35;18.73;Bueno;54.11;Bueno;3;3.46;3.00;6.00;Bueno;20.00;Bueno;Bueno;Bueno
2026-02-16;05:00;16;44.67;24.35;18.73;Bueno;54.11;Bueno;5;3.62;3.00;6.00;Bueno;20.00;Bueno;Bueno;Bueno
2026-02-16;06:00;56;46.54;24.35;18.73;Bueno;54.11;Bueno;10;3.92;3.00;6.00;Bueno;20.00;Bueno;Bueno;Bueno
2026-02-16;07:00;22;47.08;24.35;18.73;Bueno;54.11;Bueno;5;4.08;3.00;6.00;Bueno;20.00;Bueno;Bueno;Bueno
2026-02-16;08:00;;48.61;24.35;18.73;Bueno;54.11;Bueno;;4.22;3.00;6.00;Bueno;20.00;Bueno;Bueno;Bueno
2026-02-16;09:00;17;48.65;24.35;18.73;Bueno;54.11;Bueno;1;4.22;3.00;6.00;Bueno;20.00;Bueno;Bueno;Bueno
2026-02-16;10:00;39;49.22;24.35;18.73;Bueno;54.11;Bueno;2;4.17;3.00;6.00;Bueno;20.00;Bueno;Bueno;Bueno
2026-02-16;11:00;24;49.96;24.35;18.73;Bueno;54.11;Bueno;3;4.26;3.00;6.00;Bueno;20.00;Bueno;Bueno;Bueno
2026-02-16;12:00;25;50.57;24.35;18.73;Bueno;54.11;Bueno;1;4.17;3.00;6.00;Bueno;20.00;Bueno;Bueno;Bueno
2026-02-16;13:00;22;50.87;24.35;18.73;Bueno;54.11;Bueno;1;4.13;3.00;6.00;Bueno;20.00;Bueno;Bueno;Bueno
2026-02-16;14:00;20;51.00;24.35;18.73;Bueno;54.11;Bueno;1;4.09;3.00;6.00;Bueno;20.00;Bueno;Bueno;Bueno
2026-02-16;15:00;39;51.91;24.35;18.73;Bueno;54.11;Bueno;2;4.09;3.00;6.00;Bueno;20.00;Bueno;Bueno;Bueno
2026-02-16;16:00;49;53.00;24.35;18.73;Bueno;54.11;Bueno;6;4.13;3.00;6.00;Bueno;20.00;Bueno;Bueno;Bueno
2026-02-16;17:00;35;49.52;24.35;18.73;Bueno;54.11;Bueno;6;4.22;3.00;6.00;Bueno;20.00;Bueno;Bueno;Bueno
2026-02-16;18:00;24;42.96;24.35;18.73;Bueno;54.11;Bueno;4;4.09;3.00;6.00;Bueno;20.00;Bueno;Bueno;Bueno
2026-02-16;19:00;20;35.52;24.35;18.73;Bueno;54.11;Bueno;1;3.52;3.00;6.00;Bueno;20.00;Bueno;Bueno;Bueno
2026-02-16;20:00;28;30.91;24.35;18.73;Bueno;54.11;Bueno;1;3.13;3.00;6.00;Bueno;20.00;Bueno;Bueno;Bueno
2026-02-16;21:00;20;29.48;24.35;18.73;Bueno;54.11;Bueno;3;3.00;3.00;6.00;Bueno;20.00;Bueno;Bueno;Bueno
2026-02-16;22:00;20;25.26;24.35;18.73;Bueno;54.11;Bueno;4;2.96;3.00;6.00;Bueno;20.00;Bueno;Bueno;Bueno
2026-02-16;23:00;15;24.35;24.35;18.73;Bueno;54.11;Bueno;5;3.00;3.00;6.00;Bueno;20.00;Bueno;Bueno;Bueno
2026-02-17;00:00;13;24.13;12.08;9.29;Bueno;26.85;Bueno;2;3.04;3.83;7.67;Bueno;25.56;Bueno;Bueno;Bueno
2026-02-17;01:00;8;23.87;12.08;9.29;Bueno;26.85;Bueno;1;3.04;3.83;7.67;Bueno;25.56;Bueno;Bueno;Bueno
2026-02-17;02:00;5;23.61;12.08;9.29;Bueno;26.85;Bueno;2;3.09;3.83;7.67;Bueno;25.56;Bueno;Bueno;Bueno
2026-02-17;03:00;32;24.48;12.08;9.29;Bueno;26.85;Bueno;19;3.83;3.83;7.67;Bueno;25.56;Bueno;Bueno;Bueno
2026-02-17;04:00;5;24.09;12.08;9.29;Bueno;26.85;Bueno;1;3.74;3.83;7.67;Bueno;25.56;Bueno;Bueno;Bueno
2026-02-17;05:00;10;23.83;12.08;9.29;Bueno;26.85;Bueno;1;3.57;3.83;7.67;Bueno;25.56;Bueno;Bueno;Bueno
2026-02-17;06:00;12;21.91;12.08;9.29;Bueno;26.85;Bueno;1;3.17;3.83;7.67;Bueno;25.56;Bueno;Bueno;Bueno
2026-02-17;07:00;10;21.39;12.08;9.29;Bueno;26.85;Bueno;2;3.04;3.83;7.67;Bueno;25.56;Bueno;Bueno;Bueno
2026-02-17;08:00;8;20.83;12.08;9.29;Bueno;26.85;Bueno;4;3.08;3.83;7.67;Bueno;25.56;Bueno;Bueno;Bueno
2026-02-17;09:00;8;20.46;12.08;9.29;Bueno;26.85;Bueno;5;3.25;3.83;7.67;Bueno;25.56;Bueno;Bueno;Bueno
2026-02-17;10:00;6;19.08;12.08;9.29;Bueno;26.85;Bueno;6;3.42;3.83;7.67;Bueno;25.56;Bueno;Bueno;Bueno
2026-02-17;11:00;5;18.29;12.08;9.29;Bueno;26.85;Bueno;5;3.50;3.83;7.67;Bueno;25.56;Bueno;Bueno;Bueno
2026-02-17;12:00;6;17.50;12.08;9.29;Bueno;26.85;Bueno;3;3.58;3.83;7.67;Bueno;25.56;Bueno;Bueno;Bueno
2026-02-17;13:00;11;17.04;12.08;9.29;Bueno;26.85;Bueno;3;3.67;3.83;7.67;Bueno;25.56;Bueno;Bueno;Bueno
2026-02-17;14:00;9;16.58;12.08;9.29;Bueno;26.85;Bueno;3;3.75;3.83;7.67;Bueno;25.56;Bueno;Bueno;Bueno
2026-02-17;15:00;12;15.46;12.08;9.29;Bueno;26.85;Bueno;4;3.83;3.83;7.67;Bueno;25.56;Bueno;Bueno;Bueno
2026-02-17;16:00;13;13.96;12.08;9.29;Bueno;26.85;Bueno;6;3.83;3.83;7.67;Bueno;25.56;Bueno;Bueno;Bueno
2026-02-17;17:00;9;12.88;12.08;9.29;Bueno;26.85;Bueno;4;3.75;3.83;7.67;Bueno;25.56;Bueno;Bueno;Bueno
2026-02-17;18:00;12;12.38;12.08;9.29;Bueno;26.85;Bueno;2;3.67;3.83;7.67;Bueno;25.56;Bueno;Bueno;Bueno
2026-02-17;19:00;15;12.17;12.08;9.29;Bueno;26.85;Bueno;2;3.71;3.83;7.67;Bueno;25.56;Bueno;Bueno;Bueno
2026-02-17;20:00;22;11.92;12.08;9.29;Bueno;26.85;Bueno;4;3.83;3.83;7.67;Bueno;25.56;Bueno;Bueno;Bueno
2026-02-17;21:00;22;12.00;12.08;9.29;Bueno;26.85;Bueno;7;4.00;3.83;7.67;Bueno;25.56;Bueno;Bueno;Bueno
2026-02-17;22:00;16;11.83;12.08;9.29;Bueno;26.85;Bueno;4;4.00;3.83;7.67;Bueno;25.56;Bueno;Bueno;Bueno
2026-02-17;23:00;21;12.08;12.08;9.29;Bueno;26.85;Bueno;1;3.83;3.83;7.67;Bueno;25.56;Bueno;Bueno;Bueno
2026-02-18;00:00;14;12.12;14.08;10.83;Bueno;31.30;Bueno;1;3.79;2.71;5.42;Bueno;18.06;Bueno;Bueno;Bueno
2026-02-18;01:00;16;12.46;14.08;10.83;Bueno;31.30;Bueno;6;4.00;2.71;5.42;Bueno;18.06;Bueno;Bueno;Bueno
2026-02-18;02:00;7;12.54;14.08;10.83;Bueno;31.30;Bueno;5;4.12;2.71;5.42;Bueno;18.06;Bueno;Bueno;Bueno
2026-02-18;03:00;10;11.62;14.08;10.83;Bueno;31.30;Bueno;3;3.46;2.71;5.42;Bueno;18.06;Bueno;Bueno;Bueno
2026-02-18;04:00;15;12.04;14.08;10.83;Bueno;31.30;Bueno;2;3.50;2.71;5.42;Bueno;18.06;Bueno;Bueno;Bueno
2026-02-18;05:00;15;12.25;14.08;10.83;Bueno;31.30;Bueno;1;3.50;2.71;5.42;Bueno;18.06;Bueno;Bueno;Bueno
2026-02-18;06:00;14;12.33;14.08;10.83;Bueno;31.30;Bueno;3;3.58;2.71;5.42;Bueno;18.06;Bueno;Bueno;Bueno
2026-02-18;07:00;11;12.38;14.08;10.83;Bueno;31.30;Bueno;3;3.62;2.71;5.42;Bueno;18.06;Bueno;Bueno;Bueno
2026-02-18;08:00;13;12.58;14.08;10.83;Bueno;31.30;Bueno;3;3.58;2.71;5.42;Bueno;18.06;Bueno;Bueno;Bueno
2026-02-18;09:00;15;12.88;14.08;10.83;Bueno;31.30;Bueno;4;3.54;2.71;5.42;Bueno;18.06;Bueno;Bueno;Bueno
2026-02-18;10:00;19;13.42;14.08;10.83;Bueno;31.30;Bueno;5;3.50;2.71;5.42;Bueno;18.06;Bueno;Bueno;Bueno
2026-02-18;11:00;16;13.88;14.08;10.83;Bueno;31.30;Bueno;4;3.46;2.71;5.42;Bueno;18.06;Bueno;Bueno;Bueno
2026-02-18;12:00;8;13.96;14.08;10.83;Bueno;31.30;Bueno;4;3.50;2.71;5.42;Bueno;18.06;Bueno;Bueno;Bueno
2026-02-18;13:00;10;13.92;14.08;10.83;Bueno;31.30;Bueno;3;3.50;2.71;5.42;Bueno;18.06;Bueno;Bueno;Bueno
2026-02-18;14:00;15;14.17;14.08;10.83;Bueno;31.30;Bueno;1;3.42;2.71;5.42;Bueno;18.06;Bueno;Bueno;Bueno
2026-02-18;15:00;11;14.12;14.08;10.83;Bueno;31.30;Bueno;1;3.29;2.71;5.42;Bueno;18.06;Bueno;Bueno;Bueno
2026-02-18;16:00;14;14.17;14.08;10.83;Bueno;31.30;Bueno;1;3.08;2.71;5.42;Bueno;18.06;Bueno;Bueno;Bueno
2026-02-18;17:00;15;14.42;14.08;10.83;Bueno;31.30;Bueno;1;2.96;2.71;5.42;Bueno;18.06;Bueno;Bueno;Bueno
2026-02-18;18:00;29;15.12;14.08;10.83;Bueno;31.30;Bueno;2;2.96;2.71;5.42;Bueno;18.06;Bueno;Bueno;Bueno
2026-02-18;19:00;18;15.25;14.08;10.83;Bueno;31.30;Bueno;2;2.96;2.71;5.42;Bueno;18.06;Bueno;Bueno;Bueno
2026-02-18;20:00;20;15.17;14.08;10.83;Bueno;31.30;Bueno;2;2.88;2.71;5.42;Bueno;18.06;Bueno;Bueno;Bueno
2026-02-18;21:00;13;14.79;14.08;10.83;Bueno;31.30;Bueno;4;2.75;2.71;5.42;Bueno;18.06;Bueno;Bueno;Bueno
2026-02-18;22:00;11;14.58;14.08;10.83;Bueno;31.30;Bueno;3;2.71;2.71;5.42;Bueno;18.06;Bueno;Bueno;Bueno
2026-02-18;23:00;9;14.08;14.08;10.83;Bueno;31.30;Bueno;1;2.71;2.71;5.42;Bueno;18.06;Bueno;Bueno;Bueno
2026-02-19;00:00;8;13.83;17.12;13.17;Bueno;38.06;Bueno;1;2.71;2.92;5.83;Bueno;19.44;Bueno;Bueno;Bueno
2026-02-19;01:00;7;13.46;17.12;13.17;Bueno;38.06;Bueno;3;2.58;2.92;5.83;Bueno;19.44;Bueno;Bueno;Bueno
2026-02-19;02:00;9;13.54;17.12;13.17;Bueno;38.06;Bueno;3;2.50;2.92;5.83;Bueno;19.44;Bueno;Bueno;Bueno
2026-02-19;03:00;11;13.58;17.12;13.17;Bueno;38.06;Bueno;4;2.54;2.92;5.83;Bueno;19.44;Bueno;Bueno;Bueno
2026-02-19;04:00;10;13.38;17.12;13.17;Bueno;38.06;Bueno;3;2.58;2.92;5.83;Bueno;19.44;Bueno;Bueno;Bueno
2026-02-19;05:00;10;13.17;17.12;13.17;Bueno;38.06;Bueno;1;2.58;2.92;5.83;Bueno;19.44;Bueno;Bueno;Bueno
2026-02-19;06:00;8;12.92;17.12;13.17;Bueno;38.06;Bueno;1;2.50;2.92;5.83;Bueno;19.44;Bueno;Bueno;Bueno
2026-02-19;07:00;15;13.08;17.12;13.17;Bueno;38.06;Bueno;1;2.42;2.92;5.83;Bueno;19.44;Bueno;Bueno;Bueno
2026-02-19;08:00;13;13.08;17.12;13.17;Bueno;38.06;Bueno;1;2.33;2.92;5.83;Bueno;19.44;Bueno;Bueno;Bueno
2026-02-19;09:00;12;12.96;17.12;13.17;Bueno;38.06;Bueno;1;2.21;2.92;5.83;Bueno;19.44;Bueno;Bueno;Bueno
2026-02-19;10:00;15;12.79;17.12;13.17;Bueno;38.06;Bueno;2;2.08;2.92;5.83;Bueno;19.44;Bueno;Bueno;Bueno
2026-02-19;11:00;16;12.79;17.12;13.17;Bueno;38.06;Bueno;1;1.96;2.92;5.83;Bueno;19.44;Bueno;Bueno;Bueno
2026-02-19;12:00;15;13.08;17.12;13.17;Bueno;38.06;Bueno;2;1.88;2.92;5.83;Bueno;19.44;Bueno;Bueno;Bueno
2026-02-19;13:00;19;13.46;17.12;13.17;Bueno;38.06;Bueno;2;1.83;2.92;5.83;Bueno;19.44;Bueno;Bueno;Bueno
2026-02-19;14:00;16;13.50;17.12;13.17;Bueno;38.06;Bueno;1;1.83;2.92;5.83;Bueno;19.44;Bueno;Bueno;Bueno
2026-02-19;15:00;29;14.25;17.12;13.17;Bueno;38.06;Bueno;4;1.96;2.92;5.83;Bueno;19.44;Bueno;Bueno;Bueno
2026-02-19;16:00;33;15.04;17.12;13.17;Bueno;38.06;Bueno;6;2.17;2.92;5.83;Bueno;19.44;Bueno;Bueno;Bueno
2026-02-19;17:00;21;15.29;17.12;13.17;Bueno;38.06;Bueno;5;2.33;2.92;5.83;Bueno;19.44;Bueno;Bueno;Bueno
2026-02-19;18:00;29;15.29;17.12;13.17;Bueno;38.06;Bueno;5;2.46;2.92;5.83;Bueno;19.44;Bueno;Bueno;Bueno
2026-02-19;19:00;36;16.04;17.12;13.17;Bueno;38.06;Bueno;7;2.67;2.92;5.83;Bueno;19.44;Bueno;Bueno;Bueno
2026-02-19;20:00;26;16.29;17.12;13.17;Bueno;38.06;Bueno;6;2.83;2.92;5.83;Bueno;19.44;Bueno;Bueno;Bueno
2026-02-19;21:00;22;16.67;17.12;13.17;Bueno;38.06;Bueno;5;2.88;2.92;5.83;Bueno;19.44;Bueno;Bueno;Bueno
2026-02-19;22:00;14;16.79;17.12;13.17;Bueno;38.06;Bueno;3;2.88;2.92;5.83;Bueno;19.44;Bueno;Bueno;Bueno
2026-02-19;23:00;17;17.12;17.12;13.17;Bueno;38.06;Bueno;2;2.92;2.92;5.83;Bueno;19.44;Bueno;Bueno;Bueno
2026-02-20;00:00;16;17.46;24.21;18.62;Bueno;53.80;Bueno;2;2.96;7.00;14.00;Bueno;46.67;Bueno;Bueno;Bueno
2026-02-20;01:00;10;17.58;24.21;18.62;Bueno;53.80;Bueno;5;3.04;7.00;14.00;Bueno;46.67;Bueno;Bueno;Bueno
2026-02-20;02:00;11;17.67;24.21;18.62;Bueno;53.80;Bueno;6;3.17;7.00;14.00;Bueno;46.67;Bueno;Bueno;Bueno
2026-02-20;03:00;12;17.71;24.21;18.62;Bueno;53.80;Bueno;6;3.25;7.00;14.00;Bueno;46.67;Bueno;Bueno;Bueno
2026-02-20;04:00;14;17.88;24.21;18.62;Bueno;53.80;Bueno;5;3.33;7.00;14.00;Bueno;46.67;Bueno;Bueno;Bueno
2026-02-20;05:00;13;18.00;24.21;18.62;Bueno;53.80;Bueno;6;3.54;7.00;14.00;Bueno;46.67;Bueno;Bueno;Bueno
2026-02-20;06:00;25;18.71;24.21;18.62;Bueno;53.80;Bueno;10;3.92;7.00;14.00;Bueno;46.67;Bueno;Bueno;Bueno
2026-02-20;07:00;25;19.12;24.21;18.62;Bueno;53.80;Bueno;7;4.17;7.00;14.00;Bueno;46.67;Bueno;Bueno;Bueno
2026-02-20;08:00;17;19.29;24.21;18.62;Bueno;53.80;Bueno;6;4.38;7.00;14.00;Bueno;46.67;Bueno;Bueno;Bueno
2026-02-20;09:00;15;19.42;24.21;18.62;Bueno;53.80;Bueno;5;4.54;7.00;14.00;Bueno;46.67;Bueno;Bueno;Bueno
2026-02-20;10:00;20;19.62;24.21;18.62;Bueno;53.80;Bueno;3;4.58;7.00;14.00;Bueno;46.67;Bueno;Bueno;Bueno
2026-02-20;11:00;25;20.00;24.21;18.62;Bueno;53.80;Bueno;7;4.83;7.00;14.00;Bueno;46.67;Bueno;Bueno;Bueno
2026-02-20;12:00;18;20.12;24.21;18.62;Bueno;53.80;Bueno;7;5.04;7.00;14.00;Bueno;46.67;Bueno;Bueno;Bueno
2026-02-20;13:00;19;20.12;24.21;18.62;Bueno;53.80;Bueno;4;5.12;7.00;14.00;Bueno;46.67;Bueno;Bueno;Bueno
2026-02-20;14:00;18;20.21;24.21;18.62;Bueno;53.80;Bueno;8;5.42;7.00;14.00;Bueno;46.67;Bueno;Bueno;Bueno
2026-02-20;15:00;26;20.08;24.21;18.62;Bueno;53.80;Bueno;7;5.54;7.00;14.00;Bueno;46.67;Bueno;Bueno;Bueno
2026-02-20;16:00;26;19.79;24.21;18.62;Bueno;53.80;Bueno;5;5.50;7.00;14.00;Bueno;46.67;Bueno;Bueno;Bueno
2026-02-20;17:00;34;20.33;24.21;18.62;Bueno;53.80;Bueno;10;5.71;7.00;14.00;Bueno;46.67;Bueno;Bueno;Bueno
2026-02-20;18:00;37;20.67;24.21;18.62;Bueno;53.80;Bueno;10;5.92;7.00;14.00;Bueno;46.67;Bueno;Bueno;Bueno
2026-02-20;19:00;54;21.42;24.21;18.62;Bueno;53.80;Bueno;11;6.08;7.00;14.00;Bueno;46.67;Bueno;Bueno;Bueno
2026-02-20;20:00;47;22.29;24.21;18.62;Bueno;53.80;Bueno;12;6.33;7.00;14.00;Bueno;46.67;Bueno;Bueno;Bueno
2026-02-20;21:00;39;23.00;24.21;18.62;Bueno;53.80;Bueno;10;6.54;7.00;14.00;Bueno;46.67;Bueno;Bueno;Bueno
2026-02-20;22:00;30;23.67;24.21;18.62;Bueno;53.80;Bueno;8;6.75;7.00;14.00;Bueno;46.67;Bueno;Bueno;Bueno
2026-02-20;23:00;30;24.21;24.21;18.62;Bueno;53.80;Bueno;8;7.00;7.00;14.00;Bueno;46.67;Bueno;Bueno;Bueno
2026-02-21;00:00;23;24.50;29.12;22.40;Bueno;64.72;Bueno;6;7.17;12.38;24.75;Bueno;82.50;Bueno;Bueno;Bueno
2026-02-21;01:00;31;25.38;29.12;22.40;Bueno;64.72;Bueno;10;7.38;12.38;24.75;Bueno;82.50;Bueno;Bueno;Bueno
2026-02-21;02:00;26;26.00;29.12;22.40;Bueno;64.72;Bueno;11;7.58;12.38;24.75;Bueno;82.50;Bueno;Bueno;Bueno
2026-02-21;03:00;30;26.75;29.12;22.40;Bueno;64.72;Bueno;9;7.71;12.38;24.75;Bueno;82.50;Bueno;Bueno;Bueno
2026-02-21;04:00;27;27.29;29.12;22.40;Bueno;64.72;Bueno;10;7.92;12.38;24.75;Bueno;82.50;Bueno;Bueno;Bueno
2026-02-21;05:00;34;28.17;29.12;22.40;Bueno;64.72;Bueno;12;8.17;12.38;24.75;Bueno;82.50;Bueno;Bueno;Bueno
2026-02-21;06:00;32;28.46;29.12;22.40;Bueno;64.72;Bueno;12;8.25;12.38;24.75;Bueno;82.50;Bueno;Bueno;Bueno
2026-02-21;07:00;31;28.71;29.12;22.40;Bueno;64.72;Bueno;12;8.46;12.38;24.75;Bueno;82.50;Bueno;Bueno;Bueno
2026-02-21;08:00;35;29.46;29.12;22.40;Bueno;64.72;Bueno;13;8.75;12.38;24.75;Bueno;82.50;Bueno;Bueno;Bueno
2026-02-21;09:00;26;29.92;29.12;22.40;Bueno;64.72;Bueno;14;9.12;12.38;24.75;Bueno;82.50;Bueno;Bueno;Bueno
2026-02-21;10:00;24;30.08;29.12;22.40;Bueno;64.72;Bueno;12;9.50;12.38;24.75;Bueno;82.50;Bueno;Bueno;Bueno
2026-02-21;11:00;29;30.25;29.12;22.40;Bueno;64.72;Bueno;9;9.58;12.38;24.75;Bueno;82.50;Bueno;Bueno;Bueno
2026-02-21;12:00;25;30.54;29.12;22.40;Bueno;64.72;Bueno;7;9.58;12.38;24.75;Bueno;82.50;Bueno;Bueno;Bueno
2026-02-21;13:00;23;30.71;29.12;22.40;Bueno;64.72;Bueno;6;9.67;12.38;24.75;Bueno;82.50;Bueno;Bueno;Bueno
2026-02-21;14:00;24;30.96;29.12;22.40;Bueno;64.72;Bueno;5;9.54;12.38;24.75;Bueno;82.50;Bueno;Bueno;Bueno
2026-02-21;15:00;25;30.92;29.12;22.40;Bueno;64.72;Bueno;8;9.58;12.38;24.75;Bueno;82.50;Bueno;Bueno;Bueno
2026-02-21;16:00;20;30.67;29.12;22.40;Bueno;64.72;Bueno;7;9.67;12.38;24.75;Bueno;82.50;Bueno;Bueno;Bueno
2026-02-21;17:00;21;30.12;29.12;22.40;Bueno;64.72;Bueno;5;9.46;12.38;24.75;Bueno;82.50;Bueno;Bueno;Bueno
2026-02-21;18:00;20;29.42;29.12;22.40;Bueno;64.72;Bueno;6;9.29;12.38;24.75;Bueno;82.50;Bueno;Bueno;Bueno
2026-02-21;19:00;57;29.54;29.12;22.40;Bueno;64.72;Bueno;39;10.46;12.38;24.75;Bueno;82.50;Bueno;Bueno;Bueno
2026-02-21;20:00;54;29.83;29.12;22.40;Bueno;64.72;Bueno;33;11.33;12.38;24.75;Bueno;82.50;Bueno;Bueno;Bueno
2026-02-21;21:00;48;30.21;29.12;22.40;Bueno;64.72;Bueno;29;12.12;12.38;24.75;Bueno;82.50;Bueno;Bueno;Bueno
2026-02-21;22:00;18;29.71;29.12;22.40;Bueno;64.72;Bueno;14;12.38;12.38;24.75;Bueno;82.50;Bueno;Bueno;Bueno
2026-02-21;23:00;16;29.12;29.12;22.40;Bueno;64.72;Bueno;8;12.38;12.38;24.75;Bueno;82.50;Bueno;Bueno;Bueno
2026-02-22;00:00;14;28.75;18.83;14.49;Bueno;41.85;Bueno;4;12.29;4.75;9.50;Bueno;31.67;Bueno;Bueno;Bueno
2026-02-22;01:00;16;28.12;18.83;14.49;Bueno;41.85;Bueno;6;12.12;4.75;9.50;Bueno;31.67;Bueno;Bueno;Bueno
2026-02-22;02:00;16;27.71;18.83;14.49;Bueno;41.85;Bueno;4;11.83;4.75;9.50;Bueno;31.67;Bueno;Bueno;Bueno
2026-02-22;03:00;15;27.08;18.83;14.49;Bueno;41.85;Bueno;7;11.75;4.75;9.50;Bueno;31.67;Bueno;Bueno;Bueno
2026-02-22;04:00;15;26.58;18.83;14.49;Bueno;41.85;Bueno;8;11.67;4.75;9.50;Bueno;31.67;Bueno;Bueno;Bueno
2026-02-22;05:00;17;25.88;18.83;14.49;Bueno;41.85;Bueno;5;11.38;4.75;9.50;Bueno;31.67;Bueno;Bueno;Bueno
2026-02-22;06:00;13;25.08;18.83;14.49;Bueno;41.85;Bueno;3;11.00;4.75;9.50;Bueno;31.67;Bueno;Bueno;Bueno
2026-02-22;07:00;12;24.29;18.83;14.49;Bueno;41.85;Bueno;5;10.71;4.75;9.50;Bueno;31.67;Bueno;Bueno;Bueno
2026-02-22;08:00;18;23.58;18.83;14.49;Bueno;41.85;Bueno;4;10.33;4.75;9.50;Bueno;31.67;Bueno;Bueno;Bueno
2026-02-22;09:00;15;23.12;18.83;14.49;Bueno;41.85;Bueno;5;9.96;4.75;9.50;Bueno;31.67;Bueno;Bueno;Bueno
2026-02-22;10:00;27;23.25;18.83;14.49;Bueno;41.85;Bueno;4;9.62;4.75;9.50;Bueno;31.67;Bueno;Bueno;Bueno
2026-02-22;11:00;21;22.92;18.83;14.49;Bueno;41.85;Bueno;7;9.54;4.75;9.50;Bueno;31.67;Bueno;Bueno;Bueno
2026-02-22;12:00;17;22.58;18.83;14.49;Bueno;41.85;Bueno;5;9.46;4.75;9.50;Bueno;31.67;Bueno;Bueno;Bueno
2026-02-22;13:00;21;22.50;18.83;14.49;Bueno;41.85;Bueno;4;9.38;4.75;9.50;Bueno;31.67;Bueno;Bueno;Bueno
2026-02-22;14:00;30;22.75;18.83;14.49;Bueno;41.85;Bueno;5;9.38;4.75;9.50;Bueno;31.67;Bueno;Bueno;Bueno
2026-02-22;15:00;14;22.29;18.83;14.49;Bueno;41.85;Bueno;3;9.17;4.75;9.50;Bueno;31.67;Bueno;Bueno;Bueno
2026-02-22;16:00;19;22.25;18.83;14.49;Bueno;41.85;Bueno;1;8.92;4.75;9.50;Bueno;31.67;Bueno;Bueno;Bueno
2026-02-22;17:00;25;22.42;18.83;14.49;Bueno;41.85;Bueno;1;8.75;4.75;9.50;Bueno;31.67;Bueno;Bueno;Bueno
2026-02-22;18:00;26;22.67;18.83;14.49;Bueno;41.85;Bueno;4;8.67;4.75;9.50;Bueno;31.67;Bueno;Bueno;Bueno
2026-02-22;19:00;22;21.21;18.83;14.49;Bueno;41.85;Bueno;6;7.29;4.75;9.50;Bueno;31.67;Bueno;Bueno;Bueno
2026-02-22;20:00;23;19.92;18.83;14.49;Bueno;41.85;Bueno;5;6.12;4.75;9.50;Bueno;31.67;Bueno;Bueno;Bueno
2026-02-22;21:00;17;18.62;18.83;14.49;Bueno;41.85;Bueno;4;5.08;4.75;9.50;Bueno;31.67;Bueno;Bueno;Bueno
2026-02-22;22:00;19;18.67;18.83;14.49;Bueno;41.85;Bueno;7;4.79;4.75;9.50;Bueno;31.67;Bueno;Bueno;Bueno
2026-02-22;23:00;20;18.83;18.83;14.49;Bueno;41.85;Bueno;7;4.75;4.75;9.50;Bueno;31.67;Bueno;Bueno;Bueno
2026-02-23;00:00;19;19.04;15.21;11.70;Bueno;33.80;Bueno;4;4.75;4.42;8.83;Bueno;29.44;Bueno;Bueno;Bueno
2026-02-23;01:00;13;18.92;15.21;11.70;Bueno;33.80;Bueno;9;4.88;4.42;8.83;Bueno;29.44;Bueno;Bueno;Bueno
2026-02-23;02:00;15;18.88;15.21;11.70;Bueno;33.80;Bueno;7;5.00;4.42;8.83;Bueno;29.44;Bueno;Bueno;Bueno
2026-02-23;03:00;10;18.67;15.21;11.70;Bueno;33.80;Bueno;6;4.96;4.42;8.83;Bueno;29.44;Bueno;Bueno;Bueno
2026-02-23;04:00;8;18.38;15.21;11.70;Bueno;33.80;Bueno;3;4.75;4.42;8.83;Bueno;29.44;Bueno;Bueno;Bueno
2026-02-23;05:00;12;18.17;15.21;11.70;Bueno;33.80;Bueno;5;4.75;4.42;8.83;Bueno;29.44;Bueno;Bueno;Bueno
2026-02-23;06:00;10;18.04;15.21;11.70;Bueno;33.80;Bueno;6;4.88;4.42;8.83;Bueno;29.44;Bueno;Bueno;Bueno
2026-02-23;07:00;12;18.04;15.21;11.70;Bueno;33.80;Bueno;4;4.83;4.42;8.83;Bueno;29.44;Bueno;Bueno;Bueno
2026-02-23;08:00;16;17.96;15.21;11.70;Bueno;33.80;Bueno;1;4.71;4.42;8.83;Bueno;29.44;Bueno;Bueno;Bueno
2026-02-23;09:00;6;17.58;15.21;11.70;Bueno;33.80;Bueno;3;4.62;4.42;8.83;Bueno;29.44;Bueno;Bueno;Bueno
2026-02-23;10:00;20;17.29;15.21;11.70;Bueno;33.80;Bueno;4;4.62;4.42;8.83;Bueno;29.44;Bueno;Bueno;Bueno
2026-02-23;11:00;17;17.12;15.21;11.70;Bueno;33.80;Bueno;5;4.54;4.42;8.83;Bueno;29.44;Bueno;Bueno;Bueno
2026-02-23;12:00;12;16.92;15.21;11.70;Bueno;33.80;Bueno;4;4.50;4.42;8.83;Bueno;29.44;Bueno;Bueno;Bueno
2026-02-23;13:00;17;16.75;15.21;11.70;Bueno;33.80;Bueno;9;4.71;4.42;8.83;Bueno;29.44;Bueno;Bueno;Bueno
2026-02-23;14:00;14;16.08;15.21;11.70;Bueno;33.80;Bueno;5;4.71;4.42;8.83;Bueno;29.44;Bueno;Bueno;Bueno
2026-02-23;15:00;12;16.00;15.21;11.70;Bueno;33.80;Bueno;3;4.71;4.42;8.83;Bueno;29.44;Bueno;Bueno;Bueno
2026-02-23;16:00;11;15.67;15.21;11.70;Bueno;33.80;Bueno;5;4.88;4.42;8.83;Bueno;29.44;Bueno;Bueno;Bueno
2026-02-23;17:00;22;15.54;15.21;11.70;Bueno;33.80;Bueno;3;4.96;4.42;8.83;Bueno;29.44;Bueno;Bueno;Bueno
2026-02-23;18:00;27;15.58;15.21;11.70;Bueno;33.80;Bueno;2;4.88;4.42;8.83;Bueno;29.44;Bueno;Bueno;Bueno
2026-02-23;19:00;25;15.71;15.21;11.70;Bueno;33.80;Bueno;3;4.75;4.42;8.83;Bueno;29.44;Bueno;Bueno;Bueno
2026-02-23;20:00;28;15.92;15.21;11.70;Bueno;33.80;Bueno;6;4.79;4.42;8.83;Bueno;29.44;Bueno;Bueno;Bueno
2026-02-23;21:00;17;15.92;15.21;11.70;Bueno;33.80;Bueno;6;4.88;4.42;8.83;Bueno;29.44;Bueno;Bueno;Bueno
2026-02-23;22:00;12;15.62;15.21;11.70;Bueno;33.80;Bueno;2;4.67;4.42;8.83;Bueno;29.44;Bueno;Bueno;Bueno
2026-02-23;23:00;10;15.21;15.21;11.70;Bueno;33.80;Bueno;1;4.42;4.42;8.83;Bueno;29.44;Bueno;Bueno;Bueno
2026-02-24;00:00;8;14.75;25.71;19.78;Bueno;57.13;Bueno;1;4.29;4.75;9.50;Bueno;31.67;Bueno;Bueno;Bueno
2026-02-24;01:00;9;14.58;25.71;19.78;Bueno;57.13;Bueno;2;4.00;4.75;9.50;Bueno;31.67;Bueno;Bueno;Bueno
2026-02-24;02:00;9;14.33;25.71;19.78;Bueno;57.13;Bueno;5;3.92;4.75;9.50;Bueno;31.67;Bueno;Bueno;Bueno
2026-02-24;03:00;9;14.29;25.71;19.78;Bueno;57.13;Bueno;4;3.83;4.75;9.50;Bueno;31.67;Bueno;Bueno;Bueno
2026-02-24;04:00;8;14.29;25.71;19.78;Bueno;57.13;Bueno;4;3.88;4.75;9.50;Bueno;31.67;Bueno;Bueno;Bueno
2026-02-24;05:00;7;14.08;25.71;19.78;Bueno;57.13;Bueno;2;3.75;4.75;9.50;Bueno;31.67;Bueno;Bueno;Bueno
2026-02-24;06:00;8;14.00;25.71;19.78;Bueno;57.13;Bueno;4;3.67;4.75;9.50;Bueno;31.67;Bueno;Bueno;Bueno
2026-02-24;07:00;20;14.33;25.71;19.78;Bueno;57.13;Bueno;6;3.75;4.75;9.50;Bueno;31.67;Bueno;Bueno;Bueno
2026-02-24;08:00;20;14.50;25.71;19.78;Bueno;57.13;Bueno;5;3.92;4.75;9.50;Bueno;31.67;Bueno;Bueno;Bueno
2026-02-24;09:00;24;15.25;25.71;19.78;Bueno;57.13;Bueno;4;3.96;4.75;9.50;Bueno;31.67;Bueno;Bueno;Bueno
2026-02-24;10:00;37;15.96;25.71;19.78;Bueno;57.13;Bueno;5;4.00;4.75;9.50;Bueno;31.67;Bueno;Bueno;Bueno
2026-02-24;11:00;24;16.25;25.71;19.78;Bueno;57.13;Bueno;6;4.04;4.75;9.50;Bueno;31.67;Bueno;Bueno;Bueno
2026-02-24;12:00;22;16.67;25.71;19.78;Bueno;57.13;Bueno;6;4.12;4.75;9.50;Bueno;31.67;Bueno;Bueno;Bueno
2026-02-24;13:00;15;16.58;25.71;19.78;Bueno;57.13;Bueno;3;3.88;4.75;9.50;Bueno;31.67;Bueno;Bueno;Bueno
2026-02-24;14:00;24;17.00;25.71;19.78;Bueno;57.13;Bueno;3;3.79;4.75;9.50;Bueno;31.67;Bueno;Bueno;Bueno
2026-02-24;15:00;20;17.33;25.71;19.78;Bueno;57.13;Bueno;5;3.88;4.75;9.50;Bueno;31.67;Bueno;Bueno;Bueno
2026-02-24;16:00;36;18.38;25.71;19.78;Bueno;57.13;Bueno;5;3.88;4.75;9.50;Bueno;31.67;Bueno;Bueno;Bueno
2026-02-24;17:00;44;19.29;25.71;19.78;Bueno;57.13;Bueno;4;3.92;4.75;9.50;Bueno;31.67;Bueno;Bueno;Bueno
2026-02-24;18:00;59;20.62;25.71;19.78;Bueno;57.13;Bueno;4;4.00;4.75;9.50;Bueno;31.67;Bueno;Bueno;Bueno
2026-02-24;19:00;53;21.79;25.71;19.78;Bueno;57.13;Bueno;6;4.12;4.75;9.50;Bueno;31.67;Bueno;Bueno;Bueno
2026-02-24;20:00;45;22.50;25.71;19.78;Bueno;57.13;Bueno;9;4.25;4.75;9.50;Bueno;31.67;Bueno;Bueno;Bueno
2026-02-24;21:00;39;23.42;25.71;19.78;Bueno;57.13;Bueno;8;4.33;4.75;9.50;Bueno;31.67;Bueno;Bueno;Bueno
2026-02-24;22:00;48;24.92;25.71;19.78;Bueno;57.13;Bueno;7;4.54;4.75;9.50;Bueno;31.67;Bueno;Bueno;Bueno
2026-02-24;23:00;29;25.71;25.71;19.78;Bueno;57.13;Bueno;6;4.75;4.75;9.50;Bueno;31.67;Bueno;Bueno;Bueno
2026-02-25;00:00;23;26.33;38.50;29.62;Bueno;85.56;Bueno;6;4.96;7.92;15.83;Bueno;52.78;Bueno;Bueno;Bueno
2026-02-25;01:00;22;26.88;38.50;29.62;Bueno;85.56;Bueno;6;5.12;7.92;15.83;Bueno;52.78;Bueno;Bueno;Bueno
2026-02-25;02:00;21;27.38;38.50;29.62;Bueno;85.56;Bueno;6;5.17;7.92;15.83;Bueno;52.78;Bueno;Bueno;Bueno
2026-02-25;03:00;23;27.96;38.50;29.62;Bueno;85.56;Bueno;5;5.21;7.92;15.83;Bueno;52.78;Bueno;Bueno;Bueno
2026-02-25;04:00;22;28.54;38.50;29.62;Bueno;85.56;Bueno;2;5.12;7.92;15.83;Bueno;52.78;Bueno;Bueno;Bueno
2026-02-25;05:00;29;29.46;38.50;29.62;Bueno;85.56;Bueno;10;5.46;7.92;15.83;Bueno;52.78;Bueno;Bueno;Bueno
2026-02-25;06:00;52;31.29;38.50;29.62;Bueno;85.56;Bueno;17;6.00;7.92;15.83;Bueno;52.78;Bueno;Bueno;Bueno
2026-02-25;07:00;43;32.25;38.50;29.62;Bueno;85.56;Bueno;13;6.29;7.92;15.83;Bueno;52.78;Bueno;Bueno;Bueno
2026-02-25;08:00;37;32.96;38.50;29.62;Bueno;85.56;Bueno;12;6.58;7.92;15.83;Bueno;52.78;Bueno;Bueno;Bueno
2026-02-25;09:00;53;34.17;38.50;29.62;Bueno;85.56;Bueno;9;6.79;7.92;15.83;Bueno;52.78;Bueno;Bueno;Bueno
2026-02-25;10:00;54;34.88;38.50;29.62;Bueno;85.56;Bueno;7;6.88;7.92;15.83;Bueno;52.78;Bueno;Bueno;Bueno
2026-02-25;11:00;32;35.21;38.50;29.62;Bueno;85.56;Bueno;6;6.88;7.92;15.83;Bueno;52.78;Bueno;Bueno;Bueno
2026-02-25;12:00;31;35.58;38.50;29.62;Bueno;85.56;Bueno;6;6.88;7.92;15.83;Bueno;52.78;Bueno;Bueno;Bueno
2026-02-25;13:00;18;35.71;38.50;29.62;Bueno;85.56;Bueno;4;6.92;7.92;15.83;Bueno;52.78;Bueno;Bueno;Bueno
2026-02-25;14:00;28;35.88;38.50;29.62;Bueno;85.56;Bueno;4;6.96;7.92;15.83;Bueno;52.78;Bueno;Bueno;Bueno
2026-02-25;15:00;23;36.00;38.50;29.62;Bueno;85.56;Bueno;5;6.96;7.92;15.83;Bueno;52.78;Bueno;Bueno;Bueno
2026-02-25;16:00;32;35.83;38.50;29.62;Bueno;85.56;Bueno;5;6.96;7.92;15.83;Bueno;52.78;Bueno;Bueno;Bueno
2026-02-25;17:00;35;35.46;38.50;29.62;Bueno;85.56;Bueno;7;7.08;7.92;15.83;Bueno;52.78;Bueno;Bueno;Bueno
2026-02-25;18:00;68;35.83;38.50;29.62;Bueno;85.56;Bueno;8;7.25;7.92;15.83;Bueno;52.78;Bueno;Bueno;Bueno
2026-02-25;19:00;61;36.17;38.50;29.62;Bueno;85.56;Bueno;9;7.38;7.92;15.83;Bueno;52.78;Bueno;Bueno;Bueno
2026-02-25;20:00;91;38.08;38.50;29.62;Bueno;85.56;Bueno;12;7.50;7.92;15.83;Bueno;52.78;Bueno;Bueno;Bueno
2026-02-25;21:00;58;38.88;38.50;29.62;Bueno;85.56;Bueno;12;7.67;7.92;15.83;Bueno;52.78;Bueno;Bueno;Bueno
2026-02-25;22:00;34;38.29;38.50;29.62;Bueno;85.56;Bueno;9;7.75;7.92;15.83;Bueno;52.78;Bueno;Bueno;Bueno
2026-02-25;23:00;34;38.50;38.50;29.62;Bueno;85.56;Bueno;10;7.92;7.92;15.83;Bueno;52.78;Bueno;Bueno;Bueno
2026-02-26;00:00;29;38.75;72.23;55.56;Bueno;144.81;Regular;7;7.96;13.91;27.82;Bueno;92.73;Bueno;Bueno;Regular
2026-02-26;01:00;27;38.96;72.23;55.56;Bueno;144.81;Regular;4;7.88;13.91;27.82;Bueno;92.73;Bueno;Bueno;Regular
2026-02-26;02:00;19;38.88;72.23;55.56;Bueno;144.81;Regular;5;7.83;13.91;27.82;Bueno;92.73;Bueno;Bueno;Regular
2026-02-26;03:00;24;38.92;72.23;55.56;Bueno;144.81;Regular;10;8.04;13.91;27.82;Bueno;92.73;Bueno;Bueno;Regular
2026-02-26;04:00;23;38.96;72.23;55.56;Bueno;144.81;Regular;8;8.29;13.91;27.82;Bueno;92.73;Bueno;Bueno;Regular
2026-02-26;05:00;26;38.83;72.23;55.56;Bueno;144.81;Regular;9;8.25;13.91;27.82;Bueno;92.73;Bueno;Bueno;Regular
2026-02-26;06:00;39;38.29;72.23;55.56;Bueno;144.81;Regular;8;7.88;13.91;27.82;Bueno;92.73;Bueno;Bueno;Regular
2026-02-26;07:00;39;38.12;72.23;55.56;Bueno;144.81;Regular;10;7.75;13.91;27.82;Bueno;92.73;Bueno;Bueno;Regular
2026-02-26;08:00;88;40.25;72.23;55.56;Bueno;144.81;Regular;16;7.92;13.91;27.82;Bueno;92.73;Bueno;Bueno;Regular
2026-02-26;09:00;79;41.33;72.23;55.56;Bueno;144.81;Regular;25;8.58;13.91;27.82;Bueno;92.73;Bueno;Bueno;Regular
2026-02-26;10:00;94;43.00;72.23;55.56;Bueno;144.81;Regular;25;9.33;13.91;27.82;Bueno;92.73;Bueno;Bueno;Regular
2026-02-26;11:00;;43.48;72.23;55.56;Bueno;144.81;Regular;;9.48;13.91;27.82;Bueno;92.73;Bueno;Bueno;Regular
2026-02-26;12:00;;44.05;72.23;55.56;Bueno;144.81;Regular;;9.64;13.91;27.82;Bueno;92.73;Bueno;Bueno;Regular
2026-02-26;13:00;85;47.09;72.23;55.56;Bueno;144.81;Regular;17;10.23;13.91;27.82;Bueno;92.73;Bueno;Bueno;Regular
2026-02-26;14:00;69;48.95;72.23;55.56;Bueno;144.81;Regular;21;11.00;13.91;27.82;Bueno;92.73;Bueno;Bueno;Regular
2026-02-26;15:00;144;54.45;72.23;55.56;Bueno;144.81;Regular;26;11.95;13.91;27.82;Bueno;92.73;Bueno;Bueno;Regular
2026-02-26;16:00;117;58.32;72.23;55.56;Bueno;144.81;Regular;18;12.55;13.91;27.82;Bueno;92.73;Bueno;Bueno;Regular
2026-02-26;17:00;61;59.50;72.23;55.56;Bueno;144.81;Regular;14;12.86;13.91;27.82;Bueno;92.73;Bueno;Bueno;Regular
2026-02-26;18:00;64;59.32;72.23;55.56;Bueno;144.81;Regular;17;13.27;13.91;27.82;Bueno;92.73;Bueno;Bueno;Regular
2026-02-26;19:00;155;63.59;72.23;55.56;Bueno;144.81;Regular;22;13.86;13.91;27.82;Bueno;92.73;Bueno;Bueno;Regular
2026-02-26;20:00;240;70.36;72.23;55.56;Bueno;144.81;Regular;16;14.05;13.91;27.82;Bueno;92.73;Bueno;Bueno;Regular
2026-02-26;21:00;80;71.36;72.23;55.56;Bueno;144.81;Regular;13;14.09;13.91;27.82;Bueno;92.73;Bueno;Bueno;Regular
2026-02-26;22:00;53;72.23;72.23;55.56;Bueno;144.81;Regular;9;14.09;13.91;27.82;Bueno;92.73;Bueno;Bueno;Regular
2026-02-26;23:00;34;72.23;72.23;55.56;Bueno;144.81;Regular;6;13.91;13.91;27.82;Bueno;92.73;Bueno;Bueno;Regular
2026-02-27;00:00;80;74.55;42.83;32.95;Bueno;95.19;Bueno;9;14.00;8.67;17.33;Bueno;57.78;Bueno;Bueno;Bueno
2026-02-27;01:00;34;74.86;42.83;32.95;Bueno;95.19;Bueno;10;14.27;8.67;17.33;Bueno;57.78;Bueno;Bueno;Bueno
2026-02-27;02:00;29;75.32;42.83;32.95;Bueno;95.19;Bueno;11;14.55;8.67;17.33;Bueno;57.78;Bueno;Bueno;Bueno
2026-02-27;03:00;23;75.27;42.83;32.95;Bueno;95.19;Bueno;8;14.45;8.67;17.33;Bueno;57.78;Bueno;Bueno;Bueno
2026-02-27;04:00;23;75.27;42.83;32.95;Bueno;95.19;Bueno;10;14.55;8.67;17.33;Bueno;57.78;Bueno;Bueno;Bueno
2026-02-27;05:00;48;76.27;42.83;32.95;Bueno;95.19;Bueno;12;14.68;8.67;17.33;Bueno;57.78;Bueno;Bueno;Bueno
2026-02-27;06:00;54;76.95;42.83;32.95;Bueno;95.19;Bueno;14;14.95;8.67;17.33;Bueno;57.78;Bueno;Bueno;Bueno
2026-02-27;07:00;66;78.18;42.83;32.95;Bueno;95.19;Bueno;9;14.91;8.67;17.33;Bueno;57.78;Bueno;Bueno;Bueno
2026-02-27;08:00;91;78.32;42.83;32.95;Bueno;95.19;Bueno;20;15.09;8.67;17.33;Bueno;57.78;Bueno;Bueno;Bueno
2026-02-27;09:00;76;78.18;42.83;32.95;Bueno;95.19;Bueno;15;14.64;8.67;17.33;Bueno;57.78;Bueno;Bueno;Bueno
2026-02-27;10:00;71;77.14;42.83;32.95;Bueno;95.19;Bueno;14;14.14;8.67;17.33;Bueno;57.78;Bueno;Bueno;Bueno
2026-02-27;11:00;39;75.48;42.83;32.95;Bueno;95.19;Bueno;8;13.87;8.67;17.33;Bueno;57.78;Bueno;Bueno;Bueno
2026-02-27;12:00;56;74.67;42.83;32.95;Bueno;95.19;Bueno;6;13.54;8.67;17.33;Bueno;57.78;Bueno;Bueno;Bueno
2026-02-27;13:00;32;72.46;42.83;32.95;Bueno;95.19;Bueno;5;13.04;8.67;17.33;Bueno;57.78;Bueno;Bueno;Bueno
2026-02-27;14:00;32;70.92;42.83;32.95;Bueno;95.19;Bueno;3;12.29;8.67;17.33;Bueno;57.78;Bueno;Bueno;Bueno
2026-02-27;15:00;50;67.00;42.83;32.95;Bueno;95.19;Bueno;6;11.46;8.67;17.33;Bueno;57.78;Bueno;Bueno;Bueno
2026-02-27;16:00;63;64.75;42.83;32.95;Bueno;95.19;Bueno;8;11.04;8.67;17.33;Bueno;57.78;Bueno;Bueno;Bueno
2026-02-27;17:00;51;64.33;42.83;32.95;Bueno;95.19;Bueno;6;10.71;8.67;17.33;Bueno;57.78;Bueno;Bueno;Bueno
2026-02-27;18:00;25;62.71;42.83;32.95;Bueno;95.19;Bueno;6;10.25;8.67;17.33;Bueno;57.78;Bueno;Bueno;Bueno
2026-02-27;19:00;32;57.58;42.83;32.95;Bueno;95.19;Bueno;7;9.62;8.67;17.33;Bueno;57.78;Bueno;Bueno;Bueno
2026-02-27;20:00;15;48.21;42.83;32.95;Bueno;95.19;Bueno;5;9.17;8.67;17.33;Bueno;57.78;Bueno;Bueno;Bueno
2026-02-27;21:00;12;45.38;42.83;32.95;Bueno;95.19;Bueno;5;8.83;8.67;17.33;Bueno;57.78;Bueno;Bueno;Bueno
2026-02-27;22:00;16;43.83;42.83;32.95;Bueno;95.19;Bueno;6;8.71;8.67;17.33;Bueno;57.78;Bueno;Bueno;Bueno
2026-02-27;23:00;10;42.83;42.83;32.95;Bueno;95.19;Bueno;5;8.67;8.67;17.33;Bueno;57.78;Bueno;Bueno;Bueno
2026-02-28;00:00;10;39.92;16.88;12.98;Bueno;37.50;Bueno;4;8.46;3.75;7.50;Bueno;25.00;Bueno;Bueno;Bueno
2026-02-28;01:00;10;38.92;16.88;12.98;Bueno;37.50;Bueno;3;8.17;3.75;7.50;Bueno;25.00;Bueno;Bueno;Bueno
2026-02-28;02:00;8;38.04;16.88;12.98;Bueno;37.50;Bueno;2;7.79;3.75;7.50;Bueno;25.00;Bueno;Bueno;Bueno
2026-02-28;03:00;7;37.38;16.88;12.98;Bueno;37.50;Bueno;2;7.54;3.75;7.50;Bueno;25.00;Bueno;Bueno;Bueno
2026-02-28;04:00;8;36.75;16.88;12.98;Bueno;37.50;Bueno;2;7.21;3.75;7.50;Bueno;25.00;Bueno;Bueno;Bueno
2026-02-28;05:00;14;35.33;16.88;12.98;Bueno;37.50;Bueno;6;6.96;3.75;7.50;Bueno;25.00;Bueno;Bueno;Bueno
2026-02-28;06:00;19;33.88;16.88;12.98;Bueno;37.50;Bueno;4;6.54;3.75;7.50;Bueno;25.00;Bueno;Bueno;Bueno
2026-02-28;07:00;21;32.00;16.88;12.98;Bueno;37.50;Bueno;4;6.33;3.75;7.50;Bueno;25.00;Bueno;Bueno;Bueno
2026-02-28;08:00;21;29.08;16.88;12.98;Bueno;37.50;Bueno;4;5.67;3.75;7.50;Bueno;25.00;Bueno;Bueno;Bueno
2026-02-28;09:00;22;26.83;16.88;12.98;Bueno;37.50;Bueno;1;5.08;3.75;7.50;Bueno;25.00;Bueno;Bueno;Bueno
2026-02-28;10:00;14;24.46;16.88;12.98;Bueno;37.50;Bueno;2;4.58;3.75;7.50;Bueno;25.00;Bueno;Bueno;Bueno
2026-02-28;11:00;19;23.62;16.88;12.98;Bueno;37.50;Bueno;3;4.38;3.75;7.50;Bueno;25.00;Bueno;Bueno;Bueno
2026-02-28;12:00;17;22.00;16.88;12.98;Bueno;37.50;Bueno;1;4.17;3.75;7.50;Bueno;25.00;Bueno;Bueno;Bueno
2026-02-28;13:00;20;21.50;16.88;12.98;Bueno;37.50;Bueno;2;4.04;3.75;7.50;Bueno;25.00;Bueno;Bueno;Bueno
2026-02-28;14:00;22;21.08;16.88;12.98;Bueno;37.50;Bueno;2;4.00;3.75;7.50;Bueno;25.00;Bueno;Bueno;Bueno
2026-02-28;15:00;19;19.79;16.88;12.98;Bueno;37.50;Bueno;4;3.92;3.75;7.50;Bueno;25.00;Bueno;Bueno;Bueno
2026-02-28;16:00;30;18.42;16.88;12.98;Bueno;37.50;Bueno;5;3.79;3.75;7.50;Bueno;25.00;Bueno;Bueno;Bueno
2026-02-28;17:00;17;17.00;16.88;12.98;Bueno;37.50;Bueno;3;3.67;3.75;7.50;Bueno;25.00;Bueno;Bueno;Bueno
2026-02-28;18:00;28;17.12;16.88;12.98;Bueno;37.50;Bueno;5;3.62;3.75;7.50;Bueno;25.00;Bueno;Bueno;Bueno
2026-02-28;19:00;21;16.67;16.88;12.98;Bueno;37.50;Bueno;7;3.62;3.75;7.50;Bueno;25.00;Bueno;Bueno;Bueno
2026-02-28;20:00;13;16.58;16.88;12.98;Bueno;37.50;Bueno;5;3.62;3.75;7.50;Bueno;25.00;Bueno;Bueno;Bueno
2026-02-28;21:00;18;16.83;16.88;12.98;Bueno;37.50;Bueno;5;3.62;3.75;7.50;Bueno;25.00;Bueno;Bueno;Bueno
2026-02-28;22:00;15;16.79;16.88;12.98;Bueno;37.50;Bueno;4;3.54;3.75;7.50;Bueno;25.00;Bueno;Bueno;Bueno
2026-02-28;23:00;12;16.88;16.88;12.98;Bueno;37.50;Bueno;10;3.75;3.75;7.50;Bueno;25.00;Bueno;Bueno;Bueno
2026-03-01;00:00;16;17.12;10.38;7.98;Bueno;23.06;Bueno;6;3.83;2.33;4.67;Bueno;15.56;Bueno;Bueno;Bueno
2026-03-01;01:00;12;17.21;10.38;7.98;Bueno;23.06;Bueno;4;3.88;2.33;4.67;Bueno;15.56;Bueno;Bueno;Bueno
2026-03-01;02:00;13;17.42;10.38;7.98;Bueno;23.06;Bueno;4;3.96;2.33;4.67;Bueno;15.56;Bueno;Bueno;Bueno
2026-03-01;03:00;8;17.46;10.38;7.98;Bueno;23.06;Bueno;3;4.00;2.33;4.67;Bueno;15.56;Bueno;Bueno;Bueno
2026-03-01;04:00;10;17.54;10.38;7.98;Bueno;23.06;Bueno;2;4.00;2.33;4.67;Bueno;15.56;Bueno;Bueno;Bueno
2026-03-01;05:00;11;17.42;10.38;7.98;Bueno;23.06;Bueno;2;3.83;2.33;4.67;Bueno;15.56;Bueno;Bueno;Bueno
2026-03-01;06:00;8;16.96;10.38;7.98;Bueno;23.06;Bueno;2;3.75;2.33;4.67;Bueno;15.56;Bueno;Bueno;Bueno
2026-03-01;07:00;9;16.46;10.38;7.98;Bueno;23.06;Bueno;1;3.62;2.33;4.67;Bueno;15.56;Bueno;Bueno;Bueno
2026-03-01;08:00;12;16.08;10.38;7.98;Bueno;23.06;Bueno;1;3.50;2.33;4.67;Bueno;15.56;Bueno;Bueno;Bueno
2026-03-01;09:00;15;15.79;10.38;7.98;Bueno;23.06;Bueno;3;3.58;2.33;4.67;Bueno;15.56;Bueno;Bueno;Bueno
2026-03-01;10:00;21;16.08;10.38;7.98;Bueno;23.06;Bueno;1;3.54;2.33;4.67;Bueno;15.56;Bueno;Bueno;Bueno
2026-03-01;11:00;18;16.04;10.38;7.98;Bueno;23.06;Bueno;1;3.46;2.33;4.67;Bueno;15.56;Bueno;Bueno;Bueno
2026-03-01;12:00;17;16.04;10.38;7.98;Bueno;23.06;Bueno;2;3.50;2.33;4.67;Bueno;15.56;Bueno;Bueno;Bueno
2026-03-01;13:00;4;15.38;10.38;7.98;Bueno;23.06;Bueno;1;3.46;2.33;4.67;Bueno;15.56;Bueno;Bueno;Bueno
2026-03-01;14:00;7;14.75;10.38;7.98;Bueno;23.06;Bueno;1;3.42;2.33;4.67;Bueno;15.56;Bueno;Bueno;Bueno
2026-03-01;15:00;8;14.29;10.38;7.98;Bueno;23.06;Bueno;1;3.29;2.33;4.67;Bueno;15.56;Bueno;Bueno;Bueno
2026-03-01;16:00;14;13.62;10.38;7.98;Bueno;23.06;Bueno;1;3.12;2.33;4.67;Bueno;15.56;Bueno;Bueno;Bueno
2026-03-01;17:00;14;13.50;10.38;7.98;Bueno;23.06;Bueno;2;3.08;2.33;4.67;Bueno;15.56;Bueno;Bueno;Bueno
2026-03-01;18:00;7;12.62;10.38;7.98;Bueno;23.06;Bueno;1;2.92;2.33;4.67;Bueno;15.56;Bueno;Bueno;Bueno
2026-03-01;19:00;2;11.83;10.38;7.98;Bueno;23.06;Bueno;1;2.67;2.33;4.67;Bueno;15.56;Bueno;Bueno;Bueno
2026-03-01;20:00;3;11.42;10.38;7.98;Bueno;23.06;Bueno;1;2.50;2.33;4.67;Bueno;15.56;Bueno;Bueno;Bueno
2026-03-01;21:00;8;11.00;10.38;7.98;Bueno;23.06;Bueno;5;2.50;2.33;4.67;Bueno;15.56;Bueno;Bueno;Bueno
2026-03-01;22:00;7;10.67;10.38;7.98;Bueno;23.06;Bueno;6;2.58;2.33;4.67;Bueno;15.56;Bueno;Bueno;Bueno
2026-03-01;23:00;5;10.38;10.38;7.98;Bueno;23.06;Bueno;4;2.33;2.33;4.67;Bueno;15.56;Bueno;Bueno;Bueno
2026-03-02;00:00;4;9.88;10.25;7.88;Bueno;22.78;Bueno;3;2.21;3.08;6.17;Bueno;20.56;Bueno;Bueno;Bueno
2026-03-02;01:00;8;9.71;10.25;7.88;Bueno;22.78;Bueno;2;2.12;3.08;6.17;Bueno;20.56;Bueno;Bueno;Bueno
2026-03-02;02:00;5;9.38;10.25;7.88;Bueno;22.78;Bueno;2;2.04;3.08;6.17;Bueno;20.56;Bueno;Bueno;Bueno
2026-03-02;03:00;8;9.38;10.25;7.88;Bueno;22.78;Bueno;7;2.21;3.08;6.17;Bueno;20.56;Bueno;Bueno;Bueno
2026-03-02;04:00;5;9.17;10.25;7.88;Bueno;22.78;Bueno;4;2.29;3.08;6.17;Bueno;20.56;Bueno;Bueno;Bueno
2026-03-02;05:00;2;8.79;10.25;7.88;Bueno;22.78;Bueno;1;2.25;3.08;6.17;Bueno;20.56;Bueno;Bueno;Bueno
2026-03-02;06:00;7;8.75;10.25;7.88;Bueno;22.78;Bueno;2;2.25;3.08;6.17;Bueno;20.56;Bueno;Bueno;Bueno
2026-03-02;07:00;8;8.71;10.25;7.88;Bueno;22.78;Bueno;3;2.33;3.08;6.17;Bueno;20.56;Bueno;Bueno;Bueno
2026-03-02;08:00;6;8.46;10.25;7.88;Bueno;22.78;Bueno;1;2.33;3.08;6.17;Bueno;20.56;Bueno;Bueno;Bueno
2026-03-02;09:00;5;8.04;10.25;7.88;Bueno;22.78;Bueno;2;2.29;3.08;6.17;Bueno;20.56;Bueno;Bueno;Bueno
2026-03-02;10:00;8;7.50;10.25;7.88;Bueno;22.78;Bueno;2;2.33;3.08;6.17;Bueno;20.56;Bueno;Bueno;Bueno
2026-03-02;11:00;10;7.17;10.25;7.88;Bueno;22.78;Bueno;1;2.33;3.08;6.17;Bueno;20.56;Bueno;Bueno;Bueno
2026-03-02;12:00;9;6.83;10.25;7.88;Bueno;22.78;Bueno;1;2.29;3.08;6.17;Bueno;20.56;Bueno;Bueno;Bueno
2026-03-02;13:00;13;7.21;10.25;7.88;Bueno;22.78;Bueno;5;2.46;3.08;6.17;Bueno;20.56;Bueno;Bueno;Bueno
2026-03-02;14:00;15;7.54;10.25;7.88;Bueno;22.78;Bueno;6;2.67;3.08;6.17;Bueno;20.56;Bueno;Bueno;Bueno
2026-03-02;15:00;11;7.67;10.25;7.88;Bueno;22.78;Bueno;5;2.83;3.08;6.17;Bueno;20.56;Bueno;Bueno;Bueno
2026-03-02;16:00;11;7.54;10.25;7.88;Bueno;22.78;Bueno;4;2.96;3.08;6.17;Bueno;20.56;Bueno;Bueno;Bueno
2026-03-02;17:00;13;7.50;10.25;7.88;Bueno;22.78;Bueno;2;2.96;3.08;6.17;Bueno;20.56;Bueno;Bueno;Bueno
2026-03-02;18:00;18;7.96;10.25;7.88;Bueno;22.78;Bueno;2;3.00;3.08;6.17;Bueno;20.56;Bueno;Bueno;Bueno
2026-03-02;19:00;25;8.92;10.25;7.88;Bueno;22.78;Bueno;5;3.17;3.08;6.17;Bueno;20.56;Bueno;Bueno;Bueno
2026-03-02;20:00;20;9.62;10.25;7.88;Bueno;22.78;Bueno;5;3.33;3.08;6.17;Bueno;20.56;Bueno;Bueno;Bueno
2026-03-02;21:00;13;9.83;10.25;7.88;Bueno;22.78;Bueno;3;3.25;3.08;6.17;Bueno;20.56;Bueno;Bueno;Bueno
2026-03-02;22:00;11;10.00;10.25;7.88;Bueno;22.78;Bueno;1;3.04;3.08;6.17;Bueno;20.56;Bueno;Bueno;Bueno
2026-03-02;23:00;11;10.25;10.25;7.88;Bueno;22.78;Bueno;5;3.08;3.08;6.17;Bueno;20.56;Bueno;Bueno;Bueno
2026-03-03;00:00;14;10.67;17.38;13.37;Bueno;38.61;Bueno;4;3.12;4.17;8.33;Bueno;27.78;Bueno;Bueno;Bueno
2026-03-03;01:00;9;10.71;17.38;13.37;Bueno;38.61;Bueno;4;3.21;4.17;8.33;Bueno;27.78;Bueno;Bueno;Bueno
2026-03-03;02:00;14;11.08;17.38;13.37;Bueno;38.61;Bueno;3;3.25;4.17;8.33;Bueno;27.78;Bueno;Bueno;Bueno
2026-03-03;03:00;9;11.12;17.38;13.37;Bueno;38.61;Bueno;1;3.00;4.17;8.33;Bueno;27.78;Bueno;Bueno;Bueno
2026-03-03;04:00;8;11.25;17.38;13.37;Bueno;38.61;Bueno;2;2.92;4.17;8.33;Bueno;27.78;Bueno;Bueno;Bueno
2026-03-03;05:00;20;12.00;17.38;13.37;Bueno;38.61;Bueno;4;3.04;4.17;8.33;Bueno;27.78;Bueno;Bueno;Bueno
2026-03-03;06:00;44;13.54;17.38;13.37;Bueno;38.61;Bueno;9;3.33;4.17;8.33;Bueno;27.78;Bueno;Bueno;Bueno
2026-03-03;07:00;38;14.79;17.38;13.37;Bueno;38.61;Bueno;8;3.54;4.17;8.33;Bueno;27.78;Bueno;Bueno;Bueno
2026-03-03;08:00;24;15.54;17.38;13.37;Bueno;38.61;Bueno;6;3.75;4.17;8.33;Bueno;27.78;Bueno;Bueno;Bueno
2026-03-03;09:00;19;16.12;17.38;13.37;Bueno;38.61;Bueno;5;3.88;4.17;8.33;Bueno;27.78;Bueno;Bueno;Bueno
2026-03-03;10:00;15;16.42;17.38;13.37;Bueno;38.61;Bueno;5;4.00;4.17;8.33;Bueno;27.78;Bueno;Bueno;Bueno
2026-03-03;11:00;16;16.67;17.38;13.37;Bueno;38.61;Bueno;3;4.08;4.17;8.33;Bueno;27.78;Bueno;Bueno;Bueno
2026-03-03;12:00;12;16.79;17.38;13.37;Bueno;38.61;Bueno;1;4.08;4.17;8.33;Bueno;27.78;Bueno;Bueno;Bueno
2026-03-03;13:00;10;16.67;17.38;13.37;Bueno;38.61;Bueno;1;3.92;4.17;8.33;Bueno;27.78;Bueno;Bueno;Bueno
2026-03-03;14:00;11;16.50;17.38;13.37;Bueno;38.61;Bueno;1;3.71;4.17;8.33;Bueno;27.78;Bueno;Bueno;Bueno
2026-03-03;15:00;12;16.54;17.38;13.37;Bueno;38.61;Bueno;1;3.54;4.17;8.33;Bueno;27.78;Bueno;Bueno;Bueno
2026-03-03;16:00;16;16.75;17.38;13.37;Bueno;38.61;Bueno;1;3.42;4.17;8.33;Bueno;27.78;Bueno;Bueno;Bueno
2026-03-03;17:00;20;17.04;17.38;13.37;Bueno;38.61;Bueno;1;3.38;4.17;8.33;Bueno;27.78;Bueno;Bueno;Bueno
2026-03-03;18:00;25;17.33;17.38;13.37;Bueno;38.61;Bueno;5;3.50;4.17;8.33;Bueno;27.78;Bueno;Bueno;Bueno
2026-03-03;19:00;22;17.21;17.38;13.37;Bueno;38.61;Bueno;7;3.58;4.17;8.33;Bueno;27.78;Bueno;Bueno;Bueno
2026-03-03;20:00;17;17.08;17.38;13.37;Bueno;38.61;Bueno;6;3.62;4.17;8.33;Bueno;27.78;Bueno;Bueno;Bueno
2026-03-03;21:00;15;17.17;17.38;13.37;Bueno;38.61;Bueno;3;3.62;4.17;8.33;Bueno;27.78;Bueno;Bueno;Bueno
2026-03-03;22:00;18;17.46;17.38;13.37;Bueno;38.61;Bueno;17;4.29;4.17;8.33;Bueno;27.78;Bueno;Bueno;Bueno
2026-03-03;23:00;9;17.38;17.38;13.37;Bueno;38.61;Bueno;2;4.17;4.17;8.33;Bueno;27.78;Bueno;Bueno;Bueno
2026-03-04;00:00;6;17.04;25.67;19.74;Bueno;57.04;Bueno;1;4.04;2.96;5.92;Bueno;19.72;Bueno;Bueno;Bueno
2026-03-04;01:00;10;17.08;25.67;19.74;Bueno;57.04;Bueno;1;3.92;2.96;5.92;Bueno;19.72;Bueno;Bueno;Bueno
2026-03-04;02:00;7;16.79;25.67;19.74;Bueno;57.04;Bueno;3;3.92;2.96;5.92;Bueno;19.72;Bueno;Bueno;Bueno
2026-03-04;03:00;9;16.79;25.67;19.74;Bueno;57.04;Bueno;2;3.96;2.96;5.92;Bueno;19.72;Bueno;Bueno;Bueno
2026-03-04;04:00;11;16.92;25.67;19.74;Bueno;57.04;Bueno;5;4.08;2.96;5.92;Bueno;19.72;Bueno;Bueno;Bueno
2026-03-04;05:00;13;16.62;25.67;19.74;Bueno;57.04;Bueno;4;4.08;2.96;5.92;Bueno;19.72;Bueno;Bueno;Bueno
2026-03-04;06:00;21;15.67;25.67;19.74;Bueno;57.04;Bueno;3;3.83;2.96;5.92;Bueno;19.72;Bueno;Bueno;Bueno
2026-03-04;07:00;27;15.21;25.67;19.74;Bueno;57.04;Bueno;4;3.67;2.96;5.92;Bueno;19.72;Bueno;Bueno;Bueno
2026-03-04;08:00;25;15.25;25.67;19.74;Bueno;57.04;Bueno;3;3.54;2.96;5.92;Bueno;19.72;Bueno;Bueno;Bueno
2026-03-04;09:00;32;15.79;25.67;19.74;Bueno;57.04;Bueno;4;3.50;2.96;5.92;Bueno;19.72;Bueno;Bueno;Bueno
2026-03-04;10:00;27;16.29;25.67;19.74;Bueno;57.04;Bueno;4;3.46;2.96;5.92;Bueno;19.72;Bueno;Bueno;Bueno
2026-03-04;11:00;36;17.12;25.67;19.74;Bueno;57.04;Bueno;3;3.46;2.96;5.92;Bueno;19.72;Bueno;Bueno;Bueno
2026-03-04;12:00;26;17.71;25.67;19.74;Bueno;57.04;Bueno;5;3.62;2.96;5.92;Bueno;19.72;Bueno;Bueno;Bueno
2026-03-04;13:00;37;18.83;25.67;19.74;Bueno;57.04;Bueno;5;3.79;2.96;5.92;Bueno;19.72;Bueno;Bueno;Bueno
2026-03-04;14:00;40;20.04;25.67;19.74;Bueno;57.04;Bueno;1;3.79;2.96;5.92;Bueno;19.72;Bueno;Bueno;Bueno
2026-03-04;15:00;49;21.58;25.67;19.74;Bueno;57.04;Bueno;1;3.79;2.96;5.92;Bueno;19.72;Bueno;Bueno;Bueno
2026-03-04;16:00;53;23.12;25.67;19.74;Bueno;57.04;Bueno;2;3.83;2.96;5.92;Bueno;19.72;Bueno;Bueno;Bueno
2026-03-04;17:00;40;23.96;25.67;19.74;Bueno;57.04;Bueno;2;3.88;2.96;5.92;Bueno;19.72;Bueno;Bueno;Bueno
2026-03-04;18:00;34;24.33;25.67;19.74;Bueno;57.04;Bueno;2;3.75;2.96;5.92;Bueno;19.72;Bueno;Bueno;Bueno
2026-03-04;19:00;28;24.58;25.67;19.74;Bueno;57.04;Bueno;2;3.54;2.96;5.92;Bueno;19.72;Bueno;Bueno;Bueno
2026-03-04;20:00;29;25.08;25.67;19.74;Bueno;57.04;Bueno;3;3.42;2.96;5.92;Bueno;19.72;Bueno;Bueno;Bueno
2026-03-04;21:00;20;25.29;25.67;19.74;Bueno;57.04;Bueno;4;3.46;2.96;5.92;Bueno;19.72;Bueno;Bueno;Bueno
2026-03-04;22:00;19;25.33;25.67;19.74;Bueno;57.04;Bueno;3;2.88;2.96;5.92;Bueno;19.72;Bueno;Bueno;Bueno
2026-03-04;23:00;17;25.67;25.67;19.74;Bueno;57.04;Bueno;4;2.96;2.96;5.92;Bueno;19.72;Bueno;Bueno;Bueno
2026-03-05;00:00;14;26.00;24.88;19.13;Bueno;55.28;Bueno;4;3.08;5.42;10.83;Bueno;36.11;Bueno;Bueno;Bueno
2026-03-05;01:00;13;26.12;24.88;19.13;Bueno;55.28;Bueno;4;3.21;5.42;10.83;Bueno;36.11;Bueno;Bueno;Bueno
2026-03-05;02:00;13;26.38;24.88;19.13;Bueno;55.28;Bueno;5;3.29;5.42;10.83;Bueno;36.11;Bueno;Bueno;Bueno
2026-03-05;03:00;9;26.38;24.88;19.13;Bueno;55.28;Bueno;6;3.46;5.42;10.83;Bueno;36.11;Bueno;Bueno;Bueno
2026-03-05;04:00;11;26.38;24.88;19.13;Bueno;55.28;Bueno;5;3.46;5.42;10.83;Bueno;36.11;Bueno;Bueno;Bueno
2026-03-05;05:00;10;26.25;24.88;19.13;Bueno;55.28;Bueno;2;3.38;5.42;10.83;Bueno;36.11;Bueno;Bueno;Bueno
2026-03-05;06:00;27;26.50;24.88;19.13;Bueno;55.28;Bueno;5;3.46;5.42;10.83;Bueno;36.11;Bueno;Bueno;Bueno
2026-03-05;07:00;26;26.46;24.88;19.13;Bueno;55.28;Bueno;5;3.50;5.42;10.83;Bueno;36.11;Bueno;Bueno;Bueno
2026-03-05;08:00;18;26.17;24.88;19.13;Bueno;55.28;Bueno;7;3.67;5.42;10.83;Bueno;36.11;Bueno;Bueno;Bueno
2026-03-05;09:00;21;25.71;24.88;19.13;Bueno;55.28;Bueno;5;3.71;5.42;10.83;Bueno;36.11;Bueno;Bueno;Bueno
2026-03-05;10:00;18;25.33;24.88;19.13;Bueno;55.28;Bueno;2;3.62;5.42;10.83;Bueno;36.11;Bueno;Bueno;Bueno
2026-03-05;11:00;22;24.75;24.88;19.13;Bueno;55.28;Bueno;1;3.54;5.42;10.83;Bueno;36.11;Bueno;Bueno;Bueno
2026-03-05;12:00;20;24.50;24.88;19.13;Bueno;55.28;Bueno;1;3.38;5.42;10.83;Bueno;36.11;Bueno;Bueno;Bueno
2026-03-05;13:00;27;24.08;24.88;19.13;Bueno;55.28;Bueno;5;3.38;5.42;10.83;Bueno;36.11;Bueno;Bueno;Bueno
2026-03-05;14:00;19;23.21;24.88;19.13;Bueno;55.28;Bueno;5;3.54;5.42;10.83;Bueno;36.11;Bueno;Bueno;Bueno
2026-03-05;15:00;23;22.12;24.88;19.13;Bueno;55.28;Bueno;5;3.71;5.42;10.83;Bueno;36.11;Bueno;Bueno;Bueno
2026-03-05;16:00;26;21.00;24.88;19.13;Bueno;55.28;Bueno;6;3.88;5.42;10.83;Bueno;36.11;Bueno;Bueno;Bueno
2026-03-05;17:00;37;20.88;24.88;19.13;Bueno;55.28;Bueno;6;4.04;5.42;10.83;Bueno;36.11;Bueno;Bueno;Bueno
2026-03-05;18:00;48;21.46;24.88;19.13;Bueno;55.28;Bueno;4;4.12;5.42;10.83;Bueno;36.11;Bueno;Bueno;Bueno
2026-03-05;19:00;49;22.33;24.88;19.13;Bueno;55.28;Bueno;6;4.29;5.42;10.83;Bueno;36.11;Bueno;Bueno;Bueno
2026-03-05;20:00;49;23.17;24.88;19.13;Bueno;55.28;Bueno;9;4.54;5.42;10.83;Bueno;36.11;Bueno;Bueno;Bueno
2026-03-05;21:00;41;24.04;24.88;19.13;Bueno;55.28;Bueno;19;5.17;5.42;10.83;Bueno;36.11;Bueno;Bueno;Bueno
2026-03-05;22:00;32;24.58;24.88;19.13;Bueno;55.28;Bueno;7;5.33;5.42;10.83;Bueno;36.11;Bueno;Bueno;Bueno
2026-03-05;23:00;24;24.88;24.88;19.13;Bueno;55.28;Bueno;6;5.42;5.42;10.83;Bueno;36.11;Bueno;Bueno;Bueno
2026-03-06;00:00;22;25.21;46.83;36.03;Bueno;103.00;Regular;6;5.50;10.83;21.67;Bueno;72.22;Bueno;Bueno;Regular
2026-03-06;01:00;16;25.33;46.83;36.03;Bueno;103.00;Regular;7;5.62;10.83;21.67;Bueno;72.22;Bueno;Bueno;Regular
2026-03-06;02:00;28;25.96;46.83;36.03;Bueno;103.00;Regular;19;6.21;10.83;21.67;Bueno;72.22;Bueno;Bueno;Regular
2026-03-06;03:00;21;26.46;46.83;36.03;Bueno;103.00;Regular;9;6.33;10.83;21.67;Bueno;72.22;Bueno;Bueno;Regular
2026-03-06;04:00;31;27.29;46.83;36.03;Bueno;103.00;Regular;14;6.71;10.83;21.67;Bueno;72.22;Bueno;Bueno;Regular
2026-03-06;05:00;36;28.38;46.83;36.03;Bueno;103.00;Regular;10;7.04;10.83;21.67;Bueno;72.22;Bueno;Bueno;Regular
2026-03-06;06:00;75;30.38;46.83;36.03;Bueno;103.00;Regular;23;7.79;10.83;21.67;Bueno;72.22;Bueno;Bueno;Regular
2026-03-06;07:00;81;32.67;46.83;36.03;Bueno;103.00;Regular;19;8.38;10.83;21.67;Bueno;72.22;Bueno;Bueno;Regular
2026-03-06;08:00;50;34.00;46.83;36.03;Bueno;103.00;Regular;15;8.71;10.83;21.67;Bueno;72.22;Bueno;Bueno;Regular
2026-03-06;09:00;52;35.29;46.83;36.03;Bueno;103.00;Regular;17;9.21;10.83;21.67;Bueno;72.22;Bueno;Bueno;Regular
2026-03-06;10:00;74;37.62;46.83;36.03;Bueno;103.00;Regular;17;9.83;10.83;21.67;Bueno;72.22;Bueno;Bueno;Regular
2026-03-06;11:00;47;38.67;46.83;36.03;Bueno;103.00;Regular;11;10.25;10.83;21.67;Bueno;72.22;Bueno;Bueno;Regular
2026-03-06;12:00;56;40.17;46.83;36.03;Bueno;103.00;Regular;8;10.54;10.83;21.67;Bueno;72.22;Bueno;Bueno;Regular
2026-03-06;13:00;33;40.42;46.83;36.03;Bueno;103.00;Regular;5;10.54;10.83;21.67;Bueno;72.22;Bueno;Bueno;Regular
2026-03-06;14:00;24;40.62;46.83;36.03;Bueno;103.00;Regular;4;10.50;10.83;21.67;Bueno;72.22;Bueno;Bueno;Regular
2026-03-06;15:00;30;40.92;46.83;36.03;Bueno;103.00;Regular;2;10.38;10.83;21.67;Bueno;72.22;Bueno;Bueno;Regular
2026-03-06;16:00;24;40.83;46.83;36.03;Bueno;103.00;Regular;3;10.25;10.83;21.67;Bueno;72.22;Bueno;Bueno;Regular
2026-03-06;17:00;35;40.75;46.83;36.03;Bueno;103.00;Regular;7;10.29;10.83;21.67;Bueno;72.22;Bueno;Bueno;Regular
2026-03-06;18:00;58;41.17;46.83;36.03;Bueno;103.00;Regular;11;10.58;10.83;21.67;Bueno;72.22;Bueno;Bueno;Regular
2026-03-06;19:00;127;44.42;46.83;36.03;Bueno;103.00;Regular;15;10.96;10.83;21.67;Bueno;72.22;Bueno;Bueno;Regular
2026-03-06;20:00;68;45.21;46.83;36.03;Bueno;103.00;Regular;8;10.92;10.83;21.67;Bueno;72.22;Bueno;Bueno;Regular
2026-03-06;21:00;48;45.50;46.83;36.03;Bueno;103.00;Regular;7;10.42;10.83;21.67;Bueno;72.22;Bueno;Bueno;Regular
2026-03-06;22:00;43;45.96;46.83;36.03;Bueno;103.00;Regular;11;10.58;10.83;21.67;Bueno;72.22;Bueno;Bueno;Regular
2026-03-06;23:00;45;46.83;46.83;36.03;Bueno;103.00;Regular;12;10.83;10.83;21.67;Bueno;72.22;Bueno;Bueno;Regular
2026-03-07;00:00;51;48.04;36.71;28.24;Bueno;81.57;Bueno;12;11.08;10.21;20.42;Bueno;68.06;Bueno;Bueno;Bueno
2026-03-07;01:00;41;49.08;36.71;28.24;Bueno;81.57;Bueno;11;11.25;10.21;20.42;Bueno;68.06;Bueno;Bueno;Bueno
2026-03-07;02:00;37;49.46;36.71;28.24;Bueno;81.57;Bueno;15;11.08;10.21;20.42;Bueno;68.06;Bueno;Bueno;Bueno
2026-03-07;03:00;38;50.17;36.71;28.24;Bueno;81.57;Bueno;11;11.17;10.21;20.42;Bueno;68.06;Bueno;Bueno;Bueno
2026-03-07;04:00;45;50.75;36.71;28.24;Bueno;81.57;Bueno;15;11.21;10.21;20.42;Bueno;68.06;Bueno;Bueno;Bueno
2026-03-07;05:00;43;51.04;36.71;28.24;Bueno;81.57;Bueno;11;11.25;10.21;20.42;Bueno;68.06;Bueno;Bueno;Bueno
2026-03-07;06:00;42;49.67;36.71;28.24;Bueno;81.57;Bueno;11;10.75;10.21;20.42;Bueno;68.06;Bueno;Bueno;Bueno
2026-03-07;07:00;55;48.58;36.71;28.24;Bueno;81.57;Bueno;13;10.50;10.21;20.42;Bueno;68.06;Bueno;Bueno;Bueno
2026-03-07;08:00;42;48.25;36.71;28.24;Bueno;81.57;Bueno;16;10.54;10.21;20.42;Bueno;68.06;Bueno;Bueno;Bueno
2026-03-07;09:00;59;48.54;36.71;28.24;Bueno;81.57;Bueno;18;10.58;10.21;20.42;Bueno;68.06;Bueno;Bueno;Bueno
2026-03-07;10:00;52;47.62;36.71;28.24;Bueno;81.57;Bueno;14;10.46;10.21;20.42;Bueno;68.06;Bueno;Bueno;Bueno
2026-03-07;11:00;42;47.42;36.71;28.24;Bueno;81.57;Bueno;10;10.42;10.21;20.42;Bueno;68.06;Bueno;Bueno;Bueno
2026-03-07;12:00;43;46.88;36.71;28.24;Bueno;81.57;Bueno;10;10.50;10.21;20.42;Bueno;68.06;Bueno;Bueno;Bueno
2026-03-07;13:00;28;46.67;36.71;28.24;Bueno;81.57;Bueno;12;10.79;10.21;20.42;Bueno;68.06;Bueno;Bueno;Bueno
2026-03-07;14:00;25;46.71;36.71;28.24;Bueno;81.57;Bueno;10;11.04;10.21;20.42;Bueno;68.06;Bueno;Bueno;Bueno
2026-03-07;15:00;29;46.67;36.71;28.24;Bueno;81.57;Bueno;12;11.46;10.21;20.42;Bueno;68.06;Bueno;Bueno;Bueno
2026-03-07;16:00;38;47.25;36.71;28.24;Bueno;81.57;Bueno;7;11.62;10.21;20.42;Bueno;68.06;Bueno;Bueno;Bueno
2026-03-07;17:00;32;47.12;36.71;28.24;Bueno;81.57;Bueno;7;11.62;10.21;20.42;Bueno;68.06;Bueno;Bueno;Bueno
2026-03-07;18:00;34;46.12;36.71;28.24;Bueno;81.57;Bueno;4;11.33;10.21;20.42;Bueno;68.06;Bueno;Bueno;Bueno
2026-03-07;19:00;28;42.00;36.71;28.24;Bueno;81.57;Bueno;4;10.88;10.21;20.42;Bueno;68.06;Bueno;Bueno;Bueno
2026-03-07;20:00;22;40.08;36.71;28.24;Bueno;81.57;Bueno;6;10.79;10.21;20.42;Bueno;68.06;Bueno;Bueno;Bueno
2026-03-07;21:00;21;38.96;36.71;28.24;Bueno;81.57;Bueno;7;10.79;10.21;20.42;Bueno;68.06;Bueno;Bueno;Bueno
2026-03-07;22:00;15;37.79;36.71;28.24;Bueno;81.57;Bueno;5;10.54;10.21;20.42;Bueno;68.06;Bueno;Bueno;Bueno
2026-03-07;23:00;19;36.71;36.71;28.24;Bueno;81.57;Bueno;4;10.21;10.21;20.42;Bueno;68.06;Bueno;Bueno;Bueno
2026-03-08;00:00;19;35.38;21.21;16.31;Bueno;47.13;Bueno;5;9.92;5.21;10.42;Bueno;34.72;Bueno;Bueno;Bueno
2026-03-08;01:00;20;34.50;21.21;16.31;Bueno;47.13;Bueno;2;9.54;5.21;10.42;Bueno;34.72;Bueno;Bueno;Bueno
2026-03-08;02:00;17;33.67;21.21;16.31;Bueno;47.13;Bueno;4;9.08;5.21;10.42;Bueno;34.72;Bueno;Bueno;Bueno
2026-03-08;03:00;13;32.62;21.21;16.31;Bueno;47.13;Bueno;4;8.79;5.21;10.42;Bueno;34.72;Bueno;Bueno;Bueno
2026-03-08;04:00;12;31.25;21.21;16.31;Bueno;47.13;Bueno;4;8.33;5.21;10.42;Bueno;34.72;Bueno;Bueno;Bueno
2026-03-08;05:00;13;30.00;21.21;16.31;Bueno;47.13;Bueno;8;8.21;5.21;10.42;Bueno;34.72;Bueno;Bueno;Bueno
2026-03-08;06:00;11;28.71;21.21;16.31;Bueno;47.13;Bueno;7;8.04;5.21;10.42;Bueno;34.72;Bueno;Bueno;Bueno
2026-03-08;07:00;12;26.92;21.21;16.31;Bueno;47.13;Bueno;3;7.62;5.21;10.42;Bueno;34.72;Bueno;Bueno;Bueno
2026-03-08;08:00;12;25.67;21.21;16.31;Bueno;47.13;Bueno;1;7.00;5.21;10.42;Bueno;34.72;Bueno;Bueno;Bueno
2026-03-08;09:00;15;23.83;21.21;16.31;Bueno;47.13;Bueno;3;6.38;5.21;10.42;Bueno;34.72;Bueno;Bueno;Bueno
2026-03-08;10:00;21;22.54;21.21;16.31;Bueno;47.13;Bueno;7;6.08;5.21;10.42;Bueno;34.72;Bueno;Bueno;Bueno
2026-03-08;11:00;26;21.88;21.21;16.31;Bueno;47.13;Bueno;6;5.92;5.21;10.42;Bueno;34.72;Bueno;Bueno;Bueno
2026-03-08;12:00;45;21.96;21.21;16.31;Bueno;47.13;Bueno;6;5.75;5.21;10.42;Bueno;34.72;Bueno;Bueno;Bueno
2026-03-08;13:00;23;21.75;21.21;16.31;Bueno;47.13;Bueno;6;5.50;5.21;10.42;Bueno;34.72;Bueno;Bueno;Bueno
2026-03-08;14:00;16;21.38;21.21;16.31;Bueno;47.13;Bueno;4;5.25;5.21;10.42;Bueno;34.72;Bueno;Bueno;Bueno
2026-03-08;15:00;15;20.79;21.21;16.31;Bueno;47.13;Bueno;3;4.88;5.21;10.42;Bueno;34.72;Bueno;Bueno;Bueno
2026-03-08;16:00;33;20.58;21.21;16.31;Bueno;47.13;Bueno;5;4.79;5.21;10.42;Bueno;34.72;Bueno;Bueno;Bueno
2026-03-08;17:00;42;21.00;21.21;16.31;Bueno;47.13;Bueno;7;4.79;5.21;10.42;Bueno;34.72;Bueno;Bueno;Bueno
2026-03-08;18:00;27;20.71;21.21;16.31;Bueno;47.13;Bueno;6;4.88;5.21;10.42;Bueno;34.72;Bueno;Bueno;Bueno
2026-03-08;19:00;24;20.54;21.21;16.31;Bueno;47.13;Bueno;5;4.92;5.21;10.42;Bueno;34.72;Bueno;Bueno;Bueno
2026-03-08;20:00;26;20.71;21.21;16.31;Bueno;47.13;Bueno;10;5.08;5.21;10.42;Bueno;34.72;Bueno;Bueno;Bueno
2026-03-08;21:00;26;20.92;21.21;16.31;Bueno;47.13;Bueno;8;5.12;5.21;10.42;Bueno;34.72;Bueno;Bueno;Bueno
2026-03-08;22:00;21;21.17;21.21;16.31;Bueno;47.13;Bueno;6;5.17;5.21;10.42;Bueno;34.72;Bueno;Bueno;Bueno
2026-03-08;23:00;20;21.21;21.21;16.31;Bueno;47.13;Bueno;5;5.21;5.21;10.42;Bueno;34.72;Bueno;Bueno;Bueno
2026-03-09;00:00;13;20.96;48.96;37.66;Bueno;106.48;Regular;3;5.12;8.83;17.67;Bueno;58.89;Bueno;Bueno;Regular
2026-03-09;01:00;17;20.83;48.96;37.66;Bueno;106.48;Regular;5;5.25;8.83;17.67;Bueno;58.89;Bueno;Bueno;Regular
2026-03-09;02:00;15;20.75;48.96;37.66;Bueno;106.48;Regular;4;5.25;8.83;17.67;Bueno;58.89;Bueno;Bueno;Regular
2026-03-09;03:00;11;20.67;48.96;37.66;Bueno;106.48;Regular;4;5.25;8.83;17.67;Bueno;58.89;Bueno;Bueno;Regular
2026-03-09;04:00;9;20.54;48.96;37.66;Bueno;106.48;Regular;2;5.17;8.83;17.67;Bueno;58.89;Bueno;Bueno;Regular
2026-03-09;05:00;20;20.83;48.96;37.66;Bueno;106.48;Regular;3;4.96;8.83;17.67;Bueno;58.89;Bueno;Bueno;Regular
2026-03-09;06:00;58;22.79;48.96;37.66;Bueno;106.48;Regular;13;5.21;8.83;17.67;Bueno;58.89;Bueno;Bueno;Regular
2026-03-09;07:00;79;25.58;48.96;37.66;Bueno;106.48;Regular;14;5.67;8.83;17.67;Bueno;58.89;Bueno;Bueno;Regular
2026-03-09;08:00;42;26.83;48.96;37.66;Bueno;106.48;Regular;9;6.00;8.83;17.67;Bueno;58.89;Bueno;Bueno;Regular
2026-03-09;09:00;54;28.46;48.96;37.66;Bueno;106.48;Regular;8;6.21;8.83;17.67;Bueno;58.89;Bueno;Bueno;Regular
2026-03-09;10:00;20;28.42;48.96;37.66;Bueno;106.48;Regular;7;6.21;8.83;17.67;Bueno;58.89;Bueno;Bueno;Regular
2026-03-09;11:00;26;28.42;48.96;37.66;Bueno;106.48;Regular;7;6.25;8.83;17.67;Bueno;58.89;Bueno;Bueno;Regular
2026-03-09;12:00;37;28.08;48.96;37.66;Bueno;106.48;Regular;3;6.12;8.83;17.67;Bueno;58.89;Bueno;Bueno;Regular
2026-03-09;13:00;25;28.17;48.96;37.66;Bueno;106.48;Regular;3;6.00;8.83;17.67;Bueno;58.89;Bueno;Bueno;Regular
2026-03-09;14:00;24;28.50;48.96;37.66;Bueno;106.48;Regular;4;6.00;8.83;17.67;Bueno;58.89;Bueno;Bueno;Regular
2026-03-09;15:00;19;28.67;48.96;37.66;Bueno;106.48;Regular;3;6.00;8.83;17.67;Bueno;58.89;Bueno;Bueno;Regular
2026-03-09;16:00;66;30.04;48.96;37.66;Bueno;106.48;Regular;3;5.92;8.83;17.67;Bueno;58.89;Bueno;Bueno;Regular
2026-03-09;17:00;42;30.04;48.96;37.66;Bueno;106.48;Regular;3;5.75;8.83;17.67;Bueno;58.89;Bueno;Bueno;Regular
2026-03-09;18:00;68;31.75;48.96;37.66;Bueno;106.48;Regular;2;5.58;8.83;17.67;Bueno;58.89;Bueno;Bueno;Regular
2026-03-09;19:00;103;35.04;48.96;37.66;Bueno;106.48;Regular;13;5.92;8.83;17.67;Bueno;58.89;Bueno;Bueno;Regular
2026-03-09;20:00;159;40.58;48.96;37.66;Bueno;106.48;Regular;16;6.17;8.83;17.67;Bueno;58.89;Bueno;Bueno;Regular
2026-03-09;21:00;112;44.17;48.96;37.66;Bueno;106.48;Regular;25;6.88;8.83;17.67;Bueno;58.89;Bueno;Bueno;Regular
2026-03-09;22:00;100;47.46;48.96;37.66;Bueno;106.48;Regular;27;7.75;8.83;17.67;Bueno;58.89;Bueno;Bueno;Regular
2026-03-09;23:00;56;48.96;48.96;37.66;Bueno;106.48;Regular;31;8.83;8.83;17.67;Bueno;58.89;Bueno;Bueno;Regular
2026-03-10;00:00;66;51.17;64.71;49.78;Bueno;132.39;Regular;42;10.46;17.58;35.17;Bueno;105.58;Regular;Bueno;Regular
2026-03-10;01:00;37;52.00;64.71;49.78;Bueno;132.39;Regular;31;11.54;17.58;35.17;Bueno;105.58;Regular;Bueno;Regular
2026-03-10;02:00;30;52.62;64.71;49.78;Bueno;132.39;Regular;18;12.12;17.58;35.17;Bueno;105.58;Regular;Bueno;Regular
2026-03-10;03:00;26;53.25;64.71;49.78;Bueno;132.39;Regular;12;12.46;17.58;35.17;Bueno;105.58;Regular;Bueno;Regular
2026-03-10;04:00;25;53.92;64.71;49.78;Bueno;132.39;Regular;18;13.12;17.58;35.17;Bueno;105.58;Regular;Bueno;Regular
2026-03-10;05:00;28;54.25;64.71;49.78;Bueno;132.39;Regular;13;13.54;17.58;35.17;Bueno;105.58;Regular;Bueno;Regular
2026-03-10;06:00;57;54.21;64.71;49.78;Bueno;132.39;Regular;22;13.92;17.58;35.17;Bueno;105.58;Regular;Bueno;Regular
2026-03-10;07:00;75;54.04;64.71;49.78;Bueno;132.39;Regular;22;14.25;17.58;35.17;Bueno;105.58;Regular;Bueno;Regular
2026-03-10;08:00;42;54.04;64.71;49.78;Bueno;132.39;Regular;15;14.50;17.58;35.17;Bueno;105.58;Regular;Bueno;Regular
2026-03-10;09:00;40;53.46;64.71;49.78;Bueno;132.39;Regular;11;14.62;17.58;35.17;Bueno;105.58;Regular;Bueno;Regular
2026-03-10;10:00;32;53.96;64.71;49.78;Bueno;132.39;Regular;6;14.58;17.58;35.17;Bueno;105.58;Regular;Bueno;Regular
2026-03-10;11:00;63;55.50;64.71;49.78;Bueno;132.39;Regular;15;14.92;17.58;35.17;Bueno;105.58;Regular;Bueno;Regular
2026-03-10;12:00;53;56.17;64.71;49.78;Bueno;132.39;Regular;9;15.17;17.58;35.17;Bueno;105.58;Regular;Bueno;Regular
2026-03-10;13:00;46;57.04;64.71;49.78;Bueno;132.39;Regular;10;15.46;17.58;35.17;Bueno;105.58;Regular;Bueno;Regular
2026-03-10;14:00;21;56.92;64.71;49.78;Bueno;132.39;Regular;8;15.62;17.58;35.17;Bueno;105.58;Regular;Bueno;Regular
2026-03-10;15:00;27;57.25;64.71;49.78;Bueno;132.39;Regular;9;15.88;17.58;35.17;Bueno;105.58;Regular;Bueno;Regular
2026-03-10;16:00;189;62.38;64.71;49.78;Bueno;132.39;Regular;11;16.21;17.58;35.17;Bueno;105.58;Regular;Bueno;Regular
2026-03-10;17:00;165;67.50;64.71;49.78;Bueno;132.39;Regular;13;16.62;17.58;35.17;Bueno;105.58;Regular;Bueno;Regular
2026-03-10;18:00;111;69.29;64.71;49.78;Bueno;132.39;Regular;12;17.04;17.58;35.17;Bueno;105.58;Regular;Bueno;Regular
2026-03-10;19:00;194;73.08;64.71;49.78;Bueno;132.39;Regular;17;17.21;17.58;35.17;Bueno;105.58;Regular;Bueno;Regular
2026-03-10;20:00;75;69.58;64.71;49.78;Bueno;132.39;Regular;10;16.96;17.58;35.17;Bueno;105.58;Regular;Bueno;Regular
2026-03-10;21:00;42;66.67;64.71;49.78;Bueno;132.39;Regular;18;16.67;17.58;35.17;Bueno;105.58;Regular;Bueno;Regular
2026-03-10;22:00;46;64.42;64.71;49.78;Bueno;132.39;Regular;26;16.62;17.58;35.17;Bueno;105.58;Regular;Bueno;Regular
2026-03-10;23:00;63;64.71;64.71;49.78;Bueno;132.39;Regular;54;17.58;17.58;35.17;Bueno;105.58;Regular;Bueno;Regular
2026-03-11;00:00;66;64.71;68.04;52.34;Bueno;137.89;Regular;58;18.25;19.88;39.75;Bueno;110.54;Regular;Bueno;Regular
2026-03-11;01:00;52;65.33;68.04;52.34;Bueno;137.89;Regular;37;18.50;19.88;39.75;Bueno;110.54;Regular;Bueno;Regular
2026-03-11;02:00;36;65.58;68.04;52.34;Bueno;137.89;Regular;27;18.88;19.88;39.75;Bueno;110.54;Regular;Bueno;Regular
2026-03-11;03:00;36;66.00;68.04;52.34;Bueno;137.89;Regular;26;19.46;19.88;39.75;Bueno;110.54;Regular;Bueno;Regular
2026-03-11;04:00;44;66.79;68.04;52.34;Bueno;137.89;Regular;31;20.00;19.88;39.75;Bueno;110.54;Regular;Bueno;Regular
2026-03-11;05:00;55;67.92;68.04;52.34;Bueno;137.89;Regular;26;20.54;19.88;39.75;Bueno;110.54;Regular;Bueno;Regular
2026-03-11;06:00;91;69.33;68.04;52.34;Bueno;137.89;Regular;30;20.88;19.88;39.75;Bueno;110.54;Regular;Bueno;Regular
2026-03-11;07:00;142;72.12;68.04;52.34;Bueno;137.89;Regular;34;21.38;19.88;39.75;Bueno;110.54;Regular;Bueno;Regular
2026-03-11;08:00;47;72.33;68.04;52.34;Bueno;137.89;Regular;14;21.33;19.88;39.75;Bueno;110.54;Regular;Bueno;Regular
2026-03-11;09:00;34;72.08;68.04;52.34;Bueno;137.89;Regular;10;21.29;19.88;39.75;Bueno;110.54;Regular;Bueno;Regular
2026-03-11;10:00;30;72.00;68.04;52.34;Bueno;137.89;Regular;6;21.29;19.88;39.75;Bueno;110.54;Regular;Bueno;Regular
2026-03-11;11:00;49;71.42;68.04;52.34;Bueno;137.89;Regular;14;21.25;19.88;39.75;Bueno;110.54;Regular;Bueno;Regular
2026-03-11;12:00;48;71.21;68.04;52.34;Bueno;137.89;Regular;16;21.54;19.88;39.75;Bueno;110.54;Regular;Bueno;Regular
2026-03-11;13:00;42;71.04;68.04;52.34;Bueno;137.89;Regular;14;21.71;19.88;39.75;Bueno;110.54;Regular;Bueno;Regular
2026-03-11;14:00;77;73.38;68.04;52.34;Bueno;137.89;Regular;17;22.08;19.88;39.75;Bueno;110.54;Regular;Bueno;Regular
2026-03-11;15:00;47;74.21;68.04;52.34;Bueno;137.89;Regular;10;22.12;19.88;39.75;Bueno;110.54;Regular;Bueno;Regular
2026-03-11;16:00;28;67.50;68.04;52.34;Bueno;137.89;Regular;6;21.92;19.88;39.75;Bueno;110.54;Regular;Bueno;Regular
2026-03-11;17:00;58;63.04;68.04;52.34;Bueno;137.89;Regular;5;21.58;19.88;39.75;Bueno;110.54;Regular;Bueno;Regular
2026-03-11;18:00;168;65.42;68.04;52.34;Bueno;137.89;Regular;14;21.67;19.88;39.75;Bueno;110.54;Regular;Bueno;Regular
2026-03-11;19:00;240;67.33;68.04;52.34;Bueno;137.89;Regular;17;21.67;19.88;39.75;Bueno;110.54;Regular;Bueno;Regular
2026-03-11;20:00;110;68.79;68.04;52.34;Bueno;137.89;Regular;15;21.88;19.88;39.75;Bueno;110.54;Regular;Bueno;Regular
2026-03-11;21:00;57;69.42;68.04;52.34;Bueno;137.89;Regular;12;21.62;19.88;39.75;Bueno;110.54;Regular;Bueno;Regular
2026-03-11;22:00;26;68.58;68.04;52.34;Bueno;137.89;Regular;7;20.83;19.88;39.75;Bueno;110.54;Regular;Bueno;Regular
2026-03-11;23:00;50;68.04;68.04;52.34;Bueno;137.89;Regular;31;19.88;19.88;39.75;Bueno;110.54;Regular;Bueno;Regular
2026-03-12;00:00;64;67.96;33.33;25.64;Bueno;74.07;Bueno;54;19.71;12.46;24.92;Bueno;83.06;Bueno;Bueno;Bueno
2026-03-12;01:00;47;67.75;33.33;25.64;Bueno;74.07;Bueno;45;20.04;12.46;24.92;Bueno;83.06;Bueno;Bueno;Bueno
2026-03-12;02:00;31;67.54;33.33;25.64;Bueno;74.07;Bueno;24;19.92;12.46;24.92;Bueno;83.06;Bueno;Bueno;Bueno
2026-03-12;03:00;26;67.12;33.33;25.64;Bueno;74.07;Bueno;18;19.58;12.46;24.92;Bueno;83.06;Bueno;Bueno;Bueno
2026-03-12;04:00;20;66.12;33.33;25.64;Bueno;74.07;Bueno;14;18.88;12.46;24.92;Bueno;83.06;Bueno;Bueno;Bueno
2026-03-12;05:00;18;64.58;33.33;25.64;Bueno;74.07;Bueno;8;18.12;12.46;24.92;Bueno;83.06;Bueno;Bueno;Bueno
2026-03-12;06:00;23;61.75;33.33;25.64;Bueno;74.07;Bueno;10;17.29;12.46;24.92;Bueno;83.06;Bueno;Bueno;Bueno
2026-03-12;07:00;33;57.21;33.33;25.64;Bueno;74.07;Bueno;9;16.25;12.46;24.92;Bueno;83.06;Bueno;Bueno;Bueno
2026-03-12;08:00;29;56.46;33.33;25.64;Bueno;74.07;Bueno;9;16.04;12.46;24.92;Bueno;83.06;Bueno;Bueno;Bueno
2026-03-12;09:00;33;56.42;33.33;25.64;Bueno;74.07;Bueno;9;16.00;12.46;24.92;Bueno;83.06;Bueno;Bueno;Bueno
2026-03-12;10:00;26;56.25;33.33;25.64;Bueno;74.07;Bueno;7;16.04;12.46;24.92;Bueno;83.06;Bueno;Bueno;Bueno
2026-03-12;11:00;32;55.54;33.33;25.64;Bueno;74.07;Bueno;11;15.92;12.46;24.92;Bueno;83.06;Bueno;Bueno;Bueno
2026-03-12;12:00;30;54.79;33.33;25.64;Bueno;74.07;Bueno;7;15.54;12.46;24.92;Bueno;83.06;Bueno;Bueno;Bueno
2026-03-12;13:00;32;54.38;33.33;25.64;Bueno;74.07;Bueno;5;15.17;12.46;24.92;Bueno;83.06;Bueno;Bueno;Bueno
2026-03-12;14:00;25;52.21;33.33;25.64;Bueno;74.07;Bueno;5;14.67;12.46;24.92;Bueno;83.06;Bueno;Bueno;Bueno
2026-03-12;15:00;36;51.75;33.33;25.64;Bueno;74.07;Bueno;4;14.42;12.46;24.92;Bueno;83.06;Bueno;Bueno;Bueno
2026-03-12;16:00;33;51.96;33.33;25.64;Bueno;74.07;Bueno;4;14.33;12.46;24.92;Bueno;83.06;Bueno;Bueno;Bueno
2026-03-12;17:00;49;51.58;33.33;25.64;Bueno;74.07;Bueno;10;14.54;12.46;24.92;Bueno;83.06;Bueno;Bueno;Bueno
2026-03-12;18:00;46;46.50;33.33;25.64;Bueno;74.07;Bueno;10;14.38;12.46;24.92;Bueno;83.06;Bueno;Bueno;Bueno
2026-03-12;19:00;49;38.54;33.33;25.64;Bueno;74.07;Bueno;10;14.08;12.46;24.92;Bueno;83.06;Bueno;Bueno;Bueno
2026-03-12;20:00;44;35.79;33.33;25.64;Bueno;74.07;Bueno;7;13.75;12.46;24.92;Bueno;83.06;Bueno;Bueno;Bueno
2026-03-12;21:00;32;34.75;33.33;25.64;Bueno;74.07;Bueno;5;13.46;12.46;24.92;Bueno;83.06;Bueno;Bueno;Bueno
2026-03-12;22:00;21;34.54;33.33;25.64;Bueno;74.07;Bueno;8;13.50;12.46;24.92;Bueno;83.06;Bueno;Bueno;Bueno
2026-03-12;23:00;21;33.33;33.33;25.64;Bueno;74.07;Bueno;6;12.46;12.46;24.92;Bueno;83.06;Bueno;Bueno;Bueno
2026-03-13;00:00;12;31.17;32.33;24.87;Bueno;71.85;Bueno;3;10.33;6.62;13.25;Bueno;44.17;Bueno;Bueno;Bueno
2026-03-13;01:00;10;29.62;32.33;24.87;Bueno;71.85;Bueno;5;8.67;6.62;13.25;Bueno;44.17;Bueno;Bueno;Bueno
2026-03-13;02:00;17;29.04;32.33;24.87;Bueno;71.85;Bueno;5;7.88;6.62;13.25;Bueno;44.17;Bueno;Bueno;Bueno
2026-03-13;03:00;16;28.62;32.33;24.87;Bueno;71.85;Bueno;4;7.29;6.62;13.25;Bueno;44.17;Bueno;Bueno;Bueno
2026-03-13;04:00;19;28.58;32.33;24.87;Bueno;71.85;Bueno;2;6.79;6.62;13.25;Bueno;44.17;Bueno;Bueno;Bueno
2026-03-13;05:00;20;28.67;32.33;24.87;Bueno;71.85;Bueno;3;6.58;6.62;13.25;Bueno;44.17;Bueno;Bueno;Bueno
2026-03-13;06:00;33;29.08;32.33;24.87;Bueno;71.85;Bueno;7;6.46;6.62;13.25;Bueno;44.17;Bueno;Bueno;Bueno
2026-03-13;07:00;30;28.96;32.33;24.87;Bueno;71.85;Bueno;7;6.38;6.62;13.25;Bueno;44.17;Bueno;Bueno;Bueno
2026-03-13;08:00;25;28.79;32.33;24.87;Bueno;71.85;Bueno;11;6.46;6.62;13.25;Bueno;44.17;Bueno;Bueno;Bueno
2026-03-13;09:00;31;28.71;32.33;24.87;Bueno;71.85;Bueno;10;6.50;6.62;13.25;Bueno;44.17;Bueno;Bueno;Bueno
2026-03-13;10:00;36;29.12;32.33;24.87;Bueno;71.85;Bueno;7;6.50;6.62;13.25;Bueno;44.17;Bueno;Bueno;Bueno
2026-03-13;11:00;44;29.62;32.33;24.87;Bueno;71.85;Bueno;7;6.33;6.62;13.25;Bueno;44.17;Bueno;Bueno;Bueno
2026-03-13;12:00;51;30.50;32.33;24.87;Bueno;71.85;Bueno;5;6.25;6.62;13.25;Bueno;44.17;Bueno;Bueno;Bueno
2026-03-13;13:00;69;32.04;32.33;24.87;Bueno;71.85;Bueno;8;6.38;6.62;13.25;Bueno;44.17;Bueno;Bueno;Bueno
2026-03-13;14:00;57;33.38;32.33;24.87;Bueno;71.85;Bueno;7;6.46;6.62;13.25;Bueno;44.17;Bueno;Bueno;Bueno
2026-03-13;15:00;34;33.29;32.33;24.87;Bueno;71.85;Bueno;5;6.50;6.62;13.25;Bueno;44.17;Bueno;Bueno;Bueno
2026-03-13;16:00;30;33.17;32.33;24.87;Bueno;71.85;Bueno;5;6.54;6.62;13.25;Bueno;44.17;Bueno;Bueno;Bueno
2026-03-13;17:00;34;32.54;32.33;24.87;Bueno;71.85;Bueno;3;6.25;6.62;13.25;Bueno;44.17;Bueno;Bueno;Bueno
2026-03-13;18:00;46;32.54;32.33;24.87;Bueno;71.85;Bueno;7;6.12;6.62;13.25;Bueno;44.17;Bueno;Bueno;Bueno
2026-03-13;19:00;53;32.71;32.33;24.87;Bueno;71.85;Bueno;15;6.33;6.62;13.25;Bueno;44.17;Bueno;Bueno;Bueno
2026-03-13;20:00;37;32.42;32.33;24.87;Bueno;71.85;Bueno;10;6.46;6.62;13.25;Bueno;44.17;Bueno;Bueno;Bueno
2026-03-13;21:00;24;32.08;32.33;24.87;Bueno;71.85;Bueno;8;6.58;6.62;13.25;Bueno;44.17;Bueno;Bueno;Bueno
2026-03-13;22:00;25;32.25;32.33;24.87;Bueno;71.85;Bueno;7;6.54;6.62;13.25;Bueno;44.17;Bueno;Bueno;Bueno
2026-03-13;23:00;23;32.33;32.33;24.87;Bueno;71.85;Bueno;8;6.62;6.62;13.25;Bueno;44.17;Bueno;Bueno;Bueno
2026-03-14;00:00;14;32.42;31.12;23.94;Bueno;69.17;Bueno;6;6.75;6.67;13.33;Bueno;44.44;Bueno;Bueno;Bueno
2026-03-14;01:00;18;32.75;31.12;23.94;Bueno;69.17;Bueno;12;7.04;6.67;13.33;Bueno;44.44;Bueno;Bueno;Bueno
2026-03-14;02:00;19;32.83;31.12;23.94;Bueno;69.17;Bueno;8;7.17;6.67;13.33;Bueno;44.44;Bueno;Bueno;Bueno
2026-03-14;03:00;21;33.04;31.12;23.94;Bueno;69.17;Bueno;10;7.42;6.67;13.33;Bueno;44.44;Bueno;Bueno;Bueno
2026-03-14;04:00;18;33.00;31.12;23.94;Bueno;69.17;Bueno;13;7.88;6.67;13.33;Bueno;44.44;Bueno;Bueno;Bueno
2026-03-14;05:00;20;33.00;31.12;23.94;Bueno;69.17;Bueno;9;8.12;6.67;13.33;Bueno;44.44;Bueno;Bueno;Bueno
2026-03-14;06:00;41;33.33;31.12;23.94;Bueno;69.17;Bueno;11;8.29;6.67;13.33;Bueno;44.44;Bueno;Bueno;Bueno
2026-03-14;07:00;56;34.42;31.12;23.94;Bueno;69.17;Bueno;13;8.54;6.67;13.33;Bueno;44.44;Bueno;Bueno;Bueno
2026-03-14;08:00;48;35.38;31.12;23.94;Bueno;69.17;Bueno;14;8.67;6.67;13.33;Bueno;44.44;Bueno;Bueno;Bueno
2026-03-14;09:00;50;36.17;31.12;23.94;Bueno;69.17;Bueno;12;8.75;6.67;13.33;Bueno;44.44;Bueno;Bueno;Bueno
2026-03-14;10:00;42;36.42;31.12;23.94;Bueno;69.17;Bueno;9;8.83;6.67;13.33;Bueno;44.44;Bueno;Bueno;Bueno
2026-03-14;11:00;48;36.58;31.12;23.94;Bueno;69.17;Bueno;6;8.79;6.67;13.33;Bueno;44.44;Bueno;Bueno;Bueno
2026-03-14;12:00;45;36.33;31.12;23.94;Bueno;69.17;Bueno;4;8.75;6.67;13.33;Bueno;44.44;Bueno;Bueno;Bueno
2026-03-14;13:00;37;35.00;31.12;23.94;Bueno;69.17;Bueno;7;8.71;6.67;13.33;Bueno;44.44;Bueno;Bueno;Bueno
2026-03-14;14:00;39;34.25;31.12;23.94;Bueno;69.17;Bueno;4;8.58;6.67;13.33;Bueno;44.44;Bueno;Bueno;Bueno
2026-03-14;15:00;49;34.88;31.12;23.94;Bueno;69.17;Bueno;2;8.46;6.67;13.33;Bueno;44.44;Bueno;Bueno;Bueno
2026-03-14;16:00;38;35.21;31.12;23.94;Bueno;69.17;Bueno;5;8.46;6.67;13.33;Bueno;44.44;Bueno;Bueno;Bueno
2026-03-14;17:00;39;35.42;31.12;23.94;Bueno;69.17;Bueno;3;8.46;6.67;13.33;Bueno;44.44;Bueno;Bueno;Bueno
2026-03-14;18:00;36;35.00;31.12;23.94;Bueno;69.17;Bueno;2;8.25;6.67;13.33;Bueno;44.44;Bueno;Bueno;Bueno
2026-03-14;19:00;25;33.83;31.12;23.94;Bueno;69.17;Bueno;3;7.75;6.67;13.33;Bueno;44.44;Bueno;Bueno;Bueno
2026-03-14;20:00;13;32.83;31.12;23.94;Bueno;69.17;Bueno;2;7.42;6.67;13.33;Bueno;44.44;Bueno;Bueno;Bueno
2026-03-14;21:00;14;32.42;31.12;23.94;Bueno;69.17;Bueno;1;7.12;6.67;13.33;Bueno;44.44;Bueno;Bueno;Bueno
2026-03-14;22:00;11;31.83;31.12;23.94;Bueno;69.17;Bueno;1;6.88;6.67;13.33;Bueno;44.44;Bueno;Bueno;Bueno
2026-03-14;23:00;6;31.12;31.12;23.94;Bueno;69.17;Bueno;3;6.67;6.67;13.33;Bueno;44.44;Bueno;Bueno;Bueno
2026-03-15;00:00;4;30.71;7.71;5.93;Bueno;17.13;Bueno;1;6.46;4.17;8.33;Bueno;27.78;Bueno;Bueno;Bueno
2026-03-15;01:00;2;30.04;7.71;5.93;Bueno;17.13;Bueno;1;6.00;4.17;8.33;Bueno;27.78;Bueno;Bueno;Bueno
2026-03-15;02:00;4;29.42;7.71;5.93;Bueno;17.13;Bueno;1;5.71;4.17;8.33;Bueno;27.78;Bueno;Bueno;Bueno
2026-03-15;03:00;3;28.67;7.71;5.93;Bueno;17.13;Bueno;1;5.33;4.17;8.33;Bueno;27.78;Bueno;Bueno;Bueno
2026-03-15;04:00;3;28.04;7.71;5.93;Bueno;17.13;Bueno;1;4.83;4.17;8.33;Bueno;27.78;Bueno;Bueno;Bueno
2026-03-15;05:00;3;27.33;7.71;5.93;Bueno;17.13;Bueno;1;4.50;4.17;8.33;Bueno;27.78;Bueno;Bueno;Bueno
2026-03-15;06:00;3;25.75;7.71;5.93;Bueno;17.13;Bueno;1;4.08;4.17;8.33;Bueno;27.78;Bueno;Bueno;Bueno
2026-03-15;07:00;4;23.58;7.71;5.93;Bueno;17.13;Bueno;3;3.67;4.17;8.33;Bueno;27.78;Bueno;Bueno;Bueno
2026-03-15;08:00;4;21.75;7.71;5.93;Bueno;17.13;Bueno;3;3.21;4.17;8.33;Bueno;27.78;Bueno;Bueno;Bueno
2026-03-15;09:00;3;19.79;7.71;5.93;Bueno;17.13;Bueno;1;2.75;4.17;8.33;Bueno;27.78;Bueno;Bueno;Bueno
2026-03-15;10:00;6;18.29;7.71;5.93;Bueno;17.13;Bueno;1;2.42;4.17;8.33;Bueno;27.78;Bueno;Bueno;Bueno
2026-03-15;11:00;5;16.50;7.71;5.93;Bueno;17.13;Bueno;4;2.33;4.17;8.33;Bueno;27.78;Bueno;Bueno;Bueno
2026-03-15;12:00;10;15.04;7.71;5.93;Bueno;17.13;Bueno;9;2.54;4.17;8.33;Bueno;27.78;Bueno;Bueno;Bueno
2026-03-15;13:00;6;13.75;7.71;5.93;Bueno;17.13;Bueno;5;2.46;4.17;8.33;Bueno;27.78;Bueno;Bueno;Bueno
2026-03-15;14:00;5;12.33;7.71;5.93;Bueno;17.13;Bueno;2;2.38;4.17;8.33;Bueno;27.78;Bueno;Bueno;Bueno
2026-03-15;15:00;8;10.62;7.71;5.93;Bueno;17.13;Bueno;4;2.46;4.17;8.33;Bueno;27.78;Bueno;Bueno;Bueno
2026-03-15;16:00;8;9.38;7.71;5.93;Bueno;17.13;Bueno;3;2.38;4.17;8.33;Bueno;27.78;Bueno;Bueno;Bueno
2026-03-15;17:00;13;8.29;7.71;5.93;Bueno;17.13;Bueno;7;2.54;4.17;8.33;Bueno;27.78;Bueno;Bueno;Bueno
2026-03-15;18:00;14;7.38;7.71;5.93;Bueno;17.13;Bueno;7;2.75;4.17;8.33;Bueno;27.78;Bueno;Bueno;Bueno
2026-03-15;19:00;19;7.12;7.71;5.93;Bueno;17.13;Bueno;11;3.08;4.17;8.33;Bueno;27.78;Bueno;Bueno;Bueno
2026-03-15;20:00;20;7.42;7.71;5.93;Bueno;17.13;Bueno;11;3.46;4.17;8.33;Bueno;27.78;Bueno;Bueno;Bueno
2026-03-15;21:00;15;7.46;7.71;5.93;Bueno;17.13;Bueno;11;3.88;4.17;8.33;Bueno;27.78;Bueno;Bueno;Bueno
2026-03-15;22:00;12;7.50;7.71;5.93;Bueno;17.13;Bueno;7;4.12;4.17;8.33;Bueno;27.78;Bueno;Bueno;Bueno
2026-03-15;23:00;11;7.71;7.71;5.93;Bueno;17.13;Bueno;4;4.17;4.17;8.33;Bueno;27.78;Bueno;Bueno;Bueno
2026-03-16;00:00;9;7.92;8.83;6.79;Bueno;19.63;Bueno;3;4.25;4.12;8.25;Bueno;27.50;Bueno;Bueno;Bueno
2026-03-16;01:00;9;8.21;8.83;6.79;Bueno;19.63;Bueno;5;4.42;4.12;8.25;Bueno;27.50;Bueno;Bueno;Bueno
2026-03-16;02:00;8;8.38;8.83;6.79;Bueno;19.63;Bueno;4;4.54;4.12;8.25;Bueno;27.50;Bueno;Bueno;Bueno
2026-03-16;03:00;9;8.62;8.83;6.79;Bueno;19.63;Bueno;4;4.67;4.12;8.25;Bueno;27.50;Bueno;Bueno;Bueno
2026-03-16;04:00;13;9.04;8.83;6.79;Bueno;19.63;Bueno;3;4.75;4.12;8.25;Bueno;27.50;Bueno;Bueno;Bueno
2026-03-16;05:00;8;9.25;8.83;6.79;Bueno;19.63;Bueno;1;4.75;4.12;8.25;Bueno;27.50;Bueno;Bueno;Bueno
2026-03-16;06:00;6;9.38;8.83;6.79;Bueno;19.63;Bueno;3;4.83;4.12;8.25;Bueno;27.50;Bueno;Bueno;Bueno
2026-03-16;07:00;10;9.62;8.83;6.79;Bueno;19.63;Bueno;6;4.96;4.12;8.25;Bueno;27.50;Bueno;Bueno;Bueno
2026-03-16;08:00;16;10.12;8.83;6.79;Bueno;19.63;Bueno;6;5.08;4.12;8.25;Bueno;27.50;Bueno;Bueno;Bueno
2026-03-16;09:00;14;10.58;8.83;6.79;Bueno;19.63;Bueno;6;5.29;4.12;8.25;Bueno;27.50;Bueno;Bueno;Bueno
2026-03-16;10:00;10;10.75;8.83;6.79;Bueno;19.63;Bueno;3;5.38;4.12;8.25;Bueno;27.50;Bueno;Bueno;Bueno
2026-03-16;11:00;9;10.92;8.83;6.79;Bueno;19.63;Bueno;5;5.42;4.12;8.25;Bueno;27.50;Bueno;Bueno;Bueno
2026-03-16;12:00;9;10.88;8.83;6.79;Bueno;19.63;Bueno;5;5.25;4.12;8.25;Bueno;27.50;Bueno;Bueno;Bueno
2026-03-16;13:00;8;10.96;8.83;6.79;Bueno;19.63;Bueno;3;5.17;4.12;8.25;Bueno;27.50;Bueno;Bueno;Bueno
2026-03-16;14:00;11;11.21;8.83;6.79;Bueno;19.63;Bueno;2;5.17;4.12;8.25;Bueno;27.50;Bueno;Bueno;Bueno
2026-03-16;15:00;11;11.33;8.83;6.79;Bueno;19.63;Bueno;4;5.17;4.12;8.25;Bueno;27.50;Bueno;Bueno;Bueno
2026-03-16;16:00;9;11.38;8.83;6.79;Bueno;19.63;Bueno;5;5.25;4.12;8.25;Bueno;27.50;Bueno;Bueno;Bueno
2026-03-16;17:00;7;11.12;8.83;6.79;Bueno;19.63;Bueno;4;5.12;4.12;8.25;Bueno;27.50;Bueno;Bueno;Bueno
2026-03-16;18:00;5;10.75;8.83;6.79;Bueno;19.63;Bueno;3;4.96;4.12;8.25;Bueno;27.50;Bueno;Bueno;Bueno
2026-03-16;19:00;6;10.21;8.83;6.79;Bueno;19.63;Bueno;5;4.71;4.12;8.25;Bueno;27.50;Bueno;Bueno;Bueno
2026-03-16;20:00;6;9.62;8.83;6.79;Bueno;19.63;Bueno;5;4.46;4.12;8.25;Bueno;27.50;Bueno;Bueno;Bueno
2026-03-16;21:00;8;9.33;8.83;6.79;Bueno;19.63;Bueno;5;4.21;4.12;8.25;Bueno;27.50;Bueno;Bueno;Bueno
2026-03-16;22:00;6;9.08;8.83;6.79;Bueno;19.63;Bueno;5;4.12;4.12;8.25;Bueno;27.50;Bueno;Bueno;Bueno
2026-03-16;23:00;5;8.83;8.83;6.79;Bueno;19.63;Bueno;4;4.12;4.12;8.25;Bueno;27.50;Bueno;Bueno;Bueno
2026-03-17;00:00;4;8.62;20.42;15.71;Bueno;45.37;Bueno;2;4.08;9.62;19.25;Bueno;64.17;Bueno;Bueno;Bueno
2026-03-17;01:00;6;8.50;20.42;15.71;Bueno;45.37;Bueno;1;3.92;9.62;19.25;Bueno;64.17;Bueno;Bueno;Bueno
2026-03-17;02:00;7;8.46;20.42;15.71;Bueno;45.37;Bueno;1;3.79;9.62;19.25;Bueno;64.17;Bueno;Bueno;Bueno
2026-03-17;03:00;6;8.33;20.42;15.71;Bueno;45.37;Bueno;2;3.71;9.62;19.25;Bueno;64.17;Bueno;Bueno;Bueno
2026-03-17;04:00;6;8.04;20.42;15.71;Bueno;45.37;Bueno;4;3.75;9.62;19.25;Bueno;64.17;Bueno;Bueno;Bueno
2026-03-17;05:00;18;8.46;20.42;15.71;Bueno;45.37;Bueno;5;3.92;9.62;19.25;Bueno;64.17;Bueno;Bueno;Bueno
2026-03-17;06:00;45;10.08;20.42;15.71;Bueno;45.37;Bueno;26;4.88;9.62;19.25;Bueno;64.17;Bueno;Bueno;Bueno
2026-03-17;07:00;65;12.38;20.42;15.71;Bueno;45.37;Bueno;46;6.54;9.62;19.25;Bueno;64.17;Bueno;Bueno;Bueno
2026-03-17;08:00;28;12.88;20.42;15.71;Bueno;45.37;Bueno;19;7.08;9.62;19.25;Bueno;64.17;Bueno;Bueno;Bueno
2026-03-17;09:00;16;12.96;20.42;15.71;Bueno;45.37;Bueno;11;7.29;9.62;19.25;Bueno;64.17;Bueno;Bueno;Bueno
2026-03-17;10:00;16;13.21;20.42;15.71;Bueno;45.37;Bueno;10;7.58;9.62;19.25;Bueno;64.17;Bueno;Bueno;Bueno
2026-03-17;11:00;17;13.54;20.42;15.71;Bueno;45.37;Bueno;6;7.62;9.62;19.25;Bueno;64.17;Bueno;Bueno;Bueno
2026-03-17;12:00;16;13.83;20.42;15.71;Bueno;45.37;Bueno;2;7.50;9.62;19.25;Bueno;64.17;Bueno;Bueno;Bueno
2026-03-17;13:00;13;14.04;20.42;15.71;Bueno;45.37;Bueno;2;7.46;9.62;19.25;Bueno;64.17;Bueno;Bueno;Bueno
2026-03-17;14:00;12;14.08;20.42;15.71;Bueno;45.37;Bueno;2;7.46;9.62;19.25;Bueno;64.17;Bueno;Bueno;Bueno
2026-03-17;15:00;10;14.04;20.42;15.71;Bueno;45.37;Bueno;4;7.46;9.62;19.25;Bueno;64.17;Bueno;Bueno;Bueno
2026-03-17;16:00;16;14.33;20.42;15.71;Bueno;45.37;Bueno;3;7.38;9.62;19.25;Bueno;64.17;Bueno;Bueno;Bueno
2026-03-17;17:00;11;14.50;20.42;15.71;Bueno;45.37;Bueno;5;7.42;9.62;19.25;Bueno;64.17;Bueno;Bueno;Bueno
2026-03-17;18:00;32;15.62;20.42;15.71;Bueno;45.37;Bueno;11;7.75;9.62;19.25;Bueno;64.17;Bueno;Bueno;Bueno
2026-03-17;19:00;44;17.21;20.42;15.71;Bueno;45.37;Bueno;16;8.21;9.62;19.25;Bueno;64.17;Bueno;Bueno;Bueno
2026-03-17;20:00;36;18.46;20.42;15.71;Bueno;45.37;Bueno;15;8.62;9.62;19.25;Bueno;64.17;Bueno;Bueno;Bueno
2026-03-17;21:00;29;19.33;20.42;15.71;Bueno;45.37;Bueno;14;9.00;9.62;19.25;Bueno;64.17;Bueno;Bueno;Bueno
2026-03-17;22:00;21;19.96;20.42;15.71;Bueno;45.37;Bueno;14;9.38;9.62;19.25;Bueno;64.17;Bueno;Bueno;Bueno
2026-03-17;23:00;16;20.42;20.42;15.71;Bueno;45.37;Bueno;10;9.62;9.62;19.25;Bueno;64.17;Bueno;Bueno;Bueno
2026-03-18;00:00;17;20.96;20.83;16.03;Bueno;46.30;Bueno;9;9.92;7.96;15.92;Bueno;53.06;Bueno;Bueno;Bueno
2026-03-18;01:00;18;21.46;20.83;16.03;Bueno;46.30;Bueno;8;10.21;7.96;15.92;Bueno;53.06;Bueno;Bueno;Bueno
2026-03-18;02:00;17;21.88;20.83;16.03;Bueno;46.30;Bueno;12;10.67;7.96;15.92;Bueno;53.06;Bueno;Bueno;Bueno
2026-03-18;03:00;16;22.29;20.83;16.03;Bueno;46.30;Bueno;15;11.21;7.96;15.92;Bueno;53.06;Bueno;Bueno;Bueno
2026-03-18;04:00;16;22.71;20.83;16.03;Bueno;46.30;Bueno;8;11.38;7.96;15.92;Bueno;53.06;Bueno;Bueno;Bueno
2026-03-18;05:00;24;22.96;20.83;16.03;Bueno;46.30;Bueno;9;11.54;7.96;15.92;Bueno;53.06;Bueno;Bueno;Bueno
2026-03-18;06:00;61;23.62;20.83;16.03;Bueno;46.30;Bueno;21;11.33;7.96;15.92;Bueno;53.06;Bueno;Bueno;Bueno
2026-03-18;07:00;45;22.79;20.83;16.03;Bueno;46.30;Bueno;15;10.04;7.96;15.92;Bueno;53.06;Bueno;Bueno;Bueno
2026-03-18;08:00;20;22.46;20.83;16.03;Bueno;46.30;Bueno;8;9.58;7.96;15.92;Bueno;53.06;Bueno;Bueno;Bueno
2026-03-18;09:00;19;22.58;20.83;16.03;Bueno;46.30;Bueno;8;9.46;7.96;15.92;Bueno;53.06;Bueno;Bueno;Bueno
2026-03-18;10:00;28;23.08;20.83;16.03;Bueno;46.30;Bueno;10;9.46;7.96;15.92;Bueno;53.06;Bueno;Bueno;Bueno
2026-03-18;11:00;14;22.96;20.83;16.03;Bueno;46.30;Bueno;9;9.58;7.96;15.92;Bueno;53.06;Bueno;Bueno;Bueno
2026-03-18;12:00;15;22.92;20.83;16.03;Bueno;46.30;Bueno;7;9.79;7.96;15.92;Bueno;53.06;Bueno;Bueno;Bueno
2026-03-18;13:00;14;22.96;20.83;16.03;Bueno;46.30;Bueno;5;9.92;7.96;15.92;Bueno;53.06;Bueno;Bueno;Bueno
2026-03-18;14:00;13;23.00;20.83;16.03;Bueno;46.30;Bueno;5;10.04;7.96;15.92;Bueno;53.06;Bueno;Bueno;Bueno
2026-03-18;15:00;9;22.96;20.83;16.03;Bueno;46.30;Bueno;4;10.04;7.96;15.92;Bueno;53.06;Bueno;Bueno;Bueno
2026-03-18;16:00;19;23.08;20.83;16.03;Bueno;46.30;Bueno;4;10.08;7.96;15.92;Bueno;53.06;Bueno;Bueno;Bueno
2026-03-18;17:00;21;23.50;20.83;16.03;Bueno;46.30;Bueno;3;10.00;7.96;15.92;Bueno;53.06;Bueno;Bueno;Bueno
2026-03-18;18:00;17;22.88;20.83;16.03;Bueno;46.30;Bueno;5;9.75;7.96;15.92;Bueno;53.06;Bueno;Bueno;Bueno
2026-03-18;19:00;22;21.96;20.83;16.03;Bueno;46.30;Bueno;6;9.33;7.96;15.92;Bueno;53.06;Bueno;Bueno;Bueno
2026-03-18;20:00;18;21.21;20.83;16.03;Bueno;46.30;Bueno;4;8.88;7.96;15.92;Bueno;53.06;Bueno;Bueno;Bueno
2026-03-18;21:00;22;20.92;20.83;16.03;Bueno;46.30;Bueno;6;8.54;7.96;15.92;Bueno;53.06;Bueno;Bueno;Bueno
2026-03-18;22:00;18;20.79;20.83;16.03;Bueno;46.30;Bueno;6;8.21;7.96;15.92;Bueno;53.06;Bueno;Bueno;Bueno
2026-03-18;23:00;17;20.83;20.83;16.03;Bueno;46.30;Bueno;4;7.96;7.96;15.92;Bueno;53.06;Bueno;Bueno;Bueno
2026-03-19;00:00;12;20.62;11.92;9.17;Bueno;26.48;Bueno;6;7.83;6.83;13.67;Bueno;45.56;Bueno;Bueno;Bueno
2026-03-19;01:00;8;20.21;11.92;9.17;Bueno;26.48;Bueno;7;7.79;6.83;13.67;Bueno;45.56;Bueno;Bueno;Bueno
2026-03-19;02:00;9;19.88;11.92;9.17;Bueno;26.48;Bueno;6;7.54;6.83;13.67;Bueno;45.56;Bueno;Bueno;Bueno
2026-03-19;03:00;11;19.67;11.92;9.17;Bueno;26.48;Bueno;4;7.08;6.83;13.67;Bueno;45.56;Bueno;Bueno;Bueno
2026-03-19;04:00;8;19.33;11.92;9.17;Bueno;26.48;Bueno;6;7.00;6.83;13.67;Bueno;45.56;Bueno;Bueno;Bueno
2026-03-19;05:00;11;18.79;11.92;9.17;Bueno;26.48;Bueno;3;6.75;6.83;13.67;Bueno;45.56;Bueno;Bueno;Bueno
2026-03-19;06:00;7;16.54;11.92;9.17;Bueno;26.48;Bueno;1;5.92;6.83;13.67;Bueno;45.56;Bueno;Bueno;Bueno
2026-03-19;07:00;5;14.88;11.92;9.17;Bueno;26.48;Bueno;2;5.38;6.83;13.67;Bueno;45.56;Bueno;Bueno;Bueno
2026-03-19;08:00;6;14.29;11.92;9.17;Bueno;26.48;Bueno;2;5.12;6.83;13.67;Bueno;45.56;Bueno;Bueno;Bueno
2026-03-19;09:00;7;13.79;11.92;9.17;Bueno;26.48;Bueno;3;4.92;6.83;13.67;Bueno;45.56;Bueno;Bueno;Bueno
2026-03-19;10:00;8;12.96;11.92;9.17;Bueno;26.48;Bueno;6;4.75;6.83;13.67;Bueno;45.56;Bueno;Bueno;Bueno
2026-03-19;11:00;10;12.79;11.92;9.17;Bueno;26.48;Bueno;4;4.54;6.83;13.67;Bueno;45.56;Bueno;Bueno;Bueno
2026-03-19;12:00;15;12.79;11.92;9.17;Bueno;26.48;Bueno;1;4.29;6.83;13.67;Bueno;45.56;Bueno;Bueno;Bueno
2026-03-19;13:00;12;12.71;11.92;9.17;Bueno;26.48;Bueno;1;4.12;6.83;13.67;Bueno;45.56;Bueno;Bueno;Bueno
2026-03-19;14:00;11;12.62;11.92;9.17;Bueno;26.48;Bueno;4;4.08;6.83;13.67;Bueno;45.56;Bueno;Bueno;Bueno
2026-03-19;15:00;8;12.58;11.92;9.17;Bueno;26.48;Bueno;7;4.21;6.83;13.67;Bueno;45.56;Bueno;Bueno;Bueno
2026-03-19;16:00;10;12.21;11.92;9.17;Bueno;26.48;Bueno;6;4.29;6.83;13.67;Bueno;45.56;Bueno;Bueno;Bueno
2026-03-19;17:00;12;11.83;11.92;9.17;Bueno;26.48;Bueno;6;4.42;6.83;13.67;Bueno;45.56;Bueno;Bueno;Bueno
2026-03-19;18:00;12;11.62;11.92;9.17;Bueno;26.48;Bueno;11;4.67;6.83;13.67;Bueno;45.56;Bueno;Bueno;Bueno
2026-03-19;19:00;21;11.58;11.92;9.17;Bueno;26.48;Bueno;14;5.00;6.83;13.67;Bueno;45.56;Bueno;Bueno;Bueno
2026-03-19;20:00;21;11.71;11.92;9.17;Bueno;26.48;Bueno;12;5.33;6.83;13.67;Bueno;45.56;Bueno;Bueno;Bueno
2026-03-19;21:00;32;12.12;11.92;9.17;Bueno;26.48;Bueno;31;6.38;6.83;13.67;Bueno;45.56;Bueno;Bueno;Bueno
2026-03-19;22:00;23;12.33;11.92;9.17;Bueno;26.48;Bueno;15;6.75;6.83;13.67;Bueno;45.56;Bueno;Bueno;Bueno
2026-03-19;23:00;7;11.92;11.92;9.17;Bueno;26.48;Bueno;6;6.83;6.83;13.67;Bueno;45.56;Bueno;Bueno;Bueno
2026-03-20;00:00;16;12.08;23.62;18.17;Bueno;52.50;Bueno;10;7.00;11.67;23.33;Bueno;77.78;Bueno;Bueno;Bueno
2026-03-20;01:00;14;12.33;23.62;18.17;Bueno;52.50;Bueno;6;6.96;11.67;23.33;Bueno;77.78;Bueno;Bueno;Bueno
2026-03-20;02:00;11;12.42;23.62;18.17;Bueno;52.50;Bueno;4;6.88;11.67;23.33;Bueno;77.78;Bueno;Bueno;Bueno
2026-03-20;03:00;17;12.67;23.62;18.17;Bueno;52.50;Bueno;16;7.38;11.67;23.33;Bueno;77.78;Bueno;Bueno;Bueno
2026-03-20;04:00;14;12.92;23.62;18.17;Bueno;52.50;Bueno;13;7.67;11.67;23.33;Bueno;77.78;Bueno;Bueno;Bueno
2026-03-20;05:00;16;13.12;23.62;18.17;Bueno;52.50;Bueno;9;7.92;11.67;23.33;Bueno;77.78;Bueno;Bueno;Bueno
2026-03-20;06:00;28;14.00;23.62;18.17;Bueno;52.50;Bueno;13;8.42;11.67;23.33;Bueno;77.78;Bueno;Bueno;Bueno
2026-03-20;07:00;27;14.92;23.62;18.17;Bueno;52.50;Bueno;9;8.71;11.67;23.33;Bueno;77.78;Bueno;Bueno;Bueno
2026-03-20;08:00;21;15.54;23.62;18.17;Bueno;52.50;Bueno;5;8.83;11.67;23.33;Bueno;77.78;Bueno;Bueno;Bueno
2026-03-20;09:00;17;15.96;23.62;18.17;Bueno;52.50;Bueno;6;8.96;11.67;23.33;Bueno;77.78;Bueno;Bueno;Bueno
2026-03-20;10:00;21;16.50;23.62;18.17;Bueno;52.50;Bueno;5;8.92;11.67;23.33;Bueno;77.78;Bueno;Bueno;Bueno
2026-03-20;11:00;24;17.08;23.62;18.17;Bueno;52.50;Bueno;5;8.96;11.67;23.33;Bueno;77.78;Bueno;Bueno;Bueno
2026-03-20;12:00;14;17.04;23.62;18.17;Bueno;52.50;Bueno;3;9.04;11.67;23.33;Bueno;77.78;Bueno;Bueno;Bueno
2026-03-20;13:00;9;16.92;23.62;18.17;Bueno;52.50;Bueno;3;9.12;11.67;23.33;Bueno;77.78;Bueno;Bueno;Bueno
2026-03-20;14:00;9;16.83;23.62;18.17;Bueno;52.50;Bueno;3;9.08;11.67;23.33;Bueno;77.78;Bueno;Bueno;Bueno
2026-03-20;15:00;10;16.92;23.62;18.17;Bueno;52.50;Bueno;4;8.96;11.67;23.33;Bueno;77.78;Bueno;Bueno;Bueno
2026-03-20;16:00;11;16.96;23.62;18.17;Bueno;52.50;Bueno;7;9.00;11.67;23.33;Bueno;77.78;Bueno;Bueno;Bueno
2026-03-20;17:00;18;17.21;23.62;18.17;Bueno;52.50;Bueno;8;9.08;11.67;23.33;Bueno;77.78;Bueno;Bueno;Bueno
2026-03-20;18:00;22;17.62;23.62;18.17;Bueno;52.50;Bueno;10;9.04;11.67;23.33;Bueno;77.78;Bueno;Bueno;Bueno
2026-03-20;19:00;43;18.54;23.62;18.17;Bueno;52.50;Bueno;16;9.12;11.67;23.33;Bueno;77.78;Bueno;Bueno;Bueno
2026-03-20;20:00;62;20.25;23.62;18.17;Bueno;52.50;Bueno;36;10.12;11.67;23.33;Bueno;77.78;Bueno;Bueno;Bueno
2026-03-20;21:00;87;22.54;23.62;18.17;Bueno;52.50;Bueno;54;11.08;11.67;23.33;Bueno;77.78;Bueno;Bueno;Bueno
2026-03-20;22:00;38;23.17;23.62;18.17;Bueno;52.50;Bueno;21;11.33;11.67;23.33;Bueno;77.78;Bueno;Bueno;Bueno
2026-03-20;23:00;18;23.62;23.62;18.17;Bueno;52.50;Bueno;14;11.67;11.67;23.33;Bueno;77.78;Bueno;Bueno;Bueno
2026-03-21;00:00;10;23.38;11.17;8.59;Bueno;24.81;Bueno;9;11.62;7.00;14.00;Bueno;46.67;Bueno;Bueno;Bueno
2026-03-21;01:00;6;23.04;11.17;8.59;Bueno;24.81;Bueno;5;11.58;7.00;14.00;Bueno;46.67;Bueno;Bueno;Bueno
2026-03-21;02:00;6;22.83;11.17;8.59;Bueno;24.81;Bueno;1;11.46;7.00;14.00;Bueno;46.67;Bueno;Bueno;Bueno
2026-03-21;03:00;7;22.42;11.17;8.59;Bueno;24.81;Bueno;2;10.88;7.00;14.00;Bueno;46.67;Bueno;Bueno;Bueno
2026-03-21;04:00;7;22.12;11.17;8.59;Bueno;24.81;Bueno;1;10.38;7.00;14.00;Bueno;46.67;Bueno;Bueno;Bueno
2026-03-21;05:00;8;21.79;11.17;8.59;Bueno;24.81;Bueno;1;10.04;7.00;14.00;Bueno;46.67;Bueno;Bueno;Bueno
2026-03-21;06:00;8;20.96;11.17;8.59;Bueno;24.81;Bueno;4;9.67;7.00;14.00;Bueno;46.67;Bueno;Bueno;Bueno
2026-03-21;07:00;10;20.25;11.17;8.59;Bueno;24.81;Bueno;6;9.54;7.00;14.00;Bueno;46.67;Bueno;Bueno;Bueno
2026-03-21;08:00;13;19.92;11.17;8.59;Bueno;24.81;Bueno;4;9.50;7.00;14.00;Bueno;46.67;Bueno;Bueno;Bueno
2026-03-21;09:00;9;19.58;11.17;8.59;Bueno;24.81;Bueno;8;9.58;7.00;14.00;Bueno;46.67;Bueno;Bueno;Bueno
2026-03-21;10:00;9;19.08;11.17;8.59;Bueno;24.81;Bueno;6;9.62;7.00;14.00;Bueno;46.67;Bueno;Bueno;Bueno
2026-03-21;11:00;11;18.54;11.17;8.59;Bueno;24.81;Bueno;7;9.71;7.00;14.00;Bueno;46.67;Bueno;Bueno;Bueno
2026-03-21;12:00;16;18.62;11.17;8.59;Bueno;24.81;Bueno;6;9.83;7.00;14.00;Bueno;46.67;Bueno;Bueno;Bueno
2026-03-21;13:00;15;18.88;11.17;8.59;Bueno;24.81;Bueno;5;9.92;7.00;14.00;Bueno;46.67;Bueno;Bueno;Bueno
2026-03-21;14:00;13;19.04;11.17;8.59;Bueno;24.81;Bueno;6;10.04;7.00;14.00;Bueno;46.67;Bueno;Bueno;Bueno
2026-03-21;15:00;16;19.29;11.17;8.59;Bueno;24.81;Bueno;9;10.25;7.00;14.00;Bueno;46.67;Bueno;Bueno;Bueno
2026-03-21;16:00;15;19.46;11.17;8.59;Bueno;24.81;Bueno;14;10.54;7.00;14.00;Bueno;46.67;Bueno;Bueno;Bueno
2026-03-21;17:00;10;19.12;11.17;8.59;Bueno;24.81;Bueno;8;10.54;7.00;14.00;Bueno;46.67;Bueno;Bueno;Bueno
2026-03-21;18:00;23;19.17;11.17;8.59;Bueno;24.81;Bueno;17;10.83;7.00;14.00;Bueno;46.67;Bueno;Bueno;Bueno
2026-03-21;19:00;16;18.04;11.17;8.59;Bueno;24.81;Bueno;13;10.71;7.00;14.00;Bueno;46.67;Bueno;Bueno;Bueno
2026-03-21;20:00;13;16.00;11.17;8.59;Bueno;24.81;Bueno;12;9.71;7.00;14.00;Bueno;46.67;Bueno;Bueno;Bueno
2026-03-21;21:00;9;12.75;11.17;8.59;Bueno;24.81;Bueno;8;7.79;7.00;14.00;Bueno;46.67;Bueno;Bueno;Bueno
2026-03-21;22:00;10;11.58;11.17;8.59;Bueno;24.81;Bueno;9;7.29;7.00;14.00;Bueno;46.67;Bueno;Bueno;Bueno
2026-03-21;23:00;8;11.17;11.17;8.59;Bueno;24.81;Bueno;7;7.00;7.00;14.00;Bueno;46.67;Bueno;Bueno;Bueno
2026-03-22;00:00;6;11.00;12.29;9.46;Bueno;27.31;Bueno;4;6.79;6.88;13.75;Bueno;45.83;Bueno;Bueno;Bueno
2026-03-22;01:00;5;10.96;12.29;9.46;Bueno;27.31;Bueno;1;6.62;6.88;13.75;Bueno;45.83;Bueno;Bueno;Bueno
2026-03-22;02:00;5;10.92;12.29;9.46;Bueno;27.31;Bueno;1;6.62;6.88;13.75;Bueno;45.83;Bueno;Bueno;Bueno
2026-03-22;03:00;3;10.75;12.29;9.46;Bueno;27.31;Bueno;1;6.58;6.88;13.75;Bueno;45.83;Bueno;Bueno;Bueno
2026-03-22;04:00;2;10.54;12.29;9.46;Bueno;27.31;Bueno;1;6.58;6.88;13.75;Bueno;45.83;Bueno;Bueno;Bueno
2026-03-22;05:00;2;10.29;12.29;9.46;Bueno;27.31;Bueno;1;6.58;6.88;13.75;Bueno;45.83;Bueno;Bueno;Bueno
2026-03-22;06:00;6;10.21;12.29;9.46;Bueno;27.31;Bueno;2;6.50;6.88;13.75;Bueno;45.83;Bueno;Bueno;Bueno
2026-03-22;07:00;14;10.38;12.29;9.46;Bueno;27.31;Bueno;9;6.62;6.88;13.75;Bueno;45.83;Bueno;Bueno;Bueno
2026-03-22;08:00;10;10.25;12.29;9.46;Bueno;27.31;Bueno;8;6.79;6.88;13.75;Bueno;45.83;Bueno;Bueno;Bueno
2026-03-22;09:00;13;10.42;12.29;9.46;Bueno;27.31;Bueno;8;6.79;6.88;13.75;Bueno;45.83;Bueno;Bueno;Bueno
2026-03-22;10:00;16;10.71;12.29;9.46;Bueno;27.31;Bueno;8;6.88;6.88;13.75;Bueno;45.83;Bueno;Bueno;Bueno
2026-03-22;11:00;13;10.79;12.29;9.46;Bueno;27.31;Bueno;6;6.83;6.88;13.75;Bueno;45.83;Bueno;Bueno;Bueno
2026-03-22;12:00;11;10.58;12.29;9.46;Bueno;27.31;Bueno;6;6.83;6.88;13.75;Bueno;45.83;Bueno;Bueno;Bueno
2026-03-22;13:00;9;10.33;12.29;9.46;Bueno;27.31;Bueno;4;6.79;6.88;13.75;Bueno;45.83;Bueno;Bueno;Bueno
2026-03-22;14:00;8;10.12;12.29;9.46;Bueno;27.31;Bueno;7;6.83;6.88;13.75;Bueno;45.83;Bueno;Bueno;Bueno
2026-03-22;15:00;15;10.08;12.29;9.46;Bueno;27.31;Bueno;7;6.75;6.88;13.75;Bueno;45.83;Bueno;Bueno;Bueno
2026-03-22;16:00;12;9.96;12.29;9.46;Bueno;27.31;Bueno;4;6.33;6.88;13.75;Bueno;45.83;Bueno;Bueno;Bueno
2026-03-22;17:00;10;9.96;12.29;9.46;Bueno;27.31;Bueno;5;6.21;6.88;13.75;Bueno;45.83;Bueno;Bueno;Bueno
2026-03-22;18:00;18;9.75;12.29;9.46;Bueno;27.31;Bueno;10;5.92;6.88;13.75;Bueno;45.83;Bueno;Bueno;Bueno
2026-03-22;19:00;23;10.04;12.29;9.46;Bueno;27.31;Bueno;12;5.88;6.88;13.75;Bueno;45.83;Bueno;Bueno;Bueno
2026-03-22;20:00;25;10.54;12.29;9.46;Bueno;27.31;Bueno;17;6.08;6.88;13.75;Bueno;45.83;Bueno;Bueno;Bueno
2026-03-22;21:00;25;11.21;12.29;9.46;Bueno;27.31;Bueno;15;6.38;6.88;13.75;Bueno;45.83;Bueno;Bueno;Bueno
2026-03-22;22:00;21;11.67;12.29;9.46;Bueno;27.31;Bueno;14;6.58;6.88;13.75;Bueno;45.83;Bueno;Bueno;Bueno
2026-03-22;23:00;23;12.29;12.29;9.46;Bueno;27.31;Bueno;14;6.88;6.88;13.75;Bueno;45.83;Bueno;Bueno;Bueno
2026-03-23;00:00;22;12.96;22.58;17.37;Bueno;50.19;Bueno;14;7.29;11.96;23.92;Bueno;79.72;Bueno;Bueno;Bueno
2026-03-23;01:00;16;13.42;22.58;17.37;Bueno;50.19;Bueno;9;7.62;11.96;23.92;Bueno;79.72;Bueno;Bueno;Bueno
2026-03-23;02:00;15;13.83;22.58;17.37;Bueno;50.19;Bueno;13;8.12;11.96;23.92;Bueno;79.72;Bueno;Bueno;Bueno
2026-03-23;03:00;12;14.21;22.58;17.37;Bueno;50.19;Bueno;11;8.54;11.96;23.92;Bueno;79.72;Bueno;Bueno;Bueno
2026-03-23;04:00;15;14.75;22.58;17.37;Bueno;50.19;Bueno;8;8.83;11.96;23.92;Bueno;79.72;Bueno;Bueno;Bueno
2026-03-23;05:00;14;15.25;22.58;17.37;Bueno;50.19;Bueno;10;9.21;11.96;23.92;Bueno;79.72;Bueno;Bueno;Bueno
2026-03-23;06:00;48;17.00;22.58;17.37;Bueno;50.19;Bueno;21;10.00;11.96;23.92;Bueno;79.72;Bueno;Bueno;Bueno
2026-03-23;07:00;41;18.12;22.58;17.37;Bueno;50.19;Bueno;14;10.21;11.96;23.92;Bueno;79.72;Bueno;Bueno;Bueno
2026-03-23;08:00;21;18.58;22.58;17.37;Bueno;50.19;Bueno;11;10.33;11.96;23.92;Bueno;79.72;Bueno;Bueno;Bueno
2026-03-23;09:00;17;18.75;22.58;17.37;Bueno;50.19;Bueno;6;10.25;11.96;23.92;Bueno;79.72;Bueno;Bueno;Bueno
2026-03-23;10:00;10;18.50;22.58;17.37;Bueno;50.19;Bueno;3;10.04;11.96;23.92;Bueno;79.72;Bueno;Bueno;Bueno
2026-03-23;11:00;9;18.33;22.58;17.37;Bueno;50.19;Bueno;2;9.88;11.96;23.92;Bueno;79.72;Bueno;Bueno;Bueno
2026-03-23;12:00;7;18.17;22.58;17.37;Bueno;50.19;Bueno;2;9.71;11.96;23.92;Bueno;79.72;Bueno;Bueno;Bueno
2026-03-23;13:00;8;18.12;22.58;17.37;Bueno;50.19;Bueno;1;9.58;11.96;23.92;Bueno;79.72;Bueno;Bueno;Bueno
2026-03-23;14:00;19;18.58;22.58;17.37;Bueno;50.19;Bueno;17;10.00;11.96;23.92;Bueno;79.72;Bueno;Bueno;Bueno
2026-03-23;15:00;12;18.46;22.58;17.37;Bueno;50.19;Bueno;6;9.96;11.96;23.92;Bueno;79.72;Bueno;Bueno;Bueno
2026-03-23;16:00;12;18.46;22.58;17.37;Bueno;50.19;Bueno;7;10.08;11.96;23.92;Bueno;79.72;Bueno;Bueno;Bueno
2026-03-23;17:00;19;18.83;22.58;17.37;Bueno;50.19;Bueno;4;10.04;11.96;23.92;Bueno;79.72;Bueno;Bueno;Bueno
2026-03-23;18:00;29;19.29;22.58;17.37;Bueno;50.19;Bueno;11;10.08;11.96;23.92;Bueno;79.72;Bueno;Bueno;Bueno
2026-03-23;19:00;44;20.17;22.58;17.37;Bueno;50.19;Bueno;23;10.54;11.96;23.92;Bueno;79.72;Bueno;Bueno;Bueno
2026-03-23;20:00;36;20.62;22.58;17.37;Bueno;50.19;Bueno;18;10.58;11.96;23.92;Bueno;79.72;Bueno;Bueno;Bueno
2026-03-23;21:00;50;21.67;22.58;17.37;Bueno;50.19;Bueno;37;11.50;11.96;23.92;Bueno;79.72;Bueno;Bueno;Bueno
2026-03-23;22:00;32;22.12;22.58;17.37;Bueno;50.19;Bueno;22;11.83;11.96;23.92;Bueno;79.72;Bueno;Bueno;Bueno
2026-03-23;23:00;34;22.58;22.58;17.37;Bueno;50.19;Bueno;17;11.96;11.96;23.92;Bueno;79.72;Bueno;Bueno;Bueno
2026-03-24;00:00;37;23.21;31.67;24.36;Bueno;70.37;Bueno;27;12.50;19.54;39.08;Bueno;109.82;Regular;Bueno;Regular
2026-03-24;01:00;43;24.33;31.67;24.36;Bueno;70.37;Bueno;36;13.62;19.54;39.08;Bueno;109.82;Regular;Bueno;Regular
2026-03-24;02:00;27;24.83;31.67;24.36;Bueno;70.37;Bueno;18;13.83;19.54;39.08;Bueno;109.82;Regular;Bueno;Regular
2026-03-24;03:00;32;25.67;31.67;24.36;Bueno;70.37;Bueno;19;14.17;19.54;39.08;Bueno;109.82;Regular;Bueno;Regular
2026-03-24;04:00;23;26.00;31.67;24.36;Bueno;70.37;Bueno;16;14.50;19.54;39.08;Bueno;109.82;Regular;Bueno;Regular
2026-03-24;05:00;23;26.38;31.67;24.36;Bueno;70.37;Bueno;13;14.62;19.54;39.08;Bueno;109.82;Regular;Bueno;Regular
2026-03-24;06:00;53;26.58;31.67;24.36;Bueno;70.37;Bueno;20;14.58;19.54;39.08;Bueno;109.82;Regular;Bueno;Regular
2026-03-24;07:00;33;26.25;31.67;24.36;Bueno;70.37;Bueno;17;14.71;19.54;39.08;Bueno;109.82;Regular;Bueno;Regular
2026-03-24;08:00;14;25.96;31.67;24.36;Bueno;70.37;Bueno;9;14.62;19.54;39.08;Bueno;109.82;Regular;Bueno;Regular
2026-03-24;09:00;8;25.58;31.67;24.36;Bueno;70.37;Bueno;7;14.67;19.54;39.08;Bueno;109.82;Regular;Bueno;Regular
2026-03-24;10:00;12;25.67;31.67;24.36;Bueno;70.37;Bueno;8;14.88;19.54;39.08;Bueno;109.82;Regular;Bueno;Regular
2026-03-24;11:00;16;25.96;31.67;24.36;Bueno;70.37;Bueno;6;15.04;19.54;39.08;Bueno;109.82;Regular;Bueno;Regular
2026-03-24;12:00;19;26.46;31.67;24.36;Bueno;70.37;Bueno;4;15.12;19.54;39.08;Bueno;109.82;Regular;Bueno;Regular
2026-03-24;13:00;29;27.33;31.67;24.36;Bueno;70.37;Bueno;11;15.54;19.54;39.08;Bueno;109.82;Regular;Bueno;Regular
2026-03-24;14:00;21;27.42;31.67;24.36;Bueno;70.37;Bueno;10;15.25;19.54;39.08;Bueno;109.82;Regular;Bueno;Regular
2026-03-24;15:00;38;28.50;31.67;24.36;Bueno;70.37;Bueno;22;15.92;19.54;39.08;Bueno;109.82;Regular;Bueno;Regular
2026-03-24;16:00;63;30.62;31.67;24.36;Bueno;70.37;Bueno;41;17.33;19.54;39.08;Bueno;109.82;Regular;Bueno;Regular
2026-03-24;17:00;47;31.79;31.67;24.36;Bueno;70.37;Bueno;33;18.54;19.54;39.08;Bueno;109.82;Regular;Bueno;Regular
2026-03-24;18:00;51;32.71;31.67;24.36;Bueno;70.37;Bueno;33;19.46;19.54;39.08;Bueno;109.82;Regular;Bueno;Regular
2026-03-24;19:00;42;32.62;31.67;24.36;Bueno;70.37;Bueno;27;19.62;19.54;39.08;Bueno;109.82;Regular;Bueno;Regular
2026-03-24;20:00;41;32.83;31.67;24.36;Bueno;70.37;Bueno;27;20.00;19.54;39.08;Bueno;109.82;Regular;Bueno;Regular
2026-03-24;21:00;45;32.62;31.67;24.36;Bueno;70.37;Bueno;38;20.04;19.54;39.08;Bueno;109.82;Regular;Bueno;Regular
2026-03-24;22:00;22;32.21;31.67;24.36;Bueno;70.37;Bueno;14;19.71;19.54;39.08;Bueno;109.82;Regular;Bueno;Regular
2026-03-24;23:00;21;31.67;31.67;24.36;Bueno;70.37;Bueno;13;19.54;19.54;39.08;Bueno;109.82;Regular;Bueno;Regular
2026-03-25;00:00;16;30.79;19.75;15.19;Bueno;43.89;Bueno;13;18.96;10.25;20.50;Bueno;68.33;Bueno;Bueno;Bueno
2026-03-25;01:00;14;29.58;19.75;15.19;Bueno;43.89;Bueno;12;17.96;10.25;20.50;Bueno;68.33;Bueno;Bueno;Bueno
2026-03-25;02:00;10;28.88;19.75;15.19;Bueno;43.89;Bueno;8;17.54;10.25;20.50;Bueno;68.33;Bueno;Bueno;Bueno
2026-03-25;03:00;10;27.96;19.75;15.19;Bueno;43.89;Bueno;8;17.08;10.25;20.50;Bueno;68.33;Bueno;Bueno;Bueno
2026-03-25;04:00;12;27.50;19.75;15.19;Bueno;43.89;Bueno;5;16.62;10.25;20.50;Bueno;68.33;Bueno;Bueno;Bueno
2026-03-25;05:00;19;27.33;19.75;15.19;Bueno;43.89;Bueno;8;16.42;10.25;20.50;Bueno;68.33;Bueno;Bueno;Bueno
2026-03-25;06:00;21;26.00;19.75;15.19;Bueno;43.89;Bueno;8;15.92;10.25;20.50;Bueno;68.33;Bueno;Bueno;Bueno
2026-03-25;07:00;20;25.46;19.75;15.19;Bueno;43.89;Bueno;9;15.58;10.25;20.50;Bueno;68.33;Bueno;Bueno;Bueno
2026-03-25;08:00;17;25.58;19.75;15.19;Bueno;43.89;Bueno;8;15.54;10.25;20.50;Bueno;68.33;Bueno;Bueno;Bueno
2026-03-25;09:00;18;26.00;19.75;15.19;Bueno;43.89;Bueno;7;15.54;10.25;20.50;Bueno;68.33;Bueno;Bueno;Bueno
2026-03-25;10:00;17;26.21;19.75;15.19;Bueno;43.89;Bueno;8;15.54;10.25;20.50;Bueno;68.33;Bueno;Bueno;Bueno
2026-03-25;11:00;20;26.38;19.75;15.19;Bueno;43.89;Bueno;5;15.50;10.25;20.50;Bueno;68.33;Bueno;Bueno;Bueno
2026-03-25;12:00;21;26.46;19.75;15.19;Bueno;43.89;Bueno;6;15.58;10.25;20.50;Bueno;68.33;Bueno;Bueno;Bueno
2026-03-25;13:00;16;25.92;19.75;15.19;Bueno;43.89;Bueno;8;15.46;10.25;20.50;Bueno;68.33;Bueno;Bueno;Bueno
2026-03-25;14:00;19;25.83;19.75;15.19;Bueno;43.89;Bueno;8;15.38;10.25;20.50;Bueno;68.33;Bueno;Bueno;Bueno
2026-03-25;15:00;20;25.08;19.75;15.19;Bueno;43.89;Bueno;6;14.71;10.25;20.50;Bueno;68.33;Bueno;Bueno;Bueno
2026-03-25;16:00;26;23.54;19.75;15.19;Bueno;43.89;Bueno;13;13.54;10.25;20.50;Bueno;68.33;Bueno;Bueno;Bueno
2026-03-25;17:00;32;22.92;19.75;15.19;Bueno;43.89;Bueno;16;12.83;10.25;20.50;Bueno;68.33;Bueno;Bueno;Bueno
2026-03-25;18:00;40;22.46;19.75;15.19;Bueno;43.89;Bueno;26;12.54;10.25;20.50;Bueno;68.33;Bueno;Bueno;Bueno
2026-03-25;19:00;33;22.08;19.75;15.19;Bueno;43.89;Bueno;26;12.50;10.25;20.50;Bueno;68.33;Bueno;Bueno;Bueno
2026-03-25;20:00;24;21.38;19.75;15.19;Bueno;43.89;Bueno;11;11.83;10.25;20.50;Bueno;68.33;Bueno;Bueno;Bueno
2026-03-25;21:00;23;20.46;19.75;15.19;Bueno;43.89;Bueno;14;10.83;10.25;20.50;Bueno;68.33;Bueno;Bueno;Bueno
2026-03-25;22:00;14;20.12;19.75;15.19;Bueno;43.89;Bueno;9;10.62;10.25;20.50;Bueno;68.33;Bueno;Bueno;Bueno
2026-03-25;23:00;12;19.75;19.75;15.19;Bueno;43.89;Bueno;4;10.25;10.25;20.50;Bueno;68.33;Bueno;Bueno;Bueno
2026-03-26;00:00;11;19.54;31.83;24.48;Bueno;70.72;Bueno;2;9.79;19.00;38.00;Bueno;108.65;Regular;Bueno;Regular
2026-03-26;01:00;13;19.50;31.83;24.48;Bueno;70.72;Bueno;3;9.42;19.00;38.00;Bueno;108.65;Regular;Bueno;Regular
2026-03-26;02:00;13;19.62;31.83;24.48;Bueno;70.72;Bueno;2;9.17;19.00;38.00;Bueno;108.65;Regular;Bueno;Regular
2026-03-26;03:00;13;19.75;31.83;24.48;Bueno;70.72;Bueno;5;9.04;19.00;38.00;Bueno;108.65;Regular;Bueno;Regular
2026-03-26;04:00;14;19.83;31.83;24.48;Bueno;70.72;Bueno;7;9.12;19.00;38.00;Bueno;108.65;Regular;Bueno;Regular
2026-03-26;05:00;15;19.67;31.83;24.48;Bueno;70.72;Bueno;5;9.00;19.00;38.00;Bueno;108.65;Regular;Bueno;Regular
2026-03-26;06:00;21;19.67;31.83;24.48;Bueno;70.72;Bueno;6;8.92;19.00;38.00;Bueno;108.65;Regular;Bueno;Regular
2026-03-26;07:00;30;20.08;31.83;24.48;Bueno;70.72;Bueno;10;8.96;19.00;38.00;Bueno;108.65;Regular;Bueno;Regular
2026-03-26;08:00;17;20.08;31.83;24.48;Bueno;70.72;Bueno;8;8.96;19.00;38.00;Bueno;108.65;Regular;Bueno;Regular
2026-03-26;09:00;14;19.92;31.83;24.48;Bueno;70.72;Bueno;5;8.88;19.00;38.00;Bueno;108.65;Regular;Bueno;Regular
2026-03-26;10:00;10;19.62;31.83;24.48;Bueno;70.72;Bueno;5;8.75;19.00;38.00;Bueno;108.65;Regular;Bueno;Regular
2026-03-26;11:00;18;19.54;31.83;24.48;Bueno;70.72;Bueno;4;8.71;19.00;38.00;Bueno;108.65;Regular;Bueno;Regular
2026-03-26;12:00;;19.48;31.83;24.48;Bueno;70.72;Bueno;;8.83;19.00;38.00;Bueno;108.65;Regular;Bueno;Regular
2026-03-26;13:00;32;20.17;31.83;24.48;Bueno;70.72;Bueno;3;8.61;19.00;38.00;Bueno;108.65;Regular;Bueno;Regular
2026-03-26;14:00;16;20.04;31.83;24.48;Bueno;70.72;Bueno;2;8.35;19.00;38.00;Bueno;108.65;Regular;Bueno;Regular
2026-03-26;15:00;19;20.00;31.83;24.48;Bueno;70.72;Bueno;4;8.26;19.00;38.00;Bueno;108.65;Regular;Bueno;Regular
2026-03-26;16:00;20;19.74;31.83;24.48;Bueno;70.72;Bueno;11;8.17;19.00;38.00;Bueno;108.65;Regular;Bueno;Regular
2026-03-26;17:00;43;20.22;31.83;24.48;Bueno;70.72;Bueno;20;8.35;19.00;38.00;Bueno;108.65;Regular;Bueno;Regular
2026-03-26;18:00;63;21.22;31.83;24.48;Bueno;70.72;Bueno;34;8.70;19.00;38.00;Bueno;108.65;Regular;Bueno;Regular
2026-03-26;19:00;81;23.30;31.83;24.48;Bueno;70.72;Bueno;62;10.26;19.00;38.00;Bueno;108.65;Regular;Bueno;Regular
2026-03-26;20:00;122;27.57;31.83;24.48;Bueno;70.72;Bueno;108;14.48;19.00;38.00;Bueno;108.65;Regular;Bueno;Regular
2026-03-26;21:00;87;30.35;31.83;24.48;Bueno;70.72;Bueno;83;17.48;19.00;38.00;Bueno;108.65;Regular;Bueno;Regular
2026-03-26;22:00;37;31.35;31.83;24.48;Bueno;70.72;Bueno;33;18.52;19.00;38.00;Bueno;108.65;Regular;Bueno;Regular
2026-03-26;23:00;23;31.83;31.83;24.48;Bueno;70.72;Bueno;15;19.00;19.00;38.00;Bueno;108.65;Regular;Bueno;Regular
2026-03-27;00:00;17;32.09;37.21;28.62;Bueno;82.69;Bueno;9;19.30;22.71;45.42;Bueno;116.69;Regular;Bueno;Regular
2026-03-27;01:00;13;32.09;37.21;28.62;Bueno;82.69;Bueno;5;19.39;22.71;45.42;Bueno;116.69;Regular;Bueno;Regular
2026-03-27;02:00;9;31.91;37.21;28.62;Bueno;82.69;Bueno;5;19.52;22.71;45.42;Bueno;116.69;Regular;Bueno;Regular
2026-03-27;03:00;11;31.83;37.21;28.62;Bueno;82.69;Bueno;6;19.57;22.71;45.42;Bueno;116.69;Regular;Bueno;Regular
2026-03-27;04:00;13;31.78;37.21;28.62;Bueno;82.69;Bueno;6;19.52;22.71;45.42;Bueno;116.69;Regular;Bueno;Regular
2026-03-27;05:00;19;31.96;37.21;28.62;Bueno;82.69;Bueno;15;19.96;22.71;45.42;Bueno;116.69;Regular;Bueno;Regular
2026-03-27;06:00;26;32.17;37.21;28.62;Bueno;82.69;Bueno;12;20.22;22.71;45.42;Bueno;116.69;Regular;Bueno;Regular
2026-03-27;07:00;25;31.96;37.21;28.62;Bueno;82.69;Bueno;11;20.26;22.71;45.42;Bueno;116.69;Regular;Bueno;Regular
2026-03-27;08:00;16;31.91;37.21;28.62;Bueno;82.69;Bueno;7;20.22;22.71;45.42;Bueno;116.69;Regular;Bueno;Regular
2026-03-27;09:00;14;31.91;37.21;28.62;Bueno;82.69;Bueno;7;20.30;22.71;45.42;Bueno;116.69;Regular;Bueno;Regular
2026-03-27;10:00;17;32.22;37.21;28.62;Bueno;82.69;Bueno;6;20.35;22.71;45.42;Bueno;116.69;Regular;Bueno;Regular
2026-03-27;11:00;31;32.78;37.21;28.62;Bueno;82.69;Bueno;10;20.61;22.71;45.42;Bueno;116.69;Regular;Bueno;Regular
2026-03-27;12:00;21;32.29;37.21;28.62;Bueno;82.69;Bueno;10;20.17;22.71;45.42;Bueno;116.69;Regular;Bueno;Regular
2026-03-27;13:00;29;32.17;37.21;28.62;Bueno;82.69;Bueno;17;20.75;22.71;45.42;Bueno;116.69;Regular;Bueno;Regular
2026-03-27;14:00;36;33.00;37.21;28.62;Bueno;82.69;Bueno;22;21.58;22.71;45.42;Bueno;116.69;Regular;Bueno;Regular
2026-03-27;15:00;25;33.25;37.21;28.62;Bueno;82.69;Bueno;19;22.21;22.71;45.42;Bueno;116.69;Regular;Bueno;Regular
2026-03-27;16:00;34;33.83;37.21;28.62;Bueno;82.69;Bueno;6;22.00;22.71;45.42;Bueno;116.69;Regular;Bueno;Regular
2026-03-27;17:00;31;33.33;37.21;28.62;Bueno;82.69;Bueno;10;21.58;22.71;45.42;Bueno;116.69;Regular;Bueno;Regular
2026-03-27;18:00;44;32.54;37.21;28.62;Bueno;82.69;Bueno;19;20.96;22.71;45.42;Bueno;116.69;Regular;Bueno;Regular
2026-03-27;19:00;95;33.12;37.21;28.62;Bueno;82.69;Bueno;49;20.42;22.71;45.42;Bueno;116.69;Regular;Bueno;Regular
2026-03-27;20:00;107;32.50;37.21;28.62;Bueno;82.69;Bueno;77;19.12;22.71;45.42;Bueno;116.69;Regular;Bueno;Regular
2026-03-27;21:00;66;31.62;37.21;28.62;Bueno;82.69;Bueno;43;17.46;22.71;45.42;Bueno;116.69;Regular;Bueno;Regular
2026-03-27;22:00;77;33.29;37.21;28.62;Bueno;82.69;Bueno;63;18.71;22.71;45.42;Bueno;116.69;Regular;Bueno;Regular
2026-03-27;23:00;117;37.21;37.21;28.62;Bueno;82.69;Bueno;111;22.71;22.71;45.42;Bueno;116.69;Regular;Bueno;Regular
2026-03-28;00:00;139;42.29;70.46;54.20;Bueno;141.88;Regular;138;28.08;62.21;140.69;Regular;203.53;Alerta;Regular;Alerta
2026-03-28;01:00;140;47.58;70.46;54.20;Bueno;141.88;Regular;139;33.67;62.21;140.69;Regular;203.53;Alerta;Regular;Alerta
2026-03-28;02:00;143;53.17;70.46;54.20;Bueno;141.88;Regular;142;39.38;62.21;140.69;Regular;203.53;Alerta;Regular;Alerta
2026-03-28;03:00;136;58.38;70.46;54.20;Bueno;141.88;Regular;135;44.75;62.21;140.69;Regular;203.53;Alerta;Regular;Alerta
2026-03-28;04:00;133;63.38;70.46;54.20;Bueno;141.88;Regular;132;50.00;62.21;140.69;Regular;203.53;Alerta;Regular;Alerta
2026-03-28;05:00;106;67.00;70.46;54.20;Bueno;141.88;Regular;105;53.75;62.21;140.69;Regular;203.53;Alerta;Regular;Alerta
2026-03-28;06:00;97;69.96;70.46;54.20;Bueno;141.88;Regular;96;57.25;62.21;140.69;Regular;203.53;Alerta;Regular;Alerta
2026-03-28;07:00;105;73.29;70.46;54.20;Bueno;141.88;Regular;104;61.12;62.21;140.69;Regular;203.53;Alerta;Regular;Alerta
2026-03-28;08:00;81;76.00;70.46;54.20;Bueno;141.88;Regular;79;64.12;62.21;140.69;Regular;203.53;Alerta;Regular;Alerta
2026-03-28;09:00;106;79.83;70.46;54.20;Bueno;141.88;Regular;103;68.12;62.21;140.69;Regular;203.53;Alerta;Regular;Alerta
2026-03-28;10:00;95;83.08;70.46;54.20;Bueno;141.88;Regular;86;71.46;62.21;140.69;Regular;203.53;Alerta;Regular;Alerta
2026-03-28;11:00;51;83.92;70.46;54.20;Bueno;141.88;Regular;35;72.50;62.21;140.69;Regular;203.53;Alerta;Regular;Alerta
2026-03-28;12:00;25;84.08;70.46;54.20;Bueno;141.88;Regular;12;72.58;62.21;140.69;Regular;203.53;Alerta;Regular;Alerta
2026-03-28;13:00;12;83.38;70.46;54.20;Bueno;141.88;Regular;8;72.21;62.21;140.69;Regular;203.53;Alerta;Regular;Alerta
2026-03-28;14:00;12;82.38;70.46;54.20;Bueno;141.88;Regular;4;71.46;62.21;140.69;Regular;203.53;Alerta;Regular;Alerta
2026-03-28;15:00;18;82.08;70.46;54.20;Bueno;141.88;Regular;7;70.96;62.21;140.69;Regular;203.53;Alerta;Regular;Alerta
2026-03-28;16:00;20;81.50;70.46;54.20;Bueno;141.88;Regular;7;71.00;62.21;140.69;Regular;203.53;Alerta;Regular;Alerta
2026-03-28;17:00;12;80.71;70.46;54.20;Bueno;141.88;Regular;4;70.75;62.21;140.69;Regular;203.53;Alerta;Regular;Alerta
2026-03-28;18:00;18;79.62;70.46;54.20;Bueno;141.88;Regular;6;70.21;62.21;140.69;Regular;203.53;Alerta;Regular;Alerta
2026-03-28;19:00;37;77.21;70.46;54.20;Bueno;141.88;Regular;17;68.88;62.21;140.69;Regular;203.53;Alerta;Regular;Alerta
2026-03-28;20:00;61;75.29;70.46;54.20;Bueno;141.88;Regular;29;66.88;62.21;140.69;Regular;203.53;Alerta;Regular;Alerta
2026-03-28;21:00;60;75.04;70.46;54.20;Bueno;141.88;Regular;43;66.88;62.21;140.69;Regular;203.53;Alerta;Regular;Alerta
2026-03-28;22:00;48;73.83;70.46;54.20;Bueno;141.88;Regular;36;65.75;62.21;140.69;Regular;203.53;Alerta;Regular;Alerta
2026-03-28;23:00;36;70.46;70.46;54.20;Bueno;141.88;Regular;26;62.21;62.21;140.69;Regular;203.53;Alerta;Regular;Alerta
2026-03-29;00:00;26;65.75;53.62;41.25;Bueno;114.14;Regular;19;57.25;26.92;53.83;Bueno;125.84;Regular;Bueno;Regular
2026-03-29;01:00;18;60.67;53.62;41.25;Bueno;114.14;Regular;17;52.17;26.92;53.83;Bueno;125.84;Regular;Bueno;Regular
2026-03-29;02:00;17;55.42;53.62;41.25;Bueno;114.14;Regular;16;46.92;26.92;53.83;Bueno;125.84;Regular;Bueno;Regular
2026-03-29;03:00;30;51.00;53.62;41.25;Bueno;114.14;Regular;19;42.08;26.92;53.83;Bueno;125.84;Regular;Bueno;Regular
2026-03-29;04:00;28;46.62;53.62;41.25;Bueno;114.14;Regular;21;37.46;26.92;53.83;Bueno;125.84;Regular;Bueno;Regular
2026-03-29;05:00;25;43.25;53.62;41.25;Bueno;114.14;Regular;21;33.96;26.92;53.83;Bueno;125.84;Regular;Bueno;Regular
2026-03-29;06:00;32;40.54;53.62;41.25;Bueno;114.14;Regular;26;31.04;26.92;53.83;Bueno;125.84;Regular;Bueno;Regular
2026-03-29;07:00;34;37.58;53.62;41.25;Bueno;114.14;Regular;21;27.58;26.92;53.83;Bueno;125.84;Regular;Bueno;Regular
2026-03-29;08:00;42;35.96;53.62;41.25;Bueno;114.14;Regular;34;25.71;26.92;53.83;Bueno;125.84;Regular;Bueno;Regular
2026-03-29;09:00;42;33.29;53.62;41.25;Bueno;114.14;Regular;34;22.83;26.92;53.83;Bueno;125.84;Regular;Bueno;Regular
2026-03-29;10:00;40;31.00;53.62;41.25;Bueno;114.14;Regular;29;20.46;26.92;53.83;Bueno;125.84;Regular;Bueno;Regular
2026-03-29;11:00;41;30.58;53.62;41.25;Bueno;114.14;Regular;24;20.00;26.92;53.83;Bueno;125.84;Regular;Bueno;Regular
2026-03-29;12:00;28;30.71;53.62;41.25;Bueno;114.14;Regular;12;20.00;26.92;53.83;Bueno;125.84;Regular;Bueno;Regular
2026-03-29;13:00;26;31.29;53.62;41.25;Bueno;114.14;Regular;11;20.12;26.92;53.83;Bueno;125.84;Regular;Bueno;Regular
2026-03-29;14:00;52;32.96;53.62;41.25;Bueno;114.14;Regular;9;20.33;26.92;53.83;Bueno;125.84;Regular;Bueno;Regular
2026-03-29;15:00;99;36.33;53.62;41.25;Bueno;114.14;Regular;10;20.46;26.92;53.83;Bueno;125.84;Regular;Bueno;Regular
2026-03-29;16:00;58;37.92;53.62;41.25;Bueno;114.14;Regular;11;20.62;26.92;53.83;Bueno;125.84;Regular;Bueno;Regular
2026-03-29;17:00;25;38.46;53.62;41.25;Bueno;114.14;Regular;10;20.88;26.92;53.83;Bueno;125.84;Regular;Bueno;Regular
2026-03-29;18:00;134;43.29;53.62;41.25;Bueno;114.14;Regular;21;21.50;26.92;53.83;Bueno;125.84;Regular;Bueno;Regular
2026-03-29;19:00;116;46.58;53.62;41.25;Bueno;114.14;Regular;42;22.54;26.92;53.83;Bueno;125.84;Regular;Bueno;Regular
2026-03-29;20:00;115;48.83;53.62;41.25;Bueno;114.14;Regular;60;23.83;26.92;53.83;Bueno;125.84;Regular;Bueno;Regular
2026-03-29;21:00;124;51.50;53.62;41.25;Bueno;114.14;Regular;75;25.17;26.92;53.83;Bueno;125.84;Regular;Bueno;Regular
2026-03-29;22:00;81;52.88;53.62;41.25;Bueno;114.14;Regular;56;26.00;26.92;53.83;Bueno;125.84;Regular;Bueno;Regular
2026-03-29;23:00;54;53.62;53.62;41.25;Bueno;114.14;Regular;48;26.92;26.92;53.83;Bueno;125.84;Regular;Bueno;Regular
2026-03-30;00:00;51;54.67;50.71;39.01;Bueno;109.35;Regular;34;27.54;20.79;41.58;Bueno;112.53;Regular;Bueno;Regular
2026-03-30;01:00;37;55.46;50.71;39.01;Bueno;109.35;Regular;26;27.92;20.79;41.58;Bueno;112.53;Regular;Bueno;Regular
2026-03-30;02:00;29;55.96;50.71;39.01;Bueno;109.35;Regular;23;28.21;20.79;41.58;Bueno;112.53;Regular;Bueno;Regular
2026-03-30;03:00;28;55.88;50.71;39.01;Bueno;109.35;Regular;19;28.21;20.79;41.58;Bueno;112.53;Regular;Bueno;Regular
2026-03-30;04:00;24;55.71;50.71;39.01;Bueno;109.35;Regular;18;28.08;20.79;41.58;Bueno;112.53;Regular;Bueno;Regular
2026-03-30;05:00;38;56.25;50.71;39.01;Bueno;109.35;Regular;26;28.29;20.79;41.58;Bueno;112.53;Regular;Bueno;Regular
2026-03-30;06:00;59;57.38;50.71;39.01;Bueno;109.35;Regular;27;28.33;20.79;41.58;Bueno;112.53;Regular;Bueno;Regular
2026-03-30;07:00;101;60.17;50.71;39.01;Bueno;109.35;Regular;32;28.79;20.79;41.58;Bueno;112.53;Regular;Bueno;Regular
2026-03-30;08:00;42;60.17;50.71;39.01;Bueno;109.35;Regular;22;28.29;20.79;41.58;Bueno;112.53;Regular;Bueno;Regular
2026-03-30;09:00;66;61.17;50.71;39.01;Bueno;109.35;Regular;28;28.04;20.79;41.58;Bueno;112.53;Regular;Bueno;Regular
2026-03-30;10:00;49;61.54;50.71;39.01;Bueno;109.35;Regular;25;27.88;20.79;41.58;Bueno;112.53;Regular;Bueno;Regular
2026-03-30;11:00;44;61.67;50.71;39.01;Bueno;109.35;Regular;19;27.67;20.79;41.58;Bueno;112.53;Regular;Bueno;Regular
2026-03-30;12:00;70;63.42;50.71;39.01;Bueno;109.35;Regular;44;29.00;20.79;41.58;Bueno;112.53;Regular;Bueno;Regular
2026-03-30;13:00;34;63.75;50.71;39.01;Bueno;109.35;Regular;21;29.42;20.79;41.58;Bueno;112.53;Regular;Bueno;Regular
2026-03-30;14:00;41;63.29;50.71;39.01;Bueno;109.35;Regular;16;29.71;20.79;41.58;Bueno;112.53;Regular;Bueno;Regular
2026-03-30;15:00;43;60.96;50.71;39.01;Bueno;109.35;Regular;13;29.83;20.79;41.58;Bueno;112.53;Regular;Bueno;Regular
2026-03-30;16:00;27;59.67;50.71;39.01;Bueno;109.35;Regular;11;29.83;20.79;41.58;Bueno;112.53;Regular;Bueno;Regular
2026-03-30;17:00;76;61.79;50.71;39.01;Bueno;109.35;Regular;10;29.83;20.79;41.58;Bueno;112.53;Regular;Bueno;Regular
2026-03-30;18:00;72;59.21;50.71;39.01;Bueno;109.35;Regular;17;29.67;20.79;41.58;Bueno;112.53;Regular;Bueno;Regular
2026-03-30;19:00;135;60.00;50.71;39.01;Bueno;109.35;Regular;21;28.79;20.79;41.58;Bueno;112.53;Regular;Bueno;Regular
2026-03-30;20:00;64;57.88;50.71;39.01;Bueno;109.35;Regular;17;27.00;20.79;41.58;Bueno;112.53;Regular;Bueno;Regular
2026-03-30;21:00;23;53.67;50.71;39.01;Bueno;109.35;Regular;12;24.38;20.79;41.58;Bueno;112.53;Regular;Bueno;Regular
2026-03-30;22:00;42;52.04;50.71;39.01;Bueno;109.35;Regular;10;22.46;20.79;41.58;Bueno;112.53;Regular;Bueno;Regular
2026-03-30;23:00;22;50.71;50.71;39.01;Bueno;109.35;Regular;8;20.79;20.79;41.58;Bueno;112.53;Regular;Bueno;Regular
2026-03-31;00:00;23;49.54;29.25;22.50;Bueno;65.00;Bueno;12;19.88;9.46;18.92;Bueno;63.06;Bueno;Bueno;Bueno
2026-03-31;01:00;27;49.12;29.25;22.50;Bueno;65.00;Bueno;11;19.25;9.46;18.92;Bueno;63.06;Bueno;Bueno;Bueno
2026-03-31;02:00;11;48.38;29.25;22.50;Bueno;65.00;Bueno;9;18.67;9.46;18.92;Bueno;63.06;Bueno;Bueno;Bueno
2026-03-31;03:00;10;47.62;29.25;22.50;Bueno;65.00;Bueno;6;18.12;9.46;18.92;Bueno;63.06;Bueno;Bueno;Bueno
2026-03-31;04:00;8;46.96;29.25;22.50;Bueno;65.00;Bueno;5;17.58;9.46;18.92;Bueno;63.06;Bueno;Bueno;Bueno
2026-03-31;05:00;13;45.92;29.25;22.50;Bueno;65.00;Bueno;7;16.79;9.46;18.92;Bueno;63.06;Bueno;Bueno;Bueno
2026-03-31;06:00;16;44.12;29.25;22.50;Bueno;65.00;Bueno;9;16.04;9.46;18.92;Bueno;63.06;Bueno;Bueno;Bueno
2026-03-31;07:00;23;40.88;29.25;22.50;Bueno;65.00;Bueno;13;15.25;9.46;18.92;Bueno;63.06;Bueno;Bueno;Bueno
2026-03-31;08:00;16;39.79;29.25;22.50;Bueno;65.00;Bueno;8;14.67;9.46;18.92;Bueno;63.06;Bueno;Bueno;Bueno
2026-03-31;09:00;28;38.21;29.25;22.50;Bueno;65.00;Bueno;8;13.83;9.46;18.92;Bueno;63.06;Bueno;Bueno;Bueno
2026-03-31;10:00;32;37.50;29.25;22.50;Bueno;65.00;Bueno;18;13.54;9.46;18.92;Bueno;63.06;Bueno;Bueno;Bueno
2026-03-31;11:00;28;36.83;29.25;22.50;Bueno;65.00;Bueno;13;13.29;9.46;18.92;Bueno;63.06;Bueno;Bueno;Bueno
2026-03-31;12:00;20;34.75;29.25;22.50;Bueno;65.00;Bueno;10;11.88;9.46;18.92;Bueno;63.06;Bueno;Bueno;Bueno
2026-03-31;13:00;28;34.50;29.25;22.50;Bueno;65.00;Bueno;6;11.25;9.46;18.92;Bueno;63.06;Bueno;Bueno;Bueno
2026-03-31;14:00;15;33.42;29.25;22.50;Bueno;65.00;Bueno;6;10.83;9.46;18.92;Bueno;63.06;Bueno;Bueno;Bueno
2026-03-31;15:00;22;32.54;29.25;22.50;Bueno;65.00;Bueno;4;10.46;9.46;18.92;Bueno;63.06;Bueno;Bueno;Bueno
2026-03-31;16:00;85;34.96;29.25;22.50;Bueno;65.00;Bueno;6;10.25;9.46;18.92;Bueno;63.06;Bueno;Bueno;Bueno
2026-03-31;17:00;48;33.79;29.25;22.50;Bueno;65.00;Bueno;8;10.17;9.46;18.92;Bueno;63.06;Bueno;Bueno;Bueno
2026-03-31;18:00;83;34.25;29.25;22.50;Bueno;65.00;Bueno;10;9.88;9.46;18.92;Bueno;63.06;Bueno;Bueno;Bueno
2026-03-31;19:00;45;30.50;29.25;22.50;Bueno;65.00;Bueno;13;9.54;9.46;18.92;Bueno;63.06;Bueno;Bueno;Bueno
2026-03-31;20:00;35;29.29;29.25;22.50;Bueno;65.00;Bueno;12;9.33;9.46;18.92;Bueno;63.06;Bueno;Bueno;Bueno
2026-03-31;21:00;34;29.75;29.25;22.50;Bueno;65.00;Bueno;13;9.38;9.46;18.92;Bueno;63.06;Bueno;Bueno;Bueno
2026-03-31;22:00;25;29.04;29.25;22.50;Bueno;65.00;Bueno;10;9.38;9.46;18.92;Bueno;63.06;Bueno;Bueno;Bueno
2026-03-31;23:00;27;29.25;29.25;22.50;Bueno;65.00;Bueno;10;9.46;9.46;18.92;Bueno;63.06;Bueno;Bueno;Bueno
2026-04-01;00:00;22;29.21;29.12;22.40;Bueno;64.72;Bueno;12;9.46;10.46;20.92;Bueno;69.72;Bueno;Bueno;Bueno
2026-04-01;01:00;17;28.79;29.12;22.40;Bueno;64.72;Bueno;10;9.42;10.46;20.92;Bueno;69.72;Bueno;Bueno;Bueno
2026-04-01;02:00;20;29.17;29.12;22.40;Bueno;64.72;Bueno;9;9.42;10.46;20.92;Bueno;69.72;Bueno;Bueno;Bueno
2026-04-01;03:00;16;29.42;29.12;22.40;Bueno;64.72;Bueno;5;9.38;10.46;20.92;Bueno;69.72;Bueno;Bueno;Bueno
2026-04-01;04:00;9;29.46;29.12;22.40;Bueno;64.72;Bueno;7;9.46;10.46;20.92;Bueno;69.72;Bueno;Bueno;Bueno
2026-04-01;05:00;19;29.71;29.12;22.40;Bueno;64.72;Bueno;10;9.58;10.46;20.92;Bueno;69.72;Bueno;Bueno;Bueno
2026-04-01;06:00;23;30.00;29.12;22.40;Bueno;64.72;Bueno;9;9.58;10.46;20.92;Bueno;69.72;Bueno;Bueno;Bueno
2026-04-01;07:00;22;29.96;29.12;22.40;Bueno;64.72;Bueno;11;9.50;10.46;20.92;Bueno;69.72;Bueno;Bueno;Bueno
2026-04-01;08:00;22;30.21;29.12;22.40;Bueno;64.72;Bueno;9;9.54;10.46;20.92;Bueno;69.72;Bueno;Bueno;Bueno
2026-04-01;09:00;27;30.17;29.12;22.40;Bueno;64.72;Bueno;7;9.50;10.46;20.92;Bueno;69.72;Bueno;Bueno;Bueno
2026-04-01;10:00;29;30.04;29.12;22.40;Bueno;64.72;Bueno;8;9.08;10.46;20.92;Bueno;69.72;Bueno;Bueno;Bueno
2026-04-01;11:00;38;30.46;29.12;22.40;Bueno;64.72;Bueno;5;8.75;10.46;20.92;Bueno;69.72;Bueno;Bueno;Bueno
2026-04-01;12:00;31;30.92;29.12;22.40;Bueno;64.72;Bueno;5;8.54;10.46;20.92;Bueno;69.72;Bueno;Bueno;Bueno
2026-04-01;13:00;29;30.96;29.12;22.40;Bueno;64.72;Bueno;5;8.50;10.46;20.92;Bueno;69.72;Bueno;Bueno;Bueno
2026-04-01;14:00;36;31.83;29.12;22.40;Bueno;64.72;Bueno;3;8.38;10.46;20.92;Bueno;69.72;Bueno;Bueno;Bueno
2026-04-01;15:00;17;31.62;29.12;22.40;Bueno;64.72;Bueno;1;8.25;10.46;20.92;Bueno;69.72;Bueno;Bueno;Bueno
2026-04-01;16:00;29;29.29;29.12;22.40;Bueno;64.72;Bueno;3;8.12;10.46;20.92;Bueno;69.72;Bueno;Bueno;Bueno
2026-04-01;17:00;49;29.33;29.12;22.40;Bueno;64.72;Bueno;6;8.04;10.46;20.92;Bueno;69.72;Bueno;Bueno;Bueno
2026-04-01;18:00;57;28.25;29.12;22.40;Bueno;64.72;Bueno;21;8.50;10.46;20.92;Bueno;69.72;Bueno;Bueno;Bueno
2026-04-01;19:00;62;28.96;29.12;22.40;Bueno;64.72;Bueno;34;9.38;10.46;20.92;Bueno;69.72;Bueno;Bueno;Bueno
2026-04-01;20:00;50;29.58;29.12;22.40;Bueno;64.72;Bueno;28;10.04;10.46;20.92;Bueno;69.72;Bueno;Bueno;Bueno
2026-04-01;21:00;39;29.79;29.12;22.40;Bueno;64.72;Bueno;20;10.33;10.46;20.92;Bueno;69.72;Bueno;Bueno;Bueno
2026-04-01;22:00;21;29.62;29.12;22.40;Bueno;64.72;Bueno;13;10.46;10.46;20.92;Bueno;69.72;Bueno;Bueno;Bueno
2026-04-01;23:00;15;29.12;29.12;22.40;Bueno;64.72;Bueno;10;10.46;10.46;20.92;Bueno;69.72;Bueno;Bueno;Bueno
2026-04-02;00:00;13;28.75;33.71;25.93;Bueno;74.91;Bueno;8;10.29;12.88;25.75;Bueno;85.83;Bueno;Bueno;Bueno
2026-04-02;01:00;13;28.58;33.71;25.93;Bueno;74.91;Bueno;4;10.04;12.88;25.75;Bueno;85.83;Bueno;Bueno;Bueno
2026-04-02;02:00;14;28.33;33.71;25.93;Bueno;74.91;Bueno;4;9.83;12.88;25.75;Bueno;85.83;Bueno;Bueno;Bueno
2026-04-02;03:00;12;28.17;33.71;25.93;Bueno;74.91;Bueno;7;9.92;12.88;25.75;Bueno;85.83;Bueno;Bueno;Bueno
2026-04-02;04:00;13;28.33;33.71;25.93;Bueno;74.91;Bueno;7;9.92;12.88;25.75;Bueno;85.83;Bueno;Bueno;Bueno
2026-04-02;05:00;16;28.21;33.71;25.93;Bueno;74.91;Bueno;7;9.79;12.88;25.75;Bueno;85.83;Bueno;Bueno;Bueno
2026-04-02;06:00;23;28.21;33.71;25.93;Bueno;74.91;Bueno;12;9.92;12.88;25.75;Bueno;85.83;Bueno;Bueno;Bueno
2026-04-02;07:00;26;28.38;33.71;25.93;Bueno;74.91;Bueno;11;9.92;12.88;25.75;Bueno;85.83;Bueno;Bueno;Bueno
2026-04-02;08:00;20;28.29;33.71;25.93;Bueno;74.91;Bueno;10;9.96;12.88;25.75;Bueno;85.83;Bueno;Bueno;Bueno
2026-04-02;09:00;27;28.29;33.71;25.93;Bueno;74.91;Bueno;11;10.12;12.88;25.75;Bueno;85.83;Bueno;Bueno;Bueno
2026-04-02;10:00;28;28.25;33.71;25.93;Bueno;74.91;Bueno;10;10.21;12.88;25.75;Bueno;85.83;Bueno;Bueno;Bueno
2026-04-02;11:00;33;28.04;33.71;25.93;Bueno;74.91;Bueno;10;10.42;12.88;25.75;Bueno;85.83;Bueno;Bueno;Bueno
2026-04-02;12:00;26;27.83;33.71;25.93;Bueno;74.91;Bueno;8;10.54;12.88;25.75;Bueno;85.83;Bueno;Bueno;Bueno
2026-04-02;13:00;19;27.42;33.71;25.93;Bueno;74.91;Bueno;6;10.58;12.88;25.75;Bueno;85.83;Bueno;Bueno;Bueno
2026-04-02;14:00;31;27.21;33.71;25.93;Bueno;74.91;Bueno;5;10.67;12.88;25.75;Bueno;85.83;Bueno;Bueno;Bueno
2026-04-02;15:00;45;28.38;33.71;25.93;Bueno;74.91;Bueno;4;10.79;12.88;25.75;Bueno;85.83;Bueno;Bueno;Bueno
2026-04-02;16:00;52;29.33;33.71;25.93;Bueno;74.91;Bueno;6;10.92;12.88;25.75;Bueno;85.83;Bueno;Bueno;Bueno
2026-04-02;17:00;60;29.79;33.71;25.93;Bueno;74.91;Bueno;10;11.08;12.88;25.75;Bueno;85.83;Bueno;Bueno;Bueno
2026-04-02;18:00;105;31.79;33.71;25.93;Bueno;74.91;Bueno;35;11.67;12.88;25.75;Bueno;85.83;Bueno;Bueno;Bueno
2026-04-02;19:00;87;32.83;33.71;25.93;Bueno;74.91;Bueno;49;12.29;12.88;25.75;Bueno;85.83;Bueno;Bueno;Bueno
2026-04-02;20:00;61;33.29;33.71;25.93;Bueno;74.91;Bueno;34;12.54;12.88;25.75;Bueno;85.83;Bueno;Bueno;Bueno
2026-04-02;21:00;33;33.04;33.71;25.93;Bueno;74.91;Bueno;19;12.50;12.88;25.75;Bueno;85.83;Bueno;Bueno;Bueno
2026-04-02;22:00;26;33.25;33.71;25.93;Bueno;74.91;Bueno;16;12.62;12.88;25.75;Bueno;85.83;Bueno;Bueno;Bueno
2026-04-02;23:00;26;33.71;33.71;25.93;Bueno;74.91;Bueno;16;12.88;12.88;25.75;Bueno;85.83;Bueno;Bueno;Bueno
2026-04-03;00:00;20;34.00;18.79;14.46;Bueno;41.76;Bueno;13;13.08;5.75;11.50;Bueno;38.33;Bueno;Bueno;Bueno
2026-04-03;01:00;12;33.96;18.79;14.46;Bueno;41.76;Bueno;9;13.29;5.75;11.50;Bueno;38.33;Bueno;Bueno;Bueno
2026-04-03;02:00;9;33.75;18.79;14.46;Bueno;41.76;Bueno;8;13.46;5.75;11.50;Bueno;38.33;Bueno;Bueno;Bueno
2026-04-03;03:00;12;33.75;18.79;14.46;Bueno;41.76;Bueno;5;13.38;5.75;11.50;Bueno;38.33;Bueno;Bueno;Bueno
2026-04-03;04:00;17;33.92;18.79;14.46;Bueno;41.76;Bueno;12;13.58;5.75;11.50;Bueno;38.33;Bueno;Bueno;Bueno
2026-04-03;05:00;12;33.75;18.79;14.46;Bueno;41.76;Bueno;8;13.62;5.75;11.50;Bueno;38.33;Bueno;Bueno;Bueno
2026-04-03;06:00;11;33.25;18.79;14.46;Bueno;41.76;Bueno;5;13.33;5.75;11.50;Bueno;38.33;Bueno;Bueno;Bueno
2026-04-03;07:00;7;32.46;18.79;14.46;Bueno;41.76;Bueno;3;13.00;5.75;11.50;Bueno;38.33;Bueno;Bueno;Bueno
2026-04-03;08:00;17;32.33;18.79;14.46;Bueno;41.76;Bueno;3;12.71;5.75;11.50;Bueno;38.33;Bueno;Bueno;Bueno
2026-04-03;09:00;19;32.00;18.79;14.46;Bueno;41.76;Bueno;4;12.42;5.75;11.50;Bueno;38.33;Bueno;Bueno;Bueno
2026-04-03;10:00;29;32.04;18.79;14.46;Bueno;41.76;Bueno;6;12.25;5.75;11.50;Bueno;38.33;Bueno;Bueno;Bueno
2026-04-03;11:00;30;31.92;18.79;14.46;Bueno;41.76;Bueno;5;12.04;5.75;11.50;Bueno;38.33;Bueno;Bueno;Bueno
2026-04-03;12:00;35;32.29;18.79;14.46;Bueno;41.76;Bueno;5;11.92;5.75;11.50;Bueno;38.33;Bueno;Bueno;Bueno
2026-04-03;13:00;45;33.38;18.79;14.46;Bueno;41.76;Bueno;3;11.79;5.75;11.50;Bueno;38.33;Bueno;Bueno;Bueno
2026-04-03;14:00;29;33.29;18.79;14.46;Bueno;41.76;Bueno;1;11.62;5.75;11.50;Bueno;38.33;Bueno;Bueno;Bueno
2026-04-03;15:00;20;32.25;18.79;14.46;Bueno;41.76;Bueno;2;11.54;5.75;11.50;Bueno;38.33;Bueno;Bueno;Bueno
2026-04-03;16:00;27;31.21;18.79;14.46;Bueno;41.76;Bueno;2;11.38;5.75;11.50;Bueno;38.33;Bueno;Bueno;Bueno
2026-04-03;17:00;14;29.29;18.79;14.46;Bueno;41.76;Bueno;1;11.00;5.75;11.50;Bueno;38.33;Bueno;Bueno;Bueno
2026-04-03;18:00;16;25.58;18.79;14.46;Bueno;41.76;Bueno;4;9.71;5.75;11.50;Bueno;38.33;Bueno;Bueno;Bueno
2026-04-03;19:00;15;22.58;18.79;14.46;Bueno;41.76;Bueno;10;8.08;5.75;11.50;Bueno;38.33;Bueno;Bueno;Bueno
2026-04-03;20:00;14;20.62;18.79;14.46;Bueno;41.76;Bueno;7;6.96;5.75;11.50;Bueno;38.33;Bueno;Bueno;Bueno
2026-04-03;21:00;13;19.79;18.79;14.46;Bueno;41.76;Bueno;7;6.46;5.75;11.50;Bueno;38.33;Bueno;Bueno;Bueno
2026-04-03;22:00;15;19.33;18.79;14.46;Bueno;41.76;Bueno;5;6.00;5.75;11.50;Bueno;38.33;Bueno;Bueno;Bueno
2026-04-03;23:00;13;18.79;18.79;14.46;Bueno;41.76;Bueno;10;5.75;5.75;11.50;Bueno;38.33;Bueno;Bueno;Bueno
2026-04-04;00:00;12;18.46;38.58;29.68;Bueno;85.74;Bueno;9;5.58;17.04;34.08;Bueno;104.41;Regular;Bueno;Regular
2026-04-04;01:00;9;18.33;38.58;29.68;Bueno;85.74;Bueno;6;5.46;17.04;34.08;Bueno;104.41;Regular;Bueno;Regular
2026-04-04;02:00;9;18.33;38.58;29.68;Bueno;85.74;Bueno;4;5.29;17.04;34.08;Bueno;104.41;Regular;Bueno;Regular
2026-04-04;03:00;9;18.21;38.58;29.68;Bueno;85.74;Bueno;2;5.17;17.04;34.08;Bueno;104.41;Regular;Bueno;Regular
2026-04-04;04:00;13;18.04;38.58;29.68;Bueno;85.74;Bueno;7;4.96;17.04;34.08;Bueno;104.41;Regular;Bueno;Regular
2026-04-04;05:00;10;17.96;38.58;29.68;Bueno;85.74;Bueno;4;4.79;17.04;34.08;Bueno;104.41;Regular;Bueno;Regular
2026-04-04;06:00;9;17.88;38.58;29.68;Bueno;85.74;Bueno;6;4.83;17.04;34.08;Bueno;104.41;Regular;Bueno;Regular
2026-04-04;07:00;9;17.96;38.58;29.68;Bueno;85.74;Bueno;7;5.00;17.04;34.08;Bueno;104.41;Regular;Bueno;Regular
2026-04-04;08:00;12;17.75;38.58;29.68;Bueno;85.74;Bueno;6;5.12;17.04;34.08;Bueno;104.41;Regular;Bueno;Regular
2026-04-04;09:00;8;17.29;38.58;29.68;Bueno;85.74;Bueno;6;5.21;17.04;34.08;Bueno;104.41;Regular;Bueno;Regular
2026-04-04;10:00;10;16.50;38.58;29.68;Bueno;85.74;Bueno;8;5.29;17.04;34.08;Bueno;104.41;Regular;Bueno;Regular
2026-04-04;11:00;13;15.79;38.58;29.68;Bueno;85.74;Bueno;8;5.42;17.04;34.08;Bueno;104.41;Regular;Bueno;Regular
2026-04-04;12:00;21;15.21;38.58;29.68;Bueno;85.74;Bueno;9;5.58;17.04;34.08;Bueno;104.41;Regular;Bueno;Regular
2026-04-04;13:00;18;14.08;38.58;29.68;Bueno;85.74;Bueno;6;5.71;17.04;34.08;Bueno;104.41;Regular;Bueno;Regular
2026-04-04;14:00;15;13.50;38.58;29.68;Bueno;85.74;Bueno;3;5.79;17.04;34.08;Bueno;104.41;Regular;Bueno;Regular
2026-04-04;15:00;21;13.54;38.58;29.68;Bueno;85.74;Bueno;1;5.75;17.04;34.08;Bueno;104.41;Regular;Bueno;Regular
2026-04-04;16:00;20;13.25;38.58;29.68;Bueno;85.74;Bueno;2;5.75;17.04;34.08;Bueno;104.41;Regular;Bueno;Regular
2026-04-04;17:00;29;13.88;38.58;29.68;Bueno;85.74;Bueno;5;5.92;17.04;34.08;Bueno;104.41;Regular;Bueno;Regular
2026-04-04;18:00;73;16.25;38.58;29.68;Bueno;85.74;Bueno;15;6.38;17.04;34.08;Bueno;104.41;Regular;Bueno;Regular
2026-04-04;19:00;147;21.75;38.58;29.68;Bueno;85.74;Bueno;42;7.71;17.04;34.08;Bueno;104.41;Regular;Bueno;Regular
2026-04-04;20:00;152;27.50;38.58;29.68;Bueno;85.74;Bueno;84;10.92;17.04;34.08;Bueno;104.41;Regular;Bueno;Regular
2026-04-04;21:00;128;32.29;38.58;29.68;Bueno;85.74;Bueno;68;13.46;17.04;34.08;Bueno;104.41;Regular;Bueno;Regular
2026-04-04;22:00;118;36.58;38.58;29.68;Bueno;85.74;Bueno;65;15.96;17.04;34.08;Bueno;104.41;Regular;Bueno;Regular
2026-04-04;23:00;61;38.58;38.58;29.68;Bueno;85.74;Bueno;36;17.04;17.04;34.08;Bueno;104.41;Regular;Bueno;Regular
2026-04-05;00:00;60;40.58;37.50;28.85;Bueno;83.33;Bueno;34;18.08;23.33;46.67;Bueno;118.05;Regular;Bueno;Regular
2026-04-05;01:00;47;42.17;37.50;28.85;Bueno;83.33;Bueno;26;18.92;23.33;46.67;Bueno;118.05;Regular;Bueno;Regular
2026-04-05;02:00;39;43.42;37.50;28.85;Bueno;83.33;Bueno;21;19.62;23.33;46.67;Bueno;118.05;Regular;Bueno;Regular
2026-04-05;03:00;35;44.50;37.50;28.85;Bueno;83.33;Bueno;23;20.50;23.33;46.67;Bueno;118.05;Regular;Bueno;Regular
2026-04-05;04:00;29;45.17;37.50;28.85;Bueno;83.33;Bueno;18;20.96;23.33;46.67;Bueno;118.05;Regular;Bueno;Regular
2026-04-05;05:00;26;45.83;37.50;28.85;Bueno;83.33;Bueno;17;21.50;23.33;46.67;Bueno;118.05;Regular;Bueno;Regular
2026-04-05;06:00;22;46.38;37.50;28.85;Bueno;83.33;Bueno;15;21.88;23.33;46.67;Bueno;118.05;Regular;Bueno;Regular
2026-04-05;07:00;18;46.75;37.50;28.85;Bueno;83.33;Bueno;13;22.12;23.33;46.67;Bueno;118.05;Regular;Bueno;Regular
2026-04-05;08:00;15;46.88;37.50;28.85;Bueno;83.33;Bueno;10;22.29;23.33;46.67;Bueno;118.05;Regular;Bueno;Regular
2026-04-05;09:00;21;47.42;37.50;28.85;Bueno;83.33;Bueno;12;22.54;23.33;46.67;Bueno;118.05;Regular;Bueno;Regular
2026-04-05;10:00;27;48.12;37.50;28.85;Bueno;83.33;Bueno;11;22.67;23.33;46.67;Bueno;118.05;Regular;Bueno;Regular
2026-04-05;11:00;30;48.83;37.50;28.85;Bueno;83.33;Bueno;20;23.17;23.33;46.67;Bueno;118.05;Regular;Bueno;Regular
2026-04-05;12:00;30;49.21;37.50;28.85;Bueno;83.33;Bueno;18;23.54;23.33;46.67;Bueno;118.05;Regular;Bueno;Regular
2026-04-05;13:00;30;49.71;37.50;28.85;Bueno;83.33;Bueno;21;24.17;23.33;46.67;Bueno;118.05;Regular;Bueno;Regular
2026-04-05;14:00;27;50.21;37.50;28.85;Bueno;83.33;Bueno;16;24.71;23.33;46.67;Bueno;118.05;Regular;Bueno;Regular
2026-04-05;15:00;39;50.96;37.50;28.85;Bueno;83.33;Bueno;18;25.42;23.33;46.67;Bueno;118.05;Regular;Bueno;Regular
2026-04-05;16:00;40;51.79;37.50;28.85;Bueno;83.33;Bueno;25;26.38;23.33;46.67;Bueno;118.05;Regular;Bueno;Regular
2026-04-05;17:00;43;52.38;37.50;28.85;Bueno;83.33;Bueno;23;27.12;23.33;46.67;Bueno;118.05;Regular;Bueno;Regular
2026-04-05;18:00;58;51.75;37.50;28.85;Bueno;83.33;Bueno;37;28.04;23.33;46.67;Bueno;118.05;Regular;Bueno;Regular
2026-04-05;19:00;128;50.96;37.50;28.85;Bueno;83.33;Bueno;96;30.29;23.33;46.67;Bueno;118.05;Regular;Bueno;Regular
2026-04-05;20:00;49;46.67;37.50;28.85;Bueno;83.33;Bueno;23;27.75;23.33;46.67;Bueno;118.05;Regular;Bueno;Regular
2026-04-05;21:00;29;42.54;37.50;28.85;Bueno;83.33;Bueno;19;25.71;23.33;46.67;Bueno;118.05;Regular;Bueno;Regular
2026-04-05;22:00;29;38.83;37.50;28.85;Bueno;83.33;Bueno;21;23.88;23.33;46.67;Bueno;118.05;Regular;Bueno;Regular
2026-04-05;23:00;29;37.50;37.50;28.85;Bueno;83.33;Bueno;23;23.33;23.33;46.67;Bueno;118.05;Regular;Bueno;Regular
2026-04-06;00:00;23;35.96;31.62;24.33;Bueno;70.28;Bueno;14;22.50;10.88;21.75;Bueno;72.50;Bueno;Bueno;Bueno
2026-04-06;01:00;21;34.88;31.62;24.33;Bueno;70.28;Bueno;13;21.96;10.88;21.75;Bueno;72.50;Bueno;Bueno;Bueno
2026-04-06;02:00;20;34.08;31.62;24.33;Bueno;70.28;Bueno;10;21.50;10.88;21.75;Bueno;72.50;Bueno;Bueno;Bueno
2026-04-06;03:00;17;33.33;31.62;24.33;Bueno;70.28;Bueno;13;21.08;10.88;21.75;Bueno;72.50;Bueno;Bueno;Bueno
2026-04-06;04:00;15;32.75;31.62;24.33;Bueno;70.28;Bueno;12;20.83;10.88;21.75;Bueno;72.50;Bueno;Bueno;Bueno
2026-04-06;05:00;15;32.29;31.62;24.33;Bueno;70.28;Bueno;11;20.58;10.88;21.75;Bueno;72.50;Bueno;Bueno;Bueno
2026-04-06;06:00;12;31.88;31.62;24.33;Bueno;70.28;Bueno;9;20.33;10.88;21.75;Bueno;72.50;Bueno;Bueno;Bueno
2026-04-06;07:00;21;32.00;31.62;24.33;Bueno;70.28;Bueno;10;20.21;10.88;21.75;Bueno;72.50;Bueno;Bueno;Bueno
2026-04-06;08:00;19;32.17;31.62;24.33;Bueno;70.28;Bueno;8;20.12;10.88;21.75;Bueno;72.50;Bueno;Bueno;Bueno
2026-04-06;09:00;25;32.33;31.62;24.33;Bueno;70.28;Bueno;10;20.04;10.88;21.75;Bueno;72.50;Bueno;Bueno;Bueno
2026-04-06;10:00;31;32.50;31.62;24.33;Bueno;70.28;Bueno;9;19.96;10.88;21.75;Bueno;72.50;Bueno;Bueno;Bueno
2026-04-06;11:00;29;32.46;31.62;24.33;Bueno;70.28;Bueno;12;19.62;10.88;21.75;Bueno;72.50;Bueno;Bueno;Bueno
2026-04-06;12:00;53;33.42;31.62;24.33;Bueno;70.28;Bueno;10;19.29;10.88;21.75;Bueno;72.50;Bueno;Bueno;Bueno
2026-04-06;13:00;46;34.08;31.62;24.33;Bueno;70.28;Bueno;8;18.75;10.88;21.75;Bueno;72.50;Bueno;Bueno;Bueno
2026-04-06;14:00;39;34.58;31.62;24.33;Bueno;70.28;Bueno;10;18.50;10.88;21.75;Bueno;72.50;Bueno;Bueno;Bueno
2026-04-06;15:00;36;34.46;31.62;24.33;Bueno;70.28;Bueno;10;18.17;10.88;21.75;Bueno;72.50;Bueno;Bueno;Bueno
2026-04-06;16:00;45;34.67;31.62;24.33;Bueno;70.28;Bueno;10;17.54;10.88;21.75;Bueno;72.50;Bueno;Bueno;Bueno
2026-04-06;17:00;48;34.88;31.62;24.33;Bueno;70.28;Bueno;13;17.12;10.88;21.75;Bueno;72.50;Bueno;Bueno;Bueno
2026-04-06;18:00;69;35.33;31.62;24.33;Bueno;70.28;Bueno;15;16.21;10.88;21.75;Bueno;72.50;Bueno;Bueno;Bueno
2026-04-06;19:00;59;32.46;31.62;24.33;Bueno;70.28;Bueno;16;12.88;10.88;21.75;Bueno;72.50;Bueno;Bueno;Bueno
2026-04-06;20:00;44;32.25;31.62;24.33;Bueno;70.28;Bueno;13;12.46;10.88;21.75;Bueno;72.50;Bueno;Bueno;Bueno
2026-04-06;21:00;26;32.12;31.62;24.33;Bueno;70.28;Bueno;9;12.04;10.88;21.75;Bueno;72.50;Bueno;Bueno;Bueno
2026-04-06;22:00;25;31.96;31.62;24.33;Bueno;70.28;Bueno;9;11.54;10.88;21.75;Bueno;72.50;Bueno;Bueno;Bueno
2026-04-06;23:00;21;31.62;31.62;24.33;Bueno;70.28;Bueno;7;10.88;10.88;21.75;Bueno;72.50;Bueno;Bueno;Bueno
2026-04-07;00:00;16;31.33;29.42;22.63;Bueno;65.37;Bueno;6;10.54;12.00;24.00;Bueno;80.00;Bueno;Bueno;Bueno
2026-04-07;01:00;13;31.00;29.42;22.63;Bueno;65.37;Bueno;7;10.29;12.00;24.00;Bueno;80.00;Bueno;Bueno;Bueno
2026-04-07;02:00;18;30.92;29.42;22.63;Bueno;65.37;Bueno;9;10.25;12.00;24.00;Bueno;80.00;Bueno;Bueno;Bueno
2026-04-07;03:00;13;30.75;29.42;22.63;Bueno;65.37;Bueno;7;10.00;12.00;24.00;Bueno;80.00;Bueno;Bueno;Bueno
2026-04-07;04:00;11;30.58;29.42;22.63;Bueno;65.37;Bueno;5;9.71;12.00;24.00;Bueno;80.00;Bueno;Bueno;Bueno
2026-04-07;05:00;9;30.33;29.42;22.63;Bueno;65.37;Bueno;7;9.54;12.00;24.00;Bueno;80.00;Bueno;Bueno;Bueno
2026-04-07;06:00;10;30.25;29.42;22.63;Bueno;65.37;Bueno;6;9.42;12.00;24.00;Bueno;80.00;Bueno;Bueno;Bueno
2026-04-07;07:00;23;30.33;29.42;22.63;Bueno;65.37;Bueno;7;9.29;12.00;24.00;Bueno;80.00;Bueno;Bueno;Bueno
2026-04-07;08:00;22;30.46;29.42;22.63;Bueno;65.37;Bueno;5;9.17;12.00;24.00;Bueno;80.00;Bueno;Bueno;Bueno
2026-04-07;09:00;29;30.62;29.42;22.63;Bueno;65.37;Bueno;5;8.96;12.00;24.00;Bueno;80.00;Bueno;Bueno;Bueno
2026-04-07;10:00;25;30.38;29.42;22.63;Bueno;65.37;Bueno;9;8.96;12.00;24.00;Bueno;80.00;Bueno;Bueno;Bueno
2026-04-07;11:00;35;30.62;29.42;22.63;Bueno;65.37;Bueno;6;8.71;12.00;24.00;Bueno;80.00;Bueno;Bueno;Bueno
2026-04-07;12:00;26;29.50;29.42;22.63;Bueno;65.37;Bueno;7;8.58;12.00;24.00;Bueno;80.00;Bueno;Bueno;Bueno
2026-04-07;13:00;33;28.96;29.42;22.63;Bueno;65.37;Bueno;6;8.50;12.00;24.00;Bueno;80.00;Bueno;Bueno;Bueno
2026-04-07;14:00;37;28.88;29.42;22.63;Bueno;65.37;Bueno;3;8.21;12.00;24.00;Bueno;80.00;Bueno;Bueno;Bueno
2026-04-07;15:00;40;29.04;29.42;22.63;Bueno;65.37;Bueno;7;8.08;12.00;24.00;Bueno;80.00;Bueno;Bueno;Bueno
2026-04-07;16:00;42;28.92;29.42;22.63;Bueno;65.37;Bueno;12;8.17;12.00;24.00;Bueno;80.00;Bueno;Bueno;Bueno
2026-04-07;17:00;44;28.75;29.42;22.63;Bueno;65.37;Bueno;20;8.46;12.00;24.00;Bueno;80.00;Bueno;Bueno;Bueno
2026-04-07;18:00;61;28.42;29.42;22.63;Bueno;65.37;Bueno;28;9.00;12.00;24.00;Bueno;80.00;Bueno;Bueno;Bueno
2026-04-07;19:00;56;28.29;29.42;22.63;Bueno;65.37;Bueno;33;9.71;12.00;24.00;Bueno;80.00;Bueno;Bueno;Bueno
2026-04-07;20:00;45;28.33;29.42;22.63;Bueno;65.37;Bueno;30;10.42;12.00;24.00;Bueno;80.00;Bueno;Bueno;Bueno
2026-04-07;21:00;37;28.79;29.42;22.63;Bueno;65.37;Bueno;24;11.04;12.00;24.00;Bueno;80.00;Bueno;Bueno;Bueno
2026-04-07;22:00;34;29.17;29.42;22.63;Bueno;65.37;Bueno;23;11.62;12.00;24.00;Bueno;80.00;Bueno;Bueno;Bueno
2026-04-07;23:00;27;29.42;29.42;22.63;Bueno;65.37;Bueno;16;12.00;12.00;24.00;Bueno;80.00;Bueno;Bueno;Bueno
2026-04-08;00:00;24;29.75;43.21;33.24;Bueno;96.02;Bueno;13;12.29;18.46;36.92;Bueno;107.48;Regular;Bueno;Regular
2026-04-08;01:00;18;29.96;43.21;33.24;Bueno;96.02;Bueno;15;12.62;18.46;36.92;Bueno;107.48;Regular;Bueno;Regular
2026-04-08;02:00;17;29.92;43.21;33.24;Bueno;96.02;Bueno;9;12.62;18.46;36.92;Bueno;107.48;Regular;Bueno;Regular
2026-04-08;03:00;10;29.79;43.21;33.24;Bueno;96.02;Bueno;7;12.62;18.46;36.92;Bueno;107.48;Regular;Bueno;Regular
2026-04-08;04:00;12;29.83;43.21;33.24;Bueno;96.02;Bueno;4;12.58;18.46;36.92;Bueno;107.48;Regular;Bueno;Regular
2026-04-08;05:00;8;29.79;43.21;33.24;Bueno;96.02;Bueno;3;12.42;18.46;36.92;Bueno;107.48;Regular;Bueno;Regular
2026-04-08;06:00;9;29.75;43.21;33.24;Bueno;96.02;Bueno;5;12.38;18.46;36.92;Bueno;107.48;Regular;Bueno;Regular
2026-04-08;07:00;21;29.67;43.21;33.24;Bueno;96.02;Bueno;5;12.29;18.46;36.92;Bueno;107.48;Regular;Bueno;Regular
2026-04-08;08:00;19;29.54;43.21;33.24;Bueno;96.02;Bueno;5;12.29;18.46;36.92;Bueno;107.48;Regular;Bueno;Regular
2026-04-08;09:00;12;28.83;43.21;33.24;Bueno;96.02;Bueno;4;12.25;18.46;36.92;Bueno;107.48;Regular;Bueno;Regular
2026-04-08;10:00;19;28.58;43.21;33.24;Bueno;96.02;Bueno;7;12.17;18.46;36.92;Bueno;107.48;Regular;Bueno;Regular
2026-04-08;11:00;23;28.08;43.21;33.24;Bueno;96.02;Bueno;11;12.38;18.46;36.92;Bueno;107.48;Regular;Bueno;Regular
2026-04-08;12:00;33;28.38;43.21;33.24;Bueno;96.02;Bueno;17;12.79;18.46;36.92;Bueno;107.48;Regular;Bueno;Regular
2026-04-08;13:00;47;28.96;43.21;33.24;Bueno;96.02;Bueno;25;13.58;18.46;36.92;Bueno;107.48;Regular;Bueno;Regular
2026-04-08;14:00;37;28.96;43.21;33.24;Bueno;96.02;Bueno;16;14.12;18.46;36.92;Bueno;107.48;Regular;Bueno;Regular
2026-04-08;15:00;34;28.71;43.21;33.24;Bueno;96.02;Bueno;21;14.71;18.46;36.92;Bueno;107.48;Regular;Bueno;Regular
2026-04-08;16:00;46;28.88;43.21;33.24;Bueno;96.02;Bueno;12;14.71;18.46;36.92;Bueno;107.48;Regular;Bueno;Regular
2026-04-08;17:00;59;29.50;43.21;33.24;Bueno;96.02;Bueno;17;14.58;18.46;36.92;Bueno;107.48;Regular;Bueno;Regular
2026-04-08;18:00;120;31.96;43.21;33.24;Bueno;96.02;Bueno;40;15.08;18.46;36.92;Bueno;107.48;Regular;Bueno;Regular
2026-04-08;19:00;200;37.96;43.21;33.24;Bueno;96.02;Bueno;68;16.54;18.46;36.92;Bueno;107.48;Regular;Bueno;Regular
2026-04-08;20:00;120;41.08;43.21;33.24;Bueno;96.02;Bueno;45;17.17;18.46;36.92;Bueno;107.48;Regular;Bueno;Regular
2026-04-08;21:00;56;41.88;43.21;33.24;Bueno;96.02;Bueno;32;17.50;18.46;36.92;Bueno;107.48;Regular;Bueno;Regular
2026-04-08;22:00;53;42.67;43.21;33.24;Bueno;96.02;Bueno;41;18.25;18.46;36.92;Bueno;107.48;Regular;Bueno;Regular
2026-04-08;23:00;40;43.21;43.21;33.24;Bueno;96.02;Bueno;21;18.46;18.46;36.92;Bueno;107.48;Regular;Bueno;Regular
2026-04-09;00:00;34;43.62;48.50;37.31;Bueno;105.73;Regular;21;18.79;23.08;46.17;Bueno;117.50;Regular;Bueno;Regular
2026-04-09;01:00;35;44.33;48.50;37.31;Bueno;105.73;Regular;21;19.04;23.08;46.17;Bueno;117.50;Regular;Bueno;Regular
2026-04-09;02:00;31;44.92;48.50;37.31;Bueno;105.73;Regular;28;19.83;23.08;46.17;Bueno;117.50;Regular;Bueno;Regular
2026-04-09;03:00;25;45.54;48.50;37.31;Bueno;105.73;Regular;19;20.33;23.08;46.17;Bueno;117.50;Regular;Bueno;Regular
2026-04-09;04:00;19;45.83;48.50;37.31;Bueno;105.73;Regular;16;20.83;23.08;46.17;Bueno;117.50;Regular;Bueno;Regular
2026-04-09;05:00;20;46.33;48.50;37.31;Bueno;105.73;Regular;5;20.92;23.08;46.17;Bueno;117.50;Regular;Bueno;Regular
2026-04-09;06:00;21;46.83;48.50;37.31;Bueno;105.73;Regular;9;21.08;23.08;46.17;Bueno;117.50;Regular;Bueno;Regular
2026-04-09;07:00;32;47.29;48.50;37.31;Bueno;105.73;Regular;14;21.46;23.08;46.17;Bueno;117.50;Regular;Bueno;Regular
2026-04-09;08:00;33;47.88;48.50;37.31;Bueno;105.73;Regular;13;21.79;23.08;46.17;Bueno;117.50;Regular;Bueno;Regular
2026-04-09;09:00;29;48.58;48.50;37.31;Bueno;105.73;Regular;11;22.08;23.08;46.17;Bueno;117.50;Regular;Bueno;Regular
2026-04-09;10:00;85;51.33;48.50;37.31;Bueno;105.73;Regular;70;24.71;23.08;46.17;Bueno;117.50;Regular;Bueno;Regular
2026-04-09;11:00;46;52.29;48.50;37.31;Bueno;105.73;Regular;20;25.08;23.08;46.17;Bueno;117.50;Regular;Bueno;Regular
2026-04-09;12:00;53;53.12;48.50;37.31;Bueno;105.73;Regular;18;25.12;23.08;46.17;Bueno;117.50;Regular;Bueno;Regular
2026-04-09;13:00;40;52.83;48.50;37.31;Bueno;105.73;Regular;14;24.67;23.08;46.17;Bueno;117.50;Regular;Bueno;Regular
2026-04-09;14:00;37;52.83;48.50;37.31;Bueno;105.73;Regular;10;24.42;23.08;46.17;Bueno;117.50;Regular;Bueno;Regular
2026-04-09;15:00;44;53.25;48.50;37.31;Bueno;105.73;Regular;11;24.00;23.08;46.17;Bueno;117.50;Regular;Bueno;Regular
2026-04-09;16:00;51;53.46;48.50;37.31;Bueno;105.73;Regular;11;23.96;23.08;46.17;Bueno;117.50;Regular;Bueno;Regular
2026-04-09;17:00;55;53.29;48.50;37.31;Bueno;105.73;Regular;16;23.92;23.08;46.17;Bueno;117.50;Regular;Bueno;Regular
2026-04-09;18:00;107;52.75;48.50;37.31;Bueno;105.73;Regular;27;23.38;23.08;46.17;Bueno;117.50;Regular;Bueno;Regular
2026-04-09;19:00;95;48.38;48.50;37.31;Bueno;105.73;Regular;38;22.12;23.08;46.17;Bueno;117.50;Regular;Bueno;Regular
2026-04-09;20:00;81;46.75;48.50;37.31;Bueno;105.73;Regular;43;22.04;23.08;46.17;Bueno;117.50;Regular;Bueno;Regular
2026-04-09;21:00;71;47.38;48.50;37.31;Bueno;105.73;Regular;43;22.50;23.08;46.17;Bueno;117.50;Regular;Bueno;Regular
2026-04-09;22:00;64;47.83;48.50;37.31;Bueno;105.73;Regular;40;22.46;23.08;46.17;Bueno;117.50;Regular;Bueno;Regular
2026-04-09;23:00;56;48.50;48.50;37.31;Bueno;105.73;Regular;36;23.08;23.08;46.17;Bueno;117.50;Regular;Bueno;Regular
2026-04-10;00:00;39;48.71;46.75;35.96;Bueno;102.87;Regular;32;23.54;24.17;48.33;Bueno;119.86;Regular;Bueno;Regular
2026-04-10;01:00;37;48.79;46.75;35.96;Bueno;102.87;Regular;25;23.71;24.17;48.33;Bueno;119.86;Regular;Bueno;Regular
2026-04-10;02:00;30;48.75;46.75;35.96;Bueno;102.87;Regular;18;23.29;24.17;48.33;Bueno;119.86;Regular;Bueno;Regular
2026-04-10;03:00;22;48.62;46.75;35.96;Bueno;102.87;Regular;16;23.17;24.17;48.33;Bueno;119.86;Regular;Bueno;Regular
2026-04-10;04:00;28;49.00;46.75;35.96;Bueno;102.87;Regular;16;23.17;24.17;48.33;Bueno;119.86;Regular;Bueno;Regular
2026-04-10;05:00;34;49.58;46.75;35.96;Bueno;102.87;Regular;23;23.92;24.17;48.33;Bueno;119.86;Regular;Bueno;Regular
2026-04-10;06:00;57;51.08;46.75;35.96;Bueno;102.87;Regular;28;24.71;24.17;48.33;Bueno;119.86;Regular;Bueno;Regular
2026-04-10;07:00;63;52.38;46.75;35.96;Bueno;102.87;Regular;32;25.46;24.17;48.33;Bueno;119.86;Regular;Bueno;Regular
2026-04-10;08:00;57;53.38;46.75;35.96;Bueno;102.87;Regular;28;26.08;24.17;48.33;Bueno;119.86;Regular;Bueno;Regular
2026-04-10;09:00;47;54.12;46.75;35.96;Bueno;102.87;Regular;32;26.96;24.17;48.33;Bueno;119.86;Regular;Bueno;Regular
2026-04-10;10:00;66;53.33;46.75;35.96;Bueno;102.87;Regular;34;25.46;24.17;48.33;Bueno;119.86;Regular;Bueno;Regular
2026-04-10;11:00;50;53.50;46.75;35.96;Bueno;102.87;Regular;28;25.79;24.17;48.33;Bueno;119.86;Regular;Bueno;Regular
2026-04-10;12:00;68;54.12;46.75;35.96;Bueno;102.87;Regular;23;26.00;24.17;48.33;Bueno;119.86;Regular;Bueno;Regular
2026-04-10;13:00;61;55.00;46.75;35.96;Bueno;102.87;Regular;23;26.38;24.17;48.33;Bueno;119.86;Regular;Bueno;Regular
2026-04-10;14:00;47;55.42;46.75;35.96;Bueno;102.87;Regular;26;27.04;24.17;48.33;Bueno;119.86;Regular;Bueno;Regular
2026-04-10;15:00;51;55.71;46.75;35.96;Bueno;102.87;Regular;18;27.33;24.17;48.33;Bueno;119.86;Regular;Bueno;Regular
2026-04-10;16:00;89;57.29;46.75;35.96;Bueno;102.87;Regular;20;27.71;24.17;48.33;Bueno;119.86;Regular;Bueno;Regular
2026-04-10;17:00;63;57.62;46.75;35.96;Bueno;102.87;Regular;27;28.17;24.17;48.33;Bueno;119.86;Regular;Bueno;Regular
2026-04-10;18:00;46;55.08;46.75;35.96;Bueno;102.87;Regular;23;28.00;24.17;48.33;Bueno;119.86;Regular;Bueno;Regular
2026-04-10;19:00;43;52.92;46.75;35.96;Bueno;102.87;Regular;23;27.38;24.17;48.33;Bueno;119.86;Regular;Bueno;Regular
2026-04-10;20:00;38;51.12;46.75;35.96;Bueno;102.87;Regular;20;26.42;24.17;48.33;Bueno;119.86;Regular;Bueno;Regular
2026-04-10;21:00;30;49.42;46.75;35.96;Bueno;102.87;Regular;24;25.62;24.17;48.33;Bueno;119.86;Regular;Bueno;Regular
2026-04-10;22:00;30;48.00;46.75;35.96;Bueno;102.87;Regular;21;24.83;24.17;48.33;Bueno;119.86;Regular;Bueno;Regular
2026-04-10;23:00;26;46.75;46.75;35.96;Bueno;102.87;Regular;20;24.17;24.17;48.33;Bueno;119.86;Regular;Bueno;Regular
2026-04-11;00:00;35;46.58;62.62;48.17;Bueno;128.95;Regular;18;23.58;30.96;61.92;Bueno;134.64;Regular;Bueno;Regular
2026-04-11;01:00;33;46.42;62.62;48.17;Bueno;128.95;Regular;21;23.42;30.96;61.92;Bueno;134.64;Regular;Bueno;Regular
2026-04-11;02:00;39;46.79;62.62;48.17;Bueno;128.95;Regular;23;23.62;30.96;61.92;Bueno;134.64;Regular;Bueno;Regular
2026-04-11;03:00;34;47.29;62.62;48.17;Bueno;128.95;Regular;25;24.00;30.96;61.92;Bueno;134.64;Regular;Bueno;Regular
2026-04-11;04:00;30;47.38;62.62;48.17;Bueno;128.95;Regular;21;24.21;30.96;61.92;Bueno;134.64;Regular;Bueno;Regular
2026-04-11;05:00;28;47.12;62.62;48.17;Bueno;128.95;Regular;20;24.08;30.96;61.92;Bueno;134.64;Regular;Bueno;Regular
2026-04-11;06:00;36;46.25;62.62;48.17;Bueno;128.95;Regular;23;23.88;30.96;61.92;Bueno;134.64;Regular;Bueno;Regular
2026-04-11;07:00;85;47.17;62.62;48.17;Bueno;128.95;Regular;43;24.33;30.96;61.92;Bueno;134.64;Regular;Bueno;Regular
2026-04-11;08:00;84;48.29;62.62;48.17;Bueno;128.95;Regular;50;25.25;30.96;61.92;Bueno;134.64;Regular;Bueno;Regular
2026-04-11;09:00;58;48.75;62.62;48.17;Bueno;128.95;Regular;37;25.46;30.96;61.92;Bueno;134.64;Regular;Bueno;Regular
2026-04-11;10:00;39;47.62;62.62;48.17;Bueno;128.95;Regular;26;25.12;30.96;61.92;Bueno;134.64;Regular;Bueno;Regular
2026-04-11;11:00;31;46.83;62.62;48.17;Bueno;128.95;Regular;18;24.71;30.96;61.92;Bueno;134.64;Regular;Bueno;Regular
2026-04-11;12:00;22;44.92;62.62;48.17;Bueno;128.95;Regular;10;24.17;30.96;61.92;Bueno;134.64;Regular;Bueno;Regular
2026-04-11;13:00;23;43.33;62.62;48.17;Bueno;128.95;Regular;9;23.58;30.96;61.92;Bueno;134.64;Regular;Bueno;Regular
2026-04-11;14:00;29;42.58;62.62;48.17;Bueno;128.95;Regular;9;22.88;30.96;61.92;Bueno;134.64;Regular;Bueno;Regular
2026-04-11;15:00;31;41.75;62.62;48.17;Bueno;128.95;Regular;13;22.67;30.96;61.92;Bueno;134.64;Regular;Bueno;Regular
2026-04-11;16:00;82;41.46;62.62;48.17;Bueno;128.95;Regular;21;22.71;30.96;61.92;Bueno;134.64;Regular;Bueno;Regular
2026-04-11;17:00;75;41.96;62.62;48.17;Bueno;128.95;Regular;15;22.21;30.96;61.92;Bueno;134.64;Regular;Bueno;Regular
2026-04-11;18:00;137;45.75;62.62;48.17;Bueno;128.95;Regular;24;22.25;30.96;61.92;Bueno;134.64;Regular;Bueno;Regular
2026-04-11;19:00;182;51.54;62.62;48.17;Bueno;128.95;Regular;96;25.29;30.96;61.92;Bueno;134.64;Regular;Bueno;Regular
2026-04-11;20:00;97;54.00;62.62;48.17;Bueno;128.95;Regular;52;26.62;30.96;61.92;Bueno;134.64;Regular;Bueno;Regular
2026-04-11;21:00;116;57.58;62.62;48.17;Bueno;128.95;Regular;43;27.42;30.96;61.92;Bueno;134.64;Regular;Bueno;Regular
2026-04-11;22:00;105;60.71;62.62;48.17;Bueno;128.95;Regular;67;29.33;30.96;61.92;Bueno;134.64;Regular;Bueno;Regular
2026-04-11;23:00;72;62.62;62.62;48.17;Bueno;128.95;Regular;59;30.96;30.96;61.92;Bueno;134.64;Regular;Bueno;Regular
2026-04-12;00:00;54;63.42;32.92;25.32;Bueno;73.15;Bueno;51;32.33;23.54;47.08;Bueno;118.50;Regular;Bueno;Regular
2026-04-12;01:00;48;64.04;32.92;25.32;Bueno;73.15;Bueno;38;33.04;23.54;47.08;Bueno;118.50;Regular;Bueno;Regular
2026-04-12;02:00;41;64.12;32.92;25.32;Bueno;73.15;Bueno;34;33.50;23.54;47.08;Bueno;118.50;Regular;Bueno;Regular
2026-04-12;03:00;43;64.50;32.92;25.32;Bueno;73.15;Bueno;42;34.21;23.54;47.08;Bueno;118.50;Regular;Bueno;Regular
2026-04-12;04:00;49;65.29;32.92;25.32;Bueno;73.15;Bueno;42;35.08;23.54;47.08;Bueno;118.50;Regular;Bueno;Regular
2026-04-12;05:00;47;66.08;32.92;25.32;Bueno;73.15;Bueno;38;35.83;23.54;47.08;Bueno;118.50;Regular;Bueno;Regular
2026-04-12;06:00;42;66.33;32.92;25.32;Bueno;73.15;Bueno;38;36.46;23.54;47.08;Bueno;118.50;Regular;Bueno;Regular
2026-04-12;07:00;50;64.88;32.92;25.32;Bueno;73.15;Bueno;37;36.21;23.54;47.08;Bueno;118.50;Regular;Bueno;Regular
2026-04-12;08:00;33;62.75;32.92;25.32;Bueno;73.15;Bueno;22;35.04;23.54;47.08;Bueno;118.50;Regular;Bueno;Regular
2026-04-12;09:00;9;60.71;32.92;25.32;Bueno;73.15;Bueno;7;33.79;23.54;47.08;Bueno;118.50;Regular;Bueno;Regular
2026-04-12;10:00;25;60.12;32.92;25.32;Bueno;73.15;Bueno;10;33.12;23.54;47.08;Bueno;118.50;Regular;Bueno;Regular
2026-04-12;11:00;21;59.71;32.92;25.32;Bueno;73.15;Bueno;5;32.58;23.54;47.08;Bueno;118.50;Regular;Bueno;Regular
2026-04-12;12:00;33;60.17;32.92;25.32;Bueno;73.15;Bueno;3;32.29;23.54;47.08;Bueno;118.50;Regular;Bueno;Regular
2026-04-12;13:00;23;60.17;32.92;25.32;Bueno;73.15;Bueno;8;32.25;23.54;47.08;Bueno;118.50;Regular;Bueno;Regular
2026-04-12;14:00;33;60.33;32.92;25.32;Bueno;73.15;Bueno;17;32.58;23.54;47.08;Bueno;118.50;Regular;Bueno;Regular
2026-04-12;15:00;21;59.92;32.92;25.32;Bueno;73.15;Bueno;11;32.50;23.54;47.08;Bueno;118.50;Regular;Bueno;Regular
2026-04-12;16:00;19;57.29;32.92;25.32;Bueno;73.15;Bueno;16;32.29;23.54;47.08;Bueno;118.50;Regular;Bueno;Regular
2026-04-12;17:00;21;55.04;32.92;25.32;Bueno;73.15;Bueno;12;32.17;23.54;47.08;Bueno;118.50;Regular;Bueno;Regular
2026-04-12;18:00;33;50.71;32.92;25.32;Bueno;73.15;Bueno;25;32.21;23.54;47.08;Bueno;118.50;Regular;Bueno;Regular
2026-04-12;19:00;32;44.46;32.92;25.32;Bueno;73.15;Bueno;30;29.46;23.54;47.08;Bueno;118.50;Regular;Bueno;Regular
2026-04-12;20:00;42;42.17;32.92;25.32;Bueno;73.15;Bueno;34;28.71;23.54;47.08;Bueno;118.50;Regular;Bueno;Regular
2026-04-12;21:00;29;38.54;32.92;25.32;Bueno;73.15;Bueno;19;27.71;23.54;47.08;Bueno;118.50;Regular;Bueno;Regular
2026-04-12;22:00;23;35.12;32.92;25.32;Bueno;73.15;Bueno;11;25.38;23.54;47.08;Bueno;118.50;Regular;Bueno;Regular
2026-04-12;23:00;19;32.92;32.92;25.32;Bueno;73.15;Bueno;15;23.54;23.54;47.08;Bueno;118.50;Regular;Bueno;Regular
2026-04-13;00:00;16;31.33;76.38;58.75;Bueno;151.68;Regular;12;21.92;29.00;58.00;Bueno;130.37;Regular;Bueno;Regular
2026-04-13;01:00;18;30.08;76.38;58.75;Bueno;151.68;Regular;11;20.79;29.00;58.00;Bueno;130.37;Regular;Bueno;Regular
2026-04-13;02:00;16;29.04;76.38;58.75;Bueno;151.68;Regular;10;19.79;29.00;58.00;Bueno;130.37;Regular;Bueno;Regular
2026-04-13;03:00;14;27.83;76.38;58.75;Bueno;151.68;Regular;11;18.50;29.00;58.00;Bueno;130.37;Regular;Bueno;Regular
2026-04-13;04:00;19;26.58;76.38;58.75;Bueno;151.68;Regular;18;17.50;29.00;58.00;Bueno;130.37;Regular;Bueno;Regular
2026-04-13;05:00;22;25.54;76.38;58.75;Bueno;151.68;Regular;18;16.67;29.00;58.00;Bueno;130.37;Regular;Bueno;Regular
2026-04-13;06:00;22;24.71;76.38;58.75;Bueno;151.68;Regular;18;15.83;29.00;58.00;Bueno;130.37;Regular;Bueno;Regular
2026-04-13;07:00;29;23.83;76.38;58.75;Bueno;151.68;Regular;12;14.79;29.00;58.00;Bueno;130.37;Regular;Bueno;Regular
2026-04-13;08:00;21;23.33;76.38;58.75;Bueno;151.68;Regular;9;14.25;29.00;58.00;Bueno;130.37;Regular;Bueno;Regular
2026-04-13;09:00;19;23.75;76.38;58.75;Bueno;151.68;Regular;9;14.33;29.00;58.00;Bueno;130.37;Regular;Bueno;Regular
2026-04-13;10:00;22;23.62;76.38;58.75;Bueno;151.68;Regular;14;14.50;29.00;58.00;Bueno;130.37;Regular;Bueno;Regular
2026-04-13;11:00;26;23.83;76.38;58.75;Bueno;151.68;Regular;17;15.00;29.00;58.00;Bueno;130.37;Regular;Bueno;Regular
2026-04-13;12:00;38;24.04;76.38;58.75;Bueno;151.68;Regular;19;15.67;29.00;58.00;Bueno;130.37;Regular;Bueno;Regular
2026-04-13;13:00;24;24.08;76.38;58.75;Bueno;151.68;Regular;9;15.71;29.00;58.00;Bueno;130.37;Regular;Bueno;Regular
2026-04-13;14:00;33;24.08;76.38;58.75;Bueno;151.68;Regular;11;15.46;29.00;58.00;Bueno;130.37;Regular;Bueno;Regular
2026-04-13;15:00;44;25.04;76.38;58.75;Bueno;151.68;Regular;11;15.46;29.00;58.00;Bueno;130.37;Regular;Bueno;Regular
2026-04-13;16:00;102;28.50;76.38;58.75;Bueno;151.68;Regular;12;15.29;29.00;58.00;Bueno;130.37;Regular;Bueno;Regular
2026-04-13;17:00;154;34.04;76.38;58.75;Bueno;151.68;Regular;23;15.75;29.00;58.00;Bueno;130.37;Regular;Bueno;Regular
2026-04-13;18:00;156;39.17;76.38;58.75;Bueno;151.68;Regular;60;17.21;29.00;58.00;Bueno;130.37;Regular;Bueno;Regular
2026-04-13;19:00;386;53.92;76.38;58.75;Bueno;151.68;Regular;104;20.29;29.00;58.00;Bueno;130.37;Regular;Bueno;Regular
2026-04-13;20:00;300;64.67;76.38;58.75;Bueno;151.68;Regular;74;21.96;29.00;58.00;Bueno;130.37;Regular;Bueno;Regular
2026-04-13;21:00;168;70.46;76.38;58.75;Bueno;151.68;Regular;93;25.04;29.00;58.00;Bueno;130.37;Regular;Bueno;Regular
2026-04-13;22:00;103;73.79;76.38;58.75;Bueno;151.68;Regular;69;27.46;29.00;58.00;Bueno;130.37;Regular;Bueno;Regular
2026-04-13;23:00;81;76.38;76.38;58.75;Bueno;151.68;Regular;52;29.00;29.00;58.00;Bueno;130.37;Regular;Bueno;Regular
2026-04-14;00:00;64;78.38;52.88;40.67;Bueno;112.91;Regular;48;30.50;41.25;82.50;Bueno;157.18;Regular;Bueno;Regular
2026-04-14;01:00;50;79.71;52.88;40.67;Bueno;112.91;Regular;35;31.50;41.25;82.50;Bueno;157.18;Regular;Bueno;Regular
2026-04-14;02:00;55;81.33;52.88;40.67;Bueno;112.91;Regular;43;32.88;41.25;82.50;Bueno;157.18;Regular;Bueno;Regular
2026-04-14;03:00;43;82.54;52.88;40.67;Bueno;112.91;Regular;40;34.08;41.25;82.50;Bueno;157.18;Regular;Bueno;Regular
2026-04-14;04:00;40;83.42;52.88;40.67;Bueno;112.91;Regular;29;34.54;41.25;82.50;Bueno;157.18;Regular;Bueno;Regular
2026-04-14;05:00;29;83.71;52.88;40.67;Bueno;112.91;Regular;21;34.67;41.25;82.50;Bueno;157.18;Regular;Bueno;Regular
2026-04-14;06:00;30;84.04;52.88;40.67;Bueno;112.91;Regular;21;34.79;41.25;82.50;Bueno;157.18;Regular;Bueno;Regular
2026-04-14;07:00;21;83.71;52.88;40.67;Bueno;112.91;Regular;13;34.83;41.25;82.50;Bueno;157.18;Regular;Bueno;Regular
2026-04-14;08:00;21;83.71;52.88;40.67;Bueno;112.91;Regular;17;35.17;41.25;82.50;Bueno;157.18;Regular;Bueno;Regular
2026-04-14;09:00;33;84.29;52.88;40.67;Bueno;112.91;Regular;28;35.96;41.25;82.50;Bueno;157.18;Regular;Bueno;Regular
2026-04-14;10:00;23;84.33;52.88;40.67;Bueno;112.91;Regular;16;36.04;41.25;82.50;Bueno;157.18;Regular;Bueno;Regular
2026-04-14;11:00;23;84.21;52.88;40.67;Bueno;112.91;Regular;15;35.96;41.25;82.50;Bueno;157.18;Regular;Bueno;Regular
2026-04-14;12:00;27;83.75;52.88;40.67;Bueno;112.91;Regular;16;35.83;41.25;82.50;Bueno;157.18;Regular;Bueno;Regular
2026-04-14;13:00;50;84.83;52.88;40.67;Bueno;112.91;Regular;38;37.04;41.25;82.50;Bueno;157.18;Regular;Bueno;Regular
2026-04-14;14:00;38;85.04;52.88;40.67;Bueno;112.91;Regular;32;37.92;41.25;82.50;Bueno;157.18;Regular;Bueno;Regular
2026-04-14;15:00;45;85.08;52.88;40.67;Bueno;112.91;Regular;33;38.83;41.25;82.50;Bueno;157.18;Regular;Bueno;Regular
2026-04-14;16:00;60;83.33;52.88;40.67;Bueno;112.91;Regular;56;40.67;41.25;82.50;Bueno;157.18;Regular;Bueno;Regular
2026-04-14;17:00;75;80.04;52.88;40.67;Bueno;112.91;Regular;59;42.17;41.25;82.50;Bueno;157.18;Regular;Bueno;Regular
2026-04-14;18:00;84;77.04;52.88;40.67;Bueno;112.91;Regular;66;42.42;41.25;82.50;Bueno;157.18;Regular;Bueno;Regular
2026-04-14;19:00;114;65.71;52.88;40.67;Bueno;112.91;Regular;84;41.58;41.25;82.50;Bueno;157.18;Regular;Bueno;Regular
2026-04-14;20:00;78;56.46;52.88;40.67;Bueno;112.91;Regular;53;40.71;41.25;82.50;Bueno;157.18;Regular;Bueno;Regular
2026-04-14;21:00;79;52.75;52.88;40.67;Bueno;112.91;Regular;67;39.62;41.25;82.50;Bueno;157.18;Regular;Bueno;Regular
2026-04-14;22:00;95;52.42;52.88;40.67;Bueno;112.91;Regular;80;40.08;41.25;82.50;Bueno;157.18;Regular;Bueno;Regular
2026-04-14;23:00;92;52.88;52.88;40.67;Bueno;112.91;Regular;80;41.25;41.25;82.50;Bueno;157.18;Regular;Bueno;Regular
2026-04-15;00:00;79;53.50;63.25;48.65;Bueno;129.98;Regular;68;42.08;37.42;74.83;Bueno;148.77;Regular;Bueno;Regular
2026-04-15;01:00;68;54.25;63.25;48.65;Bueno;129.98;Regular;56;42.96;37.42;74.83;Bueno;148.77;Regular;Bueno;Regular
2026-04-15;02:00;48;53.96;63.25;48.65;Bueno;129.98;Regular;39;42.79;37.42;74.83;Bueno;148.77;Regular;Bueno;Regular
2026-04-15;03:00;43;53.96;63.25;48.65;Bueno;129.98;Regular;42;42.88;37.42;74.83;Bueno;148.77;Regular;Bueno;Regular
2026-04-15;04:00;53;54.50;63.25;48.65;Bueno;129.98;Regular;51;43.79;37.42;74.83;Bueno;148.77;Regular;Bueno;Regular
2026-04-15;05:00;52;55.46;63.25;48.65;Bueno;129.98;Regular;47;44.88;37.42;74.83;Bueno;148.77;Regular;Bueno;Regular
2026-04-15;06:00;74;57.29;63.25;48.65;Bueno;129.98;Regular;60;46.50;37.42;74.83;Bueno;148.77;Regular;Bueno;Regular
2026-04-15;07:00;79;59.71;63.25;48.65;Bueno;129.98;Regular;51;48.08;37.42;74.83;Bueno;148.77;Regular;Bueno;Regular
2026-04-15;08:00;60;61.33;63.25;48.65;Bueno;129.98;Regular;44;49.21;37.42;74.83;Bueno;148.77;Regular;Bueno;Regular
2026-04-15;09:00;42;61.71;63.25;48.65;Bueno;129.98;Regular;22;48.96;37.42;74.83;Bueno;148.77;Regular;Bueno;Regular
2026-04-15;10:00;34;62.17;63.25;48.65;Bueno;129.98;Regular;16;48.96;37.42;74.83;Bueno;148.77;Regular;Bueno;Regular
2026-04-15;11:00;22;62.12;63.25;48.65;Bueno;129.98;Regular;8;48.67;37.42;74.83;Bueno;148.77;Regular;Bueno;Regular
2026-04-15;12:00;36;62.50;63.25;48.65;Bueno;129.98;Regular;17;48.71;37.42;74.83;Bueno;148.77;Regular;Bueno;Regular
2026-04-15;13:00;17;61.12;63.25;48.65;Bueno;129.98;Regular;9;47.50;37.42;74.83;Bueno;148.77;Regular;Bueno;Regular
2026-04-15;14:00;29;60.75;63.25;48.65;Bueno;129.98;Regular;11;46.62;37.42;74.83;Bueno;148.77;Regular;Bueno;Regular
2026-04-15;15:00;17;59.58;63.25;48.65;Bueno;129.98;Regular;12;45.75;37.42;74.83;Bueno;148.77;Regular;Bueno;Regular
2026-04-15;16:00;26;58.17;63.25;48.65;Bueno;129.98;Regular;9;43.79;37.42;74.83;Bueno;148.77;Regular;Bueno;Regular
2026-04-15;17:00;33;56.42;63.25;48.65;Bueno;129.98;Regular;10;41.75;37.42;74.83;Bueno;148.77;Regular;Bueno;Regular
2026-04-15;18:00;109;57.46;63.25;48.65;Bueno;129.98;Regular;31;40.29;37.42;74.83;Bueno;148.77;Regular;Bueno;Regular
2026-04-15;19:00;212;61.54;63.25;48.65;Bueno;129.98;Regular;82;40.21;37.42;74.83;Bueno;148.77;Regular;Bueno;Regular
2026-04-15;20:00;211;67.08;63.25;48.65;Bueno;129.98;Regular;108;42.50;37.42;74.83;Bueno;148.77;Regular;Bueno;Regular
2026-04-15;21:00;91;67.58;63.25;48.65;Bueno;129.98;Regular;51;41.83;37.42;74.83;Bueno;148.77;Regular;Bueno;Regular
2026-04-15;22:00;59;66.08;63.25;48.65;Bueno;129.98;Regular;38;40.08;37.42;74.83;Bueno;148.77;Regular;Bueno;Regular
2026-04-15;23:00;24;63.25;63.25;48.65;Bueno;129.98;Regular;16;37.42;37.42;74.83;Bueno;148.77;Regular;Bueno;Regular
2026-04-16;00:00;20;60.79;25.83;19.87;Bueno;57.41;Bueno;10;35.00;15.33;30.67;Bueno;100.72;Regular;Bueno;Regular
2026-04-16;01:00;21;58.83;25.83;19.87;Bueno;57.41;Bueno;20;33.50;15.33;30.67;Bueno;100.72;Regular;Bueno;Regular
2026-04-16;02:00;25;57.88;25.83;19.87;Bueno;57.41;Bueno;18;32.62;15.33;30.67;Bueno;100.72;Regular;Bueno;Regular
2026-04-16;03:00;29;57.29;25.83;19.87;Bueno;57.41;Bueno;19;31.67;15.33;30.67;Bueno;100.72;Regular;Bueno;Regular
2026-04-16;04:00;21;55.96;25.83;19.87;Bueno;57.41;Bueno;16;30.21;15.33;30.67;Bueno;100.72;Regular;Bueno;Regular
2026-04-16;05:00;23;54.75;25.83;19.87;Bueno;57.41;Bueno;18;29.00;15.33;30.67;Bueno;100.72;Regular;Bueno;Regular
2026-04-16;06:00;18;52.42;25.83;19.87;Bueno;57.41;Bueno;10;26.92;15.33;30.67;Bueno;100.72;Regular;Bueno;Regular
2026-04-16;07:00;29;50.33;25.83;19.87;Bueno;57.41;Bueno;17;25.50;15.33;30.67;Bueno;100.72;Regular;Bueno;Regular
2026-04-16;08:00;24;48.83;25.83;19.87;Bueno;57.41;Bueno;14;24.25;15.33;30.67;Bueno;100.72;Regular;Bueno;Regular
2026-04-16;09:00;47;49.04;25.83;19.87;Bueno;57.41;Bueno;20;24.17;15.33;30.67;Bueno;100.72;Regular;Bueno;Regular
2026-04-16;10:00;29;48.83;25.83;19.87;Bueno;57.41;Bueno;19;24.29;15.33;30.67;Bueno;100.72;Regular;Bueno;Regular
2026-04-16;11:00;33;49.29;25.83;19.87;Bueno;57.41;Bueno;18;24.71;15.33;30.67;Bueno;100.72;Regular;Bueno;Regular
2026-04-16;12:00;50;49.88;25.83;19.87;Bueno;57.41;Bueno;15;24.62;15.33;30.67;Bueno;100.72;Regular;Bueno;Regular
2026-04-16;13:00;47;51.12;25.83;19.87;Bueno;57.41;Bueno;19;25.04;15.33;30.67;Bueno;100.72;Regular;Bueno;Regular
2026-04-16;14:00;32;51.25;25.83;19.87;Bueno;57.41;Bueno;16;25.25;15.33;30.67;Bueno;100.72;Regular;Bueno;Regular
2026-04-16;15:00;35;52.00;25.83;19.87;Bueno;57.41;Bueno;13;25.29;15.33;30.67;Bueno;100.72;Regular;Bueno;Regular
2026-04-16;16:00;33;52.29;25.83;19.87;Bueno;57.41;Bueno;19;25.71;15.33;30.67;Bueno;100.72;Regular;Bueno;Regular
2026-04-16;17:00;36;52.42;25.83;19.87;Bueno;57.41;Bueno;35;26.75;15.33;30.67;Bueno;100.72;Regular;Bueno;Regular
2026-04-16;18:00;20;48.71;25.83;19.87;Bueno;57.41;Bueno;17;26.17;15.33;30.67;Bueno;100.72;Regular;Bueno;Regular
2026-04-16;19:00;8;40.21;25.83;19.87;Bueno;57.41;Bueno;7;23.04;15.33;30.67;Bueno;100.72;Regular;Bueno;Regular
2026-04-16;20:00;12;31.92;25.83;19.87;Bueno;57.41;Bueno;9;18.92;15.33;30.67;Bueno;100.72;Regular;Bueno;Regular
2026-04-16;21:00;9;28.50;25.83;19.87;Bueno;57.41;Bueno;7;17.08;15.33;30.67;Bueno;100.72;Regular;Bueno;Regular
2026-04-16;22:00;11;26.50;25.83;19.87;Bueno;57.41;Bueno;6;15.75;15.33;30.67;Bueno;100.72;Regular;Bueno;Regular
2026-04-16;23:00;8;25.83;25.83;19.87;Bueno;57.41;Bueno;6;15.33;15.33;30.67;Bueno;100.72;Regular;Bueno;Regular
2026-04-17;00:00;8;25.33;14.04;10.80;Bueno;31.20;Bueno;7;15.21;9.50;19.00;Bueno;63.33;Bueno;Bueno;Bueno
2026-04-17;01:00;15;25.08;14.04;10.80;Bueno;31.20;Bueno;14;14.96;9.50;19.00;Bueno;63.33;Bueno;Bueno;Bueno
2026-04-17;02:00;11;24.50;14.04;10.80;Bueno;31.20;Bueno;8;14.54;9.50;19.00;Bueno;63.33;Bueno;Bueno;Bueno
2026-04-17;03:00;7;23.58;14.04;10.80;Bueno;31.20;Bueno;5;13.96;9.50;19.00;Bueno;63.33;Bueno;Bueno;Bueno
2026-04-17;04:00;7;23.00;14.04;10.80;Bueno;31.20;Bueno;6;13.54;9.50;19.00;Bueno;63.33;Bueno;Bueno;Bueno
2026-04-17;05:00;7;22.33;14.04;10.80;Bueno;31.20;Bueno;6;13.04;9.50;19.00;Bueno;63.33;Bueno;Bueno;Bueno
2026-04-17;06:00;4;21.75;14.04;10.80;Bueno;31.20;Bueno;3;12.75;9.50;19.00;Bueno;63.33;Bueno;Bueno;Bueno
2026-04-17;07:00;5;20.75;14.04;10.80;Bueno;31.20;Bueno;3;12.17;9.50;19.00;Bueno;63.33;Bueno;Bueno;Bueno
2026-04-17;08:00;7;20.04;14.04;10.80;Bueno;31.20;Bueno;6;11.83;9.50;19.00;Bueno;63.33;Bueno;Bueno;Bueno
2026-04-17;09:00;6;18.33;14.04;10.80;Bueno;31.20;Bueno;5;11.21;9.50;19.00;Bueno;63.33;Bueno;Bueno;Bueno
2026-04-17;10:00;8;17.46;14.04;10.80;Bueno;31.20;Bueno;7;10.71;9.50;19.00;Bueno;63.33;Bueno;Bueno;Bueno
2026-04-17;11:00;11;16.54;14.04;10.80;Bueno;31.20;Bueno;5;10.17;9.50;19.00;Bueno;63.33;Bueno;Bueno;Bueno
2026-04-17;12:00;9;14.83;14.04;10.80;Bueno;31.20;Bueno;6;9.79;9.50;19.00;Bueno;63.33;Bueno;Bueno;Bueno
2026-04-17;13:00;10;13.29;14.04;10.80;Bueno;31.20;Bueno;7;9.29;9.50;19.00;Bueno;63.33;Bueno;Bueno;Bueno
2026-04-17;14:00;11;12.42;14.04;10.80;Bueno;31.20;Bueno;5;8.83;9.50;19.00;Bueno;63.33;Bueno;Bueno;Bueno
2026-04-17;15:00;22;11.88;14.04;10.80;Bueno;31.20;Bueno;9;8.67;9.50;19.00;Bueno;63.33;Bueno;Bueno;Bueno
2026-04-17;16:00;26;11.58;14.04;10.80;Bueno;31.20;Bueno;23;8.83;9.50;19.00;Bueno;63.33;Bueno;Bueno;Bueno
2026-04-17;17:00;28;11.25;14.04;10.80;Bueno;31.20;Bueno;21;8.25;9.50;19.00;Bueno;63.33;Bueno;Bueno;Bueno
2026-04-17;18:00;31;11.71;14.04;10.80;Bueno;31.20;Bueno;17;8.25;9.50;19.00;Bueno;63.33;Bueno;Bueno;Bueno
2026-04-17;19:00;26;12.46;14.04;10.80;Bueno;31.20;Bueno;18;8.71;9.50;19.00;Bueno;63.33;Bueno;Bueno;Bueno
2026-04-17;20:00;21;12.83;14.04;10.80;Bueno;31.20;Bueno;15;8.96;9.50;19.00;Bueno;63.33;Bueno;Bueno;Bueno
2026-04-17;21:00;25;13.50;14.04;10.80;Bueno;31.20;Bueno;11;9.12;9.50;19.00;Bueno;63.33;Bueno;Bueno;Bueno
2026-04-17;22:00;15;13.67;14.04;10.80;Bueno;31.20;Bueno;11;9.33;9.50;19.00;Bueno;63.33;Bueno;Bueno;Bueno
2026-04-17;23:00;17;14.04;14.04;10.80;Bueno;31.20;Bueno;10;9.50;9.50;19.00;Bueno;63.33;Bueno;Bueno;Bueno
2026-04-18;00:00;16;14.38;21.17;16.29;Bueno;47.05;Bueno;10;9.62;16.00;32.00;Bueno;102.16;Regular;Bueno;Regular
2026-04-18;01:00;19;14.54;21.17;16.29;Bueno;47.05;Bueno;6;9.29;16.00;32.00;Bueno;102.16;Regular;Bueno;Regular
2026-04-18;02:00;18;14.83;21.17;16.29;Bueno;47.05;Bueno;7;9.25;16.00;32.00;Bueno;102.16;Regular;Bueno;Regular
2026-04-18;03:00;16;15.21;21.17;16.29;Bueno;47.05;Bueno;10;9.46;16.00;32.00;Bueno;102.16;Regular;Bueno;Regular
2026-04-18;04:00;14;15.50;21.17;16.29;Bueno;47.05;Bueno;7;9.50;16.00;32.00;Bueno;102.16;Regular;Bueno;Regular
2026-04-18;05:00;14;15.79;21.17;16.29;Bueno;47.05;Bueno;6;9.50;16.00;32.00;Bueno;102.16;Regular;Bueno;Regular
2026-04-18;06:00;11;16.08;21.17;16.29;Bueno;47.05;Bueno;7;9.67;16.00;32.00;Bueno;102.16;Regular;Bueno;Regular
2026-04-18;07:00;10;16.29;21.17;16.29;Bueno;47.05;Bueno;6;9.79;16.00;32.00;Bueno;102.16;Regular;Bueno;Regular
2026-04-18;08:00;18;16.75;21.17;16.29;Bueno;47.05;Bueno;6;9.79;16.00;32.00;Bueno;102.16;Regular;Bueno;Regular
2026-04-18;09:00;14;17.08;21.17;16.29;Bueno;47.05;Bueno;11;10.04;16.00;32.00;Bueno;102.16;Regular;Bueno;Regular
2026-04-18;10:00;16;17.42;21.17;16.29;Bueno;47.05;Bueno;8;10.08;16.00;32.00;Bueno;102.16;Regular;Bueno;Regular
2026-04-18;11:00;18;17.71;21.17;16.29;Bueno;47.05;Bueno;13;10.42;16.00;32.00;Bueno;102.16;Regular;Bueno;Regular
2026-04-18;12:00;;18.09;21.17;16.29;Bueno;47.05;Bueno;;10.61;16.00;32.00;Bueno;102.16;Regular;Bueno;Regular
2026-04-18;13:00;14;18.26;21.17;16.29;Bueno;47.05;Bueno;11;10.78;16.00;32.00;Bueno;102.16;Regular;Bueno;Regular
2026-04-18;14:00;14;18.39;21.17;16.29;Bueno;47.05;Bueno;13;11.13;16.00;32.00;Bueno;102.16;Regular;Bueno;Regular
2026-04-18;15:00;24;18.48;21.17;16.29;Bueno;47.05;Bueno;23;11.74;16.00;32.00;Bueno;102.16;Regular;Bueno;Regular
2026-04-18;16:00;20;18.22;21.17;16.29;Bueno;47.05;Bueno;16;11.43;16.00;32.00;Bueno;102.16;Regular;Bueno;Regular
2026-04-18;17:00;24;18.04;21.17;16.29;Bueno;47.05;Bueno;20;11.39;16.00;32.00;Bueno;102.16;Regular;Bueno;Regular
2026-04-18;18:00;24;17.74;21.17;16.29;Bueno;47.05;Bueno;23;11.65;16.00;32.00;Bueno;102.16;Regular;Bueno;Regular
2026-04-18;19:00;38;18.26;21.17;16.29;Bueno;47.05;Bueno;36;12.43;16.00;32.00;Bueno;102.16;Regular;Bueno;Regular
2026-04-18;20:00;43;19.22;21.17;16.29;Bueno;47.05;Bueno;38;13.43;16.00;32.00;Bueno;102.16;Regular;Bueno;Regular
2026-04-18;21:00;42;19.96;21.17;16.29;Bueno;47.05;Bueno;41;14.74;16.00;32.00;Bueno;102.16;Regular;Bueno;Regular
2026-04-18;22:00;36;20.87;21.17;16.29;Bueno;47.05;Bueno;27;15.43;16.00;32.00;Bueno;102.16;Regular;Bueno;Regular
2026-04-18;23:00;24;21.17;21.17;16.29;Bueno;47.05;Bueno;23;16.00;16.00;32.00;Bueno;102.16;Regular;Bueno;Regular
2026-04-19;00:00;24;21.52;19.58;15.06;Bueno;43.52;Bueno;14;16.17;13.88;27.75;Bueno;92.50;Bueno;Bueno;Bueno
2026-04-19;01:00;15;21.35;19.58;15.06;Bueno;43.52;Bueno;11;16.39;13.88;27.75;Bueno;92.50;Bueno;Bueno;Bueno
2026-04-19;02:00;17;21.30;19.58;15.06;Bueno;43.52;Bueno;7;16.39;13.88;27.75;Bueno;92.50;Bueno;Bueno;Bueno
2026-04-19;03:00;18;21.39;19.58;15.06;Bueno;43.52;Bueno;13;16.52;13.88;27.75;Bueno;92.50;Bueno;Bueno;Bueno
2026-04-19;04:00;17;21.52;19.58;15.06;Bueno;43.52;Bueno;11;16.70;13.88;27.75;Bueno;92.50;Bueno;Bueno;Bueno
2026-04-19;05:00;14;21.52;19.58;15.06;Bueno;43.52;Bueno;10;16.87;13.88;27.75;Bueno;92.50;Bueno;Bueno;Bueno
2026-04-19;06:00;21;21.96;19.58;15.06;Bueno;43.52;Bueno;15;17.22;13.88;27.75;Bueno;92.50;Bueno;Bueno;Bueno
2026-04-19;07:00;23;22.52;19.58;15.06;Bueno;43.52;Bueno;16;17.65;13.88;27.75;Bueno;92.50;Bueno;Bueno;Bueno
2026-04-19;08:00;16;22.43;19.58;15.06;Bueno;43.52;Bueno;8;17.74;13.88;27.75;Bueno;92.50;Bueno;Bueno;Bueno
2026-04-19;09:00;13;22.39;19.58;15.06;Bueno;43.52;Bueno;7;17.57;13.88;27.75;Bueno;92.50;Bueno;Bueno;Bueno
2026-04-19;10:00;15;22.35;19.58;15.06;Bueno;43.52;Bueno;7;17.52;13.88;27.75;Bueno;92.50;Bueno;Bueno;Bueno
2026-04-19;11:00;14;22.17;19.58;15.06;Bueno;43.52;Bueno;11;17.43;13.88;27.75;Bueno;92.50;Bueno;Bueno;Bueno
2026-04-19;12:00;21;22.12;19.58;15.06;Bueno;43.52;Bueno;15;17.33;13.88;27.75;Bueno;92.50;Bueno;Bueno;Bueno
2026-04-19;13:00;15;22.17;19.58;15.06;Bueno;43.52;Bueno;9;17.25;13.88;27.75;Bueno;92.50;Bueno;Bueno;Bueno
2026-04-19;14:00;12;22.08;19.58;15.06;Bueno;43.52;Bueno;8;17.04;13.88;27.75;Bueno;92.50;Bueno;Bueno;Bueno
2026-04-19;15:00;11;21.54;19.58;15.06;Bueno;43.52;Bueno;5;16.29;13.88;27.75;Bueno;92.50;Bueno;Bueno;Bueno
2026-04-19;16:00;9;21.08;19.58;15.06;Bueno;43.52;Bueno;6;15.88;13.88;27.75;Bueno;92.50;Bueno;Bueno;Bueno
2026-04-19;17:00;23;21.04;19.58;15.06;Bueno;43.52;Bueno;17;15.75;13.88;27.75;Bueno;92.50;Bueno;Bueno;Bueno
2026-04-19;18:00;41;21.75;19.58;15.06;Bueno;43.52;Bueno;28;15.96;13.88;27.75;Bueno;92.50;Bueno;Bueno;Bueno
2026-04-19;19:00;38;21.75;19.58;15.06;Bueno;43.52;Bueno;28;15.62;13.88;27.75;Bueno;92.50;Bueno;Bueno;Bueno
2026-04-19;20:00;29;21.17;19.58;15.06;Bueno;43.52;Bueno;28;15.21;13.88;27.75;Bueno;92.50;Bueno;Bueno;Bueno
2026-04-19;21:00;27;20.54;19.58;15.06;Bueno;43.52;Bueno;25;14.54;13.88;27.75;Bueno;92.50;Bueno;Bueno;Bueno
2026-04-19;22:00;22;19.96;19.58;15.06;Bueno;43.52;Bueno;21;14.29;13.88;27.75;Bueno;92.50;Bueno;Bueno;Bueno
2026-04-19;23:00;15;19.58;19.58;15.06;Bueno;43.52;Bueno;13;13.88;13.88;27.75;Bueno;92.50;Bueno;Bueno;Bueno
2026-04-20;00:00;16;19.25;40.29;30.99;Bueno;89.52;Bueno;9;13.67;28.90;57.81;Bueno;130.17;Regular;Bueno;Regular
2026-04-20;01:00;18;19.38;40.29;30.99;Bueno;89.52;Bueno;14;13.79;28.90;57.81;Bueno;130.17;Regular;Bueno;Regular
2026-04-20;02:00;16;19.33;40.29;30.99;Bueno;89.52;Bueno;10;13.92;28.90;57.81;Bueno;130.17;Regular;Bueno;Regular
2026-04-20;03:00;12;19.08;40.29;30.99;Bueno;89.52;Bueno;9;13.75;28.90;57.81;Bueno;130.17;Regular;Bueno;Regular
2026-04-20;04:00;14;18.96;40.29;30.99;Bueno;89.52;Bueno;6;13.54;28.90;57.81;Bueno;130.17;Regular;Bueno;Regular
2026-04-20;05:00;10;18.79;40.29;30.99;Bueno;89.52;Bueno;7;13.42;28.90;57.81;Bueno;130.17;Regular;Bueno;Regular
2026-04-20;06:00;13;18.46;40.29;30.99;Bueno;89.52;Bueno;7;13.08;28.90;57.81;Bueno;130.17;Regular;Bueno;Regular
2026-04-20;07:00;30;18.75;40.29;30.99;Bueno;89.52;Bueno;10;12.83;28.90;57.81;Bueno;130.17;Regular;Bueno;Regular
2026-04-20;08:00;27;19.21;40.29;30.99;Bueno;89.52;Bueno;13;13.04;28.90;57.81;Bueno;130.17;Regular;Bueno;Regular
2026-04-20;09:00;16;19.33;40.29;30.99;Bueno;89.52;Bueno;10;13.17;28.90;57.81;Bueno;130.17;Regular;Bueno;Regular
2026-04-20;10:00;18;19.46;40.29;30.99;Bueno;89.52;Bueno;9;13.25;28.90;57.81;Bueno;130.17;Regular;Bueno;Regular
2026-04-20;11:00;18;19.62;40.29;30.99;Bueno;89.52;Bueno;11;13.25;28.90;57.81;Bueno;130.17;Regular;Bueno;Regular
2026-04-20;12:00;13;19.29;40.29;30.99;Bueno;89.52;Bueno;12;13.12;28.90;57.81;Bueno;130.17;Regular;Bueno;Regular
2026-04-20;13:00;;19.48;40.29;30.99;Bueno;89.52;Bueno;;13.30;28.90;57.81;Bueno;130.17;Regular;Bueno;Regular
2026-04-20;14:00;;19.82;40.29;30.99;Bueno;89.52;Bueno;;13.55;28.90;57.81;Bueno;130.17;Regular;Bueno;Regular
2026-04-20;15:00;;20.24;40.29;30.99;Bueno;89.52;Bueno;;13.95;28.90;57.81;Bueno;130.17;Regular;Bueno;Regular
2026-04-20;16:00;17;20.62;40.29;30.99;Bueno;89.52;Bueno;9;14.10;28.90;57.81;Bueno;130.17;Regular;Bueno;Regular
2026-04-20;17:00;22;20.57;40.29;30.99;Bueno;89.52;Bueno;13;13.90;28.90;57.81;Bueno;130.17;Regular;Bueno;Regular
2026-04-20;18:00;55;21.24;40.29;30.99;Bueno;89.52;Bueno;29;13.95;28.90;57.81;Bueno;130.17;Regular;Bueno;Regular
2026-04-20;19:00;77;23.10;40.29;30.99;Bueno;89.52;Bueno;50;15.00;28.90;57.81;Bueno;130.17;Regular;Bueno;Regular
2026-04-20;20:00;145;28.62;40.29;30.99;Bueno;89.52;Bueno;122;19.48;28.90;57.81;Bueno;130.17;Regular;Bueno;Regular
2026-04-20;21:00;56;30.00;40.29;30.99;Bueno;89.52;Bueno;37;20.05;28.90;57.81;Bueno;130.17;Regular;Bueno;Regular
2026-04-20;22:00;160;36.57;40.29;30.99;Bueno;89.52;Bueno;149;26.14;28.90;57.81;Bueno;130.17;Regular;Bueno;Regular
2026-04-20;23:00;93;40.29;40.29;30.99;Bueno;89.52;Bueno;71;28.90;28.90;57.81;Bueno;130.17;Regular;Bueno;Regular
2026-04-21;00:00;179;48.05;63.92;49.17;Bueno;131.08;Regular;167;36.43;49.29;98.58;Bueno;174.89;Regular;Bueno;Regular
2026-04-21;01:00;140;53.86;63.92;49.17;Bueno;131.08;Regular;123;41.62;49.29;98.58;Bueno;174.89;Regular;Bueno;Regular
2026-04-21;02:00;135;59.52;63.92;49.17;Bueno;131.08;Regular;128;47.24;49.29;98.58;Bueno;174.89;Regular;Bueno;Regular
2026-04-21;03:00;76;62.57;63.92;49.17;Bueno;131.08;Regular;70;50.14;49.29;98.58;Bueno;174.89;Regular;Bueno;Regular
2026-04-21;04:00;26;63.14;63.92;49.17;Bueno;131.08;Regular;21;50.86;49.29;98.58;Bueno;174.89;Regular;Bueno;Regular
2026-04-21;05:00;26;63.90;63.92;49.17;Bueno;131.08;Regular;25;51.71;49.29;98.58;Bueno;174.89;Regular;Bueno;Regular
2026-04-21;06:00;39;65.14;63.92;49.17;Bueno;131.08;Regular;32;52.90;49.29;98.58;Bueno;174.89;Regular;Bueno;Regular
2026-04-21;07:00;83;67.67;63.92;49.17;Bueno;131.08;Regular;49;54.76;49.29;98.58;Bueno;174.89;Regular;Bueno;Regular
2026-04-21;08:00;51;68.81;63.92;49.17;Bueno;131.08;Regular;26;55.38;49.29;98.58;Bueno;174.89;Regular;Bueno;Regular
2026-04-21;09:00;32;69.57;63.92;49.17;Bueno;131.08;Regular;16;55.67;49.29;98.58;Bueno;174.89;Regular;Bueno;Regular
2026-04-21;10:00;21;69.71;63.92;49.17;Bueno;131.08;Regular;15;55.95;49.29;98.58;Bueno;174.89;Regular;Bueno;Regular
2026-04-21;11:00;22;69.90;63.92;49.17;Bueno;131.08;Regular;14;56.10;49.29;98.58;Bueno;174.89;Regular;Bueno;Regular
2026-04-21;12:00;18;70.14;63.92;49.17;Bueno;131.08;Regular;11;56.05;49.29;98.58;Bueno;174.89;Regular;Bueno;Regular
2026-04-21;13:00;17;67.73;63.92;49.17;Bueno;131.08;Regular;9;53.91;49.29;98.58;Bueno;174.89;Regular;Bueno;Regular
2026-04-21;14:00;16;65.48;63.92;49.17;Bueno;131.08;Regular;6;51.83;49.29;98.58;Bueno;174.89;Regular;Bueno;Regular
2026-04-21;15:00;18;63.50;63.92;49.17;Bueno;131.08;Regular;6;49.92;49.29;98.58;Bueno;174.89;Regular;Bueno;Regular
2026-04-21;16:00;20;63.62;63.92;49.17;Bueno;131.08;Regular;7;49.83;49.29;98.58;Bueno;174.89;Regular;Bueno;Regular
2026-04-21;17:00;31;64.00;63.92;49.17;Bueno;131.08;Regular;17;50.00;49.29;98.58;Bueno;174.89;Regular;Bueno;Regular
2026-04-21;18:00;109;66.25;63.92;49.17;Bueno;131.08;Regular;59;51.25;49.29;98.58;Bueno;174.89;Regular;Bueno;Regular
2026-04-21;19:00;41;64.75;63.92;49.17;Bueno;131.08;Regular;25;50.21;49.29;98.58;Bueno;174.89;Regular;Bueno;Regular
2026-04-21;20:00;91;62.50;63.92;49.17;Bueno;131.08;Regular;66;47.88;49.29;98.58;Bueno;174.89;Regular;Bueno;Regular
2026-04-21;21:00;62;62.75;63.92;49.17;Bueno;131.08;Regular;52;48.50;49.29;98.58;Bueno;174.89;Regular;Bueno;Regular
2026-04-21;22:00;102;60.33;63.92;49.17;Bueno;131.08;Regular;86;45.88;49.29;98.58;Bueno;174.89;Regular;Bueno;Regular
2026-04-21;23:00;179;63.92;63.92;49.17;Bueno;131.08;Regular;153;49.29;49.29;98.58;Bueno;174.89;Regular;Bueno;Regular
2026-04-22;00:00;172;63.62;57.88;44.52;Bueno;121.13;Regular;154;48.75;42.58;85.17;Bueno;160.11;Regular;Bueno;Regular
2026-04-22;01:00;147;63.92;57.88;44.52;Bueno;121.13;Regular;135;49.25;42.58;85.17;Bueno;160.11;Regular;Bueno;Regular
2026-04-22;02:00;119;63.25;57.88;44.52;Bueno;121.13;Regular;111;48.54;42.58;85.17;Bueno;160.11;Regular;Bueno;Regular
2026-04-22;03:00;49;62.12;57.88;44.52;Bueno;121.13;Regular;42;47.38;42.58;85.17;Bueno;160.11;Regular;Bueno;Regular
2026-04-22;04:00;32;62.38;57.88;44.52;Bueno;121.13;Regular;23;47.46;42.58;85.17;Bueno;160.11;Regular;Bueno;Regular
2026-04-22;05:00;33;62.67;57.88;44.52;Bueno;121.13;Regular;22;47.33;42.58;85.17;Bueno;160.11;Regular;Bueno;Regular
2026-04-22;06:00;30;62.29;57.88;44.52;Bueno;121.13;Regular;20;46.83;42.58;85.17;Bueno;160.11;Regular;Bueno;Regular
2026-04-22;07:00;56;61.17;57.88;44.52;Bueno;121.13;Regular;30;46.04;42.58;85.17;Bueno;160.11;Regular;Bueno;Regular
2026-04-22;08:00;55;61.33;57.88;44.52;Bueno;121.13;Regular;28;46.12;42.58;85.17;Bueno;160.11;Regular;Bueno;Regular
2026-04-22;09:00;59;62.46;57.88;44.52;Bueno;121.13;Regular;24;46.46;42.58;85.17;Bueno;160.11;Regular;Bueno;Regular
2026-04-22;10:00;38;63.17;57.88;44.52;Bueno;121.13;Regular;21;46.71;42.58;85.17;Bueno;160.11;Regular;Bueno;Regular
2026-04-22;11:00;52;64.42;57.88;44.52;Bueno;121.13;Regular;34;47.54;42.58;85.17;Bueno;160.11;Regular;Bueno;Regular
2026-04-22;12:00;34;65.08;57.88;44.52;Bueno;121.13;Regular;21;47.96;42.58;85.17;Bueno;160.11;Regular;Bueno;Regular
2026-04-22;13:00;24;65.38;57.88;44.52;Bueno;121.13;Regular;13;48.12;42.58;85.17;Bueno;160.11;Regular;Bueno;Regular
2026-04-22;14:00;33;66.08;57.88;44.52;Bueno;121.13;Regular;27;49.00;42.58;85.17;Bueno;160.11;Regular;Bueno;Regular
2026-04-22;15:00;27;66.46;57.88;44.52;Bueno;121.13;Regular;14;49.33;42.58;85.17;Bueno;160.11;Regular;Bueno;Regular
2026-04-22;16:00;42;67.38;57.88;44.52;Bueno;121.13;Regular;33;50.42;42.58;85.17;Bueno;160.11;Regular;Bueno;Regular
2026-04-22;17:00;25;67.12;57.88;44.52;Bueno;121.13;Regular;14;50.29;42.58;85.17;Bueno;160.11;Regular;Bueno;Regular
2026-04-22;18:00;62;65.17;57.88;44.52;Bueno;121.13;Regular;37;49.38;42.58;85.17;Bueno;160.11;Regular;Bueno;Regular
2026-04-22;19:00;70;66.38;57.88;44.52;Bueno;121.13;Regular;45;50.21;42.58;85.17;Bueno;160.11;Regular;Bueno;Regular
2026-04-22;20:00;134;68.17;57.88;44.52;Bueno;121.13;Regular;115;52.25;42.58;85.17;Bueno;160.11;Regular;Bueno;Regular
2026-04-22;21:00;33;66.96;57.88;44.52;Bueno;121.13;Regular;25;51.12;42.58;85.17;Bueno;160.11;Regular;Bueno;Regular
2026-04-22;22:00;32;64.04;57.88;44.52;Bueno;121.13;Regular;19;48.33;42.58;85.17;Bueno;160.11;Regular;Bueno;Regular
2026-04-22;23:00;31;57.88;57.88;44.52;Bueno;121.13;Regular;15;42.58;42.58;85.17;Bueno;160.11;Regular;Bueno;Regular
2026-04-23;00:00;28;51.88;33.38;25.67;Bueno;74.17;Bueno;21;37.04;19.42;38.83;Bueno;109.55;Regular;Bueno;Regular
2026-04-23;01:00;23;46.71;33.38;25.67;Bueno;74.17;Bueno;22;32.33;19.42;38.83;Bueno;109.55;Regular;Bueno;Regular
2026-04-23;02:00;22;42.67;33.38;25.67;Bueno;74.17;Bueno;17;28.42;19.42;38.83;Bueno;109.55;Regular;Bueno;Regular
2026-04-23;03:00;17;41.33;33.38;25.67;Bueno;74.17;Bueno;8;27.00;19.42;38.83;Bueno;109.55;Regular;Bueno;Regular
2026-04-23;04:00;15;40.62;33.38;25.67;Bueno;74.17;Bueno;9;26.42;19.42;38.83;Bueno;109.55;Regular;Bueno;Regular
2026-04-23;05:00;21;40.12;33.38;25.67;Bueno;74.17;Bueno;13;26.04;19.42;38.83;Bueno;109.55;Regular;Bueno;Regular
2026-04-23;06:00;35;40.33;33.38;25.67;Bueno;74.17;Bueno;20;26.04;19.42;38.83;Bueno;109.55;Regular;Bueno;Regular
2026-04-23;07:00;57;40.38;33.38;25.67;Bueno;74.17;Bueno;26;25.88;19.42;38.83;Bueno;109.55;Regular;Bueno;Regular
2026-04-23;08:00;42;39.83;33.38;25.67;Bueno;74.17;Bueno;15;25.33;19.42;38.83;Bueno;109.55;Regular;Bueno;Regular
2026-04-23;09:00;22;38.29;33.38;25.67;Bueno;74.17;Bueno;9;24.71;19.42;38.83;Bueno;109.55;Regular;Bueno;Regular
2026-04-23;10:00;25;37.75;33.38;25.67;Bueno;74.17;Bueno;9;24.21;19.42;38.83;Bueno;109.55;Regular;Bueno;Regular
2026-04-23;11:00;21;36.46;33.38;25.67;Bueno;74.17;Bueno;7;23.08;19.42;38.83;Bueno;109.55;Regular;Bueno;Regular
2026-04-23;12:00;24;36.04;33.38;25.67;Bueno;74.17;Bueno;4;22.38;19.42;38.83;Bueno;109.55;Regular;Bueno;Regular
2026-04-23;13:00;22;35.96;33.38;25.67;Bueno;74.17;Bueno;5;22.04;19.42;38.83;Bueno;109.55;Regular;Bueno;Regular
2026-04-23;14:00;14;35.17;33.38;25.67;Bueno;74.17;Bueno;4;21.08;19.42;38.83;Bueno;109.55;Regular;Bueno;Regular
2026-04-23;15:00;19;34.83;33.38;25.67;Bueno;74.17;Bueno;8;20.83;19.42;38.83;Bueno;109.55;Regular;Bueno;Regular
2026-04-23;16:00;23;34.04;33.38;25.67;Bueno;74.17;Bueno;7;19.75;19.42;38.83;Bueno;109.55;Regular;Bueno;Regular
2026-04-23;17:00;23;33.96;33.38;25.67;Bueno;74.17;Bueno;8;19.50;19.42;38.83;Bueno;109.55;Regular;Bueno;Regular
2026-04-23;18:00;34;32.79;33.38;25.67;Bueno;74.17;Bueno;16;18.62;19.42;38.83;Bueno;109.55;Regular;Bueno;Regular
2026-04-23;19:00;47;31.83;33.38;25.67;Bueno;74.17;Bueno;26;17.83;19.42;38.83;Bueno;109.55;Regular;Bueno;Regular
2026-04-23;20:00;40;27.92;33.38;25.67;Bueno;74.17;Bueno;33;14.42;19.42;38.83;Bueno;109.55;Regular;Bueno;Regular
2026-04-23;21:00;55;28.83;33.38;25.67;Bueno;74.17;Bueno;42;15.12;19.42;38.83;Bueno;109.55;Regular;Bueno;Regular
2026-04-23;22:00;69;30.38;33.38;25.67;Bueno;74.17;Bueno;47;16.29;19.42;38.83;Bueno;109.55;Regular;Bueno;Regular
2026-04-23;23:00;103;33.38;33.38;25.67;Bueno;74.17;Bueno;90;19.42;19.42;38.83;Bueno;109.55;Regular;Bueno;Regular
2026-04-24;00:00;107;36.67;59.46;45.74;Bueno;123.73;Regular;85;22.08;46.92;93.83;Bueno;169.65;Regular;Bueno;Regular
2026-04-24;01:00;126;40.96;59.46;45.74;Bueno;123.73;Regular;112;25.83;46.92;93.83;Bueno;169.65;Regular;Bueno;Regular
2026-04-24;02:00;101;44.25;59.46;45.74;Bueno;123.73;Regular;94;29.04;46.92;93.83;Bueno;169.65;Regular;Bueno;Regular
2026-04-24;03:00;83;47.00;59.46;45.74;Bueno;123.73;Regular;76;31.88;46.92;93.83;Bueno;169.65;Regular;Bueno;Regular
2026-04-24;04:00;72;49.38;59.46;45.74;Bueno;123.73;Regular;62;34.08;46.92;93.83;Bueno;169.65;Regular;Bueno;Regular
2026-04-24;05:00;53;50.71;59.46;45.74;Bueno;123.73;Regular;48;35.54;46.92;93.83;Bueno;169.65;Regular;Bueno;Regular
2026-04-24;06:00;58;51.67;59.46;45.74;Bueno;123.73;Regular;46;36.62;46.92;93.83;Bueno;169.65;Regular;Bueno;Regular
2026-04-24;07:00;63;51.92;59.46;45.74;Bueno;123.73;Regular;46;37.46;46.92;93.83;Bueno;169.65;Regular;Bueno;Regular
2026-04-24;08:00;54;52.42;59.46;45.74;Bueno;123.73;Regular;38;38.42;46.92;93.83;Bueno;169.65;Regular;Bueno;Regular
2026-04-24;09:00;72;54.50;59.46;45.74;Bueno;123.73;Regular;51;40.17;46.92;93.83;Bueno;169.65;Regular;Bueno;Regular
2026-04-24;10:00;59;55.92;59.46;45.74;Bueno;123.73;Regular;46;41.71;46.92;93.83;Bueno;169.65;Regular;Bueno;Regular
2026-04-24;11:00;35;56.50;59.46;45.74;Bueno;123.73;Regular;19;42.21;46.92;93.83;Bueno;169.65;Regular;Bueno;Regular
2026-04-24;12:00;17;56.21;59.46;45.74;Bueno;123.73;Regular;11;42.50;46.92;93.83;Bueno;169.65;Regular;Bueno;Regular
2026-04-24;13:00;18;56.04;59.46;45.74;Bueno;123.73;Regular;11;42.75;46.92;93.83;Bueno;169.65;Regular;Bueno;Regular
2026-04-24;14:00;39;57.08;59.46;45.74;Bueno;123.73;Regular;21;43.46;46.92;93.83;Bueno;169.65;Regular;Bueno;Regular
2026-04-24;15:00;90;60.04;59.46;45.74;Bueno;123.73;Regular;85;46.67;46.92;93.83;Bueno;169.65;Regular;Bueno;Regular
2026-04-24;16:00;56;61.42;59.46;45.74;Bueno;123.73;Regular;40;48.04;46.92;93.83;Bueno;169.65;Regular;Bueno;Regular
2026-04-24;17:00;73;63.50;59.46;45.74;Bueno;123.73;Regular;51;49.83;46.92;93.83;Bueno;169.65;Regular;Bueno;Regular
2026-04-24;18:00;101;66.29;59.46;45.74;Bueno;123.73;Regular;64;51.83;46.92;93.83;Bueno;169.65;Regular;Bueno;Regular
2026-04-24;19:00;65;67.04;59.46;45.74;Bueno;123.73;Regular;55;53.04;46.92;93.83;Bueno;169.65;Regular;Bueno;Regular
2026-04-24;20:00;34;66.79;59.46;45.74;Bueno;123.73;Regular;22;52.58;46.92;93.83;Bueno;169.65;Regular;Bueno;Regular
2026-04-24;21:00;21;65.38;59.46;45.74;Bueno;123.73;Regular;19;51.62;46.92;93.83;Bueno;169.65;Regular;Bueno;Regular
2026-04-24;22:00;20;63.33;59.46;45.74;Bueno;123.73;Regular;15;50.29;46.92;93.83;Bueno;169.65;Regular;Bueno;Regular
2026-04-24;23:00;10;59.46;59.46;45.74;Bueno;123.73;Regular;9;46.92;46.92;93.83;Bueno;169.65;Regular;Bueno;Regular
2026-04-25;00:00;9;55.38;63.96;49.20;Bueno;131.15;Regular;6;43.62;47.54;95.08;Bueno;171.02;Regular;Bueno;Regular
2026-04-25;01:00;14;50.71;63.96;49.20;Bueno;131.15;Regular;7;39.25;47.54;95.08;Bueno;171.02;Regular;Bueno;Regular
2026-04-25;02:00;26;47.58;63.96;49.20;Bueno;131.15;Regular;18;36.08;47.54;95.08;Bueno;171.02;Regular;Bueno;Regular
2026-04-25;03:00;21;45.00;63.96;49.20;Bueno;131.15;Regular;11;33.38;47.54;95.08;Bueno;171.02;Regular;Bueno;Regular
2026-04-25;04:00;18;42.75;63.96;49.20;Bueno;131.15;Regular;13;31.33;47.54;95.08;Bueno;171.02;Regular;Bueno;Regular
2026-04-25;05:00;16;41.21;63.96;49.20;Bueno;131.15;Regular;15;29.96;47.54;95.08;Bueno;171.02;Regular;Bueno;Regular
2026-04-25;06:00;18;39.54;63.96;49.20;Bueno;131.15;Regular;8;28.38;47.54;95.08;Bueno;171.02;Regular;Bueno;Regular
2026-04-25;07:00;20;37.75;63.96;49.20;Bueno;131.15;Regular;8;26.79;47.54;95.08;Bueno;171.02;Regular;Bueno;Regular
2026-04-25;08:00;20;36.33;63.96;49.20;Bueno;131.15;Regular;10;25.62;47.54;95.08;Bueno;171.02;Regular;Bueno;Regular
2026-04-25;09:00;38;34.92;63.96;49.20;Bueno;131.15;Regular;14;24.08;47.54;95.08;Bueno;171.02;Regular;Bueno;Regular
2026-04-25;10:00;28;33.62;63.96;49.20;Bueno;131.15;Regular;10;22.58;47.54;95.08;Bueno;171.02;Regular;Bueno;Regular
2026-04-25;11:00;36;33.67;63.96;49.20;Bueno;131.15;Regular;12;22.29;47.54;95.08;Bueno;171.02;Regular;Bueno;Regular
2026-04-25;12:00;65;35.67;63.96;49.20;Bueno;131.15;Regular;52;24.00;47.54;95.08;Bueno;171.02;Regular;Bueno;Regular
2026-04-25;13:00;73;37.96;63.96;49.20;Bueno;131.15;Regular;61;26.08;47.54;95.08;Bueno;171.02;Regular;Bueno;Regular
2026-04-25;14:00;40;38.00;63.96;49.20;Bueno;131.15;Regular;24;26.21;47.54;95.08;Bueno;171.02;Regular;Bueno;Regular
2026-04-25;15:00;29;35.46;63.96;49.20;Bueno;131.15;Regular;5;22.88;47.54;95.08;Bueno;171.02;Regular;Bueno;Regular
2026-04-25;16:00;19;33.92;63.96;49.20;Bueno;131.15;Regular;10;21.62;47.54;95.08;Bueno;171.02;Regular;Bueno;Regular
2026-04-25;17:00;31;32.17;63.96;49.20;Bueno;131.15;Regular;15;20.12;47.54;95.08;Bueno;171.02;Regular;Bueno;Regular
2026-04-25;18:00;57;30.33;63.96;49.20;Bueno;131.15;Regular;35;18.92;47.54;95.08;Bueno;171.02;Regular;Bueno;Regular
2026-04-25;19:00;74;30.71;63.96;49.20;Bueno;131.15;Regular;54;18.88;47.54;95.08;Bueno;171.02;Regular;Bueno;Regular
2026-04-25;20:00;96;33.29;63.96;49.20;Bueno;131.15;Regular;79;21.25;47.54;95.08;Bueno;171.02;Regular;Bueno;Regular
2026-04-25;21:00;148;38.58;63.96;49.20;Bueno;131.15;Regular;102;24.71;47.54;95.08;Bueno;171.02;Regular;Bueno;Regular
2026-04-25;22:00;271;49.04;63.96;49.20;Bueno;131.15;Regular;228;33.58;47.54;95.08;Bueno;171.02;Regular;Bueno;Regular
2026-04-25;23:00;368;63.96;63.96;49.20;Bueno;131.15;Regular;344;47.54;47.54;95.08;Bueno;171.02;Regular;Bueno;Regular
2026-04-26;00:00;247;73.88;41.96;32.28;Bueno;93.24;Bueno;240;57.29;34.08;68.17;Bueno;141.47;Regular;Bueno;Regular
2026-04-26;01:00;85;76.83;41.96;32.28;Bueno;93.24;Bueno;73;60.04;34.08;68.17;Bueno;141.47;Regular;Bueno;Regular
2026-04-26;02:00;94;79.67;41.96;32.28;Bueno;93.24;Bueno;88;62.96;34.08;68.17;Bueno;141.47;Regular;Bueno;Regular
2026-04-26;03:00;76;81.96;41.96;32.28;Bueno;93.24;Bueno;74;65.58;34.08;68.17;Bueno;141.47;Regular;Bueno;Regular
2026-04-26;04:00;35;82.67;41.96;32.28;Bueno;93.24;Bueno;34;66.46;34.08;68.17;Bueno;141.47;Regular;Bueno;Regular
2026-04-26;05:00;40;83.67;41.96;32.28;Bueno;93.24;Bueno;37;67.38;34.08;68.17;Bueno;141.47;Regular;Bueno;Regular
2026-04-26;06:00;29;84.12;41.96;32.28;Bueno;93.24;Bueno;25;68.08;34.08;68.17;Bueno;141.47;Regular;Bueno;Regular
2026-04-26;07:00;42;85.04;41.96;32.28;Bueno;93.24;Bueno;34;69.17;34.08;68.17;Bueno;141.47;Regular;Bueno;Regular
2026-04-26;08:00;23;85.17;41.96;32.28;Bueno;93.24;Bueno;22;69.67;34.08;68.17;Bueno;141.47;Regular;Bueno;Regular
2026-04-26;09:00;36;85.08;41.96;32.28;Bueno;93.24;Bueno;31;70.38;34.08;68.17;Bueno;141.47;Regular;Bueno;Regular
2026-04-26;10:00;27;85.04;41.96;32.28;Bueno;93.24;Bueno;20;70.79;34.08;68.17;Bueno;141.47;Regular;Bueno;Regular
2026-04-26;11:00;9;83.92;41.96;32.28;Bueno;93.24;Bueno;4;70.46;34.08;68.17;Bueno;141.47;Regular;Bueno;Regular
2026-04-26;12:00;21;82.08;41.96;32.28;Bueno;93.24;Bueno;3;68.42;34.08;68.17;Bueno;141.47;Regular;Bueno;Regular
2026-04-26;13:00;22;79.96;41.96;32.28;Bueno;93.24;Bueno;13;66.42;34.08;68.17;Bueno;141.47;Regular;Bueno;Regular
2026-04-26;14:00;26;79.38;41.96;32.28;Bueno;93.24;Bueno;13;65.96;34.08;68.17;Bueno;141.47;Regular;Bueno;Regular
2026-04-26;15:00;16;78.83;41.96;32.28;Bueno;93.24;Bueno;9;66.12;34.08;68.17;Bueno;141.47;Regular;Bueno;Regular
2026-04-26;16:00;14;78.62;41.96;32.28;Bueno;93.24;Bueno;9;66.08;34.08;68.17;Bueno;141.47;Regular;Bueno;Regular
2026-04-26;17:00;24;78.33;41.96;32.28;Bueno;93.24;Bueno;9;65.83;34.08;68.17;Bueno;141.47;Regular;Bueno;Regular
2026-04-26;18:00;20;76.79;41.96;32.28;Bueno;93.24;Bueno;10;64.79;34.08;68.17;Bueno;141.47;Regular;Bueno;Regular
2026-04-26;19:00;23;74.67;41.96;32.28;Bueno;93.24;Bueno;10;62.96;34.08;68.17;Bueno;141.47;Regular;Bueno;Regular
2026-04-26;20:00;30;71.92;41.96;32.28;Bueno;93.24;Bueno;17;60.38;34.08;68.17;Bueno;141.47;Regular;Bueno;Regular
2026-04-26;21:00;22;66.67;41.96;32.28;Bueno;93.24;Bueno;15;56.75;34.08;68.17;Bueno;141.47;Regular;Bueno;Regular
2026-04-26;22:00;23;56.33;41.96;32.28;Bueno;93.24;Bueno;13;47.79;34.08;68.17;Bueno;141.47;Regular;Bueno;Regular
2026-04-26;23:00;23;41.96;41.96;32.28;Bueno;93.24;Bueno;15;34.08;34.08;68.17;Bueno;141.47;Regular;Bueno;Regular
2026-04-27;00:00;28;32.83;37.08;28.53;Bueno;82.41;Bueno;22;25.00;29.33;58.67;Bueno;131.10;Regular;Bueno;Regular
2026-04-27;01:00;19;30.08;37.08;28.53;Bueno;82.41;Bueno;11;22.42;29.33;58.67;Bueno;131.10;Regular;Bueno;Regular
2026-04-27;02:00;21;27.04;37.08;28.53;Bueno;82.41;Bueno;16;19.42;29.33;58.67;Bueno;131.10;Regular;Bueno;Regular
2026-04-27;03:00;21;24.75;37.08;28.53;Bueno;82.41;Bueno;11;16.79;29.33;58.67;Bueno;131.10;Regular;Bueno;Regular
2026-04-27;04:00;21;24.17;37.08;28.53;Bueno;82.41;Bueno;11;15.83;29.33;58.67;Bueno;131.10;Regular;Bueno;Regular
2026-04-27;05:00;19;23.29;37.08;28.53;Bueno;82.41;Bueno;8;14.62;29.33;58.67;Bueno;131.10;Regular;Bueno;Regular
2026-04-27;06:00;20;22.92;37.08;28.53;Bueno;82.41;Bueno;8;13.92;29.33;58.67;Bueno;131.10;Regular;Bueno;Regular
2026-04-27;07:00;39;22.79;37.08;28.53;Bueno;82.41;Bueno;16;13.17;29.33;58.67;Bueno;131.10;Regular;Bueno;Regular
2026-04-27;08:00;32;23.17;37.08;28.53;Bueno;82.41;Bueno;12;12.75;29.33;58.67;Bueno;131.10;Regular;Bueno;Regular
2026-04-27;09:00;38;23.25;37.08;28.53;Bueno;82.41;Bueno;20;12.29;29.33;58.67;Bueno;131.10;Regular;Bueno;Regular
2026-04-27;10:00;27;23.25;37.08;28.53;Bueno;82.41;Bueno;16;12.12;29.33;58.67;Bueno;131.10;Regular;Bueno;Regular
2026-04-27;11:00;55;25.17;37.08;28.53;Bueno;82.41;Bueno;42;13.71;29.33;58.67;Bueno;131.10;Regular;Bueno;Regular
2026-04-27;12:00;104;28.62;37.08;28.53;Bueno;82.41;Bueno;98;17.67;29.33;58.67;Bueno;131.10;Regular;Bueno;Regular
2026-04-27;13:00;71;30.67;37.08;28.53;Bueno;82.41;Bueno;70;20.04;29.33;58.67;Bueno;131.10;Regular;Bueno;Regular
2026-04-27;14:00;51;31.71;37.08;28.53;Bueno;82.41;Bueno;50;21.58;29.33;58.67;Bueno;131.10;Regular;Bueno;Regular
2026-04-27;15:00;51;33.17;37.08;28.53;Bueno;82.41;Bueno;49;23.25;29.33;58.67;Bueno;131.10;Regular;Bueno;Regular
2026-04-27;16:00;41;34.29;37.08;28.53;Bueno;82.41;Bueno;40;24.54;29.33;58.67;Bueno;131.10;Regular;Bueno;Regular
2026-04-27;17:00;33;34.67;37.08;28.53;Bueno;82.41;Bueno;27;25.29;29.33;58.67;Bueno;131.10;Regular;Bueno;Regular
2026-04-27;18:00;37;35.38;37.08;28.53;Bueno;82.41;Bueno;36;26.38;29.33;58.67;Bueno;131.10;Regular;Bueno;Regular
2026-04-27;19:00;33;35.79;37.08;28.53;Bueno;82.41;Bueno;25;27.00;29.33;58.67;Bueno;131.10;Regular;Bueno;Regular
2026-04-27;20:00;39;36.17;37.08;28.53;Bueno;82.41;Bueno;34;27.71;29.33;58.67;Bueno;131.10;Regular;Bueno;Regular
2026-04-27;21:00;39;36.88;37.08;28.53;Bueno;82.41;Bueno;35;28.54;29.33;58.67;Bueno;131.10;Regular;Bueno;Regular
2026-04-27;22:00;30;37.17;37.08;28.53;Bueno;82.41;Bueno;29;29.21;29.33;58.67;Bueno;131.10;Regular;Bueno;Regular
2026-04-27;23:00;21;37.08;37.08;28.53;Bueno;82.41;Bueno;18;29.33;29.33;58.67;Bueno;131.10;Regular;Bueno;Regular
2026-04-28;00:00;24;36.92;26.38;20.29;Bueno;58.61;Bueno;23;29.38;22.54;45.08;Bueno;116.33;Regular;Bueno;Regular
2026-04-28;01:00;25;37.17;26.38;20.29;Bueno;58.61;Bueno;24;29.92;22.54;45.08;Bueno;116.33;Regular;Bueno;Regular
2026-04-28;02:00;18;37.04;26.38;20.29;Bueno;58.61;Bueno;16;29.92;22.54;45.08;Bueno;116.33;Regular;Bueno;Regular
2026-04-28;03:00;20;37.00;26.38;20.29;Bueno;58.61;Bueno;16;30.12;22.54;45.08;Bueno;116.33;Regular;Bueno;Regular
2026-04-28;04:00;17;36.83;26.38;20.29;Bueno;58.61;Bueno;16;30.33;22.54;45.08;Bueno;116.33;Regular;Bueno;Regular
2026-04-28;05:00;14;36.62;26.38;20.29;Bueno;58.61;Bueno;11;30.46;22.54;45.08;Bueno;116.33;Regular;Bueno;Regular
2026-04-28;06:00;12;36.29;26.38;20.29;Bueno;58.61;Bueno;10;30.54;22.54;45.08;Bueno;116.33;Regular;Bueno;Regular
2026-04-28;07:00;27;35.79;26.38;20.29;Bueno;58.61;Bueno;23;30.83;22.54;45.08;Bueno;116.33;Regular;Bueno;Regular
2026-04-28;08:00;30;35.71;26.38;20.29;Bueno;58.61;Bueno;27;31.46;22.54;45.08;Bueno;116.33;Regular;Bueno;Regular
2026-04-28;09:00;34;35.54;26.38;20.29;Bueno;58.61;Bueno;33;32.00;22.54;45.08;Bueno;116.33;Regular;Bueno;Regular
2026-04-28;10:00;26;35.50;26.38;20.29;Bueno;58.61;Bueno;25;32.38;22.54;45.08;Bueno;116.33;Regular;Bueno;Regular
2026-04-28;11:00;33;34.58;26.38;20.29;Bueno;58.61;Bueno;27;31.75;22.54;45.08;Bueno;116.33;Regular;Bueno;Regular
2026-04-28;12:00;41;31.96;26.38;20.29;Bueno;58.61;Bueno;32;29.00;22.54;45.08;Bueno;116.33;Regular;Bueno;Regular
2026-04-28;13:00;37;30.54;26.38;20.29;Bueno;58.61;Bueno;28;27.25;22.54;45.08;Bueno;116.33;Regular;Bueno;Regular
2026-04-28;14:00;45;30.29;26.38;20.29;Bueno;58.61;Bueno;39;26.79;22.54;45.08;Bueno;116.33;Regular;Bueno;Regular
2026-04-28;15:00;38;29.75;26.38;20.29;Bueno;58.61;Bueno;32;26.08;22.54;45.08;Bueno;116.33;Regular;Bueno;Regular
2026-04-28;16:00;28;29.21;26.38;20.29;Bueno;58.61;Bueno;20;25.25;22.54;45.08;Bueno;116.33;Regular;Bueno;Regular
2026-04-28;17:00;29;29.04;26.38;20.29;Bueno;58.61;Bueno;24;25.12;22.54;45.08;Bueno;116.33;Regular;Bueno;Regular
2026-04-28;18:00;20;28.33;26.38;20.29;Bueno;58.61;Bueno;17;24.33;22.54;45.08;Bueno;116.33;Regular;Bueno;Regular
2026-04-28;19:00;14;27.54;26.38;20.29;Bueno;58.61;Bueno;12;23.79;22.54;45.08;Bueno;116.33;Regular;Bueno;Regular
2026-04-28;20:00;14;26.50;26.38;20.29;Bueno;58.61;Bueno;11;22.83;22.54;45.08;Bueno;116.33;Regular;Bueno;Regular
2026-04-28;21:00;21;25.75;26.38;20.29;Bueno;58.61;Bueno;20;22.21;22.54;45.08;Bueno;116.33;Regular;Bueno;Regular
2026-04-28;22:00;48;26.50;26.38;20.29;Bueno;58.61;Bueno;47;22.96;22.54;45.08;Bueno;116.33;Regular;Bueno;Regular
2026-04-28;23:00;18;26.38;26.38;20.29;Bueno;58.61;Bueno;8;22.54;22.54;45.08;Bueno;116.33;Regular;Bueno;Regular
2026-04-29;00:00;19;26.17;34.12;26.25;Bueno;75.83;Bueno;9;21.96;17.88;35.75;Bueno;106.21;Regular;Bueno;Regular
2026-04-29;01:00;15;25.75;34.12;26.25;Bueno;75.83;Bueno;12;21.46;17.88;35.75;Bueno;106.21;Regular;Bueno;Regular
2026-04-29;02:00;17;25.71;34.12;26.25;Bueno;75.83;Bueno;10;21.21;17.88;35.75;Bueno;106.21;Regular;Bueno;Regular
2026-04-29;03:00;22;25.79;34.12;26.25;Bueno;75.83;Bueno;12;21.04;17.88;35.75;Bueno;106.21;Regular;Bueno;Regular
2026-04-29;04:00;15;25.71;34.12;26.25;Bueno;75.83;Bueno;8;20.71;17.88;35.75;Bueno;106.21;Regular;Bueno;Regular
2026-04-29;05:00;27;26.25;34.12;26.25;Bueno;75.83;Bueno;17;20.96;17.88;35.75;Bueno;106.21;Regular;Bueno;Regular
2026-04-29;06:00;33;27.12;34.12;26.25;Bueno;75.83;Bueno;16;21.21;17.88;35.75;Bueno;106.21;Regular;Bueno;Regular
2026-04-29;07:00;39;27.62;34.12;26.25;Bueno;75.83;Bueno;18;21.00;17.88;35.75;Bueno;106.21;Regular;Bueno;Regular
2026-04-29;08:00;49;28.42;34.12;26.25;Bueno;75.83;Bueno;28;21.04;17.88;35.75;Bueno;106.21;Regular;Bueno;Regular
2026-04-29;09:00;38;28.58;34.12;26.25;Bueno;75.83;Bueno;15;20.29;17.88;35.75;Bueno;106.21;Regular;Bueno;Regular
2026-04-29;10:00;38;29.08;34.12;26.25;Bueno;75.83;Bueno;16;19.92;17.88;35.75;Bueno;106.21;Regular;Bueno;Regular
2026-04-29;11:00;30;28.96;34.12;26.25;Bueno;75.83;Bueno;10;19.21;17.88;35.75;Bueno;106.21;Regular;Bueno;Regular
2026-04-29;12:00;26;28.33;34.12;26.25;Bueno;75.83;Bueno;9;18.25;17.88;35.75;Bueno;106.21;Regular;Bueno;Regular
2026-04-29;13:00;30;28.04;34.12;26.25;Bueno;75.83;Bueno;13;17.62;17.88;35.75;Bueno;106.21;Regular;Bueno;Regular
2026-04-29;14:00;27;27.29;34.12;26.25;Bueno;75.83;Bueno;10;16.42;17.88;35.75;Bueno;106.21;Regular;Bueno;Regular
2026-04-29;15:00;31;27.00;34.12;26.25;Bueno;75.83;Bueno;12;15.58;17.88;35.75;Bueno;106.21;Regular;Bueno;Regular
2026-04-29;16:00;36;27.33;34.12;26.25;Bueno;75.83;Bueno;19;15.54;17.88;35.75;Bueno;106.21;Regular;Bueno;Regular
2026-04-29;17:00;42;27.88;34.12;26.25;Bueno;75.83;Bueno;21;15.42;17.88;35.75;Bueno;106.21;Regular;Bueno;Regular
2026-04-29;18:00;48;29.04;34.12;26.25;Bueno;75.83;Bueno;26;15.79;17.88;35.75;Bueno;106.21;Regular;Bueno;Regular
2026-04-29;19:00;48;30.46;34.12;26.25;Bueno;75.83;Bueno;24;16.29;17.88;35.75;Bueno;106.21;Regular;Bueno;Regular
2026-04-29;20:00;51;32.00;34.12;26.25;Bueno;75.83;Bueno;33;17.21;17.88;35.75;Bueno;106.21;Regular;Bueno;Regular
2026-04-29;21:00;74;34.21;34.12;26.25;Bueno;75.83;Bueno;51;18.50;17.88;35.75;Bueno;106.21;Regular;Bueno;Regular
2026-04-29;22:00;39;33.83;34.12;26.25;Bueno;75.83;Bueno;25;17.58;17.88;35.75;Bueno;106.21;Regular;Bueno;Regular
2026-04-29;23:00;25;34.12;34.12;26.25;Bueno;75.83;Bueno;15;17.88;17.88;35.75;Bueno;106.21;Regular;Bueno;Regular
2026-04-30;00:00;31;34.62;63.08;48.53;Bueno;129.71;Regular;21;18.38;42.58;85.17;Bueno;160.11;Regular;Bueno;Regular
2026-04-30;01:00;30;35.25;63.08;48.53;Bueno;129.71;Regular;13;18.42;42.58;85.17;Bueno;160.11;Regular;Bueno;Regular
2026-04-30;02:00;32;35.88;63.08;48.53;Bueno;129.71;Regular;21;18.88;42.58;85.17;Bueno;160.11;Regular;Bueno;Regular
2026-04-30;03:00;25;36.00;63.08;48.53;Bueno;129.71;Regular;10;18.79;42.58;85.17;Bueno;160.11;Regular;Bueno;Regular
2026-04-30;04:00;18;36.12;63.08;48.53;Bueno;129.71;Regular;7;18.75;42.58;85.17;Bueno;160.11;Regular;Bueno;Regular
2026-04-30;05:00;21;35.88;63.08;48.53;Bueno;129.71;Regular;10;18.46;42.58;85.17;Bueno;160.11;Regular;Bueno;Regular
2026-04-30;06:00;25;35.54;63.08;48.53;Bueno;129.71;Regular;14;18.38;42.58;85.17;Bueno;160.11;Regular;Bueno;Regular
2026-04-30;07:00;76;37.08;63.08;48.53;Bueno;129.71;Regular;35;19.08;42.58;85.17;Bueno;160.11;Regular;Bueno;Regular
2026-04-30;08:00;60;37.54;63.08;48.53;Bueno;129.71;Regular;28;19.08;42.58;85.17;Bueno;160.11;Regular;Bueno;Regular
2026-04-30;09:00;34;37.38;63.08;48.53;Bueno;129.71;Regular;13;19.00;42.58;85.17;Bueno;160.11;Regular;Bueno;Regular
2026-04-30;10:00;29;37.00;63.08;48.53;Bueno;129.71;Regular;11;18.79;42.58;85.17;Bueno;160.11;Regular;Bueno;Regular
2026-04-30;11:00;22;36.67;63.08;48.53;Bueno;129.71;Regular;10;18.79;42.58;85.17;Bueno;160.11;Regular;Bueno;Regular
2026-04-30;12:00;33;36.96;63.08;48.53;Bueno;129.71;Regular;13;18.96;42.58;85.17;Bueno;160.11;Regular;Bueno;Regular
2026-04-30;13:00;27;36.83;63.08;48.53;Bueno;129.71;Regular;10;18.83;42.58;85.17;Bueno;160.11;Regular;Bueno;Regular
2026-04-30;14:00;22;36.62;63.08;48.53;Bueno;129.71;Regular;9;18.79;42.58;85.17;Bueno;160.11;Regular;Bueno;Regular
2026-04-30;15:00;25;36.38;63.08;48.53;Bueno;129.71;Regular;13;18.83;42.58;85.17;Bueno;160.11;Regular;Bueno;Regular
2026-04-30;16:00;28;36.04;63.08;48.53;Bueno;129.71;Regular;16;18.71;42.58;85.17;Bueno;160.11;Regular;Bueno;Regular
2026-04-30;17:00;60;36.79;63.08;48.53;Bueno;129.71;Regular;25;18.88;42.58;85.17;Bueno;160.11;Regular;Bueno;Regular
2026-04-30;18:00;85;38.33;63.08;48.53;Bueno;129.71;Regular;51;19.92;42.58;85.17;Bueno;160.11;Regular;Bueno;Regular
2026-04-30;19:00;98;40.42;63.08;48.53;Bueno;129.71;Regular;72;21.92;42.58;85.17;Bueno;160.11;Regular;Bueno;Regular
2026-04-30;20:00;136;43.96;63.08;48.53;Bueno;129.71;Regular;113;25.25;42.58;85.17;Bueno;160.11;Regular;Bueno;Regular
2026-04-30;21:00;180;48.38;63.08;48.53;Bueno;129.71;Regular;147;29.25;42.58;85.17;Bueno;160.11;Regular;Bueno;Regular
2026-04-30;22:00;258;57.50;63.08;48.53;Bueno;129.71;Regular;222;37.46;42.58;85.17;Bueno;160.11;Regular;Bueno;Regular
2026-04-30;23:00;159;63.08;63.08;48.53;Bueno;129.71;Regular;138;42.58;42.58;85.17;Bueno;160.11;Regular;Bueno;Regular
2026-05-01;00:00;147;67.92;50.33;38.72;Bueno;108.74;Regular;123;46.83;42.00;84.00;Bueno;158.82;Regular;Bueno;Regular
2026-05-01;01:00;127;71.96;50.33;38.72;Bueno;108.74;Regular;114;51.04;42.00;84.00;Bueno;158.82;Regular;Bueno;Regular
2026-05-01;02:00;96;74.62;50.33;38.72;Bueno;108.74;Regular;79;53.46;42.00;84.00;Bueno;158.82;Regular;Bueno;Regular
2026-05-01;03:00;64;76.25;50.33;38.72;Bueno;108.74;Regular;62;55.62;42.00;84.00;Bueno;158.82;Regular;Bueno;Regular
2026-05-01;04:00;69;78.38;50.33;38.72;Bueno;108.74;Regular;58;57.75;42.00;84.00;Bueno;158.82;Regular;Bueno;Regular
2026-05-01;05:00;44;79.33;50.33;38.72;Bueno;108.74;Regular;39;58.96;42.00;84.00;Bueno;158.82;Regular;Bueno;Regular
2026-05-01;06:00;38;79.88;50.33;38.72;Bueno;108.74;Regular;30;59.62;42.00;84.00;Bueno;158.82;Regular;Bueno;Regular
2026-05-01;07:00;37;78.25;50.33;38.72;Bueno;108.74;Regular;30;59.42;42.00;84.00;Bueno;158.82;Regular;Bueno;Regular
2026-05-01;08:00;55;78.04;50.33;38.72;Bueno;108.74;Regular;50;60.33;42.00;84.00;Bueno;158.82;Regular;Bueno;Regular
2026-05-01;09:00;49;78.67;50.33;38.72;Bueno;108.74;Regular;42;61.54;42.00;84.00;Bueno;158.82;Regular;Bueno;Regular
2026-05-01;10:00;39;79.08;50.33;38.72;Bueno;108.74;Regular;38;62.67;42.00;84.00;Bueno;158.82;Regular;Bueno;Regular
2026-05-01;11:00;24;79.17;50.33;38.72;Bueno;108.74;Regular;17;62.96;42.00;84.00;Bueno;158.82;Regular;Bueno;Regular
2026-05-01;12:00;18;78.54;50.33;38.72;Bueno;108.74;Regular;13;62.96;42.00;84.00;Bueno;158.82;Regular;Bueno;Regular
2026-05-01;13:00;19;78.21;50.33;38.72;Bueno;108.74;Regular;17;63.25;42.00;84.00;Bueno;158.82;Regular;Bueno;Regular
2026-05-01;14:00;15;77.92;50.33;38.72;Bueno;108.74;Regular;8;63.21;42.00;84.00;Bueno;158.82;Regular;Bueno;Regular
2026-05-01;15:00;15;77.50;50.33;38.72;Bueno;108.74;Regular;7;62.96;42.00;84.00;Bueno;158.82;Regular;Bueno;Regular
2026-05-01;16:00;13;76.88;50.33;38.72;Bueno;108.74;Regular;4;62.46;42.00;84.00;Bueno;158.82;Regular;Bueno;Regular
2026-05-01;17:00;16;75.04;50.33;38.72;Bueno;108.74;Regular;12;61.92;42.00;84.00;Bueno;158.82;Regular;Bueno;Regular
2026-05-01;18:00;50;73.58;50.33;38.72;Bueno;108.74;Regular;36;61.29;42.00;84.00;Bueno;158.82;Regular;Bueno;Regular
2026-05-01;19:00;58;71.92;50.33;38.72;Bueno;108.74;Regular;48;60.29;42.00;84.00;Bueno;158.82;Regular;Bueno;Regular
2026-05-01;20:00;58;68.67;50.33;38.72;Bueno;108.74;Regular;48;57.58;42.00;84.00;Bueno;158.82;Regular;Bueno;Regular
2026-05-01;21:00;46;63.08;50.33;38.72;Bueno;108.74;Regular;32;52.79;42.00;84.00;Bueno;158.82;Regular;Bueno;Regular
2026-05-01;22:00;61;54.88;50.33;38.72;Bueno;108.74;Regular;53;45.75;42.00;84.00;Bueno;158.82;Regular;Bueno;Regular
2026-05-01;23:00;50;50.33;50.33;38.72;Bueno;108.74;Regular;48;42.00;42.00;84.00;Bueno;158.82;Regular;Bueno;Regular
2026-05-02;00:00;31;45.50;97.96;75.35;Bueno;187.62;Regular;27;38.00;79.21;197.36;Regular;241.59;Alerta;Regular;Alerta
2026-05-02;01:00;17;40.92;97.96;75.35;Bueno;187.62;Regular;16;33.92;79.21;197.36;Regular;241.59;Alerta;Regular;Alerta
2026-05-02;02:00;19;37.71;97.96;75.35;Bueno;187.62;Regular;12;31.12;79.21;197.36;Regular;241.59;Alerta;Regular;Alerta
2026-05-02;03:00;18;35.79;97.96;75.35;Bueno;187.62;Regular;12;29.04;79.21;197.36;Regular;241.59;Alerta;Regular;Alerta
2026-05-02;04:00;18;33.67;97.96;75.35;Bueno;187.62;Regular;11;27.08;79.21;197.36;Regular;241.59;Alerta;Regular;Alerta
2026-05-02;05:00;20;32.67;97.96;75.35;Bueno;187.62;Regular;7;25.75;79.21;197.36;Regular;241.59;Alerta;Regular;Alerta
2026-05-02;06:00;18;31.83;97.96;75.35;Bueno;187.62;Regular;7;24.79;79.21;197.36;Regular;241.59;Alerta;Regular;Alerta
2026-05-02;07:00;16;30.96;97.96;75.35;Bueno;187.62;Regular;8;23.88;79.21;197.36;Regular;241.59;Alerta;Regular;Alerta
2026-05-02;08:00;18;29.42;97.96;75.35;Bueno;187.62;Regular;14;22.38;79.21;197.36;Regular;241.59;Alerta;Regular;Alerta
2026-05-02;09:00;22;28.29;97.96;75.35;Bueno;187.62;Regular;13;21.17;79.21;197.36;Regular;241.59;Alerta;Regular;Alerta
2026-05-02;10:00;17;27.38;97.96;75.35;Bueno;187.62;Regular;10;20.00;79.21;197.36;Regular;241.59;Alerta;Regular;Alerta
2026-05-02;11:00;23;27.33;97.96;75.35;Bueno;187.62;Regular;12;19.79;79.21;197.36;Regular;241.59;Alerta;Regular;Alerta
2026-05-02;12:00;17;27.29;97.96;75.35;Bueno;187.62;Regular;10;19.67;79.21;197.36;Regular;241.59;Alerta;Regular;Alerta
2026-05-02;13:00;20;27.33;97.96;75.35;Bueno;187.62;Regular;10;19.38;79.21;197.36;Regular;241.59;Alerta;Regular;Alerta
2026-05-02;14:00;12;27.21;97.96;75.35;Bueno;187.62;Regular;11;19.50;79.21;197.36;Regular;241.59;Alerta;Regular;Alerta
2026-05-02;15:00;21;27.46;97.96;75.35;Bueno;187.62;Regular;7;19.50;79.21;197.36;Regular;241.59;Alerta;Regular;Alerta
2026-05-02;16:00;30;28.17;97.96;75.35;Bueno;187.62;Regular;23;20.29;79.21;197.36;Regular;241.59;Alerta;Regular;Alerta
2026-05-02;17:00;63;30.12;97.96;75.35;Bueno;187.62;Regular;35;21.25;79.21;197.36;Regular;241.59;Alerta;Regular;Alerta
2026-05-02;18:00;205;36.58;97.96;75.35;Bueno;187.62;Regular;128;25.08;79.21;197.36;Regular;241.59;Alerta;Regular;Alerta
2026-05-02;19:00;362;49.25;97.96;75.35;Bueno;187.62;Regular;311;36.04;79.21;197.36;Regular;241.59;Alerta;Regular;Alerta
2026-05-02;20:00;307;59.62;97.96;75.35;Bueno;187.62;Regular;242;44.12;79.21;197.36;Regular;241.59;Alerta;Regular;Alerta
2026-05-02;21:00;418;75.12;97.96;75.35;Bueno;187.62;Regular;348;57.29;79.21;197.36;Regular;241.59;Alerta;Regular;Alerta
2026-05-02;22:00;432;90.58;97.96;75.35;Bueno;187.62;Regular;416;72.42;79.21;197.36;Regular;241.59;Alerta;Regular;Alerta
2026-05-02;23:00;227;97.96;97.96;75.35;Bueno;187.62;Regular;211;79.21;79.21;197.36;Regular;241.59;Alerta;Regular;Alerta
2026-05-03;00:00;144;102.67;54.58;41.99;Bueno;115.72;Regular;140;83.92;50.83;102.78;Regular;178.29;Regular;Regular;Regular
2026-05-03;01:00;103;106.25;54.58;41.99;Bueno;115.72;Regular;98;87.33;50.83;102.78;Regular;178.29;Regular;Regular;Regular
2026-05-03;02:00;114;110.21;54.58;41.99;Bueno;115.72;Regular;110;91.42;50.83;102.78;Regular;178.29;Regular;Regular;Regular
2026-05-03;03:00;154;115.88;54.58;41.99;Bueno;115.72;Regular;153;97.29;50.83;102.78;Regular;178.29;Regular;Regular;Regular
2026-05-03;04:00;69;118.00;54.58;41.99;Bueno;115.72;Regular;64;99.50;50.83;102.78;Regular;178.29;Regular;Regular;Regular
2026-05-03;05:00;46;119.08;54.58;41.99;Bueno;115.72;Regular;39;100.83;50.83;102.78;Regular;178.29;Regular;Regular;Regular
2026-05-03;06:00;42;120.08;54.58;41.99;Bueno;115.72;Regular;32;101.88;50.83;102.78;Regular;178.29;Regular;Regular;Regular
2026-05-03;07:00;45;121.29;54.58;41.99;Bueno;115.72;Regular;37;103.08;50.83;102.78;Regular;178.29;Regular;Regular;Regular
2026-05-03;08:00;47;122.50;54.58;41.99;Bueno;115.72;Regular;38;104.08;50.83;102.78;Regular;178.29;Regular;Regular;Regular
2026-05-03;09:00;46;123.50;54.58;41.99;Bueno;115.72;Regular;39;105.17;50.83;102.78;Regular;178.29;Regular;Regular;Regular
2026-05-03;10:00;42;124.54;54.58;41.99;Bueno;115.72;Regular;36;106.25;50.83;102.78;Regular;178.29;Regular;Regular;Regular
2026-05-03;11:00;44;125.42;54.58;41.99;Bueno;115.72;Regular;37;107.29;50.83;102.78;Regular;178.29;Regular;Regular;Regular
2026-05-03;12:00;45;126.58;54.58;41.99;Bueno;115.72;Regular;43;108.67;50.83;102.78;Regular;178.29;Regular;Regular;Regular
2026-05-03;13:00;40;127.42;54.58;41.99;Bueno;115.72;Regular;39;109.88;50.83;102.78;Regular;178.29;Regular;Regular;Regular
2026-05-03;14:00;28;128.08;54.58;41.99;Bueno;115.72;Regular;25;110.46;50.83;102.78;Regular;178.29;Regular;Regular;Regular
2026-05-03;15:00;22;128.12;54.58;41.99;Bueno;115.72;Regular;20;111.00;50.83;102.78;Regular;178.29;Regular;Regular;Regular
2026-05-03;16:00;26;127.96;54.58;41.99;Bueno;115.72;Regular;25;111.08;50.83;102.78;Regular;178.29;Regular;Regular;Regular
2026-05-03;17:00;27;126.46;54.58;41.99;Bueno;115.72;Regular;26;110.71;50.83;102.78;Regular;178.29;Regular;Regular;Regular
2026-05-03;18:00;19;118.71;54.58;41.99;Bueno;115.72;Regular;18;106.12;50.83;102.78;Regular;178.29;Regular;Regular;Regular
2026-05-03;19:00;20;104.46;54.58;41.99;Bueno;115.72;Regular;19;93.96;50.83;102.78;Regular;178.29;Regular;Regular;Regular
2026-05-03;20:00;23;92.62;54.58;41.99;Bueno;115.72;Regular;21;84.75;50.83;102.78;Regular;178.29;Regular;Regular;Regular
2026-05-03;21:00;75;78.33;54.58;41.99;Bueno;115.72;Regular;74;73.33;50.83;102.78;Regular;178.29;Regular;Regular;Regular
2026-05-03;22:00;40;62.00;54.58;41.99;Bueno;115.72;Regular;39;57.62;50.83;102.78;Regular;178.29;Regular;Regular;Regular
2026-05-03;23:00;49;54.58;54.58;41.99;Bueno;115.72;Regular;48;50.83;50.83;102.78;Regular;178.29;Regular;Regular;Regular
2026-05-04;00:00;71;51.54;44.58;34.29;Bueno;99.07;Bueno;70;47.92;37.50;75.00;Bueno;148.95;Regular;Bueno;Regular
2026-05-04;01:00;38;48.83;44.58;34.29;Bueno;99.07;Bueno;37;45.38;37.50;75.00;Bueno;148.95;Regular;Bueno;Regular
2026-05-04;02:00;67;46.88;44.58;34.29;Bueno;99.07;Bueno;59;43.25;37.50;75.00;Bueno;148.95;Regular;Bueno;Regular
2026-05-04;03:00;32;41.79;44.58;34.29;Bueno;99.07;Bueno;27;38.00;37.50;75.00;Bueno;148.95;Regular;Bueno;Regular
2026-05-04;04:00;50;41.00;44.58;34.29;Bueno;99.07;Bueno;37;36.88;37.50;75.00;Bueno;148.95;Regular;Bueno;Regular
2026-05-04;05:00;21;39.96;44.58;34.29;Bueno;99.07;Bueno;15;35.88;37.50;75.00;Bueno;148.95;Regular;Bueno;Regular
2026-05-04;06:00;22;39.12;44.58;34.29;Bueno;99.07;Bueno;18;35.29;37.50;75.00;Bueno;148.95;Regular;Bueno;Regular
2026-05-04;07:00;25;38.29;44.58;34.29;Bueno;99.07;Bueno;21;34.62;37.50;75.00;Bueno;148.95;Regular;Bueno;Regular
2026-05-04;08:00;21;37.21;44.58;34.29;Bueno;99.07;Bueno;17;33.75;37.50;75.00;Bueno;148.95;Regular;Bueno;Regular
2026-05-04;09:00;19;36.08;44.58;34.29;Bueno;99.07;Bueno;13;32.67;37.50;75.00;Bueno;148.95;Regular;Bueno;Regular
2026-05-04;10:00;30;35.58;44.58;34.29;Bueno;99.07;Bueno;16;31.83;37.50;75.00;Bueno;148.95;Regular;Bueno;Regular
2026-05-04;11:00;24;34.75;44.58;34.29;Bueno;99.07;Bueno;15;30.92;37.50;75.00;Bueno;148.95;Regular;Bueno;Regular
2026-05-04;12:00;15;33.50;44.58;34.29;Bueno;99.07;Bueno;5;29.33;37.50;75.00;Bueno;148.95;Regular;Bueno;Regular
2026-05-04;13:00;17;32.54;44.58;34.29;Bueno;99.07;Bueno;12;28.21;37.50;75.00;Bueno;148.95;Regular;Bueno;Regular
2026-05-04;14:00;18;32.12;44.58;34.29;Bueno;99.07;Bueno;12;27.67;37.50;75.00;Bueno;148.95;Regular;Bueno;Regular
2026-05-04;15:00;38;32.79;44.58;34.29;Bueno;99.07;Bueno;23;27.79;37.50;75.00;Bueno;148.95;Regular;Bueno;Regular
2026-05-04;16:00;50;33.79;44.58;34.29;Bueno;99.07;Bueno;34;28.17;37.50;75.00;Bueno;148.95;Regular;Bueno;Regular
2026-05-04;17:00;63;35.29;44.58;34.29;Bueno;99.07;Bueno;52;29.25;37.50;75.00;Bueno;148.95;Regular;Bueno;Regular
2026-05-04;18:00;75;37.62;44.58;34.29;Bueno;99.07;Bueno;57;30.88;37.50;75.00;Bueno;148.95;Regular;Bueno;Regular
2026-05-04;19:00;76;39.96;44.58;34.29;Bueno;99.07;Bueno;69;32.96;37.50;75.00;Bueno;148.95;Regular;Bueno;Regular
2026-05-04;20:00;56;41.33;44.58;34.29;Bueno;99.07;Bueno;55;34.38;37.50;75.00;Bueno;148.95;Regular;Bueno;Regular
2026-05-04;21:00;69;41.08;44.58;34.29;Bueno;99.07;Bueno;68;34.12;37.50;75.00;Bueno;148.95;Regular;Bueno;Regular
2026-05-04;22:00;91;43.21;44.58;34.29;Bueno;99.07;Bueno;87;36.12;37.50;75.00;Bueno;148.95;Regular;Bueno;Regular
2026-05-04;23:00;82;44.58;44.58;34.29;Bueno;99.07;Bueno;81;37.50;37.50;75.00;Bueno;148.95;Regular;Bueno;Regular
2026-05-05;00:00;39;43.25;41.88;32.21;Bueno;93.06;Bueno;33;35.96;36.08;72.17;Bueno;145.85;Regular;Bueno;Regular
2026-05-05;01:00;35;43.12;41.88;32.21;Bueno;93.06;Bueno;29;35.62;36.08;72.17;Bueno;145.85;Regular;Bueno;Regular
2026-05-05;02:00;47;42.29;41.88;32.21;Bueno;93.06;Bueno;46;35.08;36.08;72.17;Bueno;145.85;Regular;Bueno;Regular
2026-05-05;03:00;64;43.62;41.88;32.21;Bueno;93.06;Bueno;63;36.58;36.08;72.17;Bueno;145.85;Regular;Bueno;Regular
2026-05-05;04:00;66;44.29;41.88;32.21;Bueno;93.06;Bueno;59;37.50;36.08;72.17;Bueno;145.85;Regular;Bueno;Regular
2026-05-05;05:00;23;44.38;41.88;32.21;Bueno;93.06;Bueno;20;37.71;36.08;72.17;Bueno;145.85;Regular;Bueno;Regular
2026-05-05;06:00;17;44.17;41.88;32.21;Bueno;93.06;Bueno;12;37.46;36.08;72.17;Bueno;145.85;Regular;Bueno;Regular
2026-05-05;07:00;31;44.42;41.88;32.21;Bueno;93.06;Bueno;26;37.67;36.08;72.17;Bueno;145.85;Regular;Bueno;Regular
2026-05-05;08:00;38;45.12;41.88;32.21;Bueno;93.06;Bueno;30;38.21;36.08;72.17;Bueno;145.85;Regular;Bueno;Regular
2026-05-05;09:00;52;46.50;41.88;32.21;Bueno;93.06;Bueno;50;39.75;36.08;72.17;Bueno;145.85;Regular;Bueno;Regular
2026-05-05;10:00;38;46.83;41.88;32.21;Bueno;93.06;Bueno;36;40.58;36.08;72.17;Bueno;145.85;Regular;Bueno;Regular
2026-05-05;11:00;46;47.75;41.88;32.21;Bueno;93.06;Bueno;45;41.83;36.08;72.17;Bueno;145.85;Regular;Bueno;Regular
2026-05-05;12:00;49;49.17;41.88;32.21;Bueno;93.06;Bueno;24;42.62;36.08;72.17;Bueno;145.85;Regular;Bueno;Regular
2026-05-05;13:00;36;49.96;41.88;32.21;Bueno;93.06;Bueno;25;43.17;36.08;72.17;Bueno;145.85;Regular;Bueno;Regular
2026-05-05;14:00;42;50.96;41.88;32.21;Bueno;93.06;Bueno;34;44.08;36.08;72.17;Bueno;145.85;Regular;Bueno;Regular
2026-05-05;15:00;70;52.29;41.88;32.21;Bueno;93.06;Bueno;50;45.21;36.08;72.17;Bueno;145.85;Regular;Bueno;Regular
2026-05-05;16:00;47;52.17;41.88;32.21;Bueno;93.06;Bueno;35;45.25;36.08;72.17;Bueno;145.85;Regular;Bueno;Regular
2026-05-05;17:00;39;51.17;41.88;32.21;Bueno;93.06;Bueno;33;44.46;36.08;72.17;Bueno;145.85;Regular;Bueno;Regular
2026-05-05;18:00;48;50.04;41.88;32.21;Bueno;93.06;Bueno;47;44.04;36.08;72.17;Bueno;145.85;Regular;Bueno;Regular
2026-05-05;19:00;61;49.42;41.88;32.21;Bueno;93.06;Bueno;60;43.67;36.08;72.17;Bueno;145.85;Regular;Bueno;Regular
2026-05-05;20:00;39;48.71;41.88;32.21;Bueno;93.06;Bueno;36;42.88;36.08;72.17;Bueno;145.85;Regular;Bueno;Regular
2026-05-05;21:00;42;47.58;41.88;32.21;Bueno;93.06;Bueno;41;41.75;36.08;72.17;Bueno;145.85;Regular;Bueno;Regular
2026-05-05;22:00;28;44.96;41.88;32.21;Bueno;93.06;Bueno;25;39.17;36.08;72.17;Bueno;145.85;Regular;Bueno;Regular
2026-05-05;23:00;8;41.88;41.88;32.21;Bueno;93.06;Bueno;7;36.08;36.08;72.17;Bueno;145.85;Regular;Bueno;Regular
2026-05-06;00:00;23;41.21;28.21;21.70;Bueno;62.69;Bueno;21;35.58;21.17;42.33;Bueno;113.34;Regular;Bueno;Regular
2026-05-06;01:00;15;40.38;28.21;21.70;Bueno;62.69;Bueno;14;34.96;21.17;42.33;Bueno;113.34;Regular;Bueno;Regular
2026-05-06;02:00;9;38.79;28.21;21.70;Bueno;62.69;Bueno;8;33.38;21.17;42.33;Bueno;113.34;Regular;Bueno;Regular
2026-05-06;03:00;5;36.33;28.21;21.70;Bueno;62.69;Bueno;3;30.88;21.17;42.33;Bueno;113.34;Regular;Bueno;Regular
2026-05-06;04:00;4;33.75;28.21;21.70;Bueno;62.69;Bueno;3;28.54;21.17;42.33;Bueno;113.34;Regular;Bueno;Regular
2026-05-06;05:00;3;32.92;28.21;21.70;Bueno;62.69;Bueno;2;27.79;21.17;42.33;Bueno;113.34;Regular;Bueno;Regular
2026-05-06;06:00;2;32.29;28.21;21.70;Bueno;62.69;Bueno;1;27.33;21.17;42.33;Bueno;113.34;Regular;Bueno;Regular
2026-05-06;07:00;5;31.21;28.21;21.70;Bueno;62.69;Bueno;4;26.42;21.17;42.33;Bueno;113.34;Regular;Bueno;Regular
2026-05-06;08:00;9;30.00;28.21;21.70;Bueno;62.69;Bueno;8;25.50;21.17;42.33;Bueno;113.34;Regular;Bueno;Regular
2026-05-06;09:00;6;28.08;28.21;21.70;Bueno;62.69;Bueno;5;23.62;21.17;42.33;Bueno;113.34;Regular;Bueno;Regular
2026-05-06;10:00;7;26.79;28.21;21.70;Bueno;62.69;Bueno;6;22.38;21.17;42.33;Bueno;113.34;Regular;Bueno;Regular
2026-05-06;11:00;16;25.54;28.21;21.70;Bueno;62.69;Bueno;15;21.12;21.17;42.33;Bueno;113.34;Regular;Bueno;Regular
2026-05-06;12:00;25;24.54;28.21;21.70;Bueno;62.69;Bueno;20;20.96;21.17;42.33;Bueno;113.34;Regular;Bueno;Regular
2026-05-06;13:00;10;23.46;28.21;21.70;Bueno;62.69;Bueno;8;20.25;21.17;42.33;Bueno;113.34;Regular;Bueno;Regular
2026-05-06;14:00;10;22.12;28.21;21.70;Bueno;62.69;Bueno;9;19.21;21.17;42.33;Bueno;113.34;Regular;Bueno;Regular
2026-05-06;15:00;20;20.04;28.21;21.70;Bueno;62.69;Bueno;11;17.58;21.17;42.33;Bueno;113.34;Regular;Bueno;Regular
2026-05-06;16:00;27;19.21;28.21;21.70;Bueno;62.69;Bueno;13;16.67;21.17;42.33;Bueno;113.34;Regular;Bueno;Regular
2026-05-06;17:00;38;19.17;28.21;21.70;Bueno;62.69;Bueno;20;16.12;21.17;42.33;Bueno;113.34;Regular;Bueno;Regular
2026-05-06;18:00;67;19.96;28.21;21.70;Bueno;62.69;Bueno;47;16.12;21.17;42.33;Bueno;113.34;Regular;Bueno;Regular
2026-05-06;19:00;89;21.12;28.21;21.70;Bueno;62.69;Bueno;62;16.21;21.17;42.33;Bueno;113.34;Regular;Bueno;Regular
2026-05-06;20:00;42;21.25;28.21;21.70;Bueno;62.69;Bueno;32;16.04;21.17;42.33;Bueno;113.34;Regular;Bueno;Regular
2026-05-06;21:00;32;20.83;28.21;21.70;Bueno;62.69;Bueno;20;15.17;21.17;42.33;Bueno;113.34;Regular;Bueno;Regular
2026-05-06;22:00;61;22.21;28.21;21.70;Bueno;62.69;Bueno;42;15.88;21.17;42.33;Bueno;113.34;Regular;Bueno;Regular
2026-05-06;23:00;152;28.21;28.21;21.70;Bueno;62.69;Bueno;134;21.17;21.17;42.33;Bueno;113.34;Regular;Bueno;Regular
2026-05-07;00:00;177;34.62;40.13;30.87;Bueno;89.18;Bueno;164;27.12;30.17;60.35;Bueno;132.93;Regular;Bueno;Regular
2026-05-07;01:00;109;38.54;40.13;30.87;Bueno;89.18;Bueno;98;30.62;30.17;60.35;Bueno;132.93;Regular;Bueno;Regular
2026-05-07;02:00;89;41.88;40.13;30.87;Bueno;89.18;Bueno;87;33.92;30.17;60.35;Bueno;132.93;Regular;Bueno;Regular
2026-05-07;03:00;42;43.42;40.13;30.87;Bueno;89.18;Bueno;33;35.17;30.17;60.35;Bueno;132.93;Regular;Bueno;Regular
2026-05-07;04:00;21;44.12;40.13;30.87;Bueno;89.18;Bueno;18;35.79;30.17;60.35;Bueno;132.93;Regular;Bueno;Regular
2026-05-07;05:00;20;44.83;40.13;30.87;Bueno;89.18;Bueno;16;36.38;30.17;60.35;Bueno;132.93;Regular;Bueno;Regular
2026-05-07;06:00;26;45.83;40.13;30.87;Bueno;89.18;Bueno;22;37.25;30.17;60.35;Bueno;132.93;Regular;Bueno;Regular
2026-05-07;07:00;15;46.25;40.13;30.87;Bueno;89.18;Bueno;11;37.54;30.17;60.35;Bueno;132.93;Regular;Bueno;Regular
2026-05-07;08:00;20;46.71;40.13;30.87;Bueno;89.18;Bueno;19;38.00;30.17;60.35;Bueno;132.93;Regular;Bueno;Regular
2026-05-07;09:00;13;47.00;40.13;30.87;Bueno;89.18;Bueno;9;38.17;30.17;60.35;Bueno;132.93;Regular;Bueno;Regular
2026-05-07;10:00;20;47.54;40.13;30.87;Bueno;89.18;Bueno;7;38.21;30.17;60.35;Bueno;132.93;Regular;Bueno;Regular
2026-05-07;11:00;11;47.33;40.13;30.87;Bueno;89.18;Bueno;8;37.92;30.17;60.35;Bueno;132.93;Regular;Bueno;Regular
2026-05-07;12:00;10;46.71;40.13;30.87;Bueno;89.18;Bueno;5;37.29;30.17;60.35;Bueno;132.93;Regular;Bueno;Regular
2026-05-07;13:00;12;46.79;40.13;30.87;Bueno;89.18;Bueno;5;37.17;30.17;60.35;Bueno;132.93;Regular;Bueno;Regular
2026-05-07;14:00;17;47.08;40.13;30.87;Bueno;89.18;Bueno;8;37.12;30.17;60.35;Bueno;132.93;Regular;Bueno;Regular
2026-05-07;15:00;24;47.25;40.13;30.87;Bueno;89.18;Bueno;10;37.08;30.17;60.35;Bueno;132.93;Regular;Bueno;Regular
2026-05-07;16:00;33;47.50;40.13;30.87;Bueno;89.18;Bueno;13;37.08;30.17;60.35;Bueno;132.93;Regular;Bueno;Regular
2026-05-07;17:00;;47.91;40.13;30.87;Bueno;89.18;Bueno;;37.83;30.17;60.35;Bueno;132.93;Regular;Bueno;Regular
2026-05-07;18:00;65;47.83;40.13;30.87;Bueno;89.18;Bueno;34;37.26;30.17;60.35;Bueno;132.93;Regular;Bueno;Regular
2026-05-07;19:00;41;45.74;40.13;30.87;Bueno;89.18;Bueno;18;35.35;30.17;60.35;Bueno;132.93;Regular;Bueno;Regular
2026-05-07;20:00;42;45.74;40.13;30.87;Bueno;89.18;Bueno;29;35.22;30.17;60.35;Bueno;132.93;Regular;Bueno;Regular
2026-05-07;21:00;38;46.00;40.13;30.87;Bueno;89.18;Bueno;23;35.35;30.17;60.35;Bueno;132.93;Regular;Bueno;Regular
2026-05-07;22:00;45;45.30;40.13;30.87;Bueno;89.18;Bueno;36;35.09;30.17;60.35;Bueno;132.93;Regular;Bueno;Regular
2026-05-07;23:00;33;40.13;40.13;30.87;Bueno;89.18;Bueno;21;30.17;30.17;60.35;Bueno;132.93;Regular;Bueno;Regular
2026-05-08;00:00;32;33.83;23.88;18.37;Bueno;53.06;Bueno;25;24.13;18.38;36.75;Bueno;107.30;Regular;Bueno;Regular
2026-05-08;01:00;25;30.17;23.88;18.37;Bueno;53.06;Bueno;14;20.48;18.38;36.75;Bueno;107.30;Regular;Bueno;Regular
2026-05-08;02:00;20;27.17;23.88;18.37;Bueno;53.06;Bueno;12;17.22;18.38;36.75;Bueno;107.30;Regular;Bueno;Regular
2026-05-08;03:00;18;26.13;23.88;18.37;Bueno;53.06;Bueno;12;16.30;18.38;36.75;Bueno;107.30;Regular;Bueno;Regular
2026-05-08;04:00;19;26.04;23.88;18.37;Bueno;53.06;Bueno;12;16.04;18.38;36.75;Bueno;107.30;Regular;Bueno;Regular
2026-05-08;05:00;13;25.74;23.88;18.37;Bueno;53.06;Bueno;9;15.74;18.38;36.75;Bueno;107.30;Regular;Bueno;Regular
2026-05-08;06:00;8;24.96;23.88;18.37;Bueno;53.06;Bueno;6;15.04;18.38;36.75;Bueno;107.30;Regular;Bueno;Regular
2026-05-08;07:00;11;24.78;23.88;18.37;Bueno;53.06;Bueno;10;15.00;18.38;36.75;Bueno;107.30;Regular;Bueno;Regular
2026-05-08;08:00;17;24.65;23.88;18.37;Bueno;53.06;Bueno;16;14.87;18.38;36.75;Bueno;107.30;Regular;Bueno;Regular
2026-05-08;09:00;20;24.96;23.88;18.37;Bueno;53.06;Bueno;19;15.30;18.38;36.75;Bueno;107.30;Regular;Bueno;Regular
2026-05-08;10:00;15;24.74;23.88;18.37;Bueno;53.06;Bueno;11;15.48;18.38;36.75;Bueno;107.30;Regular;Bueno;Regular
2026-05-08;11:00;11;24.74;23.88;18.37;Bueno;53.06;Bueno;7;15.43;18.38;36.75;Bueno;107.30;Regular;Bueno;Regular
2026-05-08;12:00;11;24.78;23.88;18.37;Bueno;53.06;Bueno;7;15.52;18.38;36.75;Bueno;107.30;Regular;Bueno;Regular
2026-05-08;13:00;16;24.96;23.88;18.37;Bueno;53.06;Bueno;15;15.96;18.38;36.75;Bueno;107.30;Regular;Bueno;Regular
2026-05-08;14:00;14;24.83;23.88;18.37;Bueno;53.06;Bueno;13;16.17;18.38;36.75;Bueno;107.30;Regular;Bueno;Regular
2026-05-08;15:00;32;25.17;23.88;18.37;Bueno;53.06;Bueno;23;16.74;18.38;36.75;Bueno;107.30;Regular;Bueno;Regular
2026-05-08;16:00;36;25.30;23.88;18.37;Bueno;53.06;Bueno;30;17.48;18.38;36.75;Bueno;107.30;Regular;Bueno;Regular
2026-05-08;17:00;29;25.46;23.88;18.37;Bueno;53.06;Bueno;22;17.67;18.38;36.75;Bueno;107.30;Regular;Bueno;Regular
2026-05-08;18:00;72;25.75;23.88;18.37;Bueno;53.06;Bueno;58;18.67;18.38;36.75;Bueno;107.30;Regular;Bueno;Regular
2026-05-08;19:00;53;26.25;23.88;18.37;Bueno;53.06;Bueno;43;19.71;18.38;36.75;Bueno;107.30;Regular;Bueno;Regular
2026-05-08;20:00;27;25.62;23.88;18.37;Bueno;53.06;Bueno;23;19.46;18.38;36.75;Bueno;107.30;Regular;Bueno;Regular
2026-05-08;21:00;26;25.12;23.88;18.37;Bueno;53.06;Bueno;22;19.42;18.38;36.75;Bueno;107.30;Regular;Bueno;Regular
2026-05-08;22:00;23;24.21;23.88;18.37;Bueno;53.06;Bueno;15;18.54;18.38;36.75;Bueno;107.30;Regular;Bueno;Regular
2026-05-08;23:00;25;23.88;23.88;18.37;Bueno;53.06;Bueno;17;18.38;18.38;36.75;Bueno;107.30;Regular;Bueno;Regular
2026-05-09;00:00;12;23.04;18.12;13.94;Bueno;40.28;Bueno;10;17.75;8.79;17.58;Bueno;58.61;Bueno;Bueno;Bueno
2026-05-09;01:00;17;22.71;18.12;13.94;Bueno;40.28;Bueno;13;17.71;8.79;17.58;Bueno;58.61;Bueno;Bueno;Bueno
2026-05-09;02:00;16;22.54;18.12;13.94;Bueno;40.28;Bueno;15;17.83;8.79;17.58;Bueno;58.61;Bueno;Bueno;Bueno
2026-05-09;03:00;11;22.25;18.12;13.94;Bueno;40.28;Bueno;8;17.67;8.79;17.58;Bueno;58.61;Bueno;Bueno;Bueno
2026-05-09;04:00;9;21.83;18.12;13.94;Bueno;40.28;Bueno;6;17.42;8.79;17.58;Bueno;58.61;Bueno;Bueno;Bueno
2026-05-09;05:00;10;21.71;18.12;13.94;Bueno;40.28;Bueno;8;17.38;8.79;17.58;Bueno;58.61;Bueno;Bueno;Bueno
2026-05-09;06:00;10;21.79;18.12;13.94;Bueno;40.28;Bueno;6;17.38;8.79;17.58;Bueno;58.61;Bueno;Bueno;Bueno
2026-05-09;07:00;14;21.92;18.12;13.94;Bueno;40.28;Bueno;7;17.25;8.79;17.58;Bueno;58.61;Bueno;Bueno;Bueno
2026-05-09;08:00;13;21.75;18.12;13.94;Bueno;40.28;Bueno;5;16.79;8.79;17.58;Bueno;58.61;Bueno;Bueno;Bueno
2026-05-09;09:00;14;21.50;18.12;13.94;Bueno;40.28;Bueno;7;16.29;8.79;17.58;Bueno;58.61;Bueno;Bueno;Bueno
2026-05-09;10:00;15;21.50;18.12;13.94;Bueno;40.28;Bueno;8;16.17;8.79;17.58;Bueno;58.61;Bueno;Bueno;Bueno
2026-05-09;11:00;15;21.67;18.12;13.94;Bueno;40.28;Bueno;5;16.08;8.79;17.58;Bueno;58.61;Bueno;Bueno;Bueno
2026-05-09;12:00;25;22.25;18.12;13.94;Bueno;40.28;Bueno;6;16.04;8.79;17.58;Bueno;58.61;Bueno;Bueno;Bueno
2026-05-09;13:00;19;22.38;18.12;13.94;Bueno;40.28;Bueno;6;15.67;8.79;17.58;Bueno;58.61;Bueno;Bueno;Bueno
2026-05-09;14:00;20;22.62;18.12;13.94;Bueno;40.28;Bueno;5;15.33;8.79;17.58;Bueno;58.61;Bueno;Bueno;Bueno
2026-05-09;15:00;20;22.12;18.12;13.94;Bueno;40.28;Bueno;5;14.58;8.79;17.58;Bueno;58.61;Bueno;Bueno;Bueno
2026-05-09;16:00;25;21.67;18.12;13.94;Bueno;40.28;Bueno;8;13.67;8.79;17.58;Bueno;58.61;Bueno;Bueno;Bueno
2026-05-09;17:00;31;21.75;18.12;13.94;Bueno;40.28;Bueno;10;13.17;8.79;17.58;Bueno;58.61;Bueno;Bueno;Bueno
2026-05-09;18:00;26;19.83;18.12;13.94;Bueno;40.28;Bueno;12;11.25;8.79;17.58;Bueno;58.61;Bueno;Bueno;Bueno
2026-05-09;19:00;25;18.67;18.12;13.94;Bueno;40.28;Bueno;13;10.00;8.79;17.58;Bueno;58.61;Bueno;Bueno;Bueno
2026-05-09;20:00;31;18.83;18.12;13.94;Bueno;40.28;Bueno;12;9.54;8.79;17.58;Bueno;58.61;Bueno;Bueno;Bueno
2026-05-09;21:00;20;18.58;18.12;13.94;Bueno;40.28;Bueno;15;9.25;8.79;17.58;Bueno;58.61;Bueno;Bueno;Bueno
2026-05-09;22:00;20;18.46;18.12;13.94;Bueno;40.28;Bueno;13;9.17;8.79;17.58;Bueno;58.61;Bueno;Bueno;Bueno
2026-05-09;23:00;17;18.12;18.12;13.94;Bueno;40.28;Bueno;8;8.79;8.79;17.58;Bueno;58.61;Bueno;Bueno;Bueno
2026-05-10;00:00;13;18.17;14.54;11.19;Bueno;32.31;Bueno;6;8.62;8.58;17.17;Bueno;57.22;Bueno;Bueno;Bueno
2026-05-10;01:00;9;17.83;14.54;11.19;Bueno;32.31;Bueno;6;8.33;8.58;17.17;Bueno;57.22;Bueno;Bueno;Bueno
2026-05-10;02:00;7;17.46;14.54;11.19;Bueno;32.31;Bueno;6;7.96;8.58;17.17;Bueno;57.22;Bueno;Bueno;Bueno
2026-05-10;03:00;6;17.25;14.54;11.19;Bueno;32.31;Bueno;5;7.83;8.58;17.17;Bueno;57.22;Bueno;Bueno;Bueno
2026-05-10;04:00;6;17.12;14.54;11.19;Bueno;32.31;Bueno;3;7.71;8.58;17.17;Bueno;57.22;Bueno;Bueno;Bueno
2026-05-10;05:00;10;17.12;14.54;11.19;Bueno;32.31;Bueno;7;7.67;8.58;17.17;Bueno;57.22;Bueno;Bueno;Bueno
2026-05-10;06:00;9;17.08;14.54;11.19;Bueno;32.31;Bueno;6;7.67;8.58;17.17;Bueno;57.22;Bueno;Bueno;Bueno
2026-05-10;07:00;8;16.83;14.54;11.19;Bueno;32.31;Bueno;6;7.62;8.58;17.17;Bueno;57.22;Bueno;Bueno;Bueno
2026-05-10;08:00;12;16.79;14.54;11.19;Bueno;32.31;Bueno;7;7.71;8.58;17.17;Bueno;57.22;Bueno;Bueno;Bueno
2026-05-10;09:00;19;17.00;14.54;11.19;Bueno;32.31;Bueno;17;8.12;8.58;17.17;Bueno;57.22;Bueno;Bueno;Bueno
2026-05-10;10:00;15;17.00;14.54;11.19;Bueno;32.31;Bueno;10;8.21;8.58;17.17;Bueno;57.22;Bueno;Bueno;Bueno
2026-05-10;11:00;14;16.96;14.54;11.19;Bueno;32.31;Bueno;12;8.50;8.58;17.17;Bueno;57.22;Bueno;Bueno;Bueno
2026-05-10;12:00;16;16.58;14.54;11.19;Bueno;32.31;Bueno;9;8.62;8.58;17.17;Bueno;57.22;Bueno;Bueno;Bueno
2026-05-10;13:00;21;16.67;14.54;11.19;Bueno;32.31;Bueno;8;8.71;8.58;17.17;Bueno;57.22;Bueno;Bueno;Bueno
2026-05-10;14:00;16;16.50;14.54;11.19;Bueno;32.31;Bueno;8;8.83;8.58;17.17;Bueno;57.22;Bueno;Bueno;Bueno
2026-05-10;15:00;22;16.58;14.54;11.19;Bueno;32.31;Bueno;6;8.88;8.58;17.17;Bueno;57.22;Bueno;Bueno;Bueno
2026-05-10;16:00;18;16.29;14.54;11.19;Bueno;32.31;Bueno;8;8.88;8.58;17.17;Bueno;57.22;Bueno;Bueno;Bueno
2026-05-10;17:00;16;15.67;14.54;11.19;Bueno;32.31;Bueno;8;8.79;8.58;17.17;Bueno;57.22;Bueno;Bueno;Bueno
2026-05-10;18:00;28;15.75;14.54;11.19;Bueno;32.31;Bueno;10;8.71;8.58;17.17;Bueno;57.22;Bueno;Bueno;Bueno
2026-05-10;19:00;18;15.46;14.54;11.19;Bueno;32.31;Bueno;10;8.58;8.58;17.17;Bueno;57.22;Bueno;Bueno;Bueno
2026-05-10;20:00;15;14.79;14.54;11.19;Bueno;32.31;Bueno;11;8.54;8.58;17.17;Bueno;57.22;Bueno;Bueno;Bueno
2026-05-10;21:00;18;14.71;14.54;11.19;Bueno;32.31;Bueno;12;8.42;8.58;17.17;Bueno;57.22;Bueno;Bueno;Bueno
2026-05-10;22:00;16;14.54;14.54;11.19;Bueno;32.31;Bueno;10;8.29;8.58;17.17;Bueno;57.22;Bueno;Bueno;Bueno
2026-05-10;23:00;17;14.54;14.54;11.19;Bueno;32.31;Bueno;15;8.58;8.58;17.17;Bueno;57.22;Bueno;Bueno;Bueno
2026-05-11;00:00;16;14.67;28.17;21.67;Bueno;62.59;Bueno;15;8.96;16.83;33.67;Bueno;103.96;Regular;Bueno;Regular
2026-05-11;01:00;13;14.83;28.17;21.67;Bueno;62.59;Bueno;12;9.21;16.83;33.67;Bueno;103.96;Regular;Bueno;Regular
2026-05-11;02:00;14;15.12;28.17;21.67;Bueno;62.59;Bueno;8;9.29;16.83;33.67;Bueno;103.96;Regular;Bueno;Regular
2026-05-11;03:00;10;15.29;28.17;21.67;Bueno;62.59;Bueno;6;9.33;16.83;33.67;Bueno;103.96;Regular;Bueno;Regular
2026-05-11;04:00;8;15.38;28.17;21.67;Bueno;62.59;Bueno;7;9.50;16.83;33.67;Bueno;103.96;Regular;Bueno;Regular
2026-05-11;05:00;17;15.67;28.17;21.67;Bueno;62.59;Bueno;16;9.88;16.83;33.67;Bueno;103.96;Regular;Bueno;Regular
2026-05-11;06:00;10;15.71;28.17;21.67;Bueno;62.59;Bueno;7;9.92;16.83;33.67;Bueno;103.96;Regular;Bueno;Regular
2026-05-11;07:00;34;16.79;28.17;21.67;Bueno;62.59;Bueno;7;9.96;16.83;33.67;Bueno;103.96;Regular;Bueno;Regular
2026-05-11;08:00;44;18.12;28.17;21.67;Bueno;62.59;Bueno;20;10.50;16.83;33.67;Bueno;103.96;Regular;Bueno;Regular
2026-05-11;09:00;24;18.33;28.17;21.67;Bueno;62.59;Bueno;13;10.33;16.83;33.67;Bueno;103.96;Regular;Bueno;Regular
2026-05-11;10:00;19;18.50;28.17;21.67;Bueno;62.59;Bueno;8;10.25;16.83;33.67;Bueno;103.96;Regular;Bueno;Regular
2026-05-11;11:00;17;18.62;28.17;21.67;Bueno;62.59;Bueno;11;10.21;16.83;33.67;Bueno;103.96;Regular;Bueno;Regular
2026-05-11;12:00;16;18.62;28.17;21.67;Bueno;62.59;Bueno;10;10.25;16.83;33.67;Bueno;103.96;Regular;Bueno;Regular
2026-05-11;13:00;20;18.58;28.17;21.67;Bueno;62.59;Bueno;12;10.42;16.83;33.67;Bueno;103.96;Regular;Bueno;Regular
2026-05-11;14:00;30;19.17;28.17;21.67;Bueno;62.59;Bueno;14;10.67;16.83;33.67;Bueno;103.96;Regular;Bueno;Regular
2026-05-11;15:00;30;19.50;28.17;21.67;Bueno;62.59;Bueno;15;11.04;16.83;33.67;Bueno;103.96;Regular;Bueno;Regular
2026-05-11;16:00;36;20.25;28.17;21.67;Bueno;62.59;Bueno;14;11.29;16.83;33.67;Bueno;103.96;Regular;Bueno;Regular
2026-05-11;17:00;44;21.42;28.17;21.67;Bueno;62.59;Bueno;22;11.88;16.83;33.67;Bueno;103.96;Regular;Bueno;Regular
2026-05-11;18:00;48;22.25;28.17;21.67;Bueno;62.59;Bueno;23;12.42;16.83;33.67;Bueno;103.96;Regular;Bueno;Regular
2026-05-11;19:00;50;23.58;28.17;21.67;Bueno;62.59;Bueno;31;13.29;16.83;33.67;Bueno;103.96;Regular;Bueno;Regular
2026-05-11;20:00;57;25.33;28.17;21.67;Bueno;62.59;Bueno;42;14.58;16.83;33.67;Bueno;103.96;Regular;Bueno;Regular
2026-05-11;21:00;47;26.54;28.17;21.67;Bueno;62.59;Bueno;38;15.67;16.83;33.67;Bueno;103.96;Regular;Bueno;Regular
2026-05-11;22:00;48;27.88;28.17;21.67;Bueno;62.59;Bueno;38;16.83;16.83;33.67;Bueno;103.96;Regular;Bueno;Regular
2026-05-11;23:00;24;28.17;28.17;21.67;Bueno;62.59;Bueno;15;16.83;16.83;33.67;Bueno;103.96;Regular;Bueno;Regular
2026-05-12;00:00;24;28.50;37.58;28.91;Bueno;83.52;Bueno;20;17.04;20.96;41.92;Bueno;112.89;Regular;Bueno;Regular
2026-05-12;01:00;21;28.83;37.58;28.91;Bueno;83.52;Bueno;14;17.12;20.96;41.92;Bueno;112.89;Regular;Bueno;Regular
2026-05-12;02:00;21;29.12;37.58;28.91;Bueno;83.52;Bueno;13;17.33;20.96;41.92;Bueno;112.89;Regular;Bueno;Regular
2026-05-12;03:00;14;29.29;37.58;28.91;Bueno;83.52;Bueno;9;17.46;20.96;41.92;Bueno;112.89;Regular;Bueno;Regular
2026-05-12;04:00;9;29.33;37.58;28.91;Bueno;83.52;Bueno;8;17.50;20.96;41.92;Bueno;112.89;Regular;Bueno;Regular
2026-05-12;05:00;14;29.21;37.58;28.91;Bueno;83.52;Bueno;8;17.17;20.96;41.92;Bueno;112.89;Regular;Bueno;Regular
2026-05-12;06:00;33;30.17;37.58;28.91;Bueno;83.52;Bueno;23;17.83;20.96;41.92;Bueno;112.89;Regular;Bueno;Regular
2026-05-12;07:00;132;34.25;37.58;28.91;Bueno;83.52;Bueno;57;19.92;20.96;41.92;Bueno;112.89;Regular;Bueno;Regular
2026-05-12;08:00;176;39.75;37.58;28.91;Bueno;83.52;Bueno;106;23.50;20.96;41.92;Bueno;112.89;Regular;Bueno;Regular
2026-05-12;09:00;70;41.67;37.58;28.91;Bueno;83.52;Bueno;36;24.46;20.96;41.92;Bueno;112.89;Regular;Bueno;Regular
2026-05-12;10:00;39;42.50;37.58;28.91;Bueno;83.52;Bueno;21;25.00;20.96;41.92;Bueno;112.89;Regular;Bueno;Regular
2026-05-12;11:00;27;42.92;37.58;28.91;Bueno;83.52;Bueno;10;24.96;20.96;41.92;Bueno;112.89;Regular;Bueno;Regular
2026-05-12;12:00;27;43.38;37.58;28.91;Bueno;83.52;Bueno;11;25.00;20.96;41.92;Bueno;112.89;Regular;Bueno;Regular
2026-05-12;13:00;26;43.62;37.58;28.91;Bueno;83.52;Bueno;9;24.88;20.96;41.92;Bueno;112.89;Regular;Bueno;Regular
2026-05-12;14:00;25;43.42;37.58;28.91;Bueno;83.52;Bueno;10;24.71;20.96;41.92;Bueno;112.89;Regular;Bueno;Regular
2026-05-12;15:00;22;43.08;37.58;28.91;Bueno;83.52;Bueno;11;24.54;20.96;41.92;Bueno;112.89;Regular;Bueno;Regular
2026-05-12;16:00;27;42.71;37.58;28.91;Bueno;83.52;Bueno;12;24.46;20.96;41.92;Bueno;112.89;Regular;Bueno;Regular
2026-05-12;17:00;42;42.62;37.58;28.91;Bueno;83.52;Bueno;22;24.46;20.96;41.92;Bueno;112.89;Regular;Bueno;Regular
2026-05-12;18:00;36;42.12;37.58;28.91;Bueno;83.52;Bueno;26;24.58;20.96;41.92;Bueno;112.89;Regular;Bueno;Regular
2026-05-12;19:00;28;41.21;37.58;28.91;Bueno;83.52;Bueno;17;24.00;20.96;41.92;Bueno;112.89;Regular;Bueno;Regular
2026-05-12;20:00;23;39.79;37.58;28.91;Bueno;83.52;Bueno;16;22.92;20.96;41.92;Bueno;112.89;Regular;Bueno;Regular
2026-05-12;21:00;28;39.00;37.58;28.91;Bueno;83.52;Bueno;18;22.08;20.96;41.92;Bueno;112.89;Regular;Bueno;Regular
2026-05-12;22:00;21;37.88;37.58;28.91;Bueno;83.52;Bueno;13;21.04;20.96;41.92;Bueno;112.89;Regular;Bueno;Regular
2026-05-12;23:00;17;37.58;37.58;28.91;Bueno;83.52;Bueno;13;20.96;20.96;41.92;Bueno;112.89;Regular;Bueno;Regular
2026-05-13;00:00;14;37.17;25.88;19.90;Bueno;57.50;Bueno;13;20.67;14.88;29.75;Bueno;99.17;Bueno;Bueno;Bueno
2026-05-13;01:00;12;36.79;25.88;19.90;Bueno;57.50;Bueno;10;20.50;14.88;29.75;Bueno;99.17;Bueno;Bueno;Bueno
2026-05-13;02:00;15;36.54;25.88;19.90;Bueno;57.50;Bueno;14;20.54;14.88;29.75;Bueno;99.17;Bueno;Bueno;Bueno
2026-05-13;03:00;14;36.54;25.88;19.90;Bueno;57.50;Bueno;12;20.67;14.88;29.75;Bueno;99.17;Bueno;Bueno;Bueno
2026-05-13;04:00;15;36.79;25.88;19.90;Bueno;57.50;Bueno;10;20.75;14.88;29.75;Bueno;99.17;Bueno;Bueno;Bueno
2026-05-13;05:00;13;36.75;25.88;19.90;Bueno;57.50;Bueno;8;20.75;14.88;29.75;Bueno;99.17;Bueno;Bueno;Bueno
2026-05-13;06:00;15;36.00;25.88;19.90;Bueno;57.50;Bueno;9;20.17;14.88;29.75;Bueno;99.17;Bueno;Bueno;Bueno
2026-05-13;07:00;24;31.50;25.88;19.90;Bueno;57.50;Bueno;14;18.38;14.88;29.75;Bueno;99.17;Bueno;Bueno;Bueno
2026-05-13;08:00;29;25.38;25.88;19.90;Bueno;57.50;Bueno;11;14.42;14.88;29.75;Bueno;99.17;Bueno;Bueno;Bueno
2026-05-13;09:00;26;23.54;25.88;19.90;Bueno;57.50;Bueno;13;13.46;14.88;29.75;Bueno;99.17;Bueno;Bueno;Bueno
2026-05-13;10:00;20;22.75;25.88;19.90;Bueno;57.50;Bueno;9;12.96;14.88;29.75;Bueno;99.17;Bueno;Bueno;Bueno
2026-05-13;11:00;21;22.50;25.88;19.90;Bueno;57.50;Bueno;7;12.83;14.88;29.75;Bueno;99.17;Bueno;Bueno;Bueno
2026-05-13;12:00;19;22.17;25.88;19.90;Bueno;57.50;Bueno;8;12.71;14.88;29.75;Bueno;99.17;Bueno;Bueno;Bueno
2026-05-13;13:00;24;22.08;25.88;19.90;Bueno;57.50;Bueno;10;12.75;14.88;29.75;Bueno;99.17;Bueno;Bueno;Bueno
2026-05-13;14:00;18;21.79;25.88;19.90;Bueno;57.50;Bueno;11;12.79;14.88;29.75;Bueno;99.17;Bueno;Bueno;Bueno
2026-05-13;15:00;35;22.33;25.88;19.90;Bueno;57.50;Bueno;13;12.88;14.88;29.75;Bueno;99.17;Bueno;Bueno;Bueno
2026-05-13;16:00;42;22.96;25.88;19.90;Bueno;57.50;Bueno;20;13.21;14.88;29.75;Bueno;99.17;Bueno;Bueno;Bueno
2026-05-13;17:00;48;23.21;25.88;19.90;Bueno;57.50;Bueno;23;13.25;14.88;29.75;Bueno;99.17;Bueno;Bueno;Bueno
2026-05-13;18:00;41;23.42;25.88;19.90;Bueno;57.50;Bueno;17;12.88;14.88;29.75;Bueno;99.17;Bueno;Bueno;Bueno
2026-05-13;19:00;41;23.96;25.88;19.90;Bueno;57.50;Bueno;25;13.21;14.88;29.75;Bueno;99.17;Bueno;Bueno;Bueno
2026-05-13;20:00;37;24.54;25.88;19.90;Bueno;57.50;Bueno;24;13.54;14.88;29.75;Bueno;99.17;Bueno;Bueno;Bueno
2026-05-13;21:00;32;24.71;25.88;19.90;Bueno;57.50;Bueno;22;13.71;14.88;29.75;Bueno;99.17;Bueno;Bueno;Bueno
2026-05-13;22:00;26;24.92;25.88;19.90;Bueno;57.50;Bueno;20;14.00;14.88;29.75;Bueno;99.17;Bueno;Bueno;Bueno
2026-05-13;23:00;40;25.88;25.88;19.90;Bueno;57.50;Bueno;34;14.88;14.88;29.75;Bueno;99.17;Bueno;Bueno;Bueno
2026-05-14;00:00;23;26.25;33.71;25.93;Bueno;74.91;Bueno;14;14.92;21.88;43.75;Bueno;114.88;Regular;Bueno;Regular
2026-05-14;01:00;16;26.42;33.71;25.93;Bueno;74.91;Bueno;13;15.04;21.88;43.75;Bueno;114.88;Regular;Bueno;Regular
2026-05-14;02:00;16;26.46;33.71;25.93;Bueno;74.91;Bueno;10;14.88;21.88;43.75;Bueno;114.88;Regular;Bueno;Regular
2026-05-14;03:00;14;26.46;33.71;25.93;Bueno;74.91;Bueno;8;14.71;21.88;43.75;Bueno;114.88;Regular;Bueno;Regular
2026-05-14;04:00;14;26.42;33.71;25.93;Bueno;74.91;Bueno;9;14.67;21.88;43.75;Bueno;114.88;Regular;Bueno;Regular
2026-05-14;05:00;12;26.38;33.71;25.93;Bueno;74.91;Bueno;9;14.71;21.88;43.75;Bueno;114.88;Regular;Bueno;Regular
2026-05-14;06:00;13;26.29;33.71;25.93;Bueno;74.91;Bueno;9;14.71;21.88;43.75;Bueno;114.88;Regular;Bueno;Regular
2026-05-14;07:00;22;26.21;33.71;25.93;Bueno;74.91;Bueno;12;14.62;21.88;43.75;Bueno;114.88;Regular;Bueno;Regular
2026-05-14;08:00;22;25.92;33.71;25.93;Bueno;74.91;Bueno;10;14.58;21.88;43.75;Bueno;114.88;Regular;Bueno;Regular
2026-05-14;09:00;19;25.62;33.71;25.93;Bueno;74.91;Bueno;15;14.67;21.88;43.75;Bueno;114.88;Regular;Bueno;Regular
2026-05-14;10:00;22;25.71;33.71;25.93;Bueno;74.91;Bueno;20;15.12;21.88;43.75;Bueno;114.88;Regular;Bueno;Regular
2026-05-14;11:00;31;26.12;33.71;25.93;Bueno;74.91;Bueno;21;15.71;21.88;43.75;Bueno;114.88;Regular;Bueno;Regular
2026-05-14;12:00;44;27.17;33.71;25.93;Bueno;74.91;Bueno;26;16.46;21.88;43.75;Bueno;114.88;Regular;Bueno;Regular
2026-05-14;13:00;27;27.29;33.71;25.93;Bueno;74.91;Bueno;21;16.92;21.88;43.75;Bueno;114.88;Regular;Bueno;Regular
2026-05-14;14:00;32;27.88;33.71;25.93;Bueno;74.91;Bueno;15;17.08;21.88;43.75;Bueno;114.88;Regular;Bueno;Regular
2026-05-14;15:00;31;27.71;33.71;25.93;Bueno;74.91;Bueno;16;17.21;21.88;43.75;Bueno;114.88;Regular;Bueno;Regular
2026-05-14;16:00;51;28.08;33.71;25.93;Bueno;74.91;Bueno;31;17.67;21.88;43.75;Bueno;114.88;Regular;Bueno;Regular
2026-05-14;17:00;67;28.88;33.71;25.93;Bueno;74.91;Bueno;41;18.42;21.88;43.75;Bueno;114.88;Regular;Bueno;Regular
2026-05-14;18:00;75;30.29;33.71;25.93;Bueno;74.91;Bueno;48;19.71;21.88;43.75;Bueno;114.88;Regular;Bueno;Regular
2026-05-14;19:00;52;30.75;33.71;25.93;Bueno;74.91;Bueno;35;20.12;21.88;43.75;Bueno;114.88;Regular;Bueno;Regular
2026-05-14;20:00;54;31.46;33.71;25.93;Bueno;74.91;Bueno;39;20.75;21.88;43.75;Bueno;114.88;Regular;Bueno;Regular
2026-05-14;21:00;70;33.04;33.71;25.93;Bueno;74.91;Bueno;48;21.83;21.88;43.75;Bueno;114.88;Regular;Bueno;Regular
2026-05-14;22:00;50;34.04;33.71;25.93;Bueno;74.91;Bueno;32;22.33;21.88;43.75;Bueno;114.88;Regular;Bueno;Regular
2026-05-14;23:00;32;33.71;33.71;25.93;Bueno;74.91;Bueno;23;21.88;21.88;43.75;Bueno;114.88;Regular;Bueno;Regular
2026-05-15;00:00;25;33.79;25.42;19.55;Bueno;56.48;Bueno;18;22.04;14.46;28.92;Bueno;96.39;Bueno;Bueno;Bueno
2026-05-15;01:00;25;34.17;25.42;19.55;Bueno;56.48;Bueno;22;22.42;14.46;28.92;Bueno;96.39;Bueno;Bueno;Bueno
2026-05-15;02:00;22;34.42;25.42;19.55;Bueno;56.48;Bueno;20;22.83;14.46;28.92;Bueno;96.39;Bueno;Bueno;Bueno
2026-05-15;03:00;16;34.50;25.42;19.55;Bueno;56.48;Bueno;13;23.04;14.46;28.92;Bueno;96.39;Bueno;Bueno;Bueno
2026-05-15;04:00;15;34.54;25.42;19.55;Bueno;56.48;Bueno;8;23.00;14.46;28.92;Bueno;96.39;Bueno;Bueno;Bueno
2026-05-15;05:00;18;34.79;25.42;19.55;Bueno;56.48;Bueno;10;23.04;14.46;28.92;Bueno;96.39;Bueno;Bueno;Bueno
2026-05-15;06:00;17;34.96;25.42;19.55;Bueno;56.48;Bueno;9;23.04;14.46;28.92;Bueno;96.39;Bueno;Bueno;Bueno
2026-05-15;07:00;40;35.71;25.42;19.55;Bueno;56.48;Bueno;17;23.25;14.46;28.92;Bueno;96.39;Bueno;Bueno;Bueno
2026-05-15;08:00;36;36.29;25.42;19.55;Bueno;56.48;Bueno;17;23.54;14.46;28.92;Bueno;96.39;Bueno;Bueno;Bueno
2026-05-15;09:00;20;36.33;25.42;19.55;Bueno;56.48;Bueno;10;23.33;14.46;28.92;Bueno;96.39;Bueno;Bueno;Bueno
2026-05-15;10:00;20;36.25;25.42;19.55;Bueno;56.48;Bueno;9;22.88;14.46;28.92;Bueno;96.39;Bueno;Bueno;Bueno
2026-05-15;11:00;23;35.92;25.42;19.55;Bueno;56.48;Bueno;10;22.42;14.46;28.92;Bueno;96.39;Bueno;Bueno;Bueno
2026-05-15;12:00;25;35.12;25.42;19.55;Bueno;56.48;Bueno;12;21.83;14.46;28.92;Bueno;96.39;Bueno;Bueno;Bueno
2026-05-15;13:00;25;35.04;25.42;19.55;Bueno;56.48;Bueno;10;21.38;14.46;28.92;Bueno;96.39;Bueno;Bueno;Bueno
2026-05-15;14:00;28;34.88;25.42;19.55;Bueno;56.48;Bueno;9;21.12;14.46;28.92;Bueno;96.39;Bueno;Bueno;Bueno
2026-05-15;15:00;25;34.62;25.42;19.55;Bueno;56.48;Bueno;9;20.83;14.46;28.92;Bueno;96.39;Bueno;Bueno;Bueno
2026-05-15;16:00;27;33.62;25.42;19.55;Bueno;56.48;Bueno;14;20.12;14.46;28.92;Bueno;96.39;Bueno;Bueno;Bueno
2026-05-15;17:00;27;31.96;25.42;19.55;Bueno;56.48;Bueno;15;19.04;14.46;28.92;Bueno;96.39;Bueno;Bueno;Bueno
2026-05-15;18:00;41;30.54;25.42;19.55;Bueno;56.48;Bueno;28;18.21;14.46;28.92;Bueno;96.39;Bueno;Bueno;Bueno
2026-05-15;19:00;39;30.00;25.42;19.55;Bueno;56.48;Bueno;27;17.88;14.46;28.92;Bueno;96.39;Bueno;Bueno;Bueno
2026-05-15;20:00;37;29.29;25.42;19.55;Bueno;56.48;Bueno;25;17.29;14.46;28.92;Bueno;96.39;Bueno;Bueno;Bueno
2026-05-15;21:00;23;27.33;25.42;19.55;Bueno;56.48;Bueno;14;15.88;14.46;28.92;Bueno;96.39;Bueno;Bueno;Bueno
2026-05-15;22:00;20;26.08;25.42;19.55;Bueno;56.48;Bueno;9;14.92;14.46;28.92;Bueno;96.39;Bueno;Bueno;Bueno
2026-05-15;23:00;16;25.42;25.42;19.55;Bueno;56.48;Bueno;12;14.46;14.46;28.92;Bueno;96.39;Bueno;Bueno;Bueno
2026-05-16;00:00;13;24.92;18.42;14.17;Bueno;40.93;Bueno;7;14.00;9.58;19.17;Bueno;63.89;Bueno;Bueno;Bueno
2026-05-16;01:00;8;24.21;18.42;14.17;Bueno;40.93;Bueno;6;13.33;9.58;19.17;Bueno;63.89;Bueno;Bueno;Bueno
2026-05-16;02:00;6;23.54;18.42;14.17;Bueno;40.93;Bueno;5;12.71;9.58;19.17;Bueno;63.89;Bueno;Bueno;Bueno
2026-05-16;03:00;7;23.17;18.42;14.17;Bueno;40.93;Bueno;2;12.25;9.58;19.17;Bueno;63.89;Bueno;Bueno;Bueno
2026-05-16;04:00;5;22.75;18.42;14.17;Bueno;40.93;Bueno;3;12.04;9.58;19.17;Bueno;63.89;Bueno;Bueno;Bueno
2026-05-16;05:00;4;22.17;18.42;14.17;Bueno;40.93;Bueno;2;11.71;9.58;19.17;Bueno;63.89;Bueno;Bueno;Bueno
2026-05-16;06:00;7;21.75;18.42;14.17;Bueno;40.93;Bueno;1;11.38;9.58;19.17;Bueno;63.89;Bueno;Bueno;Bueno
2026-05-16;07:00;10;20.50;18.42;14.17;Bueno;40.93;Bueno;5;10.88;9.58;19.17;Bueno;63.89;Bueno;Bueno;Bueno
2026-05-16;08:00;10;19.42;18.42;14.17;Bueno;40.93;Bueno;7;10.46;9.58;19.17;Bueno;63.89;Bueno;Bueno;Bueno
2026-05-16;09:00;23;19.54;18.42;14.17;Bueno;40.93;Bueno;8;10.38;9.58;19.17;Bueno;63.89;Bueno;Bueno;Bueno
2026-05-16;10:00;15;19.33;18.42;14.17;Bueno;40.93;Bueno;9;10.38;9.58;19.17;Bueno;63.89;Bueno;Bueno;Bueno
2026-05-16;11:00;20;19.21;18.42;14.17;Bueno;40.93;Bueno;12;10.46;9.58;19.17;Bueno;63.89;Bueno;Bueno;Bueno
2026-05-16;12:00;33;19.54;18.42;14.17;Bueno;40.93;Bueno;8;10.29;9.58;19.17;Bueno;63.89;Bueno;Bueno;Bueno
2026-05-16;13:00;23;19.46;18.42;14.17;Bueno;40.93;Bueno;9;10.25;9.58;19.17;Bueno;63.89;Bueno;Bueno;Bueno
2026-05-16;14:00;27;19.42;18.42;14.17;Bueno;40.93;Bueno;8;10.21;9.58;19.17;Bueno;63.89;Bueno;Bueno;Bueno
2026-05-16;15:00;28;19.54;18.42;14.17;Bueno;40.93;Bueno;12;10.33;9.58;19.17;Bueno;63.89;Bueno;Bueno;Bueno
2026-05-16;16:00;30;19.67;18.42;14.17;Bueno;40.93;Bueno;15;10.38;9.58;19.17;Bueno;63.89;Bueno;Bueno;Bueno
2026-05-16;17:00;31;19.83;18.42;14.17;Bueno;40.93;Bueno;20;10.58;9.58;19.17;Bueno;63.89;Bueno;Bueno;Bueno
2026-05-16;18:00;30;19.38;18.42;14.17;Bueno;40.93;Bueno;18;10.17;9.58;19.17;Bueno;63.89;Bueno;Bueno;Bueno
2026-05-16;19:00;26;18.83;18.42;14.17;Bueno;40.93;Bueno;12;9.54;9.58;19.17;Bueno;63.89;Bueno;Bueno;Bueno
2026-05-16;20:00;25;18.33;18.42;14.17;Bueno;40.93;Bueno;13;9.04;9.58;19.17;Bueno;63.89;Bueno;Bueno;Bueno
2026-05-16;21:00;21;18.25;18.42;14.17;Bueno;40.93;Bueno;15;9.08;9.58;19.17;Bueno;63.89;Bueno;Bueno;Bueno
2026-05-16;22:00;19;18.21;18.42;14.17;Bueno;40.93;Bueno;13;9.25;9.58;19.17;Bueno;63.89;Bueno;Bueno;Bueno
2026-05-16;23:00;21;18.42;18.42;14.17;Bueno;40.93;Bueno;20;9.58;9.58;19.17;Bueno;63.89;Bueno;Bueno;Bueno
2026-05-17;00:00;21;18.75;55.67;42.82;Bueno;117.50;Regular;13;9.83;39.25;78.50;Bueno;152.79;Regular;Bueno;Regular
2026-05-17;01:00;17;19.12;55.67;42.82;Bueno;117.50;Regular;12;10.08;39.25;78.50;Bueno;152.79;Regular;Bueno;Regular
2026-05-17;02:00;12;19.38;55.67;42.82;Bueno;117.50;Regular;10;10.29;39.25;78.50;Bueno;152.79;Regular;Bueno;Regular
2026-05-17;03:00;11;19.54;55.67;42.82;Bueno;117.50;Regular;8;10.54;39.25;78.50;Bueno;152.79;Regular;Bueno;Regular
2026-05-17;04:00;10;19.75;55.67;42.82;Bueno;117.50;Regular;9;10.79;39.25;78.50;Bueno;152.79;Regular;Bueno;Regular
2026-05-17;05:00;12;20.08;55.67;42.82;Bueno;117.50;Regular;7;11.00;39.25;78.50;Bueno;152.79;Regular;Bueno;Regular
2026-05-17;06:00;12;20.29;55.67;42.82;Bueno;117.50;Regular;8;11.29;39.25;78.50;Bueno;152.79;Regular;Bueno;Regular
2026-05-17;07:00;11;20.33;55.67;42.82;Bueno;117.50;Regular;10;11.50;39.25;78.50;Bueno;152.79;Regular;Bueno;Regular
2026-05-17;08:00;15;20.54;55.67;42.82;Bueno;117.50;Regular;14;11.79;39.25;78.50;Bueno;152.79;Regular;Bueno;Regular
2026-05-17;09:00;15;20.21;55.67;42.82;Bueno;117.50;Regular;11;11.92;39.25;78.50;Bueno;152.79;Regular;Bueno;Regular
2026-05-17;10:00;17;20.29;55.67;42.82;Bueno;117.50;Regular;11;12.00;39.25;78.50;Bueno;152.79;Regular;Bueno;Regular
2026-05-17;11:00;21;20.33;55.67;42.82;Bueno;117.50;Regular;14;12.08;39.25;78.50;Bueno;152.79;Regular;Bueno;Regular
2026-05-17;12:00;27;20.08;55.67;42.82;Bueno;117.50;Regular;9;12.12;39.25;78.50;Bueno;152.79;Regular;Bueno;Regular
2026-05-17;13:00;24;20.12;55.67;42.82;Bueno;117.50;Regular;11;12.21;39.25;78.50;Bueno;152.79;Regular;Bueno;Regular
2026-05-17;14:00;30;20.25;55.67;42.82;Bueno;117.50;Regular;10;12.29;39.25;78.50;Bueno;152.79;Regular;Bueno;Regular
2026-05-17;15:00;23;20.04;55.67;42.82;Bueno;117.50;Regular;10;12.21;39.25;78.50;Bueno;152.79;Regular;Bueno;Regular
2026-05-17;16:00;27;19.92;55.67;42.82;Bueno;117.50;Regular;14;12.17;39.25;78.50;Bueno;152.79;Regular;Bueno;Regular
2026-05-17;17:00;77;21.83;55.67;42.82;Bueno;117.50;Regular;38;12.92;39.25;78.50;Bueno;152.79;Regular;Bueno;Regular
2026-05-17;18:00;150;26.83;55.67;42.82;Bueno;117.50;Regular;92;16.00;39.25;78.50;Bueno;152.79;Regular;Bueno;Regular
2026-05-17;19:00;118;30.67;55.67;42.82;Bueno;117.50;Regular;85;19.04;39.25;78.50;Bueno;152.79;Regular;Bueno;Regular
2026-05-17;20:00;83;33.08;55.67;42.82;Bueno;117.50;Regular;50;20.58;39.25;78.50;Bueno;152.79;Regular;Bueno;Regular
2026-05-17;21:00;183;39.83;55.67;42.82;Bueno;117.50;Regular;115;24.75;39.25;78.50;Bueno;152.79;Regular;Bueno;Regular
2026-05-17;22:00;266;50.12;55.67;42.82;Bueno;117.50;Regular;248;34.54;39.25;78.50;Bueno;152.79;Regular;Bueno;Regular
2026-05-17;23:00;154;55.67;55.67;42.82;Bueno;117.50;Regular;133;39.25;39.25;78.50;Bueno;152.79;Regular;Bueno;Regular
2026-05-18;00:00;188;62.62;171.54;183.08;Regular;312.56;Preemergencia;184;46.38;135.04;383.47;Preemergencia;369.60;Preemergencia;Preemergencia;Preemergencia
2026-05-18;01:00;213;70.79;171.54;183.08;Regular;312.56;Preemergencia;212;54.71;135.04;383.47;Preemergencia;369.60;Preemergencia;Preemergencia;Preemergencia
2026-05-18;02:00;141;76.17;171.54;183.08;Regular;312.56;Preemergencia;140;60.12;135.04;383.47;Preemergencia;369.60;Preemergencia;Preemergencia;Preemergencia
2026-05-18;03:00;111;80.33;171.54;183.08;Regular;312.56;Preemergencia;110;64.38;135.04;383.47;Preemergencia;369.60;Preemergencia;Preemergencia;Preemergencia
2026-05-18;04:00;90;83.67;171.54;183.08;Regular;312.56;Preemergencia;89;67.71;135.04;383.47;Preemergencia;369.60;Preemergencia;Preemergencia;Preemergencia
2026-05-18;05:00;114;87.92;171.54;183.08;Regular;312.56;Preemergencia;113;72.12;135.04;383.47;Preemergencia;369.60;Preemergencia;Preemergencia;Preemergencia
2026-05-18;06:00;114;92.17;171.54;183.08;Regular;312.56;Preemergencia;105;76.17;135.04;383.47;Preemergencia;369.60;Preemergencia;Preemergencia;Preemergencia
2026-05-18;07:00;126;96.96;171.54;183.08;Regular;312.56;Preemergencia;74;78.83;135.04;383.47;Preemergencia;369.60;Preemergencia;Preemergencia;Preemergencia
2026-05-18;08:00;145;102.38;171.54;183.08;Regular;312.56;Preemergencia;85;81.79;135.04;383.47;Preemergencia;369.60;Preemergencia;Preemergencia;Preemergencia
2026-05-18;09:00;82;105.17;171.54;183.08;Regular;312.56;Preemergencia;55;83.62;135.04;383.47;Preemergencia;369.60;Preemergencia;Preemergencia;Preemergencia
2026-05-18;10:00;46;106.38;171.54;183.08;Regular;312.56;Preemergencia;26;84.25;135.04;383.47;Preemergencia;369.60;Preemergencia;Preemergencia;Preemergencia
2026-05-18;11:00;40;107.17;171.54;183.08;Regular;312.56;Preemergencia;24;84.67;135.04;383.47;Preemergencia;369.60;Preemergencia;Preemergencia;Preemergencia
2026-05-18;12:00;38;107.62;171.54;183.08;Regular;312.56;Preemergencia;18;85.04;135.04;383.47;Preemergencia;369.60;Preemergencia;Preemergencia;Preemergencia
2026-05-18;13:00;48;108.62;171.54;183.08;Regular;312.56;Preemergencia;21;85.46;135.04;383.47;Preemergencia;369.60;Preemergencia;Preemergencia;Preemergencia
2026-05-18;14:00;48;109.38;171.54;183.08;Regular;312.56;Preemergencia;15;85.67;135.04;383.47;Preemergencia;369.60;Preemergencia;Preemergencia;Preemergencia
2026-05-18;15:00;37;109.96;171.54;183.08;Regular;312.56;Preemergencia;11;85.71;135.04;383.47;Preemergencia;369.60;Preemergencia;Preemergencia;Preemergencia
2026-05-18;16:00;66;111.58;171.54;183.08;Regular;312.56;Preemergencia;25;86.17;135.04;383.47;Preemergencia;369.60;Preemergencia;Preemergencia;Preemergencia
2026-05-18;17:00;133;113.92;171.54;183.08;Regular;312.56;Preemergencia;65;87.29;135.04;383.47;Preemergencia;369.60;Preemergencia;Preemergencia;Preemergencia
2026-05-18;18:00;388;123.83;171.54;183.08;Regular;312.56;Preemergencia;266;94.54;135.04;383.47;Preemergencia;369.60;Preemergencia;Preemergencia;Preemergencia
2026-05-18;19:00;486;139.17;171.54;183.08;Regular;312.56;Preemergencia;324;104.50;135.04;383.47;Preemergencia;369.60;Preemergencia;Preemergencia;Preemergencia
2026-05-18;20:00;754;167.12;171.54;183.08;Regular;312.56;Preemergencia;638;129.00;135.04;383.47;Preemergencia;369.60;Preemergencia;Preemergencia;Preemergencia
2026-05-18;21:00;285;171.38;171.54;183.08;Regular;312.56;Preemergencia;243;134.33;135.04;383.47;Preemergencia;369.60;Preemergencia;Preemergencia;Preemergencia
2026-05-18;22:00;268;171.46;171.54;183.08;Regular;312.56;Preemergencia;256;134.67;135.04;383.47;Preemergencia;369.60;Preemergencia;Preemergencia;Preemergencia
2026-05-18;23:00;156;171.54;171.54;183.08;Regular;312.56;Preemergencia;142;135.04;135.04;383.47;Preemergencia;369.60;Preemergencia;Preemergencia;Preemergencia
2026-05-19;00:00;129;169.08;142.67;125.33;Regular;263.08;Alerta;111;132.00;107.58;291.94;Alerta;306.07;Preemergencia;Alerta;Preemergencia
2026-05-19;01:00;133;165.75;142.67;125.33;Regular;263.08;Alerta;125;128.38;107.58;291.94;Alerta;306.07;Preemergencia;Alerta;Preemergencia
2026-05-19;02:00;115;164.67;142.67;125.33;Regular;263.08;Alerta;110;127.12;107.58;291.94;Alerta;306.07;Preemergencia;Alerta;Preemergencia
2026-05-19;03:00;62;162.62;142.67;125.33;Regular;263.08;Alerta;61;125.08;107.58;291.94;Alerta;306.07;Preemergencia;Alerta;Preemergencia
2026-05-19;04:00;95;162.83;142.67;125.33;Regular;263.08;Alerta;88;125.04;107.58;291.94;Alerta;306.07;Preemergencia;Alerta;Preemergencia
2026-05-19;05:00;84;161.58;142.67;125.33;Regular;263.08;Alerta;75;123.46;107.58;291.94;Alerta;306.07;Preemergencia;Alerta;Preemergencia
2026-05-19;06:00;74;159.92;142.67;125.33;Regular;263.08;Alerta;60;121.58;107.58;291.94;Alerta;306.07;Preemergencia;Alerta;Preemergencia
2026-05-19;07:00;162;161.42;142.67;125.33;Regular;263.08;Alerta;134;124.08;107.58;291.94;Alerta;306.07;Preemergencia;Alerta;Preemergencia
2026-05-19;08:00;222;164.62;142.67;125.33;Regular;263.08;Alerta;128;125.88;107.58;291.94;Alerta;306.07;Preemergencia;Alerta;Preemergencia
2026-05-19;09:00;67;164.00;142.67;125.33;Regular;263.08;Alerta;38;125.17;107.58;291.94;Alerta;306.07;Preemergencia;Alerta;Preemergencia
2026-05-19;10:00;57;164.46;142.67;125.33;Regular;263.08;Alerta;39;125.71;107.58;291.94;Alerta;306.07;Preemergencia;Alerta;Preemergencia
2026-05-19;11:00;43;164.58;142.67;125.33;Regular;263.08;Alerta;32;126.04;107.58;291.94;Alerta;306.07;Preemergencia;Alerta;Preemergencia
2026-05-19;12:00;50;165.08;142.67;125.33;Regular;263.08;Alerta;21;126.17;107.58;291.94;Alerta;306.07;Preemergencia;Alerta;Preemergencia
2026-05-19;13:00;54;165.33;142.67;125.33;Regular;263.08;Alerta;21;126.17;107.58;291.94;Alerta;306.07;Preemergencia;Alerta;Preemergencia
2026-05-19;14:00;36;164.83;142.67;125.33;Regular;263.08;Alerta;18;126.29;107.58;291.94;Alerta;306.07;Preemergencia;Alerta;Preemergencia
2026-05-19;15:00;49;165.33;142.67;125.33;Regular;263.08;Alerta;20;126.67;107.58;291.94;Alerta;306.07;Preemergencia;Alerta;Preemergencia
2026-05-19;16:00;43;164.38;142.67;125.33;Regular;263.08;Alerta;16;126.29;107.58;291.94;Alerta;306.07;Preemergencia;Alerta;Preemergencia
2026-05-19;17:00;122;163.92;142.67;125.33;Regular;263.08;Alerta;50;125.67;107.58;291.94;Alerta;306.07;Preemergencia;Alerta;Preemergencia
2026-05-19;18:00;407;164.71;142.67;125.33;Regular;263.08;Alerta;285;126.46;107.58;291.94;Alerta;306.07;Preemergencia;Alerta;Preemergencia
2026-05-19;19:00;228;153.96;142.67;125.33;Regular;263.08;Alerta;151;119.25;107.58;291.94;Alerta;306.07;Preemergencia;Alerta;Preemergencia
2026-05-19;20:00;485;142.75;142.67;125.33;Regular;263.08;Alerta;389;108.88;107.58;291.94;Alerta;306.07;Preemergencia;Alerta;Preemergencia
2026-05-19;21:00;390;147.12;142.67;125.33;Regular;263.08;Alerta;329;112.46;107.58;291.94;Alerta;306.07;Preemergencia;Alerta;Preemergencia
2026-05-19;22:00;139;141.75;142.67;125.33;Regular;263.08;Alerta;118;106.71;107.58;291.94;Alerta;306.07;Preemergencia;Alerta;Preemergencia
2026-05-19;23:00;178;142.67;142.67;125.33;Regular;263.08;Alerta;163;107.58;107.58;291.94;Alerta;306.07;Preemergencia;Alerta;Preemergencia
2026-05-20;00:00;170;144.38;250.68;341.36;Preemergencia;451.20;Preemergencia;152;109.29;186.00;553.33;Emergencia;490.54;Preemergencia;Emergencia;Preemergencia
2026-05-20;01:00;263;149.79;250.68;341.36;Preemergencia;451.20;Preemergencia;259;114.88;186.00;553.33;Emergencia;490.54;Preemergencia;Emergencia;Preemergencia
2026-05-20;02:00;246;155.25;250.68;341.36;Preemergencia;451.20;Preemergencia;232;119.96;186.00;553.33;Emergencia;490.54;Preemergencia;Emergencia;Preemergencia
2026-05-20;03:00;254;163.25;250.68;341.36;Preemergencia;451.20;Preemergencia;229;126.96;186.00;553.33;Emergencia;490.54;Preemergencia;Emergencia;Preemergencia
2026-05-20;04:00;162;166.04;250.68;341.36;Preemergencia;451.20;Preemergencia;162;130.04;186.00;553.33;Emergencia;490.54;Preemergencia;Emergencia;Preemergencia
2026-05-20;05:00;130;167.96;250.68;341.36;Preemergencia;451.20;Preemergencia;122;132.00;186.00;553.33;Emergencia;490.54;Preemergencia;Emergencia;Preemergencia
2026-05-20;06:00;145;170.92;250.68;341.36;Preemergencia;451.20;Preemergencia;116;134.33;186.00;553.33;Emergencia;490.54;Preemergencia;Emergencia;Preemergencia
2026-05-20;07:00;260;175.00;250.68;341.36;Preemergencia;451.20;Preemergencia;182;136.33;186.00;553.33;Emergencia;490.54;Preemergencia;Emergencia;Preemergencia
2026-05-20;08:00;379;181.54;250.68;341.36;Preemergencia;451.20;Preemergencia;263;141.96;186.00;553.33;Emergencia;490.54;Preemergencia;Emergencia;Preemergencia
2026-05-20;09:00;271;190.04;250.68;341.36;Preemergencia;451.20;Preemergencia;205;148.92;186.00;553.33;Emergencia;490.54;Preemergencia;Emergencia;Preemergencia
2026-05-20;10:00;62;190.25;250.68;341.36;Preemergencia;451.20;Preemergencia;27;148.42;186.00;553.33;Emergencia;490.54;Preemergencia;Emergencia;Preemergencia
2026-05-20;11:00;55;190.75;250.68;341.36;Preemergencia;451.20;Preemergencia;18;147.83;186.00;553.33;Emergencia;490.54;Preemergencia;Emergencia;Preemergencia
2026-05-20;12:00;;196.87;250.68;341.36;Preemergencia;451.20;Preemergencia;;153.35;186.00;553.33;Emergencia;490.54;Preemergencia;Emergencia;Preemergencia
2026-05-20;13:00;;203.36;250.68;341.36;Preemergencia;451.20;Preemergencia;;159.36;186.00;553.33;Emergencia;490.54;Preemergencia;Emergencia;Preemergencia
2026-05-20;14:00;61;204.50;250.68;341.36;Preemergencia;451.20;Preemergencia;17;159.32;186.00;553.33;Emergencia;490.54;Preemergencia;Emergencia;Preemergencia
2026-05-20;15:00;63;205.14;250.68;341.36;Preemergencia;451.20;Preemergencia;21;159.36;186.00;553.33;Emergencia;490.54;Preemergencia;Emergencia;Preemergencia
2026-05-20;16:00;120;208.64;250.68;341.36;Preemergencia;451.20;Preemergencia;47;160.77;186.00;553.33;Emergencia;490.54;Preemergencia;Emergencia;Preemergencia
2026-05-20;17:00;192;211.82;250.68;341.36;Preemergencia;451.20;Preemergencia;75;161.91;186.00;553.33;Emergencia;490.54;Preemergencia;Emergencia;Preemergencia
2026-05-20;18:00;315;207.64;250.68;341.36;Preemergencia;451.20;Preemergencia;174;156.86;186.00;553.33;Emergencia;490.54;Preemergencia;Emergencia;Preemergencia
2026-05-20;19:00;426;216.64;250.68;341.36;Preemergencia;451.20;Preemergencia;231;160.50;186.00;553.33;Emergencia;490.54;Preemergencia;Emergencia;Preemergencia
2026-05-20;20:00;492;216.95;250.68;341.36;Preemergencia;451.20;Preemergencia;366;159.45;186.00;553.33;Emergencia;490.54;Preemergencia;Emergencia;Preemergencia
2026-05-20;21:00;577;225.45;250.68;341.36;Preemergencia;451.20;Preemergencia;459;165.36;186.00;553.33;Emergencia;490.54;Preemergencia;Emergencia;Preemergencia
2026-05-20;22:00;495;241.64;250.68;341.36;Preemergencia;451.20;Preemergencia;405;178.41;186.00;553.33;Emergencia;490.54;Preemergencia;Emergencia;Preemergencia
2026-05-20;23:00;377;250.68;250.68;341.36;Preemergencia;451.20;Preemergencia;330;186.00;186.00;553.33;Emergencia;490.54;Preemergencia;Emergencia;Preemergencia
2026-05-21;00:00;337;258.27;91.96;70.74;Bueno;177.60;Regular;307;193.05;75.62;185.42;Regular;233.53;Alerta;Regular;Alerta
2026-05-21;01:00;211;255.91;91.96;70.74;Bueno;177.60;Regular;147;187.95;75.62;185.42;Regular;233.53;Alerta;Regular;Alerta
2026-05-21;02:00;359;261.05;91.96;70.74;Bueno;177.60;Regular;335;192.64;75.62;185.42;Regular;233.53;Alerta;Regular;Alerta
2026-05-21;03:00;100;254.05;91.96;70.74;Bueno;177.60;Regular;76;185.68;75.62;185.42;Regular;233.53;Alerta;Regular;Alerta
2026-05-21;04:00;84;250.50;91.96;70.74;Bueno;177.60;Regular;67;181.36;75.62;185.42;Regular;233.53;Alerta;Regular;Alerta
2026-05-21;05:00;77;248.09;91.96;70.74;Bueno;177.60;Regular;63;178.68;75.62;185.42;Regular;233.53;Alerta;Regular;Alerta
2026-05-21;06:00;54;243.95;91.96;70.74;Bueno;177.60;Regular;53;175.82;75.62;185.42;Regular;233.53;Alerta;Regular;Alerta
2026-05-21;07:00;41;234.00;91.96;70.74;Bueno;177.60;Regular;40;169.36;75.62;185.42;Regular;233.53;Alerta;Regular;Alerta
2026-05-21;08:00;37;218.45;91.96;70.74;Bueno;177.60;Regular;36;159.05;75.62;185.42;Regular;233.53;Alerta;Regular;Alerta
2026-05-21;09:00;37;207.82;91.96;70.74;Bueno;177.60;Regular;34;151.27;75.62;185.42;Regular;233.53;Alerta;Regular;Alerta
2026-05-21;10:00;44;207.00;91.96;70.74;Bueno;177.60;Regular;38;151.77;75.62;185.42;Regular;233.53;Alerta;Regular;Alerta
2026-05-21;11:00;41;206.36;91.96;70.74;Bueno;177.60;Regular;28;152.23;75.62;185.42;Regular;233.53;Alerta;Regular;Alerta
2026-05-21;12:00;50;199.57;91.96;70.74;Bueno;177.60;Regular;38;147.26;75.62;185.42;Regular;233.53;Alerta;Regular;Alerta
2026-05-21;13:00;46;193.17;91.96;70.74;Bueno;177.60;Regular;35;142.58;75.62;185.42;Regular;233.53;Alerta;Regular;Alerta
2026-05-21;14:00;45;192.50;91.96;70.74;Bueno;177.60;Regular;32;143.21;75.62;185.42;Regular;233.53;Alerta;Regular;Alerta
2026-05-21;15:00;45;191.75;91.96;70.74;Bueno;177.60;Regular;30;143.58;75.62;185.42;Regular;233.53;Alerta;Regular;Alerta
2026-05-21;16:00;44;188.58;91.96;70.74;Bueno;177.60;Regular;38;143.21;75.62;185.42;Regular;233.53;Alerta;Regular;Alerta
2026-05-21;17:00;49;182.62;91.96;70.74;Bueno;177.60;Regular;38;141.67;75.62;185.42;Regular;233.53;Alerta;Regular;Alerta
2026-05-21;18:00;63;172.12;91.96;70.74;Bueno;177.60;Regular;47;136.38;75.62;185.42;Regular;233.53;Alerta;Regular;Alerta
2026-05-21;19:00;91;158.17;91.96;70.74;Bueno;177.60;Regular;50;128.83;75.62;185.42;Regular;233.53;Alerta;Regular;Alerta
2026-05-21;20:00;73;140.71;91.96;70.74;Bueno;177.60;Regular;52;115.75;75.62;185.42;Regular;233.53;Alerta;Regular;Alerta
2026-05-21;21:00;83;120.12;91.96;70.74;Bueno;177.60;Regular;69;99.50;75.62;185.42;Regular;233.53;Alerta;Regular;Alerta
2026-05-21;22:00;87;103.12;91.96;70.74;Bueno;177.60;Regular;68;85.46;75.62;185.42;Regular;233.53;Alerta;Regular;Alerta
2026-05-21;23:00;109;91.96;91.96;70.74;Bueno;177.60;Regular;94;75.62;75.62;185.42;Regular;233.53;Alerta;Regular;Alerta
2026-05-22;00:00;100;82.08;83.58;64.29;Bueno;163.65;Regular;90;66.58;64.29;147.64;Regular;208.17;Alerta;Regular;Alerta
2026-05-22;01:00;109;77.83;83.58;64.29;Bueno;163.65;Regular;101;64.67;64.29;147.64;Regular;208.17;Alerta;Regular;Alerta
2026-05-22;02:00;128;68.21;83.58;64.29;Bueno;163.65;Regular;123;55.83;64.29;147.64;Regular;208.17;Alerta;Regular;Alerta
2026-05-22;03:00;103;68.33;83.58;64.29;Bueno;163.65;Regular;102;56.92;64.29;147.64;Regular;208.17;Alerta;Regular;Alerta
2026-05-22;04:00;128;70.17;83.58;64.29;Bueno;163.65;Regular;126;59.38;64.29;147.64;Regular;208.17;Alerta;Regular;Alerta
2026-05-22;05:00;92;70.79;83.58;64.29;Bueno;163.65;Regular;86;60.33;64.29;147.64;Regular;208.17;Alerta;Regular;Alerta
2026-05-22;06:00;61;71.08;83.58;64.29;Bueno;163.65;Regular;53;60.33;64.29;147.64;Regular;208.17;Alerta;Regular;Alerta
2026-05-22;07:00;69;72.25;83.58;64.29;Bueno;163.65;Regular;51;60.79;64.29;147.64;Regular;208.17;Alerta;Regular;Alerta
2026-05-22;08:00;88;74.38;83.58;64.29;Bueno;163.65;Regular;60;61.79;64.29;147.64;Regular;208.17;Alerta;Regular;Alerta
2026-05-22;09:00;84;76.33;83.58;64.29;Bueno;163.65;Regular;59;62.83;64.29;147.64;Regular;208.17;Alerta;Regular;Alerta
2026-05-22;10:00;51;76.62;83.58;64.29;Bueno;163.65;Regular;39;62.88;64.29;147.64;Regular;208.17;Alerta;Regular;Alerta
2026-05-22;11:00;63;77.54;83.58;64.29;Bueno;163.65;Regular;45;63.58;64.29;147.64;Regular;208.17;Alerta;Regular;Alerta
2026-05-22;12:00;100;79.62;83.58;64.29;Bueno;163.65;Regular;43;63.79;64.29;147.64;Regular;208.17;Alerta;Regular;Alerta
2026-05-22;13:00;45;79.58;83.58;64.29;Bueno;163.65;Regular;33;63.71;64.29;147.64;Regular;208.17;Alerta;Regular;Alerta
2026-05-22;14:00;42;79.46;83.58;64.29;Bueno;163.65;Regular;31;63.67;64.29;147.64;Regular;208.17;Alerta;Regular;Alerta
2026-05-22;15:00;47;79.54;83.58;64.29;Bueno;163.65;Regular;34;63.83;64.29;147.64;Regular;208.17;Alerta;Regular;Alerta
2026-05-22;16:00;70;80.62;83.58;64.29;Bueno;163.65;Regular;42;64.00;64.29;147.64;Regular;208.17;Alerta;Regular;Alerta
2026-05-22;17:00;89;82.29;83.58;64.29;Bueno;163.65;Regular;42;64.17;64.29;147.64;Regular;208.17;Alerta;Regular;Alerta
2026-05-22;18:00;101;83.88;83.58;64.29;Bueno;163.65;Regular;49;64.25;64.29;147.64;Regular;208.17;Alerta;Regular;Alerta
2026-05-22;19:00;79;83.38;83.58;64.29;Bueno;163.65;Regular;46;64.08;64.29;147.64;Regular;208.17;Alerta;Regular;Alerta
2026-05-22;20:00;73;83.38;83.58;64.29;Bueno;163.65;Regular;53;64.12;64.29;147.64;Regular;208.17;Alerta;Regular;Alerta
2026-05-22;21:00;77;83.12;83.58;64.29;Bueno;163.65;Regular;64;63.92;64.29;147.64;Regular;208.17;Alerta;Regular;Alerta
2026-05-22;22:00;109;84.04;83.58;64.29;Bueno;163.65;Regular;91;64.88;64.29;147.64;Regular;208.17;Alerta;Regular;Alerta
2026-05-22;23:00;98;83.58;83.58;64.29;Bueno;163.65;Regular;80;64.29;64.29;147.64;Regular;208.17;Alerta;Regular;Alerta
2026-05-23;00:00;68;82.25;85.04;65.42;Bueno;166.07;Regular;57;62.92;60.38;134.58;Regular;199.45;Regular;Regular;Regular
2026-05-23;01:00;61;80.25;85.04;65.42;Bueno;166.07;Regular;53;60.92;60.38;134.58;Regular;199.45;Regular;Regular;Regular
2026-05-23;02:00;64;77.58;85.04;65.42;Bueno;166.07;Regular;55;58.08;60.38;134.58;Regular;199.45;Regular;Regular;Regular
2026-05-23;03:00;58;75.71;85.04;65.42;Bueno;166.07;Regular;43;55.62;60.38;134.58;Regular;199.45;Regular;Regular;Regular
2026-05-23;04:00;56;72.71;85.04;65.42;Bueno;166.07;Regular;51;52.50;60.38;134.58;Regular;199.45;Regular;Regular;Regular
2026-05-23;05:00;63;71.50;85.04;65.42;Bueno;166.07;Regular;52;51.08;60.38;134.58;Regular;199.45;Regular;Regular;Regular
2026-05-23;06:00;63;71.58;85.04;65.42;Bueno;166.07;Regular;49;50.92;60.38;134.58;Regular;199.45;Regular;Regular;Regular
2026-05-23;07:00;65;71.42;85.04;65.42;Bueno;166.07;Regular;52;50.96;60.38;134.58;Regular;199.45;Regular;Regular;Regular
2026-05-23;08:00;58;70.17;85.04;65.42;Bueno;166.07;Regular;40;50.12;60.38;134.58;Regular;199.45;Regular;Regular;Regular
2026-05-23;09:00;57;69.04;85.04;65.42;Bueno;166.07;Regular;42;49.42;60.38;134.58;Regular;199.45;Regular;Regular;Regular
2026-05-23;10:00;65;69.62;85.04;65.42;Bueno;166.07;Regular;44;49.62;60.38;134.58;Regular;199.45;Regular;Regular;Regular
2026-05-23;11:00;103;71.29;85.04;65.42;Bueno;166.07;Regular;56;50.08;60.38;134.58;Regular;199.45;Regular;Regular;Regular
2026-05-23;12:00;85;70.67;85.04;65.42;Bueno;166.07;Regular;41;50.00;60.38;134.58;Regular;199.45;Regular;Regular;Regular
2026-05-23;13:00;79;72.08;85.04;65.42;Bueno;166.07;Regular;40;50.29;60.38;134.58;Regular;199.45;Regular;Regular;Regular
2026-05-23;14:00;54;72.58;85.04;65.42;Bueno;166.07;Regular;35;50.46;60.38;134.58;Regular;199.45;Regular;Regular;Regular
2026-05-23;15:00;69;73.50;85.04;65.42;Bueno;166.07;Regular;36;50.54;60.38;134.58;Regular;199.45;Regular;Regular;Regular
2026-05-23;16:00;75;73.71;85.04;65.42;Bueno;166.07;Regular;54;51.04;60.38;134.58;Regular;199.45;Regular;Regular;Regular
2026-05-23;17:00;90;73.75;85.04;65.42;Bueno;166.07;Regular;51;51.42;60.38;134.58;Regular;199.45;Regular;Regular;Regular
2026-05-23;18:00;128;74.88;85.04;65.42;Bueno;166.07;Regular;81;52.75;60.38;134.58;Regular;199.45;Regular;Regular;Regular
2026-05-23;19:00;167;78.54;85.04;65.42;Bueno;166.07;Regular;111;55.46;60.38;134.58;Regular;199.45;Regular;Regular;Regular
2026-05-23;20:00;144;81.50;85.04;65.42;Bueno;166.07;Regular;114;58.00;60.38;134.58;Regular;199.45;Regular;Regular;Regular
2026-05-23;21:00;146;84.38;85.04;65.42;Bueno;166.07;Regular;117;60.21;60.38;134.58;Regular;199.45;Regular;Regular;Regular
2026-05-23;22:00;114;84.58;85.04;65.42;Bueno;166.07;Regular;89;60.12;60.38;134.58;Regular;199.45;Regular;Regular;Regular
2026-05-23;23:00;109;85.04;85.04;65.42;Bueno;166.07;Regular;86;60.38;60.38;134.58;Regular;199.45;Regular;Regular;Regular
2026-05-24;00:00;63;84.83;106.46;81.89;Bueno;201.86;Alerta;42;59.75;82.67;208.89;Alerta;249.39;Alerta;Alerta;Alerta
2026-05-24;01:00;57;84.67;106.46;81.89;Bueno;201.86;Alerta;42;59.29;82.67;208.89;Alerta;249.39;Alerta;Alerta;Alerta
2026-05-24;02:00;45;83.88;106.46;81.89;Bueno;201.86;Alerta;36;58.50;82.67;208.89;Alerta;249.39;Alerta;Alerta;Alerta
2026-05-24;03:00;44;83.29;106.46;81.89;Bueno;201.86;Alerta;39;58.33;82.67;208.89;Alerta;249.39;Alerta;Alerta;Alerta
2026-05-24;04:00;50;83.04;106.46;81.89;Bueno;201.86;Alerta;36;57.71;82.67;208.89;Alerta;249.39;Alerta;Alerta;Alerta
2026-05-24;05:00;60;82.92;106.46;81.89;Bueno;201.86;Alerta;42;57.29;82.67;208.89;Alerta;249.39;Alerta;Alerta;Alerta
2026-05-24;06:00;56;82.62;106.46;81.89;Bueno;201.86;Alerta;42;57.00;82.67;208.89;Alerta;249.39;Alerta;Alerta;Alerta
2026-05-24;07:00;36;81.42;106.46;81.89;Bueno;201.86;Alerta;23;55.79;82.67;208.89;Alerta;249.39;Alerta;Alerta;Alerta
2026-05-24;08:00;25;80.04;106.46;81.89;Bueno;201.86;Alerta;20;54.96;82.67;208.89;Alerta;249.39;Alerta;Alerta;Alerta
2026-05-24;09:00;42;79.42;106.46;81.89;Bueno;201.86;Alerta;29;54.42;82.67;208.89;Alerta;249.39;Alerta;Alerta;Alerta
2026-05-24;10:00;76;79.88;106.46;81.89;Bueno;201.86;Alerta;50;54.67;82.67;208.89;Alerta;249.39;Alerta;Alerta;Alerta
2026-05-24;11:00;76;78.75;106.46;81.89;Bueno;201.86;Alerta;50;54.42;82.67;208.89;Alerta;249.39;Alerta;Alerta;Alerta
2026-05-24;12:00;57;77.58;106.46;81.89;Bueno;201.86;Alerta;41;54.42;82.67;208.89;Alerta;249.39;Alerta;Alerta;Alerta
2026-05-24;13:00;73;77.33;106.46;81.89;Bueno;201.86;Alerta;47;54.71;82.67;208.89;Alerta;249.39;Alerta;Alerta;Alerta
2026-05-24;14:00;56;77.42;106.46;81.89;Bueno;201.86;Alerta;34;54.67;82.67;208.89;Alerta;249.39;Alerta;Alerta;Alerta
2026-05-24;15:00;58;76.96;106.46;81.89;Bueno;201.86;Alerta;35;54.62;82.67;208.89;Alerta;249.39;Alerta;Alerta;Alerta
2026-05-24;16:00;51;75.96;106.46;81.89;Bueno;201.86;Alerta;32;53.71;82.67;208.89;Alerta;249.39;Alerta;Alerta;Alerta
2026-05-24;17:00;98;76.29;106.46;81.89;Bueno;201.86;Alerta;51;53.71;82.67;208.89;Alerta;249.39;Alerta;Alerta;Alerta
2026-05-24;18:00;211;79.75;106.46;81.89;Bueno;201.86;Alerta;126;55.58;82.67;208.89;Alerta;249.39;Alerta;Alerta;Alerta
2026-05-24;19:00;190;80.71;106.46;81.89;Bueno;201.86;Alerta;152;57.29;82.67;208.89;Alerta;249.39;Alerta;Alerta;Alerta
2026-05-24;20:00;171;81.83;106.46;81.89;Bueno;201.86;Alerta;127;57.83;82.67;208.89;Alerta;249.39;Alerta;Alerta;Alerta
2026-05-24;21:00;253;86.29;106.46;81.89;Bueno;201.86;Alerta;216;61.96;82.67;208.89;Alerta;249.39;Alerta;Alerta;Alerta
2026-05-24;22:00;307;94.33;106.46;81.89;Bueno;201.86;Alerta;282;70.00;82.67;208.89;Alerta;249.39;Alerta;Alerta;Alerta
2026-05-24;23:00;400;106.46;106.46;81.89;Bueno;201.86;Alerta;390;82.67;82.67;208.89;Alerta;249.39;Alerta;Alerta;Alerta
2026-05-25;00:00;356;118.67;217.96;275.92;Alerta;393.33;Preemergencia;355;95.71;164.25;480.83;Preemergencia;438.43;Preemergencia;Preemergencia;Preemergencia
2026-05-25;01:00;175;123.58;217.96;275.92;Alerta;393.33;Preemergencia;169;101.00;164.25;480.83;Preemergencia;438.43;Preemergencia;Preemergencia;Preemergencia
2026-05-25;02:00;131;127.17;217.96;275.92;Alerta;393.33;Preemergencia;130;104.92;164.25;480.83;Preemergencia;438.43;Preemergencia;Preemergencia;Preemergencia
2026-05-25;03:00;105;129.71;217.96;275.92;Alerta;393.33;Preemergencia;103;107.58;164.25;480.83;Preemergencia;438.43;Preemergencia;Preemergencia;Preemergencia
2026-05-25;04:00;88;131.29;217.96;275.92;Alerta;393.33;Preemergencia;87;109.71;164.25;480.83;Preemergencia;438.43;Preemergencia;Preemergencia;Preemergencia
2026-05-25;05:00;93;132.67;217.96;275.92;Alerta;393.33;Preemergencia;90;111.71;164.25;480.83;Preemergencia;438.43;Preemergencia;Preemergencia;Preemergencia
2026-05-25;06:00;101;134.54;217.96;275.92;Alerta;393.33;Preemergencia;88;113.62;164.25;480.83;Preemergencia;438.43;Preemergencia;Preemergencia;Preemergencia
2026-05-25;07:00;141;138.92;217.96;275.92;Alerta;393.33;Preemergencia;78;115.92;164.25;480.83;Preemergencia;438.43;Preemergencia;Preemergencia;Preemergencia
2026-05-25;08:00;236;147.71;217.96;275.92;Alerta;393.33;Preemergencia;138;120.83;164.25;480.83;Preemergencia;438.43;Preemergencia;Preemergencia;Preemergencia
2026-05-25;09:00;57;148.33;217.96;275.92;Alerta;393.33;Preemergencia;42;121.38;164.25;480.83;Preemergencia;438.43;Preemergencia;Preemergencia;Preemergencia
2026-05-25;10:00;38;146.75;217.96;275.92;Alerta;393.33;Preemergencia;23;120.25;164.25;480.83;Preemergencia;438.43;Preemergencia;Preemergencia;Preemergencia
2026-05-25;11:00;33;144.96;217.96;275.92;Alerta;393.33;Preemergencia;20;119.00;164.25;480.83;Preemergencia;438.43;Preemergencia;Preemergencia;Preemergencia
2026-05-25;12:00;43;144.38;217.96;275.92;Alerta;393.33;Preemergencia;16;117.96;164.25;480.83;Preemergencia;438.43;Preemergencia;Preemergencia;Preemergencia
2026-05-25;13:00;39;142.96;217.96;275.92;Alerta;393.33;Preemergencia;11;116.46;164.25;480.83;Preemergencia;438.43;Preemergencia;Preemergencia;Preemergencia
2026-05-25;14:00;37;142.17;217.96;275.92;Alerta;393.33;Preemergencia;13;115.58;164.25;480.83;Preemergencia;438.43;Preemergencia;Preemergencia;Preemergencia
2026-05-25;15:00;43;141.54;217.96;275.92;Alerta;393.33;Preemergencia;16;114.79;164.25;480.83;Preemergencia;438.43;Preemergencia;Preemergencia;Preemergencia
2026-05-25;16:00;54;141.67;217.96;275.92;Alerta;393.33;Preemergencia;21;114.33;164.25;480.83;Preemergencia;438.43;Preemergencia;Preemergencia;Preemergencia
2026-05-25;17:00;140;143.42;217.96;275.92;Alerta;393.33;Preemergencia;60;114.71;164.25;480.83;Preemergencia;438.43;Preemergencia;Preemergencia;Preemergencia
2026-05-25;18:00;492;155.12;217.96;275.92;Alerta;393.33;Preemergencia;290;121.54;164.25;480.83;Preemergencia;438.43;Preemergencia;Preemergencia;Preemergencia
2026-05-25;19:00;699;176.33;217.96;275.92;Alerta;393.33;Preemergencia;473;134.92;164.25;480.83;Preemergencia;438.43;Preemergencia;Preemergencia;Preemergencia
2026-05-25;20:00;814;203.12;217.96;275.92;Alerta;393.33;Preemergencia;633;156.00;164.25;480.83;Preemergencia;438.43;Preemergencia;Preemergencia;Preemergencia
2026-05-25;21:00;560;215.92;217.96;275.92;Alerta;393.33;Preemergencia;452;165.83;164.25;480.83;Preemergencia;438.43;Preemergencia;Preemergencia;Preemergencia
2026-05-25;22:00;374;218.71;217.96;275.92;Alerta;393.33;Preemergencia;296;166.42;164.25;480.83;Preemergencia;438.43;Preemergencia;Preemergencia;Preemergencia
2026-05-25;23:00;382;217.96;217.96;275.92;Alerta;393.33;Preemergencia;338;164.25;164.25;480.83;Preemergencia;438.43;Preemergencia;Preemergencia;Preemergencia
2026-05-26;00:00;316;216.29;200.12;240.25;Alerta;362.12;Preemergencia;280;161.12;151.54;438.47;Preemergencia;408.32;Preemergencia;Preemergencia;Preemergencia
2026-05-26;01:00;301;221.54;200.12;240.25;Alerta;362.12;Preemergencia;297;166.46;151.54;438.47;Preemergencia;408.32;Preemergencia;Preemergencia;Preemergencia
2026-05-26;02:00;253;226.62;200.12;240.25;Alerta;362.12;Preemergencia;252;171.54;151.54;438.47;Preemergencia;408.32;Preemergencia;Preemergencia;Preemergencia
2026-05-26;03:00;181;229.79;200.12;240.25;Alerta;362.12;Preemergencia;180;174.75;151.54;438.47;Preemergencia;408.32;Preemergencia;Preemergencia;Preemergencia
2026-05-26;04:00;132;231.62;200.12;240.25;Alerta;362.12;Preemergencia;131;176.58;151.54;438.47;Preemergencia;408.32;Preemergencia;Preemergencia;Preemergencia
2026-05-26;05:00;109;232.29;200.12;240.25;Alerta;362.12;Preemergencia;104;177.17;151.54;438.47;Preemergencia;408.32;Preemergencia;Preemergencia;Preemergencia
2026-05-26;06:00;144;234.08;200.12;240.25;Alerta;362.12;Preemergencia;143;179.46;151.54;438.47;Preemergencia;408.32;Preemergencia;Preemergencia;Preemergencia
2026-05-26;07:00;188;236.04;200.12;240.25;Alerta;362.12;Preemergencia;147;182.33;151.54;438.47;Preemergencia;408.32;Preemergencia;Preemergencia;Preemergencia
2026-05-26;08:00;98;230.29;200.12;240.25;Alerta;362.12;Preemergencia;70;179.50;151.54;438.47;Preemergencia;408.32;Preemergencia;Preemergencia;Preemergencia
2026-05-26;09:00;94;231.83;200.12;240.25;Alerta;362.12;Preemergencia;53;179.96;151.54;438.47;Preemergencia;408.32;Preemergencia;Preemergencia;Preemergencia
2026-05-26;10:00;95;234.21;200.12;240.25;Alerta;362.12;Preemergencia;66;181.75;151.54;438.47;Preemergencia;408.32;Preemergencia;Preemergencia;Preemergencia
2026-05-26;11:00;83;236.29;200.12;240.25;Alerta;362.12;Preemergencia;55;183.21;151.54;438.47;Preemergencia;408.32;Preemergencia;Preemergencia;Preemergencia
2026-05-26;12:00;96;238.50;200.12;240.25;Alerta;362.12;Preemergencia;68;185.38;151.54;438.47;Preemergencia;408.32;Preemergencia;Preemergencia;Preemergencia
2026-05-26;13:00;89;240.58;200.12;240.25;Alerta;362.12;Preemergencia;54;187.17;151.54;438.47;Preemergencia;408.32;Preemergencia;Preemergencia;Preemergencia
2026-05-26;14:00;76;242.21;200.12;240.25;Alerta;362.12;Preemergencia;39;188.25;151.54;438.47;Preemergencia;408.32;Preemergencia;Preemergencia;Preemergencia
2026-05-26;15:00;54;242.67;200.12;240.25;Alerta;362.12;Preemergencia;35;189.04;151.54;438.47;Preemergencia;408.32;Preemergencia;Preemergencia;Preemergencia
2026-05-26;16:00;121;245.46;200.12;240.25;Alerta;362.12;Preemergencia;59;190.62;151.54;438.47;Preemergencia;408.32;Preemergencia;Preemergencia;Preemergencia
2026-05-26;17:00;277;251.17;200.12;240.25;Alerta;362.12;Preemergencia;112;192.79;151.54;438.47;Preemergencia;408.32;Preemergencia;Preemergencia;Preemergencia
2026-05-26;18:00;388;246.83;200.12;240.25;Alerta;362.12;Preemergencia;234;190.46;151.54;438.47;Preemergencia;408.32;Preemergencia;Preemergencia;Preemergencia
2026-05-26;19:00;616;243.38;200.12;240.25;Alerta;362.12;Preemergencia;408;187.75;151.54;438.47;Preemergencia;408.32;Preemergencia;Preemergencia;Preemergencia
2026-05-26;20:00;458;228.54;200.12;240.25;Alerta;362.12;Preemergencia;336;175.38;151.54;438.47;Preemergencia;408.32;Preemergencia;Preemergencia;Preemergencia
2026-05-26;21:00;300;217.71;200.12;240.25;Alerta;362.12;Preemergencia;232;166.21;151.54;438.47;Preemergencia;408.32;Preemergencia;Preemergencia;Preemergencia
2026-05-26;22:00;207;210.75;200.12;240.25;Alerta;362.12;Preemergencia;165;160.75;151.54;438.47;Preemergencia;408.32;Preemergencia;Preemergencia;Preemergencia
2026-05-26;23:00;127;200.12;200.12;240.25;Alerta;362.12;Preemergencia;117;151.54;151.54;438.47;Preemergencia;408.32;Preemergencia;Preemergencia;Preemergencia
2026-05-27;00:00;106;191.38;58.75;45.19;Bueno;122.57;Regular;95;143.83;43.25;86.50;Bueno;161.57;Regular;Bueno;Regular
2026-05-27;01:00;104;183.17;58.75;45.19;Bueno;122.57;Regular;92;135.29;43.25;86.50;Bueno;161.57;Regular;Bueno;Regular
2026-05-27;02:00;95;176.58;58.75;45.19;Bueno;122.57;Regular;88;128.46;43.25;86.50;Bueno;161.57;Regular;Bueno;Regular
2026-05-27;03:00;57;171.42;58.75;45.19;Bueno;122.57;Regular;49;123.00;43.25;86.50;Bueno;161.57;Regular;Bueno;Regular
2026-05-27;04:00;22;166.83;58.75;45.19;Bueno;122.57;Regular;18;118.29;43.25;86.50;Bueno;161.57;Regular;Bueno;Regular
2026-05-27;05:00;33;163.67;58.75;45.19;Bueno;122.57;Regular;29;115.17;43.25;86.50;Bueno;161.57;Regular;Bueno;Regular
2026-05-27;06:00;46;159.58;58.75;45.19;Bueno;122.57;Regular;42;110.96;43.25;86.50;Bueno;161.57;Regular;Bueno;Regular
2026-05-27;07:00;58;154.17;58.75;45.19;Bueno;122.57;Regular;44;106.67;43.25;86.50;Bueno;161.57;Regular;Bueno;Regular
2026-05-27;08:00;82;153.50;58.75;45.19;Bueno;122.57;Regular;52;105.92;43.25;86.50;Bueno;161.57;Regular;Bueno;Regular
2026-05-27;09:00;63;152.21;58.75;45.19;Bueno;122.57;Regular;47;105.67;43.25;86.50;Bueno;161.57;Regular;Bueno;Regular
2026-05-27;10:00;56;150.58;58.75;45.19;Bueno;122.57;Regular;54;105.17;43.25;86.50;Bueno;161.57;Regular;Bueno;Regular
2026-05-27;11:00;40;148.79;58.75;45.19;Bueno;122.57;Regular;30;104.12;43.25;86.50;Bueno;161.57;Regular;Bueno;Regular
2026-05-27;12:00;27;145.92;58.75;45.19;Bueno;122.57;Regular;14;101.88;43.25;86.50;Bueno;161.57;Regular;Bueno;Regular
2026-05-27;13:00;47;144.17;58.75;45.19;Bueno;122.57;Regular;13;100.17;43.25;86.50;Bueno;161.57;Regular;Bueno;Regular
2026-05-27;14:00;34;142.42;58.75;45.19;Bueno;122.57;Regular;15;99.17;43.25;86.50;Bueno;161.57;Regular;Bueno;Regular
2026-05-27;15:00;54;142.42;58.75;45.19;Bueno;122.57;Regular;22;98.62;43.25;86.50;Bueno;161.57;Regular;Bueno;Regular
2026-05-27;16:00;55;139.67;58.75;45.19;Bueno;122.57;Regular;32;97.50;43.25;86.50;Bueno;161.57;Regular;Bueno;Regular
2026-05-27;17:00;79;131.42;58.75;45.19;Bueno;122.57;Regular;46;94.75;43.25;86.50;Bueno;161.57;Regular;Bueno;Regular
2026-05-27;18:00;88;118.92;58.75;45.19;Bueno;122.57;Regular;54;87.25;43.25;86.50;Bueno;161.57;Regular;Bueno;Regular
2026-05-27;19:00;63;95.88;58.75;45.19;Bueno;122.57;Regular;50;72.33;43.25;86.50;Bueno;161.57;Regular;Bueno;Regular
2026-05-27;20:00;67;79.58;58.75;45.19;Bueno;122.57;Regular;52;60.50;43.25;86.50;Bueno;161.57;Regular;Bueno;Regular
2026-05-27;21:00;47;69.04;58.75;45.19;Bueno;122.57;Regular;35;52.29;43.25;86.50;Bueno;161.57;Regular;Bueno;Regular
2026-05-27;22:00;45;62.29;58.75;45.19;Bueno;122.57;Regular;36;46.92;43.25;86.50;Bueno;161.57;Regular;Bueno;Regular
2026-05-27;23:00;42;58.75;58.75;45.19;Bueno;122.57;Regular;29;43.25;43.25;86.50;Bueno;161.57;Regular;Bueno;Regular
2026-05-28;00:00;35;55.79;85.17;65.51;Bueno;166.28;Regular;27;40.42;60.08;133.61;Regular;198.80;Regular;Regular;Regular
2026-05-28;01:00;32;52.79;85.17;65.51;Bueno;166.28;Regular;23;37.54;60.08;133.61;Regular;198.80;Regular;Regular;Regular
2026-05-28;02:00;33;50.21;85.17;65.51;Bueno;166.28;Regular;23;34.83;60.08;133.61;Regular;198.80;Regular;Regular;Regular
2026-05-28;03:00;27;48.96;85.17;65.51;Bueno;166.28;Regular;23;33.75;60.08;133.61;Regular;198.80;Regular;Regular;Regular
2026-05-28;04:00;18;48.79;85.17;65.51;Bueno;166.28;Regular;15;33.62;60.08;133.61;Regular;198.80;Regular;Regular;Regular
2026-05-28;05:00;18;48.17;85.17;65.51;Bueno;166.28;Regular;12;32.92;60.08;133.61;Regular;198.80;Regular;Regular;Regular
2026-05-28;06:00;18;47.00;85.17;65.51;Bueno;166.28;Regular;11;31.62;60.08;133.61;Regular;198.80;Regular;Regular;Regular
2026-05-28;07:00;24;45.58;85.17;65.51;Bueno;166.28;Regular;11;30.25;60.08;133.61;Regular;198.80;Regular;Regular;Regular
2026-05-28;08:00;22;43.08;85.17;65.51;Bueno;166.28;Regular;12;28.58;60.08;133.61;Regular;198.80;Regular;Regular;Regular
2026-05-28;09:00;22;41.38;85.17;65.51;Bueno;166.28;Regular;10;27.04;60.08;133.61;Regular;198.80;Regular;Regular;Regular
2026-05-28;10:00;24;40.04;85.17;65.51;Bueno;166.28;Regular;11;25.25;60.08;133.61;Regular;198.80;Regular;Regular;Regular
2026-05-28;11:00;20;39.21;85.17;65.51;Bueno;166.28;Regular;8;24.33;60.08;133.61;Regular;198.80;Regular;Regular;Regular
2026-05-28;12:00;22;39.00;85.17;65.51;Bueno;166.28;Regular;7;24.04;60.08;133.61;Regular;198.80;Regular;Regular;Regular
2026-05-28;13:00;22;37.96;85.17;65.51;Bueno;166.28;Regular;9;23.88;60.08;133.61;Regular;198.80;Regular;Regular;Regular
2026-05-28;14:00;26;37.62;85.17;65.51;Bueno;166.28;Regular;14;23.83;60.08;133.61;Regular;198.80;Regular;Regular;Regular
2026-05-28;15:00;27;36.50;85.17;65.51;Bueno;166.28;Regular;17;23.62;60.08;133.61;Regular;198.80;Regular;Regular;Regular
2026-05-28;16:00;42;35.96;85.17;65.51;Bueno;166.28;Regular;20;23.12;60.08;133.61;Regular;198.80;Regular;Regular;Regular
2026-05-28;17:00;95;36.62;85.17;65.51;Bueno;166.28;Regular;35;22.67;60.08;133.61;Regular;198.80;Regular;Regular;Regular
2026-05-28;18:00;120;37.96;85.17;65.51;Bueno;166.28;Regular;63;23.04;60.08;133.61;Regular;198.80;Regular;Regular;Regular
2026-05-28;19:00;259;46.12;85.17;65.51;Bueno;166.28;Regular;139;26.75;60.08;133.61;Regular;198.80;Regular;Regular;Regular
2026-05-28;20:00;330;57.08;85.17;65.51;Bueno;166.28;Regular;261;35.46;60.08;133.61;Regular;198.80;Regular;Regular;Regular
2026-05-28;21:00;251;65.58;85.17;65.51;Bueno;166.28;Regular;202;42.42;60.08;133.61;Regular;198.80;Regular;Regular;Regular
2026-05-28;22:00;289;75.75;85.17;65.51;Bueno;166.28;Regular;245;51.12;60.08;133.61;Regular;198.80;Regular;Regular;Regular
2026-05-28;23:00;268;85.17;85.17;65.51;Bueno;166.28;Regular;244;60.08;60.08;133.61;Regular;198.80;Regular;Regular;Regular
2026-05-29;00:00;175;91.00;48.04;36.96;Bueno;104.98;Regular;155;65.42;35.79;71.58;Bueno;145.21;Regular;Bueno;Regular
2026-05-29;01:00;207;98.29;48.04;36.96;Bueno;104.98;Regular;192;72.46;35.79;71.58;Bueno;145.21;Regular;Bueno;Regular
2026-05-29;02:00;60;99.42;48.04;36.96;Bueno;104.98;Regular;57;73.88;35.79;71.58;Bueno;145.21;Regular;Bueno;Regular
2026-05-29;03:00;31;99.58;48.04;36.96;Bueno;104.98;Regular;30;74.17;35.79;71.58;Bueno;145.21;Regular;Bueno;Regular
2026-05-29;04:00;24;99.83;48.04;36.96;Bueno;104.98;Regular;22;74.46;35.79;71.58;Bueno;145.21;Regular;Bueno;Regular
2026-05-29;05:00;28;100.25;48.04;36.96;Bueno;104.98;Regular;21;74.83;35.79;71.58;Bueno;145.21;Regular;Bueno;Regular
2026-05-29;06:00;32;100.83;48.04;36.96;Bueno;104.98;Regular;22;75.29;35.79;71.58;Bueno;145.21;Regular;Bueno;Regular
2026-05-29;07:00;46;101.75;48.04;36.96;Bueno;104.98;Regular;27;75.96;35.79;71.58;Bueno;145.21;Regular;Bueno;Regular
2026-05-29;08:00;51;102.96;48.04;36.96;Bueno;104.98;Regular;33;76.83;35.79;71.58;Bueno;145.21;Regular;Bueno;Regular
2026-05-29;09:00;43;103.83;48.04;36.96;Bueno;104.98;Regular;31;77.71;35.79;71.58;Bueno;145.21;Regular;Bueno;Regular
2026-05-29;10:00;28;104.00;48.04;36.96;Bueno;104.98;Regular;20;78.08;35.79;71.58;Bueno;145.21;Regular;Bueno;Regular
2026-05-29;11:00;31;104.46;48.04;36.96;Bueno;104.98;Regular;17;78.46;35.79;71.58;Bueno;145.21;Regular;Bueno;Regular
2026-05-29;12:00;29;104.75;48.04;36.96;Bueno;104.98;Regular;14;78.75;35.79;71.58;Bueno;145.21;Regular;Bueno;Regular
2026-05-29;13:00;35;105.29;48.04;36.96;Bueno;104.98;Regular;16;79.04;35.79;71.58;Bueno;145.21;Regular;Bueno;Regular
2026-05-29;14:00;31;105.50;48.04;36.96;Bueno;104.98;Regular;12;78.96;35.79;71.58;Bueno;145.21;Regular;Bueno;Regular
2026-05-29;15:00;29;105.58;48.04;36.96;Bueno;104.98;Regular;12;78.75;35.79;71.58;Bueno;145.21;Regular;Bueno;Regular
2026-05-29;16:00;39;105.46;48.04;36.96;Bueno;104.98;Regular;20;78.75;35.79;71.58;Bueno;145.21;Regular;Bueno;Regular
2026-05-29;17:00;47;103.46;48.04;36.96;Bueno;104.98;Regular;33;78.67;35.79;71.58;Bueno;145.21;Regular;Bueno;Regular
2026-05-29;18:00;51;100.58;48.04;36.96;Bueno;104.98;Regular;29;77.25;35.79;71.58;Bueno;145.21;Regular;Bueno;Regular
2026-05-29;19:00;36;91.29;48.04;36.96;Bueno;104.98;Regular;21;72.33;35.79;71.58;Bueno;145.21;Regular;Bueno;Regular
2026-05-29;20:00;28;78.71;48.04;36.96;Bueno;104.98;Regular;23;62.42;35.79;71.58;Bueno;145.21;Regular;Bueno;Regular
2026-05-29;21:00;27;69.38;48.04;36.96;Bueno;104.98;Regular;21;54.88;35.79;71.58;Bueno;145.21;Regular;Bueno;Regular
2026-05-29;22:00;24;58.33;48.04;36.96;Bueno;104.98;Regular;18;45.42;35.79;71.58;Bueno;145.21;Regular;Bueno;Regular
2026-05-29;23:00;21;48.04;48.04;36.96;Bueno;104.98;Regular;13;35.79;35.79;71.58;Bueno;145.21;Regular;Bueno;Regular
2026-05-30;00:00;24;41.75;116.46;89.58;Bueno;218.68;Alerta;20;30.17;91.83;239.44;Alerta;270.13;Alerta;Alerta;Alerta
2026-05-30;01:00;25;34.17;116.46;89.58;Bueno;218.68;Alerta;20;23.00;91.83;239.44;Alerta;270.13;Alerta;Alerta;Alerta
2026-05-30;02:00;15;32.29;116.46;89.58;Bueno;218.68;Alerta;12;21.12;91.83;239.44;Alerta;270.13;Alerta;Alerta;Alerta
2026-05-30;03:00;21;31.88;116.46;89.58;Bueno;218.68;Alerta;13;20.42;91.83;239.44;Alerta;270.13;Alerta;Alerta;Alerta
2026-05-30;04:00;15;31.50;116.46;89.58;Bueno;218.68;Alerta;14;20.08;91.83;239.44;Alerta;270.13;Alerta;Alerta;Alerta
2026-05-30;05:00;12;30.83;116.46;89.58;Bueno;218.68;Alerta;11;19.67;91.83;239.44;Alerta;270.13;Alerta;Alerta;Alerta
2026-05-30;06:00;17;30.21;116.46;89.58;Bueno;218.68;Alerta;13;19.29;91.83;239.44;Alerta;270.13;Alerta;Alerta;Alerta
2026-05-30;07:00;23;29.25;116.46;89.58;Bueno;218.68;Alerta;16;18.83;91.83;239.44;Alerta;270.13;Alerta;Alerta;Alerta
2026-05-30;08:00;21;28.00;116.46;89.58;Bueno;218.68;Alerta;15;18.08;91.83;239.44;Alerta;270.13;Alerta;Alerta;Alerta
2026-05-30;09:00;21;27.08;116.46;89.58;Bueno;218.68;Alerta;13;17.33;91.83;239.44;Alerta;270.13;Alerta;Alerta;Alerta
2026-05-30;10:00;27;27.04;116.46;89.58;Bueno;218.68;Alerta;13;17.04;91.83;239.44;Alerta;270.13;Alerta;Alerta;Alerta
2026-05-30;11:00;24;26.75;116.46;89.58;Bueno;218.68;Alerta;13;16.88;91.83;239.44;Alerta;270.13;Alerta;Alerta;Alerta
2026-05-30;12:00;20;26.38;116.46;89.58;Bueno;218.68;Alerta;10;16.71;91.83;239.44;Alerta;270.13;Alerta;Alerta;Alerta
2026-05-30;13:00;23;25.88;116.46;89.58;Bueno;218.68;Alerta;8;16.38;91.83;239.44;Alerta;270.13;Alerta;Alerta;Alerta
2026-05-30;14:00;28;25.75;116.46;89.58;Bueno;218.68;Alerta;10;16.29;91.83;239.44;Alerta;270.13;Alerta;Alerta;Alerta
2026-05-30;15:00;38;26.12;116.46;89.58;Bueno;218.68;Alerta;16;16.46;91.83;239.44;Alerta;270.13;Alerta;Alerta;Alerta
2026-05-30;16:00;57;26.88;116.46;89.58;Bueno;218.68;Alerta;21;16.50;91.83;239.44;Alerta;270.13;Alerta;Alerta;Alerta
2026-05-30;17:00;121;29.96;116.46;89.58;Bueno;218.68;Alerta;54;17.38;91.83;239.44;Alerta;270.13;Alerta;Alerta;Alerta
2026-05-30;18:00;314;40.92;116.46;89.58;Bueno;218.68;Alerta;239;26.12;91.83;239.44;Alerta;270.13;Alerta;Alerta;Alerta
2026-05-30;19:00;462;58.67;116.46;89.58;Bueno;218.68;Alerta;360;40.25;91.83;239.44;Alerta;270.13;Alerta;Alerta;Alerta
2026-05-30;20:00;575;81.46;116.46;89.58;Bueno;218.68;Alerta;484;59.46;91.83;239.44;Alerta;270.13;Alerta;Alerta;Alerta
2026-05-30;21:00;344;94.67;116.46;89.58;Bueno;218.68;Alerta;296;70.92;91.83;239.44;Alerta;270.13;Alerta;Alerta;Alerta
2026-05-30;22:00;436;111.83;116.46;89.58;Bueno;218.68;Alerta;414;87.42;91.83;239.44;Alerta;270.13;Alerta;Alerta;Alerta
2026-05-30;23:00;132;116.46;116.46;89.58;Bueno;218.68;Alerta;119;91.83;91.83;239.44;Alerta;270.13;Alerta;Alerta;Alerta
2026-05-31;00:00;95;119.42;55.32;42.55;Bueno;116.92;Regular;92;94.83;44.91;89.82;Bueno;165.22;Regular;Bueno;Regular
2026-05-31;01:00;71;121.33;55.32;42.55;Bueno;116.92;Regular;64;96.67;44.91;89.82;Bueno;165.22;Regular;Bueno;Regular
2026-05-31;02:00;65;123.42;55.32;42.55;Bueno;116.92;Regular;58;98.58;44.91;89.82;Bueno;165.22;Regular;Bueno;Regular
2026-05-31;03:00;95;126.50;55.32;42.55;Bueno;116.92;Regular;94;101.96;44.91;89.82;Bueno;165.22;Regular;Bueno;Regular
2026-05-31;04:00;62;128.46;55.32;42.55;Bueno;116.92;Regular;61;103.92;44.91;89.82;Bueno;165.22;Regular;Bueno;Regular
2026-05-31;05:00;47;129.92;55.32;42.55;Bueno;116.92;Regular;46;105.38;44.91;89.82;Bueno;165.22;Regular;Bueno;Regular
2026-05-31;06:00;51;131.33;55.32;42.55;Bueno;116.92;Regular;50;106.92;44.91;89.82;Bueno;165.22;Regular;Bueno;Regular
2026-05-31;07:00;49;132.42;55.32;42.55;Bueno;116.92;Regular;48;108.25;44.91;89.82;Bueno;165.22;Regular;Bueno;Regular
2026-05-31;08:00;42;133.29;55.32;42.55;Bueno;116.92;Regular;39;109.25;44.91;89.82;Bueno;165.22;Regular;Bueno;Regular
2026-05-31;09:00;;138.17;55.32;42.55;Bueno;116.92;Regular;;113.43;44.91;89.82;Bueno;165.22;Regular;Bueno;Regular
2026-05-31;10:00;;143.23;55.32;42.55;Bueno;116.92;Regular;;118.00;44.91;89.82;Bueno;165.22;Regular;Bueno;Regular
2026-05-31;11:00;51;144.45;55.32;42.55;Bueno;116.92;Regular;28;118.68;44.91;89.82;Bueno;165.22;Regular;Bueno;Regular
2026-05-31;12:00;56;146.09;55.32;42.55;Bueno;116.92;Regular;29;119.55;44.91;89.82;Bueno;165.22;Regular;Bueno;Regular
2026-05-31;13:00;44;147.05;55.32;42.55;Bueno;116.92;Regular;32;120.64;44.91;89.82;Bueno;165.22;Regular;Bueno;Regular
2026-05-31;14:00;42;147.68;55.32;42.55;Bueno;116.92;Regular;23;121.23;44.91;89.82;Bueno;165.22;Regular;Bueno;Regular
2026-05-31;15:00;48;148.14;55.32;42.55;Bueno;116.92;Regular;23;121.55;44.91;89.82;Bueno;165.22;Regular;Bueno;Regular
2026-05-31;16:00;43;147.50;55.32;42.55;Bueno;116.92;Regular;21;121.55;44.91;89.82;Bueno;165.22;Regular;Bueno;Regular
2026-05-31;17:00;61;144.77;55.32;42.55;Bueno;116.92;Regular;38;120.82;44.91;89.82;Bueno;165.22;Regular;Bueno;Regular
2026-05-31;18:00;56;133.05;55.32;42.55;Bueno;116.92;Regular;36;111.59;44.91;89.82;Bueno;165.22;Regular;Bueno;Regular
2026-05-31;19:00;53;114.45;55.32;42.55;Bueno;116.92;Regular;43;97.18;44.91;89.82;Bueno;165.22;Regular;Bueno;Regular
2026-05-31;20:00;52;90.68;55.32;42.55;Bueno;116.92;Regular;42;77.09;44.91;89.82;Bueno;165.22;Regular;Bueno;Regular
2026-05-31;21:00;53;77.45;55.32;42.55;Bueno;116.92;Regular;50;65.91;44.91;89.82;Bueno;165.22;Regular;Bueno;Regular
2026-05-31;22:00;46;59.73;55.32;42.55;Bueno;116.92;Regular;40;48.91;44.91;89.82;Bueno;165.22;Regular;Bueno;Regular
2026-05-31;23:00;35;55.32;55.32;42.55;Bueno;116.92;Regular;31;44.91;44.91;89.82;Bueno;165.22;Regular;Bueno;Regular
2026-06-01;00:00;33;52.50;51.50;39.62;Bueno;110.65;Regular;27;41.95;34.62;69.25;Bueno;142.65;Regular;Bueno;Regular
2026-06-01;01:00;30;50.64;51.50;39.62;Bueno;110.65;Regular;26;40.23;34.62;69.25;Bueno;142.65;Regular;Bueno;Regular
2026-06-01;02:00;34;49.23;51.50;39.62;Bueno;110.65;Regular;25;38.73;34.62;69.25;Bueno;142.65;Regular;Bueno;Regular
2026-06-01;03:00;29;46.23;51.50;39.62;Bueno;110.65;Regular;26;35.64;34.62;69.25;Bueno;142.65;Regular;Bueno;Regular
2026-06-01;04:00;31;44.82;51.50;39.62;Bueno;110.65;Regular;24;33.95;34.62;69.25;Bueno;142.65;Regular;Bueno;Regular
2026-06-01;05:00;28;43.95;51.50;39.62;Bueno;110.65;Regular;25;33.00;34.62;69.25;Bueno;142.65;Regular;Bueno;Regular
2026-06-01;06:00;35;43.23;51.50;39.62;Bueno;110.65;Regular;29;32.05;34.62;69.25;Bueno;142.65;Regular;Bueno;Regular
2026-06-01;07:00;80;44.64;51.50;39.62;Bueno;110.65;Regular;42;31.77;34.62;69.25;Bueno;142.65;Regular;Bueno;Regular
2026-06-01;08:00;85;46.59;51.50;39.62;Bueno;110.65;Regular;50;32.27;34.62;69.25;Bueno;142.65;Regular;Bueno;Regular
2026-06-01;09:00;50;46.74;51.50;39.62;Bueno;110.65;Regular;28;32.09;34.62;69.25;Bueno;142.65;Regular;Bueno;Regular
2026-06-01;10:00;31;46.08;51.50;39.62;Bueno;110.65;Regular;20;31.58;34.62;69.25;Bueno;142.65;Regular;Bueno;Regular
2026-06-01;11:00;26;45.04;51.50;39.62;Bueno;110.65;Regular;11;30.88;34.62;69.25;Bueno;142.65;Regular;Bueno;Regular
2026-06-01;12:00;33;44.08;51.50;39.62;Bueno;110.65;Regular;9;30.04;34.62;69.25;Bueno;142.65;Regular;Bueno;Regular
2026-06-01;13:00;19;43.04;51.50;39.62;Bueno;110.65;Regular;8;29.04;34.62;69.25;Bueno;142.65;Regular;Bueno;Regular
2026-06-01;14:00;23;42.25;51.50;39.62;Bueno;110.65;Regular;6;28.33;34.62;69.25;Bueno;142.65;Regular;Bueno;Regular
2026-06-01;15:00;42;42.00;51.50;39.62;Bueno;110.65;Regular;7;27.67;34.62;69.25;Bueno;142.65;Regular;Bueno;Regular
2026-06-01;16:00;52;42.38;51.50;39.62;Bueno;110.65;Regular;23;27.75;34.62;69.25;Bueno;142.65;Regular;Bueno;Regular
2026-06-01;17:00;98;43.92;51.50;39.62;Bueno;110.65;Regular;41;27.88;34.62;69.25;Bueno;142.65;Regular;Bueno;Regular
2026-06-01;18:00;100;45.75;51.50;39.62;Bueno;110.65;Regular;68;29.21;34.62;69.25;Bueno;142.65;Regular;Bueno;Regular
2026-06-01;19:00;99;47.67;51.50;39.62;Bueno;110.65;Regular;73;30.46;34.62;69.25;Bueno;142.65;Regular;Bueno;Regular
2026-06-01;20:00;116;50.33;51.50;39.62;Bueno;110.65;Regular;110;33.29;34.62;69.25;Bueno;142.65;Regular;Bueno;Regular
2026-06-01;21:00;72;51.12;51.50;39.62;Bueno;110.65;Regular;66;33.96;34.62;69.25;Bueno;142.65;Regular;Bueno;Regular
2026-06-01;22:00;40;50.88;51.50;39.62;Bueno;110.65;Regular;38;33.88;34.62;69.25;Bueno;142.65;Regular;Bueno;Regular
2026-06-01;23:00;50;51.50;51.50;39.62;Bueno;110.65;Regular;49;34.62;34.62;69.25;Bueno;142.65;Regular;Bueno;Regular
2026-06-02;00:00;47;52.08;45.29;34.84;Bueno;100.48;Regular;40;35.17;36.17;72.33;Bueno;146.03;Regular;Bueno;Regular
2026-06-02;01:00;37;52.38;45.29;34.84;Bueno;100.48;Regular;32;35.42;36.17;72.33;Bueno;146.03;Regular;Bueno;Regular
2026-06-02;02:00;38;52.54;45.29;34.84;Bueno;100.48;Regular;36;35.88;36.17;72.33;Bueno;146.03;Regular;Bueno;Regular
2026-06-02;03:00;38;52.92;45.29;34.84;Bueno;100.48;Regular;35;36.25;36.17;72.33;Bueno;146.03;Regular;Bueno;Regular
2026-06-02;04:00;41;53.33;45.29;34.84;Bueno;100.48;Regular;38;36.83;36.17;72.33;Bueno;146.03;Regular;Bueno;Regular
2026-06-02;05:00;32;53.50;45.29;34.84;Bueno;100.48;Regular;31;37.08;36.17;72.33;Bueno;146.03;Regular;Bueno;Regular
2026-06-02;06:00;34;53.46;45.29;34.84;Bueno;100.48;Regular;32;37.21;36.17;72.33;Bueno;146.03;Regular;Bueno;Regular
2026-06-02;07:00;42;51.88;45.29;34.84;Bueno;100.48;Regular;41;37.17;36.17;72.33;Bueno;146.03;Regular;Bueno;Regular
2026-06-02;08:00;43;50.12;45.29;34.84;Bueno;100.48;Regular;35;36.54;36.17;72.33;Bueno;146.03;Regular;Bueno;Regular
2026-06-02;09:00;54;50.29;45.29;34.84;Bueno;100.48;Regular;53;37.58;36.17;72.33;Bueno;146.03;Regular;Bueno;Regular
2026-06-02;10:00;43;50.79;45.29;34.84;Bueno;100.48;Regular;37;38.29;36.17;72.33;Bueno;146.03;Regular;Bueno;Regular
2026-06-02;11:00;40;51.38;45.29;34.84;Bueno;100.48;Regular;27;38.96;36.17;72.33;Bueno;146.03;Regular;Bueno;Regular
2026-06-02;12:00;32;51.33;45.29;34.84;Bueno;100.48;Regular;26;39.67;36.17;72.33;Bueno;146.03;Regular;Bueno;Regular
2026-06-02;13:00;41;52.25;45.29;34.84;Bueno;100.48;Regular;23;40.29;36.17;72.33;Bueno;146.03;Regular;Bueno;Regular
2026-06-02;14:00;38;52.88;45.29;34.84;Bueno;100.48;Regular;27;41.17;36.17;72.33;Bueno;146.03;Regular;Bueno;Regular
2026-06-02;15:00;43;52.92;45.29;34.84;Bueno;100.48;Regular;27;42.00;36.17;72.33;Bueno;146.03;Regular;Bueno;Regular
2026-06-02;16:00;63;53.38;45.29;34.84;Bueno;100.48;Regular;44;42.88;36.17;72.33;Bueno;146.03;Regular;Bueno;Regular
2026-06-02;17:00;63;51.92;45.29;34.84;Bueno;100.48;Regular;44;43.00;36.17;72.33;Bueno;146.03;Regular;Bueno;Regular
2026-06-02;18:00;54;50.00;45.29;34.84;Bueno;100.48;Regular;39;41.79;36.17;72.33;Bueno;146.03;Regular;Bueno;Regular
2026-06-02;19:00;60;48.38;45.29;34.84;Bueno;100.48;Regular;47;40.71;36.17;72.33;Bueno;146.03;Regular;Bueno;Regular
2026-06-02;20:00;59;46.00;45.29;34.84;Bueno;100.48;Regular;42;37.88;36.17;72.33;Bueno;146.03;Regular;Bueno;Regular
2026-06-02;21:00;47;44.96;45.29;34.84;Bueno;100.48;Regular;34;36.54;36.17;72.33;Bueno;146.03;Regular;Bueno;Regular
2026-06-02;22:00;48;45.29;45.29;34.84;Bueno;100.48;Regular;34;36.38;36.17;72.33;Bueno;146.03;Regular;Bueno;Regular
2026-06-02;23:00;50;45.29;45.29;34.84;Bueno;100.48;Regular;44;36.17;36.17;72.33;Bueno;146.03;Regular;Bueno;Regular
2026-06-03;00:00;55;45.62;41.92;32.24;Bueno;93.15;Bueno;46;36.42;33.08;66.17;Bueno;139.28;Regular;Bueno;Regular
2026-06-03;01:00;55;46.38;41.92;32.24;Bueno;93.15;Bueno;53;37.29;33.08;66.17;Bueno;139.28;Regular;Bueno;Regular
2026-06-03;02:00;57;47.17;41.92;32.24;Bueno;93.15;Bueno;55;38.08;33.08;66.17;Bueno;139.28;Regular;Bueno;Regular
2026-06-03;03:00;55;47.88;41.92;32.24;Bueno;93.15;Bueno;54;38.88;33.08;66.17;Bueno;139.28;Regular;Bueno;Regular
2026-06-03;04:00;56;48.50;41.92;32.24;Bueno;93.15;Bueno;55;39.58;33.08;66.17;Bueno;139.28;Regular;Bueno;Regular
2026-06-03;05:00;57;49.54;41.92;32.24;Bueno;93.15;Bueno;56;40.62;33.08;66.17;Bueno;139.28;Regular;Bueno;Regular
2026-06-03;06:00;63;50.75;41.92;32.24;Bueno;93.15;Bueno;57;41.67;33.08;66.17;Bueno;139.28;Regular;Bueno;Regular
2026-06-03;07:00;72;52.00;41.92;32.24;Bueno;93.15;Bueno;68;42.79;33.08;66.17;Bueno;139.28;Regular;Bueno;Regular
2026-06-03;08:00;140;56.04;41.92;32.24;Bueno;93.15;Bueno;139;47.12;33.08;66.17;Bueno;139.28;Regular;Bueno;Regular
2026-06-03;09:00;32;55.12;41.92;32.24;Bueno;93.15;Bueno;28;46.08;33.08;66.17;Bueno;139.28;Regular;Bueno;Regular
2026-06-03;10:00;19;54.12;41.92;32.24;Bueno;93.15;Bueno;16;45.21;33.08;66.17;Bueno;139.28;Regular;Bueno;Regular
2026-06-03;11:00;27;53.58;41.92;32.24;Bueno;93.15;Bueno;14;44.67;33.08;66.17;Bueno;139.28;Regular;Bueno;Regular
2026-06-03;12:00;27;53.38;41.92;32.24;Bueno;93.15;Bueno;14;44.17;33.08;66.17;Bueno;139.28;Regular;Bueno;Regular
2026-06-03;13:00;26;52.75;41.92;32.24;Bueno;93.15;Bueno;10;43.62;33.08;66.17;Bueno;139.28;Regular;Bueno;Regular
2026-06-03;14:00;27;52.29;41.92;32.24;Bueno;93.15;Bueno;12;43.00;33.08;66.17;Bueno;139.28;Regular;Bueno;Regular
2026-06-03;15:00;24;51.50;41.92;32.24;Bueno;93.15;Bueno;10;42.29;33.08;66.17;Bueno;139.28;Regular;Bueno;Regular
2026-06-03;16:00;30;50.12;41.92;32.24;Bueno;93.15;Bueno;11;40.92;33.08;66.17;Bueno;139.28;Regular;Bueno;Regular
2026-06-03;17:00;35;48.96;41.92;32.24;Bueno;93.15;Bueno;12;39.58;33.08;66.17;Bueno;139.28;Regular;Bueno;Regular
2026-06-03;18:00;36;48.21;41.92;32.24;Bueno;93.15;Bueno;19;38.75;33.08;66.17;Bueno;139.28;Regular;Bueno;Regular
2026-06-03;19:00;30;46.96;41.92;32.24;Bueno;93.15;Bueno;21;37.67;33.08;66.17;Bueno;139.28;Regular;Bueno;Regular
2026-06-03;20:00;28;45.67;41.92;32.24;Bueno;93.15;Bueno;13;36.46;33.08;66.17;Bueno;139.28;Regular;Bueno;Regular
2026-06-03;21:00;19;44.50;41.92;32.24;Bueno;93.15;Bueno;13;35.58;33.08;66.17;Bueno;139.28;Regular;Bueno;Regular
2026-06-03;22:00;22;43.42;41.92;32.24;Bueno;93.15;Bueno;11;34.62;33.08;66.17;Bueno;139.28;Regular;Bueno;Regular
2026-06-03;23:00;14;41.92;41.92;32.24;Bueno;93.15;Bueno;7;33.08;33.08;66.17;Bueno;139.28;Regular;Bueno;Regular
2026-06-04;00:00;17;40.33;65.62;50.48;Bueno;133.90;Regular;4;31.33;41.46;82.92;Bueno;157.63;Regular;Bueno;Regular
2026-06-04;01:00;9;38.42;65.62;50.48;Bueno;133.90;Regular;2;29.21;41.46;82.92;Bueno;157.63;Regular;Bueno;Regular
2026-06-04;02:00;12;36.54;65.62;50.48;Bueno;133.90;Regular;3;27.04;41.46;82.92;Bueno;157.63;Regular;Bueno;Regular
2026-06-04;03:00;12;34.75;65.62;50.48;Bueno;133.90;Regular;4;24.96;41.46;82.92;Bueno;157.63;Regular;Bueno;Regular
2026-06-04;04:00;8;32.75;65.62;50.48;Bueno;133.90;Regular;6;22.92;41.46;82.92;Bueno;157.63;Regular;Bueno;Regular
2026-06-04;05:00;10;30.79;65.62;50.48;Bueno;133.90;Regular;5;20.79;41.46;82.92;Bueno;157.63;Regular;Bueno;Regular
2026-06-04;06:00;22;29.08;65.62;50.48;Bueno;133.90;Regular;11;18.88;41.46;82.92;Bueno;157.63;Regular;Bueno;Regular
2026-06-04;07:00;54;28.33;65.62;50.48;Bueno;133.90;Regular;21;16.92;41.46;82.92;Bueno;157.63;Regular;Bueno;Regular
2026-06-04;08:00;55;24.79;65.62;50.48;Bueno;133.90;Regular;19;11.92;41.46;82.92;Bueno;157.63;Regular;Bueno;Regular
2026-06-04;09:00;37;25.00;65.62;50.48;Bueno;133.90;Regular;19;11.54;41.46;82.92;Bueno;157.63;Regular;Bueno;Regular
2026-06-04;10:00;22;25.12;65.62;50.48;Bueno;133.90;Regular;8;11.21;41.46;82.92;Bueno;157.63;Regular;Bueno;Regular
2026-06-04;11:00;24;25.00;65.62;50.48;Bueno;133.90;Regular;13;11.17;41.46;82.92;Bueno;157.63;Regular;Bueno;Regular
2026-06-04;12:00;89;27.58;65.62;50.48;Bueno;133.90;Regular;68;13.42;41.46;82.92;Bueno;157.63;Regular;Bueno;Regular
2026-06-04;13:00;44;28.33;65.62;50.48;Bueno;133.90;Regular;16;13.67;41.46;82.92;Bueno;157.63;Regular;Bueno;Regular
2026-06-04;14:00;18;27.96;65.62;50.48;Bueno;133.90;Regular;7;13.46;41.46;82.92;Bueno;157.63;Regular;Bueno;Regular
2026-06-04;15:00;20;27.79;65.62;50.48;Bueno;133.90;Regular;10;13.46;41.46;82.92;Bueno;157.63;Regular;Bueno;Regular
2026-06-04;16:00;25;27.58;65.62;50.48;Bueno;133.90;Regular;11;13.46;41.46;82.92;Bueno;157.63;Regular;Bueno;Regular
2026-06-04;17:00;90;29.88;65.62;50.48;Bueno;133.90;Regular;42;14.71;41.46;82.92;Bueno;157.63;Regular;Bueno;Regular
2026-06-04;18:00;291;40.50;65.62;50.48;Bueno;133.90;Regular;171;21.04;41.46;82.92;Bueno;157.63;Regular;Bueno;Regular
2026-06-04;19:00;364;54.42;65.62;50.48;Bueno;133.90;Regular;269;31.38;41.46;82.92;Bueno;157.63;Regular;Bueno;Regular
2026-06-04;20:00;105;57.62;65.62;50.48;Bueno;133.90;Regular;73;33.88;41.46;82.92;Bueno;157.63;Regular;Bueno;Regular
2026-06-04;21:00;55;59.12;65.62;50.48;Bueno;133.90;Regular;42;35.08;41.46;82.92;Bueno;157.63;Regular;Bueno;Regular
2026-06-04;22:00;93;62.08;65.62;50.48;Bueno;133.90;Regular;85;38.17;41.46;82.92;Bueno;157.63;Regular;Bueno;Regular
2026-06-04;23:00;99;65.62;65.62;50.48;Bueno;133.90;Regular;86;41.46;41.46;82.92;Bueno;157.63;Regular;Bueno;Regular
2026-06-05;00:00;72;67.92;70.33;54.10;Bueno;141.68;Regular;56;43.62;58.08;126.94;Regular;194.36;Regular;Regular;Regular
2026-06-05;01:00;97;71.58;70.33;54.10;Bueno;141.68;Regular;78;46.79;58.08;126.94;Regular;194.36;Regular;Regular;Regular
2026-06-05;02:00;139;76.88;70.33;54.10;Bueno;141.68;Regular;125;51.88;58.08;126.94;Regular;194.36;Regular;Regular;Regular
2026-06-05;03:00;65;79.08;70.33;54.10;Bueno;141.68;Regular;64;54.38;58.08;126.94;Regular;194.36;Regular;Regular;Regular
2026-06-05;04:00;47;80.71;70.33;54.10;Bueno;141.68;Regular;46;56.04;58.08;126.94;Regular;194.36;Regular;Regular;Regular
2026-06-05;05:00;31;81.58;70.33;54.10;Bueno;141.68;Regular;30;57.08;58.08;126.94;Regular;194.36;Regular;Regular;Regular
2026-06-05;06:00;38;82.25;70.33;54.10;Bueno;141.68;Regular;37;58.17;58.08;126.94;Regular;194.36;Regular;Regular;Regular
2026-06-05;07:00;52;82.17;70.33;54.10;Bueno;141.68;Regular;50;59.38;58.08;126.94;Regular;194.36;Regular;Regular;Regular
2026-06-05;08:00;40;81.54;70.33;54.10;Bueno;141.68;Regular;39;60.21;58.08;126.94;Regular;194.36;Regular;Regular;Regular
2026-06-05;09:00;45;81.88;70.33;54.10;Bueno;141.68;Regular;42;61.17;58.08;126.94;Regular;194.36;Regular;Regular;Regular
2026-06-05;10:00;71;83.92;70.33;54.10;Bueno;141.68;Regular;50;62.92;58.08;126.94;Regular;194.36;Regular;Regular;Regular
2026-06-05;11:00;69;85.79;70.33;54.10;Bueno;141.68;Regular;45;64.25;58.08;126.94;Regular;194.36;Regular;Regular;Regular
2026-06-05;12:00;59;84.54;70.33;54.10;Bueno;141.68;Regular;40;63.08;58.08;126.94;Regular;194.36;Regular;Regular;Regular
2026-06-05;13:00;69;85.58;70.33;54.10;Bueno;141.68;Regular;48;64.42;58.08;126.94;Regular;194.36;Regular;Regular;Regular
2026-06-05;14:00;97;88.88;70.33;54.10;Bueno;141.68;Regular;74;67.21;58.08;126.94;Regular;194.36;Regular;Regular;Regular
2026-06-05;15:00;97;92.08;70.33;54.10;Bueno;141.68;Regular;80;70.12;58.08;126.94;Regular;194.36;Regular;Regular;Regular
2026-06-05;16:00;117;95.92;70.33;54.10;Bueno;141.68;Regular;94;73.58;58.08;126.94;Regular;194.36;Regular;Regular;Regular
2026-06-05;17:00;104;96.50;70.33;54.10;Bueno;141.68;Regular;87;75.46;58.08;126.94;Regular;194.36;Regular;Regular;Regular
2026-06-05;18:00;83;87.83;70.33;54.10;Bueno;141.68;Regular;62;70.92;58.08;126.94;Regular;194.36;Regular;Regular;Regular
2026-06-05;19:00;71;75.62;70.33;54.10;Bueno;141.68;Regular;57;62.08;58.08;126.94;Regular;194.36;Regular;Regular;Regular
2026-06-05;20:00;68;74.08;70.33;54.10;Bueno;141.68;Regular;58;61.46;58.08;126.94;Regular;194.36;Regular;Regular;Regular
2026-06-05;21:00;50;73.88;70.33;54.10;Bueno;141.68;Regular;39;61.33;58.08;126.94;Regular;194.36;Regular;Regular;Regular
2026-06-05;22:00;55;72.29;70.33;54.10;Bueno;141.68;Regular;49;59.83;58.08;126.94;Regular;194.36;Regular;Regular;Regular
2026-06-05;23:00;52;70.33;70.33;54.10;Bueno;141.68;Regular;44;58.08;58.08;126.94;Regular;194.36;Regular;Regular;Regular
2026-06-06;00:00;67;70.12;71.12;54.71;Bueno;142.99;Regular;52;57.92;56.42;121.39;Regular;190.66;Regular;Regular;Regular
2026-06-06;01:00;52;68.25;71.12;54.71;Bueno;142.99;Regular;46;56.58;56.42;121.39;Regular;190.66;Regular;Regular;Regular
2026-06-06;02:00;54;64.71;71.12;54.71;Bueno;142.99;Regular;44;53.21;56.42;121.39;Regular;190.66;Regular;Regular;Regular
2026-06-06;03:00;49;64.04;71.12;54.71;Bueno;142.99;Regular;37;52.08;56.42;121.39;Regular;190.66;Regular;Regular;Regular
2026-06-06;04:00;74;65.17;71.12;54.71;Bueno;142.99;Regular;65;52.88;56.42;121.39;Regular;190.66;Regular;Regular;Regular
2026-06-06;05:00;70;66.79;71.12;54.71;Bueno;142.99;Regular;56;53.96;56.42;121.39;Regular;190.66;Regular;Regular;Regular
2026-06-06;06:00;74;68.29;71.12;54.71;Bueno;142.99;Regular;60;54.92;56.42;121.39;Regular;190.66;Regular;Regular;Regular
2026-06-06;07:00;65;68.83;71.12;54.71;Bueno;142.99;Regular;39;54.46;56.42;121.39;Regular;190.66;Regular;Regular;Regular
2026-06-06;08:00;72;70.17;71.12;54.71;Bueno;142.99;Regular;51;54.96;56.42;121.39;Regular;190.66;Regular;Regular;Regular
2026-06-06;09:00;83;71.75;71.12;54.71;Bueno;142.99;Regular;69;56.08;56.42;121.39;Regular;190.66;Regular;Regular;Regular
2026-06-06;10:00;60;71.29;71.12;54.71;Bueno;142.99;Regular;52;56.17;56.42;121.39;Regular;190.66;Regular;Regular;Regular
2026-06-06;11:00;52;70.58;71.12;54.71;Bueno;142.99;Regular;45;56.17;56.42;121.39;Regular;190.66;Regular;Regular;Regular
2026-06-06;12:00;53;70.33;71.12;54.71;Bueno;142.99;Regular;47;56.46;56.42;121.39;Regular;190.66;Regular;Regular;Regular
2026-06-06;13:00;62;70.04;71.12;54.71;Bueno;142.99;Regular;42;56.21;56.42;121.39;Regular;190.66;Regular;Regular;Regular
2026-06-06;14:00;44;67.83;71.12;54.71;Bueno;142.99;Regular;24;54.12;56.42;121.39;Regular;190.66;Regular;Regular;Regular
2026-06-06;15:00;41;65.50;71.12;54.71;Bueno;142.99;Regular;27;51.92;56.42;121.39;Regular;190.66;Regular;Regular;Regular
2026-06-06;16:00;42;62.38;71.12;54.71;Bueno;142.99;Regular;29;49.21;56.42;121.39;Regular;190.66;Regular;Regular;Regular
2026-06-06;17:00;48;60.04;71.12;54.71;Bueno;142.99;Regular;47;47.54;56.42;121.39;Regular;190.66;Regular;Regular;Regular
2026-06-06;18:00;92;60.42;71.12;54.71;Bueno;142.99;Regular;72;47.96;56.42;121.39;Regular;190.66;Regular;Regular;Regular
2026-06-06;19:00;117;62.33;71.12;54.71;Bueno;142.99;Regular;81;48.96;56.42;121.39;Regular;190.66;Regular;Regular;Regular
2026-06-06;20:00;160;66.17;71.12;54.71;Bueno;142.99;Regular;137;52.25;56.42;121.39;Regular;190.66;Regular;Regular;Regular
2026-06-06;21:00;124;69.25;71.12;54.71;Bueno;142.99;Regular;98;54.71;56.42;121.39;Regular;190.66;Regular;Regular;Regular
2026-06-06;22:00;57;69.33;71.12;54.71;Bueno;142.99;Regular;53;54.88;56.42;121.39;Regular;190.66;Regular;Regular;Regular
2026-06-06;23:00;95;71.12;71.12;54.71;Bueno;142.99;Regular;81;56.42;56.42;121.39;Regular;190.66;Regular;Regular;Regular
2026-06-07;00:00;48;70.33;71.29;54.84;Bueno;143.26;Regular;42;56.00;64.42;148.06;Regular;208.45;Alerta;Regular;Alerta
2026-06-07;01:00;105;72.54;71.29;54.84;Bueno;143.26;Regular;96;58.08;64.42;148.06;Regular;208.45;Alerta;Regular;Alerta
2026-06-07;02:00;111;74.92;71.29;54.84;Bueno;143.26;Regular;106;60.67;64.42;148.06;Regular;208.45;Alerta;Regular;Alerta
2026-06-07;03:00;32;74.21;71.29;54.84;Bueno;143.26;Regular;26;60.21;64.42;148.06;Regular;208.45;Alerta;Regular;Alerta
2026-06-07;04:00;29;72.33;71.29;54.84;Bueno;143.26;Regular;20;58.33;64.42;148.06;Regular;208.45;Alerta;Regular;Alerta
2026-06-07;05:00;21;70.29;71.29;54.84;Bueno;143.26;Regular;17;56.71;64.42;148.06;Regular;208.45;Alerta;Regular;Alerta
2026-06-07;06:00;17;67.92;71.29;54.84;Bueno;143.26;Regular;16;54.88;64.42;148.06;Regular;208.45;Alerta;Regular;Alerta
2026-06-07;07:00;21;66.08;71.29;54.84;Bueno;143.26;Regular;19;54.04;64.42;148.06;Regular;208.45;Alerta;Regular;Alerta
2026-06-07;08:00;31;64.38;71.29;54.84;Bueno;143.26;Regular;25;52.96;64.42;148.06;Regular;208.45;Alerta;Regular;Alerta
2026-06-07;09:00;24;61.92;71.29;54.84;Bueno;143.26;Regular;19;50.88;64.42;148.06;Regular;208.45;Alerta;Regular;Alerta
2026-06-07;10:00;26;60.50;71.29;54.84;Bueno;143.26;Regular;21;49.58;64.42;148.06;Regular;208.45;Alerta;Regular;Alerta
2026-06-07;11:00;30;59.58;71.29;54.84;Bueno;143.26;Regular;23;48.67;64.42;148.06;Regular;208.45;Alerta;Regular;Alerta
2026-06-07;12:00;28;58.54;71.29;54.84;Bueno;143.26;Regular;27;47.83;64.42;148.06;Regular;208.45;Alerta;Regular;Alerta
2026-06-07;13:00;30;57.21;71.29;54.84;Bueno;143.26;Regular;19;46.88;64.42;148.06;Regular;208.45;Alerta;Regular;Alerta
2026-06-07;14:00;23;56.33;71.29;54.84;Bueno;143.26;Regular;22;46.79;64.42;148.06;Regular;208.45;Alerta;Regular;Alerta
2026-06-07;15:00;27;55.75;71.29;54.84;Bueno;143.26;Regular;19;46.46;64.42;148.06;Regular;208.45;Alerta;Regular;Alerta
2026-06-07;16:00;36;55.50;71.29;54.84;Bueno;143.26;Regular;27;46.38;64.42;148.06;Regular;208.45;Alerta;Regular;Alerta
2026-06-07;17:00;61;56.04;71.29;54.84;Bueno;143.26;Regular;50;46.50;64.42;148.06;Regular;208.45;Alerta;Regular;Alerta
2026-06-07;18:00;241;62.25;71.29;54.84;Bueno;143.26;Regular;219;52.62;64.42;148.06;Regular;208.45;Alerta;Regular;Alerta
2026-06-07;19:00;97;61.42;71.29;54.84;Bueno;143.26;Regular;88;52.92;64.42;148.06;Regular;208.45;Alerta;Regular;Alerta
2026-06-07;20:00;141;60.62;71.29;54.84;Bueno;143.26;Regular;131;52.67;64.42;148.06;Regular;208.45;Alerta;Regular;Alerta
2026-06-07;21:00;92;59.29;71.29;54.84;Bueno;143.26;Regular;84;52.08;64.42;148.06;Regular;208.45;Alerta;Regular;Alerta
2026-06-07;22:00;189;64.79;71.29;54.84;Bueno;143.26;Regular;185;57.58;64.42;148.06;Regular;208.45;Alerta;Regular;Alerta
2026-06-07;23:00;251;71.29;71.29;54.84;Bueno;143.26;Regular;245;64.42;64.42;148.06;Regular;208.45;Alerta;Regular;Alerta
2026-06-08;00:00;298;81.71;52.46;40.35;Bueno;112.23;Regular;290;74.75;48.17;96.33;Bueno;172.40;Regular;Bueno;Regular
2026-06-08;01:00;71;80.29;52.46;40.35;Bueno;112.23;Regular;71;73.71;48.17;96.33;Bueno;172.40;Regular;Bueno;Regular
2026-06-08;02:00;33;77.04;52.46;40.35;Bueno;112.23;Regular;27;70.42;48.17;96.33;Bueno;172.40;Regular;Bueno;Regular
2026-06-08;03:00;25;76.75;52.46;40.35;Bueno;112.23;Regular;24;70.33;48.17;96.33;Bueno;172.40;Regular;Bueno;Regular
2026-06-08;04:00;27;76.67;52.46;40.35;Bueno;112.23;Regular;26;70.58;48.17;96.33;Bueno;172.40;Regular;Bueno;Regular
2026-06-08;05:00;26;76.88;52.46;40.35;Bueno;112.23;Regular;25;70.92;48.17;96.33;Bueno;172.40;Regular;Bueno;Regular
2026-06-08;06:00;31;77.46;52.46;40.35;Bueno;112.23;Regular;29;71.46;48.17;96.33;Bueno;172.40;Regular;Bueno;Regular
2026-06-08;07:00;24;77.58;52.46;40.35;Bueno;112.23;Regular;23;71.62;48.17;96.33;Bueno;172.40;Regular;Bueno;Regular
2026-06-08;08:00;37;77.83;52.46;40.35;Bueno;112.23;Regular;35;72.04;48.17;96.33;Bueno;172.40;Regular;Bueno;Regular
2026-06-08;09:00;46;78.75;52.46;40.35;Bueno;112.23;Regular;44;73.08;48.17;96.33;Bueno;172.40;Regular;Bueno;Regular
2026-06-08;10:00;74;80.75;52.46;40.35;Bueno;112.23;Regular;74;75.29;48.17;96.33;Bueno;172.40;Regular;Bueno;Regular
2026-06-08;11:00;110;84.08;52.46;40.35;Bueno;112.23;Regular;98;78.42;48.17;96.33;Bueno;172.40;Regular;Bueno;Regular
2026-06-08;12:00;52;85.08;52.46;40.35;Bueno;112.23;Regular;47;79.25;48.17;96.33;Bueno;172.40;Regular;Bueno;Regular
2026-06-08;13:00;27;84.96;52.46;40.35;Bueno;112.23;Regular;22;79.38;48.17;96.33;Bueno;172.40;Regular;Bueno;Regular
2026-06-08;14:00;26;85.08;52.46;40.35;Bueno;112.23;Regular;22;79.38;48.17;96.33;Bueno;172.40;Regular;Bueno;Regular
2026-06-08;15:00;30;85.21;52.46;40.35;Bueno;112.23;Regular;27;79.71;48.17;96.33;Bueno;172.40;Regular;Bueno;Regular
2026-06-08;16:00;45;85.58;52.46;40.35;Bueno;112.23;Regular;38;80.17;48.17;96.33;Bueno;172.40;Regular;Bueno;Regular
2026-06-08;17:00;48;85.04;52.46;40.35;Bueno;112.23;Regular;39;79.71;48.17;96.33;Bueno;172.40;Regular;Bueno;Regular
2026-06-08;18:00;33;76.38;52.46;40.35;Bueno;112.23;Regular;28;71.75;48.17;96.33;Bueno;172.40;Regular;Bueno;Regular
2026-06-08;19:00;42;74.08;52.46;40.35;Bueno;112.23;Regular;41;69.79;48.17;96.33;Bueno;172.40;Regular;Bueno;Regular
2026-06-08;20:00;54;70.46;52.46;40.35;Bueno;112.23;Regular;42;66.08;48.17;96.33;Bueno;172.40;Regular;Bueno;Regular
2026-06-08;21:00;41;68.33;52.46;40.35;Bueno;112.23;Regular;33;63.96;48.17;96.33;Bueno;172.40;Regular;Bueno;Regular
2026-06-08;22:00;27;61.58;52.46;40.35;Bueno;112.23;Regular;25;57.29;48.17;96.33;Bueno;172.40;Regular;Bueno;Regular
2026-06-08;23:00;32;52.46;52.46;40.35;Bueno;112.23;Regular;26;48.17;48.17;96.33;Bueno;172.40;Regular;Bueno;Regular
2026-06-09;00:00;37;41.58;29.46;22.66;Bueno;65.46;Bueno;36;37.58;27.04;54.08;Bueno;126.11;Regular;Bueno;Regular
2026-06-09;01:00;44;40.46;29.46;22.66;Bueno;65.46;Bueno;43;36.42;27.04;54.08;Bueno;126.11;Regular;Bueno;Regular
2026-06-09;02:00;40;40.75;29.46;22.66;Bueno;65.46;Bueno;37;36.83;27.04;54.08;Bueno;126.11;Regular;Bueno;Regular
2026-06-09;03:00;35;41.17;29.46;22.66;Bueno;65.46;Bueno;34;37.25;27.04;54.08;Bueno;126.11;Regular;Bueno;Regular
2026-06-09;04:00;36;41.54;29.46;22.66;Bueno;65.46;Bueno;35;37.62;27.04;54.08;Bueno;126.11;Regular;Bueno;Regular
2026-06-09;05:00;36;41.96;29.46;22.66;Bueno;65.46;Bueno;35;38.04;27.04;54.08;Bueno;126.11;Regular;Bueno;Regular
2026-06-09;06:00;35;42.12;29.46;22.66;Bueno;65.46;Bueno;34;38.25;27.04;54.08;Bueno;126.11;Regular;Bueno;Regular
2026-06-09;07:00;29;42.33;29.46;22.66;Bueno;65.46;Bueno;23;38.25;27.04;54.08;Bueno;126.11;Regular;Bueno;Regular
2026-06-09;08:00;28;41.96;29.46;22.66;Bueno;65.46;Bueno;24;37.79;27.04;54.08;Bueno;126.11;Regular;Bueno;Regular
2026-06-09;09:00;30;41.29;29.46;22.66;Bueno;65.46;Bueno;29;37.17;27.04;54.08;Bueno;126.11;Regular;Bueno;Regular
2026-06-09;10:00;29;39.42;29.46;22.66;Bueno;65.46;Bueno;28;35.25;27.04;54.08;Bueno;126.11;Regular;Bueno;Regular
2026-06-09;11:00;23;35.79;29.46;22.66;Bueno;65.46;Bueno;20;32.00;27.04;54.08;Bueno;126.11;Regular;Bueno;Regular
2026-06-09;12:00;26;34.71;29.46;22.66;Bueno;65.46;Bueno;20;30.88;27.04;54.08;Bueno;126.11;Regular;Bueno;Regular
2026-06-09;13:00;28;34.75;29.46;22.66;Bueno;65.46;Bueno;27;31.08;27.04;54.08;Bueno;126.11;Regular;Bueno;Regular
2026-06-09;14:00;31;34.96;29.46;22.66;Bueno;65.46;Bueno;30;31.42;27.04;54.08;Bueno;126.11;Regular;Bueno;Regular
2026-06-09;15:00;27;34.83;29.46;22.66;Bueno;65.46;Bueno;26;31.38;27.04;54.08;Bueno;126.11;Regular;Bueno;Regular
2026-06-09;16:00;26;34.04;29.46;22.66;Bueno;65.46;Bueno;18;30.54;27.04;54.08;Bueno;126.11;Regular;Bueno;Regular
2026-06-09;17:00;21;32.92;29.46;22.66;Bueno;65.46;Bueno;19;29.71;27.04;54.08;Bueno;126.11;Regular;Bueno;Regular
2026-06-09;18:00;26;32.62;29.46;22.66;Bueno;65.46;Bueno;25;29.58;27.04;54.08;Bueno;126.11;Regular;Bueno;Regular
2026-06-09;19:00;23;31.83;29.46;22.66;Bueno;65.46;Bueno;21;28.75;27.04;54.08;Bueno;126.11;Regular;Bueno;Regular
2026-06-09;20:00;35;31.04;29.46;22.66;Bueno;65.46;Bueno;28;28.17;27.04;54.08;Bueno;126.11;Regular;Bueno;Regular
2026-06-09;21:00;24;30.33;29.46;22.66;Bueno;65.46;Bueno;23;27.75;27.04;54.08;Bueno;126.11;Regular;Bueno;Regular
2026-06-09;22:00;23;30.17;29.46;22.66;Bueno;65.46;Bueno;22;27.62;27.04;54.08;Bueno;126.11;Regular;Bueno;Regular
2026-06-09;23:00;15;29.46;29.46;22.66;Bueno;65.46;Bueno;12;27.04;27.04;54.08;Bueno;126.11;Regular;Bueno;Regular
2026-06-10;00:00;12;28.42;50.21;38.62;Bueno;108.53;Regular;11;26.00;47.33;94.67;Bueno;170.57;Regular;Bueno;Regular
2026-06-10;01:00;13;27.12;50.21;38.62;Bueno;108.53;Regular;9;24.58;47.33;94.67;Bueno;170.57;Regular;Bueno;Regular
2026-06-10;02:00;16;26.12;50.21;38.62;Bueno;108.53;Regular;15;23.67;47.33;94.67;Bueno;170.57;Regular;Bueno;Regular
2026-06-10;03:00;14;25.25;50.21;38.62;Bueno;108.53;Regular;12;22.75;47.33;94.67;Bueno;170.57;Regular;Bueno;Regular
2026-06-10;04:00;14;24.33;50.21;38.62;Bueno;108.53;Regular;13;21.83;47.33;94.67;Bueno;170.57;Regular;Bueno;Regular
2026-06-10;05:00;19;23.62;50.21;38.62;Bueno;108.53;Regular;18;21.12;47.33;94.67;Bueno;170.57;Regular;Bueno;Regular
2026-06-10;06:00;6;22.42;50.21;38.62;Bueno;108.53;Regular;5;19.92;47.33;94.67;Bueno;170.57;Regular;Bueno;Regular
2026-06-10;07:00;8;21.54;50.21;38.62;Bueno;108.53;Regular;4;19.12;47.33;94.67;Bueno;170.57;Regular;Bueno;Regular
2026-06-10;08:00;13;20.92;50.21;38.62;Bueno;108.53;Regular;7;18.42;47.33;94.67;Bueno;170.57;Regular;Bueno;Regular
2026-06-10;09:00;15;20.29;50.21;38.62;Bueno;108.53;Regular;14;17.79;47.33;94.67;Bueno;170.57;Regular;Bueno;Regular
2026-06-10;10:00;21;19.96;50.21;38.62;Bueno;108.53;Regular;14;17.21;47.33;94.67;Bueno;170.57;Regular;Bueno;Regular
2026-06-10;11:00;22;19.92;50.21;38.62;Bueno;108.53;Regular;13;16.92;47.33;94.67;Bueno;170.57;Regular;Bueno;Regular
2026-06-10;12:00;20;19.67;50.21;38.62;Bueno;108.53;Regular;16;16.75;47.33;94.67;Bueno;170.57;Regular;Bueno;Regular
2026-06-10;13:00;21;19.38;50.21;38.62;Bueno;108.53;Regular;15;16.25;47.33;94.67;Bueno;170.57;Regular;Bueno;Regular
2026-06-10;14:00;23;19.04;50.21;38.62;Bueno;108.53;Regular;20;15.83;47.33;94.67;Bueno;170.57;Regular;Bueno;Regular
2026-06-10;15:00;42;19.67;50.21;38.62;Bueno;108.53;Regular;40;16.42;47.33;94.67;Bueno;170.57;Regular;Bueno;Regular
2026-06-10;16:00;35;20.04;50.21;38.62;Bueno;108.53;Regular;27;16.79;47.33;94.67;Bueno;170.57;Regular;Bueno;Regular
2026-06-10;17:00;56;21.50;50.21;38.62;Bueno;108.53;Regular;54;18.25;47.33;94.67;Bueno;170.57;Regular;Bueno;Regular
2026-06-10;18:00;81;23.79;50.21;38.62;Bueno;108.53;Regular;80;20.54;47.33;94.67;Bueno;170.57;Regular;Bueno;Regular
2026-06-10;19:00;80;26.17;50.21;38.62;Bueno;108.53;Regular;79;22.96;47.33;94.67;Bueno;170.57;Regular;Bueno;Regular
2026-06-10;20:00;181;32.25;50.21;38.62;Bueno;108.53;Regular;180;29.29;47.33;94.67;Bueno;170.57;Regular;Bueno;Regular
2026-06-10;21:00;265;42.29;50.21;38.62;Bueno;108.53;Regular;264;39.33;47.33;94.67;Bueno;170.57;Regular;Bueno;Regular
2026-06-10;22:00;136;47.00;50.21;38.62;Bueno;108.53;Regular;135;44.04;47.33;94.67;Bueno;170.57;Regular;Bueno;Regular
2026-06-10;23:00;92;50.21;50.21;38.62;Bueno;108.53;Regular;91;47.33;47.33;94.67;Bueno;170.57;Regular;Bueno;Regular
2026-06-11;00:00;67;52.50;50.12;38.56;Bueno;108.40;Regular;65;49.58;44.25;88.50;Bueno;163.77;Regular;Bueno;Regular
2026-06-11;01:00;87;55.58;50.12;38.56;Bueno;108.40;Regular;84;52.71;44.25;88.50;Bueno;163.77;Regular;Bueno;Regular
2026-06-11;02:00;132;60.42;50.12;38.56;Bueno;108.40;Regular;131;57.54;44.25;88.50;Bueno;163.77;Regular;Bueno;Regular
2026-06-11;03:00;86;63.42;50.12;38.56;Bueno;108.40;Regular;84;60.54;44.25;88.50;Bueno;163.77;Regular;Bueno;Regular
2026-06-11;04:00;48;64.83;50.12;38.56;Bueno;108.40;Regular;47;61.96;44.25;88.50;Bueno;163.77;Regular;Bueno;Regular
2026-06-11;05:00;63;66.67;50.12;38.56;Bueno;108.40;Regular;62;63.79;44.25;88.50;Bueno;163.77;Regular;Bueno;Regular
2026-06-11;06:00;71;69.38;50.12;38.56;Bueno;108.40;Regular;70;66.50;44.25;88.50;Bueno;163.77;Regular;Bueno;Regular
2026-06-11;07:00;49;71.08;50.12;38.56;Bueno;108.40;Regular;47;68.29;44.25;88.50;Bueno;163.77;Regular;Bueno;Regular
2026-06-11;08:00;33;71.92;50.12;38.56;Bueno;108.40;Regular;32;69.33;44.25;88.50;Bueno;163.77;Regular;Bueno;Regular
2026-06-11;09:00;29;72.50;50.12;38.56;Bueno;108.40;Regular;28;69.92;44.25;88.50;Bueno;163.77;Regular;Bueno;Regular
2026-06-11;10:00;37;73.17;50.12;38.56;Bueno;108.40;Regular;34;70.75;44.25;88.50;Bueno;163.77;Regular;Bueno;Regular
2026-06-11;11:00;31;73.54;50.12;38.56;Bueno;108.40;Regular;14;70.79;44.25;88.50;Bueno;163.77;Regular;Bueno;Regular
2026-06-11;12:00;23;73.67;50.12;38.56;Bueno;108.40;Regular;12;70.62;44.25;88.50;Bueno;163.77;Regular;Bueno;Regular
2026-06-11;13:00;23;73.75;50.12;38.56;Bueno;108.40;Regular;17;70.71;44.25;88.50;Bueno;163.77;Regular;Bueno;Regular
2026-06-11;14:00;19;73.58;50.12;38.56;Bueno;108.40;Regular;15;70.50;44.25;88.50;Bueno;163.77;Regular;Bueno;Regular
2026-06-11;15:00;23;72.79;50.12;38.56;Bueno;108.40;Regular;22;69.75;44.25;88.50;Bueno;163.77;Regular;Bueno;Regular
2026-06-11;16:00;55;73.62;50.12;38.56;Bueno;108.40;Regular;35;70.08;44.25;88.50;Bueno;163.77;Regular;Bueno;Regular
2026-06-11;17:00;62;73.88;50.12;38.56;Bueno;108.40;Regular;47;69.79;44.25;88.50;Bueno;163.77;Regular;Bueno;Regular
2026-06-11;18:00;89;74.21;50.12;38.56;Bueno;108.40;Regular;69;69.33;44.25;88.50;Bueno;163.77;Regular;Bueno;Regular
2026-06-11;19:00;79;74.17;50.12;38.56;Bueno;108.40;Regular;63;68.67;44.25;88.50;Bueno;163.77;Regular;Bueno;Regular
2026-06-11;20:00;46;68.54;50.12;38.56;Bueno;108.40;Regular;42;62.92;44.25;88.50;Bueno;163.77;Regular;Bueno;Regular
2026-06-11;21:00;25;58.54;50.12;38.56;Bueno;108.40;Regular;21;52.79;44.25;88.50;Bueno;163.77;Regular;Bueno;Regular
2026-06-11;22:00;16;53.54;50.12;38.56;Bueno;108.40;Regular;12;47.67;44.25;88.50;Bueno;163.77;Regular;Bueno;Regular
2026-06-11;23:00;10;50.12;50.12;38.56;Bueno;108.40;Regular;9;44.25;44.25;88.50;Bueno;163.77;Regular;Bueno;Regular
2026-06-12;00:00;10;47.75;25.67;19.74;Bueno;57.04;Bueno;7;41.83;21.42;42.83;Bueno;113.89;Regular;Bueno;Regular
2026-06-12;01:00;7;44.42;25.67;19.74;Bueno;57.04;Bueno;5;38.54;21.42;42.83;Bueno;113.89;Regular;Bueno;Regular
2026-06-12;02:00;6;39.17;25.67;19.74;Bueno;57.04;Bueno;1;33.12;21.42;42.83;Bueno;113.89;Regular;Bueno;Regular
2026-06-12;03:00;10;36.00;25.67;19.74;Bueno;57.04;Bueno;1;29.67;21.42;42.83;Bueno;113.89;Regular;Bueno;Regular
2026-06-12;04:00;12;34.50;25.67;19.74;Bueno;57.04;Bueno;3;27.83;21.42;42.83;Bueno;113.89;Regular;Bueno;Regular
2026-06-12;05:00;12;32.38;25.67;19.74;Bueno;57.04;Bueno;11;25.71;21.42;42.83;Bueno;113.89;Regular;Bueno;Regular
2026-06-12;06:00;14;30.00;25.67;19.74;Bueno;57.04;Bueno;11;23.25;21.42;42.83;Bueno;113.89;Regular;Bueno;Regular
2026-06-12;07:00;14;28.54;25.67;19.74;Bueno;57.04;Bueno;13;21.83;21.42;42.83;Bueno;113.89;Regular;Bueno;Regular
2026-06-12;08:00;18;27.92;25.67;19.74;Bueno;57.04;Bueno;17;21.21;21.42;42.83;Bueno;113.89;Regular;Bueno;Regular
2026-06-12;09:00;22;27.62;25.67;19.74;Bueno;57.04;Bueno;19;20.83;21.42;42.83;Bueno;113.89;Regular;Bueno;Regular
2026-06-12;10:00;22;27.00;25.67;19.74;Bueno;57.04;Bueno;21;20.29;21.42;42.83;Bueno;113.89;Regular;Bueno;Regular
2026-06-12;11:00;24;26.71;25.67;19.74;Bueno;57.04;Bueno;20;20.54;21.42;42.83;Bueno;113.89;Regular;Bueno;Regular
2026-06-12;12:00;26;26.83;25.67;19.74;Bueno;57.04;Bueno;25;21.08;21.42;42.83;Bueno;113.89;Regular;Bueno;Regular
2026-06-12;13:00;26;26.96;25.67;19.74;Bueno;57.04;Bueno;17;21.08;21.42;42.83;Bueno;113.89;Regular;Bueno;Regular
2026-06-12;14:00;35;27.62;25.67;19.74;Bueno;57.04;Bueno;17;21.17;21.42;42.83;Bueno;113.89;Regular;Bueno;Regular
2026-06-12;15:00;35;28.12;25.67;19.74;Bueno;57.04;Bueno;26;21.33;21.42;42.83;Bueno;113.89;Regular;Bueno;Regular
2026-06-12;16:00;38;27.42;25.67;19.74;Bueno;57.04;Bueno;23;20.83;21.42;42.83;Bueno;113.89;Regular;Bueno;Regular
2026-06-12;17:00;33;26.21;25.67;19.74;Bueno;57.04;Bueno;32;20.21;21.42;42.83;Bueno;113.89;Regular;Bueno;Regular
2026-06-12;18:00;36;24.00;25.67;19.74;Bueno;57.04;Bueno;34;18.75;21.42;42.83;Bueno;113.89;Regular;Bueno;Regular
2026-06-12;19:00;35;22.17;25.67;19.74;Bueno;57.04;Bueno;34;17.54;21.42;42.83;Bueno;113.89;Regular;Bueno;Regular
2026-06-12;20:00;53;22.46;25.67;19.74;Bueno;57.04;Bueno;52;17.96;21.42;42.83;Bueno;113.89;Regular;Bueno;Regular
2026-06-12;21:00;87;25.04;25.67;19.74;Bueno;57.04;Bueno;86;20.67;21.42;42.83;Bueno;113.89;Regular;Bueno;Regular
2026-06-12;22:00;30;25.62;25.67;19.74;Bueno;57.04;Bueno;29;21.38;21.42;42.83;Bueno;113.89;Regular;Bueno;Regular
2026-06-12;23:00;11;25.67;25.67;19.74;Bueno;57.04;Bueno;10;21.42;21.42;42.83;Bueno;113.89;Regular;Bueno;Regular
2026-06-13;00:00;11;25.71;23.21;17.85;Bueno;51.57;Bueno;8;21.46;15.38;30.75;Bueno;100.81;Regular;Bueno;Regular
2026-06-13;01:00;11;25.88;23.21;17.85;Bueno;51.57;Bueno;6;21.50;15.38;30.75;Bueno;100.81;Regular;Bueno;Regular
2026-06-13;02:00;12;26.12;23.21;17.85;Bueno;51.57;Bueno;6;21.71;15.38;30.75;Bueno;100.81;Regular;Bueno;Regular
2026-06-13;03:00;9;26.08;23.21;17.85;Bueno;51.57;Bueno;6;21.92;15.38;30.75;Bueno;100.81;Regular;Bueno;Regular
2026-06-13;04:00;6;25.83;23.21;17.85;Bueno;51.57;Bueno;3;21.92;15.38;30.75;Bueno;100.81;Regular;Bueno;Regular
2026-06-13;05:00;11;25.79;23.21;17.85;Bueno;51.57;Bueno;5;21.67;15.38;30.75;Bueno;100.81;Regular;Bueno;Regular
2026-06-13;06:00;24;26.21;23.21;17.85;Bueno;51.57;Bueno;20;22.04;15.38;30.75;Bueno;100.81;Regular;Bueno;Regular
2026-06-13;07:00;13;26.17;23.21;17.85;Bueno;51.57;Bueno;10;21.92;15.38;30.75;Bueno;100.81;Regular;Bueno;Regular
2026-06-13;08:00;16;26.08;23.21;17.85;Bueno;51.57;Bueno;10;21.62;15.38;30.75;Bueno;100.81;Regular;Bueno;Regular
2026-06-13;09:00;21;26.04;23.21;17.85;Bueno;51.57;Bueno;18;21.58;15.38;30.75;Bueno;100.81;Regular;Bueno;Regular
2026-06-13;10:00;20;25.96;23.21;17.85;Bueno;51.57;Bueno;12;21.21;15.38;30.75;Bueno;100.81;Regular;Bueno;Regular
2026-06-13;11:00;21;25.83;23.21;17.85;Bueno;51.57;Bueno;17;21.08;15.38;30.75;Bueno;100.81;Regular;Bueno;Regular
2026-06-13;12:00;24;25.75;23.21;17.85;Bueno;51.57;Bueno;13;20.58;15.38;30.75;Bueno;100.81;Regular;Bueno;Regular
2026-06-13;13:00;21;25.54;23.21;17.85;Bueno;51.57;Bueno;11;20.33;15.38;30.75;Bueno;100.81;Regular;Bueno;Regular
2026-06-13;14:00;18;24.83;23.21;17.85;Bueno;51.57;Bueno;11;20.08;15.38;30.75;Bueno;100.81;Regular;Bueno;Regular
2026-06-13;15:00;21;24.25;23.21;17.85;Bueno;51.57;Bueno;11;19.46;15.38;30.75;Bueno;100.81;Regular;Bueno;Regular
2026-06-13;16:00;33;24.04;23.21;17.85;Bueno;51.57;Bueno;19;19.29;15.38;30.75;Bueno;100.81;Regular;Bueno;Regular
2026-06-13;17:00;60;25.17;23.21;17.85;Bueno;51.57;Bueno;39;19.58;15.38;30.75;Bueno;100.81;Regular;Bueno;Regular
2026-06-13;18:00;51;25.79;23.21;17.85;Bueno;51.57;Bueno;37;19.71;15.38;30.75;Bueno;100.81;Regular;Bueno;Regular
2026-06-13;19:00;35;25.79;23.21;17.85;Bueno;51.57;Bueno;23;19.25;15.38;30.75;Bueno;100.81;Regular;Bueno;Regular
2026-06-13;20:00;45;25.46;23.21;17.85;Bueno;51.57;Bueno;34;18.50;15.38;30.75;Bueno;100.81;Regular;Bueno;Regular
2026-06-13;21:00;31;23.12;23.21;17.85;Bueno;51.57;Bueno;19;15.71;15.38;30.75;Bueno;100.81;Regular;Bueno;Regular
2026-06-13;22:00;22;22.79;23.21;17.85;Bueno;51.57;Bueno;15;15.12;15.38;30.75;Bueno;100.81;Regular;Bueno;Regular
2026-06-13;23:00;21;23.21;23.21;17.85;Bueno;51.57;Bueno;16;15.38;15.38;30.75;Bueno;100.81;Regular;Bueno;Regular
2026-06-14;00:00;16;23.42;25.54;19.65;Bueno;56.76;Bueno;9;15.42;20.21;40.42;Bueno;111.27;Regular;Bueno;Regular
2026-06-14;01:00;9;23.33;25.54;19.65;Bueno;56.76;Bueno;7;15.46;20.21;40.42;Bueno;111.27;Regular;Bueno;Regular
2026-06-14;02:00;11;23.29;25.54;19.65;Bueno;56.76;Bueno;7;15.50;20.21;40.42;Bueno;111.27;Regular;Bueno;Regular
2026-06-14;03:00;13;23.46;25.54;19.65;Bueno;56.76;Bueno;8;15.58;20.21;40.42;Bueno;111.27;Regular;Bueno;Regular
2026-06-14;04:00;12;23.71;25.54;19.65;Bueno;56.76;Bueno;11;15.92;20.21;40.42;Bueno;111.27;Regular;Bueno;Regular
2026-06-14;05:00;12;23.75;25.54;19.65;Bueno;56.76;Bueno;9;16.08;20.21;40.42;Bueno;111.27;Regular;Bueno;Regular
2026-06-14;06:00;12;23.25;25.54;19.65;Bueno;56.76;Bueno;9;15.62;20.21;40.42;Bueno;111.27;Regular;Bueno;Regular
2026-06-14;07:00;10;23.12;25.54;19.65;Bueno;56.76;Bueno;7;15.50;20.21;40.42;Bueno;111.27;Regular;Bueno;Regular
2026-06-14;08:00;15;23.08;25.54;19.65;Bueno;56.76;Bueno;12;15.58;20.21;40.42;Bueno;111.27;Regular;Bueno;Regular
2026-06-14;09:00;14;22.79;25.54;19.65;Bueno;56.76;Bueno;12;15.33;20.21;40.42;Bueno;111.27;Regular;Bueno;Regular
2026-06-14;10:00;13;22.50;25.54;19.65;Bueno;56.76;Bueno;9;15.21;20.21;40.42;Bueno;111.27;Regular;Bueno;Regular
2026-06-14;11:00;12;22.12;25.54;19.65;Bueno;56.76;Bueno;7;14.79;20.21;40.42;Bueno;111.27;Regular;Bueno;Regular
2026-06-14;12:00;20;21.96;25.54;19.65;Bueno;56.76;Bueno;10;14.67;20.21;40.42;Bueno;111.27;Regular;Bueno;Regular
2026-06-14;13:00;19;21.88;25.54;19.65;Bueno;56.76;Bueno;11;14.67;20.21;40.42;Bueno;111.27;Regular;Bueno;Regular
2026-06-14;14:00;33;22.50;25.54;19.65;Bueno;56.76;Bueno;25;15.25;20.21;40.42;Bueno;111.27;Regular;Bueno;Regular
2026-06-14;15:00;29;22.83;25.54;19.65;Bueno;56.76;Bueno;27;15.92;20.21;40.42;Bueno;111.27;Regular;Bueno;Regular
2026-06-14;16:00;31;22.75;25.54;19.65;Bueno;56.76;Bueno;24;16.12;20.21;40.42;Bueno;111.27;Regular;Bueno;Regular
2026-06-14;17:00;31;21.54;25.54;19.65;Bueno;56.76;Bueno;19;15.29;20.21;40.42;Bueno;111.27;Regular;Bueno;Regular
2026-06-14;18:00;47;21.38;25.54;19.65;Bueno;56.76;Bueno;35;15.21;20.21;40.42;Bueno;111.27;Regular;Bueno;Regular
2026-06-14;19:00;71;22.88;25.54;19.65;Bueno;56.76;Bueno;64;16.92;20.21;40.42;Bueno;111.27;Regular;Bueno;Regular
2026-06-14;20:00;55;23.29;25.54;19.65;Bueno;56.76;Bueno;46;17.42;20.21;40.42;Bueno;111.27;Regular;Bueno;Regular
2026-06-14;21:00;35;23.46;25.54;19.65;Bueno;56.76;Bueno;30;17.88;20.21;40.42;Bueno;111.27;Regular;Bueno;Regular
2026-06-14;22:00;34;23.96;25.54;19.65;Bueno;56.76;Bueno;33;18.62;20.21;40.42;Bueno;111.27;Regular;Bueno;Regular
2026-06-14;23:00;59;25.54;25.54;19.65;Bueno;56.76;Bueno;54;20.21;20.21;40.42;Bueno;111.27;Regular;Bueno;Regular
2026-06-15;00:00;47;26.83;33.62;25.87;Bueno;74.72;Bueno;44;21.67;23.92;47.83;Bueno;119.31;Regular;Bueno;Regular
2026-06-15;01:00;26;27.54;33.62;25.87;Bueno;74.72;Bueno;25;22.42;23.92;47.83;Bueno;119.31;Regular;Bueno;Regular
2026-06-15;02:00;21;27.96;33.62;25.87;Bueno;74.72;Bueno;19;22.92;23.92;47.83;Bueno;119.31;Regular;Bueno;Regular
2026-06-15;03:00;21;28.29;33.62;25.87;Bueno;74.72;Bueno;20;23.42;23.92;47.83;Bueno;119.31;Regular;Bueno;Regular
2026-06-15;04:00;12;28.29;33.62;25.87;Bueno;74.72;Bueno;11;23.42;23.92;47.83;Bueno;119.31;Regular;Bueno;Regular
2026-06-15;05:00;13;28.33;33.62;25.87;Bueno;74.72;Bueno;12;23.54;23.92;47.83;Bueno;119.31;Regular;Bueno;Regular
2026-06-15;06:00;24;28.83;33.62;25.87;Bueno;74.72;Bueno;19;23.96;23.92;47.83;Bueno;119.31;Regular;Bueno;Regular
2026-06-15;07:00;62;31.00;33.62;25.87;Bueno;74.72;Bueno;32;25.00;23.92;47.83;Bueno;119.31;Regular;Bueno;Regular
2026-06-15;08:00;41;32.08;33.62;25.87;Bueno;74.72;Bueno;22;25.42;23.92;47.83;Bueno;119.31;Regular;Bueno;Regular
2026-06-15;09:00;33;32.88;33.62;25.87;Bueno;74.72;Bueno;23;25.88;23.92;47.83;Bueno;119.31;Regular;Bueno;Regular
2026-06-15;10:00;22;33.25;33.62;25.87;Bueno;74.72;Bueno;11;25.96;23.92;47.83;Bueno;119.31;Regular;Bueno;Regular
2026-06-15;11:00;26;33.83;33.62;25.87;Bueno;74.72;Bueno;15;26.29;23.92;47.83;Bueno;119.31;Regular;Bueno;Regular
2026-06-15;12:00;28;34.17;33.62;25.87;Bueno;74.72;Bueno;14;26.46;23.92;47.83;Bueno;119.31;Regular;Bueno;Regular
2026-06-15;13:00;21;34.25;33.62;25.87;Bueno;74.72;Bueno;13;26.54;23.92;47.83;Bueno;119.31;Regular;Bueno;Regular
2026-06-15;14:00;22;33.79;33.62;25.87;Bueno;74.72;Bueno;14;26.08;23.92;47.83;Bueno;119.31;Regular;Bueno;Regular
2026-06-15;15:00;24;33.58;33.62;25.87;Bueno;74.72;Bueno;15;25.58;23.92;47.83;Bueno;119.31;Regular;Bueno;Regular
2026-06-15;16:00;42;34.04;33.62;25.87;Bueno;74.72;Bueno;23;25.54;23.92;47.83;Bueno;119.31;Regular;Bueno;Regular
2026-06-15;17:00;51;34.88;33.62;25.87;Bueno;74.72;Bueno;25;25.79;23.92;47.83;Bueno;119.31;Regular;Bueno;Regular
2026-06-15;18:00;55;35.21;33.62;25.87;Bueno;74.72;Bueno;38;25.92;23.92;47.83;Bueno;119.31;Regular;Bueno;Regular
2026-06-15;19:00;45;34.12;33.62;25.87;Bueno;74.72;Bueno;33;24.62;23.92;47.83;Bueno;119.31;Regular;Bueno;Regular
2026-06-15;20:00;46;33.75;33.62;25.87;Bueno;74.72;Bueno;37;24.25;23.92;47.83;Bueno;119.31;Regular;Bueno;Regular
2026-06-15;21:00;42;34.04;33.62;25.87;Bueno;74.72;Bueno;37;24.54;23.92;47.83;Bueno;119.31;Regular;Bueno;Regular
2026-06-15;22:00;44;34.46;33.62;25.87;Bueno;74.72;Bueno;37;24.71;23.92;47.83;Bueno;119.31;Regular;Bueno;Regular
2026-06-15;23:00;39;33.62;33.62;25.87;Bueno;74.72;Bueno;35;23.92;23.92;47.83;Bueno;119.31;Regular;Bueno;Regular
2026-06-16;00:00;34;33.08;55.00;42.31;Bueno;116.40;Regular;29;23.29;37.00;74.00;Bueno;147.85;Regular;Bueno;Regular
2026-06-16;01:00;28;33.17;55.00;42.31;Bueno;116.40;Regular;23;23.21;37.00;74.00;Bueno;147.85;Regular;Bueno;Regular
2026-06-16;02:00;25;33.33;55.00;42.31;Bueno;116.40;Regular;24;23.42;37.00;74.00;Bueno;147.85;Regular;Bueno;Regular
2026-06-16;03:00;24;33.46;55.00;42.31;Bueno;116.40;Regular;20;23.42;37.00;74.00;Bueno;147.85;Regular;Bueno;Regular
2026-06-16;04:00;22;33.88;55.00;42.31;Bueno;116.40;Regular;20;23.79;37.00;74.00;Bueno;147.85;Regular;Bueno;Regular
2026-06-16;05:00;18;34.08;55.00;42.31;Bueno;116.40;Regular;13;23.83;37.00;74.00;Bueno;147.85;Regular;Bueno;Regular
2026-06-16;06:00;22;34.00;55.00;42.31;Bueno;116.40;Regular;11;23.50;37.00;74.00;Bueno;147.85;Regular;Bueno;Regular
2026-06-16;07:00;61;33.96;55.00;42.31;Bueno;116.40;Regular;24;23.17;37.00;74.00;Bueno;147.85;Regular;Bueno;Regular
2026-06-16;08:00;70;35.17;55.00;42.31;Bueno;116.40;Regular;35;23.71;37.00;74.00;Bueno;147.85;Regular;Bueno;Regular
2026-06-16;09:00;42;35.54;55.00;42.31;Bueno;116.40;Regular;26;23.83;37.00;74.00;Bueno;147.85;Regular;Bueno;Regular
2026-06-16;10:00;27;35.75;55.00;42.31;Bueno;116.40;Regular;18;24.12;37.00;74.00;Bueno;147.85;Regular;Bueno;Regular
2026-06-16;11:00;30;35.92;55.00;42.31;Bueno;116.40;Regular;16;24.17;37.00;74.00;Bueno;147.85;Regular;Bueno;Regular
2026-06-16;12:00;41;36.46;55.00;42.31;Bueno;116.40;Regular;15;24.21;37.00;74.00;Bueno;147.85;Regular;Bueno;Regular
2026-06-16;13:00;29;36.79;55.00;42.31;Bueno;116.40;Regular;16;24.33;37.00;74.00;Bueno;147.85;Regular;Bueno;Regular
2026-06-16;14:00;40;37.54;55.00;42.31;Bueno;116.40;Regular;33;25.12;37.00;74.00;Bueno;147.85;Regular;Bueno;Regular
2026-06-16;15:00;29;37.75;55.00;42.31;Bueno;116.40;Regular;16;25.17;37.00;74.00;Bueno;147.85;Regular;Bueno;Regular
2026-06-16;16:00;33;37.38;55.00;42.31;Bueno;116.40;Regular;14;24.79;37.00;74.00;Bueno;147.85;Regular;Bueno;Regular
2026-06-16;17:00;55;37.54;55.00;42.31;Bueno;116.40;Regular;27;24.88;37.00;74.00;Bueno;147.85;Regular;Bueno;Regular
2026-06-16;18:00;164;42.08;55.00;42.31;Bueno;116.40;Regular;101;27.50;37.00;74.00;Bueno;147.85;Regular;Bueno;Regular
2026-06-16;19:00;118;45.12;55.00;42.31;Bueno;116.40;Regular;77;29.33;37.00;74.00;Bueno;147.85;Regular;Bueno;Regular
2026-06-16;20:00;163;50.00;55.00;42.31;Bueno;116.40;Regular;132;33.29;37.00;74.00;Bueno;147.85;Regular;Bueno;Regular
2026-06-16;21:00;50;50.33;55.00;42.31;Bueno;116.40;Regular;36;33.25;37.00;74.00;Bueno;147.85;Regular;Bueno;Regular
2026-06-16;22:00;70;51.42;55.00;42.31;Bueno;116.40;Regular;55;34.00;37.00;74.00;Bueno;147.85;Regular;Bueno;Regular
2026-06-16;23:00;125;55.00;55.00;42.31;Bueno;116.40;Regular;107;37.00;37.00;74.00;Bueno;147.85;Regular;Bueno;Regular
2026-06-17;00:00;54;55.83;75.68;58.22;Bueno;150.53;Regular;49;37.83;57.86;126.21;Regular;193.87;Regular;Regular;Regular
2026-06-17;01:00;108;59.17;75.68;58.22;Bueno;150.53;Regular;100;41.04;57.86;126.21;Regular;193.87;Regular;Regular;Regular
2026-06-17;02:00;163;64.92;75.68;58.22;Bueno;150.53;Regular;116;44.88;57.86;126.21;Regular;193.87;Regular;Regular;Regular
2026-06-17;03:00;173;71.12;75.68;58.22;Bueno;150.53;Regular;119;49.00;57.86;126.21;Regular;193.87;Regular;Regular;Regular
2026-06-17;04:00;54;72.46;75.68;58.22;Bueno;150.53;Regular;53;50.38;57.86;126.21;Regular;193.87;Regular;Regular;Regular
2026-06-17;05:00;37;73.25;75.68;58.22;Bueno;150.53;Regular;27;50.96;57.86;126.21;Regular;193.87;Regular;Regular;Regular
2026-06-17;06:00;45;74.21;75.68;58.22;Bueno;150.53;Regular;33;51.88;57.86;126.21;Regular;193.87;Regular;Regular;Regular
2026-06-17;07:00;57;74.04;75.68;58.22;Bueno;150.53;Regular;37;52.42;57.86;126.21;Regular;193.87;Regular;Regular;Regular
2026-06-17;08:00;94;75.04;75.68;58.22;Bueno;150.53;Regular;58;53.38;57.86;126.21;Regular;193.87;Regular;Regular;Regular
2026-06-17;09:00;74;76.38;75.68;58.22;Bueno;150.53;Regular;53;54.50;57.86;126.21;Regular;193.87;Regular;Regular;Regular
2026-06-17;10:00;67;78.04;75.68;58.22;Bueno;150.53;Regular;46;55.67;57.86;126.21;Regular;193.87;Regular;Regular;Regular
2026-06-17;11:00;56;79.12;75.68;58.22;Bueno;150.53;Regular;42;56.75;57.86;126.21;Regular;193.87;Regular;Regular;Regular
2026-06-17;12:00;48;79.42;75.68;58.22;Bueno;150.53;Regular;32;57.46;57.86;126.21;Regular;193.87;Regular;Regular;Regular
2026-06-17;13:00;;81.61;75.68;58.22;Bueno;150.53;Regular;;59.26;57.86;126.21;Regular;193.87;Regular;Regular;Regular
2026-06-17;14:00;;83.50;75.68;58.22;Bueno;150.53;Regular;;60.45;57.86;126.21;Regular;193.87;Regular;Regular;Regular
2026-06-17;15:00;42;84.09;75.68;58.22;Bueno;150.53;Regular;30;61.09;57.86;126.21;Regular;193.87;Regular;Regular;Regular
2026-06-17;16:00;59;85.27;75.68;58.22;Bueno;150.53;Regular;47;62.59;57.86;126.21;Regular;193.87;Regular;Regular;Regular
2026-06-17;17:00;48;84.95;75.68;58.22;Bueno;150.53;Regular;35;62.95;57.86;126.21;Regular;193.87;Regular;Regular;Regular
2026-06-17;18:00;54;79.95;75.68;58.22;Bueno;150.53;Regular;49;60.59;57.86;126.21;Regular;193.87;Regular;Regular;Regular
2026-06-17;19:00;79;78.18;75.68;58.22;Bueno;150.53;Regular;65;60.05;57.86;126.21;Regular;193.87;Regular;Regular;Regular
2026-06-17;20:00;90;74.86;75.68;58.22;Bueno;150.53;Regular;73;57.36;57.86;126.21;Regular;193.87;Regular;Regular;Regular
2026-06-17;21:00;100;77.14;75.68;58.22;Bueno;150.53;Regular;82;59.45;57.86;126.21;Regular;193.87;Regular;Regular;Regular
2026-06-17;22:00;97;78.36;75.68;58.22;Bueno;150.53;Regular;76;60.41;57.86;126.21;Regular;193.87;Regular;Regular;Regular
2026-06-17;23:00;66;75.68;75.68;58.22;Bueno;150.53;Regular;51;57.86;57.86;126.21;Regular;193.87;Regular;Regular;Regular
2026-06-18;00:00;43;75.18;109.25;84.04;Bueno;206.55;Alerta;40;57.45;84.46;214.86;Alerta;253.43;Alerta;Alerta;Alerta
2026-06-18;01:00;74;73.64;109.25;84.04;Bueno;206.55;Alerta;73;56.23;84.46;214.86;Alerta;253.43;Alerta;Alerta;Alerta
2026-06-18;02:00;65;69.18;109.25;84.04;Bueno;206.55;Alerta;64;53.86;84.46;214.86;Alerta;253.43;Alerta;Alerta;Alerta
2026-06-18;03:00;75;64.73;109.25;84.04;Bueno;206.55;Alerta;72;51.73;84.46;214.86;Alerta;253.43;Alerta;Alerta;Alerta
2026-06-18;04:00;73;65.59;109.25;84.04;Bueno;206.55;Alerta;67;52.36;84.46;214.86;Alerta;253.43;Alerta;Alerta;Alerta
2026-06-18;05:00;74;67.27;109.25;84.04;Bueno;206.55;Alerta;68;54.23;84.46;214.86;Alerta;253.43;Alerta;Alerta;Alerta
2026-06-18;06:00;113;70.36;109.25;84.04;Bueno;206.55;Alerta;88;56.73;84.46;214.86;Alerta;253.43;Alerta;Alerta;Alerta
2026-06-18;07:00;135;73.91;109.25;84.04;Bueno;206.55;Alerta;95;59.36;84.46;214.86;Alerta;253.43;Alerta;Alerta;Alerta
2026-06-18;08:00;134;75.73;109.25;84.04;Bueno;206.55;Alerta;68;59.82;84.46;214.86;Alerta;253.43;Alerta;Alerta;Alerta
2026-06-18;09:00;104;77.09;109.25;84.04;Bueno;206.55;Alerta;74;60.77;84.46;214.86;Alerta;253.43;Alerta;Alerta;Alerta
2026-06-18;10:00;37;75.73;109.25;84.04;Bueno;206.55;Alerta;23;59.73;84.46;214.86;Alerta;253.43;Alerta;Alerta;Alerta
2026-06-18;11:00;27;74.41;109.25;84.04;Bueno;206.55;Alerta;17;58.59;84.46;214.86;Alerta;253.43;Alerta;Alerta;Alerta
2026-06-18;12:00;20;73.14;109.25;84.04;Bueno;206.55;Alerta;16;57.86;84.46;214.86;Alerta;253.43;Alerta;Alerta;Alerta
2026-06-18;13:00;26;71.09;109.25;84.04;Bueno;206.55;Alerta;14;55.96;84.46;214.86;Alerta;253.43;Alerta;Alerta;Alerta
2026-06-18;14:00;22;69.04;109.25;84.04;Bueno;206.55;Alerta;12;54.12;84.46;214.86;Alerta;253.43;Alerta;Alerta;Alerta
2026-06-18;15:00;26;68.38;109.25;84.04;Bueno;206.55;Alerta;15;53.50;84.46;214.86;Alerta;253.43;Alerta;Alerta;Alerta
2026-06-18;16:00;26;67.00;109.25;84.04;Bueno;206.55;Alerta;20;52.38;84.46;214.86;Alerta;253.43;Alerta;Alerta;Alerta
2026-06-18;17:00;61;67.54;109.25;84.04;Bueno;206.55;Alerta;32;52.25;84.46;214.86;Alerta;253.43;Alerta;Alerta;Alerta
2026-06-18;18:00;355;80.08;109.25;84.04;Bueno;206.55;Alerta;274;61.62;84.46;214.86;Alerta;253.43;Alerta;Alerta;Alerta
2026-06-18;19:00;256;87.46;109.25;84.04;Bueno;206.55;Alerta;175;66.21;84.46;214.86;Alerta;253.43;Alerta;Alerta;Alerta
2026-06-18;20:00;444;102.21;109.25;84.04;Bueno;206.55;Alerta;359;78.12;84.46;214.86;Alerta;253.43;Alerta;Alerta;Alerta
2026-06-18;21:00;151;104.33;109.25;84.04;Bueno;206.55;Alerta;118;79.62;84.46;214.86;Alerta;253.43;Alerta;Alerta;Alerta
2026-06-18;22:00;161;107.00;109.25;84.04;Bueno;206.55;Alerta;136;82.12;84.46;214.86;Alerta;253.43;Alerta;Alerta;Alerta
2026-06-18;23:00;120;109.25;109.25;84.04;Bueno;206.55;Alerta;107;84.46;84.46;214.86;Alerta;253.43;Alerta;Alerta;Alerta
2026-06-19;00:00;176;114.79;83.21;64.01;Bueno;163.02;Regular;168;89.79;71.25;170.83;Regular;223.72;Alerta;Regular;Alerta
2026-06-19;01:00;235;121.50;83.21;64.01;Bueno;163.02;Regular;220;95.92;71.25;170.83;Regular;223.72;Alerta;Regular;Alerta
2026-06-19;02:00;149;125.00;83.21;64.01;Bueno;163.02;Regular;146;99.33;71.25;170.83;Regular;223.72;Alerta;Regular;Alerta
2026-06-19;03:00;243;132.00;83.21;64.01;Bueno;163.02;Regular;187;104.12;71.25;170.83;Regular;223.72;Alerta;Regular;Alerta
2026-06-19;04:00;141;134.83;83.21;64.01;Bueno;163.02;Regular;138;107.08;71.25;170.83;Regular;223.72;Alerta;Regular;Alerta
2026-06-19;05:00;45;133.62;83.21;64.01;Bueno;163.02;Regular;32;105.58;71.25;170.83;Regular;223.72;Alerta;Regular;Alerta
2026-06-19;06:00;66;131.67;83.21;64.01;Bueno;163.02;Regular;54;104.17;71.25;170.83;Regular;223.72;Alerta;Regular;Alerta
2026-06-19;07:00;131;131.50;83.21;64.01;Bueno;163.02;Regular;114;104.96;71.25;170.83;Regular;223.72;Alerta;Regular;Alerta
2026-06-19;08:00;136;131.58;83.21;64.01;Bueno;163.02;Regular;107;106.58;71.25;170.83;Regular;223.72;Alerta;Regular;Alerta
2026-06-19;09:00;156;133.75;83.21;64.01;Bueno;163.02;Regular;147;109.62;71.25;170.83;Regular;223.72;Alerta;Regular;Alerta
2026-06-19;10:00;75;135.33;83.21;64.01;Bueno;163.02;Regular;67;111.46;71.25;170.83;Regular;223.72;Alerta;Regular;Alerta
2026-06-19;11:00;57;136.58;83.21;64.01;Bueno;163.02;Regular;51;112.88;71.25;170.83;Regular;223.72;Alerta;Regular;Alerta
2026-06-19;12:00;44;137.58;83.21;64.01;Bueno;163.02;Regular;36;113.71;71.25;170.83;Regular;223.72;Alerta;Regular;Alerta
2026-06-19;13:00;48;138.50;83.21;64.01;Bueno;163.02;Regular;26;114.21;71.25;170.83;Regular;223.72;Alerta;Regular;Alerta
2026-06-19;14:00;41;139.29;83.21;64.01;Bueno;163.02;Regular;28;114.88;71.25;170.83;Regular;223.72;Alerta;Regular;Alerta
2026-06-19;15:00;51;140.33;83.21;64.01;Bueno;163.02;Regular;35;115.71;71.25;170.83;Regular;223.72;Alerta;Regular;Alerta
2026-06-19;16:00;38;140.83;83.21;64.01;Bueno;163.02;Regular;29;116.08;71.25;170.83;Regular;223.72;Alerta;Regular;Alerta
2026-06-19;17:00;40;139.96;83.21;64.01;Bueno;163.02;Regular;30;116.00;71.25;170.83;Regular;223.72;Alerta;Regular;Alerta
2026-06-19;18:00;38;126.75;83.21;64.01;Bueno;163.02;Regular;27;105.71;71.25;170.83;Regular;223.72;Alerta;Regular;Alerta
2026-06-19;19:00;18;116.83;83.21;64.01;Bueno;163.02;Regular;15;99.04;71.25;170.83;Regular;223.72;Alerta;Regular;Alerta
2026-06-19;20:00;14;98.92;83.21;64.01;Bueno;163.02;Regular;11;84.54;71.25;170.83;Regular;223.72;Alerta;Regular;Alerta
2026-06-19;21:00;17;93.33;83.21;64.01;Bueno;163.02;Regular;10;80.04;71.25;170.83;Regular;223.72;Alerta;Regular;Alerta
2026-06-19;22:00;20;87.46;83.21;64.01;Bueno;163.02;Regular;19;75.17;71.25;170.83;Regular;223.72;Alerta;Regular;Alerta
2026-06-19;23:00;18;83.21;83.21;64.01;Bueno;163.02;Regular;13;71.25;71.25;170.83;Regular;223.72;Alerta;Regular;Alerta
2026-06-20;00:00;17;76.58;34.67;26.67;Bueno;77.04;Bueno;16;64.92;28.00;56.00;Bueno;128.19;Regular;Bueno;Regular
2026-06-20;01:00;22;67.71;34.67;26.67;Bueno;77.04;Bueno;21;56.62;28.00;56.00;Bueno;128.19;Regular;Bueno;Regular
2026-06-20;02:00;63;64.12;34.67;26.67;Bueno;77.04;Bueno;62;53.12;28.00;56.00;Bueno;128.19;Regular;Bueno;Regular
2026-06-20;03:00;34;55.42;34.67;26.67;Bueno;77.04;Bueno;32;46.67;28.00;56.00;Bueno;128.19;Regular;Bueno;Regular
2026-06-20;04:00;18;50.29;34.67;26.67;Bueno;77.04;Bueno;16;41.58;28.00;56.00;Bueno;128.19;Regular;Bueno;Regular
2026-06-20;05:00;17;49.12;34.67;26.67;Bueno;77.04;Bueno;16;40.92;28.00;56.00;Bueno;128.19;Regular;Bueno;Regular
2026-06-20;06:00;21;47.25;34.67;26.67;Bueno;77.04;Bueno;20;39.50;28.00;56.00;Bueno;128.19;Regular;Bueno;Regular
2026-06-20;07:00;27;42.92;34.67;26.67;Bueno;77.04;Bueno;26;35.83;28.00;56.00;Bueno;128.19;Regular;Bueno;Regular
2026-06-20;08:00;22;38.17;34.67;26.67;Bueno;77.04;Bueno;21;32.25;28.00;56.00;Bueno;128.19;Regular;Bueno;Regular
2026-06-20;09:00;27;32.79;34.67;26.67;Bueno;77.04;Bueno;22;27.04;28.00;56.00;Bueno;128.19;Regular;Bueno;Regular
2026-06-20;10:00;32;31.00;34.67;26.67;Bueno;77.04;Bueno;13;24.79;28.00;56.00;Bueno;128.19;Regular;Bueno;Regular
2026-06-20;11:00;26;29.71;34.67;26.67;Bueno;77.04;Bueno;19;23.46;28.00;56.00;Bueno;128.19;Regular;Bueno;Regular
2026-06-20;12:00;16;28.54;34.67;26.67;Bueno;77.04;Bueno;14;22.54;28.00;56.00;Bueno;128.19;Regular;Bueno;Regular
2026-06-20;13:00;16;27.21;34.67;26.67;Bueno;77.04;Bueno;10;21.88;28.00;56.00;Bueno;128.19;Regular;Bueno;Regular
2026-06-20;14:00;21;26.38;34.67;26.67;Bueno;77.04;Bueno;10;21.12;28.00;56.00;Bueno;128.19;Regular;Bueno;Regular
2026-06-20;15:00;14;24.83;34.67;26.67;Bueno;77.04;Bueno;7;19.96;28.00;56.00;Bueno;128.19;Regular;Bueno;Regular
2026-06-20;16:00;22;24.17;34.67;26.67;Bueno;77.04;Bueno;7;19.04;28.00;56.00;Bueno;128.19;Regular;Bueno;Regular
2026-06-20;17:00;24;23.50;34.67;26.67;Bueno;77.04;Bueno;13;18.33;28.00;56.00;Bueno;128.19;Regular;Bueno;Regular
2026-06-20;18:00;36;23.42;34.67;26.67;Bueno;77.04;Bueno;21;18.08;28.00;56.00;Bueno;128.19;Regular;Bueno;Regular
2026-06-20;19:00;65;25.38;34.67;26.67;Bueno;77.04;Bueno;56;19.79;28.00;56.00;Bueno;128.19;Regular;Bueno;Regular
2026-06-20;20:00;113;29.50;34.67;26.67;Bueno;77.04;Bueno;95;23.29;28.00;56.00;Bueno;128.19;Regular;Bueno;Regular
2026-06-20;21:00;60;31.29;34.67;26.67;Bueno;77.04;Bueno;51;25.00;28.00;56.00;Bueno;128.19;Regular;Bueno;Regular
2026-06-20;22:00;47;32.42;34.67;26.67;Bueno;77.04;Bueno;39;25.83;28.00;56.00;Bueno;128.19;Regular;Bueno;Regular
2026-06-20;23:00;72;34.67;34.67;26.67;Bueno;77.04;Bueno;65;28.00;28.00;56.00;Bueno;128.19;Regular;Bueno;Regular
2026-06-21;00:00;31;35.25;37.33;28.72;Bueno;82.96;Bueno;19;28.12;31.58;63.17;Bueno;136.01;Regular;Bueno;Regular
2026-06-21;01:00;27;35.46;37.33;28.72;Bueno;82.96;Bueno;21;28.12;31.58;63.17;Bueno;136.01;Regular;Bueno;Regular
2026-06-21;02:00;21;33.71;37.33;28.72;Bueno;82.96;Bueno;14;26.12;31.58;63.17;Bueno;136.01;Regular;Bueno;Regular
2026-06-21;03:00;11;32.75;37.33;28.72;Bueno;82.96;Bueno;9;25.17;31.58;63.17;Bueno;136.01;Regular;Bueno;Regular
2026-06-21;04:00;13;32.54;37.33;28.72;Bueno;82.96;Bueno;12;25.00;31.58;63.17;Bueno;136.01;Regular;Bueno;Regular
2026-06-21;05:00;12;32.33;37.33;28.72;Bueno;82.96;Bueno;10;24.75;31.58;63.17;Bueno;136.01;Regular;Bueno;Regular
2026-06-21;06:00;16;32.12;37.33;28.72;Bueno;82.96;Bueno;12;24.42;31.58;63.17;Bueno;136.01;Regular;Bueno;Regular
2026-06-21;07:00;23;31.96;37.33;28.72;Bueno;82.96;Bueno;17;24.04;31.58;63.17;Bueno;136.01;Regular;Bueno;Regular
2026-06-21;08:00;29;32.25;37.33;28.72;Bueno;82.96;Bueno;28;24.33;31.58;63.17;Bueno;136.01;Regular;Bueno;Regular
2026-06-21;09:00;30;32.38;37.33;28.72;Bueno;82.96;Bueno;29;24.62;31.58;63.17;Bueno;136.01;Regular;Bueno;Regular
2026-06-21;10:00;33;32.42;37.33;28.72;Bueno;82.96;Bueno;32;25.42;31.58;63.17;Bueno;136.01;Regular;Bueno;Regular
2026-06-21;11:00;28;32.50;37.33;28.72;Bueno;82.96;Bueno;21;25.50;31.58;63.17;Bueno;136.01;Regular;Bueno;Regular
2026-06-21;12:00;12;32.33;37.33;28.72;Bueno;82.96;Bueno;7;25.21;31.58;63.17;Bueno;136.01;Regular;Bueno;Regular
2026-06-21;13:00;15;32.29;37.33;28.72;Bueno;82.96;Bueno;11;25.25;31.58;63.17;Bueno;136.01;Regular;Bueno;Regular
2026-06-21;14:00;9;31.79;37.33;28.72;Bueno;82.96;Bueno;7;25.12;31.58;63.17;Bueno;136.01;Regular;Bueno;Regular
2026-06-21;15:00;21;32.08;37.33;28.72;Bueno;82.96;Bueno;20;25.67;31.58;63.17;Bueno;136.01;Regular;Bueno;Regular
2026-06-21;16:00;41;32.88;37.33;28.72;Bueno;82.96;Bueno;36;26.88;31.58;63.17;Bueno;136.01;Regular;Bueno;Regular
2026-06-21;17:00;32;33.21;37.33;28.72;Bueno;82.96;Bueno;25;27.38;31.58;63.17;Bueno;136.01;Regular;Bueno;Regular
2026-06-21;18:00;66;34.46;37.33;28.72;Bueno;82.96;Bueno;54;28.75;31.58;63.17;Bueno;136.01;Regular;Bueno;Regular
2026-06-21;19:00;159;38.38;37.33;28.72;Bueno;82.96;Bueno;139;32.21;31.58;63.17;Bueno;136.01;Regular;Bueno;Regular
2026-06-21;20:00;65;36.38;37.33;28.72;Bueno;82.96;Bueno;55;30.54;31.58;63.17;Bueno;136.01;Regular;Bueno;Regular
2026-06-21;21:00;94;37.79;37.33;28.72;Bueno;82.96;Bueno;82;31.83;31.58;63.17;Bueno;136.01;Regular;Bueno;Regular
2026-06-21;22:00;70;38.75;37.33;28.72;Bueno;82.96;Bueno;61;32.75;31.58;63.17;Bueno;136.01;Regular;Bueno;Regular
2026-06-21;23:00;38;37.33;37.33;28.72;Bueno;82.96;Bueno;37;31.58;31.58;63.17;Bueno;136.01;Regular;Bueno;Regular
2026-06-22;00:00;19;36.83;53.75;41.35;Bueno;114.35;Regular;18;31.54;44.79;89.58;Bueno;164.96;Regular;Bueno;Regular
2026-06-22;01:00;32;37.04;53.75;41.35;Bueno;114.35;Regular;30;31.92;44.79;89.58;Bueno;164.96;Regular;Bueno;Regular
2026-06-22;02:00;38;37.75;53.75;41.35;Bueno;114.35;Regular;33;32.71;44.79;89.58;Bueno;164.96;Regular;Bueno;Regular
2026-06-22;03:00;30;38.54;53.75;41.35;Bueno;114.35;Regular;29;33.54;44.79;89.58;Bueno;164.96;Regular;Bueno;Regular
2026-06-22;04:00;15;38.62;53.75;41.35;Bueno;114.35;Regular;13;33.58;44.79;89.58;Bueno;164.96;Regular;Bueno;Regular
2026-06-22;05:00;31;39.42;53.75;41.35;Bueno;114.35;Regular;23;34.12;44.79;89.58;Bueno;164.96;Regular;Bueno;Regular
2026-06-22;06:00;48;40.75;53.75;41.35;Bueno;114.35;Regular;44;35.46;44.79;89.58;Bueno;164.96;Regular;Bueno;Regular
2026-06-22;07:00;46;41.71;53.75;41.35;Bueno;114.35;Regular;26;35.83;44.79;89.58;Bueno;164.96;Regular;Bueno;Regular
2026-06-22;08:00;102;44.75;53.75;41.35;Bueno;114.35;Regular;72;37.67;44.79;89.58;Bueno;164.96;Regular;Bueno;Regular
2026-06-22;09:00;76;46.67;53.75;41.35;Bueno;114.35;Regular;65;39.17;44.79;89.58;Bueno;164.96;Regular;Bueno;Regular
2026-06-22;10:00;47;47.25;53.75;41.35;Bueno;114.35;Regular;43;39.62;44.79;89.58;Bueno;164.96;Regular;Bueno;Regular
2026-06-22;11:00;37;47.62;53.75;41.35;Bueno;114.35;Regular;35;40.21;44.79;89.58;Bueno;164.96;Regular;Bueno;Regular
2026-06-22;12:00;46;49.04;53.75;41.35;Bueno;114.35;Regular;36;41.42;44.79;89.58;Bueno;164.96;Regular;Bueno;Regular
2026-06-22;13:00;36;49.92;53.75;41.35;Bueno;114.35;Regular;35;42.42;44.79;89.58;Bueno;164.96;Regular;Bueno;Regular
2026-06-22;14:00;10;49.96;53.75;41.35;Bueno;114.35;Regular;8;42.46;44.79;89.58;Bueno;164.96;Regular;Bueno;Regular
2026-06-22;15:00;21;49.96;53.75;41.35;Bueno;114.35;Regular;13;42.17;44.79;89.58;Bueno;164.96;Regular;Bueno;Regular
2026-06-22;16:00;37;49.79;53.75;41.35;Bueno;114.35;Regular;26;41.75;44.79;89.58;Bueno;164.96;Regular;Bueno;Regular
2026-06-22;17:00;72;51.46;53.75;41.35;Bueno;114.35;Regular;59;43.17;44.79;89.58;Bueno;164.96;Regular;Bueno;Regular
2026-06-22;18:00;107;53.17;53.75;41.35;Bueno;114.35;Regular;82;44.33;44.79;89.58;Bueno;164.96;Regular;Bueno;Regular
2026-06-22;19:00;105;50.92;53.75;41.35;Bueno;114.35;Regular;90;42.29;44.79;89.58;Bueno;164.96;Regular;Bueno;Regular
2026-06-22;20:00;107;52.67;53.75;41.35;Bueno;114.35;Regular;93;43.88;44.79;89.58;Bueno;164.96;Regular;Bueno;Regular
2026-06-22;21:00;75;51.88;53.75;41.35;Bueno;114.35;Regular;61;43.00;44.79;89.58;Bueno;164.96;Regular;Bueno;Regular
2026-06-22;22:00;66;51.71;53.75;41.35;Bueno;114.35;Regular;61;43.00;44.79;89.58;Bueno;164.96;Regular;Bueno;Regular
2026-06-22;23:00;87;53.75;53.75;41.35;Bueno;114.35;Regular;80;44.79;44.79;89.58;Bueno;164.96;Regular;Bueno;Regular
2026-06-23;00:00;36;54.46;35.50;27.31;Bueno;78.89;Bueno;31;45.33;27.79;55.58;Bueno;127.74;Regular;Bueno;Regular
2026-06-23;01:00;32;54.46;35.50;27.31;Bueno;78.89;Bueno;29;45.29;27.79;55.58;Bueno;127.74;Regular;Bueno;Regular
2026-06-23;02:00;19;53.67;35.50;27.31;Bueno;78.89;Bueno;18;44.67;27.79;55.58;Bueno;127.74;Regular;Bueno;Regular
2026-06-23;03:00;15;53.04;35.50;27.31;Bueno;78.89;Bueno;9;43.83;27.79;55.58;Bueno;127.74;Regular;Bueno;Regular
2026-06-23;04:00;16;53.08;35.50;27.31;Bueno;78.89;Bueno;14;43.88;27.79;55.58;Bueno;127.74;Regular;Bueno;Regular
2026-06-23;05:00;9;52.17;35.50;27.31;Bueno;78.89;Bueno;8;43.25;27.79;55.58;Bueno;127.74;Regular;Bueno;Regular
2026-06-23;06:00;37;51.71;35.50;27.31;Bueno;78.89;Bueno;22;42.33;27.79;55.58;Bueno;127.74;Regular;Bueno;Regular
2026-06-23;07:00;44;51.62;35.50;27.31;Bueno;78.89;Bueno;32;42.58;27.79;55.58;Bueno;127.74;Regular;Bueno;Regular
2026-06-23;08:00;34;48.79;35.50;27.31;Bueno;78.89;Bueno;25;40.62;27.79;55.58;Bueno;127.74;Regular;Bueno;Regular
2026-06-23;09:00;36;47.12;35.50;27.31;Bueno;78.89;Bueno;23;38.88;27.79;55.58;Bueno;127.74;Regular;Bueno;Regular
2026-06-23;10:00;17;45.88;35.50;27.31;Bueno;78.89;Bueno;8;37.42;27.79;55.58;Bueno;127.74;Regular;Bueno;Regular
2026-06-23;11:00;17;45.04;35.50;27.31;Bueno;78.89;Bueno;7;36.25;27.79;55.58;Bueno;127.74;Regular;Bueno;Regular
2026-06-23;12:00;23;44.08;35.50;27.31;Bueno;78.89;Bueno;6;35.00;27.79;55.58;Bueno;127.74;Regular;Bueno;Regular
2026-06-23;13:00;44;44.42;35.50;27.31;Bueno;78.89;Bueno;40;35.21;27.79;55.58;Bueno;127.74;Regular;Bueno;Regular
2026-06-23;14:00;66;46.75;35.50;27.31;Bueno;78.89;Bueno;65;37.58;27.79;55.58;Bueno;127.74;Regular;Bueno;Regular
2026-06-23;15:00;53;48.08;35.50;27.31;Bueno;78.89;Bueno;47;39.00;27.79;55.58;Bueno;127.74;Regular;Bueno;Regular
2026-06-23;16:00;41;48.25;35.50;27.31;Bueno;78.89;Bueno;33;39.29;27.79;55.58;Bueno;127.74;Regular;Bueno;Regular
2026-06-23;17:00;29;46.46;35.50;27.31;Bueno;78.89;Bueno;21;37.71;27.79;55.58;Bueno;127.74;Regular;Bueno;Regular
2026-06-23;18:00;59;44.46;35.50;27.31;Bueno;78.89;Bueno;49;36.33;27.79;55.58;Bueno;127.74;Regular;Bueno;Regular
2026-06-23;19:00;60;42.58;35.50;27.31;Bueno;78.89;Bueno;46;34.50;27.79;55.58;Bueno;127.74;Regular;Bueno;Regular
2026-06-23;20:00;40;39.79;35.50;27.31;Bueno;78.89;Bueno;35;32.08;27.79;55.58;Bueno;127.74;Regular;Bueno;Regular
2026-06-23;21:00;32;38.00;35.50;27.31;Bueno;78.89;Bueno;25;30.58;27.79;55.58;Bueno;127.74;Regular;Bueno;Regular
2026-06-23;22:00;41;36.96;35.50;27.31;Bueno;78.89;Bueno;35;29.50;27.79;55.58;Bueno;127.74;Regular;Bueno;Regular
2026-06-23;23:00;52;35.50;35.50;27.31;Bueno;78.89;Bueno;39;27.79;27.79;55.58;Bueno;127.74;Regular;Bueno;Regular
2026-06-24;00:00;68;36.83;50.75;39.04;Bueno;109.42;Regular;59;28.96;43.17;86.33;Bueno;161.39;Regular;Bueno;Regular
2026-06-24;01:00;86;39.08;50.75;39.04;Bueno;109.42;Regular;82;31.17;43.17;86.33;Bueno;161.39;Regular;Bueno;Regular
2026-06-24;02:00;73;41.33;50.75;39.04;Bueno;109.42;Regular;72;33.42;43.17;86.33;Bueno;161.39;Regular;Bueno;Regular
2026-06-24;03:00;43;42.50;50.75;39.04;Bueno;109.42;Regular;40;34.71;43.17;86.33;Bueno;161.39;Regular;Bueno;Regular
2026-06-24;04:00;31;43.12;50.75;39.04;Bueno;109.42;Regular;27;35.25;43.17;86.33;Bueno;161.39;Regular;Bueno;Regular
2026-06-24;05:00;22;43.67;50.75;39.04;Bueno;109.42;Regular;21;35.79;43.17;86.33;Bueno;161.39;Regular;Bueno;Regular
2026-06-24;06:00;16;42.79;50.75;39.04;Bueno;109.42;Regular;15;35.50;43.17;86.33;Bueno;161.39;Regular;Bueno;Regular
2026-06-24;07:00;21;41.83;50.75;39.04;Bueno;109.42;Regular;17;34.88;43.17;86.33;Bueno;161.39;Regular;Bueno;Regular
2026-06-24;08:00;29;41.62;50.75;39.04;Bueno;109.42;Regular;28;35.00;43.17;86.33;Bueno;161.39;Regular;Bueno;Regular
2026-06-24;09:00;25;41.17;50.75;39.04;Bueno;109.42;Regular;22;34.96;43.17;86.33;Bueno;161.39;Regular;Bueno;Regular
2026-06-24;10:00;24;41.46;50.75;39.04;Bueno;109.42;Regular;23;35.58;43.17;86.33;Bueno;161.39;Regular;Bueno;Regular
2026-06-24;11:00;30;42.00;50.75;39.04;Bueno;109.42;Regular;21;36.17;43.17;86.33;Bueno;161.39;Regular;Bueno;Regular
2026-06-24;12:00;27;42.17;50.75;39.04;Bueno;109.42;Regular;23;36.88;43.17;86.33;Bueno;161.39;Regular;Bueno;Regular
2026-06-24;13:00;17;41.04;50.75;39.04;Bueno;109.42;Regular;16;35.88;43.17;86.33;Bueno;161.39;Regular;Bueno;Regular
2026-06-24;14:00;15;38.92;50.75;39.04;Bueno;109.42;Regular;12;33.67;43.17;86.33;Bueno;161.39;Regular;Bueno;Regular
2026-06-24;15:00;13;37.25;50.75;39.04;Bueno;109.42;Regular;11;32.17;43.17;86.33;Bueno;161.39;Regular;Bueno;Regular
2026-06-24;16:00;16;36.21;50.75;39.04;Bueno;109.42;Regular;11;31.25;43.17;86.33;Bueno;161.39;Regular;Bueno;Regular
2026-06-24;17:00;35;36.46;50.75;39.04;Bueno;109.42;Regular;24;31.38;43.17;86.33;Bueno;161.39;Regular;Bueno;Regular
2026-06-24;18:00;84;37.50;50.75;39.04;Bueno;109.42;Regular;77;32.54;43.17;86.33;Bueno;161.39;Regular;Bueno;Regular
2026-06-24;19:00;114;39.75;50.75;39.04;Bueno;109.42;Regular;85;34.17;43.17;86.33;Bueno;161.39;Regular;Bueno;Regular
2026-06-24;20:00;181;45.62;50.75;39.04;Bueno;109.42;Regular;151;39.00;43.17;86.33;Bueno;161.39;Regular;Bueno;Regular
2026-06-24;21:00;65;47.00;50.75;39.04;Bueno;109.42;Regular;44;39.79;43.17;86.33;Bueno;161.39;Regular;Bueno;Regular
2026-06-24;22:00;101;49.50;50.75;39.04;Bueno;109.42;Regular;86;41.92;43.17;86.33;Bueno;161.39;Regular;Bueno;Regular
2026-06-24;23:00;82;50.75;50.75;39.04;Bueno;109.42;Regular;69;43.17;43.17;86.33;Bueno;161.39;Regular;Bueno;Regular
2026-06-25;00:00;61;50.46;43.08;33.14;Bueno;95.74;Bueno;53;42.92;31.92;63.83;Bueno;136.74;Regular;Bueno;Regular
2026-06-25;01:00;37;48.42;43.08;33.14;Bueno;95.74;Bueno;34;40.92;31.92;63.83;Bueno;136.74;Regular;Bueno;Regular
2026-06-25;02:00;44;47.21;43.08;33.14;Bueno;95.74;Bueno;36;39.42;31.92;63.83;Bueno;136.74;Regular;Bueno;Regular
2026-06-25;03:00;32;46.75;43.08;33.14;Bueno;95.74;Bueno;30;39.00;31.92;63.83;Bueno;136.74;Regular;Bueno;Regular
2026-06-25;04:00;19;46.25;43.08;33.14;Bueno;95.74;Bueno;13;38.42;31.92;63.83;Bueno;136.74;Regular;Bueno;Regular
2026-06-25;05:00;19;46.12;43.08;33.14;Bueno;95.74;Bueno;16;38.21;31.92;63.83;Bueno;136.74;Regular;Bueno;Regular
2026-06-25;06:00;49;47.50;43.08;33.14;Bueno;95.74;Bueno;29;38.79;31.92;63.83;Bueno;136.74;Regular;Bueno;Regular
2026-06-25;07:00;61;49.17;43.08;33.14;Bueno;95.74;Bueno;30;39.33;31.92;63.83;Bueno;136.74;Regular;Bueno;Regular
2026-06-25;08:00;119;52.92;43.08;33.14;Bueno;95.74;Bueno;64;40.83;31.92;63.83;Bueno;136.74;Regular;Bueno;Regular
2026-06-25;09:00;104;56.21;43.08;33.14;Bueno;95.74;Bueno;63;42.54;31.92;63.83;Bueno;136.74;Regular;Bueno;Regular
2026-06-25;10:00;54;57.46;43.08;33.14;Bueno;95.74;Bueno;34;43.00;31.92;63.83;Bueno;136.74;Regular;Bueno;Regular
2026-06-25;11:00;106;60.62;43.08;33.14;Bueno;95.74;Bueno;93;46.00;31.92;63.83;Bueno;136.74;Regular;Bueno;Regular
2026-06-25;12:00;32;60.83;43.08;33.14;Bueno;95.74;Bueno;22;45.96;31.92;63.83;Bueno;136.74;Regular;Bueno;Regular
2026-06-25;13:00;17;60.83;43.08;33.14;Bueno;95.74;Bueno;15;45.92;31.92;63.83;Bueno;136.74;Regular;Bueno;Regular
2026-06-25;14:00;13;60.75;43.08;33.14;Bueno;95.74;Bueno;10;45.83;31.92;63.83;Bueno;136.74;Regular;Bueno;Regular
2026-06-25;15:00;17;60.92;43.08;33.14;Bueno;95.74;Bueno;13;45.92;31.92;63.83;Bueno;136.74;Regular;Bueno;Regular
2026-06-25;16:00;25;61.29;43.08;33.14;Bueno;95.74;Bueno;18;46.21;31.92;63.83;Bueno;136.74;Regular;Bueno;Regular
2026-06-25;17:00;43;61.62;43.08;33.14;Bueno;95.74;Bueno;29;46.42;31.92;63.83;Bueno;136.74;Regular;Bueno;Regular
2026-06-25;18:00;30;59.38;43.08;33.14;Bueno;95.74;Bueno;25;44.25;31.92;63.83;Bueno;136.74;Regular;Bueno;Regular
2026-06-25;19:00;43;56.42;43.08;33.14;Bueno;95.74;Bueno;38;42.29;31.92;63.83;Bueno;136.74;Regular;Bueno;Regular
2026-06-25;20:00;40;50.54;43.08;33.14;Bueno;95.74;Bueno;38;37.58;31.92;63.83;Bueno;136.74;Regular;Bueno;Regular
2026-06-25;21:00;29;49.04;43.08;33.14;Bueno;95.74;Bueno;25;36.79;31.92;63.83;Bueno;136.74;Regular;Bueno;Regular
2026-06-25;22:00;19;45.62;43.08;33.14;Bueno;95.74;Bueno;18;33.96;31.92;63.83;Bueno;136.74;Regular;Bueno;Regular
2026-06-25;23:00;21;43.08;43.08;33.14;Bueno;95.74;Bueno;20;31.92;31.92;63.83;Bueno;136.74;Regular;Bueno;Regular
2026-06-26;00:00;18;41.29;64.83;49.87;Bueno;132.59;Regular;14;30.29;50.21;100.69;Regular;176.91;Regular;Regular;Regular
2026-06-26;01:00;20;40.58;64.83;49.87;Bueno;132.59;Regular;18;29.62;50.21;100.69;Regular;176.91;Regular;Regular;Regular
2026-06-26;02:00;21;39.62;64.83;49.87;Bueno;132.59;Regular;16;28.79;50.21;100.69;Regular;176.91;Regular;Regular;Regular
2026-06-26;03:00;21;39.17;64.83;49.87;Bueno;132.59;Regular;12;28.04;50.21;100.69;Regular;176.91;Regular;Regular;Regular
2026-06-26;04:00;18;39.12;64.83;49.87;Bueno;132.59;Regular;9;27.88;50.21;100.69;Regular;176.91;Regular;Regular;Regular
2026-06-26;05:00;23;39.29;64.83;49.87;Bueno;132.59;Regular;13;27.75;50.21;100.69;Regular;176.91;Regular;Regular;Regular
2026-06-26;06:00;35;38.71;64.83;49.87;Bueno;132.59;Regular;25;27.58;50.21;100.69;Regular;176.91;Regular;Regular;Regular
2026-06-26;07:00;40;37.83;64.83;49.87;Bueno;132.59;Regular;23;27.29;50.21;100.69;Regular;176.91;Regular;Regular;Regular
2026-06-26;08:00;37;34.42;64.83;49.87;Bueno;132.59;Regular;28;25.79;50.21;100.69;Regular;176.91;Regular;Regular;Regular
2026-06-26;09:00;42;31.83;64.83;49.87;Bueno;132.59;Regular;32;24.50;50.21;100.69;Regular;176.91;Regular;Regular;Regular
2026-06-26;10:00;49;31.62;64.83;49.87;Bueno;132.59;Regular;32;24.42;50.21;100.69;Regular;176.91;Regular;Regular;Regular
2026-06-26;11:00;39;28.83;64.83;49.87;Bueno;132.59;Regular;19;21.33;50.21;100.69;Regular;176.91;Regular;Regular;Regular
2026-06-26;12:00;42;29.25;64.83;49.87;Bueno;132.59;Regular;24;21.42;50.21;100.69;Regular;176.91;Regular;Regular;Regular
2026-06-26;13:00;43;30.33;64.83;49.87;Bueno;132.59;Regular;29;22.00;50.21;100.69;Regular;176.91;Regular;Regular;Regular
2026-06-26;14:00;38;31.38;64.83;49.87;Bueno;132.59;Regular;21;22.46;50.21;100.69;Regular;176.91;Regular;Regular;Regular
2026-06-26;15:00;34;32.08;64.83;49.87;Bueno;132.59;Regular;18;22.67;50.21;100.69;Regular;176.91;Regular;Regular;Regular
2026-06-26;16:00;40;32.71;64.83;49.87;Bueno;132.59;Regular;21;22.79;50.21;100.69;Regular;176.91;Regular;Regular;Regular
2026-06-26;17:00;57;33.29;64.83;49.87;Bueno;132.59;Regular;35;23.04;50.21;100.69;Regular;176.91;Regular;Regular;Regular
2026-06-26;18:00;77;35.25;64.83;49.87;Bueno;132.59;Regular;49;24.04;50.21;100.69;Regular;176.91;Regular;Regular;Regular
2026-06-26;19:00;79;36.75;64.83;49.87;Bueno;132.59;Regular;63;25.08;50.21;100.69;Regular;176.91;Regular;Regular;Regular
2026-06-26;20:00;95;39.04;64.83;49.87;Bueno;132.59;Regular;82;26.92;50.21;100.69;Regular;176.91;Regular;Regular;Regular
2026-06-26;21:00;59;40.29;64.83;49.87;Bueno;132.59;Regular;49;27.92;50.21;100.69;Regular;176.91;Regular;Regular;Regular
2026-06-26;22:00;240;49.50;64.83;49.87;Bueno;132.59;Regular;226;36.58;50.21;100.69;Regular;176.91;Regular;Regular;Regular
2026-06-26;23:00;389;64.83;64.83;49.87;Bueno;132.59;Regular;347;50.21;50.21;100.69;Regular;176.91;Regular;Regular;Regular
2026-06-27;00:00;479;84.04;78.79;60.61;Bueno;155.69;Regular;478;69.54;68.33;161.11;Regular;217.19;Alerta;Regular;Alerta
2026-06-27;01:00;378;98.96;78.79;60.61;Bueno;155.69;Regular;377;84.50;68.33;161.11;Regular;217.19;Alerta;Regular;Alerta
2026-06-27;02:00;61;100.62;78.79;60.61;Bueno;155.69;Regular;60;86.33;68.33;161.11;Regular;217.19;Alerta;Regular;Alerta
2026-06-27;03:00;43;101.54;78.79;60.61;Bueno;155.69;Regular;42;87.58;68.33;161.11;Regular;217.19;Alerta;Regular;Alerta
2026-06-27;04:00;36;102.29;78.79;60.61;Bueno;155.69;Regular;31;88.50;68.33;161.11;Regular;217.19;Alerta;Regular;Alerta
2026-06-27;05:00;20;102.17;78.79;60.61;Bueno;155.69;Regular;16;88.62;68.33;161.11;Regular;217.19;Alerta;Regular;Alerta
2026-06-27;06:00;18;101.46;78.79;60.61;Bueno;155.69;Regular;13;88.12;68.33;161.11;Regular;217.19;Alerta;Regular;Alerta
2026-06-27;07:00;23;100.75;78.79;60.61;Bueno;155.69;Regular;16;87.83;68.33;161.11;Regular;217.19;Alerta;Regular;Alerta
2026-06-27;08:00;17;99.92;78.79;60.61;Bueno;155.69;Regular;5;86.88;68.33;161.11;Regular;217.19;Alerta;Regular;Alerta
2026-06-27;09:00;17;98.88;78.79;60.61;Bueno;155.69;Regular;12;86.04;68.33;161.11;Regular;217.19;Alerta;Regular;Alerta
2026-06-27;10:00;17;97.54;78.79;60.61;Bueno;155.69;Regular;15;85.33;68.33;161.11;Regular;217.19;Alerta;Regular;Alerta
2026-06-27;11:00;19;96.71;78.79;60.61;Bueno;155.69;Regular;12;85.04;68.33;161.11;Regular;217.19;Alerta;Regular;Alerta
2026-06-27;12:00;22;95.88;78.79;60.61;Bueno;155.69;Regular;13;84.58;68.33;161.11;Regular;217.19;Alerta;Regular;Alerta
2026-06-27;13:00;19;94.88;78.79;60.61;Bueno;155.69;Regular;14;83.96;68.33;161.11;Regular;217.19;Alerta;Regular;Alerta
2026-06-27;14:00;19;94.08;78.79;60.61;Bueno;155.69;Regular;12;83.58;68.33;161.11;Regular;217.19;Alerta;Regular;Alerta
2026-06-27;15:00;30;93.92;78.79;60.61;Bueno;155.69;Regular;16;83.50;68.33;161.11;Regular;217.19;Alerta;Regular;Alerta
2026-06-27;16:00;22;93.17;78.79;60.61;Bueno;155.69;Regular;11;83.08;68.33;161.11;Regular;217.19;Alerta;Regular;Alerta
2026-06-27;17:00;42;92.54;78.79;60.61;Bueno;155.69;Regular;26;82.71;68.33;161.11;Regular;217.19;Alerta;Regular;Alerta
2026-06-27;18:00;64;92.00;78.79;60.61;Bueno;155.69;Regular;46;82.58;68.33;161.11;Regular;217.19;Alerta;Regular;Alerta
2026-06-27;19:00;96;92.71;78.79;60.61;Bueno;155.69;Regular;57;82.33;68.33;161.11;Regular;217.19;Alerta;Regular;Alerta
2026-06-27;20:00;59;91.21;78.79;60.61;Bueno;155.69;Regular;42;80.67;68.33;161.11;Regular;217.19;Alerta;Regular;Alerta
2026-06-27;21:00;78;92.00;78.79;60.61;Bueno;155.69;Regular;54;80.88;68.33;161.11;Regular;217.19;Alerta;Regular;Alerta
2026-06-27;22:00;219;91.12;78.79;60.61;Bueno;155.69;Regular;189;79.33;68.33;161.11;Regular;217.19;Alerta;Regular;Alerta
2026-06-27;23:00;93;78.79;78.79;60.61;Bueno;155.69;Regular;83;68.33;68.33;161.11;Regular;217.19;Alerta;Regular;Alerta
2026-06-28;00:00;105;63.21;36.71;28.24;Bueno;81.57;Bueno;96;52.42;30.33;60.67;Bueno;133.28;Regular;Bueno;Regular
2026-06-28;01:00;115;52.25;36.71;28.24;Bueno;81.57;Bueno;113;41.42;30.33;60.67;Bueno;133.28;Regular;Bueno;Regular
2026-06-28;02:00;112;54.38;36.71;28.24;Bueno;81.57;Bueno;111;43.54;30.33;60.67;Bueno;133.28;Regular;Bueno;Regular
2026-06-28;03:00;30;53.83;36.71;28.24;Bueno;81.57;Bueno;21;42.67;30.33;60.67;Bueno;133.28;Regular;Bueno;Regular
2026-06-28;04:00;22;53.25;36.71;28.24;Bueno;81.57;Bueno;21;42.25;30.33;60.67;Bueno;133.28;Regular;Bueno;Regular
2026-06-28;05:00;19;53.21;36.71;28.24;Bueno;81.57;Bueno;13;42.12;30.33;60.67;Bueno;133.28;Regular;Bueno;Regular
2026-06-28;06:00;22;53.38;36.71;28.24;Bueno;81.57;Bueno;19;42.38;30.33;60.67;Bueno;133.28;Regular;Bueno;Regular
2026-06-28;07:00;23;53.38;36.71;28.24;Bueno;81.57;Bueno;18;42.46;30.33;60.67;Bueno;133.28;Regular;Bueno;Regular
2026-06-28;08:00;19;53.46;36.71;28.24;Bueno;81.57;Bueno;18;43.00;30.33;60.67;Bueno;133.28;Regular;Bueno;Regular
2026-06-28;09:00;33;54.12;36.71;28.24;Bueno;81.57;Bueno;24;43.50;30.33;60.67;Bueno;133.28;Regular;Bueno;Regular
2026-06-28;10:00;23;54.38;36.71;28.24;Bueno;81.57;Bueno;12;43.38;30.33;60.67;Bueno;133.28;Regular;Bueno;Regular
2026-06-28;11:00;17;54.29;36.71;28.24;Bueno;81.57;Bueno;15;43.50;30.33;60.67;Bueno;133.28;Regular;Bueno;Regular
2026-06-28;12:00;18;54.12;36.71;28.24;Bueno;81.57;Bueno;11;43.42;30.33;60.67;Bueno;133.28;Regular;Bueno;Regular
2026-06-28;13:00;21;54.21;36.71;28.24;Bueno;81.57;Bueno;9;43.21;30.33;60.67;Bueno;133.28;Regular;Bueno;Regular
2026-06-28;14:00;20;54.25;36.71;28.24;Bueno;81.57;Bueno;11;43.17;30.33;60.67;Bueno;133.28;Regular;Bueno;Regular
2026-06-28;15:00;26;54.08;36.71;28.24;Bueno;81.57;Bueno;15;43.12;30.33;60.67;Bueno;133.28;Regular;Bueno;Regular
2026-06-28;16:00;25;54.21;36.71;28.24;Bueno;81.57;Bueno;17;43.38;30.33;60.67;Bueno;133.28;Regular;Bueno;Regular
2026-06-28;17:00;50;54.54;36.71;28.24;Bueno;81.57;Bueno;30;43.54;30.33;60.67;Bueno;133.28;Regular;Bueno;Regular
2026-06-28;18:00;31;53.17;36.71;28.24;Bueno;81.57;Bueno;20;42.46;30.33;60.67;Bueno;133.28;Regular;Bueno;Regular
2026-06-28;19:00;42;50.92;36.71;28.24;Bueno;81.57;Bueno;36;41.58;30.33;60.67;Bueno;133.28;Regular;Bueno;Regular
2026-06-28;20:00;22;49.38;36.71;28.24;Bueno;81.57;Bueno;21;40.71;30.33;60.67;Bueno;133.28;Regular;Bueno;Regular
2026-06-28;21:00;27;47.25;36.71;28.24;Bueno;81.57;Bueno;25;39.50;30.33;60.67;Bueno;133.28;Regular;Bueno;Regular
2026-06-28;22:00;30;39.38;36.71;28.24;Bueno;81.57;Bueno;24;32.62;30.33;60.67;Bueno;133.28;Regular;Bueno;Regular
2026-06-28;23:00;29;36.71;36.71;28.24;Bueno;81.57;Bueno;28;30.33;30.33;60.67;Bueno;133.28;Regular;Bueno;Regular
2026-06-29;00:00;19;33.12;18.12;13.94;Bueno;40.28;Bueno;18;27.08;14.42;28.83;Bueno;96.11;Bueno;Bueno;Bueno
2026-06-29;01:00;16;29.00;18.12;13.94;Bueno;40.28;Bueno;15;23.00;14.42;28.83;Bueno;96.11;Bueno;Bueno;Bueno
2026-06-29;02:00;11;24.79;18.12;13.94;Bueno;40.28;Bueno;9;18.75;14.42;28.83;Bueno;96.11;Bueno;Bueno;Bueno
2026-06-29;03:00;16;24.21;18.12;13.94;Bueno;40.28;Bueno;9;18.25;14.42;28.83;Bueno;96.11;Bueno;Bueno;Bueno
2026-06-29;04:00;11;23.75;18.12;13.94;Bueno;40.28;Bueno;10;17.79;14.42;28.83;Bueno;96.11;Bueno;Bueno;Bueno
2026-06-29;05:00;13;23.50;18.12;13.94;Bueno;40.28;Bueno;10;17.67;14.42;28.83;Bueno;96.11;Bueno;Bueno;Bueno
2026-06-29;06:00;8;22.92;18.12;13.94;Bueno;40.28;Bueno;7;17.17;14.42;28.83;Bueno;96.11;Bueno;Bueno;Bueno
2026-06-29;07:00;9;22.33;18.12;13.94;Bueno;40.28;Bueno;8;16.75;14.42;28.83;Bueno;96.11;Bueno;Bueno;Bueno
2026-06-29;08:00;10;21.96;18.12;13.94;Bueno;40.28;Bueno;9;16.38;14.42;28.83;Bueno;96.11;Bueno;Bueno;Bueno
2026-06-29;09:00;13;21.12;18.12;13.94;Bueno;40.28;Bueno;10;15.79;14.42;28.83;Bueno;96.11;Bueno;Bueno;Bueno
2026-06-29;10:00;13;20.71;18.12;13.94;Bueno;40.28;Bueno;10;15.71;14.42;28.83;Bueno;96.11;Bueno;Bueno;Bueno
2026-06-29;11:00;14;20.58;18.12;13.94;Bueno;40.28;Bueno;7;15.38;14.42;28.83;Bueno;96.11;Bueno;Bueno;Bueno
2026-06-29;12:00;15;20.46;18.12;13.94;Bueno;40.28;Bueno;4;15.08;14.42;28.83;Bueno;96.11;Bueno;Bueno;Bueno
2026-06-29;13:00;12;20.08;18.12;13.94;Bueno;40.28;Bueno;5;14.92;14.42;28.83;Bueno;96.11;Bueno;Bueno;Bueno
2026-06-29;14:00;56;21.58;18.12;13.94;Bueno;40.28;Bueno;52;16.62;14.42;28.83;Bueno;96.11;Bueno;Bueno;Bueno
2026-06-29;15:00;26;21.58;18.12;13.94;Bueno;40.28;Bueno;22;16.92;14.42;28.83;Bueno;96.11;Bueno;Bueno;Bueno
2026-06-29;16:00;21;21.42;18.12;13.94;Bueno;40.28;Bueno;15;16.83;14.42;28.83;Bueno;96.11;Bueno;Bueno;Bueno
2026-06-29;17:00;16;20.00;18.12;13.94;Bueno;40.28;Bueno;15;16.21;14.42;28.83;Bueno;96.11;Bueno;Bueno;Bueno
2026-06-29;18:00;22;19.62;18.12;13.94;Bueno;40.28;Bueno;21;16.25;14.42;28.83;Bueno;96.11;Bueno;Bueno;Bueno
2026-06-29;19:00;24;18.88;18.12;13.94;Bueno;40.28;Bueno;15;15.38;14.42;28.83;Bueno;96.11;Bueno;Bueno;Bueno
2026-06-29;20:00;24;18.96;18.12;13.94;Bueno;40.28;Bueno;21;15.38;14.42;28.83;Bueno;96.11;Bueno;Bueno;Bueno
2026-06-29;21:00;25;18.88;18.12;13.94;Bueno;40.28;Bueno;22;15.25;14.42;28.83;Bueno;96.11;Bueno;Bueno;Bueno
2026-06-29;22:00;23;18.58;18.12;13.94;Bueno;40.28;Bueno;16;14.92;14.42;28.83;Bueno;96.11;Bueno;Bueno;Bueno
2026-06-29;23:00;18;18.12;18.12;13.94;Bueno;40.28;Bueno;16;14.42;14.42;28.83;Bueno;96.11;Bueno;Bueno;Bueno
2026-06-30;00:00;16;18.00;38.54;29.65;Bueno;85.65;Bueno;13;14.21;28.67;57.33;Bueno;129.65;Regular;Bueno;Regular
2026-06-30;01:00;15;17.96;38.54;29.65;Bueno;85.65;Bueno;12;14.08;28.67;57.33;Bueno;129.65;Regular;Bueno;Regular
2026-06-30;02:00;15;18.12;38.54;29.65;Bueno;85.65;Bueno;14;14.29;28.67;57.33;Bueno;129.65;Regular;Bueno;Regular
2026-06-30;03:00;30;18.71;38.54;29.65;Bueno;85.65;Bueno;29;15.12;28.67;57.33;Bueno;129.65;Regular;Bueno;Regular
2026-06-30;04:00;12;18.75;38.54;29.65;Bueno;85.65;Bueno;11;15.17;28.67;57.33;Bueno;129.65;Regular;Bueno;Regular
2026-06-30;05:00;8;18.54;38.54;29.65;Bueno;85.65;Bueno;7;15.04;28.67;57.33;Bueno;129.65;Regular;Bueno;Regular
2026-06-30;06:00;26;19.29;38.54;29.65;Bueno;85.65;Bueno;9;15.12;28.67;57.33;Bueno;129.65;Regular;Bueno;Regular
2026-06-30;07:00;106;23.33;38.54;29.65;Bueno;85.65;Bueno;49;16.83;28.67;57.33;Bueno;129.65;Regular;Bueno;Regular
2026-06-30;08:00;171;30.04;38.54;29.65;Bueno;85.65;Bueno;104;20.79;28.67;57.33;Bueno;129.65;Regular;Bueno;Regular
2026-06-30;09:00;65;32.21;38.54;29.65;Bueno;85.65;Bueno;44;22.21;28.67;57.33;Bueno;129.65;Regular;Bueno;Regular
2026-06-30;10:00;41;33.38;38.54;29.65;Bueno;85.65;Bueno;36;23.29;28.67;57.33;Bueno;129.65;Regular;Bueno;Regular
2026-06-30;11:00;30;34.04;38.54;29.65;Bueno;85.65;Bueno;21;23.88;28.67;57.33;Bueno;129.65;Regular;Bueno;Regular
2026-06-30;12:00;33;34.79;38.54;29.65;Bueno;85.65;Bueno;25;24.75;28.67;57.33;Bueno;129.65;Regular;Bueno;Regular
2026-06-30;13:00;18;35.04;38.54;29.65;Bueno;85.65;Bueno;14;25.12;28.67;57.33;Bueno;129.65;Regular;Bueno;Regular
2026-06-30;14:00;16;33.38;38.54;29.65;Bueno;85.65;Bueno;11;23.42;28.67;57.33;Bueno;129.65;Regular;Bueno;Regular
2026-06-30;15:00;16;32.96;38.54;29.65;Bueno;85.65;Bueno;10;22.92;28.67;57.33;Bueno;129.65;Regular;Bueno;Regular
2026-06-30;16:00;23;33.04;38.54;29.65;Bueno;85.65;Bueno;9;22.67;28.67;57.33;Bueno;129.65;Regular;Bueno;Regular
2026-06-30;17:00;33;33.75;38.54;29.65;Bueno;85.65;Bueno;32;23.38;28.67;57.33;Bueno;129.65;Regular;Bueno;Regular
2026-06-30;18:00;35;34.29;38.54;29.65;Bueno;85.65;Bueno;27;23.62;28.67;57.33;Bueno;129.65;Regular;Bueno;Regular
2026-06-30;19:00;48;35.29;38.54;29.65;Bueno;85.65;Bueno;47;24.96;28.67;57.33;Bueno;129.65;Regular;Bueno;Regular
2026-06-30;20:00;41;36.00;38.54;29.65;Bueno;85.65;Bueno;40;25.75;28.67;57.33;Bueno;129.65;Regular;Bueno;Regular
2026-06-30;21:00;50;37.04;38.54;29.65;Bueno;85.65;Bueno;49;26.88;28.67;57.33;Bueno;129.65;Regular;Bueno;Regular
2026-06-30;22:00;53;38.29;38.54;29.65;Bueno;85.65;Bueno;52;28.38;28.67;57.33;Bueno;129.65;Regular;Bueno;Regular
2026-06-30;23:00;24;38.54;38.54;29.65;Bueno;85.65;Bueno;23;28.67;28.67;57.33;Bueno;129.65;Regular;Bueno;Regular
2026-07-01;00:00;12;38.38;74.12;57.02;Bueno;147.95;Regular;11;28.58;50.00;100.00;Regular;176.45;Regular;Regular;Regular
2026-07-01;01:00;10;38.17;74.12;57.02;Bueno;147.95;Regular;9;28.46;50.00;100.00;Regular;176.45;Regular;Regular;Regular
2026-07-01;02:00;20;38.38;74.12;57.02;Bueno;147.95;Regular;19;28.67;50.00;100.00;Regular;176.45;Regular;Regular;Regular
2026-07-01;03:00;10;37.54;74.12;57.02;Bueno;147.95;Regular;1;27.50;50.00;100.00;Regular;176.45;Regular;Regular;Regular
2026-07-01;04:00;9;37.42;74.12;57.02;Bueno;147.95;Regular;8;27.38;50.00;100.00;Regular;176.45;Regular;Regular;Regular
2026-07-01;05:00;10;37.50;74.12;57.02;Bueno;147.95;Regular;8;27.42;50.00;100.00;Regular;176.45;Regular;Regular;Regular
2026-07-01;06:00;17;37.12;74.12;57.02;Bueno;147.95;Regular;11;27.50;50.00;100.00;Regular;176.45;Regular;Regular;Regular
2026-07-01;07:00;18;33.46;74.12;57.02;Bueno;147.95;Regular;6;25.71;50.00;100.00;Regular;176.45;Regular;Regular;Regular
2026-07-01;08:00;26;27.42;74.12;57.02;Bueno;147.95;Regular;2;21.46;50.00;100.00;Regular;176.45;Regular;Regular;Regular
2026-07-01;09:00;38;26.29;74.12;57.02;Bueno;147.95;Regular;5;19.83;50.00;100.00;Regular;176.45;Regular;Regular;Regular
2026-07-01;10:00;37;26.12;74.12;57.02;Bueno;147.95;Regular;6;18.58;50.00;100.00;Regular;176.45;Regular;Regular;Regular
2026-07-01;11:00;40;26.54;74.12;57.02;Bueno;147.95;Regular;4;17.88;50.00;100.00;Regular;176.45;Regular;Regular;Regular
2026-07-01;12:00;42;26.92;74.12;57.02;Bueno;147.95;Regular;4;17.00;50.00;100.00;Regular;176.45;Regular;Regular;Regular
2026-07-01;13:00;112;30.83;74.12;57.02;Bueno;147.95;Regular;5;16.62;50.00;100.00;Regular;176.45;Regular;Regular;Regular
2026-07-01;14:00;155;36.62;74.12;57.02;Bueno;147.95;Regular;15;16.79;50.00;100.00;Regular;176.45;Regular;Regular;Regular
2026-07-01;15:00;43;37.75;74.12;57.02;Bueno;147.95;Regular;16;17.04;50.00;100.00;Regular;176.45;Regular;Regular;Regular
2026-07-01;16:00;27;37.92;74.12;57.02;Bueno;147.95;Regular;17;17.38;50.00;100.00;Regular;176.45;Regular;Regular;Regular
2026-07-01;17:00;30;37.79;74.12;57.02;Bueno;147.95;Regular;26;17.12;50.00;100.00;Regular;176.45;Regular;Regular;Regular
2026-07-01;18:00;46;38.25;74.12;57.02;Bueno;147.95;Regular;39;17.62;50.00;100.00;Regular;176.45;Regular;Regular;Regular
2026-07-01;19:00;138;42.00;74.12;57.02;Bueno;147.95;Regular;131;21.12;50.00;100.00;Regular;176.45;Regular;Regular;Regular
2026-07-01;20:00;169;47.33;74.12;57.02;Bueno;147.95;Regular;153;25.83;50.00;100.00;Regular;176.45;Regular;Regular;Regular
2026-07-01;21:00;445;63.79;74.12;57.02;Bueno;147.95;Regular;409;40.83;50.00;100.00;Regular;176.45;Regular;Regular;Regular
2026-07-01;22:00;178;69.00;74.12;57.02;Bueno;147.95;Regular;150;44.92;50.00;100.00;Regular;176.45;Regular;Regular;Regular
2026-07-01;23:00;147;74.12;74.12;57.02;Bueno;147.95;Regular;145;50.00;50.00;100.00;Regular;176.45;Regular;Regular;Regular
2026-07-02;00:00;138;79.38;187.04;214.08;Alerta;339.36;Preemergencia;137;55.25;168.25;494.17;Preemergencia;447.96;Preemergencia;Preemergencia;Preemergencia
2026-07-02;01:00;87;82.58;187.04;214.08;Alerta;339.36;Preemergencia;86;58.46;168.25;494.17;Preemergencia;447.96;Preemergencia;Preemergencia;Preemergencia
2026-07-02;02:00;36;83.25;187.04;214.08;Alerta;339.36;Preemergencia;35;59.12;168.25;494.17;Preemergencia;447.96;Preemergencia;Preemergencia;Preemergencia
2026-07-02;03:00;23;83.79;187.04;214.08;Alerta;339.36;Preemergencia;22;60.00;168.25;494.17;Preemergencia;447.96;Preemergencia;Preemergencia;Preemergencia
2026-07-02;04:00;22;84.33;187.04;214.08;Alerta;339.36;Preemergencia;21;60.54;168.25;494.17;Preemergencia;447.96;Preemergencia;Preemergencia;Preemergencia
2026-07-02;05:00;18;84.67;187.04;214.08;Alerta;339.36;Preemergencia;14;60.79;168.25;494.17;Preemergencia;447.96;Preemergencia;Preemergencia;Preemergencia
2026-07-02;06:00;17;84.67;187.04;214.08;Alerta;339.36;Preemergencia;16;61.00;168.25;494.17;Preemergencia;447.96;Preemergencia;Preemergencia;Preemergencia
2026-07-02;07:00;20;84.75;187.04;214.08;Alerta;339.36;Preemergencia;19;61.54;168.25;494.17;Preemergencia;447.96;Preemergencia;Preemergencia;Preemergencia
2026-07-02;08:00;21;84.54;187.04;214.08;Alerta;339.36;Preemergencia;20;62.29;168.25;494.17;Preemergencia;447.96;Preemergencia;Preemergencia;Preemergencia
2026-07-02;09:00;34;84.38;187.04;214.08;Alerta;339.36;Preemergencia;32;63.42;168.25;494.17;Preemergencia;447.96;Preemergencia;Preemergencia;Preemergencia
2026-07-02;10:00;51;84.96;187.04;214.08;Alerta;339.36;Preemergencia;47;65.12;168.25;494.17;Preemergencia;447.96;Preemergencia;Preemergencia;Preemergencia
2026-07-02;11:00;77;86.50;187.04;214.08;Alerta;339.36;Preemergencia;71;67.92;168.25;494.17;Preemergencia;447.96;Preemergencia;Preemergencia;Preemergencia
2026-07-02;12:00;80;88.08;187.04;214.08;Alerta;339.36;Preemergencia;74;70.83;168.25;494.17;Preemergencia;447.96;Preemergencia;Preemergencia;Preemergencia
2026-07-02;13:00;52;85.58;187.04;214.08;Alerta;339.36;Preemergencia;48;72.62;168.25;494.17;Preemergencia;447.96;Preemergencia;Preemergencia;Preemergencia
2026-07-02;14:00;31;80.42;187.04;214.08;Alerta;339.36;Preemergencia;23;72.96;168.25;494.17;Preemergencia;447.96;Preemergencia;Preemergencia;Preemergencia
2026-07-02;15:00;39;80.25;187.04;214.08;Alerta;339.36;Preemergencia;24;73.29;168.25;494.17;Preemergencia;447.96;Preemergencia;Preemergencia;Preemergencia
2026-07-02;16:00;46;81.04;187.04;214.08;Alerta;339.36;Preemergencia;32;73.92;168.25;494.17;Preemergencia;447.96;Preemergencia;Preemergencia;Preemergencia
2026-07-02;17:00;75;82.92;187.04;214.08;Alerta;339.36;Preemergencia;50;74.92;168.25;494.17;Preemergencia;447.96;Preemergencia;Preemergencia;Preemergencia
2026-07-02;18:00;359;95.96;187.04;214.08;Alerta;339.36;Preemergencia;295;85.58;168.25;494.17;Preemergencia;447.96;Preemergencia;Preemergencia;Preemergencia
2026-07-02;19:00;611;115.67;187.04;214.08;Alerta;339.36;Preemergencia;543;102.75;168.25;494.17;Preemergencia;447.96;Preemergencia;Preemergencia;Preemergencia
2026-07-02;20:00;548;131.46;187.04;214.08;Alerta;339.36;Preemergencia;450;115.12;168.25;494.17;Preemergencia;447.96;Preemergencia;Preemergencia;Preemergencia
2026-07-02;21:00;1038;156.17;187.04;214.08;Alerta;339.36;Preemergencia;995;139.54;168.25;494.17;Preemergencia;447.96;Preemergencia;Preemergencia;Preemergencia
2026-07-02;22:00;673;176.79;187.04;214.08;Alerta;339.36;Preemergencia;617;159.00;168.25;494.17;Preemergencia;447.96;Preemergencia;Preemergencia;Preemergencia
2026-07-02;23:00;393;187.04;187.04;214.08;Alerta;339.36;Preemergencia;367;168.25;168.25;494.17;Preemergencia;447.96;Preemergencia;Preemergencia;Preemergencia
2026-07-03;00:00;248;191.62;183.92;207.83;Alerta;333.94;Preemergencia;240;172.54;170.88;502.92;Emergencia;454.22;Preemergencia;Emergencia;Preemergencia
2026-07-03;01:00;266;199.08;183.92;207.83;Alerta;333.94;Preemergencia;260;179.79;170.88;502.92;Emergencia;454.22;Preemergencia;Emergencia;Preemergencia
2026-07-03;02:00;300;210.08;183.92;207.83;Alerta;333.94;Preemergencia;299;190.79;170.88;502.92;Emergencia;454.22;Preemergencia;Emergencia;Preemergencia
2026-07-03;03:00;256;219.79;183.92;207.83;Alerta;333.94;Preemergencia;255;200.50;170.88;502.92;Emergencia;454.22;Preemergencia;Emergencia;Preemergencia
2026-07-03;04:00;225;228.25;183.92;207.83;Alerta;333.94;Preemergencia;224;208.96;170.88;502.92;Emergencia;454.22;Preemergencia;Emergencia;Preemergencia
2026-07-03;05:00;128;232.83;183.92;207.83;Alerta;333.94;Preemergencia;127;213.67;170.88;502.92;Emergencia;454.22;Preemergencia;Emergencia;Preemergencia
2026-07-03;06:00;171;239.25;183.92;207.83;Alerta;333.94;Preemergencia;170;220.08;170.88;502.92;Emergencia;454.22;Preemergencia;Emergencia;Preemergencia
2026-07-03;07:00;187;246.21;183.92;207.83;Alerta;333.94;Preemergencia;186;227.04;170.88;502.92;Emergencia;454.22;Preemergencia;Emergencia;Preemergencia
2026-07-03;08:00;162;252.08;183.92;207.83;Alerta;333.94;Preemergencia;161;232.92;170.88;502.92;Emergencia;454.22;Preemergencia;Emergencia;Preemergencia
2026-07-03;09:00;228;260.17;183.92;207.83;Alerta;333.94;Preemergencia;227;241.04;170.88;502.92;Emergencia;454.22;Preemergencia;Emergencia;Preemergencia
2026-07-03;10:00;164;264.88;183.92;207.83;Alerta;333.94;Preemergencia;143;245.04;170.88;502.92;Emergencia;454.22;Preemergencia;Emergencia;Preemergencia
2026-07-03;11:00;176;269.00;183.92;207.83;Alerta;333.94;Preemergencia;171;249.21;170.88;502.92;Emergencia;454.22;Preemergencia;Emergencia;Preemergencia
2026-07-03;12:00;110;270.25;183.92;207.83;Alerta;333.94;Preemergencia;105;250.50;170.88;502.92;Emergencia;454.22;Preemergencia;Emergencia;Preemergencia
2026-07-03;13:00;100;272.25;183.92;207.83;Alerta;333.94;Preemergencia;96;252.50;170.88;502.92;Emergencia;454.22;Preemergencia;Emergencia;Preemergencia
2026-07-03;14:00;63;273.58;183.92;207.83;Alerta;333.94;Preemergencia;51;253.67;170.88;502.92;Emergencia;454.22;Preemergencia;Emergencia;Preemergencia
2026-07-03;15:00;51;274.08;183.92;207.83;Alerta;333.94;Preemergencia;39;254.29;170.88;502.92;Emergencia;454.22;Preemergencia;Emergencia;Preemergencia
2026-07-03;16:00;61;274.71;183.92;207.83;Alerta;333.94;Preemergencia;44;254.79;170.88;502.92;Emergencia;454.22;Preemergencia;Emergencia;Preemergencia
2026-07-03;17:00;87;275.21;183.92;207.83;Alerta;333.94;Preemergencia;63;255.33;170.88;502.92;Emergencia;454.22;Preemergencia;Emergencia;Preemergencia
2026-07-03;18:00;306;273.00;183.92;207.83;Alerta;333.94;Preemergencia;259;253.83;170.88;502.92;Emergencia;454.22;Preemergencia;Emergencia;Preemergencia
2026-07-03;19:00;269;258.75;183.92;207.83;Alerta;333.94;Preemergencia;226;240.62;170.88;502.92;Emergencia;454.22;Preemergencia;Emergencia;Preemergencia
2026-07-03;20:00;255;246.54;183.92;207.83;Alerta;333.94;Preemergencia;210;230.62;170.88;502.92;Emergencia;454.22;Preemergencia;Emergencia;Preemergencia
2026-07-03;21:00;146;209.38;183.92;207.83;Alerta;333.94;Preemergencia;126;194.42;170.88;502.92;Emergencia;454.22;Preemergencia;Emergencia;Preemergencia
2026-07-03;22:00;180;188.83;183.92;207.83;Alerta;333.94;Preemergencia;145;174.75;170.88;502.92;Emergencia;454.22;Preemergencia;Emergencia;Preemergencia
2026-07-03;23:00;275;183.92;183.92;207.83;Alerta;333.94;Preemergencia;274;170.88;170.88;502.92;Emergencia;454.22;Preemergencia;Emergencia;Preemergencia
2026-07-04;00:00;106;178.00;103.25;79.42;Bueno;196.48;Regular;105;165.25;100.04;266.81;Alerta;288.81;Alerta;Alerta;Alerta
2026-07-04;01:00;137;172.62;103.25;79.42;Bueno;196.48;Regular;136;160.08;100.04;266.81;Alerta;288.81;Alerta;Alerta;Alerta
2026-07-04;02:00;107;164.58;103.25;79.42;Bueno;196.48;Regular;106;152.04;100.04;266.81;Alerta;288.81;Alerta;Alerta;Alerta
2026-07-04;03:00;109;158.46;103.25;79.42;Bueno;196.48;Regular;108;145.92;100.04;266.81;Alerta;288.81;Alerta;Alerta;Alerta
2026-07-04;04:00;79;152.38;103.25;79.42;Bueno;196.48;Regular;78;139.83;100.04;266.81;Alerta;288.81;Alerta;Alerta;Alerta
2026-07-04;05:00;64;149.71;103.25;79.42;Bueno;196.48;Regular;63;137.17;100.04;266.81;Alerta;288.81;Alerta;Alerta;Alerta
2026-07-04;06:00;49;144.62;103.25;79.42;Bueno;196.48;Regular;48;132.08;100.04;266.81;Alerta;288.81;Alerta;Alerta;Alerta
2026-07-04;07:00;45;138.71;103.25;79.42;Bueno;196.48;Regular;44;126.17;100.04;266.81;Alerta;288.81;Alerta;Alerta;Alerta
2026-07-04;08:00;44;133.79;103.25;79.42;Bueno;196.48;Regular;44;121.29;100.04;266.81;Alerta;288.81;Alerta;Alerta;Alerta
2026-07-04;09:00;49;126.33;103.25;79.42;Bueno;196.48;Regular;48;113.83;100.04;266.81;Alerta;288.81;Alerta;Alerta;Alerta
2026-07-04;10:00;56;121.83;103.25;79.42;Bueno;196.48;Regular;52;110.04;100.04;266.81;Alerta;288.81;Alerta;Alerta;Alerta
2026-07-04;11:00;77;117.71;103.25;79.42;Bueno;196.48;Regular;72;105.92;100.04;266.81;Alerta;288.81;Alerta;Alerta;Alerta
2026-07-04;12:00;175;120.42;103.25;79.42;Bueno;196.48;Regular;174;108.79;100.04;266.81;Alerta;288.81;Alerta;Alerta;Alerta
2026-07-04;13:00;85;119.79;103.25;79.42;Bueno;196.48;Regular;84;108.29;100.04;266.81;Alerta;288.81;Alerta;Alerta;Alerta
2026-07-04;14:00;118;122.08;103.25;79.42;Bueno;196.48;Regular;116;111.00;100.04;266.81;Alerta;288.81;Alerta;Alerta;Alerta
2026-07-04;15:00;158;126.54;103.25;79.42;Bueno;196.48;Regular;150;115.62;100.04;266.81;Alerta;288.81;Alerta;Alerta;Alerta
2026-07-04;16:00;115;128.79;103.25;79.42;Bueno;196.48;Regular;104;118.12;100.04;266.81;Alerta;288.81;Alerta;Alerta;Alerta
2026-07-04;17:00;145;131.21;103.25;79.42;Bueno;196.48;Regular;140;121.33;100.04;266.81;Alerta;288.81;Alerta;Alerta;Alerta
2026-07-04;18:00;165;125.33;103.25;79.42;Bueno;196.48;Regular;164;117.38;100.04;266.81;Alerta;288.81;Alerta;Alerta;Alerta
2026-07-04;19:00;103;118.42;103.25;79.42;Bueno;196.48;Regular;102;112.21;100.04;266.81;Alerta;288.81;Alerta;Alerta;Alerta
2026-07-04;20:00;156;114.29;103.25;79.42;Bueno;196.48;Regular;151;109.75;100.04;266.81;Alerta;288.81;Alerta;Alerta;Alerta
2026-07-04;21:00;113;112.92;103.25;79.42;Bueno;196.48;Regular;104;108.83;100.04;266.81;Alerta;288.81;Alerta;Alerta;Alerta
2026-07-04;22:00;133;110.96;103.25;79.42;Bueno;196.48;Regular;121;107.83;100.04;266.81;Alerta;288.81;Alerta;Alerta;Alerta
2026-07-04;23:00;90;103.25;103.25;79.42;Bueno;196.48;Regular;87;100.04;100.04;266.81;Alerta;288.81;Alerta;Alerta;Alerta
2026-07-05;00:00;78;102.08;263.29;366.58;Preemergencia;473.71;Preemergencia;59;98.12;247.29;757.64;Emergencia;641.39;Emergencia;Emergencia;Emergencia
2026-07-05;01:00;249;106.75;263.29;366.58;Preemergencia;473.71;Preemergencia;241;102.50;247.29;757.64;Emergencia;641.39;Emergencia;Emergencia;Emergencia
2026-07-05;02:00;302;114.88;263.29;366.58;Preemergencia;473.71;Preemergencia;301;110.62;247.29;757.64;Emergencia;641.39;Emergencia;Emergencia;Emergencia
2026-07-05;03:00;104;114.67;263.29;366.58;Preemergencia;473.71;Preemergencia;95;110.08;247.29;757.64;Emergencia;641.39;Emergencia;Emergencia;Emergencia
2026-07-05;04:00;116;116.21;263.29;366.58;Preemergencia;473.71;Preemergencia;114;111.58;247.29;757.64;Emergencia;641.39;Emergencia;Emergencia;Emergencia
2026-07-05;05:00;152;119.88;263.29;366.58;Preemergencia;473.71;Preemergencia;151;115.25;247.29;757.64;Emergencia;641.39;Emergencia;Emergencia;Emergencia
2026-07-05;06:00;153;124.21;263.29;366.58;Preemergencia;473.71;Preemergencia;152;119.58;247.29;757.64;Emergencia;641.39;Emergencia;Emergencia;Emergencia
2026-07-05;07:00;161;129.04;263.29;366.58;Preemergencia;473.71;Preemergencia;160;124.42;247.29;757.64;Emergencia;641.39;Emergencia;Emergencia;Emergencia
2026-07-05;08:00;149;133.42;263.29;366.58;Preemergencia;473.71;Preemergencia;148;128.75;247.29;757.64;Emergencia;641.39;Emergencia;Emergencia;Emergencia
2026-07-05;09:00;167;138.33;263.29;366.58;Preemergencia;473.71;Preemergencia;166;133.67;247.29;757.64;Emergencia;641.39;Emergencia;Emergencia;Emergencia
2026-07-05;10:00;225;145.38;263.29;366.58;Preemergencia;473.71;Preemergencia;224;140.83;247.29;757.64;Emergencia;641.39;Emergencia;Emergencia;Emergencia
2026-07-05;11:00;114;146.92;263.29;366.58;Preemergencia;473.71;Preemergencia;113;142.54;247.29;757.64;Emergencia;641.39;Emergencia;Emergencia;Emergencia
2026-07-05;12:00;85;143.17;263.29;366.58;Preemergencia;473.71;Preemergencia;82;138.71;247.29;757.64;Emergencia;641.39;Emergencia;Emergencia;Emergencia
2026-07-05;13:00;54;141.88;263.29;366.58;Preemergencia;473.71;Preemergencia;53;137.42;247.29;757.64;Emergencia;641.39;Emergencia;Emergencia;Emergencia
2026-07-05;14:00;45;138.83;263.29;366.58;Preemergencia;473.71;Preemergencia;39;134.21;247.29;757.64;Emergencia;641.39;Emergencia;Emergencia;Emergencia
2026-07-05;15:00;33;133.62;263.29;366.58;Preemergencia;473.71;Preemergencia;27;129.08;247.29;757.64;Emergencia;641.39;Emergencia;Emergencia;Emergencia
2026-07-05;16:00;31;130.12;263.29;366.58;Preemergencia;473.71;Preemergencia;22;125.67;247.29;757.64;Emergencia;641.39;Emergencia;Emergencia;Emergencia
2026-07-05;17:00;73;127.12;263.29;366.58;Preemergencia;473.71;Preemergencia;54;122.08;247.29;757.64;Emergencia;641.39;Emergencia;Emergencia;Emergencia
2026-07-05;18:00;350;134.83;263.29;366.58;Preemergencia;473.71;Preemergencia;303;127.88;247.29;757.64;Emergencia;641.39;Emergencia;Emergencia;Emergencia
2026-07-05;19:00;602;155.62;263.29;366.58;Preemergencia;473.71;Preemergencia;553;146.67;247.29;757.64;Emergencia;641.39;Emergencia;Emergencia;Emergencia
2026-07-05;20:00;711;178.75;263.29;366.58;Preemergencia;473.71;Preemergencia;624;166.38;247.29;757.64;Emergencia;641.39;Emergencia;Emergencia;Emergencia
2026-07-05;21:00;779;206.50;263.29;366.58;Preemergencia;473.71;Preemergencia;723;192.17;247.29;757.64;Emergencia;641.39;Emergencia;Emergencia;Emergencia
2026-07-05;22:00;807;234.58;263.29;366.58;Preemergencia;473.71;Preemergencia;768;219.12;247.29;757.64;Emergencia;641.39;Emergencia;Emergencia;Emergencia
2026-07-05;23:00;779;263.29;263.29;366.58;Preemergencia;473.71;Preemergencia;763;247.29;247.29;757.64;Emergencia;641.39;Emergencia;Emergencia;Emergencia
2026-07-06;00:00;787;292.83;214.00;268.00;Alerta;386.38;Preemergencia;786;277.58;194.54;581.81;Emergencia;511.20;Emergencia;Emergencia;Emergencia
2026-07-06;01:00;706;311.88;214.00;268.00;Alerta;386.38;Preemergencia;705;296.92;194.54;581.81;Emergencia;511.20;Emergencia;Emergencia;Emergencia
2026-07-06;02:00;279;310.92;214.00;268.00;Alerta;386.38;Preemergencia;276;295.88;194.54;581.81;Emergencia;511.20;Emergencia;Emergencia;Emergencia
2026-07-06;03:00;282;318.33;214.00;268.00;Alerta;386.38;Preemergencia;281;303.62;194.54;581.81;Emergencia;511.20;Emergencia;Emergencia;Emergencia
2026-07-06;04:00;286;325.42;214.00;268.00;Alerta;386.38;Preemergencia;285;310.75;194.54;581.81;Emergencia;511.20;Emergencia;Emergencia;Emergencia
2026-07-06;05:00;67;321.88;214.00;268.00;Alerta;386.38;Preemergencia;66;307.21;194.54;581.81;Emergencia;511.20;Emergencia;Emergencia;Emergencia
2026-07-06;06:00;74;318.58;214.00;268.00;Alerta;386.38;Preemergencia;62;303.46;194.54;581.81;Emergencia;511.20;Emergencia;Emergencia;Emergencia
2026-07-06;07:00;175;319.17;214.00;268.00;Alerta;386.38;Preemergencia;113;301.50;194.54;581.81;Emergencia;511.20;Emergencia;Emergencia;Emergencia
2026-07-06;08:00;332;326.79;214.00;268.00;Alerta;386.38;Preemergencia;277;306.88;194.54;581.81;Emergencia;511.20;Emergencia;Emergencia;Emergencia
2026-07-06;09:00;211;328.62;214.00;268.00;Alerta;386.38;Preemergencia;172;307.12;194.54;581.81;Emergencia;511.20;Emergencia;Emergencia;Emergencia
2026-07-06;10:00;225;328.62;214.00;268.00;Alerta;386.38;Preemergencia;199;306.08;194.54;581.81;Emergencia;511.20;Emergencia;Emergencia;Emergencia
2026-07-06;11:00;130;329.29;214.00;268.00;Alerta;386.38;Preemergencia;107;305.83;194.54;581.81;Emergencia;511.20;Emergencia;Emergencia;Emergencia
2026-07-06;12:00;98;329.83;214.00;268.00;Alerta;386.38;Preemergencia;77;305.62;194.54;581.81;Emergencia;511.20;Emergencia;Emergencia;Emergencia
2026-07-06;13:00;73;330.62;214.00;268.00;Alerta;386.38;Preemergencia;54;305.67;194.54;581.81;Emergencia;511.20;Emergencia;Emergencia;Emergencia
2026-07-06;14:00;118;333.67;214.00;268.00;Alerta;386.38;Preemergencia;102;308.29;194.54;581.81;Emergencia;511.20;Emergencia;Emergencia;Emergencia
2026-07-06;15:00;136;337.96;214.00;268.00;Alerta;386.38;Preemergencia;123;312.29;194.54;581.81;Emergencia;511.20;Emergencia;Emergencia;Emergencia
2026-07-06;16:00;84;340.17;214.00;268.00;Alerta;386.38;Preemergencia;72;314.38;194.54;581.81;Emergencia;511.20;Emergencia;Emergencia;Emergencia
2026-07-06;17:00;117;342.00;214.00;268.00;Alerta;386.38;Preemergencia;97;316.17;194.54;581.81;Emergencia;511.20;Emergencia;Emergencia;Emergencia
2026-07-06;18:00;165;334.29;214.00;268.00;Alerta;386.38;Preemergencia;133;309.08;194.54;581.81;Emergencia;511.20;Emergencia;Emergencia;Emergencia
2026-07-06;19:00;149;315.42;214.00;268.00;Alerta;386.38;Preemergencia;113;290.75;194.54;581.81;Emergencia;511.20;Emergencia;Emergencia;Emergencia
2026-07-06;20:00;152;292.12;214.00;268.00;Alerta;386.38;Preemergencia;126;270.00;194.54;581.81;Emergencia;511.20;Emergencia;Emergencia;Emergencia
2026-07-06;21:00;160;266.33;214.00;268.00;Alerta;386.38;Preemergencia;147;246.00;194.54;581.81;Emergencia;511.20;Emergencia;Emergencia;Emergencia
2026-07-06;22:00;174;239.96;214.00;268.00;Alerta;386.38;Preemergencia;151;220.29;194.54;581.81;Emergencia;511.20;Emergencia;Emergencia;Emergencia
2026-07-06;23:00;156;214.00;214.00;268.00;Alerta;386.38;Preemergencia;145;194.54;194.54;581.81;Emergencia;511.20;Emergencia;Emergencia;Emergencia
2026-07-07;00:00;92;185.04;62.39;47.99;Bueno;128.56;Regular;86;165.38;52.48;108.26;Regular;181.93;Regular;Regular;Regular
2026-07-07;01:00;85;159.17;62.39;47.99;Bueno;128.56;Regular;71;138.96;52.48;108.26;Regular;181.93;Regular;Regular;Regular
2026-07-07;02:00;64;150.21;62.39;47.99;Bueno;128.56;Regular;59;129.92;52.48;108.26;Regular;181.93;Regular;Regular;Regular
2026-07-07;03:00;54;140.71;62.39;47.99;Bueno;128.56;Regular;52;120.38;52.48;108.26;Regular;181.93;Regular;Regular;Regular
2026-07-07;04:00;50;130.88;62.39;47.99;Bueno;128.56;Regular;46;110.42;52.48;108.26;Regular;181.93;Regular;Regular;Regular
2026-07-07;05:00;50;130.17;62.39;47.99;Bueno;128.56;Regular;49;109.71;52.48;108.26;Regular;181.93;Regular;Regular;Regular
2026-07-07;06:00;45;128.96;62.39;47.99;Bueno;128.56;Regular;44;108.96;52.48;108.26;Regular;181.93;Regular;Regular;Regular
2026-07-07;07:00;58;124.08;62.39;47.99;Bueno;128.56;Regular;51;106.38;52.48;108.26;Regular;181.93;Regular;Regular;Regular
2026-07-07;08:00;67;113.04;62.39;47.99;Bueno;128.56;Regular;63;97.46;52.48;108.26;Regular;181.93;Regular;Regular;Regular
2026-07-07;09:00;61;106.79;62.39;47.99;Bueno;128.56;Regular;56;92.62;52.48;108.26;Regular;181.93;Regular;Regular;Regular
2026-07-07;10:00;67;100.21;62.39;47.99;Bueno;128.56;Regular;52;86.50;52.48;108.26;Regular;181.93;Regular;Regular;Regular
2026-07-07;11:00;57;97.17;62.39;47.99;Bueno;128.56;Regular;42;83.79;52.48;108.26;Regular;181.93;Regular;Regular;Regular
2026-07-07;12:00;51;95.21;62.39;47.99;Bueno;128.56;Regular;45;82.46;52.48;108.26;Regular;181.93;Regular;Regular;Regular
2026-07-07;13:00;45;94.04;62.39;47.99;Bueno;128.56;Regular;38;81.79;52.48;108.26;Regular;181.93;Regular;Regular;Regular
2026-07-07;14:00;57;91.50;62.39;47.99;Bueno;128.56;Regular;43;79.33;52.48;108.26;Regular;181.93;Regular;Regular;Regular
2026-07-07;15:00;59;88.29;62.39;47.99;Bueno;128.56;Regular;36;75.71;52.48;108.26;Regular;181.93;Regular;Regular;Regular
2026-07-07;16:00;63;87.42;62.39;47.99;Bueno;128.56;Regular;42;74.46;52.48;108.26;Regular;181.93;Regular;Regular;Regular
2026-07-07;17:00;73;85.58;62.39;47.99;Bueno;128.56;Regular;52;72.58;52.48;108.26;Regular;181.93;Regular;Regular;Regular
2026-07-07;18:00;;82.13;62.39;47.99;Bueno;128.56;Regular;;69.96;52.48;108.26;Regular;181.93;Regular;Regular;Regular
2026-07-07;19:00;61;78.30;62.39;47.99;Bueno;128.56;Regular;38;66.70;52.48;108.26;Regular;181.93;Regular;Regular;Regular
2026-07-07;20:00;108;76.39;62.39;47.99;Bueno;128.56;Regular;99;65.52;52.48;108.26;Regular;181.93;Regular;Regular;Regular
2026-07-07;21:00;57;71.91;62.39;47.99;Bueno;128.56;Regular;49;61.26;52.48;108.26;Regular;181.93;Regular;Regular;Regular
2026-07-07;22:00;63;67.09;62.39;47.99;Bueno;128.56;Regular;53;57.00;52.48;108.26;Regular;181.93;Regular;Regular;Regular
2026-07-07;23:00;48;62.39;62.39;47.99;Bueno;128.56;Regular;41;52.48;52.48;108.26;Regular;181.93;Regular;Regular;Regular
2026-07-08;00:00;39;60.09;28.22;21.71;Bueno;62.71;Bueno;36;50.30;25.78;51.57;Bueno;123.37;Regular;Bueno;Regular
2026-07-08;01:00;35;57.91;28.22;21.71;Bueno;62.71;Bueno;28;48.43;25.78;51.57;Bueno;123.37;Regular;Bueno;Regular
2026-07-08;02:00;41;56.91;28.22;21.71;Bueno;62.71;Bueno;40;47.61;25.78;51.57;Bueno;123.37;Regular;Bueno;Regular
2026-07-08;03:00;42;56.39;28.22;21.71;Bueno;62.71;Bueno;42;47.17;25.78;51.57;Bueno;123.37;Regular;Bueno;Regular
2026-07-08;04:00;42;56.04;28.22;21.71;Bueno;62.71;Bueno;40;46.91;25.78;51.57;Bueno;123.37;Regular;Bueno;Regular
2026-07-08;05:00;46;55.87;28.22;21.71;Bueno;62.71;Bueno;36;46.35;25.78;51.57;Bueno;123.37;Regular;Bueno;Regular
2026-07-08;06:00;31;55.26;28.22;21.71;Bueno;62.71;Bueno;26;45.57;25.78;51.57;Bueno;123.37;Regular;Bueno;Regular
2026-07-08;07:00;;55.14;28.22;21.71;Bueno;62.71;Bueno;;45.32;25.78;51.57;Bueno;123.37;Regular;Bueno;Regular
2026-07-08;08:00;25;53.23;28.22;21.71;Bueno;62.71;Bueno;20;43.36;25.78;51.57;Bueno;123.37;Regular;Bueno;Regular
2026-07-08;09:00;19;51.32;28.22;21.71;Bueno;62.71;Bueno;18;41.64;25.78;51.57;Bueno;123.37;Regular;Bueno;Regular
2026-07-08;10:00;16;49.00;28.22;21.71;Bueno;62.71;Bueno;15;39.95;25.78;51.57;Bueno;123.37;Regular;Bueno;Regular
2026-07-08;11:00;21;47.36;28.22;21.71;Bueno;62.71;Bueno;19;38.91;25.78;51.57;Bueno;123.37;Regular;Bueno;Regular
2026-07-08;12:00;18;45.86;28.22;21.71;Bueno;62.71;Bueno;16;37.59;25.78;51.57;Bueno;123.37;Regular;Bueno;Regular
2026-07-08;13:00;18;44.64;28.22;21.71;Bueno;62.71;Bueno;17;36.64;25.78;51.57;Bueno;123.37;Regular;Bueno;Regular
2026-07-08;14:00;23;43.09;28.22;21.71;Bueno;62.71;Bueno;22;35.68;25.78;51.57;Bueno;123.37;Regular;Bueno;Regular
2026-07-08;15:00;21;41.36;28.22;21.71;Bueno;62.71;Bueno;19;34.91;25.78;51.57;Bueno;123.37;Regular;Bueno;Regular
2026-07-08;16:00;25;39.64;28.22;21.71;Bueno;62.71;Bueno;21;33.95;25.78;51.57;Bueno;123.37;Regular;Bueno;Regular
2026-07-08;17:00;23;37.36;28.22;21.71;Bueno;62.71;Bueno;22;32.59;25.78;51.57;Bueno;123.37;Regular;Bueno;Regular
2026-07-08;18:00;35;37.26;28.22;21.71;Bueno;62.71;Bueno;34;32.65;25.78;51.57;Bueno;123.37;Regular;Bueno;Regular
2026-07-08;19:00;30;35.91;28.22;21.71;Bueno;62.71;Bueno;30;32.30;25.78;51.57;Bueno;123.37;Regular;Bueno;Regular
2026-07-08;20:00;25;32.30;28.22;21.71;Bueno;62.71;Bueno;25;29.09;25.78;51.57;Bueno;123.37;Regular;Bueno;Regular
2026-07-08;21:00;29;31.09;28.22;21.71;Bueno;62.71;Bueno;28;28.17;25.78;51.57;Bueno;123.37;Regular;Bueno;Regular
2026-07-08;22:00;23;29.35;28.22;21.71;Bueno;62.71;Bueno;17;26.61;25.78;51.57;Bueno;123.37;Regular;Bueno;Regular
2026-07-08;23:00;22;28.22;28.22;21.71;Bueno;62.71;Bueno;22;25.78;25.78;51.57;Bueno;123.37;Regular;Bueno;Regular
2026-07-09;00:00;25;27.61;42.79;32.92;Bueno;95.09;Bueno;25;25.30;36.00;72.00;Bueno;145.66;Regular;Bueno;Regular
2026-07-09;01:00;14;26.70;42.79;32.92;Bueno;95.09;Bueno;13;24.65;36.00;72.00;Bueno;145.66;Regular;Bueno;Regular
2026-07-09;02:00;13;25.48;42.79;32.92;Bueno;95.09;Bueno;12;23.43;36.00;72.00;Bueno;145.66;Regular;Bueno;Regular
2026-07-09;03:00;16;24.35;42.79;32.92;Bueno;95.09;Bueno;14;22.22;36.00;72.00;Bueno;145.66;Regular;Bueno;Regular
2026-07-09;04:00;18;23.30;42.79;32.92;Bueno;95.09;Bueno;11;20.96;36.00;72.00;Bueno;145.66;Regular;Bueno;Regular
2026-07-09;05:00;15;21.96;42.79;32.92;Bueno;95.09;Bueno;9;19.78;36.00;72.00;Bueno;145.66;Regular;Bueno;Regular
2026-07-09;06:00;19;21.43;42.79;32.92;Bueno;95.09;Bueno;11;19.13;36.00;72.00;Bueno;145.66;Regular;Bueno;Regular
2026-07-09;07:00;21;21.42;42.79;32.92;Bueno;95.09;Bueno;10;18.75;36.00;72.00;Bueno;145.66;Regular;Bueno;Regular
2026-07-09;08:00;35;21.83;42.79;32.92;Bueno;95.09;Bueno;19;18.71;36.00;72.00;Bueno;145.66;Regular;Bueno;Regular
2026-07-09;09:00;39;22.67;42.79;32.92;Bueno;95.09;Bueno;24;18.96;36.00;72.00;Bueno;145.66;Regular;Bueno;Regular
2026-07-09;10:00;41;23.71;42.79;32.92;Bueno;95.09;Bueno;30;19.58;36.00;72.00;Bueno;145.66;Regular;Bueno;Regular
2026-07-09;11:00;31;24.12;42.79;32.92;Bueno;95.09;Bueno;26;19.88;36.00;72.00;Bueno;145.66;Regular;Bueno;Regular
2026-07-09;12:00;24;24.38;42.79;32.92;Bueno;95.09;Bueno;14;19.79;36.00;72.00;Bueno;145.66;Regular;Bueno;Regular
2026-07-09;13:00;42;25.38;42.79;32.92;Bueno;95.09;Bueno;31;20.38;36.00;72.00;Bueno;145.66;Regular;Bueno;Regular
2026-07-09;14:00;64;27.08;42.79;32.92;Bueno;95.09;Bueno;46;21.38;36.00;72.00;Bueno;145.66;Regular;Bueno;Regular
2026-07-09;15:00;54;28.46;42.79;32.92;Bueno;95.09;Bueno;40;22.25;36.00;72.00;Bueno;145.66;Regular;Bueno;Regular
2026-07-09;16:00;60;29.92;42.79;32.92;Bueno;95.09;Bueno;47;23.33;36.00;72.00;Bueno;145.66;Regular;Bueno;Regular
2026-07-09;17:00;65;31.67;42.79;32.92;Bueno;95.09;Bueno;60;24.92;36.00;72.00;Bueno;145.66;Regular;Bueno;Regular
2026-07-09;18:00;82;33.62;42.79;32.92;Bueno;95.09;Bueno;80;26.83;36.00;72.00;Bueno;145.66;Regular;Bueno;Regular
2026-07-09;19:00;93;36.25;42.79;32.92;Bueno;95.09;Bueno;92;29.42;36.00;72.00;Bueno;145.66;Regular;Bueno;Regular
2026-07-09;20:00;67;38.00;42.79;32.92;Bueno;95.09;Bueno;66;31.12;36.00;72.00;Bueno;145.66;Regular;Bueno;Regular
2026-07-09;21:00;55;39.08;42.79;32.92;Bueno;95.09;Bueno;52;32.12;36.00;72.00;Bueno;145.66;Regular;Bueno;Regular
2026-07-09;22:00;71;41.08;42.79;32.92;Bueno;95.09;Bueno;70;34.33;36.00;72.00;Bueno;145.66;Regular;Bueno;Regular
2026-07-09;23:00;63;42.79;42.79;32.92;Bueno;95.09;Bueno;62;36.00;36.00;72.00;Bueno;145.66;Regular;Bueno;Regular
2026-07-10;00:00;54;44.00;18.12;13.94;Bueno;40.28;Bueno;53;37.17;15.83;31.67;Bueno;101.80;Regular;Bueno;Regular
2026-07-10;01:00;28;44.58;18.12;13.94;Bueno;40.28;Bueno;27;37.75;15.83;31.67;Bueno;101.80;Regular;Bueno;Regular
2026-07-10;02:00;18;44.79;18.12;13.94;Bueno;40.28;Bueno;17;37.96;15.83;31.67;Bueno;101.80;Regular;Bueno;Regular
2026-07-10;03:00;11;44.58;18.12;13.94;Bueno;40.28;Bueno;10;37.79;15.83;31.67;Bueno;101.80;Regular;Bueno;Regular
2026-07-10;04:00;7;44.12;18.12;13.94;Bueno;40.28;Bueno;6;37.58;15.83;31.67;Bueno;101.80;Regular;Bueno;Regular
2026-07-10;05:00;4;43.67;18.12;13.94;Bueno;40.28;Bueno;3;37.33;15.83;31.67;Bueno;101.80;Regular;Bueno;Regular
2026-07-10;06:00;2;42.96;18.12;13.94;Bueno;40.28;Bueno;2;36.96;15.83;31.67;Bueno;101.80;Regular;Bueno;Regular
2026-07-10;07:00;3;42.21;18.12;13.94;Bueno;40.28;Bueno;3;36.67;15.83;31.67;Bueno;101.80;Regular;Bueno;Regular
2026-07-10;08:00;12;41.25;18.12;13.94;Bueno;40.28;Bueno;9;36.25;15.83;31.67;Bueno;101.80;Regular;Bueno;Regular
2026-07-10;09:00;11;40.08;18.12;13.94;Bueno;40.28;Bueno;7;35.54;15.83;31.67;Bueno;101.80;Regular;Bueno;Regular
2026-07-10;10:00;9;38.75;18.12;13.94;Bueno;40.28;Bueno;6;34.54;15.83;31.67;Bueno;101.80;Regular;Bueno;Regular
2026-07-10;11:00;10;37.88;18.12;13.94;Bueno;40.28;Bueno;9;33.83;15.83;31.67;Bueno;101.80;Regular;Bueno;Regular
2026-07-10;12:00;9;37.25;18.12;13.94;Bueno;40.28;Bueno;9;33.62;15.83;31.67;Bueno;101.80;Regular;Bueno;Regular
2026-07-10;13:00;9;35.88;18.12;13.94;Bueno;40.28;Bueno;8;32.67;15.83;31.67;Bueno;101.80;Regular;Bueno;Regular
2026-07-10;14:00;9;33.58;18.12;13.94;Bueno;40.28;Bueno;8;31.08;15.83;31.67;Bueno;101.80;Regular;Bueno;Regular
2026-07-10;15:00;11;31.79;18.12;13.94;Bueno;40.28;Bueno;10;29.83;15.83;31.67;Bueno;101.80;Regular;Bueno;Regular
2026-07-10;16:00;18;30.04;18.12;13.94;Bueno;40.28;Bueno;16;28.54;15.83;31.67;Bueno;101.80;Regular;Bueno;Regular
2026-07-10;17:00;18;28.08;18.12;13.94;Bueno;40.28;Bueno;17;26.75;15.83;31.67;Bueno;101.80;Regular;Bueno;Regular
2026-07-10;18:00;30;25.92;18.12;13.94;Bueno;40.28;Bueno;25;24.46;15.83;31.67;Bueno;101.80;Regular;Bueno;Regular
2026-07-10;19:00;54;24.29;18.12;13.94;Bueno;40.28;Bueno;48;22.62;15.83;31.67;Bueno;101.80;Regular;Bueno;Regular
2026-07-10;20:00;24;22.50;18.12;13.94;Bueno;40.28;Bueno;22;20.79;15.83;31.67;Bueno;101.80;Regular;Bueno;Regular
2026-07-10;21:00;30;21.46;18.12;13.94;Bueno;40.28;Bueno;29;19.83;15.83;31.67;Bueno;101.80;Regular;Bueno;Regular
2026-07-10;22:00;30;19.75;18.12;13.94;Bueno;40.28;Bueno;21;17.79;15.83;31.67;Bueno;101.80;Regular;Bueno;Regular
2026-07-10;23:00;24;18.12;18.12;13.94;Bueno;40.28;Bueno;15;15.83;15.83;31.67;Bueno;101.80;Regular;Bueno;Regular
2026-07-11;00:00;24;16.88;43.21;33.24;Bueno;96.02;Bueno;16;14.29;33.75;67.50;Bueno;140.74;Regular;Bueno;Regular
2026-07-11;01:00;21;16.58;43.21;33.24;Bueno;96.02;Bueno;16;13.83;33.75;67.50;Bueno;140.74;Regular;Bueno;Regular
2026-07-11;02:00;21;16.71;43.21;33.24;Bueno;96.02;Bueno;14;13.71;33.75;67.50;Bueno;140.74;Regular;Bueno;Regular
2026-07-11;03:00;23;17.21;43.21;33.24;Bueno;96.02;Bueno;22;14.21;33.75;67.50;Bueno;140.74;Regular;Bueno;Regular
2026-07-11;04:00;21;17.79;43.21;33.24;Bueno;96.02;Bueno;20;14.79;33.75;67.50;Bueno;140.74;Regular;Bueno;Regular
2026-07-11;05:00;15;18.25;43.21;33.24;Bueno;96.02;Bueno;12;15.17;33.75;67.50;Bueno;140.74;Regular;Bueno;Regular
2026-07-11;06:00;12;18.67;43.21;33.24;Bueno;96.02;Bueno;11;15.54;33.75;67.50;Bueno;140.74;Regular;Bueno;Regular
2026-07-11;07:00;9;18.92;43.21;33.24;Bueno;96.02;Bueno;9;15.79;33.75;67.50;Bueno;140.74;Regular;Bueno;Regular
2026-07-11;08:00;19;19.21;43.21;33.24;Bueno;96.02;Bueno;14;16.00;33.75;67.50;Bueno;140.74;Regular;Bueno;Regular
2026-07-11;09:00;18;19.50;43.21;33.24;Bueno;96.02;Bueno;15;16.33;33.75;67.50;Bueno;140.74;Regular;Bueno;Regular
2026-07-11;10:00;19;19.92;43.21;33.24;Bueno;96.02;Bueno;12;16.58;33.75;67.50;Bueno;140.74;Regular;Bueno;Regular
2026-07-11;11:00;29;20.71;43.21;33.24;Bueno;96.02;Bueno;21;17.08;33.75;67.50;Bueno;140.74;Regular;Bueno;Regular
2026-07-11;12:00;30;21.58;43.21;33.24;Bueno;96.02;Bueno;19;17.50;33.75;67.50;Bueno;140.74;Regular;Bueno;Regular
2026-07-11;13:00;29;22.42;43.21;33.24;Bueno;96.02;Bueno;18;17.92;33.75;67.50;Bueno;140.74;Regular;Bueno;Regular
2026-07-11;14:00;21;22.92;43.21;33.24;Bueno;96.02;Bueno;19;18.38;33.75;67.50;Bueno;140.74;Regular;Bueno;Regular
2026-07-11;15:00;24;23.46;43.21;33.24;Bueno;96.02;Bueno;19;18.75;33.75;67.50;Bueno;140.74;Regular;Bueno;Regular
2026-07-11;16:00;29;23.92;43.21;33.24;Bueno;96.02;Bueno;17;18.79;33.75;67.50;Bueno;140.74;Regular;Bueno;Regular
2026-07-11;17:00;92;27.00;43.21;33.24;Bueno;96.02;Bueno;69;20.96;33.75;67.50;Bueno;140.74;Regular;Bueno;Regular
2026-07-11;18:00;209;34.46;43.21;33.24;Bueno;96.02;Bueno;182;27.50;33.75;67.50;Bueno;140.74;Regular;Bueno;Regular
2026-07-11;19:00;84;35.71;43.21;33.24;Bueno;96.02;Bueno;57;27.88;33.75;67.50;Bueno;140.74;Regular;Bueno;Regular
2026-07-11;20:00;64;37.38;43.21;33.24;Bueno;96.02;Bueno;46;28.88;33.75;67.50;Bueno;140.74;Regular;Bueno;Regular
2026-07-11;21:00;40;37.79;43.21;33.24;Bueno;96.02;Bueno;30;28.92;33.75;67.50;Bueno;140.74;Regular;Bueno;Regular
2026-07-11;22:00;85;40.08;43.21;33.24;Bueno;96.02;Bueno;67;30.83;33.75;67.50;Bueno;140.74;Regular;Bueno;Regular
2026-07-11;23:00;99;43.21;43.21;33.24;Bueno;96.02;Bueno;85;33.75;33.75;67.50;Bueno;140.74;Regular;Bueno;Regular
2026-07-12;00:00;61;44.75;63.39;48.76;Bueno;130.21;Regular;50;35.17;52.87;109.57;Regular;182.80;Regular;Regular;Regular
2026-07-12;01:00;50;45.96;63.39;48.76;Bueno;130.21;Regular;43;36.29;52.87;109.57;Regular;182.80;Regular;Regular;Regular
2026-07-12;02:00;88;48.75;63.39;48.76;Bueno;130.21;Regular;87;39.33;52.87;109.57;Regular;182.80;Regular;Regular;Regular
2026-07-12;03:00;61;50.33;63.39;48.76;Bueno;130.21;Regular;49;40.46;52.87;109.57;Regular;182.80;Regular;Regular;Regular
2026-07-12;04:00;40;51.12;63.39;48.76;Bueno;130.21;Regular;34;41.04;52.87;109.57;Regular;182.80;Regular;Regular;Regular
2026-07-12;05:00;69;53.38;63.39;48.76;Bueno;130.21;Regular;66;43.29;52.87;109.57;Regular;182.80;Regular;Regular;Regular
2026-07-12;06:00;31;54.17;63.39;48.76;Bueno;130.21;Regular;28;44.00;52.87;109.57;Regular;182.80;Regular;Regular;Regular
2026-07-12;07:00;86;57.38;63.39;48.76;Bueno;130.21;Regular;79;46.92;52.87;109.57;Regular;182.80;Regular;Regular;Regular
2026-07-12;08:00;84;60.08;63.39;48.76;Bueno;130.21;Regular;77;49.54;52.87;109.57;Regular;182.80;Regular;Regular;Regular
2026-07-12;09:00;43;61.12;63.39;48.76;Bueno;130.21;Regular;42;50.67;52.87;109.57;Regular;182.80;Regular;Regular;Regular
2026-07-12;10:00;36;61.83;63.39;48.76;Bueno;130.21;Regular;25;51.21;52.87;109.57;Regular;182.80;Regular;Regular;Regular
2026-07-12;11:00;55;62.92;63.39;48.76;Bueno;130.21;Regular;40;52.00;52.87;109.57;Regular;182.80;Regular;Regular;Regular
2026-07-12;12:00;83;65.12;63.39;48.76;Bueno;130.21;Regular;68;54.04;52.87;109.57;Regular;182.80;Regular;Regular;Regular
2026-07-12;13:00;100;68.08;63.39;48.76;Bueno;130.21;Regular;89;57.00;52.87;109.57;Regular;182.80;Regular;Regular;Regular
2026-07-12;14:00;38;68.79;63.39;48.76;Bueno;130.21;Regular;26;57.29;52.87;109.57;Regular;182.80;Regular;Regular;Regular
2026-07-12;15:00;35;69.25;63.39;48.76;Bueno;130.21;Regular;29;57.71;52.87;109.57;Regular;182.80;Regular;Regular;Regular
2026-07-12;16:00;31;69.33;63.39;48.76;Bueno;130.21;Regular;19;57.79;52.87;109.57;Regular;182.80;Regular;Regular;Regular
2026-07-12;17:00;;68.35;63.39;48.76;Bueno;130.21;Regular;;57.30;52.87;109.57;Regular;182.80;Regular;Regular;Regular
2026-07-12;18:00;103;63.74;63.39;48.76;Bueno;130.21;Regular;77;52.74;52.87;109.57;Regular;182.80;Regular;Regular;Regular
2026-07-12;19:00;77;63.43;63.39;48.76;Bueno;130.21;Regular;46;52.26;52.87;109.57;Regular;182.80;Regular;Regular;Regular
2026-07-12;20:00;74;63.87;63.39;48.76;Bueno;130.21;Regular;62;52.96;52.87;109.57;Regular;182.80;Regular;Regular;Regular
2026-07-12;21:00;86;65.87;63.39;48.76;Bueno;130.21;Regular;67;54.57;52.87;109.57;Regular;182.80;Regular;Regular;Regular
2026-07-12;22:00;78;65.57;63.39;48.76;Bueno;130.21;Regular;71;54.74;52.87;109.57;Regular;182.80;Regular;Regular;Regular
2026-07-12;23:00;49;63.39;63.39;48.76;Bueno;130.21;Regular;42;52.87;52.87;109.57;Regular;182.80;Regular;Regular;Regular
2026-07-13;00:00;51;62.96;34.29;26.38;Bueno;76.20;Bueno;50;52.87;30.62;61.25;Bueno;133.92;Regular;Bueno;Regular
2026-07-13;01:00;52;63.04;34.29;26.38;Bueno;76.20;Bueno;48;53.09;30.62;61.25;Bueno;133.92;Regular;Bueno;Regular
2026-07-13;02:00;42;61.04;34.29;26.38;Bueno;76.20;Bueno;40;51.04;30.62;61.25;Bueno;133.92;Regular;Bueno;Regular
2026-07-13;03:00;41;60.17;34.29;26.38;Bueno;76.20;Bueno;38;50.57;30.62;61.25;Bueno;133.92;Regular;Bueno;Regular
2026-07-13;04:00;37;60.04;34.29;26.38;Bueno;76.20;Bueno;31;50.43;30.62;61.25;Bueno;133.92;Regular;Bueno;Regular
2026-07-13;05:00;25;58.13;34.29;26.38;Bueno;76.20;Bueno;23;48.57;30.62;61.25;Bueno;133.92;Regular;Bueno;Regular
2026-07-13;06:00;37;58.39;34.29;26.38;Bueno;76.20;Bueno;21;48.26;30.62;61.25;Bueno;133.92;Regular;Bueno;Regular
2026-07-13;07:00;31;56.00;34.29;26.38;Bueno;76.20;Bueno;28;46.04;30.62;61.25;Bueno;133.92;Regular;Bueno;Regular
2026-07-13;08:00;37;53.96;34.29;26.38;Bueno;76.20;Bueno;24;43.74;30.62;61.25;Bueno;133.92;Regular;Bueno;Regular
2026-07-13;09:00;34;53.57;34.29;26.38;Bueno;76.20;Bueno;18;42.70;30.62;61.25;Bueno;133.92;Regular;Bueno;Regular
2026-07-13;10:00;22;52.96;34.29;26.38;Bueno;76.20;Bueno;17;42.35;30.62;61.25;Bueno;133.92;Regular;Bueno;Regular
2026-07-13;11:00;21;51.48;34.29;26.38;Bueno;76.20;Bueno;17;41.35;30.62;61.25;Bueno;133.92;Regular;Bueno;Regular
2026-07-13;12:00;20;48.74;34.29;26.38;Bueno;76.20;Bueno;19;39.22;30.62;61.25;Bueno;133.92;Regular;Bueno;Regular
2026-07-13;13:00;20;45.26;34.29;26.38;Bueno;76.20;Bueno;16;36.04;30.62;61.25;Bueno;133.92;Regular;Bueno;Regular
2026-07-13;14:00;22;44.57;34.29;26.38;Bueno;76.20;Bueno;21;35.83;30.62;61.25;Bueno;133.92;Regular;Bueno;Regular
2026-07-13;15:00;25;44.13;34.29;26.38;Bueno;76.20;Bueno;23;35.57;30.62;61.25;Bueno;133.92;Regular;Bueno;Regular
2026-07-13;16:00;21;43.70;34.29;26.38;Bueno;76.20;Bueno;21;35.65;30.62;61.25;Bueno;133.92;Regular;Bueno;Regular
2026-07-13;17:00;27;43.00;34.29;26.38;Bueno;76.20;Bueno;27;35.29;30.62;61.25;Bueno;133.92;Regular;Bueno;Regular
2026-07-13;18:00;31;40.00;34.29;26.38;Bueno;76.20;Bueno;29;33.29;30.62;61.25;Bueno;133.92;Regular;Bueno;Regular
2026-07-13;19:00;39;38.42;34.29;26.38;Bueno;76.20;Bueno;38;32.96;30.62;61.25;Bueno;133.92;Regular;Bueno;Regular
2026-07-13;20:00;45;37.21;34.29;26.38;Bueno;76.20;Bueno;45;32.25;30.62;61.25;Bueno;133.92;Regular;Bueno;Regular
2026-07-13;21:00;55;35.92;34.29;26.38;Bueno;76.20;Bueno;55;31.75;30.62;61.25;Bueno;133.92;Regular;Bueno;Regular
2026-07-13;22:00;43;34.46;34.29;26.38;Bueno;76.20;Bueno;42;30.54;30.62;61.25;Bueno;133.92;Regular;Bueno;Regular
2026-07-13;23:00;45;34.29;34.29;26.38;Bueno;76.20;Bueno;44;30.62;30.62;61.25;Bueno;133.92;Regular;Bueno;Regular
2026-07-14;00:00;42;33.92;21.33;16.41;Bueno;47.41;Bueno;41;30.25;18.17;36.33;Bueno;106.85;Regular;Bueno;Regular
2026-07-14;01:00;64;34.42;21.33;16.41;Bueno;47.41;Bueno;63;30.88;18.17;36.33;Bueno;106.85;Regular;Bueno;Regular
2026-07-14;02:00;80;36.00;21.33;16.41;Bueno;47.41;Bueno;75;32.33;18.17;36.33;Bueno;106.85;Regular;Bueno;Regular
2026-07-14;03:00;39;35.92;21.33;16.41;Bueno;47.41;Bueno;29;31.96;18.17;36.33;Bueno;106.85;Regular;Bueno;Regular
2026-07-14;04:00;36;35.88;21.33;16.41;Bueno;47.41;Bueno;32;32.00;18.17;36.33;Bueno;106.85;Regular;Bueno;Regular
2026-07-14;05:00;24;35.83;21.33;16.41;Bueno;47.41;Bueno;19;31.83;18.17;36.33;Bueno;106.85;Regular;Bueno;Regular
2026-07-14;06:00;18;35.04;21.33;16.41;Bueno;47.41;Bueno;17;31.67;18.17;36.33;Bueno;106.85;Regular;Bueno;Regular
2026-07-14;07:00;18;34.50;21.33;16.41;Bueno;47.41;Bueno;15;31.12;18.17;36.33;Bueno;106.85;Regular;Bueno;Regular
2026-07-14;08:00;13;33.50;21.33;16.41;Bueno;47.41;Bueno;11;30.58;18.17;36.33;Bueno;106.85;Regular;Bueno;Regular
2026-07-14;09:00;12;32.58;21.33;16.41;Bueno;47.41;Bueno;6;30.08;18.17;36.33;Bueno;106.85;Regular;Bueno;Regular
2026-07-14;10:00;10;32.08;21.33;16.41;Bueno;47.41;Bueno;5;29.58;18.17;36.33;Bueno;106.85;Regular;Bueno;Regular
2026-07-14;11:00;9;31.58;21.33;16.41;Bueno;47.41;Bueno;8;29.21;18.17;36.33;Bueno;106.85;Regular;Bueno;Regular
2026-07-14;12:00;13;31.29;21.33;16.41;Bueno;47.41;Bueno;7;28.71;18.17;36.33;Bueno;106.85;Regular;Bueno;Regular
2026-07-14;13:00;16;31.12;21.33;16.41;Bueno;47.41;Bueno;10;28.46;18.17;36.33;Bueno;106.85;Regular;Bueno;Regular
2026-07-14;14:00;14;30.79;21.33;16.41;Bueno;47.41;Bueno;9;27.96;18.17;36.33;Bueno;106.85;Regular;Bueno;Regular
2026-07-14;15:00;12;30.25;21.33;16.41;Bueno;47.41;Bueno;8;27.33;18.17;36.33;Bueno;106.85;Regular;Bueno;Regular
2026-07-14;16:00;13;29.92;21.33;16.41;Bueno;47.41;Bueno;8;26.79;18.17;36.33;Bueno;106.85;Regular;Bueno;Regular
2026-07-14;17:00;8;29.12;21.33;16.41;Bueno;47.41;Bueno;8;26.00;18.17;36.33;Bueno;106.85;Regular;Bueno;Regular
2026-07-14;18:00;8;28.17;21.33;16.41;Bueno;47.41;Bueno;7;25.08;18.17;36.33;Bueno;106.85;Regular;Bueno;Regular
2026-07-14;19:00;16;27.21;21.33;16.41;Bueno;47.41;Bueno;15;24.12;18.17;36.33;Bueno;106.85;Regular;Bueno;Regular
2026-07-14;20:00;12;25.83;21.33;16.41;Bueno;47.41;Bueno;11;22.71;18.17;36.33;Bueno;106.85;Regular;Bueno;Regular
2026-07-14;21:00;11;24.00;21.33;16.41;Bueno;47.41;Bueno;10;20.83;18.17;36.33;Bueno;106.85;Regular;Bueno;Regular
2026-07-14;22:00;15;22.83;21.33;16.41;Bueno;47.41;Bueno;14;19.67;18.17;36.33;Bueno;106.85;Regular;Bueno;Regular
2026-07-14;23:00;9;21.33;21.33;16.41;Bueno;47.41;Bueno;8;18.17;18.17;36.33;Bueno;106.85;Regular;Bueno;Regular
2026-07-15;00:00;4;19.75;8.08;6.22;Bueno;17.96;Bueno;3;16.58;5.83;11.67;Bueno;38.89;Bueno;Bueno;Bueno
2026-07-15;01:00;5;17.29;8.08;6.22;Bueno;17.96;Bueno;2;14.04;5.83;11.67;Bueno;38.89;Bueno;Bueno;Bueno
2026-07-15;02:00;6;14.21;8.08;6.22;Bueno;17.96;Bueno;1;10.96;5.83;11.67;Bueno;38.89;Bueno;Bueno;Bueno
2026-07-15;03:00;7;12.88;8.08;6.22;Bueno;17.96;Bueno;1;9.79;5.83;11.67;Bueno;38.89;Bueno;Bueno;Bueno
2026-07-15;04:00;5;11.58;8.08;6.22;Bueno;17.96;Bueno;2;8.54;5.83;11.67;Bueno;38.89;Bueno;Bueno;Bueno
2026-07-15;05:00;3;10.71;8.08;6.22;Bueno;17.96;Bueno;2;7.83;5.83;11.67;Bueno;38.89;Bueno;Bueno;Bueno
2026-07-15;06:00;7;10.25;8.08;6.22;Bueno;17.96;Bueno;6;7.38;5.83;11.67;Bueno;38.89;Bueno;Bueno;Bueno
2026-07-15;07:00;8;9.83;8.08;6.22;Bueno;17.96;Bueno;7;7.04;5.83;11.67;Bueno;38.89;Bueno;Bueno;Bueno
2026-07-15;08:00;7;9.58;8.08;6.22;Bueno;17.96;Bueno;6;6.83;5.83;11.67;Bueno;38.89;Bueno;Bueno;Bueno
2026-07-15;09:00;7;9.38;8.08;6.22;Bueno;17.96;Bueno;6;6.83;5.83;11.67;Bueno;38.89;Bueno;Bueno;Bueno
2026-07-15;10:00;11;9.42;8.08;6.22;Bueno;17.96;Bueno;9;7.00;5.83;11.67;Bueno;38.89;Bueno;Bueno;Bueno
2026-07-15;11:00;9;9.42;8.08;6.22;Bueno;17.96;Bueno;8;7.00;5.83;11.67;Bueno;38.89;Bueno;Bueno;Bueno
2026-07-15;12:00;11;9.33;8.08;6.22;Bueno;17.96;Bueno;8;7.04;5.83;11.67;Bueno;38.89;Bueno;Bueno;Bueno
2026-07-15;13:00;15;9.29;8.08;6.22;Bueno;17.96;Bueno;8;6.96;5.83;11.67;Bueno;38.89;Bueno;Bueno;Bueno
2026-07-15;14:00;10;9.12;8.08;6.22;Bueno;17.96;Bueno;9;6.96;5.83;11.67;Bueno;38.89;Bueno;Bueno;Bueno
2026-07-15;15:00;10;9.04;8.08;6.22;Bueno;17.96;Bueno;9;7.00;5.83;11.67;Bueno;38.89;Bueno;Bueno;Bueno
2026-07-15;16:00;9;8.88;8.08;6.22;Bueno;17.96;Bueno;9;7.04;5.83;11.67;Bueno;38.89;Bueno;Bueno;Bueno
2026-07-15;17:00;10;8.96;8.08;6.22;Bueno;17.96;Bueno;7;7.00;5.83;11.67;Bueno;38.89;Bueno;Bueno;Bueno
2026-07-15;18:00;9;9.00;8.08;6.22;Bueno;17.96;Bueno;6;6.96;5.83;11.67;Bueno;38.89;Bueno;Bueno;Bueno
2026-07-15;19:00;9;8.71;8.08;6.22;Bueno;17.96;Bueno;6;6.58;5.83;11.67;Bueno;38.89;Bueno;Bueno;Bueno
2026-07-15;20:00;9;8.58;8.08;6.22;Bueno;17.96;Bueno;7;6.42;5.83;11.67;Bueno;38.89;Bueno;Bueno;Bueno
2026-07-15;21:00;9;8.50;8.08;6.22;Bueno;17.96;Bueno;9;6.38;5.83;11.67;Bueno;38.89;Bueno;Bueno;Bueno
2026-07-15;22:00;8;8.21;8.08;6.22;Bueno;17.96;Bueno;6;6.04;5.83;11.67;Bueno;38.89;Bueno;Bueno;Bueno
2026-07-15;23:00;6;8.08;8.08;6.22;Bueno;17.96;Bueno;3;5.83;5.83;11.67;Bueno;38.89;Bueno;Bueno;Bueno
2026-07-16;00:00;6;8.17;12.88;9.90;Bueno;28.61;Bueno;3;5.83;9.12;18.25;Bueno;60.83;Bueno;Bueno;Bueno
2026-07-16;01:00;6;8.21;12.88;9.90;Bueno;28.61;Bueno;6;6.00;9.12;18.25;Bueno;60.83;Bueno;Bueno;Bueno
2026-07-16;02:00;6;8.21;12.88;9.90;Bueno;28.61;Bueno;5;6.17;9.12;18.25;Bueno;60.83;Bueno;Bueno;Bueno
2026-07-16;03:00;5;8.12;12.88;9.90;Bueno;28.61;Bueno;1;6.17;9.12;18.25;Bueno;60.83;Bueno;Bueno;Bueno
2026-07-16;04:00;4;8.08;12.88;9.90;Bueno;28.61;Bueno;1;6.12;9.12;18.25;Bueno;60.83;Bueno;Bueno;Bueno
2026-07-16;05:00;4;8.12;12.88;9.90;Bueno;28.61;Bueno;2;6.12;9.12;18.25;Bueno;60.83;Bueno;Bueno;Bueno
2026-07-16;06:00;5;8.04;12.88;9.90;Bueno;28.61;Bueno;1;5.92;9.12;18.25;Bueno;60.83;Bueno;Bueno;Bueno
2026-07-16;07:00;4;7.88;12.88;9.90;Bueno;28.61;Bueno;1;5.67;9.12;18.25;Bueno;60.83;Bueno;Bueno;Bueno
2026-07-16;08:00;6;7.83;12.88;9.90;Bueno;28.61;Bueno;1;5.46;9.12;18.25;Bueno;60.83;Bueno;Bueno;Bueno
2026-07-16;09:00;6;7.79;12.88;9.90;Bueno;28.61;Bueno;2;5.29;9.12;18.25;Bueno;60.83;Bueno;Bueno;Bueno
2026-07-16;10:00;6;7.58;12.88;9.90;Bueno;28.61;Bueno;2;5.00;9.12;18.25;Bueno;60.83;Bueno;Bueno;Bueno
2026-07-16;11:00;6;7.46;12.88;9.90;Bueno;28.61;Bueno;3;4.79;9.12;18.25;Bueno;60.83;Bueno;Bueno;Bueno
2026-07-16;12:00;7;7.29;12.88;9.90;Bueno;28.61;Bueno;6;4.71;9.12;18.25;Bueno;60.83;Bueno;Bueno;Bueno
2026-07-16;13:00;7;6.96;12.88;9.90;Bueno;28.61;Bueno;6;4.62;9.12;18.25;Bueno;60.83;Bueno;Bueno;Bueno
2026-07-16;14:00;6;6.79;12.88;9.90;Bueno;28.61;Bueno;6;4.50;9.12;18.25;Bueno;60.83;Bueno;Bueno;Bueno
2026-07-16;15:00;8;6.71;12.88;9.90;Bueno;28.61;Bueno;7;4.42;9.12;18.25;Bueno;60.83;Bueno;Bueno;Bueno
2026-07-16;16:00;10;6.75;12.88;9.90;Bueno;28.61;Bueno;6;4.29;9.12;18.25;Bueno;60.83;Bueno;Bueno;Bueno
2026-07-16;17:00;15;6.96;12.88;9.90;Bueno;28.61;Bueno;10;4.42;9.12;18.25;Bueno;60.83;Bueno;Bueno;Bueno
2026-07-16;18:00;23;7.54;12.88;9.90;Bueno;28.61;Bueno;13;4.71;9.12;18.25;Bueno;60.83;Bueno;Bueno;Bueno
2026-07-16;19:00;23;8.12;12.88;9.90;Bueno;28.61;Bueno;18;5.21;9.12;18.25;Bueno;60.83;Bueno;Bueno;Bueno
2026-07-16;20:00;30;9.00;12.88;9.90;Bueno;28.61;Bueno;20;5.75;9.12;18.25;Bueno;60.83;Bueno;Bueno;Bueno
2026-07-16;21:00;44;10.46;12.88;9.90;Bueno;28.61;Bueno;36;6.88;9.12;18.25;Bueno;60.83;Bueno;Bueno;Bueno
2026-07-16;22:00;34;11.54;12.88;9.90;Bueno;28.61;Bueno;27;7.75;9.12;18.25;Bueno;60.83;Bueno;Bueno;Bueno
2026-07-16;23:00;38;12.88;12.88;9.90;Bueno;28.61;Bueno;36;9.12;9.12;18.25;Bueno;60.83;Bueno;Bueno;Bueno
2026-07-17;00:00;48;14.62;26.25;20.19;Bueno;58.33;Bueno;42;10.75;24.04;48.08;Bueno;119.58;Regular;Bueno;Regular
2026-07-17;01:00;18;15.12;26.25;20.19;Bueno;58.33;Bueno;14;11.08;24.04;48.08;Bueno;119.58;Regular;Bueno;Regular
2026-07-17;02:00;9;15.25;26.25;20.19;Bueno;58.33;Bueno;9;11.25;24.04;48.08;Bueno;119.58;Regular;Bueno;Regular
2026-07-17;03:00;9;15.42;26.25;20.19;Bueno;58.33;Bueno;8;11.54;24.04;48.08;Bueno;119.58;Regular;Bueno;Regular
2026-07-17;04:00;8;15.58;26.25;20.19;Bueno;58.33;Bueno;8;11.83;24.04;48.08;Bueno;119.58;Regular;Bueno;Regular
2026-07-17;05:00;10;15.83;26.25;20.19;Bueno;58.33;Bueno;9;12.12;24.04;48.08;Bueno;119.58;Regular;Bueno;Regular
2026-07-17;06:00;10;16.04;26.25;20.19;Bueno;58.33;Bueno;9;12.46;24.04;48.08;Bueno;119.58;Regular;Bueno;Regular
2026-07-17;07:00;42;17.62;26.25;20.19;Bueno;58.33;Bueno;40;14.08;24.04;48.08;Bueno;119.58;Regular;Bueno;Regular
2026-07-17;08:00;26;18.46;26.25;20.19;Bueno;58.33;Bueno;26;15.12;24.04;48.08;Bueno;119.58;Regular;Bueno;Regular
2026-07-17;09:00;31;19.50;26.25;20.19;Bueno;58.33;Bueno;30;16.29;24.04;48.08;Bueno;119.58;Regular;Bueno;Regular
2026-07-17;10:00;31;20.54;26.25;20.19;Bueno;58.33;Bueno;28;17.38;24.04;48.08;Bueno;119.58;Regular;Bueno;Regular
2026-07-17;11:00;23;21.25;26.25;20.19;Bueno;58.33;Bueno;22;18.17;24.04;48.08;Bueno;119.58;Regular;Bueno;Regular
2026-07-17;12:00;25;22.00;26.25;20.19;Bueno;58.33;Bueno;20;18.75;24.04;48.08;Bueno;119.58;Regular;Bueno;Regular
2026-07-17;13:00;25;22.75;26.25;20.19;Bueno;58.33;Bueno;19;19.29;24.04;48.08;Bueno;119.58;Regular;Bueno;Regular
2026-07-17;14:00;36;24.00;26.25;20.19;Bueno;58.33;Bueno;35;20.50;24.04;48.08;Bueno;119.58;Regular;Bueno;Regular
2026-07-17;15:00;19;24.46;26.25;20.19;Bueno;58.33;Bueno;18;20.96;24.04;48.08;Bueno;119.58;Regular;Bueno;Regular
2026-07-17;16:00;25;25.08;26.25;20.19;Bueno;58.33;Bueno;19;21.50;24.04;48.08;Bueno;119.58;Regular;Bueno;Regular
2026-07-17;17:00;55;26.75;26.25;20.19;Bueno;58.33;Bueno;54;23.33;24.04;48.08;Bueno;119.58;Regular;Bueno;Regular
2026-07-17;18:00;26;26.88;26.25;20.19;Bueno;58.33;Bueno;21;23.67;24.04;48.08;Bueno;119.58;Regular;Bueno;Regular
2026-07-17;19:00;14;26.50;26.25;20.19;Bueno;58.33;Bueno;8;23.25;24.04;48.08;Bueno;119.58;Regular;Bueno;Regular
2026-07-17;20:00;11;25.71;26.25;20.19;Bueno;58.33;Bueno;10;22.83;24.04;48.08;Bueno;119.58;Regular;Bueno;Regular
2026-07-17;21:00;59;26.33;26.25;20.19;Bueno;58.33;Bueno;59;23.79;24.04;48.08;Bueno;119.58;Regular;Bueno;Regular
2026-07-17;22:00;43;26.71;26.25;20.19;Bueno;58.33;Bueno;43;24.46;24.04;48.08;Bueno;119.58;Regular;Bueno;Regular
2026-07-17;23:00;27;26.25;26.25;20.19;Bueno;58.33;Bueno;26;24.04;24.04;48.08;Bueno;119.58;Regular;Bueno;Regular
2026-07-18;00:00;33;25.62;23.38;17.98;Bueno;51.94;Bueno;32;23.62;21.67;43.33;Bueno;114.43;Regular;Bueno;Regular
2026-07-18;01:00;38;26.46;23.38;17.98;Bueno;51.94;Bueno;38;24.62;21.67;43.33;Bueno;114.43;Regular;Bueno;Regular
2026-07-18;02:00;21;26.96;23.38;17.98;Bueno;51.94;Bueno;18;25.00;21.67;43.33;Bueno;114.43;Regular;Bueno;Regular
2026-07-18;03:00;14;27.17;23.38;17.98;Bueno;51.94;Bueno;7;24.96;21.67;43.33;Bueno;114.43;Regular;Bueno;Regular
2026-07-18;04:00;11;27.29;23.38;17.98;Bueno;51.94;Bueno;8;24.96;21.67;43.33;Bueno;114.43;Regular;Bueno;Regular
2026-07-18;05:00;13;27.42;23.38;17.98;Bueno;51.94;Bueno;9;24.96;21.67;43.33;Bueno;114.43;Regular;Bueno;Regular
2026-07-18;06:00;11;27.46;23.38;17.98;Bueno;51.94;Bueno;8;24.92;21.67;43.33;Bueno;114.43;Regular;Bueno;Regular
2026-07-18;07:00;9;26.08;23.38;17.98;Bueno;51.94;Bueno;8;23.58;21.67;43.33;Bueno;114.43;Regular;Bueno;Regular
2026-07-18;08:00;18;25.75;23.38;17.98;Bueno;51.94;Bueno;17;23.21;21.67;43.33;Bueno;114.43;Regular;Bueno;Regular
2026-07-18;09:00;7;24.75;23.38;17.98;Bueno;51.94;Bueno;6;22.21;21.67;43.33;Bueno;114.43;Regular;Bueno;Regular
2026-07-18;10:00;13;24.00;23.38;17.98;Bueno;51.94;Bueno;12;21.54;21.67;43.33;Bueno;114.43;Regular;Bueno;Regular
2026-07-18;11:00;16;23.71;23.38;17.98;Bueno;51.94;Bueno;15;21.25;21.67;43.33;Bueno;114.43;Regular;Bueno;Regular
2026-07-18;12:00;16;23.33;23.38;17.98;Bueno;51.94;Bueno;14;21.00;21.67;43.33;Bueno;114.43;Regular;Bueno;Regular
2026-07-18;13:00;20;23.12;23.38;17.98;Bueno;51.94;Bueno;20;21.04;21.67;43.33;Bueno;114.43;Regular;Bueno;Regular
2026-07-18;14:00;19;22.42;23.38;17.98;Bueno;51.94;Bueno;17;20.29;21.67;43.33;Bueno;114.43;Regular;Bueno;Regular
2026-07-18;15:00;35;23.08;23.38;17.98;Bueno;51.94;Bueno;34;20.96;21.67;43.33;Bueno;114.43;Regular;Bueno;Regular
2026-07-18;16:00;27;23.17;23.38;17.98;Bueno;51.94;Bueno;26;21.25;21.67;43.33;Bueno;114.43;Regular;Bueno;Regular
2026-07-18;17:00;33;22.25;23.38;17.98;Bueno;51.94;Bueno;32;20.33;21.67;43.33;Bueno;114.43;Regular;Bueno;Regular
2026-07-18;18:00;20;22.00;23.38;17.98;Bueno;51.94;Bueno;18;20.21;21.67;43.33;Bueno;114.43;Regular;Bueno;Regular
2026-07-18;19:00;17;22.12;23.38;17.98;Bueno;51.94;Bueno;15;20.50;21.67;43.33;Bueno;114.43;Regular;Bueno;Regular
2026-07-18;20:00;37;23.21;23.38;17.98;Bueno;51.94;Bueno;36;21.58;21.67;43.33;Bueno;114.43;Regular;Bueno;Regular
2026-07-18;21:00;53;22.96;23.38;17.98;Bueno;51.94;Bueno;52;21.29;21.67;43.33;Bueno;114.43;Regular;Bueno;Regular
2026-07-18;22:00;52;23.33;23.38;17.98;Bueno;51.94;Bueno;52;21.67;21.67;43.33;Bueno;114.43;Regular;Bueno;Regular
2026-07-18;23:00;28;23.38;23.38;17.98;Bueno;51.94;Bueno;26;21.67;21.67;43.33;Bueno;114.43;Regular;Bueno;Regular
2026-07-19;00:00;50;24.08;37.12;28.56;Bueno;82.50;Bueno;49;22.38;33.88;67.75;Bueno;141.01;Regular;Bueno;Regular
2026-07-19;01:00;13;23.04;37.12;28.56;Bueno;82.50;Bueno;12;21.29;33.88;67.75;Bueno;141.01;Regular;Bueno;Regular
2026-07-19;02:00;8;22.50;37.12;28.56;Bueno;82.50;Bueno;7;20.83;33.88;67.75;Bueno;141.01;Regular;Bueno;Regular
2026-07-19;03:00;5;22.12;37.12;28.56;Bueno;82.50;Bueno;3;20.67;33.88;67.75;Bueno;141.01;Regular;Bueno;Regular
2026-07-19;04:00;5;21.88;37.12;28.56;Bueno;82.50;Bueno;2;20.42;33.88;67.75;Bueno;141.01;Regular;Bueno;Regular
2026-07-19;05:00;4;21.50;37.12;28.56;Bueno;82.50;Bueno;2;20.12;33.88;67.75;Bueno;141.01;Regular;Bueno;Regular
2026-07-19;06:00;7;21.33;37.12;28.56;Bueno;82.50;Bueno;6;20.04;33.88;67.75;Bueno;141.01;Regular;Bueno;Regular
2026-07-19;07:00;8;21.29;37.12;28.56;Bueno;82.50;Bueno;7;20.00;33.88;67.75;Bueno;141.01;Regular;Bueno;Regular
2026-07-19;08:00;8;20.88;37.12;28.56;Bueno;82.50;Bueno;8;19.62;33.88;67.75;Bueno;141.01;Regular;Bueno;Regular
2026-07-19;09:00;17;21.29;37.12;28.56;Bueno;82.50;Bueno;13;19.92;33.88;67.75;Bueno;141.01;Regular;Bueno;Regular
2026-07-19;10:00;16;21.42;37.12;28.56;Bueno;82.50;Bueno;15;20.04;33.88;67.75;Bueno;141.01;Regular;Bueno;Regular
2026-07-19;11:00;14;21.33;37.12;28.56;Bueno;82.50;Bueno;10;19.83;33.88;67.75;Bueno;141.01;Regular;Bueno;Regular
2026-07-19;12:00;14;21.25;37.12;28.56;Bueno;82.50;Bueno;9;19.62;33.88;67.75;Bueno;141.01;Regular;Bueno;Regular
2026-07-19;13:00;24;21.42;37.12;28.56;Bueno;82.50;Bueno;24;19.79;33.88;67.75;Bueno;141.01;Regular;Bueno;Regular
2026-07-19;14:00;21;21.50;37.12;28.56;Bueno;82.50;Bueno;19;19.88;33.88;67.75;Bueno;141.01;Regular;Bueno;Regular
2026-07-19;15:00;21;20.92;37.12;28.56;Bueno;82.50;Bueno;20;19.29;33.88;67.75;Bueno;141.01;Regular;Bueno;Regular
2026-07-19;16:00;23;20.75;37.12;28.56;Bueno;82.50;Bueno;18;18.96;33.88;67.75;Bueno;141.01;Regular;Bueno;Regular
2026-07-19;17:00;47;21.33;37.12;28.56;Bueno;82.50;Bueno;43;19.42;33.88;67.75;Bueno;141.01;Regular;Bueno;Regular
2026-07-19;18:00;81;23.88;37.12;28.56;Bueno;82.50;Bueno;79;21.96;33.88;67.75;Bueno;141.01;Regular;Bueno;Regular
2026-07-19;19:00;148;29.33;37.12;28.56;Bueno;82.50;Bueno;135;26.96;33.88;67.75;Bueno;141.01;Regular;Bueno;Regular
2026-07-19;20:00;122;32.88;37.12;28.56;Bueno;82.50;Bueno;114;30.21;33.88;67.75;Bueno;141.01;Regular;Bueno;Regular
2026-07-19;21:00;99;34.79;37.12;28.56;Bueno;82.50;Bueno;91;31.83;33.88;67.75;Bueno;141.01;Regular;Bueno;Regular
2026-07-19;22:00;67;35.42;37.12;28.56;Bueno;82.50;Bueno;62;32.25;33.88;67.75;Bueno;141.01;Regular;Bueno;Regular
2026-07-19;23:00;69;37.12;37.12;28.56;Bueno;82.50;Bueno;65;33.88;33.88;67.75;Bueno;141.01;Regular;Bueno;Regular
2026-07-20;00:00;78;38.29;69.96;53.81;Bueno;141.06;Regular;73;34.88;60.33;134.44;Regular;199.36;Regular;Regular;Regular
2026-07-20;01:00;36;39.25;69.96;53.81;Bueno;141.06;Regular;35;35.83;60.33;134.44;Regular;199.36;Regular;Regular;Regular
2026-07-20;02:00;13;39.46;69.96;53.81;Bueno;141.06;Regular;10;35.96;60.33;134.44;Regular;199.36;Regular;Regular;Regular
2026-07-20;03:00;21;40.12;69.96;53.81;Bueno;141.06;Regular;21;36.71;60.33;134.44;Regular;199.36;Regular;Regular;Regular
2026-07-20;04:00;16;40.58;69.96;53.81;Bueno;141.06;Regular;15;37.25;60.33;134.44;Regular;199.36;Regular;Regular;Regular
2026-07-20;05:00;21;41.29;69.96;53.81;Bueno;141.06;Regular;20;38.00;60.33;134.44;Regular;199.36;Regular;Regular;Regular
2026-07-20;06:00;30;42.25;69.96;53.81;Bueno;141.06;Regular;27;38.88;60.33;134.44;Regular;199.36;Regular;Regular;Regular
2026-07-20;07:00;66;44.67;69.96;53.81;Bueno;141.06;Regular;61;41.12;60.33;134.44;Regular;199.36;Regular;Regular;Regular
2026-07-20;08:00;33;45.71;69.96;53.81;Bueno;141.06;Regular;28;41.96;60.33;134.44;Regular;199.36;Regular;Regular;Regular
2026-07-20;09:00;28;46.17;69.96;53.81;Bueno;141.06;Regular;24;42.42;60.33;134.44;Regular;199.36;Regular;Regular;Regular
2026-07-20;10:00;47;47.46;69.96;53.81;Bueno;141.06;Regular;36;43.29;60.33;134.44;Regular;199.36;Regular;Regular;Regular
2026-07-20;11:00;71;49.83;69.96;53.81;Bueno;141.06;Regular;65;45.58;60.33;134.44;Regular;199.36;Regular;Regular;Regular
2026-07-20;12:00;112;53.92;69.96;53.81;Bueno;141.06;Regular;107;49.67;60.33;134.44;Regular;199.36;Regular;Regular;Regular
2026-07-20;13:00;102;57.17;69.96;53.81;Bueno;141.06;Regular;98;52.75;60.33;134.44;Regular;199.36;Regular;Regular;Regular
2026-07-20;14:00;90;60.04;69.96;53.81;Bueno;141.06;Regular;89;55.67;60.33;134.44;Regular;199.36;Regular;Regular;Regular
2026-07-20;15:00;36;60.67;69.96;53.81;Bueno;141.06;Regular;27;55.96;60.33;134.44;Regular;199.36;Regular;Regular;Regular
2026-07-20;16:00;93;63.58;69.96;53.81;Bueno;141.06;Regular;64;57.88;60.33;134.44;Regular;199.36;Regular;Regular;Regular
2026-07-20;17:00;61;64.17;69.96;53.81;Bueno;141.06;Regular;26;57.17;60.33;134.44;Regular;199.36;Regular;Regular;Regular
2026-07-20;18:00;105;65.17;69.96;53.81;Bueno;141.06;Regular;59;56.33;60.33;134.44;Regular;199.36;Regular;Regular;Regular
2026-07-20;19:00;134;64.58;69.96;53.81;Bueno;141.06;Regular;108;55.21;60.33;134.44;Regular;199.36;Regular;Regular;Regular
2026-07-20;20:00;79;62.79;69.96;53.81;Bueno;141.06;Regular;66;53.21;60.33;134.44;Regular;199.36;Regular;Regular;Regular
2026-07-20;21:00;264;69.67;69.96;53.81;Bueno;141.06;Regular;263;60.38;60.33;134.44;Regular;199.36;Regular;Regular;Regular
2026-07-20;22:00;82;70.29;69.96;53.81;Bueno;141.06;Regular;73;60.83;60.33;134.44;Regular;199.36;Regular;Regular;Regular
2026-07-20;23:00;61;69.96;69.96;53.81;Bueno;141.06;Regular;53;60.33;60.33;134.44;Regular;199.36;Regular;Regular;Regular
2026-07-21;00:00;47;68.67;26.88;20.67;Bueno;59.72;Bueno;45;59.17;23.71;47.42;Bueno;118.86;Regular;Bueno;Regular
2026-07-21;01:00;29;68.38;26.88;20.67;Bueno;59.72;Bueno;23;58.67;23.71;47.42;Bueno;118.86;Regular;Bueno;Regular
2026-07-21;02:00;21;68.71;26.88;20.67;Bueno;59.72;Bueno;20;59.08;23.71;47.42;Bueno;118.86;Regular;Bueno;Regular
2026-07-21;03:00;21;68.71;26.88;20.67;Bueno;59.72;Bueno;16;58.88;23.71;47.42;Bueno;118.86;Regular;Bueno;Regular
2026-07-21;04:00;17;68.75;26.88;20.67;Bueno;59.72;Bueno;17;58.96;23.71;47.42;Bueno;118.86;Regular;Bueno;Regular
2026-07-21;05:00;12;68.38;26.88;20.67;Bueno;59.72;Bueno;11;58.58;23.71;47.42;Bueno;118.86;Regular;Bueno;Regular
2026-07-21;06:00;19;67.92;26.88;20.67;Bueno;59.72;Bueno;16;58.12;23.71;47.42;Bueno;118.86;Regular;Bueno;Regular
2026-07-21;07:00;27;66.29;26.88;20.67;Bueno;59.72;Bueno;27;56.71;23.71;47.42;Bueno;118.86;Regular;Bueno;Regular
2026-07-21;08:00;31;66.21;26.88;20.67;Bueno;59.72;Bueno;30;56.79;23.71;47.42;Bueno;118.86;Regular;Bueno;Regular
2026-07-21;09:00;76;68.21;26.88;20.67;Bueno;59.72;Bueno;60;58.29;23.71;47.42;Bueno;118.86;Regular;Bueno;Regular
2026-07-21;10:00;68;69.08;26.88;20.67;Bueno;59.72;Bueno;51;58.92;23.71;47.42;Bueno;118.86;Regular;Bueno;Regular
2026-07-21;11:00;53;68.33;26.88;20.67;Bueno;59.72;Bueno;50;58.29;23.71;47.42;Bueno;118.86;Regular;Bueno;Regular
2026-07-21;12:00;71;66.62;26.88;20.67;Bueno;59.72;Bueno;70;56.75;23.71;47.42;Bueno;118.86;Regular;Bueno;Regular
2026-07-21;13:00;20;63.21;26.88;20.67;Bueno;59.72;Bueno;19;53.46;23.71;47.42;Bueno;118.86;Regular;Bueno;Regular
2026-07-21;14:00;14;60.04;26.88;20.67;Bueno;59.72;Bueno;14;50.33;23.71;47.42;Bueno;118.86;Regular;Bueno;Regular
2026-07-21;15:00;9;58.92;26.88;20.67;Bueno;59.72;Bueno;8;49.54;23.71;47.42;Bueno;118.86;Regular;Bueno;Regular
2026-07-21;16:00;42;56.79;26.88;20.67;Bueno;59.72;Bueno;41;48.58;23.71;47.42;Bueno;118.86;Regular;Bueno;Regular
2026-07-21;17:00;21;55.12;26.88;20.67;Bueno;59.72;Bueno;20;48.33;23.71;47.42;Bueno;118.86;Regular;Bueno;Regular
2026-07-21;18:00;11;51.21;26.88;20.67;Bueno;59.72;Bueno;6;46.12;23.71;47.42;Bueno;118.86;Regular;Bueno;Regular
2026-07-21;19:00;10;46.04;26.88;20.67;Bueno;59.72;Bueno;7;41.92;23.71;47.42;Bueno;118.86;Regular;Bueno;Regular
2026-07-21;20:00;8;43.08;26.88;20.67;Bueno;59.72;Bueno;7;39.46;23.71;47.42;Bueno;118.86;Regular;Bueno;Regular
2026-07-21;21:00;6;32.33;26.88;20.67;Bueno;59.72;Bueno;5;28.71;23.71;47.42;Bueno;118.86;Regular;Bueno;Regular
2026-07-21;22:00;5;29.12;26.88;20.67;Bueno;59.72;Bueno;3;25.79;23.71;47.42;Bueno;118.86;Regular;Bueno;Regular
2026-07-21;23:00;7;26.88;26.88;20.67;Bueno;59.72;Bueno;3;23.71;23.71;47.42;Bueno;118.86;Regular;Bueno;Regular
2026-07-22;00:00;6;25.17;14.21;10.93;Bueno;31.57;Bueno;1;21.88;9.58;19.17;Bueno;63.89;Bueno;Bueno;Bueno
2026-07-22;01:00;7;24.25;14.21;10.93;Bueno;31.57;Bueno;1;20.96;9.58;19.17;Bueno;63.89;Bueno;Bueno;Bueno
2026-07-22;02:00;5;23.58;14.21;10.93;Bueno;31.57;Bueno;1;20.17;9.58;19.17;Bueno;63.89;Bueno;Bueno;Bueno
2026-07-22;03:00;5;22.92;14.21;10.93;Bueno;31.57;Bueno;1;19.54;9.58;19.17;Bueno;63.89;Bueno;Bueno;Bueno
2026-07-22;04:00;4;22.38;14.21;10.93;Bueno;31.57;Bueno;1;18.88;9.58;19.17;Bueno;63.89;Bueno;Bueno;Bueno
2026-07-22;05:00;4;22.04;14.21;10.93;Bueno;31.57;Bueno;2;18.50;9.58;19.17;Bueno;63.89;Bueno;Bueno;Bueno
2026-07-22;06:00;7;21.54;14.21;10.93;Bueno;31.57;Bueno;5;18.04;9.58;19.17;Bueno;63.89;Bueno;Bueno;Bueno
2026-07-22;07:00;6;20.67;14.21;10.93;Bueno;31.57;Bueno;5;17.12;9.58;19.17;Bueno;63.89;Bueno;Bueno;Bueno
2026-07-22;08:00;8;19.71;14.21;10.93;Bueno;31.57;Bueno;7;16.17;9.58;19.17;Bueno;63.89;Bueno;Bueno;Bueno
2026-07-22;09:00;10;16.96;14.21;10.93;Bueno;31.57;Bueno;9;14.04;9.58;19.17;Bueno;63.89;Bueno;Bueno;Bueno
2026-07-22;10:00;10;14.54;14.21;10.93;Bueno;31.57;Bueno;7;12.21;9.58;19.17;Bueno;63.89;Bueno;Bueno;Bueno
2026-07-22;11:00;11;12.79;14.21;10.93;Bueno;31.57;Bueno;8;10.46;9.58;19.17;Bueno;63.89;Bueno;Bueno;Bueno
2026-07-22;12:00;10;10.25;14.21;10.93;Bueno;31.57;Bueno;7;7.83;9.58;19.17;Bueno;63.89;Bueno;Bueno;Bueno
2026-07-22;13:00;9;9.79;14.21;10.93;Bueno;31.57;Bueno;6;7.29;9.58;19.17;Bueno;63.89;Bueno;Bueno;Bueno
2026-07-22;14:00;16;9.88;14.21;10.93;Bueno;31.57;Bueno;5;6.92;9.58;19.17;Bueno;63.89;Bueno;Bueno;Bueno
2026-07-22;15:00;15;10.12;14.21;10.93;Bueno;31.57;Bueno;7;6.88;9.58;19.17;Bueno;63.89;Bueno;Bueno;Bueno
2026-07-22;16:00;14;8.96;14.21;10.93;Bueno;31.57;Bueno;14;5.75;9.58;19.17;Bueno;63.89;Bueno;Bueno;Bueno
2026-07-22;17:00;17;8.79;14.21;10.93;Bueno;31.57;Bueno;16;5.58;9.58;19.17;Bueno;63.89;Bueno;Bueno;Bueno
2026-07-22;18:00;23;9.29;14.21;10.93;Bueno;31.57;Bueno;19;6.12;9.58;19.17;Bueno;63.89;Bueno;Bueno;Bueno
2026-07-22;19:00;22;9.79;14.21;10.93;Bueno;31.57;Bueno;18;6.58;9.58;19.17;Bueno;63.89;Bueno;Bueno;Bueno
2026-07-22;20:00;28;10.62;14.21;10.93;Bueno;31.57;Bueno;21;7.17;9.58;19.17;Bueno;63.89;Bueno;Bueno;Bueno
2026-07-22;21:00;26;11.46;14.21;10.93;Bueno;31.57;Bueno;16;7.62;9.58;19.17;Bueno;63.89;Bueno;Bueno;Bueno
2026-07-22;22:00;37;12.79;14.21;10.93;Bueno;31.57;Bueno;22;8.42;9.58;19.17;Bueno;63.89;Bueno;Bueno;Bueno
2026-07-22;23:00;41;14.21;14.21;10.93;Bueno;31.57;Bueno;31;9.58;9.58;19.17;Bueno;63.89;Bueno;Bueno;Bueno
2026-07-23;00:00;14;14.54;16.61;12.78;Bueno;36.91;Bueno;4;9.71;11.78;23.57;Bueno;78.55;Bueno;Bueno;Bueno
2026-07-23;01:00;12;14.75;16.61;12.78;Bueno;36.91;Bueno;5;9.88;11.78;23.57;Bueno;78.55;Bueno;Bueno;Bueno
2026-07-23;02:00;9;14.92;16.61;12.78;Bueno;36.91;Bueno;5;10.04;11.78;23.57;Bueno;78.55;Bueno;Bueno;Bueno
2026-07-23;03:00;8;15.04;16.61;12.78;Bueno;36.91;Bueno;6;10.25;11.78;23.57;Bueno;78.55;Bueno;Bueno;Bueno
2026-07-23;04:00;4;15.04;16.61;12.78;Bueno;36.91;Bueno;3;10.33;11.78;23.57;Bueno;78.55;Bueno;Bueno;Bueno
2026-07-23;05:00;2;14.96;16.61;12.78;Bueno;36.91;Bueno;1;10.29;11.78;23.57;Bueno;78.55;Bueno;Bueno;Bueno
2026-07-23;06:00;5;14.88;16.61;12.78;Bueno;36.91;Bueno;1;10.12;11.78;23.57;Bueno;78.55;Bueno;Bueno;Bueno
2026-07-23;07:00;4;14.79;16.61;12.78;Bueno;36.91;Bueno;1;9.96;11.78;23.57;Bueno;78.55;Bueno;Bueno;Bueno
2026-07-23;08:00;5;14.67;16.61;12.78;Bueno;36.91;Bueno;5;9.88;11.78;23.57;Bueno;78.55;Bueno;Bueno;Bueno
2026-07-23;09:00;7;14.54;16.61;12.78;Bueno;36.91;Bueno;5;9.71;11.78;23.57;Bueno;78.55;Bueno;Bueno;Bueno
2026-07-23;10:00;7;14.42;16.61;12.78;Bueno;36.91;Bueno;2;9.50;11.78;23.57;Bueno;78.55;Bueno;Bueno;Bueno
2026-07-23;11:00;9;14.33;16.61;12.78;Bueno;36.91;Bueno;1;9.21;11.78;23.57;Bueno;78.55;Bueno;Bueno;Bueno
2026-07-23;12:00;10;14.33;16.61;12.78;Bueno;36.91;Bueno;9;9.29;11.78;23.57;Bueno;78.55;Bueno;Bueno;Bueno
2026-07-23;13:00;;14.57;16.61;12.78;Bueno;36.91;Bueno;;9.43;11.78;23.57;Bueno;78.55;Bueno;Bueno;Bueno
2026-07-23;14:00;15;14.52;16.61;12.78;Bueno;36.91;Bueno;4;9.39;11.78;23.57;Bueno;78.55;Bueno;Bueno;Bueno
2026-07-23;15:00;17;14.61;16.61;12.78;Bueno;36.91;Bueno;10;9.52;11.78;23.57;Bueno;78.55;Bueno;Bueno;Bueno
2026-07-23;16:00;20;14.87;16.61;12.78;Bueno;36.91;Bueno;11;9.39;11.78;23.57;Bueno;78.55;Bueno;Bueno;Bueno
2026-07-23;17:00;18;14.91;16.61;12.78;Bueno;36.91;Bueno;9;9.09;11.78;23.57;Bueno;78.55;Bueno;Bueno;Bueno
2026-07-23;18:00;38;15.57;16.61;12.78;Bueno;36.91;Bueno;28;9.48;11.78;23.57;Bueno;78.55;Bueno;Bueno;Bueno
2026-07-23;19:00;22;15.57;16.61;12.78;Bueno;36.91;Bueno;18;9.48;11.78;23.57;Bueno;78.55;Bueno;Bueno;Bueno
2026-07-23;20:00;40;16.09;16.61;12.78;Bueno;36.91;Bueno;39;10.26;11.78;23.57;Bueno;78.55;Bueno;Bueno;Bueno
2026-07-23;21:00;40;16.70;16.61;12.78;Bueno;36.91;Bueno;39;11.26;11.78;23.57;Bueno;78.55;Bueno;Bueno;Bueno
2026-07-23;22:00;40;16.83;16.61;12.78;Bueno;36.91;Bueno;33;11.74;11.78;23.57;Bueno;78.55;Bueno;Bueno;Bueno
2026-07-23;23:00;36;16.61;16.61;12.78;Bueno;36.91;Bueno;32;11.78;11.78;23.57;Bueno;78.55;Bueno;Bueno;Bueno
2026-07-24;00:00;14;16.61;40.42;31.09;Bueno;89.81;Bueno;10;12.04;27.58;55.17;Bueno;127.29;Regular;Bueno;Regular
2026-07-24;01:00;11;16.57;40.42;31.09;Bueno;89.81;Bueno;9;12.22;27.58;55.17;Bueno;127.29;Regular;Bueno;Regular
2026-07-24;02:00;12;16.70;40.42;31.09;Bueno;89.81;Bueno;7;12.30;27.58;55.17;Bueno;127.29;Regular;Bueno;Regular
2026-07-24;03:00;14;16.96;40.42;31.09;Bueno;89.81;Bueno;6;12.30;27.58;55.17;Bueno;127.29;Regular;Bueno;Regular
2026-07-24;04:00;11;17.26;40.42;31.09;Bueno;89.81;Bueno;5;12.39;27.58;55.17;Bueno;127.29;Regular;Bueno;Regular
2026-07-24;05:00;16;17.87;40.42;31.09;Bueno;89.81;Bueno;7;12.65;27.58;55.17;Bueno;127.29;Regular;Bueno;Regular
2026-07-24;06:00;21;18.57;40.42;31.09;Bueno;89.81;Bueno;15;13.26;27.58;55.17;Bueno;127.29;Regular;Bueno;Regular
2026-07-24;07:00;24;19.43;40.42;31.09;Bueno;89.81;Bueno;20;14.09;27.58;55.17;Bueno;127.29;Regular;Bueno;Regular
2026-07-24;08:00;28;20.43;40.42;31.09;Bueno;89.81;Bueno;27;15.04;27.58;55.17;Bueno;127.29;Regular;Bueno;Regular
2026-07-24;09:00;30;21.43;40.42;31.09;Bueno;89.81;Bueno;27;16.00;27.58;55.17;Bueno;127.29;Regular;Bueno;Regular
2026-07-24;10:00;33;22.57;40.42;31.09;Bueno;89.81;Bueno;31;17.26;27.58;55.17;Bueno;127.29;Regular;Bueno;Regular
2026-07-24;11:00;38;23.83;40.42;31.09;Bueno;89.81;Bueno;23;18.22;27.58;55.17;Bueno;127.29;Regular;Bueno;Regular
2026-07-24;12:00;39;25.09;40.42;31.09;Bueno;89.81;Bueno;24;18.87;27.58;55.17;Bueno;127.29;Regular;Bueno;Regular
2026-07-24;13:00;38;25.62;40.42;31.09;Bueno;89.81;Bueno;17;18.79;27.58;55.17;Bueno;127.29;Regular;Bueno;Regular
2026-07-24;14:00;59;27.46;40.42;31.09;Bueno;89.81;Bueno;23;19.58;27.58;55.17;Bueno;127.29;Regular;Bueno;Regular
2026-07-24;15:00;24;27.75;40.42;31.09;Bueno;89.81;Bueno;8;19.50;27.58;55.17;Bueno;127.29;Regular;Bueno;Regular
2026-07-24;16:00;31;28.21;40.42;31.09;Bueno;89.81;Bueno;16;19.71;27.58;55.17;Bueno;127.29;Regular;Bueno;Regular
2026-07-24;17:00;53;29.67;40.42;31.09;Bueno;89.81;Bueno;33;20.71;27.58;55.17;Bueno;127.29;Regular;Bueno;Regular
2026-07-24;18:00;79;31.38;40.42;31.09;Bueno;89.81;Bueno;51;21.67;27.58;55.17;Bueno;127.29;Regular;Bueno;Regular
2026-07-24;19:00;90;34.21;40.42;31.09;Bueno;89.81;Bueno;56;23.25;27.58;55.17;Bueno;127.29;Regular;Bueno;Regular
2026-07-24;20:00;66;35.29;40.42;31.09;Bueno;89.81;Bueno;45;23.50;27.58;55.17;Bueno;127.29;Regular;Bueno;Regular
2026-07-24;21:00;101;37.83;40.42;31.09;Bueno;89.81;Bueno;89;25.58;27.58;55.17;Bueno;127.29;Regular;Bueno;Regular
2026-07-24;22:00;86;39.75;40.42;31.09;Bueno;89.81;Bueno;68;27.04;27.58;55.17;Bueno;127.29;Regular;Bueno;Regular
2026-07-24;23:00;52;40.42;40.42;31.09;Bueno;89.81;Bueno;45;27.58;27.58;55.17;Bueno;127.29;Regular;Bueno;Regular
2026-07-25;00:00;43;41.62;16.04;12.34;Bueno;35.65;Bueno;42;28.92;14.04;28.08;Bueno;93.61;Bueno;Bueno;Bueno
2026-07-25;01:00;23;42.12;16.04;12.34;Bueno;35.65;Bueno;22;29.46;14.04;28.08;Bueno;93.61;Bueno;Bueno;Bueno
2026-07-25;02:00;20;42.46;16.04;12.34;Bueno;35.65;Bueno;19;29.96;14.04;28.08;Bueno;93.61;Bueno;Bueno;Bueno
2026-07-25;03:00;14;42.46;16.04;12.34;Bueno;35.65;Bueno;11;30.17;14.04;28.08;Bueno;93.61;Bueno;Bueno;Bueno
2026-07-25;04:00;10;42.42;16.04;12.34;Bueno;35.65;Bueno;9;30.33;14.04;28.08;Bueno;93.61;Bueno;Bueno;Bueno
2026-07-25;05:00;13;42.29;16.04;12.34;Bueno;35.65;Bueno;7;30.33;14.04;28.08;Bueno;93.61;Bueno;Bueno;Bueno
2026-07-25;06:00;11;41.88;16.04;12.34;Bueno;35.65;Bueno;6;29.96;14.04;28.08;Bueno;93.61;Bueno;Bueno;Bueno
2026-07-25;07:00;8;41.21;16.04;12.34;Bueno;35.65;Bueno;5;29.33;14.04;28.08;Bueno;93.61;Bueno;Bueno;Bueno
2026-07-25;08:00;7;40.33;16.04;12.34;Bueno;35.65;Bueno;4;28.38;14.04;28.08;Bueno;93.61;Bueno;Bueno;Bueno
2026-07-25;09:00;11;39.54;16.04;12.34;Bueno;35.65;Bueno;8;27.58;14.04;28.08;Bueno;93.61;Bueno;Bueno;Bueno
2026-07-25;10:00;12;38.67;16.04;12.34;Bueno;35.65;Bueno;9;26.67;14.04;28.08;Bueno;93.61;Bueno;Bueno;Bueno
2026-07-25;11:00;12;37.58;16.04;12.34;Bueno;35.65;Bueno;11;26.17;14.04;28.08;Bueno;93.61;Bueno;Bueno;Bueno
2026-07-25;12:00;14;36.54;16.04;12.34;Bueno;35.65;Bueno;13;25.71;14.04;28.08;Bueno;93.61;Bueno;Bueno;Bueno
2026-07-25;13:00;14;35.54;16.04;12.34;Bueno;35.65;Bueno;12;25.50;14.04;28.08;Bueno;93.61;Bueno;Bueno;Bueno
2026-07-25;14:00;11;33.54;16.04;12.34;Bueno;35.65;Bueno;8;24.88;14.04;28.08;Bueno;93.61;Bueno;Bueno;Bueno
2026-07-25;15:00;13;33.08;16.04;12.34;Bueno;35.65;Bueno;12;25.04;14.04;28.08;Bueno;93.61;Bueno;Bueno;Bueno
2026-07-25;16:00;11;32.25;16.04;12.34;Bueno;35.65;Bueno;10;24.79;14.04;28.08;Bueno;93.61;Bueno;Bueno;Bueno
2026-07-25;17:00;21;30.92;16.04;12.34;Bueno;35.65;Bueno;20;24.25;14.04;28.08;Bueno;93.61;Bueno;Bueno;Bueno
2026-07-25;18:00;19;28.42;16.04;12.34;Bueno;35.65;Bueno;18;22.88;14.04;28.08;Bueno;93.61;Bueno;Bueno;Bueno
2026-07-25;19:00;28;25.83;16.04;12.34;Bueno;35.65;Bueno;28;21.71;14.04;28.08;Bueno;93.61;Bueno;Bueno;Bueno
2026-07-25;20:00;20;23.92;16.04;12.34;Bueno;35.65;Bueno;19;20.62;14.04;28.08;Bueno;93.61;Bueno;Bueno;Bueno
2026-07-25;21:00;23;20.67;16.04;12.34;Bueno;35.65;Bueno;22;17.83;14.04;28.08;Bueno;93.61;Bueno;Bueno;Bueno
2026-07-25;22:00;14;17.67;16.04;12.34;Bueno;35.65;Bueno;12;15.50;14.04;28.08;Bueno;93.61;Bueno;Bueno;Bueno
2026-07-25;23:00;13;16.04;16.04;12.34;Bueno;35.65;Bueno;10;14.04;14.04;28.08;Bueno;93.61;Bueno;Bueno;Bueno
2026-07-26;00:00;10;14.67;8.42;6.47;Bueno;18.70;Bueno;7;12.58;7.00;14.00;Bueno;46.67;Bueno;Bueno;Bueno
2026-07-26;01:00;7;14.00;8.42;6.47;Bueno;18.70;Bueno;6;11.92;7.00;14.00;Bueno;46.67;Bueno;Bueno;Bueno
2026-07-26;02:00;8;13.50;8.42;6.47;Bueno;18.70;Bueno;7;11.42;7.00;14.00;Bueno;46.67;Bueno;Bueno;Bueno
2026-07-26;03:00;7;13.21;8.42;6.47;Bueno;18.70;Bueno;6;11.21;7.00;14.00;Bueno;46.67;Bueno;Bueno;Bueno
2026-07-26;04:00;6;13.04;8.42;6.47;Bueno;18.70;Bueno;5;11.04;7.00;14.00;Bueno;46.67;Bueno;Bueno;Bueno
2026-07-26;05:00;6;12.75;8.42;6.47;Bueno;18.70;Bueno;6;11.00;7.00;14.00;Bueno;46.67;Bueno;Bueno;Bueno
2026-07-26;06:00;7;12.58;8.42;6.47;Bueno;18.70;Bueno;6;11.00;7.00;14.00;Bueno;46.67;Bueno;Bueno;Bueno
2026-07-26;07:00;5;12.46;8.42;6.47;Bueno;18.70;Bueno;4;10.96;7.00;14.00;Bueno;46.67;Bueno;Bueno;Bueno
2026-07-26;08:00;6;12.42;8.42;6.47;Bueno;18.70;Bueno;2;10.88;7.00;14.00;Bueno;46.67;Bueno;Bueno;Bueno
2026-07-26;09:00;4;12.12;8.42;6.47;Bueno;18.70;Bueno;2;10.62;7.00;14.00;Bueno;46.67;Bueno;Bueno;Bueno
2026-07-26;10:00;3;11.75;8.42;6.47;Bueno;18.70;Bueno;2;10.33;7.00;14.00;Bueno;46.67;Bueno;Bueno;Bueno
2026-07-26;11:00;5;11.46;8.42;6.47;Bueno;18.70;Bueno;2;9.96;7.00;14.00;Bueno;46.67;Bueno;Bueno;Bueno
2026-07-26;12:00;7;11.17;8.42;6.47;Bueno;18.70;Bueno;2;9.50;7.00;14.00;Bueno;46.67;Bueno;Bueno;Bueno
2026-07-26;13:00;5;10.79;8.42;6.47;Bueno;18.70;Bueno;4;9.17;7.00;14.00;Bueno;46.67;Bueno;Bueno;Bueno
2026-07-26;14:00;4;10.50;8.42;6.47;Bueno;18.70;Bueno;4;9.00;7.00;14.00;Bueno;46.67;Bueno;Bueno;Bueno
2026-07-26;15:00;7;10.25;8.42;6.47;Bueno;18.70;Bueno;7;8.79;7.00;14.00;Bueno;46.67;Bueno;Bueno;Bueno
2026-07-26;16:00;9;10.17;8.42;6.47;Bueno;18.70;Bueno;8;8.71;7.00;14.00;Bueno;46.67;Bueno;Bueno;Bueno
2026-07-26;17:00;9;9.67;8.42;6.47;Bueno;18.70;Bueno;8;8.21;7.00;14.00;Bueno;46.67;Bueno;Bueno;Bueno
2026-07-26;18:00;17;9.58;8.42;6.47;Bueno;18.70;Bueno;16;8.12;7.00;14.00;Bueno;46.67;Bueno;Bueno;Bueno
2026-07-26;19:00;12;8.92;8.42;6.47;Bueno;18.70;Bueno;11;7.42;7.00;14.00;Bueno;46.67;Bueno;Bueno;Bueno
2026-07-26;20:00;16;8.75;8.42;6.47;Bueno;18.70;Bueno;15;7.25;7.00;14.00;Bueno;46.67;Bueno;Bueno;Bueno
2026-07-26;21:00;16;8.46;8.42;6.47;Bueno;18.70;Bueno;15;6.96;7.00;14.00;Bueno;46.67;Bueno;Bueno;Bueno
2026-07-26;22:00;12;8.38;8.42;6.47;Bueno;18.70;Bueno;9;6.83;7.00;14.00;Bueno;46.67;Bueno;Bueno;Bueno
2026-07-26;23:00;14;8.42;8.42;6.47;Bueno;18.70;Bueno;14;7.00;7.00;14.00;Bueno;46.67;Bueno;Bueno;Bueno
2026-07-27;00:00;10;8.42;13.58;10.45;Bueno;30.19;Bueno;9;7.08;7.79;15.58;Bueno;51.94;Bueno;Bueno;Bueno
2026-07-27;01:00;8;8.46;13.58;10.45;Bueno;30.19;Bueno;6;7.08;7.79;15.58;Bueno;51.94;Bueno;Bueno;Bueno
2026-07-27;02:00;12;8.62;13.58;10.45;Bueno;30.19;Bueno;1;6.83;7.79;15.58;Bueno;51.94;Bueno;Bueno;Bueno
2026-07-27;03:00;11;8.79;13.58;10.45;Bueno;30.19;Bueno;3;6.71;7.79;15.58;Bueno;51.94;Bueno;Bueno;Bueno
2026-07-27;04:00;9;8.92;13.58;10.45;Bueno;30.19;Bueno;4;6.67;7.79;15.58;Bueno;51.94;Bueno;Bueno;Bueno
2026-07-27;05:00;17;9.38;13.58;10.45;Bueno;30.19;Bueno;3;6.54;7.79;15.58;Bueno;51.94;Bueno;Bueno;Bueno
2026-07-27;06:00;8;9.42;13.58;10.45;Bueno;30.19;Bueno;2;6.38;7.79;15.58;Bueno;51.94;Bueno;Bueno;Bueno
2026-07-27;07:00;16;9.88;13.58;10.45;Bueno;30.19;Bueno;6;6.46;7.79;15.58;Bueno;51.94;Bueno;Bueno;Bueno
2026-07-27;08:00;16;10.29;13.58;10.45;Bueno;30.19;Bueno;9;6.75;7.79;15.58;Bueno;51.94;Bueno;Bueno;Bueno
2026-07-27;09:00;15;10.75;13.58;10.45;Bueno;30.19;Bueno;9;7.04;7.79;15.58;Bueno;51.94;Bueno;Bueno;Bueno
2026-07-27;10:00;16;11.29;13.58;10.45;Bueno;30.19;Bueno;11;7.42;7.79;15.58;Bueno;51.94;Bueno;Bueno;Bueno
2026-07-27;11:00;19;11.88;13.58;10.45;Bueno;30.19;Bueno;10;7.75;7.79;15.58;Bueno;51.94;Bueno;Bueno;Bueno
2026-07-27;12:00;18;12.33;13.58;10.45;Bueno;30.19;Bueno;7;7.96;7.79;15.58;Bueno;51.94;Bueno;Bueno;Bueno
2026-07-27;13:00;14;12.71;13.58;10.45;Bueno;30.19;Bueno;7;8.08;7.79;15.58;Bueno;51.94;Bueno;Bueno;Bueno
2026-07-27;14:00;15;13.17;13.58;10.45;Bueno;30.19;Bueno;7;8.21;7.79;15.58;Bueno;51.94;Bueno;Bueno;Bueno
2026-07-27;15:00;15;13.50;13.58;10.45;Bueno;30.19;Bueno;15;8.54;7.79;15.58;Bueno;51.94;Bueno;Bueno;Bueno
2026-07-27;16:00;13;13.67;13.58;10.45;Bueno;30.19;Bueno;8;8.54;7.79;15.58;Bueno;51.94;Bueno;Bueno;Bueno
2026-07-27;17:00;18;14.04;13.58;10.45;Bueno;30.19;Bueno;11;8.67;7.79;15.58;Bueno;51.94;Bueno;Bueno;Bueno
2026-07-27;18:00;16;14.00;13.58;10.45;Bueno;30.19;Bueno;11;8.46;7.79;15.58;Bueno;51.94;Bueno;Bueno;Bueno
2026-07-27;19:00;12;14.00;13.58;10.45;Bueno;30.19;Bueno;10;8.42;7.79;15.58;Bueno;51.94;Bueno;Bueno;Bueno
2026-07-27;20:00;17;14.04;13.58;10.45;Bueno;30.19;Bueno;16;8.46;7.79;15.58;Bueno;51.94;Bueno;Bueno;Bueno
2026-07-27;21:00;14;13.96;13.58;10.45;Bueno;30.19;Bueno;10;8.25;7.79;15.58;Bueno;51.94;Bueno;Bueno;Bueno
2026-07-27;22:00;10;13.88;13.58;10.45;Bueno;30.19;Bueno;7;8.17;7.79;15.58;Bueno;51.94;Bueno;Bueno;Bueno
2026-07-27;23:00;7;13.58;13.58;10.45;Bueno;30.19;Bueno;5;7.79;7.79;15.58;Bueno;51.94;Bueno;Bueno;Bueno
2026-07-28;00:00;13;13.71;47.67;36.67;Bueno;104.37;Regular;3;7.54;37.08;74.17;Bueno;148.04;Regular;Bueno;Regular
2026-07-28;01:00;11;13.83;47.67;36.67;Bueno;104.37;Regular;5;7.50;37.08;74.17;Bueno;148.04;Regular;Bueno;Regular
2026-07-28;02:00;6;13.58;47.67;36.67;Bueno;104.37;Regular;3;7.58;37.08;74.17;Bueno;148.04;Regular;Bueno;Regular
2026-07-28;03:00;3;13.25;47.67;36.67;Bueno;104.37;Regular;2;7.54;37.08;74.17;Bueno;148.04;Regular;Bueno;Regular
2026-07-28;04:00;2;12.96;47.67;36.67;Bueno;104.37;Regular;1;7.42;37.08;74.17;Bueno;148.04;Regular;Bueno;Regular
2026-07-28;05:00;2;12.33;47.67;36.67;Bueno;104.37;Regular;1;7.33;37.08;74.17;Bueno;148.04;Regular;Bueno;Regular
2026-07-28;06:00;4;12.17;47.67;36.67;Bueno;104.37;Regular;2;7.33;37.08;74.17;Bueno;148.04;Regular;Bueno;Regular
2026-07-28;07:00;11;11.96;47.67;36.67;Bueno;104.37;Regular;4;7.25;37.08;74.17;Bueno;148.04;Regular;Bueno;Regular
2026-07-28;08:00;12;11.79;47.67;36.67;Bueno;104.37;Regular;5;7.08;37.08;74.17;Bueno;148.04;Regular;Bueno;Regular
2026-07-28;09:00;11;11.62;47.67;36.67;Bueno;104.37;Regular;8;7.04;37.08;74.17;Bueno;148.04;Regular;Bueno;Regular
2026-07-28;10:00;8;11.29;47.67;36.67;Bueno;104.37;Regular;8;6.92;37.08;74.17;Bueno;148.04;Regular;Bueno;Regular
2026-07-28;11:00;6;10.75;47.67;36.67;Bueno;104.37;Regular;6;6.75;37.08;74.17;Bueno;148.04;Regular;Bueno;Regular
2026-07-28;12:00;10;10.42;47.67;36.67;Bueno;104.37;Regular;5;6.67;37.08;74.17;Bueno;148.04;Regular;Bueno;Regular
2026-07-28;13:00;13;10.38;47.67;36.67;Bueno;104.37;Regular;5;6.58;37.08;74.17;Bueno;148.04;Regular;Bueno;Regular
2026-07-28;14:00;11;10.21;47.67;36.67;Bueno;104.37;Regular;8;6.62;37.08;74.17;Bueno;148.04;Regular;Bueno;Regular
2026-07-28;15:00;18;10.33;47.67;36.67;Bueno;104.37;Regular;11;6.46;37.08;74.17;Bueno;148.04;Regular;Bueno;Regular
2026-07-28;16:00;29;11.00;47.67;36.67;Bueno;104.37;Regular;13;6.67;37.08;74.17;Bueno;148.04;Regular;Bueno;Regular
2026-07-28;17:00;38;11.83;47.67;36.67;Bueno;104.37;Regular;19;7.00;37.08;74.17;Bueno;148.04;Regular;Bueno;Regular
2026-07-28;18:00;49;13.21;47.67;36.67;Bueno;104.37;Regular;32;7.88;37.08;74.17;Bueno;148.04;Regular;Bueno;Regular
2026-07-28;19:00;53;14.92;47.67;36.67;Bueno;104.37;Regular;33;8.83;37.08;74.17;Bueno;148.04;Regular;Bueno;Regular
2026-07-28;20:00;76;17.38;47.67;36.67;Bueno;104.37;Regular;54;10.42;37.08;74.17;Bueno;148.04;Regular;Bueno;Regular
2026-07-28;21:00;135;22.42;47.67;36.67;Bueno;104.37;Regular;121;15.04;37.08;74.17;Bueno;148.04;Regular;Bueno;Regular
2026-07-28;22:00;251;32.46;47.67;36.67;Bueno;104.37;Regular;194;22.83;37.08;74.17;Bueno;148.04;Regular;Bueno;Regular
2026-07-28;23:00;372;47.67;47.67;36.67;Bueno;104.37;Regular;347;37.08;37.08;74.17;Bueno;148.04;Regular;Bueno;Regular
