Fecha;Hora;ConcentracionMP10;PromedioMovil24h_MP10;PromedioDiario_MP10;ICAP_MP10;Condicion_MP10;ICAP_mod_MP10;Condicion_mod_MP10;ConcentracionMP2_5;PromedioMovil24h_MP2_5;PromedioDiario_MP2_5;ICAP_MP2_5;Condicion_MP2_5;ICAP_mod_MP2_5;Condicion_mod_MP2_5;condicion_final;condicion_mod
2025-07-27;01:00;93;;71.91;55.32;Bueno;144.29;Regular;63;;47.13;94.26;Bueno;170.12;Regular;Bueno;Regular
2025-07-27;02:00;94;;71.91;55.32;Bueno;144.29;Regular;71;;47.13;94.26;Bueno;170.12;Regular;Bueno;Regular
2025-07-27;03:00;97;;71.91;55.32;Bueno;144.29;Regular;65;;47.13;94.26;Bueno;170.12;Regular;Bueno;Regular
2025-07-27;04:00;93;;71.91;55.32;Bueno;144.29;Regular;71;;47.13;94.26;Bueno;170.12;Regular;Bueno;Regular
2025-07-27;05:00;72;;71.91;55.32;Bueno;144.29;Regular;50;;47.13;94.26;Bueno;170.12;Regular;Bueno;Regular
2025-07-27;06:00;70;;71.91;55.32;Bueno;144.29;Regular;54;;47.13;94.26;Bueno;170.12;Regular;Bueno;Regular
2025-07-27;07:00;75;;71.91;55.32;Bueno;144.29;Regular;58;;47.13;94.26;Bueno;170.12;Regular;Bueno;Regular
2025-07-27;08:00;79;;71.91;55.32;Bueno;144.29;Regular;59;;47.13;94.26;Bueno;170.12;Regular;Bueno;Regular
2025-07-27;09:00;90;;71.91;55.32;Bueno;144.29;Regular;65;;47.13;94.26;Bueno;170.12;Regular;Bueno;Regular
2025-07-27;10:00;72;;71.91;55.32;Bueno;144.29;Regular;52;;47.13;94.26;Bueno;170.12;Regular;Bueno;Regular
2025-07-27;11:00;81;;71.91;55.32;Bueno;144.29;Regular;50;;47.13;94.26;Bueno;170.12;Regular;Bueno;Regular
2025-07-27;12:00;72;;71.91;55.32;Bueno;144.29;Regular;50;;47.13;94.26;Bueno;170.12;Regular;Bueno;Regular
2025-07-27;13:00;78;;71.91;55.32;Bueno;144.29;Regular;48;;47.13;94.26;Bueno;170.12;Regular;Bueno;Regular
2025-07-27;14:00;81;;71.91;55.32;Bueno;144.29;Regular;52;;47.13;94.26;Bueno;170.12;Regular;Bueno;Regular
2025-07-27;15:00;63;;71.91;55.32;Bueno;144.29;Regular;43;;47.13;94.26;Bueno;170.12;Regular;Bueno;Regular
2025-07-27;16:00;54;;71.91;55.32;Bueno;144.29;Regular;29;;47.13;94.26;Bueno;170.12;Regular;Bueno;Regular
2025-07-27;17:00;47;;71.91;55.32;Bueno;144.29;Regular;25;;47.13;94.26;Bueno;170.12;Regular;Bueno;Regular
2025-07-27;18:00;40;75.06;71.91;55.32;Bueno;144.29;Regular;20;51.39;47.13;94.26;Bueno;170.12;Regular;Bueno;Regular
2025-07-27;19:00;51;73.79;71.91;55.32;Bueno;144.29;Regular;28;50.16;47.13;94.26;Bueno;170.12;Regular;Bueno;Regular
2025-07-27;20:00;59;73.05;71.91;55.32;Bueno;144.29;Regular;27;49.00;47.13;94.26;Bueno;170.12;Regular;Bueno;Regular
2025-07-27;21:00;65;72.67;71.91;55.32;Bueno;144.29;Regular;35;48.33;47.13;94.26;Bueno;170.12;Regular;Bueno;Regular
2025-07-27;22:00;65;72.32;71.91;55.32;Bueno;144.29;Regular;34;47.68;47.13;94.26;Bueno;170.12;Regular;Bueno;Regular
2025-07-27;23:00;63;71.91;71.91;55.32;Bueno;144.29;Regular;35;47.13;47.13;94.26;Bueno;170.12;Regular;Bueno;Regular
2025-07-28;00:00;59;71.38;105.17;80.90;Bueno;199.69;Regular;42;46.92;46.83;93.67;Bueno;169.46;Regular;Bueno;Regular
2025-07-28;01:00;67;70.29;105.17;80.90;Bueno;199.69;Regular;39;45.92;46.83;93.67;Bueno;169.46;Regular;Bueno;Regular
2025-07-28;02:00;59;68.83;105.17;80.90;Bueno;199.69;Regular;37;44.50;46.83;93.67;Bueno;169.46;Regular;Bueno;Regular
2025-07-28;03:00;62;67.38;105.17;80.90;Bueno;199.69;Regular;44;43.62;46.83;93.67;Bueno;169.46;Regular;Bueno;Regular
2025-07-28;04:00;73;66.54;105.17;80.90;Bueno;199.69;Regular;44;42.50;46.83;93.67;Bueno;169.46;Regular;Bueno;Regular
2025-07-28;05:00;64;66.21;105.17;80.90;Bueno;199.69;Regular;49;42.46;46.83;93.67;Bueno;169.46;Regular;Bueno;Regular
2025-07-28;06:00;62;65.88;105.17;80.90;Bueno;199.69;Regular;48;42.21;46.83;93.67;Bueno;169.46;Regular;Bueno;Regular
2025-07-28;07:00;87;66.38;105.17;80.90;Bueno;199.69;Regular;50;41.88;46.83;93.67;Bueno;169.46;Regular;Bueno;Regular
2025-07-28;08:00;134;68.67;105.17;80.90;Bueno;199.69;Regular;60;41.92;46.83;93.67;Bueno;169.46;Regular;Bueno;Regular
2025-07-28;09:00;142;70.83;105.17;80.90;Bueno;199.69;Regular;78;42.46;46.83;93.67;Bueno;169.46;Regular;Bueno;Regular
2025-07-28;10:00;136;73.50;105.17;80.90;Bueno;199.69;Regular;69;43.17;46.83;93.67;Bueno;169.46;Regular;Bueno;Regular
2025-07-28;11:00;109;74.67;105.17;80.90;Bueno;199.69;Regular;60;43.58;46.83;93.67;Bueno;169.46;Regular;Bueno;Regular
2025-07-28;12:00;104;76.00;105.17;80.90;Bueno;199.69;Regular;55;43.79;46.83;93.67;Bueno;169.46;Regular;Bueno;Regular
2025-07-28;13:00;109;77.29;105.17;80.90;Bueno;199.69;Regular;47;43.75;46.83;93.67;Bueno;169.46;Regular;Bueno;Regular
2025-07-28;14:00;90;77.67;105.17;80.90;Bueno;199.69;Regular;36;43.08;46.83;93.67;Bueno;169.46;Regular;Bueno;Regular
2025-07-28;15:00;77;78.25;105.17;80.90;Bueno;199.69;Regular;22;42.21;46.83;93.67;Bueno;169.46;Regular;Bueno;Regular
2025-07-28;16:00;67;78.79;105.17;80.90;Bueno;199.69;Regular;25;42.04;46.83;93.67;Bueno;169.46;Regular;Bueno;Regular
2025-07-28;17:00;140;82.67;105.17;80.90;Bueno;199.69;Regular;41;42.71;46.83;93.67;Bueno;169.46;Regular;Bueno;Regular
2025-07-28;18:00;147;87.12;105.17;80.90;Bueno;199.69;Regular;43;43.67;46.83;93.67;Bueno;169.46;Regular;Bueno;Regular
2025-07-28;19:00;116;89.83;105.17;80.90;Bueno;199.69;Regular;39;44.12;46.83;93.67;Bueno;169.46;Regular;Bueno;Regular
2025-07-28;20:00;168;94.38;105.17;80.90;Bueno;199.69;Regular;48;45.00;46.83;93.67;Bueno;169.46;Regular;Bueno;Regular
2025-07-28;21:00;177;99.04;105.17;80.90;Bueno;199.69;Regular;53;45.75;46.83;93.67;Bueno;169.46;Regular;Bueno;Regular
2025-07-28;22:00;161;103.04;105.17;80.90;Bueno;199.69;Regular;53;46.54;46.83;93.67;Bueno;169.46;Regular;Bueno;Regular
2025-07-28;23:00;114;105.17;105.17;80.90;Bueno;199.69;Regular;42;46.83;46.83;93.67;Bueno;169.46;Regular;Bueno;Regular
2025-07-29;00:00;78;105.96;115.29;88.69;Bueno;216.71;Alerta;36;46.58;35.50;71.00;Bueno;144.57;Regular;Bueno;Alerta
2025-07-29;01:00;87;106.79;115.29;88.69;Bueno;216.71;Alerta;42;46.71;35.50;71.00;Bueno;144.57;Regular;Bueno;Alerta
2025-07-29;02:00;75;107.46;115.29;88.69;Bueno;216.71;Alerta;38;46.75;35.50;71.00;Bueno;144.57;Regular;Bueno;Alerta
2025-07-29;03:00;86;108.46;115.29;88.69;Bueno;216.71;Alerta;44;46.75;35.50;71.00;Bueno;144.57;Regular;Bueno;Alerta
2025-07-29;04:00;86;109.00;115.29;88.69;Bueno;216.71;Alerta;36;46.42;35.50;71.00;Bueno;144.57;Regular;Bueno;Alerta
2025-07-29;05:00;57;108.71;115.29;88.69;Bueno;216.71;Alerta;29;45.58;35.50;71.00;Bueno;144.57;Regular;Bueno;Alerta
2025-07-29;06:00;67;108.92;115.29;88.69;Bueno;216.71;Alerta;24;44.58;35.50;71.00;Bueno;144.57;Regular;Bueno;Alerta
2025-07-29;07:00;94;109.21;115.29;88.69;Bueno;216.71;Alerta;35;43.96;35.50;71.00;Bueno;144.57;Regular;Bueno;Alerta
2025-07-29;08:00;153;110.00;115.29;88.69;Bueno;216.71;Alerta;35;42.92;35.50;71.00;Bueno;144.57;Regular;Bueno;Alerta
2025-07-29;09:00;141;109.96;115.29;88.69;Bueno;216.71;Alerta;37;41.21;35.50;71.00;Bueno;144.57;Regular;Bueno;Alerta
2025-07-29;10:00;104;108.62;115.29;88.69;Bueno;216.71;Alerta;33;39.71;35.50;71.00;Bueno;144.57;Regular;Bueno;Alerta
2025-07-29;11:00;139;109.88;115.29;88.69;Bueno;216.71;Alerta;36;38.71;35.50;71.00;Bueno;144.57;Regular;Bueno;Alerta
2025-07-29;12:00;116;110.38;115.29;88.69;Bueno;216.71;Alerta;35;37.88;35.50;71.00;Bueno;144.57;Regular;Bueno;Alerta
2025-07-29;13:00;113;110.54;115.29;88.69;Bueno;216.71;Alerta;37;37.46;35.50;71.00;Bueno;144.57;Regular;Bueno;Alerta
2025-07-29;14:00;91;110.58;115.29;88.69;Bueno;216.71;Alerta;28;37.12;35.50;71.00;Bueno;144.57;Regular;Bueno;Alerta
2025-07-29;15:00;100;111.54;115.29;88.69;Bueno;216.71;Alerta;28;37.38;35.50;71.00;Bueno;144.57;Regular;Bueno;Alerta
2025-07-29;16:00;181;116.29;115.29;88.69;Bueno;216.71;Alerta;39;37.96;35.50;71.00;Bueno;144.57;Regular;Bueno;Alerta
2025-07-29;17:00;173;117.67;115.29;88.69;Bueno;216.71;Alerta;39;37.88;35.50;71.00;Bueno;144.57;Regular;Bueno;Alerta
2025-07-29;18:00;200;119.88;115.29;88.69;Bueno;216.71;Alerta;41;37.79;35.50;71.00;Bueno;144.57;Regular;Bueno;Alerta
2025-07-29;19:00;232;124.71;115.29;88.69;Bueno;216.71;Alerta;53;38.38;35.50;71.00;Bueno;144.57;Regular;Bueno;Alerta
2025-07-29;20:00;122;122.79;115.29;88.69;Bueno;216.71;Alerta;31;37.67;35.50;71.00;Bueno;144.57;Regular;Bueno;Alerta
2025-07-29;21:00;98;119.50;115.29;88.69;Bueno;216.71;Alerta;31;36.75;35.50;71.00;Bueno;144.57;Regular;Bueno;Alerta
2025-07-29;22:00;91;116.58;115.29;88.69;Bueno;216.71;Alerta;31;35.83;35.50;71.00;Bueno;144.57;Regular;Bueno;Alerta
2025-07-29;23:00;83;115.29;115.29;88.69;Bueno;216.71;Alerta;34;35.50;35.50;71.00;Bueno;144.57;Regular;Bueno;Alerta
2025-07-30;00:00;90;115.79;86.75;66.73;Bueno;168.92;Regular;35;35.46;30.58;61.17;Bueno;133.83;Regular;Bueno;Regular
2025-07-30;01:00;78;115.42;86.75;66.73;Bueno;168.92;Regular;29;34.92;30.58;61.17;Bueno;133.83;Regular;Bueno;Regular
2025-07-30;02:00;81;115.67;86.75;66.73;Bueno;168.92;Regular;31;34.62;30.58;61.17;Bueno;133.83;Regular;Bueno;Regular
2025-07-30;03:00;73;115.12;86.75;66.73;Bueno;168.92;Regular;34;34.21;30.58;61.17;Bueno;133.83;Regular;Bueno;Regular
2025-07-30;04:00;78;114.79;86.75;66.73;Bueno;168.92;Regular;39;34.33;30.58;61.17;Bueno;133.83;Regular;Bueno;Regular
2025-07-30;05:00;90;116.17;86.75;66.73;Bueno;168.92;Regular;36;34.62;30.58;61.17;Bueno;133.83;Regular;Bueno;Regular
2025-07-30;06:00;75;116.50;86.75;66.73;Bueno;168.92;Regular;30;34.88;30.58;61.17;Bueno;133.83;Regular;Bueno;Regular
2025-07-30;07:00;115;117.38;86.75;66.73;Bueno;168.92;Regular;42;35.17;30.58;61.17;Bueno;133.83;Regular;Bueno;Regular
2025-07-30;08:00;100;115.17;86.75;66.73;Bueno;168.92;Regular;37;35.25;30.58;61.17;Bueno;133.83;Regular;Bueno;Regular
2025-07-30;09:00;68;112.12;86.75;66.73;Bueno;168.92;Regular;22;34.62;30.58;61.17;Bueno;133.83;Regular;Bueno;Regular
2025-07-30;10:00;83;111.25;86.75;66.73;Bueno;168.92;Regular;27;34.38;30.58;61.17;Bueno;133.83;Regular;Bueno;Regular
2025-07-30;11:00;122;110.54;86.75;66.73;Bueno;168.92;Regular;31;34.17;30.58;61.17;Bueno;133.83;Regular;Bueno;Regular
2025-07-30;12:00;92;109.54;86.75;66.73;Bueno;168.92;Regular;28;33.88;30.58;61.17;Bueno;133.83;Regular;Bueno;Regular
2025-07-30;13:00;98;108.92;86.75;66.73;Bueno;168.92;Regular;31;33.62;30.58;61.17;Bueno;133.83;Regular;Bueno;Regular
2025-07-30;14:00;126;110.38;86.75;66.73;Bueno;168.92;Regular;32;33.79;30.58;61.17;Bueno;133.83;Regular;Bueno;Regular
2025-07-30;15:00;104;110.54;86.75;66.73;Bueno;168.92;Regular;38;34.21;30.58;61.17;Bueno;133.83;Regular;Bueno;Regular
2025-07-30;16:00;100;107.17;86.75;66.73;Bueno;168.92;Regular;31;33.88;30.58;61.17;Bueno;133.83;Regular;Bueno;Regular
2025-07-30;17:00;143;105.92;86.75;66.73;Bueno;168.92;Regular;39;33.88;30.58;61.17;Bueno;133.83;Regular;Bueno;Regular
2025-07-30;18:00;113;102.29;86.75;66.73;Bueno;168.92;Regular;44;34.00;30.58;61.17;Bueno;133.83;Regular;Bueno;Regular
2025-07-30;19:00;92;96.46;86.75;66.73;Bueno;168.92;Regular;34;33.21;30.58;61.17;Bueno;133.83;Regular;Bueno;Regular
2025-07-30;20:00;76;94.54;86.75;66.73;Bueno;168.92;Regular;25;32.96;30.58;61.17;Bueno;133.83;Regular;Bueno;Regular
2025-07-30;21:00;44;92.29;86.75;66.73;Bueno;168.92;Regular;16;32.33;30.58;61.17;Bueno;133.83;Regular;Bueno;Regular
2025-07-30;22:00;23;89.46;86.75;66.73;Bueno;168.92;Regular;9;31.42;30.58;61.17;Bueno;133.83;Regular;Bueno;Regular
2025-07-30;23:00;18;86.75;86.75;66.73;Bueno;168.92;Regular;14;30.58;30.58;61.17;Bueno;133.83;Regular;Bueno;Regular
2025-07-31;00:00;39;84.62;42.04;32.34;Bueno;93.43;Bueno;17;29.83;10.46;20.92;Bueno;69.72;Bueno;Bueno;Bueno
2025-07-31;01:00;36;82.88;42.04;32.34;Bueno;93.43;Bueno;19;29.42;10.46;20.92;Bueno;69.72;Bueno;Bueno;Bueno
2025-07-31;02:00;34;80.92;42.04;32.34;Bueno;93.43;Bueno;19;28.92;10.46;20.92;Bueno;69.72;Bueno;Bueno;Bueno
2025-07-31;03:00;30;79.12;42.04;32.34;Bueno;93.43;Bueno;17;28.21;10.46;20.92;Bueno;69.72;Bueno;Bueno;Bueno
2025-07-31;04:00;33;77.25;42.04;32.34;Bueno;93.43;Bueno;16;27.25;10.46;20.92;Bueno;69.72;Bueno;Bueno;Bueno
2025-07-31;05:00;45;75.38;42.04;32.34;Bueno;93.43;Bueno;15;26.38;10.46;20.92;Bueno;69.72;Bueno;Bueno;Bueno
2025-07-31;06:00;37;73.79;42.04;32.34;Bueno;93.43;Bueno;17;25.83;10.46;20.92;Bueno;69.72;Bueno;Bueno;Bueno
2025-07-31;07:00;49;71.04;42.04;32.34;Bueno;93.43;Bueno;13;24.62;10.46;20.92;Bueno;69.72;Bueno;Bueno;Bueno
2025-07-31;08:00;;69.78;42.04;32.34;Bueno;93.43;Bueno;12;23.58;10.46;20.92;Bueno;69.72;Bueno;Bueno;Bueno
2025-07-31;09:00;91;70.78;42.04;32.34;Bueno;93.43;Bueno;7;22.96;10.46;20.92;Bueno;69.72;Bueno;Bueno;Bueno
2025-07-31;10:00;138;73.17;42.04;32.34;Bueno;93.43;Bueno;6;22.08;10.46;20.92;Bueno;69.72;Bueno;Bueno;Bueno
2025-07-31;11:00;106;72.48;42.04;32.34;Bueno;93.43;Bueno;8;21.12;10.46;20.92;Bueno;69.72;Bueno;Bueno;Bueno
2025-07-31;12:00;110;73.26;42.04;32.34;Bueno;93.43;Bueno;8;20.29;10.46;20.92;Bueno;69.72;Bueno;Bueno;Bueno
2025-07-31;13:00;44;70.91;42.04;32.34;Bueno;93.43;Bueno;5;19.21;10.46;20.92;Bueno;69.72;Bueno;Bueno;Bueno
2025-07-31;14:00;24;66.48;42.04;32.34;Bueno;93.43;Bueno;3;18.00;10.46;20.92;Bueno;69.72;Bueno;Bueno;Bueno
2025-07-31;15:00;25;63.04;42.04;32.34;Bueno;93.43;Bueno;1;16.46;10.46;20.92;Bueno;69.72;Bueno;Bueno;Bueno
2025-07-31;16:00;21;59.61;42.04;32.34;Bueno;93.43;Bueno;1;15.21;10.46;20.92;Bueno;69.72;Bueno;Bueno;Bueno
2025-07-31;17:00;20;54.26;42.04;32.34;Bueno;93.43;Bueno;7;13.88;10.46;20.92;Bueno;69.72;Bueno;Bueno;Bueno
2025-07-31;18:00;16;50.04;42.04;32.34;Bueno;93.43;Bueno;10;12.46;10.46;20.92;Bueno;69.72;Bueno;Bueno;Bueno
2025-07-31;19:00;19;46.87;42.04;32.34;Bueno;93.43;Bueno;13;11.58;10.46;20.92;Bueno;69.72;Bueno;Bueno;Bueno
2025-07-31;20:00;21;44.48;42.04;32.34;Bueno;93.43;Bueno;15;11.17;10.46;20.92;Bueno;69.72;Bueno;Bueno;Bueno
2025-07-31;21:00;12;43.09;42.04;32.34;Bueno;93.43;Bueno;10;10.92;10.46;20.92;Bueno;69.72;Bueno;Bueno;Bueno
2025-07-31;22:00;10;42.52;42.04;32.34;Bueno;93.43;Bueno;8;10.88;10.46;20.92;Bueno;69.72;Bueno;Bueno;Bueno
2025-07-31;23:00;7;42.04;42.04;32.34;Bueno;93.43;Bueno;4;10.46;10.46;20.92;Bueno;69.72;Bueno;Bueno;Bueno
2025-08-01;00:00;6;40.61;7.96;6.12;Bueno;17.69;Bueno;4;9.92;2.92;5.83;Bueno;19.44;Bueno;Bueno;Bueno
2025-08-01;01:00;8;39.39;7.96;6.12;Bueno;17.69;Bueno;7;9.42;2.92;5.83;Bueno;19.44;Bueno;Bueno;Bueno
2025-08-01;02:00;9;38.30;7.96;6.12;Bueno;17.69;Bueno;8;8.96;2.92;5.83;Bueno;19.44;Bueno;Bueno;Bueno
2025-08-01;03:00;6;37.26;7.96;6.12;Bueno;17.69;Bueno;5;8.46;2.92;5.83;Bueno;19.44;Bueno;Bueno;Bueno
2025-08-01;04:00;4;36.00;7.96;6.12;Bueno;17.69;Bueno;2;7.88;2.92;5.83;Bueno;19.44;Bueno;Bueno;Bueno
2025-08-01;05:00;2;34.13;7.96;6.12;Bueno;17.69;Bueno;1;7.29;2.92;5.83;Bueno;19.44;Bueno;Bueno;Bueno
2025-08-01;06:00;5;32.74;7.96;6.12;Bueno;17.69;Bueno;1;6.62;2.92;5.83;Bueno;19.44;Bueno;Bueno;Bueno
2025-08-01;07:00;4;30.78;7.96;6.12;Bueno;17.69;Bueno;1;6.12;2.92;5.83;Bueno;19.44;Bueno;Bueno;Bueno
2025-08-01;08:00;4;29.67;7.96;6.12;Bueno;17.69;Bueno;1;5.67;2.92;5.83;Bueno;19.44;Bueno;Bueno;Bueno
2025-08-01;09:00;10;26.29;7.96;6.12;Bueno;17.69;Bueno;1;5.42;2.92;5.83;Bueno;19.44;Bueno;Bueno;Bueno
2025-08-01;10:00;12;21.04;7.96;6.12;Bueno;17.69;Bueno;3;5.29;2.92;5.83;Bueno;19.44;Bueno;Bueno;Bueno
2025-08-01;11:00;8;16.96;7.96;6.12;Bueno;17.69;Bueno;3;5.08;2.92;5.83;Bueno;19.44;Bueno;Bueno;Bueno
2025-08-01;12:00;5;12.58;7.96;6.12;Bueno;17.69;Bueno;3;4.88;2.92;5.83;Bueno;19.44;Bueno;Bueno;Bueno
2025-08-01;13:00;4;10.92;7.96;6.12;Bueno;17.69;Bueno;3;4.79;2.92;5.83;Bueno;19.44;Bueno;Bueno;Bueno
2025-08-01;14:00;15;10.54;7.96;6.12;Bueno;17.69;Bueno;3;4.79;2.92;5.83;Bueno;19.44;Bueno;Bueno;Bueno
2025-08-01;15:00;13;10.04;7.96;6.12;Bueno;17.69;Bueno;2;4.83;2.92;5.83;Bueno;19.44;Bueno;Bueno;Bueno
2025-08-01;16:00;8;9.50;7.96;6.12;Bueno;17.69;Bueno;1;4.83;2.92;5.83;Bueno;19.44;Bueno;Bueno;Bueno
2025-08-01;17:00;8;9.00;7.96;6.12;Bueno;17.69;Bueno;1;4.58;2.92;5.83;Bueno;19.44;Bueno;Bueno;Bueno
2025-08-01;18:00;6;8.58;7.96;6.12;Bueno;17.69;Bueno;1;4.21;2.92;5.83;Bueno;19.44;Bueno;Bueno;Bueno
2025-08-01;19:00;10;8.21;7.96;6.12;Bueno;17.69;Bueno;2;3.75;2.92;5.83;Bueno;19.44;Bueno;Bueno;Bueno
2025-08-01;20:00;11;7.79;7.96;6.12;Bueno;17.69;Bueno;2;3.21;2.92;5.83;Bueno;19.44;Bueno;Bueno;Bueno
2025-08-01;21:00;8;7.62;7.96;6.12;Bueno;17.69;Bueno;2;2.88;2.92;5.83;Bueno;19.44;Bueno;Bueno;Bueno
2025-08-01;22:00;17;7.92;7.96;6.12;Bueno;17.69;Bueno;6;2.79;2.92;5.83;Bueno;19.44;Bueno;Bueno;Bueno
2025-08-01;23:00;8;7.96;7.96;6.12;Bueno;17.69;Bueno;7;2.92;2.92;5.83;Bueno;19.44;Bueno;Bueno;Bueno
2025-08-02;00:00;4;7.88;17.04;13.11;Bueno;37.87;Bueno;3;2.88;8.96;17.91;Bueno;59.71;Bueno;Bueno;Bueno
2025-08-02;01:00;;7.87;17.04;13.11;Bueno;37.87;Bueno;;2.70;8.96;17.91;Bueno;59.71;Bueno;Bueno;Bueno
2025-08-02;02:00;6;7.74;17.04;13.11;Bueno;37.87;Bueno;3;2.48;8.96;17.91;Bueno;59.71;Bueno;Bueno;Bueno
2025-08-02;03:00;6;7.74;17.04;13.11;Bueno;37.87;Bueno;4;2.43;8.96;17.91;Bueno;59.71;Bueno;Bueno;Bueno
2025-08-02;04:00;5;7.78;17.04;13.11;Bueno;37.87;Bueno;1;2.39;8.96;17.91;Bueno;59.71;Bueno;Bueno;Bueno
2025-08-02;05:00;4;7.87;17.04;13.11;Bueno;37.87;Bueno;1;2.39;8.96;17.91;Bueno;59.71;Bueno;Bueno;Bueno
2025-08-02;06:00;2;7.74;17.04;13.11;Bueno;37.87;Bueno;1;2.39;8.96;17.91;Bueno;59.71;Bueno;Bueno;Bueno
2025-08-02;07:00;7;7.87;17.04;13.11;Bueno;37.87;Bueno;6;2.61;8.96;17.91;Bueno;59.71;Bueno;Bueno;Bueno
2025-08-02;08:00;7;8.00;17.04;13.11;Bueno;37.87;Bueno;4;2.74;8.96;17.91;Bueno;59.71;Bueno;Bueno;Bueno
2025-08-02;09:00;8;7.91;17.04;13.11;Bueno;37.87;Bueno;1;2.74;8.96;17.91;Bueno;59.71;Bueno;Bueno;Bueno
2025-08-02;10:00;7;7.70;17.04;13.11;Bueno;37.87;Bueno;4;2.78;8.96;17.91;Bueno;59.71;Bueno;Bueno;Bueno
2025-08-02;11:00;6;7.61;17.04;13.11;Bueno;37.87;Bueno;5;2.87;8.96;17.91;Bueno;59.71;Bueno;Bueno;Bueno
2025-08-02;12:00;5;7.61;17.04;13.11;Bueno;37.87;Bueno;4;2.91;8.96;17.91;Bueno;59.71;Bueno;Bueno;Bueno
2025-08-02;13:00;5;7.65;17.04;13.11;Bueno;37.87;Bueno;4;2.96;8.96;17.91;Bueno;59.71;Bueno;Bueno;Bueno
2025-08-02;14:00;9;7.39;17.04;13.11;Bueno;37.87;Bueno;5;3.04;8.96;17.91;Bueno;59.71;Bueno;Bueno;Bueno
2025-08-02;15:00;8;7.17;17.04;13.11;Bueno;37.87;Bueno;4;3.13;8.96;17.91;Bueno;59.71;Bueno;Bueno;Bueno
2025-08-02;16:00;15;7.48;17.04;13.11;Bueno;37.87;Bueno;4;3.26;8.96;17.91;Bueno;59.71;Bueno;Bueno;Bueno
2025-08-02;17:00;19;7.96;17.04;13.11;Bueno;37.87;Bueno;4;3.39;8.96;17.91;Bueno;59.71;Bueno;Bueno;Bueno
2025-08-02;18:00;40;9.43;17.04;13.11;Bueno;37.87;Bueno;19;4.17;8.96;17.91;Bueno;59.71;Bueno;Bueno;Bueno
2025-08-02;19:00;54;11.35;17.04;13.11;Bueno;37.87;Bueno;24;5.13;8.96;17.91;Bueno;59.71;Bueno;Bueno;Bueno
2025-08-02;20:00;48;12.96;17.04;13.11;Bueno;37.87;Bueno;31;6.39;8.96;17.91;Bueno;59.71;Bueno;Bueno;Bueno
2025-08-02;21:00;45;14.57;17.04;13.11;Bueno;37.87;Bueno;32;7.70;8.96;17.91;Bueno;59.71;Bueno;Bueno;Bueno
2025-08-02;22:00;49;15.96;17.04;13.11;Bueno;37.87;Bueno;24;8.48;8.96;17.91;Bueno;59.71;Bueno;Bueno;Bueno
2025-08-02;23:00;33;17.04;17.04;13.11;Bueno;37.87;Bueno;18;8.96;8.96;17.91;Bueno;59.71;Bueno;Bueno;Bueno
2025-08-03;00:00;47;18.91;39.75;30.58;Bueno;88.33;Bueno;31;10.17;21.50;43.00;Bueno;114.07;Regular;Bueno;Regular
2025-08-03;01:00;47;20.08;39.75;30.58;Bueno;88.33;Bueno;33;11.12;21.50;43.00;Bueno;114.07;Regular;Bueno;Regular
2025-08-03;02:00;59;22.29;39.75;30.58;Bueno;88.33;Bueno;33;12.38;21.50;43.00;Bueno;114.07;Regular;Bueno;Regular
2025-08-03;03:00;29;23.25;39.75;30.58;Bueno;88.33;Bueno;28;13.38;21.50;43.00;Bueno;114.07;Regular;Bueno;Regular
2025-08-03;04:00;33;24.42;39.75;30.58;Bueno;88.33;Bueno;27;14.46;21.50;43.00;Bueno;114.07;Regular;Bueno;Regular
2025-08-03;05:00;26;25.33;39.75;30.58;Bueno;88.33;Bueno;15;15.04;21.50;43.00;Bueno;114.07;Regular;Bueno;Regular
2025-08-03;06:00;21;26.12;39.75;30.58;Bueno;88.33;Bueno;16;15.67;21.50;43.00;Bueno;114.07;Regular;Bueno;Regular
2025-08-03;07:00;25;26.88;39.75;30.58;Bueno;88.33;Bueno;17;16.12;21.50;43.00;Bueno;114.07;Regular;Bueno;Regular
2025-08-03;08:00;37;28.12;39.75;30.58;Bueno;88.33;Bueno;22;16.88;21.50;43.00;Bueno;114.07;Regular;Bueno;Regular
2025-08-03;09:00;42;29.54;39.75;30.58;Bueno;88.33;Bueno;25;17.88;21.50;43.00;Bueno;114.07;Regular;Bueno;Regular
2025-08-03;10:00;31;30.54;39.75;30.58;Bueno;88.33;Bueno;24;18.71;21.50;43.00;Bueno;114.07;Regular;Bueno;Regular
2025-08-03;11:00;35;31.75;39.75;30.58;Bueno;88.33;Bueno;16;19.17;21.50;43.00;Bueno;114.07;Regular;Bueno;Regular
2025-08-03;12:00;20;32.38;39.75;30.58;Bueno;88.33;Bueno;15;19.62;21.50;43.00;Bueno;114.07;Regular;Bueno;Regular
2025-08-03;13:00;14;32.75;39.75;30.58;Bueno;88.33;Bueno;9;19.83;21.50;43.00;Bueno;114.07;Regular;Bueno;Regular
2025-08-03;14:00;22;33.29;39.75;30.58;Bueno;88.33;Bueno;7;19.92;21.50;43.00;Bueno;114.07;Regular;Bueno;Regular
2025-08-03;15:00;27;34.08;39.75;30.58;Bueno;88.33;Bueno;9;20.12;21.50;43.00;Bueno;114.07;Regular;Bueno;Regular
2025-08-03;16:00;30;34.71;39.75;30.58;Bueno;88.33;Bueno;13;20.50;21.50;43.00;Bueno;114.07;Regular;Bueno;Regular
2025-08-03;17:00;32;35.25;39.75;30.58;Bueno;88.33;Bueno;16;21.00;21.50;43.00;Bueno;114.07;Regular;Bueno;Regular
2025-08-03;18:00;46;35.50;39.75;30.58;Bueno;88.33;Bueno;20;21.04;21.50;43.00;Bueno;114.07;Regular;Bueno;Regular
2025-08-03;19:00;64;35.92;39.75;30.58;Bueno;88.33;Bueno;19;20.83;21.50;43.00;Bueno;114.07;Regular;Bueno;Regular
2025-08-03;20:00;53;36.12;39.75;30.58;Bueno;88.33;Bueno;21;20.42;21.50;43.00;Bueno;114.07;Regular;Bueno;Regular
2025-08-03;21:00;47;36.21;39.75;30.58;Bueno;88.33;Bueno;29;20.29;21.50;43.00;Bueno;114.07;Regular;Bueno;Regular
2025-08-03;22:00;72;37.17;39.75;30.58;Bueno;88.33;Bueno;35;20.75;21.50;43.00;Bueno;114.07;Regular;Bueno;Regular
2025-08-03;23:00;95;39.75;39.75;30.58;Bueno;88.33;Bueno;36;21.50;21.50;43.00;Bueno;114.07;Regular;Bueno;Regular
2025-08-04;00:00;89;41.50;93.83;72.18;Bueno;180.73;Regular;37;21.75;27.29;54.58;Bueno;126.65;Regular;Bueno;Regular
2025-08-04;01:00;64;42.21;93.83;72.18;Bueno;180.73;Regular;32;21.71;27.29;54.58;Bueno;126.65;Regular;Bueno;Regular
2025-08-04;02:00;62;42.33;93.83;72.18;Bueno;180.73;Regular;35;21.79;27.29;54.58;Bueno;126.65;Regular;Bueno;Regular
2025-08-04;03:00;46;43.04;93.83;72.18;Bueno;180.73;Regular;26;21.71;27.29;54.58;Bueno;126.65;Regular;Bueno;Regular
2025-08-04;04:00;35;43.12;93.83;72.18;Bueno;180.73;Regular;24;21.58;27.29;54.58;Bueno;126.65;Regular;Bueno;Regular
2025-08-04;05:00;40;43.71;93.83;72.18;Bueno;180.73;Regular;26;22.04;27.29;54.58;Bueno;126.65;Regular;Bueno;Regular
2025-08-04;06:00;41;44.54;93.83;72.18;Bueno;180.73;Regular;20;22.21;27.29;54.58;Bueno;126.65;Regular;Bueno;Regular
2025-08-04;07:00;51;45.62;93.83;72.18;Bueno;180.73;Regular;23;22.46;27.29;54.58;Bueno;126.65;Regular;Bueno;Regular
2025-08-04;08:00;98;48.17;93.83;72.18;Bueno;180.73;Regular;31;22.83;27.29;54.58;Bueno;126.65;Regular;Bueno;Regular
2025-08-04;09:00;101;50.62;93.83;72.18;Bueno;180.73;Regular;33;23.17;27.29;54.58;Bueno;126.65;Regular;Bueno;Regular
2025-08-04;10:00;68;52.17;93.83;72.18;Bueno;180.73;Regular;29;23.38;27.29;54.58;Bueno;126.65;Regular;Bueno;Regular
2025-08-04;11:00;82;54.12;93.83;72.18;Bueno;180.73;Regular;20;23.54;27.29;54.58;Bueno;126.65;Regular;Bueno;Regular
2025-08-04;12:00;76;56.46;93.83;72.18;Bueno;180.73;Regular;18;23.67;27.29;54.58;Bueno;126.65;Regular;Bueno;Regular
2025-08-04;13:00;71;58.83;93.83;72.18;Bueno;180.73;Regular;22;24.21;27.29;54.58;Bueno;126.65;Regular;Bueno;Regular
2025-08-04;14:00;71;60.88;93.83;72.18;Bueno;180.73;Regular;23;24.88;27.29;54.58;Bueno;126.65;Regular;Bueno;Regular
2025-08-04;15:00;59;62.21;93.83;72.18;Bueno;180.73;Regular;10;24.92;27.29;54.58;Bueno;126.65;Regular;Bueno;Regular
2025-08-04;16:00;84;64.46;93.83;72.18;Bueno;180.73;Regular;16;25.04;27.29;54.58;Bueno;126.65;Regular;Bueno;Regular
2025-08-04;17:00;110;67.71;93.83;72.18;Bueno;180.73;Regular;16;25.04;27.29;54.58;Bueno;126.65;Regular;Bueno;Regular
2025-08-04;18:00;160;72.46;93.83;72.18;Bueno;180.73;Regular;26;25.29;27.29;54.58;Bueno;126.65;Regular;Bueno;Regular
2025-08-04;19:00;171;76.92;93.83;72.18;Bueno;180.73;Regular;32;25.83;27.29;54.58;Bueno;126.65;Regular;Bueno;Regular
2025-08-04;20:00;157;81.25;93.83;72.18;Bueno;180.73;Regular;31;26.25;27.29;54.58;Bueno;126.65;Regular;Bueno;Regular
2025-08-04;21:00;190;87.21;93.83;72.18;Bueno;180.73;Regular;37;26.58;27.29;54.58;Bueno;126.65;Regular;Bueno;Regular
2025-08-04;22:00;179;91.67;93.83;72.18;Bueno;180.73;Regular;44;26.96;27.29;54.58;Bueno;126.65;Regular;Bueno;Regular
2025-08-04;23:00;147;93.83;93.83;72.18;Bueno;180.73;Regular;44;27.29;27.29;54.58;Bueno;126.65;Regular;Bueno;Regular
2025-08-05;00:00;120;95.12;90.25;69.42;Bueno;174.75;Regular;42;27.50;30.62;61.25;Bueno;133.92;Regular;Bueno;Regular
2025-08-05;01:00;94;96.38;90.25;69.42;Bueno;174.75;Regular;33;27.54;30.62;61.25;Bueno;133.92;Regular;Bueno;Regular
2025-08-05;02:00;108;98.29;90.25;69.42;Bueno;174.75;Regular;42;27.83;30.62;61.25;Bueno;133.92;Regular;Bueno;Regular
2025-08-05;03:00;74;99.46;90.25;69.42;Bueno;174.75;Regular;32;28.08;30.62;61.25;Bueno;133.92;Regular;Bueno;Regular
2025-08-05;04:00;62;100.58;90.25;69.42;Bueno;174.75;Regular;29;28.29;30.62;61.25;Bueno;133.92;Regular;Bueno;Regular
2025-08-05;05:00;55;101.21;90.25;69.42;Bueno;174.75;Regular;28;28.38;30.62;61.25;Bueno;133.92;Regular;Bueno;Regular
2025-08-05;06:00;56;101.83;90.25;69.42;Bueno;174.75;Regular;28;28.71;30.62;61.25;Bueno;133.92;Regular;Bueno;Regular
2025-08-05;07:00;83;103.17;90.25;69.42;Bueno;174.75;Regular;29;28.96;30.62;61.25;Bueno;133.92;Regular;Bueno;Regular
2025-08-05;08:00;127;104.38;90.25;69.42;Bueno;174.75;Regular;37;29.21;30.62;61.25;Bueno;133.92;Regular;Bueno;Regular
2025-08-05;09:00;192;108.17;90.25;69.42;Bueno;174.75;Regular;50;29.92;30.62;61.25;Bueno;133.92;Regular;Bueno;Regular
2025-08-05;10:00;237;115.21;90.25;69.42;Bueno;174.75;Regular;69;31.58;30.62;61.25;Bueno;133.92;Regular;Bueno;Regular
2025-08-05;11:00;84;115.29;90.25;69.42;Bueno;174.75;Regular;29;31.96;30.62;61.25;Bueno;133.92;Regular;Bueno;Regular
2025-08-05;12:00;72;115.12;90.25;69.42;Bueno;174.75;Regular;21;32.08;30.62;61.25;Bueno;133.92;Regular;Bueno;Regular
2025-08-05;13:00;92;116.00;90.25;69.42;Bueno;174.75;Regular;32;32.50;30.62;61.25;Bueno;133.92;Regular;Bueno;Regular
2025-08-05;14:00;55;115.33;90.25;69.42;Bueno;174.75;Regular;18;32.29;30.62;61.25;Bueno;133.92;Regular;Bueno;Regular
2025-08-05;15:00;62;115.46;90.25;69.42;Bueno;174.75;Regular;18;32.62;30.62;61.25;Bueno;133.92;Regular;Bueno;Regular
2025-08-05;16:00;48;113.96;90.25;69.42;Bueno;174.75;Regular;22;32.88;30.62;61.25;Bueno;133.92;Regular;Bueno;Regular
2025-08-05;17:00;47;111.33;90.25;69.42;Bueno;174.75;Regular;12;32.71;30.62;61.25;Bueno;133.92;Regular;Bueno;Regular
2025-08-05;18:00;43;106.46;90.25;69.42;Bueno;174.75;Regular;16;32.29;30.62;61.25;Bueno;133.92;Regular;Bueno;Regular
2025-08-05;19:00;75;102.46;90.25;69.42;Bueno;174.75;Regular;24;31.96;30.62;61.25;Bueno;133.92;Regular;Bueno;Regular
2025-08-05;20:00;93;99.79;90.25;69.42;Bueno;174.75;Regular;30;31.92;30.62;61.25;Bueno;133.92;Regular;Bueno;Regular
2025-08-05;21:00;100;96.04;90.25;69.42;Bueno;174.75;Regular;29;31.58;30.62;61.25;Bueno;133.92;Regular;Bueno;Regular
2025-08-05;22:00;89;92.29;90.25;69.42;Bueno;174.75;Regular;29;30.96;30.62;61.25;Bueno;133.92;Regular;Bueno;Regular
2025-08-05;23:00;98;90.25;90.25;69.42;Bueno;174.75;Regular;36;30.62;30.62;61.25;Bueno;133.92;Regular;Bueno;Regular
2025-08-06;00:00;98;89.33;73.83;56.79;Bueno;147.47;Regular;35;30.33;27.88;55.75;Bueno;127.92;Regular;Bueno;Regular
2025-08-06;01:00;88;89.08;73.83;56.79;Bueno;147.47;Regular;37;30.50;27.88;55.75;Bueno;127.92;Regular;Bueno;Regular
2025-08-06;02:00;78;87.83;73.83;56.79;Bueno;147.47;Regular;36;30.25;27.88;55.75;Bueno;127.92;Regular;Bueno;Regular
2025-08-06;03:00;71;87.71;73.83;56.79;Bueno;147.47;Regular;33;30.29;27.88;55.75;Bueno;127.92;Regular;Bueno;Regular
2025-08-06;04:00;61;87.67;73.83;56.79;Bueno;147.47;Regular;33;30.46;27.88;55.75;Bueno;127.92;Regular;Bueno;Regular
2025-08-06;05:00;56;87.71;73.83;56.79;Bueno;147.47;Regular;31;30.58;27.88;55.75;Bueno;127.92;Regular;Bueno;Regular
2025-08-06;06:00;60;87.88;73.83;56.79;Bueno;147.47;Regular;30;30.67;27.88;55.75;Bueno;127.92;Regular;Bueno;Regular
2025-08-06;07:00;124;89.58;73.83;56.79;Bueno;147.47;Regular;37;31.00;27.88;55.75;Bueno;127.92;Regular;Bueno;Regular
2025-08-06;08:00;125;89.50;73.83;56.79;Bueno;147.47;Regular;38;31.04;27.88;55.75;Bueno;127.92;Regular;Bueno;Regular
2025-08-06;09:00;142;87.42;73.83;56.79;Bueno;147.47;Regular;49;31.00;27.88;55.75;Bueno;127.92;Regular;Bueno;Regular
2025-08-06;10:00;98;81.62;73.83;56.79;Bueno;147.47;Regular;44;29.96;27.88;55.75;Bueno;127.92;Regular;Bueno;Regular
2025-08-06;11:00;87;81.75;73.83;56.79;Bueno;147.47;Regular;39;30.38;27.88;55.75;Bueno;127.92;Regular;Bueno;Regular
2025-08-06;12:00;79;82.04;73.83;56.79;Bueno;147.47;Regular;36;31.00;27.88;55.75;Bueno;127.92;Regular;Bueno;Regular
2025-08-06;13:00;74;81.29;73.83;56.79;Bueno;147.47;Regular;22;30.58;27.88;55.75;Bueno;127.92;Regular;Bueno;Regular
2025-08-06;14:00;70;81.92;73.83;56.79;Bueno;147.47;Regular;17;30.54;27.88;55.75;Bueno;127.92;Regular;Bueno;Regular
2025-08-06;15:00;43;81.12;73.83;56.79;Bueno;147.47;Regular;13;30.33;27.88;55.75;Bueno;127.92;Regular;Bueno;Regular
2025-08-06;16:00;39;80.75;73.83;56.79;Bueno;147.47;Regular;11;29.88;27.88;55.75;Bueno;127.92;Regular;Bueno;Regular
2025-08-06;17:00;43;80.58;73.83;56.79;Bueno;147.47;Regular;20;30.21;27.88;55.75;Bueno;127.92;Regular;Bueno;Regular
2025-08-06;18:00;50;80.88;73.83;56.79;Bueno;147.47;Regular;15;30.17;27.88;55.75;Bueno;127.92;Regular;Bueno;Regular
2025-08-06;19:00;71;80.71;73.83;56.79;Bueno;147.47;Regular;18;29.92;27.88;55.75;Bueno;127.92;Regular;Bueno;Regular
2025-08-06;20:00;50;78.92;73.83;56.79;Bueno;147.47;Regular;13;29.21;27.88;55.75;Bueno;127.92;Regular;Bueno;Regular
2025-08-06;21:00;45;76.62;73.83;56.79;Bueno;147.47;Regular;15;28.62;27.88;55.75;Bueno;127.92;Regular;Bueno;Regular
2025-08-06;22:00;51;75.04;73.83;56.79;Bueno;147.47;Regular;20;28.25;27.88;55.75;Bueno;127.92;Regular;Bueno;Regular
2025-08-06;23:00;69;73.83;73.83;56.79;Bueno;147.47;Regular;27;27.88;27.88;55.75;Bueno;127.92;Regular;Bueno;Regular
2025-08-07;00:00;53;71.96;64.21;49.39;Bueno;131.56;Regular;22;27.33;25.38;50.75;Bueno;122.48;Regular;Bueno;Regular
2025-08-07;01:00;46;70.21;64.21;49.39;Bueno;131.56;Regular;20;26.62;25.38;50.75;Bueno;122.48;Regular;Bueno;Regular
2025-08-07;02:00;51;69.08;64.21;49.39;Bueno;131.56;Regular;26;26.21;25.38;50.75;Bueno;122.48;Regular;Bueno;Regular
2025-08-07;03:00;49;68.17;64.21;49.39;Bueno;131.56;Regular;28;26.00;25.38;50.75;Bueno;122.48;Regular;Bueno;Regular
2025-08-07;04:00;63;68.25;64.21;49.39;Bueno;131.56;Regular;27;25.75;25.38;50.75;Bueno;122.48;Regular;Bueno;Regular
2025-08-07;05:00;50;68.00;64.21;49.39;Bueno;131.56;Regular;23;25.42;25.38;50.75;Bueno;122.48;Regular;Bueno;Regular
2025-08-07;06:00;66;68.25;64.21;49.39;Bueno;131.56;Regular;31;25.46;25.38;50.75;Bueno;122.48;Regular;Bueno;Regular
2025-08-07;07:00;84;66.58;64.21;49.39;Bueno;131.56;Regular;28;25.08;25.38;50.75;Bueno;122.48;Regular;Bueno;Regular
2025-08-07;08:00;122;66.46;64.21;49.39;Bueno;131.56;Regular;37;25.04;25.38;50.75;Bueno;122.48;Regular;Bueno;Regular
2025-08-07;09:00;88;64.21;64.21;49.39;Bueno;131.56;Regular;32;24.33;25.38;50.75;Bueno;122.48;Regular;Bueno;Regular
2025-08-07;10:00;56;62.46;64.21;49.39;Bueno;131.56;Regular;25;23.54;25.38;50.75;Bueno;122.48;Regular;Bueno;Regular
2025-08-07;11:00;54;61.08;64.21;49.39;Bueno;131.56;Regular;25;22.96;25.38;50.75;Bueno;122.48;Regular;Bueno;Regular
2025-08-07;12:00;68;60.62;64.21;49.39;Bueno;131.56;Regular;30;22.71;25.38;50.75;Bueno;122.48;Regular;Bueno;Regular
2025-08-07;13:00;50;59.62;64.21;49.39;Bueno;131.56;Regular;23;22.75;25.38;50.75;Bueno;122.48;Regular;Bueno;Regular
2025-08-07;14:00;111;61.33;64.21;49.39;Bueno;131.56;Regular;14;22.62;25.38;50.75;Bueno;122.48;Regular;Bueno;Regular
2025-08-07;15:00;60;62.04;64.21;49.39;Bueno;131.56;Regular;24;23.08;25.38;50.75;Bueno;122.48;Regular;Bueno;Regular
2025-08-07;16:00;47;62.38;64.21;49.39;Bueno;131.56;Regular;20;23.46;25.38;50.75;Bueno;122.48;Regular;Bueno;Regular
2025-08-07;17:00;36;62.08;64.21;49.39;Bueno;131.56;Regular;16;23.29;25.38;50.75;Bueno;122.48;Regular;Bueno;Regular
2025-08-07;18:00;36;61.50;64.21;49.39;Bueno;131.56;Regular;24;23.67;25.38;50.75;Bueno;122.48;Regular;Bueno;Regular
2025-08-07;19:00;47;60.50;64.21;49.39;Bueno;131.56;Regular;18;23.67;25.38;50.75;Bueno;122.48;Regular;Bueno;Regular
2025-08-07;20:00;66;61.17;64.21;49.39;Bueno;131.56;Regular;26;24.21;25.38;50.75;Bueno;122.48;Regular;Bueno;Regular
2025-08-07;21:00;65;62.00;64.21;49.39;Bueno;131.56;Regular;22;24.50;25.38;50.75;Bueno;122.48;Regular;Bueno;Regular
2025-08-07;22:00;88;63.54;64.21;49.39;Bueno;131.56;Regular;29;24.88;25.38;50.75;Bueno;122.48;Regular;Bueno;Regular
2025-08-07;23:00;85;64.21;64.21;49.39;Bueno;131.56;Regular;39;25.38;25.38;50.75;Bueno;122.48;Regular;Bueno;Regular
2025-08-08;00:00;92;65.83;103.33;79.49;Bueno;196.62;Regular;43;26.25;42.38;84.75;Bueno;159.65;Regular;Bueno;Regular
2025-08-08;01:00;72;66.92;103.33;79.49;Bueno;196.62;Regular;36;26.92;42.38;84.75;Bueno;159.65;Regular;Bueno;Regular
2025-08-08;02:00;75;67.92;103.33;79.49;Bueno;196.62;Regular;33;27.21;42.38;84.75;Bueno;159.65;Regular;Bueno;Regular
2025-08-08;03:00;59;68.33;103.33;79.49;Bueno;196.62;Regular;33;27.42;42.38;84.75;Bueno;159.65;Regular;Bueno;Regular
2025-08-08;04:00;46;67.62;103.33;79.49;Bueno;196.62;Regular;28;27.46;42.38;84.75;Bueno;159.65;Regular;Bueno;Regular
2025-08-08;05:00;29;66.75;103.33;79.49;Bueno;196.62;Regular;18;27.25;42.38;84.75;Bueno;159.65;Regular;Bueno;Regular
2025-08-08;06:00;52;66.17;103.33;79.49;Bueno;196.62;Regular;29;27.17;42.38;84.75;Bueno;159.65;Regular;Bueno;Regular
2025-08-08;07:00;95;66.62;103.33;79.49;Bueno;196.62;Regular;37;27.54;42.38;84.75;Bueno;159.65;Regular;Bueno;Regular
2025-08-08;08:00;149;67.75;103.33;79.49;Bueno;196.62;Regular;44;27.83;42.38;84.75;Bueno;159.65;Regular;Bueno;Regular
2025-08-08;09:00;147;70.21;103.33;79.49;Bueno;196.62;Regular;48;28.50;42.38;84.75;Bueno;159.65;Regular;Bueno;Regular
2025-08-08;10:00;130;73.29;103.33;79.49;Bueno;196.62;Regular;49;29.50;42.38;84.75;Bueno;159.65;Regular;Bueno;Regular
2025-08-08;11:00;104;75.38;103.33;79.49;Bueno;196.62;Regular;48;30.46;42.38;84.75;Bueno;159.65;Regular;Bueno;Regular
2025-08-08;12:00;99;76.67;103.33;79.49;Bueno;196.62;Regular;42;30.96;42.38;84.75;Bueno;159.65;Regular;Bueno;Regular
2025-08-08;13:00;105;78.96;103.33;79.49;Bueno;196.62;Regular;35;31.46;42.38;84.75;Bueno;159.65;Regular;Bueno;Regular
2025-08-08;14:00;85;77.88;103.33;79.49;Bueno;196.62;Regular;29;32.08;42.38;84.75;Bueno;159.65;Regular;Bueno;Regular
2025-08-08;15:00;90;79.12;103.33;79.49;Bueno;196.62;Regular;33;32.46;42.38;84.75;Bueno;159.65;Regular;Bueno;Regular
2025-08-08;16:00;81;80.54;103.33;79.49;Bueno;196.62;Regular;32;32.96;42.38;84.75;Bueno;159.65;Regular;Bueno;Regular
2025-08-08;17:00;95;83.00;103.33;79.49;Bueno;196.62;Regular;43;34.08;42.38;84.75;Bueno;159.65;Regular;Bueno;Regular
2025-08-08;18:00;142;87.42;103.33;79.49;Bueno;196.62;Regular;51;35.21;42.38;84.75;Bueno;159.65;Regular;Bueno;Regular
2025-08-08;19:00;171;92.58;103.33;79.49;Bueno;196.62;Regular;61;37.00;42.38;84.75;Bueno;159.65;Regular;Bueno;Regular
2025-08-08;20:00;149;96.04;103.33;79.49;Bueno;196.62;Regular;53;38.12;42.38;84.75;Bueno;159.65;Regular;Bueno;Regular
2025-08-08;21:00;130;98.75;103.33;79.49;Bueno;196.62;Regular;58;39.62;42.38;84.75;Bueno;159.65;Regular;Bueno;Regular
2025-08-08;22:00;153;101.46;103.33;79.49;Bueno;196.62;Regular;73;41.46;42.38;84.75;Bueno;159.65;Regular;Bueno;Regular
2025-08-08;23:00;130;103.33;103.33;79.49;Bueno;196.62;Regular;61;42.38;42.38;84.75;Bueno;159.65;Regular;Bueno;Regular
2025-08-09;00:00;140;105.33;46.29;35.61;Bueno;102.11;Regular;73;43.62;30.17;60.33;Bueno;132.92;Regular;Bueno;Regular
2025-08-09;01:00;118;107.25;46.29;35.61;Bueno;102.11;Regular;71;45.08;30.17;60.33;Bueno;132.92;Regular;Bueno;Regular
2025-08-09;02:00;31;105.42;46.29;35.61;Bueno;102.11;Regular;22;44.62;30.17;60.33;Bueno;132.92;Regular;Bueno;Regular
2025-08-09;03:00;30;104.21;46.29;35.61;Bueno;102.11;Regular;21;44.12;30.17;60.33;Bueno;132.92;Regular;Bueno;Regular
2025-08-09;04:00;30;103.54;46.29;35.61;Bueno;102.11;Regular;18;43.71;30.17;60.33;Bueno;132.92;Regular;Bueno;Regular
2025-08-09;05:00;26;103.42;46.29;35.61;Bueno;102.11;Regular;20;43.79;30.17;60.33;Bueno;132.92;Regular;Bueno;Regular
2025-08-09;06:00;26;102.33;46.29;35.61;Bueno;102.11;Regular;24;43.58;30.17;60.33;Bueno;132.92;Regular;Bueno;Regular
2025-08-09;07:00;21;99.25;46.29;35.61;Bueno;102.11;Regular;12;42.54;30.17;60.33;Bueno;132.92;Regular;Bueno;Regular
2025-08-09;08:00;20;93.88;46.29;35.61;Bueno;102.11;Regular;13;41.25;30.17;60.33;Bueno;132.92;Regular;Bueno;Regular
2025-08-09;09:00;31;89.04;46.29;35.61;Bueno;102.11;Regular;22;40.17;30.17;60.33;Bueno;132.92;Regular;Bueno;Regular
2025-08-09;10:00;33;85.00;46.29;35.61;Bueno;102.11;Regular;29;39.33;30.17;60.33;Bueno;132.92;Regular;Bueno;Regular
2025-08-09;11:00;33;82.04;46.29;35.61;Bueno;102.11;Regular;20;38.17;30.17;60.33;Bueno;132.92;Regular;Bueno;Regular
2025-08-09;12:00;43;79.71;46.29;35.61;Bueno;102.11;Regular;24;37.42;30.17;60.33;Bueno;132.92;Regular;Bueno;Regular
2025-08-09;13:00;45;77.21;46.29;35.61;Bueno;102.11;Regular;29;37.17;30.17;60.33;Bueno;132.92;Regular;Bueno;Regular
2025-08-09;14:00;42;75.42;46.29;35.61;Bueno;102.11;Regular;31;37.25;30.17;60.33;Bueno;132.92;Regular;Bueno;Regular
2025-08-09;15:00;44;73.50;46.29;35.61;Bueno;102.11;Regular;27;37.00;30.17;60.33;Bueno;132.92;Regular;Bueno;Regular
2025-08-09;16:00;36;71.62;46.29;35.61;Bueno;102.11;Regular;30;36.92;30.17;60.33;Bueno;132.92;Regular;Bueno;Regular
2025-08-09;17:00;38;69.25;46.29;35.61;Bueno;102.11;Regular;33;36.50;30.17;60.33;Bueno;132.92;Regular;Bueno;Regular
2025-08-09;18:00;48;65.33;46.29;35.61;Bueno;102.11;Regular;31;35.67;30.17;60.33;Bueno;132.92;Regular;Bueno;Regular
2025-08-09;19:00;56;60.54;46.29;35.61;Bueno;102.11;Regular;34;34.54;30.17;60.33;Bueno;132.92;Regular;Bueno;Regular
2025-08-09;20:00;57;56.71;46.29;35.61;Bueno;102.11;Regular;31;33.62;30.17;60.33;Bueno;132.92;Regular;Bueno;Regular
2025-08-09;21:00;54;53.54;46.29;35.61;Bueno;102.11;Regular;32;32.54;30.17;60.33;Bueno;132.92;Regular;Bueno;Regular
2025-08-09;22:00;52;49.33;46.29;35.61;Bueno;102.11;Regular;40;31.17;30.17;60.33;Bueno;132.92;Regular;Bueno;Regular
2025-08-09;23:00;57;46.29;46.29;35.61;Bueno;102.11;Regular;37;30.17;30.17;60.33;Bueno;132.92;Regular;Bueno;Regular
2025-08-10;00:00;57;42.83;58.67;45.13;Bueno;122.43;Regular;34;28.54;37.79;75.58;Bueno;149.59;Regular;Bueno;Regular
2025-08-10;01:00;51;40.04;58.67;45.13;Bueno;122.43;Regular;37;27.12;37.79;75.58;Bueno;149.59;Regular;Bueno;Regular
2025-08-10;02:00;42;40.50;58.67;45.13;Bueno;122.43;Regular;33;27.58;37.79;75.58;Bueno;149.59;Regular;Bueno;Regular
2025-08-10;03:00;42;41.00;58.67;45.13;Bueno;122.43;Regular;33;28.08;37.79;75.58;Bueno;149.59;Regular;Bueno;Regular
2025-08-10;04:00;46;41.67;58.67;45.13;Bueno;122.43;Regular;35;28.79;37.79;75.58;Bueno;149.59;Regular;Bueno;Regular
2025-08-10;05:00;45;42.46;58.67;45.13;Bueno;122.43;Regular;32;29.29;37.79;75.58;Bueno;149.59;Regular;Bueno;Regular
2025-08-10;06:00;44;43.21;58.67;45.13;Bueno;122.43;Regular;31;29.58;37.79;75.58;Bueno;149.59;Regular;Bueno;Regular
2025-08-10;07:00;43;44.12;58.67;45.13;Bueno;122.43;Regular;30;30.33;37.79;75.58;Bueno;149.59;Regular;Bueno;Regular
2025-08-10;08:00;50;45.38;58.67;45.13;Bueno;122.43;Regular;28;30.96;37.79;75.58;Bueno;149.59;Regular;Bueno;Regular
2025-08-10;09:00;47;46.04;58.67;45.13;Bueno;122.43;Regular;36;31.54;37.79;75.58;Bueno;149.59;Regular;Bueno;Regular
2025-08-10;10:00;41;46.38;58.67;45.13;Bueno;122.43;Regular;35;31.79;37.79;75.58;Bueno;149.59;Regular;Bueno;Regular
2025-08-10;11:00;55;47.29;58.67;45.13;Bueno;122.43;Regular;37;32.50;37.79;75.58;Bueno;149.59;Regular;Bueno;Regular
2025-08-10;12:00;39;47.12;58.67;45.13;Bueno;122.43;Regular;29;32.71;37.79;75.58;Bueno;149.59;Regular;Bueno;Regular
2025-08-10;13:00;43;47.04;58.67;45.13;Bueno;122.43;Regular;30;32.75;37.79;75.58;Bueno;149.59;Regular;Bueno;Regular
2025-08-10;14:00;44;47.12;58.67;45.13;Bueno;122.43;Regular;24;32.46;37.79;75.58;Bueno;149.59;Regular;Bueno;Regular
2025-08-10;15:00;50;47.38;58.67;45.13;Bueno;122.43;Regular;27;32.46;37.79;75.58;Bueno;149.59;Regular;Bueno;Regular
2025-08-10;16:00;66;48.62;58.67;45.13;Bueno;122.43;Regular;42;32.96;37.79;75.58;Bueno;149.59;Regular;Bueno;Regular
2025-08-10;17:00;73;50.08;58.67;45.13;Bueno;122.43;Regular;42;33.33;37.79;75.58;Bueno;149.59;Regular;Bueno;Regular
2025-08-10;18:00;86;51.67;58.67;45.13;Bueno;122.43;Regular;53;34.25;37.79;75.58;Bueno;149.59;Regular;Bueno;Regular
2025-08-10;19:00;95;53.29;58.67;45.13;Bueno;122.43;Regular;49;34.88;37.79;75.58;Bueno;149.59;Regular;Bueno;Regular
2025-08-10;20:00;90;54.67;58.67;45.13;Bueno;122.43;Regular;53;35.79;37.79;75.58;Bueno;149.59;Regular;Bueno;Regular
2025-08-10;21:00;94;56.33;58.67;45.13;Bueno;122.43;Regular;51;36.58;37.79;75.58;Bueno;149.59;Regular;Bueno;Regular
2025-08-10;22:00;80;57.50;58.67;45.13;Bueno;122.43;Regular;52;37.08;37.79;75.58;Bueno;149.59;Regular;Bueno;Regular
2025-08-10;23:00;85;58.67;58.67;45.13;Bueno;122.43;Regular;54;37.79;37.79;75.58;Bueno;149.59;Regular;Bueno;Regular
2025-08-11;00:00;78;59.54;114.54;88.11;Bueno;215.45;Alerta;58;38.79;43.46;86.92;Bueno;162.03;Regular;Bueno;Alerta
2025-08-11;01:00;75;60.54;114.54;88.11;Bueno;215.45;Alerta;52;39.42;43.46;86.92;Bueno;162.03;Regular;Bueno;Alerta
2025-08-11;02:00;59;61.25;114.54;88.11;Bueno;215.45;Alerta;39;39.67;43.46;86.92;Bueno;162.03;Regular;Bueno;Alerta
2025-08-11;03:00;56;61.83;114.54;88.11;Bueno;215.45;Alerta;43;40.08;43.46;86.92;Bueno;162.03;Regular;Bueno;Alerta
2025-08-11;04:00;63;62.54;114.54;88.11;Bueno;215.45;Alerta;50;40.71;43.46;86.92;Bueno;162.03;Regular;Bueno;Alerta
2025-08-11;05:00;67;63.46;114.54;88.11;Bueno;215.45;Alerta;47;41.33;43.46;86.92;Bueno;162.03;Regular;Bueno;Alerta
2025-08-11;06:00;65;64.33;114.54;88.11;Bueno;215.45;Alerta;45;41.92;43.46;86.92;Bueno;162.03;Regular;Bueno;Alerta
2025-08-11;07:00;84;66.04;114.54;88.11;Bueno;215.45;Alerta;46;42.58;43.46;86.92;Bueno;162.03;Regular;Bueno;Alerta
2025-08-11;08:00;128;69.29;114.54;88.11;Bueno;215.45;Alerta;54;43.67;43.46;86.92;Bueno;162.03;Regular;Bueno;Alerta
2025-08-11;09:00;138;73.08;114.54;88.11;Bueno;215.45;Alerta;58;44.58;43.46;86.92;Bueno;162.03;Regular;Bueno;Alerta
2025-08-11;10:00;137;77.08;114.54;88.11;Bueno;215.45;Alerta;56;45.46;43.46;86.92;Bueno;162.03;Regular;Bueno;Alerta
2025-08-11;11:00;139;80.58;114.54;88.11;Bueno;215.45;Alerta;54;46.17;43.46;86.92;Bueno;162.03;Regular;Bueno;Alerta
2025-08-11;12:00;114;83.71;114.54;88.11;Bueno;215.45;Alerta;44;46.79;43.46;86.92;Bueno;162.03;Regular;Bueno;Alerta
2025-08-11;13:00;33;83.29;114.54;88.11;Bueno;215.45;Alerta;5;45.75;43.46;86.92;Bueno;162.03;Regular;Bueno;Alerta
2025-08-11;14:00;70;84.38;114.54;88.11;Bueno;215.45;Alerta;17;45.46;43.46;86.92;Bueno;162.03;Regular;Bueno;Alerta
2025-08-11;15:00;61;84.83;114.54;88.11;Bueno;215.45;Alerta;19;45.12;43.46;86.92;Bueno;162.03;Regular;Bueno;Alerta
2025-08-11;16:00;111;86.71;114.54;88.11;Bueno;215.45;Alerta;23;44.33;43.46;86.92;Bueno;162.03;Regular;Bueno;Alerta
2025-08-11;17:00;173;90.88;114.54;88.11;Bueno;215.45;Alerta;36;44.08;43.46;86.92;Bueno;162.03;Regular;Bueno;Alerta
2025-08-11;18:00;217;96.33;114.54;88.11;Bueno;215.45;Alerta;48;43.88;43.46;86.92;Bueno;162.03;Regular;Bueno;Alerta
2025-08-11;19:00;193;100.42;114.54;88.11;Bueno;215.45;Alerta;54;44.08;43.46;86.92;Bueno;162.03;Regular;Bueno;Alerta
2025-08-11;20:00;201;105.04;114.54;88.11;Bueno;215.45;Alerta;52;44.04;43.46;86.92;Bueno;162.03;Regular;Bueno;Alerta
2025-08-11;21:00;168;108.12;114.54;88.11;Bueno;215.45;Alerta;46;43.83;43.46;86.92;Bueno;162.03;Regular;Bueno;Alerta
2025-08-11;22:00;155;111.25;114.54;88.11;Bueno;215.45;Alerta;51;43.79;43.46;86.92;Bueno;162.03;Regular;Bueno;Alerta
2025-08-11;23:00;164;114.54;114.54;88.11;Bueno;215.45;Alerta;46;43.46;43.46;86.92;Bueno;162.03;Regular;Bueno;Alerta
2025-08-12;00:00;96;115.29;97.25;74.81;Bueno;186.44;Regular;35;42.50;33.54;67.08;Bueno;140.29;Regular;Bueno;Regular
2025-08-12;01:00;98;116.25;97.25;74.81;Bueno;186.44;Regular;38;41.92;33.54;67.08;Bueno;140.29;Regular;Bueno;Regular
2025-08-12;02:00;73;116.83;97.25;74.81;Bueno;186.44;Regular;30;41.54;33.54;67.08;Bueno;140.29;Regular;Bueno;Regular
2025-08-12;03:00;73;117.54;97.25;74.81;Bueno;186.44;Regular;29;40.96;33.54;67.08;Bueno;140.29;Regular;Bueno;Regular
2025-08-12;04:00;84;118.42;97.25;74.81;Bueno;186.44;Regular;37;40.42;33.54;67.08;Bueno;140.29;Regular;Bueno;Regular
2025-08-12;05:00;71;118.58;97.25;74.81;Bueno;186.44;Regular;33;39.83;33.54;67.08;Bueno;140.29;Regular;Bueno;Regular
2025-08-12;06:00;82;119.29;97.25;74.81;Bueno;186.44;Regular;37;39.50;33.54;67.08;Bueno;140.29;Regular;Bueno;Regular
2025-08-12;07:00;88;119.46;97.25;74.81;Bueno;186.44;Regular;42;39.33;33.54;67.08;Bueno;140.29;Regular;Bueno;Regular
2025-08-12;08:00;171;121.25;97.25;74.81;Bueno;186.44;Regular;35;38.54;33.54;67.08;Bueno;140.29;Regular;Bueno;Regular
2025-08-12;09:00;121;120.54;97.25;74.81;Bueno;186.44;Regular;32;37.46;33.54;67.08;Bueno;140.29;Regular;Bueno;Regular
2025-08-12;10:00;129;120.21;97.25;74.81;Bueno;186.44;Regular;42;36.88;33.54;67.08;Bueno;140.29;Regular;Bueno;Regular
2025-08-12;11:00;118;119.33;97.25;74.81;Bueno;186.44;Regular;32;35.96;33.54;67.08;Bueno;140.29;Regular;Bueno;Regular
2025-08-12;12:00;138;120.33;97.25;74.81;Bueno;186.44;Regular;41;35.83;33.54;67.08;Bueno;140.29;Regular;Bueno;Regular
2025-08-12;13:00;86;122.54;97.25;74.81;Bueno;186.44;Regular;32;36.96;33.54;67.08;Bueno;140.29;Regular;Bueno;Regular
2025-08-12;14:00;48;121.62;97.25;74.81;Bueno;186.44;Regular;9;36.62;33.54;67.08;Bueno;140.29;Regular;Bueno;Regular
2025-08-12;15:00;68;121.92;97.25;74.81;Bueno;186.44;Regular;24;36.83;33.54;67.08;Bueno;140.29;Regular;Bueno;Regular
2025-08-12;16:00;81;120.67;97.25;74.81;Bueno;186.44;Regular;26;36.96;33.54;67.08;Bueno;140.29;Regular;Bueno;Regular
2025-08-12;17:00;85;117.00;97.25;74.81;Bueno;186.44;Regular;35;36.92;33.54;67.08;Bueno;140.29;Regular;Bueno;Regular
2025-08-12;18:00;80;111.29;97.25;74.81;Bueno;186.44;Regular;32;36.25;33.54;67.08;Bueno;140.29;Regular;Bueno;Regular
2025-08-12;19:00;103;107.54;97.25;74.81;Bueno;186.44;Regular;37;35.54;33.54;67.08;Bueno;140.29;Regular;Bueno;Regular
2025-08-12;20:00;111;103.79;97.25;74.81;Bueno;186.44;Regular;36;34.88;33.54;67.08;Bueno;140.29;Regular;Bueno;Regular
2025-08-12;21:00;88;100.46;97.25;74.81;Bueno;186.44;Regular;26;34.04;33.54;67.08;Bueno;140.29;Regular;Bueno;Regular
2025-08-12;22:00;121;99.04;97.25;74.81;Bueno;186.44;Regular;43;33.71;33.54;67.08;Bueno;140.29;Regular;Bueno;Regular
2025-08-12;23:00;121;97.25;97.25;74.81;Bueno;186.44;Regular;42;33.54;33.54;67.08;Bueno;140.29;Regular;Bueno;Regular
2025-08-13;00:00;100;97.42;106.00;81.54;Bueno;201.09;Alerta;44;33.92;39.83;79.67;Bueno;154.07;Regular;Bueno;Alerta
2025-08-13;01:00;94;97.25;106.00;81.54;Bueno;201.09;Alerta;42;34.08;39.83;79.67;Bueno;154.07;Regular;Bueno;Alerta
2025-08-13;02:00;95;98.17;106.00;81.54;Bueno;201.09;Alerta;42;34.58;39.83;79.67;Bueno;154.07;Regular;Bueno;Alerta
2025-08-13;03:00;74;98.21;106.00;81.54;Bueno;201.09;Alerta;37;34.92;39.83;79.67;Bueno;154.07;Regular;Bueno;Alerta
2025-08-13;04:00;82;98.12;106.00;81.54;Bueno;201.09;Alerta;35;34.83;39.83;79.67;Bueno;154.07;Regular;Bueno;Alerta
2025-08-13;05:00;68;98.00;106.00;81.54;Bueno;201.09;Alerta;33;34.83;39.83;79.67;Bueno;154.07;Regular;Bueno;Alerta
2025-08-13;06:00;72;97.58;106.00;81.54;Bueno;201.09;Alerta;41;35.00;39.83;79.67;Bueno;154.07;Regular;Bueno;Alerta
2025-08-13;07:00;84;97.42;106.00;81.54;Bueno;201.09;Alerta;37;34.79;39.83;79.67;Bueno;154.07;Regular;Bueno;Alerta
2025-08-13;08:00;142;96.21;106.00;81.54;Bueno;201.09;Alerta;45;35.21;39.83;79.67;Bueno;154.07;Regular;Bueno;Alerta
2025-08-13;09:00;140;97.00;106.00;81.54;Bueno;201.09;Alerta;44;35.71;39.83;79.67;Bueno;154.07;Regular;Bueno;Alerta
2025-08-13;10:00;115;96.42;106.00;81.54;Bueno;201.09;Alerta;43;35.75;39.83;79.67;Bueno;154.07;Regular;Bueno;Alerta
2025-08-13;11:00;130;96.92;106.00;81.54;Bueno;201.09;Alerta;46;36.33;39.83;79.67;Bueno;154.07;Regular;Bueno;Alerta
2025-08-13;12:00;97;95.21;106.00;81.54;Bueno;201.09;Alerta;37;36.17;39.83;79.67;Bueno;154.07;Regular;Bueno;Alerta
2025-08-13;13:00;89;95.33;106.00;81.54;Bueno;201.09;Alerta;33;36.21;39.83;79.67;Bueno;154.07;Regular;Bueno;Alerta
2025-08-13;14:00;113;98.04;106.00;81.54;Bueno;201.09;Alerta;38;37.42;39.83;79.67;Bueno;154.07;Regular;Bueno;Alerta
2025-08-13;15:00;113;99.92;106.00;81.54;Bueno;201.09;Alerta;29;37.62;39.83;79.67;Bueno;154.07;Regular;Bueno;Alerta
2025-08-13;16:00;112;101.21;106.00;81.54;Bueno;201.09;Alerta;26;37.62;39.83;79.67;Bueno;154.07;Regular;Bueno;Alerta
2025-08-13;17:00;113;102.38;106.00;81.54;Bueno;201.09;Alerta;28;37.33;39.83;79.67;Bueno;154.07;Regular;Bueno;Alerta
2025-08-13;18:00;76;102.21;106.00;81.54;Bueno;201.09;Alerta;37;37.54;39.83;79.67;Bueno;154.07;Regular;Bueno;Alerta
2025-08-13;19:00;104;102.25;106.00;81.54;Bueno;201.09;Alerta;44;37.83;39.83;79.67;Bueno;154.07;Regular;Bueno;Alerta
2025-08-13;20:00;147;103.75;106.00;81.54;Bueno;201.09;Alerta;52;38.50;39.83;79.67;Bueno;154.07;Regular;Bueno;Alerta
2025-08-13;21:00;132;105.58;106.00;81.54;Bueno;201.09;Alerta;46;39.33;39.83;79.67;Bueno;154.07;Regular;Bueno;Alerta
2025-08-13;22:00;122;105.62;106.00;81.54;Bueno;201.09;Alerta;48;39.54;39.83;79.67;Bueno;154.07;Regular;Bueno;Alerta
2025-08-13;23:00;130;106.00;106.00;81.54;Bueno;201.09;Alerta;49;39.83;39.83;79.67;Bueno;154.07;Regular;Bueno;Alerta
2025-08-14;00:00;116;106.67;69.79;53.69;Bueno;140.78;Regular;42;39.75;29.96;59.92;Bueno;132.46;Regular;Bueno;Regular
2025-08-14;01:00;100;106.92;69.79;53.69;Bueno;140.78;Regular;40;39.67;29.96;59.92;Bueno;132.46;Regular;Bueno;Regular
2025-08-14;02:00;82;106.38;69.79;53.69;Bueno;140.78;Regular;42;39.67;29.96;59.92;Bueno;132.46;Regular;Bueno;Regular
2025-08-14;03:00;62;105.88;69.79;53.69;Bueno;140.78;Regular;36;39.62;29.96;59.92;Bueno;132.46;Regular;Bueno;Regular
2025-08-14;04:00;63;105.08;69.79;53.69;Bueno;140.78;Regular;33;39.54;29.96;59.92;Bueno;132.46;Regular;Bueno;Regular
2025-08-14;05:00;65;104.96;69.79;53.69;Bueno;140.78;Regular;38;39.75;29.96;59.92;Bueno;132.46;Regular;Bueno;Regular
2025-08-14;06:00;67;104.75;69.79;53.69;Bueno;140.78;Regular;35;39.50;29.96;59.92;Bueno;132.46;Regular;Bueno;Regular
2025-08-14;07:00;108;105.75;69.79;53.69;Bueno;140.78;Regular;31;39.25;29.96;59.92;Bueno;132.46;Regular;Bueno;Regular
2025-08-14;08:00;152;106.17;69.79;53.69;Bueno;140.78;Regular;42;39.12;29.96;59.92;Bueno;132.46;Regular;Bueno;Regular
2025-08-14;09:00;121;105.38;69.79;53.69;Bueno;140.78;Regular;41;39.00;29.96;59.92;Bueno;132.46;Regular;Bueno;Regular
2025-08-14;10:00;100;104.75;69.79;53.69;Bueno;140.78;Regular;39;38.83;29.96;59.92;Bueno;132.46;Regular;Bueno;Regular
2025-08-14;11:00;100;103.50;69.79;53.69;Bueno;140.78;Regular;35;38.38;29.96;59.92;Bueno;132.46;Regular;Bueno;Regular
2025-08-14;12:00;88;103.12;69.79;53.69;Bueno;140.78;Regular;24;37.83;29.96;59.92;Bueno;132.46;Regular;Bueno;Regular
2025-08-14;13:00;61;101.96;69.79;53.69;Bueno;140.78;Regular;23;37.42;29.96;59.92;Bueno;132.46;Regular;Bueno;Regular
2025-08-14;14:00;49;99.29;69.79;53.69;Bueno;140.78;Regular;14;36.42;29.96;59.92;Bueno;132.46;Regular;Bueno;Regular
2025-08-14;15:00;35;96.04;69.79;53.69;Bueno;140.78;Regular;24;36.21;29.96;59.92;Bueno;132.46;Regular;Bueno;Regular
2025-08-14;16:00;41;93.08;69.79;53.69;Bueno;140.78;Regular;24;36.12;29.96;59.92;Bueno;132.46;Regular;Bueno;Regular
2025-08-14;17:00;42;90.12;69.79;53.69;Bueno;140.78;Regular;21;35.83;29.96;59.92;Bueno;132.46;Regular;Bueno;Regular
2025-08-14;18:00;38;88.54;69.79;53.69;Bueno;140.78;Regular;19;35.08;29.96;59.92;Bueno;132.46;Regular;Bueno;Regular
2025-08-14;19:00;32;85.54;69.79;53.69;Bueno;140.78;Regular;19;34.04;29.96;59.92;Bueno;132.46;Regular;Bueno;Regular
2025-08-14;20:00;33;80.79;69.79;53.69;Bueno;140.78;Regular;27;33.00;29.96;59.92;Bueno;132.46;Regular;Bueno;Regular
2025-08-14;21:00;34;76.71;69.79;53.69;Bueno;140.78;Regular;24;32.08;29.96;59.92;Bueno;132.46;Regular;Bueno;Regular
2025-08-14;22:00;42;73.38;69.79;53.69;Bueno;140.78;Regular;24;31.08;29.96;59.92;Bueno;132.46;Regular;Bueno;Regular
2025-08-14;23:00;44;69.79;69.79;53.69;Bueno;140.78;Regular;22;29.96;29.96;59.92;Bueno;132.46;Regular;Bueno;Regular
2025-08-15;00:00;48;66.96;19.04;14.65;Bueno;42.31;Bueno;27;29.33;9.88;19.75;Bueno;65.83;Bueno;Bueno;Bueno
2025-08-15;01:00;30;64.04;19.04;14.65;Bueno;42.31;Bueno;20;28.50;9.88;19.75;Bueno;65.83;Bueno;Bueno;Bueno
2025-08-15;02:00;11;61.08;19.04;14.65;Bueno;42.31;Bueno;10;27.17;9.88;19.75;Bueno;65.83;Bueno;Bueno;Bueno
2025-08-15;03:00;9;58.88;19.04;14.65;Bueno;42.31;Bueno;5;25.88;9.88;19.75;Bueno;65.83;Bueno;Bueno;Bueno
2025-08-15;04:00;5;56.46;19.04;14.65;Bueno;42.31;Bueno;3;24.62;9.88;19.75;Bueno;65.83;Bueno;Bueno;Bueno
2025-08-15;05:00;8;54.08;19.04;14.65;Bueno;42.31;Bueno;6;23.29;9.88;19.75;Bueno;65.83;Bueno;Bueno;Bueno
2025-08-15;06:00;7;51.58;19.04;14.65;Bueno;42.31;Bueno;5;22.04;9.88;19.75;Bueno;65.83;Bueno;Bueno;Bueno
2025-08-15;07:00;6;47.33;19.04;14.65;Bueno;42.31;Bueno;3;20.88;9.88;19.75;Bueno;65.83;Bueno;Bueno;Bueno
2025-08-15;08:00;8;41.33;19.04;14.65;Bueno;42.31;Bueno;3;19.25;9.88;19.75;Bueno;65.83;Bueno;Bueno;Bueno
2025-08-15;09:00;7;36.58;19.04;14.65;Bueno;42.31;Bueno;5;17.75;9.88;19.75;Bueno;65.83;Bueno;Bueno;Bueno
2025-08-15;10:00;12;32.92;19.04;14.65;Bueno;42.31;Bueno;6;16.38;9.88;19.75;Bueno;65.83;Bueno;Bueno;Bueno
2025-08-15;11:00;22;29.67;19.04;14.65;Bueno;42.31;Bueno;9;15.29;9.88;19.75;Bueno;65.83;Bueno;Bueno;Bueno
2025-08-15;12:00;15;26.62;19.04;14.65;Bueno;42.31;Bueno;9;14.67;9.88;19.75;Bueno;65.83;Bueno;Bueno;Bueno
2025-08-15;13:00;18;24.83;19.04;14.65;Bueno;42.31;Bueno;6;13.96;9.88;19.75;Bueno;65.83;Bueno;Bueno;Bueno
2025-08-15;14:00;16;23.46;19.04;14.65;Bueno;42.31;Bueno;5;13.58;9.88;19.75;Bueno;65.83;Bueno;Bueno;Bueno
2025-08-15;15:00;17;22.71;19.04;14.65;Bueno;42.31;Bueno;12;13.08;9.88;19.75;Bueno;65.83;Bueno;Bueno;Bueno
2025-08-15;16:00;12;21.50;19.04;14.65;Bueno;42.31;Bueno;11;12.54;9.88;19.75;Bueno;65.83;Bueno;Bueno;Bueno
2025-08-15;17:00;26;20.83;19.04;14.65;Bueno;42.31;Bueno;9;12.04;9.88;19.75;Bueno;65.83;Bueno;Bueno;Bueno
2025-08-15;18:00;23;20.21;19.04;14.65;Bueno;42.31;Bueno;11;11.71;9.88;19.75;Bueno;65.83;Bueno;Bueno;Bueno
2025-08-15;19:00;24;19.88;19.04;14.65;Bueno;42.31;Bueno;12;11.42;9.88;19.75;Bueno;65.83;Bueno;Bueno;Bueno
2025-08-15;20:00;27;19.62;19.04;14.65;Bueno;42.31;Bueno;13;10.83;9.88;19.75;Bueno;65.83;Bueno;Bueno;Bueno
2025-08-15;21:00;35;19.67;19.04;14.65;Bueno;42.31;Bueno;15;10.46;9.88;19.75;Bueno;65.83;Bueno;Bueno;Bueno
2025-08-15;22:00;38;19.50;19.04;14.65;Bueno;42.31;Bueno;18;10.21;9.88;19.75;Bueno;65.83;Bueno;Bueno;Bueno
2025-08-15;23:00;33;19.04;19.04;14.65;Bueno;42.31;Bueno;14;9.88;9.88;19.75;Bueno;65.83;Bueno;Bueno;Bueno
2025-08-16;00:00;18;17.79;33.71;25.93;Bueno;74.91;Bueno;9;9.12;18.00;36.00;Bueno;106.49;Regular;Bueno;Regular
2025-08-16;01:00;26;17.62;33.71;25.93;Bueno;74.91;Bueno;11;8.75;18.00;36.00;Bueno;106.49;Regular;Bueno;Regular
2025-08-16;02:00;37;18.71;33.71;25.93;Bueno;74.91;Bueno;29;9.54;18.00;36.00;Bueno;106.49;Regular;Bueno;Regular
2025-08-16;03:00;34;19.75;33.71;25.93;Bueno;74.91;Bueno;27;10.46;18.00;36.00;Bueno;106.49;Regular;Bueno;Regular
2025-08-16;04:00;34;20.96;33.71;25.93;Bueno;74.91;Bueno;22;11.25;18.00;36.00;Bueno;106.49;Regular;Bueno;Regular
2025-08-16;05:00;23;21.58;33.71;25.93;Bueno;74.91;Bueno;17;11.71;18.00;36.00;Bueno;106.49;Regular;Bueno;Regular
2025-08-16;06:00;23;22.25;33.71;25.93;Bueno;74.91;Bueno;14;12.08;18.00;36.00;Bueno;106.49;Regular;Bueno;Regular
2025-08-16;07:00;30;23.25;33.71;25.93;Bueno;74.91;Bueno;18;12.71;18.00;36.00;Bueno;106.49;Regular;Bueno;Regular
2025-08-16;08:00;44;24.75;33.71;25.93;Bueno;74.91;Bueno;21;13.46;18.00;36.00;Bueno;106.49;Regular;Bueno;Regular
2025-08-16;09:00;46;26.38;33.71;25.93;Bueno;74.91;Bueno;20;14.08;18.00;36.00;Bueno;106.49;Regular;Bueno;Regular
2025-08-16;10:00;33;27.25;33.71;25.93;Bueno;74.91;Bueno;18;14.58;18.00;36.00;Bueno;106.49;Regular;Bueno;Regular
2025-08-16;11:00;30;27.58;33.71;25.93;Bueno;74.91;Bueno;11;14.67;18.00;36.00;Bueno;106.49;Regular;Bueno;Regular
2025-08-16;12:00;31;28.25;33.71;25.93;Bueno;74.91;Bueno;8;14.62;18.00;36.00;Bueno;106.49;Regular;Bueno;Regular
2025-08-16;13:00;34;28.92;33.71;25.93;Bueno;74.91;Bueno;15;15.00;18.00;36.00;Bueno;106.49;Regular;Bueno;Regular
2025-08-16;14:00;29;29.46;33.71;25.93;Bueno;74.91;Bueno;12;15.29;18.00;36.00;Bueno;106.49;Regular;Bueno;Regular
2025-08-16;15:00;25;29.79;33.71;25.93;Bueno;74.91;Bueno;15;15.42;18.00;36.00;Bueno;106.49;Regular;Bueno;Regular
2025-08-16;16:00;19;30.08;33.71;25.93;Bueno;74.91;Bueno;9;15.33;18.00;36.00;Bueno;106.49;Regular;Bueno;Regular
2025-08-16;17:00;20;29.83;33.71;25.93;Bueno;74.91;Bueno;10;15.38;18.00;36.00;Bueno;106.49;Regular;Bueno;Regular
2025-08-16;18:00;25;29.92;33.71;25.93;Bueno;74.91;Bueno;8;15.25;18.00;36.00;Bueno;106.49;Regular;Bueno;Regular
2025-08-16;19:00;29;30.12;33.71;25.93;Bueno;74.91;Bueno;13;15.29;18.00;36.00;Bueno;106.49;Regular;Bueno;Regular
2025-08-16;20:00;41;30.71;33.71;25.93;Bueno;74.91;Bueno;17;15.46;18.00;36.00;Bueno;106.49;Regular;Bueno;Regular
2025-08-16;21:00;64;31.92;33.71;25.93;Bueno;74.91;Bueno;35;16.29;18.00;36.00;Bueno;106.49;Regular;Bueno;Regular
2025-08-16;22:00;58;32.75;33.71;25.93;Bueno;74.91;Bueno;35;17.00;18.00;36.00;Bueno;106.49;Regular;Bueno;Regular
2025-08-16;23:00;56;33.71;33.71;25.93;Bueno;74.91;Bueno;38;18.00;18.00;36.00;Bueno;106.49;Regular;Bueno;Regular
2025-08-17;00:00;60;35.46;36.12;27.79;Bueno;80.28;Bueno;38;19.21;22.38;44.75;Bueno;115.97;Regular;Bueno;Regular
2025-08-17;01:00;56;36.71;36.12;27.79;Bueno;80.28;Bueno;31;20.04;22.38;44.75;Bueno;115.97;Regular;Bueno;Regular
2025-08-17;02:00;36;36.67;36.12;27.79;Bueno;80.28;Bueno;20;19.67;22.38;44.75;Bueno;115.97;Regular;Bueno;Regular
2025-08-17;03:00;37;36.79;36.12;27.79;Bueno;80.28;Bueno;23;19.50;22.38;44.75;Bueno;115.97;Regular;Bueno;Regular
2025-08-17;04:00;33;36.75;36.12;27.79;Bueno;80.28;Bueno;28;19.75;22.38;44.75;Bueno;115.97;Regular;Bueno;Regular
2025-08-17;05:00;43;37.58;36.12;27.79;Bueno;80.28;Bueno;31;20.33;22.38;44.75;Bueno;115.97;Regular;Bueno;Regular
2025-08-17;06:00;41;38.33;36.12;27.79;Bueno;80.28;Bueno;25;20.79;22.38;44.75;Bueno;115.97;Regular;Bueno;Regular
2025-08-17;07:00;59;39.54;36.12;27.79;Bueno;80.28;Bueno;36;21.54;22.38;44.75;Bueno;115.97;Regular;Bueno;Regular
2025-08-17;08:00;51;39.83;36.12;27.79;Bueno;80.28;Bueno;31;21.96;22.38;44.75;Bueno;115.97;Regular;Bueno;Regular
2025-08-17;09:00;31;39.21;36.12;27.79;Bueno;80.28;Bueno;16;21.79;22.38;44.75;Bueno;115.97;Regular;Bueno;Regular
2025-08-17;10:00;15;38.46;36.12;27.79;Bueno;80.28;Bueno;8;21.38;22.38;44.75;Bueno;115.97;Regular;Bueno;Regular
2025-08-17;11:00;15;37.83;36.12;27.79;Bueno;80.28;Bueno;8;21.25;22.38;44.75;Bueno;115.97;Regular;Bueno;Regular
2025-08-17;12:00;19;37.33;36.12;27.79;Bueno;80.28;Bueno;8;21.25;22.38;44.75;Bueno;115.97;Regular;Bueno;Regular
2025-08-17;13:00;20;36.75;36.12;27.79;Bueno;80.28;Bueno;12;21.12;22.38;44.75;Bueno;115.97;Regular;Bueno;Regular
2025-08-17;14:00;25;36.58;36.12;27.79;Bueno;80.28;Bueno;10;21.04;22.38;44.75;Bueno;115.97;Regular;Bueno;Regular
2025-08-17;15:00;22;36.46;36.12;27.79;Bueno;80.28;Bueno;15;21.04;22.38;44.75;Bueno;115.97;Regular;Bueno;Regular
2025-08-17;16:00;22;36.58;36.12;27.79;Bueno;80.28;Bueno;15;21.29;22.38;44.75;Bueno;115.97;Regular;Bueno;Regular
2025-08-17;17:00;30;37.00;36.12;27.79;Bueno;80.28;Bueno;15;21.50;22.38;44.75;Bueno;115.97;Regular;Bueno;Regular
2025-08-17;18:00;32;37.29;36.12;27.79;Bueno;80.28;Bueno;15;21.79;22.38;44.75;Bueno;115.97;Regular;Bueno;Regular
2025-08-17;19:00;32;37.42;36.12;27.79;Bueno;80.28;Bueno;18;22.00;22.38;44.75;Bueno;115.97;Regular;Bueno;Regular
2025-08-17;20:00;32;37.04;36.12;27.79;Bueno;80.28;Bueno;19;22.08;22.38;44.75;Bueno;115.97;Regular;Bueno;Regular
2025-08-17;21:00;45;36.25;36.12;27.79;Bueno;80.28;Bueno;23;21.58;22.38;44.75;Bueno;115.97;Regular;Bueno;Regular
2025-08-17;22:00;67;36.62;36.12;27.79;Bueno;80.28;Bueno;55;22.42;22.38;44.75;Bueno;115.97;Regular;Bueno;Regular
2025-08-17;23:00;44;36.12;36.12;27.79;Bueno;80.28;Bueno;37;22.38;22.38;44.75;Bueno;115.97;Regular;Bueno;Regular
2025-08-18;00:00;51;35.75;44.50;34.23;Bueno;98.89;Bueno;33;22.17;23.12;46.25;Bueno;117.59;Regular;Bueno;Regular
2025-08-18;01:00;37;34.96;44.50;34.23;Bueno;98.89;Bueno;29;22.08;23.12;46.25;Bueno;117.59;Regular;Bueno;Regular
2025-08-18;02:00;40;35.12;44.50;34.23;Bueno;98.89;Bueno;32;22.58;23.12;46.25;Bueno;117.59;Regular;Bueno;Regular
2025-08-18;03:00;29;34.79;44.50;34.23;Bueno;98.89;Bueno;28;22.79;23.12;46.25;Bueno;117.59;Regular;Bueno;Regular
2025-08-18;04:00;33;34.79;44.50;34.23;Bueno;98.89;Bueno;29;22.83;23.12;46.25;Bueno;117.59;Regular;Bueno;Regular
2025-08-18;05:00;37;34.54;44.50;34.23;Bueno;98.89;Bueno;35;23.00;23.12;46.25;Bueno;117.59;Regular;Bueno;Regular
2025-08-18;06:00;47;34.79;44.50;34.23;Bueno;98.89;Bueno;33;23.33;23.12;46.25;Bueno;117.59;Regular;Bueno;Regular
2025-08-18;07:00;59;34.79;44.50;34.23;Bueno;98.89;Bueno;33;23.21;23.12;46.25;Bueno;117.59;Regular;Bueno;Regular
2025-08-18;08:00;65;35.38;44.50;34.23;Bueno;98.89;Bueno;31;23.21;23.12;46.25;Bueno;117.59;Regular;Bueno;Regular
2025-08-18;09:00;129;39.46;44.50;34.23;Bueno;98.89;Bueno;49;24.58;23.12;46.25;Bueno;117.59;Regular;Bueno;Regular
2025-08-18;10:00;82;42.25;44.50;34.23;Bueno;98.89;Bueno;37;25.79;23.12;46.25;Bueno;117.59;Regular;Bueno;Regular
2025-08-18;11:00;69;44.50;44.50;34.23;Bueno;98.89;Bueno;45;27.33;23.12;46.25;Bueno;117.59;Regular;Bueno;Regular
2025-08-18;12:00;63;46.33;44.50;34.23;Bueno;98.89;Bueno;35;28.46;23.12;46.25;Bueno;117.59;Regular;Bueno;Regular
2025-08-18;13:00;36;47.00;44.50;34.23;Bueno;98.89;Bueno;17;28.67;23.12;46.25;Bueno;117.59;Regular;Bueno;Regular
2025-08-18;14:00;24;46.96;44.50;34.23;Bueno;98.89;Bueno;14;28.83;23.12;46.25;Bueno;117.59;Regular;Bueno;Regular
2025-08-18;15:00;10;46.46;44.50;34.23;Bueno;98.89;Bueno;3;28.33;23.12;46.25;Bueno;117.59;Regular;Bueno;Regular
2025-08-18;16:00;23;46.50;44.50;34.23;Bueno;98.89;Bueno;5;27.92;23.12;46.25;Bueno;117.59;Regular;Bueno;Regular
2025-08-18;17:00;25;46.29;44.50;34.23;Bueno;98.89;Bueno;4;27.46;23.12;46.25;Bueno;117.59;Regular;Bueno;Regular
2025-08-18;18:00;23;45.92;44.50;34.23;Bueno;98.89;Bueno;9;27.21;23.12;46.25;Bueno;117.59;Regular;Bueno;Regular
2025-08-18;19:00;42;46.33;44.50;34.23;Bueno;98.89;Bueno;9;26.83;23.12;46.25;Bueno;117.59;Regular;Bueno;Regular
2025-08-18;20:00;29;46.21;44.50;34.23;Bueno;98.89;Bueno;7;26.33;23.12;46.25;Bueno;117.59;Regular;Bueno;Regular
2025-08-18;21:00;31;45.62;44.50;34.23;Bueno;98.89;Bueno;6;25.62;23.12;46.25;Bueno;117.59;Regular;Bueno;Regular
2025-08-18;22:00;36;44.33;44.50;34.23;Bueno;98.89;Bueno;16;24.00;23.12;46.25;Bueno;117.59;Regular;Bueno;Regular
2025-08-18;23:00;48;44.50;44.50;34.23;Bueno;98.89;Bueno;16;23.12;23.12;46.25;Bueno;117.59;Regular;Bueno;Regular
2025-08-19;00:00;56;44.71;42.92;33.01;Bueno;95.37;Bueno;14;22.33;16.42;32.83;Bueno;103.06;Regular;Bueno;Regular
2025-08-19;01:00;49;45.21;42.92;33.01;Bueno;95.37;Bueno;22;22.04;16.42;32.83;Bueno;103.06;Regular;Bueno;Regular
2025-08-19;02:00;42;45.29;42.92;33.01;Bueno;95.37;Bueno;20;21.54;16.42;32.83;Bueno;103.06;Regular;Bueno;Regular
2025-08-19;03:00;40;45.75;42.92;33.01;Bueno;95.37;Bueno;22;21.29;16.42;32.83;Bueno;103.06;Regular;Bueno;Regular
2025-08-19;04:00;33;45.75;42.92;33.01;Bueno;95.37;Bueno;18;20.83;16.42;32.83;Bueno;103.06;Regular;Bueno;Regular
2025-08-19;05:00;36;45.71;42.92;33.01;Bueno;95.37;Bueno;20;20.21;16.42;32.83;Bueno;103.06;Regular;Bueno;Regular
2025-08-19;06:00;49;45.79;42.92;33.01;Bueno;95.37;Bueno;21;19.71;16.42;32.83;Bueno;103.06;Regular;Bueno;Regular
2025-08-19;07:00;53;45.54;42.92;33.01;Bueno;95.37;Bueno;25;19.38;16.42;32.83;Bueno;103.06;Regular;Bueno;Regular
2025-08-19;08:00;104;47.17;42.92;33.01;Bueno;95.37;Bueno;29;19.29;16.42;32.83;Bueno;103.06;Regular;Bueno;Regular
2025-08-19;09:00;107;46.25;42.92;33.01;Bueno;95.37;Bueno;37;18.79;16.42;32.83;Bueno;103.06;Regular;Bueno;Regular
2025-08-19;10:00;75;45.96;42.92;33.01;Bueno;95.37;Bueno;28;18.42;16.42;32.83;Bueno;103.06;Regular;Bueno;Regular
2025-08-19;11:00;49;45.12;42.92;33.01;Bueno;95.37;Bueno;19;17.33;16.42;32.83;Bueno;103.06;Regular;Bueno;Regular
2025-08-19;12:00;35;43.96;42.92;33.01;Bueno;95.37;Bueno;16;16.54;16.42;32.83;Bueno;103.06;Regular;Bueno;Regular
2025-08-19;13:00;38;44.04;42.92;33.01;Bueno;95.37;Bueno;14;16.42;16.42;32.83;Bueno;103.06;Regular;Bueno;Regular
2025-08-19;14:00;29;44.25;42.92;33.01;Bueno;95.37;Bueno;14;16.42;16.42;32.83;Bueno;103.06;Regular;Bueno;Regular
2025-08-19;15:00;31;45.12;42.92;33.01;Bueno;95.37;Bueno;10;16.71;16.42;32.83;Bueno;103.06;Regular;Bueno;Regular
2025-08-19;16:00;24;45.17;42.92;33.01;Bueno;95.37;Bueno;6;16.75;16.42;32.83;Bueno;103.06;Regular;Bueno;Regular
2025-08-19;17:00;19;44.92;42.92;33.01;Bueno;95.37;Bueno;10;17.00;16.42;32.83;Bueno;103.06;Regular;Bueno;Regular
2025-08-19;18:00;26;45.04;42.92;33.01;Bueno;95.37;Bueno;9;17.00;16.42;32.83;Bueno;103.06;Regular;Bueno;Regular
2025-08-19;19:00;27;44.42;42.92;33.01;Bueno;95.37;Bueno;11;17.08;16.42;32.83;Bueno;103.06;Regular;Bueno;Regular
2025-08-19;20:00;32;44.54;42.92;33.01;Bueno;95.37;Bueno;11;17.25;16.42;32.83;Bueno;103.06;Regular;Bueno;Regular
2025-08-19;21:00;27;44.38;42.92;33.01;Bueno;95.37;Bueno;5;17.21;16.42;32.83;Bueno;103.06;Regular;Bueno;Regular
2025-08-19;22:00;23;43.83;42.92;33.01;Bueno;95.37;Bueno;5;16.75;16.42;32.83;Bueno;103.06;Regular;Bueno;Regular
2025-08-19;23:00;26;42.92;42.92;33.01;Bueno;95.37;Bueno;8;16.42;16.42;32.83;Bueno;103.06;Regular;Bueno;Regular
2025-08-20;00:00;32;41.92;44.88;34.52;Bueno;99.72;Bueno;10;16.25;15.17;30.33;Bueno;100.36;Regular;Bueno;Regular
2025-08-20;01:00;34;41.29;44.88;34.52;Bueno;99.72;Bueno;13;15.88;15.17;30.33;Bueno;100.36;Regular;Bueno;Regular
2025-08-20;02:00;33;40.92;44.88;34.52;Bueno;99.72;Bueno;16;15.71;15.17;30.33;Bueno;100.36;Regular;Bueno;Regular
2025-08-20;03:00;34;40.67;44.88;34.52;Bueno;99.72;Bueno;14;15.38;15.17;30.33;Bueno;100.36;Regular;Bueno;Regular
2025-08-20;04:00;31;40.58;44.88;34.52;Bueno;99.72;Bueno;15;15.25;15.17;30.33;Bueno;100.36;Regular;Bueno;Regular
2025-08-20;05:00;43;40.88;44.88;34.52;Bueno;99.72;Bueno;21;15.29;15.17;30.33;Bueno;100.36;Regular;Bueno;Regular
2025-08-20;06:00;37;40.38;44.88;34.52;Bueno;99.72;Bueno;15;15.04;15.17;30.33;Bueno;100.36;Regular;Bueno;Regular
2025-08-20;07:00;63;40.79;44.88;34.52;Bueno;99.72;Bueno;18;14.75;15.17;30.33;Bueno;100.36;Regular;Bueno;Regular
2025-08-20;08:00;134;42.04;44.88;34.52;Bueno;99.72;Bueno;31;14.83;15.17;30.33;Bueno;100.36;Regular;Bueno;Regular
2025-08-20;09:00;96;41.58;44.88;34.52;Bueno;99.72;Bueno;33;14.67;15.17;30.33;Bueno;100.36;Regular;Bueno;Regular
2025-08-20;10:00;82;41.88;44.88;34.52;Bueno;99.72;Bueno;27;14.62;15.17;30.33;Bueno;100.36;Regular;Bueno;Regular
2025-08-20;11:00;73;42.88;44.88;34.52;Bueno;99.72;Bueno;24;14.83;15.17;30.33;Bueno;100.36;Regular;Bueno;Regular
2025-08-20;12:00;71;44.38;44.88;34.52;Bueno;99.72;Bueno;26;15.25;15.17;30.33;Bueno;100.36;Regular;Bueno;Regular
2025-08-20;13:00;55;45.08;44.88;34.52;Bueno;99.72;Bueno;19;15.46;15.17;30.33;Bueno;100.36;Regular;Bueno;Regular
2025-08-20;14:00;37;45.42;44.88;34.52;Bueno;99.72;Bueno;12;15.38;15.17;30.33;Bueno;100.36;Regular;Bueno;Regular
2025-08-20;15:00;25;45.17;44.88;34.52;Bueno;99.72;Bueno;7;15.25;15.17;30.33;Bueno;100.36;Regular;Bueno;Regular
2025-08-20;16:00;26;45.25;44.88;34.52;Bueno;99.72;Bueno;7;15.29;15.17;30.33;Bueno;100.36;Regular;Bueno;Regular
2025-08-20;17:00;34;45.88;44.88;34.52;Bueno;99.72;Bueno;7;15.17;15.17;30.33;Bueno;100.36;Regular;Bueno;Regular
2025-08-20;18:00;42;46.54;44.88;34.52;Bueno;99.72;Bueno;14;15.38;15.17;30.33;Bueno;100.36;Regular;Bueno;Regular
2025-08-20;19:00;41;47.12;44.88;34.52;Bueno;99.72;Bueno;12;15.42;15.17;30.33;Bueno;100.36;Regular;Bueno;Regular
2025-08-20;20:00;30;47.04;44.88;34.52;Bueno;99.72;Bueno;15;15.58;15.17;30.33;Bueno;100.36;Regular;Bueno;Regular
2025-08-20;21:00;13;46.46;44.88;34.52;Bueno;99.72;Bueno;3;15.50;15.17;30.33;Bueno;100.36;Regular;Bueno;Regular
2025-08-20;22:00;7;45.79;44.88;34.52;Bueno;99.72;Bueno;3;15.42;15.17;30.33;Bueno;100.36;Regular;Bueno;Regular
2025-08-20;23:00;4;44.88;44.88;34.52;Bueno;99.72;Bueno;2;15.17;15.17;30.33;Bueno;100.36;Regular;Bueno;Regular
2025-08-21;00:00;4;43.71;30.04;23.11;Bueno;66.76;Bueno;1;14.79;2.38;4.75;Bueno;15.83;Bueno;Bueno;Bueno
2025-08-21;01:00;5;42.50;30.04;23.11;Bueno;66.76;Bueno;2;14.33;2.38;4.75;Bueno;15.83;Bueno;Bueno;Bueno
2025-08-21;02:00;6;41.38;30.04;23.11;Bueno;66.76;Bueno;1;13.71;2.38;4.75;Bueno;15.83;Bueno;Bueno;Bueno
2025-08-21;03:00;11;40.42;30.04;23.11;Bueno;66.76;Bueno;6;13.38;2.38;4.75;Bueno;15.83;Bueno;Bueno;Bueno
2025-08-21;04:00;11;39.58;30.04;23.11;Bueno;66.76;Bueno;5;12.96;2.38;4.75;Bueno;15.83;Bueno;Bueno;Bueno
2025-08-21;05:00;10;38.21;30.04;23.11;Bueno;66.76;Bueno;3;12.21;2.38;4.75;Bueno;15.83;Bueno;Bueno;Bueno
2025-08-21;06:00;11;37.12;30.04;23.11;Bueno;66.76;Bueno;1;11.62;2.38;4.75;Bueno;15.83;Bueno;Bueno;Bueno
2025-08-21;07:00;12;35.00;30.04;23.11;Bueno;66.76;Bueno;1;10.92;2.38;4.75;Bueno;15.83;Bueno;Bueno;Bueno
2025-08-21;08:00;24;30.42;30.04;23.11;Bueno;66.76;Bueno;5;9.83;2.38;4.75;Bueno;15.83;Bueno;Bueno;Bueno
2025-08-21;09:00;35;27.88;30.04;23.11;Bueno;66.76;Bueno;5;8.67;2.38;4.75;Bueno;15.83;Bueno;Bueno;Bueno
2025-08-21;10:00;41;26.17;30.04;23.11;Bueno;66.76;Bueno;3;7.67;2.38;4.75;Bueno;15.83;Bueno;Bueno;Bueno
2025-08-21;11:00;60;25.62;30.04;23.11;Bueno;66.76;Bueno;2;6.75;2.38;4.75;Bueno;15.83;Bueno;Bueno;Bueno
2025-08-21;12:00;191;30.62;30.04;23.11;Bueno;66.76;Bueno;2;5.75;2.38;4.75;Bueno;15.83;Bueno;Bueno;Bueno
2025-08-21;13:00;82;31.75;30.04;23.11;Bueno;66.76;Bueno;3;5.08;2.38;4.75;Bueno;15.83;Bueno;Bueno;Bueno
2025-08-21;14:00;115;35.00;30.04;23.11;Bueno;66.76;Bueno;4;4.75;2.38;4.75;Bueno;15.83;Bueno;Bueno;Bueno
2025-08-21;15:00;66;36.71;30.04;23.11;Bueno;66.76;Bueno;4;4.62;2.38;4.75;Bueno;15.83;Bueno;Bueno;Bueno
2025-08-21;16:00;10;36.04;30.04;23.11;Bueno;66.76;Bueno;2;4.42;2.38;4.75;Bueno;15.83;Bueno;Bueno;Bueno
2025-08-21;17:00;8;34.96;30.04;23.11;Bueno;66.76;Bueno;1;4.17;2.38;4.75;Bueno;15.83;Bueno;Bueno;Bueno
2025-08-21;18:00;5;33.42;30.04;23.11;Bueno;66.76;Bueno;1;3.62;2.38;4.75;Bueno;15.83;Bueno;Bueno;Bueno
2025-08-21;19:00;4;31.88;30.04;23.11;Bueno;66.76;Bueno;1;3.17;2.38;4.75;Bueno;15.83;Bueno;Bueno;Bueno
2025-08-21;20:00;3;30.75;30.04;23.11;Bueno;66.76;Bueno;1;2.58;2.38;4.75;Bueno;15.83;Bueno;Bueno;Bueno
2025-08-21;21:00;2;30.29;30.04;23.11;Bueno;66.76;Bueno;1;2.50;2.38;4.75;Bueno;15.83;Bueno;Bueno;Bueno
2025-08-21;22:00;2;30.08;30.04;23.11;Bueno;66.76;Bueno;1;2.42;2.38;4.75;Bueno;15.83;Bueno;Bueno;Bueno
2025-08-21;23:00;3;30.04;30.04;23.11;Bueno;66.76;Bueno;1;2.38;2.38;4.75;Bueno;15.83;Bueno;Bueno;Bueno
2025-08-22;00:00;2;29.96;8.50;6.54;Bueno;18.89;Bueno;1;2.38;5.17;10.33;Bueno;34.44;Bueno;Bueno;Bueno
2025-08-22;01:00;3;29.88;8.50;6.54;Bueno;18.89;Bueno;1;2.33;5.17;10.33;Bueno;34.44;Bueno;Bueno;Bueno
2025-08-22;02:00;3;29.75;8.50;6.54;Bueno;18.89;Bueno;2;2.38;5.17;10.33;Bueno;34.44;Bueno;Bueno;Bueno
2025-08-22;03:00;7;29.58;8.50;6.54;Bueno;18.89;Bueno;4;2.29;5.17;10.33;Bueno;34.44;Bueno;Bueno;Bueno
2025-08-22;04:00;6;29.38;8.50;6.54;Bueno;18.89;Bueno;5;2.29;5.17;10.33;Bueno;34.44;Bueno;Bueno;Bueno
2025-08-22;05:00;5;29.17;8.50;6.54;Bueno;18.89;Bueno;4;2.33;5.17;10.33;Bueno;34.44;Bueno;Bueno;Bueno
2025-08-22;06:00;6;28.96;8.50;6.54;Bueno;18.89;Bueno;1;2.33;5.17;10.33;Bueno;34.44;Bueno;Bueno;Bueno
2025-08-22;07:00;5;28.67;8.50;6.54;Bueno;18.89;Bueno;3;2.42;5.17;10.33;Bueno;34.44;Bueno;Bueno;Bueno
2025-08-22;08:00;13;28.21;8.50;6.54;Bueno;18.89;Bueno;7;2.50;5.17;10.33;Bueno;34.44;Bueno;Bueno;Bueno
2025-08-22;09:00;12;27.25;8.50;6.54;Bueno;18.89;Bueno;5;2.50;5.17;10.33;Bueno;34.44;Bueno;Bueno;Bueno
2025-08-22;10:00;10;25.96;8.50;6.54;Bueno;18.89;Bueno;3;2.50;5.17;10.33;Bueno;34.44;Bueno;Bueno;Bueno
2025-08-22;11:00;10;23.88;8.50;6.54;Bueno;18.89;Bueno;4;2.58;5.17;10.33;Bueno;34.44;Bueno;Bueno;Bueno
2025-08-22;12:00;6;16.17;8.50;6.54;Bueno;18.89;Bueno;4;2.67;5.17;10.33;Bueno;34.44;Bueno;Bueno;Bueno
2025-08-22;13:00;5;12.96;8.50;6.54;Bueno;18.89;Bueno;4;2.71;5.17;10.33;Bueno;34.44;Bueno;Bueno;Bueno
2025-08-22;14:00;6;8.42;8.50;6.54;Bueno;18.89;Bueno;5;2.75;5.17;10.33;Bueno;34.44;Bueno;Bueno;Bueno
2025-08-22;15:00;6;5.92;8.50;6.54;Bueno;18.89;Bueno;5;2.79;5.17;10.33;Bueno;34.44;Bueno;Bueno;Bueno
2025-08-22;16:00;9;5.88;8.50;6.54;Bueno;18.89;Bueno;4;2.88;5.17;10.33;Bueno;34.44;Bueno;Bueno;Bueno
2025-08-22;17:00;9;5.92;8.50;6.54;Bueno;18.89;Bueno;5;3.04;5.17;10.33;Bueno;34.44;Bueno;Bueno;Bueno
2025-08-22;18:00;12;6.21;8.50;6.54;Bueno;18.89;Bueno;4;3.17;5.17;10.33;Bueno;34.44;Bueno;Bueno;Bueno
2025-08-22;19:00;7;6.33;8.50;6.54;Bueno;18.89;Bueno;3;3.25;5.17;10.33;Bueno;34.44;Bueno;Bueno;Bueno
2025-08-22;20:00;13;6.75;8.50;6.54;Bueno;18.89;Bueno;10;3.62;5.17;10.33;Bueno;34.44;Bueno;Bueno;Bueno
2025-08-22;21:00;13;7.21;8.50;6.54;Bueno;18.89;Bueno;6;3.83;5.17;10.33;Bueno;34.44;Bueno;Bueno;Bueno
2025-08-22;22:00;13;7.67;8.50;6.54;Bueno;18.89;Bueno;12;4.29;5.17;10.33;Bueno;34.44;Bueno;Bueno;Bueno
2025-08-22;23:00;23;8.50;8.50;6.54;Bueno;18.89;Bueno;22;5.17;5.17;10.33;Bueno;34.44;Bueno;Bueno;Bueno
2025-08-23;00:00;17;9.12;32.71;25.16;Bueno;72.69;Bueno;16;5.79;19.21;38.42;Bueno;109.10;Regular;Bueno;Regular
2025-08-23;01:00;24;10.00;32.71;25.16;Bueno;72.69;Bueno;14;6.33;19.21;38.42;Bueno;109.10;Regular;Bueno;Regular
2025-08-23;02:00;23;10.83;32.71;25.16;Bueno;72.69;Bueno;16;6.92;19.21;38.42;Bueno;109.10;Regular;Bueno;Regular
2025-08-23;03:00;21;11.42;32.71;25.16;Bueno;72.69;Bueno;21;7.62;19.21;38.42;Bueno;109.10;Regular;Bueno;Regular
2025-08-23;04:00;22;12.08;32.71;25.16;Bueno;72.69;Bueno;20;8.25;19.21;38.42;Bueno;109.10;Regular;Bueno;Regular
2025-08-23;05:00;24;12.88;32.71;25.16;Bueno;72.69;Bueno;21;8.96;19.21;38.42;Bueno;109.10;Regular;Bueno;Regular
2025-08-23;06:00;19;13.42;32.71;25.16;Bueno;72.69;Bueno;18;9.67;19.21;38.42;Bueno;109.10;Regular;Bueno;Regular
2025-08-23;07:00;23;14.17;32.71;25.16;Bueno;72.69;Bueno;22;10.46;19.21;38.42;Bueno;109.10;Regular;Bueno;Regular
2025-08-23;08:00;25;14.67;32.71;25.16;Bueno;72.69;Bueno;24;11.17;19.21;38.42;Bueno;109.10;Regular;Bueno;Regular
2025-08-23;09:00;22;15.08;32.71;25.16;Bueno;72.69;Bueno;20;11.79;19.21;38.42;Bueno;109.10;Regular;Bueno;Regular
2025-08-23;10:00;36;16.17;32.71;25.16;Bueno;72.69;Bueno;28;12.83;19.21;38.42;Bueno;109.10;Regular;Bueno;Regular
2025-08-23;11:00;31;17.04;32.71;25.16;Bueno;72.69;Bueno;21;13.54;19.21;38.42;Bueno;109.10;Regular;Bueno;Regular
2025-08-23;12:00;25;17.83;32.71;25.16;Bueno;72.69;Bueno;12;13.88;19.21;38.42;Bueno;109.10;Regular;Bueno;Regular
2025-08-23;13:00;23;18.58;32.71;25.16;Bueno;72.69;Bueno;12;14.21;19.21;38.42;Bueno;109.10;Regular;Bueno;Regular
2025-08-23;14:00;24;19.33;32.71;25.16;Bueno;72.69;Bueno;12;14.50;19.21;38.42;Bueno;109.10;Regular;Bueno;Regular
2025-08-23;15:00;39;20.71;32.71;25.16;Bueno;72.69;Bueno;16;14.96;19.21;38.42;Bueno;109.10;Regular;Bueno;Regular
2025-08-23;16:00;21;21.21;32.71;25.16;Bueno;72.69;Bueno;7;15.08;19.21;38.42;Bueno;109.10;Regular;Bueno;Regular
2025-08-23;17:00;16;21.50;32.71;25.16;Bueno;72.69;Bueno;5;15.08;19.21;38.42;Bueno;109.10;Regular;Bueno;Regular
2025-08-23;18:00;36;22.50;32.71;25.16;Bueno;72.69;Bueno;4;15.08;19.21;38.42;Bueno;109.10;Regular;Bueno;Regular
2025-08-23;19:00;45;24.08;32.71;25.16;Bueno;72.69;Bueno;15;15.58;19.21;38.42;Bueno;109.10;Regular;Bueno;Regular
2025-08-23;20:00;74;26.62;32.71;25.16;Bueno;72.69;Bueno;31;16.46;19.21;38.42;Bueno;109.10;Regular;Bueno;Regular
2025-08-23;21:00;49;28.12;32.71;25.16;Bueno;72.69;Bueno;28;17.38;19.21;38.42;Bueno;109.10;Regular;Bueno;Regular
2025-08-23;22:00;56;29.92;32.71;25.16;Bueno;72.69;Bueno;34;18.29;19.21;38.42;Bueno;109.10;Regular;Bueno;Regular
2025-08-23;23:00;90;32.71;32.71;25.16;Bueno;72.69;Bueno;44;19.21;19.21;38.42;Bueno;109.10;Regular;Bueno;Regular
2025-08-24;00:00;61;34.54;42.88;32.98;Bueno;95.28;Bueno;38;20.12;23.46;46.92;Bueno;118.32;Regular;Bueno;Regular
2025-08-24;01:00;50;35.62;42.88;32.98;Bueno;95.28;Bueno;35;21.00;23.46;46.92;Bueno;118.32;Regular;Bueno;Regular
2025-08-24;02:00;66;37.42;42.88;32.98;Bueno;95.28;Bueno;42;22.08;23.46;46.92;Bueno;118.32;Regular;Bueno;Regular
2025-08-24;03:00;59;39.00;42.88;32.98;Bueno;95.28;Bueno;40;22.88;23.46;46.92;Bueno;118.32;Regular;Bueno;Regular
2025-08-24;04:00;58;40.50;42.88;32.98;Bueno;95.28;Bueno;57;24.42;23.46;46.92;Bueno;118.32;Regular;Bueno;Regular
2025-08-24;05:00;49;41.54;42.88;32.98;Bueno;95.28;Bueno;44;25.38;23.46;46.92;Bueno;118.32;Regular;Bueno;Regular
2025-08-24;06:00;44;42.58;42.88;32.98;Bueno;95.28;Bueno;35;26.08;23.46;46.92;Bueno;118.32;Regular;Bueno;Regular
2025-08-24;07:00;44;43.46;42.88;32.98;Bueno;95.28;Bueno;26;26.25;23.46;46.92;Bueno;118.32;Regular;Bueno;Regular
2025-08-24;08:00;51;44.54;42.88;32.98;Bueno;95.28;Bueno;29;26.46;23.46;46.92;Bueno;118.32;Regular;Bueno;Regular
2025-08-24;09:00;51;45.75;42.88;32.98;Bueno;95.28;Bueno;30;26.88;23.46;46.92;Bueno;118.32;Regular;Bueno;Regular
2025-08-24;10:00;32;45.58;42.88;32.98;Bueno;95.28;Bueno;20;26.54;23.46;46.92;Bueno;118.32;Regular;Bueno;Regular
2025-08-24;11:00;23;45.25;42.88;32.98;Bueno;95.28;Bueno;16;26.33;23.46;46.92;Bueno;118.32;Regular;Bueno;Regular
2025-08-24;12:00;22;45.12;42.88;32.98;Bueno;95.28;Bueno;13;26.38;23.46;46.92;Bueno;118.32;Regular;Bueno;Regular
2025-08-24;13:00;17;44.88;42.88;32.98;Bueno;95.28;Bueno;8;26.21;23.46;46.92;Bueno;118.32;Regular;Bueno;Regular
2025-08-24;14:00;15;44.50;42.88;32.98;Bueno;95.28;Bueno;5;25.92;23.46;46.92;Bueno;118.32;Regular;Bueno;Regular
2025-08-24;15:00;13;43.42;42.88;32.98;Bueno;95.28;Bueno;4;25.42;23.46;46.92;Bueno;118.32;Regular;Bueno;Regular
2025-08-24;16:00;32;43.88;42.88;32.98;Bueno;95.28;Bueno;20;25.96;23.46;46.92;Bueno;118.32;Regular;Bueno;Regular
2025-08-24;17:00;26;44.29;42.88;32.98;Bueno;95.28;Bueno;12;26.25;23.46;46.92;Bueno;118.32;Regular;Bueno;Regular
2025-08-24;18:00;22;43.71;42.88;32.98;Bueno;95.28;Bueno;9;26.46;23.46;46.92;Bueno;118.32;Regular;Bueno;Regular
2025-08-24;19:00;31;43.12;42.88;32.98;Bueno;95.28;Bueno;9;26.21;23.46;46.92;Bueno;118.32;Regular;Bueno;Regular
2025-08-24;20:00;45;41.92;42.88;32.98;Bueno;95.28;Bueno;14;25.50;23.46;46.92;Bueno;118.32;Regular;Bueno;Regular
2025-08-24;21:00;89;43.58;42.88;32.98;Bueno;95.28;Bueno;16;25.00;23.46;46.92;Bueno;118.32;Regular;Bueno;Regular
2025-08-24;22:00;75;44.38;42.88;32.98;Bueno;95.28;Bueno;21;24.46;23.46;46.92;Bueno;118.32;Regular;Bueno;Regular
2025-08-24;23:00;54;42.88;42.88;32.98;Bueno;95.28;Bueno;20;23.46;23.46;46.92;Bueno;118.32;Regular;Bueno;Regular
2025-08-25;00:00;47;42.29;75.58;58.14;Bueno;150.37;Regular;20;22.71;28.38;56.75;Bueno;129.01;Regular;Bueno;Regular
2025-08-25;01:00;35;41.67;75.58;58.14;Bueno;150.37;Regular;24;22.25;28.38;56.75;Bueno;129.01;Regular;Bueno;Regular
2025-08-25;02:00;36;40.42;75.58;58.14;Bueno;150.37;Regular;22;21.42;28.38;56.75;Bueno;129.01;Regular;Bueno;Regular
2025-08-25;03:00;34;39.38;75.58;58.14;Bueno;150.37;Regular;18;20.50;28.38;56.75;Bueno;129.01;Regular;Bueno;Regular
2025-08-25;04:00;36;38.46;75.58;58.14;Bueno;150.37;Regular;26;19.21;28.38;56.75;Bueno;129.01;Regular;Bueno;Regular
2025-08-25;05:00;30;37.67;75.58;58.14;Bueno;150.37;Regular;25;18.42;28.38;56.75;Bueno;129.01;Regular;Bueno;Regular
2025-08-25;06:00;46;37.75;75.58;58.14;Bueno;150.37;Regular;25;18.00;28.38;56.75;Bueno;129.01;Regular;Bueno;Regular
2025-08-25;07:00;70;38.83;75.58;58.14;Bueno;150.37;Regular;37;18.46;28.38;56.75;Bueno;129.01;Regular;Bueno;Regular
2025-08-25;08:00;208;45.38;75.58;58.14;Bueno;150.37;Regular;58;19.67;28.38;56.75;Bueno;129.01;Regular;Bueno;Regular
2025-08-25;09:00;60;45.75;75.58;58.14;Bueno;150.37;Regular;28;19.58;28.38;56.75;Bueno;129.01;Regular;Bueno;Regular
2025-08-25;10:00;86;48.00;75.58;58.14;Bueno;150.37;Regular;38;20.33;28.38;56.75;Bueno;129.01;Regular;Bueno;Regular
2025-08-25;11:00;90;50.79;75.58;58.14;Bueno;150.37;Regular;35;21.12;28.38;56.75;Bueno;129.01;Regular;Bueno;Regular
2025-08-25;12:00;66;52.62;75.58;58.14;Bueno;150.37;Regular;31;21.88;28.38;56.75;Bueno;129.01;Regular;Bueno;Regular
2025-08-25;13:00;52;54.08;75.58;58.14;Bueno;150.37;Regular;19;22.33;28.38;56.75;Bueno;129.01;Regular;Bueno;Regular
2025-08-25;14:00;84;56.96;75.58;58.14;Bueno;150.37;Regular;22;23.04;28.38;56.75;Bueno;129.01;Regular;Bueno;Regular
2025-08-25;15:00;72;59.42;75.58;58.14;Bueno;150.37;Regular;29;24.08;28.38;56.75;Bueno;129.01;Regular;Bueno;Regular
2025-08-25;16:00;62;60.67;75.58;58.14;Bueno;150.37;Regular;20;24.08;28.38;56.75;Bueno;129.01;Regular;Bueno;Regular
2025-08-25;17:00;58;62.00;75.58;58.14;Bueno;150.37;Regular;20;24.42;28.38;56.75;Bueno;129.01;Regular;Bueno;Regular
2025-08-25;18:00;73;64.12;75.58;58.14;Bueno;150.37;Regular;21;24.92;28.38;56.75;Bueno;129.01;Regular;Bueno;Regular
2025-08-25;19:00;88;66.50;75.58;58.14;Bueno;150.37;Regular;25;25.58;28.38;56.75;Bueno;129.01;Regular;Bueno;Regular
2025-08-25;20:00;130;70.04;75.58;58.14;Bueno;150.37;Regular;28;26.17;28.38;56.75;Bueno;129.01;Regular;Bueno;Regular
2025-08-25;21:00;125;71.54;75.58;58.14;Bueno;150.37;Regular;33;26.88;28.38;56.75;Bueno;129.01;Regular;Bueno;Regular
2025-08-25;22:00;120;73.42;75.58;58.14;Bueno;150.37;Regular;40;27.67;28.38;56.75;Bueno;129.01;Regular;Bueno;Regular
2025-08-25;23:00;106;75.58;75.58;58.14;Bueno;150.37;Regular;37;28.38;28.38;56.75;Bueno;129.01;Regular;Bueno;Regular
2025-08-26;00:00;99;77.75;100.50;77.31;Bueno;191.87;Regular;37;29.08;34.08;68.17;Bueno;141.47;Regular;Bueno;Regular
2025-08-26;01:00;83;79.75;100.50;77.31;Bueno;191.87;Regular;36;29.58;34.08;68.17;Bueno;141.47;Regular;Bueno;Regular
2025-08-26;02:00;69;81.12;100.50;77.31;Bueno;191.87;Regular;29;29.88;34.08;68.17;Bueno;141.47;Regular;Bueno;Regular
2025-08-26;03:00;75;82.83;100.50;77.31;Bueno;191.87;Regular;35;30.58;34.08;68.17;Bueno;141.47;Regular;Bueno;Regular
2025-08-26;04:00;61;83.88;100.50;77.31;Bueno;191.87;Regular;33;30.88;34.08;68.17;Bueno;141.47;Regular;Bueno;Regular
2025-08-26;05:00;60;85.12;100.50;77.31;Bueno;191.87;Regular;32;31.17;34.08;68.17;Bueno;141.47;Regular;Bueno;Regular
2025-08-26;06:00;55;85.50;100.50;77.31;Bueno;191.87;Regular;31;31.42;34.08;68.17;Bueno;141.47;Regular;Bueno;Regular
2025-08-26;07:00;87;86.21;100.50;77.31;Bueno;191.87;Regular;37;31.42;34.08;68.17;Bueno;141.47;Regular;Bueno;Regular
2025-08-26;08:00;163;84.33;100.50;77.31;Bueno;191.87;Regular;51;31.12;34.08;68.17;Bueno;141.47;Regular;Bueno;Regular
2025-08-26;09:00;110;86.42;100.50;77.31;Bueno;191.87;Regular;35;31.42;34.08;68.17;Bueno;141.47;Regular;Bueno;Regular
2025-08-26;10:00;93;86.71;100.50;77.31;Bueno;191.87;Regular;39;31.46;34.08;68.17;Bueno;141.47;Regular;Bueno;Regular
2025-08-26;11:00;146;89.04;100.50;77.31;Bueno;191.87;Regular;48;32.00;34.08;68.17;Bueno;141.47;Regular;Bueno;Regular
2025-08-26;12:00;111;90.92;100.50;77.31;Bueno;191.87;Regular;35;32.17;34.08;68.17;Bueno;141.47;Regular;Bueno;Regular
2025-08-26;13:00;73;91.79;100.50;77.31;Bueno;191.87;Regular;21;32.25;34.08;68.17;Bueno;141.47;Regular;Bueno;Regular
2025-08-26;14:00;96;92.29;100.50;77.31;Bueno;191.87;Regular;24;32.33;34.08;68.17;Bueno;141.47;Regular;Bueno;Regular
2025-08-26;15:00;125;94.50;100.50;77.31;Bueno;191.87;Regular;28;32.29;34.08;68.17;Bueno;141.47;Regular;Bueno;Regular
2025-08-26;16:00;117;96.79;100.50;77.31;Bueno;191.87;Regular;29;32.67;34.08;68.17;Bueno;141.47;Regular;Bueno;Regular
2025-08-26;17:00;58;96.79;100.50;77.31;Bueno;191.87;Regular;18;32.58;34.08;68.17;Bueno;141.47;Regular;Bueno;Regular
2025-08-26;18:00;66;96.50;100.50;77.31;Bueno;191.87;Regular;23;32.67;34.08;68.17;Bueno;141.47;Regular;Bueno;Regular
2025-08-26;19:00;105;97.21;100.50;77.31;Bueno;191.87;Regular;33;33.00;34.08;68.17;Bueno;141.47;Regular;Bueno;Regular
2025-08-26;20:00;114;96.54;100.50;77.31;Bueno;191.87;Regular;37;33.38;34.08;68.17;Bueno;141.47;Regular;Bueno;Regular
2025-08-26;21:00;128;96.67;100.50;77.31;Bueno;191.87;Regular;40;33.67;34.08;68.17;Bueno;141.47;Regular;Bueno;Regular
2025-08-26;22:00;168;98.67;100.50;77.31;Bueno;191.87;Regular;45;33.88;34.08;68.17;Bueno;141.47;Regular;Bueno;Regular
2025-08-26;23:00;150;100.50;100.50;77.31;Bueno;191.87;Regular;42;34.08;34.08;68.17;Bueno;141.47;Regular;Bueno;Regular
2025-08-27;00:00;122;101.46;84.71;65.16;Bueno;165.52;Regular;48;34.54;35.88;71.75;Bueno;145.39;Regular;Bueno;Regular
2025-08-27;01:00;102;102.25;84.71;65.16;Bueno;165.52;Regular;42;34.79;35.88;71.75;Bueno;145.39;Regular;Bueno;Regular
2025-08-27;02:00;83;102.83;84.71;65.16;Bueno;165.52;Regular;38;35.17;35.88;71.75;Bueno;145.39;Regular;Bueno;Regular
2025-08-27;03:00;82;103.12;84.71;65.16;Bueno;165.52;Regular;41;35.42;35.88;71.75;Bueno;145.39;Regular;Bueno;Regular
2025-08-27;04:00;74;103.67;84.71;65.16;Bueno;165.52;Regular;38;35.62;35.88;71.75;Bueno;145.39;Regular;Bueno;Regular
2025-08-27;05:00;68;104.00;84.71;65.16;Bueno;165.52;Regular;37;35.83;35.88;71.75;Bueno;145.39;Regular;Bueno;Regular
2025-08-27;06:00;69;104.58;84.71;65.16;Bueno;165.52;Regular;34;35.96;35.88;71.75;Bueno;145.39;Regular;Bueno;Regular
2025-08-27;07:00;77;104.17;84.71;65.16;Bueno;165.52;Regular;37;35.96;35.88;71.75;Bueno;145.39;Regular;Bueno;Regular
2025-08-27;08:00;152;103.71;84.71;65.16;Bueno;165.52;Regular;55;36.12;35.88;71.75;Bueno;145.39;Regular;Bueno;Regular
2025-08-27;09:00;129;104.50;84.71;65.16;Bueno;165.52;Regular;49;36.71;35.88;71.75;Bueno;145.39;Regular;Bueno;Regular
2025-08-27;10:00;111;105.25;84.71;65.16;Bueno;165.52;Regular;48;37.08;35.88;71.75;Bueno;145.39;Regular;Bueno;Regular
2025-08-27;11:00;131;104.62;84.71;65.16;Bueno;165.52;Regular;46;37.00;35.88;71.75;Bueno;145.39;Regular;Bueno;Regular
2025-08-27;12:00;108;104.50;84.71;65.16;Bueno;165.52;Regular;38;37.12;35.88;71.75;Bueno;145.39;Regular;Bueno;Regular
2025-08-27;13:00;90;105.21;84.71;65.16;Bueno;165.52;Regular;41;37.96;35.88;71.75;Bueno;145.39;Regular;Bueno;Regular
2025-08-27;14:00;75;104.33;84.71;65.16;Bueno;165.52;Regular;36;38.46;35.88;71.75;Bueno;145.39;Regular;Bueno;Regular
2025-08-27;15:00;52;101.29;84.71;65.16;Bueno;165.52;Regular;20;38.12;35.88;71.75;Bueno;145.39;Regular;Bueno;Regular
2025-08-27;16:00;62;99.00;84.71;65.16;Bueno;165.52;Regular;22;37.83;35.88;71.75;Bueno;145.39;Regular;Bueno;Regular
2025-08-27;17:00;56;98.92;84.71;65.16;Bueno;165.52;Regular;22;38.00;35.88;71.75;Bueno;145.39;Regular;Bueno;Regular
2025-08-27;18:00;56;98.50;84.71;65.16;Bueno;165.52;Regular;26;38.12;35.88;71.75;Bueno;145.39;Regular;Bueno;Regular
2025-08-27;19:00;61;96.67;84.71;65.16;Bueno;165.52;Regular;27;37.88;35.88;71.75;Bueno;145.39;Regular;Bueno;Regular
2025-08-27;20:00;78;95.17;84.71;65.16;Bueno;165.52;Regular;33;37.71;35.88;71.75;Bueno;145.39;Regular;Bueno;Regular
2025-08-27;21:00;74;92.92;84.71;65.16;Bueno;165.52;Regular;26;37.12;35.88;71.75;Bueno;145.39;Regular;Bueno;Regular
2025-08-27;22:00;64;88.58;84.71;65.16;Bueno;165.52;Regular;29;36.46;35.88;71.75;Bueno;145.39;Regular;Bueno;Regular
2025-08-27;23:00;57;84.71;84.71;65.16;Bueno;165.52;Regular;28;35.88;35.88;71.75;Bueno;145.39;Regular;Bueno;Regular
2025-08-28;00:00;42;81.38;42.42;32.63;Bueno;94.26;Bueno;24;34.88;28.75;57.50;Bueno;129.83;Regular;Bueno;Regular
2025-08-28;01:00;28;78.29;42.42;32.63;Bueno;94.26;Bueno;24;34.12;28.75;57.50;Bueno;129.83;Regular;Bueno;Regular
2025-08-28;02:00;42;76.58;42.42;32.63;Bueno;94.26;Bueno;39;34.17;28.75;57.50;Bueno;129.83;Regular;Bueno;Regular
2025-08-28;03:00;35;74.62;42.42;32.63;Bueno;94.26;Bueno;30;33.71;28.75;57.50;Bueno;129.83;Regular;Bueno;Regular
2025-08-28;04:00;37;73.08;42.42;32.63;Bueno;94.26;Bueno;26;33.21;28.75;57.50;Bueno;129.83;Regular;Bueno;Regular
2025-08-28;05:00;25;71.29;42.42;32.63;Bueno;94.26;Bueno;24;32.67;28.75;57.50;Bueno;129.83;Regular;Bueno;Regular
2025-08-28;06:00;26;69.50;42.42;32.63;Bueno;94.26;Bueno;24;32.25;28.75;57.50;Bueno;129.83;Regular;Bueno;Regular
2025-08-28;07:00;26;67.38;42.42;32.63;Bueno;94.26;Bueno;25;31.75;28.75;57.50;Bueno;129.83;Regular;Bueno;Regular
2025-08-28;08:00;28;62.21;42.42;32.63;Bueno;94.26;Bueno;25;30.50;28.75;57.50;Bueno;129.83;Regular;Bueno;Regular
2025-08-28;09:00;36;58.33;42.42;32.63;Bueno;94.26;Bueno;26;29.54;28.75;57.50;Bueno;129.83;Regular;Bueno;Regular
2025-08-28;10:00;61;56.25;42.42;32.63;Bueno;94.26;Bueno;36;29.04;28.75;57.50;Bueno;129.83;Regular;Bueno;Regular
2025-08-28;11:00;74;53.88;42.42;32.63;Bueno;94.26;Bueno;50;29.21;28.75;57.50;Bueno;129.83;Regular;Bueno;Regular
2025-08-28;12:00;73;52.42;42.42;32.63;Bueno;94.26;Bueno;49;29.67;28.75;57.50;Bueno;129.83;Regular;Bueno;Regular
2025-08-28;13:00;57;51.04;42.42;32.63;Bueno;94.26;Bueno;35;29.42;28.75;57.50;Bueno;129.83;Regular;Bueno;Regular
2025-08-28;14:00;53;50.12;42.42;32.63;Bueno;94.26;Bueno;39;29.54;28.75;57.50;Bueno;129.83;Regular;Bueno;Regular
2025-08-28;15:00;47;49.92;42.42;32.63;Bueno;94.26;Bueno;32;30.04;28.75;57.50;Bueno;129.83;Regular;Bueno;Regular
2025-08-28;16:00;46;49.25;42.42;32.63;Bueno;94.26;Bueno;22;30.04;28.75;57.50;Bueno;129.83;Regular;Bueno;Regular
2025-08-28;17:00;40;48.58;42.42;32.63;Bueno;94.26;Bueno;25;30.17;28.75;57.50;Bueno;129.83;Regular;Bueno;Regular
2025-08-28;18:00;38;47.83;42.42;32.63;Bueno;94.26;Bueno;19;29.88;28.75;57.50;Bueno;129.83;Regular;Bueno;Regular
2025-08-28;19:00;34;46.71;42.42;32.63;Bueno;94.26;Bueno;20;29.58;28.75;57.50;Bueno;129.83;Regular;Bueno;Regular
2025-08-28;20:00;44;45.29;42.42;32.63;Bueno;94.26;Bueno;24;29.21;28.75;57.50;Bueno;129.83;Regular;Bueno;Regular
2025-08-28;21:00;38;43.79;42.42;32.63;Bueno;94.26;Bueno;21;29.00;28.75;57.50;Bueno;129.83;Regular;Bueno;Regular
2025-08-28;22:00;45;43.00;42.42;32.63;Bueno;94.26;Bueno;24;28.79;28.75;57.50;Bueno;129.83;Regular;Bueno;Regular
2025-08-28;23:00;43;42.42;42.42;32.63;Bueno;94.26;Bueno;27;28.75;28.75;57.50;Bueno;129.83;Regular;Bueno;Regular
2025-08-29;00:00;42;42.42;28.62;22.02;Bueno;63.61;Bueno;27;28.88;15.67;31.33;Bueno;101.44;Regular;Bueno;Regular
2025-08-29;01:00;34;42.67;28.62;22.02;Bueno;63.61;Bueno;27;29.00;15.67;31.33;Bueno;101.44;Regular;Bueno;Regular
2025-08-29;02:00;24;41.92;28.62;22.02;Bueno;63.61;Bueno;22;28.29;15.67;31.33;Bueno;101.44;Regular;Bueno;Regular
2025-08-29;03:00;21;41.33;28.62;22.02;Bueno;63.61;Bueno;17;27.75;15.67;31.33;Bueno;101.44;Regular;Bueno;Regular
2025-08-29;04:00;21;40.67;28.62;22.02;Bueno;63.61;Bueno;14;27.25;15.67;31.33;Bueno;101.44;Regular;Bueno;Regular
2025-08-29;05:00;17;40.33;28.62;22.02;Bueno;63.61;Bueno;12;26.75;15.67;31.33;Bueno;101.44;Regular;Bueno;Regular
2025-08-29;06:00;15;39.88;28.62;22.02;Bueno;63.61;Bueno;14;26.33;15.67;31.33;Bueno;101.44;Regular;Bueno;Regular
2025-08-29;07:00;21;39.67;28.62;22.02;Bueno;63.61;Bueno;18;26.04;15.67;31.33;Bueno;101.44;Regular;Bueno;Regular
2025-08-29;08:00;27;39.62;28.62;22.02;Bueno;63.61;Bueno;11;25.46;15.67;31.33;Bueno;101.44;Regular;Bueno;Regular
2025-08-29;09:00;36;39.62;28.62;22.02;Bueno;63.61;Bueno;17;25.08;15.67;31.33;Bueno;101.44;Regular;Bueno;Regular
2025-08-29;10:00;37;38.62;28.62;22.02;Bueno;63.61;Bueno;16;24.25;15.67;31.33;Bueno;101.44;Regular;Bueno;Regular
2025-08-29;11:00;33;36.92;28.62;22.02;Bueno;63.61;Bueno;23;23.12;15.67;31.33;Bueno;101.44;Regular;Bueno;Regular
2025-08-29;12:00;35;35.33;28.62;22.02;Bueno;63.61;Bueno;16;21.75;15.67;31.33;Bueno;101.44;Regular;Bueno;Regular
2025-08-29;13:00;43;34.75;28.62;22.02;Bueno;63.61;Bueno;18;21.04;15.67;31.33;Bueno;101.44;Regular;Bueno;Regular
2025-08-29;14:00;51;34.67;28.62;22.02;Bueno;63.61;Bueno;21;20.29;15.67;31.33;Bueno;101.44;Regular;Bueno;Regular
2025-08-29;15:00;41;34.42;28.62;22.02;Bueno;63.61;Bueno;21;19.83;15.67;31.33;Bueno;101.44;Regular;Bueno;Regular
2025-08-29;16:00;23;33.46;28.62;22.02;Bueno;63.61;Bueno;12;19.42;15.67;31.33;Bueno;101.44;Regular;Bueno;Regular
2025-08-29;17:00;19;32.58;28.62;22.02;Bueno;63.61;Bueno;10;18.79;15.67;31.33;Bueno;101.44;Regular;Bueno;Regular
2025-08-29;18:00;20;31.83;28.62;22.02;Bueno;63.61;Bueno;10;18.42;15.67;31.33;Bueno;101.44;Regular;Bueno;Regular
2025-08-29;19:00;27;31.54;28.62;22.02;Bueno;63.61;Bueno;9;17.96;15.67;31.33;Bueno;101.44;Regular;Bueno;Regular
2025-08-29;20:00;24;30.71;28.62;22.02;Bueno;63.61;Bueno;12;17.46;15.67;31.33;Bueno;101.44;Regular;Bueno;Regular
2025-08-29;21:00;30;30.38;28.62;22.02;Bueno;63.61;Bueno;12;17.08;15.67;31.33;Bueno;101.44;Regular;Bueno;Regular
2025-08-29;22:00;20;29.33;28.62;22.02;Bueno;63.61;Bueno;7;16.38;15.67;31.33;Bueno;101.44;Regular;Bueno;Regular
2025-08-29;23:00;26;28.62;28.62;22.02;Bueno;63.61;Bueno;10;15.67;15.67;31.33;Bueno;101.44;Regular;Bueno;Regular
2025-08-30;00:00;24;27.88;36.46;28.04;Bueno;81.02;Bueno;12;15.04;21.17;42.33;Bueno;113.34;Regular;Bueno;Regular
2025-08-30;01:00;24;27.46;36.46;28.04;Bueno;81.02;Bueno;10;14.33;21.17;42.33;Bueno;113.34;Regular;Bueno;Regular
2025-08-30;02:00;22;27.38;36.46;28.04;Bueno;81.02;Bueno;13;13.96;21.17;42.33;Bueno;113.34;Regular;Bueno;Regular
2025-08-30;03:00;27;27.62;36.46;28.04;Bueno;81.02;Bueno;12;13.75;21.17;42.33;Bueno;113.34;Regular;Bueno;Regular
2025-08-30;04:00;26;27.83;36.46;28.04;Bueno;81.02;Bueno;17;13.88;21.17;42.33;Bueno;113.34;Regular;Bueno;Regular
2025-08-30;05:00;21;28.00;36.46;28.04;Bueno;81.02;Bueno;14;13.96;21.17;42.33;Bueno;113.34;Regular;Bueno;Regular
2025-08-30;06:00;28;28.54;36.46;28.04;Bueno;81.02;Bueno;14;13.96;21.17;42.33;Bueno;113.34;Regular;Bueno;Regular
2025-08-30;07:00;40;29.33;36.46;28.04;Bueno;81.02;Bueno;18;13.96;21.17;42.33;Bueno;113.34;Regular;Bueno;Regular
2025-08-30;08:00;49;30.25;36.46;28.04;Bueno;81.02;Bueno;20;14.33;21.17;42.33;Bueno;113.34;Regular;Bueno;Regular
2025-08-30;09:00;54;31.00;36.46;28.04;Bueno;81.02;Bueno;22;14.54;21.17;42.33;Bueno;113.34;Regular;Bueno;Regular
2025-08-30;10:00;40;31.12;36.46;28.04;Bueno;81.02;Bueno;19;14.67;21.17;42.33;Bueno;113.34;Regular;Bueno;Regular
2025-08-30;11:00;25;30.79;36.46;28.04;Bueno;81.02;Bueno;16;14.38;21.17;42.33;Bueno;113.34;Regular;Bueno;Regular
2025-08-30;12:00;26;30.42;36.46;28.04;Bueno;81.02;Bueno;20;14.54;21.17;42.33;Bueno;113.34;Regular;Bueno;Regular
2025-08-30;13:00;49;30.67;36.46;28.04;Bueno;81.02;Bueno;27;14.92;21.17;42.33;Bueno;113.34;Regular;Bueno;Regular
2025-08-30;14:00;45;30.42;36.46;28.04;Bueno;81.02;Bueno;20;14.88;21.17;42.33;Bueno;113.34;Regular;Bueno;Regular
2025-08-30;15:00;81;32.08;36.46;28.04;Bueno;81.02;Bueno;39;15.62;21.17;42.33;Bueno;113.34;Regular;Bueno;Regular
2025-08-30;16:00;68;33.96;36.46;28.04;Bueno;81.02;Bueno;27;16.25;21.17;42.33;Bueno;113.34;Regular;Bueno;Regular
2025-08-30;17:00;30;34.42;36.46;28.04;Bueno;81.02;Bueno;23;16.79;21.17;42.33;Bueno;113.34;Regular;Bueno;Regular
2025-08-30;18:00;24;34.58;36.46;28.04;Bueno;81.02;Bueno;14;16.96;21.17;42.33;Bueno;113.34;Regular;Bueno;Regular
2025-08-30;19:00;25;34.50;36.46;28.04;Bueno;81.02;Bueno;24;17.58;21.17;42.33;Bueno;113.34;Regular;Bueno;Regular
2025-08-30;20:00;36;35.00;36.46;28.04;Bueno;81.02;Bueno;27;18.21;21.17;42.33;Bueno;113.34;Regular;Bueno;Regular
2025-08-30;21:00;44;35.58;36.46;28.04;Bueno;81.02;Bueno;39;19.33;21.17;42.33;Bueno;113.34;Regular;Bueno;Regular
2025-08-30;22:00;34;36.17;36.46;28.04;Bueno;81.02;Bueno;29;20.25;21.17;42.33;Bueno;113.34;Regular;Bueno;Regular
2025-08-30;23:00;33;36.46;36.46;28.04;Bueno;81.02;Bueno;32;21.17;21.17;42.33;Bueno;113.34;Regular;Bueno;Regular
2025-08-31;00:00;41;37.17;33.38;25.67;Bueno;74.17;Bueno;37;22.21;23.25;46.50;Bueno;117.86;Regular;Bueno;Regular
2025-08-31;01:00;43;37.96;33.38;25.67;Bueno;74.17;Bueno;42;23.54;23.25;46.50;Bueno;117.86;Regular;Bueno;Regular
2025-08-31;02:00;26;38.12;33.38;25.67;Bueno;74.17;Bueno;18;23.75;23.25;46.50;Bueno;117.86;Regular;Bueno;Regular
2025-08-31;03:00;27;38.12;33.38;25.67;Bueno;74.17;Bueno;25;24.29;23.25;46.50;Bueno;117.86;Regular;Bueno;Regular
2025-08-31;04:00;34;38.46;33.38;25.67;Bueno;74.17;Bueno;27;24.71;23.25;46.50;Bueno;117.86;Regular;Bueno;Regular
2025-08-31;05:00;25;38.62;33.38;25.67;Bueno;74.17;Bueno;24;25.12;23.25;46.50;Bueno;117.86;Regular;Bueno;Regular
2025-08-31;06:00;25;38.50;33.38;25.67;Bueno;74.17;Bueno;17;25.25;23.25;46.50;Bueno;117.86;Regular;Bueno;Regular
2025-08-31;07:00;26;37.92;33.38;25.67;Bueno;74.17;Bueno;21;25.38;23.25;46.50;Bueno;117.86;Regular;Bueno;Regular
2025-08-31;08:00;39;37.50;33.38;25.67;Bueno;74.17;Bueno;22;25.46;23.25;46.50;Bueno;117.86;Regular;Bueno;Regular
2025-08-31;09:00;31;36.54;33.38;25.67;Bueno;74.17;Bueno;22;25.46;23.25;46.50;Bueno;117.86;Regular;Bueno;Regular
2025-08-31;10:00;25;35.92;33.38;25.67;Bueno;74.17;Bueno;22;25.58;23.25;46.50;Bueno;117.86;Regular;Bueno;Regular
2025-08-31;11:00;25;35.92;33.38;25.67;Bueno;74.17;Bueno;18;25.67;23.25;46.50;Bueno;117.86;Regular;Bueno;Regular
2025-08-31;12:00;19;35.62;33.38;25.67;Bueno;74.17;Bueno;14;25.42;23.25;46.50;Bueno;117.86;Regular;Bueno;Regular
2025-08-31;13:00;15;34.21;33.38;25.67;Bueno;74.17;Bueno;7;24.58;23.25;46.50;Bueno;117.86;Regular;Bueno;Regular
2025-08-31;14:00;13;32.88;33.38;25.67;Bueno;74.17;Bueno;4;23.92;23.25;46.50;Bueno;117.86;Regular;Bueno;Regular
2025-08-31;15:00;20;30.33;33.38;25.67;Bueno;74.17;Bueno;8;22.62;23.25;46.50;Bueno;117.86;Regular;Bueno;Regular
2025-08-31;16:00;28;28.67;33.38;25.67;Bueno;74.17;Bueno;16;22.17;23.25;46.50;Bueno;117.86;Regular;Bueno;Regular
2025-08-31;17:00;25;28.46;33.38;25.67;Bueno;74.17;Bueno;18;21.96;23.25;46.50;Bueno;117.86;Regular;Bueno;Regular
2025-08-31;18:00;37;29.00;33.38;25.67;Bueno;74.17;Bueno;27;22.50;23.25;46.50;Bueno;117.86;Regular;Bueno;Regular
2025-08-31;19:00;60;30.46;33.38;25.67;Bueno;74.17;Bueno;27;22.62;23.25;46.50;Bueno;117.86;Regular;Bueno;Regular
2025-08-31;20:00;57;31.33;33.38;25.67;Bueno;74.17;Bueno;35;22.96;23.25;46.50;Bueno;117.86;Regular;Bueno;Regular
2025-08-31;21:00;48;31.50;33.38;25.67;Bueno;74.17;Bueno;32;22.67;23.25;46.50;Bueno;117.86;Regular;Bueno;Regular
2025-08-31;22:00;65;32.79;33.38;25.67;Bueno;74.17;Bueno;38;23.04;23.25;46.50;Bueno;117.86;Regular;Bueno;Regular
2025-08-31;23:00;47;33.38;33.38;25.67;Bueno;74.17;Bueno;37;23.25;23.25;46.50;Bueno;117.86;Regular;Bueno;Regular
2025-09-01;00:00;47;33.62;47.21;36.31;Bueno;103.62;Regular;37;23.25;23.50;47.00;Bueno;118.41;Regular;Bueno;Regular
2025-09-01;01:00;50;33.92;47.21;36.31;Bueno;103.62;Regular;37;23.04;23.50;47.00;Bueno;118.41;Regular;Bueno;Regular
2025-09-01;02:00;46;34.75;47.21;36.31;Bueno;103.62;Regular;33;23.67;23.50;47.00;Bueno;118.41;Regular;Bueno;Regular
2025-09-01;03:00;34;35.04;47.21;36.31;Bueno;103.62;Regular;33;24.00;23.50;47.00;Bueno;118.41;Regular;Bueno;Regular
2025-09-01;04:00;34;35.04;47.21;36.31;Bueno;103.62;Regular;25;23.92;23.50;47.00;Bueno;118.41;Regular;Bueno;Regular
2025-09-01;05:00;35;35.46;47.21;36.31;Bueno;103.62;Regular;27;24.04;23.50;47.00;Bueno;118.41;Regular;Bueno;Regular
2025-09-01;06:00;41;36.12;47.21;36.31;Bueno;103.62;Regular;30;24.58;23.50;47.00;Bueno;118.41;Regular;Bueno;Regular
2025-09-01;07:00;58;37.46;47.21;36.31;Bueno;103.62;Regular;23;24.67;23.50;47.00;Bueno;118.41;Regular;Bueno;Regular
2025-09-01;08:00;105;40.21;47.21;36.31;Bueno;103.62;Regular;42;25.50;23.50;47.00;Bueno;118.41;Regular;Bueno;Regular
2025-09-01;09:00;60;41.42;47.21;36.31;Bueno;103.62;Regular;36;26.08;23.50;47.00;Bueno;118.41;Regular;Bueno;Regular
2025-09-01;10:00;67;43.17;47.21;36.31;Bueno;103.62;Regular;37;26.71;23.50;47.00;Bueno;118.41;Regular;Bueno;Regular
2025-09-01;11:00;54;44.38;47.21;36.31;Bueno;103.62;Regular;32;27.29;23.50;47.00;Bueno;118.41;Regular;Bueno;Regular
2025-09-01;12:00;50;45.67;47.21;36.31;Bueno;103.62;Regular;24;27.71;23.50;47.00;Bueno;118.41;Regular;Bueno;Regular
2025-09-01;13:00;55;47.33;47.21;36.31;Bueno;103.62;Regular;23;28.38;23.50;47.00;Bueno;118.41;Regular;Bueno;Regular
2025-09-01;14:00;25;47.83;47.21;36.31;Bueno;103.62;Regular;5;28.42;23.50;47.00;Bueno;118.41;Regular;Bueno;Regular
2025-09-01;15:00;44;48.83;47.21;36.31;Bueno;103.62;Regular;10;28.50;23.50;47.00;Bueno;118.41;Regular;Bueno;Regular
2025-09-01;16:00;48;49.67;47.21;36.31;Bueno;103.62;Regular;15;28.46;23.50;47.00;Bueno;118.41;Regular;Bueno;Regular
2025-09-01;17:00;29;49.83;47.21;36.31;Bueno;103.62;Regular;12;28.21;23.50;47.00;Bueno;118.41;Regular;Bueno;Regular
2025-09-01;18:00;27;49.42;47.21;36.31;Bueno;103.62;Regular;8;27.42;23.50;47.00;Bueno;118.41;Regular;Bueno;Regular
2025-09-01;19:00;35;48.38;47.21;36.31;Bueno;103.62;Regular;14;26.88;23.50;47.00;Bueno;118.41;Regular;Bueno;Regular
2025-09-01;20:00;49;48.04;47.21;36.31;Bueno;103.62;Regular;15;26.04;23.50;47.00;Bueno;118.41;Regular;Bueno;Regular
2025-09-01;21:00;46;47.96;47.21;36.31;Bueno;103.62;Regular;14;25.29;23.50;47.00;Bueno;118.41;Regular;Bueno;Regular
2025-09-01;22:00;34;46.67;47.21;36.31;Bueno;103.62;Regular;16;24.38;23.50;47.00;Bueno;118.41;Regular;Bueno;Regular
2025-09-01;23:00;60;47.21;47.21;36.31;Bueno;103.62;Regular;16;23.50;23.50;47.00;Bueno;118.41;Regular;Bueno;Regular
2025-09-02;00:00;56;47.58;33.71;25.93;Bueno;74.91;Bueno;24;22.96;15.08;30.17;Bueno;100.18;Regular;Bueno;Regular
2025-09-02;01:00;59;47.96;33.71;25.93;Bueno;74.91;Bueno;21;22.29;15.08;30.17;Bueno;100.18;Regular;Bueno;Regular
2025-09-02;02:00;37;47.58;33.71;25.93;Bueno;74.91;Bueno;18;21.67;15.08;30.17;Bueno;100.18;Regular;Bueno;Regular
2025-09-02;03:00;29;47.38;33.71;25.93;Bueno;74.91;Bueno;18;21.04;15.08;30.17;Bueno;100.18;Regular;Bueno;Regular
2025-09-02;04:00;33;47.33;33.71;25.93;Bueno;74.91;Bueno;22;20.92;15.08;30.17;Bueno;100.18;Regular;Bueno;Regular
2025-09-02;05:00;22;46.79;33.71;25.93;Bueno;74.91;Bueno;10;20.21;15.08;30.17;Bueno;100.18;Regular;Bueno;Regular
2025-09-02;06:00;24;46.08;33.71;25.93;Bueno;74.91;Bueno;10;19.38;15.08;30.17;Bueno;100.18;Regular;Bueno;Regular
2025-09-02;07:00;31;44.96;33.71;25.93;Bueno;74.91;Bueno;15;19.04;15.08;30.17;Bueno;100.18;Regular;Bueno;Regular
2025-09-02;08:00;27;41.71;33.71;25.93;Bueno;74.91;Bueno;12;17.79;15.08;30.17;Bueno;100.18;Regular;Bueno;Regular
2025-09-02;09:00;24;40.21;33.71;25.93;Bueno;74.91;Bueno;8;16.62;15.08;30.17;Bueno;100.18;Regular;Bueno;Regular
2025-09-02;10:00;71;40.38;33.71;25.93;Bueno;74.91;Bueno;20;15.92;15.08;30.17;Bueno;100.18;Regular;Bueno;Regular
2025-09-02;11:00;61;40.67;33.71;25.93;Bueno;74.91;Bueno;23;15.54;15.08;30.17;Bueno;100.18;Regular;Bueno;Regular
2025-09-02;12:00;35;40.04;33.71;25.93;Bueno;74.91;Bueno;15;15.17;15.08;30.17;Bueno;100.18;Regular;Bueno;Regular
2025-09-02;13:00;37;39.29;33.71;25.93;Bueno;74.91;Bueno;12;14.71;15.08;30.17;Bueno;100.18;Regular;Bueno;Regular
2025-09-02;14:00;34;39.67;33.71;25.93;Bueno;74.91;Bueno;20;15.33;15.08;30.17;Bueno;100.18;Regular;Bueno;Regular
2025-09-02;15:00;28;39.00;33.71;25.93;Bueno;74.91;Bueno;16;15.58;15.08;30.17;Bueno;100.18;Regular;Bueno;Regular
2025-09-02;16:00;24;38.00;33.71;25.93;Bueno;74.91;Bueno;12;15.46;15.08;30.17;Bueno;100.18;Regular;Bueno;Regular
2025-09-02;17:00;32;38.12;33.71;25.93;Bueno;74.91;Bueno;15;15.58;15.08;30.17;Bueno;100.18;Regular;Bueno;Regular
2025-09-02;18:00;31;38.29;33.71;25.93;Bueno;74.91;Bueno;16;15.92;15.08;30.17;Bueno;100.18;Regular;Bueno;Regular
2025-09-02;19:00;26;37.92;33.71;25.93;Bueno;74.91;Bueno;16;16.00;15.08;30.17;Bueno;100.18;Regular;Bueno;Regular
2025-09-02;20:00;21;36.75;33.71;25.93;Bueno;74.91;Bueno;13;15.92;15.08;30.17;Bueno;100.18;Regular;Bueno;Regular
2025-09-02;21:00;21;35.71;33.71;25.93;Bueno;74.91;Bueno;10;15.75;15.08;30.17;Bueno;100.18;Regular;Bueno;Regular
2025-09-02;22:00;27;35.42;33.71;25.93;Bueno;74.91;Bueno;10;15.50;15.08;30.17;Bueno;100.18;Regular;Bueno;Regular
2025-09-02;23:00;19;33.71;33.71;25.93;Bueno;74.91;Bueno;6;15.08;15.08;30.17;Bueno;100.18;Regular;Bueno;Regular
2025-09-03;00:00;21;32.25;44.58;34.29;Bueno;99.07;Bueno;7;14.38;18.25;36.50;Bueno;107.03;Regular;Bueno;Regular
2025-09-03;01:00;23;30.75;44.58;34.29;Bueno;99.07;Bueno;4;13.67;18.25;36.50;Bueno;107.03;Regular;Bueno;Regular
2025-09-03;02:00;21;30.08;44.58;34.29;Bueno;99.07;Bueno;7;13.21;18.25;36.50;Bueno;107.03;Regular;Bueno;Regular
2025-09-03;03:00;22;29.79;44.58;34.29;Bueno;99.07;Bueno;10;12.88;18.25;36.50;Bueno;107.03;Regular;Bueno;Regular
2025-09-03;04:00;20;29.25;44.58;34.29;Bueno;99.07;Bueno;11;12.42;18.25;36.50;Bueno;107.03;Regular;Bueno;Regular
2025-09-03;05:00;19;29.12;44.58;34.29;Bueno;99.07;Bueno;10;12.42;18.25;36.50;Bueno;107.03;Regular;Bueno;Regular
2025-09-03;06:00;21;29.00;44.58;34.29;Bueno;99.07;Bueno;16;12.67;18.25;36.50;Bueno;107.03;Regular;Bueno;Regular
2025-09-03;07:00;42;29.46;44.58;34.29;Bueno;99.07;Bueno;19;12.83;18.25;36.50;Bueno;107.03;Regular;Bueno;Regular
2025-09-03;08:00;39;29.96;44.58;34.29;Bueno;99.07;Bueno;20;13.17;18.25;36.50;Bueno;107.03;Regular;Bueno;Regular
2025-09-03;09:00;39;30.58;44.58;34.29;Bueno;99.07;Bueno;23;13.79;18.25;36.50;Bueno;107.03;Regular;Bueno;Regular
2025-09-03;10:00;47;29.58;44.58;34.29;Bueno;99.07;Bueno;27;14.08;18.25;36.50;Bueno;107.03;Regular;Bueno;Regular
2025-09-03;11:00;60;29.54;44.58;34.29;Bueno;99.07;Bueno;30;14.38;18.25;36.50;Bueno;107.03;Regular;Bueno;Regular
2025-09-03;12:00;48;30.08;44.58;34.29;Bueno;99.07;Bueno;24;14.75;18.25;36.50;Bueno;107.03;Regular;Bueno;Regular
2025-09-03;13:00;57;30.92;44.58;34.29;Bueno;99.07;Bueno;27;15.38;18.25;36.50;Bueno;107.03;Regular;Bueno;Regular
2025-09-03;14:00;67;32.29;44.58;34.29;Bueno;99.07;Bueno;30;15.79;18.25;36.50;Bueno;107.03;Regular;Bueno;Regular
2025-09-03;15:00;79;34.42;44.58;34.29;Bueno;99.07;Bueno;31;16.42;18.25;36.50;Bueno;107.03;Regular;Bueno;Regular
2025-09-03;16:00;44;35.25;44.58;34.29;Bueno;99.07;Bueno;16;16.58;18.25;36.50;Bueno;107.03;Regular;Bueno;Regular
2025-09-03;17:00;37;35.46;44.58;34.29;Bueno;99.07;Bueno;15;16.58;18.25;36.50;Bueno;107.03;Regular;Bueno;Regular
2025-09-03;18:00;46;36.08;44.58;34.29;Bueno;99.07;Bueno;15;16.54;18.25;36.50;Bueno;107.03;Regular;Bueno;Regular
2025-09-03;19:00;56;37.33;44.58;34.29;Bueno;99.07;Bueno;17;16.58;18.25;36.50;Bueno;107.03;Regular;Bueno;Regular
2025-09-03;20:00;77;39.67;44.58;34.29;Bueno;99.07;Bueno;18;16.79;18.25;36.50;Bueno;107.03;Regular;Bueno;Regular
2025-09-03;21:00;61;41.33;44.58;34.29;Bueno;99.07;Bueno;18;17.12;18.25;36.50;Bueno;107.03;Regular;Bueno;Regular
2025-09-03;22:00;74;43.29;44.58;34.29;Bueno;99.07;Bueno;23;17.67;18.25;36.50;Bueno;107.03;Regular;Bueno;Regular
2025-09-03;23:00;50;44.58;44.58;34.29;Bueno;99.07;Bueno;20;18.25;18.25;36.50;Bueno;107.03;Regular;Bueno;Regular
2025-09-04;00:00;78;46.96;74.79;57.53;Bueno;149.06;Regular;36;19.46;32.21;64.42;Bueno;137.37;Regular;Bueno;Regular
2025-09-04;01:00;53;48.21;74.79;57.53;Bueno;149.06;Regular;31;20.58;32.21;64.42;Bueno;137.37;Regular;Bueno;Regular
2025-09-04;02:00;42;49.08;74.79;57.53;Bueno;149.06;Regular;26;21.38;32.21;64.42;Bueno;137.37;Regular;Bueno;Regular
2025-09-04;03:00;50;50.25;74.79;57.53;Bueno;149.06;Regular;26;22.04;32.21;64.42;Bueno;137.37;Regular;Bueno;Regular
2025-09-04;04:00;53;51.62;74.79;57.53;Bueno;149.06;Regular;33;22.96;32.21;64.42;Bueno;137.37;Regular;Bueno;Regular
2025-09-04;05:00;53;53.04;74.79;57.53;Bueno;149.06;Regular;36;24.04;32.21;64.42;Bueno;137.37;Regular;Bueno;Regular
2025-09-04;06:00;62;54.75;74.79;57.53;Bueno;149.06;Regular;32;24.71;32.21;64.42;Bueno;137.37;Regular;Bueno;Regular
2025-09-04;07:00;126;58.25;74.79;57.53;Bueno;149.06;Regular;42;25.67;32.21;64.42;Bueno;137.37;Regular;Bueno;Regular
2025-09-04;08:00;166;63.54;74.79;57.53;Bueno;149.06;Regular;54;27.08;32.21;64.42;Bueno;137.37;Regular;Bueno;Regular
2025-09-04;09:00;184;69.58;74.79;57.53;Bueno;149.06;Regular;61;28.67;32.21;64.42;Bueno;137.37;Regular;Bueno;Regular
2025-09-04;10:00;133;73.17;74.79;57.53;Bueno;149.06;Regular;53;29.75;32.21;64.42;Bueno;137.37;Regular;Bueno;Regular
2025-09-04;11:00;90;74.42;74.79;57.53;Bueno;149.06;Regular;45;30.38;32.21;64.42;Bueno;137.37;Regular;Bueno;Regular
2025-09-04;12:00;75;75.54;74.79;57.53;Bueno;149.06;Regular;38;30.96;32.21;64.42;Bueno;137.37;Regular;Bueno;Regular
2025-09-04;13:00;74;76.25;74.79;57.53;Bueno;149.06;Regular;31;31.12;32.21;64.42;Bueno;137.37;Regular;Bueno;Regular
2025-09-04;14:00;71;76.42;74.79;57.53;Bueno;149.06;Regular;35;31.33;32.21;64.42;Bueno;137.37;Regular;Bueno;Regular
2025-09-04;15:00;62;75.71;74.79;57.53;Bueno;149.06;Regular;31;31.33;32.21;64.42;Bueno;137.37;Regular;Bueno;Regular
2025-09-04;16:00;54;76.12;74.79;57.53;Bueno;149.06;Regular;22;31.58;32.21;64.42;Bueno;137.37;Regular;Bueno;Regular
2025-09-04;17:00;40;76.25;74.79;57.53;Bueno;149.06;Regular;18;31.71;32.21;64.42;Bueno;137.37;Regular;Bueno;Regular
2025-09-04;18:00;47;76.29;74.79;57.53;Bueno;149.06;Regular;20;31.92;32.21;64.42;Bueno;137.37;Regular;Bueno;Regular
2025-09-04;19:00;52;76.12;74.79;57.53;Bueno;149.06;Regular;16;31.88;32.21;64.42;Bueno;137.37;Regular;Bueno;Regular
2025-09-04;20:00;62;75.50;74.79;57.53;Bueno;149.06;Regular;20;31.96;32.21;64.42;Bueno;137.37;Regular;Bueno;Regular
2025-09-04;21:00;59;75.42;74.79;57.53;Bueno;149.06;Regular;21;32.08;32.21;64.42;Bueno;137.37;Regular;Bueno;Regular
2025-09-04;22:00;53;74.54;74.79;57.53;Bueno;149.06;Regular;24;32.12;32.21;64.42;Bueno;137.37;Regular;Bueno;Regular
2025-09-04;23:00;56;74.79;74.79;57.53;Bueno;149.06;Regular;22;32.21;32.21;64.42;Bueno;137.37;Regular;Bueno;Regular
2025-09-05;00:00;93;75.42;83.38;64.13;Bueno;163.30;Regular;37;32.25;38.08;76.17;Bueno;150.23;Regular;Bueno;Regular
2025-09-05;01:00;81;76.58;83.38;64.13;Bueno;163.30;Regular;39;32.58;38.08;76.17;Bueno;150.23;Regular;Bueno;Regular
2025-09-05;02:00;74;77.92;83.38;64.13;Bueno;163.30;Regular;35;32.96;38.08;76.17;Bueno;150.23;Regular;Bueno;Regular
2025-09-05;03:00;60;78.33;83.38;64.13;Bueno;163.30;Regular;35;33.33;38.08;76.17;Bueno;150.23;Regular;Bueno;Regular
2025-09-05;04:00;70;79.04;83.38;64.13;Bueno;163.30;Regular;39;33.58;38.08;76.17;Bueno;150.23;Regular;Bueno;Regular
2025-09-05;05:00;67;79.62;83.38;64.13;Bueno;163.30;Regular;43;33.88;38.08;76.17;Bueno;150.23;Regular;Bueno;Regular
2025-09-05;06:00;80;80.38;83.38;64.13;Bueno;163.30;Regular;44;34.38;38.08;76.17;Bueno;150.23;Regular;Bueno;Regular
2025-09-05;07:00;100;79.29;83.38;64.13;Bueno;163.30;Regular;46;34.54;38.08;76.17;Bueno;150.23;Regular;Bueno;Regular
2025-09-05;08:00;148;78.54;83.38;64.13;Bueno;163.30;Regular;50;34.38;38.08;76.17;Bueno;150.23;Regular;Bueno;Regular
2025-09-05;09:00;112;75.54;83.38;64.13;Bueno;163.30;Regular;44;33.67;38.08;76.17;Bueno;150.23;Regular;Bueno;Regular
2025-09-05;10:00;114;74.75;83.38;64.13;Bueno;163.30;Regular;49;33.50;38.08;76.17;Bueno;150.23;Regular;Bueno;Regular
2025-09-05;11:00;107;75.46;83.38;64.13;Bueno;163.30;Regular;52;33.79;38.08;76.17;Bueno;150.23;Regular;Bueno;Regular
2025-09-05;12:00;97;76.38;83.38;64.13;Bueno;163.30;Regular;48;34.21;38.08;76.17;Bueno;150.23;Regular;Bueno;Regular
2025-09-05;13:00;103;77.58;83.38;64.13;Bueno;163.30;Regular;46;34.83;38.08;76.17;Bueno;150.23;Regular;Bueno;Regular
2025-09-05;14:00;86;78.21;83.38;64.13;Bueno;163.30;Regular;40;35.04;38.08;76.17;Bueno;150.23;Regular;Bueno;Regular
2025-09-05;15:00;67;78.42;83.38;64.13;Bueno;163.30;Regular;28;34.92;38.08;76.17;Bueno;150.23;Regular;Bueno;Regular
2025-09-05;16:00;66;78.92;83.38;64.13;Bueno;163.30;Regular;28;35.17;38.08;76.17;Bueno;150.23;Regular;Bueno;Regular
2025-09-05;17:00;56;79.58;83.38;64.13;Bueno;163.30;Regular;23;35.38;38.08;76.17;Bueno;150.23;Regular;Bueno;Regular
2025-09-05;18:00;61;80.17;83.38;64.13;Bueno;163.30;Regular;29;35.75;38.08;76.17;Bueno;150.23;Regular;Bueno;Regular
2025-09-05;19:00;74;81.08;83.38;64.13;Bueno;163.30;Regular;32;36.42;38.08;76.17;Bueno;150.23;Regular;Bueno;Regular
2025-09-05;20:00;55;80.79;83.38;64.13;Bueno;163.30;Regular;28;36.75;38.08;76.17;Bueno;150.23;Regular;Bueno;Regular
2025-09-05;21:00;58;80.75;83.38;64.13;Bueno;163.30;Regular;29;37.08;38.08;76.17;Bueno;150.23;Regular;Bueno;Regular
2025-09-05;22:00;82;81.96;83.38;64.13;Bueno;163.30;Regular;34;37.50;38.08;76.17;Bueno;150.23;Regular;Bueno;Regular
2025-09-05;23:00;90;83.38;83.38;64.13;Bueno;163.30;Regular;36;38.08;38.08;76.17;Bueno;150.23;Regular;Bueno;Regular
2025-09-06;00:00;73;82.54;42.79;32.92;Bueno;95.09;Bueno;42;38.29;30.00;60.00;Bueno;132.55;Regular;Bueno;Regular
2025-09-06;01:00;68;82.00;42.79;32.92;Bueno;95.09;Bueno;37;38.21;30.00;60.00;Bueno;132.55;Regular;Bueno;Regular
2025-09-06;02:00;59;81.38;42.79;32.92;Bueno;95.09;Bueno;33;38.12;30.00;60.00;Bueno;132.55;Regular;Bueno;Regular
2025-09-06;03:00;43;80.67;42.79;32.92;Bueno;95.09;Bueno;29;37.88;30.00;60.00;Bueno;132.55;Regular;Bueno;Regular
2025-09-06;04:00;32;79.08;42.79;32.92;Bueno;95.09;Bueno;30;37.50;30.00;60.00;Bueno;132.55;Regular;Bueno;Regular
2025-09-06;05:00;28;77.46;42.79;32.92;Bueno;95.09;Bueno;27;36.83;30.00;60.00;Bueno;132.55;Regular;Bueno;Regular
2025-09-06;06:00;21;75.00;42.79;32.92;Bueno;95.09;Bueno;18;35.75;30.00;60.00;Bueno;132.55;Regular;Bueno;Regular
2025-09-06;07:00;24;71.83;42.79;32.92;Bueno;95.09;Bueno;20;34.67;30.00;60.00;Bueno;132.55;Regular;Bueno;Regular
2025-09-06;08:00;28;66.83;42.79;32.92;Bueno;95.09;Bueno;24;33.58;30.00;60.00;Bueno;132.55;Regular;Bueno;Regular
2025-09-06;09:00;25;63.21;42.79;32.92;Bueno;95.09;Bueno;20;32.58;30.00;60.00;Bueno;132.55;Regular;Bueno;Regular
2025-09-06;10:00;29;59.67;42.79;32.92;Bueno;95.09;Bueno;22;31.46;30.00;60.00;Bueno;132.55;Regular;Bueno;Regular
2025-09-06;11:00;39;56.83;42.79;32.92;Bueno;95.09;Bueno;29;30.50;30.00;60.00;Bueno;132.55;Regular;Bueno;Regular
2025-09-06;12:00;43;54.58;42.79;32.92;Bueno;95.09;Bueno;35;29.96;30.00;60.00;Bueno;132.55;Regular;Bueno;Regular
2025-09-06;13:00;46;52.21;42.79;32.92;Bueno;95.09;Bueno;35;29.50;30.00;60.00;Bueno;132.55;Regular;Bueno;Regular
2025-09-06;14:00;43;50.42;42.79;32.92;Bueno;95.09;Bueno;31;29.12;30.00;60.00;Bueno;132.55;Regular;Bueno;Regular
2025-09-06;15:00;36;49.12;42.79;32.92;Bueno;95.09;Bueno;20;28.79;30.00;60.00;Bueno;132.55;Regular;Bueno;Regular
2025-09-06;16:00;32;47.71;42.79;32.92;Bueno;95.09;Bueno;24;28.62;30.00;60.00;Bueno;132.55;Regular;Bueno;Regular
2025-09-06;17:00;37;46.92;42.79;32.92;Bueno;95.09;Bueno;21;28.54;30.00;60.00;Bueno;132.55;Regular;Bueno;Regular
2025-09-06;18:00;40;46.04;42.79;32.92;Bueno;95.09;Bueno;29;28.54;30.00;60.00;Bueno;132.55;Regular;Bueno;Regular
2025-09-06;19:00;53;45.17;42.79;32.92;Bueno;95.09;Bueno;31;28.50;30.00;60.00;Bueno;132.55;Regular;Bueno;Regular
2025-09-06;20:00;51;45.00;42.79;32.92;Bueno;95.09;Bueno;35;28.79;30.00;60.00;Bueno;132.55;Regular;Bueno;Regular
2025-09-06;21:00;57;44.96;42.79;32.92;Bueno;95.09;Bueno;35;29.04;30.00;60.00;Bueno;132.55;Regular;Bueno;Regular
2025-09-06;22:00;57;43.92;42.79;32.92;Bueno;95.09;Bueno;45;29.50;30.00;60.00;Bueno;132.55;Regular;Bueno;Regular
2025-09-06;23:00;63;42.79;42.79;32.92;Bueno;95.09;Bueno;48;30.00;30.00;60.00;Bueno;132.55;Regular;Bueno;Regular
2025-09-07;00:00;66;42.50;31.29;24.07;Bueno;69.54;Bueno;54;30.50;20.71;41.42;Bueno;112.35;Regular;Bueno;Regular
2025-09-07;01:00;62;42.25;31.29;24.07;Bueno;69.54;Bueno;55;31.25;20.71;41.42;Bueno;112.35;Regular;Bueno;Regular
2025-09-07;02:00;55;42.08;31.29;24.07;Bueno;69.54;Bueno;49;31.92;20.71;41.42;Bueno;112.35;Regular;Bueno;Regular
2025-09-07;03:00;45;42.17;31.29;24.07;Bueno;69.54;Bueno;32;32.04;20.71;41.42;Bueno;112.35;Regular;Bueno;Regular
2025-09-07;04:00;37;42.38;31.29;24.07;Bueno;69.54;Bueno;27;31.92;20.71;41.42;Bueno;112.35;Regular;Bueno;Regular
2025-09-07;05:00;31;42.50;31.29;24.07;Bueno;69.54;Bueno;27;31.92;20.71;41.42;Bueno;112.35;Regular;Bueno;Regular
2025-09-07;06:00;32;42.96;31.29;24.07;Bueno;69.54;Bueno;24;32.17;20.71;41.42;Bueno;112.35;Regular;Bueno;Regular
2025-09-07;07:00;25;43.00;31.29;24.07;Bueno;69.54;Bueno;10;31.75;20.71;41.42;Bueno;112.35;Regular;Bueno;Regular
2025-09-07;08:00;21;42.71;31.29;24.07;Bueno;69.54;Bueno;12;31.25;20.71;41.42;Bueno;112.35;Regular;Bueno;Regular
2025-09-07;09:00;24;42.67;31.29;24.07;Bueno;69.54;Bueno;10;30.83;20.71;41.42;Bueno;112.35;Regular;Bueno;Regular
2025-09-07;10:00;23;42.42;31.29;24.07;Bueno;69.54;Bueno;13;30.46;20.71;41.42;Bueno;112.35;Regular;Bueno;Regular
2025-09-07;11:00;26;41.88;31.29;24.07;Bueno;69.54;Bueno;11;29.71;20.71;41.42;Bueno;112.35;Regular;Bueno;Regular
2025-09-07;12:00;31;41.38;31.29;24.07;Bueno;69.54;Bueno;16;28.92;20.71;41.42;Bueno;112.35;Regular;Bueno;Regular
2025-09-07;13:00;28;40.62;31.29;24.07;Bueno;69.54;Bueno;22;28.38;20.71;41.42;Bueno;112.35;Regular;Bueno;Regular
2025-09-07;14:00;34;40.25;31.29;24.07;Bueno;69.54;Bueno;22;28.00;20.71;41.42;Bueno;112.35;Regular;Bueno;Regular
2025-09-07;15:00;28;39.92;31.29;24.07;Bueno;69.54;Bueno;16;27.83;20.71;41.42;Bueno;112.35;Regular;Bueno;Regular
2025-09-07;16:00;25;39.62;31.29;24.07;Bueno;69.54;Bueno;18;27.58;20.71;41.42;Bueno;112.35;Regular;Bueno;Regular
2025-09-07;17:00;21;38.96;31.29;24.07;Bueno;69.54;Bueno;20;27.54;20.71;41.42;Bueno;112.35;Regular;Bueno;Regular
2025-09-07;18:00;22;38.21;31.29;24.07;Bueno;69.54;Bueno;12;26.83;20.71;41.42;Bueno;112.35;Regular;Bueno;Regular
2025-09-07;19:00;20;36.83;31.29;24.07;Bueno;69.54;Bueno;10;25.96;20.71;41.42;Bueno;112.35;Regular;Bueno;Regular
2025-09-07;20:00;24;35.71;31.29;24.07;Bueno;69.54;Bueno;8;24.83;20.71;41.42;Bueno;112.35;Regular;Bueno;Regular
2025-09-07;21:00;23;34.29;31.29;24.07;Bueno;69.54;Bueno;7;23.67;20.71;41.42;Bueno;112.35;Regular;Bueno;Regular
2025-09-07;22:00;23;32.88;31.29;24.07;Bueno;69.54;Bueno;10;22.21;20.71;41.42;Bueno;112.35;Regular;Bueno;Regular
2025-09-07;23:00;25;31.29;31.29;24.07;Bueno;69.54;Bueno;12;20.71;20.71;41.42;Bueno;112.35;Regular;Bueno;Regular
2025-09-08;00:00;24;29.54;36.62;28.17;Bueno;81.39;Bueno;11;18.92;14.17;28.33;Bueno;94.44;Bueno;Bueno;Bueno
2025-09-08;01:00;24;27.96;36.62;28.17;Bueno;81.39;Bueno;15;17.25;14.17;28.33;Bueno;94.44;Bueno;Bueno;Bueno
2025-09-08;02:00;24;26.67;36.62;28.17;Bueno;81.39;Bueno;10;15.62;14.17;28.33;Bueno;94.44;Bueno;Bueno;Bueno
2025-09-08;03:00;19;25.58;36.62;28.17;Bueno;81.39;Bueno;11;14.75;14.17;28.33;Bueno;94.44;Bueno;Bueno;Bueno
2025-09-08;04:00;22;24.96;36.62;28.17;Bueno;81.39;Bueno;9;14.00;14.17;28.33;Bueno;94.44;Bueno;Bueno;Bueno
2025-09-08;05:00;24;24.67;36.62;28.17;Bueno;81.39;Bueno;12;13.38;14.17;28.33;Bueno;94.44;Bueno;Bueno;Bueno
2025-09-08;06:00;33;24.71;36.62;28.17;Bueno;81.39;Bueno;16;13.04;14.17;28.33;Bueno;94.44;Bueno;Bueno;Bueno
2025-09-08;07:00;60;26.17;36.62;28.17;Bueno;81.39;Bueno;22;13.54;14.17;28.33;Bueno;94.44;Bueno;Bueno;Bueno
2025-09-08;08:00;60;27.79;36.62;28.17;Bueno;81.39;Bueno;33;14.42;14.17;28.33;Bueno;94.44;Bueno;Bueno;Bueno
2025-09-08;09:00;60;29.29;36.62;28.17;Bueno;81.39;Bueno;29;15.21;14.17;28.33;Bueno;94.44;Bueno;Bueno;Bueno
2025-09-08;10:00;66;31.08;36.62;28.17;Bueno;81.39;Bueno;31;15.96;14.17;28.33;Bueno;94.44;Bueno;Bueno;Bueno
2025-09-08;11:00;33;31.38;36.62;28.17;Bueno;81.39;Bueno;12;16.00;14.17;28.33;Bueno;94.44;Bueno;Bueno;Bueno
2025-09-08;12:00;34;31.50;36.62;28.17;Bueno;81.39;Bueno;12;15.83;14.17;28.33;Bueno;94.44;Bueno;Bueno;Bueno
2025-09-08;13:00;57;32.71;36.62;28.17;Bueno;81.39;Bueno;16;15.58;14.17;28.33;Bueno;94.44;Bueno;Bueno;Bueno
2025-09-08;14:00;39;32.92;36.62;28.17;Bueno;81.39;Bueno;11;15.12;14.17;28.33;Bueno;94.44;Bueno;Bueno;Bueno
2025-09-08;15:00;28;32.92;36.62;28.17;Bueno;81.39;Bueno;7;14.75;14.17;28.33;Bueno;94.44;Bueno;Bueno;Bueno
2025-09-08;16:00;41;33.58;36.62;28.17;Bueno;81.39;Bueno;11;14.46;14.17;28.33;Bueno;94.44;Bueno;Bueno;Bueno
2025-09-08;17:00;34;34.12;36.62;28.17;Bueno;81.39;Bueno;9;14.00;14.17;28.33;Bueno;94.44;Bueno;Bueno;Bueno
2025-09-08;18:00;35;34.67;36.62;28.17;Bueno;81.39;Bueno;16;14.17;14.17;28.33;Bueno;94.44;Bueno;Bueno;Bueno
2025-09-08;19:00;35;35.29;36.62;28.17;Bueno;81.39;Bueno;10;14.17;14.17;28.33;Bueno;94.44;Bueno;Bueno;Bueno
2025-09-08;20:00;33;35.67;36.62;28.17;Bueno;81.39;Bueno;9;14.21;14.17;28.33;Bueno;94.44;Bueno;Bueno;Bueno
2025-09-08;21:00;33;36.08;36.62;28.17;Bueno;81.39;Bueno;11;14.38;14.17;28.33;Bueno;94.44;Bueno;Bueno;Bueno
2025-09-08;22:00;34;36.54;36.62;28.17;Bueno;81.39;Bueno;10;14.38;14.17;28.33;Bueno;94.44;Bueno;Bueno;Bueno
2025-09-08;23:00;27;36.62;36.62;28.17;Bueno;81.39;Bueno;7;14.17;14.17;28.33;Bueno;94.44;Bueno;Bueno;Bueno
2025-09-09;00:00;40;37.29;53.12;40.87;Bueno;113.32;Regular;15;14.33;16.62;33.25;Bueno;103.51;Regular;Bueno;Regular
2025-09-09;01:00;47;38.25;53.12;40.87;Bueno;113.32;Regular;16;14.38;16.62;33.25;Bueno;103.51;Regular;Bueno;Regular
2025-09-09;02:00;36;38.75;53.12;40.87;Bueno;113.32;Regular;18;14.71;16.62;33.25;Bueno;103.51;Regular;Bueno;Regular
2025-09-09;03:00;37;39.50;53.12;40.87;Bueno;113.32;Regular;14;14.83;16.62;33.25;Bueno;103.51;Regular;Bueno;Regular
2025-09-09;04:00;30;39.83;53.12;40.87;Bueno;113.32;Regular;23;15.42;16.62;33.25;Bueno;103.51;Regular;Bueno;Regular
2025-09-09;05:00;50;40.92;53.12;40.87;Bueno;113.32;Regular;22;15.83;16.62;33.25;Bueno;103.51;Regular;Bueno;Regular
2025-09-09;06:00;60;42.04;53.12;40.87;Bueno;113.32;Regular;21;16.04;16.62;33.25;Bueno;103.51;Regular;Bueno;Regular
2025-09-09;07:00;130;44.96;53.12;40.87;Bueno;113.32;Regular;31;16.42;16.62;33.25;Bueno;103.51;Regular;Bueno;Regular
2025-09-09;08:00;123;47.58;53.12;40.87;Bueno;113.32;Regular;35;16.50;16.62;33.25;Bueno;103.51;Regular;Bueno;Regular
2025-09-09;09:00;148;51.25;53.12;40.87;Bueno;113.32;Regular;39;16.92;16.62;33.25;Bueno;103.51;Regular;Bueno;Regular
2025-09-09;10:00;101;52.71;53.12;40.87;Bueno;113.32;Regular;35;17.08;16.62;33.25;Bueno;103.51;Regular;Bueno;Regular
2025-09-09;11:00;83;54.79;53.12;40.87;Bueno;113.32;Regular;27;17.71;16.62;33.25;Bueno;103.51;Regular;Bueno;Regular
2025-09-09;12:00;54;55.62;53.12;40.87;Bueno;113.32;Regular;17;17.92;16.62;33.25;Bueno;103.51;Regular;Bueno;Regular
2025-09-09;13:00;43;55.04;53.12;40.87;Bueno;113.32;Regular;17;17.96;16.62;33.25;Bueno;103.51;Regular;Bueno;Regular
2025-09-09;14:00;38;55.00;53.12;40.87;Bueno;113.32;Regular;8;17.83;16.62;33.25;Bueno;103.51;Regular;Bueno;Regular
2025-09-09;15:00;25;54.88;53.12;40.87;Bueno;113.32;Regular;5;17.75;16.62;33.25;Bueno;103.51;Regular;Bueno;Regular
2025-09-09;16:00;16;53.83;53.12;40.87;Bueno;113.32;Regular;3;17.42;16.62;33.25;Bueno;103.51;Regular;Bueno;Regular
2025-09-09;17:00;38;54.00;53.12;40.87;Bueno;113.32;Regular;5;17.25;16.62;33.25;Bueno;103.51;Regular;Bueno;Regular
2025-09-09;18:00;45;54.42;53.12;40.87;Bueno;113.32;Regular;10;17.00;16.62;33.25;Bueno;103.51;Regular;Bueno;Regular
2025-09-09;19:00;48;54.96;53.12;40.87;Bueno;113.32;Regular;11;17.04;16.62;33.25;Bueno;103.51;Regular;Bueno;Regular
2025-09-09;20:00;33;54.96;53.12;40.87;Bueno;113.32;Regular;11;17.12;16.62;33.25;Bueno;103.51;Regular;Bueno;Regular
2025-09-09;21:00;17;54.29;53.12;40.87;Bueno;113.32;Regular;7;16.96;16.62;33.25;Bueno;103.51;Regular;Bueno;Regular
2025-09-09;22:00;17;53.58;53.12;40.87;Bueno;113.32;Regular;5;16.75;16.62;33.25;Bueno;103.51;Regular;Bueno;Regular
2025-09-09;23:00;16;53.12;53.12;40.87;Bueno;113.32;Regular;4;16.62;16.62;33.25;Bueno;103.51;Regular;Bueno;Regular
2025-09-10;00:00;18;52.21;48.29;37.15;Bueno;105.39;Regular;3;16.12;11.79;23.58;Bueno;78.61;Bueno;Bueno;Regular
2025-09-10;01:00;17;50.96;48.29;37.15;Bueno;105.39;Regular;3;15.58;11.79;23.58;Bueno;78.61;Bueno;Bueno;Regular
2025-09-10;02:00;29;50.67;48.29;37.15;Bueno;105.39;Regular;10;15.25;11.79;23.58;Bueno;78.61;Bueno;Bueno;Regular
2025-09-10;03:00;30;50.38;48.29;37.15;Bueno;105.39;Regular;11;15.12;11.79;23.58;Bueno;78.61;Bueno;Bueno;Regular
2025-09-10;04:00;29;50.33;48.29;37.15;Bueno;105.39;Regular;12;14.67;11.79;23.58;Bueno;78.61;Bueno;Bueno;Regular
2025-09-10;05:00;39;49.88;48.29;37.15;Bueno;105.39;Regular;10;14.17;11.79;23.58;Bueno;78.61;Bueno;Bueno;Regular
2025-09-10;06:00;78;50.62;48.29;37.15;Bueno;105.39;Regular;16;13.96;11.79;23.58;Bueno;78.61;Bueno;Bueno;Regular
2025-09-10;07:00;78;48.46;48.29;37.15;Bueno;105.39;Regular;24;13.67;11.79;23.58;Bueno;78.61;Bueno;Bueno;Regular
2025-09-10;08:00;126;48.58;48.29;37.15;Bueno;105.39;Regular;23;13.17;11.79;23.58;Bueno;78.61;Bueno;Bueno;Regular
2025-09-10;09:00;78;45.67;48.29;37.15;Bueno;105.39;Regular;25;12.58;11.79;23.58;Bueno;78.61;Bueno;Bueno;Regular
2025-09-10;10:00;27;42.58;48.29;37.15;Bueno;105.39;Regular;4;11.29;11.79;23.58;Bueno;78.61;Bueno;Bueno;Regular
2025-09-10;11:00;41;40.83;48.29;37.15;Bueno;105.39;Regular;8;10.50;11.79;23.58;Bueno;78.61;Bueno;Bueno;Regular
2025-09-10;12:00;30;39.83;48.29;37.15;Bueno;105.39;Regular;6;10.04;11.79;23.58;Bueno;78.61;Bueno;Bueno;Regular
2025-09-10;13:00;31;39.33;48.29;37.15;Bueno;105.39;Regular;10;9.75;11.79;23.58;Bueno;78.61;Bueno;Bueno;Regular
2025-09-10;14:00;39;39.38;48.29;37.15;Bueno;105.39;Regular;8;9.75;11.79;23.58;Bueno;78.61;Bueno;Bueno;Regular
2025-09-10;15:00;27;39.46;48.29;37.15;Bueno;105.39;Regular;5;9.75;11.79;23.58;Bueno;78.61;Bueno;Bueno;Regular
2025-09-10;16:00;29;40.00;48.29;37.15;Bueno;105.39;Regular;6;9.88;11.79;23.58;Bueno;78.61;Bueno;Bueno;Regular
2025-09-10;17:00;26;39.50;48.29;37.15;Bueno;105.39;Regular;13;10.21;11.79;23.58;Bueno;78.61;Bueno;Bueno;Regular
2025-09-10;18:00;34;39.04;48.29;37.15;Bueno;105.39;Regular;10;10.21;11.79;23.58;Bueno;78.61;Bueno;Bueno;Regular
2025-09-10;19:00;68;39.88;48.29;37.15;Bueno;105.39;Regular;11;10.21;11.79;23.58;Bueno;78.61;Bueno;Bueno;Regular
2025-09-10;20:00;86;42.08;48.29;37.15;Bueno;105.39;Regular;17;10.46;11.79;23.58;Bueno;78.61;Bueno;Bueno;Regular
2025-09-10;21:00;72;44.38;48.29;37.15;Bueno;105.39;Regular;18;10.92;11.79;23.58;Bueno;78.61;Bueno;Bueno;Regular
2025-09-10;22:00;65;46.38;48.29;37.15;Bueno;105.39;Regular;17;11.42;11.79;23.58;Bueno;78.61;Bueno;Bueno;Regular
2025-09-10;23:00;62;48.29;48.29;37.15;Bueno;105.39;Regular;13;11.79;11.79;23.58;Bueno;78.61;Bueno;Bueno;Regular
2025-09-11;00:00;48;49.54;61.67;47.44;Bueno;127.37;Regular;16;12.33;19.91;39.83;Bueno;110.63;Regular;Bueno;Regular
2025-09-11;01:00;39;50.46;61.67;47.44;Bueno;127.37;Regular;11;12.67;19.91;39.83;Bueno;110.63;Regular;Bueno;Regular
2025-09-11;02:00;53;51.46;61.67;47.44;Bueno;127.37;Regular;23;13.21;19.91;39.83;Bueno;110.63;Regular;Bueno;Regular
2025-09-11;03:00;52;52.38;61.67;47.44;Bueno;127.37;Regular;22;13.67;19.91;39.83;Bueno;110.63;Regular;Bueno;Regular
2025-09-11;04:00;43;52.96;61.67;47.44;Bueno;127.37;Regular;16;13.83;19.91;39.83;Bueno;110.63;Regular;Bueno;Regular
2025-09-11;05:00;48;53.33;61.67;47.44;Bueno;127.37;Regular;24;14.42;19.91;39.83;Bueno;110.63;Regular;Bueno;Regular
2025-09-11;06:00;93;53.96;61.67;47.44;Bueno;127.37;Regular;26;14.83;19.91;39.83;Bueno;110.63;Regular;Bueno;Regular
2025-09-11;07:00;119;55.67;61.67;47.44;Bueno;127.37;Regular;32;15.17;19.91;39.83;Bueno;110.63;Regular;Bueno;Regular
2025-09-11;08:00;90;54.17;61.67;47.44;Bueno;127.37;Regular;32;15.54;19.91;39.83;Bueno;110.63;Regular;Bueno;Regular
2025-09-11;09:00;116;55.75;61.67;47.44;Bueno;127.37;Regular;36;16.00;19.91;39.83;Bueno;110.63;Regular;Bueno;Regular
2025-09-11;10:00;;57.00;61.67;47.44;Bueno;127.37;Regular;;16.52;19.91;39.83;Bueno;110.63;Regular;Bueno;Regular
2025-09-11;11:00;;57.73;61.67;47.44;Bueno;127.37;Regular;38;17.83;19.91;39.83;Bueno;110.63;Regular;Bueno;Regular
2025-09-11;12:00;;59.05;61.67;47.44;Bueno;127.37;Regular;28;18.78;19.91;39.83;Bueno;110.63;Regular;Bueno;Regular
2025-09-11;13:00;;60.45;61.67;47.44;Bueno;127.37;Regular;24;19.39;19.91;39.83;Bueno;110.63;Regular;Bueno;Regular
2025-09-11;14:00;;61.58;61.67;47.44;Bueno;127.37;Regular;8;19.39;19.91;39.83;Bueno;110.63;Regular;Bueno;Regular
2025-09-11;15:00;;63.50;61.67;47.44;Bueno;127.37;Regular;8;19.52;19.91;39.83;Bueno;110.63;Regular;Bueno;Regular
2025-09-11;16:00;37;63.94;61.67;47.44;Bueno;127.37;Regular;7;19.57;19.91;39.83;Bueno;110.63;Regular;Bueno;Regular
2025-09-11;17:00;37;64.56;61.67;47.44;Bueno;127.37;Regular;7;19.30;19.91;39.83;Bueno;110.63;Regular;Bueno;Regular
2025-09-11;18:00;43;65.06;61.67;47.44;Bueno;127.37;Regular;10;19.30;19.91;39.83;Bueno;110.63;Regular;Bueno;Regular
2025-09-11;19:00;36;63.28;61.67;47.44;Bueno;127.37;Regular;16;19.52;19.91;39.83;Bueno;110.63;Regular;Bueno;Regular
2025-09-11;20:00;78;62.83;61.67;47.44;Bueno;127.37;Regular;16;19.48;19.91;39.83;Bueno;110.63;Regular;Bueno;Regular
2025-09-11;21:00;61;62.22;61.67;47.44;Bueno;127.37;Regular;16;19.39;19.91;39.83;Bueno;110.63;Regular;Bueno;Regular
2025-09-11;22:00;63;62.11;61.67;47.44;Bueno;127.37;Regular;19;19.48;19.91;39.83;Bueno;110.63;Regular;Bueno;Regular
2025-09-11;23:00;54;61.67;61.67;47.44;Bueno;127.37;Regular;23;19.91;19.91;39.83;Bueno;110.63;Regular;Bueno;Regular
2025-09-12;00:00;61;62.39;65.83;50.64;Bueno;134.24;Regular;24;20.26;20.67;41.33;Bueno;112.26;Regular;Bueno;Regular
2025-09-12;01:00;62;63.67;65.83;50.64;Bueno;134.24;Regular;26;20.91;20.67;41.33;Bueno;112.26;Regular;Bueno;Regular
2025-09-12;02:00;55;63.78;65.83;50.64;Bueno;134.24;Regular;26;21.04;20.67;41.33;Bueno;112.26;Regular;Bueno;Regular
2025-09-12;03:00;53;63.83;65.83;50.64;Bueno;134.24;Regular;26;21.22;20.67;41.33;Bueno;112.26;Regular;Bueno;Regular
2025-09-12;04:00;51;64.28;65.83;50.64;Bueno;134.24;Regular;22;21.48;20.67;41.33;Bueno;112.26;Regular;Bueno;Regular
2025-09-12;05:00;69;65.44;65.83;50.64;Bueno;134.24;Regular;29;21.70;20.67;41.33;Bueno;112.26;Regular;Bueno;Regular
2025-09-12;06:00;95;65.56;65.83;50.64;Bueno;134.24;Regular;34;22.04;20.67;41.33;Bueno;112.26;Regular;Bueno;Regular
2025-09-12;07:00;185;69.22;65.83;50.64;Bueno;134.24;Regular;48;22.74;20.67;41.33;Bueno;112.26;Regular;Bueno;Regular
2025-09-12;08:00;194;75.00;65.83;50.64;Bueno;134.24;Regular;56;23.78;20.67;41.33;Bueno;112.26;Regular;Bueno;Regular
2025-09-12;09:00;80;73.00;65.83;50.64;Bueno;134.24;Regular;30;23.52;20.67;41.33;Bueno;112.26;Regular;Bueno;Regular
2025-09-12;10:00;70;72.84;65.83;50.64;Bueno;134.24;Regular;27;23.67;20.67;41.33;Bueno;112.26;Regular;Bueno;Regular
2025-09-12;11:00;72;72.80;65.83;50.64;Bueno;134.24;Regular;23;23.04;20.67;41.33;Bueno;112.26;Regular;Bueno;Regular
2025-09-12;12:00;79;73.10;65.83;50.64;Bueno;134.24;Regular;16;22.54;20.67;41.33;Bueno;112.26;Regular;Bueno;Regular
2025-09-12;13:00;50;72.05;65.83;50.64;Bueno;134.24;Regular;16;22.21;20.67;41.33;Bueno;112.26;Regular;Bueno;Regular
2025-09-12;14:00;44;70.83;65.83;50.64;Bueno;134.24;Regular;13;22.42;20.67;41.33;Bueno;112.26;Regular;Bueno;Regular
2025-09-12;15:00;56;70.21;65.83;50.64;Bueno;134.24;Regular;12;22.58;20.67;41.33;Bueno;112.26;Regular;Bueno;Regular
2025-09-12;16:00;60;71.17;65.83;50.64;Bueno;134.24;Regular;12;22.79;20.67;41.33;Bueno;112.26;Regular;Bueno;Regular
2025-09-12;17:00;48;71.62;65.83;50.64;Bueno;134.24;Regular;15;23.12;20.67;41.33;Bueno;112.26;Regular;Bueno;Regular
2025-09-12;18:00;48;71.83;65.83;50.64;Bueno;134.24;Regular;11;23.17;20.67;41.33;Bueno;112.26;Regular;Bueno;Regular
2025-09-12;19:00;40;72.00;65.83;50.64;Bueno;134.24;Regular;7;22.79;20.67;41.33;Bueno;112.26;Regular;Bueno;Regular
2025-09-12;20:00;29;69.96;65.83;50.64;Bueno;134.24;Regular;9;22.50;20.67;41.33;Bueno;112.26;Regular;Bueno;Regular
2025-09-12;21:00;30;68.67;65.83;50.64;Bueno;134.24;Regular;7;22.12;20.67;41.33;Bueno;112.26;Regular;Bueno;Regular
2025-09-12;22:00;24;67.04;65.83;50.64;Bueno;134.24;Regular;4;21.50;20.67;41.33;Bueno;112.26;Regular;Bueno;Regular
2025-09-12;23:00;25;65.83;65.83;50.64;Bueno;134.24;Regular;3;20.67;20.67;41.33;Bueno;112.26;Regular;Bueno;Regular
2025-09-13;00:00;10;63.71;26.88;20.67;Bueno;59.72;Bueno;4;19.83;8.29;16.58;Bueno;55.28;Bueno;Bueno;Bueno
2025-09-13;01:00;22;62.04;26.88;20.67;Bueno;59.72;Bueno;7;19.04;8.29;16.58;Bueno;55.28;Bueno;Bueno;Bueno
2025-09-13;02:00;16;60.42;26.88;20.67;Bueno;59.72;Bueno;5;18.17;8.29;16.58;Bueno;55.28;Bueno;Bueno;Bueno
2025-09-13;03:00;16;58.88;26.88;20.67;Bueno;59.72;Bueno;9;17.46;8.29;16.58;Bueno;55.28;Bueno;Bueno;Bueno
2025-09-13;04:00;14;57.33;26.88;20.67;Bueno;59.72;Bueno;7;16.83;8.29;16.58;Bueno;55.28;Bueno;Bueno;Bueno
2025-09-13;05:00;25;55.50;26.88;20.67;Bueno;59.72;Bueno;10;16.04;8.29;16.58;Bueno;55.28;Bueno;Bueno;Bueno
2025-09-13;06:00;25;52.58;26.88;20.67;Bueno;59.72;Bueno;8;14.96;8.29;16.58;Bueno;55.28;Bueno;Bueno;Bueno
2025-09-13;07:00;50;46.96;26.88;20.67;Bueno;59.72;Bueno;12;13.46;8.29;16.58;Bueno;55.28;Bueno;Bueno;Bueno
2025-09-13;08:00;56;41.21;26.88;20.67;Bueno;59.72;Bueno;13;11.67;8.29;16.58;Bueno;55.28;Bueno;Bueno;Bueno
2025-09-13;09:00;44;39.71;26.88;20.67;Bueno;59.72;Bueno;12;10.92;8.29;16.58;Bueno;55.28;Bueno;Bueno;Bueno
2025-09-13;10:00;42;38.54;26.88;20.67;Bueno;59.72;Bueno;16;10.46;8.29;16.58;Bueno;55.28;Bueno;Bueno;Bueno
2025-09-13;11:00;43;37.33;26.88;20.67;Bueno;59.72;Bueno;18;10.25;8.29;16.58;Bueno;55.28;Bueno;Bueno;Bueno
2025-09-13;12:00;34;35.46;26.88;20.67;Bueno;59.72;Bueno;8;9.92;8.29;16.58;Bueno;55.28;Bueno;Bueno;Bueno
2025-09-13;13:00;17;34.08;26.88;20.67;Bueno;59.72;Bueno;3;9.38;8.29;16.58;Bueno;55.28;Bueno;Bueno;Bueno
2025-09-13;14:00;15;32.88;26.88;20.67;Bueno;59.72;Bueno;1;8.88;8.29;16.58;Bueno;55.28;Bueno;Bueno;Bueno
2025-09-13;15:00;18;31.29;26.88;20.67;Bueno;59.72;Bueno;2;8.46;8.29;16.58;Bueno;55.28;Bueno;Bueno;Bueno
2025-09-13;16:00;17;29.50;26.88;20.67;Bueno;59.72;Bueno;3;8.08;8.29;16.58;Bueno;55.28;Bueno;Bueno;Bueno
2025-09-13;17:00;10;27.92;26.88;20.67;Bueno;59.72;Bueno;4;7.62;8.29;16.58;Bueno;55.28;Bueno;Bueno;Bueno
2025-09-13;18:00;15;26.54;26.88;20.67;Bueno;59.72;Bueno;3;7.29;8.29;16.58;Bueno;55.28;Bueno;Bueno;Bueno
2025-09-13;19:00;30;26.12;26.88;20.67;Bueno;59.72;Bueno;10;7.42;8.29;16.58;Bueno;55.28;Bueno;Bueno;Bueno
2025-09-13;20:00;29;26.12;26.88;20.67;Bueno;59.72;Bueno;10;7.46;8.29;16.58;Bueno;55.28;Bueno;Bueno;Bueno
2025-09-13;21:00;29;26.08;26.88;20.67;Bueno;59.72;Bueno;9;7.54;8.29;16.58;Bueno;55.28;Bueno;Bueno;Bueno
2025-09-13;22:00;31;26.38;26.88;20.67;Bueno;59.72;Bueno;13;7.92;8.29;16.58;Bueno;55.28;Bueno;Bueno;Bueno
2025-09-13;23:00;37;26.88;26.88;20.67;Bueno;59.72;Bueno;12;8.29;8.29;16.58;Bueno;55.28;Bueno;Bueno;Bueno
2025-09-14;00:00;39;28.08;31.12;23.94;Bueno;69.17;Bueno;16;8.79;12.33;24.67;Bueno;82.22;Bueno;Bueno;Bueno
2025-09-14;01:00;20;28.00;31.12;23.94;Bueno;69.17;Bueno;7;8.79;12.33;24.67;Bueno;82.22;Bueno;Bueno;Bueno
2025-09-14;02:00;21;28.21;31.12;23.94;Bueno;69.17;Bueno;6;8.83;12.33;24.67;Bueno;82.22;Bueno;Bueno;Bueno
2025-09-14;03:00;28;28.71;31.12;23.94;Bueno;69.17;Bueno;18;9.21;12.33;24.67;Bueno;82.22;Bueno;Bueno;Bueno
2025-09-14;04:00;32;29.46;31.12;23.94;Bueno;69.17;Bueno;12;9.42;12.33;24.67;Bueno;82.22;Bueno;Bueno;Bueno
2025-09-14;05:00;38;30.00;31.12;23.94;Bueno;69.17;Bueno;22;9.92;12.33;24.67;Bueno;82.22;Bueno;Bueno;Bueno
2025-09-14;06:00;37;30.50;31.12;23.94;Bueno;69.17;Bueno;18;10.33;12.33;24.67;Bueno;82.22;Bueno;Bueno;Bueno
2025-09-14;07:00;33;29.79;31.12;23.94;Bueno;69.17;Bueno;11;10.29;12.33;24.67;Bueno;82.22;Bueno;Bueno;Bueno
2025-09-14;08:00;35;28.92;31.12;23.94;Bueno;69.17;Bueno;24;10.75;12.33;24.67;Bueno;82.22;Bueno;Bueno;Bueno
2025-09-14;09:00;39;28.71;31.12;23.94;Bueno;69.17;Bueno;17;10.96;12.33;24.67;Bueno;82.22;Bueno;Bueno;Bueno
2025-09-14;10:00;45;28.83;31.12;23.94;Bueno;69.17;Bueno;20;11.12;12.33;24.67;Bueno;82.22;Bueno;Bueno;Bueno
2025-09-14;11:00;38;28.62;31.12;23.94;Bueno;69.17;Bueno;15;11.00;12.33;24.67;Bueno;82.22;Bueno;Bueno;Bueno
2025-09-14;12:00;31;28.50;31.12;23.94;Bueno;69.17;Bueno;12;11.17;12.33;24.67;Bueno;82.22;Bueno;Bueno;Bueno
2025-09-14;13:00;25;28.83;31.12;23.94;Bueno;69.17;Bueno;8;11.38;12.33;24.67;Bueno;82.22;Bueno;Bueno;Bueno
2025-09-14;14:00;24;29.21;31.12;23.94;Bueno;69.17;Bueno;6;11.58;12.33;24.67;Bueno;82.22;Bueno;Bueno;Bueno
2025-09-14;15:00;30;29.71;31.12;23.94;Bueno;69.17;Bueno;6;11.75;12.33;24.67;Bueno;82.22;Bueno;Bueno;Bueno
2025-09-14;16:00;31;30.29;31.12;23.94;Bueno;69.17;Bueno;9;12.00;12.33;24.67;Bueno;82.22;Bueno;Bueno;Bueno
2025-09-14;17:00;29;31.08;31.12;23.94;Bueno;69.17;Bueno;10;12.25;12.33;24.67;Bueno;82.22;Bueno;Bueno;Bueno
2025-09-14;18:00;23;31.42;31.12;23.94;Bueno;69.17;Bueno;12;12.62;12.33;24.67;Bueno;82.22;Bueno;Bueno;Bueno
2025-09-14;19:00;30;31.42;31.12;23.94;Bueno;69.17;Bueno;10;12.62;12.33;24.67;Bueno;82.22;Bueno;Bueno;Bueno
2025-09-14;20:00;23;31.17;31.12;23.94;Bueno;69.17;Bueno;8;12.54;12.33;24.67;Bueno;82.22;Bueno;Bueno;Bueno
2025-09-14;21:00;37;31.50;31.12;23.94;Bueno;69.17;Bueno;11;12.62;12.33;24.67;Bueno;82.22;Bueno;Bueno;Bueno
2025-09-14;22:00;29;31.42;31.12;23.94;Bueno;69.17;Bueno;9;12.46;12.33;24.67;Bueno;82.22;Bueno;Bueno;Bueno
2025-09-14;23:00;30;31.12;31.12;23.94;Bueno;69.17;Bueno;9;12.33;12.33;24.67;Bueno;82.22;Bueno;Bueno;Bueno
2025-09-15;00:00;39;31.12;57.46;44.20;Bueno;120.44;Regular;6;11.92;18.00;36.00;Bueno;106.49;Regular;Bueno;Regular
2025-09-15;01:00;30;31.54;57.46;44.20;Bueno;120.44;Regular;12;12.12;18.00;36.00;Bueno;106.49;Regular;Bueno;Regular
2025-09-15;02:00;29;31.88;57.46;44.20;Bueno;120.44;Regular;15;12.50;18.00;36.00;Bueno;106.49;Regular;Bueno;Regular
2025-09-15;03:00;34;32.12;57.46;44.20;Bueno;120.44;Regular;16;12.42;18.00;36.00;Bueno;106.49;Regular;Bueno;Regular
2025-09-15;04:00;36;32.29;57.46;44.20;Bueno;120.44;Regular;20;12.75;18.00;36.00;Bueno;106.49;Regular;Bueno;Regular
2025-09-15;05:00;38;32.29;57.46;44.20;Bueno;120.44;Regular;14;12.42;18.00;36.00;Bueno;106.49;Regular;Bueno;Regular
2025-09-15;06:00;56;33.08;57.46;44.20;Bueno;120.44;Regular;20;12.50;18.00;36.00;Bueno;106.49;Regular;Bueno;Regular
2025-09-15;07:00;116;36.54;57.46;44.20;Bueno;120.44;Regular;29;13.25;18.00;36.00;Bueno;106.49;Regular;Bueno;Regular
2025-09-15;08:00;107;39.54;57.46;44.20;Bueno;120.44;Regular;27;13.38;18.00;36.00;Bueno;106.49;Regular;Bueno;Regular
2025-09-15;09:00;100;42.08;57.46;44.20;Bueno;120.44;Regular;35;14.12;18.00;36.00;Bueno;106.49;Regular;Bueno;Regular
2025-09-15;10:00;78;43.46;57.46;44.20;Bueno;120.44;Regular;27;14.42;18.00;36.00;Bueno;106.49;Regular;Bueno;Regular
2025-09-15;11:00;68;44.71;57.46;44.20;Bueno;120.44;Regular;22;14.71;18.00;36.00;Bueno;106.49;Regular;Bueno;Regular
2025-09-15;12:00;73;46.46;57.46;44.20;Bueno;120.44;Regular;24;15.21;18.00;36.00;Bueno;106.49;Regular;Bueno;Regular
2025-09-15;13:00;71;48.38;57.46;44.20;Bueno;120.44;Regular;20;15.71;18.00;36.00;Bueno;106.49;Regular;Bueno;Regular
2025-09-15;14:00;47;49.33;57.46;44.20;Bueno;120.44;Regular;16;16.12;18.00;36.00;Bueno;106.49;Regular;Bueno;Regular
2025-09-15;15:00;51;50.21;57.46;44.20;Bueno;120.44;Regular;14;16.46;18.00;36.00;Bueno;106.49;Regular;Bueno;Regular
2025-09-15;16:00;52;51.08;57.46;44.20;Bueno;120.44;Regular;13;16.62;18.00;36.00;Bueno;106.49;Regular;Bueno;Regular
2025-09-15;17:00;51;52.00;57.46;44.20;Bueno;120.44;Regular;11;16.67;18.00;36.00;Bueno;106.49;Regular;Bueno;Regular
2025-09-15;18:00;52;53.21;57.46;44.20;Bueno;120.44;Regular;15;16.79;18.00;36.00;Bueno;106.49;Regular;Bueno;Regular
2025-09-15;19:00;50;54.04;57.46;44.20;Bueno;120.44;Regular;13;16.92;18.00;36.00;Bueno;106.49;Regular;Bueno;Regular
2025-09-15;20:00;52;55.25;57.46;44.20;Bueno;120.44;Regular;18;17.33;18.00;36.00;Bueno;106.49;Regular;Bueno;Regular
2025-09-15;21:00;52;55.88;57.46;44.20;Bueno;120.44;Regular;17;17.58;18.00;36.00;Bueno;106.49;Regular;Bueno;Regular
2025-09-15;22:00;54;56.92;57.46;44.20;Bueno;120.44;Regular;16;17.88;18.00;36.00;Bueno;106.49;Regular;Bueno;Regular
2025-09-15;23:00;43;57.46;57.46;44.20;Bueno;120.44;Regular;12;18.00;18.00;36.00;Bueno;106.49;Regular;Bueno;Regular
2025-09-16;00:00;58;58.25;72.75;55.96;Bueno;145.68;Regular;20;18.58;21.96;43.92;Bueno;115.06;Regular;Bueno;Regular
2025-09-16;01:00;56;59.33;72.75;55.96;Bueno;145.68;Regular;24;19.08;21.96;43.92;Bueno;115.06;Regular;Bueno;Regular
2025-09-16;02:00;48;60.12;72.75;55.96;Bueno;145.68;Regular;22;19.38;21.96;43.92;Bueno;115.06;Regular;Bueno;Regular
2025-09-16;03:00;49;60.75;72.75;55.96;Bueno;145.68;Regular;20;19.54;21.96;43.92;Bueno;115.06;Regular;Bueno;Regular
2025-09-16;04:00;63;61.88;72.75;55.96;Bueno;145.68;Regular;19;19.50;21.96;43.92;Bueno;115.06;Regular;Bueno;Regular
2025-09-16;05:00;64;62.96;72.75;55.96;Bueno;145.68;Regular;20;19.75;21.96;43.92;Bueno;115.06;Regular;Bueno;Regular
2025-09-16;06:00;72;63.62;72.75;55.96;Bueno;145.68;Regular;20;19.75;21.96;43.92;Bueno;115.06;Regular;Bueno;Regular
2025-09-16;07:00;101;63.00;72.75;55.96;Bueno;145.68;Regular;32;19.88;21.96;43.92;Bueno;115.06;Regular;Bueno;Regular
2025-09-16;08:00;161;65.25;72.75;55.96;Bueno;145.68;Regular;48;20.75;21.96;43.92;Bueno;115.06;Regular;Bueno;Regular
2025-09-16;09:00;179;68.54;72.75;55.96;Bueno;145.68;Regular;45;21.17;21.96;43.92;Bueno;115.06;Regular;Bueno;Regular
2025-09-16;10:00;118;70.21;72.75;55.96;Bueno;145.68;Regular;36;21.54;21.96;43.92;Bueno;115.06;Regular;Bueno;Regular
2025-09-16;11:00;83;70.83;72.75;55.96;Bueno;145.68;Regular;24;21.62;21.96;43.92;Bueno;115.06;Regular;Bueno;Regular
2025-09-16;12:00;75;70.92;72.75;55.96;Bueno;145.68;Regular;20;21.46;21.96;43.92;Bueno;115.06;Regular;Bueno;Regular
2025-09-16;13:00;76;71.12;72.75;55.96;Bueno;145.68;Regular;20;21.46;21.96;43.92;Bueno;115.06;Regular;Bueno;Regular
2025-09-16;14:00;82;72.58;72.75;55.96;Bueno;145.68;Regular;28;21.96;21.96;43.92;Bueno;115.06;Regular;Bueno;Regular
2025-09-16;15:00;68;73.29;72.75;55.96;Bueno;145.68;Regular;18;22.12;21.96;43.92;Bueno;115.06;Regular;Bueno;Regular
2025-09-16;16:00;50;73.21;72.75;55.96;Bueno;145.68;Regular;11;22.04;21.96;43.92;Bueno;115.06;Regular;Bueno;Regular
2025-09-16;17:00;65;73.79;72.75;55.96;Bueno;145.68;Regular;14;22.17;21.96;43.92;Bueno;115.06;Regular;Bueno;Regular
2025-09-16;18:00;53;73.83;72.75;55.96;Bueno;145.68;Regular;17;22.25;21.96;43.92;Bueno;115.06;Regular;Bueno;Regular
2025-09-16;19:00;50;73.83;72.75;55.96;Bueno;145.68;Regular;14;22.29;21.96;43.92;Bueno;115.06;Regular;Bueno;Regular
2025-09-16;20:00;50;73.75;72.75;55.96;Bueno;145.68;Regular;14;22.12;21.96;43.92;Bueno;115.06;Regular;Bueno;Regular
2025-09-16;21:00;48;73.58;72.75;55.96;Bueno;145.68;Regular;15;22.04;21.96;43.92;Bueno;115.06;Regular;Bueno;Regular
2025-09-16;22:00;38;72.92;72.75;55.96;Bueno;145.68;Regular;14;21.96;21.96;43.92;Bueno;115.06;Regular;Bueno;Regular
2025-09-16;23:00;39;72.75;72.75;55.96;Bueno;145.68;Regular;12;21.96;21.96;43.92;Bueno;115.06;Regular;Bueno;Regular
2025-09-17;00:00;29;71.54;50.29;38.69;Bueno;108.67;Regular;12;21.62;23.58;47.17;Bueno;118.59;Regular;Bueno;Regular
2025-09-17;01:00;29;70.42;50.29;38.69;Bueno;108.67;Regular;9;21.00;23.58;47.17;Bueno;118.59;Regular;Bueno;Regular
2025-09-17;02:00;29;69.62;50.29;38.69;Bueno;108.67;Regular;8;20.42;23.58;47.17;Bueno;118.59;Regular;Bueno;Regular
2025-09-17;03:00;27;68.71;50.29;38.69;Bueno;108.67;Regular;11;20.04;23.58;47.17;Bueno;118.59;Regular;Bueno;Regular
2025-09-17;04:00;30;67.33;50.29;38.69;Bueno;108.67;Regular;16;19.92;23.58;47.17;Bueno;118.59;Regular;Bueno;Regular
2025-09-17;05:00;36;66.17;50.29;38.69;Bueno;108.67;Regular;14;19.67;23.58;47.17;Bueno;118.59;Regular;Bueno;Regular
2025-09-17;06:00;29;64.38;50.29;38.69;Bueno;108.67;Regular;14;19.42;23.58;47.17;Bueno;118.59;Regular;Bueno;Regular
2025-09-17;07:00;64;62.83;50.29;38.69;Bueno;108.67;Regular;22;19.00;23.58;47.17;Bueno;118.59;Regular;Bueno;Regular
2025-09-17;08:00;62;58.71;50.29;38.69;Bueno;108.67;Regular;33;18.38;23.58;47.17;Bueno;118.59;Regular;Bueno;Regular
2025-09-17;09:00;69;54.12;50.29;38.69;Bueno;108.67;Regular;33;17.88;23.58;47.17;Bueno;118.59;Regular;Bueno;Regular
2025-09-17;10:00;61;51.75;50.29;38.69;Bueno;108.67;Regular;31;17.67;23.58;47.17;Bueno;118.59;Regular;Bueno;Regular
2025-09-17;11:00;71;51.25;50.29;38.69;Bueno;108.67;Regular;28;17.83;23.58;47.17;Bueno;118.59;Regular;Bueno;Regular
2025-09-17;12:00;69;51.00;50.29;38.69;Bueno;108.67;Regular;34;18.42;23.58;47.17;Bueno;118.59;Regular;Bueno;Regular
2025-09-17;13:00;71;50.79;50.29;38.69;Bueno;108.67;Regular;32;18.92;23.58;47.17;Bueno;118.59;Regular;Bueno;Regular
2025-09-17;14:00;71;50.33;50.29;38.69;Bueno;108.67;Regular;33;19.12;23.58;47.17;Bueno;118.59;Regular;Bueno;Regular
2025-09-17;15:00;56;49.83;50.29;38.69;Bueno;108.67;Regular;31;19.67;23.58;47.17;Bueno;118.59;Regular;Bueno;Regular
2025-09-17;16:00;59;50.21;50.29;38.69;Bueno;108.67;Regular;28;20.38;23.58;47.17;Bueno;118.59;Regular;Bueno;Regular
2025-09-17;17:00;53;49.71;50.29;38.69;Bueno;108.67;Regular;29;21.00;23.58;47.17;Bueno;118.59;Regular;Bueno;Regular
2025-09-17;18:00;35;48.96;50.29;38.69;Bueno;108.67;Regular;14;20.88;23.58;47.17;Bueno;118.59;Regular;Bueno;Regular
2025-09-17;19:00;41;48.58;50.29;38.69;Bueno;108.67;Regular;20;21.12;23.58;47.17;Bueno;118.59;Regular;Bueno;Regular
2025-09-17;20:00;56;48.83;50.29;38.69;Bueno;108.67;Regular;27;21.67;23.58;47.17;Bueno;118.59;Regular;Bueno;Regular
2025-09-17;21:00;56;49.17;50.29;38.69;Bueno;108.67;Regular;32;22.38;23.58;47.17;Bueno;118.59;Regular;Bueno;Regular
2025-09-17;22:00;55;49.88;50.29;38.69;Bueno;108.67;Regular;26;22.88;23.58;47.17;Bueno;118.59;Regular;Bueno;Regular
2025-09-17;23:00;49;50.29;50.29;38.69;Bueno;108.67;Regular;29;23.58;23.58;47.17;Bueno;118.59;Regular;Bueno;Regular
2025-09-18;00:00;72;52.08;45.46;34.97;Bueno;100.75;Regular;37;24.62;28.96;57.92;Bueno;130.28;Regular;Bueno;Regular
2025-09-18;01:00;47;52.83;45.46;34.97;Bueno;100.75;Regular;29;25.46;28.96;57.92;Bueno;130.28;Regular;Bueno;Regular
2025-09-18;02:00;50;53.71;45.46;34.97;Bueno;100.75;Regular;27;26.25;28.96;57.92;Bueno;130.28;Regular;Bueno;Regular
2025-09-18;03:00;42;54.33;45.46;34.97;Bueno;100.75;Regular;31;27.08;28.96;57.92;Bueno;130.28;Regular;Bueno;Regular
2025-09-18;04:00;24;54.08;45.46;34.97;Bueno;100.75;Regular;16;27.08;28.96;57.92;Bueno;130.28;Regular;Bueno;Regular
2025-09-18;05:00;34;54.00;45.46;34.97;Bueno;100.75;Regular;23;27.46;28.96;57.92;Bueno;130.28;Regular;Bueno;Regular
2025-09-18;06:00;39;54.42;45.46;34.97;Bueno;100.75;Regular;28;28.04;28.96;57.92;Bueno;130.28;Regular;Bueno;Regular
2025-09-18;07:00;42;53.50;45.46;34.97;Bueno;100.75;Regular;25;28.17;28.96;57.92;Bueno;130.28;Regular;Bueno;Regular
2025-09-18;08:00;51;53.04;45.46;34.97;Bueno;100.75;Regular;29;28.00;28.96;57.92;Bueno;130.28;Regular;Bueno;Regular
2025-09-18;09:00;38;51.75;45.46;34.97;Bueno;100.75;Regular;37;28.17;28.96;57.92;Bueno;130.28;Regular;Bueno;Regular
2025-09-18;10:00;47;51.17;45.46;34.97;Bueno;100.75;Regular;45;28.75;28.96;57.92;Bueno;130.28;Regular;Bueno;Regular
2025-09-18;11:00;64;50.88;45.46;34.97;Bueno;100.75;Regular;56;29.92;28.96;57.92;Bueno;130.28;Regular;Bueno;Regular
2025-09-18;12:00;80;51.33;45.46;34.97;Bueno;100.75;Regular;56;30.83;28.96;57.92;Bueno;130.28;Regular;Bueno;Regular
2025-09-18;13:00;73;51.42;45.46;34.97;Bueno;100.75;Regular;50;31.58;28.96;57.92;Bueno;130.28;Regular;Bueno;Regular
2025-09-18;14:00;62;51.04;45.46;34.97;Bueno;100.75;Regular;43;32.00;28.96;57.92;Bueno;130.28;Regular;Bueno;Regular
2025-09-18;15:00;49;50.75;45.46;34.97;Bueno;100.75;Regular;29;31.92;28.96;57.92;Bueno;130.28;Regular;Bueno;Regular
2025-09-18;16:00;27;49.42;45.46;34.97;Bueno;100.75;Regular;10;31.17;28.96;57.92;Bueno;130.28;Regular;Bueno;Regular
2025-09-18;17:00;24;48.21;45.46;34.97;Bueno;100.75;Regular;10;30.38;28.96;57.92;Bueno;130.28;Regular;Bueno;Regular
2025-09-18;18:00;35;48.21;45.46;34.97;Bueno;100.75;Regular;17;30.50;28.96;57.92;Bueno;130.28;Regular;Bueno;Regular
2025-09-18;19:00;37;48.04;45.46;34.97;Bueno;100.75;Regular;20;30.50;28.96;57.92;Bueno;130.28;Regular;Bueno;Regular
2025-09-18;20:00;37;47.25;45.46;34.97;Bueno;100.75;Regular;15;30.00;28.96;57.92;Bueno;130.28;Regular;Bueno;Regular
2025-09-18;21:00;29;46.12;45.46;34.97;Bueno;100.75;Regular;15;29.29;28.96;57.92;Bueno;130.28;Regular;Bueno;Regular
2025-09-18;22:00;36;45.33;45.46;34.97;Bueno;100.75;Regular;20;29.04;28.96;57.92;Bueno;130.28;Regular;Bueno;Regular
2025-09-18;23:00;52;45.46;45.46;34.97;Bueno;100.75;Regular;27;28.96;28.96;57.92;Bueno;130.28;Regular;Bueno;Regular
2025-09-19;00:00;50;44.54;34.71;26.70;Bueno;77.13;Bueno;30;28.67;18.96;37.92;Bueno;108.56;Regular;Bueno;Regular
2025-09-19;01:00;37;44.12;34.71;26.70;Bueno;77.13;Bueno;24;28.46;18.96;37.92;Bueno;108.56;Regular;Bueno;Regular
2025-09-19;02:00;28;43.21;34.71;26.70;Bueno;77.13;Bueno;14;27.92;18.96;37.92;Bueno;108.56;Regular;Bueno;Regular
2025-09-19;03:00;38;43.04;34.71;26.70;Bueno;77.13;Bueno;26;27.71;18.96;37.92;Bueno;108.56;Regular;Bueno;Regular
2025-09-19;04:00;38;43.62;34.71;26.70;Bueno;77.13;Bueno;27;28.17;18.96;37.92;Bueno;108.56;Regular;Bueno;Regular
2025-09-19;05:00;30;43.46;34.71;26.70;Bueno;77.13;Bueno;20;28.04;18.96;37.92;Bueno;108.56;Regular;Bueno;Regular
2025-09-19;06:00;35;43.29;34.71;26.70;Bueno;77.13;Bueno;25;27.92;18.96;37.92;Bueno;108.56;Regular;Bueno;Regular
2025-09-19;07:00;45;43.42;34.71;26.70;Bueno;77.13;Bueno;25;27.92;18.96;37.92;Bueno;108.56;Regular;Bueno;Regular
2025-09-19;08:00;50;43.38;34.71;26.70;Bueno;77.13;Bueno;27;27.83;18.96;37.92;Bueno;108.56;Regular;Bueno;Regular
2025-09-19;09:00;50;43.88;34.71;26.70;Bueno;77.13;Bueno;32;27.62;18.96;37.92;Bueno;108.56;Regular;Bueno;Regular
2025-09-19;10:00;42;43.67;34.71;26.70;Bueno;77.13;Bueno;29;26.96;18.96;37.92;Bueno;108.56;Regular;Bueno;Regular
2025-09-19;11:00;44;42.83;34.71;26.70;Bueno;77.13;Bueno;24;25.62;18.96;37.92;Bueno;108.56;Regular;Bueno;Regular
2025-09-19;12:00;36;41.00;34.71;26.70;Bueno;77.13;Bueno;22;24.21;18.96;37.92;Bueno;108.56;Regular;Bueno;Regular
2025-09-19;13:00;44;39.79;34.71;26.70;Bueno;77.13;Bueno;21;23.00;18.96;37.92;Bueno;108.56;Regular;Bueno;Regular
2025-09-19;14:00;29;38.42;34.71;26.70;Bueno;77.13;Bueno;17;21.92;18.96;37.92;Bueno;108.56;Regular;Bueno;Regular
2025-09-19;15:00;35;37.83;34.71;26.70;Bueno;77.13;Bueno;11;21.17;18.96;37.92;Bueno;108.56;Regular;Bueno;Regular
2025-09-19;16:00;26;37.79;34.71;26.70;Bueno;77.13;Bueno;9;21.12;18.96;37.92;Bueno;108.56;Regular;Bueno;Regular
2025-09-19;17:00;22;37.71;34.71;26.70;Bueno;77.13;Bueno;8;21.04;18.96;37.92;Bueno;108.56;Regular;Bueno;Regular
2025-09-19;18:00;26;37.33;34.71;26.70;Bueno;77.13;Bueno;9;20.71;18.96;37.92;Bueno;108.56;Regular;Bueno;Regular
2025-09-19;19:00;32;37.12;34.71;26.70;Bueno;77.13;Bueno;18;20.62;18.96;37.92;Bueno;108.56;Regular;Bueno;Regular
2025-09-19;20:00;25;36.62;34.71;26.70;Bueno;77.13;Bueno;9;20.38;18.96;37.92;Bueno;108.56;Regular;Bueno;Regular
2025-09-19;21:00;27;36.54;34.71;26.70;Bueno;77.13;Bueno;13;20.29;18.96;37.92;Bueno;108.56;Regular;Bueno;Regular
2025-09-19;22:00;24;36.04;34.71;26.70;Bueno;77.13;Bueno;10;19.88;18.96;37.92;Bueno;108.56;Regular;Bueno;Regular
2025-09-19;23:00;20;34.71;34.71;26.70;Bueno;77.13;Bueno;5;18.96;18.96;37.92;Bueno;108.56;Regular;Bueno;Regular
2025-09-20;00:00;11;33.08;16.54;12.72;Bueno;36.76;Bueno;3;17.83;7.38;14.75;Bueno;49.17;Bueno;Bueno;Bueno
2025-09-20;01:00;10;31.96;16.54;12.72;Bueno;36.76;Bueno;3;16.96;7.38;14.75;Bueno;49.17;Bueno;Bueno;Bueno
2025-09-20;02:00;13;31.33;16.54;12.72;Bueno;36.76;Bueno;3;16.50;7.38;14.75;Bueno;49.17;Bueno;Bueno;Bueno
2025-09-20;03:00;18;30.50;16.54;12.72;Bueno;36.76;Bueno;4;15.58;7.38;14.75;Bueno;49.17;Bueno;Bueno;Bueno
2025-09-20;04:00;13;29.46;16.54;12.72;Bueno;36.76;Bueno;5;14.67;7.38;14.75;Bueno;49.17;Bueno;Bueno;Bueno
2025-09-20;05:00;18;28.96;16.54;12.72;Bueno;36.76;Bueno;5;14.04;7.38;14.75;Bueno;49.17;Bueno;Bueno;Bueno
2025-09-20;06:00;31;28.79;16.54;12.72;Bueno;36.76;Bueno;8;13.33;7.38;14.75;Bueno;49.17;Bueno;Bueno;Bueno
2025-09-20;07:00;30;28.17;16.54;12.72;Bueno;36.76;Bueno;13;12.83;7.38;14.75;Bueno;49.17;Bueno;Bueno;Bueno
2025-09-20;08:00;19;26.88;16.54;12.72;Bueno;36.76;Bueno;10;12.12;7.38;14.75;Bueno;49.17;Bueno;Bueno;Bueno
2025-09-20;09:00;32;26.12;16.54;12.72;Bueno;36.76;Bueno;16;11.46;7.38;14.75;Bueno;49.17;Bueno;Bueno;Bueno
2025-09-20;10:00;18;25.12;16.54;12.72;Bueno;36.76;Bueno;10;10.67;7.38;14.75;Bueno;49.17;Bueno;Bueno;Bueno
2025-09-20;11:00;14;23.88;16.54;12.72;Bueno;36.76;Bueno;9;10.04;7.38;14.75;Bueno;49.17;Bueno;Bueno;Bueno
2025-09-20;12:00;17;23.08;16.54;12.72;Bueno;36.76;Bueno;8;9.46;7.38;14.75;Bueno;49.17;Bueno;Bueno;Bueno
2025-09-20;13:00;19;22.04;16.54;12.72;Bueno;36.76;Bueno;11;9.04;7.38;14.75;Bueno;49.17;Bueno;Bueno;Bueno
2025-09-20;14:00;18;21.58;16.54;12.72;Bueno;36.76;Bueno;9;8.71;7.38;14.75;Bueno;49.17;Bueno;Bueno;Bueno
2025-09-20;15:00;14;20.71;16.54;12.72;Bueno;36.76;Bueno;5;8.46;7.38;14.75;Bueno;49.17;Bueno;Bueno;Bueno
2025-09-20;16:00;16;20.29;16.54;12.72;Bueno;36.76;Bueno;12;8.58;7.38;14.75;Bueno;49.17;Bueno;Bueno;Bueno
2025-09-20;17:00;9;19.75;16.54;12.72;Bueno;36.76;Bueno;7;8.54;7.38;14.75;Bueno;49.17;Bueno;Bueno;Bueno
2025-09-20;18:00;10;19.08;16.54;12.72;Bueno;36.76;Bueno;5;8.38;7.38;14.75;Bueno;49.17;Bueno;Bueno;Bueno
2025-09-20;19:00;18;18.50;16.54;12.72;Bueno;36.76;Bueno;15;8.25;7.38;14.75;Bueno;49.17;Bueno;Bueno;Bueno
2025-09-20;20:00;15;18.08;16.54;12.72;Bueno;36.76;Bueno;4;8.04;7.38;14.75;Bueno;49.17;Bueno;Bueno;Bueno
2025-09-20;21:00;14;17.54;16.54;12.72;Bueno;36.76;Bueno;3;7.62;7.38;14.75;Bueno;49.17;Bueno;Bueno;Bueno
2025-09-20;22:00;15;17.17;16.54;12.72;Bueno;36.76;Bueno;5;7.42;7.38;14.75;Bueno;49.17;Bueno;Bueno;Bueno
2025-09-20;23:00;5;16.54;16.54;12.72;Bueno;36.76;Bueno;4;7.38;7.38;14.75;Bueno;49.17;Bueno;Bueno;Bueno
2025-09-21;00:00;7;16.38;8.58;6.60;Bueno;19.07;Bueno;4;7.42;3.79;7.58;Bueno;25.28;Bueno;Bueno;Bueno
2025-09-21;01:00;10;16.38;8.58;6.60;Bueno;19.07;Bueno;4;7.46;3.79;7.58;Bueno;25.28;Bueno;Bueno;Bueno
2025-09-21;02:00;11;16.29;8.58;6.60;Bueno;19.07;Bueno;4;7.50;3.79;7.58;Bueno;25.28;Bueno;Bueno;Bueno
2025-09-21;03:00;9;15.92;8.58;6.60;Bueno;19.07;Bueno;8;7.67;3.79;7.58;Bueno;25.28;Bueno;Bueno;Bueno
2025-09-21;04:00;4;15.54;8.58;6.60;Bueno;19.07;Bueno;3;7.58;3.79;7.58;Bueno;25.28;Bueno;Bueno;Bueno
2025-09-21;05:00;2;14.88;8.58;6.60;Bueno;19.07;Bueno;1;7.42;3.79;7.58;Bueno;25.28;Bueno;Bueno;Bueno
2025-09-21;06:00;2;13.67;8.58;6.60;Bueno;19.07;Bueno;1;7.12;3.79;7.58;Bueno;25.28;Bueno;Bueno;Bueno
2025-09-21;07:00;5;12.62;8.58;6.60;Bueno;19.07;Bueno;4;6.75;3.79;7.58;Bueno;25.28;Bueno;Bueno;Bueno
2025-09-21;08:00;7;12.12;8.58;6.60;Bueno;19.07;Bueno;6;6.58;3.79;7.58;Bueno;25.28;Bueno;Bueno;Bueno
2025-09-21;09:00;10;11.21;8.58;6.60;Bueno;19.07;Bueno;3;6.04;3.79;7.58;Bueno;25.28;Bueno;Bueno;Bueno
2025-09-21;10:00;6;10.71;8.58;6.60;Bueno;19.07;Bueno;5;5.83;3.79;7.58;Bueno;25.28;Bueno;Bueno;Bueno
2025-09-21;11:00;8;10.46;8.58;6.60;Bueno;19.07;Bueno;7;5.75;3.79;7.58;Bueno;25.28;Bueno;Bueno;Bueno
2025-09-21;12:00;4;9.92;8.58;6.60;Bueno;19.07;Bueno;3;5.54;3.79;7.58;Bueno;25.28;Bueno;Bueno;Bueno
2025-09-21;13:00;3;9.25;8.58;6.60;Bueno;19.07;Bueno;1;5.12;3.79;7.58;Bueno;25.28;Bueno;Bueno;Bueno
2025-09-21;14:00;4;8.67;8.58;6.60;Bueno;19.07;Bueno;1;4.79;3.79;7.58;Bueno;25.28;Bueno;Bueno;Bueno
2025-09-21;15:00;6;8.33;8.58;6.60;Bueno;19.07;Bueno;3;4.71;3.79;7.58;Bueno;25.28;Bueno;Bueno;Bueno
2025-09-21;16:00;7;7.96;8.58;6.60;Bueno;19.07;Bueno;6;4.46;3.79;7.58;Bueno;25.28;Bueno;Bueno;Bueno
2025-09-21;17:00;4;7.75;8.58;6.60;Bueno;19.07;Bueno;4;4.33;3.79;7.58;Bueno;25.28;Bueno;Bueno;Bueno
2025-09-21;18:00;4;7.50;8.58;6.60;Bueno;19.07;Bueno;1;4.17;3.79;7.58;Bueno;25.28;Bueno;Bueno;Bueno
2025-09-21;19:00;8;7.08;8.58;6.60;Bueno;19.07;Bueno;1;3.58;3.79;7.58;Bueno;25.28;Bueno;Bueno;Bueno
2025-09-21;20:00;22;7.38;8.58;6.60;Bueno;19.07;Bueno;4;3.58;3.79;7.58;Bueno;25.28;Bueno;Bueno;Bueno
2025-09-21;21:00;24;7.79;8.58;6.60;Bueno;19.07;Bueno;6;3.71;3.79;7.58;Bueno;25.28;Bueno;Bueno;Bueno
2025-09-21;22:00;18;7.92;8.58;6.60;Bueno;19.07;Bueno;5;3.71;3.79;7.58;Bueno;25.28;Bueno;Bueno;Bueno
2025-09-21;23:00;21;8.58;8.58;6.60;Bueno;19.07;Bueno;6;3.79;3.79;7.58;Bueno;25.28;Bueno;Bueno;Bueno
2025-09-22;00:00;16;8.96;33.12;25.48;Bueno;73.61;Bueno;11;4.08;11.38;22.75;Bueno;75.83;Bueno;Bueno;Bueno
2025-09-22;01:00;14;9.12;33.12;25.48;Bueno;73.61;Bueno;10;4.33;11.38;22.75;Bueno;75.83;Bueno;Bueno;Bueno
2025-09-22;02:00;10;9.08;33.12;25.48;Bueno;73.61;Bueno;6;4.42;11.38;22.75;Bueno;75.83;Bueno;Bueno;Bueno
2025-09-22;03:00;20;9.54;33.12;25.48;Bueno;73.61;Bueno;12;4.58;11.38;22.75;Bueno;75.83;Bueno;Bueno;Bueno
2025-09-22;04:00;24;10.38;33.12;25.48;Bueno;73.61;Bueno;8;4.79;11.38;22.75;Bueno;75.83;Bueno;Bueno;Bueno
2025-09-22;05:00;14;10.88;33.12;25.48;Bueno;73.61;Bueno;9;5.12;11.38;22.75;Bueno;75.83;Bueno;Bueno;Bueno
2025-09-22;06:00;28;11.96;33.12;25.48;Bueno;73.61;Bueno;14;5.67;11.38;22.75;Bueno;75.83;Bueno;Bueno;Bueno
2025-09-22;07:00;63;14.38;33.12;25.48;Bueno;73.61;Bueno;29;6.71;11.38;22.75;Bueno;75.83;Bueno;Bueno;Bueno
2025-09-22;08:00;75;17.21;33.12;25.48;Bueno;73.61;Bueno;27;7.58;11.38;22.75;Bueno;75.83;Bueno;Bueno;Bueno
2025-09-22;09:00;74;19.88;33.12;25.48;Bueno;73.61;Bueno;22;8.38;11.38;22.75;Bueno;75.83;Bueno;Bueno;Bueno
2025-09-22;10:00;36;21.12;33.12;25.48;Bueno;73.61;Bueno;8;8.50;11.38;22.75;Bueno;75.83;Bueno;Bueno;Bueno
2025-09-22;11:00;37;22.33;33.12;25.48;Bueno;73.61;Bueno;8;8.54;11.38;22.75;Bueno;75.83;Bueno;Bueno;Bueno
2025-09-22;12:00;20;23.00;33.12;25.48;Bueno;73.61;Bueno;6;8.67;11.38;22.75;Bueno;75.83;Bueno;Bueno;Bueno
2025-09-22;13:00;19;23.67;33.12;25.48;Bueno;73.61;Bueno;4;8.79;11.38;22.75;Bueno;75.83;Bueno;Bueno;Bueno
2025-09-22;14:00;37;25.04;33.12;25.48;Bueno;73.61;Bueno;14;9.33;11.38;22.75;Bueno;75.83;Bueno;Bueno;Bueno
2025-09-22;15:00;53;27.00;33.12;25.48;Bueno;73.61;Bueno;15;9.83;11.38;22.75;Bueno;75.83;Bueno;Bueno;Bueno
2025-09-22;16:00;29;27.92;33.12;25.48;Bueno;73.61;Bueno;7;9.88;11.38;22.75;Bueno;75.83;Bueno;Bueno;Bueno
2025-09-22;17:00;20;28.58;33.12;25.48;Bueno;73.61;Bueno;5;9.92;11.38;22.75;Bueno;75.83;Bueno;Bueno;Bueno
2025-09-22;18:00;26;29.50;33.12;25.48;Bueno;73.61;Bueno;6;10.12;11.38;22.75;Bueno;75.83;Bueno;Bueno;Bueno
2025-09-22;19:00;34;30.58;33.12;25.48;Bueno;73.61;Bueno;14;10.67;11.38;22.75;Bueno;75.83;Bueno;Bueno;Bueno
2025-09-22;20:00;20;30.50;33.12;25.48;Bueno;73.61;Bueno;9;10.88;11.38;22.75;Bueno;75.83;Bueno;Bueno;Bueno
2025-09-22;21:00;27;30.62;33.12;25.48;Bueno;73.61;Bueno;4;10.79;11.38;22.75;Bueno;75.83;Bueno;Bueno;Bueno
2025-09-22;22:00;49;31.92;33.12;25.48;Bueno;73.61;Bueno;10;11.00;11.38;22.75;Bueno;75.83;Bueno;Bueno;Bueno
2025-09-22;23:00;50;33.12;33.12;25.48;Bueno;73.61;Bueno;15;11.38;11.38;22.75;Bueno;75.83;Bueno;Bueno;Bueno
2025-09-23;00:00;52;34.62;55.75;42.88;Bueno;117.63;Regular;20;11.75;18.58;37.17;Bueno;107.75;Regular;Bueno;Regular
2025-09-23;01:00;48;36.04;55.75;42.88;Bueno;117.63;Regular;22;12.25;18.58;37.17;Bueno;107.75;Regular;Bueno;Regular
2025-09-23;02:00;47;37.58;55.75;42.88;Bueno;117.63;Regular;19;12.79;18.58;37.17;Bueno;107.75;Regular;Bueno;Regular
2025-09-23;03:00;51;38.88;55.75;42.88;Bueno;117.63;Regular;20;13.12;18.58;37.17;Bueno;107.75;Regular;Bueno;Regular
2025-09-23;04:00;51;40.00;55.75;42.88;Bueno;117.63;Regular;19;13.58;18.58;37.17;Bueno;107.75;Regular;Bueno;Regular
2025-09-23;05:00;51;41.54;55.75;42.88;Bueno;117.63;Regular;23;14.17;18.58;37.17;Bueno;107.75;Regular;Bueno;Regular
2025-09-23;06:00;106;44.79;55.75;42.88;Bueno;117.63;Regular;31;14.88;18.58;37.17;Bueno;107.75;Regular;Bueno;Regular
2025-09-23;07:00;131;47.62;55.75;42.88;Bueno;117.63;Regular;33;15.04;18.58;37.17;Bueno;107.75;Regular;Bueno;Regular
2025-09-23;08:00;130;49.92;55.75;42.88;Bueno;117.63;Regular;38;15.50;18.58;37.17;Bueno;107.75;Regular;Bueno;Regular
2025-09-23;09:00;83;50.29;55.75;42.88;Bueno;117.63;Regular;31;15.88;18.58;37.17;Bueno;107.75;Regular;Bueno;Regular
2025-09-23;10:00;68;51.62;55.75;42.88;Bueno;117.63;Regular;29;16.75;18.58;37.17;Bueno;107.75;Regular;Bueno;Regular
2025-09-23;11:00;45;51.96;55.75;42.88;Bueno;117.63;Regular;16;17.08;18.58;37.17;Bueno;107.75;Regular;Bueno;Regular
2025-09-23;12:00;59;53.58;55.75;42.88;Bueno;117.63;Regular;20;17.67;18.58;37.17;Bueno;107.75;Regular;Bueno;Regular
2025-09-23;13:00;54;55.04;55.75;42.88;Bueno;117.63;Regular;20;18.33;18.58;37.17;Bueno;107.75;Regular;Bueno;Regular
2025-09-23;14:00;49;55.54;55.75;42.88;Bueno;117.63;Regular;14;18.33;18.58;37.17;Bueno;107.75;Regular;Bueno;Regular
2025-09-23;15:00;40;55.00;55.75;42.88;Bueno;117.63;Regular;9;18.08;18.58;37.17;Bueno;107.75;Regular;Bueno;Regular
2025-09-23;16:00;35;55.25;55.75;42.88;Bueno;117.63;Regular;7;18.08;18.58;37.17;Bueno;107.75;Regular;Bueno;Regular
2025-09-23;17:00;25;55.46;55.75;42.88;Bueno;117.63;Regular;7;18.17;18.58;37.17;Bueno;107.75;Regular;Bueno;Regular
2025-09-23;18:00;19;55.17;55.75;42.88;Bueno;117.63;Regular;7;18.21;18.58;37.17;Bueno;107.75;Regular;Bueno;Regular
2025-09-23;19:00;28;54.92;55.75;42.88;Bueno;117.63;Regular;7;17.92;18.58;37.17;Bueno;107.75;Regular;Bueno;Regular
2025-09-23;20:00;25;55.12;55.75;42.88;Bueno;117.63;Regular;14;18.12;18.58;37.17;Bueno;107.75;Regular;Bueno;Regular
2025-09-23;21:00;34;55.42;55.75;42.88;Bueno;117.63;Regular;12;18.46;18.58;37.17;Bueno;107.75;Regular;Bueno;Regular
2025-09-23;22:00;55;55.67;55.75;42.88;Bueno;117.63;Regular;12;18.54;18.58;37.17;Bueno;107.75;Regular;Bueno;Regular
2025-09-23;23:00;52;55.75;55.75;42.88;Bueno;117.63;Regular;16;18.58;18.58;37.17;Bueno;107.75;Regular;Bueno;Regular
2025-09-24;00:00;60;56.08;52.83;40.64;Bueno;112.84;Regular;21;18.62;17.00;34.00;Bueno;104.32;Regular;Bueno;Regular
2025-09-24;01:00;59;56.54;52.83;40.64;Bueno;112.84;Regular;19;18.50;17.00;34.00;Bueno;104.32;Regular;Bueno;Regular
2025-09-24;02:00;45;56.46;52.83;40.64;Bueno;112.84;Regular;18;18.46;17.00;34.00;Bueno;104.32;Regular;Bueno;Regular
2025-09-24;03:00;41;56.04;52.83;40.64;Bueno;112.84;Regular;19;18.42;17.00;34.00;Bueno;104.32;Regular;Bueno;Regular
2025-09-24;04:00;43;55.71;52.83;40.64;Bueno;112.84;Regular;19;18.42;17.00;34.00;Bueno;104.32;Regular;Bueno;Regular
2025-09-24;05:00;62;56.17;52.83;40.64;Bueno;112.84;Regular;21;18.33;17.00;34.00;Bueno;104.32;Regular;Bueno;Regular
2025-09-24;06:00;69;54.62;52.83;40.64;Bueno;112.84;Regular;25;18.08;17.00;34.00;Bueno;104.32;Regular;Bueno;Regular
2025-09-24;07:00;102;53.42;52.83;40.64;Bueno;112.84;Regular;34;18.12;17.00;34.00;Bueno;104.32;Regular;Bueno;Regular
2025-09-24;08:00;129;53.38;52.83;40.64;Bueno;112.84;Regular;37;18.08;17.00;34.00;Bueno;104.32;Regular;Bueno;Regular
2025-09-24;09:00;78;53.17;52.83;40.64;Bueno;112.84;Regular;29;18.00;17.00;34.00;Bueno;104.32;Regular;Bueno;Regular
2025-09-24;10:00;66;53.08;52.83;40.64;Bueno;112.84;Regular;24;17.79;17.00;34.00;Bueno;104.32;Regular;Bueno;Regular
2025-09-24;11:00;84;54.71;52.83;40.64;Bueno;112.84;Regular;27;18.25;17.00;34.00;Bueno;104.32;Regular;Bueno;Regular
2025-09-24;12:00;74;55.33;52.83;40.64;Bueno;112.84;Regular;20;18.25;17.00;34.00;Bueno;104.32;Regular;Bueno;Regular
2025-09-24;13:00;38;54.67;52.83;40.64;Bueno;112.84;Regular;9;17.79;17.00;34.00;Bueno;104.32;Regular;Bueno;Regular
2025-09-24;14:00;34;54.04;52.83;40.64;Bueno;112.84;Regular;8;17.54;17.00;34.00;Bueno;104.32;Regular;Bueno;Regular
2025-09-24;15:00;33;53.75;52.83;40.64;Bueno;112.84;Regular;9;17.54;17.00;34.00;Bueno;104.32;Regular;Bueno;Regular
2025-09-24;16:00;25;53.33;52.83;40.64;Bueno;112.84;Regular;5;17.46;17.00;34.00;Bueno;104.32;Regular;Bueno;Regular
2025-09-24;17:00;20;53.12;52.83;40.64;Bueno;112.84;Regular;1;17.21;17.00;34.00;Bueno;104.32;Regular;Bueno;Regular
2025-09-24;18:00;23;53.29;52.83;40.64;Bueno;112.84;Regular;4;17.08;17.00;34.00;Bueno;104.32;Regular;Bueno;Regular
2025-09-24;19:00;39;53.75;52.83;40.64;Bueno;112.84;Regular;11;17.25;17.00;34.00;Bueno;104.32;Regular;Bueno;Regular
2025-09-24;20:00;32;54.04;52.83;40.64;Bueno;112.84;Regular;10;17.08;17.00;34.00;Bueno;104.32;Regular;Bueno;Regular
2025-09-24;21:00;40;54.29;52.83;40.64;Bueno;112.84;Regular;13;17.12;17.00;34.00;Bueno;104.32;Regular;Bueno;Regular
2025-09-24;22:00;34;53.42;52.83;40.64;Bueno;112.84;Regular;13;17.17;17.00;34.00;Bueno;104.32;Regular;Bueno;Regular
2025-09-24;23:00;38;52.83;52.83;40.64;Bueno;112.84;Regular;12;17.00;17.00;34.00;Bueno;104.32;Regular;Bueno;Regular
2025-09-25;00:00;38;51.92;58.62;45.10;Bueno;122.36;Regular;16;16.79;17.42;34.83;Bueno;105.22;Regular;Bueno;Regular
2025-09-25;01:00;35;50.92;58.62;45.10;Bueno;122.36;Regular;19;16.79;17.42;34.83;Bueno;105.22;Regular;Bueno;Regular
2025-09-25;02:00;37;50.58;58.62;45.10;Bueno;122.36;Regular;13;16.58;17.42;34.83;Bueno;105.22;Regular;Bueno;Regular
2025-09-25;03:00;46;50.79;58.62;45.10;Bueno;122.36;Regular;19;16.58;17.42;34.83;Bueno;105.22;Regular;Bueno;Regular
2025-09-25;04:00;37;50.54;58.62;45.10;Bueno;122.36;Regular;16;16.46;17.42;34.83;Bueno;105.22;Regular;Bueno;Regular
2025-09-25;05:00;56;50.29;58.62;45.10;Bueno;122.36;Regular;22;16.50;17.42;34.83;Bueno;105.22;Regular;Bueno;Regular
2025-09-25;06:00;96;51.42;58.62;45.10;Bueno;122.36;Regular;27;16.58;17.42;34.83;Bueno;105.22;Regular;Bueno;Regular
2025-09-25;07:00;111;51.79;58.62;45.10;Bueno;122.36;Regular;32;16.50;17.42;34.83;Bueno;105.22;Regular;Bueno;Regular
2025-09-25;08:00;146;52.50;58.62;45.10;Bueno;122.36;Regular;42;16.71;17.42;34.83;Bueno;105.22;Regular;Bueno;Regular
2025-09-25;09:00;147;55.38;58.62;45.10;Bueno;122.36;Regular;42;17.25;17.42;34.83;Bueno;105.22;Regular;Bueno;Regular
2025-09-25;10:00;112;57.29;58.62;45.10;Bueno;122.36;Regular;37;17.79;17.42;34.83;Bueno;105.22;Regular;Bueno;Regular
2025-09-25;11:00;67;56.58;58.62;45.10;Bueno;122.36;Regular;20;17.50;17.42;34.83;Bueno;105.22;Regular;Bueno;Regular
2025-09-25;12:00;58;55.92;58.62;45.10;Bueno;122.36;Regular;16;17.33;17.42;34.83;Bueno;105.22;Regular;Bueno;Regular
2025-09-25;13:00;53;56.54;58.62;45.10;Bueno;122.36;Regular;9;17.33;17.42;34.83;Bueno;105.22;Regular;Bueno;Regular
2025-09-25;14:00;50;57.21;58.62;45.10;Bueno;122.36;Regular;7;17.29;17.42;34.83;Bueno;105.22;Regular;Bueno;Regular
2025-09-25;15:00;54;58.08;58.62;45.10;Bueno;122.36;Regular;7;17.21;17.42;34.83;Bueno;105.22;Regular;Bueno;Regular
2025-09-25;16:00;46;58.96;58.62;45.10;Bueno;122.36;Regular;12;17.50;17.42;34.83;Bueno;105.22;Regular;Bueno;Regular
2025-09-25;17:00;48;60.12;58.62;45.10;Bueno;122.36;Regular;12;17.96;17.42;34.83;Bueno;105.22;Regular;Bueno;Regular
2025-09-25;18:00;45;61.04;58.62;45.10;Bueno;122.36;Regular;11;18.25;17.42;34.83;Bueno;105.22;Regular;Bueno;Regular
2025-09-25;19:00;34;60.83;58.62;45.10;Bueno;122.36;Regular;8;18.12;17.42;34.83;Bueno;105.22;Regular;Bueno;Regular
2025-09-25;20:00;25;60.54;58.62;45.10;Bueno;122.36;Regular;7;18.00;17.42;34.83;Bueno;105.22;Regular;Bueno;Regular
2025-09-25;21:00;23;59.83;58.62;45.10;Bueno;122.36;Regular;7;17.75;17.42;34.83;Bueno;105.22;Regular;Bueno;Regular
2025-09-25;22:00;21;59.29;58.62;45.10;Bueno;122.36;Regular;7;17.50;17.42;34.83;Bueno;105.22;Regular;Bueno;Regular
2025-09-25;23:00;22;58.62;58.62;45.10;Bueno;122.36;Regular;10;17.42;17.42;34.83;Bueno;105.22;Regular;Bueno;Regular
2025-09-26;00:00;19;57.83;27.29;20.99;Bueno;60.65;Bueno;10;17.17;9.18;18.36;Bueno;61.21;Bueno;Bueno;Bueno
2025-09-26;01:00;19;57.17;27.29;20.99;Bueno;60.65;Bueno;9;16.75;9.18;18.36;Bueno;61.21;Bueno;Bueno;Bueno
2025-09-26;02:00;13;56.17;27.29;20.99;Bueno;60.65;Bueno;7;16.50;9.18;18.36;Bueno;61.21;Bueno;Bueno;Bueno
2025-09-26;03:00;12;54.75;27.29;20.99;Bueno;60.65;Bueno;7;16.00;9.18;18.36;Bueno;61.21;Bueno;Bueno;Bueno
2025-09-26;04:00;14;53.79;27.29;20.99;Bueno;60.65;Bueno;6;15.58;9.18;18.36;Bueno;61.21;Bueno;Bueno;Bueno
2025-09-26;05:00;22;52.38;27.29;20.99;Bueno;60.65;Bueno;7;14.96;9.18;18.36;Bueno;61.21;Bueno;Bueno;Bueno
2025-09-26;06:00;23;49.33;27.29;20.99;Bueno;60.65;Bueno;12;14.33;9.18;18.36;Bueno;61.21;Bueno;Bueno;Bueno
2025-09-26;07:00;27;45.83;27.29;20.99;Bueno;60.65;Bueno;10;13.42;9.18;18.36;Bueno;61.21;Bueno;Bueno;Bueno
2025-09-26;08:00;45;41.62;27.29;20.99;Bueno;60.65;Bueno;11;12.12;9.18;18.36;Bueno;61.21;Bueno;Bueno;Bueno
2025-09-26;09:00;78;38.75;27.29;20.99;Bueno;60.65;Bueno;22;11.29;9.18;18.36;Bueno;61.21;Bueno;Bueno;Bueno
2025-09-26;10:00;64;36.75;27.29;20.99;Bueno;60.65;Bueno;18;10.50;9.18;18.36;Bueno;61.21;Bueno;Bueno;Bueno
2025-09-26;11:00;134;39.54;27.29;20.99;Bueno;60.65;Bueno;;10.09;9.18;18.36;Bueno;61.21;Bueno;Bueno;Bueno
2025-09-26;12:00;27;38.25;27.29;20.99;Bueno;60.65;Bueno;;9.82;9.18;18.36;Bueno;61.21;Bueno;Bueno;Bueno
2025-09-26;13:00;4;36.21;27.29;20.99;Bueno;60.65;Bueno;3;9.55;9.18;18.36;Bueno;61.21;Bueno;Bueno;Bueno
2025-09-26;14:00;4;34.29;27.29;20.99;Bueno;60.65;Bueno;3;9.36;9.18;18.36;Bueno;61.21;Bueno;Bueno;Bueno
2025-09-26;15:00;2;32.12;27.29;20.99;Bueno;60.65;Bueno;1;9.09;9.18;18.36;Bueno;61.21;Bueno;Bueno;Bueno
2025-09-26;16:00;4;30.38;27.29;20.99;Bueno;60.65;Bueno;2;8.64;9.18;18.36;Bueno;61.21;Bueno;Bueno;Bueno
2025-09-26;17:00;5;28.58;27.29;20.99;Bueno;60.65;Bueno;2;8.18;9.18;18.36;Bueno;61.21;Bueno;Bueno;Bueno
2025-09-26;18:00;8;27.04;27.29;20.99;Bueno;60.65;Bueno;1;7.73;9.18;18.36;Bueno;61.21;Bueno;Bueno;Bueno
2025-09-26;19:00;15;26.25;27.29;20.99;Bueno;60.65;Bueno;2;7.45;9.18;18.36;Bueno;61.21;Bueno;Bueno;Bueno
2025-09-26;20:00;38;26.79;27.29;20.99;Bueno;60.65;Bueno;14;7.77;9.18;18.36;Bueno;61.21;Bueno;Bueno;Bueno
2025-09-26;21:00;26;26.92;27.29;20.99;Bueno;60.65;Bueno;23;8.50;9.18;18.36;Bueno;61.21;Bueno;Bueno;Bueno
2025-09-26;22:00;24;27.04;27.29;20.99;Bueno;60.65;Bueno;16;8.91;9.18;18.36;Bueno;61.21;Bueno;Bueno;Bueno
2025-09-26;23:00;28;27.29;27.29;20.99;Bueno;60.65;Bueno;16;9.18;9.18;18.36;Bueno;61.21;Bueno;Bueno;Bueno
2025-09-27;00:00;26;27.58;39.17;30.13;Bueno;87.04;Bueno;17;9.50;18.00;36.00;Bueno;106.49;Regular;Bueno;Regular
2025-09-27;01:00;34;28.21;39.17;30.13;Bueno;87.04;Bueno;19;9.95;18.00;36.00;Bueno;106.49;Regular;Bueno;Regular
2025-09-27;02:00;31;28.96;39.17;30.13;Bueno;87.04;Bueno;31;11.05;18.00;36.00;Bueno;106.49;Regular;Bueno;Regular
2025-09-27;03:00;38;30.04;39.17;30.13;Bueno;87.04;Bueno;24;11.82;18.00;36.00;Bueno;106.49;Regular;Bueno;Regular
2025-09-27;04:00;32;30.79;39.17;30.13;Bueno;87.04;Bueno;18;12.36;18.00;36.00;Bueno;106.49;Regular;Bueno;Regular
2025-09-27;05:00;31;31.17;39.17;30.13;Bueno;87.04;Bueno;13;12.64;18.00;36.00;Bueno;106.49;Regular;Bueno;Regular
2025-09-27;06:00;46;32.12;39.17;30.13;Bueno;87.04;Bueno;14;12.73;18.00;36.00;Bueno;106.49;Regular;Bueno;Regular
2025-09-27;07:00;54;33.25;39.17;30.13;Bueno;87.04;Bueno;20;13.18;18.00;36.00;Bueno;106.49;Regular;Bueno;Regular
2025-09-27;08:00;57;33.75;39.17;30.13;Bueno;87.04;Bueno;29;14.00;18.00;36.00;Bueno;106.49;Regular;Bueno;Regular
2025-09-27;09:00;43;32.29;39.17;30.13;Bueno;87.04;Bueno;26;14.18;18.00;36.00;Bueno;106.49;Regular;Bueno;Regular
2025-09-27;10:00;40;31.29;39.17;30.13;Bueno;87.04;Bueno;19;14.23;18.00;36.00;Bueno;106.49;Regular;Bueno;Regular
2025-09-27;11:00;22;26.62;39.17;30.13;Bueno;87.04;Bueno;12;14.13;18.00;36.00;Bueno;106.49;Regular;Bueno;Regular
2025-09-27;12:00;27;26.62;39.17;30.13;Bueno;87.04;Bueno;10;13.96;18.00;36.00;Bueno;106.49;Regular;Bueno;Regular
2025-09-27;13:00;27;27.58;39.17;30.13;Bueno;87.04;Bueno;8;14.17;18.00;36.00;Bueno;106.49;Regular;Bueno;Regular
2025-09-27;14:00;38;29.00;39.17;30.13;Bueno;87.04;Bueno;20;14.88;18.00;36.00;Bueno;106.49;Regular;Bueno;Regular
2025-09-27;15:00;27;30.04;39.17;30.13;Bueno;87.04;Bueno;12;15.33;18.00;36.00;Bueno;106.49;Regular;Bueno;Regular
2025-09-27;16:00;21;30.75;39.17;30.13;Bueno;87.04;Bueno;9;15.62;18.00;36.00;Bueno;106.49;Regular;Bueno;Regular
2025-09-27;17:00;22;31.46;39.17;30.13;Bueno;87.04;Bueno;7;15.83;18.00;36.00;Bueno;106.49;Regular;Bueno;Regular
2025-09-27;18:00;25;32.17;39.17;30.13;Bueno;87.04;Bueno;9;16.17;18.00;36.00;Bueno;106.49;Regular;Bueno;Regular
2025-09-27;19:00;38;33.12;39.17;30.13;Bueno;87.04;Bueno;13;16.62;18.00;36.00;Bueno;106.49;Regular;Bueno;Regular
2025-09-27;20:00;42;33.29;39.17;30.13;Bueno;87.04;Bueno;15;16.67;18.00;36.00;Bueno;106.49;Regular;Bueno;Regular
2025-09-27;21:00;99;36.33;39.17;30.13;Bueno;87.04;Bueno;33;17.08;18.00;36.00;Bueno;106.49;Regular;Bueno;Regular
2025-09-27;22:00;66;38.08;39.17;30.13;Bueno;87.04;Bueno;27;17.54;18.00;36.00;Bueno;106.49;Regular;Bueno;Regular
2025-09-27;23:00;54;39.17;39.17;30.13;Bueno;87.04;Bueno;27;18.00;18.00;36.00;Bueno;106.49;Regular;Bueno;Regular
2025-09-28;00:00;54;40.33;37.67;28.97;Bueno;83.70;Bueno;31;18.58;18.21;36.42;Bueno;106.94;Regular;Bueno;Regular
2025-09-28;01:00;63;41.54;37.67;28.97;Bueno;83.70;Bueno;35;19.25;18.21;36.42;Bueno;106.94;Regular;Bueno;Regular
2025-09-28;02:00;69;43.12;37.67;28.97;Bueno;83.70;Bueno;39;19.58;18.21;36.42;Bueno;106.94;Regular;Bueno;Regular
2025-09-28;03:00;56;43.88;37.67;28.97;Bueno;83.70;Bueno;29;19.79;18.21;36.42;Bueno;106.94;Regular;Bueno;Regular
2025-09-28;04:00;40;44.21;37.67;28.97;Bueno;83.70;Bueno;22;19.96;18.21;36.42;Bueno;106.94;Regular;Bueno;Regular
2025-09-28;05:00;48;44.92;37.67;28.97;Bueno;83.70;Bueno;25;20.46;18.21;36.42;Bueno;106.94;Regular;Bueno;Regular
2025-09-28;06:00;42;44.75;37.67;28.97;Bueno;83.70;Bueno;23;20.83;18.21;36.42;Bueno;106.94;Regular;Bueno;Regular
2025-09-28;07:00;42;44.25;37.67;28.97;Bueno;83.70;Bueno;25;21.04;18.21;36.42;Bueno;106.94;Regular;Bueno;Regular
2025-09-28;08:00;55;44.17;37.67;28.97;Bueno;83.70;Bueno;27;20.96;18.21;36.42;Bueno;106.94;Regular;Bueno;Regular
2025-09-28;09:00;54;44.62;37.67;28.97;Bueno;83.70;Bueno;31;21.17;18.21;36.42;Bueno;106.94;Regular;Bueno;Regular
2025-09-28;10:00;40;44.62;37.67;28.97;Bueno;83.70;Bueno;21;21.25;18.21;36.42;Bueno;106.94;Regular;Bueno;Regular
2025-09-28;11:00;39;45.33;37.67;28.97;Bueno;83.70;Bueno;16;21.42;18.21;36.42;Bueno;106.94;Regular;Bueno;Regular
2025-09-28;12:00;39;45.83;37.67;28.97;Bueno;83.70;Bueno;19;21.79;18.21;36.42;Bueno;106.94;Regular;Bueno;Regular
2025-09-28;13:00;31;46.00;37.67;28.97;Bueno;83.70;Bueno;12;21.96;18.21;36.42;Bueno;106.94;Regular;Bueno;Regular
2025-09-28;14:00;12;44.92;37.67;28.97;Bueno;83.70;Bueno;10;21.54;18.21;36.42;Bueno;106.94;Regular;Bueno;Regular
2025-09-28;15:00;25;44.83;37.67;28.97;Bueno;83.70;Bueno;10;21.46;18.21;36.42;Bueno;106.94;Regular;Bueno;Regular
2025-09-28;16:00;23;44.92;37.67;28.97;Bueno;83.70;Bueno;9;21.46;18.21;36.42;Bueno;106.94;Regular;Bueno;Regular
2025-09-28;17:00;15;44.62;37.67;28.97;Bueno;83.70;Bueno;6;21.42;18.21;36.42;Bueno;106.94;Regular;Bueno;Regular
2025-09-28;18:00;24;44.58;37.67;28.97;Bueno;83.70;Bueno;7;21.33;18.21;36.42;Bueno;106.94;Regular;Bueno;Regular
2025-09-28;19:00;26;44.08;37.67;28.97;Bueno;83.70;Bueno;14;21.38;18.21;36.42;Bueno;106.94;Regular;Bueno;Regular
2025-09-28;20:00;34;43.75;37.67;28.97;Bueno;83.70;Bueno;9;21.12;18.21;36.42;Bueno;106.94;Regular;Bueno;Regular
2025-09-28;21:00;30;40.88;37.67;28.97;Bueno;83.70;Bueno;6;20.00;18.21;36.42;Bueno;106.94;Regular;Bueno;Regular
2025-09-28;22:00;23;39.08;37.67;28.97;Bueno;83.70;Bueno;7;19.17;18.21;36.42;Bueno;106.94;Regular;Bueno;Regular
2025-09-28;23:00;20;37.67;37.67;28.97;Bueno;83.70;Bueno;4;18.21;18.21;36.42;Bueno;106.94;Regular;Bueno;Regular
2025-09-29;00:00;18;36.17;30.83;23.72;Bueno;68.52;Bueno;4;17.08;7.54;15.08;Bueno;50.28;Bueno;Bueno;Bueno
2025-09-29;01:00;16;34.21;30.83;23.72;Bueno;68.52;Bueno;5;15.83;7.54;15.08;Bueno;50.28;Bueno;Bueno;Bueno
2025-09-29;02:00;18;32.08;30.83;23.72;Bueno;68.52;Bueno;5;14.42;7.54;15.08;Bueno;50.28;Bueno;Bueno;Bueno
2025-09-29;03:00;16;30.42;30.83;23.72;Bueno;68.52;Bueno;4;13.38;7.54;15.08;Bueno;50.28;Bueno;Bueno;Bueno
2025-09-29;04:00;17;29.46;30.83;23.72;Bueno;68.52;Bueno;3;12.58;7.54;15.08;Bueno;50.28;Bueno;Bueno;Bueno
2025-09-29;05:00;24;28.46;30.83;23.72;Bueno;68.52;Bueno;4;11.71;7.54;15.08;Bueno;50.28;Bueno;Bueno;Bueno
2025-09-29;06:00;32;28.04;30.83;23.72;Bueno;68.52;Bueno;6;11.00;7.54;15.08;Bueno;50.28;Bueno;Bueno;Bueno
2025-09-29;07:00;72;29.29;30.83;23.72;Bueno;68.52;Bueno;16;10.62;7.54;15.08;Bueno;50.28;Bueno;Bueno;Bueno
2025-09-29;08:00;74;30.08;30.83;23.72;Bueno;68.52;Bueno;15;10.12;7.54;15.08;Bueno;50.28;Bueno;Bueno;Bueno
2025-09-29;09:00;53;30.04;30.83;23.72;Bueno;68.52;Bueno;14;9.42;7.54;15.08;Bueno;50.28;Bueno;Bueno;Bueno
2025-09-29;10:00;42;30.12;30.83;23.72;Bueno;68.52;Bueno;17;9.25;7.54;15.08;Bueno;50.28;Bueno;Bueno;Bueno
2025-09-29;11:00;38;30.08;30.83;23.72;Bueno;68.52;Bueno;12;9.08;7.54;15.08;Bueno;50.28;Bueno;Bueno;Bueno
2025-09-29;12:00;40;30.12;30.83;23.72;Bueno;68.52;Bueno;12;8.79;7.54;15.08;Bueno;50.28;Bueno;Bueno;Bueno
2025-09-29;13:00;26;29.92;30.83;23.72;Bueno;68.52;Bueno;7;8.58;7.54;15.08;Bueno;50.28;Bueno;Bueno;Bueno
2025-09-29;14:00;38;31.00;30.83;23.72;Bueno;68.52;Bueno;5;8.38;7.54;15.08;Bueno;50.28;Bueno;Bueno;Bueno
2025-09-29;15:00;35;31.42;30.83;23.72;Bueno;68.52;Bueno;8;8.29;7.54;15.08;Bueno;50.28;Bueno;Bueno;Bueno
2025-09-29;16:00;26;31.54;30.83;23.72;Bueno;68.52;Bueno;7;8.21;7.54;15.08;Bueno;50.28;Bueno;Bueno;Bueno
2025-09-29;17:00;17;31.62;30.83;23.72;Bueno;68.52;Bueno;4;8.12;7.54;15.08;Bueno;50.28;Bueno;Bueno;Bueno
2025-09-29;18:00;20;31.46;30.83;23.72;Bueno;68.52;Bueno;3;7.96;7.54;15.08;Bueno;50.28;Bueno;Bueno;Bueno
2025-09-29;19:00;30;31.62;30.83;23.72;Bueno;68.52;Bueno;5;7.58;7.54;15.08;Bueno;50.28;Bueno;Bueno;Bueno
2025-09-29;20:00;22;31.12;30.83;23.72;Bueno;68.52;Bueno;5;7.42;7.54;15.08;Bueno;50.28;Bueno;Bueno;Bueno
2025-09-29;21:00;25;30.92;30.83;23.72;Bueno;68.52;Bueno;8;7.50;7.54;15.08;Bueno;50.28;Bueno;Bueno;Bueno
2025-09-29;22:00;16;30.62;30.83;23.72;Bueno;68.52;Bueno;7;7.50;7.54;15.08;Bueno;50.28;Bueno;Bueno;Bueno
2025-09-29;23:00;25;30.83;30.83;23.72;Bueno;68.52;Bueno;5;7.54;7.54;15.08;Bueno;50.28;Bueno;Bueno;Bueno
2025-09-30;00:00;17;30.79;44.62;34.33;Bueno;99.17;Bueno;5;7.58;12.08;24.17;Bueno;80.56;Bueno;Bueno;Bueno
2025-09-30;01:00;22;31.04;44.62;34.33;Bueno;99.17;Bueno;10;7.79;12.08;24.17;Bueno;80.56;Bueno;Bueno;Bueno
2025-09-30;02:00;21;31.17;44.62;34.33;Bueno;99.17;Bueno;8;7.92;12.08;24.17;Bueno;80.56;Bueno;Bueno;Bueno
2025-09-30;03:00;19;31.29;44.62;34.33;Bueno;99.17;Bueno;7;8.04;12.08;24.17;Bueno;80.56;Bueno;Bueno;Bueno
2025-09-30;04:00;21;31.46;44.62;34.33;Bueno;99.17;Bueno;9;8.29;12.08;24.17;Bueno;80.56;Bueno;Bueno;Bueno
2025-09-30;05:00;25;31.50;44.62;34.33;Bueno;99.17;Bueno;7;8.42;12.08;24.17;Bueno;80.56;Bueno;Bueno;Bueno
2025-09-30;06:00;45;32.04;44.62;34.33;Bueno;99.17;Bueno;10;8.58;12.08;24.17;Bueno;80.56;Bueno;Bueno;Bueno
2025-09-30;07:00;110;33.62;44.62;34.33;Bueno;99.17;Bueno;23;8.88;12.08;24.17;Bueno;80.56;Bueno;Bueno;Bueno
2025-09-30;08:00;77;33.75;44.62;34.33;Bueno;99.17;Bueno;27;9.38;12.08;24.17;Bueno;80.56;Bueno;Bueno;Bueno
2025-09-30;09:00;91;35.33;44.62;34.33;Bueno;99.17;Bueno;28;9.96;12.08;24.17;Bueno;80.56;Bueno;Bueno;Bueno
2025-09-30;10:00;73;36.62;44.62;34.33;Bueno;99.17;Bueno;22;10.17;12.08;24.17;Bueno;80.56;Bueno;Bueno;Bueno
2025-09-30;11:00;51;37.17;44.62;34.33;Bueno;99.17;Bueno;16;10.33;12.08;24.17;Bueno;80.56;Bueno;Bueno;Bueno
2025-09-30;12:00;48;37.50;44.62;34.33;Bueno;99.17;Bueno;14;10.42;12.08;24.17;Bueno;80.56;Bueno;Bueno;Bueno
2025-09-30;13:00;59;38.88;44.62;34.33;Bueno;99.17;Bueno;15;10.75;12.08;24.17;Bueno;80.56;Bueno;Bueno;Bueno
2025-09-30;14:00;39;38.92;44.62;34.33;Bueno;99.17;Bueno;8;10.88;12.08;24.17;Bueno;80.56;Bueno;Bueno;Bueno
2025-09-30;15:00;32;38.79;44.62;34.33;Bueno;99.17;Bueno;5;10.75;12.08;24.17;Bueno;80.56;Bueno;Bueno;Bueno
2025-09-30;16:00;35;39.17;44.62;34.33;Bueno;99.17;Bueno;5;10.67;12.08;24.17;Bueno;80.56;Bueno;Bueno;Bueno
2025-09-30;17:00;36;39.96;44.62;34.33;Bueno;99.17;Bueno;5;10.71;12.08;24.17;Bueno;80.56;Bueno;Bueno;Bueno
2025-09-30;18:00;32;40.46;44.62;34.33;Bueno;99.17;Bueno;6;10.83;12.08;24.17;Bueno;80.56;Bueno;Bueno;Bueno
2025-09-30;19:00;39;40.83;44.62;34.33;Bueno;99.17;Bueno;14;11.21;12.08;24.17;Bueno;80.56;Bueno;Bueno;Bueno
2025-09-30;20:00;45;41.79;44.62;34.33;Bueno;99.17;Bueno;10;11.42;12.08;24.17;Bueno;80.56;Bueno;Bueno;Bueno
2025-09-30;21:00;35;42.21;44.62;34.33;Bueno;99.17;Bueno;7;11.38;12.08;24.17;Bueno;80.56;Bueno;Bueno;Bueno
2025-09-30;22:00;45;43.42;44.62;34.33;Bueno;99.17;Bueno;13;11.62;12.08;24.17;Bueno;80.56;Bueno;Bueno;Bueno
2025-09-30;23:00;54;44.62;44.62;34.33;Bueno;99.17;Bueno;16;12.08;12.08;24.17;Bueno;80.56;Bueno;Bueno;Bueno
2025-10-01;00:00;47;45.88;60.50;46.54;Bueno;125.45;Regular;15;12.50;17.12;34.25;Bueno;104.59;Regular;Bueno;Regular
2025-10-01;01:00;52;47.12;60.50;46.54;Bueno;125.45;Regular;18;12.83;17.12;34.25;Bueno;104.59;Regular;Bueno;Regular
2025-10-01;02:00;42;48.00;60.50;46.54;Bueno;125.45;Regular;17;13.21;17.12;34.25;Bueno;104.59;Regular;Bueno;Regular
2025-10-01;03:00;44;49.04;60.50;46.54;Bueno;125.45;Regular;17;13.62;17.12;34.25;Bueno;104.59;Regular;Bueno;Regular
2025-10-01;04:00;52;50.33;60.50;46.54;Bueno;125.45;Regular;20;14.08;17.12;34.25;Bueno;104.59;Regular;Bueno;Regular
2025-10-01;05:00;49;51.33;60.50;46.54;Bueno;125.45;Regular;18;14.54;17.12;34.25;Bueno;104.59;Regular;Bueno;Regular
2025-10-01;06:00;85;53.00;60.50;46.54;Bueno;125.45;Regular;18;14.88;17.12;34.25;Bueno;104.59;Regular;Bueno;Regular
2025-10-01;07:00;139;54.21;60.50;46.54;Bueno;125.45;Regular;25;14.96;17.12;34.25;Bueno;104.59;Regular;Bueno;Regular
2025-10-01;08:00;112;55.67;60.50;46.54;Bueno;125.45;Regular;31;15.12;17.12;34.25;Bueno;104.59;Regular;Bueno;Regular
2025-10-01;09:00;109;56.42;60.50;46.54;Bueno;125.45;Regular;32;15.29;17.12;34.25;Bueno;104.59;Regular;Bueno;Regular
2025-10-01;10:00;133;58.92;60.50;46.54;Bueno;125.45;Regular;35;15.83;17.12;34.25;Bueno;104.59;Regular;Bueno;Regular
2025-10-01;11:00;82;60.21;60.50;46.54;Bueno;125.45;Regular;24;16.17;17.12;34.25;Bueno;104.59;Regular;Bueno;Regular
2025-10-01;12:00;43;60.00;60.50;46.54;Bueno;125.45;Regular;12;16.08;17.12;34.25;Bueno;104.59;Regular;Bueno;Regular
2025-10-01;13:00;38;59.12;60.50;46.54;Bueno;125.45;Regular;7;15.75;17.12;34.25;Bueno;104.59;Regular;Bueno;Regular
2025-10-01;14:00;42;59.25;60.50;46.54;Bueno;125.45;Regular;10;15.83;17.12;34.25;Bueno;104.59;Regular;Bueno;Regular
2025-10-01;15:00;32;59.25;60.50;46.54;Bueno;125.45;Regular;9;16.00;17.12;34.25;Bueno;104.59;Regular;Bueno;Regular
2025-10-01;16:00;39;59.42;60.50;46.54;Bueno;125.45;Regular;8;16.12;17.12;34.25;Bueno;104.59;Regular;Bueno;Regular
2025-10-01;17:00;41;59.62;60.50;46.54;Bueno;125.45;Regular;7;16.21;17.12;34.25;Bueno;104.59;Regular;Bueno;Regular
2025-10-01;18:00;40;59.96;60.50;46.54;Bueno;125.45;Regular;12;16.46;17.12;34.25;Bueno;104.59;Regular;Bueno;Regular
2025-10-01;19:00;46;60.25;60.50;46.54;Bueno;125.45;Regular;14;16.46;17.12;34.25;Bueno;104.59;Regular;Bueno;Regular
2025-10-01;20:00;50;60.46;60.50;46.54;Bueno;125.45;Regular;14;16.62;17.12;34.25;Bueno;104.59;Regular;Bueno;Regular
2025-10-01;21:00;38;60.58;60.50;46.54;Bueno;125.45;Regular;14;16.92;17.12;34.25;Bueno;104.59;Regular;Bueno;Regular
2025-10-01;22:00;37;60.25;60.50;46.54;Bueno;125.45;Regular;12;16.88;17.12;34.25;Bueno;104.59;Regular;Bueno;Regular
2025-10-01;23:00;60;60.50;60.50;46.54;Bueno;125.45;Regular;22;17.12;17.12;34.25;Bueno;104.59;Regular;Bueno;Regular
2025-10-02;00:00;50;60.62;61.83;47.56;Bueno;127.65;Regular;16;17.17;17.46;34.92;Bueno;105.31;Regular;Bueno;Regular
2025-10-02;01:00;50;60.54;61.83;47.56;Bueno;127.65;Regular;20;17.25;17.46;34.92;Bueno;105.31;Regular;Bueno;Regular
2025-10-02;02:00;56;61.12;61.83;47.56;Bueno;127.65;Regular;21;17.42;17.46;34.92;Bueno;105.31;Regular;Bueno;Regular
2025-10-02;03:00;50;61.38;61.83;47.56;Bueno;127.65;Regular;20;17.54;17.46;34.92;Bueno;105.31;Regular;Bueno;Regular
2025-10-02;04:00;48;61.21;61.83;47.56;Bueno;127.65;Regular;22;17.62;17.46;34.92;Bueno;105.31;Regular;Bueno;Regular
2025-10-02;05:00;52;61.33;61.83;47.56;Bueno;127.65;Regular;17;17.58;17.46;34.92;Bueno;105.31;Regular;Bueno;Regular
2025-10-02;06:00;92;61.62;61.83;47.56;Bueno;127.65;Regular;28;18.00;17.46;34.92;Bueno;105.31;Regular;Bueno;Regular
2025-10-02;07:00;113;60.54;61.83;47.56;Bueno;127.65;Regular;31;18.25;17.46;34.92;Bueno;105.31;Regular;Bueno;Regular
2025-10-02;08:00;129;61.25;61.83;47.56;Bueno;127.65;Regular;38;18.54;17.46;34.92;Bueno;105.31;Regular;Bueno;Regular
2025-10-02;09:00;78;59.96;61.83;47.56;Bueno;127.65;Regular;27;18.33;17.46;34.92;Bueno;105.31;Regular;Bueno;Regular
2025-10-02;10:00;97;58.46;61.83;47.56;Bueno;127.65;Regular;20;17.71;17.46;34.92;Bueno;105.31;Regular;Bueno;Regular
2025-10-02;11:00;78;58.29;61.83;47.56;Bueno;127.65;Regular;10;17.12;17.46;34.92;Bueno;105.31;Regular;Bueno;Regular
2025-10-02;12:00;57;58.88;61.83;47.56;Bueno;127.65;Regular;17;17.33;17.46;34.92;Bueno;105.31;Regular;Bueno;Regular
2025-10-02;13:00;56;59.62;61.83;47.56;Bueno;127.65;Regular;15;17.67;17.46;34.92;Bueno;105.31;Regular;Bueno;Regular
2025-10-02;14:00;65;60.58;61.83;47.56;Bueno;127.65;Regular;16;17.92;17.46;34.92;Bueno;105.31;Regular;Bueno;Regular
2025-10-02;15:00;46;61.17;61.83;47.56;Bueno;127.65;Regular;9;17.92;17.46;34.92;Bueno;105.31;Regular;Bueno;Regular
2025-10-02;16:00;40;61.21;61.83;47.56;Bueno;127.65;Regular;10;18.00;17.46;34.92;Bueno;105.31;Regular;Bueno;Regular
2025-10-02;17:00;37;61.04;61.83;47.56;Bueno;127.65;Regular;7;18.00;17.46;34.92;Bueno;105.31;Regular;Bueno;Regular
2025-10-02;18:00;46;61.29;61.83;47.56;Bueno;127.65;Regular;10;17.92;17.46;34.92;Bueno;105.31;Regular;Bueno;Regular
2025-10-02;19:00;51;61.50;61.83;47.56;Bueno;127.65;Regular;10;17.75;17.46;34.92;Bueno;105.31;Regular;Bueno;Regular
2025-10-02;20:00;57;61.79;61.83;47.56;Bueno;127.65;Regular;11;17.62;17.46;34.92;Bueno;105.31;Regular;Bueno;Regular
2025-10-02;21:00;48;62.21;61.83;47.56;Bueno;127.65;Regular;15;17.67;17.46;34.92;Bueno;105.31;Regular;Bueno;Regular
2025-10-02;22:00;40;62.33;61.83;47.56;Bueno;127.65;Regular;15;17.79;17.46;34.92;Bueno;105.31;Regular;Bueno;Regular
2025-10-02;23:00;48;61.83;61.83;47.56;Bueno;127.65;Regular;14;17.46;17.46;34.92;Bueno;105.31;Regular;Bueno;Regular
2025-10-03;00:00;54;62.00;57.75;44.42;Bueno;120.92;Regular;23;17.75;16.62;33.25;Bueno;103.51;Regular;Bueno;Regular
2025-10-03;01:00;62;62.50;57.75;44.42;Bueno;120.92;Regular;22;17.83;16.62;33.25;Bueno;103.51;Regular;Bueno;Regular
2025-10-03;02:00;57;62.54;57.75;44.42;Bueno;120.92;Regular;18;17.71;16.62;33.25;Bueno;103.51;Regular;Bueno;Regular
2025-10-03;03:00;51;62.58;57.75;44.42;Bueno;120.92;Regular;16;17.54;16.62;33.25;Bueno;103.51;Regular;Bueno;Regular
2025-10-03;04:00;47;62.54;57.75;44.42;Bueno;120.92;Regular;19;17.42;16.62;33.25;Bueno;103.51;Regular;Bueno;Regular
2025-10-03;05:00;78;63.62;57.75;44.42;Bueno;120.92;Regular;24;17.71;16.62;33.25;Bueno;103.51;Regular;Bueno;Regular
2025-10-03;06:00;103;64.08;57.75;44.42;Bueno;120.92;Regular;25;17.58;16.62;33.25;Bueno;103.51;Regular;Bueno;Regular
2025-10-03;07:00;100;63.54;57.75;44.42;Bueno;120.92;Regular;30;17.54;16.62;33.25;Bueno;103.51;Regular;Bueno;Regular
2025-10-03;08:00;85;61.71;57.75;44.42;Bueno;120.92;Regular;30;17.21;16.62;33.25;Bueno;103.51;Regular;Bueno;Regular
2025-10-03;09:00;85;62.00;57.75;44.42;Bueno;120.92;Regular;24;17.08;16.62;33.25;Bueno;103.51;Regular;Bueno;Regular
2025-10-03;10:00;78;61.21;57.75;44.42;Bueno;120.92;Regular;22;17.17;16.62;33.25;Bueno;103.51;Regular;Bueno;Regular
2025-10-03;11:00;63;60.58;57.75;44.42;Bueno;120.92;Regular;18;17.50;16.62;33.25;Bueno;103.51;Regular;Bueno;Regular
2025-10-03;12:00;54;60.46;57.75;44.42;Bueno;120.92;Regular;14;17.38;16.62;33.25;Bueno;103.51;Regular;Bueno;Regular
2025-10-03;13:00;54;60.38;57.75;44.42;Bueno;120.92;Regular;12;17.25;16.62;33.25;Bueno;103.51;Regular;Bueno;Regular
2025-10-03;14:00;67;60.46;57.75;44.42;Bueno;120.92;Regular;11;17.04;16.62;33.25;Bueno;103.51;Regular;Bueno;Regular
2025-10-03;15:00;94;62.46;57.75;44.42;Bueno;120.92;Regular;14;17.25;16.62;33.25;Bueno;103.51;Regular;Bueno;Regular
2025-10-03;16:00;72;63.79;57.75;44.42;Bueno;120.92;Regular;12;17.33;16.62;33.25;Bueno;103.51;Regular;Bueno;Regular
2025-10-03;17:00;51;64.38;57.75;44.42;Bueno;120.92;Regular;12;17.54;16.62;33.25;Bueno;103.51;Regular;Bueno;Regular
2025-10-03;18:00;37;64.00;57.75;44.42;Bueno;120.92;Regular;10;17.54;16.62;33.25;Bueno;103.51;Regular;Bueno;Regular
2025-10-03;19:00;20;62.71;57.75;44.42;Bueno;120.92;Regular;7;17.42;16.62;33.25;Bueno;103.51;Regular;Bueno;Regular
2025-10-03;20:00;20;61.17;57.75;44.42;Bueno;120.92;Regular;7;17.25;16.62;33.25;Bueno;103.51;Regular;Bueno;Regular
2025-10-03;21:00;18;59.92;57.75;44.42;Bueno;120.92;Regular;5;16.83;16.62;33.25;Bueno;103.51;Regular;Bueno;Regular
2025-10-03;22:00;21;59.12;57.75;44.42;Bueno;120.92;Regular;13;16.75;16.62;33.25;Bueno;103.51;Regular;Bueno;Regular
2025-10-03;23:00;15;57.75;57.75;44.42;Bueno;120.92;Regular;11;16.62;16.62;33.25;Bueno;103.51;Regular;Bueno;Regular
2025-10-04;00:00;22;56.42;16.71;12.85;Bueno;37.13;Bueno;6;15.92;4.88;9.75;Bueno;32.50;Bueno;Bueno;Bueno
2025-10-04;01:00;16;54.50;16.71;12.85;Bueno;37.13;Bueno;5;15.21;4.88;9.75;Bueno;32.50;Bueno;Bueno;Bueno
2025-10-04;02:00;13;52.67;16.71;12.85;Bueno;37.13;Bueno;3;14.58;4.88;9.75;Bueno;32.50;Bueno;Bueno;Bueno
2025-10-04;03:00;13;51.08;16.71;12.85;Bueno;37.13;Bueno;3;14.04;4.88;9.75;Bueno;32.50;Bueno;Bueno;Bueno
2025-10-04;04:00;10;49.54;16.71;12.85;Bueno;37.13;Bueno;3;13.38;4.88;9.75;Bueno;32.50;Bueno;Bueno;Bueno
2025-10-04;05:00;9;46.67;16.71;12.85;Bueno;37.13;Bueno;5;12.58;4.88;9.75;Bueno;32.50;Bueno;Bueno;Bueno
2025-10-04;06:00;12;42.88;16.71;12.85;Bueno;37.13;Bueno;5;11.75;4.88;9.75;Bueno;32.50;Bueno;Bueno;Bueno
2025-10-04;07:00;16;39.38;16.71;12.85;Bueno;37.13;Bueno;4;10.67;4.88;9.75;Bueno;32.50;Bueno;Bueno;Bueno
2025-10-04;08:00;27;36.96;16.71;12.85;Bueno;37.13;Bueno;4;9.58;4.88;9.75;Bueno;32.50;Bueno;Bueno;Bueno
2025-10-04;09:00;25;34.46;16.71;12.85;Bueno;37.13;Bueno;7;8.88;4.88;9.75;Bueno;32.50;Bueno;Bueno;Bueno
2025-10-04;10:00;28;32.38;16.71;12.85;Bueno;37.13;Bueno;7;8.25;4.88;9.75;Bueno;32.50;Bueno;Bueno;Bueno
2025-10-04;11:00;19;30.54;16.71;12.85;Bueno;37.13;Bueno;8;7.83;4.88;9.75;Bueno;32.50;Bueno;Bueno;Bueno
2025-10-04;12:00;18;29.04;16.71;12.85;Bueno;37.13;Bueno;6;7.50;4.88;9.75;Bueno;32.50;Bueno;Bueno;Bueno
2025-10-04;13:00;14;27.38;16.71;12.85;Bueno;37.13;Bueno;5;7.21;4.88;9.75;Bueno;32.50;Bueno;Bueno;Bueno
2025-10-04;14:00;12;25.08;16.71;12.85;Bueno;37.13;Bueno;4;6.92;4.88;9.75;Bueno;32.50;Bueno;Bueno;Bueno
2025-10-04;15:00;14;21.75;16.71;12.85;Bueno;37.13;Bueno;3;6.46;4.88;9.75;Bueno;32.50;Bueno;Bueno;Bueno
2025-10-04;16:00;17;19.46;16.71;12.85;Bueno;37.13;Bueno;3;6.08;4.88;9.75;Bueno;32.50;Bueno;Bueno;Bueno
2025-10-04;17:00;15;17.96;16.71;12.85;Bueno;37.13;Bueno;5;5.79;4.88;9.75;Bueno;32.50;Bueno;Bueno;Bueno
2025-10-04;18:00;14;17.00;16.71;12.85;Bueno;37.13;Bueno;4;5.54;4.88;9.75;Bueno;32.50;Bueno;Bueno;Bueno
2025-10-04;19:00;20;17.00;16.71;12.85;Bueno;37.13;Bueno;4;5.42;4.88;9.75;Bueno;32.50;Bueno;Bueno;Bueno
2025-10-04;20:00;20;17.00;16.71;12.85;Bueno;37.13;Bueno;6;5.38;4.88;9.75;Bueno;32.50;Bueno;Bueno;Bueno
2025-10-04;21:00;23;17.21;16.71;12.85;Bueno;37.13;Bueno;10;5.58;4.88;9.75;Bueno;32.50;Bueno;Bueno;Bueno
2025-10-04;22:00;12;16.83;16.71;12.85;Bueno;37.13;Bueno;5;5.25;4.88;9.75;Bueno;32.50;Bueno;Bueno;Bueno
2025-10-04;23:00;12;16.71;16.71;12.85;Bueno;37.13;Bueno;2;4.88;4.88;9.75;Bueno;32.50;Bueno;Bueno;Bueno
2025-10-05;00:00;10;16.21;8.46;6.51;Bueno;18.80;Bueno;1;4.67;3.04;6.08;Bueno;20.28;Bueno;Bueno;Bueno
2025-10-05;01:00;8;15.88;8.46;6.51;Bueno;18.80;Bueno;3;4.58;3.04;6.08;Bueno;20.28;Bueno;Bueno;Bueno
2025-10-05;02:00;13;15.88;8.46;6.51;Bueno;18.80;Bueno;4;4.62;3.04;6.08;Bueno;20.28;Bueno;Bueno;Bueno
2025-10-05;03:00;7;15.62;8.46;6.51;Bueno;18.80;Bueno;1;4.54;3.04;6.08;Bueno;20.28;Bueno;Bueno;Bueno
2025-10-05;04:00;4;15.38;8.46;6.51;Bueno;18.80;Bueno;1;4.46;3.04;6.08;Bueno;20.28;Bueno;Bueno;Bueno
2025-10-05;05:00;4;15.17;8.46;6.51;Bueno;18.80;Bueno;1;4.29;3.04;6.08;Bueno;20.28;Bueno;Bueno;Bueno
2025-10-05;06:00;4;14.83;8.46;6.51;Bueno;18.80;Bueno;3;4.21;3.04;6.08;Bueno;20.28;Bueno;Bueno;Bueno
2025-10-05;07:00;5;14.38;8.46;6.51;Bueno;18.80;Bueno;4;4.21;3.04;6.08;Bueno;20.28;Bueno;Bueno;Bueno
2025-10-05;08:00;4;13.42;8.46;6.51;Bueno;18.80;Bueno;3;4.17;3.04;6.08;Bueno;20.28;Bueno;Bueno;Bueno
2025-10-05;09:00;2;12.46;8.46;6.51;Bueno;18.80;Bueno;1;3.92;3.04;6.08;Bueno;20.28;Bueno;Bueno;Bueno
2025-10-05;10:00;3;11.42;8.46;6.51;Bueno;18.80;Bueno;1;3.67;3.04;6.08;Bueno;20.28;Bueno;Bueno;Bueno
2025-10-05;11:00;4;10.79;8.46;6.51;Bueno;18.80;Bueno;3;3.46;3.04;6.08;Bueno;20.28;Bueno;Bueno;Bueno
2025-10-05;12:00;8;10.38;8.46;6.51;Bueno;18.80;Bueno;5;3.42;3.04;6.08;Bueno;20.28;Bueno;Bueno;Bueno
2025-10-05;13:00;6;10.04;8.46;6.51;Bueno;18.80;Bueno;4;3.38;3.04;6.08;Bueno;20.28;Bueno;Bueno;Bueno
2025-10-05;14:00;9;9.92;8.46;6.51;Bueno;18.80;Bueno;5;3.42;3.04;6.08;Bueno;20.28;Bueno;Bueno;Bueno
2025-10-05;15:00;7;9.62;8.46;6.51;Bueno;18.80;Bueno;3;3.42;3.04;6.08;Bueno;20.28;Bueno;Bueno;Bueno
2025-10-05;16:00;8;9.25;8.46;6.51;Bueno;18.80;Bueno;3;3.42;3.04;6.08;Bueno;20.28;Bueno;Bueno;Bueno
2025-10-05;17:00;7;8.92;8.46;6.51;Bueno;18.80;Bueno;2;3.29;3.04;6.08;Bueno;20.28;Bueno;Bueno;Bueno
2025-10-05;18:00;6;8.58;8.46;6.51;Bueno;18.80;Bueno;5;3.33;3.04;6.08;Bueno;20.28;Bueno;Bueno;Bueno
2025-10-05;19:00;7;8.04;8.46;6.51;Bueno;18.80;Bueno;3;3.29;3.04;6.08;Bueno;20.28;Bueno;Bueno;Bueno
2025-10-05;20:00;15;7.83;8.46;6.51;Bueno;18.80;Bueno;1;3.08;3.04;6.08;Bueno;20.28;Bueno;Bueno;Bueno
2025-10-05;21:00;20;7.71;8.46;6.51;Bueno;18.80;Bueno;5;2.88;3.04;6.08;Bueno;20.28;Bueno;Bueno;Bueno
2025-10-05;22:00;18;7.96;8.46;6.51;Bueno;18.80;Bueno;5;2.88;3.04;6.08;Bueno;20.28;Bueno;Bueno;Bueno
2025-10-05;23:00;24;8.46;8.46;6.51;Bueno;18.80;Bueno;6;3.04;3.04;6.08;Bueno;20.28;Bueno;Bueno;Bueno
2025-10-06;00:00;23;9.00;30.08;23.14;Bueno;66.85;Bueno;12;3.50;8.75;17.50;Bueno;58.33;Bueno;Bueno;Bueno
2025-10-06;01:00;19;9.46;30.08;23.14;Bueno;66.85;Bueno;7;3.67;8.75;17.50;Bueno;58.33;Bueno;Bueno;Bueno
2025-10-06;02:00;13;9.46;30.08;23.14;Bueno;66.85;Bueno;6;3.75;8.75;17.50;Bueno;58.33;Bueno;Bueno;Bueno
2025-10-06;03:00;18;9.92;30.08;23.14;Bueno;66.85;Bueno;11;4.17;8.75;17.50;Bueno;58.33;Bueno;Bueno;Bueno
2025-10-06;04:00;11;10.21;30.08;23.14;Bueno;66.85;Bueno;7;4.42;8.75;17.50;Bueno;58.33;Bueno;Bueno;Bueno
2025-10-06;05:00;18;10.79;30.08;23.14;Bueno;66.85;Bueno;10;4.79;8.75;17.50;Bueno;58.33;Bueno;Bueno;Bueno
2025-10-06;06:00;47;12.58;30.08;23.14;Bueno;66.85;Bueno;16;5.33;8.75;17.50;Bueno;58.33;Bueno;Bueno;Bueno
2025-10-06;07:00;62;14.96;30.08;23.14;Bueno;66.85;Bueno;14;5.75;8.75;17.50;Bueno;58.33;Bueno;Bueno;Bueno
2025-10-06;08:00;60;17.29;30.08;23.14;Bueno;66.85;Bueno;12;6.12;8.75;17.50;Bueno;58.33;Bueno;Bueno;Bueno
2025-10-06;09:00;37;18.75;30.08;23.14;Bueno;66.85;Bueno;10;6.50;8.75;17.50;Bueno;58.33;Bueno;Bueno;Bueno
2025-10-06;10:00;32;19.96;30.08;23.14;Bueno;66.85;Bueno;10;6.88;8.75;17.50;Bueno;58.33;Bueno;Bueno;Bueno
2025-10-06;11:00;33;21.17;30.08;23.14;Bueno;66.85;Bueno;9;7.12;8.75;17.50;Bueno;58.33;Bueno;Bueno;Bueno
2025-10-06;12:00;31;22.12;30.08;23.14;Bueno;66.85;Bueno;8;7.25;8.75;17.50;Bueno;58.33;Bueno;Bueno;Bueno
2025-10-06;13:00;38;23.46;30.08;23.14;Bueno;66.85;Bueno;16;7.75;8.75;17.50;Bueno;58.33;Bueno;Bueno;Bueno
2025-10-06;14:00;23;24.04;30.08;23.14;Bueno;66.85;Bueno;3;7.67;8.75;17.50;Bueno;58.33;Bueno;Bueno;Bueno
2025-10-06;15:00;20;24.58;30.08;23.14;Bueno;66.85;Bueno;2;7.62;8.75;17.50;Bueno;58.33;Bueno;Bueno;Bueno
2025-10-06;16:00;19;25.04;30.08;23.14;Bueno;66.85;Bueno;7;7.79;8.75;17.50;Bueno;58.33;Bueno;Bueno;Bueno
2025-10-06;17:00;31;26.04;30.08;23.14;Bueno;66.85;Bueno;5;7.92;8.75;17.50;Bueno;58.33;Bueno;Bueno;Bueno
2025-10-06;18:00;26;26.88;30.08;23.14;Bueno;66.85;Bueno;8;8.04;8.75;17.50;Bueno;58.33;Bueno;Bueno;Bueno
2025-10-06;19:00;32;27.92;30.08;23.14;Bueno;66.85;Bueno;7;8.21;8.75;17.50;Bueno;58.33;Bueno;Bueno;Bueno
2025-10-06;20:00;24;28.29;30.08;23.14;Bueno;66.85;Bueno;4;8.33;8.75;17.50;Bueno;58.33;Bueno;Bueno;Bueno
2025-10-06;21:00;38;29.04;30.08;23.14;Bueno;66.85;Bueno;7;8.42;8.75;17.50;Bueno;58.33;Bueno;Bueno;Bueno
2025-10-06;22:00;34;29.71;30.08;23.14;Bueno;66.85;Bueno;9;8.58;8.75;17.50;Bueno;58.33;Bueno;Bueno;Bueno
2025-10-06;23:00;33;30.08;30.08;23.14;Bueno;66.85;Bueno;10;8.75;8.75;17.50;Bueno;58.33;Bueno;Bueno;Bueno
2025-10-07;00:00;40;30.79;48.58;37.37;Bueno;105.87;Regular;13;8.79;13.21;26.42;Bueno;88.06;Bueno;Bueno;Regular
2025-10-07;01:00;48;32.00;48.58;37.37;Bueno;105.87;Regular;12;9.00;13.21;26.42;Bueno;88.06;Bueno;Bueno;Regular
2025-10-07;02:00;28;32.62;48.58;37.37;Bueno;105.87;Regular;12;9.25;13.21;26.42;Bueno;88.06;Bueno;Bueno;Regular
2025-10-07;03:00;34;33.29;48.58;37.37;Bueno;105.87;Regular;16;9.46;13.21;26.42;Bueno;88.06;Bueno;Bueno;Regular
2025-10-07;04:00;31;34.12;48.58;37.37;Bueno;105.87;Regular;14;9.75;13.21;26.42;Bueno;88.06;Bueno;Bueno;Regular
2025-10-07;05:00;42;35.12;48.58;37.37;Bueno;105.87;Regular;13;9.88;13.21;26.42;Bueno;88.06;Bueno;Bueno;Regular
2025-10-07;06:00;69;36.04;48.58;37.37;Bueno;105.87;Regular;15;9.83;13.21;26.42;Bueno;88.06;Bueno;Bueno;Regular
2025-10-07;07:00;138;39.21;48.58;37.37;Bueno;105.87;Regular;24;10.25;13.21;26.42;Bueno;88.06;Bueno;Bueno;Regular
2025-10-07;08:00;108;41.21;48.58;37.37;Bueno;105.87;Regular;31;11.04;13.21;26.42;Bueno;88.06;Bueno;Bueno;Regular
2025-10-07;09:00;98;43.75;48.58;37.37;Bueno;105.87;Regular;24;11.62;13.21;26.42;Bueno;88.06;Bueno;Bueno;Regular
2025-10-07;10:00;47;44.38;48.58;37.37;Bueno;105.87;Regular;12;11.71;13.21;26.42;Bueno;88.06;Bueno;Bueno;Regular
2025-10-07;11:00;48;45.00;48.58;37.37;Bueno;105.87;Regular;11;11.79;13.21;26.42;Bueno;88.06;Bueno;Bueno;Regular
2025-10-07;12:00;62;46.29;48.58;37.37;Bueno;105.87;Regular;19;12.25;13.21;26.42;Bueno;88.06;Bueno;Bueno;Regular
2025-10-07;13:00;42;46.46;48.58;37.37;Bueno;105.87;Regular;9;11.96;13.21;26.42;Bueno;88.06;Bueno;Bueno;Regular
2025-10-07;14:00;34;46.92;48.58;37.37;Bueno;105.87;Regular;6;12.08;13.21;26.42;Bueno;88.06;Bueno;Bueno;Regular
2025-10-07;15:00;36;47.58;48.58;37.37;Bueno;105.87;Regular;8;12.33;13.21;26.42;Bueno;88.06;Bueno;Bueno;Regular
2025-10-07;16:00;36;48.29;48.58;37.37;Bueno;105.87;Regular;10;12.46;13.21;26.42;Bueno;88.06;Bueno;Bueno;Regular
2025-10-07;17:00;33;48.38;48.58;37.37;Bueno;105.87;Regular;7;12.54;13.21;26.42;Bueno;88.06;Bueno;Bueno;Regular
2025-10-07;18:00;25;48.33;48.58;37.37;Bueno;105.87;Regular;7;12.50;13.21;26.42;Bueno;88.06;Bueno;Bueno;Regular
2025-10-07;19:00;38;48.58;48.58;37.37;Bueno;105.87;Regular;12;12.71;13.21;26.42;Bueno;88.06;Bueno;Bueno;Regular
2025-10-07;20:00;38;49.17;48.58;37.37;Bueno;105.87;Regular;11;13.00;13.21;26.42;Bueno;88.06;Bueno;Bueno;Regular
2025-10-07;21:00;30;48.83;48.58;37.37;Bueno;105.87;Regular;12;13.21;13.21;26.42;Bueno;88.06;Bueno;Bueno;Regular
2025-10-07;22:00;24;48.42;48.58;37.37;Bueno;105.87;Regular;6;13.08;13.21;26.42;Bueno;88.06;Bueno;Bueno;Regular
2025-10-07;23:00;37;48.58;48.58;37.37;Bueno;105.87;Regular;13;13.21;13.21;26.42;Bueno;88.06;Bueno;Bueno;Regular
2025-10-08;00:00;36;48.42;54.83;42.18;Bueno;116.13;Regular;18;13.42;18.67;37.33;Bueno;107.93;Regular;Bueno;Regular
2025-10-08;01:00;30;47.67;54.83;42.18;Bueno;116.13;Regular;15;13.54;18.67;37.33;Bueno;107.93;Regular;Bueno;Regular
2025-10-08;02:00;36;48.00;54.83;42.18;Bueno;116.13;Regular;14;13.62;18.67;37.33;Bueno;107.93;Regular;Bueno;Regular
2025-10-08;03:00;29;47.79;54.83;42.18;Bueno;116.13;Regular;15;13.58;18.67;37.33;Bueno;107.93;Regular;Bueno;Regular
2025-10-08;04:00;27;47.62;54.83;42.18;Bueno;116.13;Regular;12;13.50;18.67;37.33;Bueno;107.93;Regular;Bueno;Regular
2025-10-08;05:00;34;47.29;54.83;42.18;Bueno;116.13;Regular;11;13.42;18.67;37.33;Bueno;107.93;Regular;Bueno;Regular
2025-10-08;06:00;74;47.50;54.83;42.18;Bueno;116.13;Regular;22;13.71;18.67;37.33;Bueno;107.93;Regular;Bueno;Regular
2025-10-08;07:00;198;50.00;54.83;42.18;Bueno;116.13;Regular;64;15.38;18.67;37.33;Bueno;107.93;Regular;Bueno;Regular
2025-10-08;08:00;120;50.50;54.83;42.18;Bueno;116.13;Regular;34;15.50;18.67;37.33;Bueno;107.93;Regular;Bueno;Regular
2025-10-08;09:00;105;50.79;54.83;42.18;Bueno;116.13;Regular;35;15.96;18.67;37.33;Bueno;107.93;Regular;Bueno;Regular
2025-10-08;10:00;82;52.25;54.83;42.18;Bueno;116.13;Regular;23;16.42;18.67;37.33;Bueno;107.93;Regular;Bueno;Regular
2025-10-08;11:00;63;52.88;54.83;42.18;Bueno;116.13;Regular;18;16.71;18.67;37.33;Bueno;107.93;Regular;Bueno;Regular
2025-10-08;12:00;58;52.71;54.83;42.18;Bueno;116.13;Regular;18;16.67;18.67;37.33;Bueno;107.93;Regular;Bueno;Regular
2025-10-08;13:00;37;52.50;54.83;42.18;Bueno;116.13;Regular;17;17.00;18.67;37.33;Bueno;107.93;Regular;Bueno;Regular
2025-10-08;14:00;41;52.79;54.83;42.18;Bueno;116.13;Regular;12;17.25;18.67;37.33;Bueno;107.93;Regular;Bueno;Regular
2025-10-08;15:00;47;53.25;54.83;42.18;Bueno;116.13;Regular;13;17.46;18.67;37.33;Bueno;107.93;Regular;Bueno;Regular
2025-10-08;16:00;38;53.33;54.83;42.18;Bueno;116.13;Regular;11;17.50;18.67;37.33;Bueno;107.93;Regular;Bueno;Regular
2025-10-08;17:00;36;53.46;54.83;42.18;Bueno;116.13;Regular;10;17.62;18.67;37.33;Bueno;107.93;Regular;Bueno;Regular
2025-10-08;18:00;31;53.71;54.83;42.18;Bueno;116.13;Regular;11;17.79;18.67;37.33;Bueno;107.93;Regular;Bueno;Regular
2025-10-08;19:00;38;53.71;54.83;42.18;Bueno;116.13;Regular;16;17.96;18.67;37.33;Bueno;107.93;Regular;Bueno;Regular
2025-10-08;20:00;39;53.75;54.83;42.18;Bueno;116.13;Regular;16;18.17;18.67;37.33;Bueno;107.93;Regular;Bueno;Regular
2025-10-08;21:00;46;54.42;54.83;42.18;Bueno;116.13;Regular;14;18.25;18.67;37.33;Bueno;107.93;Regular;Bueno;Regular
2025-10-08;22:00;34;54.83;54.83;42.18;Bueno;116.13;Regular;14;18.58;18.67;37.33;Bueno;107.93;Regular;Bueno;Regular
2025-10-08;23:00;37;54.83;54.83;42.18;Bueno;116.13;Regular;15;18.67;18.67;37.33;Bueno;107.93;Regular;Bueno;Regular
2025-10-09;00:00;58;55.75;55.62;42.79;Bueno;117.43;Regular;19;18.71;17.58;35.17;Bueno;105.58;Regular;Bueno;Regular
2025-10-09;01:00;59;56.96;55.62;42.79;Bueno;117.43;Regular;22;19.00;17.58;35.17;Bueno;105.58;Regular;Bueno;Regular
2025-10-09;02:00;46;57.38;55.62;42.79;Bueno;117.43;Regular;19;19.21;17.58;35.17;Bueno;105.58;Regular;Bueno;Regular
2025-10-09;03:00;54;58.42;55.62;42.79;Bueno;117.43;Regular;18;19.33;17.58;35.17;Bueno;105.58;Regular;Bueno;Regular
2025-10-09;04:00;49;59.33;55.62;42.79;Bueno;117.43;Regular;18;19.58;17.58;35.17;Bueno;105.58;Regular;Bueno;Regular
2025-10-09;05:00;61;60.46;55.62;42.79;Bueno;117.43;Regular;21;20.00;17.58;35.17;Bueno;105.58;Regular;Bueno;Regular
2025-10-09;06:00;95;61.33;55.62;42.79;Bueno;117.43;Regular;27;20.21;17.58;35.17;Bueno;105.58;Regular;Bueno;Regular
2025-10-09;07:00;103;57.38;55.62;42.79;Bueno;117.43;Regular;27;18.67;17.58;35.17;Bueno;105.58;Regular;Bueno;Regular
2025-10-09;08:00;95;56.33;55.62;42.79;Bueno;117.43;Regular;39;18.88;17.58;35.17;Bueno;105.58;Regular;Bueno;Regular
2025-10-09;09:00;72;54.96;55.62;42.79;Bueno;117.43;Regular;27;18.54;17.58;35.17;Bueno;105.58;Regular;Bueno;Regular
2025-10-09;10:00;63;54.17;55.62;42.79;Bueno;117.43;Regular;21;18.46;17.58;35.17;Bueno;105.58;Regular;Bueno;Regular
2025-10-09;11:00;54;53.79;55.62;42.79;Bueno;117.43;Regular;17;18.42;17.58;35.17;Bueno;105.58;Regular;Bueno;Regular
2025-10-09;12:00;67;54.17;55.62;42.79;Bueno;117.43;Regular;24;18.67;17.58;35.17;Bueno;105.58;Regular;Bueno;Regular
2025-10-09;13:00;49;54.67;55.62;42.79;Bueno;117.43;Regular;14;18.54;17.58;35.17;Bueno;105.58;Regular;Bueno;Regular
2025-10-09;14:00;35;54.42;55.62;42.79;Bueno;117.43;Regular;10;18.46;17.58;35.17;Bueno;105.58;Regular;Bueno;Regular
2025-10-09;15:00;37;54.00;55.62;42.79;Bueno;117.43;Regular;6;18.17;17.58;35.17;Bueno;105.58;Regular;Bueno;Regular
2025-10-09;16:00;45;54.29;55.62;42.79;Bueno;117.43;Regular;9;18.08;17.58;35.17;Bueno;105.58;Regular;Bueno;Regular
2025-10-09;17:00;36;54.29;55.62;42.79;Bueno;117.43;Regular;10;18.08;17.58;35.17;Bueno;105.58;Regular;Bueno;Regular
2025-10-09;18:00;41;54.71;55.62;42.79;Bueno;117.43;Regular;10;18.04;17.58;35.17;Bueno;105.58;Regular;Bueno;Regular
2025-10-09;19:00;38;54.71;55.62;42.79;Bueno;117.43;Regular;10;17.79;17.58;35.17;Bueno;105.58;Regular;Bueno;Regular
2025-10-09;20:00;39;54.71;55.62;42.79;Bueno;117.43;Regular;14;17.71;17.58;35.17;Bueno;105.58;Regular;Bueno;Regular
2025-10-09;21:00;41;54.50;55.62;42.79;Bueno;117.43;Regular;8;17.46;17.58;35.17;Bueno;105.58;Regular;Bueno;Regular
2025-10-09;22:00;46;55.00;55.62;42.79;Bueno;117.43;Regular;14;17.46;17.58;35.17;Bueno;105.58;Regular;Bueno;Regular
2025-10-09;23:00;52;55.62;55.62;42.79;Bueno;117.43;Regular;18;17.58;17.58;35.17;Bueno;105.58;Regular;Bueno;Regular
2025-10-10;00:00;73;56.25;49.38;37.98;Bueno;107.17;Regular;22;17.71;14.50;29.00;Bueno;96.67;Bueno;Bueno;Regular
2025-10-10;01:00;51;55.92;49.38;37.98;Bueno;107.17;Regular;22;17.71;14.50;29.00;Bueno;96.67;Bueno;Bueno;Regular
2025-10-10;02:00;46;55.92;49.38;37.98;Bueno;107.17;Regular;22;17.83;14.50;29.00;Bueno;96.67;Bueno;Bueno;Regular
2025-10-10;03:00;52;55.83;49.38;37.98;Bueno;107.17;Regular;31;18.38;14.50;29.00;Bueno;96.67;Bueno;Bueno;Regular
2025-10-10;04:00;53;56.00;49.38;37.98;Bueno;107.17;Regular;23;18.58;14.50;29.00;Bueno;96.67;Bueno;Bueno;Regular
2025-10-10;05:00;65;56.17;49.38;37.98;Bueno;107.17;Regular;25;18.75;14.50;29.00;Bueno;96.67;Bueno;Bueno;Regular
2025-10-10;06:00;100;56.38;49.38;37.98;Bueno;107.17;Regular;28;18.79;14.50;29.00;Bueno;96.67;Bueno;Bueno;Regular
2025-10-10;07:00;90;55.83;49.38;37.98;Bueno;107.17;Regular;22;18.58;14.50;29.00;Bueno;96.67;Bueno;Bueno;Regular
2025-10-10;08:00;83;55.33;49.38;37.98;Bueno;107.17;Regular;33;18.33;14.50;29.00;Bueno;96.67;Bueno;Bueno;Regular
2025-10-10;09:00;78;55.58;49.38;37.98;Bueno;107.17;Regular;24;18.21;14.50;29.00;Bueno;96.67;Bueno;Bueno;Regular
2025-10-10;10:00;53;55.17;49.38;37.98;Bueno;107.17;Regular;14;17.92;14.50;29.00;Bueno;96.67;Bueno;Bueno;Regular
2025-10-10;11:00;40;54.58;49.38;37.98;Bueno;107.17;Regular;10;17.62;14.50;29.00;Bueno;96.67;Bueno;Bueno;Regular
2025-10-10;12:00;42;53.54;49.38;37.98;Bueno;107.17;Regular;7;16.92;14.50;29.00;Bueno;96.67;Bueno;Bueno;Regular
2025-10-10;13:00;41;53.21;49.38;37.98;Bueno;107.17;Regular;5;16.54;14.50;29.00;Bueno;96.67;Bueno;Bueno;Regular
2025-10-10;14:00;55;54.04;49.38;37.98;Bueno;107.17;Regular;8;16.46;14.50;29.00;Bueno;96.67;Bueno;Bueno;Regular
2025-10-10;15:00;73;55.54;49.38;37.98;Bueno;107.17;Regular;8;16.54;14.50;29.00;Bueno;96.67;Bueno;Bueno;Regular
2025-10-10;16:00;31;54.96;49.38;37.98;Bueno;107.17;Regular;5;16.38;14.50;29.00;Bueno;96.67;Bueno;Bueno;Regular
2025-10-10;17:00;24;54.46;49.38;37.98;Bueno;107.17;Regular;7;16.25;14.50;29.00;Bueno;96.67;Bueno;Bueno;Regular
2025-10-10;18:00;27;53.88;49.38;37.98;Bueno;107.17;Regular;6;16.08;14.50;29.00;Bueno;96.67;Bueno;Bueno;Regular
2025-10-10;19:00;35;53.75;49.38;37.98;Bueno;107.17;Regular;9;16.04;14.50;29.00;Bueno;96.67;Bueno;Bueno;Regular
2025-10-10;20:00;29;53.33;49.38;37.98;Bueno;107.17;Regular;9;15.83;14.50;29.00;Bueno;96.67;Bueno;Bueno;Regular
2025-10-10;21:00;22;52.54;49.38;37.98;Bueno;107.17;Regular;5;15.71;14.50;29.00;Bueno;96.67;Bueno;Bueno;Regular
2025-10-10;22:00;14;51.21;49.38;37.98;Bueno;107.17;Regular;2;15.21;14.50;29.00;Bueno;96.67;Bueno;Bueno;Regular
2025-10-10;23:00;8;49.38;49.38;37.98;Bueno;107.17;Regular;1;14.50;14.50;29.00;Bueno;96.67;Bueno;Bueno;Regular
2025-10-11;00:00;9;46.71;20.25;15.58;Bueno;45.00;Bueno;1;13.62;4.88;9.75;Bueno;32.50;Bueno;Bueno;Bueno
2025-10-11;01:00;14;45.17;20.25;15.58;Bueno;45.00;Bueno;3;12.83;4.88;9.75;Bueno;32.50;Bueno;Bueno;Bueno
2025-10-11;02:00;15;43.88;20.25;15.58;Bueno;45.00;Bueno;3;12.04;4.88;9.75;Bueno;32.50;Bueno;Bueno;Bueno
2025-10-11;03:00;8;42.04;20.25;15.58;Bueno;45.00;Bueno;5;10.96;4.88;9.75;Bueno;32.50;Bueno;Bueno;Bueno
2025-10-11;04:00;8;40.17;20.25;15.58;Bueno;45.00;Bueno;4;10.17;4.88;9.75;Bueno;32.50;Bueno;Bueno;Bueno
2025-10-11;05:00;6;37.71;20.25;15.58;Bueno;45.00;Bueno;4;9.29;4.88;9.75;Bueno;32.50;Bueno;Bueno;Bueno
2025-10-11;06:00;17;34.25;20.25;15.58;Bueno;45.00;Bueno;3;8.25;4.88;9.75;Bueno;32.50;Bueno;Bueno;Bueno
2025-10-11;07:00;31;31.79;20.25;15.58;Bueno;45.00;Bueno;3;7.46;4.88;9.75;Bueno;32.50;Bueno;Bueno;Bueno
2025-10-11;08:00;28;29.50;20.25;15.58;Bueno;45.00;Bueno;12;6.58;4.88;9.75;Bueno;32.50;Bueno;Bueno;Bueno
2025-10-11;09:00;26;27.33;20.25;15.58;Bueno;45.00;Bueno;9;5.96;4.88;9.75;Bueno;32.50;Bueno;Bueno;Bueno
2025-10-11;10:00;24;26.12;20.25;15.58;Bueno;45.00;Bueno;7;5.67;4.88;9.75;Bueno;32.50;Bueno;Bueno;Bueno
2025-10-11;11:00;23;25.42;20.25;15.58;Bueno;45.00;Bueno;5;5.46;4.88;9.75;Bueno;32.50;Bueno;Bueno;Bueno
2025-10-11;12:00;24;24.67;20.25;15.58;Bueno;45.00;Bueno;5;5.38;4.88;9.75;Bueno;32.50;Bueno;Bueno;Bueno
2025-10-11;13:00;17;23.67;20.25;15.58;Bueno;45.00;Bueno;4;5.33;4.88;9.75;Bueno;32.50;Bueno;Bueno;Bueno
2025-10-11;14:00;21;22.25;20.25;15.58;Bueno;45.00;Bueno;3;5.12;4.88;9.75;Bueno;32.50;Bueno;Bueno;Bueno
2025-10-11;15:00;19;20.00;20.25;15.58;Bueno;45.00;Bueno;4;4.96;4.88;9.75;Bueno;32.50;Bueno;Bueno;Bueno
2025-10-11;16:00;18;19.46;20.25;15.58;Bueno;45.00;Bueno;3;4.88;4.88;9.75;Bueno;32.50;Bueno;Bueno;Bueno
2025-10-11;17:00;22;19.38;20.25;15.58;Bueno;45.00;Bueno;4;4.75;4.88;9.75;Bueno;32.50;Bueno;Bueno;Bueno
2025-10-11;18:00;26;19.33;20.25;15.58;Bueno;45.00;Bueno;3;4.62;4.88;9.75;Bueno;32.50;Bueno;Bueno;Bueno
2025-10-11;19:00;15;18.50;20.25;15.58;Bueno;45.00;Bueno;4;4.42;4.88;9.75;Bueno;32.50;Bueno;Bueno;Bueno
2025-10-11;20:00;35;18.75;20.25;15.58;Bueno;45.00;Bueno;7;4.33;4.88;9.75;Bueno;32.50;Bueno;Bueno;Bueno
2025-10-11;21:00;22;18.75;20.25;15.58;Bueno;45.00;Bueno;7;4.42;4.88;9.75;Bueno;32.50;Bueno;Bueno;Bueno
2025-10-11;22:00;30;19.42;20.25;15.58;Bueno;45.00;Bueno;5;4.54;4.88;9.75;Bueno;32.50;Bueno;Bueno;Bueno
2025-10-11;23:00;28;20.25;20.25;15.58;Bueno;45.00;Bueno;9;4.88;4.88;9.75;Bueno;32.50;Bueno;Bueno;Bueno
2025-10-12;00:00;25;20.92;28.75;22.12;Bueno;63.89;Bueno;7;5.12;9.96;19.92;Bueno;66.39;Bueno;Bueno;Bueno
2025-10-12;01:00;32;21.67;28.75;22.12;Bueno;63.89;Bueno;14;5.58;9.96;19.92;Bueno;66.39;Bueno;Bueno;Bueno
2025-10-12;02:00;37;22.58;28.75;22.12;Bueno;63.89;Bueno;16;6.12;9.96;19.92;Bueno;66.39;Bueno;Bueno;Bueno
2025-10-12;03:00;34;23.67;28.75;22.12;Bueno;63.89;Bueno;20;6.75;9.96;19.92;Bueno;66.39;Bueno;Bueno;Bueno
2025-10-12;04:00;31;24.62;28.75;22.12;Bueno;63.89;Bueno;10;7.00;9.96;19.92;Bueno;66.39;Bueno;Bueno;Bueno
2025-10-12;05:00;39;26.00;28.75;22.12;Bueno;63.89;Bueno;15;7.46;9.96;19.92;Bueno;66.39;Bueno;Bueno;Bueno
2025-10-12;06:00;34;26.71;28.75;22.12;Bueno;63.89;Bueno;14;7.92;9.96;19.92;Bueno;66.39;Bueno;Bueno;Bueno
2025-10-12;07:00;28;26.58;28.75;22.12;Bueno;63.89;Bueno;12;8.29;9.96;19.92;Bueno;66.39;Bueno;Bueno;Bueno
2025-10-12;08:00;28;26.58;28.75;22.12;Bueno;63.89;Bueno;13;8.33;9.96;19.92;Bueno;66.39;Bueno;Bueno;Bueno
2025-10-12;09:00;33;26.88;28.75;22.12;Bueno;63.89;Bueno;16;8.62;9.96;19.92;Bueno;66.39;Bueno;Bueno;Bueno
2025-10-12;10:00;28;27.04;28.75;22.12;Bueno;63.89;Bueno;10;8.75;9.96;19.92;Bueno;66.39;Bueno;Bueno;Bueno
2025-10-12;11:00;25;27.12;28.75;22.12;Bueno;63.89;Bueno;10;8.96;9.96;19.92;Bueno;66.39;Bueno;Bueno;Bueno
2025-10-12;12:00;33;27.50;28.75;22.12;Bueno;63.89;Bueno;7;9.04;9.96;19.92;Bueno;66.39;Bueno;Bueno;Bueno
2025-10-12;13:00;39;28.42;28.75;22.12;Bueno;63.89;Bueno;10;9.29;9.96;19.92;Bueno;66.39;Bueno;Bueno;Bueno
2025-10-12;14:00;30;28.79;28.75;22.12;Bueno;63.89;Bueno;11;9.62;9.96;19.92;Bueno;66.39;Bueno;Bueno;Bueno
2025-10-12;15:00;25;29.04;28.75;22.12;Bueno;63.89;Bueno;10;9.88;9.96;19.92;Bueno;66.39;Bueno;Bueno;Bueno
2025-10-12;16:00;19;29.08;28.75;22.12;Bueno;63.89;Bueno;7;10.04;9.96;19.92;Bueno;66.39;Bueno;Bueno;Bueno
2025-10-12;17:00;22;29.08;28.75;22.12;Bueno;63.89;Bueno;5;10.08;9.96;19.92;Bueno;66.39;Bueno;Bueno;Bueno
2025-10-12;18:00;23;28.96;28.75;22.12;Bueno;63.89;Bueno;8;10.29;9.96;19.92;Bueno;66.39;Bueno;Bueno;Bueno
2025-10-12;19:00;32;29.67;28.75;22.12;Bueno;63.89;Bueno;8;10.46;9.96;19.92;Bueno;66.39;Bueno;Bueno;Bueno
2025-10-12;20:00;23;29.17;28.75;22.12;Bueno;63.89;Bueno;5;10.38;9.96;19.92;Bueno;66.39;Bueno;Bueno;Bueno
2025-10-12;21:00;21;29.12;28.75;22.12;Bueno;63.89;Bueno;7;10.38;9.96;19.92;Bueno;66.39;Bueno;Bueno;Bueno
2025-10-12;22:00;24;28.88;28.75;22.12;Bueno;63.89;Bueno;3;10.29;9.96;19.92;Bueno;66.39;Bueno;Bueno;Bueno
2025-10-12;23:00;25;28.75;28.75;22.12;Bueno;63.89;Bueno;1;9.96;9.96;19.92;Bueno;66.39;Bueno;Bueno;Bueno
2025-10-13;00:00;25;28.75;44.42;34.17;Bueno;98.70;Bueno;7;9.96;10.08;20.17;Bueno;67.22;Bueno;Bueno;Bueno
2025-10-13;01:00;24;28.42;44.42;34.17;Bueno;98.70;Bueno;5;9.58;10.08;20.17;Bueno;67.22;Bueno;Bueno;Bueno
2025-10-13;02:00;24;27.88;44.42;34.17;Bueno;98.70;Bueno;5;9.12;10.08;20.17;Bueno;67.22;Bueno;Bueno;Bueno
2025-10-13;03:00;28;27.62;44.42;34.17;Bueno;98.70;Bueno;7;8.58;10.08;20.17;Bueno;67.22;Bueno;Bueno;Bueno
2025-10-13;04:00;21;27.21;44.42;34.17;Bueno;98.70;Bueno;7;8.46;10.08;20.17;Bueno;67.22;Bueno;Bueno;Bueno
2025-10-13;05:00;33;26.96;44.42;34.17;Bueno;98.70;Bueno;10;8.25;10.08;20.17;Bueno;67.22;Bueno;Bueno;Bueno
2025-10-13;06:00;125;30.75;44.42;34.17;Bueno;98.70;Bueno;22;8.58;10.08;20.17;Bueno;67.22;Bueno;Bueno;Bueno
2025-10-13;07:00;87;33.21;44.42;34.17;Bueno;98.70;Bueno;18;8.83;10.08;20.17;Bueno;67.22;Bueno;Bueno;Bueno
2025-10-13;08:00;61;34.58;44.42;34.17;Bueno;98.70;Bueno;19;9.08;10.08;20.17;Bueno;67.22;Bueno;Bueno;Bueno
2025-10-13;09:00;59;35.67;44.42;34.17;Bueno;98.70;Bueno;16;9.08;10.08;20.17;Bueno;67.22;Bueno;Bueno;Bueno
2025-10-13;10:00;65;37.21;44.42;34.17;Bueno;98.70;Bueno;18;9.42;10.08;20.17;Bueno;67.22;Bueno;Bueno;Bueno
2025-10-13;11:00;55;38.46;44.42;34.17;Bueno;98.70;Bueno;13;9.54;10.08;20.17;Bueno;67.22;Bueno;Bueno;Bueno
2025-10-13;12:00;54;39.33;44.42;34.17;Bueno;98.70;Bueno;17;9.96;10.08;20.17;Bueno;67.22;Bueno;Bueno;Bueno
2025-10-13;13:00;49;39.75;44.42;34.17;Bueno;98.70;Bueno;11;10.00;10.08;20.17;Bueno;67.22;Bueno;Bueno;Bueno
2025-10-13;14:00;41;40.21;44.42;34.17;Bueno;98.70;Bueno;7;9.83;10.08;20.17;Bueno;67.22;Bueno;Bueno;Bueno
2025-10-13;15:00;38;40.75;44.42;34.17;Bueno;98.70;Bueno;7;9.71;10.08;20.17;Bueno;67.22;Bueno;Bueno;Bueno
2025-10-13;16:00;36;41.46;44.42;34.17;Bueno;98.70;Bueno;5;9.62;10.08;20.17;Bueno;67.22;Bueno;Bueno;Bueno
2025-10-13;17:00;30;41.79;44.42;34.17;Bueno;98.70;Bueno;5;9.62;10.08;20.17;Bueno;67.22;Bueno;Bueno;Bueno
2025-10-13;18:00;39;42.46;44.42;34.17;Bueno;98.70;Bueno;8;9.62;10.08;20.17;Bueno;67.22;Bueno;Bueno;Bueno
2025-10-13;19:00;42;42.88;44.42;34.17;Bueno;98.70;Bueno;9;9.67;10.08;20.17;Bueno;67.22;Bueno;Bueno;Bueno
2025-10-13;20:00;41;43.62;44.42;34.17;Bueno;98.70;Bueno;7;9.75;10.08;20.17;Bueno;67.22;Bueno;Bueno;Bueno
2025-10-13;21:00;33;44.12;44.42;34.17;Bueno;98.70;Bueno;7;9.75;10.08;20.17;Bueno;67.22;Bueno;Bueno;Bueno
2025-10-13;22:00;29;44.33;44.42;34.17;Bueno;98.70;Bueno;8;9.96;10.08;20.17;Bueno;67.22;Bueno;Bueno;Bueno
2025-10-13;23:00;27;44.42;44.42;34.17;Bueno;98.70;Bueno;4;10.08;10.08;20.17;Bueno;67.22;Bueno;Bueno;Bueno
2025-10-14;00:00;15;44.00;44.58;34.29;Bueno;99.07;Bueno;1;9.83;11.25;22.50;Bueno;75.00;Bueno;Bueno;Bueno
2025-10-14;01:00;17;43.71;44.58;34.29;Bueno;99.07;Bueno;4;9.79;11.25;22.50;Bueno;75.00;Bueno;Bueno;Bueno
2025-10-14;02:00;16;43.38;44.58;34.29;Bueno;99.07;Bueno;4;9.75;11.25;22.50;Bueno;75.00;Bueno;Bueno;Bueno
2025-10-14;03:00;25;43.25;44.58;34.29;Bueno;99.07;Bueno;9;9.83;11.25;22.50;Bueno;75.00;Bueno;Bueno;Bueno
2025-10-14;04:00;33;43.75;44.58;34.29;Bueno;99.07;Bueno;9;9.92;11.25;22.50;Bueno;75.00;Bueno;Bueno;Bueno
2025-10-14;05:00;36;43.88;44.58;34.29;Bueno;99.07;Bueno;14;10.08;11.25;22.50;Bueno;75.00;Bueno;Bueno;Bueno
2025-10-14;06:00;67;41.46;44.58;34.29;Bueno;99.07;Bueno;15;9.79;11.25;22.50;Bueno;75.00;Bueno;Bueno;Bueno
2025-10-14;07:00;77;41.04;44.58;34.29;Bueno;99.07;Bueno;29;10.25;11.25;22.50;Bueno;75.00;Bueno;Bueno;Bueno
2025-10-14;08:00;87;42.12;44.58;34.29;Bueno;99.07;Bueno;27;10.58;11.25;22.50;Bueno;75.00;Bueno;Bueno;Bueno
2025-10-14;09:00;49;41.71;44.58;34.29;Bueno;99.07;Bueno;16;10.58;11.25;22.50;Bueno;75.00;Bueno;Bueno;Bueno
2025-10-14;10:00;49;41.04;44.58;34.29;Bueno;99.07;Bueno;7;10.12;11.25;22.50;Bueno;75.00;Bueno;Bueno;Bueno
2025-10-14;11:00;49;40.79;44.58;34.29;Bueno;99.07;Bueno;11;10.04;11.25;22.50;Bueno;75.00;Bueno;Bueno;Bueno
2025-10-14;12:00;50;40.62;44.58;34.29;Bueno;99.07;Bueno;11;9.79;11.25;22.50;Bueno;75.00;Bueno;Bueno;Bueno
2025-10-14;13:00;48;40.58;44.58;34.29;Bueno;99.07;Bueno;12;9.83;11.25;22.50;Bueno;75.00;Bueno;Bueno;Bueno
2025-10-14;14:00;53;41.08;44.58;34.29;Bueno;99.07;Bueno;11;10.00;11.25;22.50;Bueno;75.00;Bueno;Bueno;Bueno
2025-10-14;15:00;58;41.92;44.58;34.29;Bueno;99.07;Bueno;12;10.21;11.25;22.50;Bueno;75.00;Bueno;Bueno;Bueno
2025-10-14;16:00;58;42.83;44.58;34.29;Bueno;99.07;Bueno;9;10.38;11.25;22.50;Bueno;75.00;Bueno;Bueno;Bueno
2025-10-14;17:00;64;44.25;44.58;34.29;Bueno;99.07;Bueno;12;10.67;11.25;22.50;Bueno;75.00;Bueno;Bueno;Bueno
2025-10-14;18:00;57;45.00;44.58;34.29;Bueno;99.07;Bueno;12;10.83;11.25;22.50;Bueno;75.00;Bueno;Bueno;Bueno
2025-10-14;19:00;42;45.00;44.58;34.29;Bueno;99.07;Bueno;10;10.88;11.25;22.50;Bueno;75.00;Bueno;Bueno;Bueno
2025-10-14;20:00;33;44.67;44.58;34.29;Bueno;99.07;Bueno;7;10.88;11.25;22.50;Bueno;75.00;Bueno;Bueno;Bueno
2025-10-14;21:00;30;44.54;44.58;34.29;Bueno;99.07;Bueno;10;11.00;11.25;22.50;Bueno;75.00;Bueno;Bueno;Bueno
2025-10-14;22:00;32;44.67;44.58;34.29;Bueno;99.07;Bueno;9;11.04;11.25;22.50;Bueno;75.00;Bueno;Bueno;Bueno
2025-10-14;23:00;25;44.58;44.58;34.29;Bueno;99.07;Bueno;9;11.25;11.25;22.50;Bueno;75.00;Bueno;Bueno;Bueno
2025-10-15;00:00;26;45.04;36.38;27.98;Bueno;80.83;Bueno;11;11.67;12.92;25.83;Bueno;86.11;Bueno;Bueno;Bueno
2025-10-15;01:00;25;45.38;36.38;27.98;Bueno;80.83;Bueno;10;11.92;12.92;25.83;Bueno;86.11;Bueno;Bueno;Bueno
2025-10-15;02:00;24;45.71;36.38;27.98;Bueno;80.83;Bueno;12;12.25;12.92;25.83;Bueno;86.11;Bueno;Bueno;Bueno
2025-10-15;03:00;21;45.54;36.38;27.98;Bueno;80.83;Bueno;13;12.42;12.92;25.83;Bueno;86.11;Bueno;Bueno;Bueno
2025-10-15;04:00;29;45.38;36.38;27.98;Bueno;80.83;Bueno;13;12.58;12.92;25.83;Bueno;86.11;Bueno;Bueno;Bueno
2025-10-15;05:00;36;45.38;36.38;27.98;Bueno;80.83;Bueno;14;12.58;12.92;25.83;Bueno;86.11;Bueno;Bueno;Bueno
2025-10-15;06:00;34;44.00;36.38;27.98;Bueno;80.83;Bueno;13;12.50;12.92;25.83;Bueno;86.11;Bueno;Bueno;Bueno
2025-10-15;07:00;46;42.71;36.38;27.98;Bueno;80.83;Bueno;14;11.88;12.92;25.83;Bueno;86.11;Bueno;Bueno;Bueno
2025-10-15;08:00;45;40.96;36.38;27.98;Bueno;80.83;Bueno;25;11.79;12.92;25.83;Bueno;86.11;Bueno;Bueno;Bueno
2025-10-15;09:00;47;40.88;36.38;27.98;Bueno;80.83;Bueno;22;12.04;12.92;25.83;Bueno;86.11;Bueno;Bueno;Bueno
2025-10-15;10:00;70;41.75;36.38;27.98;Bueno;80.83;Bueno;28;12.92;12.92;25.83;Bueno;86.11;Bueno;Bueno;Bueno
2025-10-15;11:00;50;41.79;36.38;27.98;Bueno;80.83;Bueno;20;13.29;12.92;25.83;Bueno;86.11;Bueno;Bueno;Bueno
2025-10-15;12:00;56;42.04;36.38;27.98;Bueno;80.83;Bueno;24;13.83;12.92;25.83;Bueno;86.11;Bueno;Bueno;Bueno
2025-10-15;13:00;53;42.25;36.38;27.98;Bueno;80.83;Bueno;18;14.08;12.92;25.83;Bueno;86.11;Bueno;Bueno;Bueno
2025-10-15;14:00;34;41.46;36.38;27.98;Bueno;80.83;Bueno;6;13.88;12.92;25.83;Bueno;86.11;Bueno;Bueno;Bueno
2025-10-15;15:00;31;40.33;36.38;27.98;Bueno;80.83;Bueno;4;13.54;12.92;25.83;Bueno;86.11;Bueno;Bueno;Bueno
2025-10-15;16:00;30;39.17;36.38;27.98;Bueno;80.83;Bueno;5;13.38;12.92;25.83;Bueno;86.11;Bueno;Bueno;Bueno
2025-10-15;17:00;24;37.50;36.38;27.98;Bueno;80.83;Bueno;5;13.08;12.92;25.83;Bueno;86.11;Bueno;Bueno;Bueno
2025-10-15;18:00;26;36.21;36.38;27.98;Bueno;80.83;Bueno;9;12.96;12.92;25.83;Bueno;86.11;Bueno;Bueno;Bueno
2025-10-15;19:00;31;35.75;36.38;27.98;Bueno;80.83;Bueno;9;12.92;12.92;25.83;Bueno;86.11;Bueno;Bueno;Bueno
2025-10-15;20:00;31;35.67;36.38;27.98;Bueno;80.83;Bueno;7;12.92;12.92;25.83;Bueno;86.11;Bueno;Bueno;Bueno
2025-10-15;21:00;35;35.88;36.38;27.98;Bueno;80.83;Bueno;9;12.88;12.92;25.83;Bueno;86.11;Bueno;Bueno;Bueno
2025-10-15;22:00;37;36.08;36.38;27.98;Bueno;80.83;Bueno;9;12.88;12.92;25.83;Bueno;86.11;Bueno;Bueno;Bueno
2025-10-15;23:00;32;36.38;36.38;27.98;Bueno;80.83;Bueno;10;12.92;12.92;25.83;Bueno;86.11;Bueno;Bueno;Bueno
2025-10-16;00:00;33;36.67;44.14;33.95;Bueno;98.08;Bueno;12;12.96;12.54;25.08;Bueno;83.61;Bueno;Bueno;Bueno
2025-10-16;01:00;34;37.04;44.14;33.95;Bueno;98.08;Bueno;16;13.21;12.54;25.08;Bueno;83.61;Bueno;Bueno;Bueno
2025-10-16;02:00;34;37.46;44.14;33.95;Bueno;98.08;Bueno;13;13.25;12.54;25.08;Bueno;83.61;Bueno;Bueno;Bueno
2025-10-16;03:00;45;38.46;44.14;33.95;Bueno;98.08;Bueno;19;13.50;12.54;25.08;Bueno;83.61;Bueno;Bueno;Bueno
2025-10-16;04:00;43;39.04;44.14;33.95;Bueno;98.08;Bueno;16;13.62;12.54;25.08;Bueno;83.61;Bueno;Bueno;Bueno
2025-10-16;05:00;55;39.83;44.14;33.95;Bueno;98.08;Bueno;19;13.83;12.54;25.08;Bueno;83.61;Bueno;Bueno;Bueno
2025-10-16;06:00;64;41.08;44.14;33.95;Bueno;98.08;Bueno;25;14.33;12.54;25.08;Bueno;83.61;Bueno;Bueno;Bueno
2025-10-16;07:00;86;42.75;44.14;33.95;Bueno;98.08;Bueno;23;14.71;12.54;25.08;Bueno;83.61;Bueno;Bueno;Bueno
2025-10-16;08:00;46;42.79;44.14;33.95;Bueno;98.08;Bueno;13;14.21;12.54;25.08;Bueno;83.61;Bueno;Bueno;Bueno
2025-10-16;09:00;43;42.62;44.14;33.95;Bueno;98.08;Bueno;14;13.88;12.54;25.08;Bueno;83.61;Bueno;Bueno;Bueno
2025-10-16;10:00;56;42.04;44.14;33.95;Bueno;98.08;Bueno;17;13.42;12.54;25.08;Bueno;83.61;Bueno;Bueno;Bueno
2025-10-16;11:00;;41.70;44.14;33.95;Bueno;98.08;Bueno;11;13.04;12.54;25.08;Bueno;83.61;Bueno;Bueno;Bueno
2025-10-16;12:00;;41.05;44.14;33.95;Bueno;98.08;Bueno;10;12.46;12.54;25.08;Bueno;83.61;Bueno;Bueno;Bueno
2025-10-16;13:00;60;41.36;44.14;33.95;Bueno;98.08;Bueno;10;12.12;12.54;25.08;Bueno;83.61;Bueno;Bueno;Bueno
2025-10-16;14:00;43;41.77;44.14;33.95;Bueno;98.08;Bueno;9;12.25;12.54;25.08;Bueno;83.61;Bueno;Bueno;Bueno
2025-10-16;15:00;42;42.27;44.14;33.95;Bueno;98.08;Bueno;11;12.54;12.54;25.08;Bueno;83.61;Bueno;Bueno;Bueno
2025-10-16;16:00;39;42.68;44.14;33.95;Bueno;98.08;Bueno;8;12.67;12.54;25.08;Bueno;83.61;Bueno;Bueno;Bueno
2025-10-16;17:00;38;43.32;44.14;33.95;Bueno;98.08;Bueno;8;12.79;12.54;25.08;Bueno;83.61;Bueno;Bueno;Bueno
2025-10-16;18:00;33;43.64;44.14;33.95;Bueno;98.08;Bueno;6;12.67;12.54;25.08;Bueno;83.61;Bueno;Bueno;Bueno
2025-10-16;19:00;44;44.23;44.14;33.95;Bueno;98.08;Bueno;10;12.71;12.54;25.08;Bueno;83.61;Bueno;Bueno;Bueno
2025-10-16;20:00;35;44.41;44.14;33.95;Bueno;98.08;Bueno;8;12.75;12.54;25.08;Bueno;83.61;Bueno;Bueno;Bueno
2025-10-16;21:00;36;44.45;44.14;33.95;Bueno;98.08;Bueno;10;12.79;12.54;25.08;Bueno;83.61;Bueno;Bueno;Bueno
2025-10-16;22:00;30;44.14;44.14;33.95;Bueno;98.08;Bueno;7;12.71;12.54;25.08;Bueno;83.61;Bueno;Bueno;Bueno
2025-10-16;23:00;32;44.14;44.14;33.95;Bueno;98.08;Bueno;6;12.54;12.54;25.08;Bueno;83.61;Bueno;Bueno;Bueno
2025-10-17;00:00;33;44.14;62.21;47.85;Bueno;128.26;Regular;6;12.29;14.62;29.25;Bueno;97.50;Bueno;Bueno;Regular
2025-10-17;01:00;32;44.05;62.21;47.85;Bueno;128.26;Regular;10;12.04;14.62;29.25;Bueno;97.50;Bueno;Bueno;Regular
2025-10-17;02:00;44;44.50;62.21;47.85;Bueno;128.26;Regular;13;12.04;14.62;29.25;Bueno;97.50;Bueno;Bueno;Regular
2025-10-17;03:00;46;44.55;62.21;47.85;Bueno;128.26;Regular;18;12.00;14.62;29.25;Bueno;97.50;Bueno;Bueno;Regular
2025-10-17;04:00;44;44.59;62.21;47.85;Bueno;128.26;Regular;15;11.96;14.62;29.25;Bueno;97.50;Bueno;Bueno;Regular
2025-10-17;05:00;61;44.86;62.21;47.85;Bueno;128.26;Regular;16;11.83;14.62;29.25;Bueno;97.50;Bueno;Bueno;Regular
2025-10-17;06:00;153;48.91;62.21;47.85;Bueno;128.26;Regular;23;11.75;14.62;29.25;Bueno;97.50;Bueno;Bueno;Regular
2025-10-17;07:00;175;52.95;62.21;47.85;Bueno;128.26;Regular;31;12.08;14.62;29.25;Bueno;97.50;Bueno;Bueno;Regular
2025-10-17;08:00;105;55.64;62.21;47.85;Bueno;128.26;Regular;26;12.62;14.62;29.25;Bueno;97.50;Bueno;Bueno;Regular
2025-10-17;09:00;77;57.18;62.21;47.85;Bueno;128.26;Regular;14;12.62;14.62;29.25;Bueno;97.50;Bueno;Bueno;Regular
2025-10-17;10:00;66;57.64;62.21;47.85;Bueno;128.26;Regular;14;12.50;14.62;29.25;Bueno;97.50;Bueno;Bueno;Regular
2025-10-17;11:00;67;58.04;62.21;47.85;Bueno;128.26;Regular;15;12.67;14.62;29.25;Bueno;97.50;Bueno;Bueno;Regular
2025-10-17;12:00;58;58.04;62.21;47.85;Bueno;128.26;Regular;14;12.83;14.62;29.25;Bueno;97.50;Bueno;Bueno;Regular
2025-10-17;13:00;39;57.17;62.21;47.85;Bueno;128.26;Regular;5;12.62;14.62;29.25;Bueno;97.50;Bueno;Bueno;Regular
2025-10-17;14:00;40;57.04;62.21;47.85;Bueno;128.26;Regular;6;12.50;14.62;29.25;Bueno;97.50;Bueno;Bueno;Regular
2025-10-17;15:00;38;56.88;62.21;47.85;Bueno;128.26;Regular;5;12.25;14.62;29.25;Bueno;97.50;Bueno;Bueno;Regular
2025-10-17;16:00;25;56.29;62.21;47.85;Bueno;128.26;Regular;5;12.12;14.62;29.25;Bueno;97.50;Bueno;Bueno;Regular
2025-10-17;17:00;33;56.08;62.21;47.85;Bueno;128.26;Regular;5;12.00;14.62;29.25;Bueno;97.50;Bueno;Bueno;Regular
2025-10-17;18:00;34;56.12;62.21;47.85;Bueno;128.26;Regular;4;11.92;14.62;29.25;Bueno;97.50;Bueno;Bueno;Regular
2025-10-17;19:00;49;56.33;62.21;47.85;Bueno;128.26;Regular;11;11.96;14.62;29.25;Bueno;97.50;Bueno;Bueno;Regular
2025-10-17;20:00;56;57.21;62.21;47.85;Bueno;128.26;Regular;8;11.96;14.62;29.25;Bueno;97.50;Bueno;Bueno;Regular
2025-10-17;21:00;58;58.12;62.21;47.85;Bueno;128.26;Regular;18;12.29;14.62;29.25;Bueno;97.50;Bueno;Bueno;Regular
2025-10-17;22:00;48;58.88;62.21;47.85;Bueno;128.26;Regular;5;12.21;14.62;29.25;Bueno;97.50;Bueno;Bueno;Regular
2025-10-17;23:00;112;62.21;62.21;47.85;Bueno;128.26;Regular;64;14.62;14.62;29.25;Bueno;97.50;Bueno;Bueno;Regular
2025-10-18;00:00;80;64.17;58.58;45.06;Bueno;122.29;Regular;24;15.38;16.00;32.00;Bueno;102.16;Regular;Bueno;Regular
2025-10-18;01:00;58;65.25;58.58;45.06;Bueno;122.29;Regular;22;15.88;16.00;32.00;Bueno;102.16;Regular;Bueno;Regular
2025-10-18;02:00;65;66.12;58.58;45.06;Bueno;122.29;Regular;21;16.21;16.00;32.00;Bueno;102.16;Regular;Bueno;Regular
2025-10-18;03:00;63;66.83;58.58;45.06;Bueno;122.29;Regular;23;16.42;16.00;32.00;Bueno;102.16;Regular;Bueno;Regular
2025-10-18;04:00;55;67.29;58.58;45.06;Bueno;122.29;Regular;16;16.46;16.00;32.00;Bueno;102.16;Regular;Bueno;Regular
2025-10-18;05:00;53;66.96;58.58;45.06;Bueno;122.29;Regular;19;16.58;16.00;32.00;Bueno;102.16;Regular;Bueno;Regular
2025-10-18;06:00;102;64.83;58.58;45.06;Bueno;122.29;Regular;24;16.62;16.00;32.00;Bueno;102.16;Regular;Bueno;Regular
2025-10-18;07:00;104;61.88;58.58;45.06;Bueno;122.29;Regular;37;16.88;16.00;32.00;Bueno;102.16;Regular;Bueno;Regular
2025-10-18;08:00;80;60.83;58.58;45.06;Bueno;122.29;Regular;16;16.46;16.00;32.00;Bueno;102.16;Regular;Bueno;Regular
2025-10-18;09:00;61;60.17;58.58;45.06;Bueno;122.29;Regular;11;16.33;16.00;32.00;Bueno;102.16;Regular;Bueno;Regular
2025-10-18;10:00;54;59.67;58.58;45.06;Bueno;122.29;Regular;14;16.33;16.00;32.00;Bueno;102.16;Regular;Bueno;Regular
2025-10-18;11:00;46;58.79;58.58;45.06;Bueno;122.29;Regular;6;15.96;16.00;32.00;Bueno;102.16;Regular;Bueno;Regular
2025-10-18;12:00;64;59.04;58.58;45.06;Bueno;122.29;Regular;13;15.92;16.00;32.00;Bueno;102.16;Regular;Bueno;Regular
2025-10-18;13:00;43;59.21;58.58;45.06;Bueno;122.29;Regular;10;16.12;16.00;32.00;Bueno;102.16;Regular;Bueno;Regular
2025-10-18;14:00;51;59.67;58.58;45.06;Bueno;122.29;Regular;8;16.21;16.00;32.00;Bueno;102.16;Regular;Bueno;Regular
2025-10-18;15:00;42;59.83;58.58;45.06;Bueno;122.29;Regular;7;16.29;16.00;32.00;Bueno;102.16;Regular;Bueno;Regular
2025-10-18;16:00;46;60.71;58.58;45.06;Bueno;122.29;Regular;8;16.42;16.00;32.00;Bueno;102.16;Regular;Bueno;Regular
2025-10-18;17:00;56;61.67;58.58;45.06;Bueno;122.29;Regular;14;16.79;16.00;32.00;Bueno;102.16;Regular;Bueno;Regular
2025-10-18;18:00;54;62.50;58.58;45.06;Bueno;122.29;Regular;12;17.12;16.00;32.00;Bueno;102.16;Regular;Bueno;Regular
2025-10-18;19:00;57;62.83;58.58;45.06;Bueno;122.29;Regular;14;17.25;16.00;32.00;Bueno;102.16;Regular;Bueno;Regular
2025-10-18;20:00;41;62.21;58.58;45.06;Bueno;122.29;Regular;13;17.46;16.00;32.00;Bueno;102.16;Regular;Bueno;Regular
2025-10-18;21:00;43;61.58;58.58;45.06;Bueno;122.29;Regular;20;17.54;16.00;32.00;Bueno;102.16;Regular;Bueno;Regular
2025-10-18;22:00;32;60.92;58.58;45.06;Bueno;122.29;Regular;8;17.67;16.00;32.00;Bueno;102.16;Regular;Bueno;Regular
2025-10-18;23:00;56;58.58;58.58;45.06;Bueno;122.29;Regular;24;16.00;16.00;32.00;Bueno;102.16;Regular;Bueno;Regular
2025-10-19;00:00;62;57.83;44.25;34.04;Bueno;98.33;Bueno;20;15.83;15.46;30.92;Bueno;100.99;Regular;Bueno;Regular
2025-10-19;01:00;61;57.96;44.25;34.04;Bueno;98.33;Bueno;37;16.46;15.46;30.92;Bueno;100.99;Regular;Bueno;Regular
2025-10-19;02:00;37;56.79;44.25;34.04;Bueno;98.33;Bueno;12;16.08;15.46;30.92;Bueno;100.99;Regular;Bueno;Regular
2025-10-19;03:00;64;56.83;44.25;34.04;Bueno;98.33;Bueno;44;16.96;15.46;30.92;Bueno;100.99;Regular;Bueno;Regular
2025-10-19;04:00;48;56.54;44.25;34.04;Bueno;98.33;Bueno;18;17.04;15.46;30.92;Bueno;100.99;Regular;Bueno;Regular
2025-10-19;05:00;56;56.67;44.25;34.04;Bueno;98.33;Bueno;30;17.50;15.46;30.92;Bueno;100.99;Regular;Bueno;Regular
2025-10-19;06:00;54;54.67;44.25;34.04;Bueno;98.33;Bueno;26;17.58;15.46;30.92;Bueno;100.99;Regular;Bueno;Regular
2025-10-19;07:00;53;52.54;44.25;34.04;Bueno;98.33;Bueno;21;16.92;15.46;30.92;Bueno;100.99;Regular;Bueno;Regular
2025-10-19;08:00;59;51.67;44.25;34.04;Bueno;98.33;Bueno;20;17.08;15.46;30.92;Bueno;100.99;Regular;Bueno;Regular
2025-10-19;09:00;55;51.42;44.25;34.04;Bueno;98.33;Bueno;21;17.50;15.46;30.92;Bueno;100.99;Regular;Bueno;Regular
2025-10-19;10:00;56;51.50;44.25;34.04;Bueno;98.33;Bueno;17;17.62;15.46;30.92;Bueno;100.99;Regular;Bueno;Regular
2025-10-19;11:00;47;51.54;44.25;34.04;Bueno;98.33;Bueno;11;17.83;15.46;30.92;Bueno;100.99;Regular;Bueno;Regular
2025-10-19;12:00;41;50.58;44.25;34.04;Bueno;98.33;Bueno;12;17.79;15.46;30.92;Bueno;100.99;Regular;Bueno;Regular
2025-10-19;13:00;40;50.46;44.25;34.04;Bueno;98.33;Bueno;13;17.92;15.46;30.92;Bueno;100.99;Regular;Bueno;Regular
2025-10-19;14:00;45;50.21;44.25;34.04;Bueno;98.33;Bueno;8;17.92;15.46;30.92;Bueno;100.99;Regular;Bueno;Regular
2025-10-19;15:00;33;49.83;44.25;34.04;Bueno;98.33;Bueno;7;17.92;15.46;30.92;Bueno;100.99;Regular;Bueno;Regular
2025-10-19;16:00;32;49.25;44.25;34.04;Bueno;98.33;Bueno;8;17.92;15.46;30.92;Bueno;100.99;Regular;Bueno;Regular
2025-10-19;17:00;50;49.00;44.25;34.04;Bueno;98.33;Bueno;11;17.79;15.46;30.92;Bueno;100.99;Regular;Bueno;Regular
2025-10-19;18:00;32;48.08;44.25;34.04;Bueno;98.33;Bueno;5;17.50;15.46;30.92;Bueno;100.99;Regular;Bueno;Regular
2025-10-19;19:00;26;46.79;44.25;34.04;Bueno;98.33;Bueno;3;17.04;15.46;30.92;Bueno;100.99;Regular;Bueno;Regular
2025-10-19;20:00;22;46.00;44.25;34.04;Bueno;98.33;Bueno;4;16.67;15.46;30.92;Bueno;100.99;Regular;Bueno;Regular
2025-10-19;21:00;26;45.29;44.25;34.04;Bueno;98.33;Bueno;5;16.04;15.46;30.92;Bueno;100.99;Regular;Bueno;Regular
2025-10-19;22:00;22;44.88;44.25;34.04;Bueno;98.33;Bueno;5;15.92;15.46;30.92;Bueno;100.99;Regular;Bueno;Regular
2025-10-19;23:00;41;44.25;44.25;34.04;Bueno;98.33;Bueno;13;15.46;15.46;30.92;Bueno;100.99;Regular;Bueno;Regular
2025-10-20;00:00;28;42.83;54.58;41.99;Bueno;115.72;Regular;9;15.00;10.21;20.42;Bueno;68.06;Bueno;Bueno;Regular
2025-10-20;01:00;26;41.38;54.58;41.99;Bueno;115.72;Regular;5;13.67;10.21;20.42;Bueno;68.06;Bueno;Bueno;Regular
2025-10-20;02:00;30;41.08;54.58;41.99;Bueno;115.72;Regular;7;13.46;10.21;20.42;Bueno;68.06;Bueno;Bueno;Regular
2025-10-20;03:00;33;39.79;54.58;41.99;Bueno;115.72;Regular;8;11.96;10.21;20.42;Bueno;68.06;Bueno;Bueno;Regular
2025-10-20;04:00;35;39.25;54.58;41.99;Bueno;115.72;Regular;6;11.46;10.21;20.42;Bueno;68.06;Bueno;Bueno;Regular
2025-10-20;05:00;36;38.42;54.58;41.99;Bueno;115.72;Regular;12;10.71;10.21;20.42;Bueno;68.06;Bueno;Bueno;Regular
2025-10-20;06:00;142;42.08;54.58;41.99;Bueno;115.72;Regular;12;10.12;10.21;20.42;Bueno;68.06;Bueno;Bueno;Regular
2025-10-20;07:00;177;47.25;54.58;41.99;Bueno;115.72;Regular;27;10.38;10.21;20.42;Bueno;68.06;Bueno;Bueno;Regular
2025-10-20;08:00;95;48.75;54.58;41.99;Bueno;115.72;Regular;23;10.50;10.21;20.42;Bueno;68.06;Bueno;Bueno;Regular
2025-10-20;09:00;68;49.29;54.58;41.99;Bueno;115.72;Regular;18;10.38;10.21;20.42;Bueno;68.06;Bueno;Bueno;Regular
2025-10-20;10:00;56;49.29;54.58;41.99;Bueno;115.72;Regular;13;10.21;10.21;20.42;Bueno;68.06;Bueno;Bueno;Regular
2025-10-20;11:00;52;49.50;54.58;41.99;Bueno;115.72;Regular;10;10.17;10.21;20.42;Bueno;68.06;Bueno;Bueno;Regular
2025-10-20;12:00;64;50.46;54.58;41.99;Bueno;115.72;Regular;15;10.29;10.21;20.42;Bueno;68.06;Bueno;Bueno;Regular
2025-10-20;13:00;58;51.21;54.58;41.99;Bueno;115.72;Regular;15;10.38;10.21;20.42;Bueno;68.06;Bueno;Bueno;Regular
2025-10-20;14:00;53;51.54;54.58;41.99;Bueno;115.72;Regular;9;10.42;10.21;20.42;Bueno;68.06;Bueno;Bueno;Regular
2025-10-20;15:00;47;52.12;54.58;41.99;Bueno;115.72;Regular;7;10.42;10.21;20.42;Bueno;68.06;Bueno;Bueno;Regular
2025-10-20;16:00;35;52.25;54.58;41.99;Bueno;115.72;Regular;7;10.38;10.21;20.42;Bueno;68.06;Bueno;Bueno;Regular
2025-10-20;17:00;51;52.29;54.58;41.99;Bueno;115.72;Regular;5;10.12;10.21;20.42;Bueno;68.06;Bueno;Bueno;Regular
2025-10-20;18:00;36;52.46;54.58;41.99;Bueno;115.72;Regular;4;10.08;10.21;20.42;Bueno;68.06;Bueno;Bueno;Regular
2025-10-20;19:00;41;53.08;54.58;41.99;Bueno;115.72;Regular;6;10.21;10.21;20.42;Bueno;68.06;Bueno;Bueno;Regular
2025-10-20;20:00;40;53.83;54.58;41.99;Bueno;115.72;Regular;10;10.46;10.21;20.42;Bueno;68.06;Bueno;Bueno;Regular
2025-10-20;21:00;36;54.25;54.58;41.99;Bueno;115.72;Regular;9;10.62;10.21;20.42;Bueno;68.06;Bueno;Bueno;Regular
2025-10-20;22:00;32;54.67;54.58;41.99;Bueno;115.72;Regular;5;10.62;10.21;20.42;Bueno;68.06;Bueno;Bueno;Regular
2025-10-20;23:00;39;54.58;54.58;41.99;Bueno;115.72;Regular;3;10.21;10.21;20.42;Bueno;68.06;Bueno;Bueno;Regular
2025-10-21;00:00;26;54.50;61.25;47.12;Bueno;126.68;Regular;7;10.12;11.17;22.33;Bueno;74.44;Bueno;Bueno;Regular
2025-10-21;01:00;49;55.46;61.25;47.12;Bueno;126.68;Regular;12;10.42;11.17;22.33;Bueno;74.44;Bueno;Bueno;Regular
2025-10-21;02:00;42;55.96;61.25;47.12;Bueno;126.68;Regular;7;10.42;11.17;22.33;Bueno;74.44;Bueno;Bueno;Regular
2025-10-21;03:00;44;56.42;61.25;47.12;Bueno;126.68;Regular;9;10.46;11.17;22.33;Bueno;74.44;Bueno;Bueno;Regular
2025-10-21;04:00;48;56.96;61.25;47.12;Bueno;126.68;Regular;8;10.54;11.17;22.33;Bueno;74.44;Bueno;Bueno;Regular
2025-10-21;05:00;57;57.83;61.25;47.12;Bueno;126.68;Regular;12;10.54;11.17;22.33;Bueno;74.44;Bueno;Bueno;Regular
2025-10-21;06:00;104;56.25;61.25;47.12;Bueno;126.68;Regular;16;10.71;11.17;22.33;Bueno;74.44;Bueno;Bueno;Regular
2025-10-21;07:00;114;53.62;61.25;47.12;Bueno;126.68;Regular;20;10.42;11.17;22.33;Bueno;74.44;Bueno;Bueno;Regular
2025-10-21;08:00;75;52.79;61.25;47.12;Bueno;126.68;Regular;16;10.12;11.17;22.33;Bueno;74.44;Bueno;Bueno;Regular
2025-10-21;09:00;149;56.17;61.25;47.12;Bueno;126.68;Regular;26;10.46;11.17;22.33;Bueno;74.44;Bueno;Bueno;Regular
2025-10-21;10:00;63;56.46;61.25;47.12;Bueno;126.68;Regular;9;10.29;11.17;22.33;Bueno;74.44;Bueno;Bueno;Regular
2025-10-21;11:00;66;57.04;61.25;47.12;Bueno;126.68;Regular;10;10.29;11.17;22.33;Bueno;74.44;Bueno;Bueno;Regular
2025-10-21;12:00;66;57.12;61.25;47.12;Bueno;126.68;Regular;14;10.25;11.17;22.33;Bueno;74.44;Bueno;Bueno;Regular
2025-10-21;13:00;64;57.38;61.25;47.12;Bueno;126.68;Regular;14;10.21;11.17;22.33;Bueno;74.44;Bueno;Bueno;Regular
2025-10-21;14:00;56;57.50;61.25;47.12;Bueno;126.68;Regular;12;10.33;11.17;22.33;Bueno;74.44;Bueno;Bueno;Regular
2025-10-21;15:00;60;58.04;61.25;47.12;Bueno;126.68;Regular;14;10.62;11.17;22.33;Bueno;74.44;Bueno;Bueno;Regular
2025-10-21;16:00;56;58.92;61.25;47.12;Bueno;126.68;Regular;8;10.67;11.17;22.33;Bueno;74.44;Bueno;Bueno;Regular
2025-10-21;17:00;54;59.04;61.25;47.12;Bueno;126.68;Regular;9;10.83;11.17;22.33;Bueno;74.44;Bueno;Bueno;Regular
2025-10-21;18:00;49;59.58;61.25;47.12;Bueno;126.68;Regular;9;11.04;11.17;22.33;Bueno;74.44;Bueno;Bueno;Regular
2025-10-21;19:00;49;59.92;61.25;47.12;Bueno;126.68;Regular;7;11.08;11.17;22.33;Bueno;74.44;Bueno;Bueno;Regular
2025-10-21;20:00;45;60.12;61.25;47.12;Bueno;126.68;Regular;7;10.96;11.17;22.33;Bueno;74.44;Bueno;Bueno;Regular
2025-10-21;21:00;48;60.62;61.25;47.12;Bueno;126.68;Regular;6;10.83;11.17;22.33;Bueno;74.44;Bueno;Bueno;Regular
2025-10-21;22:00;42;61.04;61.25;47.12;Bueno;126.68;Regular;4;10.79;11.17;22.33;Bueno;74.44;Bueno;Bueno;Regular
2025-10-21;23:00;44;61.25;61.25;47.12;Bueno;126.68;Regular;12;11.17;11.17;22.33;Bueno;74.44;Bueno;Bueno;Regular
2025-10-22;00:00;38;61.75;60.67;46.67;Bueno;125.72;Regular;10;11.29;12.38;24.75;Bueno;82.50;Bueno;Bueno;Regular
2025-10-22;01:00;42;61.46;60.67;46.67;Bueno;125.72;Regular;9;11.17;12.38;24.75;Bueno;82.50;Bueno;Bueno;Regular
2025-10-22;02:00;47;61.67;60.67;46.67;Bueno;125.72;Regular;10;11.29;12.38;24.75;Bueno;82.50;Bueno;Bueno;Regular
2025-10-22;03:00;42;61.58;60.67;46.67;Bueno;125.72;Regular;9;11.29;12.38;24.75;Bueno;82.50;Bueno;Bueno;Regular
2025-10-22;04:00;39;61.21;60.67;46.67;Bueno;125.72;Regular;11;11.42;12.38;24.75;Bueno;82.50;Bueno;Bueno;Regular
2025-10-22;05:00;54;61.08;60.67;46.67;Bueno;125.72;Regular;13;11.46;12.38;24.75;Bueno;82.50;Bueno;Bueno;Regular
2025-10-22;06:00;117;61.62;60.67;46.67;Bueno;125.72;Regular;24;11.79;12.38;24.75;Bueno;82.50;Bueno;Bueno;Regular
2025-10-22;07:00;91;60.67;60.67;46.67;Bueno;125.72;Regular;17;11.67;12.38;24.75;Bueno;82.50;Bueno;Bueno;Regular
2025-10-22;08:00;79;60.83;60.67;46.67;Bueno;125.72;Regular;22;11.92;12.38;24.75;Bueno;82.50;Bueno;Bueno;Regular
2025-10-22;09:00;81;58.00;60.67;46.67;Bueno;125.72;Regular;21;11.71;12.38;24.75;Bueno;82.50;Bueno;Bueno;Regular
2025-10-22;10:00;82;58.79;60.67;46.67;Bueno;125.72;Regular;21;12.21;12.38;24.75;Bueno;82.50;Bueno;Bueno;Regular
2025-10-22;11:00;83;59.50;60.67;46.67;Bueno;125.72;Regular;21;12.67;12.38;24.75;Bueno;82.50;Bueno;Bueno;Regular
2025-10-22;12:00;72;59.75;60.67;46.67;Bueno;125.72;Regular;18;12.83;12.38;24.75;Bueno;82.50;Bueno;Bueno;Regular
2025-10-22;13:00;63;59.71;60.67;46.67;Bueno;125.72;Regular;13;12.79;12.38;24.75;Bueno;82.50;Bueno;Bueno;Regular
2025-10-22;14:00;44;59.21;60.67;46.67;Bueno;125.72;Regular;11;12.75;12.38;24.75;Bueno;82.50;Bueno;Bueno;Regular
2025-10-22;15:00;43;58.50;60.67;46.67;Bueno;125.72;Regular;9;12.54;12.38;24.75;Bueno;82.50;Bueno;Bueno;Regular
2025-10-22;16:00;105;60.54;60.67;46.67;Bueno;125.72;Regular;8;12.54;12.38;24.75;Bueno;82.50;Bueno;Bueno;Regular
2025-10-22;17:00;87;61.92;60.67;46.67;Bueno;125.72;Regular;7;12.46;12.38;24.75;Bueno;82.50;Bueno;Bueno;Regular
2025-10-22;18:00;69;62.75;60.67;46.67;Bueno;125.72;Regular;12;12.58;12.38;24.75;Bueno;82.50;Bueno;Bueno;Regular
2025-10-22;19:00;67;63.50;60.67;46.67;Bueno;125.72;Regular;9;12.67;12.38;24.75;Bueno;82.50;Bueno;Bueno;Regular
2025-10-22;20:00;42;63.38;60.67;46.67;Bueno;125.72;Regular;7;12.67;12.38;24.75;Bueno;82.50;Bueno;Bueno;Regular
2025-10-22;21:00;24;62.38;60.67;46.67;Bueno;125.72;Regular;5;12.62;12.38;24.75;Bueno;82.50;Bueno;Bueno;Regular
2025-10-22;22:00;24;61.62;60.67;46.67;Bueno;125.72;Regular;6;12.71;12.38;24.75;Bueno;82.50;Bueno;Bueno;Regular
2025-10-22;23:00;21;60.67;60.67;46.67;Bueno;125.72;Regular;4;12.38;12.38;24.75;Bueno;82.50;Bueno;Bueno;Regular
2025-10-23;00:00;21;59.96;46.25;35.58;Bueno;102.05;Regular;4;12.12;8.92;17.83;Bueno;59.44;Bueno;Bueno;Regular
2025-10-23;01:00;17;58.92;46.25;35.58;Bueno;102.05;Regular;4;11.92;8.92;17.83;Bueno;59.44;Bueno;Bueno;Regular
2025-10-23;02:00;17;57.67;46.25;35.58;Bueno;102.05;Regular;5;11.71;8.92;17.83;Bueno;59.44;Bueno;Bueno;Regular
2025-10-23;03:00;38;57.50;46.25;35.58;Bueno;102.05;Regular;9;11.71;8.92;17.83;Bueno;59.44;Bueno;Bueno;Regular
2025-10-23;04:00;44;57.71;46.25;35.58;Bueno;102.05;Regular;10;11.67;8.92;17.83;Bueno;59.44;Bueno;Bueno;Regular
2025-10-23;05:00;48;57.46;46.25;35.58;Bueno;102.05;Regular;12;11.62;8.92;17.83;Bueno;59.44;Bueno;Bueno;Regular
2025-10-23;06:00;76;55.75;46.25;35.58;Bueno;102.05;Regular;14;11.21;8.92;17.83;Bueno;59.44;Bueno;Bueno;Regular
2025-10-23;07:00;52;54.12;46.25;35.58;Bueno;102.05;Regular;11;10.96;8.92;17.83;Bueno;59.44;Bueno;Bueno;Regular
2025-10-23;08:00;60;53.33;46.25;35.58;Bueno;102.05;Regular;18;10.79;8.92;17.83;Bueno;59.44;Bueno;Bueno;Regular
2025-10-23;09:00;72;52.96;46.25;35.58;Bueno;102.05;Regular;13;10.46;8.92;17.83;Bueno;59.44;Bueno;Bueno;Regular
2025-10-23;10:00;69;52.42;46.25;35.58;Bueno;102.05;Regular;15;10.21;8.92;17.83;Bueno;59.44;Bueno;Bueno;Regular
2025-10-23;11:00;73;52.00;46.25;35.58;Bueno;102.05;Regular;14;9.92;8.92;17.83;Bueno;59.44;Bueno;Bueno;Regular
2025-10-23;12:00;71;51.96;46.25;35.58;Bueno;102.05;Regular;11;9.62;8.92;17.83;Bueno;59.44;Bueno;Bueno;Regular
2025-10-23;13:00;71;52.29;46.25;35.58;Bueno;102.05;Regular;9;9.46;8.92;17.83;Bueno;59.44;Bueno;Bueno;Regular
2025-10-23;14:00;61;53.00;46.25;35.58;Bueno;102.05;Regular;10;9.42;8.92;17.83;Bueno;59.44;Bueno;Bueno;Regular
2025-10-23;15:00;55;53.50;46.25;35.58;Bueno;102.05;Regular;9;9.42;8.92;17.83;Bueno;59.44;Bueno;Bueno;Regular
2025-10-23;16:00;49;51.17;46.25;35.58;Bueno;102.05;Regular;12;9.58;8.92;17.83;Bueno;59.44;Bueno;Bueno;Regular
2025-10-23;17:00;39;49.17;46.25;35.58;Bueno;102.05;Regular;8;9.62;8.92;17.83;Bueno;59.44;Bueno;Bueno;Regular
2025-10-23;18:00;36;47.79;46.25;35.58;Bueno;102.05;Regular;7;9.42;8.92;17.83;Bueno;59.44;Bueno;Bueno;Regular
2025-10-23;19:00;35;46.46;46.25;35.58;Bueno;102.05;Regular;4;9.21;8.92;17.83;Bueno;59.44;Bueno;Bueno;Regular
2025-10-23;20:00;31;46.00;46.25;35.58;Bueno;102.05;Regular;5;9.12;8.92;17.83;Bueno;59.44;Bueno;Bueno;Regular
2025-10-23;21:00;27;46.12;46.25;35.58;Bueno;102.05;Regular;4;9.08;8.92;17.83;Bueno;59.44;Bueno;Bueno;Regular
2025-10-23;22:00;24;46.12;46.25;35.58;Bueno;102.05;Regular;4;9.00;8.92;17.83;Bueno;59.44;Bueno;Bueno;Regular
2025-10-23;23:00;24;46.25;46.25;35.58;Bueno;102.05;Regular;2;8.92;8.92;17.83;Bueno;59.44;Bueno;Bueno;Regular
2025-10-24;00:00;26;46.46;42.00;32.31;Bueno;93.33;Bueno;1;8.79;7.04;14.08;Bueno;46.94;Bueno;Bueno;Bueno
2025-10-24;01:00;22;46.67;42.00;32.31;Bueno;93.33;Bueno;5;8.83;7.04;14.08;Bueno;46.94;Bueno;Bueno;Bueno
2025-10-24;02:00;18;46.71;42.00;32.31;Bueno;93.33;Bueno;5;8.83;7.04;14.08;Bueno;46.94;Bueno;Bueno;Bueno
2025-10-24;03:00;21;46.00;42.00;32.31;Bueno;93.33;Bueno;4;8.62;7.04;14.08;Bueno;46.94;Bueno;Bueno;Bueno
2025-10-24;04:00;19;44.96;42.00;32.31;Bueno;93.33;Bueno;7;8.50;7.04;14.08;Bueno;46.94;Bueno;Bueno;Bueno
2025-10-24;05:00;27;44.08;42.00;32.31;Bueno;93.33;Bueno;10;8.42;7.04;14.08;Bueno;46.94;Bueno;Bueno;Bueno
2025-10-24;06:00;28;42.08;42.00;32.31;Bueno;93.33;Bueno;6;8.08;7.04;14.08;Bueno;46.94;Bueno;Bueno;Bueno
2025-10-24;07:00;30;41.17;42.00;32.31;Bueno;93.33;Bueno;5;7.83;7.04;14.08;Bueno;46.94;Bueno;Bueno;Bueno
2025-10-24;08:00;46;40.58;42.00;32.31;Bueno;93.33;Bueno;8;7.42;7.04;14.08;Bueno;46.94;Bueno;Bueno;Bueno
2025-10-24;09:00;49;39.62;42.00;32.31;Bueno;93.33;Bueno;15;7.50;7.04;14.08;Bueno;46.94;Bueno;Bueno;Bueno
2025-10-24;10:00;53;38.96;42.00;32.31;Bueno;93.33;Bueno;12;7.38;7.04;14.08;Bueno;46.94;Bueno;Bueno;Bueno
2025-10-24;11:00;57;38.29;42.00;32.31;Bueno;93.33;Bueno;12;7.29;7.04;14.08;Bueno;46.94;Bueno;Bueno;Bueno
2025-10-24;12:00;49;37.38;42.00;32.31;Bueno;93.33;Bueno;12;7.33;7.04;14.08;Bueno;46.94;Bueno;Bueno;Bueno
2025-10-24;13:00;46;36.33;42.00;32.31;Bueno;93.33;Bueno;10;7.38;7.04;14.08;Bueno;46.94;Bueno;Bueno;Bueno
2025-10-24;14:00;37;35.33;42.00;32.31;Bueno;93.33;Bueno;10;7.38;7.04;14.08;Bueno;46.94;Bueno;Bueno;Bueno
2025-10-24;15:00;34;34.46;42.00;32.31;Bueno;93.33;Bueno;7;7.29;7.04;14.08;Bueno;46.94;Bueno;Bueno;Bueno
2025-10-24;16:00;43;34.21;42.00;32.31;Bueno;93.33;Bueno;5;7.00;7.04;14.08;Bueno;46.94;Bueno;Bueno;Bueno
2025-10-24;17:00;97;36.62;42.00;32.31;Bueno;93.33;Bueno;5;6.88;7.04;14.08;Bueno;46.94;Bueno;Bueno;Bueno
2025-10-24;18:00;114;39.88;42.00;32.31;Bueno;93.33;Bueno;6;6.83;7.04;14.08;Bueno;46.94;Bueno;Bueno;Bueno
2025-10-24;19:00;69;41.29;42.00;32.31;Bueno;93.33;Bueno;6;6.92;7.04;14.08;Bueno;46.94;Bueno;Bueno;Bueno
2025-10-24;20:00;60;42.50;42.00;32.31;Bueno;93.33;Bueno;8;7.04;7.04;14.08;Bueno;46.94;Bueno;Bueno;Bueno
2025-10-24;21:00;25;42.42;42.00;32.31;Bueno;93.33;Bueno;4;7.04;7.04;14.08;Bueno;46.94;Bueno;Bueno;Bueno
2025-10-24;22:00;26;42.50;42.00;32.31;Bueno;93.33;Bueno;3;7.00;7.04;14.08;Bueno;46.94;Bueno;Bueno;Bueno
2025-10-24;23:00;12;42.00;42.00;32.31;Bueno;93.33;Bueno;3;7.04;7.04;14.08;Bueno;46.94;Bueno;Bueno;Bueno
2025-10-25;00:00;15;41.54;28.88;22.21;Bueno;64.17;Bueno;1;7.04;5.00;10.00;Bueno;33.33;Bueno;Bueno;Bueno
2025-10-25;01:00;16;41.29;28.88;22.21;Bueno;64.17;Bueno;1;6.88;5.00;10.00;Bueno;33.33;Bueno;Bueno;Bueno
2025-10-25;02:00;10;40.96;28.88;22.21;Bueno;64.17;Bueno;1;6.71;5.00;10.00;Bueno;33.33;Bueno;Bueno;Bueno
2025-10-25;03:00;13;40.62;28.88;22.21;Bueno;64.17;Bueno;1;6.58;5.00;10.00;Bueno;33.33;Bueno;Bueno;Bueno
2025-10-25;04:00;12;40.33;28.88;22.21;Bueno;64.17;Bueno;2;6.38;5.00;10.00;Bueno;33.33;Bueno;Bueno;Bueno
2025-10-25;05:00;12;39.71;28.88;22.21;Bueno;64.17;Bueno;2;6.04;5.00;10.00;Bueno;33.33;Bueno;Bueno;Bueno
2025-10-25;06:00;23;39.50;28.88;22.21;Bueno;64.17;Bueno;2;5.88;5.00;10.00;Bueno;33.33;Bueno;Bueno;Bueno
2025-10-25;07:00;26;39.33;28.88;22.21;Bueno;64.17;Bueno;3;5.79;5.00;10.00;Bueno;33.33;Bueno;Bueno;Bueno
2025-10-25;08:00;31;38.71;28.88;22.21;Bueno;64.17;Bueno;7;5.75;5.00;10.00;Bueno;33.33;Bueno;Bueno;Bueno
2025-10-25;09:00;29;37.88;28.88;22.21;Bueno;64.17;Bueno;5;5.33;5.00;10.00;Bueno;33.33;Bueno;Bueno;Bueno
2025-10-25;10:00;39;37.29;28.88;22.21;Bueno;64.17;Bueno;5;5.04;5.00;10.00;Bueno;33.33;Bueno;Bueno;Bueno
2025-10-25;11:00;39;36.54;28.88;22.21;Bueno;64.17;Bueno;4;4.71;5.00;10.00;Bueno;33.33;Bueno;Bueno;Bueno
2025-10-25;12:00;45;36.38;28.88;22.21;Bueno;64.17;Bueno;6;4.46;5.00;10.00;Bueno;33.33;Bueno;Bueno;Bueno
2025-10-25;13:00;34;35.88;28.88;22.21;Bueno;64.17;Bueno;6;4.29;5.00;10.00;Bueno;33.33;Bueno;Bueno;Bueno
2025-10-25;14:00;30;35.58;28.88;22.21;Bueno;64.17;Bueno;7;4.17;5.00;10.00;Bueno;33.33;Bueno;Bueno;Bueno
2025-10-25;15:00;28;35.33;28.88;22.21;Bueno;64.17;Bueno;7;4.17;5.00;10.00;Bueno;33.33;Bueno;Bueno;Bueno
2025-10-25;16:00;21;34.42;28.88;22.21;Bueno;64.17;Bueno;3;4.08;5.00;10.00;Bueno;33.33;Bueno;Bueno;Bueno
2025-10-25;17:00;24;31.38;28.88;22.21;Bueno;64.17;Bueno;1;3.92;5.00;10.00;Bueno;33.33;Bueno;Bueno;Bueno
2025-10-25;18:00;23;27.58;28.88;22.21;Bueno;64.17;Bueno;2;3.75;5.00;10.00;Bueno;33.33;Bueno;Bueno;Bueno
2025-10-25;19:00;42;26.46;28.88;22.21;Bueno;64.17;Bueno;8;3.83;5.00;10.00;Bueno;33.33;Bueno;Bueno;Bueno
2025-10-25;20:00;51;26.08;28.88;22.21;Bueno;64.17;Bueno;12;4.00;5.00;10.00;Bueno;33.33;Bueno;Bueno;Bueno
2025-10-25;21:00;40;26.71;28.88;22.21;Bueno;64.17;Bueno;10;4.25;5.00;10.00;Bueno;33.33;Bueno;Bueno;Bueno
2025-10-25;22:00;46;27.54;28.88;22.21;Bueno;64.17;Bueno;13;4.67;5.00;10.00;Bueno;33.33;Bueno;Bueno;Bueno
2025-10-25;23:00;44;28.88;28.88;22.21;Bueno;64.17;Bueno;11;5.00;5.00;10.00;Bueno;33.33;Bueno;Bueno;Bueno
2025-10-26;00:00;46;30.17;35.71;27.47;Bueno;79.35;Bueno;7;5.25;8.17;16.33;Bueno;54.44;Bueno;Bueno;Bueno
2025-10-26;01:00;49;31.54;35.71;27.47;Bueno;79.35;Bueno;11;5.67;8.17;16.33;Bueno;54.44;Bueno;Bueno;Bueno
2025-10-26;02:00;50;33.21;35.71;27.47;Bueno;79.35;Bueno;12;6.12;8.17;16.33;Bueno;54.44;Bueno;Bueno;Bueno
2025-10-26;03:00;43;34.46;35.71;27.47;Bueno;79.35;Bueno;16;6.75;8.17;16.33;Bueno;54.44;Bueno;Bueno;Bueno
2025-10-26;04:00;44;35.79;35.71;27.47;Bueno;79.35;Bueno;10;7.08;8.17;16.33;Bueno;54.44;Bueno;Bueno;Bueno
2025-10-26;05:00;42;37.04;35.71;27.47;Bueno;79.35;Bueno;14;7.58;8.17;16.33;Bueno;54.44;Bueno;Bueno;Bueno
2025-10-26;06:00;50;38.17;35.71;27.47;Bueno;79.35;Bueno;15;8.12;8.17;16.33;Bueno;54.44;Bueno;Bueno;Bueno
2025-10-26;07:00;47;39.04;35.71;27.47;Bueno;79.35;Bueno;16;8.67;8.17;16.33;Bueno;54.44;Bueno;Bueno;Bueno
2025-10-26;08:00;46;39.67;35.71;27.47;Bueno;79.35;Bueno;12;8.88;8.17;16.33;Bueno;54.44;Bueno;Bueno;Bueno
2025-10-26;09:00;38;40.04;35.71;27.47;Bueno;79.35;Bueno;13;9.21;8.17;16.33;Bueno;54.44;Bueno;Bueno;Bueno
2025-10-26;10:00;41;40.12;35.71;27.47;Bueno;79.35;Bueno;7;9.29;8.17;16.33;Bueno;54.44;Bueno;Bueno;Bueno
2025-10-26;11:00;37;40.04;35.71;27.47;Bueno;79.35;Bueno;11;9.58;8.17;16.33;Bueno;54.44;Bueno;Bueno;Bueno
2025-10-26;12:00;47;40.12;35.71;27.47;Bueno;79.35;Bueno;7;9.62;8.17;16.33;Bueno;54.44;Bueno;Bueno;Bueno
2025-10-26;13:00;37;40.25;35.71;27.47;Bueno;79.35;Bueno;10;9.79;8.17;16.33;Bueno;54.44;Bueno;Bueno;Bueno
2025-10-26;14:00;31;40.29;35.71;27.47;Bueno;79.35;Bueno;7;9.79;8.17;16.33;Bueno;54.44;Bueno;Bueno;Bueno
2025-10-26;15:00;22;40.04;35.71;27.47;Bueno;79.35;Bueno;4;9.67;8.17;16.33;Bueno;54.44;Bueno;Bueno;Bueno
2025-10-26;16:00;17;39.88;35.71;27.47;Bueno;79.35;Bueno;1;9.58;8.17;16.33;Bueno;54.44;Bueno;Bueno;Bueno
2025-10-26;17:00;18;39.62;35.71;27.47;Bueno;79.35;Bueno;2;9.62;8.17;16.33;Bueno;54.44;Bueno;Bueno;Bueno
2025-10-26;18:00;26;39.75;35.71;27.47;Bueno;79.35;Bueno;2;9.62;8.17;16.33;Bueno;54.44;Bueno;Bueno;Bueno
2025-10-26;19:00;27;39.12;35.71;27.47;Bueno;79.35;Bueno;5;9.50;8.17;16.33;Bueno;54.44;Bueno;Bueno;Bueno
2025-10-26;20:00;29;38.21;35.71;27.47;Bueno;79.35;Bueno;4;9.17;8.17;16.33;Bueno;54.44;Bueno;Bueno;Bueno
2025-10-26;21:00;27;37.67;35.71;27.47;Bueno;79.35;Bueno;3;8.88;8.17;16.33;Bueno;54.44;Bueno;Bueno;Bueno
2025-10-26;22:00;24;36.75;35.71;27.47;Bueno;79.35;Bueno;3;8.46;8.17;16.33;Bueno;54.44;Bueno;Bueno;Bueno
2025-10-26;23:00;19;35.71;35.71;27.47;Bueno;79.35;Bueno;4;8.17;8.17;16.33;Bueno;54.44;Bueno;Bueno;Bueno
2025-10-27;00:00;13;34.33;37.21;28.62;Bueno;82.69;Bueno;5;8.08;6.21;12.42;Bueno;41.39;Bueno;Bueno;Bueno
2025-10-27;01:00;30;33.54;37.21;28.62;Bueno;82.69;Bueno;8;7.96;6.21;12.42;Bueno;41.39;Bueno;Bueno;Bueno
2025-10-27;02:00;25;32.50;37.21;28.62;Bueno;82.69;Bueno;6;7.71;6.21;12.42;Bueno;41.39;Bueno;Bueno;Bueno
2025-10-27;03:00;26;31.79;37.21;28.62;Bueno;82.69;Bueno;5;7.25;6.21;12.42;Bueno;41.39;Bueno;Bueno;Bueno
2025-10-27;04:00;25;31.00;37.21;28.62;Bueno;82.69;Bueno;4;7.00;6.21;12.42;Bueno;41.39;Bueno;Bueno;Bueno
2025-10-27;05:00;26;30.33;37.21;28.62;Bueno;82.69;Bueno;4;6.58;6.21;12.42;Bueno;41.39;Bueno;Bueno;Bueno
2025-10-27;06:00;71;31.21;37.21;28.62;Bueno;82.69;Bueno;7;6.25;6.21;12.42;Bueno;41.39;Bueno;Bueno;Bueno
2025-10-27;07:00;60;31.75;37.21;28.62;Bueno;82.69;Bueno;10;6.00;6.21;12.42;Bueno;41.39;Bueno;Bueno;Bueno
2025-10-27;08:00;89;33.54;37.21;28.62;Bueno;82.69;Bueno;17;6.21;6.21;12.42;Bueno;41.39;Bueno;Bueno;Bueno
2025-10-27;09:00;54;34.21;37.21;28.62;Bueno;82.69;Bueno;12;6.17;6.21;12.42;Bueno;41.39;Bueno;Bueno;Bueno
2025-10-27;10:00;40;34.17;37.21;28.62;Bueno;82.69;Bueno;7;6.17;6.21;12.42;Bueno;41.39;Bueno;Bueno;Bueno
2025-10-27;11:00;44;34.46;37.21;28.62;Bueno;82.69;Bueno;4;5.88;6.21;12.42;Bueno;41.39;Bueno;Bueno;Bueno
2025-10-27;12:00;46;34.42;37.21;28.62;Bueno;82.69;Bueno;7;5.88;6.21;12.42;Bueno;41.39;Bueno;Bueno;Bueno
2025-10-27;13:00;35;34.33;37.21;28.62;Bueno;82.69;Bueno;4;5.62;6.21;12.42;Bueno;41.39;Bueno;Bueno;Bueno
2025-10-27;14:00;33;34.42;37.21;28.62;Bueno;82.69;Bueno;1;5.38;6.21;12.42;Bueno;41.39;Bueno;Bueno;Bueno
2025-10-27;15:00;33;34.88;37.21;28.62;Bueno;82.69;Bueno;1;5.25;6.21;12.42;Bueno;41.39;Bueno;Bueno;Bueno
2025-10-27;16:00;28;35.33;37.21;28.62;Bueno;82.69;Bueno;3;5.33;6.21;12.42;Bueno;41.39;Bueno;Bueno;Bueno
2025-10-27;17:00;41;36.29;37.21;28.62;Bueno;82.69;Bueno;7;5.54;6.21;12.42;Bueno;41.39;Bueno;Bueno;Bueno
2025-10-27;18:00;39;36.83;37.21;28.62;Bueno;82.69;Bueno;10;5.88;6.21;12.42;Bueno;41.39;Bueno;Bueno;Bueno
2025-10-27;19:00;40;37.38;37.21;28.62;Bueno;82.69;Bueno;7;5.96;6.21;12.42;Bueno;41.39;Bueno;Bueno;Bueno
2025-10-27;20:00;30;37.42;37.21;28.62;Bueno;82.69;Bueno;5;6.00;6.21;12.42;Bueno;41.39;Bueno;Bueno;Bueno
2025-10-27;21:00;24;37.29;37.21;28.62;Bueno;82.69;Bueno;6;6.12;6.21;12.42;Bueno;41.39;Bueno;Bueno;Bueno
2025-10-27;22:00;20;37.12;37.21;28.62;Bueno;82.69;Bueno;5;6.21;6.21;12.42;Bueno;41.39;Bueno;Bueno;Bueno
2025-10-27;23:00;21;37.21;37.21;28.62;Bueno;82.69;Bueno;4;6.21;6.21;12.42;Bueno;41.39;Bueno;Bueno;Bueno
2025-10-28;00:00;31;37.96;49.17;37.82;Bueno;106.83;Regular;5;6.21;9.08;18.17;Bueno;60.56;Bueno;Bueno;Regular
2025-10-28;01:00;38;38.29;49.17;37.82;Bueno;106.83;Regular;6;6.12;9.08;18.17;Bueno;60.56;Bueno;Bueno;Regular
2025-10-28;02:00;25;38.29;49.17;37.82;Bueno;106.83;Regular;5;6.08;9.08;18.17;Bueno;60.56;Bueno;Bueno;Regular
2025-10-28;03:00;17;37.92;49.17;37.82;Bueno;106.83;Regular;6;6.12;9.08;18.17;Bueno;60.56;Bueno;Bueno;Regular
2025-10-28;04:00;36;38.38;49.17;37.82;Bueno;106.83;Regular;7;6.25;9.08;18.17;Bueno;60.56;Bueno;Bueno;Regular
2025-10-28;05:00;50;39.38;49.17;37.82;Bueno;106.83;Regular;10;6.50;9.08;18.17;Bueno;60.56;Bueno;Bueno;Regular
2025-10-28;06:00;82;39.83;49.17;37.82;Bueno;106.83;Regular;20;7.04;9.08;18.17;Bueno;60.56;Bueno;Bueno;Regular
2025-10-28;07:00;108;41.83;49.17;37.82;Bueno;106.83;Regular;21;7.50;9.08;18.17;Bueno;60.56;Bueno;Bueno;Regular
2025-10-28;08:00;101;42.33;49.17;37.82;Bueno;106.83;Regular;24;7.79;9.08;18.17;Bueno;60.56;Bueno;Bueno;Regular
2025-10-28;09:00;94;44.00;49.17;37.82;Bueno;106.83;Regular;22;8.21;9.08;18.17;Bueno;60.56;Bueno;Bueno;Regular
2025-10-28;10:00;72;45.33;49.17;37.82;Bueno;106.83;Regular;12;8.42;9.08;18.17;Bueno;60.56;Bueno;Bueno;Regular
2025-10-28;11:00;63;46.12;49.17;37.82;Bueno;106.83;Regular;10;8.67;9.08;18.17;Bueno;60.56;Bueno;Bueno;Regular
2025-10-28;12:00;48;46.21;49.17;37.82;Bueno;106.83;Regular;7;8.67;9.08;18.17;Bueno;60.56;Bueno;Bueno;Regular
2025-10-28;13:00;40;46.42;49.17;37.82;Bueno;106.83;Regular;5;8.71;9.08;18.17;Bueno;60.56;Bueno;Bueno;Regular
2025-10-28;14:00;46;46.96;49.17;37.82;Bueno;106.83;Regular;4;8.83;9.08;18.17;Bueno;60.56;Bueno;Bueno;Regular
2025-10-28;15:00;32;46.92;49.17;37.82;Bueno;106.83;Regular;3;8.92;9.08;18.17;Bueno;60.56;Bueno;Bueno;Regular
2025-10-28;16:00;33;47.12;49.17;37.82;Bueno;106.83;Regular;3;8.92;9.08;18.17;Bueno;60.56;Bueno;Bueno;Regular
2025-10-28;17:00;33;46.79;49.17;37.82;Bueno;106.83;Regular;2;8.71;9.08;18.17;Bueno;60.56;Bueno;Bueno;Regular
2025-10-28;18:00;39;46.79;49.17;37.82;Bueno;106.83;Regular;5;8.50;9.08;18.17;Bueno;60.56;Bueno;Bueno;Regular
2025-10-28;19:00;45;47.00;49.17;37.82;Bueno;106.83;Regular;10;8.62;9.08;18.17;Bueno;60.56;Bueno;Bueno;Regular
2025-10-28;20:00;43;47.54;49.17;37.82;Bueno;106.83;Regular;8;8.75;9.08;18.17;Bueno;60.56;Bueno;Bueno;Regular
2025-10-28;21:00;40;48.21;49.17;37.82;Bueno;106.83;Regular;8;8.83;9.08;18.17;Bueno;60.56;Bueno;Bueno;Regular
2025-10-28;22:00;29;48.58;49.17;37.82;Bueno;106.83;Regular;7;8.92;9.08;18.17;Bueno;60.56;Bueno;Bueno;Regular
2025-10-28;23:00;35;49.17;49.17;37.82;Bueno;106.83;Regular;8;9.08;9.08;18.17;Bueno;60.56;Bueno;Bueno;Regular
2025-10-29;00:00;34;49.29;69.38;53.37;Bueno;140.09;Regular;10;9.29;12.71;25.42;Bueno;84.72;Bueno;Bueno;Regular
2025-10-29;01:00;41;49.42;69.38;53.37;Bueno;140.09;Regular;10;9.46;12.71;25.42;Bueno;84.72;Bueno;Bueno;Regular
2025-10-29;02:00;65;51.08;69.38;53.37;Bueno;140.09;Regular;10;9.67;12.71;25.42;Bueno;84.72;Bueno;Bueno;Regular
2025-10-29;03:00;44;52.21;69.38;53.37;Bueno;140.09;Regular;12;9.92;12.71;25.42;Bueno;84.72;Bueno;Bueno;Regular
2025-10-29;04:00;43;52.50;69.38;53.37;Bueno;140.09;Regular;11;10.08;12.71;25.42;Bueno;84.72;Bueno;Bueno;Regular
2025-10-29;05:00;59;52.88;69.38;53.37;Bueno;140.09;Regular;8;10.00;12.71;25.42;Bueno;84.72;Bueno;Bueno;Regular
2025-10-29;06:00;98;53.54;69.38;53.37;Bueno;140.09;Regular;24;10.17;12.71;25.42;Bueno;84.72;Bueno;Bueno;Regular
2025-10-29;07:00;152;55.38;69.38;53.37;Bueno;140.09;Regular;29;10.50;12.71;25.42;Bueno;84.72;Bueno;Bueno;Regular
2025-10-29;08:00;111;55.79;69.38;53.37;Bueno;140.09;Regular;20;10.33;12.71;25.42;Bueno;84.72;Bueno;Bueno;Regular
2025-10-29;09:00;69;54.75;69.38;53.37;Bueno;140.09;Regular;16;10.08;12.71;25.42;Bueno;84.72;Bueno;Bueno;Regular
2025-10-29;10:00;74;54.83;69.38;53.37;Bueno;140.09;Regular;12;10.08;12.71;25.42;Bueno;84.72;Bueno;Bueno;Regular
2025-10-29;11:00;78;55.46;69.38;53.37;Bueno;140.09;Regular;7;9.96;12.71;25.42;Bueno;84.72;Bueno;Bueno;Regular
2025-10-29;12:00;71;56.42;69.38;53.37;Bueno;140.09;Regular;4;9.83;12.71;25.42;Bueno;84.72;Bueno;Bueno;Regular
2025-10-29;13:00;126;60.00;69.38;53.37;Bueno;140.09;Regular;9;10.00;12.71;25.42;Bueno;84.72;Bueno;Bueno;Regular
2025-10-29;14:00;155;64.54;69.38;53.37;Bueno;140.09;Regular;42;11.58;12.71;25.42;Bueno;84.72;Bueno;Bueno;Regular
2025-10-29;15:00;85;66.75;69.38;53.37;Bueno;140.09;Regular;18;12.21;12.71;25.42;Bueno;84.72;Bueno;Bueno;Regular
2025-10-29;16:00;84;68.88;69.38;53.37;Bueno;140.09;Regular;14;12.67;12.71;25.42;Bueno;84.72;Bueno;Bueno;Regular
2025-10-29;17:00;55;69.79;69.38;53.37;Bueno;140.09;Regular;14;13.17;12.71;25.42;Bueno;84.72;Bueno;Bueno;Regular
2025-10-29;18:00;51;70.29;69.38;53.37;Bueno;140.09;Regular;5;13.17;12.71;25.42;Bueno;84.72;Bueno;Bueno;Regular
2025-10-29;19:00;38;70.00;69.38;53.37;Bueno;140.09;Regular;9;13.12;12.71;25.42;Bueno;84.72;Bueno;Bueno;Regular
2025-10-29;20:00;39;69.83;69.38;53.37;Bueno;140.09;Regular;10;13.21;12.71;25.42;Bueno;84.72;Bueno;Bueno;Regular
2025-10-29;21:00;32;69.50;69.38;53.37;Bueno;140.09;Regular;6;13.12;12.71;25.42;Bueno;84.72;Bueno;Bueno;Regular
2025-10-29;22:00;32;69.62;69.38;53.37;Bueno;140.09;Regular;3;12.96;12.71;25.42;Bueno;84.72;Bueno;Bueno;Regular
2025-10-29;23:00;29;69.38;69.38;53.37;Bueno;140.09;Regular;2;12.71;12.71;25.42;Bueno;84.72;Bueno;Bueno;Regular
2025-10-30;00:00;20;68.79;56.43;43.41;Bueno;118.76;Regular;3;12.42;14.00;28.00;Bueno;93.33;Bueno;Bueno;Regular
2025-10-30;01:00;20;67.92;56.43;43.41;Bueno;118.76;Regular;4;12.17;14.00;28.00;Bueno;93.33;Bueno;Bueno;Regular
2025-10-30;02:00;19;66.00;56.43;43.41;Bueno;118.76;Regular;2;11.83;14.00;28.00;Bueno;93.33;Bueno;Bueno;Regular
2025-10-30;03:00;34;65.58;56.43;43.41;Bueno;118.76;Regular;8;11.67;14.00;28.00;Bueno;93.33;Bueno;Bueno;Regular
2025-10-30;04:00;31;65.08;56.43;43.41;Bueno;118.76;Regular;7;11.50;14.00;28.00;Bueno;93.33;Bueno;Bueno;Regular
2025-10-30;05:00;42;64.38;56.43;43.41;Bueno;118.76;Regular;8;11.50;14.00;28.00;Bueno;93.33;Bueno;Bueno;Regular
2025-10-30;06:00;105;64.67;56.43;43.41;Bueno;118.76;Regular;20;11.33;14.00;28.00;Bueno;93.33;Bueno;Bueno;Regular
2025-10-30;07:00;157;64.88;56.43;43.41;Bueno;118.76;Regular;24;11.12;14.00;28.00;Bueno;93.33;Bueno;Bueno;Regular
2025-10-30;08:00;99;64.38;56.43;43.41;Bueno;118.76;Regular;16;10.96;14.00;28.00;Bueno;93.33;Bueno;Bueno;Regular
2025-10-30;09:00;66;64.25;56.43;43.41;Bueno;118.76;Regular;7;10.58;14.00;28.00;Bueno;93.33;Bueno;Bueno;Regular
2025-10-30;10:00;59;63.62;56.43;43.41;Bueno;118.76;Regular;5;10.29;14.00;28.00;Bueno;93.33;Bueno;Bueno;Regular
2025-10-30;11:00;58;62.79;56.43;43.41;Bueno;118.76;Regular;40;11.67;14.00;28.00;Bueno;93.33;Bueno;Bueno;Regular
2025-10-30;12:00;40;61.50;56.43;43.41;Bueno;118.76;Regular;23;12.46;14.00;28.00;Bueno;93.33;Bueno;Bueno;Regular
2025-10-30;13:00;;58.70;56.43;43.41;Bueno;118.76;Regular;;12.61;14.00;28.00;Bueno;93.33;Bueno;Bueno;Regular
2025-10-30;14:00;49;54.09;56.43;43.41;Bueno;118.76;Regular;20;11.65;14.00;28.00;Bueno;93.33;Bueno;Bueno;Regular
2025-10-30;15:00;54;52.74;56.43;43.41;Bueno;118.76;Regular;8;11.22;14.00;28.00;Bueno;93.33;Bueno;Bueno;Regular
2025-10-30;16:00;50;51.26;56.43;43.41;Bueno;118.76;Regular;13;11.17;14.00;28.00;Bueno;93.33;Bueno;Bueno;Regular
2025-10-30;17:00;98;53.13;56.43;43.41;Bueno;118.76;Regular;31;11.91;14.00;28.00;Bueno;93.33;Bueno;Bueno;Regular
2025-10-30;18:00;75;54.17;56.43;43.41;Bueno;118.76;Regular;27;12.87;14.00;28.00;Bueno;93.33;Bueno;Bueno;Regular
2025-10-30;19:00;51;54.74;56.43;43.41;Bueno;118.76;Regular;12;13.00;14.00;28.00;Bueno;93.33;Bueno;Bueno;Regular
2025-10-30;20:00;47;55.09;56.43;43.41;Bueno;118.76;Regular;14;13.17;14.00;28.00;Bueno;93.33;Bueno;Bueno;Regular
2025-10-30;21:00;63;56.43;56.43;43.41;Bueno;118.76;Regular;11;13.39;14.00;28.00;Bueno;93.33;Bueno;Bueno;Regular
2025-10-30;22:00;29;56.30;56.43;43.41;Bueno;118.76;Regular;9;13.65;14.00;28.00;Bueno;93.33;Bueno;Bueno;Regular
2025-10-30;23:00;32;56.43;56.43;43.41;Bueno;118.76;Regular;10;14.00;14.00;28.00;Bueno;93.33;Bueno;Bueno;Regular
2025-10-31;00:00;28;56.78;37.58;28.91;Bueno;83.52;Bueno;7;14.17;7.50;15.00;Bueno;50.00;Bueno;Bueno;Bueno
2025-10-31;01:00;22;56.87;37.58;28.91;Bueno;83.52;Bueno;8;14.35;7.50;15.00;Bueno;50.00;Bueno;Bueno;Bueno
2025-10-31;02:00;25;57.13;37.58;28.91;Bueno;83.52;Bueno;4;14.43;7.50;15.00;Bueno;50.00;Bueno;Bueno;Bueno
2025-10-31;03:00;26;56.78;37.58;28.91;Bueno;83.52;Bueno;4;14.26;7.50;15.00;Bueno;50.00;Bueno;Bueno;Bueno
2025-10-31;04:00;25;56.52;37.58;28.91;Bueno;83.52;Bueno;7;14.26;7.50;15.00;Bueno;50.00;Bueno;Bueno;Bueno
2025-10-31;05:00;26;55.83;37.58;28.91;Bueno;83.52;Bueno;8;14.26;7.50;15.00;Bueno;50.00;Bueno;Bueno;Bueno
2025-10-31;06:00;56;53.70;37.58;28.91;Bueno;83.52;Bueno;12;13.91;7.50;15.00;Bueno;50.00;Bueno;Bueno;Bueno
2025-10-31;07:00;45;48.83;37.58;28.91;Bueno;83.52;Bueno;14;13.48;7.50;15.00;Bueno;50.00;Bueno;Bueno;Bueno
2025-10-31;08:00;45;46.48;37.58;28.91;Bueno;83.52;Bueno;12;13.30;7.50;15.00;Bueno;50.00;Bueno;Bueno;Bueno
2025-10-31;09:00;28;44.83;37.58;28.91;Bueno;83.52;Bueno;8;13.35;7.50;15.00;Bueno;50.00;Bueno;Bueno;Bueno
2025-10-31;10:00;41;44.04;37.58;28.91;Bueno;83.52;Bueno;14;13.74;7.50;15.00;Bueno;50.00;Bueno;Bueno;Bueno
2025-10-31;11:00;40;43.26;37.58;28.91;Bueno;83.52;Bueno;10;12.43;7.50;15.00;Bueno;50.00;Bueno;Bueno;Bueno
2025-10-31;12:00;45;43.48;37.58;28.91;Bueno;83.52;Bueno;5;11.65;7.50;15.00;Bueno;50.00;Bueno;Bueno;Bueno
2025-10-31;13:00;36;43.17;37.58;28.91;Bueno;83.52;Bueno;6;11.42;7.50;15.00;Bueno;50.00;Bueno;Bueno;Bueno
2025-10-31;14:00;33;42.50;37.58;28.91;Bueno;83.52;Bueno;7;10.88;7.50;15.00;Bueno;50.00;Bueno;Bueno;Bueno
2025-10-31;15:00;122;45.33;37.58;28.91;Bueno;83.52;Bueno;12;11.04;7.50;15.00;Bueno;50.00;Bueno;Bueno;Bueno
2025-10-31;16:00;77;46.46;37.58;28.91;Bueno;83.52;Bueno;11;10.96;7.50;15.00;Bueno;50.00;Bueno;Bueno;Bueno
2025-10-31;17:00;44;44.21;37.58;28.91;Bueno;83.52;Bueno;7;9.96;7.50;15.00;Bueno;50.00;Bueno;Bueno;Bueno
2025-10-31;18:00;41;42.79;37.58;28.91;Bueno;83.52;Bueno;4;9.00;7.50;15.00;Bueno;50.00;Bueno;Bueno;Bueno
2025-10-31;19:00;23;41.62;37.58;28.91;Bueno;83.52;Bueno;3;8.62;7.50;15.00;Bueno;50.00;Bueno;Bueno;Bueno
2025-10-31;20:00;24;40.67;37.58;28.91;Bueno;83.52;Bueno;3;8.17;7.50;15.00;Bueno;50.00;Bueno;Bueno;Bueno
2025-10-31;21:00;17;38.75;37.58;28.91;Bueno;83.52;Bueno;5;7.92;7.50;15.00;Bueno;50.00;Bueno;Bueno;Bueno
2025-10-31;22:00;18;38.29;37.58;28.91;Bueno;83.52;Bueno;4;7.71;7.50;15.00;Bueno;50.00;Bueno;Bueno;Bueno
2025-10-31;23:00;15;37.58;37.58;28.91;Bueno;83.52;Bueno;5;7.50;7.50;15.00;Bueno;50.00;Bueno;Bueno;Bueno
2025-11-01;00:00;11;36.88;25.25;19.42;Bueno;56.11;Bueno;3;7.33;7.12;14.25;Bueno;47.50;Bueno;Bueno;Bueno
2025-11-01;01:00;15;36.58;25.25;19.42;Bueno;56.11;Bueno;3;7.12;7.12;14.25;Bueno;47.50;Bueno;Bueno;Bueno
2025-11-01;02:00;18;36.29;25.25;19.42;Bueno;56.11;Bueno;4;7.12;7.12;14.25;Bueno;47.50;Bueno;Bueno;Bueno
2025-11-01;03:00;15;35.83;25.25;19.42;Bueno;56.11;Bueno;5;7.17;7.12;14.25;Bueno;47.50;Bueno;Bueno;Bueno
2025-11-01;04:00;16;35.46;25.25;19.42;Bueno;56.11;Bueno;5;7.08;7.12;14.25;Bueno;47.50;Bueno;Bueno;Bueno
2025-11-01;05:00;21;35.25;25.25;19.42;Bueno;56.11;Bueno;4;6.92;7.12;14.25;Bueno;47.50;Bueno;Bueno;Bueno
2025-11-01;06:00;23;33.88;25.25;19.42;Bueno;56.11;Bueno;4;6.58;7.12;14.25;Bueno;47.50;Bueno;Bueno;Bueno
2025-11-01;07:00;19;32.79;25.25;19.42;Bueno;56.11;Bueno;5;6.21;7.12;14.25;Bueno;47.50;Bueno;Bueno;Bueno
2025-11-01;08:00;25;31.96;25.25;19.42;Bueno;56.11;Bueno;13;6.25;7.12;14.25;Bueno;47.50;Bueno;Bueno;Bueno
2025-11-01;09:00;31;32.08;25.25;19.42;Bueno;56.11;Bueno;7;6.21;7.12;14.25;Bueno;47.50;Bueno;Bueno;Bueno
2025-11-01;10:00;22;31.29;25.25;19.42;Bueno;56.11;Bueno;7;5.92;7.12;14.25;Bueno;47.50;Bueno;Bueno;Bueno
2025-11-01;11:00;30;30.88;25.25;19.42;Bueno;56.11;Bueno;9;5.88;7.12;14.25;Bueno;47.50;Bueno;Bueno;Bueno
2025-11-01;12:00;32;30.33;25.25;19.42;Bueno;56.11;Bueno;9;6.04;7.12;14.25;Bueno;47.50;Bueno;Bueno;Bueno
2025-11-01;13:00;24;29.83;25.25;19.42;Bueno;56.11;Bueno;6;6.04;7.12;14.25;Bueno;47.50;Bueno;Bueno;Bueno
2025-11-01;14:00;16;29.12;25.25;19.42;Bueno;56.11;Bueno;5;5.96;7.12;14.25;Bueno;47.50;Bueno;Bueno;Bueno
2025-11-01;15:00;24;25.04;25.25;19.42;Bueno;56.11;Bueno;7;5.75;7.12;14.25;Bueno;47.50;Bueno;Bueno;Bueno
2025-11-01;16:00;15;22.46;25.25;19.42;Bueno;56.11;Bueno;5;5.50;7.12;14.25;Bueno;47.50;Bueno;Bueno;Bueno
2025-11-01;17:00;23;21.58;25.25;19.42;Bueno;56.11;Bueno;4;5.38;7.12;14.25;Bueno;47.50;Bueno;Bueno;Bueno
2025-11-01;18:00;32;21.21;25.25;19.42;Bueno;56.11;Bueno;4;5.38;7.12;14.25;Bueno;47.50;Bueno;Bueno;Bueno
2025-11-01;19:00;39;21.88;25.25;19.42;Bueno;56.11;Bueno;13;5.79;7.12;14.25;Bueno;47.50;Bueno;Bueno;Bueno
2025-11-01;20:00;36;22.38;25.25;19.42;Bueno;56.11;Bueno;14;6.25;7.12;14.25;Bueno;47.50;Bueno;Bueno;Bueno
2025-11-01;21:00;42;23.42;25.25;19.42;Bueno;56.11;Bueno;12;6.54;7.12;14.25;Bueno;47.50;Bueno;Bueno;Bueno
2025-11-01;22:00;44;24.50;25.25;19.42;Bueno;56.11;Bueno;15;7.00;7.12;14.25;Bueno;47.50;Bueno;Bueno;Bueno
2025-11-01;23:00;33;25.25;25.25;19.42;Bueno;56.11;Bueno;8;7.12;7.12;14.25;Bueno;47.50;Bueno;Bueno;Bueno
2025-11-02;00:00;42;26.54;35.83;27.56;Bueno;79.63;Bueno;13;7.54;10.71;21.42;Bueno;71.39;Bueno;Bueno;Bueno
2025-11-02;01:00;37;27.46;35.83;27.56;Bueno;79.63;Bueno;15;8.04;10.71;21.42;Bueno;71.39;Bueno;Bueno;Bueno
2025-11-02;02:00;44;28.54;35.83;27.56;Bueno;79.63;Bueno;13;8.42;10.71;21.42;Bueno;71.39;Bueno;Bueno;Bueno
2025-11-02;03:00;39;29.54;35.83;27.56;Bueno;79.63;Bueno;15;8.83;10.71;21.42;Bueno;71.39;Bueno;Bueno;Bueno
2025-11-02;04:00;34;30.29;35.83;27.56;Bueno;79.63;Bueno;12;9.12;10.71;21.42;Bueno;71.39;Bueno;Bueno;Bueno
2025-11-02;05:00;37;30.96;35.83;27.56;Bueno;79.63;Bueno;14;9.54;10.71;21.42;Bueno;71.39;Bueno;Bueno;Bueno
2025-11-02;06:00;42;31.75;35.83;27.56;Bueno;79.63;Bueno;15;10.00;10.71;21.42;Bueno;71.39;Bueno;Bueno;Bueno
2025-11-02;07:00;46;32.88;35.83;27.56;Bueno;79.63;Bueno;22;10.71;10.71;21.42;Bueno;71.39;Bueno;Bueno;Bueno
2025-11-02;08:00;39;33.46;35.83;27.56;Bueno;79.63;Bueno;16;10.83;10.71;21.42;Bueno;71.39;Bueno;Bueno;Bueno
2025-11-02;09:00;44;34.00;35.83;27.56;Bueno;79.63;Bueno;12;11.04;10.71;21.42;Bueno;71.39;Bueno;Bueno;Bueno
2025-11-02;10:00;38;34.67;35.83;27.56;Bueno;79.63;Bueno;10;11.17;10.71;21.42;Bueno;71.39;Bueno;Bueno;Bueno
2025-11-02;11:00;32;34.75;35.83;27.56;Bueno;79.63;Bueno;9;11.17;10.71;21.42;Bueno;71.39;Bueno;Bueno;Bueno
2025-11-02;12:00;28;34.58;35.83;27.56;Bueno;79.63;Bueno;10;11.21;10.71;21.42;Bueno;71.39;Bueno;Bueno;Bueno
2025-11-02;13:00;29;34.79;35.83;27.56;Bueno;79.63;Bueno;6;11.21;10.71;21.42;Bueno;71.39;Bueno;Bueno;Bueno
2025-11-02;14:00;25;35.17;35.83;27.56;Bueno;79.63;Bueno;5;11.21;10.71;21.42;Bueno;71.39;Bueno;Bueno;Bueno
2025-11-02;15:00;30;35.42;35.83;27.56;Bueno;79.63;Bueno;5;11.12;10.71;21.42;Bueno;71.39;Bueno;Bueno;Bueno
2025-11-02;16:00;42;36.54;35.83;27.56;Bueno;79.63;Bueno;12;11.42;10.71;21.42;Bueno;71.39;Bueno;Bueno;Bueno
2025-11-02;17:00;38;37.17;35.83;27.56;Bueno;79.63;Bueno;10;11.67;10.71;21.42;Bueno;71.39;Bueno;Bueno;Bueno
2025-11-02;18:00;46;37.75;35.83;27.56;Bueno;79.63;Bueno;10;11.92;10.71;21.42;Bueno;71.39;Bueno;Bueno;Bueno
2025-11-02;19:00;43;37.92;35.83;27.56;Bueno;79.63;Bueno;10;11.79;10.71;21.42;Bueno;71.39;Bueno;Bueno;Bueno
2025-11-02;20:00;36;37.92;35.83;27.56;Bueno;79.63;Bueno;8;11.54;10.71;21.42;Bueno;71.39;Bueno;Bueno;Bueno
2025-11-02;21:00;25;37.21;35.83;27.56;Bueno;79.63;Bueno;7;11.33;10.71;21.42;Bueno;71.39;Bueno;Bueno;Bueno
2025-11-02;22:00;22;36.29;35.83;27.56;Bueno;79.63;Bueno;4;10.88;10.71;21.42;Bueno;71.39;Bueno;Bueno;Bueno
2025-11-02;23:00;22;35.83;35.83;27.56;Bueno;79.63;Bueno;4;10.71;10.71;21.42;Bueno;71.39;Bueno;Bueno;Bueno
2025-11-03;00:00;14;34.67;37.21;28.62;Bueno;82.69;Bueno;4;10.33;9.79;19.58;Bueno;65.28;Bueno;Bueno;Bueno
2025-11-03;01:00;26;34.21;37.21;28.62;Bueno;82.69;Bueno;3;9.83;9.79;19.58;Bueno;65.28;Bueno;Bueno;Bueno
2025-11-03;02:00;22;33.29;37.21;28.62;Bueno;82.69;Bueno;6;9.54;9.79;19.58;Bueno;65.28;Bueno;Bueno;Bueno
2025-11-03;03:00;29;32.88;37.21;28.62;Bueno;82.69;Bueno;10;9.33;9.79;19.58;Bueno;65.28;Bueno;Bueno;Bueno
2025-11-03;04:00;29;32.67;37.21;28.62;Bueno;82.69;Bueno;14;9.42;9.79;19.58;Bueno;65.28;Bueno;Bueno;Bueno
2025-11-03;05:00;51;33.25;37.21;28.62;Bueno;82.69;Bueno;20;9.67;9.79;19.58;Bueno;65.28;Bueno;Bueno;Bueno
2025-11-03;06:00;77;34.71;37.21;28.62;Bueno;82.69;Bueno;20;9.88;9.79;19.58;Bueno;65.28;Bueno;Bueno;Bueno
2025-11-03;07:00;88;36.46;37.21;28.62;Bueno;82.69;Bueno;25;10.00;9.79;19.58;Bueno;65.28;Bueno;Bueno;Bueno
2025-11-03;08:00;49;36.88;37.21;28.62;Bueno;82.69;Bueno;18;10.08;9.79;19.58;Bueno;65.28;Bueno;Bueno;Bueno
2025-11-03;09:00;44;36.88;37.21;28.62;Bueno;82.69;Bueno;15;10.21;9.79;19.58;Bueno;65.28;Bueno;Bueno;Bueno
2025-11-03;10:00;38;36.88;37.21;28.62;Bueno;82.69;Bueno;12;10.29;9.79;19.58;Bueno;65.28;Bueno;Bueno;Bueno
2025-11-03;11:00;48;37.54;37.21;28.62;Bueno;82.69;Bueno;14;10.50;9.79;19.58;Bueno;65.28;Bueno;Bueno;Bueno
2025-11-03;12:00;40;38.04;37.21;28.62;Bueno;82.69;Bueno;10;10.50;9.79;19.58;Bueno;65.28;Bueno;Bueno;Bueno
2025-11-03;13:00;39;38.46;37.21;28.62;Bueno;82.69;Bueno;10;10.67;9.79;19.58;Bueno;65.28;Bueno;Bueno;Bueno
2025-11-03;14:00;33;38.79;37.21;28.62;Bueno;82.69;Bueno;8;10.79;9.79;19.58;Bueno;65.28;Bueno;Bueno;Bueno
2025-11-03;15:00;36;39.04;37.21;28.62;Bueno;82.69;Bueno;8;10.92;9.79;19.58;Bueno;65.28;Bueno;Bueno;Bueno
2025-11-03;16:00;33;38.67;37.21;28.62;Bueno;82.69;Bueno;7;10.71;9.79;19.58;Bueno;65.28;Bueno;Bueno;Bueno
2025-11-03;17:00;61;39.62;37.21;28.62;Bueno;82.69;Bueno;4;10.46;9.79;19.58;Bueno;65.28;Bueno;Bueno;Bueno
2025-11-03;18:00;33;39.08;37.21;28.62;Bueno;82.69;Bueno;10;10.46;9.79;19.58;Bueno;65.28;Bueno;Bueno;Bueno
2025-11-03;19:00;28;38.46;37.21;28.62;Bueno;82.69;Bueno;6;10.29;9.79;19.58;Bueno;65.28;Bueno;Bueno;Bueno
2025-11-03;20:00;25;38.00;37.21;28.62;Bueno;82.69;Bueno;4;10.12;9.79;19.58;Bueno;65.28;Bueno;Bueno;Bueno
2025-11-03;21:00;20;37.79;37.21;28.62;Bueno;82.69;Bueno;3;9.96;9.79;19.58;Bueno;65.28;Bueno;Bueno;Bueno
2025-11-03;22:00;15;37.50;37.21;28.62;Bueno;82.69;Bueno;2;9.88;9.79;19.58;Bueno;65.28;Bueno;Bueno;Bueno
2025-11-03;23:00;15;37.21;37.21;28.62;Bueno;82.69;Bueno;2;9.79;9.79;19.58;Bueno;65.28;Bueno;Bueno;Bueno
2025-11-04;00:00;13;37.17;33.33;25.64;Bueno;74.07;Bueno;4;9.79;6.08;12.17;Bueno;40.56;Bueno;Bueno;Bueno
2025-11-04;01:00;16;36.75;33.33;25.64;Bueno;74.07;Bueno;7;9.96;6.08;12.17;Bueno;40.56;Bueno;Bueno;Bueno
2025-11-04;02:00;4;36.00;33.33;25.64;Bueno;74.07;Bueno;3;9.83;6.08;12.17;Bueno;40.56;Bueno;Bueno;Bueno
2025-11-04;03:00;5;35.00;33.33;25.64;Bueno;74.07;Bueno;3;9.54;6.08;12.17;Bueno;40.56;Bueno;Bueno;Bueno
2025-11-04;04:00;11;34.25;33.33;25.64;Bueno;74.07;Bueno;3;9.08;6.08;12.17;Bueno;40.56;Bueno;Bueno;Bueno
2025-11-04;05:00;28;33.29;33.33;25.64;Bueno;74.07;Bueno;2;8.33;6.08;12.17;Bueno;40.56;Bueno;Bueno;Bueno
2025-11-04;06:00;32;31.42;33.33;25.64;Bueno;74.07;Bueno;7;7.79;6.08;12.17;Bueno;40.56;Bueno;Bueno;Bueno
2025-11-04;07:00;35;29.21;33.33;25.64;Bueno;74.07;Bueno;6;7.00;6.08;12.17;Bueno;40.56;Bueno;Bueno;Bueno
2025-11-04;08:00;54;29.42;33.33;25.64;Bueno;74.07;Bueno;12;6.75;6.08;12.17;Bueno;40.56;Bueno;Bueno;Bueno
2025-11-04;09:00;80;30.92;33.33;25.64;Bueno;74.07;Bueno;13;6.67;6.08;12.17;Bueno;40.56;Bueno;Bueno;Bueno
2025-11-04;10:00;63;31.96;33.33;25.64;Bueno;74.07;Bueno;10;6.58;6.08;12.17;Bueno;40.56;Bueno;Bueno;Bueno
2025-11-04;11:00;49;32.00;33.33;25.64;Bueno;74.07;Bueno;11;6.46;6.08;12.17;Bueno;40.56;Bueno;Bueno;Bueno
2025-11-04;12:00;47;32.29;33.33;25.64;Bueno;74.07;Bueno;9;6.42;6.08;12.17;Bueno;40.56;Bueno;Bueno;Bueno
2025-11-04;13:00;30;31.92;33.33;25.64;Bueno;74.07;Bueno;6;6.25;6.08;12.17;Bueno;40.56;Bueno;Bueno;Bueno
2025-11-04;14:00;39;32.17;33.33;25.64;Bueno;74.07;Bueno;6;6.17;6.08;12.17;Bueno;40.56;Bueno;Bueno;Bueno
2025-11-04;15:00;40;32.33;33.33;25.64;Bueno;74.07;Bueno;5;6.04;6.08;12.17;Bueno;40.56;Bueno;Bueno;Bueno
2025-11-04;16:00;34;32.38;33.33;25.64;Bueno;74.07;Bueno;3;5.88;6.08;12.17;Bueno;40.56;Bueno;Bueno;Bueno
2025-11-04;17:00;37;31.38;33.33;25.64;Bueno;74.07;Bueno;5;5.92;6.08;12.17;Bueno;40.56;Bueno;Bueno;Bueno
2025-11-04;18:00;35;31.46;33.33;25.64;Bueno;74.07;Bueno;6;5.75;6.08;12.17;Bueno;40.56;Bueno;Bueno;Bueno
2025-11-04;19:00;36;31.79;33.33;25.64;Bueno;74.07;Bueno;5;5.71;6.08;12.17;Bueno;40.56;Bueno;Bueno;Bueno
2025-11-04;20:00;30;32.00;33.33;25.64;Bueno;74.07;Bueno;7;5.83;6.08;12.17;Bueno;40.56;Bueno;Bueno;Bueno
2025-11-04;21:00;29;32.38;33.33;25.64;Bueno;74.07;Bueno;5;5.92;6.08;12.17;Bueno;40.56;Bueno;Bueno;Bueno
2025-11-04;22:00;31;33.04;33.33;25.64;Bueno;74.07;Bueno;3;5.96;6.08;12.17;Bueno;40.56;Bueno;Bueno;Bueno
2025-11-04;23:00;22;33.33;33.33;25.64;Bueno;74.07;Bueno;5;6.08;6.08;12.17;Bueno;40.56;Bueno;Bueno;Bueno
2025-11-05;00:00;20;33.62;39.08;30.06;Bueno;86.85;Bueno;7;6.21;8.88;17.75;Bueno;59.17;Bueno;Bueno;Bueno
2025-11-05;01:00;16;33.62;39.08;30.06;Bueno;86.85;Bueno;6;6.17;8.88;17.75;Bueno;59.17;Bueno;Bueno;Bueno
2025-11-05;02:00;15;34.08;39.08;30.06;Bueno;86.85;Bueno;3;6.17;8.88;17.75;Bueno;59.17;Bueno;Bueno;Bueno
2025-11-05;03:00;17;34.58;39.08;30.06;Bueno;86.85;Bueno;2;6.12;8.88;17.75;Bueno;59.17;Bueno;Bueno;Bueno
2025-11-05;04:00;23;35.08;39.08;30.06;Bueno;86.85;Bueno;4;6.17;8.88;17.75;Bueno;59.17;Bueno;Bueno;Bueno
2025-11-05;05:00;42;35.67;39.08;30.06;Bueno;86.85;Bueno;14;6.67;8.88;17.75;Bueno;59.17;Bueno;Bueno;Bueno
2025-11-05;06:00;57;36.71;39.08;30.06;Bueno;86.85;Bueno;12;6.88;8.88;17.75;Bueno;59.17;Bueno;Bueno;Bueno
2025-11-05;07:00;84;38.75;39.08;30.06;Bueno;86.85;Bueno;21;7.50;8.88;17.75;Bueno;59.17;Bueno;Bueno;Bueno
2025-11-05;08:00;61;39.04;39.08;30.06;Bueno;86.85;Bueno;20;7.83;8.88;17.75;Bueno;59.17;Bueno;Bueno;Bueno
2025-11-05;09:00;66;38.46;39.08;30.06;Bueno;86.85;Bueno;18;8.04;8.88;17.75;Bueno;59.17;Bueno;Bueno;Bueno
2025-11-05;10:00;49;37.88;39.08;30.06;Bueno;86.85;Bueno;18;8.38;8.88;17.75;Bueno;59.17;Bueno;Bueno;Bueno
2025-11-05;11:00;51;37.96;39.08;30.06;Bueno;86.85;Bueno;7;8.21;8.88;17.75;Bueno;59.17;Bueno;Bueno;Bueno
2025-11-05;12:00;39;37.62;39.08;30.06;Bueno;86.85;Bueno;12;8.33;8.88;17.75;Bueno;59.17;Bueno;Bueno;Bueno
2025-11-05;13:00;29;37.58;39.08;30.06;Bueno;86.85;Bueno;7;8.38;8.88;17.75;Bueno;59.17;Bueno;Bueno;Bueno
2025-11-05;14:00;37;37.50;39.08;30.06;Bueno;86.85;Bueno;4;8.29;8.88;17.75;Bueno;59.17;Bueno;Bueno;Bueno
2025-11-05;15:00;65;38.54;39.08;30.06;Bueno;86.85;Bueno;6;8.33;8.88;17.75;Bueno;59.17;Bueno;Bueno;Bueno
2025-11-05;16:00;55;39.42;39.08;30.06;Bueno;86.85;Bueno;5;8.42;8.88;17.75;Bueno;59.17;Bueno;Bueno;Bueno
2025-11-05;17:00;41;39.58;39.08;30.06;Bueno;86.85;Bueno;7;8.50;8.88;17.75;Bueno;59.17;Bueno;Bueno;Bueno
2025-11-05;18:00;33;39.50;39.08;30.06;Bueno;86.85;Bueno;5;8.46;8.88;17.75;Bueno;59.17;Bueno;Bueno;Bueno
2025-11-05;19:00;35;39.46;39.08;30.06;Bueno;86.85;Bueno;7;8.54;8.88;17.75;Bueno;59.17;Bueno;Bueno;Bueno
2025-11-05;20:00;31;39.50;39.08;30.06;Bueno;86.85;Bueno;10;8.67;8.88;17.75;Bueno;59.17;Bueno;Bueno;Bueno
2025-11-05;21:00;34;39.71;39.08;30.06;Bueno;86.85;Bueno;6;8.71;8.88;17.75;Bueno;59.17;Bueno;Bueno;Bueno
2025-11-05;22:00;18;39.17;39.08;30.06;Bueno;86.85;Bueno;7;8.88;8.88;17.75;Bueno;59.17;Bueno;Bueno;Bueno
2025-11-05;23:00;20;39.08;39.08;30.06;Bueno;86.85;Bueno;5;8.88;8.88;17.75;Bueno;59.17;Bueno;Bueno;Bueno
2025-11-06;00:00;21;39.12;29.25;22.50;Bueno;65.00;Bueno;3;8.71;7.54;15.08;Bueno;50.28;Bueno;Bueno;Bueno
2025-11-06;01:00;12;38.96;29.25;22.50;Bueno;65.00;Bueno;2;8.54;7.54;15.08;Bueno;50.28;Bueno;Bueno;Bueno
2025-11-06;02:00;15;38.96;29.25;22.50;Bueno;65.00;Bueno;4;8.58;7.54;15.08;Bueno;50.28;Bueno;Bueno;Bueno
2025-11-06;03:00;17;38.96;29.25;22.50;Bueno;65.00;Bueno;4;8.67;7.54;15.08;Bueno;50.28;Bueno;Bueno;Bueno
2025-11-06;04:00;23;38.96;29.25;22.50;Bueno;65.00;Bueno;8;8.83;7.54;15.08;Bueno;50.28;Bueno;Bueno;Bueno
2025-11-06;05:00;29;38.42;29.25;22.50;Bueno;65.00;Bueno;11;8.71;7.54;15.08;Bueno;50.28;Bueno;Bueno;Bueno
2025-11-06;06:00;26;37.12;29.25;22.50;Bueno;65.00;Bueno;6;8.46;7.54;15.08;Bueno;50.28;Bueno;Bueno;Bueno
2025-11-06;07:00;33;35.00;29.25;22.50;Bueno;65.00;Bueno;9;7.96;7.54;15.08;Bueno;50.28;Bueno;Bueno;Bueno
2025-11-06;08:00;42;34.21;29.25;22.50;Bueno;65.00;Bueno;10;7.54;7.54;15.08;Bueno;50.28;Bueno;Bueno;Bueno
2025-11-06;09:00;45;33.33;29.25;22.50;Bueno;65.00;Bueno;7;7.08;7.54;15.08;Bueno;50.28;Bueno;Bueno;Bueno
2025-11-06;10:00;40;32.96;29.25;22.50;Bueno;65.00;Bueno;9;6.71;7.54;15.08;Bueno;50.28;Bueno;Bueno;Bueno
2025-11-06;11:00;60;33.33;29.25;22.50;Bueno;65.00;Bueno;14;7.00;7.54;15.08;Bueno;50.28;Bueno;Bueno;Bueno
2025-11-06;12:00;48;33.71;29.25;22.50;Bueno;65.00;Bueno;13;7.04;7.54;15.08;Bueno;50.28;Bueno;Bueno;Bueno
2025-11-06;13:00;46;34.42;29.25;22.50;Bueno;65.00;Bueno;15;7.38;7.54;15.08;Bueno;50.28;Bueno;Bueno;Bueno
2025-11-06;14:00;39;34.50;29.25;22.50;Bueno;65.00;Bueno;14;7.79;7.54;15.08;Bueno;50.28;Bueno;Bueno;Bueno
2025-11-06;15:00;36;33.29;29.25;22.50;Bueno;65.00;Bueno;12;8.04;7.54;15.08;Bueno;50.28;Bueno;Bueno;Bueno
2025-11-06;16:00;32;32.33;29.25;22.50;Bueno;65.00;Bueno;7;8.12;7.54;15.08;Bueno;50.28;Bueno;Bueno;Bueno
2025-11-06;17:00;50;32.71;29.25;22.50;Bueno;65.00;Bueno;4;8.00;7.54;15.08;Bueno;50.28;Bueno;Bueno;Bueno
2025-11-06;18:00;26;32.42;29.25;22.50;Bueno;65.00;Bueno;4;7.96;7.54;15.08;Bueno;50.28;Bueno;Bueno;Bueno
2025-11-06;19:00;21;31.83;29.25;22.50;Bueno;65.00;Bueno;5;7.88;7.54;15.08;Bueno;50.28;Bueno;Bueno;Bueno
2025-11-06;20:00;17;31.25;29.25;22.50;Bueno;65.00;Bueno;7;7.75;7.54;15.08;Bueno;50.28;Bueno;Bueno;Bueno
2025-11-06;21:00;13;30.38;29.25;22.50;Bueno;65.00;Bueno;9;7.88;7.54;15.08;Bueno;50.28;Bueno;Bueno;Bueno
2025-11-06;22:00;7;29.92;29.25;22.50;Bueno;65.00;Bueno;3;7.71;7.54;15.08;Bueno;50.28;Bueno;Bueno;Bueno
2025-11-06;23:00;4;29.25;29.25;22.50;Bueno;65.00;Bueno;1;7.54;7.54;15.08;Bueno;50.28;Bueno;Bueno;Bueno
2025-11-07;00:00;4;28.54;23.83;18.33;Bueno;52.95;Bueno;1;7.46;6.75;13.50;Bueno;45.00;Bueno;Bueno;Bueno
2025-11-07;01:00;3;28.17;23.83;18.33;Bueno;52.95;Bueno;1;7.42;6.75;13.50;Bueno;45.00;Bueno;Bueno;Bueno
2025-11-07;02:00;2;27.62;23.83;18.33;Bueno;52.95;Bueno;1;7.29;6.75;13.50;Bueno;45.00;Bueno;Bueno;Bueno
2025-11-07;03:00;19;27.71;23.83;18.33;Bueno;52.95;Bueno;7;7.42;6.75;13.50;Bueno;45.00;Bueno;Bueno;Bueno
2025-11-07;04:00;16;27.42;23.83;18.33;Bueno;52.95;Bueno;9;7.46;6.75;13.50;Bueno;45.00;Bueno;Bueno;Bueno
2025-11-07;05:00;11;26.67;23.83;18.33;Bueno;52.95;Bueno;6;7.25;6.75;13.50;Bueno;45.00;Bueno;Bueno;Bueno
2025-11-07;06:00;26;26.67;23.83;18.33;Bueno;52.95;Bueno;8;7.33;6.75;13.50;Bueno;45.00;Bueno;Bueno;Bueno
2025-11-07;07:00;23;26.25;23.83;18.33;Bueno;52.95;Bueno;5;7.17;6.75;13.50;Bueno;45.00;Bueno;Bueno;Bueno
2025-11-07;08:00;23;25.46;23.83;18.33;Bueno;52.95;Bueno;13;7.29;6.75;13.50;Bueno;45.00;Bueno;Bueno;Bueno
2025-11-07;09:00;31;24.88;23.83;18.33;Bueno;52.95;Bueno;11;7.46;6.75;13.50;Bueno;45.00;Bueno;Bueno;Bueno
2025-11-07;10:00;36;24.71;23.83;18.33;Bueno;52.95;Bueno;10;7.50;6.75;13.50;Bueno;45.00;Bueno;Bueno;Bueno
2025-11-07;11:00;;23.17;23.83;18.33;Bueno;52.95;Bueno;7;7.21;6.75;13.50;Bueno;45.00;Bueno;Bueno;Bueno
2025-11-07;12:00;26;22.22;23.83;18.33;Bueno;52.95;Bueno;9;7.04;6.75;13.50;Bueno;45.00;Bueno;Bueno;Bueno
2025-11-07;13:00;24;21.26;23.83;18.33;Bueno;52.95;Bueno;5;6.62;6.75;13.50;Bueno;45.00;Bueno;Bueno;Bueno
2025-11-07;14:00;17;20.30;23.83;18.33;Bueno;52.95;Bueno;3;6.17;6.75;13.50;Bueno;45.00;Bueno;Bueno;Bueno
2025-11-07;15:00;16;19.43;23.83;18.33;Bueno;52.95;Bueno;3;5.79;6.75;13.50;Bueno;45.00;Bueno;Bueno;Bueno
2025-11-07;16:00;18;18.83;23.83;18.33;Bueno;52.95;Bueno;5;5.71;6.75;13.50;Bueno;45.00;Bueno;Bueno;Bueno
2025-11-07;17:00;22;17.61;23.83;18.33;Bueno;52.95;Bueno;6;5.79;6.75;13.50;Bueno;45.00;Bueno;Bueno;Bueno
2025-11-07;18:00;68;19.43;23.83;18.33;Bueno;52.95;Bueno;9;6.00;6.75;13.50;Bueno;45.00;Bueno;Bueno;Bueno
2025-11-07;19:00;36;20.09;23.83;18.33;Bueno;52.95;Bueno;7;6.08;6.75;13.50;Bueno;45.00;Bueno;Bueno;Bueno
2025-11-07;20:00;25;20.43;23.83;18.33;Bueno;52.95;Bueno;10;6.21;6.75;13.50;Bueno;45.00;Bueno;Bueno;Bueno
2025-11-07;21:00;40;21.61;23.83;18.33;Bueno;52.95;Bueno;12;6.33;6.75;13.50;Bueno;45.00;Bueno;Bueno;Bueno
2025-11-07;22:00;29;22.57;23.83;18.33;Bueno;52.95;Bueno;7;6.50;6.75;13.50;Bueno;45.00;Bueno;Bueno;Bueno
2025-11-07;23:00;33;23.83;23.83;18.33;Bueno;52.95;Bueno;7;6.75;6.75;13.50;Bueno;45.00;Bueno;Bueno;Bueno
2025-11-08;00:00;47;25.70;39.50;30.38;Bueno;87.78;Bueno;11;7.17;12.33;24.67;Bueno;82.22;Bueno;Bueno;Bueno
2025-11-08;01:00;40;27.30;39.50;30.38;Bueno;87.78;Bueno;16;7.79;12.33;24.67;Bueno;82.22;Bueno;Bueno;Bueno
2025-11-08;02:00;44;29.13;39.50;30.38;Bueno;87.78;Bueno;16;8.42;12.33;24.67;Bueno;82.22;Bueno;Bueno;Bueno
2025-11-08;03:00;46;30.30;39.50;30.38;Bueno;87.78;Bueno;22;9.04;12.33;24.67;Bueno;82.22;Bueno;Bueno;Bueno
2025-11-08;04:00;32;31.00;39.50;30.38;Bueno;87.78;Bueno;10;9.08;12.33;24.67;Bueno;82.22;Bueno;Bueno;Bueno
2025-11-08;05:00;33;31.96;39.50;30.38;Bueno;87.78;Bueno;10;9.25;12.33;24.67;Bueno;82.22;Bueno;Bueno;Bueno
2025-11-08;06:00;50;33.00;39.50;30.38;Bueno;87.78;Bueno;10;9.33;12.33;24.67;Bueno;82.22;Bueno;Bueno;Bueno
2025-11-08;07:00;61;34.65;39.50;30.38;Bueno;87.78;Bueno;29;10.33;12.33;24.67;Bueno;82.22;Bueno;Bueno;Bueno
2025-11-08;08:00;65;36.48;39.50;30.38;Bueno;87.78;Bueno;24;10.79;12.33;24.67;Bueno;82.22;Bueno;Bueno;Bueno
2025-11-08;09:00;58;37.65;39.50;30.38;Bueno;87.78;Bueno;20;11.17;12.33;24.67;Bueno;82.22;Bueno;Bueno;Bueno
2025-11-08;10:00;46;38.09;39.50;30.38;Bueno;87.78;Bueno;15;11.38;12.33;24.67;Bueno;82.22;Bueno;Bueno;Bueno
2025-11-08;11:00;43;38.29;39.50;30.38;Bueno;87.78;Bueno;7;11.38;12.33;24.67;Bueno;82.22;Bueno;Bueno;Bueno
2025-11-08;12:00;33;38.58;39.50;30.38;Bueno;87.78;Bueno;6;11.25;12.33;24.67;Bueno;82.22;Bueno;Bueno;Bueno
2025-11-08;13:00;37;39.12;39.50;30.38;Bueno;87.78;Bueno;6;11.29;12.33;24.67;Bueno;82.22;Bueno;Bueno;Bueno
2025-11-08;14:00;29;39.62;39.50;30.38;Bueno;87.78;Bueno;9;11.54;12.33;24.67;Bueno;82.22;Bueno;Bueno;Bueno
2025-11-08;15:00;33;40.33;39.50;30.38;Bueno;87.78;Bueno;9;11.79;12.33;24.67;Bueno;82.22;Bueno;Bueno;Bueno
2025-11-08;16:00;32;40.92;39.50;30.38;Bueno;87.78;Bueno;10;12.00;12.33;24.67;Bueno;82.22;Bueno;Bueno;Bueno
2025-11-08;17:00;37;41.54;39.50;30.38;Bueno;87.78;Bueno;7;12.04;12.33;24.67;Bueno;82.22;Bueno;Bueno;Bueno
2025-11-08;18:00;37;40.25;39.50;30.38;Bueno;87.78;Bueno;7;11.96;12.33;24.67;Bueno;82.22;Bueno;Bueno;Bueno
2025-11-08;19:00;34;40.17;39.50;30.38;Bueno;87.78;Bueno;14;12.25;12.33;24.67;Bueno;82.22;Bueno;Bueno;Bueno
2025-11-08;20:00;34;40.54;39.50;30.38;Bueno;87.78;Bueno;15;12.46;12.33;24.67;Bueno;82.22;Bueno;Bueno;Bueno
2025-11-08;21:00;24;39.88;39.50;30.38;Bueno;87.78;Bueno;8;12.29;12.33;24.67;Bueno;82.22;Bueno;Bueno;Bueno
2025-11-08;22:00;23;39.62;39.50;30.38;Bueno;87.78;Bueno;8;12.33;12.33;24.67;Bueno;82.22;Bueno;Bueno;Bueno
2025-11-08;23:00;30;39.50;39.50;30.38;Bueno;87.78;Bueno;7;12.33;12.33;24.67;Bueno;82.22;Bueno;Bueno;Bueno
2025-11-09;00:00;14;38.12;26.71;20.54;Bueno;59.35;Bueno;7;12.17;7.00;14.00;Bueno;46.67;Bueno;Bueno;Bueno
2025-11-09;01:00;19;37.25;26.71;20.54;Bueno;59.35;Bueno;7;11.79;7.00;14.00;Bueno;46.67;Bueno;Bueno;Bueno
2025-11-09;02:00;16;36.08;26.71;20.54;Bueno;59.35;Bueno;6;11.38;7.00;14.00;Bueno;46.67;Bueno;Bueno;Bueno
2025-11-09;03:00;25;35.21;26.71;20.54;Bueno;59.35;Bueno;7;10.75;7.00;14.00;Bueno;46.67;Bueno;Bueno;Bueno
2025-11-09;04:00;23;34.83;26.71;20.54;Bueno;59.35;Bueno;7;10.62;7.00;14.00;Bueno;46.67;Bueno;Bueno;Bueno
2025-11-09;05:00;26;34.54;26.71;20.54;Bueno;59.35;Bueno;8;10.54;7.00;14.00;Bueno;46.67;Bueno;Bueno;Bueno
2025-11-09;06:00;28;33.62;26.71;20.54;Bueno;59.35;Bueno;7;10.42;7.00;14.00;Bueno;46.67;Bueno;Bueno;Bueno
2025-11-09;07:00;32;32.42;26.71;20.54;Bueno;59.35;Bueno;10;9.62;7.00;14.00;Bueno;46.67;Bueno;Bueno;Bueno
2025-11-09;08:00;32;31.04;26.71;20.54;Bueno;59.35;Bueno;11;9.08;7.00;14.00;Bueno;46.67;Bueno;Bueno;Bueno
2025-11-09;09:00;35;30.08;26.71;20.54;Bueno;59.35;Bueno;13;8.79;7.00;14.00;Bueno;46.67;Bueno;Bueno;Bueno
2025-11-09;10:00;38;29.75;26.71;20.54;Bueno;59.35;Bueno;13;8.71;7.00;14.00;Bueno;46.67;Bueno;Bueno;Bueno
2025-11-09;11:00;39;29.58;26.71;20.54;Bueno;59.35;Bueno;12;8.92;7.00;14.00;Bueno;46.67;Bueno;Bueno;Bueno
2025-11-09;12:00;36;29.71;26.71;20.54;Bueno;59.35;Bueno;7;8.96;7.00;14.00;Bueno;46.67;Bueno;Bueno;Bueno
2025-11-09;13:00;34;29.58;26.71;20.54;Bueno;59.35;Bueno;10;9.12;7.00;14.00;Bueno;46.67;Bueno;Bueno;Bueno
2025-11-09;14:00;28;29.54;26.71;20.54;Bueno;59.35;Bueno;11;9.21;7.00;14.00;Bueno;46.67;Bueno;Bueno;Bueno
2025-11-09;15:00;21;29.04;26.71;20.54;Bueno;59.35;Bueno;6;9.08;7.00;14.00;Bueno;46.67;Bueno;Bueno;Bueno
2025-11-09;16:00;35;29.17;26.71;20.54;Bueno;59.35;Bueno;4;8.83;7.00;14.00;Bueno;46.67;Bueno;Bueno;Bueno
2025-11-09;17:00;29;28.83;26.71;20.54;Bueno;59.35;Bueno;3;8.67;7.00;14.00;Bueno;46.67;Bueno;Bueno;Bueno
2025-11-09;18:00;21;28.17;26.71;20.54;Bueno;59.35;Bueno;6;8.62;7.00;14.00;Bueno;46.67;Bueno;Bueno;Bueno
2025-11-09;19:00;27;27.88;26.71;20.54;Bueno;59.35;Bueno;5;8.25;7.00;14.00;Bueno;46.67;Bueno;Bueno;Bueno
2025-11-09;20:00;27;27.58;26.71;20.54;Bueno;59.35;Bueno;4;7.79;7.00;14.00;Bueno;46.67;Bueno;Bueno;Bueno
2025-11-09;21:00;22;27.50;26.71;20.54;Bueno;59.35;Bueno;2;7.54;7.00;14.00;Bueno;46.67;Bueno;Bueno;Bueno
2025-11-09;22:00;17;27.25;26.71;20.54;Bueno;59.35;Bueno;1;7.25;7.00;14.00;Bueno;46.67;Bueno;Bueno;Bueno
2025-11-09;23:00;17;26.71;26.71;20.54;Bueno;59.35;Bueno;1;7.00;7.00;14.00;Bueno;46.67;Bueno;Bueno;Bueno
2025-11-10;00:00;17;26.83;35.21;27.08;Bueno;78.24;Bueno;1;6.75;7.58;15.17;Bueno;50.56;Bueno;Bueno;Bueno
2025-11-10;01:00;10;26.46;35.21;27.08;Bueno;78.24;Bueno;4;6.62;7.58;15.17;Bueno;50.56;Bueno;Bueno;Bueno
2025-11-10;02:00;16;26.46;35.21;27.08;Bueno;78.24;Bueno;4;6.54;7.58;15.17;Bueno;50.56;Bueno;Bueno;Bueno
2025-11-10;03:00;20;26.25;35.21;27.08;Bueno;78.24;Bueno;9;6.62;7.58;15.17;Bueno;50.56;Bueno;Bueno;Bueno
2025-11-10;04:00;24;26.29;35.21;27.08;Bueno;78.24;Bueno;9;6.71;7.58;15.17;Bueno;50.56;Bueno;Bueno;Bueno
2025-11-10;05:00;27;26.33;35.21;27.08;Bueno;78.24;Bueno;7;6.67;7.58;15.17;Bueno;50.56;Bueno;Bueno;Bueno
2025-11-10;06:00;82;28.58;35.21;27.08;Bueno;78.24;Bueno;20;7.21;7.58;15.17;Bueno;50.56;Bueno;Bueno;Bueno
2025-11-10;07:00;53;29.46;35.21;27.08;Bueno;78.24;Bueno;13;7.33;7.58;15.17;Bueno;50.56;Bueno;Bueno;Bueno
2025-11-10;08:00;53;30.33;35.21;27.08;Bueno;78.24;Bueno;14;7.46;7.58;15.17;Bueno;50.56;Bueno;Bueno;Bueno
2025-11-10;09:00;43;30.67;35.21;27.08;Bueno;78.24;Bueno;12;7.42;7.58;15.17;Bueno;50.56;Bueno;Bueno;Bueno
2025-11-10;10:00;52;31.25;35.21;27.08;Bueno;78.24;Bueno;14;7.46;7.58;15.17;Bueno;50.56;Bueno;Bueno;Bueno
2025-11-10;11:00;39;31.25;35.21;27.08;Bueno;78.24;Bueno;12;7.46;7.58;15.17;Bueno;50.56;Bueno;Bueno;Bueno
2025-11-10;12:00;36;31.25;35.21;27.08;Bueno;78.24;Bueno;7;7.46;7.58;15.17;Bueno;50.56;Bueno;Bueno;Bueno
2025-11-10;13:00;34;31.25;35.21;27.08;Bueno;78.24;Bueno;4;7.21;7.58;15.17;Bueno;50.56;Bueno;Bueno;Bueno
2025-11-10;14:00;33;31.46;35.21;27.08;Bueno;78.24;Bueno;4;6.92;7.58;15.17;Bueno;50.56;Bueno;Bueno;Bueno
2025-11-10;15:00;44;32.42;35.21;27.08;Bueno;78.24;Bueno;7;6.96;7.58;15.17;Bueno;50.56;Bueno;Bueno;Bueno
2025-11-10;16:00;48;32.96;35.21;27.08;Bueno;78.24;Bueno;7;7.08;7.58;15.17;Bueno;50.56;Bueno;Bueno;Bueno
2025-11-10;17:00;43;33.54;35.21;27.08;Bueno;78.24;Bueno;5;7.17;7.58;15.17;Bueno;50.56;Bueno;Bueno;Bueno
2025-11-10;18:00;38;34.25;35.21;27.08;Bueno;78.24;Bueno;6;7.17;7.58;15.17;Bueno;50.56;Bueno;Bueno;Bueno
2025-11-10;19:00;45;35.00;35.21;27.08;Bueno;78.24;Bueno;7;7.25;7.58;15.17;Bueno;50.56;Bueno;Bueno;Bueno
2025-11-10;20:00;23;34.83;35.21;27.08;Bueno;78.24;Bueno;4;7.25;7.58;15.17;Bueno;50.56;Bueno;Bueno;Bueno
2025-11-10;21:00;25;34.96;35.21;27.08;Bueno;78.24;Bueno;2;7.25;7.58;15.17;Bueno;50.56;Bueno;Bueno;Bueno
2025-11-10;22:00;19;35.04;35.21;27.08;Bueno;78.24;Bueno;5;7.42;7.58;15.17;Bueno;50.56;Bueno;Bueno;Bueno
2025-11-10;23:00;21;35.21;35.21;27.08;Bueno;78.24;Bueno;5;7.58;7.58;15.17;Bueno;50.56;Bueno;Bueno;Bueno
2025-11-11;00:00;15;35.12;30.75;23.65;Bueno;68.33;Bueno;2;7.62;6.83;13.67;Bueno;45.56;Bueno;Bueno;Bueno
2025-11-11;01:00;22;35.62;30.75;23.65;Bueno;68.33;Bueno;12;7.96;6.83;13.67;Bueno;45.56;Bueno;Bueno;Bueno
2025-11-11;02:00;7;35.25;30.75;23.65;Bueno;68.33;Bueno;6;8.04;6.83;13.67;Bueno;45.56;Bueno;Bueno;Bueno
2025-11-11;03:00;11;34.88;30.75;23.65;Bueno;68.33;Bueno;3;7.79;6.83;13.67;Bueno;45.56;Bueno;Bueno;Bueno
2025-11-11;04:00;19;34.67;30.75;23.65;Bueno;68.33;Bueno;4;7.58;6.83;13.67;Bueno;45.56;Bueno;Bueno;Bueno
2025-11-11;05:00;24;34.54;30.75;23.65;Bueno;68.33;Bueno;3;7.42;6.83;13.67;Bueno;45.56;Bueno;Bueno;Bueno
2025-11-11;06:00;44;32.96;30.75;23.65;Bueno;68.33;Bueno;8;6.92;6.83;13.67;Bueno;45.56;Bueno;Bueno;Bueno
2025-11-11;07:00;38;32.33;30.75;23.65;Bueno;68.33;Bueno;10;6.79;6.83;13.67;Bueno;45.56;Bueno;Bueno;Bueno
2025-11-11;08:00;46;32.04;30.75;23.65;Bueno;68.33;Bueno;16;6.88;6.83;13.67;Bueno;45.56;Bueno;Bueno;Bueno
2025-11-11;09:00;46;32.17;30.75;23.65;Bueno;68.33;Bueno;13;6.92;6.83;13.67;Bueno;45.56;Bueno;Bueno;Bueno
2025-11-11;10:00;39;31.62;30.75;23.65;Bueno;68.33;Bueno;12;6.83;6.83;13.67;Bueno;45.56;Bueno;Bueno;Bueno
2025-11-11;11:00;32;31.33;30.75;23.65;Bueno;68.33;Bueno;7;6.62;6.83;13.67;Bueno;45.56;Bueno;Bueno;Bueno
2025-11-11;12:00;39;31.46;30.75;23.65;Bueno;68.33;Bueno;8;6.67;6.83;13.67;Bueno;45.56;Bueno;Bueno;Bueno
2025-11-11;13:00;28;31.21;30.75;23.65;Bueno;68.33;Bueno;5;6.71;6.83;13.67;Bueno;45.56;Bueno;Bueno;Bueno
2025-11-11;14:00;29;31.04;30.75;23.65;Bueno;68.33;Bueno;7;6.83;6.83;13.67;Bueno;45.56;Bueno;Bueno;Bueno
2025-11-11;15:00;35;30.67;30.75;23.65;Bueno;68.33;Bueno;5;6.75;6.83;13.67;Bueno;45.56;Bueno;Bueno;Bueno
2025-11-11;16:00;32;30.00;30.75;23.65;Bueno;68.33;Bueno;3;6.58;6.83;13.67;Bueno;45.56;Bueno;Bueno;Bueno
2025-11-11;17:00;27;29.33;30.75;23.65;Bueno;68.33;Bueno;5;6.58;6.83;13.67;Bueno;45.56;Bueno;Bueno;Bueno
2025-11-11;18:00;37;29.29;30.75;23.65;Bueno;68.33;Bueno;4;6.50;6.83;13.67;Bueno;45.56;Bueno;Bueno;Bueno
2025-11-11;19:00;39;29.04;30.75;23.65;Bueno;68.33;Bueno;5;6.42;6.83;13.67;Bueno;45.56;Bueno;Bueno;Bueno
2025-11-11;20:00;34;29.50;30.75;23.65;Bueno;68.33;Bueno;9;6.62;6.83;13.67;Bueno;45.56;Bueno;Bueno;Bueno
2025-11-11;21:00;42;30.21;30.75;23.65;Bueno;68.33;Bueno;7;6.83;6.83;13.67;Bueno;45.56;Bueno;Bueno;Bueno
2025-11-11;22:00;31;30.71;30.75;23.65;Bueno;68.33;Bueno;7;6.92;6.83;13.67;Bueno;45.56;Bueno;Bueno;Bueno
2025-11-11;23:00;22;30.75;30.75;23.65;Bueno;68.33;Bueno;3;6.83;6.83;13.67;Bueno;45.56;Bueno;Bueno;Bueno
2025-11-12;00:00;23;31.08;46.79;35.99;Bueno;102.93;Regular;2;6.83;7.79;15.58;Bueno;51.94;Bueno;Bueno;Regular
2025-11-12;01:00;31;31.46;46.79;35.99;Bueno;102.93;Regular;5;6.54;7.79;15.58;Bueno;51.94;Bueno;Bueno;Regular
2025-11-12;02:00;32;32.50;46.79;35.99;Bueno;102.93;Regular;3;6.42;7.79;15.58;Bueno;51.94;Bueno;Bueno;Regular
2025-11-12;03:00;35;33.50;46.79;35.99;Bueno;102.93;Regular;4;6.46;7.79;15.58;Bueno;51.94;Bueno;Bueno;Regular
2025-11-12;04:00;34;34.12;46.79;35.99;Bueno;102.93;Regular;8;6.62;7.79;15.58;Bueno;51.94;Bueno;Bueno;Regular
2025-11-12;05:00;40;34.79;46.79;35.99;Bueno;102.93;Regular;6;6.75;7.79;15.58;Bueno;51.94;Bueno;Bueno;Regular
2025-11-12;06:00;126;38.21;46.79;35.99;Bueno;102.93;Regular;17;7.12;7.79;15.58;Bueno;51.94;Bueno;Bueno;Regular
2025-11-12;07:00;87;40.25;46.79;35.99;Bueno;102.93;Regular;15;7.33;7.79;15.58;Bueno;51.94;Bueno;Bueno;Regular
2025-11-12;08:00;78;41.58;46.79;35.99;Bueno;102.93;Regular;17;7.38;7.79;15.58;Bueno;51.94;Bueno;Bueno;Regular
2025-11-12;09:00;91;43.46;46.79;35.99;Bueno;102.93;Regular;15;7.46;7.79;15.58;Bueno;51.94;Bueno;Bueno;Regular
2025-11-12;10:00;75;44.96;46.79;35.99;Bueno;102.93;Regular;6;7.21;7.79;15.58;Bueno;51.94;Bueno;Bueno;Regular
2025-11-12;11:00;55;45.92;46.79;35.99;Bueno;102.93;Regular;9;7.29;7.79;15.58;Bueno;51.94;Bueno;Bueno;Regular
2025-11-12;12:00;41;46.00;46.79;35.99;Bueno;102.93;Regular;5;7.17;7.79;15.58;Bueno;51.94;Bueno;Bueno;Regular
2025-11-12;13:00;39;46.46;46.79;35.99;Bueno;102.93;Regular;9;7.33;7.79;15.58;Bueno;51.94;Bueno;Bueno;Regular
2025-11-12;14:00;43;47.04;46.79;35.99;Bueno;102.93;Regular;10;7.46;7.79;15.58;Bueno;51.94;Bueno;Bueno;Regular
2025-11-12;15:00;40;47.25;46.79;35.99;Bueno;102.93;Regular;10;7.67;7.79;15.58;Bueno;51.94;Bueno;Bueno;Regular
2025-11-12;16:00;28;47.08;46.79;35.99;Bueno;102.93;Regular;6;7.79;7.79;15.58;Bueno;51.94;Bueno;Bueno;Regular
2025-11-12;17:00;24;46.96;46.79;35.99;Bueno;102.93;Regular;2;7.67;7.79;15.58;Bueno;51.94;Bueno;Bueno;Regular
2025-11-12;18:00;39;47.04;46.79;35.99;Bueno;102.93;Regular;4;7.67;7.79;15.58;Bueno;51.94;Bueno;Bueno;Regular
2025-11-12;19:00;30;46.67;46.79;35.99;Bueno;102.93;Regular;6;7.71;7.79;15.58;Bueno;51.94;Bueno;Bueno;Regular
2025-11-12;20:00;34;46.67;46.79;35.99;Bueno;102.93;Regular;7;7.62;7.79;15.58;Bueno;51.94;Bueno;Bueno;Regular
2025-11-12;21:00;32;46.25;46.79;35.99;Bueno;102.93;Regular;5;7.54;7.79;15.58;Bueno;51.94;Bueno;Bueno;Regular
2025-11-12;22:00;37;46.50;46.79;35.99;Bueno;102.93;Regular;8;7.58;7.79;15.58;Bueno;51.94;Bueno;Bueno;Regular
2025-11-12;23:00;29;46.79;46.79;35.99;Bueno;102.93;Regular;8;7.79;7.79;15.58;Bueno;51.94;Bueno;Bueno;Regular
2025-11-13;00:00;35;47.29;46.29;35.61;Bueno;102.11;Regular;7;8.00;9.79;19.58;Bueno;65.28;Bueno;Bueno;Regular
2025-11-13;01:00;31;47.29;46.29;35.61;Bueno;102.11;Regular;12;8.29;9.79;19.58;Bueno;65.28;Bueno;Bueno;Regular
2025-11-13;02:00;36;47.46;46.29;35.61;Bueno;102.11;Regular;12;8.67;9.79;19.58;Bueno;65.28;Bueno;Bueno;Regular
2025-11-13;03:00;45;47.88;46.29;35.61;Bueno;102.11;Regular;9;8.88;9.79;19.58;Bueno;65.28;Bueno;Bueno;Regular
2025-11-13;04:00;50;48.54;46.29;35.61;Bueno;102.11;Regular;16;9.21;9.79;19.58;Bueno;65.28;Bueno;Bueno;Regular
2025-11-13;05:00;58;49.29;46.29;35.61;Bueno;102.11;Regular;11;9.42;9.79;19.58;Bueno;65.28;Bueno;Bueno;Regular
2025-11-13;06:00;71;47.00;46.29;35.61;Bueno;102.11;Regular;15;9.33;9.79;19.58;Bueno;65.28;Bueno;Bueno;Regular
2025-11-13;07:00;62;45.96;46.29;35.61;Bueno;102.11;Regular;16;9.38;9.79;19.58;Bueno;65.28;Bueno;Bueno;Regular
2025-11-13;08:00;63;45.33;46.29;35.61;Bueno;102.11;Regular;5;8.88;9.79;19.58;Bueno;65.28;Bueno;Bueno;Regular
2025-11-13;09:00;50;43.62;46.29;35.61;Bueno;102.11;Regular;5;8.46;9.79;19.58;Bueno;65.28;Bueno;Bueno;Regular
2025-11-13;10:00;46;42.42;46.29;35.61;Bueno;102.11;Regular;8;8.54;9.79;19.58;Bueno;65.28;Bueno;Bueno;Regular
2025-11-13;11:00;59;42.58;46.29;35.61;Bueno;102.11;Regular;10;8.58;9.79;19.58;Bueno;65.28;Bueno;Bueno;Regular
2025-11-13;12:00;60;43.38;46.29;35.61;Bueno;102.11;Regular;14;8.96;9.79;19.58;Bueno;65.28;Bueno;Bueno;Regular
2025-11-13;13:00;46;43.67;46.29;35.61;Bueno;102.11;Regular;12;9.08;9.79;19.58;Bueno;65.28;Bueno;Bueno;Regular
2025-11-13;14:00;35;43.33;46.29;35.61;Bueno;102.11;Regular;7;8.96;9.79;19.58;Bueno;65.28;Bueno;Bueno;Regular
2025-11-13;15:00;34;43.08;46.29;35.61;Bueno;102.11;Regular;4;8.71;9.79;19.58;Bueno;65.28;Bueno;Bueno;Regular
2025-11-13;16:00;45;43.79;46.29;35.61;Bueno;102.11;Regular;4;8.62;9.79;19.58;Bueno;65.28;Bueno;Bueno;Regular
2025-11-13;17:00;40;44.46;46.29;35.61;Bueno;102.11;Regular;5;8.75;9.79;19.58;Bueno;65.28;Bueno;Bueno;Regular
2025-11-13;18:00;35;44.29;46.29;35.61;Bueno;102.11;Regular;5;8.79;9.79;19.58;Bueno;65.28;Bueno;Bueno;Regular
2025-11-13;19:00;38;44.62;46.29;35.61;Bueno;102.11;Regular;10;8.96;9.79;19.58;Bueno;65.28;Bueno;Bueno;Regular
2025-11-13;20:00;38;44.79;46.29;35.61;Bueno;102.11;Regular;9;9.04;9.79;19.58;Bueno;65.28;Bueno;Bueno;Regular
2025-11-13;21:00;40;45.12;46.29;35.61;Bueno;102.11;Regular;10;9.25;9.79;19.58;Bueno;65.28;Bueno;Bueno;Regular
2025-11-13;22:00;45;45.46;46.29;35.61;Bueno;102.11;Regular;13;9.46;9.79;19.58;Bueno;65.28;Bueno;Bueno;Regular
2025-11-13;23:00;49;46.29;46.29;35.61;Bueno;102.11;Regular;16;9.79;9.79;19.58;Bueno;65.28;Bueno;Bueno;Regular
2025-11-14;00:00;32;46.17;59.92;46.09;Bueno;124.49;Regular;7;9.79;14.79;29.58;Bueno;98.61;Bueno;Bueno;Regular
2025-11-14;01:00;50;46.96;59.92;46.09;Bueno;124.49;Regular;10;9.71;14.79;29.58;Bueno;98.61;Bueno;Bueno;Regular
2025-11-14;02:00;43;47.25;59.92;46.09;Bueno;124.49;Regular;16;9.88;14.79;29.58;Bueno;98.61;Bueno;Bueno;Regular
2025-11-14;03:00;55;47.67;59.92;46.09;Bueno;124.49;Regular;21;10.38;14.79;29.58;Bueno;98.61;Bueno;Bueno;Regular
2025-11-14;04:00;59;48.04;59.92;46.09;Bueno;124.49;Regular;21;10.58;14.79;29.58;Bueno;98.61;Bueno;Bueno;Regular
2025-11-14;05:00;75;48.75;59.92;46.09;Bueno;124.49;Regular;24;11.12;14.79;29.58;Bueno;98.61;Bueno;Bueno;Regular
2025-11-14;06:00;164;52.62;59.92;46.09;Bueno;124.49;Regular;42;12.25;14.79;29.58;Bueno;98.61;Bueno;Bueno;Regular
2025-11-14;07:00;82;53.46;59.92;46.09;Bueno;124.49;Regular;18;12.33;14.79;29.58;Bueno;98.61;Bueno;Bueno;Regular
2025-11-14;08:00;64;53.50;59.92;46.09;Bueno;124.49;Regular;20;12.96;14.79;29.58;Bueno;98.61;Bueno;Bueno;Regular
2025-11-14;09:00;73;54.46;59.92;46.09;Bueno;124.49;Regular;14;13.33;14.79;29.58;Bueno;98.61;Bueno;Bueno;Regular
2025-11-14;10:00;70;55.46;59.92;46.09;Bueno;124.49;Regular;13;13.54;14.79;29.58;Bueno;98.61;Bueno;Bueno;Regular
2025-11-14;11:00;62;55.58;59.92;46.09;Bueno;124.49;Regular;13;13.67;14.79;29.58;Bueno;98.61;Bueno;Bueno;Regular
2025-11-14;12:00;54;55.33;59.92;46.09;Bueno;124.49;Regular;9;13.46;14.79;29.58;Bueno;98.61;Bueno;Bueno;Regular
2025-11-14;13:00;57;55.79;59.92;46.09;Bueno;124.49;Regular;11;13.42;14.79;29.58;Bueno;98.61;Bueno;Bueno;Regular
2025-11-14;14:00;70;57.25;59.92;46.09;Bueno;124.49;Regular;9;13.50;14.79;29.58;Bueno;98.61;Bueno;Bueno;Regular
2025-11-14;15:00;51;57.96;59.92;46.09;Bueno;124.49;Regular;8;13.67;14.79;29.58;Bueno;98.61;Bueno;Bueno;Regular
2025-11-14;16:00;63;58.71;59.92;46.09;Bueno;124.49;Regular;15;14.12;14.79;29.58;Bueno;98.61;Bueno;Bueno;Regular
2025-11-14;17:00;56;59.38;59.92;46.09;Bueno;124.49;Regular;13;14.46;14.79;29.58;Bueno;98.61;Bueno;Bueno;Regular
2025-11-14;18:00;70;60.83;59.92;46.09;Bueno;124.49;Regular;10;14.67;14.79;29.58;Bueno;98.61;Bueno;Bueno;Regular
2025-11-14;19:00;47;61.21;59.92;46.09;Bueno;124.49;Regular;12;14.75;14.79;29.58;Bueno;98.61;Bueno;Bueno;Regular
2025-11-14;20:00;44;61.46;59.92;46.09;Bueno;124.49;Regular;13;14.92;14.79;29.58;Bueno;98.61;Bueno;Bueno;Regular
2025-11-14;21:00;38;61.38;59.92;46.09;Bueno;124.49;Regular;11;14.96;14.79;29.58;Bueno;98.61;Bueno;Bueno;Regular
2025-11-14;22:00;32;60.83;59.92;46.09;Bueno;124.49;Regular;15;15.04;14.79;29.58;Bueno;98.61;Bueno;Bueno;Regular
2025-11-14;23:00;27;59.92;59.92;46.09;Bueno;124.49;Regular;10;14.79;14.79;29.58;Bueno;98.61;Bueno;Bueno;Regular
2025-11-15;00:00;28;59.75;34.75;26.73;Bueno;77.22;Bueno;14;15.08;12.12;24.25;Bueno;80.83;Bueno;Bueno;Bueno
2025-11-15;01:00;27;58.79;34.75;26.73;Bueno;77.22;Bueno;10;15.08;12.12;24.25;Bueno;80.83;Bueno;Bueno;Bueno
2025-11-15;02:00;47;58.96;34.75;26.73;Bueno;77.22;Bueno;16;15.08;12.12;24.25;Bueno;80.83;Bueno;Bueno;Bueno
2025-11-15;03:00;24;57.67;34.75;26.73;Bueno;77.22;Bueno;14;14.79;12.12;24.25;Bueno;80.83;Bueno;Bueno;Bueno
2025-11-15;04:00;36;56.71;34.75;26.73;Bueno;77.22;Bueno;19;14.71;12.12;24.25;Bueno;80.83;Bueno;Bueno;Bueno
2025-11-15;05:00;28;54.75;34.75;26.73;Bueno;77.22;Bueno;14;14.29;12.12;24.25;Bueno;80.83;Bueno;Bueno;Bueno
2025-11-15;06:00;34;49.33;34.75;26.73;Bueno;77.22;Bueno;20;13.38;12.12;24.25;Bueno;80.83;Bueno;Bueno;Bueno
2025-11-15;07:00;34;47.33;34.75;26.73;Bueno;77.22;Bueno;22;13.54;12.12;24.25;Bueno;80.83;Bueno;Bueno;Bueno
2025-11-15;08:00;41;46.38;34.75;26.73;Bueno;77.22;Bueno;22;13.62;12.12;24.25;Bueno;80.83;Bueno;Bueno;Bueno
2025-11-15;09:00;44;45.17;34.75;26.73;Bueno;77.22;Bueno;15;13.67;12.12;24.25;Bueno;80.83;Bueno;Bueno;Bueno
2025-11-15;10:00;49;44.29;34.75;26.73;Bueno;77.22;Bueno;13;13.67;12.12;24.25;Bueno;80.83;Bueno;Bueno;Bueno
2025-11-15;11:00;54;43.96;34.75;26.73;Bueno;77.22;Bueno;20;13.96;12.12;24.25;Bueno;80.83;Bueno;Bueno;Bueno
2025-11-15;12:00;60;44.21;34.75;26.73;Bueno;77.22;Bueno;16;14.25;12.12;24.25;Bueno;80.83;Bueno;Bueno;Bueno
2025-11-15;13:00;38;43.42;34.75;26.73;Bueno;77.22;Bueno;12;14.29;12.12;24.25;Bueno;80.83;Bueno;Bueno;Bueno
2025-11-15;14:00;38;42.08;34.75;26.73;Bueno;77.22;Bueno;10;14.33;12.12;24.25;Bueno;80.83;Bueno;Bueno;Bueno
2025-11-15;15:00;34;41.38;34.75;26.73;Bueno;77.22;Bueno;7;14.29;12.12;24.25;Bueno;80.83;Bueno;Bueno;Bueno
2025-11-15;16:00;25;39.79;34.75;26.73;Bueno;77.22;Bueno;4;13.83;12.12;24.25;Bueno;80.83;Bueno;Bueno;Bueno
2025-11-15;17:00;28;38.62;34.75;26.73;Bueno;77.22;Bueno;7;13.58;12.12;24.25;Bueno;80.83;Bueno;Bueno;Bueno
2025-11-15;18:00;33;37.08;34.75;26.73;Bueno;77.22;Bueno;5;13.38;12.12;24.25;Bueno;80.83;Bueno;Bueno;Bueno
2025-11-15;19:00;38;36.71;34.75;26.73;Bueno;77.22;Bueno;7;13.17;12.12;24.25;Bueno;80.83;Bueno;Bueno;Bueno
2025-11-15;20:00;33;36.25;34.75;26.73;Bueno;77.22;Bueno;7;12.92;12.12;24.25;Bueno;80.83;Bueno;Bueno;Bueno
2025-11-15;21:00;22;35.58;34.75;26.73;Bueno;77.22;Bueno;7;12.75;12.12;24.25;Bueno;80.83;Bueno;Bueno;Bueno
2025-11-15;22:00;21;35.12;34.75;26.73;Bueno;77.22;Bueno;5;12.33;12.12;24.25;Bueno;80.83;Bueno;Bueno;Bueno
2025-11-15;23:00;18;34.75;34.75;26.73;Bueno;77.22;Bueno;5;12.12;12.12;24.25;Bueno;80.83;Bueno;Bueno;Bueno
2025-11-16;00:00;18;34.33;25.04;19.26;Bueno;55.65;Bueno;7;11.83;5.92;11.83;Bueno;39.44;Bueno;Bueno;Bueno
2025-11-16;01:00;17;33.92;25.04;19.26;Bueno;55.65;Bueno;7;11.71;5.92;11.83;Bueno;39.44;Bueno;Bueno;Bueno
2025-11-16;02:00;20;32.79;25.04;19.26;Bueno;55.65;Bueno;4;11.21;5.92;11.83;Bueno;39.44;Bueno;Bueno;Bueno
2025-11-16;03:00;17;32.50;25.04;19.26;Bueno;55.65;Bueno;3;10.75;5.92;11.83;Bueno;39.44;Bueno;Bueno;Bueno
2025-11-16;04:00;18;31.75;25.04;19.26;Bueno;55.65;Bueno;4;10.12;5.92;11.83;Bueno;39.44;Bueno;Bueno;Bueno
2025-11-16;05:00;27;31.71;25.04;19.26;Bueno;55.65;Bueno;15;10.17;5.92;11.83;Bueno;39.44;Bueno;Bueno;Bueno
2025-11-16;06:00;26;31.38;25.04;19.26;Bueno;55.65;Bueno;7;9.62;5.92;11.83;Bueno;39.44;Bueno;Bueno;Bueno
2025-11-16;07:00;28;31.12;25.04;19.26;Bueno;55.65;Bueno;7;9.00;5.92;11.83;Bueno;39.44;Bueno;Bueno;Bueno
2025-11-16;08:00;30;30.67;25.04;19.26;Bueno;55.65;Bueno;8;8.42;5.92;11.83;Bueno;39.44;Bueno;Bueno;Bueno
2025-11-16;09:00;28;30.00;25.04;19.26;Bueno;55.65;Bueno;6;8.04;5.92;11.83;Bueno;39.44;Bueno;Bueno;Bueno
2025-11-16;10:00;32;29.29;25.04;19.26;Bueno;55.65;Bueno;4;7.67;5.92;11.83;Bueno;39.44;Bueno;Bueno;Bueno
2025-11-16;11:00;27;28.17;25.04;19.26;Bueno;55.65;Bueno;8;7.17;5.92;11.83;Bueno;39.44;Bueno;Bueno;Bueno
2025-11-16;12:00;29;26.88;25.04;19.26;Bueno;55.65;Bueno;7;6.79;5.92;11.83;Bueno;39.44;Bueno;Bueno;Bueno
2025-11-16;13:00;27;26.42;25.04;19.26;Bueno;55.65;Bueno;4;6.46;5.92;11.83;Bueno;39.44;Bueno;Bueno;Bueno
2025-11-16;14:00;37;26.38;25.04;19.26;Bueno;55.65;Bueno;8;6.38;5.92;11.83;Bueno;39.44;Bueno;Bueno;Bueno
2025-11-16;15:00;27;26.08;25.04;19.26;Bueno;55.65;Bueno;5;6.29;5.92;11.83;Bueno;39.44;Bueno;Bueno;Bueno
2025-11-16;16:00;21;25.92;25.04;19.26;Bueno;55.65;Bueno;6;6.38;5.92;11.83;Bueno;39.44;Bueno;Bueno;Bueno
2025-11-16;17:00;14;25.33;25.04;19.26;Bueno;55.65;Bueno;5;6.29;5.92;11.83;Bueno;39.44;Bueno;Bueno;Bueno
2025-11-16;18:00;39;25.58;25.04;19.26;Bueno;55.65;Bueno;6;6.33;5.92;11.83;Bueno;39.44;Bueno;Bueno;Bueno
2025-11-16;19:00;22;24.92;25.04;19.26;Bueno;55.65;Bueno;4;6.21;5.92;11.83;Bueno;39.44;Bueno;Bueno;Bueno
2025-11-16;20:00;25;24.58;25.04;19.26;Bueno;55.65;Bueno;4;6.08;5.92;11.83;Bueno;39.44;Bueno;Bueno;Bueno
2025-11-16;21:00;30;24.92;25.04;19.26;Bueno;55.65;Bueno;4;5.96;5.92;11.83;Bueno;39.44;Bueno;Bueno;Bueno
2025-11-16;22:00;20;24.88;25.04;19.26;Bueno;55.65;Bueno;5;5.96;5.92;11.83;Bueno;39.44;Bueno;Bueno;Bueno
2025-11-16;23:00;22;25.04;25.04;19.26;Bueno;55.65;Bueno;4;5.92;5.92;11.83;Bueno;39.44;Bueno;Bueno;Bueno
2025-11-17;00:00;37;25.83;52.17;40.13;Bueno;111.75;Regular;7;5.92;9.12;18.25;Bueno;60.83;Bueno;Bueno;Regular
2025-11-17;01:00;46;27.04;52.17;40.13;Bueno;111.75;Regular;10;6.04;9.12;18.25;Bueno;60.83;Bueno;Bueno;Regular
2025-11-17;02:00;48;28.21;52.17;40.13;Bueno;111.75;Regular;11;6.33;9.12;18.25;Bueno;60.83;Bueno;Bueno;Regular
2025-11-17;03:00;33;28.88;52.17;40.13;Bueno;111.75;Regular;9;6.58;9.12;18.25;Bueno;60.83;Bueno;Bueno;Regular
2025-11-17;04:00;35;29.58;52.17;40.13;Bueno;111.75;Regular;6;6.67;9.12;18.25;Bueno;60.83;Bueno;Bueno;Regular
2025-11-17;05:00;50;30.54;52.17;40.13;Bueno;111.75;Regular;14;6.62;9.12;18.25;Bueno;60.83;Bueno;Bueno;Regular
2025-11-17;06:00;65;32.17;52.17;40.13;Bueno;111.75;Regular;12;6.83;9.12;18.25;Bueno;60.83;Bueno;Bueno;Regular
2025-11-17;07:00;61;33.54;52.17;40.13;Bueno;111.75;Regular;16;7.21;9.12;18.25;Bueno;60.83;Bueno;Bueno;Regular
2025-11-17;08:00;94;36.21;52.17;40.13;Bueno;111.75;Regular;12;7.38;9.12;18.25;Bueno;60.83;Bueno;Bueno;Regular
2025-11-17;09:00;55;37.33;52.17;40.13;Bueno;111.75;Regular;8;7.46;9.12;18.25;Bueno;60.83;Bueno;Bueno;Regular
2025-11-17;10:00;74;39.08;52.17;40.13;Bueno;111.75;Regular;10;7.71;9.12;18.25;Bueno;60.83;Bueno;Bueno;Regular
2025-11-17;11:00;48;39.96;52.17;40.13;Bueno;111.75;Regular;7;7.67;9.12;18.25;Bueno;60.83;Bueno;Bueno;Regular
2025-11-17;12:00;40;40.42;52.17;40.13;Bueno;111.75;Regular;7;7.67;9.12;18.25;Bueno;60.83;Bueno;Bueno;Regular
2025-11-17;13:00;37;40.83;52.17;40.13;Bueno;111.75;Regular;5;7.71;9.12;18.25;Bueno;60.83;Bueno;Bueno;Regular
2025-11-17;14:00;48;41.29;52.17;40.13;Bueno;111.75;Regular;5;7.58;9.12;18.25;Bueno;60.83;Bueno;Bueno;Regular
2025-11-17;15:00;41;41.88;52.17;40.13;Bueno;111.75;Regular;6;7.62;9.12;18.25;Bueno;60.83;Bueno;Bueno;Regular
2025-11-17;16:00;55;43.29;52.17;40.13;Bueno;111.75;Regular;7;7.67;9.12;18.25;Bueno;60.83;Bueno;Bueno;Regular
2025-11-17;17:00;50;44.79;52.17;40.13;Bueno;111.75;Regular;5;7.67;9.12;18.25;Bueno;60.83;Bueno;Bueno;Regular
2025-11-17;18:00;51;45.29;52.17;40.13;Bueno;111.75;Regular;11;7.88;9.12;18.25;Bueno;60.83;Bueno;Bueno;Regular
2025-11-17;19:00;50;46.46;52.17;40.13;Bueno;111.75;Regular;7;8.00;9.12;18.25;Bueno;60.83;Bueno;Bueno;Regular
2025-11-17;20:00;46;47.33;52.17;40.13;Bueno;111.75;Regular;7;8.12;9.12;18.25;Bueno;60.83;Bueno;Bueno;Regular
2025-11-17;21:00;57;48.46;52.17;40.13;Bueno;111.75;Regular;9;8.33;9.12;18.25;Bueno;60.83;Bueno;Bueno;Regular
2025-11-17;22:00;64;50.29;52.17;40.13;Bueno;111.75;Regular;18;8.88;9.12;18.25;Bueno;60.83;Bueno;Bueno;Regular
2025-11-17;23:00;67;52.17;52.17;40.13;Bueno;111.75;Regular;10;9.12;9.12;18.25;Bueno;60.83;Bueno;Bueno;Regular
2025-11-18;00:00;77;53.83;69.04;53.11;Bueno;139.54;Regular;15;9.46;10.96;21.92;Bueno;73.06;Bueno;Bueno;Regular
2025-11-18;01:00;83;55.38;69.04;53.11;Bueno;139.54;Regular;20;9.88;10.96;21.92;Bueno;73.06;Bueno;Bueno;Regular
2025-11-18;02:00;79;56.67;69.04;53.11;Bueno;139.54;Regular;17;10.12;10.96;21.92;Bueno;73.06;Bueno;Bueno;Regular
2025-11-18;03:00;70;58.21;69.04;53.11;Bueno;139.54;Regular;19;10.54;10.96;21.92;Bueno;73.06;Bueno;Bueno;Regular
2025-11-18;04:00;75;59.88;69.04;53.11;Bueno;139.54;Regular;17;11.00;10.96;21.92;Bueno;73.06;Bueno;Bueno;Regular
2025-11-18;05:00;91;61.58;69.04;53.11;Bueno;139.54;Regular;22;11.33;10.96;21.92;Bueno;73.06;Bueno;Bueno;Regular
2025-11-18;06:00;115;63.67;69.04;53.11;Bueno;139.54;Regular;22;11.75;10.96;21.92;Bueno;73.06;Bueno;Bueno;Regular
2025-11-18;07:00;88;64.79;69.04;53.11;Bueno;139.54;Regular;16;11.75;10.96;21.92;Bueno;73.06;Bueno;Bueno;Regular
2025-11-18;08:00;98;64.96;69.04;53.11;Bueno;139.54;Regular;17;11.96;10.96;21.92;Bueno;73.06;Bueno;Bueno;Regular
2025-11-18;09:00;99;66.79;69.04;53.11;Bueno;139.54;Regular;8;11.96;10.96;21.92;Bueno;73.06;Bueno;Bueno;Regular
2025-11-18;10:00;81;67.08;69.04;53.11;Bueno;139.54;Regular;13;12.08;10.96;21.92;Bueno;73.06;Bueno;Bueno;Regular
2025-11-18;11:00;93;68.96;69.04;53.11;Bueno;139.54;Regular;14;12.38;10.96;21.92;Bueno;73.06;Bueno;Bueno;Regular
2025-11-18;12:00;73;70.33;69.04;53.11;Bueno;139.54;Regular;10;12.50;10.96;21.92;Bueno;73.06;Bueno;Bueno;Regular
2025-11-18;13:00;60;71.29;69.04;53.11;Bueno;139.54;Regular;7;12.58;10.96;21.92;Bueno;73.06;Bueno;Bueno;Regular
2025-11-18;14:00;90;73.04;69.04;53.11;Bueno;139.54;Regular;5;12.58;10.96;21.92;Bueno;73.06;Bueno;Bueno;Regular
2025-11-18;15:00;47;73.29;69.04;53.11;Bueno;139.54;Regular;4;12.50;10.96;21.92;Bueno;73.06;Bueno;Bueno;Regular
2025-11-18;16:00;56;73.33;69.04;53.11;Bueno;139.54;Regular;4;12.38;10.96;21.92;Bueno;73.06;Bueno;Bueno;Regular
2025-11-18;17:00;62;73.83;69.04;53.11;Bueno;139.54;Regular;5;12.38;10.96;21.92;Bueno;73.06;Bueno;Bueno;Regular
2025-11-18;18:00;49;73.75;69.04;53.11;Bueno;139.54;Regular;5;12.12;10.96;21.92;Bueno;73.06;Bueno;Bueno;Regular
2025-11-18;19:00;31;72.96;69.04;53.11;Bueno;139.54;Regular;4;12.00;10.96;21.92;Bueno;73.06;Bueno;Bueno;Regular
2025-11-18;20:00;35;72.50;69.04;53.11;Bueno;139.54;Regular;4;11.88;10.96;21.92;Bueno;73.06;Bueno;Bueno;Regular
2025-11-18;21:00;29;71.33;69.04;53.11;Bueno;139.54;Regular;5;11.71;10.96;21.92;Bueno;73.06;Bueno;Bueno;Regular
2025-11-18;22:00;37;70.21;69.04;53.11;Bueno;139.54;Regular;5;11.17;10.96;21.92;Bueno;73.06;Bueno;Bueno;Regular
2025-11-18;23:00;39;69.04;69.04;53.11;Bueno;139.54;Regular;5;10.96;10.96;21.92;Bueno;73.06;Bueno;Bueno;Regular
2025-11-19;00:00;37;67.38;50.96;39.20;Bueno;109.76;Regular;5;10.54;6.83;13.67;Bueno;45.56;Bueno;Bueno;Regular
2025-11-19;01:00;34;65.33;50.96;39.20;Bueno;109.76;Regular;7;10.00;6.83;13.67;Bueno;45.56;Bueno;Bueno;Regular
2025-11-19;02:00;34;63.46;50.96;39.20;Bueno;109.76;Regular;5;9.50;6.83;13.67;Bueno;45.56;Bueno;Bueno;Regular
2025-11-19;03:00;34;61.96;50.96;39.20;Bueno;109.76;Regular;5;8.92;6.83;13.67;Bueno;45.56;Bueno;Bueno;Regular
2025-11-19;04:00;30;60.08;50.96;39.20;Bueno;109.76;Regular;5;8.42;6.83;13.67;Bueno;45.56;Bueno;Bueno;Regular
2025-11-19;05:00;56;58.62;50.96;39.20;Bueno;109.76;Regular;11;7.96;6.83;13.67;Bueno;45.56;Bueno;Bueno;Regular
2025-11-19;06:00;103;58.12;50.96;39.20;Bueno;109.76;Regular;18;7.79;6.83;13.67;Bueno;45.56;Bueno;Bueno;Regular
2025-11-19;07:00;79;57.75;50.96;39.20;Bueno;109.76;Regular;10;7.54;6.83;13.67;Bueno;45.56;Bueno;Bueno;Regular
2025-11-19;08:00;54;55.92;50.96;39.20;Bueno;109.76;Regular;5;7.04;6.83;13.67;Bueno;45.56;Bueno;Bueno;Regular
2025-11-19;09:00;62;54.38;50.96;39.20;Bueno;109.76;Regular;3;6.83;6.83;13.67;Bueno;45.56;Bueno;Bueno;Regular
2025-11-19;10:00;49;53.04;50.96;39.20;Bueno;109.76;Regular;6;6.54;6.83;13.67;Bueno;45.56;Bueno;Bueno;Regular
2025-11-19;11:00;50;51.25;50.96;39.20;Bueno;109.76;Regular;7;6.25;6.83;13.67;Bueno;45.56;Bueno;Bueno;Regular
2025-11-19;12:00;56;50.54;50.96;39.20;Bueno;109.76;Regular;7;6.12;6.83;13.67;Bueno;45.56;Bueno;Bueno;Regular
2025-11-19;13:00;53;50.25;50.96;39.20;Bueno;109.76;Regular;5;6.04;6.83;13.67;Bueno;45.56;Bueno;Bueno;Regular
2025-11-19;14:00;75;49.62;50.96;39.20;Bueno;109.76;Regular;5;6.04;6.83;13.67;Bueno;45.56;Bueno;Bueno;Regular
2025-11-19;15:00;64;50.33;50.96;39.20;Bueno;109.76;Regular;8;6.21;6.83;13.67;Bueno;45.56;Bueno;Bueno;Regular
2025-11-19;16:00;52;50.17;50.96;39.20;Bueno;109.76;Regular;4;6.21;6.83;13.67;Bueno;45.56;Bueno;Bueno;Regular
2025-11-19;17:00;43;49.38;50.96;39.20;Bueno;109.76;Regular;5;6.21;6.83;13.67;Bueno;45.56;Bueno;Bueno;Regular
2025-11-19;18:00;58;49.75;50.96;39.20;Bueno;109.76;Regular;7;6.29;6.83;13.67;Bueno;45.56;Bueno;Bueno;Regular
2025-11-19;19:00;50;50.54;50.96;39.20;Bueno;109.76;Regular;9;6.50;6.83;13.67;Bueno;45.56;Bueno;Bueno;Regular
2025-11-19;20:00;50;51.17;50.96;39.20;Bueno;109.76;Regular;10;6.75;6.83;13.67;Bueno;45.56;Bueno;Bueno;Regular
2025-11-19;21:00;40;51.62;50.96;39.20;Bueno;109.76;Regular;9;6.92;6.83;13.67;Bueno;45.56;Bueno;Bueno;Regular
2025-11-19;22:00;32;51.42;50.96;39.20;Bueno;109.76;Regular;4;6.88;6.83;13.67;Bueno;45.56;Bueno;Bueno;Regular
2025-11-19;23:00;28;50.96;50.96;39.20;Bueno;109.76;Regular;4;6.83;6.83;13.67;Bueno;45.56;Bueno;Bueno;Regular
2025-11-20;00:00;24;50.42;46.29;35.61;Bueno;102.11;Regular;5;6.83;9.67;19.33;Bueno;64.44;Bueno;Bueno;Regular
2025-11-20;01:00;25;50.04;46.29;35.61;Bueno;102.11;Regular;4;6.71;9.67;19.33;Bueno;64.44;Bueno;Bueno;Regular
2025-11-20;02:00;28;49.79;46.29;35.61;Bueno;102.11;Regular;6;6.75;9.67;19.33;Bueno;64.44;Bueno;Bueno;Regular
2025-11-20;03:00;34;49.79;46.29;35.61;Bueno;102.11;Regular;7;6.83;9.67;19.33;Bueno;64.44;Bueno;Bueno;Regular
2025-11-20;04:00;28;49.71;46.29;35.61;Bueno;102.11;Regular;5;6.83;9.67;19.33;Bueno;64.44;Bueno;Bueno;Regular
2025-11-20;05:00;30;48.62;46.29;35.61;Bueno;102.11;Regular;6;6.62;9.67;19.33;Bueno;64.44;Bueno;Bueno;Regular
2025-11-20;06:00;55;46.62;46.29;35.61;Bueno;102.11;Regular;14;6.46;9.67;19.33;Bueno;64.44;Bueno;Bueno;Regular
2025-11-20;07:00;56;45.67;46.29;35.61;Bueno;102.11;Regular;14;6.62;9.67;19.33;Bueno;64.44;Bueno;Bueno;Regular
2025-11-20;08:00;52;45.58;46.29;35.61;Bueno;102.11;Regular;10;6.83;9.67;19.33;Bueno;64.44;Bueno;Bueno;Regular
2025-11-20;09:00;47;44.96;46.29;35.61;Bueno;102.11;Regular;13;7.25;9.67;19.33;Bueno;64.44;Bueno;Bueno;Regular
2025-11-20;10:00;53;45.12;46.29;35.61;Bueno;102.11;Regular;16;7.67;9.67;19.33;Bueno;64.44;Bueno;Bueno;Regular
2025-11-20;11:00;60;45.54;46.29;35.61;Bueno;102.11;Regular;16;8.04;9.67;19.33;Bueno;64.44;Bueno;Bueno;Regular
2025-11-20;12:00;54;45.46;46.29;35.61;Bueno;102.11;Regular;5;7.96;9.67;19.33;Bueno;64.44;Bueno;Bueno;Regular
2025-11-20;13:00;42;45.00;46.29;35.61;Bueno;102.11;Regular;7;8.04;9.67;19.33;Bueno;64.44;Bueno;Bueno;Regular
2025-11-20;14:00;41;43.58;46.29;35.61;Bueno;102.11;Regular;7;8.12;9.67;19.33;Bueno;64.44;Bueno;Bueno;Regular
2025-11-20;15:00;57;43.29;46.29;35.61;Bueno;102.11;Regular;6;8.04;9.67;19.33;Bueno;64.44;Bueno;Bueno;Regular
2025-11-20;16:00;50;43.21;46.29;35.61;Bueno;102.11;Regular;7;8.17;9.67;19.33;Bueno;64.44;Bueno;Bueno;Regular
2025-11-20;17:00;50;43.50;46.29;35.61;Bueno;102.11;Regular;7;8.25;9.67;19.33;Bueno;64.44;Bueno;Bueno;Regular
2025-11-20;18:00;56;43.42;46.29;35.61;Bueno;102.11;Regular;9;8.33;9.67;19.33;Bueno;64.44;Bueno;Bueno;Regular
2025-11-20;19:00;71;44.29;46.29;35.61;Bueno;102.11;Regular;15;8.58;9.67;19.33;Bueno;64.44;Bueno;Bueno;Regular
2025-11-20;20:00;45;44.08;46.29;35.61;Bueno;102.11;Regular;7;8.46;9.67;19.33;Bueno;64.44;Bueno;Bueno;Regular
2025-11-20;21:00;41;44.12;46.29;35.61;Bueno;102.11;Regular;14;8.67;9.67;19.33;Bueno;64.44;Bueno;Bueno;Regular
2025-11-20;22:00;57;45.17;46.29;35.61;Bueno;102.11;Regular;18;9.25;9.67;19.33;Bueno;64.44;Bueno;Bueno;Regular
2025-11-20;23:00;55;46.29;46.29;35.61;Bueno;102.11;Regular;14;9.67;9.67;19.33;Bueno;64.44;Bueno;Bueno;Regular
2025-11-21;00:00;57;47.67;55.50;42.69;Bueno;117.22;Regular;17;10.17;12.55;25.09;Bueno;83.64;Bueno;Bueno;Regular
2025-11-21;01:00;56;48.96;55.50;42.69;Bueno;117.22;Regular;14;10.58;12.55;25.09;Bueno;83.64;Bueno;Bueno;Regular
2025-11-21;02:00;56;50.12;55.50;42.69;Bueno;117.22;Regular;18;11.08;12.55;25.09;Bueno;83.64;Bueno;Bueno;Regular
2025-11-21;03:00;47;50.67;55.50;42.69;Bueno;117.22;Regular;15;11.42;12.55;25.09;Bueno;83.64;Bueno;Bueno;Regular
2025-11-21;04:00;52;51.67;55.50;42.69;Bueno;117.22;Regular;11;11.67;12.55;25.09;Bueno;83.64;Bueno;Bueno;Regular
2025-11-21;05:00;52;52.58;55.50;42.69;Bueno;117.22;Regular;18;12.17;12.55;25.09;Bueno;83.64;Bueno;Bueno;Regular
2025-11-21;06:00;114;55.04;55.50;42.69;Bueno;117.22;Regular;28;12.75;12.55;25.09;Bueno;83.64;Bueno;Bueno;Regular
2025-11-21;07:00;101;56.92;55.50;42.69;Bueno;117.22;Regular;28;13.33;12.55;25.09;Bueno;83.64;Bueno;Bueno;Regular
2025-11-21;08:00;84;58.25;55.50;42.69;Bueno;117.22;Regular;25;13.96;12.55;25.09;Bueno;83.64;Bueno;Bueno;Regular
2025-11-21;09:00;87;59.92;55.50;42.69;Bueno;117.22;Regular;20;14.25;12.55;25.09;Bueno;83.64;Bueno;Bueno;Regular
2025-11-21;10:00;;60.22;55.50;42.69;Bueno;117.22;Regular;;14.17;12.55;25.09;Bueno;83.64;Bueno;Bueno;Regular
2025-11-21;11:00;;60.23;55.50;42.69;Bueno;117.22;Regular;;14.09;12.55;25.09;Bueno;83.64;Bueno;Bueno;Regular
2025-11-21;12:00;51;60.09;55.50;42.69;Bueno;117.22;Regular;11;14.36;12.55;25.09;Bueno;83.64;Bueno;Bueno;Regular
2025-11-21;13:00;41;60.05;55.50;42.69;Bueno;117.22;Regular;6;14.32;12.55;25.09;Bueno;83.64;Bueno;Bueno;Regular
2025-11-21;14:00;44;60.18;55.50;42.69;Bueno;117.22;Regular;6;14.27;12.55;25.09;Bueno;83.64;Bueno;Bueno;Regular
2025-11-21;15:00;47;59.73;55.50;42.69;Bueno;117.22;Regular;7;14.32;12.55;25.09;Bueno;83.64;Bueno;Bueno;Regular
2025-11-21;16:00;54;59.91;55.50;42.69;Bueno;117.22;Regular;7;14.32;12.55;25.09;Bueno;83.64;Bueno;Bueno;Regular
2025-11-21;17:00;39;59.41;55.50;42.69;Bueno;117.22;Regular;7;14.32;12.55;25.09;Bueno;83.64;Bueno;Bueno;Regular
2025-11-21;18:00;36;58.50;55.50;42.69;Bueno;117.22;Regular;5;14.14;12.55;25.09;Bueno;83.64;Bueno;Bueno;Regular
2025-11-21;19:00;46;57.36;55.50;42.69;Bueno;117.22;Regular;5;13.68;12.55;25.09;Bueno;83.64;Bueno;Bueno;Regular
2025-11-21;20:00;54;57.77;55.50;42.69;Bueno;117.22;Regular;7;13.68;12.55;25.09;Bueno;83.64;Bueno;Bueno;Regular
2025-11-21;21:00;44;57.91;55.50;42.69;Bueno;117.22;Regular;8;13.41;12.55;25.09;Bueno;83.64;Bueno;Bueno;Regular
2025-11-21;22:00;29;56.64;55.50;42.69;Bueno;117.22;Regular;7;12.91;12.55;25.09;Bueno;83.64;Bueno;Bueno;Regular
2025-11-21;23:00;30;55.50;55.50;42.69;Bueno;117.22;Regular;6;12.55;12.55;25.09;Bueno;83.64;Bueno;Bueno;Regular
2025-11-22;00:00;29;54.23;44.12;33.94;Bueno;98.06;Bueno;16;12.50;8.83;17.67;Bueno;58.89;Bueno;Bueno;Bueno
2025-11-22;01:00;32;53.14;44.12;33.94;Bueno;98.06;Bueno;9;12.27;8.83;17.67;Bueno;58.89;Bueno;Bueno;Bueno
2025-11-22;02:00;38;52.32;44.12;33.94;Bueno;98.06;Bueno;11;11.95;8.83;17.67;Bueno;58.89;Bueno;Bueno;Bueno
2025-11-22;03:00;34;51.73;44.12;33.94;Bueno;98.06;Bueno;12;11.82;8.83;17.67;Bueno;58.89;Bueno;Bueno;Bueno
2025-11-22;04:00;36;51.00;44.12;33.94;Bueno;98.06;Bueno;7;11.64;8.83;17.67;Bueno;58.89;Bueno;Bueno;Bueno
2025-11-22;05:00;50;50.91;44.12;33.94;Bueno;98.06;Bueno;14;11.45;8.83;17.67;Bueno;58.89;Bueno;Bueno;Bueno
2025-11-22;06:00;68;48.82;44.12;33.94;Bueno;98.06;Bueno;11;10.68;8.83;17.67;Bueno;58.89;Bueno;Bueno;Bueno
2025-11-22;07:00;73;47.55;44.12;33.94;Bueno;98.06;Bueno;20;10.32;8.83;17.67;Bueno;58.89;Bueno;Bueno;Bueno
2025-11-22;08:00;53;46.14;44.12;33.94;Bueno;98.06;Bueno;7;9.50;8.83;17.67;Bueno;58.89;Bueno;Bueno;Bueno
2025-11-22;09:00;53;44.59;44.12;33.94;Bueno;98.06;Bueno;4;8.77;8.83;17.67;Bueno;58.89;Bueno;Bueno;Bueno
2025-11-22;10:00;49;44.78;44.12;33.94;Bueno;98.06;Bueno;11;8.87;8.83;17.67;Bueno;58.89;Bueno;Bueno;Bueno
2025-11-22;11:00;69;45.79;44.12;33.94;Bueno;98.06;Bueno;7;8.79;8.83;17.67;Bueno;58.89;Bueno;Bueno;Bueno
2025-11-22;12:00;58;46.08;44.12;33.94;Bueno;98.06;Bueno;14;8.92;8.83;17.67;Bueno;58.89;Bueno;Bueno;Bueno
2025-11-22;13:00;33;45.75;44.12;33.94;Bueno;98.06;Bueno;7;8.96;8.83;17.67;Bueno;58.89;Bueno;Bueno;Bueno
2025-11-22;14:00;35;45.38;44.12;33.94;Bueno;98.06;Bueno;4;8.88;8.83;17.67;Bueno;58.89;Bueno;Bueno;Bueno
2025-11-22;15:00;39;45.04;44.12;33.94;Bueno;98.06;Bueno;1;8.62;8.83;17.67;Bueno;58.89;Bueno;Bueno;Bueno
2025-11-22;16:00;39;44.42;44.12;33.94;Bueno;98.06;Bueno;2;8.42;8.83;17.67;Bueno;58.89;Bueno;Bueno;Bueno
2025-11-22;17:00;31;44.08;44.12;33.94;Bueno;98.06;Bueno;3;8.25;8.83;17.67;Bueno;58.89;Bueno;Bueno;Bueno
2025-11-22;18:00;37;44.12;44.12;33.94;Bueno;98.06;Bueno;4;8.21;8.83;17.67;Bueno;58.89;Bueno;Bueno;Bueno
2025-11-22;19:00;45;44.08;44.12;33.94;Bueno;98.06;Bueno;5;8.21;8.83;17.67;Bueno;58.89;Bueno;Bueno;Bueno
2025-11-22;20:00;44;43.67;44.12;33.94;Bueno;98.06;Bueno;14;8.50;8.83;17.67;Bueno;58.89;Bueno;Bueno;Bueno
2025-11-22;21:00;37;43.38;44.12;33.94;Bueno;98.06;Bueno;10;8.58;8.83;17.67;Bueno;58.89;Bueno;Bueno;Bueno
2025-11-22;22:00;43;43.96;44.12;33.94;Bueno;98.06;Bueno;8;8.62;8.83;17.67;Bueno;58.89;Bueno;Bueno;Bueno
2025-11-22;23:00;34;44.12;44.12;33.94;Bueno;98.06;Bueno;11;8.83;8.83;17.67;Bueno;58.89;Bueno;Bueno;Bueno
2025-11-23;00:00;26;44.00;45.38;34.90;Bueno;100.61;Regular;8;8.50;11.50;23.00;Bueno;76.67;Bueno;Bueno;Regular
2025-11-23;01:00;40;44.33;45.38;34.90;Bueno;100.61;Regular;9;8.50;11.50;23.00;Bueno;76.67;Bueno;Bueno;Regular
2025-11-23;02:00;47;44.71;45.38;34.90;Bueno;100.61;Regular;15;8.67;11.50;23.00;Bueno;76.67;Bueno;Bueno;Regular
2025-11-23;03:00;40;44.96;45.38;34.90;Bueno;100.61;Regular;13;8.71;11.50;23.00;Bueno;76.67;Bueno;Bueno;Regular
2025-11-23;04:00;37;45.00;45.38;34.90;Bueno;100.61;Regular;10;8.83;11.50;23.00;Bueno;76.67;Bueno;Bueno;Regular
2025-11-23;05:00;47;44.88;45.38;34.90;Bueno;100.61;Regular;18;9.00;11.50;23.00;Bueno;76.67;Bueno;Bueno;Regular
2025-11-23;06:00;41;43.75;45.38;34.90;Bueno;100.61;Regular;18;9.29;11.50;23.00;Bueno;76.67;Bueno;Bueno;Regular
2025-11-23;07:00;55;43.00;45.38;34.90;Bueno;100.61;Regular;19;9.25;11.50;23.00;Bueno;76.67;Bueno;Bueno;Regular
2025-11-23;08:00;54;43.04;45.38;34.90;Bueno;100.61;Regular;15;9.58;11.50;23.00;Bueno;76.67;Bueno;Bueno;Regular
2025-11-23;09:00;50;42.92;45.38;34.90;Bueno;100.61;Regular;13;9.96;11.50;23.00;Bueno;76.67;Bueno;Bueno;Regular
2025-11-23;10:00;61;43.42;45.38;34.90;Bueno;100.61;Regular;18;10.25;11.50;23.00;Bueno;76.67;Bueno;Bueno;Regular
2025-11-23;11:00;61;43.08;45.38;34.90;Bueno;100.61;Regular;16;10.62;11.50;23.00;Bueno;76.67;Bueno;Bueno;Regular
2025-11-23;12:00;58;43.08;45.38;34.90;Bueno;100.61;Regular;10;10.46;11.50;23.00;Bueno;76.67;Bueno;Bueno;Regular
2025-11-23;13:00;68;44.54;45.38;34.90;Bueno;100.61;Regular;10;10.58;11.50;23.00;Bueno;76.67;Bueno;Bueno;Regular
2025-11-23;14:00;59;45.54;45.38;34.90;Bueno;100.61;Regular;7;10.71;11.50;23.00;Bueno;76.67;Bueno;Bueno;Regular
2025-11-23;15:00;43;45.71;45.38;34.90;Bueno;100.61;Regular;10;11.08;11.50;23.00;Bueno;76.67;Bueno;Bueno;Regular
2025-11-23;16:00;38;45.67;45.38;34.90;Bueno;100.61;Regular;7;11.29;11.50;23.00;Bueno;76.67;Bueno;Bueno;Regular
2025-11-23;17:00;49;46.42;45.38;34.90;Bueno;100.61;Regular;7;11.46;11.50;23.00;Bueno;76.67;Bueno;Bueno;Regular
2025-11-23;18:00;58;47.29;45.38;34.90;Bueno;100.61;Regular;8;11.62;11.50;23.00;Bueno;76.67;Bueno;Bueno;Regular
2025-11-23;19:00;41;47.12;45.38;34.90;Bueno;100.61;Regular;12;11.92;11.50;23.00;Bueno;76.67;Bueno;Bueno;Regular
2025-11-23;20:00;31;46.58;45.38;34.90;Bueno;100.61;Regular;11;11.79;11.50;23.00;Bueno;76.67;Bueno;Bueno;Regular
2025-11-23;21:00;34;46.46;45.38;34.90;Bueno;100.61;Regular;8;11.71;11.50;23.00;Bueno;76.67;Bueno;Bueno;Regular
2025-11-23;22:00;26;45.75;45.38;34.90;Bueno;100.61;Regular;7;11.67;11.50;23.00;Bueno;76.67;Bueno;Bueno;Regular
2025-11-23;23:00;25;45.38;45.38;34.90;Bueno;100.61;Regular;7;11.50;11.50;23.00;Bueno;76.67;Bueno;Bueno;Regular
2025-11-24;00:00;18;45.04;45.62;35.10;Bueno;101.02;Regular;5;11.38;11.46;22.92;Bueno;76.39;Bueno;Bueno;Regular
2025-11-24;01:00;19;44.17;45.62;35.10;Bueno;101.02;Regular;6;11.25;11.46;22.92;Bueno;76.39;Bueno;Bueno;Regular
2025-11-24;02:00;19;43.00;45.62;35.10;Bueno;101.02;Regular;5;10.83;11.46;22.92;Bueno;76.39;Bueno;Bueno;Regular
2025-11-24;03:00;18;42.08;45.62;35.10;Bueno;101.02;Regular;4;10.46;11.46;22.92;Bueno;76.39;Bueno;Bueno;Regular
2025-11-24;04:00;19;41.33;45.62;35.10;Bueno;101.02;Regular;6;10.29;11.46;22.92;Bueno;76.39;Bueno;Bueno;Regular
2025-11-24;05:00;39;41.00;45.62;35.10;Bueno;101.02;Regular;12;10.04;11.46;22.92;Bueno;76.39;Bueno;Bueno;Regular
2025-11-24;06:00;56;41.62;45.62;35.10;Bueno;101.02;Regular;16;9.96;11.46;22.92;Bueno;76.39;Bueno;Bueno;Regular
2025-11-24;07:00;47;41.29;45.62;35.10;Bueno;101.02;Regular;24;10.17;11.46;22.92;Bueno;76.39;Bueno;Bueno;Regular
2025-11-24;08:00;64;41.71;45.62;35.10;Bueno;101.02;Regular;20;10.38;11.46;22.92;Bueno;76.39;Bueno;Bueno;Regular
2025-11-24;09:00;86;43.21;45.62;35.10;Bueno;101.02;Regular;20;10.67;11.46;22.92;Bueno;76.39;Bueno;Bueno;Regular
2025-11-24;10:00;72;43.67;45.62;35.10;Bueno;101.02;Regular;18;10.67;11.46;22.92;Bueno;76.39;Bueno;Bueno;Regular
2025-11-24;11:00;68;43.96;45.62;35.10;Bueno;101.02;Regular;17;10.71;11.46;22.92;Bueno;76.39;Bueno;Bueno;Regular
2025-11-24;12:00;54;43.79;45.62;35.10;Bueno;101.02;Regular;13;10.83;11.46;22.92;Bueno;76.39;Bueno;Bueno;Regular
2025-11-24;13:00;62;43.54;45.62;35.10;Bueno;101.02;Regular;14;11.00;11.46;22.92;Bueno;76.39;Bueno;Bueno;Regular
2025-11-24;14:00;64;43.75;45.62;35.10;Bueno;101.02;Regular;10;11.12;11.46;22.92;Bueno;76.39;Bueno;Bueno;Regular
2025-11-24;15:00;61;44.50;45.62;35.10;Bueno;101.02;Regular;7;11.00;11.46;22.92;Bueno;76.39;Bueno;Bueno;Regular
2025-11-24;16:00;58;45.33;45.62;35.10;Bueno;101.02;Regular;5;10.92;11.46;22.92;Bueno;76.39;Bueno;Bueno;Regular
2025-11-24;17:00;50;45.38;45.62;35.10;Bueno;101.02;Regular;6;10.88;11.46;22.92;Bueno;76.39;Bueno;Bueno;Regular
2025-11-24;18:00;52;45.12;45.62;35.10;Bueno;101.02;Regular;10;10.96;11.46;22.92;Bueno;76.39;Bueno;Bueno;Regular
2025-11-24;19:00;49;45.46;45.62;35.10;Bueno;101.02;Regular;12;10.96;11.46;22.92;Bueno;76.39;Bueno;Bueno;Regular
2025-11-24;20:00;45;46.04;45.62;35.10;Bueno;101.02;Regular;18;11.25;11.46;22.92;Bueno;76.39;Bueno;Bueno;Regular
2025-11-24;21:00;33;46.00;45.62;35.10;Bueno;101.02;Regular;12;11.42;11.46;22.92;Bueno;76.39;Bueno;Bueno;Regular
2025-11-24;22:00;26;46.00;45.62;35.10;Bueno;101.02;Regular;10;11.54;11.46;22.92;Bueno;76.39;Bueno;Bueno;Regular
2025-11-24;23:00;16;45.62;45.62;35.10;Bueno;101.02;Regular;5;11.46;11.46;22.92;Bueno;76.39;Bueno;Bueno;Regular
2025-11-25;00:00;21;45.75;40.42;31.09;Bueno;89.81;Bueno;4;11.42;10.96;21.92;Bueno;73.06;Bueno;Bueno;Bueno
2025-11-25;01:00;22;45.88;40.42;31.09;Bueno;89.81;Bueno;7;11.46;10.96;21.92;Bueno;73.06;Bueno;Bueno;Bueno
2025-11-25;02:00;17;45.79;40.42;31.09;Bueno;89.81;Bueno;5;11.46;10.96;21.92;Bueno;73.06;Bueno;Bueno;Bueno
2025-11-25;03:00;21;45.92;40.42;31.09;Bueno;89.81;Bueno;5;11.50;10.96;21.92;Bueno;73.06;Bueno;Bueno;Bueno
2025-11-25;04:00;32;46.46;40.42;31.09;Bueno;89.81;Bueno;13;11.79;10.96;21.92;Bueno;73.06;Bueno;Bueno;Bueno
2025-11-25;05:00;33;46.21;40.42;31.09;Bueno;89.81;Bueno;14;11.88;10.96;21.92;Bueno;73.06;Bueno;Bueno;Bueno
2025-11-25;06:00;47;45.83;40.42;31.09;Bueno;89.81;Bueno;22;12.12;10.96;21.92;Bueno;73.06;Bueno;Bueno;Bueno
2025-11-25;07:00;48;45.88;40.42;31.09;Bueno;89.81;Bueno;16;11.79;10.96;21.92;Bueno;73.06;Bueno;Bueno;Bueno
2025-11-25;08:00;61;45.75;40.42;31.09;Bueno;89.81;Bueno;22;11.88;10.96;21.92;Bueno;73.06;Bueno;Bueno;Bueno
2025-11-25;09:00;74;45.25;40.42;31.09;Bueno;89.81;Bueno;23;12.00;10.96;21.92;Bueno;73.06;Bueno;Bueno;Bueno
2025-11-25;10:00;74;45.33;40.42;31.09;Bueno;89.81;Bueno;27;12.38;10.96;21.92;Bueno;73.06;Bueno;Bueno;Bueno
2025-11-25;11:00;60;45.00;40.42;31.09;Bueno;89.81;Bueno;17;12.38;10.96;21.92;Bueno;73.06;Bueno;Bueno;Bueno
2025-11-25;12:00;51;44.88;40.42;31.09;Bueno;89.81;Bueno;9;12.21;10.96;21.92;Bueno;73.06;Bueno;Bueno;Bueno
2025-11-25;13:00;54;44.54;40.42;31.09;Bueno;89.81;Bueno;7;11.92;10.96;21.92;Bueno;73.06;Bueno;Bueno;Bueno
2025-11-25;14:00;47;43.83;40.42;31.09;Bueno;89.81;Bueno;5;11.71;10.96;21.92;Bueno;73.06;Bueno;Bueno;Bueno
2025-11-25;15:00;52;43.46;40.42;31.09;Bueno;89.81;Bueno;5;11.62;10.96;21.92;Bueno;73.06;Bueno;Bueno;Bueno
2025-11-25;16:00;44;42.88;40.42;31.09;Bueno;89.81;Bueno;5;11.62;10.96;21.92;Bueno;73.06;Bueno;Bueno;Bueno
2025-11-25;17:00;43;42.58;40.42;31.09;Bueno;89.81;Bueno;7;11.67;10.96;21.92;Bueno;73.06;Bueno;Bueno;Bueno
2025-11-25;18:00;34;41.83;40.42;31.09;Bueno;89.81;Bueno;7;11.54;10.96;21.92;Bueno;73.06;Bueno;Bueno;Bueno
2025-11-25;19:00;34;41.21;40.42;31.09;Bueno;89.81;Bueno;9;11.42;10.96;21.92;Bueno;73.06;Bueno;Bueno;Bueno
2025-11-25;20:00;31;40.62;40.42;31.09;Bueno;89.81;Bueno;7;10.96;10.96;21.92;Bueno;73.06;Bueno;Bueno;Bueno
2025-11-25;21:00;25;40.29;40.42;31.09;Bueno;89.81;Bueno;8;10.79;10.96;21.92;Bueno;73.06;Bueno;Bueno;Bueno
2025-11-25;22:00;25;40.25;40.42;31.09;Bueno;89.81;Bueno;8;10.71;10.96;21.92;Bueno;73.06;Bueno;Bueno;Bueno
2025-11-25;23:00;20;40.42;40.42;31.09;Bueno;89.81;Bueno;11;10.96;10.96;21.92;Bueno;73.06;Bueno;Bueno;Bueno
2025-11-26;00:00;22;40.46;36.17;27.82;Bueno;80.37;Bueno;10;11.21;10.38;20.75;Bueno;69.17;Bueno;Bueno;Bueno
2025-11-26;01:00;18;40.29;36.17;27.82;Bueno;80.37;Bueno;7;11.21;10.38;20.75;Bueno;69.17;Bueno;Bueno;Bueno
2025-11-26;02:00;20;40.42;36.17;27.82;Bueno;80.37;Bueno;7;11.29;10.38;20.75;Bueno;69.17;Bueno;Bueno;Bueno
2025-11-26;03:00;27;40.67;36.17;27.82;Bueno;80.37;Bueno;10;11.50;10.38;20.75;Bueno;69.17;Bueno;Bueno;Bueno
2025-11-26;04:00;31;40.62;36.17;27.82;Bueno;80.37;Bueno;14;11.54;10.38;20.75;Bueno;69.17;Bueno;Bueno;Bueno
2025-11-26;05:00;41;40.96;36.17;27.82;Bueno;80.37;Bueno;16;11.62;10.38;20.75;Bueno;69.17;Bueno;Bueno;Bueno
2025-11-26;06:00;44;40.83;36.17;27.82;Bueno;80.37;Bueno;18;11.46;10.38;20.75;Bueno;69.17;Bueno;Bueno;Bueno
2025-11-26;07:00;58;41.25;36.17;27.82;Bueno;80.37;Bueno;22;11.71;10.38;20.75;Bueno;69.17;Bueno;Bueno;Bueno
2025-11-26;08:00;53;40.92;36.17;27.82;Bueno;80.37;Bueno;24;11.79;10.38;20.75;Bueno;69.17;Bueno;Bueno;Bueno
2025-11-26;09:00;40;39.50;36.17;27.82;Bueno;80.37;Bueno;10;11.25;10.38;20.75;Bueno;69.17;Bueno;Bueno;Bueno
2025-11-26;10:00;29;37.62;36.17;27.82;Bueno;80.37;Bueno;12;10.62;10.38;20.75;Bueno;69.17;Bueno;Bueno;Bueno
2025-11-26;11:00;41;36.83;36.17;27.82;Bueno;80.37;Bueno;12;10.42;10.38;20.75;Bueno;69.17;Bueno;Bueno;Bueno
2025-11-26;12:00;45;36.58;36.17;27.82;Bueno;80.37;Bueno;12;10.54;10.38;20.75;Bueno;69.17;Bueno;Bueno;Bueno
2025-11-26;13:00;54;36.58;36.17;27.82;Bueno;80.37;Bueno;15;10.88;10.38;20.75;Bueno;69.17;Bueno;Bueno;Bueno
2025-11-26;14:00;55;36.92;36.17;27.82;Bueno;80.37;Bueno;10;11.08;10.38;20.75;Bueno;69.17;Bueno;Bueno;Bueno
2025-11-26;15:00;45;36.62;36.17;27.82;Bueno;80.37;Bueno;7;11.17;10.38;20.75;Bueno;69.17;Bueno;Bueno;Bueno
2025-11-26;16:00;39;36.42;36.17;27.82;Bueno;80.37;Bueno;4;11.12;10.38;20.75;Bueno;69.17;Bueno;Bueno;Bueno
2025-11-26;17:00;35;36.08;36.17;27.82;Bueno;80.37;Bueno;4;11.00;10.38;20.75;Bueno;69.17;Bueno;Bueno;Bueno
2025-11-26;18:00;31;35.96;36.17;27.82;Bueno;80.37;Bueno;7;11.00;10.38;20.75;Bueno;69.17;Bueno;Bueno;Bueno
2025-11-26;19:00;40;36.21;36.17;27.82;Bueno;80.37;Bueno;5;10.83;10.38;20.75;Bueno;69.17;Bueno;Bueno;Bueno
2025-11-26;20:00;30;36.17;36.17;27.82;Bueno;80.37;Bueno;9;10.92;10.38;20.75;Bueno;69.17;Bueno;Bueno;Bueno
2025-11-26;21:00;19;35.92;36.17;27.82;Bueno;80.37;Bueno;5;10.79;10.38;20.75;Bueno;69.17;Bueno;Bueno;Bueno
2025-11-26;22:00;28;36.04;36.17;27.82;Bueno;80.37;Bueno;5;10.67;10.38;20.75;Bueno;69.17;Bueno;Bueno;Bueno
2025-11-26;23:00;23;36.17;36.17;27.82;Bueno;80.37;Bueno;4;10.38;10.38;20.75;Bueno;69.17;Bueno;Bueno;Bueno
2025-11-27;00:00;19;36.04;43.33;33.33;Bueno;96.30;Bueno;3;10.08;7.54;15.08;Bueno;50.28;Bueno;Bueno;Bueno
2025-11-27;01:00;36;36.79;43.33;33.33;Bueno;96.30;Bueno;7;10.08;7.54;15.08;Bueno;50.28;Bueno;Bueno;Bueno
2025-11-27;02:00;37;37.50;43.33;33.33;Bueno;96.30;Bueno;10;10.21;7.54;15.08;Bueno;50.28;Bueno;Bueno;Bueno
2025-11-27;03:00;35;37.83;43.33;33.33;Bueno;96.30;Bueno;10;10.21;7.54;15.08;Bueno;50.28;Bueno;Bueno;Bueno
2025-11-27;04:00;33;37.92;43.33;33.33;Bueno;96.30;Bueno;6;9.88;7.54;15.08;Bueno;50.28;Bueno;Bueno;Bueno
2025-11-27;05:00;39;37.83;43.33;33.33;Bueno;96.30;Bueno;5;9.42;7.54;15.08;Bueno;50.28;Bueno;Bueno;Bueno
2025-11-27;06:00;42;37.75;43.33;33.33;Bueno;96.30;Bueno;10;9.08;7.54;15.08;Bueno;50.28;Bueno;Bueno;Bueno
2025-11-27;07:00;53;37.54;43.33;33.33;Bueno;96.30;Bueno;14;8.75;7.54;15.08;Bueno;50.28;Bueno;Bueno;Bueno
2025-11-27;08:00;71;38.29;43.33;33.33;Bueno;96.30;Bueno;18;8.50;7.54;15.08;Bueno;50.28;Bueno;Bueno;Bueno
2025-11-27;09:00;72;39.62;43.33;33.33;Bueno;96.30;Bueno;18;8.83;7.54;15.08;Bueno;50.28;Bueno;Bueno;Bueno
2025-11-27;10:00;81;41.79;43.33;33.33;Bueno;96.30;Bueno;15;8.96;7.54;15.08;Bueno;50.28;Bueno;Bueno;Bueno
2025-11-27;11:00;50;42.17;43.33;33.33;Bueno;96.30;Bueno;8;8.79;7.54;15.08;Bueno;50.28;Bueno;Bueno;Bueno
2025-11-27;12:00;48;42.29;43.33;33.33;Bueno;96.30;Bueno;8;8.62;7.54;15.08;Bueno;50.28;Bueno;Bueno;Bueno
2025-11-27;13:00;50;42.12;43.33;33.33;Bueno;96.30;Bueno;5;8.21;7.54;15.08;Bueno;50.28;Bueno;Bueno;Bueno
2025-11-27;14:00;51;41.96;43.33;33.33;Bueno;96.30;Bueno;5;8.00;7.54;15.08;Bueno;50.28;Bueno;Bueno;Bueno
2025-11-27;15:00;48;42.08;43.33;33.33;Bueno;96.30;Bueno;4;7.88;7.54;15.08;Bueno;50.28;Bueno;Bueno;Bueno
2025-11-27;16:00;54;42.71;43.33;33.33;Bueno;96.30;Bueno;4;7.88;7.54;15.08;Bueno;50.28;Bueno;Bueno;Bueno
2025-11-27;17:00;40;42.92;43.33;33.33;Bueno;96.30;Bueno;4;7.88;7.54;15.08;Bueno;50.28;Bueno;Bueno;Bueno
2025-11-27;18:00;40;43.29;43.33;33.33;Bueno;96.30;Bueno;5;7.79;7.54;15.08;Bueno;50.28;Bueno;Bueno;Bueno
2025-11-27;19:00;45;43.50;43.33;33.33;Bueno;96.30;Bueno;4;7.75;7.54;15.08;Bueno;50.28;Bueno;Bueno;Bueno
2025-11-27;20:00;34;43.67;43.33;33.33;Bueno;96.30;Bueno;4;7.54;7.54;15.08;Bueno;50.28;Bueno;Bueno;Bueno
2025-11-27;21:00;24;43.88;43.33;33.33;Bueno;96.30;Bueno;5;7.54;7.54;15.08;Bueno;50.28;Bueno;Bueno;Bueno
2025-11-27;22:00;20;43.54;43.33;33.33;Bueno;96.30;Bueno;5;7.54;7.54;15.08;Bueno;50.28;Bueno;Bueno;Bueno
2025-11-27;23:00;18;43.33;43.33;33.33;Bueno;96.30;Bueno;4;7.54;7.54;15.08;Bueno;50.28;Bueno;Bueno;Bueno
2025-11-28;00:00;13;43.08;30.08;23.14;Bueno;66.85;Bueno;3;7.54;3.67;7.33;Bueno;24.44;Bueno;Bueno;Bueno
2025-11-28;01:00;11;42.04;30.08;23.14;Bueno;66.85;Bueno;1;7.29;3.67;7.33;Bueno;24.44;Bueno;Bueno;Bueno
2025-11-28;02:00;12;41.00;30.08;23.14;Bueno;66.85;Bueno;1;6.92;3.67;7.33;Bueno;24.44;Bueno;Bueno;Bueno
2025-11-28;03:00;17;40.25;30.08;23.14;Bueno;66.85;Bueno;1;6.54;3.67;7.33;Bueno;24.44;Bueno;Bueno;Bueno
2025-11-28;04:00;11;39.33;30.08;23.14;Bueno;66.85;Bueno;1;6.33;3.67;7.33;Bueno;24.44;Bueno;Bueno;Bueno
2025-11-28;05:00;14;38.29;30.08;23.14;Bueno;66.85;Bueno;1;6.17;3.67;7.33;Bueno;24.44;Bueno;Bueno;Bueno
2025-11-28;06:00;24;37.54;30.08;23.14;Bueno;66.85;Bueno;2;5.83;3.67;7.33;Bueno;24.44;Bueno;Bueno;Bueno
2025-11-28;07:00;27;36.46;30.08;23.14;Bueno;66.85;Bueno;5;5.46;3.67;7.33;Bueno;24.44;Bueno;Bueno;Bueno
2025-11-28;08:00;31;34.79;30.08;23.14;Bueno;66.85;Bueno;5;4.92;3.67;7.33;Bueno;24.44;Bueno;Bueno;Bueno
2025-11-28;09:00;39;33.42;30.08;23.14;Bueno;66.85;Bueno;6;4.42;3.67;7.33;Bueno;24.44;Bueno;Bueno;Bueno
2025-11-28;10:00;51;32.17;30.08;23.14;Bueno;66.85;Bueno;10;4.21;3.67;7.33;Bueno;24.44;Bueno;Bueno;Bueno
2025-11-28;11:00;44;31.92;30.08;23.14;Bueno;66.85;Bueno;9;4.25;3.67;7.33;Bueno;24.44;Bueno;Bueno;Bueno
2025-11-28;12:00;52;32.08;30.08;23.14;Bueno;66.85;Bueno;10;4.33;3.67;7.33;Bueno;24.44;Bueno;Bueno;Bueno
2025-11-28;13:00;47;31.96;30.08;23.14;Bueno;66.85;Bueno;7;4.42;3.67;7.33;Bueno;24.44;Bueno;Bueno;Bueno
2025-11-28;14:00;48;31.83;30.08;23.14;Bueno;66.85;Bueno;5;4.42;3.67;7.33;Bueno;24.44;Bueno;Bueno;Bueno
2025-11-28;15:00;47;31.79;30.08;23.14;Bueno;66.85;Bueno;3;4.38;3.67;7.33;Bueno;24.44;Bueno;Bueno;Bueno
2025-11-28;16:00;44;31.38;30.08;23.14;Bueno;66.85;Bueno;2;4.29;3.67;7.33;Bueno;24.44;Bueno;Bueno;Bueno
2025-11-28;17:00;40;31.38;30.08;23.14;Bueno;66.85;Bueno;1;4.17;3.67;7.33;Bueno;24.44;Bueno;Bueno;Bueno
2025-11-28;18:00;32;31.04;30.08;23.14;Bueno;66.85;Bueno;1;4.00;3.67;7.33;Bueno;24.44;Bueno;Bueno;Bueno
2025-11-28;19:00;34;30.58;30.08;23.14;Bueno;66.85;Bueno;2;3.92;3.67;7.33;Bueno;24.44;Bueno;Bueno;Bueno
2025-11-28;20:00;30;30.42;30.08;23.14;Bueno;66.85;Bueno;4;3.92;3.67;7.33;Bueno;24.44;Bueno;Bueno;Bueno
2025-11-28;21:00;20;30.25;30.08;23.14;Bueno;66.85;Bueno;4;3.88;3.67;7.33;Bueno;24.44;Bueno;Bueno;Bueno
2025-11-28;22:00;18;30.17;30.08;23.14;Bueno;66.85;Bueno;3;3.79;3.67;7.33;Bueno;24.44;Bueno;Bueno;Bueno
2025-11-28;23:00;16;30.08;30.08;23.14;Bueno;66.85;Bueno;1;3.67;3.67;7.33;Bueno;24.44;Bueno;Bueno;Bueno
2025-11-29;00:00;14;30.12;27.29;20.99;Bueno;60.65;Bueno;1;3.58;3.29;6.58;Bueno;21.94;Bueno;Bueno;Bueno
2025-11-29;01:00;11;30.12;27.29;20.99;Bueno;60.65;Bueno;1;3.58;3.29;6.58;Bueno;21.94;Bueno;Bueno;Bueno
2025-11-29;02:00;9;30.00;27.29;20.99;Bueno;60.65;Bueno;1;3.58;3.29;6.58;Bueno;21.94;Bueno;Bueno;Bueno
2025-11-29;03:00;5;29.50;27.29;20.99;Bueno;60.65;Bueno;1;3.58;3.29;6.58;Bueno;21.94;Bueno;Bueno;Bueno
2025-11-29;04:00;19;29.83;27.29;20.99;Bueno;60.65;Bueno;1;3.58;3.29;6.58;Bueno;21.94;Bueno;Bueno;Bueno
2025-11-29;05:00;27;30.38;27.29;20.99;Bueno;60.65;Bueno;5;3.75;3.29;6.58;Bueno;21.94;Bueno;Bueno;Bueno
2025-11-29;06:00;27;30.50;27.29;20.99;Bueno;60.65;Bueno;7;3.96;3.29;6.58;Bueno;21.94;Bueno;Bueno;Bueno
2025-11-29;07:00;25;30.42;27.29;20.99;Bueno;60.65;Bueno;7;4.04;3.29;6.58;Bueno;21.94;Bueno;Bueno;Bueno
2025-11-29;08:00;31;30.42;27.29;20.99;Bueno;60.65;Bueno;7;4.12;3.29;6.58;Bueno;21.94;Bueno;Bueno;Bueno
2025-11-29;09:00;36;30.29;27.29;20.99;Bueno;60.65;Bueno;7;4.17;3.29;6.58;Bueno;21.94;Bueno;Bueno;Bueno
2025-11-29;10:00;42;29.92;27.29;20.99;Bueno;60.65;Bueno;6;4.00;3.29;6.58;Bueno;21.94;Bueno;Bueno;Bueno
2025-11-29;11:00;39;29.71;27.29;20.99;Bueno;60.65;Bueno;4;3.79;3.29;6.58;Bueno;21.94;Bueno;Bueno;Bueno
2025-11-29;12:00;35;29.00;27.29;20.99;Bueno;60.65;Bueno;3;3.50;3.29;6.58;Bueno;21.94;Bueno;Bueno;Bueno
2025-11-29;13:00;30;28.29;27.29;20.99;Bueno;60.65;Bueno;2;3.29;3.29;6.58;Bueno;21.94;Bueno;Bueno;Bueno
2025-11-29;14:00;21;27.17;27.29;20.99;Bueno;60.65;Bueno;1;3.12;3.29;6.58;Bueno;21.94;Bueno;Bueno;Bueno
2025-11-29;15:00;67;28.00;27.29;20.99;Bueno;60.65;Bueno;1;3.04;3.29;6.58;Bueno;21.94;Bueno;Bueno;Bueno
2025-11-29;16:00;49;28.21;27.29;20.99;Bueno;60.65;Bueno;3;3.08;3.29;6.58;Bueno;21.94;Bueno;Bueno;Bueno
2025-11-29;17:00;41;28.25;27.29;20.99;Bueno;60.65;Bueno;1;3.08;3.29;6.58;Bueno;21.94;Bueno;Bueno;Bueno
2025-11-29;18:00;31;28.21;27.29;20.99;Bueno;60.65;Bueno;1;3.08;3.29;6.58;Bueno;21.94;Bueno;Bueno;Bueno
2025-11-29;19:00;28;27.96;27.29;20.99;Bueno;60.65;Bueno;1;3.04;3.29;6.58;Bueno;21.94;Bueno;Bueno;Bueno
2025-11-29;20:00;24;27.71;27.29;20.99;Bueno;60.65;Bueno;10;3.29;3.29;6.58;Bueno;21.94;Bueno;Bueno;Bueno
2025-11-29;21:00;17;27.58;27.29;20.99;Bueno;60.65;Bueno;5;3.33;3.29;6.58;Bueno;21.94;Bueno;Bueno;Bueno
2025-11-29;22:00;16;27.50;27.29;20.99;Bueno;60.65;Bueno;2;3.29;3.29;6.58;Bueno;21.94;Bueno;Bueno;Bueno
2025-11-29;23:00;11;27.29;27.29;20.99;Bueno;60.65;Bueno;1;3.29;3.29;6.58;Bueno;21.94;Bueno;Bueno;Bueno
2025-11-30;00:00;9;27.08;24.04;18.49;Bueno;53.43;Bueno;1;3.29;4.12;8.25;Bueno;27.50;Bueno;Bueno;Bueno
2025-11-30;01:00;11;27.08;24.04;18.49;Bueno;53.43;Bueno;1;3.29;4.12;8.25;Bueno;27.50;Bueno;Bueno;Bueno
2025-11-30;02:00;13;27.25;24.04;18.49;Bueno;53.43;Bueno;3;3.38;4.12;8.25;Bueno;27.50;Bueno;Bueno;Bueno
2025-11-30;03:00;23;28.00;24.04;18.49;Bueno;53.43;Bueno;6;3.58;4.12;8.25;Bueno;27.50;Bueno;Bueno;Bueno
2025-11-30;04:00;22;28.12;24.04;18.49;Bueno;53.43;Bueno;4;3.71;4.12;8.25;Bueno;27.50;Bueno;Bueno;Bueno
2025-11-30;05:00;28;28.17;24.04;18.49;Bueno;53.43;Bueno;10;3.92;4.12;8.25;Bueno;27.50;Bueno;Bueno;Bueno
2025-11-30;06:00;18;27.79;24.04;18.49;Bueno;53.43;Bueno;5;3.83;4.12;8.25;Bueno;27.50;Bueno;Bueno;Bueno
2025-11-30;07:00;7;27.04;24.04;18.49;Bueno;53.43;Bueno;3;3.67;4.12;8.25;Bueno;27.50;Bueno;Bueno;Bueno
2025-11-30;08:00;14;26.33;24.04;18.49;Bueno;53.43;Bueno;1;3.42;4.12;8.25;Bueno;27.50;Bueno;Bueno;Bueno
2025-11-30;09:00;20;25.67;24.04;18.49;Bueno;53.43;Bueno;3;3.25;4.12;8.25;Bueno;27.50;Bueno;Bueno;Bueno
2025-11-30;10:00;16;24.58;24.04;18.49;Bueno;53.43;Bueno;3;3.12;4.12;8.25;Bueno;27.50;Bueno;Bueno;Bueno
2025-11-30;11:00;24;23.96;24.04;18.49;Bueno;53.43;Bueno;3;3.08;4.12;8.25;Bueno;27.50;Bueno;Bueno;Bueno
2025-11-30;12:00;31;23.79;24.04;18.49;Bueno;53.43;Bueno;4;3.12;4.12;8.25;Bueno;27.50;Bueno;Bueno;Bueno
2025-11-30;13:00;27;23.67;24.04;18.49;Bueno;53.43;Bueno;4;3.21;4.12;8.25;Bueno;27.50;Bueno;Bueno;Bueno
2025-11-30;14:00;27;23.92;24.04;18.49;Bueno;53.43;Bueno;4;3.33;4.12;8.25;Bueno;27.50;Bueno;Bueno;Bueno
2025-11-30;15:00;44;22.96;24.04;18.49;Bueno;53.43;Bueno;3;3.42;4.12;8.25;Bueno;27.50;Bueno;Bueno;Bueno
2025-11-30;16:00;51;23.04;24.04;18.49;Bueno;53.43;Bueno;2;3.38;4.12;8.25;Bueno;27.50;Bueno;Bueno;Bueno
2025-11-30;17:00;36;22.83;24.04;18.49;Bueno;53.43;Bueno;3;3.46;4.12;8.25;Bueno;27.50;Bueno;Bueno;Bueno
2025-11-30;18:00;22;22.46;24.04;18.49;Bueno;53.43;Bueno;3;3.54;4.12;8.25;Bueno;27.50;Bueno;Bueno;Bueno
2025-11-30;19:00;17;22.00;24.04;18.49;Bueno;53.43;Bueno;1;3.54;4.12;8.25;Bueno;27.50;Bueno;Bueno;Bueno
2025-11-30;20:00;28;22.17;24.04;18.49;Bueno;53.43;Bueno;3;3.25;4.12;8.25;Bueno;27.50;Bueno;Bueno;Bueno
2025-11-30;21:00;34;22.88;24.04;18.49;Bueno;53.43;Bueno;7;3.33;4.12;8.25;Bueno;27.50;Bueno;Bueno;Bueno
2025-11-30;22:00;33;23.58;24.04;18.49;Bueno;53.43;Bueno;12;3.75;4.12;8.25;Bueno;27.50;Bueno;Bueno;Bueno
2025-11-30;23:00;22;24.04;24.04;18.49;Bueno;53.43;Bueno;10;4.12;4.12;8.25;Bueno;27.50;Bueno;Bueno;Bueno
2025-12-01;00:00;20;24.50;41.46;31.89;Bueno;92.13;Bueno;8;4.42;7.00;14.00;Bueno;46.67;Bueno;Bueno;Bueno
2025-12-01;01:00;23;25.00;41.46;31.89;Bueno;92.13;Bueno;6;4.62;7.00;14.00;Bueno;46.67;Bueno;Bueno;Bueno
2025-12-01;02:00;25;25.50;41.46;31.89;Bueno;92.13;Bueno;5;4.71;7.00;14.00;Bueno;46.67;Bueno;Bueno;Bueno
2025-12-01;03:00;30;25.79;41.46;31.89;Bueno;92.13;Bueno;6;4.71;7.00;14.00;Bueno;46.67;Bueno;Bueno;Bueno
2025-12-01;04:00;29;26.08;41.46;31.89;Bueno;92.13;Bueno;15;5.17;7.00;14.00;Bueno;46.67;Bueno;Bueno;Bueno
2025-12-01;05:00;36;26.42;41.46;31.89;Bueno;92.13;Bueno;14;5.33;7.00;14.00;Bueno;46.67;Bueno;Bueno;Bueno
2025-12-01;06:00;33;27.04;41.46;31.89;Bueno;92.13;Bueno;7;5.42;7.00;14.00;Bueno;46.67;Bueno;Bueno;Bueno
2025-12-01;07:00;40;28.42;41.46;31.89;Bueno;92.13;Bueno;9;5.67;7.00;14.00;Bueno;46.67;Bueno;Bueno;Bueno
2025-12-01;08:00;69;30.71;41.46;31.89;Bueno;92.13;Bueno;10;6.04;7.00;14.00;Bueno;46.67;Bueno;Bueno;Bueno
2025-12-01;09:00;78;33.12;41.46;31.89;Bueno;92.13;Bueno;10;6.33;7.00;14.00;Bueno;46.67;Bueno;Bueno;Bueno
2025-12-01;10:00;46;34.38;41.46;31.89;Bueno;92.13;Bueno;7;6.50;7.00;14.00;Bueno;46.67;Bueno;Bueno;Bueno
2025-12-01;11:00;50;35.46;41.46;31.89;Bueno;92.13;Bueno;5;6.58;7.00;14.00;Bueno;46.67;Bueno;Bueno;Bueno
2025-12-01;12:00;42;35.92;41.46;31.89;Bueno;92.13;Bueno;13;6.96;7.00;14.00;Bueno;46.67;Bueno;Bueno;Bueno
2025-12-01;13:00;37;36.33;41.46;31.89;Bueno;92.13;Bueno;7;7.08;7.00;14.00;Bueno;46.67;Bueno;Bueno;Bueno
2025-12-01;14:00;38;36.79;41.46;31.89;Bueno;92.13;Bueno;4;7.08;7.00;14.00;Bueno;46.67;Bueno;Bueno;Bueno
2025-12-01;15:00;78;38.21;41.46;31.89;Bueno;92.13;Bueno;6;7.21;7.00;14.00;Bueno;46.67;Bueno;Bueno;Bueno
2025-12-01;16:00;76;39.25;41.46;31.89;Bueno;92.13;Bueno;7;7.42;7.00;14.00;Bueno;46.67;Bueno;Bueno;Bueno
2025-12-01;17:00;51;39.88;41.46;31.89;Bueno;92.13;Bueno;4;7.46;7.00;14.00;Bueno;46.67;Bueno;Bueno;Bueno
2025-12-01;18:00;55;41.25;41.46;31.89;Bueno;92.13;Bueno;4;7.50;7.00;14.00;Bueno;46.67;Bueno;Bueno;Bueno
2025-12-01;19:00;46;42.46;41.46;31.89;Bueno;92.13;Bueno;5;7.67;7.00;14.00;Bueno;46.67;Bueno;Bueno;Bueno
2025-12-01;20:00;29;42.50;41.46;31.89;Bueno;92.13;Bueno;5;7.75;7.00;14.00;Bueno;46.67;Bueno;Bueno;Bueno
2025-12-01;21:00;28;42.25;41.46;31.89;Bueno;92.13;Bueno;5;7.67;7.00;14.00;Bueno;46.67;Bueno;Bueno;Bueno
2025-12-01;22:00;19;41.67;41.46;31.89;Bueno;92.13;Bueno;3;7.29;7.00;14.00;Bueno;46.67;Bueno;Bueno;Bueno
2025-12-01;23:00;17;41.46;41.46;31.89;Bueno;92.13;Bueno;3;7.00;7.00;14.00;Bueno;46.67;Bueno;Bueno;Bueno
2025-12-02;00:00;23;41.58;35.54;27.34;Bueno;78.98;Bueno;1;6.71;4.50;9.00;Bueno;30.00;Bueno;Bueno;Bueno
2025-12-02;01:00;19;41.42;35.54;27.34;Bueno;78.98;Bueno;3;6.58;4.50;9.00;Bueno;30.00;Bueno;Bueno;Bueno
2025-12-02;02:00;19;41.17;35.54;27.34;Bueno;78.98;Bueno;4;6.54;4.50;9.00;Bueno;30.00;Bueno;Bueno;Bueno
2025-12-02;03:00;21;40.79;35.54;27.34;Bueno;78.98;Bueno;3;6.42;4.50;9.00;Bueno;30.00;Bueno;Bueno;Bueno
2025-12-02;04:00;14;40.17;35.54;27.34;Bueno;78.98;Bueno;3;5.92;4.50;9.00;Bueno;30.00;Bueno;Bueno;Bueno
2025-12-02;05:00;18;39.42;35.54;27.34;Bueno;78.98;Bueno;4;5.50;4.50;9.00;Bueno;30.00;Bueno;Bueno;Bueno
2025-12-02;06:00;25;39.08;35.54;27.34;Bueno;78.98;Bueno;5;5.42;4.50;9.00;Bueno;30.00;Bueno;Bueno;Bueno
2025-12-02;07:00;42;39.17;35.54;27.34;Bueno;78.98;Bueno;3;5.17;4.50;9.00;Bueno;30.00;Bueno;Bueno;Bueno
2025-12-02;08:00;50;38.38;35.54;27.34;Bueno;78.98;Bueno;5;4.96;4.50;9.00;Bueno;30.00;Bueno;Bueno;Bueno
2025-12-02;09:00;57;37.50;35.54;27.34;Bueno;78.98;Bueno;6;4.79;4.50;9.00;Bueno;30.00;Bueno;Bueno;Bueno
2025-12-02;10:00;44;37.42;35.54;27.34;Bueno;78.98;Bueno;4;4.67;4.50;9.00;Bueno;30.00;Bueno;Bueno;Bueno
2025-12-02;11:00;45;37.21;35.54;27.34;Bueno;78.98;Bueno;7;4.75;4.50;9.00;Bueno;30.00;Bueno;Bueno;Bueno
2025-12-02;12:00;50;37.54;35.54;27.34;Bueno;78.98;Bueno;10;4.62;4.50;9.00;Bueno;30.00;Bueno;Bueno;Bueno
2025-12-02;13:00;43;37.79;35.54;27.34;Bueno;78.98;Bueno;6;4.58;4.50;9.00;Bueno;30.00;Bueno;Bueno;Bueno
2025-12-02;14:00;38;37.79;35.54;27.34;Bueno;78.98;Bueno;4;4.58;4.50;9.00;Bueno;30.00;Bueno;Bueno;Bueno
2025-12-02;15:00;44;36.38;35.54;27.34;Bueno;78.98;Bueno;3;4.46;4.50;9.00;Bueno;30.00;Bueno;Bueno;Bueno
2025-12-02;16:00;33;34.58;35.54;27.34;Bueno;78.98;Bueno;1;4.21;4.50;9.00;Bueno;30.00;Bueno;Bueno;Bueno
2025-12-02;17:00;38;34.04;35.54;27.34;Bueno;78.98;Bueno;1;4.08;4.50;9.00;Bueno;30.00;Bueno;Bueno;Bueno
2025-12-02;18:00;47;33.71;35.54;27.34;Bueno;78.98;Bueno;7;4.21;4.50;9.00;Bueno;30.00;Bueno;Bueno;Bueno
2025-12-02;19:00;35;33.25;35.54;27.34;Bueno;78.98;Bueno;5;4.21;4.50;9.00;Bueno;30.00;Bueno;Bueno;Bueno
2025-12-02;20:00;36;33.54;35.54;27.34;Bueno;78.98;Bueno;6;4.25;4.50;9.00;Bueno;30.00;Bueno;Bueno;Bueno
2025-12-02;21:00;38;33.96;35.54;27.34;Bueno;78.98;Bueno;6;4.29;4.50;9.00;Bueno;30.00;Bueno;Bueno;Bueno
2025-12-02;22:00;37;34.71;35.54;27.34;Bueno;78.98;Bueno;6;4.42;4.50;9.00;Bueno;30.00;Bueno;Bueno;Bueno
2025-12-02;23:00;37;35.54;35.54;27.34;Bueno;78.98;Bueno;5;4.50;4.50;9.00;Bueno;30.00;Bueno;Bueno;Bueno
2025-12-03;00:00;32;35.92;48.71;37.47;Bueno;106.07;Regular;4;4.62;6.71;13.42;Bueno;44.72;Bueno;Bueno;Regular
2025-12-03;01:00;27;36.25;48.71;37.47;Bueno;106.07;Regular;7;4.79;6.71;13.42;Bueno;44.72;Bueno;Bueno;Regular
2025-12-03;02:00;44;37.29;48.71;37.47;Bueno;106.07;Regular;10;5.04;6.71;13.42;Bueno;44.72;Bueno;Bueno;Regular
2025-12-03;03:00;50;38.50;48.71;37.47;Bueno;106.07;Regular;13;5.46;6.71;13.42;Bueno;44.72;Bueno;Bueno;Regular
2025-12-03;04:00;45;39.79;48.71;37.47;Bueno;106.07;Regular;11;5.79;6.71;13.42;Bueno;44.72;Bueno;Bueno;Regular
2025-12-03;05:00;53;41.25;48.71;37.47;Bueno;106.07;Regular;10;6.04;6.71;13.42;Bueno;44.72;Bueno;Bueno;Regular
2025-12-03;06:00;92;44.04;48.71;37.47;Bueno;106.07;Regular;15;6.46;6.71;13.42;Bueno;44.72;Bueno;Bueno;Regular
2025-12-03;07:00;70;45.21;48.71;37.47;Bueno;106.07;Regular;12;6.83;6.71;13.42;Bueno;44.72;Bueno;Bueno;Regular
2025-12-03;08:00;56;45.46;48.71;37.47;Bueno;106.07;Regular;6;6.88;6.71;13.42;Bueno;44.72;Bueno;Bueno;Regular
2025-12-03;09:00;64;45.75;48.71;37.47;Bueno;106.07;Regular;7;6.92;6.71;13.42;Bueno;44.72;Bueno;Bueno;Regular
2025-12-03;10:00;66;46.67;48.71;37.47;Bueno;106.07;Regular;10;7.17;6.71;13.42;Bueno;44.72;Bueno;Bueno;Regular
2025-12-03;11:00;56;47.12;48.71;37.47;Bueno;106.07;Regular;5;7.08;6.71;13.42;Bueno;44.72;Bueno;Bueno;Regular
2025-12-03;12:00;54;47.29;48.71;37.47;Bueno;106.07;Regular;4;6.83;6.71;13.42;Bueno;44.72;Bueno;Bueno;Regular
2025-12-03;13:00;40;47.17;48.71;37.47;Bueno;106.07;Regular;5;6.79;6.71;13.42;Bueno;44.72;Bueno;Bueno;Regular
2025-12-03;14:00;42;47.33;48.71;37.47;Bueno;106.07;Regular;5;6.83;6.71;13.42;Bueno;44.72;Bueno;Bueno;Regular
2025-12-03;15:00;39;47.12;48.71;37.47;Bueno;106.07;Regular;5;6.92;6.71;13.42;Bueno;44.72;Bueno;Bueno;Regular
2025-12-03;16:00;50;47.83;48.71;37.47;Bueno;106.07;Regular;5;7.08;6.71;13.42;Bueno;44.72;Bueno;Bueno;Regular
2025-12-03;17:00;61;48.79;48.71;37.47;Bueno;106.07;Regular;5;7.25;6.71;13.42;Bueno;44.72;Bueno;Bueno;Regular
2025-12-03;18:00;41;48.54;48.71;37.47;Bueno;106.07;Regular;3;7.08;6.71;13.42;Bueno;44.72;Bueno;Bueno;Regular
2025-12-03;19:00;49;49.12;48.71;37.47;Bueno;106.07;Regular;4;7.04;6.71;13.42;Bueno;44.72;Bueno;Bueno;Regular
2025-12-03;20:00;39;49.25;48.71;37.47;Bueno;106.07;Regular;3;6.92;6.71;13.42;Bueno;44.72;Bueno;Bueno;Regular
2025-12-03;21:00;40;49.33;48.71;37.47;Bueno;106.07;Regular;3;6.79;6.71;13.42;Bueno;44.72;Bueno;Bueno;Regular
2025-12-03;22:00;30;49.04;48.71;37.47;Bueno;106.07;Regular;4;6.71;6.71;13.42;Bueno;44.72;Bueno;Bueno;Regular
2025-12-03;23:00;29;48.71;48.71;37.47;Bueno;106.07;Regular;5;6.71;6.71;13.42;Bueno;44.72;Bueno;Bueno;Regular
2025-12-04;00:00;30;48.62;52.79;40.61;Bueno;112.77;Regular;3;6.67;6.42;12.83;Bueno;42.78;Bueno;Bueno;Regular
2025-12-04;01:00;19;48.29;52.79;40.61;Bueno;112.77;Regular;2;6.46;6.42;12.83;Bueno;42.78;Bueno;Bueno;Regular
2025-12-04;02:00;23;47.42;52.79;40.61;Bueno;112.77;Regular;5;6.25;6.42;12.83;Bueno;42.78;Bueno;Bueno;Regular
2025-12-04;03:00;21;46.21;52.79;40.61;Bueno;112.77;Regular;4;5.88;6.42;12.83;Bueno;42.78;Bueno;Bueno;Regular
2025-12-04;04:00;30;45.58;52.79;40.61;Bueno;112.77;Regular;5;5.62;6.42;12.83;Bueno;42.78;Bueno;Bueno;Regular
2025-12-04;05:00;42;45.12;52.79;40.61;Bueno;112.77;Regular;5;5.42;6.42;12.83;Bueno;42.78;Bueno;Bueno;Regular
2025-12-04;06:00;72;44.29;52.79;40.61;Bueno;112.77;Regular;12;5.29;6.42;12.83;Bueno;42.78;Bueno;Bueno;Regular
2025-12-04;07:00;87;45.00;52.79;40.61;Bueno;112.77;Regular;9;5.17;6.42;12.83;Bueno;42.78;Bueno;Bueno;Regular
2025-12-04;08:00;49;44.71;52.79;40.61;Bueno;112.77;Regular;7;5.21;6.42;12.83;Bueno;42.78;Bueno;Bueno;Regular
2025-12-04;09:00;52;44.21;52.79;40.61;Bueno;112.77;Regular;6;5.17;6.42;12.83;Bueno;42.78;Bueno;Bueno;Regular
2025-12-04;10:00;68;44.29;52.79;40.61;Bueno;112.77;Regular;8;5.08;6.42;12.83;Bueno;42.78;Bueno;Bueno;Regular
2025-12-04;11:00;69;44.83;52.79;40.61;Bueno;112.77;Regular;8;5.21;6.42;12.83;Bueno;42.78;Bueno;Bueno;Regular
2025-12-04;12:00;64;45.25;52.79;40.61;Bueno;112.77;Regular;10;5.46;6.42;12.83;Bueno;42.78;Bueno;Bueno;Regular
2025-12-04;13:00;76;46.75;52.79;40.61;Bueno;112.77;Regular;7;5.54;6.42;12.83;Bueno;42.78;Bueno;Bueno;Regular
2025-12-04;14:00;101;49.21;52.79;40.61;Bueno;112.77;Regular;7;5.62;6.42;12.83;Bueno;42.78;Bueno;Bueno;Regular
2025-12-04;15:00;96;51.58;52.79;40.61;Bueno;112.77;Regular;10;5.83;6.42;12.83;Bueno;42.78;Bueno;Bueno;Regular
2025-12-04;16:00;100;53.67;52.79;40.61;Bueno;112.77;Regular;9;6.00;6.42;12.83;Bueno;42.78;Bueno;Bueno;Regular
2025-12-04;17:00;77;54.33;52.79;40.61;Bueno;112.77;Regular;7;6.08;6.42;12.83;Bueno;42.78;Bueno;Bueno;Regular
2025-12-04;18:00;43;54.42;52.79;40.61;Bueno;112.77;Regular;5;6.17;6.42;12.83;Bueno;42.78;Bueno;Bueno;Regular
2025-12-04;19:00;46;54.29;52.79;40.61;Bueno;112.77;Regular;5;6.21;6.42;12.83;Bueno;42.78;Bueno;Bueno;Regular
2025-12-04;20:00;34;54.08;52.79;40.61;Bueno;112.77;Regular;5;6.29;6.42;12.83;Bueno;42.78;Bueno;Bueno;Regular
2025-12-04;21:00;26;53.50;52.79;40.61;Bueno;112.77;Regular;4;6.33;6.42;12.83;Bueno;42.78;Bueno;Bueno;Regular
2025-12-04;22:00;24;53.25;52.79;40.61;Bueno;112.77;Regular;6;6.42;6.42;12.83;Bueno;42.78;Bueno;Bueno;Regular
2025-12-04;23:00;18;52.79;52.79;40.61;Bueno;112.77;Regular;5;6.42;6.42;12.83;Bueno;42.78;Bueno;Bueno;Regular
2025-12-05;00:00;23;52.50;47.25;36.35;Bueno;103.68;Regular;5;6.50;8.96;17.92;Bueno;59.72;Bueno;Bueno;Regular
2025-12-05;01:00;24;52.71;47.25;36.35;Bueno;103.68;Regular;4;6.58;8.96;17.92;Bueno;59.72;Bueno;Bueno;Regular
2025-12-05;02:00;31;53.04;47.25;36.35;Bueno;103.68;Regular;3;6.50;8.96;17.92;Bueno;59.72;Bueno;Bueno;Regular
2025-12-05;03:00;25;53.21;47.25;36.35;Bueno;103.68;Regular;9;6.71;8.96;17.92;Bueno;59.72;Bueno;Bueno;Regular
2025-12-05;04:00;27;53.08;47.25;36.35;Bueno;103.68;Regular;7;6.79;8.96;17.92;Bueno;59.72;Bueno;Bueno;Regular
2025-12-05;05:00;43;53.12;47.25;36.35;Bueno;103.68;Regular;10;7.00;8.96;17.92;Bueno;59.72;Bueno;Bueno;Regular
2025-12-05;06:00;86;53.71;47.25;36.35;Bueno;103.68;Regular;11;6.96;8.96;17.92;Bueno;59.72;Bueno;Bueno;Regular
2025-12-05;07:00;88;53.75;47.25;36.35;Bueno;103.68;Regular;22;7.50;8.96;17.92;Bueno;59.72;Bueno;Bueno;Regular
2025-12-05;08:00;79;55.00;47.25;36.35;Bueno;103.68;Regular;23;8.17;8.96;17.92;Bueno;59.72;Bueno;Bueno;Regular
2025-12-05;09:00;63;55.46;47.25;36.35;Bueno;103.68;Regular;14;8.50;8.96;17.92;Bueno;59.72;Bueno;Bueno;Regular
2025-12-05;10:00;72;55.62;47.25;36.35;Bueno;103.68;Regular;20;9.00;8.96;17.92;Bueno;59.72;Bueno;Bueno;Regular
2025-12-05;11:00;54;55.00;47.25;36.35;Bueno;103.68;Regular;10;9.08;8.96;17.92;Bueno;59.72;Bueno;Bueno;Regular
2025-12-05;12:00;54;54.58;47.25;36.35;Bueno;103.68;Regular;8;9.00;8.96;17.92;Bueno;59.72;Bueno;Bueno;Regular
2025-12-05;13:00;41;53.12;47.25;36.35;Bueno;103.68;Regular;7;9.00;8.96;17.92;Bueno;59.72;Bueno;Bueno;Regular
2025-12-05;14:00;46;50.83;47.25;36.35;Bueno;103.68;Regular;9;9.08;8.96;17.92;Bueno;59.72;Bueno;Bueno;Regular
2025-12-05;15:00;45;48.71;47.25;36.35;Bueno;103.68;Regular;6;8.92;8.96;17.92;Bueno;59.72;Bueno;Bueno;Regular
2025-12-05;16:00;43;46.33;47.25;36.35;Bueno;103.68;Regular;3;8.67;8.96;17.92;Bueno;59.72;Bueno;Bueno;Regular
2025-12-05;17:00;46;45.04;47.25;36.35;Bueno;103.68;Regular;3;8.50;8.96;17.92;Bueno;59.72;Bueno;Bueno;Regular
2025-12-05;18:00;49;45.29;47.25;36.35;Bueno;103.68;Regular;3;8.42;8.96;17.92;Bueno;59.72;Bueno;Bueno;Regular
2025-12-05;19:00;41;45.08;47.25;36.35;Bueno;103.68;Regular;5;8.42;8.96;17.92;Bueno;59.72;Bueno;Bueno;Regular
2025-12-05;20:00;49;45.71;47.25;36.35;Bueno;103.68;Regular;6;8.46;8.96;17.92;Bueno;59.72;Bueno;Bueno;Regular
2025-12-05;21:00;36;46.12;47.25;36.35;Bueno;103.68;Regular;10;8.71;8.96;17.92;Bueno;59.72;Bueno;Bueno;Regular
2025-12-05;22:00;36;46.62;47.25;36.35;Bueno;103.68;Regular;10;8.88;8.96;17.92;Bueno;59.72;Bueno;Bueno;Regular
2025-12-05;23:00;33;47.25;47.25;36.35;Bueno;103.68;Regular;7;8.96;8.96;17.92;Bueno;59.72;Bueno;Bueno;Regular
2025-12-06;00:00;26;47.38;43.12;33.17;Bueno;95.83;Bueno;8;9.08;7.67;15.33;Bueno;51.11;Bueno;Bueno;Bueno
2025-12-06;01:00;22;47.29;43.12;33.17;Bueno;95.83;Bueno;9;9.29;7.67;15.33;Bueno;51.11;Bueno;Bueno;Bueno
2025-12-06;02:00;40;47.67;43.12;33.17;Bueno;95.83;Bueno;7;9.46;7.67;15.33;Bueno;51.11;Bueno;Bueno;Bueno
2025-12-06;03:00;29;47.83;43.12;33.17;Bueno;95.83;Bueno;7;9.38;7.67;15.33;Bueno;51.11;Bueno;Bueno;Bueno
2025-12-06;04:00;47;48.67;43.12;33.17;Bueno;95.83;Bueno;9;9.46;7.67;15.33;Bueno;51.11;Bueno;Bueno;Bueno
2025-12-06;05:00;50;48.96;43.12;33.17;Bueno;95.83;Bueno;10;9.46;7.67;15.33;Bueno;51.11;Bueno;Bueno;Bueno
2025-12-06;06:00;43;47.17;43.12;33.17;Bueno;95.83;Bueno;9;9.38;7.67;15.33;Bueno;51.11;Bueno;Bueno;Bueno
2025-12-06;07:00;36;45.00;43.12;33.17;Bueno;95.83;Bueno;7;8.75;7.67;15.33;Bueno;51.11;Bueno;Bueno;Bueno
2025-12-06;08:00;60;44.21;43.12;33.17;Bueno;95.83;Bueno;5;8.00;7.67;15.33;Bueno;51.11;Bueno;Bueno;Bueno
2025-12-06;09:00;47;43.54;43.12;33.17;Bueno;95.83;Bueno;4;7.58;7.67;15.33;Bueno;51.11;Bueno;Bueno;Bueno
2025-12-06;10:00;53;42.75;43.12;33.17;Bueno;95.83;Bueno;7;7.04;7.67;15.33;Bueno;51.11;Bueno;Bueno;Bueno
2025-12-06;11:00;46;42.42;43.12;33.17;Bueno;95.83;Bueno;7;6.92;7.67;15.33;Bueno;51.11;Bueno;Bueno;Bueno
2025-12-06;12:00;51;42.29;43.12;33.17;Bueno;95.83;Bueno;9;6.96;7.67;15.33;Bueno;51.11;Bueno;Bueno;Bueno
2025-12-06;13:00;54;42.83;43.12;33.17;Bueno;95.83;Bueno;9;7.04;7.67;15.33;Bueno;51.11;Bueno;Bueno;Bueno
2025-12-06;14:00;51;43.04;43.12;33.17;Bueno;95.83;Bueno;7;6.96;7.67;15.33;Bueno;51.11;Bueno;Bueno;Bueno
2025-12-06;15:00;58;43.58;43.12;33.17;Bueno;95.83;Bueno;9;7.08;7.67;15.33;Bueno;51.11;Bueno;Bueno;Bueno
2025-12-06;16:00;50;43.88;43.12;33.17;Bueno;95.83;Bueno;14;7.54;7.67;15.33;Bueno;51.11;Bueno;Bueno;Bueno
2025-12-06;17:00;51;44.08;43.12;33.17;Bueno;95.83;Bueno;12;7.92;7.67;15.33;Bueno;51.11;Bueno;Bueno;Bueno
2025-12-06;18:00;51;44.17;43.12;33.17;Bueno;95.83;Bueno;5;8.00;7.67;15.33;Bueno;51.11;Bueno;Bueno;Bueno
2025-12-06;19:00;45;44.33;43.12;33.17;Bueno;95.83;Bueno;3;7.92;7.67;15.33;Bueno;51.11;Bueno;Bueno;Bueno
2025-12-06;20:00;32;43.62;43.12;33.17;Bueno;95.83;Bueno;7;7.96;7.67;15.33;Bueno;51.11;Bueno;Bueno;Bueno
2025-12-06;21:00;35;43.58;43.12;33.17;Bueno;95.83;Bueno;7;7.83;7.67;15.33;Bueno;51.11;Bueno;Bueno;Bueno
2025-12-06;22:00;31;43.38;43.12;33.17;Bueno;95.83;Bueno;6;7.67;7.67;15.33;Bueno;51.11;Bueno;Bueno;Bueno
2025-12-06;23:00;27;43.12;43.12;33.17;Bueno;95.83;Bueno;7;7.67;7.67;15.33;Bueno;51.11;Bueno;Bueno;Bueno
2025-12-07;00:00;30;43.29;25.08;19.29;Bueno;55.74;Bueno;7;7.62;6.92;13.83;Bueno;46.11;Bueno;Bueno;Bueno
2025-12-07;01:00;22;43.29;25.08;19.29;Bueno;55.74;Bueno;9;7.62;6.92;13.83;Bueno;46.11;Bueno;Bueno;Bueno
2025-12-07;02:00;15;42.25;25.08;19.29;Bueno;55.74;Bueno;6;7.58;6.92;13.83;Bueno;46.11;Bueno;Bueno;Bueno
2025-12-07;03:00;18;41.79;25.08;19.29;Bueno;55.74;Bueno;6;7.54;6.92;13.83;Bueno;46.11;Bueno;Bueno;Bueno
2025-12-07;04:00;14;40.42;25.08;19.29;Bueno;55.74;Bueno;5;7.38;6.92;13.83;Bueno;46.11;Bueno;Bueno;Bueno
2025-12-07;05:00;17;39.04;25.08;19.29;Bueno;55.74;Bueno;5;7.17;6.92;13.83;Bueno;46.11;Bueno;Bueno;Bueno
2025-12-07;06:00;15;37.88;25.08;19.29;Bueno;55.74;Bueno;6;7.04;6.92;13.83;Bueno;46.11;Bueno;Bueno;Bueno
2025-12-07;07:00;21;37.25;25.08;19.29;Bueno;55.74;Bueno;6;7.00;6.92;13.83;Bueno;46.11;Bueno;Bueno;Bueno
2025-12-07;08:00;23;35.71;25.08;19.29;Bueno;55.74;Bueno;5;7.00;6.92;13.83;Bueno;46.11;Bueno;Bueno;Bueno
2025-12-07;09:00;27;34.88;25.08;19.29;Bueno;55.74;Bueno;5;7.04;6.92;13.83;Bueno;46.11;Bueno;Bueno;Bueno
2025-12-07;10:00;28;33.83;25.08;19.29;Bueno;55.74;Bueno;7;7.04;6.92;13.83;Bueno;46.11;Bueno;Bueno;Bueno
2025-12-07;11:00;32;33.25;25.08;19.29;Bueno;55.74;Bueno;7;7.04;6.92;13.83;Bueno;46.11;Bueno;Bueno;Bueno
2025-12-07;12:00;36;32.62;25.08;19.29;Bueno;55.74;Bueno;10;7.08;6.92;13.83;Bueno;46.11;Bueno;Bueno;Bueno
2025-12-07;13:00;32;31.71;25.08;19.29;Bueno;55.74;Bueno;12;7.21;6.92;13.83;Bueno;46.11;Bueno;Bueno;Bueno
2025-12-07;14:00;32;30.92;25.08;19.29;Bueno;55.74;Bueno;8;7.25;6.92;13.83;Bueno;46.11;Bueno;Bueno;Bueno
2025-12-07;15:00;33;29.88;25.08;19.29;Bueno;55.74;Bueno;10;7.29;6.92;13.83;Bueno;46.11;Bueno;Bueno;Bueno
2025-12-07;16:00;29;29.00;25.08;19.29;Bueno;55.74;Bueno;9;7.08;6.92;13.83;Bueno;46.11;Bueno;Bueno;Bueno
2025-12-07;17:00;22;27.79;25.08;19.29;Bueno;55.74;Bueno;7;6.88;6.92;13.83;Bueno;46.11;Bueno;Bueno;Bueno
2025-12-07;18:00;20;26.50;25.08;19.29;Bueno;55.74;Bueno;5;6.88;6.92;13.83;Bueno;46.11;Bueno;Bueno;Bueno
2025-12-07;19:00;30;25.88;25.08;19.29;Bueno;55.74;Bueno;4;6.92;6.92;13.83;Bueno;46.11;Bueno;Bueno;Bueno
2025-12-07;20:00;32;25.88;25.08;19.29;Bueno;55.74;Bueno;8;6.96;6.92;13.83;Bueno;46.11;Bueno;Bueno;Bueno
2025-12-07;21:00;26;25.50;25.08;19.29;Bueno;55.74;Bueno;5;6.88;6.92;13.83;Bueno;46.11;Bueno;Bueno;Bueno
2025-12-07;22:00;23;25.17;25.08;19.29;Bueno;55.74;Bueno;5;6.83;6.92;13.83;Bueno;46.11;Bueno;Bueno;Bueno
2025-12-07;23:00;25;25.08;25.08;19.29;Bueno;55.74;Bueno;9;6.92;6.92;13.83;Bueno;46.11;Bueno;Bueno;Bueno
2025-12-08;00:00;22;24.75;29.96;23.04;Bueno;66.57;Bueno;6;6.88;6.12;12.25;Bueno;40.83;Bueno;Bueno;Bueno
2025-12-08;01:00;20;24.67;29.96;23.04;Bueno;66.57;Bueno;5;6.71;6.12;12.25;Bueno;40.83;Bueno;Bueno;Bueno
2025-12-08;02:00;18;24.79;29.96;23.04;Bueno;66.57;Bueno;5;6.67;6.12;12.25;Bueno;40.83;Bueno;Bueno;Bueno
2025-12-08;03:00;44;25.88;29.96;23.04;Bueno;66.57;Bueno;4;6.58;6.12;12.25;Bueno;40.83;Bueno;Bueno;Bueno
2025-12-08;04:00;20;26.12;29.96;23.04;Bueno;66.57;Bueno;6;6.62;6.12;12.25;Bueno;40.83;Bueno;Bueno;Bueno
2025-12-08;05:00;25;26.46;29.96;23.04;Bueno;66.57;Bueno;10;6.83;6.12;12.25;Bueno;40.83;Bueno;Bueno;Bueno
2025-12-08;06:00;33;27.21;29.96;23.04;Bueno;66.57;Bueno;9;6.96;6.12;12.25;Bueno;40.83;Bueno;Bueno;Bueno
2025-12-08;07:00;34;27.75;29.96;23.04;Bueno;66.57;Bueno;9;7.08;6.12;12.25;Bueno;40.83;Bueno;Bueno;Bueno
2025-12-08;08:00;34;28.21;29.96;23.04;Bueno;66.57;Bueno;7;7.17;6.12;12.25;Bueno;40.83;Bueno;Bueno;Bueno
2025-12-08;09:00;29;28.29;29.96;23.04;Bueno;66.57;Bueno;5;7.17;6.12;12.25;Bueno;40.83;Bueno;Bueno;Bueno
2025-12-08;10:00;24;28.12;29.96;23.04;Bueno;66.57;Bueno;11;7.33;6.12;12.25;Bueno;40.83;Bueno;Bueno;Bueno
2025-12-08;11:00;35;28.25;29.96;23.04;Bueno;66.57;Bueno;8;7.38;6.12;12.25;Bueno;40.83;Bueno;Bueno;Bueno
2025-12-08;12:00;22;27.67;29.96;23.04;Bueno;66.57;Bueno;4;7.12;6.12;12.25;Bueno;40.83;Bueno;Bueno;Bueno
2025-12-08;13:00;21;27.21;29.96;23.04;Bueno;66.57;Bueno;3;6.75;6.12;12.25;Bueno;40.83;Bueno;Bueno;Bueno
2025-12-08;14:00;17;26.58;29.96;23.04;Bueno;66.57;Bueno;2;6.50;6.12;12.25;Bueno;40.83;Bueno;Bueno;Bueno
2025-12-08;15:00;22;26.12;29.96;23.04;Bueno;66.57;Bueno;4;6.25;6.12;12.25;Bueno;40.83;Bueno;Bueno;Bueno
2025-12-08;16:00;50;27.00;29.96;23.04;Bueno;66.57;Bueno;4;6.04;6.12;12.25;Bueno;40.83;Bueno;Bueno;Bueno
2025-12-08;17:00;44;27.92;29.96;23.04;Bueno;66.57;Bueno;5;5.96;6.12;12.25;Bueno;40.83;Bueno;Bueno;Bueno
2025-12-08;18:00;38;28.67;29.96;23.04;Bueno;66.57;Bueno;7;6.04;6.12;12.25;Bueno;40.83;Bueno;Bueno;Bueno
2025-12-08;19:00;50;29.50;29.96;23.04;Bueno;66.57;Bueno;7;6.17;6.12;12.25;Bueno;40.83;Bueno;Bueno;Bueno
2025-12-08;20:00;30;29.42;29.96;23.04;Bueno;66.57;Bueno;6;6.08;6.12;12.25;Bueno;40.83;Bueno;Bueno;Bueno
2025-12-08;21:00;29;29.54;29.96;23.04;Bueno;66.57;Bueno;7;6.17;6.12;12.25;Bueno;40.83;Bueno;Bueno;Bueno
2025-12-08;22:00;34;30.00;29.96;23.04;Bueno;66.57;Bueno;8;6.29;6.12;12.25;Bueno;40.83;Bueno;Bueno;Bueno
2025-12-08;23:00;24;29.96;29.96;23.04;Bueno;66.57;Bueno;5;6.12;6.12;12.25;Bueno;40.83;Bueno;Bueno;Bueno
2025-12-09;00:00;24;30.04;41.21;31.70;Bueno;91.57;Bueno;8;6.21;9.29;18.58;Bueno;61.94;Bueno;Bueno;Bueno
2025-12-09;01:00;22;30.12;41.21;31.70;Bueno;91.57;Bueno;9;6.38;9.29;18.58;Bueno;61.94;Bueno;Bueno;Bueno
2025-12-09;02:00;14;29.96;41.21;31.70;Bueno;91.57;Bueno;5;6.38;9.29;18.58;Bueno;61.94;Bueno;Bueno;Bueno
2025-12-09;03:00;26;29.21;41.21;31.70;Bueno;91.57;Bueno;10;6.62;9.29;18.58;Bueno;61.94;Bueno;Bueno;Bueno
2025-12-09;04:00;29;29.58;41.21;31.70;Bueno;91.57;Bueno;10;6.79;9.29;18.58;Bueno;61.94;Bueno;Bueno;Bueno
2025-12-09;05:00;30;29.79;41.21;31.70;Bueno;91.57;Bueno;12;6.88;9.29;18.58;Bueno;61.94;Bueno;Bueno;Bueno
2025-12-09;06:00;42;30.17;41.21;31.70;Bueno;91.57;Bueno;14;7.08;9.29;18.58;Bueno;61.94;Bueno;Bueno;Bueno
2025-12-09;07:00;51;30.88;41.21;31.70;Bueno;91.57;Bueno;19;7.50;9.29;18.58;Bueno;61.94;Bueno;Bueno;Bueno
2025-12-09;08:00;53;31.67;41.21;31.70;Bueno;91.57;Bueno;19;8.00;9.29;18.58;Bueno;61.94;Bueno;Bueno;Bueno
2025-12-09;09:00;75;33.58;41.21;31.70;Bueno;91.57;Bueno;20;8.62;9.29;18.58;Bueno;61.94;Bueno;Bueno;Bueno
2025-12-09;10:00;67;35.38;41.21;31.70;Bueno;91.57;Bueno;15;8.79;9.29;18.58;Bueno;61.94;Bueno;Bueno;Bueno
2025-12-09;11:00;55;36.21;41.21;31.70;Bueno;91.57;Bueno;12;8.96;9.29;18.58;Bueno;61.94;Bueno;Bueno;Bueno
2025-12-09;12:00;54;37.54;41.21;31.70;Bueno;91.57;Bueno;10;9.21;9.29;18.58;Bueno;61.94;Bueno;Bueno;Bueno
2025-12-09;13:00;63;39.29;41.21;31.70;Bueno;91.57;Bueno;10;9.50;9.29;18.58;Bueno;61.94;Bueno;Bueno;Bueno
2025-12-09;14:00;54;40.83;41.21;31.70;Bueno;91.57;Bueno;9;9.79;9.29;18.58;Bueno;61.94;Bueno;Bueno;Bueno
2025-12-09;15:00;65;42.62;41.21;31.70;Bueno;91.57;Bueno;7;9.92;9.29;18.58;Bueno;61.94;Bueno;Bueno;Bueno
2025-12-09;16:00;55;42.83;41.21;31.70;Bueno;91.57;Bueno;4;9.92;9.29;18.58;Bueno;61.94;Bueno;Bueno;Bueno
2025-12-09;17:00;38;42.58;41.21;31.70;Bueno;91.57;Bueno;3;9.83;9.29;18.58;Bueno;61.94;Bueno;Bueno;Bueno
2025-12-09;18:00;31;42.29;41.21;31.70;Bueno;91.57;Bueno;3;9.67;9.29;18.58;Bueno;61.94;Bueno;Bueno;Bueno
2025-12-09;19:00;37;41.75;41.21;31.70;Bueno;91.57;Bueno;5;9.58;9.29;18.58;Bueno;61.94;Bueno;Bueno;Bueno
2025-12-09;20:00;31;41.79;41.21;31.70;Bueno;91.57;Bueno;7;9.62;9.29;18.58;Bueno;61.94;Bueno;Bueno;Bueno
2025-12-09;21:00;30;41.83;41.21;31.70;Bueno;91.57;Bueno;5;9.54;9.29;18.58;Bueno;61.94;Bueno;Bueno;Bueno
2025-12-09;22:00;23;41.38;41.21;31.70;Bueno;91.57;Bueno;4;9.38;9.29;18.58;Bueno;61.94;Bueno;Bueno;Bueno
2025-12-09;23:00;20;41.21;41.21;31.70;Bueno;91.57;Bueno;3;9.29;9.29;18.58;Bueno;61.94;Bueno;Bueno;Bueno
2025-12-10;00:00;21;41.08;34.88;26.83;Bueno;77.50;Bueno;3;9.08;7.58;15.17;Bueno;50.56;Bueno;Bueno;Bueno
2025-12-10;01:00;18;40.92;34.88;26.83;Bueno;77.50;Bueno;3;8.83;7.58;15.17;Bueno;50.56;Bueno;Bueno;Bueno
2025-12-10;02:00;17;41.04;34.88;26.83;Bueno;77.50;Bueno;3;8.75;7.58;15.17;Bueno;50.56;Bueno;Bueno;Bueno
2025-12-10;03:00;17;40.67;34.88;26.83;Bueno;77.50;Bueno;5;8.54;7.58;15.17;Bueno;50.56;Bueno;Bueno;Bueno
2025-12-10;04:00;18;40.21;34.88;26.83;Bueno;77.50;Bueno;7;8.42;7.58;15.17;Bueno;50.56;Bueno;Bueno;Bueno
2025-12-10;05:00;20;39.79;34.88;26.83;Bueno;77.50;Bueno;5;8.12;7.58;15.17;Bueno;50.56;Bueno;Bueno;Bueno
2025-12-10;06:00;32;39.38;34.88;26.83;Bueno;77.50;Bueno;14;8.12;7.58;15.17;Bueno;50.56;Bueno;Bueno;Bueno
2025-12-10;07:00;44;39.08;34.88;26.83;Bueno;77.50;Bueno;12;7.83;7.58;15.17;Bueno;50.56;Bueno;Bueno;Bueno
2025-12-10;08:00;43;38.67;34.88;26.83;Bueno;77.50;Bueno;11;7.50;7.58;15.17;Bueno;50.56;Bueno;Bueno;Bueno
2025-12-10;09:00;50;37.62;34.88;26.83;Bueno;77.50;Bueno;12;7.17;7.58;15.17;Bueno;50.56;Bueno;Bueno;Bueno
2025-12-10;10:00;51;36.96;34.88;26.83;Bueno;77.50;Bueno;12;7.04;7.58;15.17;Bueno;50.56;Bueno;Bueno;Bueno
2025-12-10;11:00;51;36.79;34.88;26.83;Bueno;77.50;Bueno;12;7.04;7.58;15.17;Bueno;50.56;Bueno;Bueno;Bueno
2025-12-10;12:00;52;36.71;34.88;26.83;Bueno;77.50;Bueno;10;7.04;7.58;15.17;Bueno;50.56;Bueno;Bueno;Bueno
2025-12-10;13:00;61;36.62;34.88;26.83;Bueno;77.50;Bueno;16;7.29;7.58;15.17;Bueno;50.56;Bueno;Bueno;Bueno
2025-12-10;14:00;46;36.29;34.88;26.83;Bueno;77.50;Bueno;12;7.42;7.58;15.17;Bueno;50.56;Bueno;Bueno;Bueno
2025-12-10;15:00;56;35.92;34.88;26.83;Bueno;77.50;Bueno;10;7.54;7.58;15.17;Bueno;50.56;Bueno;Bueno;Bueno
2025-12-10;16:00;52;35.79;34.88;26.83;Bueno;77.50;Bueno;5;7.58;7.58;15.17;Bueno;50.56;Bueno;Bueno;Bueno
2025-12-10;17:00;39;35.83;34.88;26.83;Bueno;77.50;Bueno;3;7.58;7.58;15.17;Bueno;50.56;Bueno;Bueno;Bueno
2025-12-10;18:00;33;35.92;34.88;26.83;Bueno;77.50;Bueno;4;7.62;7.58;15.17;Bueno;50.56;Bueno;Bueno;Bueno
2025-12-10;19:00;39;36.00;34.88;26.83;Bueno;77.50;Bueno;7;7.71;7.58;15.17;Bueno;50.56;Bueno;Bueno;Bueno
2025-12-10;20:00;26;35.79;34.88;26.83;Bueno;77.50;Bueno;7;7.71;7.58;15.17;Bueno;50.56;Bueno;Bueno;Bueno
2025-12-10;21:00;18;35.29;34.88;26.83;Bueno;77.50;Bueno;3;7.62;7.58;15.17;Bueno;50.56;Bueno;Bueno;Bueno
2025-12-10;22:00;18;35.08;34.88;26.83;Bueno;77.50;Bueno;3;7.58;7.58;15.17;Bueno;50.56;Bueno;Bueno;Bueno
2025-12-10;23:00;15;34.88;34.88;26.83;Bueno;77.50;Bueno;3;7.58;7.58;15.17;Bueno;50.56;Bueno;Bueno;Bueno
2025-12-11;00:00;11;34.46;28.00;21.54;Bueno;62.22;Bueno;1;7.50;6.08;12.17;Bueno;40.56;Bueno;Bueno;Bueno
2025-12-11;01:00;18;34.46;28.00;21.54;Bueno;62.22;Bueno;3;7.50;6.08;12.17;Bueno;40.56;Bueno;Bueno;Bueno
2025-12-11;02:00;14;34.33;28.00;21.54;Bueno;62.22;Bueno;1;7.42;6.08;12.17;Bueno;40.56;Bueno;Bueno;Bueno
2025-12-11;03:00;14;34.21;28.00;21.54;Bueno;62.22;Bueno;2;7.29;6.08;12.17;Bueno;40.56;Bueno;Bueno;Bueno
2025-12-11;04:00;20;34.29;28.00;21.54;Bueno;62.22;Bueno;6;7.25;6.08;12.17;Bueno;40.56;Bueno;Bueno;Bueno
2025-12-11;05:00;32;34.79;28.00;21.54;Bueno;62.22;Bueno;5;7.25;6.08;12.17;Bueno;40.56;Bueno;Bueno;Bueno
2025-12-11;06:00;37;35.00;28.00;21.54;Bueno;62.22;Bueno;7;6.96;6.08;12.17;Bueno;40.56;Bueno;Bueno;Bueno
2025-12-11;07:00;28;34.33;28.00;21.54;Bueno;62.22;Bueno;7;6.75;6.08;12.17;Bueno;40.56;Bueno;Bueno;Bueno
2025-12-11;08:00;22;33.46;28.00;21.54;Bueno;62.22;Bueno;5;6.50;6.08;12.17;Bueno;40.56;Bueno;Bueno;Bueno
2025-12-11;09:00;24;32.38;28.00;21.54;Bueno;62.22;Bueno;5;6.21;6.08;12.17;Bueno;40.56;Bueno;Bueno;Bueno
2025-12-11;10:00;33;31.62;28.00;21.54;Bueno;62.22;Bueno;8;6.04;6.08;12.17;Bueno;40.56;Bueno;Bueno;Bueno
2025-12-11;11:00;43;31.29;28.00;21.54;Bueno;62.22;Bueno;11;6.00;6.08;12.17;Bueno;40.56;Bueno;Bueno;Bueno
2025-12-11;12:00;30;30.38;28.00;21.54;Bueno;62.22;Bueno;9;5.96;6.08;12.17;Bueno;40.56;Bueno;Bueno;Bueno
2025-12-11;13:00;33;29.21;28.00;21.54;Bueno;62.22;Bueno;6;5.54;6.08;12.17;Bueno;40.56;Bueno;Bueno;Bueno
2025-12-11;14:00;37;28.83;28.00;21.54;Bueno;62.22;Bueno;10;5.46;6.08;12.17;Bueno;40.56;Bueno;Bueno;Bueno
2025-12-11;15:00;52;28.67;28.00;21.54;Bueno;62.22;Bueno;10;5.46;6.08;12.17;Bueno;40.56;Bueno;Bueno;Bueno
2025-12-11;16:00;33;27.88;28.00;21.54;Bueno;62.22;Bueno;5;5.46;6.08;12.17;Bueno;40.56;Bueno;Bueno;Bueno
2025-12-11;17:00;28;27.42;28.00;21.54;Bueno;62.22;Bueno;3;5.46;6.08;12.17;Bueno;40.56;Bueno;Bueno;Bueno
2025-12-11;18:00;29;27.25;28.00;21.54;Bueno;62.22;Bueno;3;5.42;6.08;12.17;Bueno;40.56;Bueno;Bueno;Bueno
2025-12-11;19:00;31;26.92;28.00;21.54;Bueno;62.22;Bueno;3;5.25;6.08;12.17;Bueno;40.56;Bueno;Bueno;Bueno
2025-12-11;20:00;33;27.21;28.00;21.54;Bueno;62.22;Bueno;7;5.25;6.08;12.17;Bueno;40.56;Bueno;Bueno;Bueno
2025-12-11;21:00;35;27.92;28.00;21.54;Bueno;62.22;Bueno;14;5.71;6.08;12.17;Bueno;40.56;Bueno;Bueno;Bueno
2025-12-11;22:00;18;27.92;28.00;21.54;Bueno;62.22;Bueno;10;6.00;6.08;12.17;Bueno;40.56;Bueno;Bueno;Bueno
2025-12-11;23:00;17;28.00;28.00;21.54;Bueno;62.22;Bueno;5;6.08;6.08;12.17;Bueno;40.56;Bueno;Bueno;Bueno
2025-12-12;00:00;17;28.25;34.96;26.89;Bueno;77.69;Bueno;3;6.17;7.83;15.67;Bueno;52.22;Bueno;Bueno;Bueno
2025-12-12;01:00;13;28.04;34.96;26.89;Bueno;77.69;Bueno;7;6.33;7.83;15.67;Bueno;52.22;Bueno;Bueno;Bueno
2025-12-12;02:00;15;28.08;34.96;26.89;Bueno;77.69;Bueno;4;6.46;7.83;15.67;Bueno;52.22;Bueno;Bueno;Bueno
2025-12-12;03:00;17;28.21;34.96;26.89;Bueno;77.69;Bueno;4;6.54;7.83;15.67;Bueno;52.22;Bueno;Bueno;Bueno
2025-12-12;04:00;19;28.17;34.96;26.89;Bueno;77.69;Bueno;4;6.46;7.83;15.67;Bueno;52.22;Bueno;Bueno;Bueno
2025-12-12;05:00;26;27.92;34.96;26.89;Bueno;77.69;Bueno;4;6.42;7.83;15.67;Bueno;52.22;Bueno;Bueno;Bueno
2025-12-12;06:00;30;27.62;34.96;26.89;Bueno;77.69;Bueno;5;6.33;7.83;15.67;Bueno;52.22;Bueno;Bueno;Bueno
2025-12-12;07:00;37;28.00;34.96;26.89;Bueno;77.69;Bueno;8;6.38;7.83;15.67;Bueno;52.22;Bueno;Bueno;Bueno
2025-12-12;08:00;42;28.83;34.96;26.89;Bueno;77.69;Bueno;12;6.67;7.83;15.67;Bueno;52.22;Bueno;Bueno;Bueno
2025-12-12;09:00;49;29.88;34.96;26.89;Bueno;77.69;Bueno;15;7.08;7.83;15.67;Bueno;52.22;Bueno;Bueno;Bueno
2025-12-12;10:00;49;30.54;34.96;26.89;Bueno;77.69;Bueno;16;7.42;7.83;15.67;Bueno;52.22;Bueno;Bueno;Bueno
2025-12-12;11:00;56;31.08;34.96;26.89;Bueno;77.69;Bueno;12;7.46;7.83;15.67;Bueno;52.22;Bueno;Bueno;Bueno
2025-12-12;12:00;63;32.46;34.96;26.89;Bueno;77.69;Bueno;19;7.88;7.83;15.67;Bueno;52.22;Bueno;Bueno;Bueno
2025-12-12;13:00;48;33.08;34.96;26.89;Bueno;77.69;Bueno;13;8.17;7.83;15.67;Bueno;52.22;Bueno;Bueno;Bueno
2025-12-12;14:00;40;33.21;34.96;26.89;Bueno;77.69;Bueno;14;8.33;7.83;15.67;Bueno;52.22;Bueno;Bueno;Bueno
2025-12-12;15:00;42;32.79;34.96;26.89;Bueno;77.69;Bueno;9;8.29;7.83;15.67;Bueno;52.22;Bueno;Bueno;Bueno
2025-12-12;16:00;45;33.29;34.96;26.89;Bueno;77.69;Bueno;8;8.42;7.83;15.67;Bueno;52.22;Bueno;Bueno;Bueno
2025-12-12;17:00;42;33.88;34.96;26.89;Bueno;77.69;Bueno;5;8.50;7.83;15.67;Bueno;52.22;Bueno;Bueno;Bueno
2025-12-12;18:00;40;34.33;34.96;26.89;Bueno;77.69;Bueno;1;8.42;7.83;15.67;Bueno;52.22;Bueno;Bueno;Bueno
2025-12-12;19:00;41;34.75;34.96;26.89;Bueno;77.69;Bueno;2;8.38;7.83;15.67;Bueno;52.22;Bueno;Bueno;Bueno
2025-12-12;20:00;32;34.71;34.96;26.89;Bueno;77.69;Bueno;10;8.50;7.83;15.67;Bueno;52.22;Bueno;Bueno;Bueno
2025-12-12;21:00;26;34.33;34.96;26.89;Bueno;77.69;Bueno;6;8.17;7.83;15.67;Bueno;52.22;Bueno;Bueno;Bueno
2025-12-12;22:00;28;34.75;34.96;26.89;Bueno;77.69;Bueno;4;7.92;7.83;15.67;Bueno;52.22;Bueno;Bueno;Bueno
2025-12-12;23:00;22;34.96;34.96;26.89;Bueno;77.69;Bueno;3;7.83;7.83;15.67;Bueno;52.22;Bueno;Bueno;Bueno
2025-12-13;00:00;18;35.00;32.92;25.32;Bueno;73.15;Bueno;3;7.83;4.42;8.83;Bueno;29.44;Bueno;Bueno;Bueno
2025-12-13;01:00;8;34.79;32.92;25.32;Bueno;73.15;Bueno;3;7.67;4.42;8.83;Bueno;29.44;Bueno;Bueno;Bueno
2025-12-13;02:00;17;34.88;32.92;25.32;Bueno;73.15;Bueno;4;7.67;4.42;8.83;Bueno;29.44;Bueno;Bueno;Bueno
2025-12-13;03:00;14;34.75;32.92;25.32;Bueno;73.15;Bueno;4;7.67;4.42;8.83;Bueno;29.44;Bueno;Bueno;Bueno
2025-12-13;04:00;17;34.67;32.92;25.32;Bueno;73.15;Bueno;1;7.54;4.42;8.83;Bueno;29.44;Bueno;Bueno;Bueno
2025-12-13;05:00;18;34.33;32.92;25.32;Bueno;73.15;Bueno;1;7.42;4.42;8.83;Bueno;29.44;Bueno;Bueno;Bueno
2025-12-13;06:00;43;34.88;32.92;25.32;Bueno;73.15;Bueno;5;7.42;4.42;8.83;Bueno;29.44;Bueno;Bueno;Bueno
2025-12-13;07:00;66;36.08;32.92;25.32;Bueno;73.15;Bueno;9;7.46;4.42;8.83;Bueno;29.44;Bueno;Bueno;Bueno
2025-12-13;08:00;36;35.83;32.92;25.32;Bueno;73.15;Bueno;9;7.33;4.42;8.83;Bueno;29.44;Bueno;Bueno;Bueno
2025-12-13;09:00;51;35.92;32.92;25.32;Bueno;73.15;Bueno;7;7.00;4.42;8.83;Bueno;29.44;Bueno;Bueno;Bueno
2025-12-13;10:00;56;36.21;32.92;25.32;Bueno;73.15;Bueno;7;6.62;4.42;8.83;Bueno;29.44;Bueno;Bueno;Bueno
2025-12-13;11:00;59;36.33;32.92;25.32;Bueno;73.15;Bueno;5;6.33;4.42;8.83;Bueno;29.44;Bueno;Bueno;Bueno
2025-12-13;12:00;52;35.88;32.92;25.32;Bueno;73.15;Bueno;4;5.71;4.42;8.83;Bueno;29.44;Bueno;Bueno;Bueno
2025-12-13;13:00;43;35.67;32.92;25.32;Bueno;73.15;Bueno;7;5.46;4.42;8.83;Bueno;29.44;Bueno;Bueno;Bueno
2025-12-13;14:00;45;35.88;32.92;25.32;Bueno;73.15;Bueno;4;5.04;4.42;8.83;Bueno;29.44;Bueno;Bueno;Bueno
2025-12-13;15:00;41;35.83;32.92;25.32;Bueno;73.15;Bueno;3;4.79;4.42;8.83;Bueno;29.44;Bueno;Bueno;Bueno
2025-12-13;16:00;47;35.92;32.92;25.32;Bueno;73.15;Bueno;4;4.62;4.42;8.83;Bueno;29.44;Bueno;Bueno;Bueno
2025-12-13;17:00;32;35.50;32.92;25.32;Bueno;73.15;Bueno;3;4.54;4.42;8.83;Bueno;29.44;Bueno;Bueno;Bueno
2025-12-13;18:00;25;34.88;32.92;25.32;Bueno;73.15;Bueno;4;4.67;4.42;8.83;Bueno;29.44;Bueno;Bueno;Bueno
2025-12-13;19:00;22;34.08;32.92;25.32;Bueno;73.15;Bueno;3;4.71;4.42;8.83;Bueno;29.44;Bueno;Bueno;Bueno
2025-12-13;20:00;25;33.79;32.92;25.32;Bueno;73.15;Bueno;1;4.33;4.42;8.83;Bueno;29.44;Bueno;Bueno;Bueno
2025-12-13;21:00;20;33.54;32.92;25.32;Bueno;73.15;Bueno;4;4.25;4.42;8.83;Bueno;29.44;Bueno;Bueno;Bueno
2025-12-13;22:00;27;33.50;32.92;25.32;Bueno;73.15;Bueno;7;4.38;4.42;8.83;Bueno;29.44;Bueno;Bueno;Bueno
2025-12-13;23:00;8;32.92;32.92;25.32;Bueno;73.15;Bueno;4;4.42;4.42;8.83;Bueno;29.44;Bueno;Bueno;Bueno
2025-12-14;00:00;14;32.75;21.04;16.19;Bueno;46.76;Bueno;2;4.38;3.71;7.42;Bueno;24.72;Bueno;Bueno;Bueno
2025-12-14;01:00;15;33.04;21.04;16.19;Bueno;46.76;Bueno;1;4.29;3.71;7.42;Bueno;24.72;Bueno;Bueno;Bueno
2025-12-14;02:00;13;32.88;21.04;16.19;Bueno;46.76;Bueno;1;4.17;3.71;7.42;Bueno;24.72;Bueno;Bueno;Bueno
2025-12-14;03:00;11;32.75;21.04;16.19;Bueno;46.76;Bueno;1;4.04;3.71;7.42;Bueno;24.72;Bueno;Bueno;Bueno
2025-12-14;04:00;12;32.54;21.04;16.19;Bueno;46.76;Bueno;1;4.04;3.71;7.42;Bueno;24.72;Bueno;Bueno;Bueno
2025-12-14;05:00;17;32.50;21.04;16.19;Bueno;46.76;Bueno;1;4.04;3.71;7.42;Bueno;24.72;Bueno;Bueno;Bueno
2025-12-14;06:00;18;31.46;21.04;16.19;Bueno;46.76;Bueno;3;3.96;3.71;7.42;Bueno;24.72;Bueno;Bueno;Bueno
2025-12-14;07:00;17;29.42;21.04;16.19;Bueno;46.76;Bueno;5;3.79;3.71;7.42;Bueno;24.72;Bueno;Bueno;Bueno
2025-12-14;08:00;16;28.58;21.04;16.19;Bueno;46.76;Bueno;3;3.54;3.71;7.42;Bueno;24.72;Bueno;Bueno;Bueno
2025-12-14;09:00;14;27.04;21.04;16.19;Bueno;46.76;Bueno;3;3.38;3.71;7.42;Bueno;24.72;Bueno;Bueno;Bueno
2025-12-14;10:00;26;25.79;21.04;16.19;Bueno;46.76;Bueno;3;3.21;3.71;7.42;Bueno;24.72;Bueno;Bueno;Bueno
2025-12-14;11:00;21;24.21;21.04;16.19;Bueno;46.76;Bueno;5;3.21;3.71;7.42;Bueno;24.72;Bueno;Bueno;Bueno
2025-12-14;12:00;26;23.12;21.04;16.19;Bueno;46.76;Bueno;5;3.25;3.71;7.42;Bueno;24.72;Bueno;Bueno;Bueno
2025-12-14;13:00;33;22.71;21.04;16.19;Bueno;46.76;Bueno;7;3.25;3.71;7.42;Bueno;24.72;Bueno;Bueno;Bueno
2025-12-14;14:00;33;22.21;21.04;16.19;Bueno;46.76;Bueno;7;3.38;3.71;7.42;Bueno;24.72;Bueno;Bueno;Bueno
2025-12-14;15:00;31;21.79;21.04;16.19;Bueno;46.76;Bueno;4;3.42;3.71;7.42;Bueno;24.72;Bueno;Bueno;Bueno
2025-12-14;16:00;24;20.83;21.04;16.19;Bueno;46.76;Bueno;7;3.54;3.71;7.42;Bueno;24.72;Bueno;Bueno;Bueno
2025-12-14;17:00;20;20.33;21.04;16.19;Bueno;46.76;Bueno;5;3.62;3.71;7.42;Bueno;24.72;Bueno;Bueno;Bueno
2025-12-14;18:00;17;20.00;21.04;16.19;Bueno;46.76;Bueno;3;3.58;3.71;7.42;Bueno;24.72;Bueno;Bueno;Bueno
2025-12-14;19:00;25;20.12;21.04;16.19;Bueno;46.76;Bueno;3;3.58;3.71;7.42;Bueno;24.72;Bueno;Bueno;Bueno
2025-12-14;20:00;31;20.38;21.04;16.19;Bueno;46.76;Bueno;5;3.75;3.71;7.42;Bueno;24.72;Bueno;Bueno;Bueno
2025-12-14;21:00;19;20.33;21.04;16.19;Bueno;46.76;Bueno;5;3.79;3.71;7.42;Bueno;24.72;Bueno;Bueno;Bueno
2025-12-14;22:00;24;20.21;21.04;16.19;Bueno;46.76;Bueno;4;3.67;3.71;7.42;Bueno;24.72;Bueno;Bueno;Bueno
2025-12-14;23:00;28;21.04;21.04;16.19;Bueno;46.76;Bueno;5;3.71;3.71;7.42;Bueno;24.72;Bueno;Bueno;Bueno
2025-12-15;00:00;24;21.46;37.58;28.91;Bueno;83.52;Bueno;5;3.83;5.88;11.75;Bueno;39.17;Bueno;Bueno;Bueno
2025-12-15;01:00;25;21.88;37.58;28.91;Bueno;83.52;Bueno;4;3.96;5.88;11.75;Bueno;39.17;Bueno;Bueno;Bueno
2025-12-15;02:00;22;22.25;37.58;28.91;Bueno;83.52;Bueno;4;4.08;5.88;11.75;Bueno;39.17;Bueno;Bueno;Bueno
2025-12-15;03:00;33;23.17;37.58;28.91;Bueno;83.52;Bueno;8;4.38;5.88;11.75;Bueno;39.17;Bueno;Bueno;Bueno
2025-12-15;04:00;32;24.00;37.58;28.91;Bueno;83.52;Bueno;5;4.54;5.88;11.75;Bueno;39.17;Bueno;Bueno;Bueno
2025-12-15;05:00;27;24.42;37.58;28.91;Bueno;83.52;Bueno;5;4.71;5.88;11.75;Bueno;39.17;Bueno;Bueno;Bueno
2025-12-15;06:00;52;25.83;37.58;28.91;Bueno;83.52;Bueno;12;5.08;5.88;11.75;Bueno;39.17;Bueno;Bueno;Bueno
2025-12-15;07:00;67;27.92;37.58;28.91;Bueno;83.52;Bueno;14;5.46;5.88;11.75;Bueno;39.17;Bueno;Bueno;Bueno
2025-12-15;08:00;62;29.83;37.58;28.91;Bueno;83.52;Bueno;12;5.83;5.88;11.75;Bueno;39.17;Bueno;Bueno;Bueno
2025-12-15;09:00;49;31.29;37.58;28.91;Bueno;83.52;Bueno;9;6.08;5.88;11.75;Bueno;39.17;Bueno;Bueno;Bueno
2025-12-15;10:00;36;31.71;37.58;28.91;Bueno;83.52;Bueno;7;6.25;5.88;11.75;Bueno;39.17;Bueno;Bueno;Bueno
2025-12-15;11:00;42;32.58;37.58;28.91;Bueno;83.52;Bueno;7;6.33;5.88;11.75;Bueno;39.17;Bueno;Bueno;Bueno
2025-12-15;12:00;44;33.33;37.58;28.91;Bueno;83.52;Bueno;10;6.54;5.88;11.75;Bueno;39.17;Bueno;Bueno;Bueno
2025-12-15;13:00;33;33.33;37.58;28.91;Bueno;83.52;Bueno;5;6.46;5.88;11.75;Bueno;39.17;Bueno;Bueno;Bueno
2025-12-15;14:00;20;32.79;37.58;28.91;Bueno;83.52;Bueno;1;6.21;5.88;11.75;Bueno;39.17;Bueno;Bueno;Bueno
2025-12-15;15:00;28;32.67;37.58;28.91;Bueno;83.52;Bueno;1;6.08;5.88;11.75;Bueno;39.17;Bueno;Bueno;Bueno
2025-12-15;16:00;24;32.67;37.58;28.91;Bueno;83.52;Bueno;1;5.83;5.88;11.75;Bueno;39.17;Bueno;Bueno;Bueno
2025-12-15;17:00;33;33.21;37.58;28.91;Bueno;83.52;Bueno;1;5.67;5.88;11.75;Bueno;39.17;Bueno;Bueno;Bueno
2025-12-15;18:00;39;34.12;37.58;28.91;Bueno;83.52;Bueno;3;5.67;5.88;11.75;Bueno;39.17;Bueno;Bueno;Bueno
2025-12-15;19:00;39;34.71;37.58;28.91;Bueno;83.52;Bueno;3;5.67;5.88;11.75;Bueno;39.17;Bueno;Bueno;Bueno
2025-12-15;20:00;37;34.96;37.58;28.91;Bueno;83.52;Bueno;5;5.67;5.88;11.75;Bueno;39.17;Bueno;Bueno;Bueno
2025-12-15;21:00;37;35.71;37.58;28.91;Bueno;83.52;Bueno;5;5.67;5.88;11.75;Bueno;39.17;Bueno;Bueno;Bueno
2025-12-15;22:00;47;36.67;37.58;28.91;Bueno;83.52;Bueno;7;5.79;5.88;11.75;Bueno;39.17;Bueno;Bueno;Bueno
2025-12-15;23:00;50;37.58;37.58;28.91;Bueno;83.52;Bueno;7;5.88;5.88;11.75;Bueno;39.17;Bueno;Bueno;Bueno
2025-12-16;00:00;42;38.33;68.83;52.95;Bueno;139.20;Regular;7;5.96;25.08;50.17;Bueno;121.85;Regular;Bueno;Regular
2025-12-16;01:00;55;39.58;68.83;52.95;Bueno;139.20;Regular;10;6.21;25.08;50.17;Bueno;121.85;Regular;Bueno;Regular
2025-12-16;02:00;46;40.58;68.83;52.95;Bueno;139.20;Regular;8;6.38;25.08;50.17;Bueno;121.85;Regular;Bueno;Regular
2025-12-16;03:00;46;41.12;68.83;52.95;Bueno;139.20;Regular;7;6.33;25.08;50.17;Bueno;121.85;Regular;Bueno;Regular
2025-12-16;04:00;44;41.62;68.83;52.95;Bueno;139.20;Regular;7;6.42;25.08;50.17;Bueno;121.85;Regular;Bueno;Regular
2025-12-16;05:00;40;42.17;68.83;52.95;Bueno;139.20;Regular;7;6.50;25.08;50.17;Bueno;121.85;Regular;Bueno;Regular
2025-12-16;06:00;61;42.54;68.83;52.95;Bueno;139.20;Regular;13;6.54;25.08;50.17;Bueno;121.85;Regular;Bueno;Regular
2025-12-16;07:00;93;43.62;68.83;52.95;Bueno;139.20;Regular;15;6.58;25.08;50.17;Bueno;121.85;Regular;Bueno;Regular
2025-12-16;08:00;94;44.96;68.83;52.95;Bueno;139.20;Regular;12;6.58;25.08;50.17;Bueno;121.85;Regular;Bueno;Regular
2025-12-16;09:00;74;46.00;68.83;52.95;Bueno;139.20;Regular;11;6.67;25.08;50.17;Bueno;121.85;Regular;Bueno;Regular
2025-12-16;10:00;53;46.71;68.83;52.95;Bueno;139.20;Regular;9;6.75;25.08;50.17;Bueno;121.85;Regular;Bueno;Regular
2025-12-16;11:00;51;47.08;68.83;52.95;Bueno;139.20;Regular;5;6.67;25.08;50.17;Bueno;121.85;Regular;Bueno;Regular
2025-12-16;12:00;53;47.46;68.83;52.95;Bueno;139.20;Regular;5;6.46;25.08;50.17;Bueno;121.85;Regular;Bueno;Regular
2025-12-16;13:00;53;48.29;68.83;52.95;Bueno;139.20;Regular;7;6.54;25.08;50.17;Bueno;121.85;Regular;Bueno;Regular
2025-12-16;14:00;35;48.92;68.83;52.95;Bueno;139.20;Regular;5;6.71;25.08;50.17;Bueno;121.85;Regular;Bueno;Regular
2025-12-16;15:00;39;49.38;68.83;52.95;Bueno;139.20;Regular;4;6.83;25.08;50.17;Bueno;121.85;Regular;Bueno;Regular
2025-12-16;16:00;26;49.46;68.83;52.95;Bueno;139.20;Regular;3;6.92;25.08;50.17;Bueno;121.85;Regular;Bueno;Regular
2025-12-16;17:00;49;50.12;68.83;52.95;Bueno;139.20;Regular;9;7.25;25.08;50.17;Bueno;121.85;Regular;Bueno;Regular
2025-12-16;18:00;57;50.88;68.83;52.95;Bueno;139.20;Regular;18;7.88;25.08;50.17;Bueno;121.85;Regular;Bueno;Regular
2025-12-16;19:00;102;53.50;68.83;52.95;Bueno;139.20;Regular;58;10.17;25.08;50.17;Bueno;121.85;Regular;Bueno;Regular
2025-12-16;20:00;183;59.58;68.83;52.95;Bueno;139.20;Regular;114;14.71;25.08;50.17;Bueno;121.85;Regular;Bueno;Regular
2025-12-16;21:00;189;65.92;68.83;52.95;Bueno;139.20;Regular;150;20.75;25.08;50.17;Bueno;121.85;Regular;Bueno;Regular
2025-12-16;22:00;100;68.12;68.83;52.95;Bueno;139.20;Regular;75;23.58;25.08;50.17;Bueno;121.85;Regular;Bueno;Regular
2025-12-16;23:00;67;68.83;68.83;52.95;Bueno;139.20;Regular;43;25.08;25.08;50.17;Bueno;121.85;Regular;Bueno;Regular
2025-12-17;00:00;58;69.50;64.71;49.78;Bueno;132.39;Regular;29;26.00;21.79;43.58;Bueno;114.70;Regular;Bueno;Regular
2025-12-17;01:00;40;68.88;64.71;49.78;Bueno;132.39;Regular;25;26.62;21.79;43.58;Bueno;114.70;Regular;Bueno;Regular
2025-12-17;02:00;78;70.21;64.71;49.78;Bueno;132.39;Regular;38;27.88;21.79;43.58;Bueno;114.70;Regular;Bueno;Regular
2025-12-17;03:00;71;71.25;64.71;49.78;Bueno;132.39;Regular;44;29.42;21.79;43.58;Bueno;114.70;Regular;Bueno;Regular
2025-12-17;04:00;91;73.21;64.71;49.78;Bueno;132.39;Regular;46;31.04;21.79;43.58;Bueno;114.70;Regular;Bueno;Regular
2025-12-17;05:00;86;75.12;64.71;49.78;Bueno;132.39;Regular;49;32.79;21.79;43.58;Bueno;114.70;Regular;Bueno;Regular
2025-12-17;06:00;129;77.96;64.71;49.78;Bueno;132.39;Regular;45;34.12;21.79;43.58;Bueno;114.70;Regular;Bueno;Regular
2025-12-17;07:00;85;77.62;64.71;49.78;Bueno;132.39;Regular;42;35.25;21.79;43.58;Bueno;114.70;Regular;Bueno;Regular
2025-12-17;08:00;80;77.04;64.71;49.78;Bueno;132.39;Regular;37;36.29;21.79;43.58;Bueno;114.70;Regular;Bueno;Regular
2025-12-17;09:00;72;76.96;64.71;49.78;Bueno;132.39;Regular;30;37.08;21.79;43.58;Bueno;114.70;Regular;Bueno;Regular
2025-12-17;10:00;70;77.67;64.71;49.78;Bueno;132.39;Regular;22;37.62;21.79;43.58;Bueno;114.70;Regular;Bueno;Regular
2025-12-17;11:00;45;77.42;64.71;49.78;Bueno;132.39;Regular;12;37.92;21.79;43.58;Bueno;114.70;Regular;Bueno;Regular
2025-12-17;12:00;82;78.62;64.71;49.78;Bueno;132.39;Regular;16;38.38;21.79;43.58;Bueno;114.70;Regular;Bueno;Regular
2025-12-17;13:00;85;79.96;64.71;49.78;Bueno;132.39;Regular;9;38.46;21.79;43.58;Bueno;114.70;Regular;Bueno;Regular
2025-12-17;14:00;63;81.12;64.71;49.78;Bueno;132.39;Regular;6;38.50;21.79;43.58;Bueno;114.70;Regular;Bueno;Regular
2025-12-17;15:00;67;82.29;64.71;49.78;Bueno;132.39;Regular;13;38.88;21.79;43.58;Bueno;114.70;Regular;Bueno;Regular
2025-12-17;16:00;51;83.33;64.71;49.78;Bueno;132.39;Regular;9;39.12;21.79;43.58;Bueno;114.70;Regular;Bueno;Regular
2025-12-17;17:00;57;83.67;64.71;49.78;Bueno;132.39;Regular;11;39.21;21.79;43.58;Bueno;114.70;Regular;Bueno;Regular
2025-12-17;18:00;59;83.75;64.71;49.78;Bueno;132.39;Regular;7;38.75;21.79;43.58;Bueno;114.70;Regular;Bueno;Regular
2025-12-17;19:00;42;81.25;64.71;49.78;Bueno;132.39;Regular;10;36.75;21.79;43.58;Bueno;114.70;Regular;Bueno;Regular
2025-12-17;20:00;41;75.33;64.71;49.78;Bueno;132.39;Regular;7;32.29;21.79;43.58;Bueno;114.70;Regular;Bueno;Regular
2025-12-17;21:00;41;69.17;64.71;49.78;Bueno;132.39;Regular;4;26.21;21.79;43.58;Bueno;114.70;Regular;Bueno;Regular
2025-12-17;22:00;28;66.17;64.71;49.78;Bueno;132.39;Regular;4;23.25;21.79;43.58;Bueno;114.70;Regular;Bueno;Regular
2025-12-17;23:00;32;64.71;64.71;49.78;Bueno;132.39;Regular;8;21.79;21.79;43.58;Bueno;114.70;Regular;Bueno;Regular
2025-12-18;00:00;30;63.54;54.17;41.67;Bueno;115.03;Regular;8;20.92;12.39;24.78;Bueno;82.61;Bueno;Bueno;Regular
2025-12-18;01:00;39;63.50;54.17;41.67;Bueno;115.03;Regular;8;20.21;12.39;24.78;Bueno;82.61;Bueno;Bueno;Regular
2025-12-18;02:00;39;61.88;54.17;41.67;Bueno;115.03;Regular;7;18.92;12.39;24.78;Bueno;82.61;Bueno;Bueno;Regular
2025-12-18;03:00;52;61.08;54.17;41.67;Bueno;115.03;Regular;20;17.92;12.39;24.78;Bueno;82.61;Bueno;Bueno;Regular
2025-12-18;04:00;52;59.46;54.17;41.67;Bueno;115.03;Regular;18;16.75;12.39;24.78;Bueno;82.61;Bueno;Bueno;Regular
2025-12-18;05:00;78;59.12;54.17;41.67;Bueno;115.03;Regular;21;15.58;12.39;24.78;Bueno;82.61;Bueno;Bueno;Regular
2025-12-18;06:00;79;57.04;54.17;41.67;Bueno;115.03;Regular;20;14.54;12.39;24.78;Bueno;82.61;Bueno;Bueno;Regular
2025-12-18;07:00;78;56.75;54.17;41.67;Bueno;115.03;Regular;27;13.92;12.39;24.78;Bueno;82.61;Bueno;Bueno;Regular
2025-12-18;08:00;71;56.38;54.17;41.67;Bueno;115.03;Regular;15;13.00;12.39;24.78;Bueno;82.61;Bueno;Bueno;Regular
2025-12-18;09:00;93;57.25;54.17;41.67;Bueno;115.03;Regular;14;12.33;12.39;24.78;Bueno;82.61;Bueno;Bueno;Regular
2025-12-18;10:00;65;57.04;54.17;41.67;Bueno;115.03;Regular;14;12.00;12.39;24.78;Bueno;82.61;Bueno;Bueno;Regular
2025-12-18;11:00;61;57.71;54.17;41.67;Bueno;115.03;Regular;17;12.21;12.39;24.78;Bueno;82.61;Bueno;Bueno;Regular
2025-12-18;12:00;55;56.58;54.17;41.67;Bueno;115.03;Regular;16;12.21;12.39;24.78;Bueno;82.61;Bueno;Bueno;Regular
2025-12-18;13:00;52;55.21;54.17;41.67;Bueno;115.03;Regular;7;12.12;12.39;24.78;Bueno;82.61;Bueno;Bueno;Regular
2025-12-18;14:00;67;55.38;54.17;41.67;Bueno;115.03;Regular;8;12.21;12.39;24.78;Bueno;82.61;Bueno;Bueno;Regular
2025-12-18;15:00;68;55.42;54.17;41.67;Bueno;115.03;Regular;10;12.08;12.39;24.78;Bueno;82.61;Bueno;Bueno;Regular
2025-12-18;16:00;51;55.42;54.17;41.67;Bueno;115.03;Regular;6;11.96;12.39;24.78;Bueno;82.61;Bueno;Bueno;Regular
2025-12-18;17:00;47;55.00;54.17;41.67;Bueno;115.03;Regular;9;11.88;12.39;24.78;Bueno;82.61;Bueno;Bueno;Regular
2025-12-18;18:00;51;54.67;54.17;41.67;Bueno;115.03;Regular;8;11.92;12.39;24.78;Bueno;82.61;Bueno;Bueno;Regular
2025-12-18;19:00;43;54.71;54.17;41.67;Bueno;115.03;Regular;7;11.79;12.39;24.78;Bueno;82.61;Bueno;Bueno;Regular
2025-12-18;20:00;40;54.67;54.17;41.67;Bueno;115.03;Regular;8;11.83;12.39;24.78;Bueno;82.61;Bueno;Bueno;Regular
2025-12-18;21:00;37;54.50;54.17;41.67;Bueno;115.03;Regular;;12.17;12.39;24.78;Bueno;82.61;Bueno;Bueno;Regular
2025-12-18;22:00;28;54.50;54.17;41.67;Bueno;115.03;Regular;10;12.43;12.39;24.78;Bueno;82.61;Bueno;Bueno;Regular
2025-12-18;23:00;24;54.17;54.17;41.67;Bueno;115.03;Regular;7;12.39;12.39;24.78;Bueno;82.61;Bueno;Bueno;Regular
2025-12-19;00:00;23;53.88;44.08;33.91;Bueno;97.96;Bueno;6;12.30;10.17;20.33;Bueno;67.78;Bueno;Bueno;Bueno
2025-12-19;01:00;21;53.12;44.08;33.91;Bueno;97.96;Bueno;5;12.17;10.17;20.33;Bueno;67.78;Bueno;Bueno;Bueno
2025-12-19;02:00;18;52.25;44.08;33.91;Bueno;97.96;Bueno;9;12.26;10.17;20.33;Bueno;67.78;Bueno;Bueno;Bueno
2025-12-19;03:00;16;50.75;44.08;33.91;Bueno;97.96;Bueno;5;11.61;10.17;20.33;Bueno;67.78;Bueno;Bueno;Bueno
2025-12-19;04:00;15;49.21;44.08;33.91;Bueno;97.96;Bueno;4;11.00;10.17;20.33;Bueno;67.78;Bueno;Bueno;Bueno
2025-12-19;05:00;40;47.62;44.08;33.91;Bueno;97.96;Bueno;12;10.61;10.17;20.33;Bueno;67.78;Bueno;Bueno;Bueno
2025-12-19;06:00;53;46.54;44.08;33.91;Bueno;97.96;Bueno;16;10.43;10.17;20.33;Bueno;67.78;Bueno;Bueno;Bueno
2025-12-19;07:00;71;46.25;44.08;33.91;Bueno;97.96;Bueno;13;9.83;10.17;20.33;Bueno;67.78;Bueno;Bueno;Bueno
2025-12-19;08:00;50;45.38;44.08;33.91;Bueno;97.96;Bueno;10;9.61;10.17;20.33;Bueno;67.78;Bueno;Bueno;Bueno
2025-12-19;09:00;76;44.67;44.08;33.91;Bueno;97.96;Bueno;17;9.74;10.17;20.33;Bueno;67.78;Bueno;Bueno;Bueno
2025-12-19;10:00;139;47.75;44.08;33.91;Bueno;97.96;Bueno;34;10.61;10.17;20.33;Bueno;67.78;Bueno;Bueno;Bueno
2025-12-19;11:00;67;48.00;44.08;33.91;Bueno;97.96;Bueno;15;10.52;10.17;20.33;Bueno;67.78;Bueno;Bueno;Bueno
2025-12-19;12:00;59;48.17;44.08;33.91;Bueno;97.96;Bueno;9;10.22;10.17;20.33;Bueno;67.78;Bueno;Bueno;Bueno
2025-12-19;13:00;44;47.83;44.08;33.91;Bueno;97.96;Bueno;12;10.43;10.17;20.33;Bueno;67.78;Bueno;Bueno;Bueno
2025-12-19;14:00;46;46.96;44.08;33.91;Bueno;97.96;Bueno;10;10.52;10.17;20.33;Bueno;67.78;Bueno;Bueno;Bueno
2025-12-19;15:00;37;45.67;44.08;33.91;Bueno;97.96;Bueno;9;10.48;10.17;20.33;Bueno;67.78;Bueno;Bueno;Bueno
2025-12-19;16:00;39;45.17;44.08;33.91;Bueno;97.96;Bueno;6;10.48;10.17;20.33;Bueno;67.78;Bueno;Bueno;Bueno
2025-12-19;17:00;49;45.25;44.08;33.91;Bueno;97.96;Bueno;5;10.30;10.17;20.33;Bueno;67.78;Bueno;Bueno;Bueno
2025-12-19;18:00;37;44.67;44.08;33.91;Bueno;97.96;Bueno;5;10.17;10.17;20.33;Bueno;67.78;Bueno;Bueno;Bueno
2025-12-19;19:00;44;44.71;44.08;33.91;Bueno;97.96;Bueno;4;10.04;10.17;20.33;Bueno;67.78;Bueno;Bueno;Bueno
2025-12-19;20:00;35;44.50;44.08;33.91;Bueno;97.96;Bueno;9;10.09;10.17;20.33;Bueno;67.78;Bueno;Bueno;Bueno
2025-12-19;21:00;34;44.38;44.08;33.91;Bueno;97.96;Bueno;17;10.38;10.17;20.33;Bueno;67.78;Bueno;Bueno;Bueno
2025-12-19;22:00;21;44.08;44.08;33.91;Bueno;97.96;Bueno;7;10.25;10.17;20.33;Bueno;67.78;Bueno;Bueno;Bueno
2025-12-19;23:00;24;44.08;44.08;33.91;Bueno;97.96;Bueno;5;10.17;10.17;20.33;Bueno;67.78;Bueno;Bueno;Bueno
2025-12-20;00:00;22;44.04;28.29;21.76;Bueno;62.87;Bueno;4;10.08;6.79;13.58;Bueno;45.28;Bueno;Bueno;Bueno
2025-12-20;01:00;16;43.83;28.29;21.76;Bueno;62.87;Bueno;3;10.00;6.79;13.58;Bueno;45.28;Bueno;Bueno;Bueno
2025-12-20;02:00;17;43.79;28.29;21.76;Bueno;62.87;Bueno;5;9.83;6.79;13.58;Bueno;45.28;Bueno;Bueno;Bueno
2025-12-20;03:00;20;43.96;28.29;21.76;Bueno;62.87;Bueno;5;9.83;6.79;13.58;Bueno;45.28;Bueno;Bueno;Bueno
2025-12-20;04:00;27;44.46;28.29;21.76;Bueno;62.87;Bueno;3;9.79;6.79;13.58;Bueno;45.28;Bueno;Bueno;Bueno
2025-12-20;05:00;23;43.75;28.29;21.76;Bueno;62.87;Bueno;3;9.42;6.79;13.58;Bueno;45.28;Bueno;Bueno;Bueno
2025-12-20;06:00;21;42.42;28.29;21.76;Bueno;62.87;Bueno;7;9.04;6.79;13.58;Bueno;45.28;Bueno;Bueno;Bueno
2025-12-20;07:00;24;40.46;28.29;21.76;Bueno;62.87;Bueno;6;8.75;6.79;13.58;Bueno;45.28;Bueno;Bueno;Bueno
2025-12-20;08:00;25;39.42;28.29;21.76;Bueno;62.87;Bueno;11;8.79;6.79;13.58;Bueno;45.28;Bueno;Bueno;Bueno
2025-12-20;09:00;31;37.54;28.29;21.76;Bueno;62.87;Bueno;8;8.42;6.79;13.58;Bueno;45.28;Bueno;Bueno;Bueno
2025-12-20;10:00;39;33.38;28.29;21.76;Bueno;62.87;Bueno;12;7.50;6.79;13.58;Bueno;45.28;Bueno;Bueno;Bueno
2025-12-20;11:00;34;32.00;28.29;21.76;Bueno;62.87;Bueno;11;7.33;6.79;13.58;Bueno;45.28;Bueno;Bueno;Bueno
2025-12-20;12:00;47;31.50;28.29;21.76;Bueno;62.87;Bueno;10;7.38;6.79;13.58;Bueno;45.28;Bueno;Bueno;Bueno
2025-12-20;13:00;38;31.25;28.29;21.76;Bueno;62.87;Bueno;10;7.29;6.79;13.58;Bueno;45.28;Bueno;Bueno;Bueno
2025-12-20;14:00;35;30.79;28.29;21.76;Bueno;62.87;Bueno;8;7.21;6.79;13.58;Bueno;45.28;Bueno;Bueno;Bueno
2025-12-20;15:00;44;31.08;28.29;21.76;Bueno;62.87;Bueno;9;7.21;6.79;13.58;Bueno;45.28;Bueno;Bueno;Bueno
2025-12-20;16:00;41;31.17;28.29;21.76;Bueno;62.87;Bueno;7;7.25;6.79;13.58;Bueno;45.28;Bueno;Bueno;Bueno
2025-12-20;17:00;30;30.38;28.29;21.76;Bueno;62.87;Bueno;7;7.33;6.79;13.58;Bueno;45.28;Bueno;Bueno;Bueno
2025-12-20;18:00;29;30.04;28.29;21.76;Bueno;62.87;Bueno;5;7.33;6.79;13.58;Bueno;45.28;Bueno;Bueno;Bueno
2025-12-20;19:00;29;29.42;28.29;21.76;Bueno;62.87;Bueno;5;7.38;6.79;13.58;Bueno;45.28;Bueno;Bueno;Bueno
2025-12-20;20:00;26;29.04;28.29;21.76;Bueno;62.87;Bueno;6;7.25;6.79;13.58;Bueno;45.28;Bueno;Bueno;Bueno
2025-12-20;21:00;19;28.42;28.29;21.76;Bueno;62.87;Bueno;5;6.75;6.79;13.58;Bueno;45.28;Bueno;Bueno;Bueno
2025-12-20;22:00;19;28.33;28.29;21.76;Bueno;62.87;Bueno;7;6.75;6.79;13.58;Bueno;45.28;Bueno;Bueno;Bueno
2025-12-20;23:00;23;28.29;28.29;21.76;Bueno;62.87;Bueno;6;6.79;6.79;13.58;Bueno;45.28;Bueno;Bueno;Bueno
2025-12-21;00:00;20;28.21;22.88;17.60;Bueno;50.83;Bueno;6;6.88;4.54;9.08;Bueno;30.28;Bueno;Bueno;Bueno
2025-12-21;01:00;13;28.08;22.88;17.60;Bueno;50.83;Bueno;3;6.88;4.54;9.08;Bueno;30.28;Bueno;Bueno;Bueno
2025-12-21;02:00;13;27.92;22.88;17.60;Bueno;50.83;Bueno;2;6.75;4.54;9.08;Bueno;30.28;Bueno;Bueno;Bueno
2025-12-21;03:00;14;27.67;22.88;17.60;Bueno;50.83;Bueno;3;6.67;4.54;9.08;Bueno;30.28;Bueno;Bueno;Bueno
2025-12-21;04:00;24;27.54;22.88;17.60;Bueno;50.83;Bueno;3;6.67;4.54;9.08;Bueno;30.28;Bueno;Bueno;Bueno
2025-12-21;05:00;23;27.54;22.88;17.60;Bueno;50.83;Bueno;3;6.67;4.54;9.08;Bueno;30.28;Bueno;Bueno;Bueno
2025-12-21;06:00;19;27.46;22.88;17.60;Bueno;50.83;Bueno;4;6.54;4.54;9.08;Bueno;30.28;Bueno;Bueno;Bueno
2025-12-21;07:00;24;27.46;22.88;17.60;Bueno;50.83;Bueno;7;6.58;4.54;9.08;Bueno;30.28;Bueno;Bueno;Bueno
2025-12-21;08:00;18;27.17;22.88;17.60;Bueno;50.83;Bueno;4;6.29;4.54;9.08;Bueno;30.28;Bueno;Bueno;Bueno
2025-12-21;09:00;26;26.96;22.88;17.60;Bueno;50.83;Bueno;2;6.04;4.54;9.08;Bueno;30.28;Bueno;Bueno;Bueno
2025-12-21;10:00;14;25.92;22.88;17.60;Bueno;50.83;Bueno;3;5.67;4.54;9.08;Bueno;30.28;Bueno;Bueno;Bueno
2025-12-21;11:00;27;25.62;22.88;17.60;Bueno;50.83;Bueno;5;5.42;4.54;9.08;Bueno;30.28;Bueno;Bueno;Bueno
2025-12-21;12:00;36;25.17;22.88;17.60;Bueno;50.83;Bueno;4;5.17;4.54;9.08;Bueno;30.28;Bueno;Bueno;Bueno
2025-12-21;13:00;29;24.79;22.88;17.60;Bueno;50.83;Bueno;5;4.96;4.54;9.08;Bueno;30.28;Bueno;Bueno;Bueno
2025-12-21;14:00;25;24.38;22.88;17.60;Bueno;50.83;Bueno;7;4.92;4.54;9.08;Bueno;30.28;Bueno;Bueno;Bueno
2025-12-21;15:00;42;24.29;22.88;17.60;Bueno;50.83;Bueno;20;5.38;4.54;9.08;Bueno;30.28;Bueno;Bueno;Bueno
2025-12-21;16:00;21;23.46;22.88;17.60;Bueno;50.83;Bueno;4;5.25;4.54;9.08;Bueno;30.28;Bueno;Bueno;Bueno
2025-12-21;17:00;31;23.50;22.88;17.60;Bueno;50.83;Bueno;4;5.12;4.54;9.08;Bueno;30.28;Bueno;Bueno;Bueno
2025-12-21;18:00;31;23.58;22.88;17.60;Bueno;50.83;Bueno;4;5.08;4.54;9.08;Bueno;30.28;Bueno;Bueno;Bueno
2025-12-21;19:00;19;23.17;22.88;17.60;Bueno;50.83;Bueno;5;5.08;4.54;9.08;Bueno;30.28;Bueno;Bueno;Bueno
2025-12-21;20:00;28;23.25;22.88;17.60;Bueno;50.83;Bueno;4;5.00;4.54;9.08;Bueno;30.28;Bueno;Bueno;Bueno
2025-12-21;21:00;26;23.54;22.88;17.60;Bueno;50.83;Bueno;3;4.92;4.54;9.08;Bueno;30.28;Bueno;Bueno;Bueno
2025-12-21;22:00;15;23.38;22.88;17.60;Bueno;50.83;Bueno;3;4.75;4.54;9.08;Bueno;30.28;Bueno;Bueno;Bueno
2025-12-21;23:00;11;22.88;22.88;17.60;Bueno;50.83;Bueno;1;4.54;4.54;9.08;Bueno;30.28;Bueno;Bueno;Bueno
2025-12-22;00:00;12;22.54;32.58;25.06;Bueno;72.41;Bueno;2;4.38;4.25;8.50;Bueno;28.33;Bueno;Bueno;Bueno
2025-12-22;01:00;14;22.58;32.58;25.06;Bueno;72.41;Bueno;2;4.33;4.25;8.50;Bueno;28.33;Bueno;Bueno;Bueno
2025-12-22;02:00;8;22.38;32.58;25.06;Bueno;72.41;Bueno;1;4.29;4.25;8.50;Bueno;28.33;Bueno;Bueno;Bueno
2025-12-22;03:00;9;22.17;32.58;25.06;Bueno;72.41;Bueno;1;4.21;4.25;8.50;Bueno;28.33;Bueno;Bueno;Bueno
2025-12-22;04:00;10;21.58;32.58;25.06;Bueno;72.41;Bueno;1;4.12;4.25;8.50;Bueno;28.33;Bueno;Bueno;Bueno
2025-12-22;05:00;14;21.21;32.58;25.06;Bueno;72.41;Bueno;1;4.04;4.25;8.50;Bueno;28.33;Bueno;Bueno;Bueno
2025-12-22;06:00;20;21.25;32.58;25.06;Bueno;72.41;Bueno;1;3.92;4.25;8.50;Bueno;28.33;Bueno;Bueno;Bueno
2025-12-22;07:00;21;21.12;32.58;25.06;Bueno;72.41;Bueno;5;3.83;4.25;8.50;Bueno;28.33;Bueno;Bueno;Bueno
2025-12-22;08:00;34;21.79;32.58;25.06;Bueno;72.41;Bueno;6;3.92;4.25;8.50;Bueno;28.33;Bueno;Bueno;Bueno
2025-12-22;09:00;34;22.12;32.58;25.06;Bueno;72.41;Bueno;5;4.04;4.25;8.50;Bueno;28.33;Bueno;Bueno;Bueno
2025-12-22;10:00;34;22.96;32.58;25.06;Bueno;72.41;Bueno;4;4.08;4.25;8.50;Bueno;28.33;Bueno;Bueno;Bueno
2025-12-22;11:00;40;23.50;32.58;25.06;Bueno;72.41;Bueno;4;4.04;4.25;8.50;Bueno;28.33;Bueno;Bueno;Bueno
2025-12-22;12:00;42;23.75;32.58;25.06;Bueno;72.41;Bueno;6;4.12;4.25;8.50;Bueno;28.33;Bueno;Bueno;Bueno
2025-12-22;13:00;39;24.17;32.58;25.06;Bueno;72.41;Bueno;7;4.21;4.25;8.50;Bueno;28.33;Bueno;Bueno;Bueno
2025-12-22;14:00;48;25.12;32.58;25.06;Bueno;72.41;Bueno;6;4.17;4.25;8.50;Bueno;28.33;Bueno;Bueno;Bueno
2025-12-22;15:00;99;27.50;32.58;25.06;Bueno;72.41;Bueno;10;3.75;4.25;8.50;Bueno;28.33;Bueno;Bueno;Bueno
2025-12-22;16:00;81;30.00;32.58;25.06;Bueno;72.41;Bueno;8;3.92;4.25;8.50;Bueno;28.33;Bueno;Bueno;Bueno
2025-12-22;17:00;49;30.75;32.58;25.06;Bueno;72.41;Bueno;6;4.00;4.25;8.50;Bueno;28.33;Bueno;Bueno;Bueno
2025-12-22;18:00;41;31.17;32.58;25.06;Bueno;72.41;Bueno;3;3.96;4.25;8.50;Bueno;28.33;Bueno;Bueno;Bueno
2025-12-22;19:00;38;31.96;32.58;25.06;Bueno;72.41;Bueno;5;3.96;4.25;8.50;Bueno;28.33;Bueno;Bueno;Bueno
2025-12-22;20:00;34;32.21;32.58;25.06;Bueno;72.41;Bueno;6;4.04;4.25;8.50;Bueno;28.33;Bueno;Bueno;Bueno
2025-12-22;21:00;25;32.17;32.58;25.06;Bueno;72.41;Bueno;4;4.08;4.25;8.50;Bueno;28.33;Bueno;Bueno;Bueno
2025-12-22;22:00;20;32.38;32.58;25.06;Bueno;72.41;Bueno;4;4.12;4.25;8.50;Bueno;28.33;Bueno;Bueno;Bueno
2025-12-22;23:00;16;32.58;32.58;25.06;Bueno;72.41;Bueno;4;4.25;4.25;8.50;Bueno;28.33;Bueno;Bueno;Bueno
2025-12-23;00:00;21;32.96;47.46;36.51;Bueno;104.03;Regular;4;4.33;10.17;20.33;Bueno;67.78;Bueno;Bueno;Regular
2025-12-23;01:00;18;33.12;47.46;36.51;Bueno;104.03;Regular;4;4.42;10.17;20.33;Bueno;67.78;Bueno;Bueno;Regular
2025-12-23;02:00;27;33.92;47.46;36.51;Bueno;104.03;Regular;4;4.54;10.17;20.33;Bueno;67.78;Bueno;Bueno;Regular
2025-12-23;03:00;21;34.42;47.46;36.51;Bueno;104.03;Regular;7;4.79;10.17;20.33;Bueno;67.78;Bueno;Bueno;Regular
2025-12-23;04:00;26;35.08;47.46;36.51;Bueno;104.03;Regular;4;4.92;10.17;20.33;Bueno;67.78;Bueno;Bueno;Regular
2025-12-23;05:00;57;36.88;47.46;36.51;Bueno;104.03;Regular;12;5.38;10.17;20.33;Bueno;67.78;Bueno;Bueno;Regular
2025-12-23;06:00;104;40.38;47.46;36.51;Bueno;104.03;Regular;19;6.12;10.17;20.33;Bueno;67.78;Bueno;Bueno;Regular
2025-12-23;07:00;66;42.25;47.46;36.51;Bueno;104.03;Regular;11;6.38;10.17;20.33;Bueno;67.78;Bueno;Bueno;Regular
2025-12-23;08:00;46;42.75;47.46;36.51;Bueno;104.03;Regular;7;6.42;10.17;20.33;Bueno;67.78;Bueno;Bueno;Regular
2025-12-23;09:00;45;43.21;47.46;36.51;Bueno;104.03;Regular;5;6.42;10.17;20.33;Bueno;67.78;Bueno;Bueno;Regular
2025-12-23;10:00;54;44.04;47.46;36.51;Bueno;104.03;Regular;8;6.58;10.17;20.33;Bueno;67.78;Bueno;Bueno;Regular
2025-12-23;11:00;62;44.96;47.46;36.51;Bueno;104.03;Regular;9;6.79;10.17;20.33;Bueno;67.78;Bueno;Bueno;Regular
2025-12-23;12:00;50;45.29;47.46;36.51;Bueno;104.03;Regular;10;6.96;10.17;20.33;Bueno;67.78;Bueno;Bueno;Regular
2025-12-23;13:00;37;45.21;47.46;36.51;Bueno;104.03;Regular;8;7.00;10.17;20.33;Bueno;67.78;Bueno;Bueno;Regular
2025-12-23;14:00;43;45.00;47.46;36.51;Bueno;104.03;Regular;5;6.96;10.17;20.33;Bueno;67.78;Bueno;Bueno;Regular
2025-12-23;15:00;37;42.42;47.46;36.51;Bueno;104.03;Regular;7;6.83;10.17;20.33;Bueno;67.78;Bueno;Bueno;Regular
2025-12-23;16:00;41;40.75;47.46;36.51;Bueno;104.03;Regular;5;6.71;10.17;20.33;Bueno;67.78;Bueno;Bueno;Regular
2025-12-23;17:00;58;41.12;47.46;36.51;Bueno;104.03;Regular;5;6.67;10.17;20.33;Bueno;67.78;Bueno;Bueno;Regular
2025-12-23;18:00;49;41.46;47.46;36.51;Bueno;104.03;Regular;5;6.75;10.17;20.33;Bueno;67.78;Bueno;Bueno;Regular
2025-12-23;19:00;42;41.62;47.46;36.51;Bueno;104.03;Regular;7;6.83;10.17;20.33;Bueno;67.78;Bueno;Bueno;Regular
2025-12-23;20:00;64;42.88;47.46;36.51;Bueno;104.03;Regular;18;7.33;10.17;20.33;Bueno;67.78;Bueno;Bueno;Regular
2025-12-23;21:00;60;44.33;47.46;36.51;Bueno;104.03;Regular;20;8.00;10.17;20.33;Bueno;67.78;Bueno;Bueno;Regular
2025-12-23;22:00;57;45.88;47.46;36.51;Bueno;104.03;Regular;33;9.21;10.17;20.33;Bueno;67.78;Bueno;Bueno;Regular
2025-12-23;23:00;54;47.46;47.46;36.51;Bueno;104.03;Regular;27;10.17;10.17;20.33;Bueno;67.78;Bueno;Bueno;Regular
2025-12-24;00:00;45;48.46;47.29;36.38;Bueno;103.75;Regular;21;10.88;15.62;31.25;Bueno;101.35;Regular;Bueno;Regular
2025-12-24;01:00;43;49.50;47.29;36.38;Bueno;103.75;Regular;23;11.67;15.62;31.25;Bueno;101.35;Regular;Bueno;Regular
2025-12-24;02:00;36;49.88;47.29;36.38;Bueno;103.75;Regular;26;12.58;15.62;31.25;Bueno;101.35;Regular;Bueno;Regular
2025-12-24;03:00;44;50.83;47.29;36.38;Bueno;103.75;Regular;20;13.12;15.62;31.25;Bueno;101.35;Regular;Bueno;Regular
2025-12-24;04:00;39;51.38;47.29;36.38;Bueno;103.75;Regular;23;13.92;15.62;31.25;Bueno;101.35;Regular;Bueno;Regular
2025-12-24;05:00;32;50.33;47.29;36.38;Bueno;103.75;Regular;13;13.96;15.62;31.25;Bueno;101.35;Regular;Bueno;Regular
2025-12-24;06:00;65;48.71;47.29;36.38;Bueno;103.75;Regular;17;13.88;15.62;31.25;Bueno;101.35;Regular;Bueno;Regular
2025-12-24;07:00;88;49.62;47.29;36.38;Bueno;103.75;Regular;30;14.67;15.62;31.25;Bueno;101.35;Regular;Bueno;Regular
2025-12-24;08:00;59;50.17;47.29;36.38;Bueno;103.75;Regular;18;15.12;15.62;31.25;Bueno;101.35;Regular;Bueno;Regular
2025-12-24;09:00;59;50.75;47.29;36.38;Bueno;103.75;Regular;19;15.71;15.62;31.25;Bueno;101.35;Regular;Bueno;Regular
2025-12-24;10:00;54;50.75;47.29;36.38;Bueno;103.75;Regular;12;15.88;15.62;31.25;Bueno;101.35;Regular;Bueno;Regular
2025-12-24;11:00;56;50.50;47.29;36.38;Bueno;103.75;Regular;10;15.92;15.62;31.25;Bueno;101.35;Regular;Bueno;Regular
2025-12-24;12:00;49;50.46;47.29;36.38;Bueno;103.75;Regular;8;15.83;15.62;31.25;Bueno;101.35;Regular;Bueno;Regular
2025-12-24;13:00;47;50.88;47.29;36.38;Bueno;103.75;Regular;7;15.79;15.62;31.25;Bueno;101.35;Regular;Bueno;Regular
2025-12-24;14:00;42;50.83;47.29;36.38;Bueno;103.75;Regular;10;16.00;15.62;31.25;Bueno;101.35;Regular;Bueno;Regular
2025-12-24;15:00;31;50.58;47.29;36.38;Bueno;103.75;Regular;7;16.00;15.62;31.25;Bueno;101.35;Regular;Bueno;Regular
2025-12-24;16:00;29;50.08;47.29;36.38;Bueno;103.75;Regular;5;16.00;15.62;31.25;Bueno;101.35;Regular;Bueno;Regular
2025-12-24;17:00;52;49.83;47.29;36.38;Bueno;103.75;Regular;14;16.38;15.62;31.25;Bueno;101.35;Regular;Bueno;Regular
2025-12-24;18:00;39;49.42;47.29;36.38;Bueno;103.75;Regular;11;16.62;15.62;31.25;Bueno;101.35;Regular;Bueno;Regular
2025-12-24;19:00;38;49.25;47.29;36.38;Bueno;103.75;Regular;8;16.67;15.62;31.25;Bueno;101.35;Regular;Bueno;Regular
2025-12-24;20:00;39;48.21;47.29;36.38;Bueno;103.75;Regular;19;16.71;15.62;31.25;Bueno;101.35;Regular;Bueno;Regular
2025-12-24;21:00;49;47.75;47.29;36.38;Bueno;103.75;Regular;22;16.79;15.62;31.25;Bueno;101.35;Regular;Bueno;Regular
2025-12-24;22:00;49;47.42;47.29;36.38;Bueno;103.75;Regular;18;16.17;15.62;31.25;Bueno;101.35;Regular;Bueno;Regular
2025-12-24;23:00;51;47.29;47.29;36.38;Bueno;103.75;Regular;14;15.62;15.62;31.25;Bueno;101.35;Regular;Bueno;Regular
2025-12-25;00:00;49;47.46;36.75;28.27;Bueno;81.67;Bueno;7;15.04;6.83;13.67;Bueno;45.56;Bueno;Bueno;Bueno
2025-12-25;01:00;39;47.29;36.75;28.27;Bueno;81.67;Bueno;6;14.33;6.83;13.67;Bueno;45.56;Bueno;Bueno;Bueno
2025-12-25;02:00;43;47.58;36.75;28.27;Bueno;81.67;Bueno;4;13.42;6.83;13.67;Bueno;45.56;Bueno;Bueno;Bueno
2025-12-25;03:00;40;47.42;36.75;28.27;Bueno;81.67;Bueno;6;12.83;6.83;13.67;Bueno;45.56;Bueno;Bueno;Bueno
2025-12-25;04:00;33;47.17;36.75;28.27;Bueno;81.67;Bueno;10;12.29;6.83;13.67;Bueno;45.56;Bueno;Bueno;Bueno
2025-12-25;05:00;38;47.42;36.75;28.27;Bueno;81.67;Bueno;10;12.17;6.83;13.67;Bueno;45.56;Bueno;Bueno;Bueno
2025-12-25;06:00;50;46.79;36.75;28.27;Bueno;81.67;Bueno;8;11.79;6.83;13.67;Bueno;45.56;Bueno;Bueno;Bueno
2025-12-25;07:00;32;44.46;36.75;28.27;Bueno;81.67;Bueno;4;10.71;6.83;13.67;Bueno;45.56;Bueno;Bueno;Bueno
2025-12-25;08:00;42;43.75;36.75;28.27;Bueno;81.67;Bueno;2;10.04;6.83;13.67;Bueno;45.56;Bueno;Bueno;Bueno
2025-12-25;09:00;35;42.75;36.75;28.27;Bueno;81.67;Bueno;5;9.46;6.83;13.67;Bueno;45.56;Bueno;Bueno;Bueno
2025-12-25;10:00;41;42.21;36.75;28.27;Bueno;81.67;Bueno;7;9.25;6.83;13.67;Bueno;45.56;Bueno;Bueno;Bueno
2025-12-25;11:00;37;41.42;36.75;28.27;Bueno;81.67;Bueno;11;9.29;6.83;13.67;Bueno;45.56;Bueno;Bueno;Bueno
2025-12-25;12:00;33;40.75;36.75;28.27;Bueno;81.67;Bueno;9;9.33;6.83;13.67;Bueno;45.56;Bueno;Bueno;Bueno
2025-12-25;13:00;27;39.92;36.75;28.27;Bueno;81.67;Bueno;5;9.25;6.83;13.67;Bueno;45.56;Bueno;Bueno;Bueno
2025-12-25;14:00;29;39.38;36.75;28.27;Bueno;81.67;Bueno;4;9.00;6.83;13.67;Bueno;45.56;Bueno;Bueno;Bueno
2025-12-25;15:00;23;39.04;36.75;28.27;Bueno;81.67;Bueno;4;8.88;6.83;13.67;Bueno;45.56;Bueno;Bueno;Bueno
2025-12-25;16:00;42;39.58;36.75;28.27;Bueno;81.67;Bueno;9;9.04;6.83;13.67;Bueno;45.56;Bueno;Bueno;Bueno
2025-12-25;17:00;44;39.25;36.75;28.27;Bueno;81.67;Bueno;7;8.75;6.83;13.67;Bueno;45.56;Bueno;Bueno;Bueno
2025-12-25;18:00;43;39.42;36.75;28.27;Bueno;81.67;Bueno;6;8.54;6.83;13.67;Bueno;45.56;Bueno;Bueno;Bueno
2025-12-25;19:00;28;39.00;36.75;28.27;Bueno;81.67;Bueno;6;8.46;6.83;13.67;Bueno;45.56;Bueno;Bueno;Bueno
2025-12-25;20:00;40;39.04;36.75;28.27;Bueno;81.67;Bueno;16;8.33;6.83;13.67;Bueno;45.56;Bueno;Bueno;Bueno
2025-12-25;21:00;37;38.54;36.75;28.27;Bueno;81.67;Bueno;6;7.67;6.83;13.67;Bueno;45.56;Bueno;Bueno;Bueno
2025-12-25;22:00;27;37.62;36.75;28.27;Bueno;81.67;Bueno;6;7.17;6.83;13.67;Bueno;45.56;Bueno;Bueno;Bueno
2025-12-25;23:00;30;36.75;36.75;28.27;Bueno;81.67;Bueno;6;6.83;6.83;13.67;Bueno;45.56;Bueno;Bueno;Bueno
2025-12-26;00:00;29;35.92;34.54;26.57;Bueno;76.76;Bueno;5;6.75;7.29;14.58;Bueno;48.61;Bueno;Bueno;Bueno
2025-12-26;01:00;25;35.33;34.54;26.57;Bueno;76.76;Bueno;6;6.75;7.29;14.58;Bueno;48.61;Bueno;Bueno;Bueno
2025-12-26;02:00;29;34.75;34.54;26.57;Bueno;76.76;Bueno;10;7.00;7.29;14.58;Bueno;48.61;Bueno;Bueno;Bueno
2025-12-26;03:00;19;33.88;34.54;26.57;Bueno;76.76;Bueno;6;7.00;7.29;14.58;Bueno;48.61;Bueno;Bueno;Bueno
2025-12-26;04:00;25;33.54;34.54;26.57;Bueno;76.76;Bueno;4;6.75;7.29;14.58;Bueno;48.61;Bueno;Bueno;Bueno
2025-12-26;05:00;29;33.17;34.54;26.57;Bueno;76.76;Bueno;5;6.54;7.29;14.58;Bueno;48.61;Bueno;Bueno;Bueno
2025-12-26;06:00;30;32.33;34.54;26.57;Bueno;76.76;Bueno;7;6.50;7.29;14.58;Bueno;48.61;Bueno;Bueno;Bueno
2025-12-26;07:00;34;32.42;34.54;26.57;Bueno;76.76;Bueno;10;6.75;7.29;14.58;Bueno;48.61;Bueno;Bueno;Bueno
2025-12-26;08:00;42;32.42;34.54;26.57;Bueno;76.76;Bueno;7;6.96;7.29;14.58;Bueno;48.61;Bueno;Bueno;Bueno
2025-12-26;09:00;38;32.54;34.54;26.57;Bueno;76.76;Bueno;6;7.00;7.29;14.58;Bueno;48.61;Bueno;Bueno;Bueno
2025-12-26;10:00;40;32.50;34.54;26.57;Bueno;76.76;Bueno;5;6.92;7.29;14.58;Bueno;48.61;Bueno;Bueno;Bueno
2025-12-26;11:00;40;32.62;34.54;26.57;Bueno;76.76;Bueno;7;6.75;7.29;14.58;Bueno;48.61;Bueno;Bueno;Bueno
2025-12-26;12:00;44;33.08;34.54;26.57;Bueno;76.76;Bueno;12;6.88;7.29;14.58;Bueno;48.61;Bueno;Bueno;Bueno
2025-12-26;13:00;37;33.50;34.54;26.57;Bueno;76.76;Bueno;7;6.96;7.29;14.58;Bueno;48.61;Bueno;Bueno;Bueno
2025-12-26;14:00;33;33.67;34.54;26.57;Bueno;76.76;Bueno;5;7.00;7.29;14.58;Bueno;48.61;Bueno;Bueno;Bueno
2025-12-26;15:00;36;34.21;34.54;26.57;Bueno;76.76;Bueno;5;7.04;7.29;14.58;Bueno;48.61;Bueno;Bueno;Bueno
2025-12-26;16:00;43;34.25;34.54;26.57;Bueno;76.76;Bueno;12;7.17;7.29;14.58;Bueno;48.61;Bueno;Bueno;Bueno
2025-12-26;17:00;35;33.88;34.54;26.57;Bueno;76.76;Bueno;7;7.17;7.29;14.58;Bueno;48.61;Bueno;Bueno;Bueno
2025-12-26;18:00;42;33.83;34.54;26.57;Bueno;76.76;Bueno;5;7.12;7.29;14.58;Bueno;48.61;Bueno;Bueno;Bueno
2025-12-26;19:00;42;34.42;34.54;26.57;Bueno;76.76;Bueno;8;7.21;7.29;14.58;Bueno;48.61;Bueno;Bueno;Bueno
2025-12-26;20:00;34;34.17;34.54;26.57;Bueno;76.76;Bueno;7;6.83;7.29;14.58;Bueno;48.61;Bueno;Bueno;Bueno
2025-12-26;21:00;34;34.04;34.54;26.57;Bueno;76.76;Bueno;12;7.08;7.29;14.58;Bueno;48.61;Bueno;Bueno;Bueno
2025-12-26;22:00;37;34.46;34.54;26.57;Bueno;76.76;Bueno;10;7.25;7.29;14.58;Bueno;48.61;Bueno;Bueno;Bueno
2025-12-26;23:00;32;34.54;34.54;26.57;Bueno;76.76;Bueno;7;7.29;7.29;14.58;Bueno;48.61;Bueno;Bueno;Bueno
2025-12-27;00:00;26;34.42;41.62;32.02;Bueno;92.50;Bueno;10;7.50;9.79;19.58;Bueno;65.28;Bueno;Bueno;Bueno
2025-12-27;01:00;35;34.83;41.62;32.02;Bueno;92.50;Bueno;10;7.67;9.79;19.58;Bueno;65.28;Bueno;Bueno;Bueno
2025-12-27;02:00;42;35.38;41.62;32.02;Bueno;92.50;Bueno;12;7.75;9.79;19.58;Bueno;65.28;Bueno;Bueno;Bueno
2025-12-27;03:00;36;36.08;41.62;32.02;Bueno;92.50;Bueno;15;8.12;9.79;19.58;Bueno;65.28;Bueno;Bueno;Bueno
2025-12-27;04:00;40;36.71;41.62;32.02;Bueno;92.50;Bueno;14;8.54;9.79;19.58;Bueno;65.28;Bueno;Bueno;Bueno
2025-12-27;05:00;39;37.12;41.62;32.02;Bueno;92.50;Bueno;12;8.83;9.79;19.58;Bueno;65.28;Bueno;Bueno;Bueno
2025-12-27;06:00;61;38.42;41.62;32.02;Bueno;92.50;Bueno;16;9.21;9.79;19.58;Bueno;65.28;Bueno;Bueno;Bueno
2025-12-27;07:00;86;40.58;41.62;32.02;Bueno;92.50;Bueno;19;9.58;9.79;19.58;Bueno;65.28;Bueno;Bueno;Bueno
2025-12-27;08:00;55;41.12;41.62;32.02;Bueno;92.50;Bueno;16;9.96;9.79;19.58;Bueno;65.28;Bueno;Bueno;Bueno
2025-12-27;09:00;52;41.71;41.62;32.02;Bueno;92.50;Bueno;9;10.08;9.79;19.58;Bueno;65.28;Bueno;Bueno;Bueno
2025-12-27;10:00;50;42.12;41.62;32.02;Bueno;92.50;Bueno;14;10.46;9.79;19.58;Bueno;65.28;Bueno;Bueno;Bueno
2025-12-27;11:00;45;42.33;41.62;32.02;Bueno;92.50;Bueno;12;10.67;9.79;19.58;Bueno;65.28;Bueno;Bueno;Bueno
2025-12-27;12:00;47;42.46;41.62;32.02;Bueno;92.50;Bueno;14;10.75;9.79;19.58;Bueno;65.28;Bueno;Bueno;Bueno
2025-12-27;13:00;34;42.33;41.62;32.02;Bueno;92.50;Bueno;4;10.62;9.79;19.58;Bueno;65.28;Bueno;Bueno;Bueno
2025-12-27;14:00;32;42.29;41.62;32.02;Bueno;92.50;Bueno;5;10.62;9.79;19.58;Bueno;65.28;Bueno;Bueno;Bueno
2025-12-27;15:00;24;41.79;41.62;32.02;Bueno;92.50;Bueno;5;10.62;9.79;19.58;Bueno;65.28;Bueno;Bueno;Bueno
2025-12-27;16:00;46;41.92;41.62;32.02;Bueno;92.50;Bueno;4;10.29;9.79;19.58;Bueno;65.28;Bueno;Bueno;Bueno
2025-12-27;17:00;43;42.25;41.62;32.02;Bueno;92.50;Bueno;7;10.29;9.79;19.58;Bueno;65.28;Bueno;Bueno;Bueno
2025-12-27;18:00;43;42.29;41.62;32.02;Bueno;92.50;Bueno;9;10.46;9.79;19.58;Bueno;65.28;Bueno;Bueno;Bueno
2025-12-27;19:00;34;41.96;41.62;32.02;Bueno;92.50;Bueno;6;10.38;9.79;19.58;Bueno;65.28;Bueno;Bueno;Bueno
2025-12-27;20:00;34;41.96;41.62;32.02;Bueno;92.50;Bueno;7;10.38;9.79;19.58;Bueno;65.28;Bueno;Bueno;Bueno
2025-12-27;21:00;36;42.04;41.62;32.02;Bueno;92.50;Bueno;6;10.12;9.79;19.58;Bueno;65.28;Bueno;Bueno;Bueno
2025-12-27;22:00;26;41.58;41.62;32.02;Bueno;92.50;Bueno;3;9.83;9.79;19.58;Bueno;65.28;Bueno;Bueno;Bueno
2025-12-27;23:00;33;41.62;41.62;32.02;Bueno;92.50;Bueno;6;9.79;9.79;19.58;Bueno;65.28;Bueno;Bueno;Bueno
2025-12-28;00:00;20;41.38;30.92;23.78;Bueno;68.70;Bueno;5;9.58;7.33;14.67;Bueno;48.89;Bueno;Bueno;Bueno
2025-12-28;01:00;21;40.79;30.92;23.78;Bueno;68.70;Bueno;3;9.29;7.33;14.67;Bueno;48.89;Bueno;Bueno;Bueno
2025-12-28;02:00;30;40.29;30.92;23.78;Bueno;68.70;Bueno;5;9.00;7.33;14.67;Bueno;48.89;Bueno;Bueno;Bueno
2025-12-28;03:00;29;40.00;30.92;23.78;Bueno;68.70;Bueno;5;8.58;7.33;14.67;Bueno;48.89;Bueno;Bueno;Bueno
2025-12-28;04:00;27;39.46;30.92;23.78;Bueno;68.70;Bueno;6;8.25;7.33;14.67;Bueno;48.89;Bueno;Bueno;Bueno
2025-12-28;05:00;28;39.00;30.92;23.78;Bueno;68.70;Bueno;10;8.17;7.33;14.67;Bueno;48.89;Bueno;Bueno;Bueno
2025-12-28;06:00;39;38.08;30.92;23.78;Bueno;68.70;Bueno;10;7.92;7.33;14.67;Bueno;48.89;Bueno;Bueno;Bueno
2025-12-28;07:00;48;36.50;30.92;23.78;Bueno;68.70;Bueno;8;7.46;7.33;14.67;Bueno;48.89;Bueno;Bueno;Bueno
2025-12-28;08:00;37;35.75;30.92;23.78;Bueno;68.70;Bueno;9;7.17;7.33;14.67;Bueno;48.89;Bueno;Bueno;Bueno
2025-12-28;09:00;35;35.04;30.92;23.78;Bueno;68.70;Bueno;6;7.04;7.33;14.67;Bueno;48.89;Bueno;Bueno;Bueno
2025-12-28;10:00;32;34.29;30.92;23.78;Bueno;68.70;Bueno;8;6.79;7.33;14.67;Bueno;48.89;Bueno;Bueno;Bueno
2025-12-28;11:00;29;33.62;30.92;23.78;Bueno;68.70;Bueno;10;6.71;7.33;14.67;Bueno;48.89;Bueno;Bueno;Bueno
2025-12-28;12:00;29;32.88;30.92;23.78;Bueno;68.70;Bueno;7;6.42;7.33;14.67;Bueno;48.89;Bueno;Bueno;Bueno
2025-12-28;13:00;32;32.79;30.92;23.78;Bueno;68.70;Bueno;5;6.46;7.33;14.67;Bueno;48.89;Bueno;Bueno;Bueno
2025-12-28;14:00;34;32.88;30.92;23.78;Bueno;68.70;Bueno;8;6.58;7.33;14.67;Bueno;48.89;Bueno;Bueno;Bueno
2025-12-28;15:00;33;33.25;30.92;23.78;Bueno;68.70;Bueno;7;6.67;7.33;14.67;Bueno;48.89;Bueno;Bueno;Bueno
2025-12-28;16:00;35;32.79;30.92;23.78;Bueno;68.70;Bueno;9;6.88;7.33;14.67;Bueno;48.89;Bueno;Bueno;Bueno
2025-12-28;17:00;34;32.42;30.92;23.78;Bueno;68.70;Bueno;9;6.96;7.33;14.67;Bueno;48.89;Bueno;Bueno;Bueno
2025-12-28;18:00;32;31.96;30.92;23.78;Bueno;68.70;Bueno;10;7.00;7.33;14.67;Bueno;48.89;Bueno;Bueno;Bueno
2025-12-28;19:00;22;31.46;30.92;23.78;Bueno;68.70;Bueno;5;6.96;7.33;14.67;Bueno;48.89;Bueno;Bueno;Bueno
2025-12-28;20:00;25;31.08;30.92;23.78;Bueno;68.70;Bueno;4;6.83;7.33;14.67;Bueno;48.89;Bueno;Bueno;Bueno
2025-12-28;21:00;28;30.75;30.92;23.78;Bueno;68.70;Bueno;10;7.00;7.33;14.67;Bueno;48.89;Bueno;Bueno;Bueno
2025-12-28;22:00;29;30.88;30.92;23.78;Bueno;68.70;Bueno;10;7.29;7.33;14.67;Bueno;48.89;Bueno;Bueno;Bueno
2025-12-28;23:00;34;30.92;30.92;23.78;Bueno;68.70;Bueno;7;7.33;7.33;14.67;Bueno;48.89;Bueno;Bueno;Bueno
2025-12-29;00:00;24;31.08;48.67;37.44;Bueno;106.01;Regular;9;7.50;12.62;25.25;Bueno;84.17;Bueno;Bueno;Regular
2025-12-29;01:00;29;31.42;48.67;37.44;Bueno;106.01;Regular;7;7.67;12.62;25.25;Bueno;84.17;Bueno;Bueno;Regular
2025-12-29;02:00;32;31.50;48.67;37.44;Bueno;106.01;Regular;9;7.83;12.62;25.25;Bueno;84.17;Bueno;Bueno;Regular
2025-12-29;03:00;39;31.92;48.67;37.44;Bueno;106.01;Regular;11;8.08;12.62;25.25;Bueno;84.17;Bueno;Bueno;Regular
2025-12-29;04:00;34;32.21;48.67;37.44;Bueno;106.01;Regular;9;8.21;12.62;25.25;Bueno;84.17;Bueno;Bueno;Regular
2025-12-29;05:00;32;32.38;48.67;37.44;Bueno;106.01;Regular;10;8.21;12.62;25.25;Bueno;84.17;Bueno;Bueno;Regular
2025-12-29;06:00;65;33.46;48.67;37.44;Bueno;106.01;Regular;18;8.54;12.62;25.25;Bueno;84.17;Bueno;Bueno;Regular
2025-12-29;07:00;74;34.54;48.67;37.44;Bueno;106.01;Regular;22;9.12;12.62;25.25;Bueno;84.17;Bueno;Bueno;Regular
2025-12-29;08:00;63;35.62;48.67;37.44;Bueno;106.01;Regular;19;9.54;12.62;25.25;Bueno;84.17;Bueno;Bueno;Regular
2025-12-29;09:00;65;36.88;48.67;37.44;Bueno;106.01;Regular;16;9.96;12.62;25.25;Bueno;84.17;Bueno;Bueno;Regular
2025-12-29;10:00;51;37.67;48.67;37.44;Bueno;106.01;Regular;8;9.96;12.62;25.25;Bueno;84.17;Bueno;Bueno;Regular
2025-12-29;11:00;42;38.21;48.67;37.44;Bueno;106.01;Regular;10;9.96;12.62;25.25;Bueno;84.17;Bueno;Bueno;Regular
2025-12-29;12:00;47;38.96;48.67;37.44;Bueno;106.01;Regular;18;10.42;12.62;25.25;Bueno;84.17;Bueno;Bueno;Regular
2025-12-29;13:00;47;39.58;48.67;37.44;Bueno;106.01;Regular;14;10.79;12.62;25.25;Bueno;84.17;Bueno;Bueno;Regular
2025-12-29;14:00;46;40.08;48.67;37.44;Bueno;106.01;Regular;6;10.71;12.62;25.25;Bueno;84.17;Bueno;Bueno;Regular
2025-12-29;15:00;67;41.50;48.67;37.44;Bueno;106.01;Regular;10;10.83;12.62;25.25;Bueno;84.17;Bueno;Bueno;Regular
2025-12-29;16:00;51;42.17;48.67;37.44;Bueno;106.01;Regular;13;11.00;12.62;25.25;Bueno;84.17;Bueno;Bueno;Regular
2025-12-29;17:00;66;43.50;48.67;37.44;Bueno;106.01;Regular;12;11.12;12.62;25.25;Bueno;84.17;Bueno;Bueno;Regular
2025-12-29;18:00;60;44.67;48.67;37.44;Bueno;106.01;Regular;12;11.21;12.62;25.25;Bueno;84.17;Bueno;Bueno;Regular
2025-12-29;19:00;40;45.42;48.67;37.44;Bueno;106.01;Regular;10;11.42;12.62;25.25;Bueno;84.17;Bueno;Bueno;Regular
2025-12-29;20:00;48;46.38;48.67;37.44;Bueno;106.01;Regular;17;11.96;12.62;25.25;Bueno;84.17;Bueno;Bueno;Regular
2025-12-29;21:00;65;47.92;48.67;37.44;Bueno;106.01;Regular;22;12.46;12.62;25.25;Bueno;84.17;Bueno;Bueno;Regular
2025-12-29;22:00;46;48.62;48.67;37.44;Bueno;106.01;Regular;13;12.58;12.62;25.25;Bueno;84.17;Bueno;Bueno;Regular
2025-12-29;23:00;35;48.67;48.67;37.44;Bueno;106.01;Regular;8;12.62;12.62;25.25;Bueno;84.17;Bueno;Bueno;Regular
2025-12-30;00:00;31;48.96;48.83;37.56;Bueno;106.28;Regular;7;12.54;13.04;26.08;Bueno;86.94;Bueno;Bueno;Regular
2025-12-30;01:00;24;48.75;48.83;37.56;Bueno;106.28;Regular;7;12.54;13.04;26.08;Bueno;86.94;Bueno;Bueno;Regular
2025-12-30;02:00;22;48.33;48.83;37.56;Bueno;106.28;Regular;5;12.38;13.04;26.08;Bueno;86.94;Bueno;Bueno;Regular
2025-12-30;03:00;33;48.08;48.83;37.56;Bueno;106.28;Regular;7;12.21;13.04;26.08;Bueno;86.94;Bueno;Bueno;Regular
2025-12-30;04:00;42;48.42;48.83;37.56;Bueno;106.28;Regular;8;12.17;13.04;26.08;Bueno;86.94;Bueno;Bueno;Regular
2025-12-30;05:00;40;48.75;48.83;37.56;Bueno;106.28;Regular;7;12.04;13.04;26.08;Bueno;86.94;Bueno;Bueno;Regular
2025-12-30;06:00;96;50.04;48.83;37.56;Bueno;106.28;Regular;19;12.08;13.04;26.08;Bueno;86.94;Bueno;Bueno;Regular
2025-12-30;07:00;80;50.29;48.83;37.56;Bueno;106.28;Regular;22;12.08;13.04;26.08;Bueno;86.94;Bueno;Bueno;Regular
2025-12-30;08:00;63;50.29;48.83;37.56;Bueno;106.28;Regular;38;12.88;13.04;26.08;Bueno;86.94;Bueno;Bueno;Regular
2025-12-30;09:00;67;50.38;48.83;37.56;Bueno;106.28;Regular;38;13.79;13.04;26.08;Bueno;86.94;Bueno;Bueno;Regular
2025-12-30;10:00;62;50.83;48.83;37.56;Bueno;106.28;Regular;20;14.29;13.04;26.08;Bueno;86.94;Bueno;Bueno;Regular
2025-12-30;11:00;57;51.46;48.83;37.56;Bueno;106.28;Regular;14;14.46;13.04;26.08;Bueno;86.94;Bueno;Bueno;Regular
2025-12-30;12:00;60;52.00;48.83;37.56;Bueno;106.28;Regular;10;14.12;13.04;26.08;Bueno;86.94;Bueno;Bueno;Regular
2025-12-30;13:00;46;51.96;48.83;37.56;Bueno;106.28;Regular;10;13.96;13.04;26.08;Bueno;86.94;Bueno;Bueno;Regular
2025-12-30;14:00;36;51.54;48.83;37.56;Bueno;106.28;Regular;9;14.08;13.04;26.08;Bueno;86.94;Bueno;Bueno;Regular
2025-12-30;15:00;57;51.12;48.83;37.56;Bueno;106.28;Regular;8;14.00;13.04;26.08;Bueno;86.94;Bueno;Bueno;Regular
2025-12-30;16:00;43;50.79;48.83;37.56;Bueno;106.28;Regular;10;13.88;13.04;26.08;Bueno;86.94;Bueno;Bueno;Regular
2025-12-30;17:00;57;50.42;48.83;37.56;Bueno;106.28;Regular;24;14.38;13.04;26.08;Bueno;86.94;Bueno;Bueno;Regular
2025-12-30;18:00;46;49.83;48.83;37.56;Bueno;106.28;Regular;11;14.33;13.04;26.08;Bueno;86.94;Bueno;Bueno;Regular
2025-12-30;19:00;37;49.71;48.83;37.56;Bueno;106.28;Regular;6;14.17;13.04;26.08;Bueno;86.94;Bueno;Bueno;Regular
2025-12-30;20:00;46;49.62;48.83;37.56;Bueno;106.28;Regular;6;13.71;13.04;26.08;Bueno;86.94;Bueno;Bueno;Regular
2025-12-30;21:00;43;48.71;48.83;37.56;Bueno;106.28;Regular;9;13.17;13.04;26.08;Bueno;86.94;Bueno;Bueno;Regular
2025-12-30;22:00;41;48.50;48.83;37.56;Bueno;106.28;Regular;8;12.96;13.04;26.08;Bueno;86.94;Bueno;Bueno;Regular
2025-12-30;23:00;43;48.83;48.83;37.56;Bueno;106.28;Regular;10;13.04;13.04;26.08;Bueno;86.94;Bueno;Bueno;Regular
2025-12-31;00:00;37;49.08;61.33;47.18;Bueno;126.82;Regular;9;13.12;17.50;35.00;Bueno;105.40;Regular;Bueno;Regular
2025-12-31;01:00;47;50.04;61.33;47.18;Bueno;126.82;Regular;10;13.25;17.50;35.00;Bueno;105.40;Regular;Bueno;Regular
2025-12-31;02:00;63;51.75;61.33;47.18;Bueno;126.82;Regular;29;14.25;17.50;35.00;Bueno;105.40;Regular;Bueno;Regular
2025-12-31;03:00;44;52.21;61.33;47.18;Bueno;126.82;Regular;20;14.79;17.50;35.00;Bueno;105.40;Regular;Bueno;Regular
2025-12-31;04:00;48;52.46;61.33;47.18;Bueno;126.82;Regular;13;15.00;17.50;35.00;Bueno;105.40;Regular;Bueno;Regular
2025-12-31;05:00;61;53.33;61.33;47.18;Bueno;126.82;Regular;18;15.46;17.50;35.00;Bueno;105.40;Regular;Bueno;Regular
2025-12-31;06:00;102;53.58;61.33;47.18;Bueno;126.82;Regular;22;15.58;17.50;35.00;Bueno;105.40;Regular;Bueno;Regular
2025-12-31;07:00;101;54.46;61.33;47.18;Bueno;126.82;Regular;18;15.42;17.50;35.00;Bueno;105.40;Regular;Bueno;Regular
2025-12-31;08:00;93;55.71;61.33;47.18;Bueno;126.82;Regular;15;14.46;17.50;35.00;Bueno;105.40;Regular;Bueno;Regular
2025-12-31;09:00;61;55.46;61.33;47.18;Bueno;126.82;Regular;15;13.50;17.50;35.00;Bueno;105.40;Regular;Bueno;Regular
2025-12-31;10:00;63;55.50;61.33;47.18;Bueno;126.82;Regular;10;13.08;17.50;35.00;Bueno;105.40;Regular;Bueno;Regular
2025-12-31;11:00;67;55.92;61.33;47.18;Bueno;126.82;Regular;16;13.17;17.50;35.00;Bueno;105.40;Regular;Bueno;Regular
2025-12-31;12:00;65;56.12;61.33;47.18;Bueno;126.82;Regular;22;13.67;17.50;35.00;Bueno;105.40;Regular;Bueno;Regular
2025-12-31;13:00;58;56.62;61.33;47.18;Bueno;126.82;Regular;13;13.79;17.50;35.00;Bueno;105.40;Regular;Bueno;Regular
2025-12-31;14:00;61;57.67;61.33;47.18;Bueno;126.82;Regular;9;13.79;17.50;35.00;Bueno;105.40;Regular;Bueno;Regular
2025-12-31;15:00;78;58.54;61.33;47.18;Bueno;126.82;Regular;15;14.08;17.50;35.00;Bueno;105.40;Regular;Bueno;Regular
2025-12-31;16:00;64;59.42;61.33;47.18;Bueno;126.82;Regular;12;14.17;17.50;35.00;Bueno;105.40;Regular;Bueno;Regular
2025-12-31;17:00;51;59.17;61.33;47.18;Bueno;126.82;Regular;9;13.54;17.50;35.00;Bueno;105.40;Regular;Bueno;Regular
2025-12-31;18:00;47;59.21;61.33;47.18;Bueno;126.82;Regular;9;13.46;17.50;35.00;Bueno;105.40;Regular;Bueno;Regular
2025-12-31;19:00;43;59.46;61.33;47.18;Bueno;126.82;Regular;16;13.88;17.50;35.00;Bueno;105.40;Regular;Bueno;Regular
2025-12-31;20:00;72;60.54;61.33;47.18;Bueno;126.82;Regular;46;15.54;17.50;35.00;Bueno;105.40;Regular;Bueno;Regular
2025-12-31;21:00;52;60.92;61.33;47.18;Bueno;126.82;Regular;26;16.25;17.50;35.00;Bueno;105.40;Regular;Bueno;Regular
2025-12-31;22:00;38;60.79;61.33;47.18;Bueno;126.82;Regular;22;16.83;17.50;35.00;Bueno;105.40;Regular;Bueno;Regular
2025-12-31;23:00;56;61.33;61.33;47.18;Bueno;126.82;Regular;26;17.50;17.50;35.00;Bueno;105.40;Regular;Bueno;Regular
2026-01-01;00:00;53;62.00;44.17;33.97;Bueno;98.15;Bueno;27;18.25;17.17;34.33;Bueno;104.68;Regular;Bueno;Regular
2026-01-01;01:00;49;62.08;44.17;33.97;Bueno;98.15;Bueno;21;18.71;17.17;34.33;Bueno;104.68;Regular;Bueno;Regular
2026-01-01;02:00;53;61.67;44.17;33.97;Bueno;98.15;Bueno;22;18.42;17.17;34.33;Bueno;104.68;Regular;Bueno;Regular
2026-01-01;03:00;61;62.38;44.17;33.97;Bueno;98.15;Bueno;22;18.50;17.17;34.33;Bueno;104.68;Regular;Bueno;Regular
2026-01-01;04:00;48;62.38;44.17;33.97;Bueno;98.15;Bueno;24;18.96;17.17;34.33;Bueno;104.68;Regular;Bueno;Regular
2026-01-01;05:00;48;61.83;44.17;33.97;Bueno;98.15;Bueno;24;19.21;17.17;34.33;Bueno;104.68;Regular;Bueno;Regular
2026-01-01;06:00;48;59.58;44.17;33.97;Bueno;98.15;Bueno;32;19.62;17.17;34.33;Bueno;104.68;Regular;Bueno;Regular
2026-01-01;07:00;59;57.83;44.17;33.97;Bueno;98.15;Bueno;27;20.00;17.17;34.33;Bueno;104.68;Regular;Bueno;Regular
2026-01-01;08:00;58;56.38;44.17;33.97;Bueno;98.15;Bueno;27;20.50;17.17;34.33;Bueno;104.68;Regular;Bueno;Regular
2026-01-01;09:00;54;56.08;44.17;33.97;Bueno;98.15;Bueno;24;20.88;17.17;34.33;Bueno;104.68;Regular;Bueno;Regular
2026-01-01;10:00;44;55.29;44.17;33.97;Bueno;98.15;Bueno;24;21.46;17.17;34.33;Bueno;104.68;Regular;Bueno;Regular
2026-01-01;11:00;49;54.54;44.17;33.97;Bueno;98.15;Bueno;20;21.62;17.17;34.33;Bueno;104.68;Regular;Bueno;Regular
2026-01-01;12:00;62;54.42;44.17;33.97;Bueno;98.15;Bueno;29;21.92;17.17;34.33;Bueno;104.68;Regular;Bueno;Regular
2026-01-01;13:00;60;54.50;44.17;33.97;Bueno;98.15;Bueno;18;22.12;17.17;34.33;Bueno;104.68;Regular;Bueno;Regular
2026-01-01;14:00;56;54.29;44.17;33.97;Bueno;98.15;Bueno;9;22.12;17.17;34.33;Bueno;104.68;Regular;Bueno;Regular
2026-01-01;15:00;37;52.58;44.17;33.97;Bueno;98.15;Bueno;7;21.79;17.17;34.33;Bueno;104.68;Regular;Bueno;Regular
2026-01-01;16:00;32;51.25;44.17;33.97;Bueno;98.15;Bueno;7;21.58;17.17;34.33;Bueno;104.68;Regular;Bueno;Regular
2026-01-01;17:00;26;50.21;44.17;33.97;Bueno;98.15;Bueno;7;21.50;17.17;34.33;Bueno;104.68;Regular;Bueno;Regular
2026-01-01;18:00;29;49.46;44.17;33.97;Bueno;98.15;Bueno;7;21.42;17.17;34.33;Bueno;104.68;Regular;Bueno;Regular
2026-01-01;19:00;31;48.96;44.17;33.97;Bueno;98.15;Bueno;6;21.00;17.17;34.33;Bueno;104.68;Regular;Bueno;Regular
2026-01-01;20:00;33;47.33;44.17;33.97;Bueno;98.15;Bueno;11;19.54;17.17;34.33;Bueno;104.68;Regular;Bueno;Regular
2026-01-01;21:00;27;46.29;44.17;33.97;Bueno;98.15;Bueno;6;18.71;17.17;34.33;Bueno;104.68;Regular;Bueno;Regular
2026-01-01;22:00;21;45.58;44.17;33.97;Bueno;98.15;Bueno;5;18.00;17.17;34.33;Bueno;104.68;Regular;Bueno;Regular
2026-01-01;23:00;22;44.17;44.17;33.97;Bueno;98.15;Bueno;6;17.17;17.17;34.33;Bueno;104.68;Regular;Bueno;Regular
2026-01-02;00:00;21;42.83;40.50;31.15;Bueno;90.00;Bueno;4;16.21;12.75;25.50;Bueno;85.00;Bueno;Bueno;Bueno
2026-01-02;01:00;28;41.96;40.50;31.15;Bueno;90.00;Bueno;5;15.54;12.75;25.50;Bueno;85.00;Bueno;Bueno;Bueno
2026-01-02;02:00;37;41.29;40.50;31.15;Bueno;90.00;Bueno;4;14.79;12.75;25.50;Bueno;85.00;Bueno;Bueno;Bueno
2026-01-02;03:00;27;39.88;40.50;31.15;Bueno;90.00;Bueno;4;14.04;12.75;25.50;Bueno;85.00;Bueno;Bueno;Bueno
2026-01-02;04:00;31;39.17;40.50;31.15;Bueno;90.00;Bueno;7;13.33;12.75;25.50;Bueno;85.00;Bueno;Bueno;Bueno
2026-01-02;05:00;31;38.46;40.50;31.15;Bueno;90.00;Bueno;13;12.88;12.75;25.50;Bueno;85.00;Bueno;Bueno;Bueno
2026-01-02;06:00;47;38.42;40.50;31.15;Bueno;90.00;Bueno;15;12.17;12.75;25.50;Bueno;85.00;Bueno;Bueno;Bueno
2026-01-02;07:00;48;37.96;40.50;31.15;Bueno;90.00;Bueno;16;11.71;12.75;25.50;Bueno;85.00;Bueno;Bueno;Bueno
2026-01-02;08:00;49;37.58;40.50;31.15;Bueno;90.00;Bueno;14;11.17;12.75;25.50;Bueno;85.00;Bueno;Bueno;Bueno
2026-01-02;09:00;65;38.04;40.50;31.15;Bueno;90.00;Bueno;17;10.88;12.75;25.50;Bueno;85.00;Bueno;Bueno;Bueno
2026-01-02;10:00;51;38.33;40.50;31.15;Bueno;90.00;Bueno;14;10.46;12.75;25.50;Bueno;85.00;Bueno;Bueno;Bueno
2026-01-02;11:00;44;38.12;40.50;31.15;Bueno;90.00;Bueno;12;10.12;12.75;25.50;Bueno;85.00;Bueno;Bueno;Bueno
2026-01-02;12:00;46;37.46;40.50;31.15;Bueno;90.00;Bueno;10;9.33;12.75;25.50;Bueno;85.00;Bueno;Bueno;Bueno
2026-01-02;13:00;70;37.88;40.50;31.15;Bueno;90.00;Bueno;11;9.04;12.75;25.50;Bueno;85.00;Bueno;Bueno;Bueno
2026-01-02;14:00;73;38.58;40.50;31.15;Bueno;90.00;Bueno;36;10.17;12.75;25.50;Bueno;85.00;Bueno;Bueno;Bueno
2026-01-02;15:00;49;39.08;40.50;31.15;Bueno;90.00;Bueno;18;10.62;12.75;25.50;Bueno;85.00;Bueno;Bueno;Bueno
2026-01-02;16:00;45;39.62;40.50;31.15;Bueno;90.00;Bueno;17;11.04;12.75;25.50;Bueno;85.00;Bueno;Bueno;Bueno
2026-01-02;17:00;39;40.17;40.50;31.15;Bueno;90.00;Bueno;14;11.33;12.75;25.50;Bueno;85.00;Bueno;Bueno;Bueno
2026-01-02;18:00;38;40.54;40.50;31.15;Bueno;90.00;Bueno;14;11.62;12.75;25.50;Bueno;85.00;Bueno;Bueno;Bueno
2026-01-02;19:00;35;40.71;40.50;31.15;Bueno;90.00;Bueno;12;11.88;12.75;25.50;Bueno;85.00;Bueno;Bueno;Bueno
2026-01-02;20:00;34;40.75;40.50;31.15;Bueno;90.00;Bueno;12;11.92;12.75;25.50;Bueno;85.00;Bueno;Bueno;Bueno
2026-01-02;21:00;20;40.46;40.50;31.15;Bueno;90.00;Bueno;14;12.25;12.75;25.50;Bueno;85.00;Bueno;Bueno;Bueno
2026-01-02;22:00;24;40.58;40.50;31.15;Bueno;90.00;Bueno;16;12.71;12.75;25.50;Bueno;85.00;Bueno;Bueno;Bueno
2026-01-02;23:00;20;40.50;40.50;31.15;Bueno;90.00;Bueno;7;12.75;12.75;25.50;Bueno;85.00;Bueno;Bueno;Bueno
2026-01-03;00:00;11;40.08;31.75;24.42;Bueno;70.56;Bueno;7;12.88;15.21;30.42;Bueno;100.45;Regular;Bueno;Regular
2026-01-03;01:00;18;39.67;31.75;24.42;Bueno;70.56;Bueno;9;13.04;15.21;30.42;Bueno;100.45;Regular;Bueno;Regular
2026-01-03;02:00;20;38.96;31.75;24.42;Bueno;70.56;Bueno;6;13.12;15.21;30.42;Bueno;100.45;Regular;Bueno;Regular
2026-01-03;03:00;17;38.54;31.75;24.42;Bueno;70.56;Bueno;6;13.21;15.21;30.42;Bueno;100.45;Regular;Bueno;Regular
2026-01-03;04:00;24;38.25;31.75;24.42;Bueno;70.56;Bueno;9;13.29;15.21;30.42;Bueno;100.45;Regular;Bueno;Regular
2026-01-03;05:00;24;37.96;31.75;24.42;Bueno;70.56;Bueno;11;13.21;15.21;30.42;Bueno;100.45;Regular;Bueno;Regular
2026-01-03;06:00;32;37.33;31.75;24.42;Bueno;70.56;Bueno;18;13.33;15.21;30.42;Bueno;100.45;Regular;Bueno;Regular
2026-01-03;07:00;47;37.29;31.75;24.42;Bueno;70.56;Bueno;26;13.75;15.21;30.42;Bueno;100.45;Regular;Bueno;Regular
2026-01-03;08:00;38;36.83;31.75;24.42;Bueno;70.56;Bueno;21;14.04;15.21;30.42;Bueno;100.45;Regular;Bueno;Regular
2026-01-03;09:00;43;35.92;31.75;24.42;Bueno;70.56;Bueno;22;14.25;15.21;30.42;Bueno;100.45;Regular;Bueno;Regular
2026-01-03;10:00;38;35.38;31.75;24.42;Bueno;70.56;Bueno;16;14.33;15.21;30.42;Bueno;100.45;Regular;Bueno;Regular
2026-01-03;11:00;33;34.92;31.75;24.42;Bueno;70.56;Bueno;19;14.62;15.21;30.42;Bueno;100.45;Regular;Bueno;Regular
2026-01-03;12:00;35;34.46;31.75;24.42;Bueno;70.56;Bueno;18;14.96;15.21;30.42;Bueno;100.45;Regular;Bueno;Regular
2026-01-03;13:00;47;33.50;31.75;24.42;Bueno;70.56;Bueno;20;15.33;15.21;30.42;Bueno;100.45;Regular;Bueno;Regular
2026-01-03;14:00;43;32.25;31.75;24.42;Bueno;70.56;Bueno;19;14.62;15.21;30.42;Bueno;100.45;Regular;Bueno;Regular
2026-01-03;15:00;37;31.75;31.75;24.42;Bueno;70.56;Bueno;14;14.46;15.21;30.42;Bueno;100.45;Regular;Bueno;Regular
2026-01-03;16:00;36;31.38;31.75;24.42;Bueno;70.56;Bueno;18;14.50;15.21;30.42;Bueno;100.45;Regular;Bueno;Regular
2026-01-03;17:00;39;31.38;31.75;24.42;Bueno;70.56;Bueno;10;14.33;15.21;30.42;Bueno;100.45;Regular;Bueno;Regular
2026-01-03;18:00;33;31.17;31.75;24.42;Bueno;70.56;Bueno;17;14.46;15.21;30.42;Bueno;100.45;Regular;Bueno;Regular
2026-01-03;19:00;32;31.04;31.75;24.42;Bueno;70.56;Bueno;14;14.54;15.21;30.42;Bueno;100.45;Regular;Bueno;Regular
2026-01-03;20:00;29;30.83;31.75;24.42;Bueno;70.56;Bueno;19;14.83;15.21;30.42;Bueno;100.45;Regular;Bueno;Regular
2026-01-03;21:00;33;31.38;31.75;24.42;Bueno;70.56;Bueno;16;14.92;15.21;30.42;Bueno;100.45;Regular;Bueno;Regular
2026-01-03;22:00;22;31.29;31.75;24.42;Bueno;70.56;Bueno;12;14.75;15.21;30.42;Bueno;100.45;Regular;Bueno;Regular
2026-01-03;23:00;31;31.75;31.75;24.42;Bueno;70.56;Bueno;18;15.21;15.21;30.42;Bueno;100.45;Regular;Bueno;Regular
2026-01-04;00:00;22;32.21;25.38;19.52;Bueno;56.39;Bueno;11;15.38;11.79;23.58;Bueno;78.61;Bueno;Bueno;Bueno
2026-01-04;01:00;21;32.33;25.38;19.52;Bueno;56.39;Bueno;12;15.50;11.79;23.58;Bueno;78.61;Bueno;Bueno;Bueno
2026-01-04;02:00;19;32.29;25.38;19.52;Bueno;56.39;Bueno;12;15.75;11.79;23.58;Bueno;78.61;Bueno;Bueno;Bueno
2026-01-04;03:00;21;32.46;25.38;19.52;Bueno;56.39;Bueno;10;15.92;11.79;23.58;Bueno;78.61;Bueno;Bueno;Bueno
2026-01-04;04:00;19;32.25;25.38;19.52;Bueno;56.39;Bueno;6;15.79;11.79;23.58;Bueno;78.61;Bueno;Bueno;Bueno
2026-01-04;05:00;24;32.25;25.38;19.52;Bueno;56.39;Bueno;8;15.67;11.79;23.58;Bueno;78.61;Bueno;Bueno;Bueno
2026-01-04;06:00;19;31.71;25.38;19.52;Bueno;56.39;Bueno;14;15.50;11.79;23.58;Bueno;78.61;Bueno;Bueno;Bueno
2026-01-04;07:00;28;30.92;25.38;19.52;Bueno;56.39;Bueno;18;15.17;11.79;23.58;Bueno;78.61;Bueno;Bueno;Bueno
2026-01-04;08:00;34;30.75;25.38;19.52;Bueno;56.39;Bueno;16;14.96;11.79;23.58;Bueno;78.61;Bueno;Bueno;Bueno
2026-01-04;09:00;31;30.25;25.38;19.52;Bueno;56.39;Bueno;16;14.71;11.79;23.58;Bueno;78.61;Bueno;Bueno;Bueno
2026-01-04;10:00;33;30.04;25.38;19.52;Bueno;56.39;Bueno;14;14.62;11.79;23.58;Bueno;78.61;Bueno;Bueno;Bueno
2026-01-04;11:00;35;30.12;25.38;19.52;Bueno;56.39;Bueno;12;14.33;11.79;23.58;Bueno;78.61;Bueno;Bueno;Bueno
2026-01-04;12:00;47;30.62;25.38;19.52;Bueno;56.39;Bueno;24;14.58;11.79;23.58;Bueno;78.61;Bueno;Bueno;Bueno
2026-01-04;13:00;34;30.08;25.38;19.52;Bueno;56.39;Bueno;5;13.96;11.79;23.58;Bueno;78.61;Bueno;Bueno;Bueno
2026-01-04;14:00;26;29.38;25.38;19.52;Bueno;56.39;Bueno;12;13.67;11.79;23.58;Bueno;78.61;Bueno;Bueno;Bueno
2026-01-04;15:00;28;29.00;25.38;19.52;Bueno;56.39;Bueno;9;13.46;11.79;23.58;Bueno;78.61;Bueno;Bueno;Bueno
2026-01-04;16:00;30;28.75;25.38;19.52;Bueno;56.39;Bueno;16;13.38;11.79;23.58;Bueno;78.61;Bueno;Bueno;Bueno
2026-01-04;17:00;24;28.12;25.38;19.52;Bueno;56.39;Bueno;7;13.25;11.79;23.58;Bueno;78.61;Bueno;Bueno;Bueno
2026-01-04;18:00;21;27.62;25.38;19.52;Bueno;56.39;Bueno;10;12.96;11.79;23.58;Bueno;78.61;Bueno;Bueno;Bueno
2026-01-04;19:00;26;27.38;25.38;19.52;Bueno;56.39;Bueno;13;12.92;11.79;23.58;Bueno;78.61;Bueno;Bueno;Bueno
2026-01-04;20:00;18;26.92;25.38;19.52;Bueno;56.39;Bueno;11;12.58;11.79;23.58;Bueno;78.61;Bueno;Bueno;Bueno
2026-01-04;21:00;20;26.38;25.38;19.52;Bueno;56.39;Bueno;10;12.33;11.79;23.58;Bueno;78.61;Bueno;Bueno;Bueno
2026-01-04;22:00;14;26.04;25.38;19.52;Bueno;56.39;Bueno;8;12.17;11.79;23.58;Bueno;78.61;Bueno;Bueno;Bueno
2026-01-04;23:00;15;25.38;25.38;19.52;Bueno;56.39;Bueno;9;11.79;11.79;23.58;Bueno;78.61;Bueno;Bueno;Bueno
2026-01-05;00:00;19;25.25;22.43;17.26;Bueno;49.86;Bueno;10;11.75;10.09;20.17;Bueno;67.25;Bueno;Bueno;Bueno
2026-01-05;01:00;23;25.33;22.43;17.26;Bueno;49.86;Bueno;12;11.75;10.09;20.17;Bueno;67.25;Bueno;Bueno;Bueno
2026-01-05;02:00;23;25.50;22.43;17.26;Bueno;49.86;Bueno;10;11.67;10.09;20.17;Bueno;67.25;Bueno;Bueno;Bueno
2026-01-05;03:00;11;25.08;22.43;17.26;Bueno;49.86;Bueno;5;11.46;10.09;20.17;Bueno;67.25;Bueno;Bueno;Bueno
2026-01-05;04:00;20;25.12;22.43;17.26;Bueno;49.86;Bueno;5;11.42;10.09;20.17;Bueno;67.25;Bueno;Bueno;Bueno
2026-01-05;05:00;25;25.17;22.43;17.26;Bueno;49.86;Bueno;12;11.58;10.09;20.17;Bueno;67.25;Bueno;Bueno;Bueno
2026-01-05;06:00;27;25.50;22.43;17.26;Bueno;49.86;Bueno;14;11.58;10.09;20.17;Bueno;67.25;Bueno;Bueno;Bueno
2026-01-05;07:00;;25.39;22.43;17.26;Bueno;49.86;Bueno;;11.30;10.09;20.17;Bueno;67.25;Bueno;Bueno;Bueno
2026-01-05;08:00;24;24.96;22.43;17.26;Bueno;49.86;Bueno;10;11.04;10.09;20.17;Bueno;67.25;Bueno;Bueno;Bueno
2026-01-05;09:00;25;24.70;22.43;17.26;Bueno;49.86;Bueno;16;11.04;10.09;20.17;Bueno;67.25;Bueno;Bueno;Bueno
2026-01-05;10:00;31;24.61;22.43;17.26;Bueno;49.86;Bueno;19;11.26;10.09;20.17;Bueno;67.25;Bueno;Bueno;Bueno
2026-01-05;11:00;25;24.17;22.43;17.26;Bueno;49.86;Bueno;11;11.22;10.09;20.17;Bueno;67.25;Bueno;Bueno;Bueno
2026-01-05;12:00;17;22.87;22.43;17.26;Bueno;49.86;Bueno;9;10.57;10.09;20.17;Bueno;67.25;Bueno;Bueno;Bueno
2026-01-05;13:00;18;22.17;22.43;17.26;Bueno;49.86;Bueno;10;10.78;10.09;20.17;Bueno;67.25;Bueno;Bueno;Bueno
2026-01-05;14:00;22;22.00;22.43;17.26;Bueno;49.86;Bueno;11;10.74;10.09;20.17;Bueno;67.25;Bueno;Bueno;Bueno
2026-01-05;15:00;28;22.00;22.43;17.26;Bueno;49.86;Bueno;12;10.87;10.09;20.17;Bueno;67.25;Bueno;Bueno;Bueno
2026-01-05;16:00;26;21.83;22.43;17.26;Bueno;49.86;Bueno;7;10.48;10.09;20.17;Bueno;67.25;Bueno;Bueno;Bueno
2026-01-05;17:00;27;21.96;22.43;17.26;Bueno;49.86;Bueno;7;10.48;10.09;20.17;Bueno;67.25;Bueno;Bueno;Bueno
2026-01-05;18:00;25;22.13;22.43;17.26;Bueno;49.86;Bueno;11;10.52;10.09;20.17;Bueno;67.25;Bueno;Bueno;Bueno
2026-01-05;19:00;23;22.00;22.43;17.26;Bueno;49.86;Bueno;7;10.26;10.09;20.17;Bueno;67.25;Bueno;Bueno;Bueno
2026-01-05;20:00;20;22.09;22.43;17.26;Bueno;49.86;Bueno;10;10.22;10.09;20.17;Bueno;67.25;Bueno;Bueno;Bueno
2026-01-05;21:00;20;22.09;22.43;17.26;Bueno;49.86;Bueno;12;10.30;10.09;20.17;Bueno;67.25;Bueno;Bueno;Bueno
2026-01-05;22:00;19;22.30;22.43;17.26;Bueno;49.86;Bueno;7;10.26;10.09;20.17;Bueno;67.25;Bueno;Bueno;Bueno
2026-01-05;23:00;18;22.43;22.43;17.26;Bueno;49.86;Bueno;5;10.09;10.09;20.17;Bueno;67.25;Bueno;Bueno;Bueno
2026-01-06;00:00;17;22.35;30.12;23.17;Bueno;66.94;Bueno;4;9.83;7.42;14.83;Bueno;49.44;Bueno;Bueno;Bueno
2026-01-06;01:00;19;22.17;30.12;23.17;Bueno;66.94;Bueno;7;9.61;7.42;14.83;Bueno;49.44;Bueno;Bueno;Bueno
2026-01-06;02:00;17;21.91;30.12;23.17;Bueno;66.94;Bueno;5;9.39;7.42;14.83;Bueno;49.44;Bueno;Bueno;Bueno
2026-01-06;03:00;21;22.35;30.12;23.17;Bueno;66.94;Bueno;3;9.30;7.42;14.83;Bueno;49.44;Bueno;Bueno;Bueno
2026-01-06;04:00;22;22.43;30.12;23.17;Bueno;66.94;Bueno;10;9.52;7.42;14.83;Bueno;49.44;Bueno;Bueno;Bueno
2026-01-06;05:00;16;22.04;30.12;23.17;Bueno;66.94;Bueno;7;9.30;7.42;14.83;Bueno;49.44;Bueno;Bueno;Bueno
2026-01-06;06:00;21;21.78;30.12;23.17;Bueno;66.94;Bueno;7;9.00;7.42;14.83;Bueno;49.44;Bueno;Bueno;Bueno
2026-01-06;07:00;24;21.88;30.12;23.17;Bueno;66.94;Bueno;7;8.92;7.42;14.83;Bueno;49.44;Bueno;Bueno;Bueno
2026-01-06;08:00;32;22.21;30.12;23.17;Bueno;66.94;Bueno;10;8.92;7.42;14.83;Bueno;49.44;Bueno;Bueno;Bueno
2026-01-06;09:00;43;22.96;30.12;23.17;Bueno;66.94;Bueno;14;8.83;7.42;14.83;Bueno;49.44;Bueno;Bueno;Bueno
2026-01-06;10:00;56;24.00;30.12;23.17;Bueno;66.94;Bueno;16;8.71;7.42;14.83;Bueno;49.44;Bueno;Bueno;Bueno
2026-01-06;11:00;48;24.96;30.12;23.17;Bueno;66.94;Bueno;16;8.92;7.42;14.83;Bueno;49.44;Bueno;Bueno;Bueno
2026-01-06;12:00;43;26.04;30.12;23.17;Bueno;66.94;Bueno;11;9.00;7.42;14.83;Bueno;49.44;Bueno;Bueno;Bueno
2026-01-06;13:00;40;26.96;30.12;23.17;Bueno;66.94;Bueno;10;9.00;7.42;14.83;Bueno;49.44;Bueno;Bueno;Bueno
2026-01-06;14:00;32;27.38;30.12;23.17;Bueno;66.94;Bueno;7;8.83;7.42;14.83;Bueno;49.44;Bueno;Bueno;Bueno
2026-01-06;15:00;34;27.62;30.12;23.17;Bueno;66.94;Bueno;6;8.58;7.42;14.83;Bueno;49.44;Bueno;Bueno;Bueno
2026-01-06;16:00;33;27.92;30.12;23.17;Bueno;66.94;Bueno;7;8.58;7.42;14.83;Bueno;49.44;Bueno;Bueno;Bueno
2026-01-06;17:00;31;28.08;30.12;23.17;Bueno;66.94;Bueno;5;8.50;7.42;14.83;Bueno;49.44;Bueno;Bueno;Bueno
2026-01-06;18:00;33;28.42;30.12;23.17;Bueno;66.94;Bueno;4;8.21;7.42;14.83;Bueno;49.44;Bueno;Bueno;Bueno
2026-01-06;19:00;30;28.71;30.12;23.17;Bueno;66.94;Bueno;4;8.08;7.42;14.83;Bueno;49.44;Bueno;Bueno;Bueno
2026-01-06;20:00;37;29.42;30.12;23.17;Bueno;66.94;Bueno;4;7.83;7.42;14.83;Bueno;49.44;Bueno;Bueno;Bueno
2026-01-06;21:00;28;29.75;30.12;23.17;Bueno;66.94;Bueno;5;7.54;7.42;14.83;Bueno;49.44;Bueno;Bueno;Bueno
2026-01-06;22:00;23;29.92;30.12;23.17;Bueno;66.94;Bueno;4;7.42;7.42;14.83;Bueno;49.44;Bueno;Bueno;Bueno
2026-01-06;23:00;23;30.12;30.12;23.17;Bueno;66.94;Bueno;5;7.42;7.42;14.83;Bueno;49.44;Bueno;Bueno;Bueno
2026-01-07;00:00;19;30.21;47.96;36.89;Bueno;104.84;Regular;5;7.46;9.38;18.75;Bueno;62.50;Bueno;Bueno;Regular
2026-01-07;01:00;34;30.83;47.96;36.89;Bueno;104.84;Regular;4;7.33;9.38;18.75;Bueno;62.50;Bueno;Bueno;Regular
2026-01-07;02:00;29;31.33;47.96;36.89;Bueno;104.84;Regular;6;7.38;9.38;18.75;Bueno;62.50;Bueno;Bueno;Regular
2026-01-07;03:00;26;31.54;47.96;36.89;Bueno;104.84;Regular;10;7.67;9.38;18.75;Bueno;62.50;Bueno;Bueno;Regular
2026-01-07;04:00;25;31.67;47.96;36.89;Bueno;104.84;Regular;7;7.54;9.38;18.75;Bueno;62.50;Bueno;Bueno;Regular
2026-01-07;05:00;58;33.42;47.96;36.89;Bueno;104.84;Regular;13;7.79;9.38;18.75;Bueno;62.50;Bueno;Bueno;Regular
2026-01-07;06:00;58;34.96;47.96;36.89;Bueno;104.84;Regular;15;8.12;9.38;18.75;Bueno;62.50;Bueno;Bueno;Regular
2026-01-07;07:00;95;37.92;47.96;36.89;Bueno;104.84;Regular;31;9.12;9.38;18.75;Bueno;62.50;Bueno;Bueno;Regular
2026-01-07;08:00;66;39.33;47.96;36.89;Bueno;104.84;Regular;17;9.42;9.38;18.75;Bueno;62.50;Bueno;Bueno;Regular
2026-01-07;09:00;58;39.96;47.96;36.89;Bueno;104.84;Regular;16;9.50;9.38;18.75;Bueno;62.50;Bueno;Bueno;Regular
2026-01-07;10:00;62;40.21;47.96;36.89;Bueno;104.84;Regular;10;9.25;9.38;18.75;Bueno;62.50;Bueno;Bueno;Regular
2026-01-07;11:00;49;40.25;47.96;36.89;Bueno;104.84;Regular;7;8.88;9.38;18.75;Bueno;62.50;Bueno;Bueno;Regular
2026-01-07;12:00;43;40.25;47.96;36.89;Bueno;104.84;Regular;6;8.67;9.38;18.75;Bueno;62.50;Bueno;Bueno;Regular
2026-01-07;13:00;40;40.25;47.96;36.89;Bueno;104.84;Regular;5;8.46;9.38;18.75;Bueno;62.50;Bueno;Bueno;Regular
2026-01-07;14:00;89;42.62;47.96;36.89;Bueno;104.84;Regular;11;8.62;9.38;18.75;Bueno;62.50;Bueno;Bueno;Regular
2026-01-07;15:00;87;44.83;47.96;36.89;Bueno;104.84;Regular;14;8.96;9.38;18.75;Bueno;62.50;Bueno;Bueno;Regular
2026-01-07;16:00;63;46.08;47.96;36.89;Bueno;104.84;Regular;8;9.00;9.38;18.75;Bueno;62.50;Bueno;Bueno;Regular
2026-01-07;17:00;51;46.92;47.96;36.89;Bueno;104.84;Regular;7;9.08;9.38;18.75;Bueno;62.50;Bueno;Bueno;Regular
2026-01-07;18:00;50;47.62;47.96;36.89;Bueno;104.84;Regular;5;9.12;9.38;18.75;Bueno;62.50;Bueno;Bueno;Regular
2026-01-07;19:00;34;47.79;47.96;36.89;Bueno;104.84;Regular;4;9.12;9.38;18.75;Bueno;62.50;Bueno;Bueno;Regular
2026-01-07;20:00;35;47.71;47.96;36.89;Bueno;104.84;Regular;4;9.12;9.38;18.75;Bueno;62.50;Bueno;Bueno;Regular
2026-01-07;21:00;33;47.92;47.96;36.89;Bueno;104.84;Regular;5;9.12;9.38;18.75;Bueno;62.50;Bueno;Bueno;Regular
2026-01-07;22:00;25;48.00;47.96;36.89;Bueno;104.84;Regular;8;9.29;9.38;18.75;Bueno;62.50;Bueno;Bueno;Regular
2026-01-07;23:00;22;47.96;47.96;36.89;Bueno;104.84;Regular;7;9.38;9.38;18.75;Bueno;62.50;Bueno;Bueno;Regular
2026-01-08;00:00;19;47.96;44.96;34.58;Bueno;99.91;Bueno;5;9.38;9.00;18.00;Bueno;60.00;Bueno;Bueno;Bueno
2026-01-08;01:00;17;47.25;44.96;34.58;Bueno;99.91;Bueno;3;9.33;9.00;18.00;Bueno;60.00;Bueno;Bueno;Bueno
2026-01-08;02:00;18;46.79;44.96;34.58;Bueno;99.91;Bueno;3;9.21;9.00;18.00;Bueno;60.00;Bueno;Bueno;Bueno
2026-01-08;03:00;20;46.54;44.96;34.58;Bueno;99.91;Bueno;5;9.00;9.00;18.00;Bueno;60.00;Bueno;Bueno;Bueno
2026-01-08;04:00;32;46.83;44.96;34.58;Bueno;99.91;Bueno;7;9.00;9.00;18.00;Bueno;60.00;Bueno;Bueno;Bueno
2026-01-08;05:00;33;45.79;44.96;34.58;Bueno;99.91;Bueno;7;8.75;9.00;18.00;Bueno;60.00;Bueno;Bueno;Bueno
2026-01-08;06:00;42;45.12;44.96;34.58;Bueno;99.91;Bueno;10;8.54;9.00;18.00;Bueno;60.00;Bueno;Bueno;Bueno
2026-01-08;07:00;34;42.58;44.96;34.58;Bueno;99.91;Bueno;9;7.62;9.00;18.00;Bueno;60.00;Bueno;Bueno;Bueno
2026-01-08;08:00;30;41.08;44.96;34.58;Bueno;99.91;Bueno;5;7.12;9.00;18.00;Bueno;60.00;Bueno;Bueno;Bueno
2026-01-08;09:00;33;40.04;44.96;34.58;Bueno;99.91;Bueno;10;6.88;9.00;18.00;Bueno;60.00;Bueno;Bueno;Bueno
2026-01-08;10:00;36;38.96;44.96;34.58;Bueno;99.91;Bueno;9;6.83;9.00;18.00;Bueno;60.00;Bueno;Bueno;Bueno
2026-01-08;11:00;71;39.88;44.96;34.58;Bueno;99.91;Bueno;12;7.04;9.00;18.00;Bueno;60.00;Bueno;Bueno;Bueno
2026-01-08;12:00;64;40.75;44.96;34.58;Bueno;99.91;Bueno;14;7.38;9.00;18.00;Bueno;60.00;Bueno;Bueno;Bueno
2026-01-08;13:00;49;41.12;44.96;34.58;Bueno;99.91;Bueno;7;7.46;9.00;18.00;Bueno;60.00;Bueno;Bueno;Bueno
2026-01-08;14:00;52;39.58;44.96;34.58;Bueno;99.91;Bueno;10;7.42;9.00;18.00;Bueno;60.00;Bueno;Bueno;Bueno
2026-01-08;15:00;61;38.50;44.96;34.58;Bueno;99.91;Bueno;15;7.46;9.00;18.00;Bueno;60.00;Bueno;Bueno;Bueno
2026-01-08;16:00;64;38.54;44.96;34.58;Bueno;99.91;Bueno;13;7.67;9.00;18.00;Bueno;60.00;Bueno;Bueno;Bueno
2026-01-08;17:00;85;39.96;44.96;34.58;Bueno;99.91;Bueno;8;7.71;9.00;18.00;Bueno;60.00;Bueno;Bueno;Bueno
2026-01-08;18:00;47;39.83;44.96;34.58;Bueno;99.91;Bueno;5;7.71;9.00;18.00;Bueno;60.00;Bueno;Bueno;Bueno
2026-01-08;19:00;65;41.12;44.96;34.58;Bueno;99.91;Bueno;12;8.04;9.00;18.00;Bueno;60.00;Bueno;Bueno;Bueno
2026-01-08;20:00;48;41.67;44.96;34.58;Bueno;99.91;Bueno;11;8.33;9.00;18.00;Bueno;60.00;Bueno;Bueno;Bueno
2026-01-08;21:00;51;42.42;44.96;34.58;Bueno;99.91;Bueno;10;8.54;9.00;18.00;Bueno;60.00;Bueno;Bueno;Bueno
2026-01-08;22:00;51;43.50;44.96;34.58;Bueno;99.91;Bueno;13;8.75;9.00;18.00;Bueno;60.00;Bueno;Bueno;Bueno
2026-01-08;23:00;57;44.96;44.96;34.58;Bueno;99.91;Bueno;13;9.00;9.00;18.00;Bueno;60.00;Bueno;Bueno;Bueno
2026-01-09;00:00;48;46.17;52.21;40.16;Bueno;111.81;Regular;12;9.29;13.79;27.58;Bueno;91.94;Bueno;Bueno;Regular
2026-01-09;01:00;40;47.12;52.21;40.16;Bueno;111.81;Regular;10;9.58;13.79;27.58;Bueno;91.94;Bueno;Bueno;Regular
2026-01-09;02:00;38;47.96;52.21;40.16;Bueno;111.81;Regular;14;10.04;13.79;27.58;Bueno;91.94;Bueno;Bueno;Regular
2026-01-09;03:00;29;48.33;52.21;40.16;Bueno;111.81;Regular;18;10.58;13.79;27.58;Bueno;91.94;Bueno;Bueno;Regular
2026-01-09;04:00;43;48.79;52.21;40.16;Bueno;111.81;Regular;12;10.79;13.79;27.58;Bueno;91.94;Bueno;Bueno;Regular
2026-01-09;05:00;49;49.46;52.21;40.16;Bueno;111.81;Regular;16;11.17;13.79;27.58;Bueno;91.94;Bueno;Bueno;Regular
2026-01-09;06:00;67;50.50;52.21;40.16;Bueno;111.81;Regular;23;11.71;13.79;27.58;Bueno;91.94;Bueno;Bueno;Regular
2026-01-09;07:00;98;53.17;52.21;40.16;Bueno;111.81;Regular;29;12.54;13.79;27.58;Bueno;91.94;Bueno;Bueno;Regular
2026-01-09;08:00;87;55.54;52.21;40.16;Bueno;111.81;Regular;23;13.29;13.79;27.58;Bueno;91.94;Bueno;Bueno;Regular
2026-01-09;09:00;79;57.46;52.21;40.16;Bueno;111.81;Regular;20;13.71;13.79;27.58;Bueno;91.94;Bueno;Bueno;Regular
2026-01-09;10:00;64;58.62;52.21;40.16;Bueno;111.81;Regular;14;13.92;13.79;27.58;Bueno;91.94;Bueno;Bueno;Regular
2026-01-09;11:00;48;57.67;52.21;40.16;Bueno;111.81;Regular;10;13.83;13.79;27.58;Bueno;91.94;Bueno;Bueno;Regular
2026-01-09;12:00;35;56.46;52.21;40.16;Bueno;111.81;Regular;6;13.50;13.79;27.58;Bueno;91.94;Bueno;Bueno;Regular
2026-01-09;13:00;37;55.96;52.21;40.16;Bueno;111.81;Regular;22;14.12;13.79;27.58;Bueno;91.94;Bueno;Bueno;Regular
2026-01-09;14:00;49;55.83;52.21;40.16;Bueno;111.81;Regular;24;14.71;13.79;27.58;Bueno;91.94;Bueno;Bueno;Regular
2026-01-09;15:00;48;55.29;52.21;40.16;Bueno;111.81;Regular;6;14.33;13.79;27.58;Bueno;91.94;Bueno;Bueno;Regular
2026-01-09;16:00;58;55.04;52.21;40.16;Bueno;111.81;Regular;7;14.08;13.79;27.58;Bueno;91.94;Bueno;Bueno;Regular
2026-01-09;17:00;63;54.12;52.21;40.16;Bueno;111.81;Regular;7;14.04;13.79;27.58;Bueno;91.94;Bueno;Bueno;Regular
2026-01-09;18:00;63;54.79;52.21;40.16;Bueno;111.81;Regular;7;14.12;13.79;27.58;Bueno;91.94;Bueno;Bueno;Regular
2026-01-09;19:00;56;54.42;52.21;40.16;Bueno;111.81;Regular;11;14.08;13.79;27.58;Bueno;91.94;Bueno;Bueno;Regular
2026-01-09;20:00;36;53.92;52.21;40.16;Bueno;111.81;Regular;8;13.96;13.79;27.58;Bueno;91.94;Bueno;Bueno;Regular
2026-01-09;21:00;38;53.38;52.21;40.16;Bueno;111.81;Regular;10;13.96;13.79;27.58;Bueno;91.94;Bueno;Bueno;Regular
2026-01-09;22:00;43;53.04;52.21;40.16;Bueno;111.81;Regular;10;13.83;13.79;27.58;Bueno;91.94;Bueno;Bueno;Regular
2026-01-09;23:00;37;52.21;52.21;40.16;Bueno;111.81;Regular;12;13.79;13.79;27.58;Bueno;91.94;Bueno;Bueno;Regular
2026-01-10;00:00;30;51.46;54.62;42.02;Bueno;115.78;Regular;10;13.71;16.00;32.00;Bueno;102.16;Regular;Bueno;Regular
2026-01-10;01:00;33;51.17;54.62;42.02;Bueno;115.78;Regular;12;13.79;16.00;32.00;Bueno;102.16;Regular;Bueno;Regular
2026-01-10;02:00;31;50.88;54.62;42.02;Bueno;115.78;Regular;10;13.62;16.00;32.00;Bueno;102.16;Regular;Bueno;Regular
2026-01-10;03:00;35;51.12;54.62;42.02;Bueno;115.78;Regular;12;13.38;16.00;32.00;Bueno;102.16;Regular;Bueno;Regular
2026-01-10;04:00;42;51.08;54.62;42.02;Bueno;115.78;Regular;14;13.46;16.00;32.00;Bueno;102.16;Regular;Bueno;Regular
2026-01-10;05:00;47;51.00;54.62;42.02;Bueno;115.78;Regular;16;13.46;16.00;32.00;Bueno;102.16;Regular;Bueno;Regular
2026-01-10;06:00;71;51.17;54.62;42.02;Bueno;115.78;Regular;24;13.50;16.00;32.00;Bueno;102.16;Regular;Bueno;Regular
2026-01-10;07:00;84;50.58;54.62;42.02;Bueno;115.78;Regular;22;13.21;16.00;32.00;Bueno;102.16;Regular;Bueno;Regular
2026-01-10;08:00;60;49.46;54.62;42.02;Bueno;115.78;Regular;16;12.92;16.00;32.00;Bueno;102.16;Regular;Bueno;Regular
2026-01-10;09:00;52;48.33;54.62;42.02;Bueno;115.78;Regular;13;12.62;16.00;32.00;Bueno;102.16;Regular;Bueno;Regular
2026-01-10;10:00;54;47.92;54.62;42.02;Bueno;115.78;Regular;14;12.62;16.00;32.00;Bueno;102.16;Regular;Bueno;Regular
2026-01-10;11:00;55;48.21;54.62;42.02;Bueno;115.78;Regular;10;12.62;16.00;32.00;Bueno;102.16;Regular;Bueno;Regular
2026-01-10;12:00;48;48.75;54.62;42.02;Bueno;115.78;Regular;15;13.00;16.00;32.00;Bueno;102.16;Regular;Bueno;Regular
2026-01-10;13:00;33;48.58;54.62;42.02;Bueno;115.78;Regular;11;12.54;16.00;32.00;Bueno;102.16;Regular;Bueno;Regular
2026-01-10;14:00;39;48.17;54.62;42.02;Bueno;115.78;Regular;11;12.00;16.00;32.00;Bueno;102.16;Regular;Bueno;Regular
2026-01-10;15:00;68;49.00;54.62;42.02;Bueno;115.78;Regular;9;12.12;16.00;32.00;Bueno;102.16;Regular;Bueno;Regular
2026-01-10;16:00;99;50.71;54.62;42.02;Bueno;115.78;Regular;14;12.42;16.00;32.00;Bueno;102.16;Regular;Bueno;Regular
2026-01-10;17:00;172;55.25;54.62;42.02;Bueno;115.78;Regular;68;14.96;16.00;32.00;Bueno;102.16;Regular;Bueno;Regular
2026-01-10;18:00;73;55.67;54.62;42.02;Bueno;115.78;Regular;34;16.08;16.00;32.00;Bueno;102.16;Regular;Bueno;Regular
2026-01-10;19:00;41;55.04;54.62;42.02;Bueno;115.78;Regular;10;16.04;16.00;32.00;Bueno;102.16;Regular;Bueno;Regular
2026-01-10;20:00;42;55.29;54.62;42.02;Bueno;115.78;Regular;9;16.08;16.00;32.00;Bueno;102.16;Regular;Bueno;Regular
2026-01-10;21:00;36;55.21;54.62;42.02;Bueno;115.78;Regular;14;16.25;16.00;32.00;Bueno;102.16;Regular;Bueno;Regular
2026-01-10;22:00;34;54.83;54.62;42.02;Bueno;115.78;Regular;10;16.25;16.00;32.00;Bueno;102.16;Regular;Bueno;Regular
2026-01-10;23:00;32;54.62;54.62;42.02;Bueno;115.78;Regular;6;16.00;16.00;32.00;Bueno;102.16;Regular;Bueno;Regular
2026-01-11;00:00;23;54.33;40.75;31.35;Bueno;90.56;Bueno;10;16.00;11.21;22.42;Bueno;74.72;Bueno;Bueno;Bueno
2026-01-11;01:00;29;54.17;40.75;31.35;Bueno;90.56;Bueno;10;15.92;11.21;22.42;Bueno;74.72;Bueno;Bueno;Bueno
2026-01-11;02:00;29;54.08;40.75;31.35;Bueno;90.56;Bueno;11;15.96;11.21;22.42;Bueno;74.72;Bueno;Bueno;Bueno
2026-01-11;03:00;27;53.75;40.75;31.35;Bueno;90.56;Bueno;10;15.88;11.21;22.42;Bueno;74.72;Bueno;Bueno;Bueno
2026-01-11;04:00;33;53.38;40.75;31.35;Bueno;90.56;Bueno;12;15.79;11.21;22.42;Bueno;74.72;Bueno;Bueno;Bueno
2026-01-11;05:00;31;52.71;40.75;31.35;Bueno;90.56;Bueno;14;15.71;11.21;22.42;Bueno;74.72;Bueno;Bueno;Bueno
2026-01-11;06:00;45;51.62;40.75;31.35;Bueno;90.56;Bueno;18;15.46;11.21;22.42;Bueno;74.72;Bueno;Bueno;Bueno
2026-01-11;07:00;43;49.92;40.75;31.35;Bueno;90.56;Bueno;24;15.54;11.21;22.42;Bueno;74.72;Bueno;Bueno;Bueno
2026-01-11;08:00;47;49.38;40.75;31.35;Bueno;90.56;Bueno;16;15.54;11.21;22.42;Bueno;74.72;Bueno;Bueno;Bueno
2026-01-11;09:00;41;48.92;40.75;31.35;Bueno;90.56;Bueno;16;15.67;11.21;22.42;Bueno;74.72;Bueno;Bueno;Bueno
2026-01-11;10:00;53;48.88;40.75;31.35;Bueno;90.56;Bueno;10;15.50;11.21;22.42;Bueno;74.72;Bueno;Bueno;Bueno
2026-01-11;11:00;55;48.88;40.75;31.35;Bueno;90.56;Bueno;13;15.62;11.21;22.42;Bueno;74.72;Bueno;Bueno;Bueno
2026-01-11;12:00;32;48.21;40.75;31.35;Bueno;90.56;Bueno;7;15.29;11.21;22.42;Bueno;74.72;Bueno;Bueno;Bueno
2026-01-11;13:00;24;47.83;40.75;31.35;Bueno;90.56;Bueno;6;15.08;11.21;22.42;Bueno;74.72;Bueno;Bueno;Bueno
2026-01-11;14:00;32;47.54;40.75;31.35;Bueno;90.56;Bueno;16;15.29;11.21;22.42;Bueno;74.72;Bueno;Bueno;Bueno
2026-01-11;15:00;57;47.08;40.75;31.35;Bueno;90.56;Bueno;6;15.17;11.21;22.42;Bueno;74.72;Bueno;Bueno;Bueno
2026-01-11;16:00;64;45.62;40.75;31.35;Bueno;90.56;Bueno;9;14.96;11.21;22.42;Bueno;74.72;Bueno;Bueno;Bueno
2026-01-11;17:00;91;42.25;40.75;31.35;Bueno;90.56;Bueno;10;12.54;11.21;22.42;Bueno;74.72;Bueno;Bueno;Bueno
2026-01-11;18:00;50;41.29;40.75;31.35;Bueno;90.56;Bueno;5;11.33;11.21;22.42;Bueno;74.72;Bueno;Bueno;Bueno
2026-01-11;19:00;32;40.92;40.75;31.35;Bueno;90.56;Bueno;7;11.21;11.21;22.42;Bueno;74.72;Bueno;Bueno;Bueno
2026-01-11;20:00;41;40.88;40.75;31.35;Bueno;90.56;Bueno;8;11.17;11.21;22.42;Bueno;74.72;Bueno;Bueno;Bueno
2026-01-11;21:00;44;41.21;40.75;31.35;Bueno;90.56;Bueno;13;11.12;11.21;22.42;Bueno;74.72;Bueno;Bueno;Bueno
2026-01-11;22:00;29;41.00;40.75;31.35;Bueno;90.56;Bueno;10;11.12;11.21;22.42;Bueno;74.72;Bueno;Bueno;Bueno
2026-01-11;23:00;26;40.75;40.75;31.35;Bueno;90.56;Bueno;8;11.21;11.21;22.42;Bueno;74.72;Bueno;Bueno;Bueno
2026-01-12;00:00;17;40.50;46.00;35.38;Bueno;101.64;Regular;7;11.08;11.04;22.08;Bueno;73.61;Bueno;Bueno;Regular
2026-01-12;01:00;24;40.29;46.00;35.38;Bueno;101.64;Regular;10;11.08;11.04;22.08;Bueno;73.61;Bueno;Bueno;Regular
2026-01-12;02:00;29;40.29;46.00;35.38;Bueno;101.64;Regular;10;11.04;11.04;22.08;Bueno;73.61;Bueno;Bueno;Regular
2026-01-12;03:00;29;40.38;46.00;35.38;Bueno;101.64;Regular;18;11.38;11.04;22.08;Bueno;73.61;Bueno;Bueno;Regular
2026-01-12;04:00;35;40.46;46.00;35.38;Bueno;101.64;Regular;14;11.46;11.04;22.08;Bueno;73.61;Bueno;Bueno;Regular
2026-01-12;05:00;44;41.00;46.00;35.38;Bueno;101.64;Regular;16;11.54;11.04;22.08;Bueno;73.61;Bueno;Bueno;Regular
2026-01-12;06:00;92;42.96;46.00;35.38;Bueno;101.64;Regular;19;11.58;11.04;22.08;Bueno;73.61;Bueno;Bueno;Regular
2026-01-12;07:00;80;44.50;46.00;35.38;Bueno;101.64;Regular;23;11.54;11.04;22.08;Bueno;73.61;Bueno;Bueno;Regular
2026-01-12;08:00;115;47.33;46.00;35.38;Bueno;101.64;Regular;33;12.25;11.04;22.08;Bueno;73.61;Bueno;Bueno;Regular
2026-01-12;09:00;75;48.75;46.00;35.38;Bueno;101.64;Regular;21;12.46;11.04;22.08;Bueno;73.61;Bueno;Bueno;Regular
2026-01-12;10:00;59;49.00;46.00;35.38;Bueno;101.64;Regular;8;12.38;11.04;22.08;Bueno;73.61;Bueno;Bueno;Regular
2026-01-12;11:00;58;49.12;46.00;35.38;Bueno;101.64;Regular;10;12.25;11.04;22.08;Bueno;73.61;Bueno;Bueno;Regular
2026-01-12;12:00;46;49.71;46.00;35.38;Bueno;101.64;Regular;7;12.25;11.04;22.08;Bueno;73.61;Bueno;Bueno;Regular
2026-01-12;13:00;47;50.67;46.00;35.38;Bueno;101.64;Regular;6;12.25;11.04;22.08;Bueno;73.61;Bueno;Bueno;Regular
2026-01-12;14:00;40;51.00;46.00;35.38;Bueno;101.64;Regular;6;11.83;11.04;22.08;Bueno;73.61;Bueno;Bueno;Regular
2026-01-12;15:00;41;50.33;46.00;35.38;Bueno;101.64;Regular;5;11.79;11.04;22.08;Bueno;73.61;Bueno;Bueno;Regular
2026-01-12;16:00;56;50.00;46.00;35.38;Bueno;101.64;Regular;7;11.71;11.04;22.08;Bueno;73.61;Bueno;Bueno;Regular
2026-01-12;17:00;39;47.83;46.00;35.38;Bueno;101.64;Regular;5;11.50;11.04;22.08;Bueno;73.61;Bueno;Bueno;Regular
2026-01-12;18:00;27;46.88;46.00;35.38;Bueno;101.64;Regular;4;11.46;11.04;22.08;Bueno;73.61;Bueno;Bueno;Regular
2026-01-12;19:00;24;46.54;46.00;35.38;Bueno;101.64;Regular;6;11.42;11.04;22.08;Bueno;73.61;Bueno;Bueno;Regular
2026-01-12;20:00;30;46.08;46.00;35.38;Bueno;101.64;Regular;7;11.38;11.04;22.08;Bueno;73.61;Bueno;Bueno;Regular
2026-01-12;21:00;41;45.96;46.00;35.38;Bueno;101.64;Regular;6;11.08;11.04;22.08;Bueno;73.61;Bueno;Bueno;Regular
2026-01-12;22:00;26;45.83;46.00;35.38;Bueno;101.64;Regular;7;10.96;11.04;22.08;Bueno;73.61;Bueno;Bueno;Regular
2026-01-12;23:00;30;46.00;46.00;35.38;Bueno;101.64;Regular;10;11.04;11.04;22.08;Bueno;73.61;Bueno;Bueno;Regular
2026-01-13;00:00;18;46.04;50.04;38.49;Bueno;108.26;Regular;8;11.08;15.71;31.42;Bueno;101.53;Regular;Bueno;Regular
2026-01-13;01:00;16;45.71;50.04;38.49;Bueno;108.26;Regular;7;10.96;15.71;31.42;Bueno;101.53;Regular;Bueno;Regular
2026-01-13;02:00;19;45.29;50.04;38.49;Bueno;108.26;Regular;12;11.04;15.71;31.42;Bueno;101.53;Regular;Bueno;Regular
2026-01-13;03:00;30;45.33;50.04;38.49;Bueno;108.26;Regular;12;10.79;15.71;31.42;Bueno;101.53;Regular;Bueno;Regular
2026-01-13;04:00;39;45.50;50.04;38.49;Bueno;108.26;Regular;14;10.79;15.71;31.42;Bueno;101.53;Regular;Bueno;Regular
2026-01-13;05:00;44;45.50;50.04;38.49;Bueno;108.26;Regular;13;10.67;15.71;31.42;Bueno;101.53;Regular;Bueno;Regular
2026-01-13;06:00;56;44.00;50.04;38.49;Bueno;108.26;Regular;12;10.38;15.71;31.42;Bueno;101.53;Regular;Bueno;Regular
2026-01-13;07:00;71;43.62;50.04;38.49;Bueno;108.26;Regular;17;10.12;15.71;31.42;Bueno;101.53;Regular;Bueno;Regular
2026-01-13;08:00;93;42.71;50.04;38.49;Bueno;108.26;Regular;18;9.50;15.71;31.42;Bueno;101.53;Regular;Bueno;Regular
2026-01-13;09:00;65;42.29;50.04;38.49;Bueno;108.26;Regular;8;8.96;15.71;31.42;Bueno;101.53;Regular;Bueno;Regular
2026-01-13;10:00;59;42.29;50.04;38.49;Bueno;108.26;Regular;5;8.83;15.71;31.42;Bueno;101.53;Regular;Bueno;Regular
2026-01-13;11:00;46;41.79;50.04;38.49;Bueno;108.26;Regular;7;8.71;15.71;31.42;Bueno;101.53;Regular;Bueno;Regular
2026-01-13;12:00;52;42.04;50.04;38.49;Bueno;108.26;Regular;10;8.83;15.71;31.42;Bueno;101.53;Regular;Bueno;Regular
2026-01-13;13:00;37;41.62;50.04;38.49;Bueno;108.26;Regular;6;8.83;15.71;31.42;Bueno;101.53;Regular;Bueno;Regular
2026-01-13;14:00;41;41.67;50.04;38.49;Bueno;108.26;Regular;4;8.75;15.71;31.42;Bueno;101.53;Regular;Bueno;Regular
2026-01-13;15:00;43;41.75;50.04;38.49;Bueno;108.26;Regular;5;8.75;15.71;31.42;Bueno;101.53;Regular;Bueno;Regular
2026-01-13;16:00;91;43.21;50.04;38.49;Bueno;108.26;Regular;41;10.17;15.71;31.42;Bueno;101.53;Regular;Bueno;Regular
2026-01-13;17:00;154;48.00;50.04;38.49;Bueno;108.26;Regular;92;13.79;15.71;31.42;Bueno;101.53;Regular;Bueno;Regular
2026-01-13;18:00;69;49.75;50.04;38.49;Bueno;108.26;Regular;39;15.25;15.71;31.42;Bueno;101.53;Regular;Bueno;Regular
2026-01-13;19:00;41;50.46;50.04;38.49;Bueno;108.26;Regular;19;15.79;15.71;31.42;Bueno;101.53;Regular;Bueno;Regular
2026-01-13;20:00;43;51.00;50.04;38.49;Bueno;108.26;Regular;12;16.00;15.71;31.42;Bueno;101.53;Regular;Bueno;Regular
2026-01-13;21:00;25;50.33;50.04;38.49;Bueno;108.26;Regular;7;16.04;15.71;31.42;Bueno;101.53;Regular;Bueno;Regular
2026-01-13;22:00;34;50.67;50.04;38.49;Bueno;108.26;Regular;5;15.96;15.71;31.42;Bueno;101.53;Regular;Bueno;Regular
2026-01-13;23:00;15;50.04;50.04;38.49;Bueno;108.26;Regular;4;15.71;15.71;31.42;Bueno;101.53;Regular;Bueno;Regular
2026-01-14;00:00;11;49.75;44.96;34.58;Bueno;99.91;Bueno;4;15.54;9.21;18.42;Bueno;61.39;Bueno;Bueno;Bueno
2026-01-14;01:00;18;49.83;44.96;34.58;Bueno;99.91;Bueno;4;15.42;9.21;18.42;Bueno;61.39;Bueno;Bueno;Bueno
2026-01-14;02:00;32;50.38;44.96;34.58;Bueno;99.91;Bueno;6;15.17;9.21;18.42;Bueno;61.39;Bueno;Bueno;Bueno
2026-01-14;03:00;23;50.08;44.96;34.58;Bueno;99.91;Bueno;11;15.12;9.21;18.42;Bueno;61.39;Bueno;Bueno;Bueno
2026-01-14;04:00;31;49.75;44.96;34.58;Bueno;99.91;Bueno;11;15.00;9.21;18.42;Bueno;61.39;Bueno;Bueno;Bueno
2026-01-14;05:00;58;50.33;44.96;34.58;Bueno;99.91;Bueno;19;15.25;9.21;18.42;Bueno;61.39;Bueno;Bueno;Bueno
2026-01-14;06:00;81;51.38;44.96;34.58;Bueno;99.91;Bueno;21;15.62;9.21;18.42;Bueno;61.39;Bueno;Bueno;Bueno
2026-01-14;07:00;114;53.17;44.96;34.58;Bueno;99.91;Bueno;27;16.04;9.21;18.42;Bueno;61.39;Bueno;Bueno;Bueno
2026-01-14;08:00;73;52.33;44.96;34.58;Bueno;99.91;Bueno;12;15.79;9.21;18.42;Bueno;61.39;Bueno;Bueno;Bueno
2026-01-14;09:00;52;51.79;44.96;34.58;Bueno;99.91;Bueno;7;15.75;9.21;18.42;Bueno;61.39;Bueno;Bueno;Bueno
2026-01-14;10:00;50;51.42;44.96;34.58;Bueno;99.91;Bueno;7;15.83;9.21;18.42;Bueno;61.39;Bueno;Bueno;Bueno
2026-01-14;11:00;56;51.83;44.96;34.58;Bueno;99.91;Bueno;10;15.96;9.21;18.42;Bueno;61.39;Bueno;Bueno;Bueno
2026-01-14;12:00;71;52.62;44.96;34.58;Bueno;99.91;Bueno;13;16.08;9.21;18.42;Bueno;61.39;Bueno;Bueno;Bueno
2026-01-14;13:00;66;53.83;44.96;34.58;Bueno;99.91;Bueno;10;16.25;9.21;18.42;Bueno;61.39;Bueno;Bueno;Bueno
2026-01-14;14:00;58;54.54;44.96;34.58;Bueno;99.91;Bueno;12;16.58;9.21;18.42;Bueno;61.39;Bueno;Bueno;Bueno
2026-01-14;15:00;60;55.25;44.96;34.58;Bueno;99.91;Bueno;7;16.67;9.21;18.42;Bueno;61.39;Bueno;Bueno;Bueno
2026-01-14;16:00;47;53.42;44.96;34.58;Bueno;99.91;Bueno;10;15.38;9.21;18.42;Bueno;61.39;Bueno;Bueno;Bueno
2026-01-14;17:00;39;48.62;44.96;34.58;Bueno;99.91;Bueno;5;11.75;9.21;18.42;Bueno;61.39;Bueno;Bueno;Bueno
2026-01-14;18:00;34;47.17;44.96;34.58;Bueno;99.91;Bueno;3;10.25;9.21;18.42;Bueno;61.39;Bueno;Bueno;Bueno
2026-01-14;19:00;32;46.79;44.96;34.58;Bueno;99.91;Bueno;4;9.62;9.21;18.42;Bueno;61.39;Bueno;Bueno;Bueno
2026-01-14;20:00;26;46.08;44.96;34.58;Bueno;99.91;Bueno;7;9.42;9.21;18.42;Bueno;61.39;Bueno;Bueno;Bueno
2026-01-14;21:00;23;46.00;44.96;34.58;Bueno;99.91;Bueno;4;9.29;9.21;18.42;Bueno;61.39;Bueno;Bueno;Bueno
2026-01-14;22:00;11;45.04;44.96;34.58;Bueno;99.91;Bueno;4;9.25;9.21;18.42;Bueno;61.39;Bueno;Bueno;Bueno
2026-01-14;23:00;13;44.96;44.96;34.58;Bueno;99.91;Bueno;3;9.21;9.21;18.42;Bueno;61.39;Bueno;Bueno;Bueno
2026-01-15;00:00;19;45.29;40.96;31.51;Bueno;91.02;Bueno;1;9.08;9.25;18.50;Bueno;61.67;Bueno;Bueno;Bueno
2026-01-15;01:00;16;45.21;40.96;31.51;Bueno;91.02;Bueno;3;9.04;9.25;18.50;Bueno;61.67;Bueno;Bueno;Bueno
2026-01-15;02:00;21;44.75;40.96;31.51;Bueno;91.02;Bueno;14;9.38;9.25;18.50;Bueno;61.67;Bueno;Bueno;Bueno
2026-01-15;03:00;12;44.29;40.96;31.51;Bueno;91.02;Bueno;2;9.00;9.25;18.50;Bueno;61.67;Bueno;Bueno;Bueno
2026-01-15;04:00;8;43.33;40.96;31.51;Bueno;91.02;Bueno;1;8.58;9.25;18.50;Bueno;61.67;Bueno;Bueno;Bueno
2026-01-15;05:00;17;41.62;40.96;31.51;Bueno;91.02;Bueno;4;7.96;9.25;18.50;Bueno;61.67;Bueno;Bueno;Bueno
2026-01-15;06:00;47;40.21;40.96;31.51;Bueno;91.02;Bueno;9;7.46;9.25;18.50;Bueno;61.67;Bueno;Bueno;Bueno
2026-01-15;07:00;73;38.50;40.96;31.51;Bueno;91.02;Bueno;14;6.92;9.25;18.50;Bueno;61.67;Bueno;Bueno;Bueno
2026-01-15;08:00;77;38.67;40.96;31.51;Bueno;91.02;Bueno;16;7.08;9.25;18.50;Bueno;61.67;Bueno;Bueno;Bueno
2026-01-15;09:00;72;39.50;40.96;31.51;Bueno;91.02;Bueno;6;7.04;9.25;18.50;Bueno;61.67;Bueno;Bueno;Bueno
2026-01-15;10:00;45;39.29;40.96;31.51;Bueno;91.02;Bueno;6;7.00;9.25;18.50;Bueno;61.67;Bueno;Bueno;Bueno
2026-01-15;11:00;57;39.33;40.96;31.51;Bueno;91.02;Bueno;6;6.83;9.25;18.50;Bueno;61.67;Bueno;Bueno;Bueno
2026-01-15;12:00;50;38.46;40.96;31.51;Bueno;91.02;Bueno;7;6.58;9.25;18.50;Bueno;61.67;Bueno;Bueno;Bueno
2026-01-15;13:00;46;37.62;40.96;31.51;Bueno;91.02;Bueno;9;6.54;9.25;18.50;Bueno;61.67;Bueno;Bueno;Bueno
2026-01-15;14:00;32;36.54;40.96;31.51;Bueno;91.02;Bueno;9;6.42;9.25;18.50;Bueno;61.67;Bueno;Bueno;Bueno
2026-01-15;15:00;35;35.50;40.96;31.51;Bueno;91.02;Bueno;6;6.38;9.25;18.50;Bueno;61.67;Bueno;Bueno;Bueno
2026-01-15;16:00;39;35.17;40.96;31.51;Bueno;91.02;Bueno;9;6.33;9.25;18.50;Bueno;61.67;Bueno;Bueno;Bueno
2026-01-15;17:00;44;35.38;40.96;31.51;Bueno;91.02;Bueno;10;6.54;9.25;18.50;Bueno;61.67;Bueno;Bueno;Bueno
2026-01-15;18:00;59;36.42;40.96;31.51;Bueno;91.02;Bueno;15;7.04;9.25;18.50;Bueno;61.67;Bueno;Bueno;Bueno
2026-01-15;19:00;42;36.83;40.96;31.51;Bueno;91.02;Bueno;10;7.29;9.25;18.50;Bueno;61.67;Bueno;Bueno;Bueno
2026-01-15;20:00;46;37.67;40.96;31.51;Bueno;91.02;Bueno;18;7.75;9.25;18.50;Bueno;61.67;Bueno;Bueno;Bueno
2026-01-15;21:00;48;38.71;40.96;31.51;Bueno;91.02;Bueno;16;8.25;9.25;18.50;Bueno;61.67;Bueno;Bueno;Bueno
2026-01-15;22:00;42;40.00;40.96;31.51;Bueno;91.02;Bueno;18;8.83;9.25;18.50;Bueno;61.67;Bueno;Bueno;Bueno
2026-01-15;23:00;36;40.96;40.96;31.51;Bueno;91.02;Bueno;13;9.25;9.25;18.50;Bueno;61.67;Bueno;Bueno;Bueno
2026-01-16;00:00;37;41.71;54.38;41.83;Bueno;115.37;Regular;16;9.88;14.92;29.83;Bueno;99.44;Bueno;Bueno;Regular
2026-01-16;01:00;39;42.67;54.38;41.83;Bueno;115.37;Regular;14;10.33;14.92;29.83;Bueno;99.44;Bueno;Bueno;Regular
2026-01-16;02:00;50;43.88;54.38;41.83;Bueno;115.37;Regular;16;10.42;14.92;29.83;Bueno;99.44;Bueno;Bueno;Regular
2026-01-16;03:00;48;45.38;54.38;41.83;Bueno;115.37;Regular;18;11.08;14.92;29.83;Bueno;99.44;Bueno;Bueno;Regular
2026-01-16;04:00;38;46.62;54.38;41.83;Bueno;115.37;Regular;19;11.83;14.92;29.83;Bueno;99.44;Bueno;Bueno;Regular
2026-01-16;05:00;60;48.42;54.38;41.83;Bueno;115.37;Regular;22;12.58;14.92;29.83;Bueno;99.44;Bueno;Bueno;Regular
2026-01-16;06:00;94;50.38;54.38;41.83;Bueno;115.37;Regular;27;13.33;14.92;29.83;Bueno;99.44;Bueno;Bueno;Regular
2026-01-16;07:00;110;51.92;54.38;41.83;Bueno;115.37;Regular;27;13.88;14.92;29.83;Bueno;99.44;Bueno;Bueno;Regular
2026-01-16;08:00;73;51.75;54.38;41.83;Bueno;115.37;Regular;22;14.12;14.92;29.83;Bueno;99.44;Bueno;Bueno;Regular
2026-01-16;09:00;66;51.50;54.38;41.83;Bueno;115.37;Regular;17;14.58;14.92;29.83;Bueno;99.44;Bueno;Bueno;Regular
2026-01-16;10:00;70;52.54;54.38;41.83;Bueno;115.37;Regular;18;15.08;14.92;29.83;Bueno;99.44;Bueno;Bueno;Regular
2026-01-16;11:00;58;52.58;54.38;41.83;Bueno;115.37;Regular;15;15.46;14.92;29.83;Bueno;99.44;Bueno;Bueno;Regular
2026-01-16;12:00;48;52.50;54.38;41.83;Bueno;115.37;Regular;16;15.83;14.92;29.83;Bueno;99.44;Bueno;Bueno;Regular
2026-01-16;13:00;59;53.04;54.38;41.83;Bueno;115.37;Regular;10;15.88;14.92;29.83;Bueno;99.44;Bueno;Bueno;Regular
2026-01-16;14:00;47;53.67;54.38;41.83;Bueno;115.37;Regular;10;15.92;14.92;29.83;Bueno;99.44;Bueno;Bueno;Regular
2026-01-16;15:00;39;53.83;54.38;41.83;Bueno;115.37;Regular;8;16.00;14.92;29.83;Bueno;99.44;Bueno;Bueno;Regular
2026-01-16;16:00;51;54.33;54.38;41.83;Bueno;115.37;Regular;12;16.12;14.92;29.83;Bueno;99.44;Bueno;Bueno;Regular
2026-01-16;17:00;54;54.75;54.38;41.83;Bueno;115.37;Regular;10;16.12;14.92;29.83;Bueno;99.44;Bueno;Bueno;Regular
2026-01-16;18:00;42;54.04;54.38;41.83;Bueno;115.37;Regular;7;15.79;14.92;29.83;Bueno;99.44;Bueno;Bueno;Regular
2026-01-16;19:00;38;53.88;54.38;41.83;Bueno;115.37;Regular;8;15.71;14.92;29.83;Bueno;99.44;Bueno;Bueno;Regular
2026-01-16;20:00;53;54.17;54.38;41.83;Bueno;115.37;Regular;17;15.67;14.92;29.83;Bueno;99.44;Bueno;Bueno;Regular
2026-01-16;21:00;43;53.96;54.38;41.83;Bueno;115.37;Regular;11;15.46;14.92;29.83;Bueno;99.44;Bueno;Bueno;Regular
2026-01-16;22:00;46;54.12;54.38;41.83;Bueno;115.37;Regular;10;15.12;14.92;29.83;Bueno;99.44;Bueno;Bueno;Regular
2026-01-16;23:00;42;54.38;54.38;41.83;Bueno;115.37;Regular;8;14.92;14.92;29.83;Bueno;99.44;Bueno;Bueno;Regular
2026-01-17;00:00;31;54.12;45.42;34.94;Bueno;100.68;Regular;10;14.67;10.00;20.00;Bueno;66.67;Bueno;Bueno;Regular
2026-01-17;01:00;30;53.75;45.42;34.94;Bueno;100.68;Regular;9;14.46;10.00;20.00;Bueno;66.67;Bueno;Bueno;Regular
2026-01-17;02:00;42;53.42;45.42;34.94;Bueno;100.68;Regular;14;14.38;10.00;20.00;Bueno;66.67;Bueno;Bueno;Regular
2026-01-17;03:00;41;53.12;45.42;34.94;Bueno;100.68;Regular;11;14.08;10.00;20.00;Bueno;66.67;Bueno;Bueno;Regular
2026-01-17;04:00;48;53.54;45.42;34.94;Bueno;100.68;Regular;11;13.75;10.00;20.00;Bueno;66.67;Bueno;Bueno;Regular
2026-01-17;05:00;43;52.83;45.42;34.94;Bueno;100.68;Regular;10;13.25;10.00;20.00;Bueno;66.67;Bueno;Bueno;Regular
2026-01-17;06:00;75;52.04;45.42;34.94;Bueno;100.68;Regular;17;12.83;10.00;20.00;Bueno;66.67;Bueno;Bueno;Regular
2026-01-17;07:00;74;50.54;45.42;34.94;Bueno;100.68;Regular;16;12.38;10.00;20.00;Bueno;66.67;Bueno;Bueno;Regular
2026-01-17;08:00;54;49.75;45.42;34.94;Bueno;100.68;Regular;12;11.96;10.00;20.00;Bueno;66.67;Bueno;Bueno;Regular
2026-01-17;09:00;43;48.79;45.42;34.94;Bueno;100.68;Regular;8;11.58;10.00;20.00;Bueno;66.67;Bueno;Bueno;Regular
2026-01-17;10:00;44;47.71;45.42;34.94;Bueno;100.68;Regular;9;11.21;10.00;20.00;Bueno;66.67;Bueno;Bueno;Regular
2026-01-17;11:00;62;47.88;45.42;34.94;Bueno;100.68;Regular;10;11.00;10.00;20.00;Bueno;66.67;Bueno;Bueno;Regular
2026-01-17;12:00;52;48.04;45.42;34.94;Bueno;100.68;Regular;10;10.75;10.00;20.00;Bueno;66.67;Bueno;Bueno;Regular
2026-01-17;13:00;51;47.71;45.42;34.94;Bueno;100.68;Regular;8;10.67;10.00;20.00;Bueno;66.67;Bueno;Bueno;Regular
2026-01-17;14:00;35;47.21;45.42;34.94;Bueno;100.68;Regular;8;10.58;10.00;20.00;Bueno;66.67;Bueno;Bueno;Regular
2026-01-17;15:00;40;47.25;45.42;34.94;Bueno;100.68;Regular;14;10.83;10.00;20.00;Bueno;66.67;Bueno;Bueno;Regular
2026-01-17;16:00;39;46.75;45.42;34.94;Bueno;100.68;Regular;7;10.62;10.00;20.00;Bueno;66.67;Bueno;Bueno;Regular
2026-01-17;17:00;38;46.08;45.42;34.94;Bueno;100.68;Regular;6;10.46;10.00;20.00;Bueno;66.67;Bueno;Bueno;Regular
2026-01-17;18:00;35;45.79;45.42;34.94;Bueno;100.68;Regular;7;10.46;10.00;20.00;Bueno;66.67;Bueno;Bueno;Regular
2026-01-17;19:00;34;45.62;45.42;34.94;Bueno;100.68;Regular;6;10.38;10.00;20.00;Bueno;66.67;Bueno;Bueno;Regular
2026-01-17;20:00;32;44.75;45.42;34.94;Bueno;100.68;Regular;8;10.00;10.00;20.00;Bueno;66.67;Bueno;Bueno;Regular
2026-01-17;21:00;55;45.25;45.42;34.94;Bueno;100.68;Regular;10;9.96;10.00;20.00;Bueno;66.67;Bueno;Bueno;Regular
2026-01-17;22:00;51;45.46;45.42;34.94;Bueno;100.68;Regular;10;9.96;10.00;20.00;Bueno;66.67;Bueno;Bueno;Regular
2026-01-17;23:00;41;45.42;45.42;34.94;Bueno;100.68;Regular;9;10.00;10.00;20.00;Bueno;66.67;Bueno;Bueno;Regular
2026-01-18;00:00;42;45.88;52.04;40.03;Bueno;111.54;Regular;9;9.96;16.83;33.67;Bueno;103.96;Regular;Bueno;Regular
2026-01-18;01:00;42;46.38;52.04;40.03;Bueno;111.54;Regular;11;10.04;16.83;33.67;Bueno;103.96;Regular;Bueno;Regular
2026-01-18;02:00;42;46.38;52.04;40.03;Bueno;111.54;Regular;12;9.96;16.83;33.67;Bueno;103.96;Regular;Bueno;Regular
2026-01-18;03:00;51;46.79;52.04;40.03;Bueno;111.54;Regular;16;10.17;16.83;33.67;Bueno;103.96;Regular;Bueno;Regular
2026-01-18;04:00;42;46.54;52.04;40.03;Bueno;111.54;Regular;9;10.08;16.83;33.67;Bueno;103.96;Regular;Bueno;Regular
2026-01-18;05:00;49;46.79;52.04;40.03;Bueno;111.54;Regular;13;10.21;16.83;33.67;Bueno;103.96;Regular;Bueno;Regular
2026-01-18;06:00;58;46.08;52.04;40.03;Bueno;111.54;Regular;13;10.04;16.83;33.67;Bueno;103.96;Regular;Bueno;Regular
2026-01-18;07:00;61;45.54;52.04;40.03;Bueno;111.54;Regular;16;10.04;16.83;33.67;Bueno;103.96;Regular;Bueno;Regular
2026-01-18;08:00;63;45.92;52.04;40.03;Bueno;111.54;Regular;14;10.12;16.83;33.67;Bueno;103.96;Regular;Bueno;Regular
2026-01-18;09:00;62;46.71;52.04;40.03;Bueno;111.54;Regular;12;10.29;16.83;33.67;Bueno;103.96;Regular;Bueno;Regular
2026-01-18;10:00;52;47.04;52.04;40.03;Bueno;111.54;Regular;14;10.50;16.83;33.67;Bueno;103.96;Regular;Bueno;Regular
2026-01-18;11:00;56;46.79;52.04;40.03;Bueno;111.54;Regular;14;10.67;16.83;33.67;Bueno;103.96;Regular;Bueno;Regular
2026-01-18;12:00;42;46.38;52.04;40.03;Bueno;111.54;Regular;11;10.71;16.83;33.67;Bueno;103.96;Regular;Bueno;Regular
2026-01-18;13:00;39;45.88;52.04;40.03;Bueno;111.54;Regular;8;10.71;16.83;33.67;Bueno;103.96;Regular;Bueno;Regular
2026-01-18;14:00;41;46.12;52.04;40.03;Bueno;111.54;Regular;10;10.79;16.83;33.67;Bueno;103.96;Regular;Bueno;Regular
2026-01-18;15:00;46;46.38;52.04;40.03;Bueno;111.54;Regular;12;10.71;16.83;33.67;Bueno;103.96;Regular;Bueno;Regular
2026-01-18;16:00;50;46.83;52.04;40.03;Bueno;111.54;Regular;13;10.96;16.83;33.67;Bueno;103.96;Regular;Bueno;Regular
2026-01-18;17:00;51;47.38;52.04;40.03;Bueno;111.54;Regular;13;11.25;16.83;33.67;Bueno;103.96;Regular;Bueno;Regular
2026-01-18;18:00;65;48.62;52.04;40.03;Bueno;111.54;Regular;18;11.71;16.83;33.67;Bueno;103.96;Regular;Bueno;Regular
2026-01-18;19:00;60;49.71;52.04;40.03;Bueno;111.54;Regular;20;12.29;16.83;33.67;Bueno;103.96;Regular;Bueno;Regular
2026-01-18;20:00;58;50.79;52.04;40.03;Bueno;111.54;Regular;44;13.79;16.83;33.67;Bueno;103.96;Regular;Bueno;Regular
2026-01-18;21:00;58;50.92;52.04;40.03;Bueno;111.54;Regular;35;14.83;16.83;33.67;Bueno;103.96;Regular;Bueno;Regular
2026-01-18;22:00;60;51.29;52.04;40.03;Bueno;111.54;Regular;35;15.88;16.83;33.67;Bueno;103.96;Regular;Bueno;Regular
2026-01-18;23:00;59;52.04;52.04;40.03;Bueno;111.54;Regular;32;16.83;16.83;33.67;Bueno;103.96;Regular;Bueno;Regular
2026-01-19;00:00;51;52.42;72.83;56.03;Bueno;145.81;Regular;32;17.79;41.04;82.08;Bueno;156.72;Regular;Bueno;Regular
2026-01-19;01:00;49;52.71;72.83;56.03;Bueno;145.81;Regular;33;18.71;41.04;82.08;Bueno;156.72;Regular;Bueno;Regular
2026-01-19;02:00;60;53.46;72.83;56.03;Bueno;145.81;Regular;37;19.75;41.04;82.08;Bueno;156.72;Regular;Bueno;Regular
2026-01-19;03:00;65;54.04;72.83;56.03;Bueno;145.81;Regular;37;20.62;41.04;82.08;Bueno;156.72;Regular;Bueno;Regular
2026-01-19;04:00;55;54.58;72.83;56.03;Bueno;145.81;Regular;35;21.71;41.04;82.08;Bueno;156.72;Regular;Bueno;Regular
2026-01-19;05:00;60;55.04;72.83;56.03;Bueno;145.81;Regular;38;22.75;41.04;82.08;Bueno;156.72;Regular;Bueno;Regular
2026-01-19;06:00;87;56.25;72.83;56.03;Bueno;145.81;Regular;49;24.25;41.04;82.08;Bueno;156.72;Regular;Bueno;Regular
2026-01-19;07:00;96;57.71;72.83;56.03;Bueno;145.81;Regular;56;25.92;41.04;82.08;Bueno;156.72;Regular;Bueno;Regular
2026-01-19;08:00;102;59.33;72.83;56.03;Bueno;145.81;Regular;57;27.71;41.04;82.08;Bueno;156.72;Regular;Bueno;Regular
2026-01-19;09:00;95;60.71;72.83;56.03;Bueno;145.81;Regular;54;29.46;41.04;82.08;Bueno;156.72;Regular;Bueno;Regular
2026-01-19;10:00;82;61.96;72.83;56.03;Bueno;145.81;Regular;47;30.83;41.04;82.08;Bueno;156.72;Regular;Bueno;Regular
2026-01-19;11:00;80;62.96;72.83;56.03;Bueno;145.81;Regular;44;32.08;41.04;82.08;Bueno;156.72;Regular;Bueno;Regular
2026-01-19;12:00;75;64.33;72.83;56.03;Bueno;145.81;Regular;37;33.17;41.04;82.08;Bueno;156.72;Regular;Bueno;Regular
2026-01-19;13:00;71;65.67;72.83;56.03;Bueno;145.81;Regular;40;34.50;41.04;82.08;Bueno;156.72;Regular;Bueno;Regular
2026-01-19;14:00;84;67.46;72.83;56.03;Bueno;145.81;Regular;36;35.58;41.04;82.08;Bueno;156.72;Regular;Bueno;Regular
2026-01-19;15:00;86;69.12;72.83;56.03;Bueno;145.81;Regular;42;36.83;41.04;82.08;Bueno;156.72;Regular;Bueno;Regular
2026-01-19;16:00;76;70.21;72.83;56.03;Bueno;145.81;Regular;39;37.92;41.04;82.08;Bueno;156.72;Regular;Bueno;Regular
2026-01-19;17:00;78;71.33;72.83;56.03;Bueno;145.81;Regular;38;38.96;41.04;82.08;Bueno;156.72;Regular;Bueno;Regular
2026-01-19;18:00;72;71.62;72.83;56.03;Bueno;145.81;Regular;44;40.04;41.04;82.08;Bueno;156.72;Regular;Bueno;Regular
2026-01-19;19:00;78;72.38;72.83;56.03;Bueno;145.81;Regular;37;40.75;41.04;82.08;Bueno;156.72;Regular;Bueno;Regular
2026-01-19;20:00;64;72.62;72.83;56.03;Bueno;145.81;Regular;40;40.58;41.04;82.08;Bueno;156.72;Regular;Bueno;Regular
2026-01-19;21:00;63;72.83;72.83;56.03;Bueno;145.81;Regular;37;40.67;41.04;82.08;Bueno;156.72;Regular;Bueno;Regular
2026-01-19;22:00;61;72.88;72.83;56.03;Bueno;145.81;Regular;37;40.75;41.04;82.08;Bueno;156.72;Regular;Bueno;Regular
2026-01-19;23:00;58;72.83;72.83;56.03;Bueno;145.81;Regular;39;41.04;41.04;82.08;Bueno;156.72;Regular;Bueno;Regular
2026-01-20;00:00;54;72.96;71.42;54.94;Bueno;143.47;Regular;36;41.21;40.33;80.67;Bueno;155.16;Regular;Bueno;Regular
2026-01-20;01:00;48;72.92;71.42;54.94;Bueno;143.47;Regular;36;41.33;40.33;80.67;Bueno;155.16;Regular;Bueno;Regular
2026-01-20;02:00;44;72.25;71.42;54.94;Bueno;143.47;Regular;29;41.00;40.33;80.67;Bueno;155.16;Regular;Bueno;Regular
2026-01-20;03:00;61;72.08;71.42;54.94;Bueno;143.47;Regular;37;41.00;40.33;80.67;Bueno;155.16;Regular;Bueno;Regular
2026-01-20;04:00;75;72.92;71.42;54.94;Bueno;143.47;Regular;44;41.38;40.33;80.67;Bueno;155.16;Regular;Bueno;Regular
2026-01-20;05:00;98;74.50;71.42;54.94;Bueno;143.47;Regular;54;42.04;40.33;80.67;Bueno;155.16;Regular;Bueno;Regular
2026-01-20;06:00;83;74.33;71.42;54.94;Bueno;143.47;Regular;50;42.08;40.33;80.67;Bueno;155.16;Regular;Bueno;Regular
2026-01-20;07:00;108;74.83;71.42;54.94;Bueno;143.47;Regular;64;42.42;40.33;80.67;Bueno;155.16;Regular;Bueno;Regular
2026-01-20;08:00;91;74.38;71.42;54.94;Bueno;143.47;Regular;54;42.29;40.33;80.67;Bueno;155.16;Regular;Bueno;Regular
2026-01-20;09:00;84;73.92;71.42;54.94;Bueno;143.47;Regular;47;42.00;40.33;80.67;Bueno;155.16;Regular;Bueno;Regular
2026-01-20;10:00;80;73.83;71.42;54.94;Bueno;143.47;Regular;43;41.83;40.33;80.67;Bueno;155.16;Regular;Bueno;Regular
2026-01-20;11:00;80;73.83;71.42;54.94;Bueno;143.47;Regular;44;41.83;40.33;80.67;Bueno;155.16;Regular;Bueno;Regular
2026-01-20;12:00;82;74.12;71.42;54.94;Bueno;143.47;Regular;45;42.17;40.33;80.67;Bueno;155.16;Regular;Bueno;Regular
2026-01-20;13:00;76;74.33;71.42;54.94;Bueno;143.47;Regular;39;42.12;40.33;80.67;Bueno;155.16;Regular;Bueno;Regular
2026-01-20;14:00;76;74.00;71.42;54.94;Bueno;143.47;Regular;43;42.42;40.33;80.67;Bueno;155.16;Regular;Bueno;Regular
2026-01-20;15:00;77;73.62;71.42;54.94;Bueno;143.47;Regular;33;42.04;40.33;80.67;Bueno;155.16;Regular;Bueno;Regular
2026-01-20;16:00;68;73.29;71.42;54.94;Bueno;143.47;Regular;31;41.71;40.33;80.67;Bueno;155.16;Regular;Bueno;Regular
2026-01-20;17:00;86;73.62;71.42;54.94;Bueno;143.47;Regular;37;41.67;40.33;80.67;Bueno;155.16;Regular;Bueno;Regular
2026-01-20;18:00;71;73.58;71.42;54.94;Bueno;143.47;Regular;40;41.50;40.33;80.67;Bueno;155.16;Regular;Bueno;Regular
2026-01-20;19:00;68;73.17;71.42;54.94;Bueno;143.47;Regular;38;41.54;40.33;80.67;Bueno;155.16;Regular;Bueno;Regular
2026-01-20;20:00;60;73.00;71.42;54.94;Bueno;143.47;Regular;36;41.38;40.33;80.67;Bueno;155.16;Regular;Bueno;Regular
2026-01-20;21:00;49;72.42;71.42;54.94;Bueno;143.47;Regular;31;41.12;40.33;80.67;Bueno;155.16;Regular;Bueno;Regular
2026-01-20;22:00;51;72.00;71.42;54.94;Bueno;143.47;Regular;29;40.79;40.33;80.67;Bueno;155.16;Regular;Bueno;Regular
2026-01-20;23:00;44;71.42;71.42;54.94;Bueno;143.47;Regular;28;40.33;40.33;80.67;Bueno;155.16;Regular;Bueno;Regular
2026-01-21;00:00;59;71.62;60.67;46.67;Bueno;125.72;Regular;33;40.21;33.50;67.00;Bueno;140.19;Regular;Bueno;Regular
2026-01-21;01:00;52;71.79;60.67;46.67;Bueno;125.72;Regular;35;40.17;33.50;67.00;Bueno;140.19;Regular;Bueno;Regular
2026-01-21;02:00;49;72.00;60.67;46.67;Bueno;125.72;Regular;29;40.17;33.50;67.00;Bueno;140.19;Regular;Bueno;Regular
2026-01-21;03:00;44;71.29;60.67;46.67;Bueno;125.72;Regular;31;39.92;33.50;67.00;Bueno;140.19;Regular;Bueno;Regular
2026-01-21;04:00;41;69.88;60.67;46.67;Bueno;125.72;Regular;27;39.21;33.50;67.00;Bueno;140.19;Regular;Bueno;Regular
2026-01-21;05:00;75;68.92;60.67;46.67;Bueno;125.72;Regular;38;38.54;33.50;67.00;Bueno;140.19;Regular;Bueno;Regular
2026-01-21;06:00;104;69.79;60.67;46.67;Bueno;125.72;Regular;55;38.75;33.50;67.00;Bueno;140.19;Regular;Bueno;Regular
2026-01-21;07:00;114;70.04;60.67;46.67;Bueno;125.72;Regular;72;39.08;33.50;67.00;Bueno;140.19;Regular;Bueno;Regular
2026-01-21;08:00;77;69.46;60.67;46.67;Bueno;125.72;Regular;53;39.04;33.50;67.00;Bueno;140.19;Regular;Bueno;Regular
2026-01-21;09:00;67;68.75;60.67;46.67;Bueno;125.72;Regular;41;38.79;33.50;67.00;Bueno;140.19;Regular;Bueno;Regular
2026-01-21;10:00;66;68.17;60.67;46.67;Bueno;125.72;Regular;35;38.46;33.50;67.00;Bueno;140.19;Regular;Bueno;Regular
2026-01-21;11:00;73;67.88;60.67;46.67;Bueno;125.72;Regular;37;38.17;33.50;67.00;Bueno;140.19;Regular;Bueno;Regular
2026-01-21;12:00;73;67.50;60.67;46.67;Bueno;125.72;Regular;39;37.92;33.50;67.00;Bueno;140.19;Regular;Bueno;Regular
2026-01-21;13:00;83;67.79;60.67;46.67;Bueno;125.72;Regular;37;37.83;33.50;67.00;Bueno;140.19;Regular;Bueno;Regular
2026-01-21;14:00;72;67.62;60.67;46.67;Bueno;125.72;Regular;35;37.50;33.50;67.00;Bueno;140.19;Regular;Bueno;Regular
2026-01-21;15:00;73;67.46;60.67;46.67;Bueno;125.72;Regular;35;37.58;33.50;67.00;Bueno;140.19;Regular;Bueno;Regular
2026-01-21;16:00;57;67.00;60.67;46.67;Bueno;125.72;Regular;27;37.42;33.50;67.00;Bueno;140.19;Regular;Bueno;Regular
2026-01-21;17:00;48;65.42;60.67;46.67;Bueno;125.72;Regular;25;36.92;33.50;67.00;Bueno;140.19;Regular;Bueno;Regular
2026-01-21;18:00;47;64.42;60.67;46.67;Bueno;125.72;Regular;22;36.17;33.50;67.00;Bueno;140.19;Regular;Bueno;Regular
2026-01-21;19:00;45;63.46;60.67;46.67;Bueno;125.72;Regular;20;35.42;33.50;67.00;Bueno;140.19;Regular;Bueno;Regular
2026-01-21;20:00;37;62.50;60.67;46.67;Bueno;125.72;Regular;23;34.88;33.50;67.00;Bueno;140.19;Regular;Bueno;Regular
2026-01-21;21:00;35;61.92;60.67;46.67;Bueno;125.72;Regular;19;34.38;33.50;67.00;Bueno;140.19;Regular;Bueno;Regular
2026-01-21;22:00;33;61.17;60.67;46.67;Bueno;125.72;Regular;18;33.92;33.50;67.00;Bueno;140.19;Regular;Bueno;Regular
2026-01-21;23:00;32;60.67;60.67;46.67;Bueno;125.72;Regular;18;33.50;33.50;67.00;Bueno;140.19;Regular;Bueno;Regular
2026-01-22;00:00;26;59.29;47.54;36.57;Bueno;104.16;Regular;13;32.67;21.09;42.18;Bueno;113.18;Regular;Bueno;Regular
2026-01-22;01:00;31;58.42;47.54;36.57;Bueno;104.16;Regular;20;32.04;21.09;42.18;Bueno;113.18;Regular;Bueno;Regular
2026-01-22;02:00;32;57.71;47.54;36.57;Bueno;104.16;Regular;20;31.67;21.09;42.18;Bueno;113.18;Regular;Bueno;Regular
2026-01-22;03:00;29;57.08;47.54;36.57;Bueno;104.16;Regular;17;31.08;21.09;42.18;Bueno;113.18;Regular;Bueno;Regular
2026-01-22;04:00;22;56.29;47.54;36.57;Bueno;104.16;Regular;12;30.46;21.09;42.18;Bueno;113.18;Regular;Bueno;Regular
2026-01-22;05:00;23;54.12;47.54;36.57;Bueno;104.16;Regular;9;29.25;21.09;42.18;Bueno;113.18;Regular;Bueno;Regular
2026-01-22;06:00;49;51.83;47.54;36.57;Bueno;104.16;Regular;27;28.08;21.09;42.18;Bueno;113.18;Regular;Bueno;Regular
2026-01-22;07:00;74;50.17;47.54;36.57;Bueno;104.16;Regular;37;26.62;21.09;42.18;Bueno;113.18;Regular;Bueno;Regular
2026-01-22;08:00;84;50.46;47.54;36.57;Bueno;104.16;Regular;45;26.29;21.09;42.18;Bueno;113.18;Regular;Bueno;Regular
2026-01-22;09:00;66;50.42;47.54;36.57;Bueno;104.16;Regular;35;26.04;21.09;42.18;Bueno;113.18;Regular;Bueno;Regular
2026-01-22;10:00;69;50.54;47.54;36.57;Bueno;104.16;Regular;33;25.96;21.09;42.18;Bueno;113.18;Regular;Bueno;Regular
2026-01-22;11:00;60;50.00;47.54;36.57;Bueno;104.16;Regular;31;25.71;21.09;42.18;Bueno;113.18;Regular;Bueno;Regular
2026-01-22;12:00;59;49.42;47.54;36.57;Bueno;104.16;Regular;31;25.38;21.09;42.18;Bueno;113.18;Regular;Bueno;Regular
2026-01-22;13:00;54;48.21;47.54;36.57;Bueno;104.16;Regular;;24.87;21.09;42.18;Bueno;113.18;Regular;Bueno;Regular
2026-01-22;14:00;58;47.62;47.54;36.57;Bueno;104.16;Regular;;24.41;21.09;42.18;Bueno;113.18;Regular;Bueno;Regular
2026-01-22;15:00;55;46.88;47.54;36.57;Bueno;104.16;Regular;17;23.59;21.09;42.18;Bueno;113.18;Regular;Bueno;Regular
2026-01-22;16:00;61;47.04;47.54;36.57;Bueno;104.16;Regular;16;23.09;21.09;42.18;Bueno;113.18;Regular;Bueno;Regular
2026-01-22;17:00;58;47.46;47.54;36.57;Bueno;104.16;Regular;14;22.59;21.09;42.18;Bueno;113.18;Regular;Bueno;Regular
2026-01-22;18:00;47;47.46;47.54;36.57;Bueno;104.16;Regular;12;22.14;21.09;42.18;Bueno;113.18;Regular;Bueno;Regular
2026-01-22;19:00;40;47.25;47.54;36.57;Bueno;104.16;Regular;10;21.68;21.09;42.18;Bueno;113.18;Regular;Bueno;Regular
2026-01-22;20:00;44;47.54;47.54;36.57;Bueno;104.16;Regular;14;21.27;21.09;42.18;Bueno;113.18;Regular;Bueno;Regular
2026-01-22;21:00;35;47.54;47.54;36.57;Bueno;104.16;Regular;22;21.41;21.09;42.18;Bueno;113.18;Regular;Bueno;Regular
2026-01-22;22:00;32;47.50;47.54;36.57;Bueno;104.16;Regular;17;21.36;21.09;42.18;Bueno;113.18;Regular;Bueno;Regular
2026-01-22;23:00;33;47.54;47.54;36.57;Bueno;104.16;Regular;12;21.09;21.09;42.18;Bueno;113.18;Regular;Bueno;Regular
2026-01-23;00:00;28;47.62;57.43;44.18;Bueno;120.40;Regular;10;20.95;15.88;31.75;Bueno;101.89;Regular;Bueno;Regular
2026-01-23;01:00;30;47.58;57.43;44.18;Bueno;120.40;Regular;12;20.59;15.88;31.75;Bueno;101.89;Regular;Bueno;Regular
2026-01-23;02:00;28;47.42;57.43;44.18;Bueno;120.40;Regular;13;20.27;15.88;31.75;Bueno;101.89;Regular;Bueno;Regular
2026-01-23;03:00;28;47.38;57.43;44.18;Bueno;120.40;Regular;11;20.00;15.88;31.75;Bueno;101.89;Regular;Bueno;Regular
2026-01-23;04:00;33;47.83;57.43;44.18;Bueno;120.40;Regular;13;20.05;15.88;31.75;Bueno;101.89;Regular;Bueno;Regular
2026-01-23;05:00;54;49.12;57.43;44.18;Bueno;120.40;Regular;16;20.36;15.88;31.75;Bueno;101.89;Regular;Bueno;Regular
2026-01-23;06:00;85;50.62;57.43;44.18;Bueno;120.40;Regular;27;20.36;15.88;31.75;Bueno;101.89;Regular;Bueno;Regular
2026-01-23;07:00;74;50.62;57.43;44.18;Bueno;120.40;Regular;17;19.45;15.88;31.75;Bueno;101.89;Regular;Bueno;Regular
2026-01-23;08:00;86;50.71;57.43;44.18;Bueno;120.40;Regular;27;18.64;15.88;31.75;Bueno;101.89;Regular;Bueno;Regular
2026-01-23;09:00;94;51.88;57.43;44.18;Bueno;120.40;Regular;23;18.09;15.88;31.75;Bueno;101.89;Regular;Bueno;Regular
2026-01-23;10:00;75;52.12;57.43;44.18;Bueno;120.40;Regular;23;17.64;15.88;31.75;Bueno;101.89;Regular;Bueno;Regular
2026-01-23;11:00;75;52.75;57.43;44.18;Bueno;120.40;Regular;19;17.09;15.88;31.75;Bueno;101.89;Regular;Bueno;Regular
2026-01-23;12:00;69;53.17;57.43;44.18;Bueno;120.40;Regular;30;17.05;15.88;31.75;Bueno;101.89;Regular;Bueno;Regular
2026-01-23;13:00;78;54.17;57.43;44.18;Bueno;120.40;Regular;20;17.17;15.88;31.75;Bueno;101.89;Regular;Bueno;Regular
2026-01-23;14:00;79;55.04;57.43;44.18;Bueno;120.40;Regular;13;17.00;15.88;31.75;Bueno;101.89;Regular;Bueno;Regular
2026-01-23;15:00;71;55.71;57.43;44.18;Bueno;120.40;Regular;16;16.96;15.88;31.75;Bueno;101.89;Regular;Bueno;Regular
2026-01-23;16:00;67;55.96;57.43;44.18;Bueno;120.40;Regular;11;16.75;15.88;31.75;Bueno;101.89;Regular;Bueno;Regular
2026-01-23;17:00;56;55.88;57.43;44.18;Bueno;120.40;Regular;9;16.54;15.88;31.75;Bueno;101.89;Regular;Bueno;Regular
2026-01-23;18:00;43;55.71;57.43;44.18;Bueno;120.40;Regular;11;16.50;15.88;31.75;Bueno;101.89;Regular;Bueno;Regular
2026-01-23;19:00;42;55.79;57.43;44.18;Bueno;120.40;Regular;7;16.38;15.88;31.75;Bueno;101.89;Regular;Bueno;Regular
2026-01-23;20:00;;56.30;57.43;44.18;Bueno;120.40;Regular;15;16.42;15.88;31.75;Bueno;101.89;Regular;Bueno;Regular
2026-01-23;21:00;43;56.65;57.43;44.18;Bueno;120.40;Regular;15;16.12;15.88;31.75;Bueno;101.89;Regular;Bueno;Regular
2026-01-23;22:00;40;57.00;57.43;44.18;Bueno;120.40;Regular;10;15.83;15.88;31.75;Bueno;101.89;Regular;Bueno;Regular
2026-01-23;23:00;43;57.43;57.43;44.18;Bueno;120.40;Regular;13;15.88;15.88;31.75;Bueno;101.89;Regular;Bueno;Regular
2026-01-24;00:00;29;57.48;46.67;35.90;Bueno;102.73;Regular;12;15.96;10.79;21.58;Bueno;71.94;Bueno;Bueno;Regular
2026-01-24;01:00;27;57.35;46.67;35.90;Bueno;102.73;Regular;12;15.96;10.79;21.58;Bueno;71.94;Bueno;Bueno;Regular
2026-01-24;02:00;26;57.26;46.67;35.90;Bueno;102.73;Regular;9;15.79;10.79;21.58;Bueno;71.94;Bueno;Bueno;Regular
2026-01-24;03:00;24;57.09;46.67;35.90;Bueno;102.73;Regular;8;15.67;10.79;21.58;Bueno;71.94;Bueno;Bueno;Regular
2026-01-24;04:00;22;56.61;46.67;35.90;Bueno;102.73;Regular;7;15.42;10.79;21.58;Bueno;71.94;Bueno;Bueno;Regular
2026-01-24;05:00;35;55.78;46.67;35.90;Bueno;102.73;Regular;16;15.42;10.79;21.58;Bueno;71.94;Bueno;Bueno;Regular
2026-01-24;06:00;77;55.43;46.67;35.90;Bueno;102.73;Regular;16;14.96;10.79;21.58;Bueno;71.94;Bueno;Bueno;Regular
2026-01-24;07:00;48;54.30;46.67;35.90;Bueno;102.73;Regular;12;14.75;10.79;21.58;Bueno;71.94;Bueno;Bueno;Regular
2026-01-24;08:00;61;53.22;46.67;35.90;Bueno;102.73;Regular;15;14.25;10.79;21.58;Bueno;71.94;Bueno;Bueno;Regular
2026-01-24;09:00;56;51.57;46.67;35.90;Bueno;102.73;Regular;17;14.00;10.79;21.58;Bueno;71.94;Bueno;Bueno;Regular
2026-01-24;10:00;60;50.91;46.67;35.90;Bueno;102.73;Regular;16;13.71;10.79;21.58;Bueno;71.94;Bueno;Bueno;Regular
2026-01-24;11:00;53;49.96;46.67;35.90;Bueno;102.73;Regular;20;13.75;10.79;21.58;Bueno;71.94;Bueno;Bueno;Regular
2026-01-24;12:00;58;49.48;46.67;35.90;Bueno;102.73;Regular;12;13.00;10.79;21.58;Bueno;71.94;Bueno;Bueno;Regular
2026-01-24;13:00;68;49.04;46.67;35.90;Bueno;102.73;Regular;16;12.83;10.79;21.58;Bueno;71.94;Bueno;Bueno;Regular
2026-01-24;14:00;64;48.39;46.67;35.90;Bueno;102.73;Regular;5;12.50;10.79;21.58;Bueno;71.94;Bueno;Bueno;Regular
2026-01-24;15:00;71;48.39;46.67;35.90;Bueno;102.73;Regular;7;12.12;10.79;21.58;Bueno;71.94;Bueno;Bueno;Regular
2026-01-24;16:00;68;48.43;46.67;35.90;Bueno;102.73;Regular;7;11.96;10.79;21.58;Bueno;71.94;Bueno;Bueno;Regular
2026-01-24;17:00;46;48.00;46.67;35.90;Bueno;102.73;Regular;8;11.92;10.79;21.58;Bueno;71.94;Bueno;Bueno;Regular
2026-01-24;18:00;41;47.91;46.67;35.90;Bueno;102.73;Regular;5;11.67;10.79;21.58;Bueno;71.94;Bueno;Bueno;Regular
2026-01-24;19:00;63;48.83;46.67;35.90;Bueno;102.73;Regular;5;11.58;10.79;21.58;Bueno;71.94;Bueno;Bueno;Regular
2026-01-24;20:00;41;48.50;46.67;35.90;Bueno;102.73;Regular;15;11.58;10.79;21.58;Bueno;71.94;Bueno;Bueno;Regular
2026-01-24;21:00;27;47.83;46.67;35.90;Bueno;102.73;Regular;4;11.12;10.79;21.58;Bueno;71.94;Bueno;Bueno;Regular
2026-01-24;22:00;34;47.58;46.67;35.90;Bueno;102.73;Regular;7;11.00;10.79;21.58;Bueno;71.94;Bueno;Bueno;Regular
2026-01-24;23:00;21;46.67;46.67;35.90;Bueno;102.73;Regular;8;10.79;10.79;21.58;Bueno;71.94;Bueno;Bueno;Regular
2026-01-25;00:00;18;46.21;29.58;22.76;Bueno;65.74;Bueno;6;10.54;5.92;11.83;Bueno;39.44;Bueno;Bueno;Bueno
2026-01-25;01:00;14;45.67;29.58;22.76;Bueno;65.74;Bueno;5;10.25;5.92;11.83;Bueno;39.44;Bueno;Bueno;Bueno
2026-01-25;02:00;15;45.21;29.58;22.76;Bueno;65.74;Bueno;3;10.00;5.92;11.83;Bueno;39.44;Bueno;Bueno;Bueno
2026-01-25;03:00;23;45.17;29.58;22.76;Bueno;65.74;Bueno;4;9.83;5.92;11.83;Bueno;39.44;Bueno;Bueno;Bueno
2026-01-25;04:00;19;45.04;29.58;22.76;Bueno;65.74;Bueno;4;9.71;5.92;11.83;Bueno;39.44;Bueno;Bueno;Bueno
2026-01-25;05:00;16;44.25;29.58;22.76;Bueno;65.74;Bueno;5;9.25;5.92;11.83;Bueno;39.44;Bueno;Bueno;Bueno
2026-01-25;06:00;28;42.21;29.58;22.76;Bueno;65.74;Bueno;11;9.04;5.92;11.83;Bueno;39.44;Bueno;Bueno;Bueno
2026-01-25;07:00;26;41.29;29.58;22.76;Bueno;65.74;Bueno;8;8.88;5.92;11.83;Bueno;39.44;Bueno;Bueno;Bueno
2026-01-25;08:00;31;40.04;29.58;22.76;Bueno;65.74;Bueno;6;8.50;5.92;11.83;Bueno;39.44;Bueno;Bueno;Bueno
2026-01-25;09:00;26;38.79;29.58;22.76;Bueno;65.74;Bueno;5;8.00;5.92;11.83;Bueno;39.44;Bueno;Bueno;Bueno
2026-01-25;10:00;33;37.67;29.58;22.76;Bueno;65.74;Bueno;3;7.46;5.92;11.83;Bueno;39.44;Bueno;Bueno;Bueno
2026-01-25;11:00;37;37.00;29.58;22.76;Bueno;65.74;Bueno;4;6.79;5.92;11.83;Bueno;39.44;Bueno;Bueno;Bueno
2026-01-25;12:00;42;36.33;29.58;22.76;Bueno;65.74;Bueno;5;6.50;5.92;11.83;Bueno;39.44;Bueno;Bueno;Bueno
2026-01-25;13:00;55;35.79;29.58;22.76;Bueno;65.74;Bueno;9;6.21;5.92;11.83;Bueno;39.44;Bueno;Bueno;Bueno
2026-01-25;14:00;68;35.96;29.58;22.76;Bueno;65.74;Bueno;10;6.42;5.92;11.83;Bueno;39.44;Bueno;Bueno;Bueno
2026-01-25;15:00;39;34.62;29.58;22.76;Bueno;65.74;Bueno;8;6.46;5.92;11.83;Bueno;39.44;Bueno;Bueno;Bueno
2026-01-25;16:00;65;34.50;29.58;22.76;Bueno;65.74;Bueno;8;6.50;5.92;11.83;Bueno;39.44;Bueno;Bueno;Bueno
2026-01-25;17:00;35;34.04;29.58;22.76;Bueno;65.74;Bueno;5;6.38;5.92;11.83;Bueno;39.44;Bueno;Bueno;Bueno
2026-01-25;18:00;35;33.79;29.58;22.76;Bueno;65.74;Bueno;4;6.33;5.92;11.83;Bueno;39.44;Bueno;Bueno;Bueno
2026-01-25;19:00;24;32.17;29.58;22.76;Bueno;65.74;Bueno;7;6.42;5.92;11.83;Bueno;39.44;Bueno;Bueno;Bueno
2026-01-25;20:00;14;31.04;29.58;22.76;Bueno;65.74;Bueno;7;6.08;5.92;11.83;Bueno;39.44;Bueno;Bueno;Bueno
2026-01-25;21:00;17;30.62;29.58;22.76;Bueno;65.74;Bueno;4;6.08;5.92;11.83;Bueno;39.44;Bueno;Bueno;Bueno
2026-01-25;22:00;12;29.71;29.58;22.76;Bueno;65.74;Bueno;7;6.08;5.92;11.83;Bueno;39.44;Bueno;Bueno;Bueno
2026-01-25;23:00;18;29.58;29.58;22.76;Bueno;65.74;Bueno;4;5.92;5.92;11.83;Bueno;39.44;Bueno;Bueno;Bueno
2026-01-26;00:00;9;29.21;22.04;16.96;Bueno;48.98;Bueno;1;5.71;4.58;9.17;Bueno;30.56;Bueno;Bueno;Bueno
2026-01-26;01:00;10;29.04;22.04;16.96;Bueno;48.98;Bueno;1;5.54;4.58;9.17;Bueno;30.56;Bueno;Bueno;Bueno
2026-01-26;02:00;16;29.08;22.04;16.96;Bueno;48.98;Bueno;3;5.54;4.58;9.17;Bueno;30.56;Bueno;Bueno;Bueno
2026-01-26;03:00;15;28.75;22.04;16.96;Bueno;48.98;Bueno;5;5.58;4.58;9.17;Bueno;30.56;Bueno;Bueno;Bueno
2026-01-26;04:00;18;28.71;22.04;16.96;Bueno;48.98;Bueno;4;5.58;4.58;9.17;Bueno;30.56;Bueno;Bueno;Bueno
2026-01-26;05:00;12;28.54;22.04;16.96;Bueno;48.98;Bueno;3;5.50;4.58;9.17;Bueno;30.56;Bueno;Bueno;Bueno
2026-01-26;06:00;24;28.38;22.04;16.96;Bueno;48.98;Bueno;7;5.33;4.58;9.17;Bueno;30.56;Bueno;Bueno;Bueno
2026-01-26;07:00;26;28.38;22.04;16.96;Bueno;48.98;Bueno;7;5.29;4.58;9.17;Bueno;30.56;Bueno;Bueno;Bueno
2026-01-26;08:00;26;28.17;22.04;16.96;Bueno;48.98;Bueno;5;5.25;4.58;9.17;Bueno;30.56;Bueno;Bueno;Bueno
2026-01-26;09:00;29;28.29;22.04;16.96;Bueno;48.98;Bueno;5;5.25;4.58;9.17;Bueno;30.56;Bueno;Bueno;Bueno
2026-01-26;10:00;23;27.88;22.04;16.96;Bueno;48.98;Bueno;6;5.38;4.58;9.17;Bueno;30.56;Bueno;Bueno;Bueno
2026-01-26;11:00;24;27.33;22.04;16.96;Bueno;48.98;Bueno;7;5.50;4.58;9.17;Bueno;30.56;Bueno;Bueno;Bueno
2026-01-26;12:00;21;26.46;22.04;16.96;Bueno;48.98;Bueno;5;5.50;4.58;9.17;Bueno;30.56;Bueno;Bueno;Bueno
2026-01-26;13:00;20;25.00;22.04;16.96;Bueno;48.98;Bueno;4;5.29;4.58;9.17;Bueno;30.56;Bueno;Bueno;Bueno
2026-01-26;14:00;26;23.25;22.04;16.96;Bueno;48.98;Bueno;5;5.08;4.58;9.17;Bueno;30.56;Bueno;Bueno;Bueno
2026-01-26;15:00;28;22.79;22.04;16.96;Bueno;48.98;Bueno;8;5.08;4.58;9.17;Bueno;30.56;Bueno;Bueno;Bueno
2026-01-26;16:00;48;22.08;22.04;16.96;Bueno;48.98;Bueno;9;5.12;4.58;9.17;Bueno;30.56;Bueno;Bueno;Bueno
2026-01-26;17:00;42;22.38;22.04;16.96;Bueno;48.98;Bueno;7;5.21;4.58;9.17;Bueno;30.56;Bueno;Bueno;Bueno
2026-01-26;18:00;28;22.08;22.04;16.96;Bueno;48.98;Bueno;4;5.21;4.58;9.17;Bueno;30.56;Bueno;Bueno;Bueno
2026-01-26;19:00;23;22.04;22.04;16.96;Bueno;48.98;Bueno;1;4.96;4.58;9.17;Bueno;30.56;Bueno;Bueno;Bueno
2026-01-26;20:00;21;22.33;22.04;16.96;Bueno;48.98;Bueno;3;4.79;4.58;9.17;Bueno;30.56;Bueno;Bueno;Bueno
2026-01-26;21:00;9;22.00;22.04;16.96;Bueno;48.98;Bueno;3;4.75;4.58;9.17;Bueno;30.56;Bueno;Bueno;Bueno
2026-01-26;22:00;19;22.29;22.04;16.96;Bueno;48.98;Bueno;4;4.62;4.58;9.17;Bueno;30.56;Bueno;Bueno;Bueno
2026-01-26;23:00;12;22.04;22.04;16.96;Bueno;48.98;Bueno;3;4.58;4.58;9.17;Bueno;30.56;Bueno;Bueno;Bueno
2026-01-27;00:00;6;21.92;29.78;22.91;Bueno;66.18;Bueno;1;4.58;5.78;11.57;Bueno;38.55;Bueno;Bueno;Bueno
2026-01-27;01:00;1;21.54;29.78;22.91;Bueno;66.18;Bueno;1;4.58;5.78;11.57;Bueno;38.55;Bueno;Bueno;Bueno
2026-01-27;02:00;1;20.92;29.78;22.91;Bueno;66.18;Bueno;1;4.50;5.78;11.57;Bueno;38.55;Bueno;Bueno;Bueno
2026-01-27;03:00;3;20.42;29.78;22.91;Bueno;66.18;Bueno;2;4.38;5.78;11.57;Bueno;38.55;Bueno;Bueno;Bueno
2026-01-27;04:00;15;20.29;29.78;22.91;Bueno;66.18;Bueno;5;4.42;5.78;11.57;Bueno;38.55;Bueno;Bueno;Bueno
2026-01-27;05:00;18;20.54;29.78;22.91;Bueno;66.18;Bueno;5;4.50;5.78;11.57;Bueno;38.55;Bueno;Bueno;Bueno
2026-01-27;06:00;36;21.04;29.78;22.91;Bueno;66.18;Bueno;7;4.50;5.78;11.57;Bueno;38.55;Bueno;Bueno;Bueno
2026-01-27;07:00;48;21.96;29.78;22.91;Bueno;66.18;Bueno;10;4.62;5.78;11.57;Bueno;38.55;Bueno;Bueno;Bueno
2026-01-27;08:00;44;22.71;29.78;22.91;Bueno;66.18;Bueno;10;4.83;5.78;11.57;Bueno;38.55;Bueno;Bueno;Bueno
2026-01-27;09:00;48;23.50;29.78;22.91;Bueno;66.18;Bueno;7;4.92;5.78;11.57;Bueno;38.55;Bueno;Bueno;Bueno
2026-01-27;10:00;46;24.46;29.78;22.91;Bueno;66.18;Bueno;5;4.88;5.78;11.57;Bueno;38.55;Bueno;Bueno;Bueno
2026-01-27;11:00;;24.48;29.78;22.91;Bueno;66.18;Bueno;;4.78;5.78;11.57;Bueno;38.55;Bueno;Bueno;Bueno
2026-01-27;12:00;44;25.48;29.78;22.91;Bueno;66.18;Bueno;5;4.78;5.78;11.57;Bueno;38.55;Bueno;Bueno;Bueno
2026-01-27;13:00;46;26.61;29.78;22.91;Bueno;66.18;Bueno;8;4.96;5.78;11.57;Bueno;38.55;Bueno;Bueno;Bueno
2026-01-27;14:00;37;27.09;29.78;22.91;Bueno;66.18;Bueno;10;5.17;5.78;11.57;Bueno;38.55;Bueno;Bueno;Bueno
2026-01-27;15:00;44;27.78;29.78;22.91;Bueno;66.18;Bueno;6;5.09;5.78;11.57;Bueno;38.55;Bueno;Bueno;Bueno
2026-01-27;16:00;32;27.09;29.78;22.91;Bueno;66.18;Bueno;5;4.91;5.78;11.57;Bueno;38.55;Bueno;Bueno;Bueno
2026-01-27;17:00;39;26.96;29.78;22.91;Bueno;66.18;Bueno;5;4.83;5.78;11.57;Bueno;38.55;Bueno;Bueno;Bueno
2026-01-27;18:00;32;27.13;29.78;22.91;Bueno;66.18;Bueno;8;5.00;5.78;11.57;Bueno;38.55;Bueno;Bueno;Bueno
2026-01-27;19:00;39;27.83;29.78;22.91;Bueno;66.18;Bueno;7;5.26;5.78;11.57;Bueno;38.55;Bueno;Bueno;Bueno
2026-01-27;20:00;29;28.17;29.78;22.91;Bueno;66.18;Bueno;7;5.43;5.78;11.57;Bueno;38.55;Bueno;Bueno;Bueno
2026-01-27;21:00;28;29.00;29.78;22.91;Bueno;66.18;Bueno;7;5.61;5.78;11.57;Bueno;38.55;Bueno;Bueno;Bueno
2026-01-27;22:00;25;29.26;29.78;22.91;Bueno;66.18;Bueno;7;5.74;5.78;11.57;Bueno;38.55;Bueno;Bueno;Bueno
2026-01-27;23:00;24;29.78;29.78;22.91;Bueno;66.18;Bueno;4;5.78;5.78;11.57;Bueno;38.55;Bueno;Bueno;Bueno
2026-01-28;00:00;12;30.04;43.08;33.14;Bueno;95.74;Bueno;6;6.00;9.25;18.50;Bueno;61.67;Bueno;Bueno;Bueno
2026-01-28;01:00;20;30.87;43.08;33.14;Bueno;95.74;Bueno;6;6.22;9.25;18.50;Bueno;61.67;Bueno;Bueno;Bueno
2026-01-28;02:00;25;31.91;43.08;33.14;Bueno;95.74;Bueno;7;6.48;9.25;18.50;Bueno;61.67;Bueno;Bueno;Bueno
2026-01-28;03:00;20;32.65;43.08;33.14;Bueno;95.74;Bueno;7;6.70;9.25;18.50;Bueno;61.67;Bueno;Bueno;Bueno
2026-01-28;04:00;27;33.17;43.08;33.14;Bueno;95.74;Bueno;9;6.87;9.25;18.50;Bueno;61.67;Bueno;Bueno;Bueno
2026-01-28;05:00;30;33.70;43.08;33.14;Bueno;95.74;Bueno;12;7.17;9.25;18.50;Bueno;61.67;Bueno;Bueno;Bueno
2026-01-28;06:00;72;35.26;43.08;33.14;Bueno;95.74;Bueno;12;7.39;9.25;18.50;Bueno;61.67;Bueno;Bueno;Bueno
2026-01-28;07:00;81;36.70;43.08;33.14;Bueno;95.74;Bueno;15;7.61;9.25;18.50;Bueno;61.67;Bueno;Bueno;Bueno
2026-01-28;08:00;62;37.48;43.08;33.14;Bueno;95.74;Bueno;7;7.48;9.25;18.50;Bueno;61.67;Bueno;Bueno;Bueno
2026-01-28;09:00;72;38.52;43.08;33.14;Bueno;95.74;Bueno;5;7.39;9.25;18.50;Bueno;61.67;Bueno;Bueno;Bueno
2026-01-28;10:00;60;39.13;43.08;33.14;Bueno;95.74;Bueno;9;7.57;9.25;18.50;Bueno;61.67;Bueno;Bueno;Bueno
2026-01-28;11:00;37;39.04;43.08;33.14;Bueno;95.74;Bueno;9;7.62;9.25;18.50;Bueno;61.67;Bueno;Bueno;Bueno
2026-01-28;12:00;48;39.21;43.08;33.14;Bueno;95.74;Bueno;10;7.83;9.25;18.50;Bueno;61.67;Bueno;Bueno;Bueno
2026-01-28;13:00;51;39.42;43.08;33.14;Bueno;95.74;Bueno;8;7.83;9.25;18.50;Bueno;61.67;Bueno;Bueno;Bueno
2026-01-28;14:00;44;39.71;43.08;33.14;Bueno;95.74;Bueno;7;7.71;9.25;18.50;Bueno;61.67;Bueno;Bueno;Bueno
2026-01-28;15:00;49;39.92;43.08;33.14;Bueno;95.74;Bueno;6;7.71;9.25;18.50;Bueno;61.67;Bueno;Bueno;Bueno
2026-01-28;16:00;40;40.25;43.08;33.14;Bueno;95.74;Bueno;8;7.83;9.25;18.50;Bueno;61.67;Bueno;Bueno;Bueno
2026-01-28;17:00;45;40.50;43.08;33.14;Bueno;95.74;Bueno;8;7.96;9.25;18.50;Bueno;61.67;Bueno;Bueno;Bueno
2026-01-28;18:00;32;40.50;43.08;33.14;Bueno;95.74;Bueno;5;7.83;9.25;18.50;Bueno;61.67;Bueno;Bueno;Bueno
2026-01-28;19:00;40;40.54;43.08;33.14;Bueno;95.74;Bueno;8;7.88;9.25;18.50;Bueno;61.67;Bueno;Bueno;Bueno
2026-01-28;20:00;52;41.50;43.08;33.14;Bueno;95.74;Bueno;22;8.50;9.25;18.50;Bueno;61.67;Bueno;Bueno;Bueno
2026-01-28;21:00;43;42.12;43.08;33.14;Bueno;95.74;Bueno;13;8.75;9.25;18.50;Bueno;61.67;Bueno;Bueno;Bueno
2026-01-28;22:00;39;42.71;43.08;33.14;Bueno;95.74;Bueno;13;9.00;9.25;18.50;Bueno;61.67;Bueno;Bueno;Bueno
2026-01-28;23:00;33;43.08;43.08;33.14;Bueno;95.74;Bueno;10;9.25;9.25;18.50;Bueno;61.67;Bueno;Bueno;Bueno
2026-01-29;00:00;23;43.54;52.79;40.61;Bueno;112.77;Regular;10;9.42;11.83;23.67;Bueno;78.89;Bueno;Bueno;Regular
2026-01-29;01:00;26;43.79;52.79;40.61;Bueno;112.77;Regular;10;9.58;11.83;23.67;Bueno;78.89;Bueno;Bueno;Regular
2026-01-29;02:00;36;44.25;52.79;40.61;Bueno;112.77;Regular;8;9.62;11.83;23.67;Bueno;78.89;Bueno;Bueno;Regular
2026-01-29;03:00;36;44.92;52.79;40.61;Bueno;112.77;Regular;12;9.83;11.83;23.67;Bueno;78.89;Bueno;Bueno;Regular
2026-01-29;04:00;41;45.50;52.79;40.61;Bueno;112.77;Regular;14;10.04;11.83;23.67;Bueno;78.89;Bueno;Bueno;Regular
2026-01-29;05:00;57;46.62;52.79;40.61;Bueno;112.77;Regular;22;10.46;11.83;23.67;Bueno;78.89;Bueno;Bueno;Regular
2026-01-29;06:00;136;49.29;52.79;40.61;Bueno;112.77;Regular;33;11.33;11.83;23.67;Bueno;78.89;Bueno;Bueno;Regular
2026-01-29;07:00;124;51.08;52.79;40.61;Bueno;112.77;Regular;30;11.96;11.83;23.67;Bueno;78.89;Bueno;Bueno;Regular
2026-01-29;08:00;88;52.17;52.79;40.61;Bueno;112.77;Regular;21;12.54;11.83;23.67;Bueno;78.89;Bueno;Bueno;Regular
2026-01-29;09:00;92;53.00;52.79;40.61;Bueno;112.77;Regular;19;13.12;11.83;23.67;Bueno;78.89;Bueno;Bueno;Regular
2026-01-29;10:00;69;53.38;52.79;40.61;Bueno;112.77;Regular;16;13.42;11.83;23.67;Bueno;78.89;Bueno;Bueno;Regular
2026-01-29;11:00;53;54.04;52.79;40.61;Bueno;112.77;Regular;12;13.54;11.83;23.67;Bueno;78.89;Bueno;Bueno;Regular
2026-01-29;12:00;46;53.96;52.79;40.61;Bueno;112.77;Regular;12;13.62;11.83;23.67;Bueno;78.89;Bueno;Bueno;Regular
2026-01-29;13:00;61;54.38;52.79;40.61;Bueno;112.77;Regular;9;13.67;11.83;23.67;Bueno;78.89;Bueno;Bueno;Regular
2026-01-29;14:00;66;55.29;52.79;40.61;Bueno;112.77;Regular;5;13.58;11.83;23.67;Bueno;78.89;Bueno;Bueno;Regular
2026-01-29;15:00;61;55.79;52.79;40.61;Bueno;112.77;Regular;4;13.50;11.83;23.67;Bueno;78.89;Bueno;Bueno;Regular
2026-01-29;16:00;50;56.21;52.79;40.61;Bueno;112.77;Regular;5;13.38;11.83;23.67;Bueno;78.89;Bueno;Bueno;Regular
2026-01-29;17:00;45;56.21;52.79;40.61;Bueno;112.77;Regular;8;13.38;11.83;23.67;Bueno;78.89;Bueno;Bueno;Regular
2026-01-29;18:00;39;56.50;52.79;40.61;Bueno;112.77;Regular;5;13.38;11.83;23.67;Bueno;78.89;Bueno;Bueno;Regular
2026-01-29;19:00;35;56.29;52.79;40.61;Bueno;112.77;Regular;5;13.25;11.83;23.67;Bueno;78.89;Bueno;Bueno;Regular
2026-01-29;20:00;27;55.25;52.79;40.61;Bueno;112.77;Regular;7;12.62;11.83;23.67;Bueno;78.89;Bueno;Bueno;Regular
2026-01-29;21:00;20;54.29;52.79;40.61;Bueno;112.77;Regular;5;12.29;11.83;23.67;Bueno;78.89;Bueno;Bueno;Regular
2026-01-29;22:00;21;53.54;52.79;40.61;Bueno;112.77;Regular;5;11.96;11.83;23.67;Bueno;78.89;Bueno;Bueno;Regular
2026-01-29;23:00;15;52.79;52.79;40.61;Bueno;112.77;Regular;7;11.83;11.83;23.67;Bueno;78.89;Bueno;Bueno;Regular
2026-01-30;00:00;15;52.46;32.08;24.68;Bueno;71.30;Bueno;5;11.62;7.00;14.00;Bueno;46.67;Bueno;Bueno;Bueno
2026-01-30;01:00;14;51.96;32.08;24.68;Bueno;71.30;Bueno;5;11.42;7.00;14.00;Bueno;46.67;Bueno;Bueno;Bueno
2026-01-30;02:00;9;50.83;32.08;24.68;Bueno;71.30;Bueno;5;11.29;7.00;14.00;Bueno;46.67;Bueno;Bueno;Bueno
2026-01-30;03:00;9;49.71;32.08;24.68;Bueno;71.30;Bueno;5;11.00;7.00;14.00;Bueno;46.67;Bueno;Bueno;Bueno
2026-01-30;04:00;14;48.58;32.08;24.68;Bueno;71.30;Bueno;10;10.83;7.00;14.00;Bueno;46.67;Bueno;Bueno;Bueno
2026-01-30;05:00;22;47.12;32.08;24.68;Bueno;71.30;Bueno;10;10.33;7.00;14.00;Bueno;46.67;Bueno;Bueno;Bueno
2026-01-30;06:00;22;42.38;32.08;24.68;Bueno;71.30;Bueno;7;9.25;7.00;14.00;Bueno;46.67;Bueno;Bueno;Bueno
2026-01-30;07:00;35;38.67;32.08;24.68;Bueno;71.30;Bueno;7;8.29;7.00;14.00;Bueno;46.67;Bueno;Bueno;Bueno
2026-01-30;08:00;63;37.62;32.08;24.68;Bueno;71.30;Bueno;12;7.92;7.00;14.00;Bueno;46.67;Bueno;Bueno;Bueno
2026-01-30;09:00;39;35.42;32.08;24.68;Bueno;71.30;Bueno;12;7.62;7.00;14.00;Bueno;46.67;Bueno;Bueno;Bueno
2026-01-30;10:00;43;34.33;32.08;24.68;Bueno;71.30;Bueno;7;7.25;7.00;14.00;Bueno;46.67;Bueno;Bueno;Bueno
2026-01-30;11:00;52;34.29;32.08;24.68;Bueno;71.30;Bueno;8;7.08;7.00;14.00;Bueno;46.67;Bueno;Bueno;Bueno
2026-01-30;12:00;51;34.50;32.08;24.68;Bueno;71.30;Bueno;13;7.12;7.00;14.00;Bueno;46.67;Bueno;Bueno;Bueno
2026-01-30;13:00;43;33.75;32.08;24.68;Bueno;71.30;Bueno;8;7.08;7.00;14.00;Bueno;46.67;Bueno;Bueno;Bueno
2026-01-30;14:00;46;32.92;32.08;24.68;Bueno;71.30;Bueno;9;7.25;7.00;14.00;Bueno;46.67;Bueno;Bueno;Bueno
2026-01-30;15:00;57;32.75;32.08;24.68;Bueno;71.30;Bueno;7;7.38;7.00;14.00;Bueno;46.67;Bueno;Bueno;Bueno
2026-01-30;16:00;53;32.88;32.08;24.68;Bueno;71.30;Bueno;7;7.46;7.00;14.00;Bueno;46.67;Bueno;Bueno;Bueno
2026-01-30;17:00;40;32.67;32.08;24.68;Bueno;71.30;Bueno;6;7.38;7.00;14.00;Bueno;46.67;Bueno;Bueno;Bueno
2026-01-30;18:00;31;32.33;32.08;24.68;Bueno;71.30;Bueno;4;7.33;7.00;14.00;Bueno;46.67;Bueno;Bueno;Bueno
2026-01-30;19:00;28;32.04;32.08;24.68;Bueno;71.30;Bueno;3;7.25;7.00;14.00;Bueno;46.67;Bueno;Bueno;Bueno
2026-01-30;20:00;22;31.83;32.08;24.68;Bueno;71.30;Bueno;3;7.08;7.00;14.00;Bueno;46.67;Bueno;Bueno;Bueno
2026-01-30;21:00;21;31.88;32.08;24.68;Bueno;71.30;Bueno;5;7.08;7.00;14.00;Bueno;46.67;Bueno;Bueno;Bueno
2026-01-30;22:00;22;31.92;32.08;24.68;Bueno;71.30;Bueno;5;7.08;7.00;14.00;Bueno;46.67;Bueno;Bueno;Bueno
2026-01-30;23:00;19;32.08;32.08;24.68;Bueno;71.30;Bueno;5;7.00;7.00;14.00;Bueno;46.67;Bueno;Bueno;Bueno
2026-01-31;00:00;26;32.54;27.54;21.19;Bueno;61.20;Bueno;6;7.04;8.42;16.83;Bueno;56.11;Bueno;Bueno;Bueno
2026-01-31;01:00;22;32.88;27.54;21.19;Bueno;61.20;Bueno;12;7.33;8.42;16.83;Bueno;56.11;Bueno;Bueno;Bueno
2026-01-31;02:00;11;32.96;27.54;21.19;Bueno;61.20;Bueno;6;7.38;8.42;16.83;Bueno;56.11;Bueno;Bueno;Bueno
2026-01-31;03:00;12;33.08;27.54;21.19;Bueno;61.20;Bueno;3;7.29;8.42;16.83;Bueno;56.11;Bueno;Bueno;Bueno
2026-01-31;04:00;8;32.83;27.54;21.19;Bueno;61.20;Bueno;2;6.96;8.42;16.83;Bueno;56.11;Bueno;Bueno;Bueno
2026-01-31;05:00;12;32.42;27.54;21.19;Bueno;61.20;Bueno;1;6.58;8.42;16.83;Bueno;56.11;Bueno;Bueno;Bueno
2026-01-31;06:00;16;32.17;27.54;21.19;Bueno;61.20;Bueno;3;6.42;8.42;16.83;Bueno;56.11;Bueno;Bueno;Bueno
2026-01-31;07:00;23;31.67;27.54;21.19;Bueno;61.20;Bueno;8;6.46;8.42;16.83;Bueno;56.11;Bueno;Bueno;Bueno
2026-01-31;08:00;25;30.08;27.54;21.19;Bueno;61.20;Bueno;5;6.17;8.42;16.83;Bueno;56.11;Bueno;Bueno;Bueno
2026-01-31;09:00;28;29.62;27.54;21.19;Bueno;61.20;Bueno;5;5.88;8.42;16.83;Bueno;56.11;Bueno;Bueno;Bueno
2026-01-31;10:00;25;28.88;27.54;21.19;Bueno;61.20;Bueno;5;5.79;8.42;16.83;Bueno;56.11;Bueno;Bueno;Bueno
2026-01-31;11:00;39;28.33;27.54;21.19;Bueno;61.20;Bueno;5;5.67;8.42;16.83;Bueno;56.11;Bueno;Bueno;Bueno
2026-01-31;12:00;29;27.42;27.54;21.19;Bueno;61.20;Bueno;6;5.38;8.42;16.83;Bueno;56.11;Bueno;Bueno;Bueno
2026-01-31;13:00;39;27.25;27.54;21.19;Bueno;61.20;Bueno;6;5.29;8.42;16.83;Bueno;56.11;Bueno;Bueno;Bueno
2026-01-31;14:00;35;26.79;27.54;21.19;Bueno;61.20;Bueno;5;5.12;8.42;16.83;Bueno;56.11;Bueno;Bueno;Bueno
2026-01-31;15:00;32;25.75;27.54;21.19;Bueno;61.20;Bueno;4;5.00;8.42;16.83;Bueno;56.11;Bueno;Bueno;Bueno
2026-01-31;16:00;41;25.25;27.54;21.19;Bueno;61.20;Bueno;4;4.88;8.42;16.83;Bueno;56.11;Bueno;Bueno;Bueno
2026-01-31;17:00;29;24.79;27.54;21.19;Bueno;61.20;Bueno;4;4.79;8.42;16.83;Bueno;56.11;Bueno;Bueno;Bueno
2026-01-31;18:00;40;25.17;27.54;21.19;Bueno;61.20;Bueno;13;5.17;8.42;16.83;Bueno;56.11;Bueno;Bueno;Bueno
2026-01-31;19:00;26;25.08;27.54;21.19;Bueno;61.20;Bueno;12;5.54;8.42;16.83;Bueno;56.11;Bueno;Bueno;Bueno
2026-01-31;20:00;27;25.29;27.54;21.19;Bueno;61.20;Bueno;22;6.33;8.42;16.83;Bueno;56.11;Bueno;Bueno;Bueno
2026-01-31;21:00;27;25.54;27.54;21.19;Bueno;61.20;Bueno;13;6.67;8.42;16.83;Bueno;56.11;Bueno;Bueno;Bueno
2026-01-31;22:00;33;26.00;27.54;21.19;Bueno;61.20;Bueno;17;7.17;8.42;16.83;Bueno;56.11;Bueno;Bueno;Bueno
2026-01-31;23:00;56;27.54;27.54;21.19;Bueno;61.20;Bueno;35;8.42;8.42;16.83;Bueno;56.11;Bueno;Bueno;Bueno
2026-02-01;00:00;42;28.21;28.29;21.76;Bueno;62.87;Bueno;31;9.46;13.50;27.00;Bueno;90.00;Bueno;Bueno;Bueno
2026-02-01;01:00;30;28.54;28.29;21.76;Bueno;62.87;Bueno;15;9.58;13.50;27.00;Bueno;90.00;Bueno;Bueno;Bueno
2026-02-01;02:00;35;29.54;28.29;21.76;Bueno;62.87;Bueno;18;10.08;13.50;27.00;Bueno;90.00;Bueno;Bueno;Bueno
2026-02-01;03:00;31;30.33;28.29;21.76;Bueno;62.87;Bueno;18;10.71;13.50;27.00;Bueno;90.00;Bueno;Bueno;Bueno
2026-02-01;04:00;25;31.04;28.29;21.76;Bueno;62.87;Bueno;12;11.12;13.50;27.00;Bueno;90.00;Bueno;Bueno;Bueno
2026-02-01;05:00;21;31.42;28.29;21.76;Bueno;62.87;Bueno;13;11.62;13.50;27.00;Bueno;90.00;Bueno;Bueno;Bueno
2026-02-01;06:00;28;31.92;28.29;21.76;Bueno;62.87;Bueno;13;12.04;13.50;27.00;Bueno;90.00;Bueno;Bueno;Bueno
2026-02-01;07:00;27;32.08;28.29;21.76;Bueno;62.87;Bueno;23;12.67;13.50;27.00;Bueno;90.00;Bueno;Bueno;Bueno
2026-02-01;08:00;36;32.54;28.29;21.76;Bueno;62.87;Bueno;20;13.29;13.50;27.00;Bueno;90.00;Bueno;Bueno;Bueno
2026-02-01;09:00;35;32.83;28.29;21.76;Bueno;62.87;Bueno;21;13.96;13.50;27.00;Bueno;90.00;Bueno;Bueno;Bueno
2026-02-01;10:00;37;33.33;28.29;21.76;Bueno;62.87;Bueno;17;14.46;13.50;27.00;Bueno;90.00;Bueno;Bueno;Bueno
2026-02-01;11:00;38;33.29;28.29;21.76;Bueno;62.87;Bueno;24;15.25;13.50;27.00;Bueno;90.00;Bueno;Bueno;Bueno
2026-02-01;12:00;23;33.04;28.29;21.76;Bueno;62.87;Bueno;10;15.42;13.50;27.00;Bueno;90.00;Bueno;Bueno;Bueno
2026-02-01;13:00;29;32.62;28.29;21.76;Bueno;62.87;Bueno;13;15.71;13.50;27.00;Bueno;90.00;Bueno;Bueno;Bueno
2026-02-01;14:00;31;32.46;28.29;21.76;Bueno;62.87;Bueno;13;16.04;13.50;27.00;Bueno;90.00;Bueno;Bueno;Bueno
2026-02-01;15:00;35;32.58;28.29;21.76;Bueno;62.87;Bueno;9;16.25;13.50;27.00;Bueno;90.00;Bueno;Bueno;Bueno
2026-02-01;16:00;23;31.83;28.29;21.76;Bueno;62.87;Bueno;5;16.29;13.50;27.00;Bueno;90.00;Bueno;Bueno;Bueno
2026-02-01;17:00;16;31.29;28.29;21.76;Bueno;62.87;Bueno;1;16.17;13.50;27.00;Bueno;90.00;Bueno;Bueno;Bueno
2026-02-01;18:00;20;30.46;28.29;21.76;Bueno;62.87;Bueno;4;15.79;13.50;27.00;Bueno;90.00;Bueno;Bueno;Bueno
2026-02-01;19:00;17;30.08;28.29;21.76;Bueno;62.87;Bueno;11;15.75;13.50;27.00;Bueno;90.00;Bueno;Bueno;Bueno
2026-02-01;20:00;31;30.25;28.29;21.76;Bueno;62.87;Bueno;9;15.21;13.50;27.00;Bueno;90.00;Bueno;Bueno;Bueno
2026-02-01;21:00;27;30.25;28.29;21.76;Bueno;62.87;Bueno;8;15.00;13.50;27.00;Bueno;90.00;Bueno;Bueno;Bueno
2026-02-01;22:00;20;29.71;28.29;21.76;Bueno;62.87;Bueno;10;14.71;13.50;27.00;Bueno;90.00;Bueno;Bueno;Bueno
2026-02-01;23:00;22;28.29;28.29;21.76;Bueno;62.87;Bueno;6;13.50;13.50;27.00;Bueno;90.00;Bueno;Bueno;Bueno
2026-02-02;00:00;19;27.33;29.38;22.60;Bueno;65.28;Bueno;5;12.42;6.67;13.33;Bueno;44.44;Bueno;Bueno;Bueno
2026-02-02;01:00;9;26.46;29.38;22.60;Bueno;65.28;Bueno;5;12.00;6.67;13.33;Bueno;44.44;Bueno;Bueno;Bueno
2026-02-02;02:00;12;25.50;29.38;22.60;Bueno;65.28;Bueno;4;11.42;6.67;13.33;Bueno;44.44;Bueno;Bueno;Bueno
2026-02-02;03:00;8;24.54;29.38;22.60;Bueno;65.28;Bueno;3;10.79;6.67;13.33;Bueno;44.44;Bueno;Bueno;Bueno
2026-02-02;04:00;16;24.17;29.38;22.60;Bueno;65.28;Bueno;7;10.58;6.67;13.33;Bueno;44.44;Bueno;Bueno;Bueno
2026-02-02;05:00;16;23.96;29.38;22.60;Bueno;65.28;Bueno;8;10.38;6.67;13.33;Bueno;44.44;Bueno;Bueno;Bueno
2026-02-02;06:00;23;23.75;29.38;22.60;Bueno;65.28;Bueno;5;10.04;6.67;13.33;Bueno;44.44;Bueno;Bueno;Bueno
2026-02-02;07:00;32;23.96;29.38;22.60;Bueno;65.28;Bueno;8;9.42;6.67;13.33;Bueno;44.44;Bueno;Bueno;Bueno
2026-02-02;08:00;39;24.08;29.38;22.60;Bueno;65.28;Bueno;9;8.96;6.67;13.33;Bueno;44.44;Bueno;Bueno;Bueno
2026-02-02;09:00;54;24.88;29.38;22.60;Bueno;65.28;Bueno;13;8.62;6.67;13.33;Bueno;44.44;Bueno;Bueno;Bueno
2026-02-02;10:00;54;25.58;29.38;22.60;Bueno;65.28;Bueno;14;8.50;6.67;13.33;Bueno;44.44;Bueno;Bueno;Bueno
2026-02-02;11:00;58;26.42;29.38;22.60;Bueno;65.28;Bueno;16;8.17;6.67;13.33;Bueno;44.44;Bueno;Bueno;Bueno
2026-02-02;12:00;39;27.08;29.38;22.60;Bueno;65.28;Bueno;11;8.21;6.67;13.33;Bueno;44.44;Bueno;Bueno;Bueno
2026-02-02;13:00;33;27.25;29.38;22.60;Bueno;65.28;Bueno;6;7.92;6.67;13.33;Bueno;44.44;Bueno;Bueno;Bueno
2026-02-02;14:00;39;27.58;29.38;22.60;Bueno;65.28;Bueno;4;7.54;6.67;13.33;Bueno;44.44;Bueno;Bueno;Bueno
2026-02-02;15:00;40;27.79;29.38;22.60;Bueno;65.28;Bueno;6;7.42;6.67;13.33;Bueno;44.44;Bueno;Bueno;Bueno
2026-02-02;16:00;39;28.46;29.38;22.60;Bueno;65.28;Bueno;4;7.38;6.67;13.33;Bueno;44.44;Bueno;Bueno;Bueno
2026-02-02;17:00;35;29.25;29.38;22.60;Bueno;65.28;Bueno;5;7.54;6.67;13.33;Bueno;44.44;Bueno;Bueno;Bueno
2026-02-02;18:00;22;29.33;29.38;22.60;Bueno;65.28;Bueno;5;7.58;6.67;13.33;Bueno;44.44;Bueno;Bueno;Bueno
2026-02-02;19:00;27;29.75;29.38;22.60;Bueno;65.28;Bueno;6;7.38;6.67;13.33;Bueno;44.44;Bueno;Bueno;Bueno
2026-02-02;20:00;23;29.42;29.38;22.60;Bueno;65.28;Bueno;4;7.17;6.67;13.33;Bueno;44.44;Bueno;Bueno;Bueno
2026-02-02;21:00;23;29.25;29.38;22.60;Bueno;65.28;Bueno;4;7.00;6.67;13.33;Bueno;44.44;Bueno;Bueno;Bueno
2026-02-02;22:00;26;29.50;29.38;22.60;Bueno;65.28;Bueno;5;6.79;6.67;13.33;Bueno;44.44;Bueno;Bueno;Bueno
2026-02-02;23:00;19;29.38;29.38;22.60;Bueno;65.28;Bueno;3;6.67;6.67;13.33;Bueno;44.44;Bueno;Bueno;Bueno
2026-02-03;00:00;19;29.38;25.96;19.97;Bueno;57.69;Bueno;8;6.79;6.46;12.92;Bueno;43.06;Bueno;Bueno;Bueno
2026-02-03;01:00;21;29.88;25.96;19.97;Bueno;57.69;Bueno;7;6.88;6.46;12.92;Bueno;43.06;Bueno;Bueno;Bueno
2026-02-03;02:00;14;29.96;25.96;19.97;Bueno;57.69;Bueno;4;6.88;6.46;12.92;Bueno;43.06;Bueno;Bueno;Bueno
2026-02-03;03:00;11;30.08;25.96;19.97;Bueno;57.69;Bueno;5;6.96;6.46;12.92;Bueno;43.06;Bueno;Bueno;Bueno
2026-02-03;04:00;11;29.88;25.96;19.97;Bueno;57.69;Bueno;4;6.83;6.46;12.92;Bueno;43.06;Bueno;Bueno;Bueno
2026-02-03;05:00;14;29.79;25.96;19.97;Bueno;57.69;Bueno;8;6.83;6.46;12.92;Bueno;43.06;Bueno;Bueno;Bueno
2026-02-03;06:00;22;29.75;25.96;19.97;Bueno;57.69;Bueno;6;6.88;6.46;12.92;Bueno;43.06;Bueno;Bueno;Bueno
2026-02-03;07:00;20;29.25;25.96;19.97;Bueno;57.69;Bueno;5;6.75;6.46;12.92;Bueno;43.06;Bueno;Bueno;Bueno
2026-02-03;08:00;27;28.75;25.96;19.97;Bueno;57.69;Bueno;8;6.71;6.46;12.92;Bueno;43.06;Bueno;Bueno;Bueno
2026-02-03;09:00;35;27.96;25.96;19.97;Bueno;57.69;Bueno;7;6.46;6.46;12.92;Bueno;43.06;Bueno;Bueno;Bueno
2026-02-03;10:00;41;27.42;25.96;19.97;Bueno;57.69;Bueno;10;6.29;6.46;12.92;Bueno;43.06;Bueno;Bueno;Bueno
2026-02-03;11:00;48;27.00;25.96;19.97;Bueno;57.69;Bueno;18;6.38;6.46;12.92;Bueno;43.06;Bueno;Bueno;Bueno
2026-02-03;12:00;48;27.38;25.96;19.97;Bueno;57.69;Bueno;13;6.46;6.46;12.92;Bueno;43.06;Bueno;Bueno;Bueno
2026-02-03;13:00;47;27.96;25.96;19.97;Bueno;57.69;Bueno;15;6.83;6.46;12.92;Bueno;43.06;Bueno;Bueno;Bueno
2026-02-03;14:00;39;27.96;25.96;19.97;Bueno;57.69;Bueno;8;7.00;6.46;12.92;Bueno;43.06;Bueno;Bueno;Bueno
2026-02-03;15:00;30;27.54;25.96;19.97;Bueno;57.69;Bueno;5;6.96;6.46;12.92;Bueno;43.06;Bueno;Bueno;Bueno
2026-02-03;16:00;30;27.17;25.96;19.97;Bueno;57.69;Bueno;3;6.92;6.46;12.92;Bueno;43.06;Bueno;Bueno;Bueno
2026-02-03;17:00;33;27.08;25.96;19.97;Bueno;57.69;Bueno;3;6.83;6.46;12.92;Bueno;43.06;Bueno;Bueno;Bueno
2026-02-03;18:00;27;27.29;25.96;19.97;Bueno;57.69;Bueno;2;6.71;6.46;12.92;Bueno;43.06;Bueno;Bueno;Bueno
2026-02-03;19:00;21;27.04;25.96;19.97;Bueno;57.69;Bueno;3;6.58;6.46;12.92;Bueno;43.06;Bueno;Bueno;Bueno
2026-02-03;20:00;22;27.00;25.96;19.97;Bueno;57.69;Bueno;4;6.58;6.46;12.92;Bueno;43.06;Bueno;Bueno;Bueno
2026-02-03;21:00;14;26.62;25.96;19.97;Bueno;57.69;Bueno;3;6.54;6.46;12.92;Bueno;43.06;Bueno;Bueno;Bueno
2026-02-03;22:00;16;26.21;25.96;19.97;Bueno;57.69;Bueno;3;6.46;6.46;12.92;Bueno;43.06;Bueno;Bueno;Bueno
2026-02-03;23:00;13;25.96;25.96;19.97;Bueno;57.69;Bueno;3;6.46;6.46;12.92;Bueno;43.06;Bueno;Bueno;Bueno
2026-02-04;00:00;13;25.71;29.62;22.79;Bueno;65.83;Bueno;5;6.33;5.58;11.17;Bueno;37.22;Bueno;Bueno;Bueno
2026-02-04;01:00;12;25.33;29.62;22.79;Bueno;65.83;Bueno;4;6.21;5.58;11.17;Bueno;37.22;Bueno;Bueno;Bueno
2026-02-04;02:00;14;25.33;29.62;22.79;Bueno;65.83;Bueno;3;6.17;5.58;11.17;Bueno;37.22;Bueno;Bueno;Bueno
2026-02-04;03:00;21;25.75;29.62;22.79;Bueno;65.83;Bueno;6;6.21;5.58;11.17;Bueno;37.22;Bueno;Bueno;Bueno
2026-02-04;04:00;24;26.29;29.62;22.79;Bueno;65.83;Bueno;6;6.29;5.58;11.17;Bueno;37.22;Bueno;Bueno;Bueno
2026-02-04;05:00;30;26.96;29.62;22.79;Bueno;65.83;Bueno;11;6.42;5.58;11.17;Bueno;37.22;Bueno;Bueno;Bueno
2026-02-04;06:00;49;28.08;29.62;22.79;Bueno;65.83;Bueno;13;6.71;5.58;11.17;Bueno;37.22;Bueno;Bueno;Bueno
2026-02-04;07:00;48;29.25;29.62;22.79;Bueno;65.83;Bueno;9;6.88;5.58;11.17;Bueno;37.22;Bueno;Bueno;Bueno
2026-02-04;08:00;36;29.62;29.62;22.79;Bueno;65.83;Bueno;9;6.92;5.58;11.17;Bueno;37.22;Bueno;Bueno;Bueno
2026-02-04;09:00;49;30.21;29.62;22.79;Bueno;65.83;Bueno;9;7.00;5.58;11.17;Bueno;37.22;Bueno;Bueno;Bueno
2026-02-04;10:00;35;29.96;29.62;22.79;Bueno;65.83;Bueno;8;6.92;5.58;11.17;Bueno;37.22;Bueno;Bueno;Bueno
2026-02-04;11:00;38;29.54;29.62;22.79;Bueno;65.83;Bueno;6;6.42;5.58;11.17;Bueno;37.22;Bueno;Bueno;Bueno
2026-02-04;12:00;36;29.04;29.62;22.79;Bueno;65.83;Bueno;4;6.04;5.58;11.17;Bueno;37.22;Bueno;Bueno;Bueno
2026-02-04;13:00;28;28.25;29.62;22.79;Bueno;65.83;Bueno;4;5.58;5.58;11.17;Bueno;37.22;Bueno;Bueno;Bueno
2026-02-04;14:00;33;28.00;29.62;22.79;Bueno;65.83;Bueno;4;5.42;5.58;11.17;Bueno;37.22;Bueno;Bueno;Bueno
2026-02-04;15:00;39;28.38;29.62;22.79;Bueno;65.83;Bueno;3;5.33;5.58;11.17;Bueno;37.22;Bueno;Bueno;Bueno
2026-02-04;16:00;37;28.67;29.62;22.79;Bueno;65.83;Bueno;3;5.33;5.58;11.17;Bueno;37.22;Bueno;Bueno;Bueno
2026-02-04;17:00;32;28.62;29.62;22.79;Bueno;65.83;Bueno;3;5.33;5.58;11.17;Bueno;37.22;Bueno;Bueno;Bueno
2026-02-04;18:00;39;29.12;29.62;22.79;Bueno;65.83;Bueno;3;5.38;5.58;11.17;Bueno;37.22;Bueno;Bueno;Bueno
2026-02-04;19:00;28;29.42;29.62;22.79;Bueno;65.83;Bueno;5;5.46;5.58;11.17;Bueno;37.22;Bueno;Bueno;Bueno
2026-02-04;20:00;21;29.38;29.62;22.79;Bueno;65.83;Bueno;4;5.46;5.58;11.17;Bueno;37.22;Bueno;Bueno;Bueno
2026-02-04;21:00;22;29.71;29.62;22.79;Bueno;65.83;Bueno;3;5.46;5.58;11.17;Bueno;37.22;Bueno;Bueno;Bueno
2026-02-04;22:00;17;29.75;29.62;22.79;Bueno;65.83;Bueno;5;5.54;5.58;11.17;Bueno;37.22;Bueno;Bueno;Bueno
2026-02-04;23:00;10;29.62;29.62;22.79;Bueno;65.83;Bueno;4;5.58;5.58;11.17;Bueno;37.22;Bueno;Bueno;Bueno
2026-02-05;00:00;12;29.58;28.33;21.79;Bueno;62.96;Bueno;3;5.50;3.92;7.83;Bueno;26.11;Bueno;Bueno;Bueno
2026-02-05;01:00;20;29.92;28.33;21.79;Bueno;62.96;Bueno;4;5.50;3.92;7.83;Bueno;26.11;Bueno;Bueno;Bueno
2026-02-05;02:00;11;29.79;28.33;21.79;Bueno;62.96;Bueno;2;5.46;3.92;7.83;Bueno;26.11;Bueno;Bueno;Bueno
2026-02-05;03:00;13;29.46;28.33;21.79;Bueno;62.96;Bueno;3;5.33;3.92;7.83;Bueno;26.11;Bueno;Bueno;Bueno
2026-02-05;04:00;29;29.67;28.33;21.79;Bueno;62.96;Bueno;5;5.29;3.92;7.83;Bueno;26.11;Bueno;Bueno;Bueno
2026-02-05;05:00;49;30.46;28.33;21.79;Bueno;62.96;Bueno;9;5.21;3.92;7.83;Bueno;26.11;Bueno;Bueno;Bueno
2026-02-05;06:00;56;30.75;28.33;21.79;Bueno;62.96;Bueno;9;5.04;3.92;7.83;Bueno;26.11;Bueno;Bueno;Bueno
2026-02-05;07:00;71;31.71;28.33;21.79;Bueno;62.96;Bueno;8;5.00;3.92;7.83;Bueno;26.11;Bueno;Bueno;Bueno
2026-02-05;08:00;30;31.46;28.33;21.79;Bueno;62.96;Bueno;5;4.83;3.92;7.83;Bueno;26.11;Bueno;Bueno;Bueno
2026-02-05;09:00;26;30.50;28.33;21.79;Bueno;62.96;Bueno;3;4.58;3.92;7.83;Bueno;26.11;Bueno;Bueno;Bueno
2026-02-05;10:00;30;30.29;28.33;21.79;Bueno;62.96;Bueno;2;4.33;3.92;7.83;Bueno;26.11;Bueno;Bueno;Bueno
2026-02-05;11:00;33;30.08;28.33;21.79;Bueno;62.96;Bueno;6;4.33;3.92;7.83;Bueno;26.11;Bueno;Bueno;Bueno
2026-02-05;12:00;26;29.67;28.33;21.79;Bueno;62.96;Bueno;6;4.42;3.92;7.83;Bueno;26.11;Bueno;Bueno;Bueno
2026-02-05;13:00;23;29.46;28.33;21.79;Bueno;62.96;Bueno;4;4.42;3.92;7.83;Bueno;26.11;Bueno;Bueno;Bueno
2026-02-05;14:00;23;29.04;28.33;21.79;Bueno;62.96;Bueno;1;4.29;3.92;7.83;Bueno;26.11;Bueno;Bueno;Bueno
2026-02-05;15:00;24;28.42;28.33;21.79;Bueno;62.96;Bueno;2;4.25;3.92;7.83;Bueno;26.11;Bueno;Bueno;Bueno
2026-02-05;16:00;23;27.83;28.33;21.79;Bueno;62.96;Bueno;3;4.25;3.92;7.83;Bueno;26.11;Bueno;Bueno;Bueno
2026-02-05;17:00;25;27.54;28.33;21.79;Bueno;62.96;Bueno;1;4.17;3.92;7.83;Bueno;26.11;Bueno;Bueno;Bueno
2026-02-05;18:00;28;27.08;28.33;21.79;Bueno;62.96;Bueno;1;4.08;3.92;7.83;Bueno;26.11;Bueno;Bueno;Bueno
2026-02-05;19:00;25;26.96;28.33;21.79;Bueno;62.96;Bueno;1;3.92;3.92;7.83;Bueno;26.11;Bueno;Bueno;Bueno
2026-02-05;20:00;25;27.12;28.33;21.79;Bueno;62.96;Bueno;4;3.92;3.92;7.83;Bueno;26.11;Bueno;Bueno;Bueno
2026-02-05;21:00;35;27.67;28.33;21.79;Bueno;62.96;Bueno;4;3.96;3.92;7.83;Bueno;26.11;Bueno;Bueno;Bueno
2026-02-05;22:00;21;27.83;28.33;21.79;Bueno;62.96;Bueno;4;3.92;3.92;7.83;Bueno;26.11;Bueno;Bueno;Bueno
2026-02-05;23:00;22;28.33;28.33;21.79;Bueno;62.96;Bueno;4;3.92;3.92;7.83;Bueno;26.11;Bueno;Bueno;Bueno
2026-02-06;00:00;18;28.58;42.83;32.95;Bueno;95.19;Bueno;4;3.96;7.71;15.42;Bueno;51.39;Bueno;Bueno;Bueno
2026-02-06;01:00;19;28.54;42.83;32.95;Bueno;95.19;Bueno;11;4.25;7.71;15.42;Bueno;51.39;Bueno;Bueno;Bueno
2026-02-06;02:00;29;29.29;42.83;32.95;Bueno;95.19;Bueno;8;4.50;7.71;15.42;Bueno;51.39;Bueno;Bueno;Bueno
2026-02-06;03:00;28;29.92;42.83;32.95;Bueno;95.19;Bueno;6;4.62;7.71;15.42;Bueno;51.39;Bueno;Bueno;Bueno
2026-02-06;04:00;25;29.75;42.83;32.95;Bueno;95.19;Bueno;6;4.67;7.71;15.42;Bueno;51.39;Bueno;Bueno;Bueno
2026-02-06;05:00;47;29.67;42.83;32.95;Bueno;95.19;Bueno;8;4.62;7.71;15.42;Bueno;51.39;Bueno;Bueno;Bueno
2026-02-06;06:00;121;32.38;42.83;32.95;Bueno;95.19;Bueno;15;4.88;7.71;15.42;Bueno;51.39;Bueno;Bueno;Bueno
2026-02-06;07:00;109;33.96;42.83;32.95;Bueno;95.19;Bueno;24;5.54;7.71;15.42;Bueno;51.39;Bueno;Bueno;Bueno
2026-02-06;08:00;71;35.67;42.83;32.95;Bueno;95.19;Bueno;20;6.17;7.71;15.42;Bueno;51.39;Bueno;Bueno;Bueno
2026-02-06;09:00;50;36.67;42.83;32.95;Bueno;95.19;Bueno;10;6.46;7.71;15.42;Bueno;51.39;Bueno;Bueno;Bueno
2026-02-06;10:00;52;37.58;42.83;32.95;Bueno;95.19;Bueno;9;6.75;7.71;15.42;Bueno;51.39;Bueno;Bueno;Bueno
2026-02-06;11:00;39;37.83;42.83;32.95;Bueno;95.19;Bueno;4;6.67;7.71;15.42;Bueno;51.39;Bueno;Bueno;Bueno
2026-02-06;12:00;39;38.38;42.83;32.95;Bueno;95.19;Bueno;6;6.67;7.71;15.42;Bueno;51.39;Bueno;Bueno;Bueno
2026-02-06;13:00;36;38.92;42.83;32.95;Bueno;95.19;Bueno;5;6.71;7.71;15.42;Bueno;51.39;Bueno;Bueno;Bueno
2026-02-06;14:00;42;39.71;42.83;32.95;Bueno;95.19;Bueno;5;6.88;7.71;15.42;Bueno;51.39;Bueno;Bueno;Bueno
2026-02-06;15:00;38;40.29;42.83;32.95;Bueno;95.19;Bueno;3;6.92;7.71;15.42;Bueno;51.39;Bueno;Bueno;Bueno
2026-02-06;16:00;31;40.62;42.83;32.95;Bueno;95.19;Bueno;1;6.83;7.71;15.42;Bueno;51.39;Bueno;Bueno;Bueno
2026-02-06;17:00;26;40.67;42.83;32.95;Bueno;95.19;Bueno;2;6.88;7.71;15.42;Bueno;51.39;Bueno;Bueno;Bueno
2026-02-06;18:00;24;40.50;42.83;32.95;Bueno;95.19;Bueno;4;7.00;7.71;15.42;Bueno;51.39;Bueno;Bueno;Bueno
2026-02-06;19:00;28;40.62;42.83;32.95;Bueno;95.19;Bueno;4;7.12;7.71;15.42;Bueno;51.39;Bueno;Bueno;Bueno
2026-02-06;20:00;39;41.21;42.83;32.95;Bueno;95.19;Bueno;9;7.33;7.71;15.42;Bueno;51.39;Bueno;Bueno;Bueno
2026-02-06;21:00;43;41.54;42.83;32.95;Bueno;95.19;Bueno;8;7.50;7.71;15.42;Bueno;51.39;Bueno;Bueno;Bueno
2026-02-06;22:00;37;42.21;42.83;32.95;Bueno;95.19;Bueno;7;7.62;7.71;15.42;Bueno;51.39;Bueno;Bueno;Bueno
2026-02-06;23:00;37;42.83;42.83;32.95;Bueno;95.19;Bueno;6;7.71;7.71;15.42;Bueno;51.39;Bueno;Bueno;Bueno
2026-02-07;00:00;27;43.21;43.67;33.59;Bueno;97.04;Bueno;5;7.75;8.75;17.50;Bueno;58.33;Bueno;Bueno;Bueno
2026-02-07;01:00;24;43.42;43.67;33.59;Bueno;97.04;Bueno;7;7.58;8.75;17.50;Bueno;58.33;Bueno;Bueno;Bueno
2026-02-07;02:00;39;43.83;43.67;33.59;Bueno;97.04;Bueno;10;7.67;8.75;17.50;Bueno;58.33;Bueno;Bueno;Bueno
2026-02-07;03:00;40;44.33;43.67;33.59;Bueno;97.04;Bueno;10;7.83;8.75;17.50;Bueno;58.33;Bueno;Bueno;Bueno
2026-02-07;04:00;43;45.08;43.67;33.59;Bueno;97.04;Bueno;11;8.04;8.75;17.50;Bueno;58.33;Bueno;Bueno;Bueno
2026-02-07;05:00;50;45.21;43.67;33.59;Bueno;97.04;Bueno;15;8.33;8.75;17.50;Bueno;58.33;Bueno;Bueno;Bueno
2026-02-07;06:00;49;42.21;43.67;33.59;Bueno;97.04;Bueno;13;8.25;8.75;17.50;Bueno;58.33;Bueno;Bueno;Bueno
2026-02-07;07:00;63;40.29;43.67;33.59;Bueno;97.04;Bueno;16;7.92;8.75;17.50;Bueno;58.33;Bueno;Bueno;Bueno
2026-02-07;08:00;60;39.83;43.67;33.59;Bueno;97.04;Bueno;12;7.58;8.75;17.50;Bueno;58.33;Bueno;Bueno;Bueno
2026-02-07;09:00;67;40.54;43.67;33.59;Bueno;97.04;Bueno;14;7.75;8.75;17.50;Bueno;58.33;Bueno;Bueno;Bueno
2026-02-07;10:00;45;40.25;43.67;33.59;Bueno;97.04;Bueno;10;7.79;8.75;17.50;Bueno;58.33;Bueno;Bueno;Bueno
2026-02-07;11:00;40;40.29;43.67;33.59;Bueno;97.04;Bueno;5;7.83;8.75;17.50;Bueno;58.33;Bueno;Bueno;Bueno
2026-02-07;12:00;46;40.58;43.67;33.59;Bueno;97.04;Bueno;6;7.83;8.75;17.50;Bueno;58.33;Bueno;Bueno;Bueno
2026-02-07;13:00;39;40.71;43.67;33.59;Bueno;97.04;Bueno;12;8.12;8.75;17.50;Bueno;58.33;Bueno;Bueno;Bueno
2026-02-07;14:00;35;40.42;43.67;33.59;Bueno;97.04;Bueno;7;8.21;8.75;17.50;Bueno;58.33;Bueno;Bueno;Bueno
2026-02-07;15:00;62;41.42;43.67;33.59;Bueno;97.04;Bueno;9;8.46;8.75;17.50;Bueno;58.33;Bueno;Bueno;Bueno
2026-02-07;16:00;90;43.88;43.67;33.59;Bueno;97.04;Bueno;7;8.71;8.75;17.50;Bueno;58.33;Bueno;Bueno;Bueno
2026-02-07;17:00;64;45.46;43.67;33.59;Bueno;97.04;Bueno;4;8.79;8.75;17.50;Bueno;58.33;Bueno;Bueno;Bueno
2026-02-07;18:00;44;46.29;43.67;33.59;Bueno;97.04;Bueno;3;8.75;8.75;17.50;Bueno;58.33;Bueno;Bueno;Bueno
2026-02-07;19:00;28;46.29;43.67;33.59;Bueno;97.04;Bueno;5;8.79;8.75;17.50;Bueno;58.33;Bueno;Bueno;Bueno
2026-02-07;20:00;28;45.83;43.67;33.59;Bueno;97.04;Bueno;9;8.79;8.75;17.50;Bueno;58.33;Bueno;Bueno;Bueno
2026-02-07;21:00;24;45.04;43.67;33.59;Bueno;97.04;Bueno;6;8.71;8.75;17.50;Bueno;58.33;Bueno;Bueno;Bueno
2026-02-07;22:00;23;44.46;43.67;33.59;Bueno;97.04;Bueno;7;8.71;8.75;17.50;Bueno;58.33;Bueno;Bueno;Bueno
2026-02-07;23:00;18;43.67;43.67;33.59;Bueno;97.04;Bueno;7;8.75;8.75;17.50;Bueno;58.33;Bueno;Bueno;Bueno
2026-02-08;00:00;16;43.21;31.00;23.85;Bueno;68.89;Bueno;5;8.75;7.88;15.75;Bueno;52.50;Bueno;Bueno;Bueno
2026-02-08;01:00;30;43.46;31.00;23.85;Bueno;68.89;Bueno;6;8.71;7.88;15.75;Bueno;52.50;Bueno;Bueno;Bueno
2026-02-08;02:00;35;43.29;31.00;23.85;Bueno;68.89;Bueno;15;8.92;7.88;15.75;Bueno;52.50;Bueno;Bueno;Bueno
2026-02-08;03:00;31;42.92;31.00;23.85;Bueno;68.89;Bueno;14;9.08;7.88;15.75;Bueno;52.50;Bueno;Bueno;Bueno
2026-02-08;04:00;35;42.58;31.00;23.85;Bueno;68.89;Bueno;13;9.17;7.88;15.75;Bueno;52.50;Bueno;Bueno;Bueno
2026-02-08;05:00;41;42.21;31.00;23.85;Bueno;68.89;Bueno;18;9.29;7.88;15.75;Bueno;52.50;Bueno;Bueno;Bueno
2026-02-08;06:00;44;42.00;31.00;23.85;Bueno;68.89;Bueno;13;9.29;7.88;15.75;Bueno;52.50;Bueno;Bueno;Bueno
2026-02-08;07:00;50;41.46;31.00;23.85;Bueno;68.89;Bueno;16;9.29;7.88;15.75;Bueno;52.50;Bueno;Bueno;Bueno
2026-02-08;08:00;34;40.38;31.00;23.85;Bueno;68.89;Bueno;15;9.42;7.88;15.75;Bueno;52.50;Bueno;Bueno;Bueno
2026-02-08;09:00;37;39.12;31.00;23.85;Bueno;68.89;Bueno;8;9.17;7.88;15.75;Bueno;52.50;Bueno;Bueno;Bueno
2026-02-08;10:00;31;38.54;31.00;23.85;Bueno;68.89;Bueno;8;9.08;7.88;15.75;Bueno;52.50;Bueno;Bueno;Bueno
2026-02-08;11:00;32;38.21;31.00;23.85;Bueno;68.89;Bueno;9;9.25;7.88;15.75;Bueno;52.50;Bueno;Bueno;Bueno
2026-02-08;12:00;35;37.75;31.00;23.85;Bueno;68.89;Bueno;7;9.29;7.88;15.75;Bueno;52.50;Bueno;Bueno;Bueno
2026-02-08;13:00;30;37.38;31.00;23.85;Bueno;68.89;Bueno;5;9.00;7.88;15.75;Bueno;52.50;Bueno;Bueno;Bueno
2026-02-08;14:00;25;36.96;31.00;23.85;Bueno;68.89;Bueno;7;9.00;7.88;15.75;Bueno;52.50;Bueno;Bueno;Bueno
2026-02-08;15:00;32;35.71;31.00;23.85;Bueno;68.89;Bueno;5;8.83;7.88;15.75;Bueno;52.50;Bueno;Bueno;Bueno
2026-02-08;16:00;45;33.83;31.00;23.85;Bueno;68.89;Bueno;7;8.83;7.88;15.75;Bueno;52.50;Bueno;Bueno;Bueno
2026-02-08;17:00;43;32.96;31.00;23.85;Bueno;68.89;Bueno;4;8.83;7.88;15.75;Bueno;52.50;Bueno;Bueno;Bueno
2026-02-08;18:00;38;32.71;31.00;23.85;Bueno;68.89;Bueno;1;8.75;7.88;15.75;Bueno;52.50;Bueno;Bueno;Bueno
2026-02-08;19:00;24;32.54;31.00;23.85;Bueno;68.89;Bueno;1;8.58;7.88;15.75;Bueno;52.50;Bueno;Bueno;Bueno
2026-02-08;20:00;23;32.33;31.00;23.85;Bueno;68.89;Bueno;3;8.33;7.88;15.75;Bueno;52.50;Bueno;Bueno;Bueno
2026-02-08;21:00;14;31.92;31.00;23.85;Bueno;68.89;Bueno;2;8.17;7.88;15.75;Bueno;52.50;Bueno;Bueno;Bueno
2026-02-08;22:00;11;31.42;31.00;23.85;Bueno;68.89;Bueno;4;8.04;7.88;15.75;Bueno;52.50;Bueno;Bueno;Bueno
2026-02-08;23:00;8;31.00;31.00;23.85;Bueno;68.89;Bueno;3;7.88;7.88;15.75;Bueno;52.50;Bueno;Bueno;Bueno
2026-02-09;00:00;10;30.75;30.21;23.24;Bueno;67.13;Bueno;1;7.71;3.46;6.92;Bueno;23.06;Bueno;Bueno;Bueno
2026-02-09;01:00;20;30.33;30.21;23.24;Bueno;67.13;Bueno;1;7.50;3.46;6.92;Bueno;23.06;Bueno;Bueno;Bueno
2026-02-09;02:00;11;29.33;30.21;23.24;Bueno;67.13;Bueno;1;6.92;3.46;6.92;Bueno;23.06;Bueno;Bueno;Bueno
2026-02-09;03:00;9;28.42;30.21;23.24;Bueno;67.13;Bueno;1;6.38;3.46;6.92;Bueno;23.06;Bueno;Bueno;Bueno
2026-02-09;04:00;17;27.67;30.21;23.24;Bueno;67.13;Bueno;4;6.00;3.46;6.92;Bueno;23.06;Bueno;Bueno;Bueno
2026-02-09;05:00;25;27.00;30.21;23.24;Bueno;67.13;Bueno;10;5.67;3.46;6.92;Bueno;23.06;Bueno;Bueno;Bueno
2026-02-09;06:00;42;26.92;30.21;23.24;Bueno;67.13;Bueno;5;5.33;3.46;6.92;Bueno;23.06;Bueno;Bueno;Bueno
2026-02-09;07:00;53;27.04;30.21;23.24;Bueno;67.13;Bueno;5;4.88;3.46;6.92;Bueno;23.06;Bueno;Bueno;Bueno
2026-02-09;08:00;55;27.92;30.21;23.24;Bueno;67.13;Bueno;11;4.71;3.46;6.92;Bueno;23.06;Bueno;Bueno;Bueno
2026-02-09;09:00;35;27.83;30.21;23.24;Bueno;67.13;Bueno;7;4.67;3.46;6.92;Bueno;23.06;Bueno;Bueno;Bueno
2026-02-09;10:00;44;28.38;30.21;23.24;Bueno;67.13;Bueno;4;4.50;3.46;6.92;Bueno;23.06;Bueno;Bueno;Bueno
2026-02-09;11:00;42;28.79;30.21;23.24;Bueno;67.13;Bueno;3;4.25;3.46;6.92;Bueno;23.06;Bueno;Bueno;Bueno
2026-02-09;12:00;35;28.79;30.21;23.24;Bueno;67.13;Bueno;3;4.08;3.46;6.92;Bueno;23.06;Bueno;Bueno;Bueno
2026-02-09;13:00;29;28.75;30.21;23.24;Bueno;67.13;Bueno;4;4.04;3.46;6.92;Bueno;23.06;Bueno;Bueno;Bueno
2026-02-09;14:00;36;29.21;30.21;23.24;Bueno;67.13;Bueno;3;3.88;3.46;6.92;Bueno;23.06;Bueno;Bueno;Bueno
2026-02-09;15:00;47;29.83;30.21;23.24;Bueno;67.13;Bueno;1;3.71;3.46;6.92;Bueno;23.06;Bueno;Bueno;Bueno
2026-02-09;16:00;35;29.42;30.21;23.24;Bueno;67.13;Bueno;1;3.46;3.46;6.92;Bueno;23.06;Bueno;Bueno;Bueno
2026-02-09;17:00;31;28.92;30.21;23.24;Bueno;67.13;Bueno;1;3.33;3.46;6.92;Bueno;23.06;Bueno;Bueno;Bueno
2026-02-09;18:00;25;28.38;30.21;23.24;Bueno;67.13;Bueno;3;3.42;3.46;6.92;Bueno;23.06;Bueno;Bueno;Bueno
2026-02-09;19:00;30;28.62;30.21;23.24;Bueno;67.13;Bueno;2;3.46;3.46;6.92;Bueno;23.06;Bueno;Bueno;Bueno
2026-02-09;20:00;27;28.79;30.21;23.24;Bueno;67.13;Bueno;2;3.42;3.46;6.92;Bueno;23.06;Bueno;Bueno;Bueno
2026-02-09;21:00;26;29.29;30.21;23.24;Bueno;67.13;Bueno;4;3.50;3.46;6.92;Bueno;23.06;Bueno;Bueno;Bueno
2026-02-09;22:00;22;29.75;30.21;23.24;Bueno;67.13;Bueno;4;3.50;3.46;6.92;Bueno;23.06;Bueno;Bueno;Bueno
2026-02-09;23:00;19;30.21;30.21;23.24;Bueno;67.13;Bueno;2;3.46;3.46;6.92;Bueno;23.06;Bueno;Bueno;Bueno
2026-02-10;00:00;22;30.71;34.00;26.15;Bueno;75.56;Bueno;3;3.54;4.04;8.08;Bueno;26.94;Bueno;Bueno;Bueno
2026-02-10;01:00;14;30.46;34.00;26.15;Bueno;75.56;Bueno;4;3.67;4.04;8.08;Bueno;26.94;Bueno;Bueno;Bueno
2026-02-10;02:00;14;30.58;34.00;26.15;Bueno;75.56;Bueno;4;3.79;4.04;8.08;Bueno;26.94;Bueno;Bueno;Bueno
2026-02-10;03:00;15;30.83;34.00;26.15;Bueno;75.56;Bueno;3;3.88;4.04;8.08;Bueno;26.94;Bueno;Bueno;Bueno
2026-02-10;04:00;11;30.58;34.00;26.15;Bueno;75.56;Bueno;3;3.83;4.04;8.08;Bueno;26.94;Bueno;Bueno;Bueno
2026-02-10;05:00;13;30.08;34.00;26.15;Bueno;75.56;Bueno;3;3.54;4.04;8.08;Bueno;26.94;Bueno;Bueno;Bueno
2026-02-10;06:00;32;29.67;34.00;26.15;Bueno;75.56;Bueno;4;3.50;4.04;8.08;Bueno;26.94;Bueno;Bueno;Bueno
2026-02-10;07:00;61;30.00;34.00;26.15;Bueno;75.56;Bueno;8;3.62;4.04;8.08;Bueno;26.94;Bueno;Bueno;Bueno
2026-02-10;08:00;63;30.33;34.00;26.15;Bueno;75.56;Bueno;9;3.54;4.04;8.08;Bueno;26.94;Bueno;Bueno;Bueno
2026-02-10;09:00;43;30.67;34.00;26.15;Bueno;75.56;Bueno;5;3.46;4.04;8.08;Bueno;26.94;Bueno;Bueno;Bueno
2026-02-10;10:00;37;30.38;34.00;26.15;Bueno;75.56;Bueno;9;3.67;4.04;8.08;Bueno;26.94;Bueno;Bueno;Bueno
2026-02-10;11:00;39;30.25;34.00;26.15;Bueno;75.56;Bueno;7;3.83;4.04;8.08;Bueno;26.94;Bueno;Bueno;Bueno
2026-02-10;12:00;30;30.04;34.00;26.15;Bueno;75.56;Bueno;4;3.88;4.04;8.08;Bueno;26.94;Bueno;Bueno;Bueno
2026-02-10;13:00;27;29.96;34.00;26.15;Bueno;75.56;Bueno;3;3.83;4.04;8.08;Bueno;26.94;Bueno;Bueno;Bueno
2026-02-10;14:00;27;29.58;34.00;26.15;Bueno;75.56;Bueno;1;3.75;4.04;8.08;Bueno;26.94;Bueno;Bueno;Bueno
2026-02-10;15:00;57;30.00;34.00;26.15;Bueno;75.56;Bueno;1;3.75;4.04;8.08;Bueno;26.94;Bueno;Bueno;Bueno
2026-02-10;16:00;69;31.42;34.00;26.15;Bueno;75.56;Bueno;4;3.88;4.04;8.08;Bueno;26.94;Bueno;Bueno;Bueno
2026-02-10;17:00;48;32.12;34.00;26.15;Bueno;75.56;Bueno;2;3.92;4.04;8.08;Bueno;26.94;Bueno;Bueno;Bueno
2026-02-10;18:00;35;32.54;34.00;26.15;Bueno;75.56;Bueno;1;3.83;4.04;8.08;Bueno;26.94;Bueno;Bueno;Bueno
2026-02-10;19:00;47;33.25;34.00;26.15;Bueno;75.56;Bueno;2;3.83;4.04;8.08;Bueno;26.94;Bueno;Bueno;Bueno
2026-02-10;20:00;34;33.54;34.00;26.15;Bueno;75.56;Bueno;4;3.92;4.04;8.08;Bueno;26.94;Bueno;Bueno;Bueno
2026-02-10;21:00;32;33.79;34.00;26.15;Bueno;75.56;Bueno;4;3.92;4.04;8.08;Bueno;26.94;Bueno;Bueno;Bueno
2026-02-10;22:00;27;34.00;34.00;26.15;Bueno;75.56;Bueno;5;3.96;4.04;8.08;Bueno;26.94;Bueno;Bueno;Bueno
2026-02-10;23:00;19;34.00;34.00;26.15;Bueno;75.56;Bueno;4;4.04;4.04;8.08;Bueno;26.94;Bueno;Bueno;Bueno
2026-02-11;00:00;18;33.83;39.54;30.42;Bueno;87.87;Bueno;3;4.04;5.04;10.08;Bueno;33.61;Bueno;Bueno;Bueno
2026-02-11;01:00;21;34.12;39.54;30.42;Bueno;87.87;Bueno;3;4.00;5.04;10.08;Bueno;33.61;Bueno;Bueno;Bueno
2026-02-11;02:00;19;34.33;39.54;30.42;Bueno;87.87;Bueno;7;4.12;5.04;10.08;Bueno;33.61;Bueno;Bueno;Bueno
2026-02-11;03:00;19;34.50;39.54;30.42;Bueno;87.87;Bueno;5;4.21;5.04;10.08;Bueno;33.61;Bueno;Bueno;Bueno
2026-02-11;04:00;33;35.42;39.54;30.42;Bueno;87.87;Bueno;4;4.25;5.04;10.08;Bueno;33.61;Bueno;Bueno;Bueno
2026-02-11;05:00;31;36.17;39.54;30.42;Bueno;87.87;Bueno;4;4.29;5.04;10.08;Bueno;33.61;Bueno;Bueno;Bueno
2026-02-11;06:00;37;36.38;39.54;30.42;Bueno;87.87;Bueno;4;4.29;5.04;10.08;Bueno;33.61;Bueno;Bueno;Bueno
2026-02-11;07:00;62;36.42;39.54;30.42;Bueno;87.87;Bueno;7;4.25;5.04;10.08;Bueno;33.61;Bueno;Bueno;Bueno
2026-02-11;08:00;64;36.46;39.54;30.42;Bueno;87.87;Bueno;7;4.17;5.04;10.08;Bueno;33.61;Bueno;Bueno;Bueno
2026-02-11;09:00;59;37.12;39.54;30.42;Bueno;87.87;Bueno;7;4.25;5.04;10.08;Bueno;33.61;Bueno;Bueno;Bueno
2026-02-11;10:00;57;37.96;39.54;30.42;Bueno;87.87;Bueno;5;4.08;5.04;10.08;Bueno;33.61;Bueno;Bueno;Bueno
2026-02-11;11:00;57;38.71;39.54;30.42;Bueno;87.87;Bueno;7;4.08;5.04;10.08;Bueno;33.61;Bueno;Bueno;Bueno
2026-02-11;12:00;38;39.04;39.54;30.42;Bueno;87.87;Bueno;5;4.12;5.04;10.08;Bueno;33.61;Bueno;Bueno;Bueno
2026-02-11;13:00;42;39.67;39.54;30.42;Bueno;87.87;Bueno;5;4.21;5.04;10.08;Bueno;33.61;Bueno;Bueno;Bueno
2026-02-11;14:00;36;40.04;39.54;30.42;Bueno;87.87;Bueno;3;4.29;5.04;10.08;Bueno;33.61;Bueno;Bueno;Bueno
2026-02-11;15:00;45;39.54;39.54;30.42;Bueno;87.87;Bueno;2;4.33;5.04;10.08;Bueno;33.61;Bueno;Bueno;Bueno
2026-02-11;16:00;33;38.04;39.54;30.42;Bueno;87.87;Bueno;1;4.21;5.04;10.08;Bueno;33.61;Bueno;Bueno;Bueno
2026-02-11;17:00;36;37.54;39.54;30.42;Bueno;87.87;Bueno;1;4.17;5.04;10.08;Bueno;33.61;Bueno;Bueno;Bueno
2026-02-11;18:00;36;37.58;39.54;30.42;Bueno;87.87;Bueno;3;4.25;5.04;10.08;Bueno;33.61;Bueno;Bueno;Bueno
2026-02-11;19:00;34;37.04;39.54;30.42;Bueno;87.87;Bueno;3;4.29;5.04;10.08;Bueno;33.61;Bueno;Bueno;Bueno
2026-02-11;20:00;41;37.33;39.54;30.42;Bueno;87.87;Bueno;7;4.42;5.04;10.08;Bueno;33.61;Bueno;Bueno;Bueno
2026-02-11;21:00;48;38.00;39.54;30.42;Bueno;87.87;Bueno;13;4.79;5.04;10.08;Bueno;33.61;Bueno;Bueno;Bueno
2026-02-11;22:00;37;38.42;39.54;30.42;Bueno;87.87;Bueno;9;4.96;5.04;10.08;Bueno;33.61;Bueno;Bueno;Bueno
2026-02-11;23:00;46;39.54;39.54;30.42;Bueno;87.87;Bueno;6;5.04;5.04;10.08;Bueno;33.61;Bueno;Bueno;Bueno
2026-02-12;00:00;40;40.46;48.67;37.44;Bueno;106.01;Regular;6;5.17;8.92;17.83;Bueno;59.44;Bueno;Bueno;Regular
2026-02-12;01:00;34;41.00;48.67;37.44;Bueno;106.01;Regular;7;5.33;8.92;17.83;Bueno;59.44;Bueno;Bueno;Regular
2026-02-12;02:00;37;41.75;48.67;37.44;Bueno;106.01;Regular;9;5.42;8.92;17.83;Bueno;59.44;Bueno;Bueno;Regular
2026-02-12;03:00;33;42.33;48.67;37.44;Bueno;106.01;Regular;14;5.79;8.92;17.83;Bueno;59.44;Bueno;Bueno;Regular
2026-02-12;04:00;38;42.54;48.67;37.44;Bueno;106.01;Regular;10;6.04;8.92;17.83;Bueno;59.44;Bueno;Bueno;Regular
2026-02-12;05:00;52;43.42;48.67;37.44;Bueno;106.01;Regular;16;6.54;8.92;17.83;Bueno;59.44;Bueno;Bueno;Regular
2026-02-12;06:00;57;44.25;48.67;37.44;Bueno;106.01;Regular;16;7.04;8.92;17.83;Bueno;59.44;Bueno;Bueno;Regular
2026-02-12;07:00;114;46.42;48.67;37.44;Bueno;106.01;Regular;20;7.58;8.92;17.83;Bueno;59.44;Bueno;Bueno;Regular
2026-02-12;08:00;76;46.92;48.67;37.44;Bueno;106.01;Regular;16;7.96;8.92;17.83;Bueno;59.44;Bueno;Bueno;Regular
2026-02-12;09:00;71;47.42;48.67;37.44;Bueno;106.01;Regular;10;8.08;8.92;17.83;Bueno;59.44;Bueno;Bueno;Regular
2026-02-12;10:00;54;47.29;48.67;37.44;Bueno;106.01;Regular;8;8.21;8.92;17.83;Bueno;59.44;Bueno;Bueno;Regular
2026-02-12;11:00;59;47.38;48.67;37.44;Bueno;106.01;Regular;10;8.33;8.92;17.83;Bueno;59.44;Bueno;Bueno;Regular
2026-02-12;12:00;62;48.38;48.67;37.44;Bueno;106.01;Regular;11;8.58;8.92;17.83;Bueno;59.44;Bueno;Bueno;Regular
2026-02-12;13:00;61;49.17;48.67;37.44;Bueno;106.01;Regular;10;8.79;8.92;17.83;Bueno;59.44;Bueno;Bueno;Regular
2026-02-12;14:00;48;49.67;48.67;37.44;Bueno;106.01;Regular;9;9.04;8.92;17.83;Bueno;59.44;Bueno;Bueno;Regular
2026-02-12;15:00;45;49.67;48.67;37.44;Bueno;106.01;Regular;5;9.17;8.92;17.83;Bueno;59.44;Bueno;Bueno;Regular
2026-02-12;16:00;31;49.58;48.67;37.44;Bueno;106.01;Regular;3;9.25;8.92;17.83;Bueno;59.44;Bueno;Bueno;Regular
2026-02-12;17:00;39;49.71;48.67;37.44;Bueno;106.01;Regular;3;9.33;8.92;17.83;Bueno;59.44;Bueno;Bueno;Regular
2026-02-12;18:00;34;49.62;48.67;37.44;Bueno;106.01;Regular;4;9.38;8.92;17.83;Bueno;59.44;Bueno;Bueno;Regular
2026-02-12;19:00;31;49.50;48.67;37.44;Bueno;106.01;Regular;3;9.38;8.92;17.83;Bueno;59.44;Bueno;Bueno;Regular
2026-02-12;20:00;29;49.00;48.67;37.44;Bueno;106.01;Regular;4;9.25;8.92;17.83;Bueno;59.44;Bueno;Bueno;Regular
2026-02-12;21:00;47;48.96;48.67;37.44;Bueno;106.01;Regular;6;8.96;8.92;17.83;Bueno;59.44;Bueno;Bueno;Regular
2026-02-12;22:00;41;49.12;48.67;37.44;Bueno;106.01;Regular;7;8.88;8.92;17.83;Bueno;59.44;Bueno;Bueno;Regular
2026-02-12;23:00;35;48.67;48.67;37.44;Bueno;106.01;Regular;7;8.92;8.92;17.83;Bueno;59.44;Bueno;Bueno;Regular
2026-02-13;00:00;25;48.04;51.75;39.81;Bueno;111.06;Regular;6;8.92;8.25;16.50;Bueno;55.00;Bueno;Bueno;Regular
2026-02-13;01:00;19;47.42;51.75;39.81;Bueno;111.06;Regular;5;8.83;8.25;16.50;Bueno;55.00;Bueno;Bueno;Regular
2026-02-13;02:00;29;47.08;51.75;39.81;Bueno;111.06;Regular;7;8.75;8.25;16.50;Bueno;55.00;Bueno;Bueno;Regular
2026-02-13;03:00;27;46.83;51.75;39.81;Bueno;111.06;Regular;7;8.46;8.25;16.50;Bueno;55.00;Bueno;Bueno;Regular
2026-02-13;04:00;49;47.29;51.75;39.81;Bueno;111.06;Regular;9;8.42;8.25;16.50;Bueno;55.00;Bueno;Bueno;Regular
2026-02-13;05:00;50;47.21;51.75;39.81;Bueno;111.06;Regular;11;8.21;8.25;16.50;Bueno;55.00;Bueno;Bueno;Regular
2026-02-13;06:00;86;48.42;51.75;39.81;Bueno;111.06;Regular;17;8.25;8.25;16.50;Bueno;55.00;Bueno;Bueno;Regular
2026-02-13;07:00;155;50.12;51.75;39.81;Bueno;111.06;Regular;19;8.21;8.25;16.50;Bueno;55.00;Bueno;Bueno;Regular
2026-02-13;08:00;118;51.88;51.75;39.81;Bueno;111.06;Regular;20;8.38;8.25;16.50;Bueno;55.00;Bueno;Bueno;Regular
2026-02-13;09:00;69;51.79;51.75;39.81;Bueno;111.06;Regular;7;8.25;8.25;16.50;Bueno;55.00;Bueno;Bueno;Regular
2026-02-13;10:00;57;51.92;51.75;39.81;Bueno;111.06;Regular;5;8.12;8.25;16.50;Bueno;55.00;Bueno;Bueno;Regular
2026-02-13;11:00;74;52.54;51.75;39.81;Bueno;111.06;Regular;14;8.29;8.25;16.50;Bueno;55.00;Bueno;Bueno;Regular
2026-02-13;12:00;53;52.17;51.75;39.81;Bueno;111.06;Regular;10;8.25;8.25;16.50;Bueno;55.00;Bueno;Bueno;Regular
2026-02-13;13:00;42;51.38;51.75;39.81;Bueno;111.06;Regular;9;8.21;8.25;16.50;Bueno;55.00;Bueno;Bueno;Regular
2026-02-13;14:00;37;50.92;51.75;39.81;Bueno;111.06;Regular;5;8.04;8.25;16.50;Bueno;55.00;Bueno;Bueno;Regular
2026-02-13;15:00;33;50.42;51.75;39.81;Bueno;111.06;Regular;3;7.96;8.25;16.50;Bueno;55.00;Bueno;Bueno;Regular
2026-02-13;16:00;30;50.38;51.75;39.81;Bueno;111.06;Regular;1;7.88;8.25;16.50;Bueno;55.00;Bueno;Bueno;Regular
2026-02-13;17:00;61;51.29;51.75;39.81;Bueno;111.06;Regular;6;8.00;8.25;16.50;Bueno;55.00;Bueno;Bueno;Regular
2026-02-13;18:00;30;51.12;51.75;39.81;Bueno;111.06;Regular;6;8.08;8.25;16.50;Bueno;55.00;Bueno;Bueno;Regular
2026-02-13;19:00;30;51.08;51.75;39.81;Bueno;111.06;Regular;3;8.08;8.25;16.50;Bueno;55.00;Bueno;Bueno;Regular
2026-02-13;20:00;35;51.33;51.75;39.81;Bueno;111.06;Regular;4;8.08;8.25;16.50;Bueno;55.00;Bueno;Bueno;Regular
2026-02-13;21:00;48;51.38;51.75;39.81;Bueno;111.06;Regular;8;8.17;8.25;16.50;Bueno;55.00;Bueno;Bueno;Regular
2026-02-13;22:00;42;51.42;51.75;39.81;Bueno;111.06;Regular;7;8.17;8.25;16.50;Bueno;55.00;Bueno;Bueno;Regular
2026-02-13;23:00;43;51.75;51.75;39.81;Bueno;111.06;Regular;9;8.25;8.25;16.50;Bueno;55.00;Bueno;Bueno;Regular
2026-02-14;00:00;36;52.21;36.96;28.43;Bueno;82.13;Bueno;6;8.25;6.71;13.42;Bueno;44.72;Bueno;Bueno;Bueno
2026-02-14;01:00;24;52.42;36.96;28.43;Bueno;82.13;Bueno;7;8.33;6.71;13.42;Bueno;44.72;Bueno;Bueno;Bueno
2026-02-14;02:00;48;53.21;36.96;28.43;Bueno;82.13;Bueno;9;8.42;6.71;13.42;Bueno;44.72;Bueno;Bueno;Bueno
2026-02-14;03:00;46;54.00;36.96;28.43;Bueno;82.13;Bueno;12;8.62;6.71;13.42;Bueno;44.72;Bueno;Bueno;Bueno
2026-02-14;04:00;46;53.88;36.96;28.43;Bueno;82.13;Bueno;10;8.67;6.71;13.42;Bueno;44.72;Bueno;Bueno;Bueno
2026-02-14;05:00;46;53.71;36.96;28.43;Bueno;82.13;Bueno;9;8.58;6.71;13.42;Bueno;44.72;Bueno;Bueno;Bueno
2026-02-14;06:00;62;52.71;36.96;28.43;Bueno;82.13;Bueno;10;8.29;6.71;13.42;Bueno;44.72;Bueno;Bueno;Bueno
2026-02-14;07:00;68;49.08;36.96;28.43;Bueno;82.13;Bueno;18;8.25;6.71;13.42;Bueno;44.72;Bueno;Bueno;Bueno
2026-02-14;08:00;54;46.42;36.96;28.43;Bueno;82.13;Bueno;8;7.75;6.71;13.42;Bueno;44.72;Bueno;Bueno;Bueno
2026-02-14;09:00;48;45.54;36.96;28.43;Bueno;82.13;Bueno;6;7.71;6.71;13.42;Bueno;44.72;Bueno;Bueno;Bueno
2026-02-14;10:00;50;45.25;36.96;28.43;Bueno;82.13;Bueno;7;7.79;6.71;13.42;Bueno;44.72;Bueno;Bueno;Bueno
2026-02-14;11:00;49;44.21;36.96;28.43;Bueno;82.13;Bueno;8;7.54;6.71;13.42;Bueno;44.72;Bueno;Bueno;Bueno
2026-02-14;12:00;28;43.17;36.96;28.43;Bueno;82.13;Bueno;5;7.33;6.71;13.42;Bueno;44.72;Bueno;Bueno;Bueno
2026-02-14;13:00;30;42.67;36.96;28.43;Bueno;82.13;Bueno;4;7.12;6.71;13.42;Bueno;44.72;Bueno;Bueno;Bueno
2026-02-14;14:00;25;42.17;36.96;28.43;Bueno;82.13;Bueno;4;7.08;6.71;13.42;Bueno;44.72;Bueno;Bueno;Bueno
2026-02-14;15:00;24;41.79;36.96;28.43;Bueno;82.13;Bueno;3;7.08;6.71;13.42;Bueno;44.72;Bueno;Bueno;Bueno
2026-02-14;16:00;18;41.29;36.96;28.43;Bueno;82.13;Bueno;4;7.21;6.71;13.42;Bueno;44.72;Bueno;Bueno;Bueno
2026-02-14;17:00;26;39.83;36.96;28.43;Bueno;82.13;Bueno;4;7.12;6.71;13.42;Bueno;44.72;Bueno;Bueno;Bueno
2026-02-14;18:00;31;39.88;36.96;28.43;Bueno;82.13;Bueno;3;7.00;6.71;13.42;Bueno;44.72;Bueno;Bueno;Bueno
2026-02-14;19:00;27;39.75;36.96;28.43;Bueno;82.13;Bueno;5;7.08;6.71;13.42;Bueno;44.72;Bueno;Bueno;Bueno
2026-02-14;20:00;32;39.62;36.96;28.43;Bueno;82.13;Bueno;7;7.21;6.71;13.42;Bueno;44.72;Bueno;Bueno;Bueno
2026-02-14;21:00;33;39.00;36.96;28.43;Bueno;82.13;Bueno;7;7.17;6.71;13.42;Bueno;44.72;Bueno;Bueno;Bueno
2026-02-14;22:00;26;38.33;36.96;28.43;Bueno;82.13;Bueno;4;7.04;6.71;13.42;Bueno;44.72;Bueno;Bueno;Bueno
2026-02-14;23:00;10;36.96;36.96;28.43;Bueno;82.13;Bueno;1;6.71;6.71;13.42;Bueno;44.72;Bueno;Bueno;Bueno
2026-02-15;00:00;6;35.71;25.54;19.65;Bueno;56.76;Bueno;4;6.62;5.67;11.33;Bueno;37.78;Bueno;Bueno;Bueno
2026-02-15;01:00;7;35.00;25.54;19.65;Bueno;56.76;Bueno;1;6.38;5.67;11.33;Bueno;37.78;Bueno;Bueno;Bueno
2026-02-15;02:00;5;33.21;25.54;19.65;Bueno;56.76;Bueno;1;6.04;5.67;11.33;Bueno;37.78;Bueno;Bueno;Bueno
2026-02-15;03:00;18;32.04;25.54;19.65;Bueno;56.76;Bueno;3;5.67;5.67;11.33;Bueno;37.78;Bueno;Bueno;Bueno
2026-02-15;04:00;24;31.12;25.54;19.65;Bueno;56.76;Bueno;4;5.42;5.67;11.33;Bueno;37.78;Bueno;Bueno;Bueno
2026-02-15;05:00;19;30.00;25.54;19.65;Bueno;56.76;Bueno;6;5.29;5.67;11.33;Bueno;37.78;Bueno;Bueno;Bueno
2026-02-15;06:00;36;28.92;25.54;19.65;Bueno;56.76;Bueno;12;5.38;5.67;11.33;Bueno;37.78;Bueno;Bueno;Bueno
2026-02-15;07:00;41;27.79;25.54;19.65;Bueno;56.76;Bueno;12;5.12;5.67;11.33;Bueno;37.78;Bueno;Bueno;Bueno
2026-02-15;08:00;36;27.04;25.54;19.65;Bueno;56.76;Bueno;10;5.21;5.67;11.33;Bueno;37.78;Bueno;Bueno;Bueno
2026-02-15;09:00;28;26.21;25.54;19.65;Bueno;56.76;Bueno;6;5.21;5.67;11.33;Bueno;37.78;Bueno;Bueno;Bueno
2026-02-15;10:00;22;25.04;25.54;19.65;Bueno;56.76;Bueno;3;5.04;5.67;11.33;Bueno;37.78;Bueno;Bueno;Bueno
2026-02-15;11:00;27;24.12;25.54;19.65;Bueno;56.76;Bueno;4;4.88;5.67;11.33;Bueno;37.78;Bueno;Bueno;Bueno
2026-02-15;12:00;27;24.08;25.54;19.65;Bueno;56.76;Bueno;4;4.83;5.67;11.33;Bueno;37.78;Bueno;Bueno;Bueno
2026-02-15;13:00;42;24.58;25.54;19.65;Bueno;56.76;Bueno;4;4.83;5.67;11.33;Bueno;37.78;Bueno;Bueno;Bueno
2026-02-15;14:00;34;24.96;25.54;19.65;Bueno;56.76;Bueno;3;4.79;5.67;11.33;Bueno;37.78;Bueno;Bueno;Bueno
2026-02-15;15:00;29;25.17;25.54;19.65;Bueno;56.76;Bueno;5;4.88;5.67;11.33;Bueno;37.78;Bueno;Bueno;Bueno
2026-02-15;16:00;33;25.79;25.54;19.65;Bueno;56.76;Bueno;5;4.92;5.67;11.33;Bueno;37.78;Bueno;Bueno;Bueno
2026-02-15;17:00;35;26.17;25.54;19.65;Bueno;56.76;Bueno;11;5.21;5.67;11.33;Bueno;37.78;Bueno;Bueno;Bueno
2026-02-15;18:00;23;25.83;25.54;19.65;Bueno;56.76;Bueno;9;5.46;5.67;11.33;Bueno;37.78;Bueno;Bueno;Bueno
2026-02-15;19:00;31;26.00;25.54;19.65;Bueno;56.76;Bueno;5;5.46;5.67;11.33;Bueno;37.78;Bueno;Bueno;Bueno
2026-02-15;20:00;32;26.00;25.54;19.65;Bueno;56.76;Bueno;4;5.33;5.67;11.33;Bueno;37.78;Bueno;Bueno;Bueno
2026-02-15;21:00;17;25.33;25.54;19.65;Bueno;56.76;Bueno;8;5.38;5.67;11.33;Bueno;37.78;Bueno;Bueno;Bueno
2026-02-15;22:00;20;25.08;25.54;19.65;Bueno;56.76;Bueno;7;5.50;5.67;11.33;Bueno;37.78;Bueno;Bueno;Bueno
2026-02-15;23:00;21;25.54;25.54;19.65;Bueno;56.76;Bueno;5;5.67;5.67;11.33;Bueno;37.78;Bueno;Bueno;Bueno
2026-02-16;00:00;16;25.96;42.42;32.63;Bueno;94.26;Bueno;5;5.71;7.88;15.75;Bueno;52.50;Bueno;Bueno;Bueno
2026-02-16;01:00;14;26.25;42.42;32.63;Bueno;94.26;Bueno;6;5.92;7.88;15.75;Bueno;52.50;Bueno;Bueno;Bueno
2026-02-16;02:00;21;26.92;42.42;32.63;Bueno;94.26;Bueno;8;6.21;7.88;15.75;Bueno;52.50;Bueno;Bueno;Bueno
2026-02-16;03:00;16;26.83;42.42;32.63;Bueno;94.26;Bueno;5;6.29;7.88;15.75;Bueno;52.50;Bueno;Bueno;Bueno
2026-02-16;04:00;27;26.96;42.42;32.63;Bueno;94.26;Bueno;6;6.38;7.88;15.75;Bueno;52.50;Bueno;Bueno;Bueno
2026-02-16;05:00;27;27.29;42.42;32.63;Bueno;94.26;Bueno;11;6.58;7.88;15.75;Bueno;52.50;Bueno;Bueno;Bueno
2026-02-16;06:00;60;28.29;42.42;32.63;Bueno;94.26;Bueno;12;6.58;7.88;15.75;Bueno;52.50;Bueno;Bueno;Bueno
2026-02-16;07:00;97;30.62;42.42;32.63;Bueno;94.26;Bueno;22;7.00;7.88;15.75;Bueno;52.50;Bueno;Bueno;Bueno
2026-02-16;08:00;101;33.33;42.42;32.63;Bueno;94.26;Bueno;20;7.42;7.88;15.75;Bueno;52.50;Bueno;Bueno;Bueno
2026-02-16;09:00;82;35.58;42.42;32.63;Bueno;94.26;Bueno;17;7.88;7.88;15.75;Bueno;52.50;Bueno;Bueno;Bueno
2026-02-16;10:00;57;37.04;42.42;32.63;Bueno;94.26;Bueno;13;8.29;7.88;15.75;Bueno;52.50;Bueno;Bueno;Bueno
2026-02-16;11:00;60;38.42;42.42;32.63;Bueno;94.26;Bueno;10;8.54;7.88;15.75;Bueno;52.50;Bueno;Bueno;Bueno
2026-02-16;12:00;53;39.50;42.42;32.63;Bueno;94.26;Bueno;12;8.88;7.88;15.75;Bueno;52.50;Bueno;Bueno;Bueno
2026-02-16;13:00;55;40.04;42.42;32.63;Bueno;94.26;Bueno;10;9.12;7.88;15.75;Bueno;52.50;Bueno;Bueno;Bueno
2026-02-16;14:00;43;40.42;42.42;32.63;Bueno;94.26;Bueno;5;9.21;7.88;15.75;Bueno;52.50;Bueno;Bueno;Bueno
2026-02-16;15:00;32;40.54;42.42;32.63;Bueno;94.26;Bueno;4;9.17;7.88;15.75;Bueno;52.50;Bueno;Bueno;Bueno
2026-02-16;16:00;45;41.04;42.42;32.63;Bueno;94.26;Bueno;5;9.17;7.88;15.75;Bueno;52.50;Bueno;Bueno;Bueno
2026-02-16;17:00;54;41.83;42.42;32.63;Bueno;94.26;Bueno;5;8.92;7.88;15.75;Bueno;52.50;Bueno;Bueno;Bueno
2026-02-16;18:00;46;42.79;42.42;32.63;Bueno;94.26;Bueno;4;8.71;7.88;15.75;Bueno;52.50;Bueno;Bueno;Bueno
2026-02-16;19:00;29;42.71;42.42;32.63;Bueno;94.26;Bueno;3;8.62;7.88;15.75;Bueno;52.50;Bueno;Bueno;Bueno
2026-02-16;20:00;21;42.25;42.42;32.63;Bueno;94.26;Bueno;1;8.50;7.88;15.75;Bueno;52.50;Bueno;Bueno;Bueno
2026-02-16;21:00;21;42.42;42.42;32.63;Bueno;94.26;Bueno;1;8.21;7.88;15.75;Bueno;52.50;Bueno;Bueno;Bueno
2026-02-16;22:00;21;42.46;42.42;32.63;Bueno;94.26;Bueno;2;8.00;7.88;15.75;Bueno;52.50;Bueno;Bueno;Bueno
2026-02-16;23:00;20;42.42;42.42;32.63;Bueno;94.26;Bueno;2;7.88;7.88;15.75;Bueno;52.50;Bueno;Bueno;Bueno
2026-02-17;00:00;13;42.29;49.79;38.30;Bueno;107.85;Regular;3;7.79;8.67;17.33;Bueno;57.78;Bueno;Bueno;Regular
2026-02-17;01:00;11;42.17;49.79;38.30;Bueno;107.85;Regular;3;7.67;8.67;17.33;Bueno;57.78;Bueno;Bueno;Regular
2026-02-17;02:00;25;42.33;49.79;38.30;Bueno;107.85;Regular;3;7.46;8.67;17.33;Bueno;57.78;Bueno;Bueno;Regular
2026-02-17;03:00;35;43.12;49.79;38.30;Bueno;107.85;Regular;5;7.46;8.67;17.33;Bueno;57.78;Bueno;Bueno;Regular
2026-02-17;04:00;41;43.71;49.79;38.30;Bueno;107.85;Regular;12;7.71;8.67;17.33;Bueno;57.78;Bueno;Bueno;Regular
2026-02-17;05:00;44;44.42;49.79;38.30;Bueno;107.85;Regular;10;7.67;8.67;17.33;Bueno;57.78;Bueno;Bueno;Regular
2026-02-17;06:00;92;45.75;49.79;38.30;Bueno;107.85;Regular;14;7.75;8.67;17.33;Bueno;57.78;Bueno;Bueno;Regular
2026-02-17;07:00;131;47.17;49.79;38.30;Bueno;107.85;Regular;18;7.58;8.67;17.33;Bueno;57.78;Bueno;Bueno;Regular
2026-02-17;08:00;82;46.38;49.79;38.30;Bueno;107.85;Regular;18;7.50;8.67;17.33;Bueno;57.78;Bueno;Bueno;Regular
2026-02-17;09:00;115;47.75;49.79;38.30;Bueno;107.85;Regular;20;7.62;8.67;17.33;Bueno;57.78;Bueno;Bueno;Regular
2026-02-17;10:00;61;47.92;49.79;38.30;Bueno;107.85;Regular;5;7.29;8.67;17.33;Bueno;57.78;Bueno;Bueno;Regular
2026-02-17;11:00;45;47.29;49.79;38.30;Bueno;107.85;Regular;8;7.21;8.67;17.33;Bueno;57.78;Bueno;Bueno;Regular
2026-02-17;12:00;31;46.38;49.79;38.30;Bueno;107.85;Regular;5;6.92;8.67;17.33;Bueno;57.78;Bueno;Bueno;Regular
2026-02-17;13:00;33;45.46;49.79;38.30;Bueno;107.85;Regular;3;6.62;8.67;17.33;Bueno;57.78;Bueno;Bueno;Regular
2026-02-17;14:00;33;45.04;49.79;38.30;Bueno;107.85;Regular;3;6.54;8.67;17.33;Bueno;57.78;Bueno;Bueno;Regular
2026-02-17;15:00;34;45.12;49.79;38.30;Bueno;107.85;Regular;2;6.46;8.67;17.33;Bueno;57.78;Bueno;Bueno;Regular
2026-02-17;16:00;30;44.50;49.79;38.30;Bueno;107.85;Regular;1;6.29;8.67;17.33;Bueno;57.78;Bueno;Bueno;Regular
2026-02-17;17:00;42;44.00;49.79;38.30;Bueno;107.85;Regular;1;6.12;8.67;17.33;Bueno;57.78;Bueno;Bueno;Regular
2026-02-17;18:00;60;44.58;49.79;38.30;Bueno;107.85;Regular;3;6.08;8.67;17.33;Bueno;57.78;Bueno;Bueno;Regular
2026-02-17;19:00;57;45.75;49.79;38.30;Bueno;107.85;Regular;27;7.08;8.67;17.33;Bueno;57.78;Bueno;Bueno;Regular
2026-02-17;20:00;54;47.12;49.79;38.30;Bueno;107.85;Regular;20;7.88;8.67;17.33;Bueno;57.78;Bueno;Bueno;Regular
2026-02-17;21:00;50;48.33;49.79;38.30;Bueno;107.85;Regular;16;8.50;8.67;17.33;Bueno;57.78;Bueno;Bueno;Regular
2026-02-17;22:00;46;49.38;49.79;38.30;Bueno;107.85;Regular;4;8.58;8.67;17.33;Bueno;57.78;Bueno;Bueno;Regular
2026-02-17;23:00;30;49.79;49.79;38.30;Bueno;107.85;Regular;4;8.67;8.67;17.33;Bueno;57.78;Bueno;Bueno;Regular
2026-02-18;00:00;21;50.12;54.96;42.28;Bueno;116.33;Regular;4;8.71;15.08;30.17;Bueno;100.18;Regular;Bueno;Regular
2026-02-18;01:00;32;51.00;54.96;42.28;Bueno;116.33;Regular;6;8.83;15.08;30.17;Bueno;100.18;Regular;Bueno;Regular
2026-02-18;02:00;44;51.79;54.96;42.28;Bueno;116.33;Regular;12;9.21;15.08;30.17;Bueno;100.18;Regular;Bueno;Regular
2026-02-18;03:00;120;55.33;54.96;42.28;Bueno;116.33;Regular;82;12.42;15.08;30.17;Bueno;100.18;Regular;Bueno;Regular
2026-02-18;04:00;89;57.33;54.96;42.28;Bueno;116.33;Regular;57;14.29;15.08;30.17;Bueno;100.18;Regular;Bueno;Regular
2026-02-18;05:00;56;57.83;54.96;42.28;Bueno;116.33;Regular;19;14.67;15.08;30.17;Bueno;100.18;Regular;Bueno;Regular
2026-02-18;06:00;51;56.12;54.96;42.28;Bueno;116.33;Regular;14;14.67;15.08;30.17;Bueno;100.18;Regular;Bueno;Regular
2026-02-18;07:00;94;54.58;54.96;42.28;Bueno;116.33;Regular;22;14.83;15.08;30.17;Bueno;100.18;Regular;Bueno;Regular
2026-02-18;08:00;100;55.33;54.96;42.28;Bueno;116.33;Regular;23;15.04;15.08;30.17;Bueno;100.18;Regular;Bueno;Regular
2026-02-18;09:00;99;54.67;54.96;42.28;Bueno;116.33;Regular;40;15.88;15.08;30.17;Bueno;100.18;Regular;Bueno;Regular
2026-02-18;10:00;68;54.96;54.96;42.28;Bueno;116.33;Regular;12;16.17;15.08;30.17;Bueno;100.18;Regular;Bueno;Regular
2026-02-18;11:00;63;55.71;54.96;42.28;Bueno;116.33;Regular;9;16.21;15.08;30.17;Bueno;100.18;Regular;Bueno;Regular
2026-02-18;12:00;62;57.00;54.96;42.28;Bueno;116.33;Regular;12;16.50;15.08;30.17;Bueno;100.18;Regular;Bueno;Regular
2026-02-18;13:00;32;56.96;54.96;42.28;Bueno;116.33;Regular;6;16.62;15.08;30.17;Bueno;100.18;Regular;Bueno;Regular
2026-02-18;14:00;44;57.42;54.96;42.28;Bueno;116.33;Regular;5;16.71;15.08;30.17;Bueno;100.18;Regular;Bueno;Regular
2026-02-18;15:00;35;57.46;54.96;42.28;Bueno;116.33;Regular;4;16.79;15.08;30.17;Bueno;100.18;Regular;Bueno;Regular
2026-02-18;16:00;26;57.29;54.96;42.28;Bueno;116.33;Regular;1;16.79;15.08;30.17;Bueno;100.18;Regular;Bueno;Regular
2026-02-18;17:00;44;57.38;54.96;42.28;Bueno;116.33;Regular;1;16.79;15.08;30.17;Bueno;100.18;Regular;Bueno;Regular
2026-02-18;18:00;47;56.83;54.96;42.28;Bueno;116.33;Regular;4;16.83;15.08;30.17;Bueno;100.18;Regular;Bueno;Regular
2026-02-18;19:00;42;56.21;54.96;42.28;Bueno;116.33;Regular;5;15.92;15.08;30.17;Bueno;100.18;Regular;Bueno;Regular
2026-02-18;20:00;53;56.17;54.96;42.28;Bueno;116.33;Regular;7;15.38;15.08;30.17;Bueno;100.18;Regular;Bueno;Regular
2026-02-18;21:00;38;55.67;54.96;42.28;Bueno;116.33;Regular;6;14.96;15.08;30.17;Bueno;100.18;Regular;Bueno;Regular
2026-02-18;22:00;31;55.04;54.96;42.28;Bueno;116.33;Regular;4;14.96;15.08;30.17;Bueno;100.18;Regular;Bueno;Regular
2026-02-18;23:00;28;54.96;54.96;42.28;Bueno;116.33;Regular;7;15.08;15.08;30.17;Bueno;100.18;Regular;Bueno;Regular
2026-02-19;00:00;30;55.33;52.50;40.38;Bueno;112.29;Regular;7;15.21;9.92;19.83;Bueno;66.11;Bueno;Bueno;Regular
2026-02-19;01:00;21;54.88;52.50;40.38;Bueno;112.29;Regular;5;15.17;9.92;19.83;Bueno;66.11;Bueno;Bueno;Regular
2026-02-19;02:00;19;53.83;52.50;40.38;Bueno;112.29;Regular;4;14.83;9.92;19.83;Bueno;66.11;Bueno;Bueno;Regular
2026-02-19;03:00;37;50.38;52.50;40.38;Bueno;112.29;Regular;10;11.83;9.92;19.83;Bueno;66.11;Bueno;Bueno;Regular
2026-02-19;04:00;43;48.46;52.50;40.38;Bueno;112.29;Regular;14;10.04;9.92;19.83;Bueno;66.11;Bueno;Bueno;Regular
2026-02-19;05:00;51;48.25;52.50;40.38;Bueno;112.29;Regular;15;9.88;9.92;19.83;Bueno;66.11;Bueno;Bueno;Regular
2026-02-19;06:00;138;51.88;52.50;40.38;Bueno;112.29;Regular;18;10.04;9.92;19.83;Bueno;66.11;Bueno;Bueno;Regular
2026-02-19;07:00;98;52.04;52.50;40.38;Bueno;112.29;Regular;27;10.25;9.92;19.83;Bueno;66.11;Bueno;Bueno;Regular
2026-02-19;08:00;64;50.54;52.50;40.38;Bueno;112.29;Regular;23;10.25;9.92;19.83;Bueno;66.11;Bueno;Bueno;Regular
2026-02-19;09:00;59;48.88;52.50;40.38;Bueno;112.29;Regular;16;9.25;9.92;19.83;Bueno;66.11;Bueno;Bueno;Regular
2026-02-19;10:00;55;48.33;52.50;40.38;Bueno;112.29;Regular;10;9.17;9.92;19.83;Bueno;66.11;Bueno;Bueno;Regular
2026-02-19;11:00;52;47.88;52.50;40.38;Bueno;112.29;Regular;10;9.21;9.92;19.83;Bueno;66.11;Bueno;Bueno;Regular
2026-02-19;12:00;68;48.12;52.50;40.38;Bueno;112.29;Regular;12;9.21;9.92;19.83;Bueno;66.11;Bueno;Bueno;Regular
2026-02-19;13:00;51;48.92;52.50;40.38;Bueno;112.29;Regular;6;9.21;9.92;19.83;Bueno;66.11;Bueno;Bueno;Regular
2026-02-19;14:00;44;48.92;52.50;40.38;Bueno;112.29;Regular;7;9.29;9.92;19.83;Bueno;66.11;Bueno;Bueno;Regular
2026-02-19;15:00;45;49.33;52.50;40.38;Bueno;112.29;Regular;6;9.38;9.92;19.83;Bueno;66.11;Bueno;Bueno;Regular
2026-02-19;16:00;48;50.25;52.50;40.38;Bueno;112.29;Regular;8;9.67;9.92;19.83;Bueno;66.11;Bueno;Bueno;Regular
2026-02-19;17:00;71;51.38;52.50;40.38;Bueno;112.29;Regular;8;9.96;9.92;19.83;Bueno;66.11;Bueno;Bueno;Regular
2026-02-19;18:00;73;52.46;52.50;40.38;Bueno;112.29;Regular;7;10.08;9.92;19.83;Bueno;66.11;Bueno;Bueno;Regular
2026-02-19;19:00;52;52.88;52.50;40.38;Bueno;112.29;Regular;4;10.04;9.92;19.83;Bueno;66.11;Bueno;Bueno;Regular
2026-02-19;20:00;47;52.62;52.50;40.38;Bueno;112.29;Regular;7;10.04;9.92;19.83;Bueno;66.11;Bueno;Bueno;Regular
2026-02-19;21:00;37;52.58;52.50;40.38;Bueno;112.29;Regular;4;9.96;9.92;19.83;Bueno;66.11;Bueno;Bueno;Regular
2026-02-19;22:00;30;52.54;52.50;40.38;Bueno;112.29;Regular;4;9.96;9.92;19.83;Bueno;66.11;Bueno;Bueno;Regular
2026-02-19;23:00;27;52.50;52.50;40.38;Bueno;112.29;Regular;6;9.92;9.92;19.83;Bueno;66.11;Bueno;Bueno;Regular
2026-02-20;00:00;24;52.25;54.46;41.89;Bueno;115.51;Regular;4;9.79;11.08;22.17;Bueno;73.89;Bueno;Bueno;Regular
2026-02-20;01:00;19;52.17;54.46;41.89;Bueno;115.51;Regular;5;9.79;11.08;22.17;Bueno;73.89;Bueno;Bueno;Regular
2026-02-20;02:00;21;52.25;54.46;41.89;Bueno;115.51;Regular;7;9.92;11.08;22.17;Bueno;73.89;Bueno;Bueno;Regular
2026-02-20;03:00;48;52.71;54.46;41.89;Bueno;115.51;Regular;16;10.17;11.08;22.17;Bueno;73.89;Bueno;Bueno;Regular
2026-02-20;04:00;48;52.92;54.46;41.89;Bueno;115.51;Regular;16;10.25;11.08;22.17;Bueno;73.89;Bueno;Bueno;Regular
2026-02-20;05:00;44;52.62;54.46;41.89;Bueno;115.51;Regular;10;10.04;11.08;22.17;Bueno;73.89;Bueno;Bueno;Regular
2026-02-20;06:00;86;50.46;54.46;41.89;Bueno;115.51;Regular;14;9.88;11.08;22.17;Bueno;73.89;Bueno;Bueno;Regular
2026-02-20;07:00;119;51.33;54.46;41.89;Bueno;115.51;Regular;23;9.71;11.08;22.17;Bueno;73.89;Bueno;Bueno;Regular
2026-02-20;08:00;82;52.08;54.46;41.89;Bueno;115.51;Regular;20;9.58;11.08;22.17;Bueno;73.89;Bueno;Bueno;Regular
2026-02-20;09:00;71;52.58;54.46;41.89;Bueno;115.51;Regular;12;9.42;11.08;22.17;Bueno;73.89;Bueno;Bueno;Regular
2026-02-20;10:00;62;52.88;54.46;41.89;Bueno;115.51;Regular;12;9.50;11.08;22.17;Bueno;73.89;Bueno;Bueno;Regular
2026-02-20;11:00;60;53.21;54.46;41.89;Bueno;115.51;Regular;11;9.54;11.08;22.17;Bueno;73.89;Bueno;Bueno;Regular
2026-02-20;12:00;53;52.58;54.46;41.89;Bueno;115.51;Regular;10;9.46;11.08;22.17;Bueno;73.89;Bueno;Bueno;Regular
2026-02-20;13:00;59;52.92;54.46;41.89;Bueno;115.51;Regular;10;9.62;11.08;22.17;Bueno;73.89;Bueno;Bueno;Regular
2026-02-20;14:00;72;54.08;54.46;41.89;Bueno;115.51;Regular;10;9.75;11.08;22.17;Bueno;73.89;Bueno;Bueno;Regular
2026-02-20;15:00;62;54.79;54.46;41.89;Bueno;115.51;Regular;10;9.92;11.08;22.17;Bueno;73.89;Bueno;Bueno;Regular
2026-02-20;16:00;54;55.04;54.46;41.89;Bueno;115.51;Regular;8;9.92;11.08;22.17;Bueno;73.89;Bueno;Bueno;Regular
2026-02-20;17:00;50;54.17;54.46;41.89;Bueno;115.51;Regular;7;9.88;11.08;22.17;Bueno;73.89;Bueno;Bueno;Regular
2026-02-20;18:00;44;52.96;54.46;41.89;Bueno;115.51;Regular;7;9.88;11.08;22.17;Bueno;73.89;Bueno;Bueno;Regular
2026-02-20;19:00;54;53.04;54.46;41.89;Bueno;115.51;Regular;8;10.04;11.08;22.17;Bueno;73.89;Bueno;Bueno;Regular
2026-02-20;20:00;48;53.08;54.46;41.89;Bueno;115.51;Regular;10;10.17;11.08;22.17;Bueno;73.89;Bueno;Bueno;Regular
2026-02-20;21:00;41;53.25;54.46;41.89;Bueno;115.51;Regular;13;10.54;11.08;22.17;Bueno;73.89;Bueno;Bueno;Regular
2026-02-20;22:00;39;53.62;54.46;41.89;Bueno;115.51;Regular;11;10.83;11.08;22.17;Bueno;73.89;Bueno;Bueno;Regular
2026-02-20;23:00;47;54.46;54.46;41.89;Bueno;115.51;Regular;12;11.08;11.08;22.17;Bueno;73.89;Bueno;Bueno;Regular
2026-02-21;00:00;59;55.92;52.00;40.00;Bueno;111.47;Regular;16;11.58;13.54;27.08;Bueno;90.28;Bueno;Bueno;Regular
2026-02-21;01:00;34;56.54;52.00;40.00;Bueno;111.47;Regular;11;11.83;13.54;27.08;Bueno;90.28;Bueno;Bueno;Regular
2026-02-21;02:00;33;57.04;52.00;40.00;Bueno;111.47;Regular;10;11.96;13.54;27.08;Bueno;90.28;Bueno;Bueno;Regular
2026-02-21;03:00;35;56.50;52.00;40.00;Bueno;111.47;Regular;11;11.75;13.54;27.08;Bueno;90.28;Bueno;Bueno;Regular
2026-02-21;04:00;32;55.83;52.00;40.00;Bueno;111.47;Regular;10;11.50;13.54;27.08;Bueno;90.28;Bueno;Bueno;Regular
2026-02-21;05:00;36;55.50;52.00;40.00;Bueno;111.47;Regular;12;11.58;13.54;27.08;Bueno;90.28;Bueno;Bueno;Regular
2026-02-21;06:00;60;54.42;52.00;40.00;Bueno;111.47;Regular;11;11.46;13.54;27.08;Bueno;90.28;Bueno;Bueno;Regular
2026-02-21;07:00;94;53.38;52.00;40.00;Bueno;111.47;Regular;29;11.71;13.54;27.08;Bueno;90.28;Bueno;Bueno;Regular
2026-02-21;08:00;78;53.21;52.00;40.00;Bueno;111.47;Regular;26;11.96;13.54;27.08;Bueno;90.28;Bueno;Bueno;Regular
2026-02-21;09:00;79;53.54;52.00;40.00;Bueno;111.47;Regular;22;12.38;13.54;27.08;Bueno;90.28;Bueno;Bueno;Regular
2026-02-21;10:00;82;54.38;52.00;40.00;Bueno;111.47;Regular;24;12.88;13.54;27.08;Bueno;90.28;Bueno;Bueno;Regular
2026-02-21;11:00;66;54.62;52.00;40.00;Bueno;111.47;Regular;15;13.04;13.54;27.08;Bueno;90.28;Bueno;Bueno;Regular
2026-02-21;12:00;54;54.67;52.00;40.00;Bueno;111.47;Regular;9;13.00;13.54;27.08;Bueno;90.28;Bueno;Bueno;Regular
2026-02-21;13:00;50;54.29;52.00;40.00;Bueno;111.47;Regular;10;13.00;13.54;27.08;Bueno;90.28;Bueno;Bueno;Regular
2026-02-21;14:00;48;53.29;52.00;40.00;Bueno;111.47;Regular;9;12.96;13.54;27.08;Bueno;90.28;Bueno;Bueno;Regular
2026-02-21;15:00;38;52.29;52.00;40.00;Bueno;111.47;Regular;7;12.83;13.54;27.08;Bueno;90.28;Bueno;Bueno;Regular
2026-02-21;16:00;53;52.25;52.00;40.00;Bueno;111.47;Regular;8;12.83;13.54;27.08;Bueno;90.28;Bueno;Bueno;Regular
2026-02-21;17:00;55;52.46;52.00;40.00;Bueno;111.47;Regular;10;12.96;13.54;27.08;Bueno;90.28;Bueno;Bueno;Regular
2026-02-21;18:00;46;52.54;52.00;40.00;Bueno;111.47;Regular;7;12.96;13.54;27.08;Bueno;90.28;Bueno;Bueno;Regular
2026-02-21;19:00;43;52.08;52.00;40.00;Bueno;111.47;Regular;12;13.12;13.54;27.08;Bueno;90.28;Bueno;Bueno;Regular
2026-02-21;20:00;51;52.21;52.00;40.00;Bueno;111.47;Regular;10;13.12;13.54;27.08;Bueno;90.28;Bueno;Bueno;Regular
2026-02-21;21:00;44;52.33;52.00;40.00;Bueno;111.47;Regular;17;13.29;13.54;27.08;Bueno;90.28;Bueno;Bueno;Regular
2026-02-21;22:00;40;52.38;52.00;40.00;Bueno;111.47;Regular;12;13.33;13.54;27.08;Bueno;90.28;Bueno;Bueno;Regular
2026-02-21;23:00;38;52.00;52.00;40.00;Bueno;111.47;Regular;17;13.54;13.54;27.08;Bueno;90.28;Bueno;Bueno;Regular
2026-02-22;00:00;31;50.83;44.12;33.94;Bueno;98.06;Bueno;8;13.21;10.92;21.83;Bueno;72.78;Bueno;Bueno;Bueno
2026-02-22;01:00;39;51.04;44.12;33.94;Bueno;98.06;Bueno;10;13.17;10.92;21.83;Bueno;72.78;Bueno;Bueno;Bueno
2026-02-22;02:00;38;51.25;44.12;33.94;Bueno;98.06;Bueno;10;13.17;10.92;21.83;Bueno;72.78;Bueno;Bueno;Bueno
2026-02-22;03:00;41;51.50;44.12;33.94;Bueno;98.06;Bueno;10;13.12;10.92;21.83;Bueno;72.78;Bueno;Bueno;Bueno
2026-02-22;04:00;37;51.71;44.12;33.94;Bueno;98.06;Bueno;15;13.33;10.92;21.83;Bueno;72.78;Bueno;Bueno;Bueno
2026-02-22;05:00;58;52.62;44.12;33.94;Bueno;98.06;Bueno;24;13.83;10.92;21.83;Bueno;72.78;Bueno;Bueno;Bueno
2026-02-22;06:00;47;52.08;44.12;33.94;Bueno;98.06;Bueno;14;13.96;10.92;21.83;Bueno;72.78;Bueno;Bueno;Bueno
2026-02-22;07:00;51;50.29;44.12;33.94;Bueno;98.06;Bueno;14;13.33;10.92;21.83;Bueno;72.78;Bueno;Bueno;Bueno
2026-02-22;08:00;64;49.71;44.12;33.94;Bueno;98.06;Bueno;20;13.08;10.92;21.83;Bueno;72.78;Bueno;Bueno;Bueno
2026-02-22;09:00;48;48.42;44.12;33.94;Bueno;98.06;Bueno;14;12.75;10.92;21.83;Bueno;72.78;Bueno;Bueno;Bueno
2026-02-22;10:00;48;47.00;44.12;33.94;Bueno;98.06;Bueno;14;12.33;10.92;21.83;Bueno;72.78;Bueno;Bueno;Bueno
2026-02-22;11:00;47;46.21;44.12;33.94;Bueno;98.06;Bueno;9;12.08;10.92;21.83;Bueno;72.78;Bueno;Bueno;Bueno
2026-02-22;12:00;44;45.79;44.12;33.94;Bueno;98.06;Bueno;8;12.04;10.92;21.83;Bueno;72.78;Bueno;Bueno;Bueno
2026-02-22;13:00;42;45.46;44.12;33.94;Bueno;98.06;Bueno;7;11.92;10.92;21.83;Bueno;72.78;Bueno;Bueno;Bueno
2026-02-22;14:00;31;44.75;44.12;33.94;Bueno;98.06;Bueno;5;11.75;10.92;21.83;Bueno;72.78;Bueno;Bueno;Bueno
2026-02-22;15:00;30;44.42;44.12;33.94;Bueno;98.06;Bueno;7;11.75;10.92;21.83;Bueno;72.78;Bueno;Bueno;Bueno
2026-02-22;16:00;42;43.96;44.12;33.94;Bueno;98.06;Bueno;11;11.88;10.92;21.83;Bueno;72.78;Bueno;Bueno;Bueno
2026-02-22;17:00;58;44.08;44.12;33.94;Bueno;98.06;Bueno;12;11.96;10.92;21.83;Bueno;72.78;Bueno;Bueno;Bueno
2026-02-22;18:00;66;44.92;44.12;33.94;Bueno;98.06;Bueno;8;12.00;10.92;21.83;Bueno;72.78;Bueno;Bueno;Bueno
2026-02-22;19:00;56;45.46;44.12;33.94;Bueno;98.06;Bueno;7;11.79;10.92;21.83;Bueno;72.78;Bueno;Bueno;Bueno
2026-02-22;20:00;49;45.38;44.12;33.94;Bueno;98.06;Bueno;7;11.67;10.92;21.83;Bueno;72.78;Bueno;Bueno;Bueno
2026-02-22;21:00;36;45.04;44.12;33.94;Bueno;98.06;Bueno;10;11.38;10.92;21.83;Bueno;72.78;Bueno;Bueno;Bueno
2026-02-22;22:00;31;44.67;44.12;33.94;Bueno;98.06;Bueno;9;11.25;10.92;21.83;Bueno;72.78;Bueno;Bueno;Bueno
2026-02-22;23:00;25;44.12;44.12;33.94;Bueno;98.06;Bueno;9;10.92;10.92;21.83;Bueno;72.78;Bueno;Bueno;Bueno
2026-02-23;00:00;25;43.88;57.67;44.36;Bueno;120.78;Regular;9;10.96;12.25;24.50;Bueno;81.67;Bueno;Bueno;Regular
2026-02-23;01:00;28;43.42;57.67;44.36;Bueno;120.78;Regular;9;10.92;12.25;24.50;Bueno;81.67;Bueno;Bueno;Regular
2026-02-23;02:00;29;43.04;57.67;44.36;Bueno;120.78;Regular;7;10.79;12.25;24.50;Bueno;81.67;Bueno;Bueno;Regular
2026-02-23;03:00;32;42.67;57.67;44.36;Bueno;120.78;Regular;12;10.88;12.25;24.50;Bueno;81.67;Bueno;Bueno;Regular
2026-02-23;04:00;32;42.46;57.67;44.36;Bueno;120.78;Regular;16;10.92;12.25;24.50;Bueno;81.67;Bueno;Bueno;Regular
2026-02-23;05:00;38;41.62;57.67;44.36;Bueno;120.78;Regular;10;10.33;12.25;24.50;Bueno;81.67;Bueno;Bueno;Regular
2026-02-23;06:00;145;45.71;57.67;44.36;Bueno;120.78;Regular;18;10.50;12.25;24.50;Bueno;81.67;Bueno;Bueno;Regular
2026-02-23;07:00;127;48.88;57.67;44.36;Bueno;120.78;Regular;31;11.21;12.25;24.50;Bueno;81.67;Bueno;Bueno;Regular
2026-02-23;08:00;78;49.46;57.67;44.36;Bueno;120.78;Regular;18;11.12;12.25;24.50;Bueno;81.67;Bueno;Bueno;Regular
2026-02-23;09:00;159;54.08;57.67;44.36;Bueno;120.78;Regular;37;12.08;12.25;24.50;Bueno;81.67;Bueno;Bueno;Regular
2026-02-23;10:00;90;55.83;57.67;44.36;Bueno;120.78;Regular;17;12.21;12.25;24.50;Bueno;81.67;Bueno;Bueno;Regular
2026-02-23;11:00;60;56.38;57.67;44.36;Bueno;120.78;Regular;14;12.42;12.25;24.50;Bueno;81.67;Bueno;Bueno;Regular
2026-02-23;12:00;49;56.58;57.67;44.36;Bueno;120.78;Regular;11;12.54;12.25;24.50;Bueno;81.67;Bueno;Bueno;Regular
2026-02-23;13:00;48;56.83;57.67;44.36;Bueno;120.78;Regular;9;12.62;12.25;24.50;Bueno;81.67;Bueno;Bueno;Regular
2026-02-23;14:00;58;57.96;57.67;44.36;Bueno;120.78;Regular;8;12.75;12.25;24.50;Bueno;81.67;Bueno;Bueno;Regular
2026-02-23;15:00;50;58.79;57.67;44.36;Bueno;120.78;Regular;6;12.71;12.25;24.50;Bueno;81.67;Bueno;Bueno;Regular
2026-02-23;16:00;41;58.75;57.67;44.36;Bueno;120.78;Regular;5;12.46;12.25;24.50;Bueno;81.67;Bueno;Bueno;Regular
2026-02-23;17:00;51;58.46;57.67;44.36;Bueno;120.78;Regular;6;12.21;12.25;24.50;Bueno;81.67;Bueno;Bueno;Regular
2026-02-23;18:00;31;57.00;57.67;44.36;Bueno;120.78;Regular;7;12.17;12.25;24.50;Bueno;81.67;Bueno;Bueno;Regular
2026-02-23;19:00;47;56.62;57.67;44.36;Bueno;120.78;Regular;6;12.12;12.25;24.50;Bueno;81.67;Bueno;Bueno;Regular
2026-02-23;20:00;49;56.62;57.67;44.36;Bueno;120.78;Regular;12;12.33;12.25;24.50;Bueno;81.67;Bueno;Bueno;Regular
2026-02-23;21:00;42;56.88;57.67;44.36;Bueno;120.78;Regular;7;12.21;12.25;24.50;Bueno;81.67;Bueno;Bueno;Regular
2026-02-23;22:00;46;57.50;57.67;44.36;Bueno;120.78;Regular;7;12.12;12.25;24.50;Bueno;81.67;Bueno;Bueno;Regular
2026-02-23;23:00;29;57.67;57.67;44.36;Bueno;120.78;Regular;12;12.25;12.25;24.50;Bueno;81.67;Bueno;Bueno;Regular
2026-02-24;00:00;40;58.29;55.08;42.37;Bueno;116.54;Regular;12;12.38;11.71;23.42;Bueno;78.06;Bueno;Bueno;Regular
2026-02-24;01:00;35;58.58;55.08;42.37;Bueno;116.54;Regular;15;12.62;11.71;23.42;Bueno;78.06;Bueno;Bueno;Regular
2026-02-24;02:00;32;58.71;55.08;42.37;Bueno;116.54;Regular;8;12.67;11.71;23.42;Bueno;78.06;Bueno;Bueno;Regular
2026-02-24;03:00;38;58.96;55.08;42.37;Bueno;116.54;Regular;14;12.75;11.71;23.42;Bueno;78.06;Bueno;Bueno;Regular
2026-02-24;04:00;44;59.46;55.08;42.37;Bueno;116.54;Regular;14;12.67;11.71;23.42;Bueno;78.06;Bueno;Bueno;Regular
2026-02-24;05:00;43;59.67;55.08;42.37;Bueno;116.54;Regular;14;12.83;11.71;23.42;Bueno;78.06;Bueno;Bueno;Regular
2026-02-24;06:00;114;58.38;55.08;42.37;Bueno;116.54;Regular;22;13.00;11.71;23.42;Bueno;78.06;Bueno;Bueno;Regular
2026-02-24;07:00;128;58.42;55.08;42.37;Bueno;116.54;Regular;30;12.96;11.71;23.42;Bueno;78.06;Bueno;Bueno;Regular
2026-02-24;08:00;75;58.29;55.08;42.37;Bueno;116.54;Regular;15;12.83;11.71;23.42;Bueno;78.06;Bueno;Bueno;Regular
2026-02-24;09:00;84;55.17;55.08;42.37;Bueno;116.54;Regular;16;11.96;11.71;23.42;Bueno;78.06;Bueno;Bueno;Regular
2026-02-24;10:00;82;54.83;55.08;42.37;Bueno;116.54;Regular;16;11.92;11.71;23.42;Bueno;78.06;Bueno;Bueno;Regular
2026-02-24;11:00;64;55.00;55.08;42.37;Bueno;116.54;Regular;13;11.88;11.71;23.42;Bueno;78.06;Bueno;Bueno;Regular
2026-02-24;12:00;54;55.21;55.08;42.37;Bueno;116.54;Regular;8;11.75;11.71;23.42;Bueno;78.06;Bueno;Bueno;Regular
2026-02-24;13:00;50;55.29;55.08;42.37;Bueno;116.54;Regular;8;11.71;11.71;23.42;Bueno;78.06;Bueno;Bueno;Regular
2026-02-24;14:00;47;54.83;55.08;42.37;Bueno;116.54;Regular;6;11.62;11.71;23.42;Bueno;78.06;Bueno;Bueno;Regular
2026-02-24;15:00;60;55.25;55.08;42.37;Bueno;116.54;Regular;9;11.75;11.71;23.42;Bueno;78.06;Bueno;Bueno;Regular
2026-02-24;16:00;58;55.96;55.08;42.37;Bueno;116.54;Regular;11;12.00;11.71;23.42;Bueno;78.06;Bueno;Bueno;Regular
2026-02-24;17:00;70;56.75;55.08;42.37;Bueno;116.54;Regular;11;12.21;11.71;23.42;Bueno;78.06;Bueno;Bueno;Regular
2026-02-24;18:00;53;57.67;55.08;42.37;Bueno;116.54;Regular;8;12.25;11.71;23.42;Bueno;78.06;Bueno;Bueno;Regular
2026-02-24;19:00;43;57.50;55.08;42.37;Bueno;116.54;Regular;7;12.29;11.71;23.42;Bueno;78.06;Bueno;Bueno;Regular
2026-02-24;20:00;38;57.04;55.08;42.37;Bueno;116.54;Regular;6;12.04;11.71;23.42;Bueno;78.06;Bueno;Bueno;Regular
2026-02-24;21:00;31;56.58;55.08;42.37;Bueno;116.54;Regular;9;12.12;11.71;23.42;Bueno;78.06;Bueno;Bueno;Regular
2026-02-24;22:00;20;55.50;55.08;42.37;Bueno;116.54;Regular;6;12.08;11.71;23.42;Bueno;78.06;Bueno;Bueno;Regular
2026-02-24;23:00;19;55.08;55.08;42.37;Bueno;116.54;Regular;3;11.71;11.71;23.42;Bueno;78.06;Bueno;Bueno;Regular
2026-02-25;00:00;13;53.96;49.21;37.85;Bueno;106.89;Regular;1;11.25;8.33;16.67;Bueno;55.56;Bueno;Bueno;Regular
2026-02-25;01:00;29;53.71;49.21;37.85;Bueno;106.89;Regular;8;10.96;8.33;16.67;Bueno;55.56;Bueno;Bueno;Regular
2026-02-25;02:00;28;53.54;49.21;37.85;Bueno;106.89;Regular;7;10.92;8.33;16.67;Bueno;55.56;Bueno;Bueno;Regular
2026-02-25;03:00;33;53.33;49.21;37.85;Bueno;106.89;Regular;11;10.79;8.33;16.67;Bueno;55.56;Bueno;Bueno;Regular
2026-02-25;04:00;34;52.92;49.21;37.85;Bueno;106.89;Regular;11;10.67;8.33;16.67;Bueno;55.56;Bueno;Bueno;Regular
2026-02-25;05:00;34;52.54;49.21;37.85;Bueno;106.89;Regular;10;10.50;8.33;16.67;Bueno;55.56;Bueno;Bueno;Regular
2026-02-25;06:00;87;51.42;49.21;37.85;Bueno;106.89;Regular;15;10.21;8.33;16.67;Bueno;55.56;Bueno;Bueno;Regular
2026-02-25;07:00;102;50.33;49.21;37.85;Bueno;106.89;Regular;20;9.79;8.33;16.67;Bueno;55.56;Bueno;Bueno;Regular
2026-02-25;08:00;111;51.83;49.21;37.85;Bueno;106.89;Regular;22;10.08;8.33;16.67;Bueno;55.56;Bueno;Bueno;Regular
2026-02-25;09:00;123;53.46;49.21;37.85;Bueno;106.89;Regular;24;10.42;8.33;16.67;Bueno;55.56;Bueno;Bueno;Regular
2026-02-25;10:00;84;53.54;49.21;37.85;Bueno;106.89;Regular;18;10.50;8.33;16.67;Bueno;55.56;Bueno;Bueno;Regular
2026-02-25;11:00;64;53.54;49.21;37.85;Bueno;106.89;Regular;9;10.33;8.33;16.67;Bueno;55.56;Bueno;Bueno;Regular
2026-02-25;12:00;54;53.54;49.21;37.85;Bueno;106.89;Regular;10;10.42;8.33;16.67;Bueno;55.56;Bueno;Bueno;Regular
2026-02-25;13:00;44;53.29;49.21;37.85;Bueno;106.89;Regular;5;10.29;8.33;16.67;Bueno;55.56;Bueno;Bueno;Regular
2026-02-25;14:00;52;53.50;49.21;37.85;Bueno;106.89;Regular;2;10.12;8.33;16.67;Bueno;55.56;Bueno;Bueno;Regular
2026-02-25;15:00;54;53.25;49.21;37.85;Bueno;106.89;Regular;4;9.92;8.33;16.67;Bueno;55.56;Bueno;Bueno;Regular
2026-02-25;16:00;55;53.12;49.21;37.85;Bueno;106.89;Regular;5;9.67;8.33;16.67;Bueno;55.56;Bueno;Bueno;Regular
2026-02-25;17:00;45;52.08;49.21;37.85;Bueno;106.89;Regular;4;9.38;8.33;16.67;Bueno;55.56;Bueno;Bueno;Regular
2026-02-25;18:00;30;51.12;49.21;37.85;Bueno;106.89;Regular;3;9.17;8.33;16.67;Bueno;55.56;Bueno;Bueno;Regular
2026-02-25;19:00;27;50.46;49.21;37.85;Bueno;106.89;Regular;4;9.04;8.33;16.67;Bueno;55.56;Bueno;Bueno;Regular
2026-02-25;20:00;29;50.08;49.21;37.85;Bueno;106.89;Regular;3;8.92;8.33;16.67;Bueno;55.56;Bueno;Bueno;Regular
2026-02-25;21:00;23;49.75;49.21;37.85;Bueno;106.89;Regular;2;8.62;8.33;16.67;Bueno;55.56;Bueno;Bueno;Regular
2026-02-25;22:00;11;49.38;49.21;37.85;Bueno;106.89;Regular;1;8.42;8.33;16.67;Bueno;55.56;Bueno;Bueno;Regular
2026-02-25;23:00;15;49.21;49.21;37.85;Bueno;106.89;Regular;1;8.33;8.33;16.67;Bueno;55.56;Bueno;Bueno;Regular
2026-02-26;00:00;14;49.25;48.62;37.40;Bueno;105.94;Regular;4;8.46;8.83;17.67;Bueno;58.89;Bueno;Bueno;Regular
2026-02-26;01:00;18;48.79;48.62;37.40;Bueno;105.94;Regular;6;8.38;8.83;17.67;Bueno;58.89;Bueno;Bueno;Regular
2026-02-26;02:00;40;49.29;48.62;37.40;Bueno;105.94;Regular;5;8.29;8.83;17.67;Bueno;58.89;Bueno;Bueno;Regular
2026-02-26;03:00;43;49.71;48.62;37.40;Bueno;105.94;Regular;12;8.33;8.83;17.67;Bueno;58.89;Bueno;Bueno;Regular
2026-02-26;04:00;39;49.92;48.62;37.40;Bueno;105.94;Regular;12;8.38;8.83;17.67;Bueno;58.89;Bueno;Bueno;Regular
2026-02-26;05:00;72;51.50;48.62;37.40;Bueno;105.94;Regular;20;8.79;8.83;17.67;Bueno;58.89;Bueno;Bueno;Regular
2026-02-26;06:00;84;51.38;48.62;37.40;Bueno;105.94;Regular;18;8.92;8.83;17.67;Bueno;58.89;Bueno;Bueno;Regular
2026-02-26;07:00;134;52.71;48.62;37.40;Bueno;105.94;Regular;20;8.92;8.83;17.67;Bueno;58.89;Bueno;Bueno;Regular
2026-02-26;08:00;123;53.21;48.62;37.40;Bueno;105.94;Regular;29;9.21;8.83;17.67;Bueno;58.89;Bueno;Bueno;Regular
2026-02-26;09:00;86;51.67;48.62;37.40;Bueno;105.94;Regular;22;9.12;8.83;17.67;Bueno;58.89;Bueno;Bueno;Regular
2026-02-26;10:00;70;51.08;48.62;37.40;Bueno;105.94;Regular;14;8.96;8.83;17.67;Bueno;58.89;Bueno;Bueno;Regular
2026-02-26;11:00;42;50.17;48.62;37.40;Bueno;105.94;Regular;7;8.88;8.83;17.67;Bueno;58.89;Bueno;Bueno;Regular
2026-02-26;12:00;28;49.08;48.62;37.40;Bueno;105.94;Regular;4;8.62;8.83;17.67;Bueno;58.89;Bueno;Bueno;Regular
2026-02-26;13:00;30;48.50;48.62;37.40;Bueno;105.94;Regular;3;8.54;8.83;17.67;Bueno;58.89;Bueno;Bueno;Regular
2026-02-26;14:00;49;48.38;48.62;37.40;Bueno;105.94;Regular;1;8.50;8.83;17.67;Bueno;58.89;Bueno;Bueno;Regular
2026-02-26;15:00;45;48.00;48.62;37.40;Bueno;105.94;Regular;2;8.42;8.83;17.67;Bueno;58.89;Bueno;Bueno;Regular
2026-02-26;16:00;51;47.83;48.62;37.40;Bueno;105.94;Regular;1;8.25;8.83;17.67;Bueno;58.89;Bueno;Bueno;Regular
2026-02-26;17:00;40;47.62;48.62;37.40;Bueno;105.94;Regular;5;8.29;8.83;17.67;Bueno;58.89;Bueno;Bueno;Regular
2026-02-26;18:00;24;47.38;48.62;37.40;Bueno;105.94;Regular;3;8.29;8.83;17.67;Bueno;58.89;Bueno;Bueno;Regular
2026-02-26;19:00;32;47.58;48.62;37.40;Bueno;105.94;Regular;2;8.21;8.83;17.67;Bueno;58.89;Bueno;Bueno;Regular
2026-02-26;20:00;41;48.08;48.62;37.40;Bueno;105.94;Regular;4;8.25;8.83;17.67;Bueno;58.89;Bueno;Bueno;Regular
2026-02-26;21:00;34;48.54;48.62;37.40;Bueno;105.94;Regular;8;8.50;8.83;17.67;Bueno;58.89;Bueno;Bueno;Regular
2026-02-26;22:00;21;48.96;48.62;37.40;Bueno;105.94;Regular;6;8.71;8.83;17.67;Bueno;58.89;Bueno;Bueno;Regular
2026-02-26;23:00;7;48.62;48.62;37.40;Bueno;105.94;Regular;4;8.83;8.83;17.67;Bueno;58.89;Bueno;Bueno;Regular
2026-02-27;00:00;8;48.38;44.62;34.33;Bueno;99.17;Bueno;4;8.83;8.25;16.50;Bueno;55.00;Bueno;Bueno;Bueno
2026-02-27;01:00;21;48.50;44.62;34.33;Bueno;99.17;Bueno;1;8.62;8.25;16.50;Bueno;55.00;Bueno;Bueno;Bueno
2026-02-27;02:00;34;48.25;44.62;34.33;Bueno;99.17;Bueno;7;8.71;8.25;16.50;Bueno;55.00;Bueno;Bueno;Bueno
2026-02-27;03:00;34;47.88;44.62;34.33;Bueno;99.17;Bueno;14;8.79;8.25;16.50;Bueno;55.00;Bueno;Bueno;Bueno
2026-02-27;04:00;36;47.75;44.62;34.33;Bueno;99.17;Bueno;10;8.71;8.25;16.50;Bueno;55.00;Bueno;Bueno;Bueno
2026-02-27;05:00;34;46.17;44.62;34.33;Bueno;99.17;Bueno;10;8.29;8.25;16.50;Bueno;55.00;Bueno;Bueno;Bueno
2026-02-27;06:00;79;45.96;44.62;34.33;Bueno;99.17;Bueno;16;8.21;8.25;16.50;Bueno;55.00;Bueno;Bueno;Bueno
2026-02-27;07:00;124;45.54;44.62;34.33;Bueno;99.17;Bueno;30;8.62;8.25;16.50;Bueno;55.00;Bueno;Bueno;Bueno
2026-02-27;08:00;80;43.75;44.62;34.33;Bueno;99.17;Bueno;18;8.17;8.25;16.50;Bueno;55.00;Bueno;Bueno;Bueno
2026-02-27;09:00;109;44.71;44.62;34.33;Bueno;99.17;Bueno;19;8.04;8.25;16.50;Bueno;55.00;Bueno;Bueno;Bueno
2026-02-27;10:00;58;44.21;44.62;34.33;Bueno;99.17;Bueno;13;8.00;8.25;16.50;Bueno;55.00;Bueno;Bueno;Bueno
2026-02-27;11:00;48;44.46;44.62;34.33;Bueno;99.17;Bueno;10;8.12;8.25;16.50;Bueno;55.00;Bueno;Bueno;Bueno
2026-02-27;12:00;37;44.83;44.62;34.33;Bueno;99.17;Bueno;5;8.17;8.25;16.50;Bueno;55.00;Bueno;Bueno;Bueno
2026-02-27;13:00;34;45.00;44.62;34.33;Bueno;99.17;Bueno;3;8.17;8.25;16.50;Bueno;55.00;Bueno;Bueno;Bueno
2026-02-27;14:00;36;44.46;44.62;34.33;Bueno;99.17;Bueno;2;8.21;8.25;16.50;Bueno;55.00;Bueno;Bueno;Bueno
2026-02-27;15:00;42;44.33;44.62;34.33;Bueno;99.17;Bueno;1;8.17;8.25;16.50;Bueno;55.00;Bueno;Bueno;Bueno
2026-02-27;16:00;48;44.21;44.62;34.33;Bueno;99.17;Bueno;3;8.25;8.25;16.50;Bueno;55.00;Bueno;Bueno;Bueno
2026-02-27;17:00;54;44.79;44.62;34.33;Bueno;99.17;Bueno;4;8.21;8.25;16.50;Bueno;55.00;Bueno;Bueno;Bueno
2026-02-27;18:00;40;45.46;44.62;34.33;Bueno;99.17;Bueno;1;8.12;8.25;16.50;Bueno;55.00;Bueno;Bueno;Bueno
2026-02-27;19:00;32;45.46;44.62;34.33;Bueno;99.17;Bueno;4;8.21;8.25;16.50;Bueno;55.00;Bueno;Bueno;Bueno
2026-02-27;20:00;31;45.04;44.62;34.33;Bueno;99.17;Bueno;6;8.29;8.25;16.50;Bueno;55.00;Bueno;Bueno;Bueno
2026-02-27;21:00;21;44.50;44.62;34.33;Bueno;99.17;Bueno;5;8.17;8.25;16.50;Bueno;55.00;Bueno;Bueno;Bueno
2026-02-27;22:00;15;44.25;44.62;34.33;Bueno;99.17;Bueno;5;8.12;8.25;16.50;Bueno;55.00;Bueno;Bueno;Bueno
2026-02-27;23:00;16;44.62;44.62;34.33;Bueno;99.17;Bueno;7;8.25;8.25;16.50;Bueno;55.00;Bueno;Bueno;Bueno
2026-02-28;00:00;13;44.83;35.46;27.28;Bueno;78.80;Bueno;4;8.25;6.88;13.75;Bueno;45.83;Bueno;Bueno;Bueno
2026-02-28;01:00;18;44.71;35.46;27.28;Bueno;78.80;Bueno;5;8.42;6.88;13.75;Bueno;45.83;Bueno;Bueno;Bueno
2026-02-28;02:00;25;44.33;35.46;27.28;Bueno;78.80;Bueno;5;8.33;6.88;13.75;Bueno;45.83;Bueno;Bueno;Bueno
2026-02-28;03:00;19;43.71;35.46;27.28;Bueno;78.80;Bueno;5;7.96;6.88;13.75;Bueno;45.83;Bueno;Bueno;Bueno
2026-02-28;04:00;51;44.33;35.46;27.28;Bueno;78.80;Bueno;13;8.08;6.88;13.75;Bueno;45.83;Bueno;Bueno;Bueno
2026-02-28;05:00;46;44.83;35.46;27.28;Bueno;78.80;Bueno;20;8.50;6.88;13.75;Bueno;45.83;Bueno;Bueno;Bueno
2026-02-28;06:00;41;43.25;35.46;27.28;Bueno;78.80;Bueno;11;8.29;6.88;13.75;Bueno;45.83;Bueno;Bueno;Bueno
2026-02-28;07:00;64;40.75;35.46;27.28;Bueno;78.80;Bueno;8;7.38;6.88;13.75;Bueno;45.83;Bueno;Bueno;Bueno
2026-02-28;08:00;81;40.79;35.46;27.28;Bueno;78.80;Bueno;18;7.38;6.88;13.75;Bueno;45.83;Bueno;Bueno;Bueno
2026-02-28;09:00;49;38.29;35.46;27.28;Bueno;78.80;Bueno;10;7.00;6.88;13.75;Bueno;45.83;Bueno;Bueno;Bueno
2026-02-28;10:00;35;37.33;35.46;27.28;Bueno;78.80;Bueno;5;6.67;6.88;13.75;Bueno;45.83;Bueno;Bueno;Bueno
2026-02-28;11:00;38;36.92;35.46;27.28;Bueno;78.80;Bueno;2;6.33;6.88;13.75;Bueno;45.83;Bueno;Bueno;Bueno
2026-02-28;12:00;43;37.17;35.46;27.28;Bueno;78.80;Bueno;5;6.33;6.88;13.75;Bueno;45.83;Bueno;Bueno;Bueno
2026-02-28;13:00;36;37.25;35.46;27.28;Bueno;78.80;Bueno;5;6.42;6.88;13.75;Bueno;45.83;Bueno;Bueno;Bueno
2026-02-28;14:00;31;37.04;35.46;27.28;Bueno;78.80;Bueno;4;6.50;6.88;13.75;Bueno;45.83;Bueno;Bueno;Bueno
2026-02-28;15:00;29;36.50;35.46;27.28;Bueno;78.80;Bueno;3;6.58;6.88;13.75;Bueno;45.83;Bueno;Bueno;Bueno
2026-02-28;16:00;27;35.62;35.46;27.28;Bueno;78.80;Bueno;2;6.54;6.88;13.75;Bueno;45.83;Bueno;Bueno;Bueno
2026-02-28;17:00;21;34.25;35.46;27.28;Bueno;78.80;Bueno;1;6.42;6.88;13.75;Bueno;45.83;Bueno;Bueno;Bueno
2026-02-28;18:00;26;33.67;35.46;27.28;Bueno;78.80;Bueno;1;6.42;6.88;13.75;Bueno;45.83;Bueno;Bueno;Bueno
2026-02-28;19:00;35;33.79;35.46;27.28;Bueno;78.80;Bueno;4;6.42;6.88;13.75;Bueno;45.83;Bueno;Bueno;Bueno
2026-02-28;20:00;44;34.33;35.46;27.28;Bueno;78.80;Bueno;17;6.88;6.88;13.75;Bueno;45.83;Bueno;Bueno;Bueno
2026-02-28;21:00;34;34.88;35.46;27.28;Bueno;78.80;Bueno;8;7.00;6.88;13.75;Bueno;45.83;Bueno;Bueno;Bueno
2026-02-28;22:00;26;35.33;35.46;27.28;Bueno;78.80;Bueno;4;6.96;6.88;13.75;Bueno;45.83;Bueno;Bueno;Bueno
2026-02-28;23:00;19;35.46;35.46;27.28;Bueno;78.80;Bueno;5;6.88;6.88;13.75;Bueno;45.83;Bueno;Bueno;Bueno
2026-03-01;00:00;22;35.83;29.54;22.72;Bueno;65.65;Bueno;4;6.88;6.08;12.17;Bueno;40.56;Bueno;Bueno;Bueno
2026-03-01;01:00;38;36.67;29.54;22.72;Bueno;65.65;Bueno;9;7.04;6.08;12.17;Bueno;40.56;Bueno;Bueno;Bueno
2026-03-01;02:00;29;36.83;29.54;22.72;Bueno;65.65;Bueno;6;7.08;6.08;12.17;Bueno;40.56;Bueno;Bueno;Bueno
2026-03-01;03:00;25;37.08;29.54;22.72;Bueno;65.65;Bueno;8;7.21;6.08;12.17;Bueno;40.56;Bueno;Bueno;Bueno
2026-03-01;04:00;39;36.58;29.54;22.72;Bueno;65.65;Bueno;5;6.88;6.08;12.17;Bueno;40.56;Bueno;Bueno;Bueno
2026-03-01;05:00;51;36.79;29.54;22.72;Bueno;65.65;Bueno;18;6.79;6.08;12.17;Bueno;40.56;Bueno;Bueno;Bueno
2026-03-01;06:00;32;36.42;29.54;22.72;Bueno;65.65;Bueno;11;6.79;6.08;12.17;Bueno;40.56;Bueno;Bueno;Bueno
2026-03-01;07:00;47;35.71;29.54;22.72;Bueno;65.65;Bueno;10;6.88;6.08;12.17;Bueno;40.56;Bueno;Bueno;Bueno
2026-03-01;08:00;28;33.50;29.54;22.72;Bueno;65.65;Bueno;9;6.50;6.08;12.17;Bueno;40.56;Bueno;Bueno;Bueno
2026-03-01;09:00;29;32.67;29.54;22.72;Bueno;65.65;Bueno;9;6.46;6.08;12.17;Bueno;40.56;Bueno;Bueno;Bueno
2026-03-01;10:00;22;32.12;29.54;22.72;Bueno;65.65;Bueno;5;6.46;6.08;12.17;Bueno;40.56;Bueno;Bueno;Bueno
2026-03-01;11:00;28;31.71;29.54;22.72;Bueno;65.65;Bueno;6;6.62;6.08;12.17;Bueno;40.56;Bueno;Bueno;Bueno
2026-03-01;12:00;33;31.29;29.54;22.72;Bueno;65.65;Bueno;4;6.58;6.08;12.17;Bueno;40.56;Bueno;Bueno;Bueno
2026-03-01;13:00;27;30.92;29.54;22.72;Bueno;65.65;Bueno;7;6.67;6.08;12.17;Bueno;40.56;Bueno;Bueno;Bueno
2026-03-01;14:00;29;30.83;29.54;22.72;Bueno;65.65;Bueno;9;6.88;6.08;12.17;Bueno;40.56;Bueno;Bueno;Bueno
2026-03-01;15:00;29;30.83;29.54;22.72;Bueno;65.65;Bueno;7;7.04;6.08;12.17;Bueno;40.56;Bueno;Bueno;Bueno
2026-03-01;16:00;31;31.00;29.54;22.72;Bueno;65.65;Bueno;5;7.17;6.08;12.17;Bueno;40.56;Bueno;Bueno;Bueno
2026-03-01;17:00;43;31.92;29.54;22.72;Bueno;65.65;Bueno;4;7.29;6.08;12.17;Bueno;40.56;Bueno;Bueno;Bueno
2026-03-01;18:00;38;32.42;29.54;22.72;Bueno;65.65;Bueno;1;7.29;6.08;12.17;Bueno;40.56;Bueno;Bueno;Bueno
2026-03-01;19:00;37;32.50;29.54;22.72;Bueno;65.65;Bueno;1;7.17;6.08;12.17;Bueno;40.56;Bueno;Bueno;Bueno
2026-03-01;20:00;25;31.71;29.54;22.72;Bueno;65.65;Bueno;1;6.50;6.08;12.17;Bueno;40.56;Bueno;Bueno;Bueno
2026-03-01;21:00;14;30.88;29.54;22.72;Bueno;65.65;Bueno;2;6.25;6.08;12.17;Bueno;40.56;Bueno;Bueno;Bueno
2026-03-01;22:00;8;30.12;29.54;22.72;Bueno;65.65;Bueno;3;6.21;6.08;12.17;Bueno;40.56;Bueno;Bueno;Bueno
2026-03-01;23:00;5;29.54;29.54;22.72;Bueno;65.65;Bueno;2;6.08;6.08;12.17;Bueno;40.56;Bueno;Bueno;Bueno
2026-03-02;00:00;4;28.79;25.29;19.46;Bueno;56.20;Bueno;1;5.96;2.96;5.92;Bueno;19.72;Bueno;Bueno;Bueno
2026-03-02;01:00;7;27.50;25.29;19.46;Bueno;56.20;Bueno;1;5.62;2.96;5.92;Bueno;19.72;Bueno;Bueno;Bueno
2026-03-02;02:00;7;26.58;25.29;19.46;Bueno;56.20;Bueno;1;5.42;2.96;5.92;Bueno;19.72;Bueno;Bueno;Bueno
2026-03-02;03:00;10;25.96;25.29;19.46;Bueno;56.20;Bueno;3;5.21;2.96;5.92;Bueno;19.72;Bueno;Bueno;Bueno
2026-03-02;04:00;7;24.62;25.29;19.46;Bueno;56.20;Bueno;2;5.08;2.96;5.92;Bueno;19.72;Bueno;Bueno;Bueno
2026-03-02;05:00;15;23.12;25.29;19.46;Bueno;56.20;Bueno;1;4.38;2.96;5.92;Bueno;19.72;Bueno;Bueno;Bueno
2026-03-02;06:00;39;23.42;25.29;19.46;Bueno;56.20;Bueno;7;4.21;2.96;5.92;Bueno;19.72;Bueno;Bueno;Bueno
2026-03-02;07:00;30;22.71;25.29;19.46;Bueno;56.20;Bueno;5;4.00;2.96;5.92;Bueno;19.72;Bueno;Bueno;Bueno
2026-03-02;08:00;43;23.33;25.29;19.46;Bueno;56.20;Bueno;5;3.83;2.96;5.92;Bueno;19.72;Bueno;Bueno;Bueno
2026-03-02;09:00;43;23.92;25.29;19.46;Bueno;56.20;Bueno;7;3.75;2.96;5.92;Bueno;19.72;Bueno;Bueno;Bueno
2026-03-02;10:00;20;23.83;25.29;19.46;Bueno;56.20;Bueno;4;3.71;2.96;5.92;Bueno;19.72;Bueno;Bueno;Bueno
2026-03-02;11:00;19;23.46;25.29;19.46;Bueno;56.20;Bueno;3;3.58;2.96;5.92;Bueno;19.72;Bueno;Bueno;Bueno
2026-03-02;12:00;23;23.04;25.29;19.46;Bueno;56.20;Bueno;1;3.46;2.96;5.92;Bueno;19.72;Bueno;Bueno;Bueno
2026-03-02;13:00;20;22.75;25.29;19.46;Bueno;56.20;Bueno;1;3.21;2.96;5.92;Bueno;19.72;Bueno;Bueno;Bueno
2026-03-02;14:00;18;22.29;25.29;19.46;Bueno;56.20;Bueno;1;2.88;2.96;5.92;Bueno;19.72;Bueno;Bueno;Bueno
2026-03-02;15:00;48;23.08;25.29;19.46;Bueno;56.20;Bueno;2;2.67;2.96;5.92;Bueno;19.72;Bueno;Bueno;Bueno
2026-03-02;16:00;48;23.79;25.29;19.46;Bueno;56.20;Bueno;2;2.54;2.96;5.92;Bueno;19.72;Bueno;Bueno;Bueno
2026-03-02;17:00;43;23.79;25.29;19.46;Bueno;56.20;Bueno;1;2.42;2.96;5.92;Bueno;19.72;Bueno;Bueno;Bueno
2026-03-02;18:00;42;23.96;25.29;19.46;Bueno;56.20;Bueno;2;2.46;2.96;5.92;Bueno;19.72;Bueno;Bueno;Bueno
2026-03-02;19:00;35;23.88;25.29;19.46;Bueno;56.20;Bueno;4;2.58;2.96;5.92;Bueno;19.72;Bueno;Bueno;Bueno
2026-03-02;20:00;27;23.96;25.29;19.46;Bueno;56.20;Bueno;3;2.67;2.96;5.92;Bueno;19.72;Bueno;Bueno;Bueno
2026-03-02;21:00;21;24.25;25.29;19.46;Bueno;56.20;Bueno;5;2.79;2.96;5.92;Bueno;19.72;Bueno;Bueno;Bueno
2026-03-02;22:00;20;24.75;25.29;19.46;Bueno;56.20;Bueno;4;2.83;2.96;5.92;Bueno;19.72;Bueno;Bueno;Bueno
2026-03-02;23:00;18;25.29;25.29;19.46;Bueno;56.20;Bueno;5;2.96;2.96;5.92;Bueno;19.72;Bueno;Bueno;Bueno
2026-03-03;00:00;18;25.88;42.21;32.47;Bueno;93.80;Bueno;4;3.08;7.25;14.50;Bueno;48.33;Bueno;Bueno;Bueno
2026-03-03;01:00;18;26.33;42.21;32.47;Bueno;93.80;Bueno;5;3.25;7.25;14.50;Bueno;48.33;Bueno;Bueno;Bueno
2026-03-03;02:00;21;26.92;42.21;32.47;Bueno;93.80;Bueno;6;3.46;7.25;14.50;Bueno;48.33;Bueno;Bueno;Bueno
2026-03-03;03:00;29;27.71;42.21;32.47;Bueno;93.80;Bueno;7;3.62;7.25;14.50;Bueno;48.33;Bueno;Bueno;Bueno
2026-03-03;04:00;35;28.88;42.21;32.47;Bueno;93.80;Bueno;7;3.83;7.25;14.50;Bueno;48.33;Bueno;Bueno;Bueno
2026-03-03;05:00;39;29.88;42.21;32.47;Bueno;93.80;Bueno;9;4.17;7.25;14.50;Bueno;48.33;Bueno;Bueno;Bueno
2026-03-03;06:00;57;30.62;42.21;32.47;Bueno;93.80;Bueno;8;4.21;7.25;14.50;Bueno;48.33;Bueno;Bueno;Bueno
2026-03-03;07:00;84;32.88;42.21;32.47;Bueno;93.80;Bueno;16;4.67;7.25;14.50;Bueno;48.33;Bueno;Bueno;Bueno
2026-03-03;08:00;55;33.38;42.21;32.47;Bueno;93.80;Bueno;14;5.04;7.25;14.50;Bueno;48.33;Bueno;Bueno;Bueno
2026-03-03;09:00;58;34.00;42.21;32.47;Bueno;93.80;Bueno;14;5.33;7.25;14.50;Bueno;48.33;Bueno;Bueno;Bueno
2026-03-03;10:00;53;35.38;42.21;32.47;Bueno;93.80;Bueno;10;5.58;7.25;14.50;Bueno;48.33;Bueno;Bueno;Bueno
2026-03-03;11:00;54;36.83;42.21;32.47;Bueno;93.80;Bueno;9;5.83;7.25;14.50;Bueno;48.33;Bueno;Bueno;Bueno
2026-03-03;12:00;46;37.79;42.21;32.47;Bueno;93.80;Bueno;8;6.12;7.25;14.50;Bueno;48.33;Bueno;Bueno;Bueno
2026-03-03;13:00;46;38.88;42.21;32.47;Bueno;93.80;Bueno;5;6.29;7.25;14.50;Bueno;48.33;Bueno;Bueno;Bueno
2026-03-03;14:00;40;39.79;42.21;32.47;Bueno;93.80;Bueno;4;6.42;7.25;14.50;Bueno;48.33;Bueno;Bueno;Bueno
2026-03-03;15:00;39;39.42;42.21;32.47;Bueno;93.80;Bueno;4;6.50;7.25;14.50;Bueno;48.33;Bueno;Bueno;Bueno
2026-03-03;16:00;42;39.17;42.21;32.47;Bueno;93.80;Bueno;4;6.58;7.25;14.50;Bueno;48.33;Bueno;Bueno;Bueno
2026-03-03;17:00;34;38.79;42.21;32.47;Bueno;93.80;Bueno;3;6.67;7.25;14.50;Bueno;48.33;Bueno;Bueno;Bueno
2026-03-03;18:00;44;38.88;42.21;32.47;Bueno;93.80;Bueno;4;6.75;7.25;14.50;Bueno;48.33;Bueno;Bueno;Bueno
2026-03-03;19:00;42;39.17;42.21;32.47;Bueno;93.80;Bueno;6;6.83;7.25;14.50;Bueno;48.33;Bueno;Bueno;Bueno
2026-03-03;20:00;37;39.58;42.21;32.47;Bueno;93.80;Bueno;7;7.00;7.25;14.50;Bueno;48.33;Bueno;Bueno;Bueno
2026-03-03;21:00;36;40.21;42.21;32.47;Bueno;93.80;Bueno;4;6.96;7.25;14.50;Bueno;48.33;Bueno;Bueno;Bueno
2026-03-03;22:00;45;41.25;42.21;32.47;Bueno;93.80;Bueno;9;7.17;7.25;14.50;Bueno;48.33;Bueno;Bueno;Bueno
2026-03-03;23:00;41;42.21;42.21;32.47;Bueno;93.80;Bueno;7;7.25;7.25;14.50;Bueno;48.33;Bueno;Bueno;Bueno
2026-03-04;00:00;32;42.79;56.46;43.43;Bueno;118.80;Regular;10;7.50;9.21;18.42;Bueno;61.39;Bueno;Bueno;Regular
2026-03-04;01:00;33;43.42;56.46;43.43;Bueno;118.80;Regular;5;7.50;9.21;18.42;Bueno;61.39;Bueno;Bueno;Regular
2026-03-04;02:00;23;43.50;56.46;43.43;Bueno;118.80;Regular;4;7.42;9.21;18.42;Bueno;61.39;Bueno;Bueno;Regular
2026-03-04;03:00;30;43.54;56.46;43.43;Bueno;118.80;Regular;3;7.25;9.21;18.42;Bueno;61.39;Bueno;Bueno;Regular
2026-03-04;04:00;36;43.58;56.46;43.43;Bueno;118.80;Regular;8;7.29;9.21;18.42;Bueno;61.39;Bueno;Bueno;Regular
2026-03-04;05:00;48;43.96;56.46;43.43;Bueno;118.80;Regular;10;7.33;9.21;18.42;Bueno;61.39;Bueno;Bueno;Regular
2026-03-04;06:00;71;44.54;56.46;43.43;Bueno;118.80;Regular;9;7.38;9.21;18.42;Bueno;61.39;Bueno;Bueno;Regular
2026-03-04;07:00;217;50.08;56.46;43.43;Bueno;118.80;Regular;20;7.54;9.21;18.42;Bueno;61.39;Bueno;Bueno;Regular
2026-03-04;08:00;128;53.12;56.46;43.43;Bueno;118.80;Regular;16;7.62;9.21;18.42;Bueno;61.39;Bueno;Bueno;Regular
2026-03-04;09:00;63;53.33;56.46;43.43;Bueno;118.80;Regular;8;7.38;9.21;18.42;Bueno;61.39;Bueno;Bueno;Regular
2026-03-04;10:00;53;53.33;56.46;43.43;Bueno;118.80;Regular;5;7.17;9.21;18.42;Bueno;61.39;Bueno;Bueno;Regular
2026-03-04;11:00;73;54.12;56.46;43.43;Bueno;118.80;Regular;17;7.50;9.21;18.42;Bueno;61.39;Bueno;Bueno;Regular
2026-03-04;12:00;69;55.08;56.46;43.43;Bueno;118.80;Regular;24;8.17;9.21;18.42;Bueno;61.39;Bueno;Bueno;Regular
2026-03-04;13:00;57;55.54;56.46;43.43;Bueno;118.80;Regular;12;8.46;9.21;18.42;Bueno;61.39;Bueno;Bueno;Regular
2026-03-04;14:00;48;55.88;56.46;43.43;Bueno;118.80;Regular;8;8.62;9.21;18.42;Bueno;61.39;Bueno;Bueno;Regular
2026-03-04;15:00;54;56.50;56.46;43.43;Bueno;118.80;Regular;9;8.83;9.21;18.42;Bueno;61.39;Bueno;Bueno;Regular
2026-03-04;16:00;53;56.96;56.46;43.43;Bueno;118.80;Regular;7;8.96;9.21;18.42;Bueno;61.39;Bueno;Bueno;Regular
2026-03-04;17:00;58;57.96;56.46;43.43;Bueno;118.80;Regular;8;9.17;9.21;18.42;Bueno;61.39;Bueno;Bueno;Regular
2026-03-04;18:00;37;57.67;56.46;43.43;Bueno;118.80;Regular;5;9.21;9.21;18.42;Bueno;61.39;Bueno;Bueno;Regular
2026-03-04;19:00;39;57.54;56.46;43.43;Bueno;118.80;Regular;3;9.08;9.21;18.42;Bueno;61.39;Bueno;Bueno;Regular
2026-03-04;20:00;38;57.58;56.46;43.43;Bueno;118.80;Regular;5;9.00;9.21;18.42;Bueno;61.39;Bueno;Bueno;Regular
2026-03-04;21:00;38;57.67;56.46;43.43;Bueno;118.80;Regular;6;9.08;9.21;18.42;Bueno;61.39;Bueno;Bueno;Regular
2026-03-04;22:00;33;57.17;56.46;43.43;Bueno;118.80;Regular;11;9.17;9.21;18.42;Bueno;61.39;Bueno;Bueno;Regular
2026-03-04;23:00;24;56.46;56.46;43.43;Bueno;118.80;Regular;8;9.21;9.21;18.42;Bueno;61.39;Bueno;Bueno;Regular
2026-03-05;00:00;14;55.71;56.25;43.27;Bueno;118.45;Regular;4;8.96;11.21;22.42;Bueno;74.72;Bueno;Bueno;Regular
2026-03-05;01:00;21;55.21;56.25;43.27;Bueno;118.45;Regular;3;8.88;11.21;22.42;Bueno;74.72;Bueno;Bueno;Regular
2026-03-05;02:00;28;55.42;56.25;43.27;Bueno;118.45;Regular;5;8.92;11.21;22.42;Bueno;74.72;Bueno;Bueno;Regular
2026-03-05;03:00;33;55.54;56.25;43.27;Bueno;118.45;Regular;7;9.08;11.21;22.42;Bueno;74.72;Bueno;Bueno;Regular
2026-03-05;04:00;31;55.33;56.25;43.27;Bueno;118.45;Regular;9;9.12;11.21;22.42;Bueno;74.72;Bueno;Bueno;Regular
2026-03-05;05:00;47;55.29;56.25;43.27;Bueno;118.45;Regular;10;9.12;11.21;22.42;Bueno;74.72;Bueno;Bueno;Regular
2026-03-05;06:00;94;56.25;56.25;43.27;Bueno;118.45;Regular;30;10.00;11.21;22.42;Bueno;74.72;Bueno;Bueno;Regular
2026-03-05;07:00;102;51.46;56.25;43.27;Bueno;118.45;Regular;38;10.75;11.21;22.42;Bueno;74.72;Bueno;Bueno;Regular
2026-03-05;08:00;112;50.79;56.25;43.27;Bueno;118.45;Regular;23;11.04;11.21;22.42;Bueno;74.72;Bueno;Bueno;Regular
2026-03-05;09:00;84;51.67;56.25;43.27;Bueno;118.45;Regular;15;11.33;11.21;22.42;Bueno;74.72;Bueno;Bueno;Regular
2026-03-05;10:00;77;52.67;56.25;43.27;Bueno;118.45;Regular;8;11.46;11.21;22.42;Bueno;74.72;Bueno;Bueno;Regular
2026-03-05;11:00;60;52.12;56.25;43.27;Bueno;118.45;Regular;10;11.17;11.21;22.42;Bueno;74.72;Bueno;Bueno;Regular
2026-03-05;12:00;55;51.54;56.25;43.27;Bueno;118.45;Regular;9;10.54;11.21;22.42;Bueno;74.72;Bueno;Bueno;Regular
2026-03-05;13:00;56;51.50;56.25;43.27;Bueno;118.45;Regular;10;10.46;11.21;22.42;Bueno;74.72;Bueno;Bueno;Regular
2026-03-05;14:00;52;51.67;56.25;43.27;Bueno;118.45;Regular;7;10.42;11.21;22.42;Bueno;74.72;Bueno;Bueno;Regular
2026-03-05;15:00;72;52.42;56.25;43.27;Bueno;118.45;Regular;4;10.21;11.21;22.42;Bueno;74.72;Bueno;Bueno;Regular
2026-03-05;16:00;97;54.25;56.25;43.27;Bueno;118.45;Regular;10;10.33;11.21;22.42;Bueno;74.72;Bueno;Bueno;Regular
2026-03-05;17:00;69;54.71;56.25;43.27;Bueno;118.45;Regular;10;10.42;11.21;22.42;Bueno;74.72;Bueno;Bueno;Regular
2026-03-05;18:00;53;55.38;56.25;43.27;Bueno;118.45;Regular;10;10.62;11.21;22.42;Bueno;74.72;Bueno;Bueno;Regular
2026-03-05;19:00;54;56.00;56.25;43.27;Bueno;118.45;Regular;12;11.00;11.21;22.42;Bueno;74.72;Bueno;Bueno;Regular
2026-03-05;20:00;47;56.38;56.25;43.27;Bueno;118.45;Regular;9;11.17;11.21;22.42;Bueno;74.72;Bueno;Bueno;Regular
2026-03-05;21:00;37;56.33;56.25;43.27;Bueno;118.45;Regular;9;11.29;11.21;22.42;Bueno;74.72;Bueno;Bueno;Regular
2026-03-05;22:00;31;56.25;56.25;43.27;Bueno;118.45;Regular;11;11.29;11.21;22.42;Bueno;74.72;Bueno;Bueno;Regular
2026-03-05;23:00;24;56.25;56.25;43.27;Bueno;118.45;Regular;6;11.21;11.21;22.42;Bueno;74.72;Bueno;Bueno;Regular
2026-03-06;00:00;21;56.54;63.62;48.94;Bueno;130.60;Regular;4;11.21;14.29;28.58;Bueno;95.28;Bueno;Bueno;Regular
2026-03-06;01:00;44;57.50;63.62;48.94;Bueno;130.60;Regular;18;11.83;14.29;28.58;Bueno;95.28;Bueno;Bueno;Regular
2026-03-06;02:00;45;58.21;63.62;48.94;Bueno;130.60;Regular;18;12.38;14.29;28.58;Bueno;95.28;Bueno;Bueno;Regular
2026-03-06;03:00;62;59.42;63.62;48.94;Bueno;130.60;Regular;27;13.21;14.29;28.58;Bueno;95.28;Bueno;Bueno;Regular
2026-03-06;04:00;57;60.50;63.62;48.94;Bueno;130.60;Regular;29;14.04;14.29;28.58;Bueno;95.28;Bueno;Bueno;Regular
2026-03-06;05:00;49;60.58;63.62;48.94;Bueno;130.60;Regular;19;14.42;14.29;28.58;Bueno;95.28;Bueno;Bueno;Regular
2026-03-06;06:00;92;60.50;63.62;48.94;Bueno;130.60;Regular;22;14.08;14.29;28.58;Bueno;95.28;Bueno;Bueno;Regular
2026-03-06;07:00;134;61.83;63.62;48.94;Bueno;130.60;Regular;21;13.38;14.29;28.58;Bueno;95.28;Bueno;Bueno;Regular
2026-03-06;08:00;85;60.71;63.62;48.94;Bueno;130.60;Regular;21;13.29;14.29;28.58;Bueno;95.28;Bueno;Bueno;Regular
2026-03-06;09:00;73;60.25;63.62;48.94;Bueno;130.60;Regular;15;13.29;14.29;28.58;Bueno;95.28;Bueno;Bueno;Regular
2026-03-06;10:00;71;60.00;63.62;48.94;Bueno;130.60;Regular;12;13.46;14.29;28.58;Bueno;95.28;Bueno;Bueno;Regular
2026-03-06;11:00;87;61.12;63.62;48.94;Bueno;130.60;Regular;17;13.75;14.29;28.58;Bueno;95.28;Bueno;Bueno;Regular
2026-03-06;12:00;66;61.58;63.62;48.94;Bueno;130.60;Regular;12;13.88;14.29;28.58;Bueno;95.28;Bueno;Bueno;Regular
2026-03-06;13:00;60;61.75;63.62;48.94;Bueno;130.60;Regular;14;14.04;14.29;28.58;Bueno;95.28;Bueno;Bueno;Regular
2026-03-06;14:00;60;62.08;63.62;48.94;Bueno;130.60;Regular;7;14.04;14.29;28.58;Bueno;95.28;Bueno;Bueno;Regular
2026-03-06;15:00;89;62.79;63.62;48.94;Bueno;130.60;Regular;7;14.17;14.29;28.58;Bueno;95.28;Bueno;Bueno;Regular
2026-03-06;16:00;88;62.42;63.62;48.94;Bueno;130.60;Regular;16;14.42;14.29;28.58;Bueno;95.28;Bueno;Bueno;Regular
2026-03-06;17:00;83;63.00;63.62;48.94;Bueno;130.60;Regular;8;14.33;14.29;28.58;Bueno;95.28;Bueno;Bueno;Regular
2026-03-06;18:00;61;63.33;63.62;48.94;Bueno;130.60;Regular;7;14.21;14.29;28.58;Bueno;95.28;Bueno;Bueno;Regular
2026-03-06;19:00;50;63.17;63.62;48.94;Bueno;130.60;Regular;8;14.04;14.29;28.58;Bueno;95.28;Bueno;Bueno;Regular
2026-03-06;20:00;48;63.21;63.62;48.94;Bueno;130.60;Regular;10;14.08;14.29;28.58;Bueno;95.28;Bueno;Bueno;Regular
2026-03-06;21:00;34;63.08;63.62;48.94;Bueno;130.60;Regular;7;14.00;14.29;28.58;Bueno;95.28;Bueno;Bueno;Regular
2026-03-06;22:00;35;63.25;63.62;48.94;Bueno;130.60;Regular;12;14.04;14.29;28.58;Bueno;95.28;Bueno;Bueno;Regular
2026-03-06;23:00;33;63.62;63.62;48.94;Bueno;130.60;Regular;12;14.29;14.29;28.58;Bueno;95.28;Bueno;Bueno;Regular
2026-03-07;00:00;28;63.92;41.50;31.92;Bueno;92.22;Bueno;7;14.42;10.46;20.92;Bueno;69.72;Bueno;Bueno;Bueno
2026-03-07;01:00;31;63.38;41.50;31.92;Bueno;92.22;Bueno;12;14.17;10.46;20.92;Bueno;69.72;Bueno;Bueno;Bueno
2026-03-07;02:00;39;63.12;41.50;31.92;Bueno;92.22;Bueno;10;13.83;10.46;20.92;Bueno;69.72;Bueno;Bueno;Bueno
2026-03-07;03:00;36;62.04;41.50;31.92;Bueno;92.22;Bueno;9;13.08;10.46;20.92;Bueno;69.72;Bueno;Bueno;Bueno
2026-03-07;04:00;51;61.79;41.50;31.92;Bueno;92.22;Bueno;18;12.62;10.46;20.92;Bueno;69.72;Bueno;Bueno;Bueno
2026-03-07;05:00;63;62.38;41.50;31.92;Bueno;92.22;Bueno;22;12.75;10.46;20.92;Bueno;69.72;Bueno;Bueno;Bueno
2026-03-07;06:00;70;61.46;41.50;31.92;Bueno;92.22;Bueno;16;12.50;10.46;20.92;Bueno;69.72;Bueno;Bueno;Bueno
2026-03-07;07:00;76;59.04;41.50;31.92;Bueno;92.22;Bueno;20;12.46;10.46;20.92;Bueno;69.72;Bueno;Bueno;Bueno
2026-03-07;08:00;47;57.46;41.50;31.92;Bueno;92.22;Bueno;16;12.25;10.46;20.92;Bueno;69.72;Bueno;Bueno;Bueno
2026-03-07;09:00;53;56.62;41.50;31.92;Bueno;92.22;Bueno;12;12.12;10.46;20.92;Bueno;69.72;Bueno;Bueno;Bueno
2026-03-07;10:00;51;55.79;41.50;31.92;Bueno;92.22;Bueno;10;12.04;10.46;20.92;Bueno;69.72;Bueno;Bueno;Bueno
2026-03-07;11:00;56;54.50;41.50;31.92;Bueno;92.22;Bueno;7;11.62;10.46;20.92;Bueno;69.72;Bueno;Bueno;Bueno
2026-03-07;12:00;42;53.50;41.50;31.92;Bueno;92.22;Bueno;7;11.42;10.46;20.92;Bueno;69.72;Bueno;Bueno;Bueno
2026-03-07;13:00;35;52.46;41.50;31.92;Bueno;92.22;Bueno;7;11.12;10.46;20.92;Bueno;69.72;Bueno;Bueno;Bueno
2026-03-07;14:00;42;51.71;41.50;31.92;Bueno;92.22;Bueno;9;11.21;10.46;20.92;Bueno;69.72;Bueno;Bueno;Bueno
2026-03-07;15:00;34;49.42;41.50;31.92;Bueno;92.22;Bueno;8;11.25;10.46;20.92;Bueno;69.72;Bueno;Bueno;Bueno
2026-03-07;16:00;33;47.12;41.50;31.92;Bueno;92.22;Bueno;9;10.96;10.46;20.92;Bueno;69.72;Bueno;Bueno;Bueno
2026-03-07;17:00;32;45.00;41.50;31.92;Bueno;92.22;Bueno;7;10.92;10.46;20.92;Bueno;69.72;Bueno;Bueno;Bueno
2026-03-07;18:00;35;43.92;41.50;31.92;Bueno;92.22;Bueno;7;10.92;10.46;20.92;Bueno;69.72;Bueno;Bueno;Bueno
2026-03-07;19:00;34;43.25;41.50;31.92;Bueno;92.22;Bueno;6;10.83;10.46;20.92;Bueno;69.72;Bueno;Bueno;Bueno
2026-03-07;20:00;31;42.54;41.50;31.92;Bueno;92.22;Bueno;8;10.75;10.46;20.92;Bueno;69.72;Bueno;Bueno;Bueno
2026-03-07;21:00;26;42.21;41.50;31.92;Bueno;92.22;Bueno;7;10.75;10.46;20.92;Bueno;69.72;Bueno;Bueno;Bueno
2026-03-07;22:00;25;41.79;41.50;31.92;Bueno;92.22;Bueno;7;10.54;10.46;20.92;Bueno;69.72;Bueno;Bueno;Bueno
2026-03-07;23:00;26;41.50;41.50;31.92;Bueno;92.22;Bueno;10;10.46;10.46;20.92;Bueno;69.72;Bueno;Bueno;Bueno
2026-03-08;00:00;27;41.46;30.46;23.43;Bueno;67.69;Bueno;8;10.50;7.75;15.50;Bueno;51.67;Bueno;Bueno;Bueno
2026-03-08;01:00;32;41.50;30.46;23.43;Bueno;67.69;Bueno;10;10.42;7.75;15.50;Bueno;51.67;Bueno;Bueno;Bueno
2026-03-08;02:00;36;41.38;30.46;23.43;Bueno;67.69;Bueno;8;10.33;7.75;15.50;Bueno;51.67;Bueno;Bueno;Bueno
2026-03-08;03:00;34;41.29;30.46;23.43;Bueno;67.69;Bueno;15;10.58;7.75;15.50;Bueno;51.67;Bueno;Bueno;Bueno
2026-03-08;04:00;29;40.38;30.46;23.43;Bueno;67.69;Bueno;10;10.25;7.75;15.50;Bueno;51.67;Bueno;Bueno;Bueno
2026-03-08;05:00;27;38.88;30.46;23.43;Bueno;67.69;Bueno;12;9.83;7.75;15.50;Bueno;51.67;Bueno;Bueno;Bueno
2026-03-08;06:00;26;37.04;30.46;23.43;Bueno;67.69;Bueno;11;9.62;7.75;15.50;Bueno;51.67;Bueno;Bueno;Bueno
2026-03-08;07:00;21;34.75;30.46;23.43;Bueno;67.69;Bueno;7;9.08;7.75;15.50;Bueno;51.67;Bueno;Bueno;Bueno
2026-03-08;08:00;29;34.00;30.46;23.43;Bueno;67.69;Bueno;13;8.96;7.75;15.50;Bueno;51.67;Bueno;Bueno;Bueno
2026-03-08;09:00;37;33.33;30.46;23.43;Bueno;67.69;Bueno;9;8.83;7.75;15.50;Bueno;51.67;Bueno;Bueno;Bueno
2026-03-08;10:00;36;32.71;30.46;23.43;Bueno;67.69;Bueno;15;9.04;7.75;15.50;Bueno;51.67;Bueno;Bueno;Bueno
2026-03-08;11:00;37;31.92;30.46;23.43;Bueno;67.69;Bueno;8;9.08;7.75;15.50;Bueno;51.67;Bueno;Bueno;Bueno
2026-03-08;12:00;36;31.67;30.46;23.43;Bueno;67.69;Bueno;7;9.08;7.75;15.50;Bueno;51.67;Bueno;Bueno;Bueno
2026-03-08;13:00;29;31.42;30.46;23.43;Bueno;67.69;Bueno;7;9.08;7.75;15.50;Bueno;51.67;Bueno;Bueno;Bueno
2026-03-08;14:00;26;30.75;30.46;23.43;Bueno;67.69;Bueno;8;9.04;7.75;15.50;Bueno;51.67;Bueno;Bueno;Bueno
2026-03-08;15:00;27;30.46;30.46;23.43;Bueno;67.69;Bueno;5;8.92;7.75;15.50;Bueno;51.67;Bueno;Bueno;Bueno
2026-03-08;16:00;49;31.12;30.46;23.43;Bueno;67.69;Bueno;3;8.67;7.75;15.50;Bueno;51.67;Bueno;Bueno;Bueno
2026-03-08;17:00;47;31.75;30.46;23.43;Bueno;67.69;Bueno;3;8.50;7.75;15.50;Bueno;51.67;Bueno;Bueno;Bueno
2026-03-08;18:00;23;31.25;30.46;23.43;Bueno;67.69;Bueno;4;8.38;7.75;15.50;Bueno;51.67;Bueno;Bueno;Bueno
2026-03-08;19:00;27;30.96;30.46;23.43;Bueno;67.69;Bueno;5;8.33;7.75;15.50;Bueno;51.67;Bueno;Bueno;Bueno
2026-03-08;20:00;27;30.79;30.46;23.43;Bueno;67.69;Bueno;5;8.21;7.75;15.50;Bueno;51.67;Bueno;Bueno;Bueno
2026-03-08;21:00;20;30.54;30.46;23.43;Bueno;67.69;Bueno;4;8.08;7.75;15.50;Bueno;51.67;Bueno;Bueno;Bueno
2026-03-08;22:00;31;30.79;30.46;23.43;Bueno;67.69;Bueno;2;7.88;7.75;15.50;Bueno;51.67;Bueno;Bueno;Bueno
2026-03-08;23:00;18;30.46;30.46;23.43;Bueno;67.69;Bueno;7;7.75;7.75;15.50;Bueno;51.67;Bueno;Bueno;Bueno
2026-03-09;00:00;15;29.96;41.29;31.76;Bueno;91.76;Bueno;6;7.67;7.38;14.75;Bueno;49.17;Bueno;Bueno;Bueno
2026-03-09;01:00;15;29.25;41.29;31.76;Bueno;91.76;Bueno;4;7.42;7.38;14.75;Bueno;49.17;Bueno;Bueno;Bueno
2026-03-09;02:00;8;28.08;41.29;31.76;Bueno;91.76;Bueno;3;7.21;7.38;14.75;Bueno;49.17;Bueno;Bueno;Bueno
2026-03-09;03:00;15;27.29;41.29;31.76;Bueno;91.76;Bueno;2;6.67;7.38;14.75;Bueno;49.17;Bueno;Bueno;Bueno
2026-03-09;04:00;37;27.62;41.29;31.76;Bueno;91.76;Bueno;11;6.71;7.38;14.75;Bueno;49.17;Bueno;Bueno;Bueno
2026-03-09;05:00;41;28.21;41.29;31.76;Bueno;91.76;Bueno;16;6.88;7.38;14.75;Bueno;49.17;Bueno;Bueno;Bueno
2026-03-09;06:00;45;29.00;41.29;31.76;Bueno;91.76;Bueno;9;6.79;7.38;14.75;Bueno;49.17;Bueno;Bueno;Bueno
2026-03-09;07:00;99;32.25;41.29;31.76;Bueno;91.76;Bueno;12;7.00;7.38;14.75;Bueno;49.17;Bueno;Bueno;Bueno
2026-03-09;08:00;70;33.96;41.29;31.76;Bueno;91.76;Bueno;16;7.12;7.38;14.75;Bueno;49.17;Bueno;Bueno;Bueno
2026-03-09;09:00;58;34.83;41.29;31.76;Bueno;91.76;Bueno;12;7.25;7.38;14.75;Bueno;49.17;Bueno;Bueno;Bueno
2026-03-09;10:00;55;35.62;41.29;31.76;Bueno;91.76;Bueno;10;7.04;7.38;14.75;Bueno;49.17;Bueno;Bueno;Bueno
2026-03-09;11:00;59;36.54;41.29;31.76;Bueno;91.76;Bueno;10;7.12;7.38;14.75;Bueno;49.17;Bueno;Bueno;Bueno
2026-03-09;12:00;50;37.12;41.29;31.76;Bueno;91.76;Bueno;9;7.21;7.38;14.75;Bueno;49.17;Bueno;Bueno;Bueno
2026-03-09;13:00;42;37.67;41.29;31.76;Bueno;91.76;Bueno;6;7.17;7.38;14.75;Bueno;49.17;Bueno;Bueno;Bueno
2026-03-09;14:00;45;38.46;41.29;31.76;Bueno;91.76;Bueno;7;7.12;7.38;14.75;Bueno;49.17;Bueno;Bueno;Bueno
2026-03-09;15:00;36;38.83;41.29;31.76;Bueno;91.76;Bueno;4;7.08;7.38;14.75;Bueno;49.17;Bueno;Bueno;Bueno
2026-03-09;16:00;34;38.21;41.29;31.76;Bueno;91.76;Bueno;3;7.08;7.38;14.75;Bueno;49.17;Bueno;Bueno;Bueno
2026-03-09;17:00;33;37.62;41.29;31.76;Bueno;91.76;Bueno;4;7.12;7.38;14.75;Bueno;49.17;Bueno;Bueno;Bueno
2026-03-09;18:00;47;38.62;41.29;31.76;Bueno;91.76;Bueno;4;7.12;7.38;14.75;Bueno;49.17;Bueno;Bueno;Bueno
2026-03-09;19:00;31;38.79;41.29;31.76;Bueno;91.76;Bueno;6;7.17;7.38;14.75;Bueno;49.17;Bueno;Bueno;Bueno
2026-03-09;20:00;29;38.88;41.29;31.76;Bueno;91.76;Bueno;7;7.25;7.38;14.75;Bueno;49.17;Bueno;Bueno;Bueno
2026-03-09;21:00;55;40.33;41.29;31.76;Bueno;91.76;Bueno;6;7.33;7.38;14.75;Bueno;49.17;Bueno;Bueno;Bueno
2026-03-09;22:00;40;40.71;41.29;31.76;Bueno;91.76;Bueno;5;7.46;7.38;14.75;Bueno;49.17;Bueno;Bueno;Bueno
2026-03-09;23:00;32;41.29;41.29;31.76;Bueno;91.76;Bueno;5;7.38;7.38;14.75;Bueno;49.17;Bueno;Bueno;Bueno
2026-03-10;00:00;38;42.25;62.67;48.21;Bueno;129.02;Regular;6;7.38;11.58;23.17;Bueno;77.22;Bueno;Bueno;Regular
2026-03-10;01:00;46;43.54;62.67;48.21;Bueno;129.02;Regular;12;7.71;11.58;23.17;Bueno;77.22;Bueno;Bueno;Regular
2026-03-10;02:00;51;45.33;62.67;48.21;Bueno;129.02;Regular;14;8.17;11.58;23.17;Bueno;77.22;Bueno;Bueno;Regular
2026-03-10;03:00;53;46.92;62.67;48.21;Bueno;129.02;Regular;20;8.92;11.58;23.17;Bueno;77.22;Bueno;Bueno;Regular
2026-03-10;04:00;42;47.12;62.67;48.21;Bueno;129.02;Regular;16;9.12;11.58;23.17;Bueno;77.22;Bueno;Bueno;Regular
2026-03-10;05:00;83;48.88;62.67;48.21;Bueno;129.02;Regular;28;9.62;11.58;23.17;Bueno;77.22;Bueno;Bueno;Regular
2026-03-10;06:00;97;51.04;62.67;48.21;Bueno;129.02;Regular;21;10.12;11.58;23.17;Bueno;77.22;Bueno;Bueno;Regular
2026-03-10;07:00;187;54.71;62.67;48.21;Bueno;129.02;Regular;29;10.83;11.58;23.17;Bueno;77.22;Bueno;Bueno;Regular
2026-03-10;08:00;132;57.29;62.67;48.21;Bueno;129.02;Regular;22;11.08;11.58;23.17;Bueno;77.22;Bueno;Bueno;Regular
2026-03-10;09:00;101;59.08;62.67;48.21;Bueno;129.02;Regular;15;11.21;11.58;23.17;Bueno;77.22;Bueno;Bueno;Regular
2026-03-10;10:00;65;59.50;62.67;48.21;Bueno;129.02;Regular;8;11.12;11.58;23.17;Bueno;77.22;Bueno;Bueno;Regular
2026-03-10;11:00;46;58.96;62.67;48.21;Bueno;129.02;Regular;10;11.12;11.58;23.17;Bueno;77.22;Bueno;Bueno;Regular
2026-03-10;12:00;56;59.21;62.67;48.21;Bueno;129.02;Regular;11;11.21;11.58;23.17;Bueno;77.22;Bueno;Bueno;Regular
2026-03-10;13:00;53;59.67;62.67;48.21;Bueno;129.02;Regular;8;11.29;11.58;23.17;Bueno;77.22;Bueno;Bueno;Regular
2026-03-10;14:00;48;59.79;62.67;48.21;Bueno;129.02;Regular;4;11.17;11.58;23.17;Bueno;77.22;Bueno;Bueno;Regular
2026-03-10;15:00;40;59.96;62.67;48.21;Bueno;129.02;Regular;1;11.04;11.58;23.17;Bueno;77.22;Bueno;Bueno;Regular
2026-03-10;16:00;44;60.38;62.67;48.21;Bueno;129.02;Regular;1;10.96;11.58;23.17;Bueno;77.22;Bueno;Bueno;Regular
2026-03-10;17:00;70;61.92;62.67;48.21;Bueno;129.02;Regular;5;11.00;11.58;23.17;Bueno;77.22;Bueno;Bueno;Regular
2026-03-10;18:00;74;63.04;62.67;48.21;Bueno;129.02;Regular;10;11.25;11.58;23.17;Bueno;77.22;Bueno;Bueno;Regular
2026-03-10;19:00;58;64.17;62.67;48.21;Bueno;129.02;Regular;12;11.50;11.58;23.17;Bueno;77.22;Bueno;Bueno;Regular
2026-03-10;20:00;54;65.21;62.67;48.21;Bueno;129.02;Regular;12;11.71;11.58;23.17;Bueno;77.22;Bueno;Bueno;Regular
2026-03-10;21:00;30;64.17;62.67;48.21;Bueno;129.02;Regular;6;11.71;11.58;23.17;Bueno;77.22;Bueno;Bueno;Regular
2026-03-10;22:00;20;63.33;62.67;48.21;Bueno;129.02;Regular;3;11.62;11.58;23.17;Bueno;77.22;Bueno;Bueno;Regular
2026-03-10;23:00;16;62.67;62.67;48.21;Bueno;129.02;Regular;4;11.58;11.58;23.17;Bueno;77.22;Bueno;Bueno;Regular
2026-03-11;00:00;22;62.00;43.29;33.30;Bueno;96.20;Bueno;5;11.54;8.17;16.33;Bueno;54.44;Bueno;Bueno;Bueno
2026-03-11;01:00;20;60.92;43.29;33.30;Bueno;96.20;Bueno;5;11.25;8.17;16.33;Bueno;54.44;Bueno;Bueno;Bueno
2026-03-11;02:00;9;59.17;43.29;33.30;Bueno;96.20;Bueno;4;10.83;8.17;16.33;Bueno;54.44;Bueno;Bueno;Bueno
2026-03-11;03:00;17;57.67;43.29;33.30;Bueno;96.20;Bueno;4;10.17;8.17;16.33;Bueno;54.44;Bueno;Bueno;Bueno
2026-03-11;04:00;25;56.96;43.29;33.30;Bueno;96.20;Bueno;5;9.71;8.17;16.33;Bueno;54.44;Bueno;Bueno;Bueno
2026-03-11;05:00;30;54.75;43.29;33.30;Bueno;96.20;Bueno;11;9.00;8.17;16.33;Bueno;54.44;Bueno;Bueno;Bueno
2026-03-11;06:00;98;54.79;43.29;33.30;Bueno;96.20;Bueno;16;8.79;8.17;16.33;Bueno;54.44;Bueno;Bueno;Bueno
2026-03-11;07:00;62;49.58;43.29;33.30;Bueno;96.20;Bueno;14;8.17;8.17;16.33;Bueno;54.44;Bueno;Bueno;Bueno
2026-03-11;08:00;80;47.42;43.29;33.30;Bueno;96.20;Bueno;17;7.96;8.17;16.33;Bueno;54.44;Bueno;Bueno;Bueno
2026-03-11;09:00;90;46.96;43.29;33.30;Bueno;96.20;Bueno;17;8.04;8.17;16.33;Bueno;54.44;Bueno;Bueno;Bueno
2026-03-11;10:00;48;46.25;43.29;33.30;Bueno;96.20;Bueno;9;8.08;8.17;16.33;Bueno;54.44;Bueno;Bueno;Bueno
2026-03-11;11:00;58;46.75;43.29;33.30;Bueno;96.20;Bueno;10;8.08;8.17;16.33;Bueno;54.44;Bueno;Bueno;Bueno
2026-03-11;12:00;35;45.88;43.29;33.30;Bueno;96.20;Bueno;5;7.83;8.17;16.33;Bueno;54.44;Bueno;Bueno;Bueno
2026-03-11;13:00;46;45.58;43.29;33.30;Bueno;96.20;Bueno;7;7.79;8.17;16.33;Bueno;54.44;Bueno;Bueno;Bueno
2026-03-11;14:00;51;45.71;43.29;33.30;Bueno;96.20;Bueno;7;7.92;8.17;16.33;Bueno;54.44;Bueno;Bueno;Bueno
2026-03-11;15:00;50;46.12;43.29;33.30;Bueno;96.20;Bueno;7;8.17;8.17;16.33;Bueno;54.44;Bueno;Bueno;Bueno
2026-03-11;16:00;50;46.38;43.29;33.30;Bueno;96.20;Bueno;5;8.33;8.17;16.33;Bueno;54.44;Bueno;Bueno;Bueno
2026-03-11;17:00;49;45.50;43.29;33.30;Bueno;96.20;Bueno;4;8.29;8.17;16.33;Bueno;54.44;Bueno;Bueno;Bueno
2026-03-11;18:00;40;44.08;43.29;33.30;Bueno;96.20;Bueno;5;8.08;8.17;16.33;Bueno;54.44;Bueno;Bueno;Bueno
2026-03-11;19:00;34;43.08;43.29;33.30;Bueno;96.20;Bueno;7;7.88;8.17;16.33;Bueno;54.44;Bueno;Bueno;Bueno
2026-03-11;20:00;39;42.46;43.29;33.30;Bueno;96.20;Bueno;7;7.67;8.17;16.33;Bueno;54.44;Bueno;Bueno;Bueno
2026-03-11;21:00;27;42.33;43.29;33.30;Bueno;96.20;Bueno;6;7.67;8.17;16.33;Bueno;54.44;Bueno;Bueno;Bueno
2026-03-11;22:00;31;42.79;43.29;33.30;Bueno;96.20;Bueno;12;8.04;8.17;16.33;Bueno;54.44;Bueno;Bueno;Bueno
2026-03-11;23:00;28;43.29;43.29;33.30;Bueno;96.20;Bueno;7;8.17;8.17;16.33;Bueno;54.44;Bueno;Bueno;Bueno
2026-03-12;00:00;25;43.42;54.12;41.63;Bueno;114.96;Regular;4;8.12;10.29;20.58;Bueno;68.61;Bueno;Bueno;Regular
2026-03-12;01:00;46;44.50;54.12;41.63;Bueno;114.96;Regular;13;8.46;10.29;20.58;Bueno;68.61;Bueno;Bueno;Regular
2026-03-12;02:00;36;45.62;54.12;41.63;Bueno;114.96;Regular;9;8.67;10.29;20.58;Bueno;68.61;Bueno;Bueno;Regular
2026-03-12;03:00;44;46.75;54.12;41.63;Bueno;114.96;Regular;6;8.75;10.29;20.58;Bueno;68.61;Bueno;Bueno;Regular
2026-03-12;04:00;41;47.42;54.12;41.63;Bueno;114.96;Regular;8;8.88;10.29;20.58;Bueno;68.61;Bueno;Bueno;Regular
2026-03-12;05:00;43;47.96;54.12;41.63;Bueno;114.96;Regular;8;8.75;10.29;20.58;Bueno;68.61;Bueno;Bueno;Regular
2026-03-12;06:00;73;46.92;54.12;41.63;Bueno;114.96;Regular;17;8.79;10.29;20.58;Bueno;68.61;Bueno;Bueno;Regular
2026-03-12;07:00;137;50.04;54.12;41.63;Bueno;114.96;Regular;22;9.12;10.29;20.58;Bueno;68.61;Bueno;Bueno;Regular
2026-03-12;08:00;128;52.04;54.12;41.63;Bueno;114.96;Regular;29;9.62;10.29;20.58;Bueno;68.61;Bueno;Bueno;Regular
2026-03-12;09:00;83;51.75;54.12;41.63;Bueno;114.96;Regular;16;9.58;10.29;20.58;Bueno;68.61;Bueno;Bueno;Regular
2026-03-12;10:00;62;52.33;54.12;41.63;Bueno;114.96;Regular;10;9.62;10.29;20.58;Bueno;68.61;Bueno;Bueno;Regular
2026-03-12;11:00;53;52.12;54.12;41.63;Bueno;114.96;Regular;7;9.50;10.29;20.58;Bueno;68.61;Bueno;Bueno;Regular
2026-03-12;12:00;64;53.33;54.12;41.63;Bueno;114.96;Regular;11;9.75;10.29;20.58;Bueno;68.61;Bueno;Bueno;Regular
2026-03-12;13:00;63;54.04;54.12;41.63;Bueno;114.96;Regular;16;10.12;10.29;20.58;Bueno;68.61;Bueno;Bueno;Regular
2026-03-12;14:00;51;54.04;54.12;41.63;Bueno;114.96;Regular;9;10.21;10.29;20.58;Bueno;68.61;Bueno;Bueno;Regular
2026-03-12;15:00;51;54.08;54.12;41.63;Bueno;114.96;Regular;7;10.21;10.29;20.58;Bueno;68.61;Bueno;Bueno;Regular
2026-03-12;16:00;39;53.62;54.12;41.63;Bueno;114.96;Regular;5;10.21;10.29;20.58;Bueno;68.61;Bueno;Bueno;Regular
2026-03-12;17:00;39;53.21;54.12;41.63;Bueno;114.96;Regular;5;10.25;10.29;20.58;Bueno;68.61;Bueno;Bueno;Regular
2026-03-12;18:00;42;53.29;54.12;41.63;Bueno;114.96;Regular;6;10.29;10.29;20.58;Bueno;68.61;Bueno;Bueno;Regular
2026-03-12;19:00;31;53.17;54.12;41.63;Bueno;114.96;Regular;5;10.21;10.29;20.58;Bueno;68.61;Bueno;Bueno;Regular
2026-03-12;20:00;32;52.88;54.12;41.63;Bueno;114.96;Regular;5;10.12;10.29;20.58;Bueno;68.61;Bueno;Bueno;Regular
2026-03-12;21:00;40;53.42;54.12;41.63;Bueno;114.96;Regular;9;10.25;10.29;20.58;Bueno;68.61;Bueno;Bueno;Regular
2026-03-12;22:00;43;53.92;54.12;41.63;Bueno;114.96;Regular;9;10.12;10.29;20.58;Bueno;68.61;Bueno;Bueno;Regular
2026-03-12;23:00;33;54.12;54.12;41.63;Bueno;114.96;Regular;11;10.29;10.29;20.58;Bueno;68.61;Bueno;Bueno;Regular
2026-03-13;00:00;26;54.17;56.00;43.08;Bueno;118.04;Regular;10;10.54;11.62;23.25;Bueno;77.50;Bueno;Bueno;Regular
2026-03-13;01:00;21;53.12;56.00;43.08;Bueno;118.04;Regular;12;10.50;11.62;23.25;Bueno;77.50;Bueno;Bueno;Regular
2026-03-13;02:00;27;52.75;56.00;43.08;Bueno;118.04;Regular;10;10.54;11.62;23.25;Bueno;77.50;Bueno;Bueno;Regular
2026-03-13;03:00;22;51.83;56.00;43.08;Bueno;118.04;Regular;9;10.67;11.62;23.25;Bueno;77.50;Bueno;Bueno;Regular
2026-03-13;04:00;31;51.42;56.00;43.08;Bueno;118.04;Regular;9;10.71;11.62;23.25;Bueno;77.50;Bueno;Bueno;Regular
2026-03-13;05:00;45;51.50;56.00;43.08;Bueno;118.04;Regular;12;10.88;11.62;23.25;Bueno;77.50;Bueno;Bueno;Regular
2026-03-13;06:00;71;51.42;56.00;43.08;Bueno;118.04;Regular;13;10.71;11.62;23.25;Bueno;77.50;Bueno;Bueno;Regular
2026-03-13;07:00;116;50.54;56.00;43.08;Bueno;118.04;Regular;29;11.00;11.62;23.25;Bueno;77.50;Bueno;Bueno;Regular
2026-03-13;08:00;115;50.00;56.00;43.08;Bueno;118.04;Regular;30;11.04;11.62;23.25;Bueno;77.50;Bueno;Bueno;Regular
2026-03-13;09:00;78;49.79;56.00;43.08;Bueno;118.04;Regular;13;10.92;11.62;23.25;Bueno;77.50;Bueno;Bueno;Regular
2026-03-13;10:00;77;50.42;56.00;43.08;Bueno;118.04;Regular;18;11.25;11.62;23.25;Bueno;77.50;Bueno;Bueno;Regular
2026-03-13;11:00;62;50.79;56.00;43.08;Bueno;118.04;Regular;11;11.42;11.62;23.25;Bueno;77.50;Bueno;Bueno;Regular
2026-03-13;12:00;59;50.58;56.00;43.08;Bueno;118.04;Regular;10;11.38;11.62;23.25;Bueno;77.50;Bueno;Bueno;Regular
2026-03-13;13:00;58;50.38;56.00;43.08;Bueno;118.04;Regular;7;11.00;11.62;23.25;Bueno;77.50;Bueno;Bueno;Regular
2026-03-13;14:00;58;50.67;56.00;43.08;Bueno;118.04;Regular;4;10.79;11.62;23.25;Bueno;77.50;Bueno;Bueno;Regular
2026-03-13;15:00;59;51.00;56.00;43.08;Bueno;118.04;Regular;7;10.79;11.62;23.25;Bueno;77.50;Bueno;Bueno;Regular
2026-03-13;16:00;70;52.29;56.00;43.08;Bueno;118.04;Regular;10;11.00;11.62;23.25;Bueno;77.50;Bueno;Bueno;Regular
2026-03-13;17:00;68;53.50;56.00;43.08;Bueno;118.04;Regular;8;11.12;11.62;23.25;Bueno;77.50;Bueno;Bueno;Regular
2026-03-13;18:00;72;54.75;56.00;43.08;Bueno;118.04;Regular;6;11.12;11.62;23.25;Bueno;77.50;Bueno;Bueno;Regular
2026-03-13;19:00;51;55.58;56.00;43.08;Bueno;118.04;Regular;8;11.25;11.62;23.25;Bueno;77.50;Bueno;Bueno;Regular
2026-03-13;20:00;57;56.62;56.00;43.08;Bueno;118.04;Regular;18;11.79;11.62;23.25;Bueno;77.50;Bueno;Bueno;Regular
2026-03-13;21:00;39;56.58;56.00;43.08;Bueno;118.04;Regular;7;11.71;11.62;23.25;Bueno;77.50;Bueno;Bueno;Regular
2026-03-13;22:00;35;56.25;56.00;43.08;Bueno;118.04;Regular;9;11.71;11.62;23.25;Bueno;77.50;Bueno;Bueno;Regular
2026-03-13;23:00;27;56.00;56.00;43.08;Bueno;118.04;Regular;9;11.62;11.62;23.25;Bueno;77.50;Bueno;Bueno;Regular
2026-03-14;00:00;31;56.21;43.92;33.78;Bueno;97.59;Bueno;15;11.83;10.58;21.17;Bueno;70.56;Bueno;Bueno;Bueno
2026-03-14;01:00;29;56.54;43.92;33.78;Bueno;97.59;Bueno;9;11.71;10.58;21.17;Bueno;70.56;Bueno;Bueno;Bueno
2026-03-14;02:00;33;56.79;43.92;33.78;Bueno;97.59;Bueno;19;12.08;10.58;21.17;Bueno;70.56;Bueno;Bueno;Bueno
2026-03-14;03:00;28;57.04;43.92;33.78;Bueno;97.59;Bueno;7;12.00;10.58;21.17;Bueno;70.56;Bueno;Bueno;Bueno
2026-03-14;04:00;33;57.12;43.92;33.78;Bueno;97.59;Bueno;11;12.08;10.58;21.17;Bueno;70.56;Bueno;Bueno;Bueno
2026-03-14;05:00;50;57.33;43.92;33.78;Bueno;97.59;Bueno;10;12.00;10.58;21.17;Bueno;70.56;Bueno;Bueno;Bueno
2026-03-14;06:00;44;56.21;43.92;33.78;Bueno;97.59;Bueno;9;11.83;10.58;21.17;Bueno;70.56;Bueno;Bueno;Bueno
2026-03-14;07:00;63;54.00;43.92;33.78;Bueno;97.59;Bueno;19;11.42;10.58;21.17;Bueno;70.56;Bueno;Bueno;Bueno
2026-03-14;08:00;67;52.00;43.92;33.78;Bueno;97.59;Bueno;22;11.08;10.58;21.17;Bueno;70.56;Bueno;Bueno;Bueno
2026-03-14;09:00;56;51.08;43.92;33.78;Bueno;97.59;Bueno;13;11.08;10.58;21.17;Bueno;70.56;Bueno;Bueno;Bueno
2026-03-14;10:00;47;49.83;43.92;33.78;Bueno;97.59;Bueno;9;10.71;10.58;21.17;Bueno;70.56;Bueno;Bueno;Bueno
2026-03-14;11:00;49;49.29;43.92;33.78;Bueno;97.59;Bueno;7;10.54;10.58;21.17;Bueno;70.56;Bueno;Bueno;Bueno
2026-03-14;12:00;57;49.21;43.92;33.78;Bueno;97.59;Bueno;8;10.46;10.58;21.17;Bueno;70.56;Bueno;Bueno;Bueno
2026-03-14;13:00;48;48.79;43.92;33.78;Bueno;97.59;Bueno;10;10.58;10.58;21.17;Bueno;70.56;Bueno;Bueno;Bueno
2026-03-14;14:00;51;48.50;43.92;33.78;Bueno;97.59;Bueno;8;10.75;10.58;21.17;Bueno;70.56;Bueno;Bueno;Bueno
2026-03-14;15:00;40;47.71;43.92;33.78;Bueno;97.59;Bueno;7;10.75;10.58;21.17;Bueno;70.56;Bueno;Bueno;Bueno
2026-03-14;16:00;38;46.38;43.92;33.78;Bueno;97.59;Bueno;9;10.71;10.58;21.17;Bueno;70.56;Bueno;Bueno;Bueno
2026-03-14;17:00;52;45.71;43.92;33.78;Bueno;97.59;Bueno;8;10.71;10.58;21.17;Bueno;70.56;Bueno;Bueno;Bueno
2026-03-14;18:00;47;44.67;43.92;33.78;Bueno;97.59;Bueno;9;10.83;10.58;21.17;Bueno;70.56;Bueno;Bueno;Bueno
2026-03-14;19:00;32;43.88;43.92;33.78;Bueno;97.59;Bueno;5;10.71;10.58;21.17;Bueno;70.56;Bueno;Bueno;Bueno
2026-03-14;20:00;55;43.79;43.92;33.78;Bueno;97.59;Bueno;6;10.21;10.58;21.17;Bueno;70.56;Bueno;Bueno;Bueno
2026-03-14;21:00;44;44.00;43.92;33.78;Bueno;97.59;Bueno;14;10.50;10.58;21.17;Bueno;70.56;Bueno;Bueno;Bueno
2026-03-14;22:00;35;44.00;43.92;33.78;Bueno;97.59;Bueno;13;10.67;10.58;21.17;Bueno;70.56;Bueno;Bueno;Bueno
2026-03-14;23:00;25;43.92;43.92;33.78;Bueno;97.59;Bueno;7;10.58;10.58;21.17;Bueno;70.56;Bueno;Bueno;Bueno
2026-03-15;00:00;24;43.62;30.17;23.21;Bueno;67.04;Bueno;5;10.17;6.88;13.75;Bueno;45.83;Bueno;Bueno;Bueno
2026-03-15;01:00;24;43.42;30.17;23.21;Bueno;67.04;Bueno;5;10.00;6.88;13.75;Bueno;45.83;Bueno;Bueno;Bueno
2026-03-15;02:00;27;43.17;30.17;23.21;Bueno;67.04;Bueno;5;9.42;6.88;13.75;Bueno;45.83;Bueno;Bueno;Bueno
2026-03-15;03:00;27;43.12;30.17;23.21;Bueno;67.04;Bueno;12;9.62;6.88;13.75;Bueno;45.83;Bueno;Bueno;Bueno
2026-03-15;04:00;26;42.83;30.17;23.21;Bueno;67.04;Bueno;10;9.58;6.88;13.75;Bueno;45.83;Bueno;Bueno;Bueno
2026-03-15;05:00;32;42.08;30.17;23.21;Bueno;67.04;Bueno;11;9.62;6.88;13.75;Bueno;45.83;Bueno;Bueno;Bueno
2026-03-15;06:00;30;41.50;30.17;23.21;Bueno;67.04;Bueno;8;9.58;6.88;13.75;Bueno;45.83;Bueno;Bueno;Bueno
2026-03-15;07:00;35;40.33;30.17;23.21;Bueno;67.04;Bueno;10;9.21;6.88;13.75;Bueno;45.83;Bueno;Bueno;Bueno
2026-03-15;08:00;39;39.17;30.17;23.21;Bueno;67.04;Bueno;10;8.71;6.88;13.75;Bueno;45.83;Bueno;Bueno;Bueno
2026-03-15;09:00;38;38.42;30.17;23.21;Bueno;67.04;Bueno;13;8.71;6.88;13.75;Bueno;45.83;Bueno;Bueno;Bueno
2026-03-15;10:00;41;38.17;30.17;23.21;Bueno;67.04;Bueno;8;8.67;6.88;13.75;Bueno;45.83;Bueno;Bueno;Bueno
2026-03-15;11:00;45;38.00;30.17;23.21;Bueno;67.04;Bueno;8;8.71;6.88;13.75;Bueno;45.83;Bueno;Bueno;Bueno
2026-03-15;12:00;38;37.21;30.17;23.21;Bueno;67.04;Bueno;8;8.71;6.88;13.75;Bueno;45.83;Bueno;Bueno;Bueno
2026-03-15;13:00;42;36.96;30.17;23.21;Bueno;67.04;Bueno;11;8.75;6.88;13.75;Bueno;45.83;Bueno;Bueno;Bueno
2026-03-15;14:00;36;36.33;30.17;23.21;Bueno;67.04;Bueno;9;8.79;6.88;13.75;Bueno;45.83;Bueno;Bueno;Bueno
2026-03-15;15:00;27;35.79;30.17;23.21;Bueno;67.04;Bueno;5;8.71;6.88;13.75;Bueno;45.83;Bueno;Bueno;Bueno
2026-03-15;16:00;26;35.29;30.17;23.21;Bueno;67.04;Bueno;3;8.46;6.88;13.75;Bueno;45.83;Bueno;Bueno;Bueno
2026-03-15;17:00;32;34.46;30.17;23.21;Bueno;67.04;Bueno;3;8.25;6.88;13.75;Bueno;45.83;Bueno;Bueno;Bueno
2026-03-15;18:00;40;34.17;30.17;23.21;Bueno;67.04;Bueno;3;8.00;6.88;13.75;Bueno;45.83;Bueno;Bueno;Bueno
2026-03-15;19:00;26;33.92;30.17;23.21;Bueno;67.04;Bueno;2;7.88;6.88;13.75;Bueno;45.83;Bueno;Bueno;Bueno
2026-03-15;20:00;30;32.88;30.17;23.21;Bueno;67.04;Bueno;6;7.88;6.88;13.75;Bueno;45.83;Bueno;Bueno;Bueno
2026-03-15;21:00;13;31.58;30.17;23.21;Bueno;67.04;Bueno;5;7.50;6.88;13.75;Bueno;45.83;Bueno;Bueno;Bueno
2026-03-15;22:00;17;30.83;30.17;23.21;Bueno;67.04;Bueno;3;7.08;6.88;13.75;Bueno;45.83;Bueno;Bueno;Bueno
2026-03-15;23:00;9;30.17;30.17;23.21;Bueno;67.04;Bueno;2;6.88;6.88;13.75;Bueno;45.83;Bueno;Bueno;Bueno
2026-03-16;00:00;8;29.50;31.38;24.13;Bueno;69.72;Bueno;1;6.71;4.29;8.58;Bueno;28.61;Bueno;Bueno;Bueno
2026-03-16;01:00;11;28.96;31.38;24.13;Bueno;69.72;Bueno;2;6.58;4.29;8.58;Bueno;28.61;Bueno;Bueno;Bueno
2026-03-16;02:00;16;28.50;31.38;24.13;Bueno;69.72;Bueno;3;6.50;4.29;8.58;Bueno;28.61;Bueno;Bueno;Bueno
2026-03-16;03:00;15;28.00;31.38;24.13;Bueno;69.72;Bueno;4;6.17;4.29;8.58;Bueno;28.61;Bueno;Bueno;Bueno
2026-03-16;04:00;15;27.54;31.38;24.13;Bueno;69.72;Bueno;5;5.96;4.29;8.58;Bueno;28.61;Bueno;Bueno;Bueno
2026-03-16;05:00;31;27.50;31.38;24.13;Bueno;69.72;Bueno;4;5.67;4.29;8.58;Bueno;28.61;Bueno;Bueno;Bueno
2026-03-16;06:00;36;27.75;31.38;24.13;Bueno;69.72;Bueno;4;5.50;4.29;8.58;Bueno;28.61;Bueno;Bueno;Bueno
2026-03-16;07:00;45;28.17;31.38;24.13;Bueno;69.72;Bueno;7;5.38;4.29;8.58;Bueno;28.61;Bueno;Bueno;Bueno
2026-03-16;08:00;36;28.04;31.38;24.13;Bueno;69.72;Bueno;6;5.21;4.29;8.58;Bueno;28.61;Bueno;Bueno;Bueno
2026-03-16;09:00;51;28.58;31.38;24.13;Bueno;69.72;Bueno;9;5.04;4.29;8.58;Bueno;28.61;Bueno;Bueno;Bueno
2026-03-16;10:00;70;29.79;31.38;24.13;Bueno;69.72;Bueno;7;5.00;4.29;8.58;Bueno;28.61;Bueno;Bueno;Bueno
2026-03-16;11:00;59;30.38;31.38;24.13;Bueno;69.72;Bueno;7;4.96;4.29;8.58;Bueno;28.61;Bueno;Bueno;Bueno
2026-03-16;12:00;39;30.42;31.38;24.13;Bueno;69.72;Bueno;4;4.79;4.29;8.58;Bueno;28.61;Bueno;Bueno;Bueno
2026-03-16;13:00;34;30.08;31.38;24.13;Bueno;69.72;Bueno;2;4.42;4.29;8.58;Bueno;28.61;Bueno;Bueno;Bueno
2026-03-16;14:00;25;29.62;31.38;24.13;Bueno;69.72;Bueno;1;4.08;4.29;8.58;Bueno;28.61;Bueno;Bueno;Bueno
2026-03-16;15:00;26;29.58;31.38;24.13;Bueno;69.72;Bueno;2;3.96;4.29;8.58;Bueno;28.61;Bueno;Bueno;Bueno
2026-03-16;16:00;79;31.79;31.38;24.13;Bueno;69.72;Bueno;4;4.00;4.29;8.58;Bueno;28.61;Bueno;Bueno;Bueno
2026-03-16;17:00;36;31.96;31.38;24.13;Bueno;69.72;Bueno;4;4.04;4.29;8.58;Bueno;28.61;Bueno;Bueno;Bueno
2026-03-16;18:00;26;31.38;31.38;24.13;Bueno;69.72;Bueno;5;4.12;4.29;8.58;Bueno;28.61;Bueno;Bueno;Bueno
2026-03-16;19:00;29;31.50;31.38;24.13;Bueno;69.72;Bueno;6;4.29;4.29;8.58;Bueno;28.61;Bueno;Bueno;Bueno
2026-03-16;20:00;31;31.54;31.38;24.13;Bueno;69.72;Bueno;5;4.25;4.29;8.58;Bueno;28.61;Bueno;Bueno;Bueno
2026-03-16;21:00;15;31.62;31.38;24.13;Bueno;69.72;Bueno;4;4.21;4.29;8.58;Bueno;28.61;Bueno;Bueno;Bueno
2026-03-16;22:00;12;31.42;31.38;24.13;Bueno;69.72;Bueno;3;4.21;4.29;8.58;Bueno;28.61;Bueno;Bueno;Bueno
2026-03-16;23:00;8;31.38;31.38;24.13;Bueno;69.72;Bueno;4;4.29;4.29;8.58;Bueno;28.61;Bueno;Bueno;Bueno
2026-03-17;00:00;5;31.25;28.08;21.60;Bueno;62.41;Bueno;4;4.42;3.88;7.75;Bueno;25.83;Bueno;Bueno;Bueno
2026-03-17;01:00;7;31.08;28.08;21.60;Bueno;62.41;Bueno;1;4.38;3.88;7.75;Bueno;25.83;Bueno;Bueno;Bueno
2026-03-17;02:00;8;30.75;28.08;21.60;Bueno;62.41;Bueno;1;4.29;3.88;7.75;Bueno;25.83;Bueno;Bueno;Bueno
2026-03-17;03:00;5;30.33;28.08;21.60;Bueno;62.41;Bueno;1;4.17;3.88;7.75;Bueno;25.83;Bueno;Bueno;Bueno
2026-03-17;04:00;9;30.08;28.08;21.60;Bueno;62.41;Bueno;1;4.00;3.88;7.75;Bueno;25.83;Bueno;Bueno;Bueno
2026-03-17;05:00;11;29.25;28.08;21.60;Bueno;62.41;Bueno;1;3.88;3.88;7.75;Bueno;25.83;Bueno;Bueno;Bueno
2026-03-17;06:00;52;29.92;28.08;21.60;Bueno;62.41;Bueno;11;4.17;3.88;7.75;Bueno;25.83;Bueno;Bueno;Bueno
2026-03-17;07:00;43;29.83;28.08;21.60;Bueno;62.41;Bueno;6;4.12;3.88;7.75;Bueno;25.83;Bueno;Bueno;Bueno
2026-03-17;08:00;41;30.04;28.08;21.60;Bueno;62.41;Bueno;4;4.04;3.88;7.75;Bueno;25.83;Bueno;Bueno;Bueno
2026-03-17;09:00;32;29.25;28.08;21.60;Bueno;62.41;Bueno;4;3.83;3.88;7.75;Bueno;25.83;Bueno;Bueno;Bueno
2026-03-17;10:00;38;27.92;28.08;21.60;Bueno;62.41;Bueno;4;3.71;3.88;7.75;Bueno;25.83;Bueno;Bueno;Bueno
2026-03-17;11:00;44;27.29;28.08;21.60;Bueno;62.41;Bueno;5;3.62;3.88;7.75;Bueno;25.83;Bueno;Bueno;Bueno
2026-03-17;12:00;44;27.50;28.08;21.60;Bueno;62.41;Bueno;4;3.62;3.88;7.75;Bueno;25.83;Bueno;Bueno;Bueno
2026-03-17;13:00;39;27.71;28.08;21.60;Bueno;62.41;Bueno;4;3.71;3.88;7.75;Bueno;25.83;Bueno;Bueno;Bueno
2026-03-17;14:00;35;28.12;28.08;21.60;Bueno;62.41;Bueno;4;3.83;3.88;7.75;Bueno;25.83;Bueno;Bueno;Bueno
2026-03-17;15:00;40;28.71;28.08;21.60;Bueno;62.41;Bueno;2;3.83;3.88;7.75;Bueno;25.83;Bueno;Bueno;Bueno
2026-03-17;16:00;39;27.04;28.08;21.60;Bueno;62.41;Bueno;3;3.79;3.88;7.75;Bueno;25.83;Bueno;Bueno;Bueno
2026-03-17;17:00;34;26.96;28.08;21.60;Bueno;62.41;Bueno;3;3.75;3.88;7.75;Bueno;25.83;Bueno;Bueno;Bueno
2026-03-17;18:00;24;26.88;28.08;21.60;Bueno;62.41;Bueno;2;3.62;3.88;7.75;Bueno;25.83;Bueno;Bueno;Bueno
2026-03-17;19:00;30;26.92;28.08;21.60;Bueno;62.41;Bueno;4;3.54;3.88;7.75;Bueno;25.83;Bueno;Bueno;Bueno
2026-03-17;20:00;37;27.17;28.08;21.60;Bueno;62.41;Bueno;9;3.71;3.88;7.75;Bueno;25.83;Bueno;Bueno;Bueno
2026-03-17;21:00;25;27.58;28.08;21.60;Bueno;62.41;Bueno;6;3.79;3.88;7.75;Bueno;25.83;Bueno;Bueno;Bueno
2026-03-17;22:00;10;27.50;28.08;21.60;Bueno;62.41;Bueno;3;3.79;3.88;7.75;Bueno;25.83;Bueno;Bueno;Bueno
2026-03-17;23:00;22;28.08;28.08;21.60;Bueno;62.41;Bueno;6;3.88;3.88;7.75;Bueno;25.83;Bueno;Bueno;Bueno
2026-03-18;00:00;17;28.58;52.00;40.00;Bueno;111.47;Regular;6;3.96;8.92;17.83;Bueno;59.44;Bueno;Bueno;Regular
2026-03-18;01:00;24;29.29;52.00;40.00;Bueno;111.47;Regular;4;4.08;8.92;17.83;Bueno;59.44;Bueno;Bueno;Regular
2026-03-18;02:00;27;30.08;52.00;40.00;Bueno;111.47;Regular;5;4.25;8.92;17.83;Bueno;59.44;Bueno;Bueno;Regular
2026-03-18;03:00;31;31.17;52.00;40.00;Bueno;111.47;Regular;6;4.46;8.92;17.83;Bueno;59.44;Bueno;Bueno;Regular
2026-03-18;04:00;31;32.08;52.00;40.00;Bueno;111.47;Regular;6;4.67;8.92;17.83;Bueno;59.44;Bueno;Bueno;Regular
2026-03-18;05:00;43;33.42;52.00;40.00;Bueno;111.47;Regular;7;4.92;8.92;17.83;Bueno;59.44;Bueno;Bueno;Regular
2026-03-18;06:00;59;33.71;52.00;40.00;Bueno;111.47;Regular;16;5.12;8.92;17.83;Bueno;59.44;Bueno;Bueno;Regular
2026-03-18;07:00;160;38.58;52.00;40.00;Bueno;111.47;Regular;20;5.71;8.92;17.83;Bueno;59.44;Bueno;Bueno;Regular
2026-03-18;08:00;104;41.21;52.00;40.00;Bueno;111.47;Regular;24;6.54;8.92;17.83;Bueno;59.44;Bueno;Bueno;Regular
2026-03-18;09:00;78;43.12;52.00;40.00;Bueno;111.47;Regular;19;7.17;8.92;17.83;Bueno;59.44;Bueno;Bueno;Regular
2026-03-18;10:00;72;44.54;52.00;40.00;Bueno;111.47;Regular;15;7.62;8.92;17.83;Bueno;59.44;Bueno;Bueno;Regular
2026-03-18;11:00;66;45.46;52.00;40.00;Bueno;111.47;Regular;11;7.88;8.92;17.83;Bueno;59.44;Bueno;Bueno;Regular
2026-03-18;12:00;61;46.17;52.00;40.00;Bueno;111.47;Regular;11;8.17;8.92;17.83;Bueno;59.44;Bueno;Bueno;Regular
2026-03-18;13:00;50;46.62;52.00;40.00;Bueno;111.47;Regular;8;8.33;8.92;17.83;Bueno;59.44;Bueno;Bueno;Regular
2026-03-18;14:00;47;47.12;52.00;40.00;Bueno;111.47;Regular;4;8.33;8.92;17.83;Bueno;59.44;Bueno;Bueno;Regular
2026-03-18;15:00;42;47.21;52.00;40.00;Bueno;111.47;Regular;1;8.29;8.92;17.83;Bueno;59.44;Bueno;Bueno;Regular
2026-03-18;16:00;75;48.71;52.00;40.00;Bueno;111.47;Regular;12;8.67;8.92;17.83;Bueno;59.44;Bueno;Bueno;Regular
2026-03-18;17:00;70;50.21;52.00;40.00;Bueno;111.47;Regular;8;8.88;8.92;17.83;Bueno;59.44;Bueno;Bueno;Regular
2026-03-18;18:00;51;51.33;52.00;40.00;Bueno;111.47;Regular;4;8.96;8.92;17.83;Bueno;59.44;Bueno;Bueno;Regular
2026-03-18;19:00;37;51.62;52.00;40.00;Bueno;111.47;Regular;6;9.04;8.92;17.83;Bueno;59.44;Bueno;Bueno;Regular
2026-03-18;20:00;37;51.62;52.00;40.00;Bueno;111.47;Regular;7;8.96;8.92;17.83;Bueno;59.44;Bueno;Bueno;Regular
2026-03-18;21:00;20;51.42;52.00;40.00;Bueno;111.47;Regular;4;8.88;8.92;17.83;Bueno;59.44;Bueno;Bueno;Regular
2026-03-18;22:00;18;51.75;52.00;40.00;Bueno;111.47;Regular;5;8.96;8.92;17.83;Bueno;59.44;Bueno;Bueno;Regular
2026-03-18;23:00;28;52.00;52.00;40.00;Bueno;111.47;Regular;5;8.92;8.92;17.83;Bueno;59.44;Bueno;Bueno;Regular
2026-03-19;00:00;20;52.12;40.71;31.31;Bueno;90.46;Bueno;9;9.04;7.71;15.42;Bueno;51.39;Bueno;Bueno;Bueno
2026-03-19;01:00;13;51.67;40.71;31.31;Bueno;90.46;Bueno;7;9.17;7.71;15.42;Bueno;51.39;Bueno;Bueno;Bueno
2026-03-19;02:00;22;51.46;40.71;31.31;Bueno;90.46;Bueno;7;9.25;7.71;15.42;Bueno;51.39;Bueno;Bueno;Bueno
2026-03-19;03:00;17;50.88;40.71;31.31;Bueno;90.46;Bueno;6;9.25;7.71;15.42;Bueno;51.39;Bueno;Bueno;Bueno
2026-03-19;04:00;18;50.33;40.71;31.31;Bueno;90.46;Bueno;4;9.17;7.71;15.42;Bueno;51.39;Bueno;Bueno;Bueno
2026-03-19;05:00;40;50.21;40.71;31.31;Bueno;90.46;Bueno;12;9.38;7.71;15.42;Bueno;51.39;Bueno;Bueno;Bueno
2026-03-19;06:00;56;50.08;40.71;31.31;Bueno;90.46;Bueno;12;9.21;7.71;15.42;Bueno;51.39;Bueno;Bueno;Bueno
2026-03-19;07:00;83;46.88;40.71;31.31;Bueno;90.46;Bueno;16;9.04;7.71;15.42;Bueno;51.39;Bueno;Bueno;Bueno
2026-03-19;08:00;89;46.25;40.71;31.31;Bueno;90.46;Bueno;23;9.00;7.71;15.42;Bueno;51.39;Bueno;Bueno;Bueno
2026-03-19;09:00;47;44.96;40.71;31.31;Bueno;90.46;Bueno;12;8.71;7.71;15.42;Bueno;51.39;Bueno;Bueno;Bueno
2026-03-19;10:00;46;43.88;40.71;31.31;Bueno;90.46;Bueno;10;8.50;7.71;15.42;Bueno;51.39;Bueno;Bueno;Bueno
2026-03-19;11:00;64;43.79;40.71;31.31;Bueno;90.46;Bueno;10;8.46;7.71;15.42;Bueno;51.39;Bueno;Bueno;Bueno
2026-03-19;12:00;63;43.88;40.71;31.31;Bueno;90.46;Bueno;12;8.50;7.71;15.42;Bueno;51.39;Bueno;Bueno;Bueno
2026-03-19;13:00;67;44.58;40.71;31.31;Bueno;90.46;Bueno;9;8.54;7.71;15.42;Bueno;51.39;Bueno;Bueno;Bueno
2026-03-19;14:00;48;44.62;40.71;31.31;Bueno;90.46;Bueno;8;8.71;7.71;15.42;Bueno;51.39;Bueno;Bueno;Bueno
2026-03-19;15:00;46;44.79;40.71;31.31;Bueno;90.46;Bueno;5;8.88;7.71;15.42;Bueno;51.39;Bueno;Bueno;Bueno
2026-03-19;16:00;48;43.67;40.71;31.31;Bueno;90.46;Bueno;3;8.50;7.71;15.42;Bueno;51.39;Bueno;Bueno;Bueno
2026-03-19;17:00;37;42.29;40.71;31.31;Bueno;90.46;Bueno;2;8.25;7.71;15.42;Bueno;51.39;Bueno;Bueno;Bueno
2026-03-19;18:00;34;41.58;40.71;31.31;Bueno;90.46;Bueno;2;8.17;7.71;15.42;Bueno;51.39;Bueno;Bueno;Bueno
2026-03-19;19:00;33;41.42;40.71;31.31;Bueno;90.46;Bueno;3;8.04;7.71;15.42;Bueno;51.39;Bueno;Bueno;Bueno
2026-03-19;20:00;25;40.92;40.71;31.31;Bueno;90.46;Bueno;4;7.92;7.71;15.42;Bueno;51.39;Bueno;Bueno;Bueno
2026-03-19;21:00;23;41.04;40.71;31.31;Bueno;90.46;Bueno;3;7.88;7.71;15.42;Bueno;51.39;Bueno;Bueno;Bueno
2026-03-19;22:00;22;41.21;40.71;31.31;Bueno;90.46;Bueno;4;7.83;7.71;15.42;Bueno;51.39;Bueno;Bueno;Bueno
2026-03-19;23:00;16;40.71;40.71;31.31;Bueno;90.46;Bueno;2;7.71;7.71;15.42;Bueno;51.39;Bueno;Bueno;Bueno
2026-03-20;00:00;8;40.21;23.58;18.14;Bueno;52.41;Bueno;3;7.46;4.08;8.17;Bueno;27.22;Bueno;Bueno;Bueno
2026-03-20;01:00;7;39.96;23.58;18.14;Bueno;52.41;Bueno;3;7.29;4.08;8.17;Bueno;27.22;Bueno;Bueno;Bueno
2026-03-20;02:00;5;39.25;23.58;18.14;Bueno;52.41;Bueno;1;7.04;4.08;8.17;Bueno;27.22;Bueno;Bueno;Bueno
2026-03-20;03:00;6;38.79;23.58;18.14;Bueno;52.41;Bueno;1;6.83;4.08;8.17;Bueno;27.22;Bueno;Bueno;Bueno
2026-03-20;04:00;16;38.71;23.58;18.14;Bueno;52.41;Bueno;2;6.75;4.08;8.17;Bueno;27.22;Bueno;Bueno;Bueno
2026-03-20;05:00;17;37.75;23.58;18.14;Bueno;52.41;Bueno;1;6.29;4.08;8.17;Bueno;27.22;Bueno;Bueno;Bueno
2026-03-20;06:00;40;37.08;23.58;18.14;Bueno;52.41;Bueno;3;5.92;4.08;8.17;Bueno;27.22;Bueno;Bueno;Bueno
2026-03-20;07:00;38;35.21;23.58;18.14;Bueno;52.41;Bueno;7;5.54;4.08;8.17;Bueno;27.22;Bueno;Bueno;Bueno
2026-03-20;08:00;63;34.12;23.58;18.14;Bueno;52.41;Bueno;12;5.08;4.08;8.17;Bueno;27.22;Bueno;Bueno;Bueno
2026-03-20;09:00;41;33.88;23.58;18.14;Bueno;52.41;Bueno;8;4.92;4.08;8.17;Bueno;27.22;Bueno;Bueno;Bueno
2026-03-20;10:00;31;33.25;23.58;18.14;Bueno;52.41;Bueno;9;4.88;4.08;8.17;Bueno;27.22;Bueno;Bueno;Bueno
2026-03-20;11:00;38;32.17;23.58;18.14;Bueno;52.41;Bueno;9;4.83;4.08;8.17;Bueno;27.22;Bueno;Bueno;Bueno
2026-03-20;12:00;25;30.58;23.58;18.14;Bueno;52.41;Bueno;8;4.67;4.08;8.17;Bueno;27.22;Bueno;Bueno;Bueno
2026-03-20;13:00;75;30.92;23.58;18.14;Bueno;52.41;Bueno;4;4.46;4.08;8.17;Bueno;27.22;Bueno;Bueno;Bueno
2026-03-20;14:00;28;30.08;23.58;18.14;Bueno;52.41;Bueno;4;4.29;4.08;8.17;Bueno;27.22;Bueno;Bueno;Bueno
2026-03-20;15:00;14;28.75;23.58;18.14;Bueno;52.41;Bueno;2;4.17;4.08;8.17;Bueno;27.22;Bueno;Bueno;Bueno
2026-03-20;16:00;19;27.54;23.58;18.14;Bueno;52.41;Bueno;3;4.17;4.08;8.17;Bueno;27.22;Bueno;Bueno;Bueno
2026-03-20;17:00;32;27.33;23.58;18.14;Bueno;52.41;Bueno;3;4.21;4.08;8.17;Bueno;27.22;Bueno;Bueno;Bueno
2026-03-20;18:00;3;26.04;23.58;18.14;Bueno;52.41;Bueno;1;4.17;4.08;8.17;Bueno;27.22;Bueno;Bueno;Bueno
2026-03-20;19:00;7;24.96;23.58;18.14;Bueno;52.41;Bueno;1;4.08;4.08;8.17;Bueno;27.22;Bueno;Bueno;Bueno
2026-03-20;20:00;17;24.62;23.58;18.14;Bueno;52.41;Bueno;1;3.96;4.08;8.17;Bueno;27.22;Bueno;Bueno;Bueno
2026-03-20;21:00;21;24.54;23.58;18.14;Bueno;52.41;Bueno;3;3.96;4.08;8.17;Bueno;27.22;Bueno;Bueno;Bueno
2026-03-20;22:00;6;23.88;23.58;18.14;Bueno;52.41;Bueno;5;4.00;4.08;8.17;Bueno;27.22;Bueno;Bueno;Bueno
2026-03-20;23:00;9;23.58;23.58;18.14;Bueno;52.41;Bueno;4;4.08;4.08;8.17;Bueno;27.22;Bueno;Bueno;Bueno
2026-03-21;00:00;10;23.67;15.83;12.18;Bueno;35.19;Bueno;2;4.04;5.75;11.50;Bueno;38.33;Bueno;Bueno;Bueno
2026-03-21;01:00;7;23.67;15.83;12.18;Bueno;35.19;Bueno;4;4.08;5.75;11.50;Bueno;38.33;Bueno;Bueno;Bueno
2026-03-21;02:00;4;23.62;15.83;12.18;Bueno;35.19;Bueno;2;4.12;5.75;11.50;Bueno;38.33;Bueno;Bueno;Bueno
2026-03-21;03:00;2;23.46;15.83;12.18;Bueno;35.19;Bueno;1;4.12;5.75;11.50;Bueno;38.33;Bueno;Bueno;Bueno
2026-03-21;04:00;4;22.96;15.83;12.18;Bueno;35.19;Bueno;2;4.12;5.75;11.50;Bueno;38.33;Bueno;Bueno;Bueno
2026-03-21;05:00;5;22.46;15.83;12.18;Bueno;35.19;Bueno;4;4.25;5.75;11.50;Bueno;38.33;Bueno;Bueno;Bueno
2026-03-21;06:00;11;21.25;15.83;12.18;Bueno;35.19;Bueno;3;4.25;5.75;11.50;Bueno;38.33;Bueno;Bueno;Bueno
2026-03-21;07:00;12;20.17;15.83;12.18;Bueno;35.19;Bueno;4;4.12;5.75;11.50;Bueno;38.33;Bueno;Bueno;Bueno
2026-03-21;08:00;13;18.08;15.83;12.18;Bueno;35.19;Bueno;3;3.75;5.75;11.50;Bueno;38.33;Bueno;Bueno;Bueno
2026-03-21;09:00;23;17.33;15.83;12.18;Bueno;35.19;Bueno;10;3.83;5.75;11.50;Bueno;38.33;Bueno;Bueno;Bueno
2026-03-21;10:00;14;16.62;15.83;12.18;Bueno;35.19;Bueno;11;3.92;5.75;11.50;Bueno;38.33;Bueno;Bueno;Bueno
2026-03-21;11:00;15;15.67;15.83;12.18;Bueno;35.19;Bueno;9;3.92;5.75;11.50;Bueno;38.33;Bueno;Bueno;Bueno
2026-03-21;12:00;31;15.92;15.83;12.18;Bueno;35.19;Bueno;5;3.79;5.75;11.50;Bueno;38.33;Bueno;Bueno;Bueno
2026-03-21;13:00;27;13.92;15.83;12.18;Bueno;35.19;Bueno;7;3.92;5.75;11.50;Bueno;38.33;Bueno;Bueno;Bueno
2026-03-21;14:00;23;13.71;15.83;12.18;Bueno;35.19;Bueno;11;4.21;5.75;11.50;Bueno;38.33;Bueno;Bueno;Bueno
2026-03-21;15:00;26;14.21;15.83;12.18;Bueno;35.19;Bueno;10;4.54;5.75;11.50;Bueno;38.33;Bueno;Bueno;Bueno
2026-03-21;16:00;22;14.33;15.83;12.18;Bueno;35.19;Bueno;9;4.79;5.75;11.50;Bueno;38.33;Bueno;Bueno;Bueno
2026-03-21;17:00;13;13.54;15.83;12.18;Bueno;35.19;Bueno;7;4.96;5.75;11.50;Bueno;38.33;Bueno;Bueno;Bueno
2026-03-21;18:00;16;14.08;15.83;12.18;Bueno;35.19;Bueno;5;5.12;5.75;11.50;Bueno;38.33;Bueno;Bueno;Bueno
2026-03-21;19:00;21;14.67;15.83;12.18;Bueno;35.19;Bueno;4;5.25;5.75;11.50;Bueno;38.33;Bueno;Bueno;Bueno
2026-03-21;20:00;23;14.92;15.83;12.18;Bueno;35.19;Bueno;9;5.58;5.75;11.50;Bueno;38.33;Bueno;Bueno;Bueno
2026-03-21;21:00;23;15.00;15.83;12.18;Bueno;35.19;Bueno;6;5.71;5.75;11.50;Bueno;38.33;Bueno;Bueno;Bueno
2026-03-21;22:00;20;15.58;15.83;12.18;Bueno;35.19;Bueno;4;5.67;5.75;11.50;Bueno;38.33;Bueno;Bueno;Bueno
2026-03-21;23:00;15;15.83;15.83;12.18;Bueno;35.19;Bueno;6;5.75;5.75;11.50;Bueno;38.33;Bueno;Bueno;Bueno
2026-03-22;00:00;9;15.79;24.29;18.69;Bueno;53.98;Bueno;4;5.83;6.92;13.83;Bueno;46.11;Bueno;Bueno;Bueno
2026-03-22;01:00;11;15.96;24.29;18.69;Bueno;53.98;Bueno;3;5.79;6.92;13.83;Bueno;46.11;Bueno;Bueno;Bueno
2026-03-22;02:00;10;16.21;24.29;18.69;Bueno;53.98;Bueno;1;5.75;6.92;13.83;Bueno;46.11;Bueno;Bueno;Bueno
2026-03-22;03:00;15;16.75;24.29;18.69;Bueno;53.98;Bueno;4;5.88;6.92;13.83;Bueno;46.11;Bueno;Bueno;Bueno
2026-03-22;04:00;18;17.33;24.29;18.69;Bueno;53.98;Bueno;4;5.96;6.92;13.83;Bueno;46.11;Bueno;Bueno;Bueno
2026-03-22;05:00;11;17.58;24.29;18.69;Bueno;53.98;Bueno;2;5.88;6.92;13.83;Bueno;46.11;Bueno;Bueno;Bueno
2026-03-22;06:00;12;17.62;24.29;18.69;Bueno;53.98;Bueno;2;5.83;6.92;13.83;Bueno;46.11;Bueno;Bueno;Bueno
2026-03-22;07:00;13;17.67;24.29;18.69;Bueno;53.98;Bueno;2;5.75;6.92;13.83;Bueno;46.11;Bueno;Bueno;Bueno
2026-03-22;08:00;36;18.62;24.29;18.69;Bueno;53.98;Bueno;3;5.75;6.92;13.83;Bueno;46.11;Bueno;Bueno;Bueno
2026-03-22;09:00;21;18.54;24.29;18.69;Bueno;53.98;Bueno;4;5.50;6.92;13.83;Bueno;46.11;Bueno;Bueno;Bueno
2026-03-22;10:00;24;18.96;24.29;18.69;Bueno;53.98;Bueno;4;5.21;6.92;13.83;Bueno;46.11;Bueno;Bueno;Bueno
2026-03-22;11:00;16;19.00;24.29;18.69;Bueno;53.98;Bueno;6;5.08;6.92;13.83;Bueno;46.11;Bueno;Bueno;Bueno
2026-03-22;12:00;20;18.54;24.29;18.69;Bueno;53.98;Bueno;8;5.21;6.92;13.83;Bueno;46.11;Bueno;Bueno;Bueno
2026-03-22;13:00;25;18.46;24.29;18.69;Bueno;53.98;Bueno;8;5.25;6.92;13.83;Bueno;46.11;Bueno;Bueno;Bueno
2026-03-22;14:00;21;18.38;24.29;18.69;Bueno;53.98;Bueno;7;5.08;6.92;13.83;Bueno;46.11;Bueno;Bueno;Bueno
2026-03-22;15:00;27;18.42;24.29;18.69;Bueno;53.98;Bueno;8;5.00;6.92;13.83;Bueno;46.11;Bueno;Bueno;Bueno
2026-03-22;16:00;29;18.71;24.29;18.69;Bueno;53.98;Bueno;11;5.08;6.92;13.83;Bueno;46.11;Bueno;Bueno;Bueno
2026-03-22;17:00;30;19.42;24.29;18.69;Bueno;53.98;Bueno;9;5.17;6.92;13.83;Bueno;46.11;Bueno;Bueno;Bueno
2026-03-22;18:00;31;20.04;24.29;18.69;Bueno;53.98;Bueno;7;5.25;6.92;13.83;Bueno;46.11;Bueno;Bueno;Bueno
2026-03-22;19:00;29;20.38;24.29;18.69;Bueno;53.98;Bueno;6;5.33;6.92;13.83;Bueno;46.11;Bueno;Bueno;Bueno
2026-03-22;20:00;25;20.46;24.29;18.69;Bueno;53.98;Bueno;8;5.29;6.92;13.83;Bueno;46.11;Bueno;Bueno;Bueno
2026-03-22;21:00;47;21.46;24.29;18.69;Bueno;53.98;Bueno;15;5.67;6.92;13.83;Bueno;46.11;Bueno;Bueno;Bueno
2026-03-22;22:00;45;22.50;24.29;18.69;Bueno;53.98;Bueno;12;6.00;6.92;13.83;Bueno;46.11;Bueno;Bueno;Bueno
2026-03-22;23:00;58;24.29;24.29;18.69;Bueno;53.98;Bueno;28;6.92;6.92;13.83;Bueno;46.11;Bueno;Bueno;Bueno
2026-03-23;00:00;45;25.79;42.25;32.50;Bueno;93.89;Bueno;20;7.58;14.17;28.33;Bueno;94.44;Bueno;Bueno;Bueno
2026-03-23;01:00;31;26.62;42.25;32.50;Bueno;93.89;Bueno;19;8.25;14.17;28.33;Bueno;94.44;Bueno;Bueno;Bueno
2026-03-23;02:00;32;27.54;42.25;32.50;Bueno;93.89;Bueno;18;8.96;14.17;28.33;Bueno;94.44;Bueno;Bueno;Bueno
2026-03-23;03:00;27;28.04;42.25;32.50;Bueno;93.89;Bueno;17;9.50;14.17;28.33;Bueno;94.44;Bueno;Bueno;Bueno
2026-03-23;04:00;28;28.46;42.25;32.50;Bueno;93.89;Bueno;14;9.92;14.17;28.33;Bueno;94.44;Bueno;Bueno;Bueno
2026-03-23;05:00;43;29.79;42.25;32.50;Bueno;93.89;Bueno;13;10.38;14.17;28.33;Bueno;94.44;Bueno;Bueno;Bueno
2026-03-23;06:00;64;31.96;42.25;32.50;Bueno;93.89;Bueno;18;11.04;14.17;28.33;Bueno;94.44;Bueno;Bueno;Bueno
2026-03-23;07:00;56;33.75;42.25;32.50;Bueno;93.89;Bueno;21;11.83;14.17;28.33;Bueno;94.44;Bueno;Bueno;Bueno
2026-03-23;08:00;70;35.17;42.25;32.50;Bueno;93.89;Bueno;24;12.71;14.17;28.33;Bueno;94.44;Bueno;Bueno;Bueno
2026-03-23;09:00;78;37.54;42.25;32.50;Bueno;93.89;Bueno;34;13.96;14.17;28.33;Bueno;94.44;Bueno;Bueno;Bueno
2026-03-23;10:00;79;39.83;42.25;32.50;Bueno;93.89;Bueno;29;15.00;14.17;28.33;Bueno;94.44;Bueno;Bueno;Bueno
2026-03-23;11:00;52;41.33;42.25;32.50;Bueno;93.89;Bueno;21;15.62;14.17;28.33;Bueno;94.44;Bueno;Bueno;Bueno
2026-03-23;12:00;44;42.33;42.25;32.50;Bueno;93.89;Bueno;12;15.79;14.17;28.33;Bueno;94.44;Bueno;Bueno;Bueno
2026-03-23;13:00;52;43.46;42.25;32.50;Bueno;93.89;Bueno;14;16.04;14.17;28.33;Bueno;94.44;Bueno;Bueno;Bueno
2026-03-23;14:00;41;44.29;42.25;32.50;Bueno;93.89;Bueno;9;16.12;14.17;28.33;Bueno;94.44;Bueno;Bueno;Bueno
2026-03-23;15:00;47;45.12;42.25;32.50;Bueno;93.89;Bueno;8;16.12;14.17;28.33;Bueno;94.44;Bueno;Bueno;Bueno
2026-03-23;16:00;27;45.04;42.25;32.50;Bueno;93.89;Bueno;5;15.88;14.17;28.33;Bueno;94.44;Bueno;Bueno;Bueno
2026-03-23;17:00;30;45.04;42.25;32.50;Bueno;93.89;Bueno;7;15.79;14.17;28.33;Bueno;94.44;Bueno;Bueno;Bueno
2026-03-23;18:00;18;44.50;42.25;32.50;Bueno;93.89;Bueno;7;15.79;14.17;28.33;Bueno;94.44;Bueno;Bueno;Bueno
2026-03-23;19:00;29;44.50;42.25;32.50;Bueno;93.89;Bueno;4;15.71;14.17;28.33;Bueno;94.44;Bueno;Bueno;Bueno
2026-03-23;20:00;28;44.62;42.25;32.50;Bueno;93.89;Bueno;4;15.54;14.17;28.33;Bueno;94.44;Bueno;Bueno;Bueno
2026-03-23;21:00;40;44.33;42.25;32.50;Bueno;93.89;Bueno;8;15.25;14.17;28.33;Bueno;94.44;Bueno;Bueno;Bueno
2026-03-23;22:00;29;43.67;42.25;32.50;Bueno;93.89;Bueno;7;15.04;14.17;28.33;Bueno;94.44;Bueno;Bueno;Bueno
2026-03-23;23:00;24;42.25;42.25;32.50;Bueno;93.89;Bueno;7;14.17;14.17;28.33;Bueno;94.44;Bueno;Bueno;Bueno
2026-03-24;00:00;35;41.83;43.17;33.21;Bueno;95.93;Bueno;10;13.75;11.75;23.50;Bueno;78.33;Bueno;Bueno;Bueno
2026-03-24;01:00;36;42.04;43.17;33.21;Bueno;95.93;Bueno;15;13.58;11.75;23.50;Bueno;78.33;Bueno;Bueno;Bueno
2026-03-24;02:00;30;41.96;43.17;33.21;Bueno;95.93;Bueno;10;13.25;11.75;23.50;Bueno;78.33;Bueno;Bueno;Bueno
2026-03-24;03:00;30;42.08;43.17;33.21;Bueno;95.93;Bueno;19;13.33;11.75;23.50;Bueno;78.33;Bueno;Bueno;Bueno
2026-03-24;04:00;35;42.38;43.17;33.21;Bueno;95.93;Bueno;9;13.12;11.75;23.50;Bueno;78.33;Bueno;Bueno;Bueno
2026-03-24;05:00;36;42.08;43.17;33.21;Bueno;95.93;Bueno;13;13.12;11.75;23.50;Bueno;78.33;Bueno;Bueno;Bueno
2026-03-24;06:00;59;41.88;43.17;33.21;Bueno;95.93;Bueno;17;13.08;11.75;23.50;Bueno;78.33;Bueno;Bueno;Bueno
2026-03-24;07:00;98;43.62;43.17;33.21;Bueno;95.93;Bueno;24;13.21;11.75;23.50;Bueno;78.33;Bueno;Bueno;Bueno
2026-03-24;08:00;105;45.08;43.17;33.21;Bueno;95.93;Bueno;29;13.42;11.75;23.50;Bueno;78.33;Bueno;Bueno;Bueno
2026-03-24;09:00;115;46.62;43.17;33.21;Bueno;95.93;Bueno;34;13.42;11.75;23.50;Bueno;78.33;Bueno;Bueno;Bueno
2026-03-24;10:00;78;46.58;43.17;33.21;Bueno;95.93;Bueno;23;13.17;11.75;23.50;Bueno;78.33;Bueno;Bueno;Bueno
2026-03-24;11:00;51;46.54;43.17;33.21;Bueno;95.93;Bueno;18;13.04;11.75;23.50;Bueno;78.33;Bueno;Bueno;Bueno
2026-03-24;12:00;43;46.50;43.17;33.21;Bueno;95.93;Bueno;9;12.92;11.75;23.50;Bueno;78.33;Bueno;Bueno;Bueno
2026-03-24;13:00;31;45.62;43.17;33.21;Bueno;95.93;Bueno;9;12.71;11.75;23.50;Bueno;78.33;Bueno;Bueno;Bueno
2026-03-24;14:00;30;45.17;43.17;33.21;Bueno;95.93;Bueno;6;12.58;11.75;23.50;Bueno;78.33;Bueno;Bueno;Bueno
2026-03-24;15:00;29;44.42;43.17;33.21;Bueno;95.93;Bueno;1;12.29;11.75;23.50;Bueno;78.33;Bueno;Bueno;Bueno
2026-03-24;16:00;28;44.46;43.17;33.21;Bueno;95.93;Bueno;1;12.12;11.75;23.50;Bueno;78.33;Bueno;Bueno;Bueno
2026-03-24;17:00;24;44.21;43.17;33.21;Bueno;95.93;Bueno;1;11.88;11.75;23.50;Bueno;78.33;Bueno;Bueno;Bueno
2026-03-24;18:00;18;44.21;43.17;33.21;Bueno;95.93;Bueno;3;11.71;11.75;23.50;Bueno;78.33;Bueno;Bueno;Bueno
2026-03-24;19:00;22;43.92;43.17;33.21;Bueno;95.93;Bueno;6;11.79;11.75;23.50;Bueno;78.33;Bueno;Bueno;Bueno
2026-03-24;20:00;19;43.54;43.17;33.21;Bueno;95.93;Bueno;4;11.79;11.75;23.50;Bueno;78.33;Bueno;Bueno;Bueno
2026-03-24;21:00;27;43.00;43.17;33.21;Bueno;95.93;Bueno;5;11.67;11.75;23.50;Bueno;78.33;Bueno;Bueno;Bueno
2026-03-24;22:00;24;42.79;43.17;33.21;Bueno;95.93;Bueno;9;11.75;11.75;23.50;Bueno;78.33;Bueno;Bueno;Bueno
2026-03-24;23:00;33;43.17;43.17;33.21;Bueno;95.93;Bueno;7;11.75;11.75;23.50;Bueno;78.33;Bueno;Bueno;Bueno
2026-03-25;00:00;30;42.96;46.21;35.54;Bueno;101.98;Regular;9;11.71;12.62;25.25;Bueno;84.17;Bueno;Bueno;Regular
2026-03-25;01:00;36;42.96;46.21;35.54;Bueno;101.98;Regular;11;11.54;12.62;25.25;Bueno;84.17;Bueno;Bueno;Regular
2026-03-25;02:00;33;43.08;46.21;35.54;Bueno;101.98;Regular;11;11.58;12.62;25.25;Bueno;84.17;Bueno;Bueno;Regular
2026-03-25;03:00;28;43.00;46.21;35.54;Bueno;101.98;Regular;8;11.12;12.62;25.25;Bueno;84.17;Bueno;Bueno;Regular
2026-03-25;04:00;25;42.58;46.21;35.54;Bueno;101.98;Regular;11;11.21;12.62;25.25;Bueno;84.17;Bueno;Bueno;Regular
2026-03-25;05:00;28;42.25;46.21;35.54;Bueno;101.98;Regular;11;11.12;12.62;25.25;Bueno;84.17;Bueno;Bueno;Regular
2026-03-25;06:00;52;41.96;46.21;35.54;Bueno;101.98;Regular;14;11.00;12.62;25.25;Bueno;84.17;Bueno;Bueno;Regular
2026-03-25;07:00;100;42.04;46.21;35.54;Bueno;101.98;Regular;22;10.92;12.62;25.25;Bueno;84.17;Bueno;Bueno;Regular
2026-03-25;08:00;120;42.67;46.21;35.54;Bueno;101.98;Regular;24;10.71;12.62;25.25;Bueno;84.17;Bueno;Bueno;Regular
2026-03-25;09:00;72;40.88;46.21;35.54;Bueno;101.98;Regular;31;10.58;12.62;25.25;Bueno;84.17;Bueno;Bueno;Regular
2026-03-25;10:00;74;40.71;46.21;35.54;Bueno;101.98;Regular;22;10.54;12.62;25.25;Bueno;84.17;Bueno;Bueno;Regular
2026-03-25;11:00;66;41.33;46.21;35.54;Bueno;101.98;Regular;14;10.38;12.62;25.25;Bueno;84.17;Bueno;Bueno;Regular
2026-03-25;12:00;52;41.71;46.21;35.54;Bueno;101.98;Regular;14;10.58;12.62;25.25;Bueno;84.17;Bueno;Bueno;Regular
2026-03-25;13:00;47;42.38;46.21;35.54;Bueno;101.98;Regular;7;10.50;12.62;25.25;Bueno;84.17;Bueno;Bueno;Regular
2026-03-25;14:00;40;42.79;46.21;35.54;Bueno;101.98;Regular;11;10.71;12.62;25.25;Bueno;84.17;Bueno;Bueno;Regular
2026-03-25;15:00;39;43.21;46.21;35.54;Bueno;101.98;Regular;10;11.08;12.62;25.25;Bueno;84.17;Bueno;Bueno;Regular
2026-03-25;16:00;33;43.42;46.21;35.54;Bueno;101.98;Regular;6;11.29;12.62;25.25;Bueno;84.17;Bueno;Bueno;Regular
2026-03-25;17:00;31;43.71;46.21;35.54;Bueno;101.98;Regular;7;11.54;12.62;25.25;Bueno;84.17;Bueno;Bueno;Regular
2026-03-25;18:00;33;44.33;46.21;35.54;Bueno;101.98;Regular;9;11.79;12.62;25.25;Bueno;84.17;Bueno;Bueno;Regular
2026-03-25;19:00;40;45.08;46.21;35.54;Bueno;101.98;Regular;11;12.00;12.62;25.25;Bueno;84.17;Bueno;Bueno;Regular
2026-03-25;20:00;36;45.79;46.21;35.54;Bueno;101.98;Regular;8;12.17;12.62;25.25;Bueno;84.17;Bueno;Bueno;Regular
2026-03-25;21:00;36;46.17;46.21;35.54;Bueno;101.98;Regular;12;12.46;12.62;25.25;Bueno;84.17;Bueno;Bueno;Regular
2026-03-25;22:00;34;46.58;46.21;35.54;Bueno;101.98;Regular;9;12.46;12.62;25.25;Bueno;84.17;Bueno;Bueno;Regular
2026-03-25;23:00;24;46.21;46.21;35.54;Bueno;101.98;Regular;11;12.62;12.62;25.25;Bueno;84.17;Bueno;Bueno;Regular
2026-03-26;00:00;30;46.21;54.00;41.54;Bueno;114.76;Regular;11;12.71;13.79;27.58;Bueno;91.94;Bueno;Bueno;Regular
2026-03-26;01:00;30;45.96;54.00;41.54;Bueno;114.76;Regular;7;12.54;13.79;27.58;Bueno;91.94;Bueno;Bueno;Regular
2026-03-26;02:00;27;45.71;54.00;41.54;Bueno;114.76;Regular;9;12.46;13.79;27.58;Bueno;91.94;Bueno;Bueno;Regular
2026-03-26;03:00;37;46.08;54.00;41.54;Bueno;114.76;Regular;15;12.75;13.79;27.58;Bueno;91.94;Bueno;Bueno;Regular
2026-03-26;04:00;37;46.58;54.00;41.54;Bueno;114.76;Regular;11;12.75;13.79;27.58;Bueno;91.94;Bueno;Bueno;Regular
2026-03-26;05:00;43;47.21;54.00;41.54;Bueno;114.76;Regular;13;12.83;13.79;27.58;Bueno;91.94;Bueno;Bueno;Regular
2026-03-26;06:00;56;47.38;54.00;41.54;Bueno;114.76;Regular;17;12.96;13.79;27.58;Bueno;91.94;Bueno;Bueno;Regular
2026-03-26;07:00;124;48.38;54.00;41.54;Bueno;114.76;Regular;24;13.04;13.79;27.58;Bueno;91.94;Bueno;Bueno;Regular
2026-03-26;08:00;153;49.75;54.00;41.54;Bueno;114.76;Regular;31;13.33;13.79;27.58;Bueno;91.94;Bueno;Bueno;Regular
2026-03-26;09:00;84;50.25;54.00;41.54;Bueno;114.76;Regular;28;13.21;13.79;27.58;Bueno;91.94;Bueno;Bueno;Regular
2026-03-26;10:00;79;50.46;54.00;41.54;Bueno;114.76;Regular;23;13.25;13.79;27.58;Bueno;91.94;Bueno;Bueno;Regular
2026-03-26;11:00;75;50.83;54.00;41.54;Bueno;114.76;Regular;22;13.58;13.79;27.58;Bueno;91.94;Bueno;Bueno;Regular
2026-03-26;12:00;77;51.88;54.00;41.54;Bueno;114.76;Regular;20;13.83;13.79;27.58;Bueno;91.94;Bueno;Bueno;Regular
2026-03-26;13:00;57;52.29;54.00;41.54;Bueno;114.76;Regular;11;14.00;13.79;27.58;Bueno;91.94;Bueno;Bueno;Regular
2026-03-26;14:00;50;52.71;54.00;41.54;Bueno;114.76;Regular;7;13.83;13.79;27.58;Bueno;91.94;Bueno;Bueno;Regular
2026-03-26;15:00;38;52.67;54.00;41.54;Bueno;114.76;Regular;4;13.58;13.79;27.58;Bueno;91.94;Bueno;Bueno;Regular
2026-03-26;16:00;33;52.67;54.00;41.54;Bueno;114.76;Regular;4;13.50;13.79;27.58;Bueno;91.94;Bueno;Bueno;Regular
2026-03-26;17:00;31;52.67;54.00;41.54;Bueno;114.76;Regular;5;13.42;13.79;27.58;Bueno;91.94;Bueno;Bueno;Regular
2026-03-26;18:00;37;52.83;54.00;41.54;Bueno;114.76;Regular;6;13.29;13.79;27.58;Bueno;91.94;Bueno;Bueno;Regular
2026-03-26;19:00;44;53.00;54.00;41.54;Bueno;114.76;Regular;8;13.17;13.79;27.58;Bueno;91.94;Bueno;Bueno;Regular
2026-03-26;20:00;51;53.62;54.00;41.54;Bueno;114.76;Regular;16;13.50;13.79;27.58;Bueno;91.94;Bueno;Bueno;Regular
2026-03-26;21:00;34;53.54;54.00;41.54;Bueno;114.76;Regular;14;13.58;13.79;27.58;Bueno;91.94;Bueno;Bueno;Regular
2026-03-26;22:00;30;53.38;54.00;41.54;Bueno;114.76;Regular;11;13.67;13.79;27.58;Bueno;91.94;Bueno;Bueno;Regular
2026-03-26;23:00;39;54.00;54.00;41.54;Bueno;114.76;Regular;14;13.79;13.79;27.58;Bueno;91.94;Bueno;Bueno;Regular
2026-03-27;00:00;31;54.04;57.42;44.17;Bueno;120.37;Regular;13;13.88;17.42;34.83;Bueno;105.22;Regular;Bueno;Regular
2026-03-27;01:00;30;54.04;57.42;44.17;Bueno;120.37;Regular;10;14.00;17.42;34.83;Bueno;105.22;Regular;Bueno;Regular
2026-03-27;02:00;35;54.38;57.42;44.17;Bueno;120.37;Regular;8;13.96;17.42;34.83;Bueno;105.22;Regular;Bueno;Regular
2026-03-27;03:00;43;54.62;57.42;44.17;Bueno;120.37;Regular;21;14.21;17.42;34.83;Bueno;105.22;Regular;Bueno;Regular
2026-03-27;04:00;43;54.88;57.42;44.17;Bueno;120.37;Regular;16;14.42;17.42;34.83;Bueno;105.22;Regular;Bueno;Regular
2026-03-27;05:00;53;55.29;57.42;44.17;Bueno;120.37;Regular;18;14.62;17.42;34.83;Bueno;105.22;Regular;Bueno;Regular
2026-03-27;06:00;68;55.79;57.42;44.17;Bueno;120.37;Regular;22;14.83;17.42;34.83;Bueno;105.22;Regular;Bueno;Regular
2026-03-27;07:00;96;54.62;57.42;44.17;Bueno;120.37;Regular;28;15.00;17.42;34.83;Bueno;105.22;Regular;Bueno;Regular
2026-03-27;08:00;79;51.54;57.42;44.17;Bueno;120.37;Regular;38;15.29;17.42;34.83;Bueno;105.22;Regular;Bueno;Regular
2026-03-27;09:00;73;51.08;57.42;44.17;Bueno;120.37;Regular;25;15.17;17.42;34.83;Bueno;105.22;Regular;Bueno;Regular
2026-03-27;10:00;118;52.71;57.42;44.17;Bueno;120.37;Regular;29;15.42;17.42;34.83;Bueno;105.22;Regular;Bueno;Regular
2026-03-27;11:00;99;53.71;57.42;44.17;Bueno;120.37;Regular;25;15.54;17.42;34.83;Bueno;105.22;Regular;Bueno;Regular
2026-03-27;12:00;72;53.50;57.42;44.17;Bueno;120.37;Regular;18;15.46;17.42;34.83;Bueno;105.22;Regular;Bueno;Regular
2026-03-27;13:00;66;53.88;57.42;44.17;Bueno;120.37;Regular;21;15.88;17.42;34.83;Bueno;105.22;Regular;Bueno;Regular
2026-03-27;14:00;65;54.50;57.42;44.17;Bueno;120.37;Regular;14;16.17;17.42;34.83;Bueno;105.22;Regular;Bueno;Regular
2026-03-27;15:00;47;54.88;57.42;44.17;Bueno;120.37;Regular;7;16.29;17.42;34.83;Bueno;105.22;Regular;Bueno;Regular
2026-03-27;16:00;29;54.71;57.42;44.17;Bueno;120.37;Regular;5;16.33;17.42;34.83;Bueno;105.22;Regular;Bueno;Regular
2026-03-27;17:00;37;54.96;57.42;44.17;Bueno;120.37;Regular;6;16.38;17.42;34.83;Bueno;105.22;Regular;Bueno;Regular
2026-03-27;18:00;46;55.33;57.42;44.17;Bueno;120.37;Regular;7;16.42;17.42;34.83;Bueno;105.22;Regular;Bueno;Regular
2026-03-27;19:00;40;55.17;57.42;44.17;Bueno;120.37;Regular;12;16.58;17.42;34.83;Bueno;105.22;Regular;Bueno;Regular
2026-03-27;20:00;45;54.92;57.42;44.17;Bueno;120.37;Regular;13;16.46;17.42;34.83;Bueno;105.22;Regular;Bueno;Regular
2026-03-27;21:00;52;55.67;57.42;44.17;Bueno;120.37;Regular;18;16.62;17.42;34.83;Bueno;105.22;Regular;Bueno;Regular
2026-03-27;22:00;58;56.83;57.42;44.17;Bueno;120.37;Regular;23;17.12;17.42;34.83;Bueno;105.22;Regular;Bueno;Regular
2026-03-27;23:00;53;57.42;57.42;44.17;Bueno;120.37;Regular;21;17.42;17.42;34.83;Bueno;105.22;Regular;Bueno;Regular
2026-03-28;00:00;39;57.75;52.04;40.03;Bueno;111.54;Regular;18;17.62;22.46;44.92;Bueno;116.15;Regular;Bueno;Regular
2026-03-28;01:00;43;58.29;52.04;40.03;Bueno;111.54;Regular;19;18.00;22.46;44.92;Bueno;116.15;Regular;Bueno;Regular
2026-03-28;02:00;40;58.50;52.04;40.03;Bueno;111.54;Regular;15;18.29;22.46;44.92;Bueno;116.15;Regular;Bueno;Regular
2026-03-28;03:00;52;58.88;52.04;40.03;Bueno;111.54;Regular;26;18.50;22.46;44.92;Bueno;116.15;Regular;Bueno;Regular
2026-03-28;04:00;59;59.54;52.04;40.03;Bueno;111.54;Regular;30;19.08;22.46;44.92;Bueno;116.15;Regular;Bueno;Regular
2026-03-28;05:00;69;60.21;52.04;40.03;Bueno;111.54;Regular;46;20.25;22.46;44.92;Bueno;116.15;Regular;Bueno;Regular
2026-03-28;06:00;66;60.12;52.04;40.03;Bueno;111.54;Regular;29;20.54;22.46;44.92;Bueno;116.15;Regular;Bueno;Regular
2026-03-28;07:00;91;59.92;52.04;40.03;Bueno;111.54;Regular;58;21.79;22.46;44.92;Bueno;116.15;Regular;Bueno;Regular
2026-03-28;08:00;105;61.00;52.04;40.03;Bueno;111.54;Regular;53;22.42;22.46;44.92;Bueno;116.15;Regular;Bueno;Regular
2026-03-28;09:00;62;60.54;52.04;40.03;Bueno;111.54;Regular;28;22.54;22.46;44.92;Bueno;116.15;Regular;Bueno;Regular
2026-03-28;10:00;49;57.67;52.04;40.03;Bueno;111.54;Regular;24;22.33;22.46;44.92;Bueno;116.15;Regular;Bueno;Regular
2026-03-28;11:00;54;55.79;52.04;40.03;Bueno;111.54;Regular;19;22.08;22.46;44.92;Bueno;116.15;Regular;Bueno;Regular
2026-03-28;12:00;61;55.33;52.04;40.03;Bueno;111.54;Regular;22;22.25;22.46;44.92;Bueno;116.15;Regular;Bueno;Regular
2026-03-28;13:00;62;55.17;52.04;40.03;Bueno;111.54;Regular;23;22.33;22.46;44.92;Bueno;116.15;Regular;Bueno;Regular
2026-03-28;14:00;56;54.79;52.04;40.03;Bueno;111.54;Regular;19;22.54;22.46;44.92;Bueno;116.15;Regular;Bueno;Regular
2026-03-28;15:00;50;54.92;52.04;40.03;Bueno;111.54;Regular;21;23.12;22.46;44.92;Bueno;116.15;Regular;Bueno;Regular
2026-03-28;16:00;39;55.33;52.04;40.03;Bueno;111.54;Regular;9;23.29;22.46;44.92;Bueno;116.15;Regular;Bueno;Regular
2026-03-28;17:00;38;55.38;52.04;40.03;Bueno;111.54;Regular;9;23.42;22.46;44.92;Bueno;116.15;Regular;Bueno;Regular
2026-03-28;18:00;34;54.88;52.04;40.03;Bueno;111.54;Regular;10;23.54;22.46;44.92;Bueno;116.15;Regular;Bueno;Regular
2026-03-28;19:00;40;54.88;52.04;40.03;Bueno;111.54;Regular;14;23.62;22.46;44.92;Bueno;116.15;Regular;Bueno;Regular
2026-03-28;20:00;33;54.38;52.04;40.03;Bueno;111.54;Regular;11;23.54;22.46;44.92;Bueno;116.15;Regular;Bueno;Regular
2026-03-28;21:00;42;53.96;52.04;40.03;Bueno;111.54;Regular;18;23.54;22.46;44.92;Bueno;116.15;Regular;Bueno;Regular
2026-03-28;22:00;26;52.62;52.04;40.03;Bueno;111.54;Regular;5;22.79;22.46;44.92;Bueno;116.15;Regular;Bueno;Regular
2026-03-28;23:00;39;52.04;52.04;40.03;Bueno;111.54;Regular;13;22.46;22.46;44.92;Bueno;116.15;Regular;Bueno;Regular
2026-03-29;00:00;31;51.71;48.75;37.50;Bueno;106.14;Regular;9;22.08;19.21;38.42;Bueno;109.10;Regular;Bueno;Regular
2026-03-29;01:00;35;51.38;48.75;37.50;Bueno;106.14;Regular;13;21.83;19.21;38.42;Bueno;109.10;Regular;Bueno;Regular
2026-03-29;02:00;25;50.75;48.75;37.50;Bueno;106.14;Regular;10;21.62;19.21;38.42;Bueno;109.10;Regular;Bueno;Regular
2026-03-29;03:00;52;50.75;48.75;37.50;Bueno;106.14;Regular;29;21.75;19.21;38.42;Bueno;109.10;Regular;Bueno;Regular
2026-03-29;04:00;40;49.96;48.75;37.50;Bueno;106.14;Regular;18;21.25;19.21;38.42;Bueno;109.10;Regular;Bueno;Regular
2026-03-29;05:00;32;48.42;48.75;37.50;Bueno;106.14;Regular;21;20.21;19.21;38.42;Bueno;109.10;Regular;Bueno;Regular
2026-03-29;06:00;48;47.67;48.75;37.50;Bueno;106.14;Regular;18;19.75;19.21;38.42;Bueno;109.10;Regular;Bueno;Regular
2026-03-29;07:00;87;47.50;48.75;37.50;Bueno;106.14;Regular;59;19.79;19.21;38.42;Bueno;109.10;Regular;Bueno;Regular
2026-03-29;08:00;69;46.00;48.75;37.50;Bueno;106.14;Regular;43;19.38;19.21;38.42;Bueno;109.10;Regular;Bueno;Regular
2026-03-29;09:00;78;46.67;48.75;37.50;Bueno;106.14;Regular;35;19.67;19.21;38.42;Bueno;109.10;Regular;Bueno;Regular
2026-03-29;10:00;69;47.50;48.75;37.50;Bueno;106.14;Regular;26;19.75;19.21;38.42;Bueno;109.10;Regular;Bueno;Regular
2026-03-29;11:00;49;47.29;48.75;37.50;Bueno;106.14;Regular;21;19.83;19.21;38.42;Bueno;109.10;Regular;Bueno;Regular
2026-03-29;12:00;57;47.12;48.75;37.50;Bueno;106.14;Regular;17;19.62;19.21;38.42;Bueno;109.10;Regular;Bueno;Regular
2026-03-29;13:00;50;46.62;48.75;37.50;Bueno;106.14;Regular;16;19.33;19.21;38.42;Bueno;109.10;Regular;Bueno;Regular
2026-03-29;14:00;57;46.67;48.75;37.50;Bueno;106.14;Regular;17;19.25;19.21;38.42;Bueno;109.10;Regular;Bueno;Regular
2026-03-29;15:00;48;46.58;48.75;37.50;Bueno;106.14;Regular;14;18.96;19.21;38.42;Bueno;109.10;Regular;Bueno;Regular
2026-03-29;16:00;45;46.83;48.75;37.50;Bueno;106.14;Regular;13;19.12;19.21;38.42;Bueno;109.10;Regular;Bueno;Regular
2026-03-29;17:00;73;48.29;48.75;37.50;Bueno;106.14;Regular;10;19.17;19.21;38.42;Bueno;109.10;Regular;Bueno;Regular
2026-03-29;18:00;31;48.17;48.75;37.50;Bueno;106.14;Regular;6;19.00;19.21;38.42;Bueno;109.10;Regular;Bueno;Regular
2026-03-29;19:00;37;48.04;48.75;37.50;Bueno;106.14;Regular;8;18.75;19.21;38.42;Bueno;109.10;Regular;Bueno;Regular
2026-03-29;20:00;46;48.58;48.75;37.50;Bueno;106.14;Regular;21;19.17;19.21;38.42;Bueno;109.10;Regular;Bueno;Regular
2026-03-29;21:00;29;48.04;48.75;37.50;Bueno;106.14;Regular;10;18.83;19.21;38.42;Bueno;109.10;Regular;Bueno;Regular
2026-03-29;22:00;33;48.33;48.75;37.50;Bueno;106.14;Regular;12;19.12;19.21;38.42;Bueno;109.10;Regular;Bueno;Regular
2026-03-29;23:00;49;48.75;48.75;37.50;Bueno;106.14;Regular;15;19.21;19.21;38.42;Bueno;109.10;Regular;Bueno;Regular
2026-03-30;00:00;47;49.42;64.00;49.23;Bueno;131.22;Regular;12;19.33;24.79;49.58;Bueno;121.21;Regular;Bueno;Regular
2026-03-30;01:00;40;49.62;64.00;49.23;Bueno;131.22;Regular;20;19.62;24.79;49.58;Bueno;121.21;Regular;Bueno;Regular
2026-03-30;02:00;43;50.38;64.00;49.23;Bueno;131.22;Regular;21;20.08;24.79;49.58;Bueno;121.21;Regular;Bueno;Regular
2026-03-30;03:00;120;53.21;64.00;49.23;Bueno;131.22;Regular;85;22.42;24.79;49.58;Bueno;121.21;Regular;Bueno;Regular
2026-03-30;04:00;111;56.17;64.00;49.23;Bueno;131.22;Regular;78;24.92;24.79;49.58;Bueno;121.21;Regular;Bueno;Regular
2026-03-30;05:00;95;58.79;64.00;49.23;Bueno;131.22;Regular;73;27.08;24.79;49.58;Bueno;121.21;Regular;Bueno;Regular
2026-03-30;06:00;108;61.29;64.00;49.23;Bueno;131.22;Regular;49;28.38;24.79;49.58;Bueno;121.21;Regular;Bueno;Regular
2026-03-30;07:00;214;66.58;64.00;49.23;Bueno;131.22;Regular;58;28.33;24.79;49.58;Bueno;121.21;Regular;Bueno;Regular
2026-03-30;08:00;121;68.75;64.00;49.23;Bueno;131.22;Regular;39;28.17;24.79;49.58;Bueno;121.21;Regular;Bueno;Regular
2026-03-30;09:00;84;69.00;64.00;49.23;Bueno;131.22;Regular;26;27.79;24.79;49.58;Bueno;121.21;Regular;Bueno;Regular
2026-03-30;10:00;66;68.88;64.00;49.23;Bueno;131.22;Regular;16;27.38;24.79;49.58;Bueno;121.21;Regular;Bueno;Regular
2026-03-30;11:00;54;69.08;64.00;49.23;Bueno;131.22;Regular;15;27.12;24.79;49.58;Bueno;121.21;Regular;Bueno;Regular
2026-03-30;12:00;36;68.21;64.00;49.23;Bueno;131.22;Regular;7;26.71;24.79;49.58;Bueno;121.21;Regular;Bueno;Regular
2026-03-30;13:00;27;67.25;64.00;49.23;Bueno;131.22;Regular;5;26.25;24.79;49.58;Bueno;121.21;Regular;Bueno;Regular
2026-03-30;14:00;29;66.08;64.00;49.23;Bueno;131.22;Regular;7;25.83;24.79;49.58;Bueno;121.21;Regular;Bueno;Regular
2026-03-30;15:00;41;65.79;64.00;49.23;Bueno;131.22;Regular;8;25.58;24.79;49.58;Bueno;121.21;Regular;Bueno;Regular
2026-03-30;16:00;32;65.25;64.00;49.23;Bueno;131.22;Regular;7;25.33;24.79;49.58;Bueno;121.21;Regular;Bueno;Regular
2026-03-30;17:00;34;63.62;64.00;49.23;Bueno;131.22;Regular;5;25.12;24.79;49.58;Bueno;121.21;Regular;Bueno;Regular
2026-03-30;18:00;41;64.04;64.00;49.23;Bueno;131.22;Regular;6;25.12;24.79;49.58;Bueno;121.21;Regular;Bueno;Regular
2026-03-30;19:00;48;64.50;64.00;49.23;Bueno;131.22;Regular;12;25.29;24.79;49.58;Bueno;121.21;Regular;Bueno;Regular
2026-03-30;20:00;37;64.12;64.00;49.23;Bueno;131.22;Regular;11;24.88;24.79;49.58;Bueno;121.21;Regular;Bueno;Regular
2026-03-30;21:00;42;64.67;64.00;49.23;Bueno;131.22;Regular;13;25.00;24.79;49.58;Bueno;121.21;Regular;Bueno;Regular
2026-03-30;22:00;31;64.58;64.00;49.23;Bueno;131.22;Regular;9;24.88;24.79;49.58;Bueno;121.21;Regular;Bueno;Regular
2026-03-30;23:00;35;64.00;64.00;49.23;Bueno;131.22;Regular;13;24.79;24.79;49.58;Bueno;121.21;Regular;Bueno;Regular
2026-03-31;00:00;46;63.96;66.36;51.05;Bueno;135.12;Regular;17;25.00;20.14;40.27;Bueno;111.11;Regular;Bueno;Regular
2026-03-31;01:00;48;64.29;66.36;51.05;Bueno;135.12;Regular;17;24.88;20.14;40.27;Bueno;111.11;Regular;Bueno;Regular
2026-03-31;02:00;;65.22;66.36;51.05;Bueno;135.12;Regular;;25.04;20.14;40.27;Bueno;111.11;Regular;Bueno;Regular
2026-03-31;03:00;;62.73;66.36;51.05;Bueno;135.12;Regular;;22.32;20.14;40.27;Bueno;111.11;Regular;Bueno;Regular
2026-03-31;04:00;66;60.68;66.36;51.05;Bueno;135.12;Regular;33;20.27;20.14;40.27;Bueno;111.11;Regular;Bueno;Regular
2026-03-31;05:00;59;59.05;66.36;51.05;Bueno;135.12;Regular;26;18.14;20.14;40.27;Bueno;111.11;Regular;Bueno;Regular
2026-03-31;06:00;94;58.41;66.36;51.05;Bueno;135.12;Regular;38;17.64;20.14;40.27;Bueno;111.11;Regular;Bueno;Regular
2026-03-31;07:00;114;53.86;66.36;51.05;Bueno;135.12;Regular;41;16.86;20.14;40.27;Bueno;111.11;Regular;Bueno;Regular
2026-03-31;08:00;179;56.50;66.36;51.05;Bueno;135.12;Regular;40;16.91;20.14;40.27;Bueno;111.11;Regular;Bueno;Regular
2026-03-31;09:00;118;58.05;66.36;51.05;Bueno;135.12;Regular;34;17.27;20.14;40.27;Bueno;111.11;Regular;Bueno;Regular
2026-03-31;10:00;79;58.64;66.36;51.05;Bueno;135.12;Regular;24;17.64;20.14;40.27;Bueno;111.11;Regular;Bueno;Regular
2026-03-31;11:00;75;59.59;66.36;51.05;Bueno;135.12;Regular;22;17.95;20.14;40.27;Bueno;111.11;Regular;Bueno;Regular
2026-03-31;12:00;80;61.59;66.36;51.05;Bueno;135.12;Regular;22;18.64;20.14;40.27;Bueno;111.11;Regular;Bueno;Regular
2026-03-31;13:00;67;63.41;66.36;51.05;Bueno;135.12;Regular;16;19.14;20.14;40.27;Bueno;111.11;Regular;Bueno;Regular
2026-03-31;14:00;59;64.77;66.36;51.05;Bueno;135.12;Regular;16;19.55;20.14;40.27;Bueno;111.11;Regular;Bueno;Regular
2026-03-31;15:00;53;65.32;66.36;51.05;Bueno;135.12;Regular;10;19.64;20.14;40.27;Bueno;111.11;Regular;Bueno;Regular
2026-03-31;16:00;48;66.05;66.36;51.05;Bueno;135.12;Regular;14;19.95;20.14;40.27;Bueno;111.11;Regular;Bueno;Regular
2026-03-31;17:00;44;66.50;66.36;51.05;Bueno;135.12;Regular;11;20.23;20.14;40.27;Bueno;111.11;Regular;Bueno;Regular
2026-03-31;18:00;38;66.36;66.36;51.05;Bueno;135.12;Regular;10;20.41;20.14;40.27;Bueno;111.11;Regular;Bueno;Regular
2026-03-31;19:00;36;65.82;66.36;51.05;Bueno;135.12;Regular;8;20.23;20.14;40.27;Bueno;111.11;Regular;Bueno;Regular
2026-03-31;20:00;49;66.36;66.36;51.05;Bueno;135.12;Regular;8;20.09;20.14;40.27;Bueno;111.11;Regular;Bueno;Regular
2026-03-31;21:00;36;66.09;66.36;51.05;Bueno;135.12;Regular;11;20.00;20.14;40.27;Bueno;111.11;Regular;Bueno;Regular
2026-03-31;22:00;40;66.50;66.36;51.05;Bueno;135.12;Regular;13;20.18;20.14;40.27;Bueno;111.11;Regular;Bueno;Regular
2026-03-31;23:00;32;66.36;66.36;51.05;Bueno;135.12;Regular;12;20.14;20.14;40.27;Bueno;111.11;Regular;Bueno;Regular
2026-04-01;00:00;34;65.82;59.96;46.12;Bueno;124.56;Regular;11;19.86;21.46;42.92;Bueno;113.98;Regular;Bueno;Regular
2026-04-01;01:00;35;65.23;59.96;46.12;Bueno;124.56;Regular;16;19.82;21.46;42.92;Bueno;113.98;Regular;Bueno;Regular
2026-04-01;02:00;31;63.74;59.96;46.12;Bueno;124.56;Regular;17;19.70;21.46;42.92;Bueno;113.98;Regular;Bueno;Regular
2026-04-01;03:00;45;62.96;59.96;46.12;Bueno;124.56;Regular;20;19.71;21.46;42.92;Bueno;113.98;Regular;Bueno;Regular
2026-04-01;04:00;63;62.83;59.96;46.12;Bueno;124.56;Regular;40;20.00;21.46;42.92;Bueno;113.98;Regular;Bueno;Regular
2026-04-01;05:00;115;65.17;59.96;46.12;Bueno;124.56;Regular;90;22.67;21.46;42.92;Bueno;113.98;Regular;Bueno;Regular
2026-04-01;06:00;99;65.38;59.96;46.12;Bueno;124.56;Regular;30;22.33;21.46;42.92;Bueno;113.98;Regular;Bueno;Regular
2026-04-01;07:00;133;66.17;59.96;46.12;Bueno;124.56;Regular;28;21.79;21.46;42.92;Bueno;113.98;Regular;Bueno;Regular
2026-04-01;08:00;163;65.50;59.96;46.12;Bueno;124.56;Regular;46;22.04;21.46;42.92;Bueno;113.98;Regular;Bueno;Regular
2026-04-01;09:00;83;64.04;59.96;46.12;Bueno;124.56;Regular;32;21.96;21.46;42.92;Bueno;113.98;Regular;Bueno;Regular
2026-04-01;10:00;70;63.67;59.96;46.12;Bueno;124.56;Regular;32;22.29;21.46;42.92;Bueno;113.98;Regular;Bueno;Regular
2026-04-01;11:00;58;62.96;59.96;46.12;Bueno;124.56;Regular;17;22.08;21.46;42.92;Bueno;113.98;Regular;Bueno;Regular
2026-04-01;12:00;56;61.96;59.96;46.12;Bueno;124.56;Regular;17;21.88;21.46;42.92;Bueno;113.98;Regular;Bueno;Regular
2026-04-01;13:00;47;61.12;59.96;46.12;Bueno;124.56;Regular;13;21.75;21.46;42.92;Bueno;113.98;Regular;Bueno;Regular
2026-04-01;14:00;43;60.46;59.96;46.12;Bueno;124.56;Regular;8;21.42;21.46;42.92;Bueno;113.98;Regular;Bueno;Regular
2026-04-01;15:00;41;59.96;59.96;46.12;Bueno;124.56;Regular;6;21.25;21.46;42.92;Bueno;113.98;Regular;Bueno;Regular
2026-04-01;16:00;43;59.75;59.96;46.12;Bueno;124.56;Regular;6;20.92;21.46;42.92;Bueno;113.98;Regular;Bueno;Regular
2026-04-01;17:00;43;59.71;59.96;46.12;Bueno;124.56;Regular;6;20.71;21.46;42.92;Bueno;113.98;Regular;Bueno;Regular
2026-04-01;18:00;42;59.88;59.96;46.12;Bueno;124.56;Regular;11;20.75;21.46;42.92;Bueno;113.98;Regular;Bueno;Regular
2026-04-01;19:00;44;60.21;59.96;46.12;Bueno;124.56;Regular;14;21.00;21.46;42.92;Bueno;113.98;Regular;Bueno;Regular
2026-04-01;20:00;38;59.75;59.96;46.12;Bueno;124.56;Regular;14;21.25;21.46;42.92;Bueno;113.98;Regular;Bueno;Regular
2026-04-01;21:00;39;59.88;59.96;46.12;Bueno;124.56;Regular;13;21.33;21.46;42.92;Bueno;113.98;Regular;Bueno;Regular
2026-04-01;22:00;38;59.79;59.96;46.12;Bueno;124.56;Regular;12;21.29;21.46;42.92;Bueno;113.98;Regular;Bueno;Regular
2026-04-01;23:00;36;59.96;59.96;46.12;Bueno;124.56;Regular;16;21.46;21.46;42.92;Bueno;113.98;Regular;Bueno;Regular
2026-04-02;00:00;39;60.17;62.08;47.76;Bueno;128.06;Regular;14;21.58;21.12;42.25;Bueno;113.25;Regular;Bueno;Regular
2026-04-02;01:00;41;60.42;62.08;47.76;Bueno;128.06;Regular;12;21.42;21.12;42.25;Bueno;113.25;Regular;Bueno;Regular
2026-04-02;02:00;51;61.25;62.08;47.76;Bueno;128.06;Regular;17;21.42;21.12;42.25;Bueno;113.25;Regular;Bueno;Regular
2026-04-02;03:00;50;61.46;62.08;47.76;Bueno;128.06;Regular;24;21.58;21.12;42.25;Bueno;113.25;Regular;Bueno;Regular
2026-04-02;04:00;49;60.88;62.08;47.76;Bueno;128.06;Regular;16;20.58;21.12;42.25;Bueno;113.25;Regular;Bueno;Regular
2026-04-02;05:00;62;58.67;62.08;47.76;Bueno;128.06;Regular;19;17.62;21.12;42.25;Bueno;113.25;Regular;Bueno;Regular
2026-04-02;06:00;78;57.79;62.08;47.76;Bueno;128.06;Regular;23;17.33;21.12;42.25;Bueno;113.25;Regular;Bueno;Regular
2026-04-02;07:00;129;57.62;62.08;47.76;Bueno;128.06;Regular;62;18.75;21.12;42.25;Bueno;113.25;Regular;Bueno;Regular
2026-04-02;08:00;104;55.17;62.08;47.76;Bueno;128.06;Regular;46;18.75;21.12;42.25;Bueno;113.25;Regular;Bueno;Regular
2026-04-02;09:00;98;55.79;62.08;47.76;Bueno;128.06;Regular;35;18.88;21.12;42.25;Bueno;113.25;Regular;Bueno;Regular
2026-04-02;10:00;76;56.04;62.08;47.76;Bueno;128.06;Regular;22;18.46;21.12;42.25;Bueno;113.25;Regular;Bueno;Regular
2026-04-02;11:00;61;56.17;62.08;47.76;Bueno;128.06;Regular;14;18.33;21.12;42.25;Bueno;113.25;Regular;Bueno;Regular
2026-04-02;12:00;73;56.88;62.08;47.76;Bueno;128.06;Regular;22;18.54;21.12;42.25;Bueno;113.25;Regular;Bueno;Regular
2026-04-02;13:00;58;57.33;62.08;47.76;Bueno;128.06;Regular;16;18.67;21.12;42.25;Bueno;113.25;Regular;Bueno;Regular
2026-04-02;14:00;53;57.75;62.08;47.76;Bueno;128.06;Regular;14;18.92;21.12;42.25;Bueno;113.25;Regular;Bueno;Regular
2026-04-02;15:00;46;57.96;62.08;47.76;Bueno;128.06;Regular;11;19.12;21.12;42.25;Bueno;113.25;Regular;Bueno;Regular
2026-04-02;16:00;42;57.92;62.08;47.76;Bueno;128.06;Regular;9;19.25;21.12;42.25;Bueno;113.25;Regular;Bueno;Regular
2026-04-02;17:00;49;58.17;62.08;47.76;Bueno;128.06;Regular;8;19.33;21.12;42.25;Bueno;113.25;Regular;Bueno;Regular
2026-04-02;18:00;52;58.58;62.08;47.76;Bueno;128.06;Regular;12;19.38;21.12;42.25;Bueno;113.25;Regular;Bueno;Regular
2026-04-02;19:00;53;58.96;62.08;47.76;Bueno;128.06;Regular;14;19.38;21.12;42.25;Bueno;113.25;Regular;Bueno;Regular
2026-04-02;20:00;56;59.71;62.08;47.76;Bueno;128.06;Regular;24;19.79;21.12;42.25;Bueno;113.25;Regular;Bueno;Regular
2026-04-02;21:00;58;60.50;62.08;47.76;Bueno;128.06;Regular;21;20.12;21.12;42.25;Bueno;113.25;Regular;Bueno;Regular
2026-04-02;22:00;52;61.08;62.08;47.76;Bueno;128.06;Regular;27;20.75;21.12;42.25;Bueno;113.25;Regular;Bueno;Regular
2026-04-02;23:00;60;62.08;62.08;47.76;Bueno;128.06;Regular;25;21.12;21.12;42.25;Bueno;113.25;Regular;Bueno;Regular
2026-04-03;00:00;50;62.54;56.17;43.21;Bueno;118.32;Regular;25;21.58;23.83;47.67;Bueno;119.13;Regular;Bueno;Regular
2026-04-03;01:00;52;63.00;56.17;43.21;Bueno;118.32;Regular;23;22.04;23.83;47.67;Bueno;119.13;Regular;Bueno;Regular
2026-04-03;02:00;62;63.46;56.17;43.21;Bueno;118.32;Regular;33;22.71;23.83;47.67;Bueno;119.13;Regular;Bueno;Regular
2026-04-03;03:00;62;63.96;56.17;43.21;Bueno;118.32;Regular;29;22.92;23.83;47.67;Bueno;119.13;Regular;Bueno;Regular
2026-04-03;04:00;54;64.17;56.17;43.21;Bueno;118.32;Regular;28;23.42;23.83;47.67;Bueno;119.13;Regular;Bueno;Regular
2026-04-03;05:00;64;64.25;56.17;43.21;Bueno;118.32;Regular;27;23.75;23.83;47.67;Bueno;119.13;Regular;Bueno;Regular
2026-04-03;06:00;60;63.50;56.17;43.21;Bueno;118.32;Regular;29;24.00;23.83;47.67;Bueno;119.13;Regular;Bueno;Regular
2026-04-03;07:00;71;61.08;56.17;43.21;Bueno;118.32;Regular;36;22.92;23.83;47.67;Bueno;119.13;Regular;Bueno;Regular
2026-04-03;08:00;116;61.58;56.17;43.21;Bueno;118.32;Regular;70;23.92;23.83;47.67;Bueno;119.13;Regular;Bueno;Regular
2026-04-03;09:00;82;60.92;56.17;43.21;Bueno;118.32;Regular;41;24.17;23.83;47.67;Bueno;119.13;Regular;Bueno;Regular
2026-04-03;10:00;69;60.62;56.17;43.21;Bueno;118.32;Regular;37;24.79;23.83;47.67;Bueno;119.13;Regular;Bueno;Regular
2026-04-03;11:00;56;60.42;56.17;43.21;Bueno;118.32;Regular;27;25.33;23.83;47.67;Bueno;119.13;Regular;Bueno;Regular
2026-04-03;12:00;47;59.33;56.17;43.21;Bueno;118.32;Regular;22;25.33;23.83;47.67;Bueno;119.13;Regular;Bueno;Regular
2026-04-03;13:00;44;58.75;56.17;43.21;Bueno;118.32;Regular;16;25.33;23.83;47.67;Bueno;119.13;Regular;Bueno;Regular
2026-04-03;14:00;44;58.38;56.17;43.21;Bueno;118.32;Regular;13;25.29;23.83;47.67;Bueno;119.13;Regular;Bueno;Regular
2026-04-03;15:00;48;58.46;56.17;43.21;Bueno;118.32;Regular;18;25.58;23.83;47.67;Bueno;119.13;Regular;Bueno;Regular
2026-04-03;16:00;39;58.33;56.17;43.21;Bueno;118.32;Regular;10;25.62;23.83;47.67;Bueno;119.13;Regular;Bueno;Regular
2026-04-03;17:00;35;57.75;56.17;43.21;Bueno;118.32;Regular;13;25.83;23.83;47.67;Bueno;119.13;Regular;Bueno;Regular
2026-04-03;18:00;34;57.00;56.17;43.21;Bueno;118.32;Regular;10;25.75;23.83;47.67;Bueno;119.13;Regular;Bueno;Regular
2026-04-03;19:00;53;57.00;56.17;43.21;Bueno;118.32;Regular;8;25.50;23.83;47.67;Bueno;119.13;Regular;Bueno;Regular
2026-04-03;20:00;64;57.33;56.17;43.21;Bueno;118.32;Regular;14;25.08;23.83;47.67;Bueno;119.13;Regular;Bueno;Regular
2026-04-03;21:00;50;57.00;56.17;43.21;Bueno;118.32;Regular;19;25.00;23.83;47.67;Bueno;119.13;Regular;Bueno;Regular
2026-04-03;22:00;45;56.71;56.17;43.21;Bueno;118.32;Regular;9;24.25;23.83;47.67;Bueno;119.13;Regular;Bueno;Regular
2026-04-03;23:00;47;56.17;56.17;43.21;Bueno;118.32;Regular;15;23.83;23.83;47.67;Bueno;119.13;Regular;Bueno;Regular
2026-04-04;00:00;42;55.83;48.17;37.05;Bueno;105.19;Regular;17;23.50;17.50;35.00;Bueno;105.40;Regular;Bueno;Regular
2026-04-04;01:00;45;55.54;48.17;37.05;Bueno;105.19;Regular;15;23.17;17.50;35.00;Bueno;105.40;Regular;Bueno;Regular
2026-04-04;02:00;53;55.17;48.17;37.05;Bueno;105.19;Regular;20;22.62;17.50;35.00;Bueno;105.40;Regular;Bueno;Regular
2026-04-04;03:00;77;55.79;48.17;37.05;Bueno;105.19;Regular;45;23.29;17.50;35.00;Bueno;105.40;Regular;Bueno;Regular
2026-04-04;04:00;63;56.17;48.17;37.05;Bueno;105.19;Regular;32;23.46;17.50;35.00;Bueno;105.40;Regular;Bueno;Regular
2026-04-04;05:00;43;55.29;48.17;37.05;Bueno;105.19;Regular;19;23.12;17.50;35.00;Bueno;105.40;Regular;Bueno;Regular
2026-04-04;06:00;53;55.00;48.17;37.05;Bueno;105.19;Regular;21;22.79;17.50;35.00;Bueno;105.40;Regular;Bueno;Regular
2026-04-04;07:00;62;54.62;48.17;37.05;Bueno;105.19;Regular;23;22.25;17.50;35.00;Bueno;105.40;Regular;Bueno;Regular
2026-04-04;08:00;93;53.67;48.17;37.05;Bueno;105.19;Regular;39;20.96;17.50;35.00;Bueno;105.40;Regular;Bueno;Regular
2026-04-04;09:00;62;52.83;48.17;37.05;Bueno;105.19;Regular;31;20.54;17.50;35.00;Bueno;105.40;Regular;Bueno;Regular
2026-04-04;10:00;59;52.42;48.17;37.05;Bueno;105.19;Regular;24;20.00;17.50;35.00;Bueno;105.40;Regular;Bueno;Regular
2026-04-04;11:00;54;52.33;48.17;37.05;Bueno;105.19;Regular;17;19.58;17.50;35.00;Bueno;105.40;Regular;Bueno;Regular
2026-04-04;12:00;46;52.29;48.17;37.05;Bueno;105.19;Regular;13;19.21;17.50;35.00;Bueno;105.40;Regular;Bueno;Regular
2026-04-04;13:00;43;52.25;48.17;37.05;Bueno;105.19;Regular;11;19.00;17.50;35.00;Bueno;105.40;Regular;Bueno;Regular
2026-04-04;14:00;28;51.58;48.17;37.05;Bueno;105.19;Regular;9;18.83;17.50;35.00;Bueno;105.40;Regular;Bueno;Regular
2026-04-04;15:00;19;50.38;48.17;37.05;Bueno;105.19;Regular;5;18.29;17.50;35.00;Bueno;105.40;Regular;Bueno;Regular
2026-04-04;16:00;25;49.79;48.17;37.05;Bueno;105.19;Regular;3;18.00;17.50;35.00;Bueno;105.40;Regular;Bueno;Regular
2026-04-04;17:00;27;49.46;48.17;37.05;Bueno;105.19;Regular;6;17.71;17.50;35.00;Bueno;105.40;Regular;Bueno;Regular
2026-04-04;18:00;41;49.75;48.17;37.05;Bueno;105.19;Regular;6;17.54;17.50;35.00;Bueno;105.40;Regular;Bueno;Regular
2026-04-04;19:00;41;49.25;48.17;37.05;Bueno;105.19;Regular;11;17.67;17.50;35.00;Bueno;105.40;Regular;Bueno;Regular
2026-04-04;20:00;36;48.08;48.17;37.05;Bueno;105.19;Regular;8;17.42;17.50;35.00;Bueno;105.40;Regular;Bueno;Regular
2026-04-04;21:00;41;47.71;48.17;37.05;Bueno;105.19;Regular;10;17.04;17.50;35.00;Bueno;105.40;Regular;Bueno;Regular
2026-04-04;22:00;49;47.88;48.17;37.05;Bueno;105.19;Regular;20;17.50;17.50;35.00;Bueno;105.40;Regular;Bueno;Regular
2026-04-04;23:00;54;48.17;48.17;37.05;Bueno;105.19;Regular;15;17.50;17.50;35.00;Bueno;105.40;Regular;Bueno;Regular
2026-04-05;00:00;63;49.04;43.08;33.14;Bueno;95.74;Bueno;41;18.50;15.79;31.58;Bueno;101.71;Regular;Bueno;Regular
2026-04-05;01:00;64;49.83;43.08;33.14;Bueno;95.74;Bueno;35;19.33;15.79;31.58;Bueno;101.71;Regular;Bueno;Regular
2026-04-05;02:00;50;49.71;43.08;33.14;Bueno;95.74;Bueno;26;19.58;15.79;31.58;Bueno;101.71;Regular;Bueno;Regular
2026-04-05;03:00;58;48.92;43.08;33.14;Bueno;95.74;Bueno;31;19.00;15.79;31.58;Bueno;101.71;Regular;Bueno;Regular
2026-04-05;04:00;38;47.88;43.08;33.14;Bueno;95.74;Bueno;19;18.46;15.79;31.58;Bueno;101.71;Regular;Bueno;Regular
2026-04-05;05:00;75;49.21;43.08;33.14;Bueno;95.74;Bueno;55;19.96;15.79;31.58;Bueno;101.71;Regular;Bueno;Regular
2026-04-05;06:00;55;49.29;43.08;33.14;Bueno;95.74;Bueno;32;20.42;15.79;31.58;Bueno;101.71;Regular;Bueno;Regular
2026-04-05;07:00;47;48.67;43.08;33.14;Bueno;95.74;Bueno;26;20.54;15.79;31.58;Bueno;101.71;Regular;Bueno;Regular
2026-04-05;08:00;44;46.62;43.08;33.14;Bueno;95.74;Bueno;17;19.62;15.79;31.58;Bueno;101.71;Regular;Bueno;Regular
2026-04-05;09:00;58;46.46;43.08;33.14;Bueno;95.74;Bueno;22;19.25;15.79;31.58;Bueno;101.71;Regular;Bueno;Regular
2026-04-05;10:00;45;45.88;43.08;33.14;Bueno;95.74;Bueno;16;18.92;15.79;31.58;Bueno;101.71;Regular;Bueno;Regular
2026-04-05;11:00;36;45.12;43.08;33.14;Bueno;95.74;Bueno;9;18.58;15.79;31.58;Bueno;101.71;Regular;Bueno;Regular
2026-04-05;12:00;34;44.62;43.08;33.14;Bueno;95.74;Bueno;7;18.33;15.79;31.58;Bueno;101.71;Regular;Bueno;Regular
2026-04-05;13:00;112;47.50;43.08;33.14;Bueno;95.74;Bueno;4;18.04;15.79;31.58;Bueno;101.71;Regular;Bueno;Regular
2026-04-05;14:00;48;48.33;43.08;33.14;Bueno;95.74;Bueno;4;17.83;15.79;31.58;Bueno;101.71;Regular;Bueno;Regular
2026-04-05;15:00;53;49.75;43.08;33.14;Bueno;95.74;Bueno;3;17.75;15.79;31.58;Bueno;101.71;Regular;Bueno;Regular
2026-04-05;16:00;20;49.54;43.08;33.14;Bueno;95.74;Bueno;1;17.67;15.79;31.58;Bueno;101.71;Regular;Bueno;Regular
2026-04-05;17:00;24;49.42;43.08;33.14;Bueno;95.74;Bueno;1;17.46;15.79;31.58;Bueno;101.71;Regular;Bueno;Regular
2026-04-05;18:00;30;48.96;43.08;33.14;Bueno;95.74;Bueno;5;17.42;15.79;31.58;Bueno;101.71;Regular;Bueno;Regular
2026-04-05;19:00;27;48.38;43.08;33.14;Bueno;95.74;Bueno;7;17.25;15.79;31.58;Bueno;101.71;Regular;Bueno;Regular
2026-04-05;20:00;8;47.21;43.08;33.14;Bueno;95.74;Bueno;7;17.21;15.79;31.58;Bueno;101.71;Regular;Bueno;Regular
2026-04-05;21:00;17;46.21;43.08;33.14;Bueno;95.74;Bueno;4;16.96;15.79;31.58;Bueno;101.71;Regular;Bueno;Regular
2026-04-05;22:00;15;44.79;43.08;33.14;Bueno;95.74;Bueno;4;16.29;15.79;31.58;Bueno;101.71;Regular;Bueno;Regular
2026-04-05;23:00;13;43.08;43.08;33.14;Bueno;95.74;Bueno;3;15.79;15.79;31.58;Bueno;101.71;Regular;Bueno;Regular
2026-04-06;00:00;24;41.46;43.17;33.21;Bueno;95.93;Bueno;3;14.21;10.42;20.83;Bueno;69.44;Bueno;Bueno;Bueno
2026-04-06;01:00;13;39.33;43.17;33.21;Bueno;95.93;Bueno;3;12.88;10.42;20.83;Bueno;69.44;Bueno;Bueno;Bueno
2026-04-06;02:00;9;37.62;43.17;33.21;Bueno;95.93;Bueno;1;11.83;10.42;20.83;Bueno;69.44;Bueno;Bueno;Bueno
2026-04-06;03:00;21;36.08;43.17;33.21;Bueno;95.93;Bueno;8;10.88;10.42;20.83;Bueno;69.44;Bueno;Bueno;Bueno
2026-04-06;04:00;27;35.62;43.17;33.21;Bueno;95.93;Bueno;7;10.38;10.42;20.83;Bueno;69.44;Bueno;Bueno;Bueno
2026-04-06;05:00;23;33.46;43.17;33.21;Bueno;95.93;Bueno;5;8.29;10.42;20.83;Bueno;69.44;Bueno;Bueno;Bueno
2026-04-06;06:00;42;32.92;43.17;33.21;Bueno;95.93;Bueno;8;7.29;10.42;20.83;Bueno;69.44;Bueno;Bueno;Bueno
2026-04-06;07:00;75;34.08;43.17;33.21;Bueno;95.93;Bueno;24;7.21;10.42;20.83;Bueno;69.44;Bueno;Bueno;Bueno
2026-04-06;08:00;97;36.29;43.17;33.21;Bueno;95.93;Bueno;37;8.04;10.42;20.83;Bueno;69.44;Bueno;Bueno;Bueno
2026-04-06;09:00;84;37.38;43.17;33.21;Bueno;95.93;Bueno;25;8.17;10.42;20.83;Bueno;69.44;Bueno;Bueno;Bueno
2026-04-06;10:00;66;38.25;43.17;33.21;Bueno;95.93;Bueno;18;8.25;10.42;20.83;Bueno;69.44;Bueno;Bueno;Bueno
2026-04-06;11:00;42;38.50;43.17;33.21;Bueno;95.93;Bueno;7;8.17;10.42;20.83;Bueno;69.44;Bueno;Bueno;Bueno
2026-04-06;12:00;43;38.88;43.17;33.21;Bueno;95.93;Bueno;8;8.21;10.42;20.83;Bueno;69.44;Bueno;Bueno;Bueno
2026-04-06;13:00;48;36.21;43.17;33.21;Bueno;95.93;Bueno;10;8.46;10.42;20.83;Bueno;69.44;Bueno;Bueno;Bueno
2026-04-06;14:00;40;35.88;43.17;33.21;Bueno;95.93;Bueno;5;8.50;10.42;20.83;Bueno;69.44;Bueno;Bueno;Bueno
2026-04-06;15:00;35;35.12;43.17;33.21;Bueno;95.93;Bueno;3;8.50;10.42;20.83;Bueno;69.44;Bueno;Bueno;Bueno
2026-04-06;16:00;34;35.71;43.17;33.21;Bueno;95.93;Bueno;2;8.54;10.42;20.83;Bueno;69.44;Bueno;Bueno;Bueno
2026-04-06;17:00;28;35.88;43.17;33.21;Bueno;95.93;Bueno;2;8.58;10.42;20.83;Bueno;69.44;Bueno;Bueno;Bueno
2026-04-06;18:00;32;35.96;43.17;33.21;Bueno;95.93;Bueno;5;8.58;10.42;20.83;Bueno;69.44;Bueno;Bueno;Bueno
2026-04-06;19:00;45;36.71;43.17;33.21;Bueno;95.93;Bueno;11;8.75;10.42;20.83;Bueno;69.44;Bueno;Bueno;Bueno
2026-04-06;20:00;59;38.83;43.17;33.21;Bueno;95.93;Bueno;14;9.04;10.42;20.83;Bueno;69.44;Bueno;Bueno;Bueno
2026-04-06;21:00;43;39.92;43.17;33.21;Bueno;95.93;Bueno;12;9.38;10.42;20.83;Bueno;69.44;Bueno;Bueno;Bueno
2026-04-06;22:00;51;41.42;43.17;33.21;Bueno;95.93;Bueno;18;9.96;10.42;20.83;Bueno;69.44;Bueno;Bueno;Bueno
2026-04-06;23:00;55;43.17;43.17;33.21;Bueno;95.93;Bueno;14;10.42;10.42;20.83;Bueno;69.44;Bueno;Bueno;Bueno
2026-04-07;00:00;66;44.92;64.67;49.74;Bueno;132.32;Regular;21;11.17;16.21;32.42;Bueno;102.61;Regular;Bueno;Regular
2026-04-07;01:00;62;46.96;64.67;49.74;Bueno;132.32;Regular;21;11.92;16.21;32.42;Bueno;102.61;Regular;Bueno;Regular
2026-04-07;02:00;60;49.08;64.67;49.74;Bueno;132.32;Regular;18;12.62;16.21;32.42;Bueno;102.61;Regular;Bueno;Regular
2026-04-07;03:00;67;51.00;64.67;49.74;Bueno;132.32;Regular;26;13.38;16.21;32.42;Bueno;102.61;Regular;Bueno;Regular
2026-04-07;04:00;57;52.25;64.67;49.74;Bueno;132.32;Regular;16;13.75;16.21;32.42;Bueno;102.61;Regular;Bueno;Regular
2026-04-07;05:00;61;53.83;64.67;49.74;Bueno;132.32;Regular;19;14.33;16.21;32.42;Bueno;102.61;Regular;Bueno;Regular
2026-04-07;06:00;57;54.46;64.67;49.74;Bueno;132.32;Regular;18;14.75;16.21;32.42;Bueno;102.61;Regular;Bueno;Regular
2026-04-07;07:00;73;54.38;64.67;49.74;Bueno;132.32;Regular;17;14.46;16.21;32.42;Bueno;102.61;Regular;Bueno;Regular
2026-04-07;08:00;84;53.83;64.67;49.74;Bueno;132.32;Regular;21;13.79;16.21;32.42;Bueno;102.61;Regular;Bueno;Regular
2026-04-07;09:00;88;54.00;64.67;49.74;Bueno;132.32;Regular;21;13.62;16.21;32.42;Bueno;102.61;Regular;Bueno;Regular
2026-04-07;10:00;85;54.79;64.67;49.74;Bueno;132.32;Regular;27;14.00;16.21;32.42;Bueno;102.61;Regular;Bueno;Regular
2026-04-07;11:00;76;56.21;64.67;49.74;Bueno;132.32;Regular;17;14.42;16.21;32.42;Bueno;102.61;Regular;Bueno;Regular
2026-04-07;12:00;74;57.50;64.67;49.74;Bueno;132.32;Regular;18;14.83;16.21;32.42;Bueno;102.61;Regular;Bueno;Regular
2026-04-07;13:00;74;58.58;64.67;49.74;Bueno;132.32;Regular;14;15.00;16.21;32.42;Bueno;102.61;Regular;Bueno;Regular
2026-04-07;14:00;66;59.67;64.67;49.74;Bueno;132.32;Regular;13;15.33;16.21;32.42;Bueno;102.61;Regular;Bueno;Regular
2026-04-07;15:00;45;60.08;64.67;49.74;Bueno;132.32;Regular;8;15.54;16.21;32.42;Bueno;102.61;Regular;Bueno;Regular
2026-04-07;16:00;50;60.75;64.67;49.74;Bueno;132.32;Regular;5;15.67;16.21;32.42;Bueno;102.61;Regular;Bueno;Regular
2026-04-07;17:00;50;61.67;64.67;49.74;Bueno;132.32;Regular;7;15.88;16.21;32.42;Bueno;102.61;Regular;Bueno;Regular
2026-04-07;18:00;48;62.33;64.67;49.74;Bueno;132.32;Regular;6;15.92;16.21;32.42;Bueno;102.61;Regular;Bueno;Regular
2026-04-07;19:00;67;63.25;64.67;49.74;Bueno;132.32;Regular;9;15.83;16.21;32.42;Bueno;102.61;Regular;Bueno;Regular
2026-04-07;20:00;60;63.29;64.67;49.74;Bueno;132.32;Regular;16;15.92;16.21;32.42;Bueno;102.61;Regular;Bueno;Regular
2026-04-07;21:00;75;64.62;64.67;49.74;Bueno;132.32;Regular;16;16.08;16.21;32.42;Bueno;102.61;Regular;Bueno;Regular
2026-04-07;22:00;53;64.71;64.67;49.74;Bueno;132.32;Regular;18;16.08;16.21;32.42;Bueno;102.61;Regular;Bueno;Regular
2026-04-07;23:00;54;64.67;64.67;49.74;Bueno;132.32;Regular;17;16.21;16.21;32.42;Bueno;102.61;Regular;Bueno;Regular
2026-04-08;00:00;51;64.04;68.62;52.79;Bueno;138.85;Regular;13;15.88;21.42;42.83;Bueno;113.89;Regular;Bueno;Regular
2026-04-08;01:00;106;65.88;68.62;52.79;Bueno;138.85;Regular;47;16.96;21.42;42.83;Bueno;113.89;Regular;Bueno;Regular
2026-04-08;02:00;72;66.38;68.62;52.79;Bueno;138.85;Regular;26;17.29;21.42;42.83;Bueno;113.89;Regular;Bueno;Regular
2026-04-08;03:00;70;66.50;68.62;52.79;Bueno;138.85;Regular;30;17.46;21.42;42.83;Bueno;113.89;Regular;Bueno;Regular
2026-04-08;04:00;87;67.75;68.62;52.79;Bueno;138.85;Regular;41;18.50;21.42;42.83;Bueno;113.89;Regular;Bueno;Regular
2026-04-08;05:00;73;68.25;68.62;52.79;Bueno;138.85;Regular;27;18.83;21.42;42.83;Bueno;113.89;Regular;Bueno;Regular
2026-04-08;06:00;65;68.58;68.62;52.79;Bueno;138.85;Regular;20;18.92;21.42;42.83;Bueno;113.89;Regular;Bueno;Regular
2026-04-08;07:00;79;68.83;68.62;52.79;Bueno;138.85;Regular;26;19.29;21.42;42.83;Bueno;113.89;Regular;Bueno;Regular
2026-04-08;08:00;145;71.38;68.62;52.79;Bueno;138.85;Regular;33;19.79;21.42;42.83;Bueno;113.89;Regular;Bueno;Regular
2026-04-08;09:00;127;73.00;68.62;52.79;Bueno;138.85;Regular;36;20.42;21.42;42.83;Bueno;113.89;Regular;Bueno;Regular
2026-04-08;10:00;78;72.71;68.62;52.79;Bueno;138.85;Regular;22;20.21;21.42;42.83;Bueno;113.89;Regular;Bueno;Regular
2026-04-08;11:00;74;72.62;68.62;52.79;Bueno;138.85;Regular;19;20.29;21.42;42.83;Bueno;113.89;Regular;Bueno;Regular
2026-04-08;12:00;76;72.71;68.62;52.79;Bueno;138.85;Regular;22;20.46;21.42;42.83;Bueno;113.89;Regular;Bueno;Regular
2026-04-08;13:00;53;71.83;68.62;52.79;Bueno;138.85;Regular;11;20.33;21.42;42.83;Bueno;113.89;Regular;Bueno;Regular
2026-04-08;14:00;47;71.04;68.62;52.79;Bueno;138.85;Regular;12;20.29;21.42;42.83;Bueno;113.89;Regular;Bueno;Regular
2026-04-08;15:00;42;70.92;68.62;52.79;Bueno;138.85;Regular;9;20.33;21.42;42.83;Bueno;113.89;Regular;Bueno;Regular
2026-04-08;16:00;47;70.79;68.62;52.79;Bueno;138.85;Regular;6;20.38;21.42;42.83;Bueno;113.89;Regular;Bueno;Regular
2026-04-08;17:00;54;70.96;68.62;52.79;Bueno;138.85;Regular;11;20.54;21.42;42.83;Bueno;113.89;Regular;Bueno;Regular
2026-04-08;18:00;60;71.46;68.62;52.79;Bueno;138.85;Regular;15;20.92;21.42;42.83;Bueno;113.89;Regular;Bueno;Regular
2026-04-08;19:00;52;70.83;68.62;52.79;Bueno;138.85;Regular;16;21.21;21.42;42.83;Bueno;113.89;Regular;Bueno;Regular
2026-04-08;20:00;67;71.12;68.62;52.79;Bueno;138.85;Regular;18;21.29;21.42;42.83;Bueno;113.89;Regular;Bueno;Regular
2026-04-08;21:00;44;69.83;68.62;52.79;Bueno;138.85;Regular;17;21.33;21.42;42.83;Bueno;113.89;Regular;Bueno;Regular
2026-04-08;22:00;42;69.38;68.62;52.79;Bueno;138.85;Regular;19;21.38;21.42;42.83;Bueno;113.89;Regular;Bueno;Regular
2026-04-08;23:00;36;68.62;68.62;52.79;Bueno;138.85;Regular;18;21.42;21.42;42.83;Bueno;113.89;Regular;Bueno;Regular
2026-04-09;00:00;33;67.88;59.04;45.42;Bueno;123.05;Regular;13;21.42;17.65;35.30;Bueno;105.73;Regular;Bueno;Regular
2026-04-09;01:00;27;64.58;59.04;45.42;Bueno;123.05;Regular;11;19.92;17.65;35.30;Bueno;105.73;Regular;Bueno;Regular
2026-04-09;02:00;40;63.25;59.04;45.42;Bueno;123.05;Regular;11;19.29;17.65;35.30;Bueno;105.73;Regular;Bueno;Regular
2026-04-09;03:00;36;61.83;59.04;45.42;Bueno;123.05;Regular;17;18.75;17.65;35.30;Bueno;105.73;Regular;Bueno;Regular
2026-04-09;04:00;27;59.33;59.04;45.42;Bueno;123.05;Regular;13;17.58;17.65;35.30;Bueno;105.73;Regular;Bueno;Regular
2026-04-09;05:00;40;57.96;59.04;45.42;Bueno;123.05;Regular;14;17.04;17.65;35.30;Bueno;105.73;Regular;Bueno;Regular
2026-04-09;06:00;39;56.88;59.04;45.42;Bueno;123.05;Regular;21;17.08;17.65;35.30;Bueno;105.73;Regular;Bueno;Regular
2026-04-09;07:00;76;56.75;59.04;45.42;Bueno;123.05;Regular;23;16.96;17.65;35.30;Bueno;105.73;Regular;Bueno;Regular
2026-04-09;08:00;77;53.92;59.04;45.42;Bueno;123.05;Regular;28;16.75;17.65;35.30;Bueno;105.73;Regular;Bueno;Regular
2026-04-09;09:00;86;52.21;59.04;45.42;Bueno;123.05;Regular;33;16.62;17.65;35.30;Bueno;105.73;Regular;Bueno;Regular
2026-04-09;10:00;92;52.79;59.04;45.42;Bueno;123.05;Regular;32;17.04;17.65;35.30;Bueno;105.73;Regular;Bueno;Regular
2026-04-09;11:00;;51.87;59.04;45.42;Bueno;123.05;Regular;;16.96;17.65;35.30;Bueno;105.73;Regular;Bueno;Regular
2026-04-09;12:00;90;52.48;59.04;45.42;Bueno;123.05;Regular;28;17.22;17.65;35.30;Bueno;105.73;Regular;Bueno;Regular
2026-04-09;13:00;67;53.09;59.04;45.42;Bueno;123.05;Regular;18;17.52;17.65;35.30;Bueno;105.73;Regular;Bueno;Regular
2026-04-09;14:00;76;54.35;59.04;45.42;Bueno;123.05;Regular;16;17.70;17.65;35.30;Bueno;105.73;Regular;Bueno;Regular
2026-04-09;15:00;79;55.96;59.04;45.42;Bueno;123.05;Regular;15;17.96;17.65;35.30;Bueno;105.73;Regular;Bueno;Regular
2026-04-09;16:00;83;57.52;59.04;45.42;Bueno;123.05;Regular;11;18.17;17.65;35.30;Bueno;105.73;Regular;Bueno;Regular
2026-04-09;17:00;78;58.57;59.04;45.42;Bueno;123.05;Regular;19;18.52;17.65;35.30;Bueno;105.73;Regular;Bueno;Regular
2026-04-09;18:00;69;58.96;59.04;45.42;Bueno;123.05;Regular;14;18.48;17.65;35.30;Bueno;105.73;Regular;Bueno;Regular
2026-04-09;19:00;55;59.09;59.04;45.42;Bueno;123.05;Regular;12;18.30;17.65;35.30;Bueno;105.73;Regular;Bueno;Regular
2026-04-09;20:00;57;58.65;59.04;45.42;Bueno;123.05;Regular;14;18.13;17.65;35.30;Bueno;105.73;Regular;Bueno;Regular
2026-04-09;21:00;44;58.65;59.04;45.42;Bueno;123.05;Regular;13;17.96;17.65;35.30;Bueno;105.73;Regular;Bueno;Regular
2026-04-09;22:00;45;58.78;59.04;45.42;Bueno;123.05;Regular;16;17.83;17.65;35.30;Bueno;105.73;Regular;Bueno;Regular
2026-04-09;23:00;42;59.04;59.04;45.42;Bueno;123.05;Regular;14;17.65;17.65;35.30;Bueno;105.73;Regular;Bueno;Regular
2026-04-10;00:00;41;59.39;42.88;32.98;Bueno;95.28;Bueno;16;17.78;18.42;36.83;Bueno;107.39;Regular;Bueno;Regular
2026-04-10;01:00;29;59.48;42.88;32.98;Bueno;95.28;Bueno;14;17.91;18.42;36.83;Bueno;107.39;Regular;Bueno;Regular
2026-04-10;02:00;34;59.22;42.88;32.98;Bueno;95.28;Bueno;20;18.30;18.42;36.83;Bueno;107.39;Regular;Bueno;Regular
2026-04-10;03:00;41;59.43;42.88;32.98;Bueno;95.28;Bueno;20;18.43;18.42;36.83;Bueno;107.39;Regular;Bueno;Regular
2026-04-10;04:00;39;59.96;42.88;32.98;Bueno;95.28;Bueno;21;18.78;18.42;36.83;Bueno;107.39;Regular;Bueno;Regular
2026-04-10;05:00;44;60.13;42.88;32.98;Bueno;95.28;Bueno;22;19.13;18.42;36.83;Bueno;107.39;Regular;Bueno;Regular
2026-04-10;06:00;39;60.13;42.88;32.98;Bueno;95.28;Bueno;22;19.17;18.42;36.83;Bueno;107.39;Regular;Bueno;Regular
2026-04-10;07:00;47;58.87;42.88;32.98;Bueno;95.28;Bueno;22;19.13;18.42;36.83;Bueno;107.39;Regular;Bueno;Regular
2026-04-10;08:00;43;57.39;42.88;32.98;Bueno;95.28;Bueno;21;18.83;18.42;36.83;Bueno;107.39;Regular;Bueno;Regular
2026-04-10;09:00;45;55.61;42.88;32.98;Bueno;95.28;Bueno;24;18.43;18.42;36.83;Bueno;107.39;Regular;Bueno;Regular
2026-04-10;10:00;61;54.26;42.88;32.98;Bueno;95.28;Bueno;29;18.30;18.42;36.83;Bueno;107.39;Regular;Bueno;Regular
2026-04-10;11:00;54;54.25;42.88;32.98;Bueno;95.28;Bueno;24;18.54;18.42;36.83;Bueno;107.39;Regular;Bueno;Regular
2026-04-10;12:00;60;53.00;42.88;32.98;Bueno;95.28;Bueno;25;18.42;18.42;36.83;Bueno;107.39;Regular;Bueno;Regular
2026-04-10;13:00;43;52.00;42.88;32.98;Bueno;95.28;Bueno;15;18.29;18.42;36.83;Bueno;107.39;Regular;Bueno;Regular
2026-04-10;14:00;43;50.62;42.88;32.98;Bueno;95.28;Bueno;21;18.50;18.42;36.83;Bueno;107.39;Regular;Bueno;Regular
2026-04-10;15:00;55;49.62;42.88;32.98;Bueno;95.28;Bueno;19;18.67;18.42;36.83;Bueno;107.39;Regular;Bueno;Regular
2026-04-10;16:00;49;48.21;42.88;32.98;Bueno;95.28;Bueno;17;18.92;18.42;36.83;Bueno;107.39;Regular;Bueno;Regular
2026-04-10;17:00;47;46.92;42.88;32.98;Bueno;95.28;Bueno;13;18.67;18.42;36.83;Bueno;107.39;Regular;Bueno;Regular
2026-04-10;18:00;46;45.96;42.88;32.98;Bueno;95.28;Bueno;19;18.88;18.42;36.83;Bueno;107.39;Regular;Bueno;Regular
2026-04-10;19:00;42;45.42;42.88;32.98;Bueno;95.28;Bueno;15;19.00;18.42;36.83;Bueno;107.39;Regular;Bueno;Regular
2026-04-10;20:00;30;44.29;42.88;32.98;Bueno;95.28;Bueno;8;18.75;18.42;36.83;Bueno;107.39;Regular;Bueno;Regular
2026-04-10;21:00;35;43.92;42.88;32.98;Bueno;95.28;Bueno;12;18.71;18.42;36.83;Bueno;107.39;Regular;Bueno;Regular
2026-04-10;22:00;32;43.38;42.88;32.98;Bueno;95.28;Bueno;12;18.54;18.42;36.83;Bueno;107.39;Regular;Bueno;Regular
2026-04-10;23:00;30;42.88;42.88;32.98;Bueno;95.28;Bueno;11;18.42;18.42;36.83;Bueno;107.39;Regular;Bueno;Regular
2026-04-11;00:00;35;42.62;46.67;35.90;Bueno;102.73;Regular;14;18.33;18.46;36.92;Bueno;107.48;Regular;Bueno;Regular
2026-04-11;01:00;34;42.83;46.67;35.90;Bueno;102.73;Regular;22;18.67;18.46;36.92;Bueno;107.48;Regular;Bueno;Regular
2026-04-11;02:00;42;43.17;46.67;35.90;Bueno;102.73;Regular;15;18.46;18.46;36.92;Bueno;107.48;Regular;Bueno;Regular
2026-04-11;03:00;43;43.25;46.67;35.90;Bueno;102.73;Regular;19;18.42;18.46;36.92;Bueno;107.48;Regular;Bueno;Regular
2026-04-11;04:00;30;42.88;46.67;35.90;Bueno;102.73;Regular;12;18.04;18.46;36.92;Bueno;107.48;Regular;Bueno;Regular
2026-04-11;05:00;35;42.50;46.67;35.90;Bueno;102.73;Regular;16;17.79;18.46;36.92;Bueno;107.48;Regular;Bueno;Regular
2026-04-11;06:00;43;42.67;46.67;35.90;Bueno;102.73;Regular;20;17.71;18.46;36.92;Bueno;107.48;Regular;Bueno;Regular
2026-04-11;07:00;55;43.00;46.67;35.90;Bueno;102.73;Regular;25;17.83;18.46;36.92;Bueno;107.48;Regular;Bueno;Regular
2026-04-11;08:00;61;43.75;46.67;35.90;Bueno;102.73;Regular;31;18.25;18.46;36.92;Bueno;107.48;Regular;Bueno;Regular
2026-04-11;09:00;46;43.79;46.67;35.90;Bueno;102.73;Regular;28;18.42;18.46;36.92;Bueno;107.48;Regular;Bueno;Regular
2026-04-11;10:00;52;43.42;46.67;35.90;Bueno;102.73;Regular;28;18.38;18.46;36.92;Bueno;107.48;Regular;Bueno;Regular
2026-04-11;11:00;59;43.62;46.67;35.90;Bueno;102.73;Regular;25;18.42;18.46;36.92;Bueno;107.48;Regular;Bueno;Regular
2026-04-11;12:00;54;43.38;46.67;35.90;Bueno;102.73;Regular;23;18.33;18.46;36.92;Bueno;107.48;Regular;Bueno;Regular
2026-04-11;13:00;56;43.92;46.67;35.90;Bueno;102.73;Regular;17;18.42;18.46;36.92;Bueno;107.48;Regular;Bueno;Regular
2026-04-11;14:00;51;44.25;46.67;35.90;Bueno;102.73;Regular;15;18.17;18.46;36.92;Bueno;107.48;Regular;Bueno;Regular
2026-04-11;15:00;57;44.33;46.67;35.90;Bueno;102.73;Regular;22;18.29;18.46;36.92;Bueno;107.48;Regular;Bueno;Regular
2026-04-11;16:00;44;44.12;46.67;35.90;Bueno;102.73;Regular;10;18.00;18.46;36.92;Bueno;107.48;Regular;Bueno;Regular
2026-04-11;17:00;46;44.08;46.67;35.90;Bueno;102.73;Regular;15;18.08;18.46;36.92;Bueno;107.48;Regular;Bueno;Regular
2026-04-11;18:00;44;44.00;46.67;35.90;Bueno;102.73;Regular;8;17.62;18.46;36.92;Bueno;107.48;Regular;Bueno;Regular
2026-04-11;19:00;56;44.58;46.67;35.90;Bueno;102.73;Regular;19;17.79;18.46;36.92;Bueno;107.48;Regular;Bueno;Regular
2026-04-11;20:00;52;45.50;46.67;35.90;Bueno;102.73;Regular;13;18.00;18.46;36.92;Bueno;107.48;Regular;Bueno;Regular
2026-04-11;21:00;45;45.92;46.67;35.90;Bueno;102.73;Regular;16;18.17;18.46;36.92;Bueno;107.48;Regular;Bueno;Regular
2026-04-11;22:00;39;46.21;46.67;35.90;Bueno;102.73;Regular;12;18.17;18.46;36.92;Bueno;107.48;Regular;Bueno;Regular
2026-04-11;23:00;41;46.67;46.67;35.90;Bueno;102.73;Regular;18;18.46;18.46;36.92;Bueno;107.48;Regular;Bueno;Regular
2026-04-12;00:00;50;47.29;53.71;41.31;Bueno;114.28;Regular;15;18.50;23.67;47.33;Bueno;118.77;Regular;Bueno;Regular
2026-04-12;01:00;52;48.04;53.71;41.31;Bueno;114.28;Regular;19;18.38;23.67;47.33;Bueno;118.77;Regular;Bueno;Regular
2026-04-12;02:00;58;48.71;53.71;41.31;Bueno;114.28;Regular;34;19.17;23.67;47.33;Bueno;118.77;Regular;Bueno;Regular
2026-04-12;03:00;61;49.46;53.71;41.31;Bueno;114.28;Regular;34;19.79;23.67;47.33;Bueno;118.77;Regular;Bueno;Regular
2026-04-12;04:00;71;51.17;53.71;41.31;Bueno;114.28;Regular;47;21.25;23.67;47.33;Bueno;118.77;Regular;Bueno;Regular
2026-04-12;05:00;69;52.58;53.71;41.31;Bueno;114.28;Regular;43;22.38;23.67;47.33;Bueno;118.77;Regular;Bueno;Regular
2026-04-12;06:00;72;53.79;53.71;41.31;Bueno;114.28;Regular;48;23.54;23.67;47.33;Bueno;118.77;Regular;Bueno;Regular
2026-04-12;07:00;63;54.12;53.71;41.31;Bueno;114.28;Regular;37;24.04;23.67;47.33;Bueno;118.77;Regular;Bueno;Regular
2026-04-12;08:00;57;53.96;53.71;41.31;Bueno;114.28;Regular;29;23.96;23.67;47.33;Bueno;118.77;Regular;Bueno;Regular
2026-04-12;09:00;51;54.17;53.71;41.31;Bueno;114.28;Regular;25;23.83;23.67;47.33;Bueno;118.77;Regular;Bueno;Regular
2026-04-12;10:00;52;54.17;53.71;41.31;Bueno;114.28;Regular;24;23.67;23.67;47.33;Bueno;118.77;Regular;Bueno;Regular
2026-04-12;11:00;62;54.29;53.71;41.31;Bueno;114.28;Regular;22;23.54;23.67;47.33;Bueno;118.77;Regular;Bueno;Regular
2026-04-12;12:00;67;54.83;53.71;41.31;Bueno;114.28;Regular;24;23.58;23.67;47.33;Bueno;118.77;Regular;Bueno;Regular
2026-04-12;13:00;54;54.75;53.71;41.31;Bueno;114.28;Regular;17;23.58;23.67;47.33;Bueno;118.77;Regular;Bueno;Regular
2026-04-12;14:00;45;54.50;53.71;41.31;Bueno;114.28;Regular;16;23.62;23.67;47.33;Bueno;118.77;Regular;Bueno;Regular
2026-04-12;15:00;54;54.38;53.71;41.31;Bueno;114.28;Regular;17;23.42;23.67;47.33;Bueno;118.77;Regular;Bueno;Regular
2026-04-12;16:00;49;54.58;53.71;41.31;Bueno;114.28;Regular;13;23.54;23.67;47.33;Bueno;118.77;Regular;Bueno;Regular
2026-04-12;17:00;37;54.21;53.71;41.31;Bueno;114.28;Regular;11;23.38;23.67;47.33;Bueno;118.77;Regular;Bueno;Regular
2026-04-12;18:00;40;54.04;53.71;41.31;Bueno;114.28;Regular;14;23.62;23.67;47.33;Bueno;118.77;Regular;Bueno;Regular
2026-04-12;19:00;45;53.58;53.71;41.31;Bueno;114.28;Regular;14;23.42;23.67;47.33;Bueno;118.77;Regular;Bueno;Regular
2026-04-12;20:00;48;53.42;53.71;41.31;Bueno;114.28;Regular;18;23.62;23.67;47.33;Bueno;118.77;Regular;Bueno;Regular
2026-04-12;21:00;44;53.38;53.71;41.31;Bueno;114.28;Regular;14;23.54;23.67;47.33;Bueno;118.77;Regular;Bueno;Regular
2026-04-12;22:00;38;53.33;53.71;41.31;Bueno;114.28;Regular;13;23.58;23.67;47.33;Bueno;118.77;Regular;Bueno;Regular
2026-04-12;23:00;50;53.71;53.71;41.31;Bueno;114.28;Regular;20;23.67;23.67;47.33;Bueno;118.77;Regular;Bueno;Regular
2026-04-13;00:00;47;53.58;62.33;47.95;Bueno;128.47;Regular;22;23.96;20.83;41.67;Bueno;112.62;Regular;Bueno;Regular
2026-04-13;01:00;47;53.38;62.33;47.95;Bueno;128.47;Regular;24;24.17;20.83;41.67;Bueno;112.62;Regular;Bueno;Regular
2026-04-13;02:00;49;53.00;62.33;47.95;Bueno;128.47;Regular;21;23.62;20.83;41.67;Bueno;112.62;Regular;Bueno;Regular
2026-04-13;03:00;53;52.67;62.33;47.95;Bueno;128.47;Regular;20;23.04;20.83;41.67;Bueno;112.62;Regular;Bueno;Regular
2026-04-13;04:00;53;51.92;62.33;47.95;Bueno;128.47;Regular;24;22.08;20.83;41.67;Bueno;112.62;Regular;Bueno;Regular
2026-04-13;05:00;53;51.25;62.33;47.95;Bueno;128.47;Regular;24;21.29;20.83;41.67;Bueno;112.62;Regular;Bueno;Regular
2026-04-13;06:00;53;50.46;62.33;47.95;Bueno;128.47;Regular;20;20.12;20.83;41.67;Bueno;112.62;Regular;Bueno;Regular
2026-04-13;07:00;124;53.00;62.33;47.95;Bueno;128.47;Regular;30;19.83;20.83;41.67;Bueno;112.62;Regular;Bueno;Regular
2026-04-13;08:00;123;55.75;62.33;47.95;Bueno;128.47;Regular;48;20.62;20.83;41.67;Bueno;112.62;Regular;Bueno;Regular
2026-04-13;09:00;93;57.50;62.33;47.95;Bueno;128.47;Regular;30;20.83;20.83;41.67;Bueno;112.62;Regular;Bueno;Regular
2026-04-13;10:00;100;59.50;62.33;47.95;Bueno;128.47;Regular;34;21.25;20.83;41.67;Bueno;112.62;Regular;Bueno;Regular
2026-04-13;11:00;66;59.67;62.33;47.95;Bueno;128.47;Regular;26;21.42;20.83;41.67;Bueno;112.62;Regular;Bueno;Regular
2026-04-13;12:00;62;59.46;62.33;47.95;Bueno;128.47;Regular;18;21.17;20.83;41.67;Bueno;112.62;Regular;Bueno;Regular
2026-04-13;13:00;65;59.92;62.33;47.95;Bueno;128.47;Regular;20;21.29;20.83;41.67;Bueno;112.62;Regular;Bueno;Regular
2026-04-13;14:00;75;61.17;62.33;47.95;Bueno;128.47;Regular;20;21.46;20.83;41.67;Bueno;112.62;Regular;Bueno;Regular
2026-04-13;15:00;60;61.42;62.33;47.95;Bueno;128.47;Regular;16;21.42;20.83;41.67;Bueno;112.62;Regular;Bueno;Regular
2026-04-13;16:00;46;61.29;62.33;47.95;Bueno;128.47;Regular;12;21.38;20.83;41.67;Bueno;112.62;Regular;Bueno;Regular
2026-04-13;17:00;42;61.50;62.33;47.95;Bueno;128.47;Regular;8;21.25;20.83;41.67;Bueno;112.62;Regular;Bueno;Regular
2026-04-13;18:00;51;61.96;62.33;47.95;Bueno;128.47;Regular;10;21.08;20.83;41.67;Bueno;112.62;Regular;Bueno;Regular
2026-04-13;19:00;58;62.50;62.33;47.95;Bueno;128.47;Regular;16;21.17;20.83;41.67;Bueno;112.62;Regular;Bueno;Regular
2026-04-13;20:00;59;62.96;62.33;47.95;Bueno;128.47;Regular;17;21.12;20.83;41.67;Bueno;112.62;Regular;Bueno;Regular
2026-04-13;21:00;46;63.04;62.33;47.95;Bueno;128.47;Regular;17;21.25;20.83;41.67;Bueno;112.62;Regular;Bueno;Regular
2026-04-13;22:00;38;63.04;62.33;47.95;Bueno;128.47;Regular;13;21.25;20.83;41.67;Bueno;112.62;Regular;Bueno;Regular
2026-04-13;23:00;33;62.33;62.33;47.95;Bueno;128.47;Regular;10;20.83;20.83;41.67;Bueno;112.62;Regular;Bueno;Regular
2026-04-14;00:00;34;61.79;56.29;43.30;Bueno;118.52;Regular;12;20.42;20.71;41.42;Bueno;112.35;Regular;Bueno;Regular
2026-04-14;01:00;35;61.29;56.29;43.30;Bueno;118.52;Regular;15;20.04;20.71;41.42;Bueno;112.35;Regular;Bueno;Regular
2026-04-14;02:00;52;61.42;56.29;43.30;Bueno;118.52;Regular;35;20.62;20.71;41.42;Bueno;112.35;Regular;Bueno;Regular
2026-04-14;03:00;37;60.75;56.29;43.30;Bueno;118.52;Regular;19;20.58;20.71;41.42;Bueno;112.35;Regular;Bueno;Regular
2026-04-14;04:00;32;59.88;56.29;43.30;Bueno;118.52;Regular;13;20.12;20.71;41.42;Bueno;112.35;Regular;Bueno;Regular
2026-04-14;05:00;25;58.71;56.29;43.30;Bueno;118.52;Regular;12;19.62;20.71;41.42;Bueno;112.35;Regular;Bueno;Regular
2026-04-14;06:00;26;57.58;56.29;43.30;Bueno;118.52;Regular;14;19.38;20.71;41.42;Bueno;112.35;Regular;Bueno;Regular
2026-04-14;07:00;33;53.79;56.29;43.30;Bueno;118.52;Regular;16;18.79;20.71;41.42;Bueno;112.35;Regular;Bueno;Regular
2026-04-14;08:00;45;50.54;56.29;43.30;Bueno;118.52;Regular;21;17.67;20.71;41.42;Bueno;112.35;Regular;Bueno;Regular
2026-04-14;09:00;40;48.33;56.29;43.30;Bueno;118.52;Regular;19;17.21;20.71;41.42;Bueno;112.35;Regular;Bueno;Regular
2026-04-14;10:00;43;45.96;56.29;43.30;Bueno;118.52;Regular;17;16.50;20.71;41.42;Bueno;112.35;Regular;Bueno;Regular
2026-04-14;11:00;54;45.46;56.29;43.30;Bueno;118.52;Regular;20;16.25;20.71;41.42;Bueno;112.35;Regular;Bueno;Regular
2026-04-14;12:00;70;45.79;56.29;43.30;Bueno;118.52;Regular;30;16.75;20.71;41.42;Bueno;112.35;Regular;Bueno;Regular
2026-04-14;13:00;62;45.67;56.29;43.30;Bueno;118.52;Regular;23;16.88;20.71;41.42;Bueno;112.35;Regular;Bueno;Regular
2026-04-14;14:00;68;45.38;56.29;43.30;Bueno;118.52;Regular;31;17.33;20.71;41.42;Bueno;112.35;Regular;Bueno;Regular
2026-04-14;15:00;70;45.79;56.29;43.30;Bueno;118.52;Regular;20;17.50;20.71;41.42;Bueno;112.35;Regular;Bueno;Regular
2026-04-14;16:00;67;46.67;56.29;43.30;Bueno;118.52;Regular;21;17.88;20.71;41.42;Bueno;112.35;Regular;Bueno;Regular
2026-04-14;17:00;42;46.67;56.29;43.30;Bueno;118.52;Regular;18;18.29;20.71;41.42;Bueno;112.35;Regular;Bueno;Regular
2026-04-14;18:00;45;46.42;56.29;43.30;Bueno;118.52;Regular;11;18.33;20.71;41.42;Bueno;112.35;Regular;Bueno;Regular
2026-04-14;19:00;70;46.92;56.29;43.30;Bueno;118.52;Regular;19;18.46;20.71;41.42;Bueno;112.35;Regular;Bueno;Regular
2026-04-14;20:00;91;48.25;56.29;43.30;Bueno;118.52;Regular;20;18.58;20.71;41.42;Bueno;112.35;Regular;Bueno;Regular
2026-04-14;21:00;89;50.04;56.29;43.30;Bueno;118.52;Regular;29;19.08;20.71;41.42;Bueno;112.35;Regular;Bueno;Regular
2026-04-14;22:00;125;53.67;56.29;43.30;Bueno;118.52;Regular;31;19.83;20.71;41.42;Bueno;112.35;Regular;Bueno;Regular
2026-04-14;23:00;96;56.29;56.29;43.30;Bueno;118.52;Regular;31;20.71;20.71;41.42;Bueno;112.35;Regular;Bueno;Regular
2026-04-15;00:00;75;58.00;81.00;62.31;Bueno;159.36;Regular;30;21.46;26.79;53.58;Bueno;125.56;Regular;Bueno;Regular
2026-04-15;01:00;81;59.92;81.00;62.31;Bueno;159.36;Regular;32;22.17;26.79;53.58;Bueno;125.56;Regular;Bueno;Regular
2026-04-15;02:00;65;60.46;81.00;62.31;Bueno;159.36;Regular;27;21.83;26.79;53.58;Bueno;125.56;Regular;Bueno;Regular
2026-04-15;03:00;56;61.25;81.00;62.31;Bueno;159.36;Regular;24;22.04;26.79;53.58;Bueno;125.56;Regular;Bueno;Regular
2026-04-15;04:00;75;63.04;81.00;62.31;Bueno;159.36;Regular;39;23.12;26.79;53.58;Bueno;125.56;Regular;Bueno;Regular
2026-04-15;05:00;65;64.71;81.00;62.31;Bueno;159.36;Regular;31;23.92;26.79;53.58;Bueno;125.56;Regular;Bueno;Regular
2026-04-15;06:00;74;66.71;81.00;62.31;Bueno;159.36;Regular;33;24.71;26.79;53.58;Bueno;125.56;Regular;Bueno;Regular
2026-04-15;07:00;104;69.67;81.00;62.31;Bueno;159.36;Regular;41;25.75;26.79;53.58;Bueno;125.56;Regular;Bueno;Regular
2026-04-15;08:00;182;75.38;81.00;62.31;Bueno;159.36;Regular;59;27.33;26.79;53.58;Bueno;125.56;Regular;Bueno;Regular
2026-04-15;09:00;128;79.04;81.00;62.31;Bueno;159.36;Regular;54;28.79;26.79;53.58;Bueno;125.56;Regular;Bueno;Regular
2026-04-15;10:00;119;82.21;81.00;62.31;Bueno;159.36;Regular;49;30.12;26.79;53.58;Bueno;125.56;Regular;Bueno;Regular
2026-04-15;11:00;86;83.54;81.00;62.31;Bueno;159.36;Regular;30;30.54;26.79;53.58;Bueno;125.56;Regular;Bueno;Regular
2026-04-15;12:00;68;83.46;81.00;62.31;Bueno;159.36;Regular;21;30.17;26.79;53.58;Bueno;125.56;Regular;Bueno;Regular
2026-04-15;13:00;51;83.00;81.00;62.31;Bueno;159.36;Regular;13;29.75;26.79;53.58;Bueno;125.56;Regular;Bueno;Regular
2026-04-15;14:00;76;83.33;81.00;62.31;Bueno;159.36;Regular;21;29.33;26.79;53.58;Bueno;125.56;Regular;Bueno;Regular
2026-04-15;15:00;45;82.29;81.00;62.31;Bueno;159.36;Regular;10;28.92;26.79;53.58;Bueno;125.56;Regular;Bueno;Regular
2026-04-15;16:00;49;81.54;81.00;62.31;Bueno;159.36;Regular;9;28.42;26.79;53.58;Bueno;125.56;Regular;Bueno;Regular
2026-04-15;17:00;59;82.25;81.00;62.31;Bueno;159.36;Regular;7;27.96;26.79;53.58;Bueno;125.56;Regular;Bueno;Regular
2026-04-15;18:00;66;83.12;81.00;62.31;Bueno;159.36;Regular;11;27.96;26.79;53.58;Bueno;125.56;Regular;Bueno;Regular
2026-04-15;19:00;67;83.00;81.00;62.31;Bueno;159.36;Regular;15;27.79;26.79;53.58;Bueno;125.56;Regular;Bueno;Regular
2026-04-15;20:00;108;83.71;81.00;62.31;Bueno;159.36;Regular;24;27.96;26.79;53.58;Bueno;125.56;Regular;Bueno;Regular
2026-04-15;21:00;69;82.88;81.00;62.31;Bueno;159.36;Regular;18;27.50;26.79;53.58;Bueno;125.56;Regular;Bueno;Regular
2026-04-15;22:00;75;80.79;81.00;62.31;Bueno;159.36;Regular;22;27.12;26.79;53.58;Bueno;125.56;Regular;Bueno;Regular
2026-04-15;23:00;101;81.00;81.00;62.31;Bueno;159.36;Regular;23;26.79;26.79;53.58;Bueno;125.56;Regular;Bueno;Regular
2026-04-16;00:00;102;82.12;83.17;63.97;Bueno;162.96;Regular;33;26.92;23.04;46.08;Bueno;117.41;Regular;Bueno;Regular
2026-04-16;01:00;91;82.54;83.17;63.97;Bueno;162.96;Regular;34;27.00;23.04;46.08;Bueno;117.41;Regular;Bueno;Regular
2026-04-16;02:00;109;84.38;83.17;63.97;Bueno;162.96;Regular;41;27.58;23.04;46.08;Bueno;117.41;Regular;Bueno;Regular
2026-04-16;03:00;87;85.67;83.17;63.97;Bueno;162.96;Regular;30;27.83;23.04;46.08;Bueno;117.41;Regular;Bueno;Regular
2026-04-16;04:00;65;85.25;83.17;63.97;Bueno;162.96;Regular;23;27.17;23.04;46.08;Bueno;117.41;Regular;Bueno;Regular
2026-04-16;05:00;71;85.50;83.17;63.97;Bueno;162.96;Regular;29;27.08;23.04;46.08;Bueno;117.41;Regular;Bueno;Regular
2026-04-16;06:00;71;85.38;83.17;63.97;Bueno;162.96;Regular;28;26.88;23.04;46.08;Bueno;117.41;Regular;Bueno;Regular
2026-04-16;07:00;141;86.92;83.17;63.97;Bueno;162.96;Regular;47;27.12;23.04;46.08;Bueno;117.41;Regular;Bueno;Regular
2026-04-16;08:00;126;84.58;83.17;63.97;Bueno;162.96;Regular;47;26.62;23.04;46.08;Bueno;117.41;Regular;Bueno;Regular
2026-04-16;09:00;170;86.33;83.17;63.97;Bueno;162.96;Regular;46;26.29;23.04;46.08;Bueno;117.41;Regular;Bueno;Regular
2026-04-16;10:00;143;87.33;83.17;63.97;Bueno;162.96;Regular;40;25.92;23.04;46.08;Bueno;117.41;Regular;Bueno;Regular
2026-04-16;11:00;123;88.88;83.17;63.97;Bueno;162.96;Regular;32;26.00;23.04;46.08;Bueno;117.41;Regular;Bueno;Regular
2026-04-16;12:00;75;89.17;83.17;63.97;Bueno;162.96;Regular;19;25.92;23.04;46.08;Bueno;117.41;Regular;Bueno;Regular
2026-04-16;13:00;61;89.58;83.17;63.97;Bueno;162.96;Regular;8;25.71;23.04;46.08;Bueno;117.41;Regular;Bueno;Regular
2026-04-16;14:00;44;88.25;83.17;63.97;Bueno;162.96;Regular;6;25.08;23.04;46.08;Bueno;117.41;Regular;Bueno;Regular
2026-04-16;15:00;46;88.29;83.17;63.97;Bueno;162.96;Regular;6;24.92;23.04;46.08;Bueno;117.41;Regular;Bueno;Regular
2026-04-16;16:00;41;87.96;83.17;63.97;Bueno;162.96;Regular;5;24.75;23.04;46.08;Bueno;117.41;Regular;Bueno;Regular
2026-04-16;17:00;65;88.21;83.17;63.97;Bueno;162.96;Regular;11;24.92;23.04;46.08;Bueno;117.41;Regular;Bueno;Regular
2026-04-16;18:00;65;88.17;83.17;63.97;Bueno;162.96;Regular;10;24.88;23.04;46.08;Bueno;117.41;Regular;Bueno;Regular
2026-04-16;19:00;72;88.38;83.17;63.97;Bueno;162.96;Regular;11;24.71;23.04;46.08;Bueno;117.41;Regular;Bueno;Regular
2026-04-16;20:00;58;86.29;83.17;63.97;Bueno;162.96;Regular;14;24.29;23.04;46.08;Bueno;117.41;Regular;Bueno;Regular
2026-04-16;21:00;50;85.50;83.17;63.97;Bueno;162.96;Regular;11;24.00;23.04;46.08;Bueno;117.41;Regular;Bueno;Regular
2026-04-16;22:00;64;85.04;83.17;63.97;Bueno;162.96;Regular;12;23.58;23.04;46.08;Bueno;117.41;Regular;Bueno;Regular
2026-04-16;23:00;56;83.17;83.17;63.97;Bueno;162.96;Regular;10;23.04;23.04;46.08;Bueno;117.41;Regular;Bueno;Regular
2026-04-17;00:00;50;81.00;52.50;40.38;Bueno;112.29;Regular;10;22.08;13.67;27.33;Bueno;91.11;Bueno;Bueno;Regular
2026-04-17;01:00;35;78.67;52.50;40.38;Bueno;112.29;Regular;11;21.12;13.67;27.33;Bueno;91.11;Bueno;Bueno;Regular
2026-04-17;02:00;57;76.50;52.50;40.38;Bueno;112.29;Regular;22;20.33;13.67;27.33;Bueno;91.11;Bueno;Bueno;Regular
2026-04-17;03:00;53;75.08;52.50;40.38;Bueno;112.29;Regular;22;20.00;13.67;27.33;Bueno;91.11;Bueno;Bueno;Regular
2026-04-17;04:00;53;74.58;52.50;40.38;Bueno;112.29;Regular;14;19.62;13.67;27.33;Bueno;91.11;Bueno;Bueno;Regular
2026-04-17;05:00;47;73.58;52.50;40.38;Bueno;112.29;Regular;15;19.04;13.67;27.33;Bueno;91.11;Bueno;Bueno;Regular
2026-04-17;06:00;44;72.46;52.50;40.38;Bueno;112.29;Regular;11;18.33;13.67;27.33;Bueno;91.11;Bueno;Bueno;Regular
2026-04-17;07:00;77;69.79;52.50;40.38;Bueno;112.29;Regular;16;17.04;13.67;27.33;Bueno;91.11;Bueno;Bueno;Regular
2026-04-17;08:00;69;67.42;52.50;40.38;Bueno;112.29;Regular;21;15.96;13.67;27.33;Bueno;91.11;Bueno;Bueno;Regular
2026-04-17;09:00;59;62.79;52.50;40.38;Bueno;112.29;Regular;16;14.71;13.67;27.33;Bueno;91.11;Bueno;Bueno;Regular
2026-04-17;10:00;81;60.21;52.50;40.38;Bueno;112.29;Regular;18;13.79;13.67;27.33;Bueno;91.11;Bueno;Bueno;Regular
2026-04-17;11:00;74;58.17;52.50;40.38;Bueno;112.29;Regular;17;13.17;13.67;27.33;Bueno;91.11;Bueno;Bueno;Regular
2026-04-17;12:00;58;57.46;52.50;40.38;Bueno;112.29;Regular;13;12.92;13.67;27.33;Bueno;91.11;Bueno;Bueno;Regular
2026-04-17;13:00;57;57.29;52.50;40.38;Bueno;112.29;Regular;9;12.96;13.67;27.33;Bueno;91.11;Bueno;Bueno;Regular
2026-04-17;14:00;49;57.50;52.50;40.38;Bueno;112.29;Regular;13;13.25;13.67;27.33;Bueno;91.11;Bueno;Bueno;Regular
2026-04-17;15:00;44;57.42;52.50;40.38;Bueno;112.29;Regular;14;13.58;13.67;27.33;Bueno;91.11;Bueno;Bueno;Regular
2026-04-17;16:00;45;57.58;52.50;40.38;Bueno;112.29;Regular;12;13.88;13.67;27.33;Bueno;91.11;Bueno;Bueno;Regular
2026-04-17;17:00;48;56.88;52.50;40.38;Bueno;112.29;Regular;9;13.79;13.67;27.33;Bueno;91.11;Bueno;Bueno;Regular
2026-04-17;18:00;55;56.46;52.50;40.38;Bueno;112.29;Regular;12;13.88;13.67;27.33;Bueno;91.11;Bueno;Bueno;Regular
2026-04-17;19:00;50;55.54;52.50;40.38;Bueno;112.29;Regular;12;13.92;13.67;27.33;Bueno;91.11;Bueno;Bueno;Regular
2026-04-17;20:00;47;55.08;52.50;40.38;Bueno;112.29;Regular;10;13.75;13.67;27.33;Bueno;91.11;Bueno;Bueno;Regular
2026-04-17;21:00;48;55.00;52.50;40.38;Bueno;112.29;Regular;14;13.88;13.67;27.33;Bueno;91.11;Bueno;Bueno;Regular
2026-04-17;22:00;37;53.88;52.50;40.38;Bueno;112.29;Regular;9;13.75;13.67;27.33;Bueno;91.11;Bueno;Bueno;Regular
2026-04-17;23:00;23;52.50;52.50;40.38;Bueno;112.29;Regular;8;13.67;13.67;27.33;Bueno;91.11;Bueno;Bueno;Regular
2026-04-18;00:00;21;51.29;30.50;23.46;Bueno;67.78;Bueno;9;13.62;8.00;16.00;Bueno;53.33;Bueno;Bueno;Bueno
2026-04-18;01:00;24;50.83;30.50;23.46;Bueno;67.78;Bueno;7;13.46;8.00;16.00;Bueno;53.33;Bueno;Bueno;Bueno
2026-04-18;02:00;13;49.00;30.50;23.46;Bueno;67.78;Bueno;4;12.71;8.00;16.00;Bueno;53.33;Bueno;Bueno;Bueno
2026-04-18;03:00;22;47.71;30.50;23.46;Bueno;67.78;Bueno;4;11.96;8.00;16.00;Bueno;53.33;Bueno;Bueno;Bueno
2026-04-18;04:00;23;46.46;30.50;23.46;Bueno;67.78;Bueno;11;11.83;8.00;16.00;Bueno;53.33;Bueno;Bueno;Bueno
2026-04-18;05:00;16;45.17;30.50;23.46;Bueno;67.78;Bueno;6;11.46;8.00;16.00;Bueno;53.33;Bueno;Bueno;Bueno
2026-04-18;06:00;14;43.92;30.50;23.46;Bueno;67.78;Bueno;2;11.08;8.00;16.00;Bueno;53.33;Bueno;Bueno;Bueno
2026-04-18;07:00;18;41.46;30.50;23.46;Bueno;67.78;Bueno;2;10.50;8.00;16.00;Bueno;53.33;Bueno;Bueno;Bueno
2026-04-18;08:00;27;39.71;30.50;23.46;Bueno;67.78;Bueno;7;9.92;8.00;16.00;Bueno;53.33;Bueno;Bueno;Bueno
2026-04-18;09:00;27;38.38;30.50;23.46;Bueno;67.78;Bueno;6;9.50;8.00;16.00;Bueno;53.33;Bueno;Bueno;Bueno
2026-04-18;10:00;51;37.12;30.50;23.46;Bueno;67.78;Bueno;12;9.25;8.00;16.00;Bueno;53.33;Bueno;Bueno;Bueno
2026-04-18;11:00;38;35.62;30.50;23.46;Bueno;67.78;Bueno;8;8.88;8.00;16.00;Bueno;53.33;Bueno;Bueno;Bueno
2026-04-18;12:00;33;34.58;30.50;23.46;Bueno;67.78;Bueno;10;8.75;8.00;16.00;Bueno;53.33;Bueno;Bueno;Bueno
2026-04-18;13:00;26;33.29;30.50;23.46;Bueno;67.78;Bueno;6;8.62;8.00;16.00;Bueno;53.33;Bueno;Bueno;Bueno
2026-04-18;14:00;22;32.17;30.50;23.46;Bueno;67.78;Bueno;4;8.25;8.00;16.00;Bueno;53.33;Bueno;Bueno;Bueno
2026-04-18;15:00;24;31.33;30.50;23.46;Bueno;67.78;Bueno;3;7.79;8.00;16.00;Bueno;53.33;Bueno;Bueno;Bueno
2026-04-18;16:00;27;30.58;30.50;23.46;Bueno;67.78;Bueno;8;7.62;8.00;16.00;Bueno;53.33;Bueno;Bueno;Bueno
2026-04-18;17:00;27;29.71;30.50;23.46;Bueno;67.78;Bueno;5;7.46;8.00;16.00;Bueno;53.33;Bueno;Bueno;Bueno
2026-04-18;18:00;48;29.42;30.50;23.46;Bueno;67.78;Bueno;9;7.33;8.00;16.00;Bueno;53.33;Bueno;Bueno;Bueno
2026-04-18;19:00;64;30.00;30.50;23.46;Bueno;67.78;Bueno;20;7.67;8.00;16.00;Bueno;53.33;Bueno;Bueno;Bueno
2026-04-18;20:00;69;30.92;30.50;23.46;Bueno;67.78;Bueno;21;8.12;8.00;16.00;Bueno;53.33;Bueno;Bueno;Bueno
2026-04-18;21:00;40;30.58;30.50;23.46;Bueno;67.78;Bueno;12;8.04;8.00;16.00;Bueno;53.33;Bueno;Bueno;Bueno
2026-04-18;22:00;29;30.25;30.50;23.46;Bueno;67.78;Bueno;10;8.08;8.00;16.00;Bueno;53.33;Bueno;Bueno;Bueno
2026-04-18;23:00;29;30.50;30.50;23.46;Bueno;67.78;Bueno;6;8.00;8.00;16.00;Bueno;53.33;Bueno;Bueno;Bueno
2026-04-19;00:00;32;30.96;32.75;25.19;Bueno;72.78;Bueno;6;7.88;9.25;18.50;Bueno;61.67;Bueno;Bueno;Bueno
2026-04-19;01:00;19;30.75;32.75;25.19;Bueno;72.78;Bueno;6;7.83;9.25;18.50;Bueno;61.67;Bueno;Bueno;Bueno
2026-04-19;02:00;17;30.92;32.75;25.19;Bueno;72.78;Bueno;4;7.83;9.25;18.50;Bueno;61.67;Bueno;Bueno;Bueno
2026-04-19;03:00;29;31.21;32.75;25.19;Bueno;72.78;Bueno;4;7.83;9.25;18.50;Bueno;61.67;Bueno;Bueno;Bueno
2026-04-19;04:00;30;31.50;32.75;25.19;Bueno;72.78;Bueno;9;7.75;9.25;18.50;Bueno;61.67;Bueno;Bueno;Bueno
2026-04-19;05:00;24;31.83;32.75;25.19;Bueno;72.78;Bueno;14;8.08;9.25;18.50;Bueno;61.67;Bueno;Bueno;Bueno
2026-04-19;06:00;34;32.67;32.75;25.19;Bueno;72.78;Bueno;11;8.46;9.25;18.50;Bueno;61.67;Bueno;Bueno;Bueno
2026-04-19;07:00;39;33.54;32.75;25.19;Bueno;72.78;Bueno;18;9.12;9.25;18.50;Bueno;61.67;Bueno;Bueno;Bueno
2026-04-19;08:00;40;34.08;32.75;25.19;Bueno;72.78;Bueno;17;9.54;9.25;18.50;Bueno;61.67;Bueno;Bueno;Bueno
2026-04-19;09:00;47;34.92;32.75;25.19;Bueno;72.78;Bueno;19;10.08;9.25;18.50;Bueno;61.67;Bueno;Bueno;Bueno
2026-04-19;10:00;44;34.62;32.75;25.19;Bueno;72.78;Bueno;16;10.25;9.25;18.50;Bueno;61.67;Bueno;Bueno;Bueno
2026-04-19;11:00;46;34.96;32.75;25.19;Bueno;72.78;Bueno;14;10.50;9.25;18.50;Bueno;61.67;Bueno;Bueno;Bueno
2026-04-19;12:00;53;35.79;32.75;25.19;Bueno;72.78;Bueno;17;10.79;9.25;18.50;Bueno;61.67;Bueno;Bueno;Bueno
2026-04-19;13:00;39;36.33;32.75;25.19;Bueno;72.78;Bueno;9;10.92;9.25;18.50;Bueno;61.67;Bueno;Bueno;Bueno
2026-04-19;14:00;29;36.62;32.75;25.19;Bueno;72.78;Bueno;8;11.08;9.25;18.50;Bueno;61.67;Bueno;Bueno;Bueno
2026-04-19;15:00;20;36.46;32.75;25.19;Bueno;72.78;Bueno;4;11.12;9.25;18.50;Bueno;61.67;Bueno;Bueno;Bueno
2026-04-19;16:00;23;36.29;32.75;25.19;Bueno;72.78;Bueno;4;10.96;9.25;18.50;Bueno;61.67;Bueno;Bueno;Bueno
2026-04-19;17:00;57;37.54;32.75;25.19;Bueno;72.78;Bueno;5;10.96;9.25;18.50;Bueno;61.67;Bueno;Bueno;Bueno
2026-04-19;18:00;39;37.17;32.75;25.19;Bueno;72.78;Bueno;7;10.88;9.25;18.50;Bueno;61.67;Bueno;Bueno;Bueno
2026-04-19;19:00;31;35.79;32.75;25.19;Bueno;72.78;Bueno;6;10.29;9.25;18.50;Bueno;61.67;Bueno;Bueno;Bueno
2026-04-19;20:00;38;34.50;32.75;25.19;Bueno;72.78;Bueno;4;9.58;9.25;18.50;Bueno;61.67;Bueno;Bueno;Bueno
2026-04-19;21:00;23;33.79;32.75;25.19;Bueno;72.78;Bueno;4;9.25;9.25;18.50;Bueno;61.67;Bueno;Bueno;Bueno
2026-04-19;22:00;21;33.46;32.75;25.19;Bueno;72.78;Bueno;10;9.25;9.25;18.50;Bueno;61.67;Bueno;Bueno;Bueno
2026-04-19;23:00;12;32.75;32.75;25.19;Bueno;72.78;Bueno;6;9.25;9.25;18.50;Bueno;61.67;Bueno;Bueno;Bueno
2026-04-20;00:00;12;31.92;17.83;13.72;Bueno;39.63;Bueno;3;9.12;6.42;12.83;Bueno;42.78;Bueno;Bueno;Bueno
2026-04-20;01:00;6;31.38;17.83;13.72;Bueno;39.63;Bueno;5;9.08;6.42;12.83;Bueno;42.78;Bueno;Bueno;Bueno
2026-04-20;02:00;5;30.88;17.83;13.72;Bueno;39.63;Bueno;2;9.00;6.42;12.83;Bueno;42.78;Bueno;Bueno;Bueno
2026-04-20;03:00;14;30.25;17.83;13.72;Bueno;39.63;Bueno;1;8.88;6.42;12.83;Bueno;42.78;Bueno;Bueno;Bueno
2026-04-20;04:00;9;29.38;17.83;13.72;Bueno;39.63;Bueno;4;8.67;6.42;12.83;Bueno;42.78;Bueno;Bueno;Bueno
2026-04-20;05:00;15;29.00;17.83;13.72;Bueno;39.63;Bueno;4;8.25;6.42;12.83;Bueno;42.78;Bueno;Bueno;Bueno
2026-04-20;06:00;26;28.67;17.83;13.72;Bueno;39.63;Bueno;4;7.96;6.42;12.83;Bueno;42.78;Bueno;Bueno;Bueno
2026-04-20;07:00;23;28.00;17.83;13.72;Bueno;39.63;Bueno;4;7.38;6.42;12.83;Bueno;42.78;Bueno;Bueno;Bueno
2026-04-20;08:00;4;26.50;17.83;13.72;Bueno;39.63;Bueno;2;6.75;6.42;12.83;Bueno;42.78;Bueno;Bueno;Bueno
2026-04-20;09:00;4;24.71;17.83;13.72;Bueno;39.63;Bueno;1;6.00;6.42;12.83;Bueno;42.78;Bueno;Bueno;Bueno
2026-04-20;10:00;9;23.25;17.83;13.72;Bueno;39.63;Bueno;3;5.46;6.42;12.83;Bueno;42.78;Bueno;Bueno;Bueno
2026-04-20;11:00;9;21.71;17.83;13.72;Bueno;39.63;Bueno;3;5.00;6.42;12.83;Bueno;42.78;Bueno;Bueno;Bueno
2026-04-20;12:00;10;19.92;17.83;13.72;Bueno;39.63;Bueno;1;4.33;6.42;12.83;Bueno;42.78;Bueno;Bueno;Bueno
2026-04-20;13:00;11;18.75;17.83;13.72;Bueno;39.63;Bueno;1;4.00;6.42;12.83;Bueno;42.78;Bueno;Bueno;Bueno
2026-04-20;14:00;11;18.00;17.83;13.72;Bueno;39.63;Bueno;1;3.71;6.42;12.83;Bueno;42.78;Bueno;Bueno;Bueno
2026-04-20;15:00;14;17.75;17.83;13.72;Bueno;39.63;Bueno;2;3.62;6.42;12.83;Bueno;42.78;Bueno;Bueno;Bueno
2026-04-20;16:00;17;17.50;17.83;13.72;Bueno;39.63;Bueno;4;3.62;6.42;12.83;Bueno;42.78;Bueno;Bueno;Bueno
2026-04-20;17:00;19;15.92;17.83;13.72;Bueno;39.63;Bueno;9;3.79;6.42;12.83;Bueno;42.78;Bueno;Bueno;Bueno
2026-04-20;18:00;32;15.62;17.83;13.72;Bueno;39.63;Bueno;12;4.00;6.42;12.83;Bueno;42.78;Bueno;Bueno;Bueno
2026-04-20;19:00;32;15.67;17.83;13.72;Bueno;39.63;Bueno;16;4.42;6.42;12.83;Bueno;42.78;Bueno;Bueno;Bueno
2026-04-20;20:00;30;15.33;17.83;13.72;Bueno;39.63;Bueno;17;4.96;6.42;12.83;Bueno;42.78;Bueno;Bueno;Bueno
2026-04-20;21:00;52;16.54;17.83;13.72;Bueno;39.63;Bueno;24;5.79;6.42;12.83;Bueno;42.78;Bueno;Bueno;Bueno
2026-04-20;22:00;38;17.25;17.83;13.72;Bueno;39.63;Bueno;16;6.04;6.42;12.83;Bueno;42.78;Bueno;Bueno;Bueno
2026-04-20;23:00;26;17.83;17.83;13.72;Bueno;39.63;Bueno;15;6.42;6.42;12.83;Bueno;42.78;Bueno;Bueno;Bueno
2026-04-21;00:00;39;18.96;45.05;34.65;Bueno;100.08;Regular;16;6.96;;;;;;Bueno;Regular
2026-04-21;01:00;41;20.42;45.05;34.65;Bueno;100.08;Regular;16;7.42;;;;;;Bueno;Regular
2026-04-21;02:00;44;22.04;45.05;34.65;Bueno;100.08;Regular;21;8.21;;;;;;Bueno;Regular
2026-04-21;03:00;32;22.79;45.05;34.65;Bueno;100.08;Regular;16;8.83;;;;;;Bueno;Regular
2026-04-21;04:00;24;23.42;45.05;34.65;Bueno;100.08;Regular;16;9.33;;;;;;Bueno;Regular
2026-04-21;05:00;31;24.08;45.05;34.65;Bueno;100.08;Regular;19;9.96;;;;;;Bueno;Regular
2026-04-21;06:00;34;24.42;45.05;34.65;Bueno;100.08;Regular;14;10.38;;;;;;Bueno;Regular
2026-04-21;07:00;40;25.12;45.05;34.65;Bueno;100.08;Regular;19;11.00;;;;;;Bueno;Regular
2026-04-21;08:00;48;26.96;45.05;34.65;Bueno;100.08;Regular;19;11.71;;;;;;Bueno;Regular
2026-04-21;09:00;60;29.29;45.05;34.65;Bueno;100.08;Regular;20;12.50;;;;;;Bueno;Regular
2026-04-21;10:00;77;32.12;45.05;34.65;Bueno;100.08;Regular;23;13.33;;;;;;Bueno;Regular
2026-04-21;11:00;69;34.62;45.05;34.65;Bueno;100.08;Regular;21;14.08;;;;;;Bueno;Regular
2026-04-21;12:00;;35.70;45.05;34.65;Bueno;100.08;Regular;;14.65;;;;;;Bueno;Regular
2026-04-21;13:00;;36.82;45.05;34.65;Bueno;100.08;Regular;;15.27;;;;;;Bueno;Regular
2026-04-21;14:00;;38.05;45.05;34.65;Bueno;100.08;Regular;;15.95;;;;;;Bueno;Regular
2026-04-21;15:00;;39.25;45.05;34.65;Bueno;100.08;Regular;;16.65;;;;;;Bueno;Regular
2026-04-21;16:00;44;40.60;45.05;34.65;Bueno;100.08;Regular;;17.32;;;;;;Bueno;Regular
2026-04-21;17:00;48;42.05;45.05;34.65;Bueno;100.08;Regular;;17.78;;;;;;Bueno;Regular
2026-04-21;18:00;46;42.75;45.05;34.65;Bueno;100.08;Regular;;;;;;;;Bueno;Regular
2026-04-21;19:00;48;43.55;45.05;34.65;Bueno;100.08;Regular;;;;;;;;Bueno;Regular
2026-04-21;20:00;49;44.50;45.05;34.65;Bueno;100.08;Regular;;;;;;;;Bueno;Regular
2026-04-21;21:00;44;44.10;45.05;34.65;Bueno;100.08;Regular;;;;;;;;Bueno;Regular
2026-04-21;22:00;39;44.15;45.05;34.65;Bueno;100.08;Regular;;;;;;;;Bueno;Regular
2026-04-21;23:00;44;45.05;45.05;34.65;Bueno;100.08;Regular;;;;;;;;Bueno;Regular
2026-04-22;00:00;41;45.15;62.46;48.04;Bueno;128.68;Regular;;;;;;;;Bueno;Regular
2026-04-22;01:00;51;45.65;62.46;48.04;Bueno;128.68;Regular;;;;;;;;Bueno;Regular
2026-04-22;02:00;52;46.05;62.46;48.04;Bueno;128.68;Regular;;;;;;;;Bueno;Regular
2026-04-22;03:00;51;47.00;62.46;48.04;Bueno;128.68;Regular;;;;;;;;Bueno;Regular
2026-04-22;04:00;47;48.15;62.46;48.04;Bueno;128.68;Regular;;;;;;;;Bueno;Regular
2026-04-22;05:00;55;49.35;62.46;48.04;Bueno;128.68;Regular;;;;;;;;Bueno;Regular
2026-04-22;06:00;61;50.70;62.46;48.04;Bueno;128.68;Regular;;;;;;;;Bueno;Regular
2026-04-22;07:00;78;52.60;62.46;48.04;Bueno;128.68;Regular;;;;;;;;Bueno;Regular
2026-04-22;08:00;79;54.15;62.46;48.04;Bueno;128.68;Regular;;;;;;;;Bueno;Regular
2026-04-22;09:00;126;57.45;62.46;48.04;Bueno;128.68;Regular;;;;;;;;Bueno;Regular
2026-04-22;10:00;126;59.90;62.46;48.04;Bueno;128.68;Regular;;;;;;;;Bueno;Regular
2026-04-22;11:00;98;61.35;62.46;48.04;Bueno;128.68;Regular;;;;;;;;Bueno;Regular
2026-04-22;12:00;69;61.71;62.46;48.04;Bueno;128.68;Regular;;;;;;;;Bueno;Regular
2026-04-22;13:00;68;62.00;62.46;48.04;Bueno;128.68;Regular;;;;;;;;Bueno;Regular
2026-04-22;14:00;74;62.52;62.46;48.04;Bueno;128.68;Regular;;;;;;;;Bueno;Regular
2026-04-22;15:00;53;62.12;62.46;48.04;Bueno;128.68;Regular;;;;;;;;Bueno;Regular
2026-04-22;16:00;44;62.12;62.46;48.04;Bueno;128.68;Regular;;;;;;;;Bueno;Regular
2026-04-22;17:00;46;62.04;62.46;48.04;Bueno;128.68;Regular;;;;;;;;Bueno;Regular
2026-04-22;18:00;50;62.21;62.46;48.04;Bueno;128.68;Regular;;;;;;;;Bueno;Regular
2026-04-22;19:00;54;62.46;62.46;48.04;Bueno;128.68;Regular;;;;;;;;Bueno;Regular
2026-04-22;20:00;44;62.25;62.46;48.04;Bueno;128.68;Regular;;;;;;;;Bueno;Regular
2026-04-22;21:00;48;62.42;62.46;48.04;Bueno;128.68;Regular;;;;;;;;Bueno;Regular
2026-04-22;22:00;37;62.33;62.46;48.04;Bueno;128.68;Regular;;;;;;;;Bueno;Regular
2026-04-22;23:00;47;62.46;62.46;48.04;Bueno;128.68;Regular;;;;;;;;Bueno;Regular
2026-04-23;00:00;61;63.29;59.00;45.38;Bueno;122.98;Regular;;;;;;;;Bueno;Regular
2026-04-23;01:00;61;63.71;59.00;45.38;Bueno;122.98;Regular;;;;;;;;Bueno;Regular
2026-04-23;02:00;61;64.08;59.00;45.38;Bueno;122.98;Regular;;;;;;;;Bueno;Regular
2026-04-23;03:00;64;64.62;59.00;45.38;Bueno;122.98;Regular;;;;;;;;Bueno;Regular
2026-04-23;04:00;57;65.04;59.00;45.38;Bueno;122.98;Regular;;;;;;;;Bueno;Regular
2026-04-23;05:00;48;64.75;59.00;45.38;Bueno;122.98;Regular;;;;;;;;Bueno;Regular
2026-04-23;06:00;50;64.29;59.00;45.38;Bueno;122.98;Regular;;;;;;;;Bueno;Regular
2026-04-23;07:00;86;64.62;59.00;45.38;Bueno;122.98;Regular;;;;;;;;Bueno;Regular
2026-04-23;08:00;111;65.96;59.00;45.38;Bueno;122.98;Regular;;;;;;;;Bueno;Regular
2026-04-23;09:00;79;64.00;59.00;45.38;Bueno;122.98;Regular;;;;;;;;Bueno;Regular
2026-04-23;10:00;80;62.08;59.00;45.38;Bueno;122.98;Regular;;;;;;;;Bueno;Regular
2026-04-23;11:00;70;60.92;59.00;45.38;Bueno;122.98;Regular;;;;;;;;Bueno;Regular
2026-04-23;12:00;70;60.96;59.00;45.38;Bueno;122.98;Regular;;;;;;;;Bueno;Regular
2026-04-23;13:00;60;60.62;59.00;45.38;Bueno;122.98;Regular;;;;;;;;Bueno;Regular
2026-04-23;14:00;61;60.08;59.00;45.38;Bueno;122.98;Regular;;;;;;;;Bueno;Regular
2026-04-23;15:00;51;60.00;59.00;45.38;Bueno;122.98;Regular;;;;;;;;Bueno;Regular
2026-04-23;16:00;40;59.83;59.00;45.38;Bueno;122.98;Regular;;;;;;;;Bueno;Regular
2026-04-23;17:00;41;59.62;59.00;45.38;Bueno;122.98;Regular;;;;;;;;Bueno;Regular
2026-04-23;18:00;40;59.21;59.00;45.38;Bueno;122.98;Regular;;;;;;;;Bueno;Regular
2026-04-23;19:00;40;58.62;59.00;45.38;Bueno;122.98;Regular;;;;;;;;Bueno;Regular
2026-04-23;20:00;35;58.25;59.00;45.38;Bueno;122.98;Regular;;;;;;;;Bueno;Regular
2026-04-23;21:00;48;58.25;59.00;45.38;Bueno;122.98;Regular;;;;;;;;Bueno;Regular
2026-04-23;22:00;52;58.88;59.00;45.38;Bueno;122.98;Regular;;;;;;;;Bueno;Regular
2026-04-23;23:00;50;59.00;59.00;45.38;Bueno;122.98;Regular;;;;;;;;Bueno;Regular
2026-04-24;00:00;48;58.46;65.33;50.26;Bueno;133.42;Regular;;;;;;;;Bueno;Regular
2026-04-24;01:00;47;57.88;65.33;50.26;Bueno;133.42;Regular;;;;;;;;Bueno;Regular
2026-04-24;02:00;48;57.33;65.33;50.26;Bueno;133.42;Regular;;;;;;;;Bueno;Regular
2026-04-24;03:00;46;56.58;65.33;50.26;Bueno;133.42;Regular;;;;;;;;Bueno;Regular
2026-04-24;04:00;41;55.92;65.33;50.26;Bueno;133.42;Regular;;;;;;;;Bueno;Regular
2026-04-24;05:00;55;56.21;65.33;50.26;Bueno;133.42;Regular;;;;;;;;Bueno;Regular
2026-04-24;06:00;53;56.33;65.33;50.26;Bueno;133.42;Regular;;;;;;;;Bueno;Regular
2026-04-24;07:00;82;56.17;65.33;50.26;Bueno;133.42;Regular;;;;;;;;Bueno;Regular
2026-04-24;08:00;125;56.75;65.33;50.26;Bueno;133.42;Regular;;;;;;;;Bueno;Regular
2026-04-24;09:00;139;59.25;65.33;50.26;Bueno;133.42;Regular;;;;;;;;Bueno;Regular
2026-04-24;10:00;122;61.00;65.33;50.26;Bueno;133.42;Regular;;;;;;;;Bueno;Regular
2026-04-24;11:00;87;61.71;65.33;50.26;Bueno;133.42;Regular;;;;;;;;Bueno;Regular
2026-04-24;12:00;70;61.71;65.33;50.26;Bueno;133.42;Regular;;;;;;;;Bueno;Regular
2026-04-24;13:00;69;62.08;65.33;50.26;Bueno;133.42;Regular;;;;;;;;Bueno;Regular
2026-04-24;14:00;54;61.79;65.33;50.26;Bueno;133.42;Regular;;;;;;;;Bueno;Regular
2026-04-24;15:00;38;61.25;65.33;50.26;Bueno;133.42;Regular;;;;;;;;Bueno;Regular
2026-04-24;16:00;48;61.58;65.33;50.26;Bueno;133.42;Regular;16;;;;;;;Bueno;Regular
2026-04-24;17:00;53;62.08;65.33;50.26;Bueno;133.42;Regular;14;;;;;;;Bueno;Regular
2026-04-24;18:00;36;61.92;65.33;50.26;Bueno;133.42;Regular;16;;;;;;;Bueno;Regular
2026-04-24;19:00;51;62.38;65.33;50.26;Bueno;133.42;Regular;14;;;;;;;Bueno;Regular
2026-04-24;20:00;45;62.79;65.33;50.26;Bueno;133.42;Regular;13;;;;;;;Bueno;Regular
2026-04-24;21:00;76;63.96;65.33;50.26;Bueno;133.42;Regular;28;;;;;;;Bueno;Regular
2026-04-24;22:00;63;64.42;65.33;50.26;Bueno;133.42;Regular;26;;;;;;;Bueno;Regular
2026-04-24;23:00;72;65.33;65.33;50.26;Bueno;133.42;Regular;31;;;;;;;Bueno;Regular
2026-04-25;00:00;65;66.04;60.83;46.79;Bueno;126.00;Regular;27;;25.50;51.00;Bueno;122.75;Regular;Bueno;Regular
2026-04-25;01:00;59;66.54;60.83;46.79;Bueno;126.00;Regular;28;;25.50;51.00;Bueno;122.75;Regular;Bueno;Regular
2026-04-25;02:00;59;67.00;60.83;46.79;Bueno;126.00;Regular;27;;25.50;51.00;Bueno;122.75;Regular;Bueno;Regular
2026-04-25;03:00;61;67.62;60.83;46.79;Bueno;126.00;Regular;35;;25.50;51.00;Bueno;122.75;Regular;Bueno;Regular
2026-04-25;04:00;73;68.96;60.83;46.79;Bueno;126.00;Regular;31;;25.50;51.00;Bueno;122.75;Regular;Bueno;Regular
2026-04-25;05:00;63;69.29;60.83;46.79;Bueno;126.00;Regular;26;;25.50;51.00;Bueno;122.75;Regular;Bueno;Regular
2026-04-25;06:00;68;69.92;60.83;46.79;Bueno;126.00;Regular;26;;25.50;51.00;Bueno;122.75;Regular;Bueno;Regular
2026-04-25;07:00;74;69.58;60.83;46.79;Bueno;126.00;Regular;29;;25.50;51.00;Bueno;122.75;Regular;Bueno;Regular
2026-04-25;08:00;87;68.00;60.83;46.79;Bueno;126.00;Regular;35;;25.50;51.00;Bueno;122.75;Regular;Bueno;Regular
2026-04-25;09:00;83;65.67;60.83;46.79;Bueno;126.00;Regular;35;25.39;25.50;51.00;Bueno;122.75;Regular;Bueno;Regular
2026-04-25;10:00;73;63.62;60.83;46.79;Bueno;126.00;Regular;33;25.79;25.50;51.00;Bueno;122.75;Regular;Bueno;Regular
2026-04-25;11:00;74;63.08;60.83;46.79;Bueno;126.00;Regular;36;26.30;25.50;51.00;Bueno;122.75;Regular;Bueno;Regular
2026-04-25;12:00;63;62.79;60.83;46.79;Bueno;126.00;Regular;28;26.38;25.50;51.00;Bueno;122.75;Regular;Bueno;Regular
2026-04-25;13:00;63;62.54;60.83;46.79;Bueno;126.00;Regular;25;26.32;25.50;51.00;Bueno;122.75;Regular;Bueno;Regular
2026-04-25;14:00;66;63.04;60.83;46.79;Bueno;126.00;Regular;20;26.04;25.50;51.00;Bueno;122.75;Regular;Bueno;Regular
2026-04-25;15:00;43;63.25;60.83;46.79;Bueno;126.00;Regular;14;25.54;25.50;51.00;Bueno;122.75;Regular;Bueno;Regular
2026-04-25;16:00;46;63.17;60.83;46.79;Bueno;126.00;Regular;16;25.54;25.50;51.00;Bueno;122.75;Regular;Bueno;Regular
2026-04-25;17:00;51;63.08;60.83;46.79;Bueno;126.00;Regular;20;25.79;25.50;51.00;Bueno;122.75;Regular;Bueno;Regular
2026-04-25;18:00;47;63.54;60.83;46.79;Bueno;126.00;Regular;20;25.96;25.50;51.00;Bueno;122.75;Regular;Bueno;Regular
2026-04-25;19:00;56;63.75;60.83;46.79;Bueno;126.00;Regular;25;26.42;25.50;51.00;Bueno;122.75;Regular;Bueno;Regular
2026-04-25;20:00;54;64.12;60.83;46.79;Bueno;126.00;Regular;21;26.75;25.50;51.00;Bueno;122.75;Regular;Bueno;Regular
2026-04-25;21:00;40;62.62;60.83;46.79;Bueno;126.00;Regular;18;26.33;25.50;51.00;Bueno;122.75;Regular;Bueno;Regular
2026-04-25;22:00;40;61.67;60.83;46.79;Bueno;126.00;Regular;18;26.00;25.50;51.00;Bueno;122.75;Regular;Bueno;Regular
2026-04-25;23:00;52;60.83;60.83;46.79;Bueno;126.00;Regular;19;25.50;25.50;51.00;Bueno;122.75;Regular;Bueno;Regular
2026-04-26;00:00;52;60.29;55.21;42.47;Bueno;116.74;Regular;22;25.29;25.08;50.17;Bueno;121.85;Regular;Bueno;Regular
2026-04-26;01:00;60;60.33;55.21;42.47;Bueno;116.74;Regular;33;25.50;25.08;50.17;Bueno;121.85;Regular;Bueno;Regular
2026-04-26;02:00;62;60.46;55.21;42.47;Bueno;116.74;Regular;33;25.75;25.08;50.17;Bueno;121.85;Regular;Bueno;Regular
2026-04-26;03:00;60;60.42;55.21;42.47;Bueno;116.74;Regular;26;25.38;25.08;50.17;Bueno;121.85;Regular;Bueno;Regular
2026-04-26;04:00;62;59.96;55.21;42.47;Bueno;116.74;Regular;28;25.25;25.08;50.17;Bueno;121.85;Regular;Bueno;Regular
2026-04-26;05:00;65;60.04;55.21;42.47;Bueno;116.74;Regular;33;25.54;25.08;50.17;Bueno;121.85;Regular;Bueno;Regular
2026-04-26;06:00;75;60.33;55.21;42.47;Bueno;116.74;Regular;52;26.62;25.08;50.17;Bueno;121.85;Regular;Bueno;Regular
2026-04-26;07:00;76;60.42;55.21;42.47;Bueno;116.74;Regular;51;27.54;25.08;50.17;Bueno;121.85;Regular;Bueno;Regular
2026-04-26;08:00;80;60.12;55.21;42.47;Bueno;116.74;Regular;53;28.29;25.08;50.17;Bueno;121.85;Regular;Bueno;Regular
2026-04-26;09:00;66;59.42;55.21;42.47;Bueno;116.74;Regular;42;28.58;25.08;50.17;Bueno;121.85;Regular;Bueno;Regular
2026-04-26;10:00;47;58.33;55.21;42.47;Bueno;116.74;Regular;31;28.50;25.08;50.17;Bueno;121.85;Regular;Bueno;Regular
2026-04-26;11:00;49;57.29;55.21;42.47;Bueno;116.74;Regular;28;28.17;25.08;50.17;Bueno;121.85;Regular;Bueno;Regular
2026-04-26;12:00;52;56.83;55.21;42.47;Bueno;116.74;Regular;26;28.08;25.08;50.17;Bueno;121.85;Regular;Bueno;Regular
2026-04-26;13:00;54;56.46;55.21;42.47;Bueno;116.74;Regular;25;28.08;25.08;50.17;Bueno;121.85;Regular;Bueno;Regular
2026-04-26;14:00;54;55.96;55.21;42.47;Bueno;116.74;Regular;26;28.33;25.08;50.17;Bueno;121.85;Regular;Bueno;Regular
2026-04-26;15:00;40;55.83;55.21;42.47;Bueno;116.74;Regular;11;28.21;25.08;50.17;Bueno;121.85;Regular;Bueno;Regular
2026-04-26;16:00;29;55.12;55.21;42.47;Bueno;116.74;Regular;7;27.83;25.08;50.17;Bueno;121.85;Regular;Bueno;Regular
2026-04-26;17:00;19;53.79;55.21;42.47;Bueno;116.74;Regular;4;27.17;25.08;50.17;Bueno;121.85;Regular;Bueno;Regular
2026-04-26;18:00;31;53.12;55.21;42.47;Bueno;116.74;Regular;3;26.46;25.08;50.17;Bueno;121.85;Regular;Bueno;Regular
2026-04-26;19:00;39;52.42;55.21;42.47;Bueno;116.74;Regular;3;25.54;25.08;50.17;Bueno;121.85;Regular;Bueno;Regular
2026-04-26;20:00;60;52.67;55.21;42.47;Bueno;116.74;Regular;13;25.21;25.08;50.17;Bueno;121.85;Regular;Bueno;Regular
2026-04-26;21:00;71;53.96;55.21;42.47;Bueno;116.74;Regular;16;25.12;25.08;50.17;Bueno;121.85;Regular;Bueno;Regular
2026-04-26;22:00;63;54.92;55.21;42.47;Bueno;116.74;Regular;21;25.25;25.08;50.17;Bueno;121.85;Regular;Bueno;Regular
2026-04-26;23:00;59;55.21;55.21;42.47;Bueno;116.74;Regular;15;25.08;25.08;50.17;Bueno;121.85;Regular;Bueno;Regular
2026-04-27;00:00;46;54.96;63.21;48.62;Bueno;129.91;Regular;18;24.92;19.42;38.83;Bueno;109.55;Regular;Bueno;Regular
2026-04-27;01:00;32;53.79;63.21;48.62;Bueno;129.91;Regular;12;24.04;19.42;38.83;Bueno;109.55;Regular;Bueno;Regular
2026-04-27;02:00;42;52.96;63.21;48.62;Bueno;129.91;Regular;17;23.38;19.42;38.83;Bueno;109.55;Regular;Bueno;Regular
2026-04-27;03:00;56;52.79;63.21;48.62;Bueno;129.91;Regular;30;23.54;19.42;38.83;Bueno;109.55;Regular;Bueno;Regular
2026-04-27;04:00;43;52.00;63.21;48.62;Bueno;129.91;Regular;23;23.33;19.42;38.83;Bueno;109.55;Regular;Bueno;Regular
2026-04-27;05:00;47;51.25;63.21;48.62;Bueno;129.91;Regular;25;23.00;19.42;38.83;Bueno;109.55;Regular;Bueno;Regular
2026-04-27;06:00;63;50.75;63.21;48.62;Bueno;129.91;Regular;30;22.08;19.42;38.83;Bueno;109.55;Regular;Bueno;Regular
2026-04-27;07:00;89;51.29;63.21;48.62;Bueno;129.91;Regular;37;21.50;19.42;38.83;Bueno;109.55;Regular;Bueno;Regular
2026-04-27;08:00;156;54.46;63.21;48.62;Bueno;129.91;Regular;33;20.67;19.42;38.83;Bueno;109.55;Regular;Bueno;Regular
2026-04-27;09:00;136;57.38;63.21;48.62;Bueno;129.91;Regular;30;20.17;19.42;38.83;Bueno;109.55;Regular;Bueno;Regular
2026-04-27;10:00;83;58.88;63.21;48.62;Bueno;129.91;Regular;27;20.00;19.42;38.83;Bueno;109.55;Regular;Bueno;Regular
2026-04-27;11:00;72;59.83;63.21;48.62;Bueno;129.91;Regular;22;19.75;19.42;38.83;Bueno;109.55;Regular;Bueno;Regular
2026-04-27;12:00;85;61.21;63.21;48.62;Bueno;129.91;Regular;21;19.54;19.42;38.83;Bueno;109.55;Regular;Bueno;Regular
2026-04-27;13:00;51;61.08;63.21;48.62;Bueno;129.91;Regular;15;19.12;19.42;38.83;Bueno;109.55;Regular;Bueno;Regular
2026-04-27;14:00;55;61.12;63.21;48.62;Bueno;129.91;Regular;14;18.62;19.42;38.83;Bueno;109.55;Regular;Bueno;Regular
2026-04-27;15:00;58;61.88;63.21;48.62;Bueno;129.91;Regular;9;18.54;19.42;38.83;Bueno;109.55;Regular;Bueno;Regular
2026-04-27;16:00;66;63.42;63.21;48.62;Bueno;129.91;Regular;14;18.83;19.42;38.83;Bueno;109.55;Regular;Bueno;Regular
2026-04-27;17:00;66;65.38;63.21;48.62;Bueno;129.91;Regular;14;19.25;19.42;38.83;Bueno;109.55;Regular;Bueno;Regular
2026-04-27;18:00;52;66.25;63.21;48.62;Bueno;129.91;Regular;12;19.62;19.42;38.83;Bueno;109.55;Regular;Bueno;Regular
2026-04-27;19:00;54;66.88;63.21;48.62;Bueno;129.91;Regular;17;20.21;19.42;38.83;Bueno;109.55;Regular;Bueno;Regular
2026-04-27;20:00;45;66.25;63.21;48.62;Bueno;129.91;Regular;15;20.29;19.42;38.83;Bueno;109.55;Regular;Bueno;Regular
2026-04-27;21:00;47;65.25;63.21;48.62;Bueno;129.91;Regular;11;20.08;19.42;38.83;Bueno;109.55;Regular;Bueno;Regular
2026-04-27;22:00;33;64.00;63.21;48.62;Bueno;129.91;Regular;9;19.58;19.42;38.83;Bueno;109.55;Regular;Bueno;Regular
2026-04-27;23:00;40;63.21;63.21;48.62;Bueno;129.91;Regular;11;19.42;19.42;38.83;Bueno;109.55;Regular;Bueno;Regular
2026-04-28;00:00;33;62.67;52.79;40.61;Bueno;112.77;Regular;13;19.21;15.04;30.08;Bueno;100.09;Regular;Bueno;Regular
2026-04-28;01:00;42;63.08;52.79;40.61;Bueno;112.77;Regular;13;19.25;15.04;30.08;Bueno;100.09;Regular;Bueno;Regular
2026-04-28;02:00;45;63.21;52.79;40.61;Bueno;112.77;Regular;17;19.25;15.04;30.08;Bueno;100.09;Regular;Bueno;Regular
2026-04-28;03:00;47;62.83;52.79;40.61;Bueno;112.77;Regular;11;18.46;15.04;30.08;Bueno;100.09;Regular;Bueno;Regular
2026-04-28;04:00;54;63.29;52.79;40.61;Bueno;112.77;Regular;15;18.12;15.04;30.08;Bueno;100.09;Regular;Bueno;Regular
2026-04-28;05:00;50;63.42;52.79;40.61;Bueno;112.77;Regular;18;17.83;15.04;30.08;Bueno;100.09;Regular;Bueno;Regular
2026-04-28;06:00;53;63.00;52.79;40.61;Bueno;112.77;Regular;20;17.42;15.04;30.08;Bueno;100.09;Regular;Bueno;Regular
2026-04-28;07:00;94;63.21;52.79;40.61;Bueno;112.77;Regular;21;16.75;15.04;30.08;Bueno;100.09;Regular;Bueno;Regular
2026-04-28;08:00;100;60.88;52.79;40.61;Bueno;112.77;Regular;28;16.54;15.04;30.08;Bueno;100.09;Regular;Bueno;Regular
2026-04-28;09:00;92;59.04;52.79;40.61;Bueno;112.77;Regular;35;16.75;15.04;30.08;Bueno;100.09;Regular;Bueno;Regular
2026-04-28;10:00;93;59.46;52.79;40.61;Bueno;112.77;Regular;30;16.88;15.04;30.08;Bueno;100.09;Regular;Bueno;Regular
2026-04-28;11:00;58;58.88;52.79;40.61;Bueno;112.77;Regular;19;16.75;15.04;30.08;Bueno;100.09;Regular;Bueno;Regular
2026-04-28;12:00;78;58.58;52.79;40.61;Bueno;112.77;Regular;21;16.75;15.04;30.08;Bueno;100.09;Regular;Bueno;Regular
2026-04-28;13:00;48;58.46;52.79;40.61;Bueno;112.77;Regular;14;16.71;15.04;30.08;Bueno;100.09;Regular;Bueno;Regular
2026-04-28;14:00;44;58.00;52.79;40.61;Bueno;112.77;Regular;12;16.62;15.04;30.08;Bueno;100.09;Regular;Bueno;Regular
2026-04-28;15:00;39;57.21;52.79;40.61;Bueno;112.77;Regular;9;16.62;15.04;30.08;Bueno;100.09;Regular;Bueno;Regular
2026-04-28;16:00;51;56.58;52.79;40.61;Bueno;112.77;Regular;7;16.33;15.04;30.08;Bueno;100.09;Regular;Bueno;Regular
2026-04-28;17:00;45;55.71;52.79;40.61;Bueno;112.77;Regular;5;15.96;15.04;30.08;Bueno;100.09;Regular;Bueno;Regular
2026-04-28;18:00;38;55.12;52.79;40.61;Bueno;112.77;Regular;8;15.79;15.04;30.08;Bueno;100.09;Regular;Bueno;Regular
2026-04-28;19:00;38;54.46;52.79;40.61;Bueno;112.77;Regular;13;15.62;15.04;30.08;Bueno;100.09;Regular;Bueno;Regular
2026-04-28;20:00;34;54.00;52.79;40.61;Bueno;112.77;Regular;11;15.46;15.04;30.08;Bueno;100.09;Regular;Bueno;Regular
2026-04-28;21:00;36;53.54;52.79;40.61;Bueno;112.77;Regular;8;15.33;15.04;30.08;Bueno;100.09;Regular;Bueno;Regular
2026-04-28;22:00;24;53.17;52.79;40.61;Bueno;112.77;Regular;7;15.25;15.04;30.08;Bueno;100.09;Regular;Bueno;Regular
2026-04-28;23:00;31;52.79;52.79;40.61;Bueno;112.77;Regular;6;15.04;15.04;30.08;Bueno;100.09;Regular;Bueno;Regular
2026-04-29;00:00;27;52.54;61.04;46.96;Bueno;126.34;Regular;6;14.75;17.12;34.25;Bueno;104.59;Regular;Bueno;Regular
2026-04-29;01:00;28;51.96;61.04;46.96;Bueno;126.34;Regular;4;14.38;17.12;34.25;Bueno;104.59;Regular;Bueno;Regular
2026-04-29;02:00;26;51.17;61.04;46.96;Bueno;126.34;Regular;10;14.08;17.12;34.25;Bueno;104.59;Regular;Bueno;Regular
2026-04-29;03:00;37;50.75;61.04;46.96;Bueno;126.34;Regular;15;14.25;17.12;34.25;Bueno;104.59;Regular;Bueno;Regular
2026-04-29;04:00;40;50.17;61.04;46.96;Bueno;126.34;Regular;15;14.25;17.12;34.25;Bueno;104.59;Regular;Bueno;Regular
2026-04-29;05:00;40;49.75;61.04;46.96;Bueno;126.34;Regular;15;14.12;17.12;34.25;Bueno;104.59;Regular;Bueno;Regular
2026-04-29;06:00;39;49.17;61.04;46.96;Bueno;126.34;Regular;16;13.96;17.12;34.25;Bueno;104.59;Regular;Bueno;Regular
2026-04-29;07:00;73;48.29;61.04;46.96;Bueno;126.34;Regular;15;13.71;17.12;34.25;Bueno;104.59;Regular;Bueno;Regular
2026-04-29;08:00;57;46.50;61.04;46.96;Bueno;126.34;Regular;15;13.17;17.12;34.25;Bueno;104.59;Regular;Bueno;Regular
2026-04-29;09:00;81;46.04;61.04;46.96;Bueno;126.34;Regular;26;12.79;17.12;34.25;Bueno;104.59;Regular;Bueno;Regular
2026-04-29;10:00;80;45.50;61.04;46.96;Bueno;126.34;Regular;22;12.46;17.12;34.25;Bueno;104.59;Regular;Bueno;Regular
2026-04-29;11:00;63;45.71;61.04;46.96;Bueno;126.34;Regular;18;12.42;17.12;34.25;Bueno;104.59;Regular;Bueno;Regular
2026-04-29;12:00;74;45.54;61.04;46.96;Bueno;126.34;Regular;24;12.54;17.12;34.25;Bueno;104.59;Regular;Bueno;Regular
2026-04-29;13:00;72;46.54;61.04;46.96;Bueno;126.34;Regular;18;12.71;17.12;34.25;Bueno;104.59;Regular;Bueno;Regular
2026-04-29;14:00;50;46.79;61.04;46.96;Bueno;126.34;Regular;17;12.92;17.12;34.25;Bueno;104.59;Regular;Bueno;Regular
2026-04-29;15:00;53;47.38;61.04;46.96;Bueno;126.34;Regular;14;13.12;17.12;34.25;Bueno;104.59;Regular;Bueno;Regular
2026-04-29;16:00;56;47.58;61.04;46.96;Bueno;126.34;Regular;11;13.29;17.12;34.25;Bueno;104.59;Regular;Bueno;Regular
2026-04-29;17:00;50;47.79;61.04;46.96;Bueno;126.34;Regular;10;13.50;17.12;34.25;Bueno;104.59;Regular;Bueno;Regular
2026-04-29;18:00;57;48.58;61.04;46.96;Bueno;126.34;Regular;11;13.62;17.12;34.25;Bueno;104.59;Regular;Bueno;Regular
2026-04-29;19:00;64;49.67;61.04;46.96;Bueno;126.34;Regular;17;13.79;17.12;34.25;Bueno;104.59;Regular;Bueno;Regular
2026-04-29;20:00;54;50.50;61.04;46.96;Bueno;126.34;Regular;18;14.08;17.12;34.25;Bueno;104.59;Regular;Bueno;Regular
2026-04-29;21:00;85;52.54;61.04;46.96;Bueno;126.34;Regular;26;14.83;17.12;34.25;Bueno;104.59;Regular;Bueno;Regular
2026-04-29;22:00;135;57.17;61.04;46.96;Bueno;126.34;Regular;32;15.88;17.12;34.25;Bueno;104.59;Regular;Bueno;Regular
2026-04-29;23:00;124;61.04;61.04;46.96;Bueno;126.34;Regular;36;17.12;17.12;34.25;Bueno;104.59;Regular;Bueno;Regular
2026-04-30;00:00;92;63.75;68.50;52.69;Bueno;138.65;Regular;29;18.08;23.04;46.08;Bueno;117.41;Regular;Bueno;Regular
2026-04-30;01:00;76;65.75;68.50;52.69;Bueno;138.65;Regular;25;18.96;23.04;46.08;Bueno;117.41;Regular;Bueno;Regular
2026-04-30;02:00;59;67.12;68.50;52.69;Bueno;138.65;Regular;26;19.62;23.04;46.08;Bueno;117.41;Regular;Bueno;Regular
2026-04-30;03:00;57;67.96;68.50;52.69;Bueno;138.65;Regular;27;20.12;23.04;46.08;Bueno;117.41;Regular;Bueno;Regular
2026-04-30;04:00;82;69.71;68.50;52.69;Bueno;138.65;Regular;37;21.04;23.04;46.08;Bueno;117.41;Regular;Bueno;Regular
2026-04-30;05:00;75;71.17;68.50;52.69;Bueno;138.65;Regular;34;21.83;23.04;46.08;Bueno;117.41;Regular;Bueno;Regular
2026-04-30;06:00;75;72.67;68.50;52.69;Bueno;138.65;Regular;32;22.50;23.04;46.08;Bueno;117.41;Regular;Bueno;Regular
2026-04-30;07:00;85;73.17;68.50;52.69;Bueno;138.65;Regular;30;23.12;23.04;46.08;Bueno;117.41;Regular;Bueno;Regular
2026-04-30;08:00;158;77.38;68.50;52.69;Bueno;138.65;Regular;36;24.00;23.04;46.08;Bueno;117.41;Regular;Bueno;Regular
2026-04-30;09:00;151;80.29;68.50;52.69;Bueno;138.65;Regular;53;25.12;23.04;46.08;Bueno;117.41;Regular;Bueno;Regular
2026-04-30;10:00;138;82.71;68.50;52.69;Bueno;138.65;Regular;47;26.17;23.04;46.08;Bueno;117.41;Regular;Bueno;Regular
2026-04-30;11:00;88;83.75;68.50;52.69;Bueno;138.65;Regular;25;26.46;23.04;46.08;Bueno;117.41;Regular;Bueno;Regular
2026-04-30;12:00;65;83.38;68.50;52.69;Bueno;138.65;Regular;20;26.29;23.04;46.08;Bueno;117.41;Regular;Bueno;Regular
2026-04-30;13:00;49;82.42;68.50;52.69;Bueno;138.65;Regular;8;25.88;23.04;46.08;Bueno;117.41;Regular;Bueno;Regular
2026-04-30;14:00;42;82.08;68.50;52.69;Bueno;138.65;Regular;10;25.58;23.04;46.08;Bueno;117.41;Regular;Bueno;Regular
2026-04-30;15:00;48;81.88;68.50;52.69;Bueno;138.65;Regular;8;25.33;23.04;46.08;Bueno;117.41;Regular;Bueno;Regular
2026-04-30;16:00;51;81.67;68.50;52.69;Bueno;138.65;Regular;9;25.25;23.04;46.08;Bueno;117.41;Regular;Bueno;Regular
2026-04-30;17:00;51;81.71;68.50;52.69;Bueno;138.65;Regular;11;25.29;23.04;46.08;Bueno;117.41;Regular;Bueno;Regular
2026-04-30;18:00;47;81.29;68.50;52.69;Bueno;138.65;Regular;20;25.67;23.04;46.08;Bueno;117.41;Regular;Bueno;Regular
2026-04-30;19:00;40;80.29;68.50;52.69;Bueno;138.65;Regular;16;25.62;23.04;46.08;Bueno;117.41;Regular;Bueno;Regular
2026-04-30;20:00;28;79.21;68.50;52.69;Bueno;138.65;Regular;14;25.46;23.04;46.08;Bueno;117.41;Regular;Bueno;Regular
2026-04-30;21:00;32;77.00;68.50;52.69;Bueno;138.65;Regular;10;24.79;23.04;46.08;Bueno;117.41;Regular;Bueno;Regular
2026-04-30;22:00;30;72.62;68.50;52.69;Bueno;138.65;Regular;10;23.88;23.04;46.08;Bueno;117.41;Regular;Bueno;Regular
2026-04-30;23:00;25;68.50;68.50;52.69;Bueno;138.65;Regular;16;23.04;23.04;46.08;Bueno;117.41;Regular;Bueno;Regular
2026-05-01;00:00;21;65.54;48.83;37.56;Bueno;106.28;Regular;13;22.38;29.33;58.67;Bueno;131.10;Regular;Bueno;Regular
2026-05-01;01:00;21;63.25;48.83;37.56;Bueno;106.28;Regular;10;21.75;29.33;58.67;Bueno;131.10;Regular;Bueno;Regular
2026-05-01;02:00;17;61.50;48.83;37.56;Bueno;106.28;Regular;9;21.04;29.33;58.67;Bueno;131.10;Regular;Bueno;Regular
2026-05-01;03:00;18;59.88;48.83;37.56;Bueno;106.28;Regular;13;20.46;29.33;58.67;Bueno;131.10;Regular;Bueno;Regular
2026-05-01;04:00;20;57.29;48.83;37.56;Bueno;106.28;Regular;13;19.46;29.33;58.67;Bueno;131.10;Regular;Bueno;Regular
2026-05-01;05:00;20;55.00;48.83;37.56;Bueno;106.28;Regular;14;18.62;29.33;58.67;Bueno;131.10;Regular;Bueno;Regular
2026-05-01;06:00;22;52.79;48.83;37.56;Bueno;106.28;Regular;18;18.04;29.33;58.67;Bueno;131.10;Regular;Bueno;Regular
2026-05-01;07:00;29;50.46;48.83;37.56;Bueno;106.28;Regular;15;17.42;29.33;58.67;Bueno;131.10;Regular;Bueno;Regular
2026-05-01;08:00;25;44.92;48.83;37.56;Bueno;106.28;Regular;17;16.62;29.33;58.67;Bueno;131.10;Regular;Bueno;Regular
2026-05-01;09:00;26;39.71;48.83;37.56;Bueno;106.28;Regular;20;15.25;29.33;58.67;Bueno;131.10;Regular;Bueno;Regular
2026-05-01;10:00;29;35.17;48.83;37.56;Bueno;106.28;Regular;15;13.92;29.33;58.67;Bueno;131.10;Regular;Bueno;Regular
2026-05-01;11:00;19;32.29;48.83;37.56;Bueno;106.28;Regular;17;13.58;29.33;58.67;Bueno;131.10;Regular;Bueno;Regular
2026-05-01;12:00;31;30.88;48.83;37.56;Bueno;106.28;Regular;22;13.67;29.33;58.67;Bueno;131.10;Regular;Bueno;Regular
2026-05-01;13:00;40;30.50;48.83;37.56;Bueno;106.28;Regular;23;14.29;29.33;58.67;Bueno;131.10;Regular;Bueno;Regular
2026-05-01;14:00;49;30.79;48.83;37.56;Bueno;106.28;Regular;32;15.21;29.33;58.67;Bueno;131.10;Regular;Bueno;Regular
2026-05-01;15:00;59;31.25;48.83;37.56;Bueno;106.28;Regular;40;16.54;29.33;58.67;Bueno;131.10;Regular;Bueno;Regular
2026-05-01;16:00;65;31.83;48.83;37.56;Bueno;106.28;Regular;38;17.75;29.33;58.67;Bueno;131.10;Regular;Bueno;Regular
2026-05-01;17:00;50;31.79;48.83;37.56;Bueno;106.28;Regular;34;18.71;29.33;58.67;Bueno;131.10;Regular;Bueno;Regular
2026-05-01;18:00;96;33.83;48.83;37.56;Bueno;106.28;Regular;40;19.54;29.33;58.67;Bueno;131.10;Regular;Bueno;Regular
2026-05-01;19:00;84;35.67;48.83;37.56;Bueno;106.28;Regular;43;20.67;29.33;58.67;Bueno;131.10;Regular;Bueno;Regular
2026-05-01;20:00;96;38.50;48.83;37.56;Bueno;106.28;Regular;56;22.42;29.33;58.67;Bueno;131.10;Regular;Bueno;Regular
2026-05-01;21:00;105;41.54;48.83;37.56;Bueno;106.28;Regular;62;24.58;29.33;58.67;Bueno;131.10;Regular;Bueno;Regular
2026-05-01;22:00;132;45.79;48.83;37.56;Bueno;106.28;Regular;78;27.42;29.33;58.67;Bueno;131.10;Regular;Bueno;Regular
2026-05-01;23:00;98;48.83;48.83;37.56;Bueno;106.28;Regular;62;29.33;29.33;58.67;Bueno;131.10;Regular;Bueno;Regular
2026-05-02;00:00;82;51.38;76.00;58.46;Bueno;151.06;Regular;60;31.29;42.17;84.33;Bueno;159.19;Regular;Bueno;Regular
2026-05-02;01:00;82;53.92;76.00;58.46;Bueno;151.06;Regular;58;33.29;42.17;84.33;Bueno;159.19;Regular;Bueno;Regular
2026-05-02;02:00;82;56.62;76.00;58.46;Bueno;151.06;Regular;57;35.29;42.17;84.33;Bueno;159.19;Regular;Bueno;Regular
2026-05-02;03:00;83;59.33;76.00;58.46;Bueno;151.06;Regular;63;37.38;42.17;84.33;Bueno;159.19;Regular;Bueno;Regular
2026-05-02;04:00;73;61.54;76.00;58.46;Bueno;151.06;Regular;58;39.25;42.17;84.33;Bueno;159.19;Regular;Bueno;Regular
2026-05-02;05:00;71;63.67;76.00;58.46;Bueno;151.06;Regular;53;40.88;42.17;84.33;Bueno;159.19;Regular;Bueno;Regular
2026-05-02;06:00;71;65.71;76.00;58.46;Bueno;151.06;Regular;54;42.38;42.17;84.33;Bueno;159.19;Regular;Bueno;Regular
2026-05-02;07:00;78;67.75;76.00;58.46;Bueno;151.06;Regular;51;43.88;42.17;84.33;Bueno;159.19;Regular;Bueno;Regular
2026-05-02;08:00;98;70.79;76.00;58.46;Bueno;151.06;Regular;61;45.71;42.17;84.33;Bueno;159.19;Regular;Bueno;Regular
2026-05-02;09:00;95;73.67;76.00;58.46;Bueno;151.06;Regular;62;47.46;42.17;84.33;Bueno;159.19;Regular;Bueno;Regular
2026-05-02;10:00;123;77.58;76.00;58.46;Bueno;151.06;Regular;69;49.71;42.17;84.33;Bueno;159.19;Regular;Bueno;Regular
2026-05-02;11:00;106;81.21;76.00;58.46;Bueno;151.06;Regular;60;51.50;42.17;84.33;Bueno;159.19;Regular;Bueno;Regular
2026-05-02;12:00;84;83.42;76.00;58.46;Bueno;151.06;Regular;46;52.50;42.17;84.33;Bueno;159.19;Regular;Bueno;Regular
2026-05-02;13:00;87;85.38;76.00;58.46;Bueno;151.06;Regular;32;52.88;42.17;84.33;Bueno;159.19;Regular;Bueno;Regular
2026-05-02;14:00;59;85.79;76.00;58.46;Bueno;151.06;Regular;16;52.21;42.17;84.33;Bueno;159.19;Regular;Bueno;Regular
2026-05-02;15:00;46;85.25;76.00;58.46;Bueno;151.06;Regular;16;51.21;42.17;84.33;Bueno;159.19;Regular;Bueno;Regular
2026-05-02;16:00;44;84.38;76.00;58.46;Bueno;151.06;Regular;15;50.25;42.17;84.33;Bueno;159.19;Regular;Bueno;Regular
2026-05-02;17:00;41;84.00;76.00;58.46;Bueno;151.06;Regular;15;49.46;42.17;84.33;Bueno;159.19;Regular;Bueno;Regular
2026-05-02;18:00;74;83.08;76.00;58.46;Bueno;151.06;Regular;30;49.04;42.17;84.33;Bueno;159.19;Regular;Bueno;Regular
2026-05-02;19:00;68;82.42;76.00;58.46;Bueno;151.06;Regular;27;48.38;42.17;84.33;Bueno;159.19;Regular;Bueno;Regular
2026-05-02;20:00;78;81.67;76.00;58.46;Bueno;151.06;Regular;30;47.29;42.17;84.33;Bueno;159.19;Regular;Bueno;Regular
2026-05-02;21:00;61;79.83;76.00;58.46;Bueno;151.06;Regular;22;45.62;42.17;84.33;Bueno;159.19;Regular;Bueno;Regular
2026-05-02;22:00;69;77.21;76.00;58.46;Bueno;151.06;Regular;29;43.58;42.17;84.33;Bueno;159.19;Regular;Bueno;Regular
2026-05-02;23:00;69;76.00;76.00;58.46;Bueno;151.06;Regular;28;42.17;42.17;84.33;Bueno;159.19;Regular;Bueno;Regular
2026-05-03;00:00;70;75.50;54.38;41.83;Bueno;115.37;Regular;32;41.00;23.50;47.00;Bueno;118.41;Regular;Bueno;Regular
2026-05-03;01:00;67;74.88;54.38;41.83;Bueno;115.37;Regular;29;39.79;23.50;47.00;Bueno;118.41;Regular;Bueno;Regular
2026-05-03;02:00;64;74.12;54.38;41.83;Bueno;115.37;Regular;35;38.88;23.50;47.00;Bueno;118.41;Regular;Bueno;Regular
2026-05-03;03:00;66;73.42;54.38;41.83;Bueno;115.37;Regular;38;37.83;23.50;47.00;Bueno;118.41;Regular;Bueno;Regular
2026-05-03;04:00;62;72.96;54.38;41.83;Bueno;115.37;Regular;33;36.79;23.50;47.00;Bueno;118.41;Regular;Bueno;Regular
2026-05-03;05:00;62;72.58;54.38;41.83;Bueno;115.37;Regular;37;36.12;23.50;47.00;Bueno;118.41;Regular;Bueno;Regular
2026-05-03;06:00;52;71.79;54.38;41.83;Bueno;115.37;Regular;35;35.33;23.50;47.00;Bueno;118.41;Regular;Bueno;Regular
2026-05-03;07:00;73;71.58;54.38;41.83;Bueno;115.37;Regular;37;34.75;23.50;47.00;Bueno;118.41;Regular;Bueno;Regular
2026-05-03;08:00;80;70.83;54.38;41.83;Bueno;115.37;Regular;38;33.79;23.50;47.00;Bueno;118.41;Regular;Bueno;Regular
2026-05-03;09:00;77;70.08;54.38;41.83;Bueno;115.37;Regular;43;33.00;23.50;47.00;Bueno;118.41;Regular;Bueno;Regular
2026-05-03;10:00;69;67.83;54.38;41.83;Bueno;115.37;Regular;36;31.62;23.50;47.00;Bueno;118.41;Regular;Bueno;Regular
2026-05-03;11:00;58;65.83;54.38;41.83;Bueno;115.37;Regular;29;30.33;23.50;47.00;Bueno;118.41;Regular;Bueno;Regular
2026-05-03;12:00;58;64.75;54.38;41.83;Bueno;115.37;Regular;21;29.29;23.50;47.00;Bueno;118.41;Regular;Bueno;Regular
2026-05-03;13:00;55;63.42;54.38;41.83;Bueno;115.37;Regular;26;29.04;23.50;47.00;Bueno;118.41;Regular;Bueno;Regular
2026-05-03;14:00;49;63.00;54.38;41.83;Bueno;115.37;Regular;15;29.00;23.50;47.00;Bueno;118.41;Regular;Bueno;Regular
2026-05-03;15:00;34;62.50;54.38;41.83;Bueno;115.37;Regular;8;28.67;23.50;47.00;Bueno;118.41;Regular;Bueno;Regular
2026-05-03;16:00;27;61.79;54.38;41.83;Bueno;115.37;Regular;5;28.25;23.50;47.00;Bueno;118.41;Regular;Bueno;Regular
2026-05-03;17:00;25;61.12;54.38;41.83;Bueno;115.37;Regular;2;27.71;23.50;47.00;Bueno;118.41;Regular;Bueno;Regular
2026-05-03;18:00;26;59.12;54.38;41.83;Bueno;115.37;Regular;4;26.62;23.50;47.00;Bueno;118.41;Regular;Bueno;Regular
2026-05-03;19:00;39;57.92;54.38;41.83;Bueno;115.37;Regular;9;25.88;23.50;47.00;Bueno;118.41;Regular;Bueno;Regular
2026-05-03;20:00;39;56.29;54.38;41.83;Bueno;115.37;Regular;9;25.00;23.50;47.00;Bueno;118.41;Regular;Bueno;Regular
2026-05-03;21:00;47;55.71;54.38;41.83;Bueno;115.37;Regular;14;24.67;23.50;47.00;Bueno;118.41;Regular;Bueno;Regular
2026-05-03;22:00;58;55.25;54.38;41.83;Bueno;115.37;Regular;13;24.00;23.50;47.00;Bueno;118.41;Regular;Bueno;Regular
2026-05-03;23:00;48;54.38;54.38;41.83;Bueno;115.37;Regular;16;23.50;23.50;47.00;Bueno;118.41;Regular;Bueno;Regular
2026-05-04;00:00;65;54.17;78.42;60.32;Bueno;155.07;Regular;18;22.92;18.42;36.83;Bueno;107.39;Regular;Bueno;Regular
2026-05-04;01:00;55;53.67;78.42;60.32;Bueno;155.07;Regular;21;22.58;18.42;36.83;Bueno;107.39;Regular;Bueno;Regular
2026-05-04;02:00;44;52.83;78.42;60.32;Bueno;155.07;Regular;15;21.75;18.42;36.83;Bueno;107.39;Regular;Bueno;Regular
2026-05-04;03:00;46;52.00;78.42;60.32;Bueno;155.07;Regular;11;20.62;18.42;36.83;Bueno;107.39;Regular;Bueno;Regular
2026-05-04;04:00;38;51.00;78.42;60.32;Bueno;155.07;Regular;15;19.88;18.42;36.83;Bueno;107.39;Regular;Bueno;Regular
2026-05-04;05:00;48;50.42;78.42;60.32;Bueno;155.07;Regular;22;19.25;18.42;36.83;Bueno;107.39;Regular;Bueno;Regular
2026-05-04;06:00;41;49.96;78.42;60.32;Bueno;155.07;Regular;19;18.58;18.42;36.83;Bueno;107.39;Regular;Bueno;Regular
2026-05-04;07:00;74;50.00;78.42;60.32;Bueno;155.07;Regular;21;17.92;18.42;36.83;Bueno;107.39;Regular;Bueno;Regular
2026-05-04;08:00;144;52.67;78.42;60.32;Bueno;155.07;Regular;30;17.58;18.42;36.83;Bueno;107.39;Regular;Bueno;Regular
2026-05-04;09:00;136;55.12;78.42;60.32;Bueno;155.07;Regular;26;16.88;18.42;36.83;Bueno;107.39;Regular;Bueno;Regular
2026-05-04;10:00;104;56.58;78.42;60.32;Bueno;155.07;Regular;27;16.50;18.42;36.83;Bueno;107.39;Regular;Bueno;Regular
2026-05-04;11:00;55;56.46;78.42;60.32;Bueno;155.07;Regular;11;15.75;18.42;36.83;Bueno;107.39;Regular;Bueno;Regular
2026-05-04;12:00;72;57.04;78.42;60.32;Bueno;155.07;Regular;11;15.33;18.42;36.83;Bueno;107.39;Regular;Bueno;Regular
2026-05-04;13:00;55;57.04;78.42;60.32;Bueno;155.07;Regular;10;14.67;18.42;36.83;Bueno;107.39;Regular;Bueno;Regular
2026-05-04;14:00;64;57.67;78.42;60.32;Bueno;155.07;Regular;10;14.46;18.42;36.83;Bueno;107.39;Regular;Bueno;Regular
2026-05-04;15:00;45;58.12;78.42;60.32;Bueno;155.07;Regular;7;14.42;18.42;36.83;Bueno;107.39;Regular;Bueno;Regular
2026-05-04;16:00;43;58.79;78.42;60.32;Bueno;155.07;Regular;12;14.71;18.42;36.83;Bueno;107.39;Regular;Bueno;Regular
2026-05-04;17:00;46;59.67;78.42;60.32;Bueno;155.07;Regular;12;15.12;18.42;36.83;Bueno;107.39;Regular;Bueno;Regular
2026-05-04;18:00;57;60.96;78.42;60.32;Bueno;155.07;Regular;9;15.33;18.42;36.83;Bueno;107.39;Regular;Bueno;Regular
2026-05-04;19:00;97;63.38;78.42;60.32;Bueno;155.07;Regular;21;15.83;18.42;36.83;Bueno;107.39;Regular;Bueno;Regular
2026-05-04;20:00;142;67.67;78.42;60.32;Bueno;155.07;Regular;19;16.25;18.42;36.83;Bueno;107.39;Regular;Bueno;Regular
2026-05-04;21:00;159;72.33;78.42;60.32;Bueno;155.07;Regular;32;17.00;18.42;36.83;Bueno;107.39;Regular;Bueno;Regular
2026-05-04;22:00;142;75.83;78.42;60.32;Bueno;155.07;Regular;31;17.75;18.42;36.83;Bueno;107.39;Regular;Bueno;Regular
2026-05-04;23:00;110;78.42;78.42;60.32;Bueno;155.07;Regular;32;18.42;18.42;36.83;Bueno;107.39;Regular;Bueno;Regular
2026-05-05;00:00;130;81.12;86.58;66.60;Bueno;168.64;Regular;38;19.25;20.42;40.83;Bueno;111.72;Regular;Bueno;Regular
2026-05-05;01:00;123;83.96;86.58;66.60;Bueno;168.64;Regular;39;20.00;20.42;40.83;Bueno;111.72;Regular;Bueno;Regular
2026-05-05;02:00;108;86.62;86.58;66.60;Bueno;168.64;Regular;32;20.71;20.42;40.83;Bueno;111.72;Regular;Bueno;Regular
2026-05-05;03:00;79;88.00;86.58;66.60;Bueno;168.64;Regular;26;21.33;20.42;40.83;Bueno;111.72;Regular;Bueno;Regular
2026-05-05;04:00;73;89.46;86.58;66.60;Bueno;168.64;Regular;25;21.75;20.42;40.83;Bueno;111.72;Regular;Bueno;Regular
2026-05-05;05:00;92;91.29;86.58;66.60;Bueno;168.64;Regular;31;22.12;20.42;40.83;Bueno;111.72;Regular;Bueno;Regular
2026-05-05;06:00;96;93.58;86.58;66.60;Bueno;168.64;Regular;34;22.75;20.42;40.83;Bueno;111.72;Regular;Bueno;Regular
2026-05-05;07:00;148;96.67;86.58;66.60;Bueno;168.64;Regular;35;23.33;20.42;40.83;Bueno;111.72;Regular;Bueno;Regular
2026-05-05;08:00;213;99.54;86.58;66.60;Bueno;168.64;Regular;36;23.58;20.42;40.83;Bueno;111.72;Regular;Bueno;Regular
2026-05-05;09:00;97;97.92;86.58;66.60;Bueno;168.64;Regular;24;23.50;20.42;40.83;Bueno;111.72;Regular;Bueno;Regular
2026-05-05;10:00;101;97.79;86.58;66.60;Bueno;168.64;Regular;25;23.42;20.42;40.83;Bueno;111.72;Regular;Bueno;Regular
2026-05-05;11:00;116;100.33;86.58;66.60;Bueno;168.64;Regular;26;24.04;20.42;40.83;Bueno;111.72;Regular;Bueno;Regular
2026-05-05;12:00;89;101.04;86.58;66.60;Bueno;168.64;Regular;20;24.42;20.42;40.83;Bueno;111.72;Regular;Bueno;Regular
2026-05-05;13:00;97;102.79;86.58;66.60;Bueno;168.64;Regular;22;24.92;20.42;40.83;Bueno;111.72;Regular;Bueno;Regular
2026-05-05;14:00;105;104.50;86.58;66.60;Bueno;168.64;Regular;11;24.96;20.42;40.83;Bueno;111.72;Regular;Bueno;Regular
2026-05-05;15:00;87;106.25;86.58;66.60;Bueno;168.64;Regular;15;25.29;20.42;40.83;Bueno;111.72;Regular;Bueno;Regular
2026-05-05;16:00;82;107.88;86.58;66.60;Bueno;168.64;Regular;9;25.17;20.42;40.83;Bueno;111.72;Regular;Bueno;Regular
2026-05-05;17:00;61;108.50;86.58;66.60;Bueno;168.64;Regular;10;25.08;20.42;40.83;Bueno;111.72;Regular;Bueno;Regular
2026-05-05;18:00;46;108.04;86.58;66.60;Bueno;168.64;Regular;10;25.12;20.42;40.83;Bueno;111.72;Regular;Bueno;Regular
2026-05-05;19:00;34;105.42;86.58;66.60;Bueno;168.64;Regular;7;24.54;20.42;40.83;Bueno;111.72;Regular;Bueno;Regular
2026-05-05;20:00;37;101.04;86.58;66.60;Bueno;168.64;Regular;5;23.96;20.42;40.83;Bueno;111.72;Regular;Bueno;Regular
2026-05-05;21:00;27;95.54;86.58;66.60;Bueno;168.64;Regular;4;22.79;20.42;40.83;Bueno;111.72;Regular;Bueno;Regular
2026-05-05;22:00;19;90.42;86.58;66.60;Bueno;168.64;Regular;4;21.67;20.42;40.83;Bueno;111.72;Regular;Bueno;Regular
2026-05-05;23:00;18;86.58;86.58;66.60;Bueno;168.64;Regular;2;20.42;20.42;40.83;Bueno;111.72;Regular;Bueno;Regular
2026-05-06;00:00;12;81.67;33.88;26.06;Bueno;75.28;Bueno;3;18.96;8.29;16.58;Bueno;55.28;Bueno;Bueno;Bueno
2026-05-06;01:00;33;77.92;33.88;26.06;Bueno;75.28;Bueno;5;17.54;8.29;16.58;Bueno;55.28;Bueno;Bueno;Bueno
2026-05-06;02:00;25;74.46;33.88;26.06;Bueno;75.28;Bueno;4;16.38;8.29;16.58;Bueno;55.28;Bueno;Bueno;Bueno
2026-05-06;03:00;25;72.21;33.88;26.06;Bueno;75.28;Bueno;8;15.62;8.29;16.58;Bueno;55.28;Bueno;Bueno;Bueno
2026-05-06;04:00;33;70.54;33.88;26.06;Bueno;75.28;Bueno;10;15.00;8.29;16.58;Bueno;55.28;Bueno;Bueno;Bueno
2026-05-06;05:00;38;68.29;33.88;26.06;Bueno;75.28;Bueno;13;14.25;8.29;16.58;Bueno;55.28;Bueno;Bueno;Bueno
2026-05-06;06:00;33;65.67;33.88;26.06;Bueno;75.28;Bueno;14;13.42;8.29;16.58;Bueno;55.28;Bueno;Bueno;Bueno
2026-05-06;07:00;69;62.38;33.88;26.06;Bueno;75.28;Bueno;14;12.54;8.29;16.58;Bueno;55.28;Bueno;Bueno;Bueno
2026-05-06;08:00;118;58.42;33.88;26.06;Bueno;75.28;Bueno;28;12.21;8.29;16.58;Bueno;55.28;Bueno;Bueno;Bueno
2026-05-06;09:00;82;57.79;33.88;26.06;Bueno;75.28;Bueno;21;12.08;8.29;16.58;Bueno;55.28;Bueno;Bueno;Bueno
2026-05-06;10:00;48;55.58;33.88;26.06;Bueno;75.28;Bueno;13;11.58;8.29;16.58;Bueno;55.28;Bueno;Bueno;Bueno
2026-05-06;11:00;71;53.71;33.88;26.06;Bueno;75.28;Bueno;12;11.00;8.29;16.58;Bueno;55.28;Bueno;Bueno;Bueno
2026-05-06;12:00;58;52.42;33.88;26.06;Bueno;75.28;Bueno;6;10.42;8.29;16.58;Bueno;55.28;Bueno;Bueno;Bueno
2026-05-06;13:00;35;49.83;33.88;26.06;Bueno;75.28;Bueno;7;9.79;8.29;16.58;Bueno;55.28;Bueno;Bueno;Bueno
2026-05-06;14:00;31;46.75;33.88;26.06;Bueno;75.28;Bueno;9;9.71;8.29;16.58;Bueno;55.28;Bueno;Bueno;Bueno
2026-05-06;15:00;34;44.54;33.88;26.06;Bueno;75.28;Bueno;10;9.50;8.29;16.58;Bueno;55.28;Bueno;Bueno;Bueno
2026-05-06;16:00;22;42.04;33.88;26.06;Bueno;75.28;Bueno;11;9.58;8.29;16.58;Bueno;55.28;Bueno;Bueno;Bueno
2026-05-06;17:00;8;39.83;33.88;26.06;Bueno;75.28;Bueno;5;9.38;8.29;16.58;Bueno;55.28;Bueno;Bueno;Bueno
2026-05-06;18:00;5;38.12;33.88;26.06;Bueno;75.28;Bueno;1;9.00;8.29;16.58;Bueno;55.28;Bueno;Bueno;Bueno
2026-05-06;19:00;4;36.88;33.88;26.06;Bueno;75.28;Bueno;1;8.75;8.29;16.58;Bueno;55.28;Bueno;Bueno;Bueno
2026-05-06;20:00;3;35.46;33.88;26.06;Bueno;75.28;Bueno;1;8.58;8.29;16.58;Bueno;55.28;Bueno;Bueno;Bueno
2026-05-06;21:00;4;34.50;33.88;26.06;Bueno;75.28;Bueno;1;8.46;8.29;16.58;Bueno;55.28;Bueno;Bueno;Bueno
2026-05-06;22:00;10;34.12;33.88;26.06;Bueno;75.28;Bueno;1;8.33;8.29;16.58;Bueno;55.28;Bueno;Bueno;Bueno
2026-05-06;23:00;12;33.88;33.88;26.06;Bueno;75.28;Bueno;1;8.29;8.29;16.58;Bueno;55.28;Bueno;Bueno;Bueno
2026-05-07;00:00;10;33.79;23.50;18.08;Bueno;52.22;Bueno;1;8.21;7.04;14.08;Bueno;46.94;Bueno;Bueno;Bueno
2026-05-07;01:00;7;32.71;23.50;18.08;Bueno;52.22;Bueno;1;8.04;7.04;14.08;Bueno;46.94;Bueno;Bueno;Bueno
2026-05-07;02:00;6;31.92;23.50;18.08;Bueno;52.22;Bueno;2;7.96;7.04;14.08;Bueno;46.94;Bueno;Bueno;Bueno
2026-05-07;03:00;7;31.17;23.50;18.08;Bueno;52.22;Bueno;2;7.71;7.04;14.08;Bueno;46.94;Bueno;Bueno;Bueno
2026-05-07;04:00;10;30.21;23.50;18.08;Bueno;52.22;Bueno;1;7.33;7.04;14.08;Bueno;46.94;Bueno;Bueno;Bueno
2026-05-07;05:00;14;29.21;23.50;18.08;Bueno;52.22;Bueno;3;6.92;7.04;14.08;Bueno;46.94;Bueno;Bueno;Bueno
2026-05-07;06:00;11;28.29;23.50;18.08;Bueno;52.22;Bueno;3;6.46;7.04;14.08;Bueno;46.94;Bueno;Bueno;Bueno
2026-05-07;07:00;20;26.25;23.50;18.08;Bueno;52.22;Bueno;4;6.04;7.04;14.08;Bueno;46.94;Bueno;Bueno;Bueno
2026-05-07;08:00;27;22.46;23.50;18.08;Bueno;52.22;Bueno;6;5.12;7.04;14.08;Bueno;46.94;Bueno;Bueno;Bueno
2026-05-07;09:00;33;20.42;23.50;18.08;Bueno;52.22;Bueno;11;4.71;7.04;14.08;Bueno;46.94;Bueno;Bueno;Bueno
2026-05-07;10:00;43;20.21;23.50;18.08;Bueno;52.22;Bueno;9;4.54;7.04;14.08;Bueno;46.94;Bueno;Bueno;Bueno
2026-05-07;11:00;35;18.71;23.50;18.08;Bueno;52.22;Bueno;16;4.71;7.04;14.08;Bueno;46.94;Bueno;Bueno;Bueno
2026-05-07;12:00;25;17.33;23.50;18.08;Bueno;52.22;Bueno;11;4.92;7.04;14.08;Bueno;46.94;Bueno;Bueno;Bueno
2026-05-07;13:00;25;16.92;23.50;18.08;Bueno;52.22;Bueno;10;5.04;7.04;14.08;Bueno;46.94;Bueno;Bueno;Bueno
2026-05-07;14:00;30;16.88;23.50;18.08;Bueno;52.22;Bueno;8;5.00;7.04;14.08;Bueno;46.94;Bueno;Bueno;Bueno
2026-05-07;15:00;29;16.67;23.50;18.08;Bueno;52.22;Bueno;7;4.88;7.04;14.08;Bueno;46.94;Bueno;Bueno;Bueno
2026-05-07;16:00;18;16.50;23.50;18.08;Bueno;52.22;Bueno;5;4.62;7.04;14.08;Bueno;46.94;Bueno;Bueno;Bueno
2026-05-07;17:00;30;17.42;23.50;18.08;Bueno;52.22;Bueno;4;4.58;7.04;14.08;Bueno;46.94;Bueno;Bueno;Bueno
2026-05-07;18:00;26;18.29;23.50;18.08;Bueno;52.22;Bueno;8;4.88;7.04;14.08;Bueno;46.94;Bueno;Bueno;Bueno
2026-05-07;19:00;28;19.29;23.50;18.08;Bueno;52.22;Bueno;7;5.12;7.04;14.08;Bueno;46.94;Bueno;Bueno;Bueno
2026-05-07;20:00;22;20.08;23.50;18.08;Bueno;52.22;Bueno;11;5.54;7.04;14.08;Bueno;46.94;Bueno;Bueno;Bueno
2026-05-07;21:00;33;21.29;23.50;18.08;Bueno;52.22;Bueno;13;6.04;7.04;14.08;Bueno;46.94;Bueno;Bueno;Bueno
2026-05-07;22:00;39;22.50;23.50;18.08;Bueno;52.22;Bueno;17;6.71;7.04;14.08;Bueno;46.94;Bueno;Bueno;Bueno
2026-05-07;23:00;36;23.50;23.50;18.08;Bueno;52.22;Bueno;9;7.04;7.04;14.08;Bueno;46.94;Bueno;Bueno;Bueno
2026-05-08;00:00;30;24.33;41.42;31.86;Bueno;92.04;Bueno;15;7.62;15.12;30.25;Bueno;100.27;Regular;Bueno;Regular
2026-05-08;01:00;29;25.25;41.42;31.86;Bueno;92.04;Bueno;14;8.17;15.12;30.25;Bueno;100.27;Regular;Bueno;Regular
2026-05-08;02:00;22;25.92;41.42;31.86;Bueno;92.04;Bueno;9;8.46;15.12;30.25;Bueno;100.27;Regular;Bueno;Regular
2026-05-08;03:00;22;26.54;41.42;31.86;Bueno;92.04;Bueno;16;9.04;15.12;30.25;Bueno;100.27;Regular;Bueno;Regular
2026-05-08;04:00;37;27.67;41.42;31.86;Bueno;92.04;Bueno;15;9.62;15.12;30.25;Bueno;100.27;Regular;Bueno;Regular
2026-05-08;05:00;41;28.79;41.42;31.86;Bueno;92.04;Bueno;17;10.21;15.12;30.25;Bueno;100.27;Regular;Bueno;Regular
2026-05-08;06:00;39;29.96;41.42;31.86;Bueno;92.04;Bueno;19;10.88;15.12;30.25;Bueno;100.27;Regular;Bueno;Regular
2026-05-08;07:00;71;32.08;41.42;31.86;Bueno;92.04;Bueno;25;11.75;15.12;30.25;Bueno;100.27;Regular;Bueno;Regular
2026-05-08;08:00;76;34.12;41.42;31.86;Bueno;92.04;Bueno;18;12.25;15.12;30.25;Bueno;100.27;Regular;Bueno;Regular
2026-05-08;09:00;51;34.88;41.42;31.86;Bueno;92.04;Bueno;22;12.71;15.12;30.25;Bueno;100.27;Regular;Bueno;Regular
2026-05-08;10:00;59;35.54;41.42;31.86;Bueno;92.04;Bueno;26;13.42;15.12;30.25;Bueno;100.27;Regular;Bueno;Regular
2026-05-08;11:00;54;36.33;41.42;31.86;Bueno;92.04;Bueno;27;13.88;15.12;30.25;Bueno;100.27;Regular;Bueno;Regular
2026-05-08;12:00;45;37.17;41.42;31.86;Bueno;92.04;Bueno;18;14.17;15.12;30.25;Bueno;100.27;Regular;Bueno;Regular
2026-05-08;13:00;43;37.92;41.42;31.86;Bueno;92.04;Bueno;15;14.38;15.12;30.25;Bueno;100.27;Regular;Bueno;Regular
2026-05-08;14:00;32;38.00;41.42;31.86;Bueno;92.04;Bueno;13;14.58;15.12;30.25;Bueno;100.27;Regular;Bueno;Regular
2026-05-08;15:00;29;38.00;41.42;31.86;Bueno;92.04;Bueno;11;14.75;15.12;30.25;Bueno;100.27;Regular;Bueno;Regular
2026-05-08;16:00;24;38.25;41.42;31.86;Bueno;92.04;Bueno;7;14.83;15.12;30.25;Bueno;100.27;Regular;Bueno;Regular
2026-05-08;17:00;24;38.00;41.42;31.86;Bueno;92.04;Bueno;4;14.83;15.12;30.25;Bueno;100.27;Regular;Bueno;Regular
2026-05-08;18:00;22;37.83;41.42;31.86;Bueno;92.04;Bueno;6;14.75;15.12;30.25;Bueno;100.27;Regular;Bueno;Regular
2026-05-08;19:00;43;38.46;41.42;31.86;Bueno;92.04;Bueno;4;14.62;15.12;30.25;Bueno;100.27;Regular;Bueno;Regular
2026-05-08;20:00;70;40.46;41.42;31.86;Bueno;92.04;Bueno;23;15.12;15.12;30.25;Bueno;100.27;Regular;Bueno;Regular
2026-05-08;21:00;67;41.88;41.42;31.86;Bueno;92.04;Bueno;22;15.50;15.12;30.25;Bueno;100.27;Regular;Bueno;Regular
2026-05-08;22:00;36;41.75;41.42;31.86;Bueno;92.04;Bueno;10;15.21;15.12;30.25;Bueno;100.27;Regular;Bueno;Regular
2026-05-08;23:00;28;41.42;41.42;31.86;Bueno;92.04;Bueno;7;15.12;15.12;30.25;Bueno;100.27;Regular;Bueno;Regular
2026-05-09;00:00;62;42.75;66.54;51.19;Bueno;135.41;Regular;21;15.38;27.42;54.83;Bueno;126.92;Regular;Bueno;Regular
2026-05-09;01:00;49;43.58;66.54;51.19;Bueno;135.41;Regular;20;15.62;27.42;54.83;Bueno;126.92;Regular;Bueno;Regular
2026-05-09;02:00;47;44.62;66.54;51.19;Bueno;135.41;Regular;19;16.04;27.42;54.83;Bueno;126.92;Regular;Bueno;Regular
2026-05-09;03:00;49;45.75;66.54;51.19;Bueno;135.41;Regular;21;16.25;27.42;54.83;Bueno;126.92;Regular;Bueno;Regular
2026-05-09;04:00;57;46.58;66.54;51.19;Bueno;135.41;Regular;24;16.62;27.42;54.83;Bueno;126.92;Regular;Bueno;Regular
2026-05-09;05:00;52;47.04;66.54;51.19;Bueno;135.41;Regular;31;17.21;27.42;54.83;Bueno;126.92;Regular;Bueno;Regular
2026-05-09;06:00;45;47.29;66.54;51.19;Bueno;135.41;Regular;21;17.29;27.42;54.83;Bueno;126.92;Regular;Bueno;Regular
2026-05-09;07:00;48;46.33;66.54;51.19;Bueno;135.41;Regular;22;17.17;27.42;54.83;Bueno;126.92;Regular;Bueno;Regular
2026-05-09;08:00;71;46.12;66.54;51.19;Bueno;135.41;Regular;25;17.46;27.42;54.83;Bueno;126.92;Regular;Bueno;Regular
2026-05-09;09:00;74;47.08;66.54;51.19;Bueno;135.41;Regular;30;17.79;27.42;54.83;Bueno;126.92;Regular;Bueno;Regular
2026-05-09;10:00;67;47.42;66.54;51.19;Bueno;135.41;Regular;30;17.96;27.42;54.83;Bueno;126.92;Regular;Bueno;Regular
2026-05-09;11:00;51;47.29;66.54;51.19;Bueno;135.41;Regular;24;17.83;27.42;54.83;Bueno;126.92;Regular;Bueno;Regular
2026-05-09;12:00;40;47.08;66.54;51.19;Bueno;135.41;Regular;13;17.62;27.42;54.83;Bueno;126.92;Regular;Bueno;Regular
2026-05-09;13:00;37;46.83;66.54;51.19;Bueno;135.41;Regular;13;17.54;27.42;54.83;Bueno;126.92;Regular;Bueno;Regular
2026-05-09;14:00;29;46.71;66.54;51.19;Bueno;135.41;Regular;9;17.38;27.42;54.83;Bueno;126.92;Regular;Bueno;Regular
2026-05-09;15:00;36;47.00;66.54;51.19;Bueno;135.41;Regular;8;17.25;27.42;54.83;Bueno;126.92;Regular;Bueno;Regular
2026-05-09;16:00;49;48.04;66.54;51.19;Bueno;135.41;Regular;17;17.67;27.42;54.83;Bueno;126.92;Regular;Bueno;Regular
2026-05-09;17:00;72;50.04;66.54;51.19;Bueno;135.41;Regular;25;18.54;27.42;54.83;Bueno;126.92;Regular;Bueno;Regular
2026-05-09;18:00;103;53.42;66.54;51.19;Bueno;135.41;Regular;44;20.12;27.42;54.83;Bueno;126.92;Regular;Bueno;Regular
2026-05-09;19:00;118;56.54;66.54;51.19;Bueno;135.41;Regular;51;22.08;27.42;54.83;Bueno;126.92;Regular;Bueno;Regular
2026-05-09;20:00;128;58.96;66.54;51.19;Bueno;135.41;Regular;48;23.12;27.42;54.83;Bueno;126.92;Regular;Bueno;Regular
2026-05-09;21:00;130;61.58;66.54;51.19;Bueno;135.41;Regular;56;24.54;27.42;54.83;Bueno;126.92;Regular;Bueno;Regular
2026-05-09;22:00;95;64.04;66.54;51.19;Bueno;135.41;Regular;44;25.96;27.42;54.83;Bueno;126.92;Regular;Bueno;Regular
2026-05-09;23:00;88;66.54;66.54;51.19;Bueno;135.41;Regular;42;27.42;27.42;54.83;Bueno;126.92;Regular;Bueno;Regular
2026-05-10;00:00;84;67.46;72.67;55.90;Bueno;145.54;Regular;46;28.46;35.33;70.67;Bueno;144.20;Regular;Bueno;Regular
2026-05-10;01:00;75;68.54;72.67;55.90;Bueno;145.54;Regular;44;29.46;35.33;70.67;Bueno;144.20;Regular;Bueno;Regular
2026-05-10;02:00;88;70.25;72.67;55.90;Bueno;145.54;Regular;48;30.67;35.33;70.67;Bueno;144.20;Regular;Bueno;Regular
2026-05-10;03:00;79;71.50;72.67;55.90;Bueno;145.54;Regular;41;31.50;35.33;70.67;Bueno;144.20;Regular;Bueno;Regular
2026-05-10;04:00;57;71.50;72.67;55.90;Bueno;145.54;Regular;29;31.71;35.33;70.67;Bueno;144.20;Regular;Bueno;Regular
2026-05-10;05:00;47;71.29;72.67;55.90;Bueno;145.54;Regular;29;31.62;35.33;70.67;Bueno;144.20;Regular;Bueno;Regular
2026-05-10;06:00;43;71.21;72.67;55.90;Bueno;145.54;Regular;24;31.75;35.33;70.67;Bueno;144.20;Regular;Bueno;Regular
2026-05-10;07:00;67;72.00;72.67;55.90;Bueno;145.54;Regular;42;32.58;35.33;70.67;Bueno;144.20;Regular;Bueno;Regular
2026-05-10;08:00;55;71.33;72.67;55.90;Bueno;145.54;Regular;26;32.62;35.33;70.67;Bueno;144.20;Regular;Bueno;Regular
2026-05-10;09:00;45;70.12;72.67;55.90;Bueno;145.54;Regular;23;32.33;35.33;70.67;Bueno;144.20;Regular;Bueno;Regular
2026-05-10;10:00;38;68.92;72.67;55.90;Bueno;145.54;Regular;20;31.92;35.33;70.67;Bueno;144.20;Regular;Bueno;Regular
2026-05-10;11:00;56;69.12;72.67;55.90;Bueno;145.54;Regular;27;32.04;35.33;70.67;Bueno;144.20;Regular;Bueno;Regular
2026-05-10;12:00;41;69.17;72.67;55.90;Bueno;145.54;Regular;18;32.25;35.33;70.67;Bueno;144.20;Regular;Bueno;Regular
2026-05-10;13:00;52;69.79;72.67;55.90;Bueno;145.54;Regular;18;32.46;35.33;70.67;Bueno;144.20;Regular;Bueno;Regular
2026-05-10;14:00;50;70.67;72.67;55.90;Bueno;145.54;Regular;18;32.83;35.33;70.67;Bueno;144.20;Regular;Bueno;Regular
2026-05-10;15:00;56;71.50;72.67;55.90;Bueno;145.54;Regular;33;33.88;35.33;70.67;Bueno;144.20;Regular;Bueno;Regular
2026-05-10;16:00;46;71.38;72.67;55.90;Bueno;145.54;Regular;21;34.04;35.33;70.67;Bueno;144.20;Regular;Bueno;Regular
2026-05-10;17:00;61;70.92;72.67;55.90;Bueno;145.54;Regular;25;34.04;35.33;70.67;Bueno;144.20;Regular;Bueno;Regular
2026-05-10;18:00;91;70.42;72.67;55.90;Bueno;145.54;Regular;45;34.08;35.33;70.67;Bueno;144.20;Regular;Bueno;Regular
2026-05-10;19:00;108;70.00;72.67;55.90;Bueno;145.54;Regular;51;34.08;35.33;70.67;Bueno;144.20;Regular;Bueno;Regular
2026-05-10;20:00;138;70.42;72.67;55.90;Bueno;145.54;Regular;62;34.67;35.33;70.67;Bueno;144.20;Regular;Bueno;Regular
2026-05-10;21:00;149;71.21;72.67;55.90;Bueno;145.54;Regular;70;35.25;35.33;70.67;Bueno;144.20;Regular;Bueno;Regular
2026-05-10;22:00;130;72.67;72.67;55.90;Bueno;145.54;Regular;56;35.75;35.33;70.67;Bueno;144.20;Regular;Bueno;Regular
2026-05-10;23:00;88;72.67;72.67;55.90;Bueno;145.54;Regular;32;35.33;35.33;70.67;Bueno;144.20;Regular;Bueno;Regular
2026-05-11;00:00;85;72.71;88.46;68.04;Bueno;171.76;Regular;38;35.00;28.67;57.33;Bueno;129.65;Regular;Bueno;Regular
2026-05-11;01:00;92;73.42;88.46;68.04;Bueno;171.76;Regular;45;35.04;28.67;57.33;Bueno;129.65;Regular;Bueno;Regular
2026-05-11;02:00;83;73.21;88.46;68.04;Bueno;171.76;Regular;44;34.88;28.67;57.33;Bueno;129.65;Regular;Bueno;Regular
2026-05-11;03:00;57;72.29;88.46;68.04;Bueno;171.76;Regular;26;34.25;28.67;57.33;Bueno;129.65;Regular;Bueno;Regular
2026-05-11;04:00;50;72.00;88.46;68.04;Bueno;171.76;Regular;28;34.21;28.67;57.33;Bueno;129.65;Regular;Bueno;Regular
2026-05-11;05:00;56;72.38;88.46;68.04;Bueno;171.76;Regular;29;34.21;28.67;57.33;Bueno;129.65;Regular;Bueno;Regular
2026-05-11;06:00;63;73.21;88.46;68.04;Bueno;171.76;Regular;33;34.58;28.67;57.33;Bueno;129.65;Regular;Bueno;Regular
2026-05-11;07:00;100;74.58;88.46;68.04;Bueno;171.76;Regular;35;34.29;28.67;57.33;Bueno;129.65;Regular;Bueno;Regular
2026-05-11;08:00;135;77.92;88.46;68.04;Bueno;171.76;Regular;45;35.08;28.67;57.33;Bueno;129.65;Regular;Bueno;Regular
2026-05-11;09:00;296;88.38;88.46;68.04;Bueno;171.76;Regular;62;36.71;28.67;57.33;Bueno;129.65;Regular;Bueno;Regular
2026-05-11;10:00;164;93.62;88.46;68.04;Bueno;171.76;Regular;34;37.29;28.67;57.33;Bueno;129.65;Regular;Bueno;Regular
2026-05-11;11:00;117;96.17;88.46;68.04;Bueno;171.76;Regular;21;37.04;28.67;57.33;Bueno;129.65;Regular;Bueno;Regular
2026-05-11;12:00;63;97.08;88.46;68.04;Bueno;171.76;Regular;12;36.79;28.67;57.33;Bueno;129.65;Regular;Bueno;Regular
2026-05-11;13:00;84;98.42;88.46;68.04;Bueno;171.76;Regular;12;36.54;28.67;57.33;Bueno;129.65;Regular;Bueno;Regular
2026-05-11;14:00;62;98.92;88.46;68.04;Bueno;171.76;Regular;10;36.21;28.67;57.33;Bueno;129.65;Regular;Bueno;Regular
2026-05-11;15:00;67;99.38;88.46;68.04;Bueno;171.76;Regular;16;35.50;28.67;57.33;Bueno;129.65;Regular;Bueno;Regular
2026-05-11;16:00;67;100.25;88.46;68.04;Bueno;171.76;Regular;19;35.42;28.67;57.33;Bueno;129.65;Regular;Bueno;Regular
2026-05-11;17:00;74;100.79;88.46;68.04;Bueno;171.76;Regular;20;35.21;28.67;57.33;Bueno;129.65;Regular;Bueno;Regular
2026-05-11;18:00;79;100.29;88.46;68.04;Bueno;171.76;Regular;26;34.42;28.67;57.33;Bueno;129.65;Regular;Bueno;Regular
2026-05-11;19:00;82;99.21;88.46;68.04;Bueno;171.76;Regular;29;33.50;28.67;57.33;Bueno;129.65;Regular;Bueno;Regular
2026-05-11;20:00;63;96.08;88.46;68.04;Bueno;171.76;Regular;25;31.96;28.67;57.33;Bueno;129.65;Regular;Bueno;Regular
2026-05-11;21:00;50;91.96;88.46;68.04;Bueno;171.76;Regular;23;30.00;28.67;57.33;Bueno;129.65;Regular;Bueno;Regular
2026-05-11;22:00;80;89.88;88.46;68.04;Bueno;171.76;Regular;32;29.00;28.67;57.33;Bueno;129.65;Regular;Bueno;Regular
2026-05-11;23:00;54;88.46;88.46;68.04;Bueno;171.76;Regular;24;28.67;28.67;57.33;Bueno;129.65;Regular;Bueno;Regular
2026-05-12;00:00;55;87.21;67.96;52.28;Bueno;137.75;Regular;31;28.38;41.00;82.00;Bueno;156.63;Regular;Bueno;Regular
2026-05-12;01:00;35;84.83;67.96;52.28;Bueno;137.75;Regular;26;27.58;41.00;82.00;Bueno;156.63;Regular;Bueno;Regular
2026-05-12;02:00;24;82.38;67.96;52.28;Bueno;137.75;Regular;21;26.62;41.00;82.00;Bueno;156.63;Regular;Bueno;Regular
2026-05-12;03:00;27;81.12;67.96;52.28;Bueno;137.75;Regular;19;26.33;41.00;82.00;Bueno;156.63;Regular;Bueno;Regular
2026-05-12;04:00;31;80.33;67.96;52.28;Bueno;137.75;Regular;23;26.12;41.00;82.00;Bueno;156.63;Regular;Bueno;Regular
2026-05-12;05:00;36;79.50;67.96;52.28;Bueno;137.75;Regular;32;26.25;41.00;82.00;Bueno;156.63;Regular;Bueno;Regular
2026-05-12;06:00;51;79.00;67.96;52.28;Bueno;137.75;Regular;32;26.21;41.00;82.00;Bueno;156.63;Regular;Bueno;Regular
2026-05-12;07:00;37;76.38;67.96;52.28;Bueno;137.75;Regular;27;25.88;41.00;82.00;Bueno;156.63;Regular;Bueno;Regular
2026-05-12;08:00;37;72.29;67.96;52.28;Bueno;137.75;Regular;30;25.25;41.00;82.00;Bueno;156.63;Regular;Bueno;Regular
2026-05-12;09:00;67;62.75;67.96;52.28;Bueno;137.75;Regular;50;24.75;41.00;82.00;Bueno;156.63;Regular;Bueno;Regular
2026-05-12;10:00;104;60.25;67.96;52.28;Bueno;137.75;Regular;68;26.17;41.00;82.00;Bueno;156.63;Regular;Bueno;Regular
2026-05-12;11:00;118;60.29;67.96;52.28;Bueno;137.75;Regular;73;28.33;41.00;82.00;Bueno;156.63;Regular;Bueno;Regular
2026-05-12;12:00;100;61.83;67.96;52.28;Bueno;137.75;Regular;55;30.12;41.00;82.00;Bueno;156.63;Regular;Bueno;Regular
2026-05-12;13:00;109;62.88;67.96;52.28;Bueno;137.75;Regular;54;31.88;41.00;82.00;Bueno;156.63;Regular;Bueno;Regular
2026-05-12;14:00;92;64.12;67.96;52.28;Bueno;137.75;Regular;56;33.79;41.00;82.00;Bueno;156.63;Regular;Bueno;Regular
2026-05-12;15:00;89;65.04;67.96;52.28;Bueno;137.75;Regular;37;34.67;41.00;82.00;Bueno;156.63;Regular;Bueno;Regular
2026-05-12;16:00;64;64.92;67.96;52.28;Bueno;137.75;Regular;32;35.21;41.00;82.00;Bueno;156.63;Regular;Bueno;Regular
2026-05-12;17:00;67;64.62;67.96;52.28;Bueno;137.75;Regular;33;35.75;41.00;82.00;Bueno;156.63;Regular;Bueno;Regular
2026-05-12;18:00;57;63.71;67.96;52.28;Bueno;137.75;Regular;27;35.79;41.00;82.00;Bueno;156.63;Regular;Bueno;Regular
2026-05-12;19:00;67;63.08;67.96;52.28;Bueno;137.75;Regular;27;35.71;41.00;82.00;Bueno;156.63;Regular;Bueno;Regular
2026-05-12;20:00;105;64.83;67.96;52.28;Bueno;137.75;Regular;64;37.33;41.00;82.00;Bueno;156.63;Regular;Bueno;Regular
2026-05-12;21:00;96;66.75;67.96;52.28;Bueno;137.75;Regular;59;38.83;41.00;82.00;Bueno;156.63;Regular;Bueno;Regular
2026-05-12;22:00;100;67.58;67.96;52.28;Bueno;137.75;Regular;64;40.17;41.00;82.00;Bueno;156.63;Regular;Bueno;Regular
2026-05-12;23:00;63;67.96;67.96;52.28;Bueno;137.75;Regular;44;41.00;41.00;82.00;Bueno;156.63;Regular;Bueno;Regular
2026-05-13;00:00;41;67.38;91.12;70.10;Bueno;176.21;Regular;27;40.83;54.54;115.14;Regular;186.50;Regular;Regular;Regular
2026-05-13;01:00;58;68.33;91.12;70.10;Bueno;176.21;Regular;37;41.29;54.54;115.14;Regular;186.50;Regular;Regular;Regular
2026-05-13;02:00;55;69.62;91.12;70.10;Bueno;176.21;Regular;40;42.08;54.54;115.14;Regular;186.50;Regular;Regular;Regular
2026-05-13;03:00;39;70.12;91.12;70.10;Bueno;176.21;Regular;37;42.83;54.54;115.14;Regular;186.50;Regular;Regular;Regular
2026-05-13;04:00;39;70.46;91.12;70.10;Bueno;176.21;Regular;29;43.08;54.54;115.14;Regular;186.50;Regular;Regular;Regular
2026-05-13;05:00;38;70.54;91.12;70.10;Bueno;176.21;Regular;29;42.96;54.54;115.14;Regular;186.50;Regular;Regular;Regular
2026-05-13;06:00;36;69.92;91.12;70.10;Bueno;176.21;Regular;27;42.75;54.54;115.14;Regular;186.50;Regular;Regular;Regular
2026-05-13;07:00;34;69.79;91.12;70.10;Bueno;176.21;Regular;29;42.83;54.54;115.14;Regular;186.50;Regular;Regular;Regular
2026-05-13;08:00;49;70.29;91.12;70.10;Bueno;176.21;Regular;38;43.17;54.54;115.14;Regular;186.50;Regular;Regular;Regular
2026-05-13;09:00;88;71.17;91.12;70.10;Bueno;176.21;Regular;50;43.17;54.54;115.14;Regular;186.50;Regular;Regular;Regular
2026-05-13;10:00;109;71.38;91.12;70.10;Bueno;176.21;Regular;62;42.92;54.54;115.14;Regular;186.50;Regular;Regular;Regular
2026-05-13;11:00;132;71.96;91.12;70.10;Bueno;176.21;Regular;76;43.04;54.54;115.14;Regular;186.50;Regular;Regular;Regular
2026-05-13;12:00;178;75.21;91.12;70.10;Bueno;176.21;Regular;105;45.12;54.54;115.14;Regular;186.50;Regular;Regular;Regular
2026-05-13;13:00;136;76.33;91.12;70.10;Bueno;176.21;Regular;80;46.21;54.54;115.14;Regular;186.50;Regular;Regular;Regular
2026-05-13;14:00;130;77.92;91.12;70.10;Bueno;176.21;Regular;72;46.88;54.54;115.14;Regular;186.50;Regular;Regular;Regular
2026-05-13;15:00;147;80.33;91.12;70.10;Bueno;176.21;Regular;80;48.67;54.54;115.14;Regular;186.50;Regular;Regular;Regular
2026-05-13;16:00;113;82.38;91.12;70.10;Bueno;176.21;Regular;63;49.96;54.54;115.14;Regular;186.50;Regular;Regular;Regular
2026-05-13;17:00;113;84.29;91.12;70.10;Bueno;176.21;Regular;63;51.21;54.54;115.14;Regular;186.50;Regular;Regular;Regular
2026-05-13;18:00;96;85.92;91.12;70.10;Bueno;176.21;Regular;56;52.42;54.54;115.14;Regular;186.50;Regular;Regular;Regular
2026-05-13;19:00;104;87.46;91.12;70.10;Bueno;176.21;Regular;57;53.67;54.54;115.14;Regular;186.50;Regular;Regular;Regular
2026-05-13;20:00;94;87.00;91.12;70.10;Bueno;176.21;Regular;57;53.38;54.54;115.14;Regular;186.50;Regular;Regular;Regular
2026-05-13;21:00;109;87.54;91.12;70.10;Bueno;176.21;Regular;59;53.38;54.54;115.14;Regular;186.50;Regular;Regular;Regular
2026-05-13;22:00;134;88.96;91.12;70.10;Bueno;176.21;Regular;70;53.62;54.54;115.14;Regular;186.50;Regular;Regular;Regular
2026-05-13;23:00;115;91.12;91.12;70.10;Bueno;176.21;Regular;66;54.54;54.54;115.14;Regular;186.50;Regular;Regular;Regular
2026-05-14;00:00;120;94.42;114.38;87.98;Bueno;215.17;Alerta;74;56.50;61.04;136.81;Regular;200.93;Alerta;Regular;Alerta
2026-05-14;01:00;106;96.42;114.38;87.98;Bueno;215.17;Alerta;68;57.79;61.04;136.81;Regular;200.93;Alerta;Regular;Alerta
2026-05-14;02:00;100;98.29;114.38;87.98;Bueno;215.17;Alerta;65;58.83;61.04;136.81;Regular;200.93;Alerta;Regular;Alerta
2026-05-14;03:00;103;100.96;114.38;87.98;Bueno;215.17;Alerta;63;59.92;61.04;136.81;Regular;200.93;Alerta;Regular;Alerta
2026-05-14;04:00;110;103.92;114.38;87.98;Bueno;215.17;Alerta;68;61.54;61.04;136.81;Regular;200.93;Alerta;Regular;Alerta
2026-05-14;05:00;108;106.83;114.38;87.98;Bueno;215.17;Alerta;74;63.42;61.04;136.81;Regular;200.93;Alerta;Regular;Alerta
2026-05-14;06:00;99;109.46;114.38;87.98;Bueno;215.17;Alerta;67;65.08;61.04;136.81;Regular;200.93;Alerta;Regular;Alerta
2026-05-14;07:00;128;113.38;114.38;87.98;Bueno;215.17;Alerta;72;66.88;61.04;136.81;Regular;200.93;Alerta;Regular;Alerta
2026-05-14;08:00;157;117.88;114.38;87.98;Bueno;215.17;Alerta;79;68.58;61.04;136.81;Regular;200.93;Alerta;Regular;Alerta
2026-05-14;09:00;178;121.62;114.38;87.98;Bueno;215.17;Alerta;84;70.00;61.04;136.81;Regular;200.93;Alerta;Regular;Alerta
2026-05-14;10:00;163;123.88;114.38;87.98;Bueno;215.17;Alerta;86;71.00;61.04;136.81;Regular;200.93;Alerta;Regular;Alerta
2026-05-14;11:00;170;125.46;114.38;87.98;Bueno;215.17;Alerta;82;71.25;61.04;136.81;Regular;200.93;Alerta;Regular;Alerta
2026-05-14;12:00;157;124.58;114.38;87.98;Bueno;215.17;Alerta;74;69.96;61.04;136.81;Regular;200.93;Alerta;Regular;Alerta
2026-05-14;13:00;118;123.83;114.38;87.98;Bueno;215.17;Alerta;59;69.08;61.04;136.81;Regular;200.93;Alerta;Regular;Alerta
2026-05-14;14:00;99;122.54;114.38;87.98;Bueno;215.17;Alerta;48;68.08;61.04;136.81;Regular;200.93;Alerta;Regular;Alerta
2026-05-14;15:00;73;119.46;114.38;87.98;Bueno;215.17;Alerta;33;66.12;61.04;136.81;Regular;200.93;Alerta;Regular;Alerta
2026-05-14;16:00;67;117.54;114.38;87.98;Bueno;215.17;Alerta;20;64.33;61.04;136.81;Regular;200.93;Alerta;Regular;Alerta
2026-05-14;17:00;82;116.25;114.38;87.98;Bueno;215.17;Alerta;35;63.17;61.04;136.81;Regular;200.93;Alerta;Regular;Alerta
2026-05-14;18:00;93;116.12;114.38;87.98;Bueno;215.17;Alerta;50;62.92;61.04;136.81;Regular;200.93;Alerta;Regular;Alerta
2026-05-14;19:00;108;116.29;114.38;87.98;Bueno;215.17;Alerta;50;62.62;61.04;136.81;Regular;200.93;Alerta;Regular;Alerta
2026-05-14;20:00;105;116.75;114.38;87.98;Bueno;215.17;Alerta;54;62.50;61.04;136.81;Regular;200.93;Alerta;Regular;Alerta
2026-05-14;21:00;107;116.67;114.38;87.98;Bueno;215.17;Alerta;53;62.25;61.04;136.81;Regular;200.93;Alerta;Regular;Alerta
2026-05-14;22:00;80;114.42;114.38;87.98;Bueno;215.17;Alerta;45;61.21;61.04;136.81;Regular;200.93;Alerta;Regular;Alerta
2026-05-14;23:00;114;114.38;114.38;87.98;Bueno;215.17;Alerta;62;61.04;61.04;136.81;Regular;200.93;Alerta;Regular;Alerta
2026-05-15;00:00;128;114.71;100.00;76.92;Bueno;191.04;Regular;53;60.17;48.71;97.42;Bueno;173.60;Regular;Bueno;Regular
2026-05-15;01:00;105;114.67;100.00;76.92;Bueno;191.04;Regular;50;59.42;48.71;97.42;Bueno;173.60;Regular;Bueno;Regular
2026-05-15;02:00;107;114.96;100.00;76.92;Bueno;191.04;Regular;52;58.88;48.71;97.42;Bueno;173.60;Regular;Bueno;Regular
2026-05-15;03:00;92;114.50;100.00;76.92;Bueno;191.04;Regular;61;58.79;48.71;97.42;Bueno;173.60;Regular;Bueno;Regular
2026-05-15;04:00;89;113.62;100.00;76.92;Bueno;191.04;Regular;54;58.21;48.71;97.42;Bueno;173.60;Regular;Bueno;Regular
2026-05-15;05:00;110;113.71;100.00;76.92;Bueno;191.04;Regular;69;58.00;48.71;97.42;Bueno;173.60;Regular;Bueno;Regular
2026-05-15;06:00;119;114.54;100.00;76.92;Bueno;191.04;Regular;65;57.92;48.71;97.42;Bueno;173.60;Regular;Bueno;Regular
2026-05-15;07:00;110;113.79;100.00;76.92;Bueno;191.04;Regular;62;57.50;48.71;97.42;Bueno;173.60;Regular;Bueno;Regular
2026-05-15;08:00;182;114.83;100.00;76.92;Bueno;191.04;Regular;63;56.83;48.71;97.42;Bueno;173.60;Regular;Bueno;Regular
2026-05-15;09:00;115;112.21;100.00;76.92;Bueno;191.04;Regular;59;55.79;48.71;97.42;Bueno;173.60;Regular;Bueno;Regular
2026-05-15;10:00;124;110.58;100.00;76.92;Bueno;191.04;Regular;55;54.50;48.71;97.42;Bueno;173.60;Regular;Bueno;Regular
2026-05-15;11:00;124;108.67;100.00;76.92;Bueno;191.04;Regular;56;53.42;48.71;97.42;Bueno;173.60;Regular;Bueno;Regular
2026-05-15;12:00;104;106.46;100.00;76.92;Bueno;191.04;Regular;47;52.29;48.71;97.42;Bueno;173.60;Regular;Bueno;Regular
2026-05-15;13:00;83;105.00;100.00;76.92;Bueno;191.04;Regular;40;51.50;48.71;97.42;Bueno;173.60;Regular;Bueno;Regular
2026-05-15;14:00;115;105.67;100.00;76.92;Bueno;191.04;Regular;47;51.46;48.71;97.42;Bueno;173.60;Regular;Bueno;Regular
2026-05-15;15:00;111;107.25;100.00;76.92;Bueno;191.04;Regular;45;51.96;48.71;97.42;Bueno;173.60;Regular;Bueno;Regular
2026-05-15;16:00;82;107.88;100.00;76.92;Bueno;191.04;Regular;31;52.42;48.71;97.42;Bueno;173.60;Regular;Bueno;Regular
2026-05-15;17:00;76;107.62;100.00;76.92;Bueno;191.04;Regular;31;52.25;48.71;97.42;Bueno;173.60;Regular;Bueno;Regular
2026-05-15;18:00;83;107.21;100.00;76.92;Bueno;191.04;Regular;44;52.00;48.71;97.42;Bueno;173.60;Regular;Bueno;Regular
2026-05-15;19:00;63;105.33;100.00;76.92;Bueno;191.04;Regular;32;51.25;48.71;97.42;Bueno;173.60;Regular;Bueno;Regular
2026-05-15;20:00;80;104.29;100.00;76.92;Bueno;191.04;Regular;38;50.58;48.71;97.42;Bueno;173.60;Regular;Bueno;Regular
2026-05-15;21:00;70;102.75;100.00;76.92;Bueno;191.04;Regular;36;49.88;48.71;97.42;Bueno;173.60;Regular;Bueno;Regular
2026-05-15;22:00;65;102.12;100.00;76.92;Bueno;191.04;Regular;39;49.62;48.71;97.42;Bueno;173.60;Regular;Bueno;Regular
2026-05-15;23:00;63;100.00;100.00;76.92;Bueno;191.04;Regular;40;48.71;48.71;97.42;Bueno;173.60;Regular;Bueno;Regular
2026-05-16;00:00;53;96.88;70.92;54.55;Bueno;142.64;Regular;38;48.08;44.75;89.50;Bueno;164.87;Regular;Bueno;Regular
2026-05-16;01:00;58;94.92;70.92;54.55;Bueno;142.64;Regular;37;47.54;44.75;89.50;Bueno;164.87;Regular;Bueno;Regular
2026-05-16;02:00;57;92.83;70.92;54.55;Bueno;142.64;Regular;38;46.96;44.75;89.50;Bueno;164.87;Regular;Bueno;Regular
2026-05-16;03:00;61;91.54;70.92;54.55;Bueno;142.64;Regular;46;46.33;44.75;89.50;Bueno;164.87;Regular;Bueno;Regular
2026-05-16;04:00;62;90.42;70.92;54.55;Bueno;142.64;Regular;48;46.08;44.75;89.50;Bueno;164.87;Regular;Bueno;Regular
2026-05-16;05:00;70;88.75;70.92;54.55;Bueno;142.64;Regular;51;45.33;44.75;89.50;Bueno;164.87;Regular;Bueno;Regular
2026-05-16;06:00;77;87.00;70.92;54.55;Bueno;142.64;Regular;49;44.67;44.75;89.50;Bueno;164.87;Regular;Bueno;Regular
2026-05-16;07:00;91;86.21;70.92;54.55;Bueno;142.64;Regular;54;44.33;44.75;89.50;Bueno;164.87;Regular;Bueno;Regular
2026-05-16;08:00;100;82.79;70.92;54.55;Bueno;142.64;Regular;58;44.12;44.75;89.50;Bueno;164.87;Regular;Bueno;Regular
2026-05-16;09:00;100;82.17;70.92;54.55;Bueno;142.64;Regular;66;44.42;44.75;89.50;Bueno;164.87;Regular;Bueno;Regular
2026-05-16;10:00;85;80.54;70.92;54.55;Bueno;142.64;Regular;60;44.62;44.75;89.50;Bueno;164.87;Regular;Bueno;Regular
2026-05-16;11:00;77;78.58;70.92;54.55;Bueno;142.64;Regular;57;44.67;44.75;89.50;Bueno;164.87;Regular;Bueno;Regular
2026-05-16;12:00;81;77.62;70.92;54.55;Bueno;142.64;Regular;46;44.62;44.75;89.50;Bueno;164.87;Regular;Bueno;Regular
2026-05-16;13:00;72;77.17;70.92;54.55;Bueno;142.64;Regular;37;44.50;44.75;89.50;Bueno;164.87;Regular;Bueno;Regular
2026-05-16;14:00;42;74.12;70.92;54.55;Bueno;142.64;Regular;17;43.25;44.75;89.50;Bueno;164.87;Regular;Bueno;Regular
2026-05-16;15:00;35;70.96;70.92;54.55;Bueno;142.64;Regular;19;42.17;44.75;89.50;Bueno;164.87;Regular;Bueno;Regular
2026-05-16;16:00;57;69.92;70.92;54.55;Bueno;142.64;Regular;27;42.00;44.75;89.50;Bueno;164.87;Regular;Bueno;Regular
2026-05-16;17:00;47;68.71;70.92;54.55;Bueno;142.64;Regular;28;41.88;44.75;89.50;Bueno;164.87;Regular;Bueno;Regular
2026-05-16;18:00;56;67.58;70.92;54.55;Bueno;142.64;Regular;30;41.29;44.75;89.50;Bueno;164.87;Regular;Bueno;Regular
2026-05-16;19:00;58;67.38;70.92;54.55;Bueno;142.64;Regular;31;41.25;44.75;89.50;Bueno;164.87;Regular;Bueno;Regular
2026-05-16;20:00;66;66.79;70.92;54.55;Bueno;142.64;Regular;41;41.38;44.75;89.50;Bueno;164.87;Regular;Bueno;Regular
2026-05-16;21:00;75;67.00;70.92;54.55;Bueno;142.64;Regular;48;41.88;44.75;89.50;Bueno;164.87;Regular;Bueno;Regular
2026-05-16;22:00;93;68.17;70.92;54.55;Bueno;142.64;Regular;60;42.75;44.75;89.50;Bueno;164.87;Regular;Bueno;Regular
2026-05-16;23:00;129;70.92;70.92;54.55;Bueno;142.64;Regular;88;44.75;44.75;89.50;Bueno;164.87;Regular;Bueno;Regular
2026-05-17;00:00;141;74.58;79.38;61.06;Bueno;156.66;Regular;103;47.46;45.79;91.58;Bueno;167.17;Regular;Bueno;Regular
2026-05-17;01:00;122;77.25;79.38;61.06;Bueno;156.66;Regular;82;49.33;45.79;91.58;Bueno;167.17;Regular;Bueno;Regular
2026-05-17;02:00;124;80.04;79.38;61.06;Bueno;156.66;Regular;80;51.08;45.79;91.58;Bueno;167.17;Regular;Bueno;Regular
2026-05-17;03:00;102;81.75;79.38;61.06;Bueno;156.66;Regular;68;52.00;45.79;91.58;Bueno;167.17;Regular;Bueno;Regular
2026-05-17;04:00;74;82.25;79.38;61.06;Bueno;156.66;Regular;49;52.04;45.79;91.58;Bueno;167.17;Regular;Bueno;Regular
2026-05-17;05:00;69;82.21;79.38;61.06;Bueno;156.66;Regular;50;52.00;45.79;91.58;Bueno;167.17;Regular;Bueno;Regular
2026-05-17;06:00;78;82.25;79.38;61.06;Bueno;156.66;Regular;52;52.12;45.79;91.58;Bueno;167.17;Regular;Bueno;Regular
2026-05-17;07:00;91;82.25;79.38;61.06;Bueno;156.66;Regular;64;52.54;45.79;91.58;Bueno;167.17;Regular;Bueno;Regular
2026-05-17;08:00;77;81.29;79.38;61.06;Bueno;156.66;Regular;53;52.33;45.79;91.58;Bueno;167.17;Regular;Bueno;Regular
2026-05-17;09:00;88;80.79;79.38;61.06;Bueno;156.66;Regular;55;51.88;45.79;91.58;Bueno;167.17;Regular;Bueno;Regular
2026-05-17;10:00;67;80.04;79.38;61.06;Bueno;156.66;Regular;41;51.08;45.79;91.58;Bueno;167.17;Regular;Bueno;Regular
2026-05-17;11:00;63;79.46;79.38;61.06;Bueno;156.66;Regular;40;50.38;45.79;91.58;Bueno;167.17;Regular;Bueno;Regular
2026-05-17;12:00;56;78.42;79.38;61.06;Bueno;156.66;Regular;31;49.75;45.79;91.58;Bueno;167.17;Regular;Bueno;Regular
2026-05-17;13:00;38;77.00;79.38;61.06;Bueno;156.66;Regular;12;48.71;45.79;91.58;Bueno;167.17;Regular;Bueno;Regular
2026-05-17;14:00;37;76.79;79.38;61.06;Bueno;156.66;Regular;18;48.75;45.79;91.58;Bueno;167.17;Regular;Bueno;Regular
2026-05-17;15:00;45;77.21;79.38;61.06;Bueno;156.66;Regular;23;48.92;45.79;91.58;Bueno;167.17;Regular;Bueno;Regular
2026-05-17;16:00;54;77.08;79.38;61.06;Bueno;156.66;Regular;20;48.62;45.79;91.58;Bueno;167.17;Regular;Bueno;Regular
2026-05-17;17:00;60;77.62;79.38;61.06;Bueno;156.66;Regular;27;48.58;45.79;91.58;Bueno;167.17;Regular;Bueno;Regular
2026-05-17;18:00;62;77.88;79.38;61.06;Bueno;156.66;Regular;26;48.42;45.79;91.58;Bueno;167.17;Regular;Bueno;Regular
2026-05-17;19:00;80;78.79;79.38;61.06;Bueno;156.66;Regular;39;48.75;45.79;91.58;Bueno;167.17;Regular;Bueno;Regular
2026-05-17;20:00;92;79.88;79.38;61.06;Bueno;156.66;Regular;41;48.75;45.79;91.58;Bueno;167.17;Regular;Bueno;Regular
2026-05-17;21:00;104;81.08;79.38;61.06;Bueno;156.66;Regular;43;48.54;45.79;91.58;Bueno;167.17;Regular;Bueno;Regular
2026-05-17;22:00;101;81.42;79.38;61.06;Bueno;156.66;Regular;43;47.83;45.79;91.58;Bueno;167.17;Regular;Bueno;Regular
2026-05-17;23:00;80;79.38;79.38;61.06;Bueno;156.66;Regular;39;45.79;45.79;91.58;Bueno;167.17;Regular;Bueno;Regular
2026-05-18;00:00;75;76.62;97.75;75.19;Bueno;187.27;Regular;30;42.75;31.62;63.25;Bueno;136.10;Regular;Bueno;Regular
2026-05-18;01:00;63;74.17;97.75;75.19;Bueno;187.27;Regular;31;40.62;31.62;63.25;Bueno;136.10;Regular;Bueno;Regular
2026-05-18;02:00;61;71.54;97.75;75.19;Bueno;187.27;Regular;29;38.50;31.62;63.25;Bueno;136.10;Regular;Bueno;Regular
2026-05-18;03:00;64;69.96;97.75;75.19;Bueno;187.27;Regular;32;37.00;31.62;63.25;Bueno;136.10;Regular;Bueno;Regular
2026-05-18;04:00;57;69.25;97.75;75.19;Bueno;187.27;Regular;29;36.17;31.62;63.25;Bueno;136.10;Regular;Bueno;Regular
2026-05-18;05:00;62;68.96;97.75;75.19;Bueno;187.27;Regular;36;35.58;31.62;63.25;Bueno;136.10;Regular;Bueno;Regular
2026-05-18;06:00;72;68.71;97.75;75.19;Bueno;187.27;Regular;41;35.12;31.62;63.25;Bueno;136.10;Regular;Bueno;Regular
2026-05-18;07:00;104;69.25;97.75;75.19;Bueno;187.27;Regular;39;34.08;31.62;63.25;Bueno;136.10;Regular;Bueno;Regular
2026-05-18;08:00;132;71.54;97.75;75.19;Bueno;187.27;Regular;46;33.79;31.62;63.25;Bueno;136.10;Regular;Bueno;Regular
2026-05-18;09:00;138;73.62;97.75;75.19;Bueno;187.27;Regular;47;33.46;31.62;63.25;Bueno;136.10;Regular;Bueno;Regular
2026-05-18;10:00;189;78.71;97.75;75.19;Bueno;187.27;Regular;53;33.96;31.62;63.25;Bueno;136.10;Regular;Bueno;Regular
2026-05-18;11:00;156;82.58;97.75;75.19;Bueno;187.27;Regular;42;34.04;31.62;63.25;Bueno;136.10;Regular;Bueno;Regular
2026-05-18;12:00;88;83.92;97.75;75.19;Bueno;187.27;Regular;24;33.75;31.62;63.25;Bueno;136.10;Regular;Bueno;Regular
2026-05-18;13:00;73;85.38;97.75;75.19;Bueno;187.27;Regular;14;33.83;31.62;63.25;Bueno;136.10;Regular;Bueno;Regular
2026-05-18;14:00;70;86.75;97.75;75.19;Bueno;187.27;Regular;18;33.83;31.62;63.25;Bueno;136.10;Regular;Bueno;Regular
2026-05-18;15:00;78;88.12;97.75;75.19;Bueno;187.27;Regular;17;33.58;31.62;63.25;Bueno;136.10;Regular;Bueno;Regular
2026-05-18;16:00;58;88.29;97.75;75.19;Bueno;187.27;Regular;9;33.12;31.62;63.25;Bueno;136.10;Regular;Bueno;Regular
2026-05-18;17:00;73;88.83;97.75;75.19;Bueno;187.27;Regular;16;32.67;31.62;63.25;Bueno;136.10;Regular;Bueno;Regular
2026-05-18;18:00;82;89.67;97.75;75.19;Bueno;187.27;Regular;19;32.38;31.62;63.25;Bueno;136.10;Regular;Bueno;Regular
2026-05-18;19:00;95;90.29;97.75;75.19;Bueno;187.27;Regular;35;32.21;31.62;63.25;Bueno;136.10;Regular;Bueno;Regular
2026-05-18;20:00;128;91.79;97.75;75.19;Bueno;187.27;Regular;41;32.21;31.62;63.25;Bueno;136.10;Regular;Bueno;Regular
2026-05-18;21:00;156;93.96;97.75;75.19;Bueno;187.27;Regular;38;32.00;31.62;63.25;Bueno;136.10;Regular;Bueno;Regular
2026-05-18;22:00;148;95.92;97.75;75.19;Bueno;187.27;Regular;37;31.75;31.62;63.25;Bueno;136.10;Regular;Bueno;Regular
2026-05-18;23:00;124;97.75;97.75;75.19;Bueno;187.27;Regular;36;31.62;31.62;63.25;Bueno;136.10;Regular;Bueno;Regular
2026-05-19;00:00;124;99.79;125.08;96.22;Bueno;233.24;Alerta;32;31.71;43.62;87.25;Bueno;162.40;Regular;Bueno;Alerta
2026-05-19;01:00;132;102.67;125.08;96.22;Bueno;233.24;Alerta;38;32.00;43.62;87.25;Bueno;162.40;Regular;Bueno;Alerta
2026-05-19;02:00;122;105.21;125.08;96.22;Bueno;233.24;Alerta;45;32.67;43.62;87.25;Bueno;162.40;Regular;Bueno;Alerta
2026-05-19;03:00;100;106.71;125.08;96.22;Bueno;233.24;Alerta;37;32.88;43.62;87.25;Bueno;162.40;Regular;Bueno;Alerta
2026-05-19;04:00;84;107.83;125.08;96.22;Bueno;233.24;Alerta;35;33.12;43.62;87.25;Bueno;162.40;Regular;Bueno;Alerta
2026-05-19;05:00;97;109.29;125.08;96.22;Bueno;233.24;Alerta;44;33.46;43.62;87.25;Bueno;162.40;Regular;Bueno;Alerta
2026-05-19;06:00;86;109.88;125.08;96.22;Bueno;233.24;Alerta;42;33.50;43.62;87.25;Bueno;162.40;Regular;Bueno;Alerta
2026-05-19;07:00;130;110.96;125.08;96.22;Bueno;233.24;Alerta;42;33.62;43.62;87.25;Bueno;162.40;Regular;Bueno;Alerta
2026-05-19;08:00;174;112.71;125.08;96.22;Bueno;233.24;Alerta;49;33.75;43.62;87.25;Bueno;162.40;Regular;Bueno;Alerta
2026-05-19;09:00;158;113.54;125.08;96.22;Bueno;233.24;Alerta;50;33.88;43.62;87.25;Bueno;162.40;Regular;Bueno;Alerta
2026-05-19;10:00;87;109.29;125.08;96.22;Bueno;233.24;Alerta;37;33.21;43.62;87.25;Bueno;162.40;Regular;Bueno;Alerta
2026-05-19;11:00;123;107.92;125.08;96.22;Bueno;233.24;Alerta;41;33.17;43.62;87.25;Bueno;162.40;Regular;Bueno;Alerta
2026-05-19;12:00;148;110.42;125.08;96.22;Bueno;233.24;Alerta;46;34.08;43.62;87.25;Bueno;162.40;Regular;Bueno;Alerta
2026-05-19;13:00;123;112.50;125.08;96.22;Bueno;233.24;Alerta;39;35.12;43.62;87.25;Bueno;162.40;Regular;Bueno;Alerta
2026-05-19;14:00;84;113.08;125.08;96.22;Bueno;233.24;Alerta;29;35.58;43.62;87.25;Bueno;162.40;Regular;Bueno;Alerta
2026-05-19;15:00;74;112.92;125.08;96.22;Bueno;233.24;Alerta;26;35.96;43.62;87.25;Bueno;162.40;Regular;Bueno;Alerta
2026-05-19;16:00;90;114.25;125.08;96.22;Bueno;233.24;Alerta;31;36.88;43.62;87.25;Bueno;162.40;Regular;Bueno;Alerta
2026-05-19;17:00;109;115.75;125.08;96.22;Bueno;233.24;Alerta;48;38.21;43.62;87.25;Bueno;162.40;Regular;Bueno;Alerta
2026-05-19;18:00;123;117.46;125.08;96.22;Bueno;233.24;Alerta;48;39.42;43.62;87.25;Bueno;162.40;Regular;Bueno;Alerta
2026-05-19;19:00;137;119.21;125.08;96.22;Bueno;233.24;Alerta;55;40.25;43.62;87.25;Bueno;162.40;Regular;Bueno;Alerta
2026-05-19;20:00;124;119.04;125.08;96.22;Bueno;233.24;Alerta;55;40.83;43.62;87.25;Bueno;162.40;Regular;Bueno;Alerta
2026-05-19;21:00;195;120.67;125.08;96.22;Bueno;233.24;Alerta;59;41.71;43.62;87.25;Bueno;162.40;Regular;Bueno;Alerta
2026-05-19;22:00;195;122.62;125.08;96.22;Bueno;233.24;Alerta;60;42.67;43.62;87.25;Bueno;162.40;Regular;Bueno;Alerta
2026-05-19;23:00;183;125.08;125.08;96.22;Bueno;233.24;Alerta;59;43.62;43.62;87.25;Bueno;162.40;Regular;Bueno;Alerta
2026-05-20;00:00;213;128.79;133.50;107.00;Regular;247.50;Alerta;85;45.83;63.54;145.14;Regular;206.50;Alerta;Regular;Alerta
2026-05-20;01:00;144;129.29;133.50;107.00;Regular;247.50;Alerta;63;46.88;63.54;145.14;Regular;206.50;Alerta;Regular;Alerta
2026-05-20;02:00;137;129.92;133.50;107.00;Regular;247.50;Alerta;58;47.42;63.54;145.14;Regular;206.50;Alerta;Regular;Alerta
2026-05-20;03:00;119;130.71;133.50;107.00;Regular;247.50;Alerta;58;48.29;63.54;145.14;Regular;206.50;Alerta;Regular;Alerta
2026-05-20;04:00;124;132.38;133.50;107.00;Regular;247.50;Alerta;65;49.54;63.54;145.14;Regular;206.50;Alerta;Regular;Alerta
2026-05-20;05:00;105;132.71;133.50;107.00;Regular;247.50;Alerta;52;49.88;63.54;145.14;Regular;206.50;Alerta;Regular;Alerta
2026-05-20;06:00;126;134.38;133.50;107.00;Regular;247.50;Alerta;62;50.71;63.54;145.14;Regular;206.50;Alerta;Regular;Alerta
2026-05-20;07:00;159;135.58;133.50;107.00;Regular;247.50;Alerta;65;51.67;63.54;145.14;Regular;206.50;Alerta;Regular;Alerta
2026-05-20;08:00;189;136.21;133.50;107.00;Regular;247.50;Alerta;68;52.46;63.54;145.14;Regular;206.50;Alerta;Regular;Alerta
2026-05-20;09:00;175;136.92;133.50;107.00;Regular;247.50;Alerta;86;53.96;63.54;145.14;Regular;206.50;Alerta;Regular;Alerta
2026-05-20;10:00;203;141.75;133.50;107.00;Regular;247.50;Alerta;75;55.54;63.54;145.14;Regular;206.50;Alerta;Regular;Alerta
2026-05-20;11:00;185;144.33;133.50;107.00;Regular;247.50;Alerta;70;56.75;63.54;145.14;Regular;206.50;Alerta;Regular;Alerta
2026-05-20;12:00;131;143.62;133.50;107.00;Regular;247.50;Alerta;62;57.42;63.54;145.14;Regular;206.50;Alerta;Regular;Alerta
2026-05-20;13:00;172;145.67;133.50;107.00;Regular;247.50;Alerta;81;59.17;63.54;145.14;Regular;206.50;Alerta;Regular;Alerta
2026-05-20;14:00;165;149.04;133.50;107.00;Regular;247.50;Alerta;80;61.29;63.54;145.14;Regular;206.50;Alerta;Regular;Alerta
2026-05-20;15:00;143;151.92;133.50;107.00;Regular;247.50;Alerta;69;63.08;63.54;145.14;Regular;206.50;Alerta;Regular;Alerta
2026-05-20;16:00;125;153.38;133.50;107.00;Regular;247.50;Alerta;61;64.33;63.54;145.14;Regular;206.50;Alerta;Regular;Alerta
2026-05-20;17:00;109;153.38;133.50;107.00;Regular;247.50;Alerta;62;64.92;63.54;145.14;Regular;206.50;Alerta;Regular;Alerta
2026-05-20;18:00;113;152.96;133.50;107.00;Regular;247.50;Alerta;56;65.25;63.54;145.14;Regular;206.50;Alerta;Regular;Alerta
2026-05-20;19:00;84;150.75;133.50;107.00;Regular;247.50;Alerta;55;65.25;63.54;145.14;Regular;206.50;Alerta;Regular;Alerta
2026-05-20;20:00;73;148.62;133.50;107.00;Regular;247.50;Alerta;48;64.96;63.54;145.14;Regular;206.50;Alerta;Regular;Alerta
2026-05-20;21:00;85;144.04;133.50;107.00;Regular;247.50;Alerta;45;64.38;63.54;145.14;Regular;206.50;Alerta;Regular;Alerta
2026-05-20;22:00;71;138.88;133.50;107.00;Regular;247.50;Alerta;50;63.96;63.54;145.14;Regular;206.50;Alerta;Regular;Alerta
2026-05-20;23:00;54;133.50;133.50;107.00;Regular;247.50;Alerta;49;63.54;63.54;145.14;Regular;206.50;Alerta;Regular;Alerta
2026-05-21;00:00;69;127.50;73.96;56.89;Bueno;147.68;Regular;54;62.25;57.79;125.97;Regular;193.71;Regular;Regular;Regular
2026-05-21;01:00;65;124.21;73.96;56.89;Bueno;147.68;Regular;49;61.67;57.79;125.97;Regular;193.71;Regular;Regular;Regular
2026-05-21;02:00;59;120.96;73.96;56.89;Bueno;147.68;Regular;40;60.92;57.79;125.97;Regular;193.71;Regular;Regular;Regular
2026-05-21;03:00;58;118.42;73.96;56.89;Bueno;147.68;Regular;43;60.29;57.79;125.97;Regular;193.71;Regular;Regular;Regular
2026-05-21;04:00;57;115.62;73.96;56.89;Bueno;147.68;Regular;47;59.54;57.79;125.97;Regular;193.71;Regular;Regular;Regular
2026-05-21;05:00;50;113.33;73.96;56.89;Bueno;147.68;Regular;45;59.25;57.79;125.97;Regular;193.71;Regular;Regular;Regular
2026-05-21;06:00;61;110.62;73.96;56.89;Bueno;147.68;Regular;48;58.67;57.79;125.97;Regular;193.71;Regular;Regular;Regular
2026-05-21;07:00;62;106.58;73.96;56.89;Bueno;147.68;Regular;48;57.96;57.79;125.97;Regular;193.71;Regular;Regular;Regular
2026-05-21;08:00;59;101.17;73.96;56.89;Bueno;147.68;Regular;55;57.42;57.79;125.97;Regular;193.71;Regular;Regular;Regular
2026-05-21;09:00;71;96.83;73.96;56.89;Bueno;147.68;Regular;64;56.50;57.79;125.97;Regular;193.71;Regular;Regular;Regular
2026-05-21;10:00;73;91.42;73.96;56.89;Bueno;147.68;Regular;60;55.88;57.79;125.97;Regular;193.71;Regular;Regular;Regular
2026-05-21;11:00;79;87.00;73.96;56.89;Bueno;147.68;Regular;61;55.50;57.79;125.97;Regular;193.71;Regular;Regular;Regular
2026-05-21;12:00;81;84.92;73.96;56.89;Bueno;147.68;Regular;68;55.75;57.79;125.97;Regular;193.71;Regular;Regular;Regular
2026-05-21;13:00;88;81.42;73.96;56.89;Bueno;147.68;Regular;68;55.21;57.79;125.97;Regular;193.71;Regular;Regular;Regular
2026-05-21;14:00;92;78.38;73.96;56.89;Bueno;147.68;Regular;75;55.00;57.79;125.97;Regular;193.71;Regular;Regular;Regular
2026-05-21;15:00;85;75.96;73.96;56.89;Bueno;147.68;Regular;67;54.92;57.79;125.97;Regular;193.71;Regular;Regular;Regular
2026-05-21;16:00;85;74.29;73.96;56.89;Bueno;147.68;Regular;63;55.00;57.79;125.97;Regular;193.71;Regular;Regular;Regular
2026-05-21;17:00;71;72.71;73.96;56.89;Bueno;147.68;Regular;53;54.62;57.79;125.97;Regular;193.71;Regular;Regular;Regular
2026-05-21;18:00;84;71.50;73.96;56.89;Bueno;147.68;Regular;60;54.79;57.79;125.97;Regular;193.71;Regular;Regular;Regular
2026-05-21;19:00;70;70.92;73.96;56.89;Bueno;147.68;Regular;56;54.83;57.79;125.97;Regular;193.71;Regular;Regular;Regular
2026-05-21;20:00;82;71.29;73.96;56.89;Bueno;147.68;Regular;58;55.25;57.79;125.97;Regular;193.71;Regular;Regular;Regular
2026-05-21;21:00;100;71.92;73.96;56.89;Bueno;147.68;Regular;69;56.25;57.79;125.97;Regular;193.71;Regular;Regular;Regular
2026-05-21;22:00;104;73.29;73.96;56.89;Bueno;147.68;Regular;78;57.42;57.79;125.97;Regular;193.71;Regular;Regular;Regular
2026-05-21;23:00;70;73.96;73.96;56.89;Bueno;147.68;Regular;58;57.79;57.79;125.97;Regular;193.71;Regular;Regular;Regular
2026-05-22;00:00;56;73.42;81.54;62.72;Bueno;160.26;Regular;46;57.46;61.04;136.81;Regular;200.93;Alerta;Regular;Alerta
2026-05-22;01:00;64;73.38;81.54;62.72;Bueno;160.26;Regular;49;57.46;61.04;136.81;Regular;200.93;Alerta;Regular;Alerta
2026-05-22;02:00;68;73.75;81.54;62.72;Bueno;160.26;Regular;54;58.04;61.04;136.81;Regular;200.93;Alerta;Regular;Alerta
2026-05-22;03:00;43;73.12;81.54;62.72;Bueno;160.26;Regular;38;57.83;61.04;136.81;Regular;200.93;Alerta;Regular;Alerta
2026-05-22;04:00;46;72.67;81.54;62.72;Bueno;160.26;Regular;36;57.38;61.04;136.81;Regular;200.93;Alerta;Regular;Alerta
2026-05-22;05:00;42;72.33;81.54;62.72;Bueno;160.26;Regular;35;56.96;61.04;136.81;Regular;200.93;Alerta;Regular;Alerta
2026-05-22;06:00;48;71.79;81.54;62.72;Bueno;160.26;Regular;43;56.75;61.04;136.81;Regular;200.93;Alerta;Regular;Alerta
2026-05-22;07:00;44;71.04;81.54;62.72;Bueno;160.26;Regular;31;56.04;61.04;136.81;Regular;200.93;Alerta;Regular;Alerta
2026-05-22;08:00;42;70.33;81.54;62.72;Bueno;160.26;Regular;35;55.21;61.04;136.81;Regular;200.93;Alerta;Regular;Alerta
2026-05-22;09:00;61;69.92;81.54;62.72;Bueno;160.26;Regular;40;54.21;61.04;136.81;Regular;200.93;Alerta;Regular;Alerta
2026-05-22;10:00;78;70.12;81.54;62.72;Bueno;160.26;Regular;59;54.17;61.04;136.81;Regular;200.93;Alerta;Regular;Alerta
2026-05-22;11:00;95;70.79;81.54;62.72;Bueno;160.26;Regular;77;54.83;61.04;136.81;Regular;200.93;Alerta;Regular;Alerta
2026-05-22;12:00;111;72.04;81.54;62.72;Bueno;160.26;Regular;88;55.67;61.04;136.81;Regular;200.93;Alerta;Regular;Alerta
2026-05-22;13:00;129;73.75;81.54;62.72;Bueno;160.26;Regular;98;56.92;61.04;136.81;Regular;200.93;Alerta;Regular;Alerta
2026-05-22;14:00;135;75.54;81.54;62.72;Bueno;160.26;Regular;101;58.00;61.04;136.81;Regular;200.93;Alerta;Regular;Alerta
2026-05-22;15:00;123;77.12;81.54;62.72;Bueno;160.26;Regular;87;58.83;61.04;136.81;Regular;200.93;Alerta;Regular;Alerta
2026-05-22;16:00;110;78.17;81.54;62.72;Bueno;160.26;Regular;79;59.50;61.04;136.81;Regular;200.93;Alerta;Regular;Alerta
2026-05-22;17:00;97;79.25;81.54;62.72;Bueno;160.26;Regular;70;60.21;61.04;136.81;Regular;200.93;Alerta;Regular;Alerta
2026-05-22;18:00;103;80.04;81.54;62.72;Bueno;160.26;Regular;71;60.67;61.04;136.81;Regular;200.93;Alerta;Regular;Alerta
2026-05-22;19:00;96;81.12;81.54;62.72;Bueno;160.26;Regular;64;61.00;61.04;136.81;Regular;200.93;Alerta;Regular;Alerta
2026-05-22;20:00;106;82.12;81.54;62.72;Bueno;160.26;Regular;72;61.58;61.04;136.81;Regular;200.93;Alerta;Regular;Alerta
2026-05-22;21:00;129;83.33;81.54;62.72;Bueno;160.26;Regular;89;62.42;61.04;136.81;Regular;200.93;Alerta;Regular;Alerta
2026-05-22;22:00;69;81.88;81.54;62.72;Bueno;160.26;Regular;52;61.33;61.04;136.81;Regular;200.93;Alerta;Regular;Alerta
2026-05-22;23:00;62;81.54;81.54;62.72;Bueno;160.26;Regular;51;61.04;61.04;136.81;Regular;200.93;Alerta;Regular;Alerta
2026-05-23;00:00;75;82.33;82.67;63.59;Bueno;162.12;Regular;60;61.62;65.00;150.00;Regular;209.75;Alerta;Regular;Alerta
2026-05-23;01:00;63;82.29;82.67;63.59;Bueno;162.12;Regular;53;61.79;65.00;150.00;Regular;209.75;Alerta;Regular;Alerta
2026-05-23;02:00;59;81.92;82.67;63.59;Bueno;162.12;Regular;47;61.50;65.00;150.00;Regular;209.75;Alerta;Regular;Alerta
2026-05-23;03:00;57;82.50;82.67;63.59;Bueno;162.12;Regular;44;61.75;65.00;150.00;Regular;209.75;Alerta;Regular;Alerta
2026-05-23;04:00;59;83.04;82.67;63.59;Bueno;162.12;Regular;50;62.33;65.00;150.00;Regular;209.75;Alerta;Regular;Alerta
2026-05-23;05:00;48;83.29;82.67;63.59;Bueno;162.12;Regular;38;62.46;65.00;150.00;Regular;209.75;Alerta;Regular;Alerta
2026-05-23;06:00;52;83.46;82.67;63.59;Bueno;162.12;Regular;43;62.46;65.00;150.00;Regular;209.75;Alerta;Regular;Alerta
2026-05-23;07:00;54;83.88;82.67;63.59;Bueno;162.12;Regular;44;63.00;65.00;150.00;Regular;209.75;Alerta;Regular;Alerta
2026-05-23;08:00;63;84.75;82.67;63.59;Bueno;162.12;Regular;46;63.46;65.00;150.00;Regular;209.75;Alerta;Regular;Alerta
2026-05-23;09:00;79;85.50;82.67;63.59;Bueno;162.12;Regular;55;64.08;65.00;150.00;Regular;209.75;Alerta;Regular;Alerta
2026-05-23;10:00;63;84.88;82.67;63.59;Bueno;162.12;Regular;42;63.38;65.00;150.00;Regular;209.75;Alerta;Regular;Alerta
2026-05-23;11:00;64;83.58;82.67;63.59;Bueno;162.12;Regular;51;62.29;65.00;150.00;Regular;209.75;Alerta;Regular;Alerta
2026-05-23;12:00;69;81.83;82.67;63.59;Bueno;162.12;Regular;59;61.08;65.00;150.00;Regular;209.75;Alerta;Regular;Alerta
2026-05-23;13:00;88;80.12;82.67;63.59;Bueno;162.12;Regular;71;59.96;65.00;150.00;Regular;209.75;Alerta;Regular;Alerta
2026-05-23;14:00;96;78.50;82.67;63.59;Bueno;162.12;Regular;83;59.21;65.00;150.00;Regular;209.75;Alerta;Regular;Alerta
2026-05-23;15:00;109;77.92;82.67;63.59;Bueno;162.12;Regular;95;59.54;65.00;150.00;Regular;209.75;Alerta;Regular;Alerta
2026-05-23;16:00;112;78.00;82.67;63.59;Bueno;162.12;Regular;91;60.04;65.00;150.00;Regular;209.75;Alerta;Regular;Alerta
2026-05-23;17:00;112;78.62;82.67;63.59;Bueno;162.12;Regular;88;60.79;65.00;150.00;Regular;209.75;Alerta;Regular;Alerta
2026-05-23;18:00;107;78.79;82.67;63.59;Bueno;162.12;Regular;80;61.17;65.00;150.00;Regular;209.75;Alerta;Regular;Alerta
2026-05-23;19:00;108;79.29;82.67;63.59;Bueno;162.12;Regular;78;61.75;65.00;150.00;Regular;209.75;Alerta;Regular;Alerta
2026-05-23;20:00;96;78.88;82.67;63.59;Bueno;162.12;Regular;68;61.58;65.00;150.00;Regular;209.75;Alerta;Regular;Alerta
2026-05-23;21:00;131;78.96;82.67;63.59;Bueno;162.12;Regular;99;62.00;65.00;150.00;Regular;209.75;Alerta;Regular;Alerta
2026-05-23;22:00;111;80.71;82.67;63.59;Bueno;162.12;Regular;83;63.29;65.00;150.00;Regular;209.75;Alerta;Regular;Alerta
2026-05-23;23:00;109;82.67;82.67;63.59;Bueno;162.12;Regular;92;65.00;65.00;150.00;Regular;209.75;Alerta;Regular;Alerta
2026-05-24;00:00;118;84.46;119.33;91.79;Bueno;223.53;Alerta;98;66.58;101.58;271.94;Alerta;292.33;Alerta;Alerta;Alerta
2026-05-24;01:00;102;86.08;119.33;91.79;Bueno;223.53;Alerta;88;68.04;101.58;271.94;Alerta;292.33;Alerta;Alerta;Alerta
2026-05-24;02:00;106;88.04;119.33;91.79;Bueno;223.53;Alerta;88;69.75;101.58;271.94;Alerta;292.33;Alerta;Alerta;Alerta
2026-05-24;03:00;104;90.00;119.33;91.79;Bueno;223.53;Alerta;93;71.79;101.58;271.94;Alerta;292.33;Alerta;Alerta;Alerta
2026-05-24;04:00;104;91.88;119.33;91.79;Bueno;223.53;Alerta;92;73.54;101.58;271.94;Alerta;292.33;Alerta;Alerta;Alerta
2026-05-24;05:00;109;94.42;119.33;91.79;Bueno;223.53;Alerta;93;75.83;101.58;271.94;Alerta;292.33;Alerta;Alerta;Alerta
2026-05-24;06:00;106;96.67;119.33;91.79;Bueno;223.53;Alerta;86;77.62;101.58;271.94;Alerta;292.33;Alerta;Alerta;Alerta
2026-05-24;07:00;107;98.88;119.33;91.79;Bueno;223.53;Alerta;92;79.62;101.58;271.94;Alerta;292.33;Alerta;Alerta;Alerta
2026-05-24;08:00;89;99.96;119.33;91.79;Bueno;223.53;Alerta;82;81.12;101.58;271.94;Alerta;292.33;Alerta;Alerta;Alerta
2026-05-24;09:00;90;100.42;119.33;91.79;Bueno;223.53;Alerta;86;82.42;101.58;271.94;Alerta;292.33;Alerta;Alerta;Alerta
2026-05-24;10:00;97;101.83;119.33;91.79;Bueno;223.53;Alerta;96;84.67;101.58;271.94;Alerta;292.33;Alerta;Alerta;Alerta
2026-05-24;11:00;108;103.67;119.33;91.79;Bueno;223.53;Alerta;105;86.92;101.58;271.94;Alerta;292.33;Alerta;Alerta;Alerta
2026-05-24;12:00;104;105.12;119.33;91.79;Bueno;223.53;Alerta;100;88.62;101.58;271.94;Alerta;292.33;Alerta;Alerta;Alerta
2026-05-24;13:00;112;106.12;119.33;91.79;Bueno;223.53;Alerta;102;89.92;101.58;271.94;Alerta;292.33;Alerta;Alerta;Alerta
2026-05-24;14:00;120;107.12;119.33;91.79;Bueno;223.53;Alerta;106;90.88;101.58;271.94;Alerta;292.33;Alerta;Alerta;Alerta
2026-05-24;15:00;127;107.88;119.33;91.79;Bueno;223.53;Alerta;115;91.71;101.58;271.94;Alerta;292.33;Alerta;Alerta;Alerta
2026-05-24;16:00;143;109.17;119.33;91.79;Bueno;223.53;Alerta;117;92.79;101.58;271.94;Alerta;292.33;Alerta;Alerta;Alerta
2026-05-24;17:00;132;110.00;119.33;91.79;Bueno;223.53;Alerta;103;93.42;101.58;271.94;Alerta;292.33;Alerta;Alerta;Alerta
2026-05-24;18:00;142;111.46;119.33;91.79;Bueno;223.53;Alerta;108;94.58;101.58;271.94;Alerta;292.33;Alerta;Alerta;Alerta
2026-05-24;19:00;175;114.25;119.33;91.79;Bueno;223.53;Alerta;122;96.42;101.58;271.94;Alerta;292.33;Alerta;Alerta;Alerta
2026-05-24;20:00;162;117.00;119.33;91.79;Bueno;223.53;Alerta;133;99.12;101.58;271.94;Alerta;292.33;Alerta;Alerta;Alerta
2026-05-24;21:00;140;117.38;119.33;91.79;Bueno;223.53;Alerta;119;99.96;101.58;271.94;Alerta;292.33;Alerta;Alerta;Alerta
2026-05-24;22:00;135;118.38;119.33;91.79;Bueno;223.53;Alerta;106;100.92;101.58;271.94;Alerta;292.33;Alerta;Alerta;Alerta
2026-05-24;23:00;132;119.33;119.33;91.79;Bueno;223.53;Alerta;108;101.58;101.58;271.94;Alerta;292.33;Alerta;Alerta;Alerta
2026-05-25;00:00;116;119.25;147.17;134.33;Regular;270.75;Alerta;100;101.67;75.46;184.86;Regular;233.16;Alerta;Regular;Alerta
2026-05-25;01:00;146;121.08;147.17;134.33;Regular;270.75;Alerta;120;103.00;75.46;184.86;Regular;233.16;Alerta;Regular;Alerta
2026-05-25;02:00;141;122.54;147.17;134.33;Regular;270.75;Alerta;116;104.17;75.46;184.86;Regular;233.16;Alerta;Regular;Alerta
2026-05-25;03:00;128;123.54;147.17;134.33;Regular;270.75;Alerta;107;104.75;75.46;184.86;Regular;233.16;Alerta;Regular;Alerta
2026-05-25;04:00;126;124.46;147.17;134.33;Regular;270.75;Alerta;107;105.38;75.46;184.86;Regular;233.16;Alerta;Regular;Alerta
2026-05-25;05:00;117;124.79;147.17;134.33;Regular;270.75;Alerta;99;105.62;75.46;184.86;Regular;233.16;Alerta;Regular;Alerta
2026-05-25;06:00;95;124.33;147.17;134.33;Regular;270.75;Alerta;76;105.21;75.46;184.86;Regular;233.16;Alerta;Regular;Alerta
2026-05-25;07:00;111;124.50;147.17;134.33;Regular;270.75;Alerta;72;104.38;75.46;184.86;Regular;233.16;Alerta;Regular;Alerta
2026-05-25;08:00;161;127.50;147.17;134.33;Regular;270.75;Alerta;84;104.46;75.46;184.86;Regular;233.16;Alerta;Regular;Alerta
2026-05-25;09:00;150;130.00;147.17;134.33;Regular;270.75;Alerta;86;104.46;75.46;184.86;Regular;233.16;Alerta;Regular;Alerta
2026-05-25;10:00;136;131.62;147.17;134.33;Regular;270.75;Alerta;90;104.21;75.46;184.86;Regular;233.16;Alerta;Regular;Alerta
2026-05-25;11:00;140;132.96;147.17;134.33;Regular;270.75;Alerta;88;103.50;75.46;184.86;Regular;233.16;Alerta;Regular;Alerta
2026-05-25;12:00;147;134.75;147.17;134.33;Regular;270.75;Alerta;82;102.75;75.46;184.86;Regular;233.16;Alerta;Regular;Alerta
2026-05-25;13:00;113;134.79;147.17;134.33;Regular;270.75;Alerta;53;100.71;75.46;184.86;Regular;233.16;Alerta;Regular;Alerta
2026-05-25;14:00;102;134.04;147.17;134.33;Regular;270.75;Alerta;34;97.71;75.46;184.86;Regular;233.16;Alerta;Regular;Alerta
2026-05-25;15:00;76;131.92;147.17;134.33;Regular;270.75;Alerta;24;93.92;75.46;184.86;Regular;233.16;Alerta;Regular;Alerta
2026-05-25;16:00;88;129.62;147.17;134.33;Regular;270.75;Alerta;30;90.29;75.46;184.86;Regular;233.16;Alerta;Regular;Alerta
2026-05-25;17:00;111;128.75;147.17;134.33;Regular;270.75;Alerta;33;87.38;75.46;184.86;Regular;233.16;Alerta;Regular;Alerta
2026-05-25;18:00;167;129.79;147.17;134.33;Regular;270.75;Alerta;41;84.58;75.46;184.86;Regular;233.16;Alerta;Regular;Alerta
2026-05-25;19:00;202;130.92;147.17;134.33;Regular;270.75;Alerta;46;81.42;75.46;184.86;Regular;233.16;Alerta;Regular;Alerta
2026-05-25;20:00;251;134.62;147.17;134.33;Regular;270.75;Alerta;79;79.17;75.46;184.86;Regular;233.16;Alerta;Regular;Alerta
2026-05-25;21:00;259;139.58;147.17;134.33;Regular;270.75;Alerta;86;77.79;75.46;184.86;Regular;233.16;Alerta;Regular;Alerta
2026-05-25;22:00;226;143.38;147.17;134.33;Regular;270.75;Alerta;84;76.88;75.46;184.86;Regular;233.16;Alerta;Regular;Alerta
2026-05-25;23:00;223;147.17;147.17;134.33;Regular;270.75;Alerta;74;75.46;75.46;184.86;Regular;233.16;Alerta;Regular;Alerta
2026-05-26;00:00;167;149.29;127.42;98.01;Bueno;237.19;Alerta;67;74.08;43.08;86.17;Bueno;161.21;Regular;Bueno;Alerta
2026-05-26;01:00;165;150.08;127.42;98.01;Bueno;237.19;Alerta;71;72.04;43.08;86.17;Bueno;161.21;Regular;Bueno;Alerta
2026-05-26;02:00;140;150.04;127.42;98.01;Bueno;237.19;Alerta;69;70.08;43.08;86.17;Bueno;161.21;Regular;Bueno;Alerta
2026-05-26;03:00;143;150.67;127.42;98.01;Bueno;237.19;Alerta;56;67.96;43.08;86.17;Bueno;161.21;Regular;Bueno;Alerta
2026-05-26;04:00;117;150.29;127.42;98.01;Bueno;237.19;Alerta;54;65.75;43.08;86.17;Bueno;161.21;Regular;Bueno;Alerta
2026-05-26;05:00;98;149.50;127.42;98.01;Bueno;237.19;Alerta;50;63.71;43.08;86.17;Bueno;161.21;Regular;Bueno;Alerta
2026-05-26;06:00;98;149.62;127.42;98.01;Bueno;237.19;Alerta;55;62.83;43.08;86.17;Bueno;161.21;Regular;Bueno;Alerta
2026-05-26;07:00;140;150.83;127.42;98.01;Bueno;237.19;Alerta;65;62.54;43.08;86.17;Bueno;161.21;Regular;Bueno;Alerta
2026-05-26;08:00;166;151.04;127.42;98.01;Bueno;237.19;Alerta;48;61.04;43.08;86.17;Bueno;161.21;Regular;Bueno;Alerta
2026-05-26;09:00;116;149.62;127.42;98.01;Bueno;237.19;Alerta;38;59.04;43.08;86.17;Bueno;161.21;Regular;Bueno;Alerta
2026-05-26;10:00;151;150.25;127.42;98.01;Bueno;237.19;Alerta;49;57.33;43.08;86.17;Bueno;161.21;Regular;Bueno;Alerta
2026-05-26;11:00;187;152.21;127.42;98.01;Bueno;237.19;Alerta;56;56.00;43.08;86.17;Bueno;161.21;Regular;Bueno;Alerta
2026-05-26;12:00;116;150.92;127.42;98.01;Bueno;237.19;Alerta;29;53.79;43.08;86.17;Bueno;161.21;Regular;Bueno;Alerta
2026-05-26;13:00;122;151.29;127.42;98.01;Bueno;237.19;Alerta;25;52.62;43.08;86.17;Bueno;161.21;Regular;Bueno;Alerta
2026-05-26;14:00;82;150.46;127.42;98.01;Bueno;237.19;Alerta;10;51.62;43.08;86.17;Bueno;161.21;Regular;Bueno;Alerta
2026-05-26;15:00;80;150.62;127.42;98.01;Bueno;237.19;Alerta;6;50.88;43.08;86.17;Bueno;161.21;Regular;Bueno;Alerta
2026-05-26;16:00;80;150.29;127.42;98.01;Bueno;237.19;Alerta;11;50.08;43.08;86.17;Bueno;161.21;Regular;Bueno;Alerta
2026-05-26;17:00;84;149.17;127.42;98.01;Bueno;237.19;Alerta;24;49.71;43.08;86.17;Bueno;161.21;Regular;Bueno;Alerta
2026-05-26;18:00;97;146.25;127.42;98.01;Bueno;237.19;Alerta;32;49.33;43.08;86.17;Bueno;161.21;Regular;Bueno;Alerta
2026-05-26;19:00;123;142.96;127.42;98.01;Bueno;237.19;Alerta;33;48.79;43.08;86.17;Bueno;161.21;Regular;Bueno;Alerta
2026-05-26;20:00;126;137.75;127.42;98.01;Bueno;237.19;Alerta;45;47.38;43.08;86.17;Bueno;161.21;Regular;Bueno;Alerta
2026-05-26;21:00;154;133.38;127.42;98.01;Bueno;237.19;Alerta;49;45.83;43.08;86.17;Bueno;161.21;Regular;Bueno;Alerta
2026-05-26;22:00;165;130.83;127.42;98.01;Bueno;237.19;Alerta;51;44.46;43.08;86.17;Bueno;161.21;Regular;Bueno;Alerta
2026-05-26;23:00;141;127.42;127.42;98.01;Bueno;237.19;Alerta;41;43.08;43.08;86.17;Bueno;161.21;Regular;Bueno;Alerta
2026-05-27;00:00;119;125.42;92.58;71.22;Bueno;178.64;Regular;42;42.04;39.25;78.50;Bueno;152.79;Regular;Bueno;Regular
2026-05-27;01:00;111;123.17;92.58;71.22;Bueno;178.64;Regular;48;41.08;39.25;78.50;Bueno;152.79;Regular;Bueno;Regular
2026-05-27;02:00;86;120.92;92.58;71.22;Bueno;178.64;Regular;47;40.17;39.25;78.50;Bueno;152.79;Regular;Bueno;Regular
2026-05-27;03:00;48;116.96;92.58;71.22;Bueno;178.64;Regular;35;39.29;39.25;78.50;Bueno;152.79;Regular;Bueno;Regular
2026-05-27;04:00;58;114.50;92.58;71.22;Bueno;178.64;Regular;34;38.46;39.25;78.50;Bueno;152.79;Regular;Bueno;Regular
2026-05-27;05:00;66;113.17;92.58;71.22;Bueno;178.64;Regular;45;38.25;39.25;78.50;Bueno;152.79;Regular;Bueno;Regular
2026-05-27;06:00;73;112.12;92.58;71.22;Bueno;178.64;Regular;41;37.67;39.25;78.50;Bueno;152.79;Regular;Bueno;Regular
2026-05-27;07:00;86;109.88;92.58;71.22;Bueno;178.64;Regular;45;36.83;39.25;78.50;Bueno;152.79;Regular;Bueno;Regular
2026-05-27;08:00;117;107.83;92.58;71.22;Bueno;178.64;Regular;52;37.00;39.25;78.50;Bueno;152.79;Regular;Bueno;Regular
2026-05-27;09:00;137;108.71;92.58;71.22;Bueno;178.64;Regular;61;37.96;39.25;78.50;Bueno;152.79;Regular;Bueno;Regular
2026-05-27;10:00;149;108.62;92.58;71.22;Bueno;178.64;Regular;66;38.67;39.25;78.50;Bueno;152.79;Regular;Bueno;Regular
2026-05-27;11:00;118;105.75;92.58;71.22;Bueno;178.64;Regular;49;38.38;39.25;78.50;Bueno;152.79;Regular;Bueno;Regular
2026-05-27;12:00;102;105.17;92.58;71.22;Bueno;178.64;Regular;43;38.96;39.25;78.50;Bueno;152.79;Regular;Bueno;Regular
2026-05-27;13:00;81;103.46;92.58;71.22;Bueno;178.64;Regular;40;39.58;39.25;78.50;Bueno;152.79;Regular;Bueno;Regular
2026-05-27;14:00;72;103.04;92.58;71.22;Bueno;178.64;Regular;31;40.46;39.25;78.50;Bueno;152.79;Regular;Bueno;Regular
2026-05-27;15:00;63;102.33;92.58;71.22;Bueno;178.64;Regular;28;41.38;39.25;78.50;Bueno;152.79;Regular;Bueno;Regular
2026-05-27;16:00;73;102.04;92.58;71.22;Bueno;178.64;Regular;24;41.92;39.25;78.50;Bueno;152.79;Regular;Bueno;Regular
2026-05-27;17:00;69;101.42;92.58;71.22;Bueno;178.64;Regular;23;41.88;39.25;78.50;Bueno;152.79;Regular;Bueno;Regular
2026-05-27;18:00;53;99.58;92.58;71.22;Bueno;178.64;Regular;21;41.42;39.25;78.50;Bueno;152.79;Regular;Bueno;Regular
2026-05-27;19:00;65;97.17;92.58;71.22;Bueno;178.64;Regular;20;40.88;39.25;78.50;Bueno;152.79;Regular;Bueno;Regular
2026-05-27;20:00;102;96.17;92.58;71.22;Bueno;178.64;Regular;30;40.25;39.25;78.50;Bueno;152.79;Regular;Bueno;Regular
2026-05-27;21:00;128;95.08;92.58;71.22;Bueno;178.64;Regular;35;39.67;39.25;78.50;Bueno;152.79;Regular;Bueno;Regular
2026-05-27;22:00;152;94.54;92.58;71.22;Bueno;178.64;Regular;46;39.46;39.25;78.50;Bueno;152.79;Regular;Bueno;Regular
2026-05-27;23:00;94;92.58;92.58;71.22;Bueno;178.64;Regular;36;39.25;39.25;78.50;Bueno;152.79;Regular;Bueno;Regular
2026-05-28;00:00;85;91.17;110.54;85.03;Bueno;208.72;Alerta;35;38.96;44.46;88.92;Bueno;164.23;Regular;Bueno;Alerta
2026-05-28;01:00;94;90.46;110.54;85.03;Bueno;208.72;Alerta;48;38.96;44.46;88.92;Bueno;164.23;Regular;Bueno;Alerta
2026-05-28;02:00;88;90.54;110.54;85.03;Bueno;208.72;Alerta;47;38.96;44.46;88.92;Bueno;164.23;Regular;Bueno;Alerta
2026-05-28;03:00;86;92.12;110.54;85.03;Bueno;208.72;Alerta;47;39.46;44.46;88.92;Bueno;164.23;Regular;Bueno;Alerta
2026-05-28;04:00;96;93.71;110.54;85.03;Bueno;208.72;Alerta;45;39.92;44.46;88.92;Bueno;164.23;Regular;Bueno;Alerta
2026-05-28;05:00;95;94.92;110.54;85.03;Bueno;208.72;Alerta;54;40.29;44.46;88.92;Bueno;164.23;Regular;Bueno;Alerta
2026-05-28;06:00;96;95.88;110.54;85.03;Bueno;208.72;Alerta;53;40.79;44.46;88.92;Bueno;164.23;Regular;Bueno;Alerta
2026-05-28;07:00;108;96.79;110.54;85.03;Bueno;208.72;Alerta;52;41.08;44.46;88.92;Bueno;164.23;Regular;Bueno;Alerta
2026-05-28;08:00;141;97.79;110.54;85.03;Bueno;208.72;Alerta;61;41.46;44.46;88.92;Bueno;164.23;Regular;Bueno;Alerta
2026-05-28;09:00;175;99.38;110.54;85.03;Bueno;208.72;Alerta;76;42.08;44.46;88.92;Bueno;164.23;Regular;Bueno;Alerta
2026-05-28;10:00;128;98.50;110.54;85.03;Bueno;208.72;Alerta;60;41.83;44.46;88.92;Bueno;164.23;Regular;Bueno;Alerta
2026-05-28;11:00;104;97.92;110.54;85.03;Bueno;208.72;Alerta;46;41.71;44.46;88.92;Bueno;164.23;Regular;Bueno;Alerta
2026-05-28;12:00;97;97.71;110.54;85.03;Bueno;208.72;Alerta;41;41.62;44.46;88.92;Bueno;164.23;Regular;Bueno;Alerta
2026-05-28;13:00;69;97.21;110.54;85.03;Bueno;208.72;Alerta;32;41.29;44.46;88.92;Bueno;164.23;Regular;Bueno;Alerta
2026-05-28;14:00;64;96.88;110.54;85.03;Bueno;208.72;Alerta;30;41.25;44.46;88.92;Bueno;164.23;Regular;Bueno;Alerta
2026-05-28;15:00;81;97.62;110.54;85.03;Bueno;208.72;Alerta;34;41.50;44.46;88.92;Bueno;164.23;Regular;Bueno;Alerta
2026-05-28;16:00;81;97.96;110.54;85.03;Bueno;208.72;Alerta;31;41.79;44.46;88.92;Bueno;164.23;Regular;Bueno;Alerta
2026-05-28;17:00;60;97.58;110.54;85.03;Bueno;208.72;Alerta;16;41.50;44.46;88.92;Bueno;164.23;Regular;Bueno;Alerta
2026-05-28;18:00;93;99.25;110.54;85.03;Bueno;208.72;Alerta;25;41.67;44.46;88.92;Bueno;164.23;Regular;Bueno;Alerta
2026-05-28;19:00;176;103.88;110.54;85.03;Bueno;208.72;Alerta;35;42.29;44.46;88.92;Bueno;164.23;Regular;Bueno;Alerta
2026-05-28;20:00;160;106.29;110.54;85.03;Bueno;208.72;Alerta;40;42.71;44.46;88.92;Bueno;164.23;Regular;Bueno;Alerta
2026-05-28;21:00;163;107.75;110.54;85.03;Bueno;208.72;Alerta;47;43.21;44.46;88.92;Bueno;164.23;Regular;Bueno;Alerta
2026-05-28;22:00;163;108.21;110.54;85.03;Bueno;208.72;Alerta;55;43.58;44.46;88.92;Bueno;164.23;Regular;Bueno;Alerta
2026-05-28;23:00;150;110.54;110.54;85.03;Bueno;208.72;Alerta;57;44.46;44.46;88.92;Bueno;164.23;Regular;Bueno;Alerta
2026-05-29;00:00;166;113.92;146.17;132.33;Regular;269.05;Alerta;69;45.88;67.92;159.72;Regular;216.26;Alerta;Regular;Alerta
2026-05-29;01:00;135;115.62;146.17;132.33;Regular;269.05;Alerta;64;46.54;67.92;159.72;Regular;216.26;Alerta;Regular;Alerta
2026-05-29;02:00;111;116.58;146.17;132.33;Regular;269.05;Alerta;60;47.08;67.92;159.72;Regular;216.26;Alerta;Regular;Alerta
2026-05-29;03:00;99;117.12;146.17;132.33;Regular;269.05;Alerta;64;47.79;67.92;159.72;Regular;216.26;Alerta;Regular;Alerta
2026-05-29;04:00;102;117.38;146.17;132.33;Regular;269.05;Alerta;59;48.38;67.92;159.72;Regular;216.26;Alerta;Regular;Alerta
2026-05-29;05:00;98;117.50;146.17;132.33;Regular;269.05;Alerta;64;48.79;67.92;159.72;Regular;216.26;Alerta;Regular;Alerta
2026-05-29;06:00;102;117.75;146.17;132.33;Regular;269.05;Alerta;63;49.21;67.92;159.72;Regular;216.26;Alerta;Regular;Alerta
2026-05-29;07:00;131;118.71;146.17;132.33;Regular;269.05;Alerta;70;49.96;67.92;159.72;Regular;216.26;Alerta;Regular;Alerta
2026-05-29;08:00;146;118.92;146.17;132.33;Regular;269.05;Alerta;69;50.29;67.92;159.72;Regular;216.26;Alerta;Regular;Alerta
2026-05-29;09:00;167;118.58;146.17;132.33;Regular;269.05;Alerta;72;50.12;67.92;159.72;Regular;216.26;Alerta;Regular;Alerta
2026-05-29;10:00;164;120.08;146.17;132.33;Regular;269.05;Alerta;73;50.67;67.92;159.72;Regular;216.26;Alerta;Regular;Alerta
2026-05-29;11:00;133;121.29;146.17;132.33;Regular;269.05;Alerta;71;51.71;67.92;159.72;Regular;216.26;Alerta;Regular;Alerta
2026-05-29;12:00;154;123.67;146.17;132.33;Regular;269.05;Alerta;64;52.67;67.92;159.72;Regular;216.26;Alerta;Regular;Alerta
2026-05-29;13:00;173;128.00;146.17;132.33;Regular;269.05;Alerta;79;54.62;67.92;159.72;Regular;216.26;Alerta;Regular;Alerta
2026-05-29;14:00;143;131.29;146.17;132.33;Regular;269.05;Alerta;65;56.08;67.92;159.72;Regular;216.26;Alerta;Regular;Alerta
2026-05-29;15:00;119;132.88;146.17;132.33;Regular;269.05;Alerta;55;56.96;67.92;159.72;Regular;216.26;Alerta;Regular;Alerta
2026-05-29;16:00;110;134.08;146.17;132.33;Regular;269.05;Alerta;48;57.67;67.92;159.72;Regular;216.26;Alerta;Regular;Alerta
2026-05-29;17:00;119;136.54;146.17;132.33;Regular;269.05;Alerta;51;59.12;67.92;159.72;Regular;216.26;Alerta;Regular;Alerta
2026-05-29;18:00;158;139.25;146.17;132.33;Regular;269.05;Alerta;69;60.96;67.92;159.72;Regular;216.26;Alerta;Regular;Alerta
2026-05-29;19:00;184;139.58;146.17;132.33;Regular;269.05;Alerta;69;62.38;67.92;159.72;Regular;216.26;Alerta;Regular;Alerta
2026-05-29;20:00;180;140.42;146.17;132.33;Regular;269.05;Alerta;70;63.62;67.92;159.72;Regular;216.26;Alerta;Regular;Alerta
2026-05-29;21:00;200;141.96;146.17;132.33;Regular;269.05;Alerta;83;65.12;67.92;159.72;Regular;216.26;Alerta;Regular;Alerta
2026-05-29;22:00;222;144.42;146.17;132.33;Regular;269.05;Alerta;97;66.88;67.92;159.72;Regular;216.26;Alerta;Regular;Alerta
2026-05-29;23:00;192;146.17;146.17;132.33;Regular;269.05;Alerta;82;67.92;67.92;159.72;Regular;216.26;Alerta;Regular;Alerta
2026-05-30;00:00;173;146.46;124.96;96.12;Bueno;233.03;Alerta;104;69.38;67.38;157.92;Regular;215.05;Alerta;Regular;Alerta
2026-05-30;01:00;179;148.29;124.96;96.12;Bueno;233.03;Alerta;98;70.79;67.38;157.92;Regular;215.05;Alerta;Regular;Alerta
2026-05-30;02:00;161;150.38;124.96;96.12;Bueno;233.03;Alerta;86;71.88;67.38;157.92;Regular;215.05;Alerta;Regular;Alerta
2026-05-30;03:00;133;151.79;124.96;96.12;Bueno;233.03;Alerta;74;72.29;67.38;157.92;Regular;215.05;Alerta;Regular;Alerta
2026-05-30;04:00;116;152.38;124.96;96.12;Bueno;233.03;Alerta;74;72.92;67.38;157.92;Regular;215.05;Alerta;Regular;Alerta
2026-05-30;05:00;124;153.46;124.96;96.12;Bueno;233.03;Alerta;73;73.29;67.38;157.92;Regular;215.05;Alerta;Regular;Alerta
2026-05-30;06:00;120;154.21;124.96;96.12;Bueno;233.03;Alerta;74;73.75;67.38;157.92;Regular;215.05;Alerta;Regular;Alerta
2026-05-30;07:00;130;154.17;124.96;96.12;Bueno;233.03;Alerta;69;73.71;67.38;157.92;Regular;215.05;Alerta;Regular;Alerta
2026-05-30;08:00;134;153.67;124.96;96.12;Bueno;233.03;Alerta;75;73.96;67.38;157.92;Regular;215.05;Alerta;Regular;Alerta
2026-05-30;09:00;134;152.29;124.96;96.12;Bueno;233.03;Alerta;68;73.79;67.38;157.92;Regular;215.05;Alerta;Regular;Alerta
2026-05-30;10:00;159;152.08;124.96;96.12;Bueno;233.03;Alerta;89;74.46;67.38;157.92;Regular;215.05;Alerta;Regular;Alerta
2026-05-30;11:00;146;152.62;124.96;96.12;Bueno;233.03;Alerta;79;74.79;67.38;157.92;Regular;215.05;Alerta;Regular;Alerta
2026-05-30;12:00;153;152.58;124.96;96.12;Bueno;233.03;Alerta;66;74.88;67.38;157.92;Regular;215.05;Alerta;Regular;Alerta
2026-05-30;13:00;127;150.67;124.96;96.12;Bueno;233.03;Alerta;57;73.96;67.38;157.92;Regular;215.05;Alerta;Regular;Alerta
2026-05-30;14:00;112;149.38;124.96;96.12;Bueno;233.03;Alerta;51;73.38;67.38;157.92;Regular;215.05;Alerta;Regular;Alerta
2026-05-30;15:00;45;146.29;124.96;96.12;Bueno;233.03;Alerta;16;71.75;67.38;157.92;Regular;215.05;Alerta;Regular;Alerta
2026-05-30;16:00;68;144.54;124.96;96.12;Bueno;233.03;Alerta;25;70.79;67.38;157.92;Regular;215.05;Alerta;Regular;Alerta
2026-05-30;17:00;71;142.54;124.96;96.12;Bueno;233.03;Alerta;32;70.00;67.38;157.92;Regular;215.05;Alerta;Regular;Alerta
2026-05-30;18:00;95;139.92;124.96;96.12;Bueno;233.03;Alerta;51;69.25;67.38;157.92;Regular;215.05;Alerta;Regular;Alerta
2026-05-30;19:00;102;136.50;124.96;96.12;Bueno;233.03;Alerta;57;68.75;67.38;157.92;Regular;215.05;Alerta;Regular;Alerta
2026-05-30;20:00;110;133.58;124.96;96.12;Bueno;233.03;Alerta;63;68.46;67.38;157.92;Regular;215.05;Alerta;Regular;Alerta
2026-05-30;21:00;143;131.21;124.96;96.12;Bueno;233.03;Alerta;86;68.58;67.38;157.92;Regular;215.05;Alerta;Regular;Alerta
2026-05-30;22:00;138;127.71;124.96;96.12;Bueno;233.03;Alerta;80;67.88;67.38;157.92;Regular;215.05;Alerta;Regular;Alerta
2026-05-30;23:00;126;124.96;124.96;96.12;Bueno;233.03;Alerta;70;67.38;67.38;157.92;Regular;215.05;Alerta;Regular;Alerta
2026-05-31;00:00;136;123.42;70.25;54.04;Bueno;141.54;Regular;88;66.71;51.25;104.17;Regular;179.21;Regular;Regular;Regular
2026-05-31;01:00;138;121.71;70.25;54.04;Bueno;141.54;Regular;88;66.29;51.25;104.17;Regular;179.21;Regular;Regular;Regular
2026-05-31;02:00;67;117.79;70.25;54.04;Bueno;141.54;Regular;55;65.00;51.25;104.17;Regular;179.21;Regular;Regular;Regular
2026-05-31;03:00;46;114.17;70.25;54.04;Bueno;141.54;Regular;39;63.54;51.25;104.17;Regular;179.21;Regular;Regular;Regular
2026-05-31;04:00;42;111.08;70.25;54.04;Bueno;141.54;Regular;31;61.75;51.25;104.17;Regular;179.21;Regular;Regular;Regular
2026-05-31;05:00;48;107.92;70.25;54.04;Bueno;141.54;Regular;40;60.38;51.25;104.17;Regular;179.21;Regular;Regular;Regular
2026-05-31;06:00;41;104.62;70.25;54.04;Bueno;141.54;Regular;35;58.75;51.25;104.17;Regular;179.21;Regular;Regular;Regular
2026-05-31;07:00;43;101.00;70.25;54.04;Bueno;141.54;Regular;37;57.42;51.25;104.17;Regular;179.21;Regular;Regular;Regular
2026-05-31;08:00;44;97.25;70.25;54.04;Bueno;141.54;Regular;40;55.96;51.25;104.17;Regular;179.21;Regular;Regular;Regular
2026-05-31;09:00;46;93.58;70.25;54.04;Bueno;141.54;Regular;36;54.62;51.25;104.17;Regular;179.21;Regular;Regular;Regular
2026-05-31;10:00;68;89.79;70.25;54.04;Bueno;141.54;Regular;50;53.00;51.25;104.17;Regular;179.21;Regular;Regular;Regular
2026-05-31;11:00;71;86.67;70.25;54.04;Bueno;141.54;Regular;58;52.12;51.25;104.17;Regular;179.21;Regular;Regular;Regular
2026-05-31;12:00;65;83.00;70.25;54.04;Bueno;141.54;Regular;60;51.88;51.25;104.17;Regular;179.21;Regular;Regular;Regular
2026-05-31;13:00;84;81.21;70.25;54.04;Bueno;141.54;Regular;60;52.00;51.25;104.17;Regular;179.21;Regular;Regular;Regular
2026-05-31;14:00;71;79.50;70.25;54.04;Bueno;141.54;Regular;53;52.08;51.25;104.17;Regular;179.21;Regular;Regular;Regular
2026-05-31;15:00;75;80.75;70.25;54.04;Bueno;141.54;Regular;56;53.75;51.25;104.17;Regular;179.21;Regular;Regular;Regular
2026-05-31;16:00;71;80.88;70.25;54.04;Bueno;141.54;Regular;49;54.75;51.25;104.17;Regular;179.21;Regular;Regular;Regular
2026-05-31;17:00;94;81.83;70.25;54.04;Bueno;141.54;Regular;55;55.71;51.25;104.17;Regular;179.21;Regular;Regular;Regular
2026-05-31;18:00;83;81.33;70.25;54.04;Bueno;141.54;Regular;52;55.75;51.25;104.17;Regular;179.21;Regular;Regular;Regular
2026-05-31;19:00;58;79.50;70.25;54.04;Bueno;141.54;Regular;42;55.12;51.25;104.17;Regular;179.21;Regular;Regular;Regular
2026-05-31;20:00;65;77.62;70.25;54.04;Bueno;141.54;Regular;45;54.38;51.25;104.17;Regular;179.21;Regular;Regular;Regular
2026-05-31;21:00;84;75.17;70.25;54.04;Bueno;141.54;Regular;58;53.21;51.25;104.17;Regular;179.21;Regular;Regular;Regular
2026-05-31;22:00;91;73.21;70.25;54.04;Bueno;141.54;Regular;58;52.29;51.25;104.17;Regular;179.21;Regular;Regular;Regular
2026-05-31;23:00;55;70.25;70.25;54.04;Bueno;141.54;Regular;45;51.25;51.25;104.17;Regular;179.21;Regular;Regular;Regular
2026-06-01;00:00;41;66.29;81.79;62.92;Bueno;160.67;Regular;32;48.92;55.00;116.67;Regular;187.52;Regular;Regular;Regular
2026-06-01;01:00;45;62.42;81.79;62.92;Bueno;160.67;Regular;41;46.96;55.00;116.67;Regular;187.52;Regular;Regular;Regular
2026-06-01;02:00;58;62.04;81.79;62.92;Bueno;160.67;Regular;46;46.58;55.00;116.67;Regular;187.52;Regular;Regular;Regular
2026-06-01;03:00;50;62.21;81.79;62.92;Bueno;160.67;Regular;42;46.71;55.00;116.67;Regular;187.52;Regular;Regular;Regular
2026-06-01;04:00;37;62.00;81.79;62.92;Bueno;160.67;Regular;29;46.62;55.00;116.67;Regular;187.52;Regular;Regular;Regular
2026-06-01;05:00;44;61.83;81.79;62.92;Bueno;160.67;Regular;43;46.75;55.00;116.67;Regular;187.52;Regular;Regular;Regular
2026-06-01;06:00;47;62.08;81.79;62.92;Bueno;160.67;Regular;43;47.08;55.00;116.67;Regular;187.52;Regular;Regular;Regular
2026-06-01;07:00;53;62.50;81.79;62.92;Bueno;160.67;Regular;43;47.33;55.00;116.67;Regular;187.52;Regular;Regular;Regular
2026-06-01;08:00;59;63.12;81.79;62.92;Bueno;160.67;Regular;42;47.42;55.00;116.67;Regular;187.52;Regular;Regular;Regular
2026-06-01;09:00;67;64.00;81.79;62.92;Bueno;160.67;Regular;54;48.17;55.00;116.67;Regular;187.52;Regular;Regular;Regular
2026-06-01;10:00;88;64.83;81.79;62.92;Bueno;160.67;Regular;64;48.75;55.00;116.67;Regular;187.52;Regular;Regular;Regular
2026-06-01;11:00;86;65.46;81.79;62.92;Bueno;160.67;Regular;64;49.00;55.00;116.67;Regular;187.52;Regular;Regular;Regular
2026-06-01;12:00;97;66.79;81.79;62.92;Bueno;160.67;Regular;61;49.04;55.00;116.67;Regular;187.52;Regular;Regular;Regular
2026-06-01;13:00;125;68.50;81.79;62.92;Bueno;160.67;Regular;71;49.50;55.00;116.67;Regular;187.52;Regular;Regular;Regular
2026-06-01;14:00;120;70.54;81.79;62.92;Bueno;160.67;Regular;76;50.46;55.00;116.67;Regular;187.52;Regular;Regular;Regular
2026-06-01;15:00;126;72.67;81.79;62.92;Bueno;160.67;Regular;73;51.17;55.00;116.67;Regular;187.52;Regular;Regular;Regular
2026-06-01;16:00;124;74.88;81.79;62.92;Bueno;160.67;Regular;77;52.33;55.00;116.67;Regular;187.52;Regular;Regular;Regular
2026-06-01;17:00;126;76.21;81.79;62.92;Bueno;160.67;Regular;66;52.79;55.00;116.67;Regular;187.52;Regular;Regular;Regular
2026-06-01;18:00;107;77.21;81.79;62.92;Bueno;160.67;Regular;55;52.92;55.00;116.67;Regular;187.52;Regular;Regular;Regular
2026-06-01;19:00;87;78.42;81.79;62.92;Bueno;160.67;Regular;56;53.50;55.00;116.67;Regular;187.52;Regular;Regular;Regular
2026-06-01;20:00;87;79.33;81.79;62.92;Bueno;160.67;Regular;54;53.88;55.00;116.67;Regular;187.52;Regular;Regular;Regular
2026-06-01;21:00;79;79.12;81.79;62.92;Bueno;160.67;Regular;61;54.00;55.00;116.67;Regular;187.52;Regular;Regular;Regular
2026-06-01;22:00;86;78.92;81.79;62.92;Bueno;160.67;Regular;55;53.88;55.00;116.67;Regular;187.52;Regular;Regular;Regular
2026-06-01;23:00;124;81.79;81.79;62.92;Bueno;160.67;Regular;72;55.00;55.00;116.67;Regular;187.52;Regular;Regular;Regular
2026-06-02;00:00;106;84.50;125.29;96.38;Bueno;233.59;Alerta;67;56.46;69.46;164.86;Regular;219.71;Alerta;Regular;Alerta
2026-06-02;01:00;94;86.54;125.29;96.38;Bueno;233.59;Alerta;67;57.54;69.46;164.86;Regular;219.71;Alerta;Regular;Alerta
2026-06-02;02:00;93;88.00;125.29;96.38;Bueno;233.59;Alerta;67;58.42;69.46;164.86;Regular;219.71;Alerta;Regular;Alerta
2026-06-02;03:00;93;89.79;125.29;96.38;Bueno;233.59;Alerta;61;59.21;69.46;164.86;Regular;219.71;Alerta;Regular;Alerta
2026-06-02;04:00;82;91.67;125.29;96.38;Bueno;233.59;Alerta;67;60.79;69.46;164.86;Regular;219.71;Alerta;Regular;Alerta
2026-06-02;05:00;86;93.42;125.29;96.38;Bueno;233.59;Alerta;64;61.67;69.46;164.86;Regular;219.71;Alerta;Regular;Alerta
2026-06-02;06:00;120;96.46;125.29;96.38;Bueno;233.59;Alerta;64;62.54;69.46;164.86;Regular;219.71;Alerta;Regular;Alerta
2026-06-02;07:00;143;100.21;125.29;96.38;Bueno;233.59;Alerta;75;63.88;69.46;164.86;Regular;219.71;Alerta;Regular;Alerta
2026-06-02;08:00;158;104.33;125.29;96.38;Bueno;233.59;Alerta;79;65.42;69.46;164.86;Regular;219.71;Alerta;Regular;Alerta
2026-06-02;09:00;175;108.83;125.29;96.38;Bueno;233.59;Alerta;96;67.17;69.46;164.86;Regular;219.71;Alerta;Regular;Alerta
2026-06-02;10:00;174;112.42;125.29;96.38;Bueno;233.59;Alerta;97;68.54;69.46;164.86;Regular;219.71;Alerta;Regular;Alerta
2026-06-02;11:00;178;116.25;125.29;96.38;Bueno;233.59;Alerta;106;70.29;69.46;164.86;Regular;219.71;Alerta;Regular;Alerta
2026-06-02;12:00;195;120.33;125.29;96.38;Bueno;233.59;Alerta;102;72.00;69.46;164.86;Regular;219.71;Alerta;Regular;Alerta
2026-06-02;13:00;167;122.08;125.29;96.38;Bueno;233.59;Alerta;96;73.04;69.46;164.86;Regular;219.71;Alerta;Regular;Alerta
2026-06-02;14:00;170;124.17;125.29;96.38;Bueno;233.59;Alerta;85;73.42;69.46;164.86;Regular;219.71;Alerta;Regular;Alerta
2026-06-02;15:00;185;126.62;125.29;96.38;Bueno;233.59;Alerta;86;73.96;69.46;164.86;Regular;219.71;Alerta;Regular;Alerta
2026-06-02;16:00;126;126.71;125.29;96.38;Bueno;233.59;Alerta;60;73.25;69.46;164.86;Regular;219.71;Alerta;Regular;Alerta
2026-06-02;17:00;105;125.83;125.29;96.38;Bueno;233.59;Alerta;55;72.79;69.46;164.86;Regular;219.71;Alerta;Regular;Alerta
2026-06-02;18:00;91;125.17;125.29;96.38;Bueno;233.59;Alerta;48;72.50;69.46;164.86;Regular;219.71;Alerta;Regular;Alerta
2026-06-02;19:00;47;123.50;125.29;96.38;Bueno;233.59;Alerta;23;71.12;69.46;164.86;Regular;219.71;Alerta;Regular;Alerta
2026-06-02;20:00;84;123.38;125.29;96.38;Bueno;233.59;Alerta;43;70.67;69.46;164.86;Regular;219.71;Alerta;Regular;Alerta
2026-06-02;21:00;114;124.83;125.29;96.38;Bueno;233.59;Alerta;49;70.17;69.46;164.86;Regular;219.71;Alerta;Regular;Alerta
2026-06-02;22:00;107;125.71;125.29;96.38;Bueno;233.59;Alerta;56;70.21;69.46;164.86;Regular;219.71;Alerta;Regular;Alerta
2026-06-02;23:00;114;125.29;125.29;96.38;Bueno;233.59;Alerta;54;69.46;69.46;164.86;Regular;219.71;Alerta;Regular;Alerta
2026-06-03;00:00;118;125.79;134.95;109.89;Regular;249.95;Alerta;62;69.25;62.71;142.36;Regular;204.64;Alerta;Regular;Alerta
2026-06-03;01:00;104;126.21;134.95;109.89;Regular;249.95;Alerta;54;68.71;62.71;142.36;Regular;204.64;Alerta;Regular;Alerta
2026-06-03;02:00;101;126.54;134.95;109.89;Regular;249.95;Alerta;54;68.17;62.71;142.36;Regular;204.64;Alerta;Regular;Alerta
2026-06-03;03:00;109;127.21;134.95;109.89;Regular;249.95;Alerta;60;68.12;62.71;142.36;Regular;204.64;Alerta;Regular;Alerta
2026-06-03;04:00;112;128.46;134.95;109.89;Regular;249.95;Alerta;59;67.79;62.71;142.36;Regular;204.64;Alerta;Regular;Alerta
2026-06-03;05:00;98;128.96;134.95;109.89;Regular;249.95;Alerta;56;67.46;62.71;142.36;Regular;204.64;Alerta;Regular;Alerta
2026-06-03;06:00;106;128.38;134.95;109.89;Regular;249.95;Alerta;56;67.12;62.71;142.36;Regular;204.64;Alerta;Regular;Alerta
2026-06-03;07:00;114;127.17;134.95;109.89;Regular;249.95;Alerta;57;66.38;62.71;142.36;Regular;204.64;Alerta;Regular;Alerta
2026-06-03;08:00;152;126.92;134.95;109.89;Regular;249.95;Alerta;67;65.88;62.71;142.36;Regular;204.64;Alerta;Regular;Alerta
2026-06-03;09:00;149;125.83;134.95;109.89;Regular;249.95;Alerta;62;64.46;62.71;142.36;Regular;204.64;Alerta;Regular;Alerta
2026-06-03;10:00;199;126.88;134.95;109.89;Regular;249.95;Alerta;73;63.46;62.71;142.36;Regular;204.64;Alerta;Regular;Alerta
2026-06-03;11:00;165;126.33;134.95;109.89;Regular;249.95;Alerta;71;62.00;62.71;142.36;Regular;204.64;Alerta;Regular;Alerta
2026-06-03;12:00;170;125.29;134.95;109.89;Regular;249.95;Alerta;61;60.29;62.71;142.36;Regular;204.64;Alerta;Regular;Alerta
2026-06-03;13:00;150;124.58;134.95;109.89;Regular;249.95;Alerta;70;59.21;62.71;142.36;Regular;204.64;Alerta;Regular;Alerta
2026-06-03;14:00;139;123.29;134.95;109.89;Regular;249.95;Alerta;60;58.17;62.71;142.36;Regular;204.64;Alerta;Regular;Alerta
2026-06-03;15:00;120;120.58;134.95;109.89;Regular;249.95;Alerta;59;57.04;62.71;142.36;Regular;204.64;Alerta;Regular;Alerta
2026-06-03;16:00;130;120.75;134.95;109.89;Regular;249.95;Alerta;43;56.33;62.71;142.36;Regular;204.64;Alerta;Regular;Alerta
2026-06-03;17:00;148;122.54;134.95;109.89;Regular;249.95;Alerta;44;55.88;62.71;142.36;Regular;204.64;Alerta;Regular;Alerta
2026-06-03;18:00;;123.91;134.95;109.89;Regular;249.95;Alerta;64;56.54;62.71;142.36;Regular;204.64;Alerta;Regular;Alerta
2026-06-03;19:00;;127.41;134.95;109.89;Regular;249.95;Alerta;64;58.25;62.71;142.36;Regular;204.64;Alerta;Regular;Alerta
2026-06-03;20:00;;129.48;134.95;109.89;Regular;249.95;Alerta;78;59.71;62.71;142.36;Regular;204.64;Alerta;Regular;Alerta
2026-06-03;21:00;;130.25;134.95;109.89;Regular;249.95;Alerta;77;60.88;62.71;142.36;Regular;204.64;Alerta;Regular;Alerta
2026-06-03;22:00;;131.47;134.95;109.89;Regular;249.95;Alerta;76;61.71;62.71;142.36;Regular;204.64;Alerta;Regular;Alerta
2026-06-03;23:00;180;134.95;134.95;109.89;Regular;249.95;Alerta;78;62.71;62.71;142.36;Regular;204.64;Alerta;Regular;Alerta
2026-06-04;00:00;174;137.89;123.82;95.24;Bueno;231.10;Alerta;75;63.25;51.12;103.75;Regular;178.94;Regular;Regular;Alerta
2026-06-04;01:00;179;141.84;123.82;95.24;Bueno;231.10;Alerta;76;64.17;51.12;103.75;Regular;178.94;Regular;Regular;Alerta
2026-06-04;02:00;153;144.58;123.82;95.24;Bueno;231.10;Alerta;72;64.92;51.12;103.75;Regular;178.94;Regular;Regular;Alerta
2026-06-04;03:00;117;145.00;123.82;95.24;Bueno;231.10;Alerta;59;64.88;51.12;103.75;Regular;178.94;Regular;Regular;Alerta
2026-06-04;04:00;106;144.68;123.82;95.24;Bueno;231.10;Alerta;61;64.96;51.12;103.75;Regular;178.94;Regular;Regular;Alerta
2026-06-04;05:00;104;145.00;123.82;95.24;Bueno;231.10;Alerta;56;64.96;51.12;103.75;Regular;178.94;Regular;Regular;Alerta
2026-06-04;06:00;;147.17;123.82;95.24;Bueno;231.10;Alerta;46;64.54;51.12;103.75;Regular;178.94;Regular;Regular;Alerta
2026-06-04;07:00;129;148.00;123.82;95.24;Bueno;231.10;Alerta;50;64.25;51.12;103.75;Regular;178.94;Regular;Regular;Alerta
2026-06-04;08:00;160;148.44;123.82;95.24;Bueno;231.10;Alerta;65;64.17;51.12;103.75;Regular;178.94;Regular;Regular;Alerta
2026-06-04;09:00;166;149.39;123.82;95.24;Bueno;231.10;Alerta;68;64.42;51.12;103.75;Regular;178.94;Regular;Regular;Alerta
2026-06-04;10:00;160;147.22;123.82;95.24;Bueno;231.10;Alerta;67;64.17;51.12;103.75;Regular;178.94;Regular;Regular;Alerta
2026-06-04;11:00;162;147.06;123.82;95.24;Bueno;231.10;Alerta;70;64.12;51.12;103.75;Regular;178.94;Regular;Regular;Alerta
2026-06-04;12:00;168;146.94;123.82;95.24;Bueno;231.10;Alerta;58;64.00;51.12;103.75;Regular;178.94;Regular;Regular;Alerta
2026-06-04;13:00;124;145.50;123.82;95.24;Bueno;231.10;Alerta;50;63.17;51.12;103.75;Regular;178.94;Regular;Regular;Alerta
2026-06-04;14:00;126;144.78;123.82;95.24;Bueno;231.10;Alerta;37;62.21;51.12;103.75;Regular;178.94;Regular;Regular;Alerta
2026-06-04;15:00;71;142.06;123.82;95.24;Bueno;231.10;Alerta;17;60.46;51.12;103.75;Regular;178.94;Regular;Regular;Alerta
2026-06-04;16:00;91;139.89;123.82;95.24;Bueno;231.10;Alerta;28;59.83;51.12;103.75;Regular;178.94;Regular;Regular;Alerta
2026-06-04;17:00;81;136.17;123.82;95.24;Bueno;231.10;Alerta;38;59.58;51.12;103.75;Regular;178.94;Regular;Regular;Alerta
2026-06-04;18:00;87;133.58;123.82;95.24;Bueno;231.10;Alerta;39;58.54;51.12;103.75;Regular;178.94;Regular;Regular;Alerta
2026-06-04;19:00;89;131.35;123.82;95.24;Bueno;231.10;Alerta;40;57.54;51.12;103.75;Regular;178.94;Regular;Regular;Alerta
2026-06-04;20:00;75;128.67;123.82;95.24;Bueno;231.10;Alerta;33;55.67;51.12;103.75;Regular;178.94;Regular;Regular;Alerta
2026-06-04;21:00;;128.67;123.82;95.24;Bueno;231.10;Alerta;36;53.96;51.12;103.75;Regular;178.94;Regular;Regular;Alerta
2026-06-04;22:00;98;127.27;123.82;95.24;Bueno;231.10;Alerta;36;52.29;51.12;103.75;Regular;178.94;Regular;Regular;Alerta
2026-06-04;23:00;104;123.82;123.82;95.24;Bueno;231.10;Alerta;50;51.12;51.12;103.75;Regular;178.94;Regular;Regular;Alerta
2026-06-05;00:00;84;119.73;;;;;;40;49.67;46.75;93.50;Bueno;169.28;Regular;Bueno;Regular
2026-06-05;01:00;77;115.09;;;;;;51;48.62;46.75;93.50;Bueno;169.28;Regular;Bueno;Regular
2026-06-05;02:00;;113.29;;;;;;39;47.25;46.75;93.50;Bueno;169.28;Regular;Bueno;Regular
2026-06-05;03:00;32;109.24;;;;;;22;45.71;46.75;93.50;Bueno;169.28;Regular;Bueno;Regular
2026-06-05;04:00;;109.40;;;;;;34;44.58;46.75;93.50;Bueno;169.28;Regular;Bueno;Regular
2026-06-05;05:00;;109.68;;;;;;35;43.71;46.75;93.50;Bueno;169.28;Regular;Bueno;Regular
2026-06-05;06:00;;109.68;;;;;;22;42.71;46.75;93.50;Bueno;169.28;Regular;Bueno;Regular
2026-06-05;07:00;;108.61;;;;;;36;42.12;46.75;93.50;Bueno;169.28;Regular;Bueno;Regular
2026-06-05;08:00;;;;;;;;38;41.00;46.75;93.50;Bueno;169.28;Regular;Bueno;Regular
2026-06-05;09:00;84;;;;;;;50;40.25;46.75;93.50;Bueno;169.28;Regular;Bueno;Regular
2026-06-05;10:00;122;;;;;;;64;40.12;46.75;93.50;Bueno;169.28;Regular;Bueno;Regular
2026-06-05;11:00;;;;;;;;68;40.04;46.75;93.50;Bueno;169.28;Regular;Bueno;Regular
2026-06-05;12:00;;;;;;;;64;40.29;46.75;93.50;Bueno;169.28;Regular;Bueno;Regular
2026-06-05;13:00;;;;;;;;57;40.58;46.75;93.50;Bueno;169.28;Regular;Bueno;Regular
2026-06-05;14:00;;;;;;;;57;41.42;46.75;93.50;Bueno;169.28;Regular;Bueno;Regular
2026-06-05;15:00;87;;;;;;;53;42.92;46.75;93.50;Bueno;169.28;Regular;Bueno;Regular
2026-06-05;16:00;89;;;;;;;52;43.92;46.75;93.50;Bueno;169.28;Regular;Bueno;Regular
2026-06-05;17:00;76;;;;;;;41;44.04;46.75;93.50;Bueno;169.28;Regular;Bueno;Regular
2026-06-05;18:00;69;;;;;;;40;44.08;46.75;93.50;Bueno;169.28;Regular;Bueno;Regular
2026-06-05;19:00;82;;;;;;;44;44.25;46.75;93.50;Bueno;169.28;Regular;Bueno;Regular
2026-06-05;20:00;94;;;;;;;52;45.04;46.75;93.50;Bueno;169.28;Regular;Bueno;Regular
2026-06-05;21:00;87;;;;;;;50;45.62;46.75;93.50;Bueno;169.28;Regular;Bueno;Regular
2026-06-05;22:00;99;;;;;;;57;46.50;46.75;93.50;Bueno;169.28;Regular;Bueno;Regular
2026-06-05;23:00;108;;;;;;;56;46.75;46.75;93.50;Bueno;169.28;Regular;Bueno;Regular
2026-06-06;00:00;86;;91.33;70.26;Bueno;176.55;Regular;54;47.33;56.83;122.78;Regular;191.58;Regular;Regular;Regular
2026-06-06;01:00;85;;91.33;70.26;Bueno;176.55;Regular;50;47.29;56.83;122.78;Regular;191.58;Regular;Regular;Regular
2026-06-06;02:00;89;;91.33;70.26;Bueno;176.55;Regular;54;47.92;56.83;122.78;Regular;191.58;Regular;Regular;Regular
2026-06-06;03:00;87;;91.33;70.26;Bueno;176.55;Regular;52;49.17;56.83;122.78;Regular;191.58;Regular;Regular;Regular
2026-06-06;04:00;80;;91.33;70.26;Bueno;176.55;Regular;48;49.75;56.83;122.78;Regular;191.58;Regular;Regular;Regular
2026-06-06;05:00;74;;91.33;70.26;Bueno;176.55;Regular;45;50.17;56.83;122.78;Regular;191.58;Regular;Regular;Regular
2026-06-06;06:00;95;88.50;91.33;70.26;Bueno;176.55;Regular;64;51.92;56.83;122.78;Regular;191.58;Regular;Regular;Regular
2026-06-06;07:00;92;88.68;91.33;70.26;Bueno;176.55;Regular;58;52.83;56.83;122.78;Regular;191.58;Regular;Regular;Regular
2026-06-06;08:00;88;88.65;91.33;70.26;Bueno;176.55;Regular;53;53.46;56.83;122.78;Regular;191.58;Regular;Regular;Regular
2026-06-06;09:00;90;88.95;91.33;70.26;Bueno;176.55;Regular;51;53.50;56.83;122.78;Regular;191.58;Regular;Regular;Regular
2026-06-06;10:00;107;88.20;91.33;70.26;Bueno;176.55;Regular;62;53.42;56.83;122.78;Regular;191.58;Regular;Regular;Regular
2026-06-06;11:00;102;88.86;91.33;70.26;Bueno;176.55;Regular;63;53.21;56.83;122.78;Regular;191.58;Regular;Regular;Regular
2026-06-06;12:00;100;89.36;91.33;70.26;Bueno;176.55;Regular;66;53.29;56.83;122.78;Regular;191.58;Regular;Regular;Regular
2026-06-06;13:00;99;89.78;91.33;70.26;Bueno;176.55;Regular;67;53.71;56.83;122.78;Regular;191.58;Regular;Regular;Regular
2026-06-06;14:00;102;90.29;91.33;70.26;Bueno;176.55;Regular;66;54.08;56.83;122.78;Regular;191.58;Regular;Regular;Regular
2026-06-06;15:00;108;91.17;91.33;70.26;Bueno;176.55;Regular;65;54.58;56.83;122.78;Regular;191.58;Regular;Regular;Regular
2026-06-06;16:00;97;91.50;91.33;70.26;Bueno;176.55;Regular;65;55.12;56.83;122.78;Regular;191.58;Regular;Regular;Regular
2026-06-06;17:00;92;92.17;91.33;70.26;Bueno;176.55;Regular;49;55.46;56.83;122.78;Regular;191.58;Regular;Regular;Regular
2026-06-06;18:00;89;93.00;91.33;70.26;Bueno;176.55;Regular;53;56.00;56.83;122.78;Regular;191.58;Regular;Regular;Regular
2026-06-06;19:00;73;92.62;91.33;70.26;Bueno;176.55;Regular;51;56.29;56.83;122.78;Regular;191.58;Regular;Regular;Regular
2026-06-06;20:00;73;91.75;91.33;70.26;Bueno;176.55;Regular;47;56.08;56.83;122.78;Regular;191.58;Regular;Regular;Regular
2026-06-06;21:00;76;91.29;91.33;70.26;Bueno;176.55;Regular;54;56.25;56.83;122.78;Regular;191.58;Regular;Regular;Regular
2026-06-06;22:00;90;90.92;91.33;70.26;Bueno;176.55;Regular;57;56.25;56.83;122.78;Regular;191.58;Regular;Regular;Regular
2026-06-06;23:00;118;91.33;91.33;70.26;Bueno;176.55;Regular;70;56.83;56.83;122.78;Regular;191.58;Regular;Regular;Regular
2026-06-07;00:00;120;92.75;104.88;80.67;Bueno;199.20;Regular;85;58.12;68.08;160.28;Regular;216.64;Alerta;Regular;Alerta
2026-06-07;01:00;114;93.96;104.88;80.67;Bueno;199.20;Regular;84;59.54;68.08;160.28;Regular;216.64;Alerta;Regular;Alerta
2026-06-07;02:00;117;95.12;104.88;80.67;Bueno;199.20;Regular;83;60.75;68.08;160.28;Regular;216.64;Alerta;Regular;Alerta
2026-06-07;03:00;102;95.75;104.88;80.67;Bueno;199.20;Regular;76;61.75;68.08;160.28;Regular;216.64;Alerta;Regular;Alerta
2026-06-07;04:00;100;96.58;104.88;80.67;Bueno;199.20;Regular;67;62.54;68.08;160.28;Regular;216.64;Alerta;Regular;Alerta
2026-06-07;05:00;91;97.29;104.88;80.67;Bueno;199.20;Regular;71;63.62;68.08;160.28;Regular;216.64;Alerta;Regular;Alerta
2026-06-07;06:00;90;97.08;104.88;80.67;Bueno;199.20;Regular;66;63.71;68.08;160.28;Regular;216.64;Alerta;Regular;Alerta
2026-06-07;07:00;87;96.88;104.88;80.67;Bueno;199.20;Regular;64;63.96;68.08;160.28;Regular;216.64;Alerta;Regular;Alerta
2026-06-07;08:00;90;96.96;104.88;80.67;Bueno;199.20;Regular;61;64.29;68.08;160.28;Regular;216.64;Alerta;Regular;Alerta
2026-06-07;09:00;130;98.62;104.88;80.67;Bueno;199.20;Regular;83;65.62;68.08;160.28;Regular;216.64;Alerta;Regular;Alerta
2026-06-07;10:00;117;99.04;104.88;80.67;Bueno;199.20;Regular;84;66.54;68.08;160.28;Regular;216.64;Alerta;Regular;Alerta
2026-06-07;11:00;114;99.54;104.88;80.67;Bueno;199.20;Regular;77;67.12;68.08;160.28;Regular;216.64;Alerta;Regular;Alerta
2026-06-07;12:00;120;100.38;104.88;80.67;Bueno;199.20;Regular;81;67.75;68.08;160.28;Regular;216.64;Alerta;Regular;Alerta
2026-06-07;13:00;111;100.88;104.88;80.67;Bueno;199.20;Regular;73;68.00;68.08;160.28;Regular;216.64;Alerta;Regular;Alerta
2026-06-07;14:00;80;99.96;104.88;80.67;Bueno;199.20;Regular;55;67.54;68.08;160.28;Regular;216.64;Alerta;Regular;Alerta
2026-06-07;15:00;68;98.29;104.88;80.67;Bueno;199.20;Regular;43;66.62;68.08;160.28;Regular;216.64;Alerta;Regular;Alerta
2026-06-07;16:00;72;97.25;104.88;80.67;Bueno;199.20;Regular;40;65.58;68.08;160.28;Regular;216.64;Alerta;Regular;Alerta
2026-06-07;17:00;88;97.08;104.88;80.67;Bueno;199.20;Regular;56;65.88;68.08;160.28;Regular;216.64;Alerta;Regular;Alerta
2026-06-07;18:00;132;98.88;104.88;80.67;Bueno;199.20;Regular;62;66.25;68.08;160.28;Regular;216.64;Alerta;Regular;Alerta
2026-06-07;19:00;138;101.58;104.88;80.67;Bueno;199.20;Regular;62;66.71;68.08;160.28;Regular;216.64;Alerta;Regular;Alerta
2026-06-07;20:00;112;103.21;104.88;80.67;Bueno;199.20;Regular;69;67.62;68.08;160.28;Regular;216.64;Alerta;Regular;Alerta
2026-06-07;21:00;117;104.92;104.88;80.67;Bueno;199.20;Regular;67;68.17;68.08;160.28;Regular;216.64;Alerta;Regular;Alerta
2026-06-07;22:00;106;105.58;104.88;80.67;Bueno;199.20;Regular;62;68.38;68.08;160.28;Regular;216.64;Alerta;Regular;Alerta
2026-06-07;23:00;101;104.88;104.88;80.67;Bueno;199.20;Regular;63;68.08;68.08;160.28;Regular;216.64;Alerta;Regular;Alerta
2026-06-08;00:00;106;104.29;89.62;68.94;Bueno;173.71;Regular;62;67.12;46.79;93.58;Bueno;169.37;Regular;Bueno;Regular
2026-06-08;01:00;93;103.42;89.62;68.94;Bueno;173.71;Regular;56;65.96;46.79;93.58;Bueno;169.37;Regular;Bueno;Regular
2026-06-08;02:00;83;102.00;89.62;68.94;Bueno;173.71;Regular;52;64.67;46.79;93.58;Bueno;169.37;Regular;Bueno;Regular
2026-06-08;03:00;80;101.08;89.62;68.94;Bueno;173.71;Regular;57;63.88;46.79;93.58;Bueno;169.37;Regular;Bueno;Regular
2026-06-08;04:00;82;100.33;89.62;68.94;Bueno;173.71;Regular;54;63.33;46.79;93.58;Bueno;169.37;Regular;Bueno;Regular
2026-06-08;05:00;75;99.67;89.62;68.94;Bueno;173.71;Regular;50;62.46;46.79;93.58;Bueno;169.37;Regular;Bueno;Regular
2026-06-08;06:00;79;99.21;89.62;68.94;Bueno;173.71;Regular;51;61.83;46.79;93.58;Bueno;169.37;Regular;Bueno;Regular
2026-06-08;07:00;120;100.58;89.62;68.94;Bueno;173.71;Regular;58;61.58;46.79;93.58;Bueno;169.37;Regular;Bueno;Regular
2026-06-08;08:00;136;102.50;89.62;68.94;Bueno;173.71;Regular;66;61.79;46.79;93.58;Bueno;169.37;Regular;Bueno;Regular
2026-06-08;09:00;120;102.08;89.62;68.94;Bueno;173.71;Regular;65;61.04;46.79;93.58;Bueno;169.37;Regular;Bueno;Regular
2026-06-08;10:00;121;102.25;89.62;68.94;Bueno;173.71;Regular;66;60.29;46.79;93.58;Bueno;169.37;Regular;Bueno;Regular
2026-06-08;11:00;102;101.75;89.62;68.94;Bueno;173.71;Regular;57;59.46;46.79;93.58;Bueno;169.37;Regular;Bueno;Regular
2026-06-08;12:00;126;102.00;89.62;68.94;Bueno;173.71;Regular;57;58.46;46.79;93.58;Bueno;169.37;Regular;Bueno;Regular
2026-06-08;13:00;143;103.33;89.62;68.94;Bueno;173.71;Regular;56;57.75;46.79;93.58;Bueno;169.37;Regular;Bueno;Regular
2026-06-08;14:00;84;103.50;89.62;68.94;Bueno;173.71;Regular;38;57.04;46.79;93.58;Bueno;169.37;Regular;Bueno;Regular
2026-06-08;15:00;75;103.79;89.62;68.94;Bueno;173.71;Regular;34;56.67;46.79;93.58;Bueno;169.37;Regular;Bueno;Regular
2026-06-08;16:00;66;103.54;89.62;68.94;Bueno;173.71;Regular;26;56.08;46.79;93.58;Bueno;169.37;Regular;Bueno;Regular
2026-06-08;17:00;71;102.83;89.62;68.94;Bueno;173.71;Regular;28;54.92;46.79;93.58;Bueno;169.37;Regular;Bueno;Regular
2026-06-08;18:00;80;100.67;89.62;68.94;Bueno;173.71;Regular;30;53.58;46.79;93.58;Bueno;169.37;Regular;Bueno;Regular
2026-06-08;19:00;70;97.83;89.62;68.94;Bueno;173.71;Regular;32;52.33;46.79;93.58;Bueno;169.37;Regular;Bueno;Regular
2026-06-08;20:00;73;96.21;89.62;68.94;Bueno;173.71;Regular;32;50.79;46.79;93.58;Bueno;169.37;Regular;Bueno;Regular
2026-06-08;21:00;55;93.62;89.62;68.94;Bueno;173.71;Regular;34;49.42;46.79;93.58;Bueno;169.37;Regular;Bueno;Regular
2026-06-08;22:00;58;91.62;89.62;68.94;Bueno;173.71;Regular;32;48.17;46.79;93.58;Bueno;169.37;Regular;Bueno;Regular
2026-06-08;23:00;53;89.62;89.62;68.94;Bueno;173.71;Regular;30;46.79;46.79;93.58;Bueno;169.37;Regular;Bueno;Regular
2026-06-09;00:00;49;87.25;62.21;47.85;Bueno;128.26;Regular;30;45.46;27.50;55.00;Bueno;127.11;Regular;Bueno;Regular
2026-06-09;01:00;42;85.12;62.21;47.85;Bueno;128.26;Regular;28;44.29;27.50;55.00;Bueno;127.11;Regular;Bueno;Regular
2026-06-09;02:00;47;83.62;62.21;47.85;Bueno;128.26;Regular;26;43.21;27.50;55.00;Bueno;127.11;Regular;Bueno;Regular
2026-06-09;03:00;39;81.92;62.21;47.85;Bueno;128.26;Regular;24;41.83;27.50;55.00;Bueno;127.11;Regular;Bueno;Regular
2026-06-09;04:00;42;80.25;62.21;47.85;Bueno;128.26;Regular;28;40.75;27.50;55.00;Bueno;127.11;Regular;Bueno;Regular
2026-06-09;05:00;37;78.67;62.21;47.85;Bueno;128.26;Regular;28;39.83;27.50;55.00;Bueno;127.11;Regular;Bueno;Regular
2026-06-09;06:00;32;76.71;62.21;47.85;Bueno;128.26;Regular;21;38.58;27.50;55.00;Bueno;127.11;Regular;Bueno;Regular
2026-06-09;07:00;37;73.25;62.21;47.85;Bueno;128.26;Regular;22;37.08;27.50;55.00;Bueno;127.11;Regular;Bueno;Regular
2026-06-09;08:00;80;70.92;62.21;47.85;Bueno;128.26;Regular;35;35.79;27.50;55.00;Bueno;127.11;Regular;Bueno;Regular
2026-06-09;09:00;70;68.83;62.21;47.85;Bueno;128.26;Regular;35;34.54;27.50;55.00;Bueno;127.11;Regular;Bueno;Regular
2026-06-09;10:00;111;68.42;62.21;47.85;Bueno;128.26;Regular;42;33.54;27.50;55.00;Bueno;127.11;Regular;Bueno;Regular
2026-06-09;11:00;91;67.96;62.21;47.85;Bueno;128.26;Regular;41;32.88;27.50;55.00;Bueno;127.11;Regular;Bueno;Regular
2026-06-09;12:00;64;65.38;62.21;47.85;Bueno;128.26;Regular;27;31.62;27.50;55.00;Bueno;127.11;Regular;Bueno;Regular
2026-06-09;13:00;48;61.42;62.21;47.85;Bueno;128.26;Regular;22;30.21;27.50;55.00;Bueno;127.11;Regular;Bueno;Regular
2026-06-09;14:00;37;59.46;62.21;47.85;Bueno;128.26;Regular;15;29.25;27.50;55.00;Bueno;127.11;Regular;Bueno;Regular
2026-06-09;15:00;33;57.71;62.21;47.85;Bueno;128.26;Regular;17;28.54;27.50;55.00;Bueno;127.11;Regular;Bueno;Regular
2026-06-09;16:00;31;56.25;62.21;47.85;Bueno;128.26;Regular;15;28.08;27.50;55.00;Bueno;127.11;Regular;Bueno;Regular
2026-06-09;17:00;48;55.29;62.21;47.85;Bueno;128.26;Regular;17;27.62;27.50;55.00;Bueno;127.11;Regular;Bueno;Regular
2026-06-09;18:00;81;55.33;62.21;47.85;Bueno;128.26;Regular;26;27.46;27.50;55.00;Bueno;127.11;Regular;Bueno;Regular
2026-06-09;19:00;79;55.71;62.21;47.85;Bueno;128.26;Regular;22;27.04;27.50;55.00;Bueno;127.11;Regular;Bueno;Regular
2026-06-09;20:00;100;56.83;62.21;47.85;Bueno;128.26;Regular;32;27.04;27.50;55.00;Bueno;127.11;Regular;Bueno;Regular
2026-06-09;21:00;102;58.79;62.21;47.85;Bueno;128.26;Regular;38;27.21;27.50;55.00;Bueno;127.11;Regular;Bueno;Regular
2026-06-09;22:00;106;60.79;62.21;47.85;Bueno;128.26;Regular;37;27.42;27.50;55.00;Bueno;127.11;Regular;Bueno;Regular
2026-06-09;23:00;87;62.21;62.21;47.85;Bueno;128.26;Regular;32;27.50;27.50;55.00;Bueno;127.11;Regular;Bueno;Regular
2026-06-10;00:00;82;63.58;57.62;44.33;Bueno;120.72;Regular;30;27.50;29.25;58.50;Bueno;130.92;Regular;Bueno;Regular
2026-06-10;01:00;102;66.08;57.62;44.33;Bueno;120.72;Regular;53;28.54;29.25;58.50;Bueno;130.92;Regular;Bueno;Regular
2026-06-10;02:00;90;67.88;57.62;44.33;Bueno;120.72;Regular;47;29.42;29.25;58.50;Bueno;130.92;Regular;Bueno;Regular
2026-06-10;03:00;70;69.17;57.62;44.33;Bueno;120.72;Regular;34;29.83;29.25;58.50;Bueno;130.92;Regular;Bueno;Regular
2026-06-10;04:00;70;70.33;57.62;44.33;Bueno;120.72;Regular;39;30.29;29.25;58.50;Bueno;130.92;Regular;Bueno;Regular
2026-06-10;05:00;68;71.62;57.62;44.33;Bueno;120.72;Regular;42;30.88;29.25;58.50;Bueno;130.92;Regular;Bueno;Regular
2026-06-10;06:00;61;72.83;57.62;44.33;Bueno;120.72;Regular;31;31.29;29.25;58.50;Bueno;130.92;Regular;Bueno;Regular
2026-06-10;07:00;50;73.38;57.62;44.33;Bueno;120.72;Regular;31;31.67;29.25;58.50;Bueno;130.92;Regular;Bueno;Regular
2026-06-10;08:00;54;72.29;57.62;44.33;Bueno;120.72;Regular;35;31.67;29.25;58.50;Bueno;130.92;Regular;Bueno;Regular
2026-06-10;09:00;61;71.92;57.62;44.33;Bueno;120.72;Regular;38;31.79;29.25;58.50;Bueno;130.92;Regular;Bueno;Regular
2026-06-10;10:00;73;70.33;57.62;44.33;Bueno;120.72;Regular;43;31.83;29.25;58.50;Bueno;130.92;Regular;Bueno;Regular
2026-06-10;11:00;65;69.25;57.62;44.33;Bueno;120.72;Regular;41;31.83;29.25;58.50;Bueno;130.92;Regular;Bueno;Regular
2026-06-10;12:00;48;68.58;57.62;44.33;Bueno;120.72;Regular;36;32.21;29.25;58.50;Bueno;130.92;Regular;Bueno;Regular
2026-06-10;13:00;48;68.58;57.62;44.33;Bueno;120.72;Regular;32;32.62;29.25;58.50;Bueno;130.92;Regular;Bueno;Regular
2026-06-10;14:00;37;68.58;57.62;44.33;Bueno;120.72;Regular;15;32.62;29.25;58.50;Bueno;130.92;Regular;Bueno;Regular
2026-06-10;15:00;26;68.29;57.62;44.33;Bueno;120.72;Regular;13;32.46;29.25;58.50;Bueno;130.92;Regular;Bueno;Regular
2026-06-10;16:00;14;67.58;57.62;44.33;Bueno;120.72;Regular;8;32.17;29.25;58.50;Bueno;130.92;Regular;Bueno;Regular
2026-06-10;17:00;21;66.46;57.62;44.33;Bueno;120.72;Regular;9;31.83;29.25;58.50;Bueno;130.92;Regular;Bueno;Regular
2026-06-10;18:00;34;64.50;57.62;44.33;Bueno;120.72;Regular;12;31.25;29.25;58.50;Bueno;130.92;Regular;Bueno;Regular
2026-06-10;19:00;88;64.88;57.62;44.33;Bueno;120.72;Regular;23;31.29;29.25;58.50;Bueno;130.92;Regular;Bueno;Regular
2026-06-10;20:00;87;64.33;57.62;44.33;Bueno;120.72;Regular;30;31.21;29.25;58.50;Bueno;130.92;Regular;Bueno;Regular
2026-06-10;21:00;64;62.75;57.62;44.33;Bueno;120.72;Regular;22;30.54;29.25;58.50;Bueno;130.92;Regular;Bueno;Regular
2026-06-10;22:00;32;59.67;57.62;44.33;Bueno;120.72;Regular;18;29.75;29.25;58.50;Bueno;130.92;Regular;Bueno;Regular
2026-06-10;23:00;38;57.62;57.62;44.33;Bueno;120.72;Regular;20;29.25;29.25;58.50;Bueno;130.92;Regular;Bueno;Regular
2026-06-11;00:00;34;55.62;65.33;50.26;Bueno;133.42;Regular;20;28.83;26.71;53.42;Bueno;125.38;Regular;Bueno;Regular
2026-06-11;01:00;37;52.92;65.33;50.26;Bueno;133.42;Regular;23;27.58;26.71;53.42;Bueno;125.38;Regular;Bueno;Regular
2026-06-11;02:00;44;51.00;65.33;50.26;Bueno;133.42;Regular;23;26.58;26.71;53.42;Bueno;125.38;Regular;Bueno;Regular
2026-06-11;03:00;30;49.33;65.33;50.26;Bueno;133.42;Regular;19;25.96;26.71;53.42;Bueno;125.38;Regular;Bueno;Regular
2026-06-11;04:00;41;48.12;65.33;50.26;Bueno;133.42;Regular;23;25.29;26.71;53.42;Bueno;125.38;Regular;Bueno;Regular
2026-06-11;05:00;40;46.96;65.33;50.26;Bueno;133.42;Regular;25;24.58;26.71;53.42;Bueno;125.38;Regular;Bueno;Regular
2026-06-11;06:00;37;45.96;65.33;50.26;Bueno;133.42;Regular;18;24.04;26.71;53.42;Bueno;125.38;Regular;Bueno;Regular
2026-06-11;07:00;71;46.83;65.33;50.26;Bueno;133.42;Regular;29;23.96;26.71;53.42;Bueno;125.38;Regular;Bueno;Regular
2026-06-11;08:00;75;47.71;65.33;50.26;Bueno;133.42;Regular;32;23.83;26.71;53.42;Bueno;125.38;Regular;Bueno;Regular
2026-06-11;09:00;97;49.21;65.33;50.26;Bueno;133.42;Regular;42;24.00;26.71;53.42;Bueno;125.38;Regular;Bueno;Regular
2026-06-11;10:00;82;49.58;65.33;50.26;Bueno;133.42;Regular;33;23.58;26.71;53.42;Bueno;125.38;Regular;Bueno;Regular
2026-06-11;11:00;43;48.67;65.33;50.26;Bueno;133.42;Regular;18;22.62;26.71;53.42;Bueno;125.38;Regular;Bueno;Regular
2026-06-11;12:00;45;48.54;65.33;50.26;Bueno;133.42;Regular;20;21.96;26.71;53.42;Bueno;125.38;Regular;Bueno;Regular
2026-06-11;13:00;59;49.00;65.33;50.26;Bueno;133.42;Regular;28;21.79;26.71;53.42;Bueno;125.38;Regular;Bueno;Regular
2026-06-11;14:00;49;49.50;65.33;50.26;Bueno;133.42;Regular;14;21.75;26.71;53.42;Bueno;125.38;Regular;Bueno;Regular
2026-06-11;15:00;51;50.54;65.33;50.26;Bueno;133.42;Regular;16;21.88;26.71;53.42;Bueno;125.38;Regular;Bueno;Regular
2026-06-11;16:00;58;52.38;65.33;50.26;Bueno;133.42;Regular;24;22.54;26.71;53.42;Bueno;125.38;Regular;Bueno;Regular
2026-06-11;17:00;102;55.75;65.33;50.26;Bueno;133.42;Regular;32;23.50;26.71;53.42;Bueno;125.38;Regular;Bueno;Regular
2026-06-11;18:00;82;57.75;65.33;50.26;Bueno;133.42;Regular;23;23.96;26.71;53.42;Bueno;125.38;Regular;Bueno;Regular
2026-06-11;19:00;70;57.00;65.33;50.26;Bueno;133.42;Regular;24;24.00;26.71;53.42;Bueno;125.38;Regular;Bueno;Regular
2026-06-11;20:00;82;56.79;65.33;50.26;Bueno;133.42;Regular;28;23.92;26.71;53.42;Bueno;125.38;Regular;Bueno;Regular
2026-06-11;21:00;84;57.62;65.33;50.26;Bueno;133.42;Regular;30;24.25;26.71;53.42;Bueno;125.38;Regular;Bueno;Regular
2026-06-11;22:00;129;61.67;65.33;50.26;Bueno;133.42;Regular;47;25.46;26.71;53.42;Bueno;125.38;Regular;Bueno;Regular
2026-06-11;23:00;126;65.33;65.33;50.26;Bueno;133.42;Regular;50;26.71;26.71;53.42;Bueno;125.38;Regular;Bueno;Regular
2026-06-12;00:00;108;68.42;123.75;95.19;Bueno;230.98;Alerta;49;27.92;47.58;95.17;Bueno;171.12;Regular;Bueno;Alerta
2026-06-12;01:00;99;71.00;123.75;95.19;Bueno;230.98;Alerta;41;28.67;47.58;95.17;Bueno;171.12;Regular;Bueno;Alerta
2026-06-12;02:00;87;72.79;123.75;95.19;Bueno;230.98;Alerta;43;29.50;47.58;95.17;Bueno;171.12;Regular;Bueno;Alerta
2026-06-12;03:00;91;75.33;123.75;95.19;Bueno;230.98;Alerta;47;30.67;47.58;95.17;Bueno;171.12;Regular;Bueno;Alerta
2026-06-12;04:00;84;77.12;123.75;95.19;Bueno;230.98;Alerta;47;31.67;47.58;95.17;Bueno;171.12;Regular;Bueno;Alerta
2026-06-12;05:00;80;78.79;123.75;95.19;Bueno;230.98;Alerta;45;32.50;47.58;95.17;Bueno;171.12;Regular;Bueno;Alerta
2026-06-12;06:00;86;80.83;123.75;95.19;Bueno;230.98;Alerta;42;33.50;47.58;95.17;Bueno;171.12;Regular;Bueno;Alerta
2026-06-12;07:00;110;82.46;123.75;95.19;Bueno;230.98;Alerta;47;34.25;47.58;95.17;Bueno;171.12;Regular;Bueno;Alerta
2026-06-12;08:00;111;83.96;123.75;95.19;Bueno;230.98;Alerta;44;34.75;47.58;95.17;Bueno;171.12;Regular;Bueno;Alerta
2026-06-12;09:00;140;85.75;123.75;95.19;Bueno;230.98;Alerta;51;35.12;47.58;95.17;Bueno;171.12;Regular;Bueno;Alerta
2026-06-12;10:00;108;86.83;123.75;95.19;Bueno;230.98;Alerta;47;35.71;47.58;95.17;Bueno;171.12;Regular;Bueno;Alerta
2026-06-12;11:00;85;88.58;123.75;95.19;Bueno;230.98;Alerta;30;36.21;47.58;95.17;Bueno;171.12;Regular;Bueno;Alerta
2026-06-12;12:00;75;89.83;123.75;95.19;Bueno;230.98;Alerta;28;36.54;47.58;95.17;Bueno;171.12;Regular;Bueno;Alerta
2026-06-12;13:00;80;90.71;123.75;95.19;Bueno;230.98;Alerta;24;36.38;47.58;95.17;Bueno;171.12;Regular;Bueno;Alerta
2026-06-12;14:00;79;91.96;123.75;95.19;Bueno;230.98;Alerta;32;37.12;47.58;95.17;Bueno;171.12;Regular;Bueno;Alerta
2026-06-12;15:00;93;93.71;123.75;95.19;Bueno;230.98;Alerta;34;37.88;47.58;95.17;Bueno;171.12;Regular;Bueno;Alerta
2026-06-12;16:00;96;95.29;123.75;95.19;Bueno;230.98;Alerta;37;38.42;47.58;95.17;Bueno;171.12;Regular;Bueno;Alerta
2026-06-12;17:00;145;97.08;123.75;95.19;Bueno;230.98;Alerta;39;38.71;47.58;95.17;Bueno;171.12;Regular;Bueno;Alerta
2026-06-12;18:00;214;102.58;123.75;95.19;Bueno;230.98;Alerta;49;39.79;47.58;95.17;Bueno;171.12;Regular;Bueno;Alerta
2026-06-12;19:00;196;107.83;123.75;95.19;Bueno;230.98;Alerta;55;41.08;47.58;95.17;Bueno;171.12;Regular;Bueno;Alerta
2026-06-12;20:00;198;112.67;123.75;95.19;Bueno;230.98;Alerta;65;42.62;47.58;95.17;Bueno;171.12;Regular;Bueno;Alerta
2026-06-12;21:00;214;118.08;123.75;95.19;Bueno;230.98;Alerta;81;44.75;47.58;95.17;Bueno;171.12;Regular;Bueno;Alerta
2026-06-12;22:00;206;121.29;123.75;95.19;Bueno;230.98;Alerta;83;46.25;47.58;95.17;Bueno;171.12;Regular;Bueno;Alerta
2026-06-12;23:00;185;123.75;123.75;95.19;Bueno;230.98;Alerta;82;47.58;47.58;95.17;Bueno;171.12;Regular;Bueno;Alerta
2026-06-13;00:00;154;125.67;137.54;115.08;Regular;254.36;Alerta;71;48.50;69.67;165.56;Regular;220.18;Alerta;Regular;Alerta
2026-06-13;01:00;138;127.29;137.54;115.08;Regular;254.36;Alerta;69;49.67;69.67;165.56;Regular;220.18;Alerta;Regular;Alerta
2026-06-13;02:00;134;129.25;137.54;115.08;Regular;254.36;Alerta;71;50.83;69.67;165.56;Regular;220.18;Alerta;Regular;Alerta
2026-06-13;03:00;132;130.96;137.54;115.08;Regular;254.36;Alerta;68;51.71;69.67;165.56;Regular;220.18;Alerta;Regular;Alerta
2026-06-13;04:00;106;131.88;137.54;115.08;Regular;254.36;Alerta;55;52.04;69.67;165.56;Regular;220.18;Alerta;Regular;Alerta
2026-06-13;05:00;92;132.38;137.54;115.08;Regular;254.36;Alerta;48;52.17;69.67;165.56;Regular;220.18;Alerta;Regular;Alerta
2026-06-13;06:00;80;132.12;137.54;115.08;Regular;254.36;Alerta;50;52.50;69.67;165.56;Regular;220.18;Alerta;Regular;Alerta
2026-06-13;07:00;90;131.29;137.54;115.08;Regular;254.36;Alerta;45;52.42;69.67;165.56;Regular;220.18;Alerta;Regular;Alerta
2026-06-13;08:00;102;130.92;137.54;115.08;Regular;254.36;Alerta;55;52.88;69.67;165.56;Regular;220.18;Alerta;Regular;Alerta
2026-06-13;09:00;141;130.96;137.54;115.08;Regular;254.36;Alerta;58;53.17;69.67;165.56;Regular;220.18;Alerta;Regular;Alerta
2026-06-13;10:00;141;132.33;137.54;115.08;Regular;254.36;Alerta;59;53.67;69.67;165.56;Regular;220.18;Alerta;Regular;Alerta
2026-06-13;11:00;181;136.33;137.54;115.08;Regular;254.36;Alerta;72;55.42;69.67;165.56;Regular;220.18;Alerta;Regular;Alerta
2026-06-13;12:00;160;139.88;137.54;115.08;Regular;254.36;Alerta;73;57.29;69.67;165.56;Regular;220.18;Alerta;Regular;Alerta
2026-06-13;13:00;98;140.62;137.54;115.08;Regular;254.36;Alerta;54;58.54;69.67;165.56;Regular;220.18;Alerta;Regular;Alerta
2026-06-13;14:00;97;141.38;137.54;115.08;Regular;254.36;Alerta;53;59.42;69.67;165.56;Regular;220.18;Alerta;Regular;Alerta
2026-06-13;15:00;128;142.83;137.54;115.08;Regular;254.36;Alerta;60;60.50;69.67;165.56;Regular;220.18;Alerta;Regular;Alerta
2026-06-13;16:00;121;143.88;137.54;115.08;Regular;254.36;Alerta;59;61.42;69.67;165.56;Regular;220.18;Alerta;Regular;Alerta
2026-06-13;17:00;151;144.12;137.54;115.08;Regular;254.36;Alerta;66;62.54;69.67;165.56;Regular;220.18;Alerta;Regular;Alerta
2026-06-13;18:00;174;142.46;137.54;115.08;Regular;254.36;Alerta;83;63.96;69.67;165.56;Regular;220.18;Alerta;Regular;Alerta
2026-06-13;19:00;184;141.96;137.54;115.08;Regular;254.36;Alerta;94;65.58;69.67;165.56;Regular;220.18;Alerta;Regular;Alerta
2026-06-13;20:00;179;141.17;137.54;115.08;Regular;254.36;Alerta;95;66.83;69.67;165.56;Regular;220.18;Alerta;Regular;Alerta
2026-06-13;21:00;174;139.50;137.54;115.08;Regular;254.36;Alerta;95;67.42;69.67;165.56;Regular;220.18;Alerta;Regular;Alerta
2026-06-13;22:00;191;138.88;137.54;115.08;Regular;254.36;Alerta;118;68.88;69.67;165.56;Regular;220.18;Alerta;Regular;Alerta
2026-06-13;23:00;153;137.54;137.54;115.08;Regular;254.36;Alerta;101;69.67;69.67;165.56;Regular;220.18;Alerta;Regular;Alerta
2026-06-14;00:00;131;136.58;99.54;76.57;Bueno;190.27;Regular;93;70.58;58.46;128.19;Regular;195.19;Regular;Regular;Regular
2026-06-14;01:00;132;136.33;99.54;76.57;Bueno;190.27;Regular;86;71.29;58.46;128.19;Regular;195.19;Regular;Regular;Regular
2026-06-14;02:00;128;136.08;99.54;76.57;Bueno;190.27;Regular;91;72.12;58.46;128.19;Regular;195.19;Regular;Regular;Regular
2026-06-14;03:00;120;135.58;99.54;76.57;Bueno;190.27;Regular;90;73.04;58.46;128.19;Regular;195.19;Regular;Regular;Regular
2026-06-14;04:00;113;135.88;99.54;76.57;Bueno;190.27;Regular;82;74.17;58.46;128.19;Regular;195.19;Regular;Regular;Regular
2026-06-14;05:00;95;136.00;99.54;76.57;Bueno;190.27;Regular;68;75.00;58.46;128.19;Regular;195.19;Regular;Regular;Regular
2026-06-14;06:00;80;136.00;99.54;76.57;Bueno;190.27;Regular;52;75.08;58.46;128.19;Regular;195.19;Regular;Regular;Regular
2026-06-14;07:00;75;135.38;99.54;76.57;Bueno;190.27;Regular;52;75.38;58.46;128.19;Regular;195.19;Regular;Regular;Regular
2026-06-14;08:00;57;133.50;99.54;76.57;Bueno;190.27;Regular;38;74.67;58.46;128.19;Regular;195.19;Regular;Regular;Regular
2026-06-14;09:00;78;130.88;99.54;76.57;Bueno;190.27;Regular;47;74.21;58.46;128.19;Regular;195.19;Regular;Regular;Regular
2026-06-14;10:00;72;128.00;99.54;76.57;Bueno;190.27;Regular;41;73.46;58.46;128.19;Regular;195.19;Regular;Regular;Regular
2026-06-14;11:00;80;123.79;99.54;76.57;Bueno;190.27;Regular;43;72.25;58.46;128.19;Regular;195.19;Regular;Regular;Regular
2026-06-14;12:00;75;120.25;99.54;76.57;Bueno;190.27;Regular;41;70.92;58.46;128.19;Regular;195.19;Regular;Regular;Regular
2026-06-14;13:00;61;118.71;99.54;76.57;Bueno;190.27;Regular;36;70.17;58.46;128.19;Regular;195.19;Regular;Regular;Regular
2026-06-14;14:00;83;118.12;99.54;76.57;Bueno;190.27;Regular;44;69.79;58.46;128.19;Regular;195.19;Regular;Regular;Regular
2026-06-14;15:00;78;116.04;99.54;76.57;Bueno;190.27;Regular;42;69.04;58.46;128.19;Regular;195.19;Regular;Regular;Regular
2026-06-14;16:00;92;114.83;99.54;76.57;Bueno;190.27;Regular;43;68.38;58.46;128.19;Regular;195.19;Regular;Regular;Regular
2026-06-14;17:00;115;113.33;99.54;76.57;Bueno;190.27;Regular;58;68.04;58.46;128.19;Regular;195.19;Regular;Regular;Regular
2026-06-14;18:00;143;112.04;99.54;76.57;Bueno;190.27;Regular;76;67.75;58.46;128.19;Regular;195.19;Regular;Regular;Regular
2026-06-14;19:00;152;110.71;99.54;76.57;Bueno;190.27;Regular;57;66.21;58.46;128.19;Regular;195.19;Regular;Regular;Regular
2026-06-14;20:00;118;108.17;99.54;76.57;Bueno;190.27;Regular;50;64.33;58.46;128.19;Regular;195.19;Regular;Regular;Regular
2026-06-14;21:00;124;106.08;99.54;76.57;Bueno;190.27;Regular;71;63.33;58.46;128.19;Regular;195.19;Regular;Regular;Regular
2026-06-14;22:00;103;102.42;99.54;76.57;Bueno;190.27;Regular;53;60.62;58.46;128.19;Regular;195.19;Regular;Regular;Regular
2026-06-14;23:00;84;99.54;99.54;76.57;Bueno;190.27;Regular;49;58.46;58.46;128.19;Regular;195.19;Regular;Regular;Regular
2026-06-15;00:00;73;97.12;114.29;87.92;Bueno;215.03;Alerta;46;56.50;53.83;112.78;Regular;184.93;Regular;Regular;Alerta
2026-06-15;01:00;69;94.50;114.29;87.92;Bueno;215.03;Alerta;48;54.92;53.83;112.78;Regular;184.93;Regular;Regular;Alerta
2026-06-15;02:00;79;92.46;114.29;87.92;Bueno;215.03;Alerta;54;53.38;53.83;112.78;Regular;184.93;Regular;Regular;Alerta
2026-06-15;03:00;78;90.71;114.29;87.92;Bueno;215.03;Alerta;54;51.88;53.83;112.78;Regular;184.93;Regular;Regular;Alerta
2026-06-15;04:00;73;89.04;114.29;87.92;Bueno;215.03;Alerta;49;50.50;53.83;112.78;Regular;184.93;Regular;Regular;Alerta
2026-06-15;05:00;68;87.92;114.29;87.92;Bueno;215.03;Alerta;47;49.62;53.83;112.78;Regular;184.93;Regular;Regular;Alerta
2026-06-15;06:00;68;87.42;114.29;87.92;Bueno;215.03;Alerta;46;49.38;53.83;112.78;Regular;184.93;Regular;Regular;Alerta
2026-06-15;07:00;89;88.00;114.29;87.92;Bueno;215.03;Alerta;46;49.12;53.83;112.78;Regular;184.93;Regular;Regular;Alerta
2026-06-15;08:00;95;89.58;114.29;87.92;Bueno;215.03;Alerta;43;49.33;53.83;112.78;Regular;184.93;Regular;Regular;Alerta
2026-06-15;09:00;152;92.67;114.29;87.92;Bueno;215.03;Alerta;67;50.17;53.83;112.78;Regular;184.93;Regular;Regular;Alerta
2026-06-15;10:00;93;93.54;114.29;87.92;Bueno;215.03;Alerta;48;50.46;53.83;112.78;Regular;184.93;Regular;Regular;Alerta
2026-06-15;11:00;92;94.04;114.29;87.92;Bueno;215.03;Alerta;46;50.58;53.83;112.78;Regular;184.93;Regular;Regular;Alerta
2026-06-15;12:00;132;96.42;114.29;87.92;Bueno;215.03;Alerta;65;51.58;53.83;112.78;Regular;184.93;Regular;Regular;Alerta
2026-06-15;13:00;121;98.92;114.29;87.92;Bueno;215.03;Alerta;60;52.58;53.83;112.78;Regular;184.93;Regular;Regular;Alerta
2026-06-15;14:00;87;99.08;114.29;87.92;Bueno;215.03;Alerta;48;52.75;53.83;112.78;Regular;184.93;Regular;Regular;Alerta
2026-06-15;15:00;95;99.79;114.29;87.92;Bueno;215.03;Alerta;45;52.88;53.83;112.78;Regular;184.93;Regular;Regular;Alerta
2026-06-15;16:00;76;99.12;114.29;87.92;Bueno;215.03;Alerta;28;52.25;53.83;112.78;Regular;184.93;Regular;Regular;Alerta
2026-06-15;17:00;121;99.38;114.29;87.92;Bueno;215.03;Alerta;31;51.12;53.83;112.78;Regular;184.93;Regular;Regular;Alerta
2026-06-15;18:00;174;100.67;114.29;87.92;Bueno;215.03;Alerta;60;50.46;53.83;112.78;Regular;184.93;Regular;Regular;Alerta
2026-06-15;19:00;140;100.17;114.29;87.92;Bueno;215.03;Alerta;69;50.96;53.83;112.78;Regular;184.93;Regular;Regular;Alerta
2026-06-15;20:00;150;101.50;114.29;87.92;Bueno;215.03;Alerta;69;51.75;53.83;112.78;Regular;184.93;Regular;Regular;Alerta
2026-06-15;21:00;222;105.58;114.29;87.92;Bueno;215.03;Alerta;75;51.92;53.83;112.78;Regular;184.93;Regular;Regular;Alerta
2026-06-15;22:00;198;109.54;114.29;87.92;Bueno;215.03;Alerta;75;52.83;53.83;112.78;Regular;184.93;Regular;Regular;Alerta
2026-06-15;23:00;198;114.29;114.29;87.92;Bueno;215.03;Alerta;73;53.83;53.83;112.78;Regular;184.93;Regular;Regular;Alerta
2026-06-16;00:00;139;117.04;201.71;243.42;Alerta;364.88;Preemergencia;77;55.12;73.33;177.78;Regular;228.39;Alerta;Alerta;Preemergencia
2026-06-16;01:00;134;119.75;201.71;243.42;Alerta;364.88;Preemergencia;73;56.17;73.33;177.78;Regular;228.39;Alerta;Alerta;Preemergencia
2026-06-16;02:00;142;122.38;201.71;243.42;Alerta;364.88;Preemergencia;83;57.38;73.33;177.78;Regular;228.39;Alerta;Alerta;Preemergencia
2026-06-16;03:00;135;124.75;201.71;243.42;Alerta;364.88;Preemergencia;80;58.46;73.33;177.78;Regular;228.39;Alerta;Alerta;Preemergencia
2026-06-16;04:00;127;127.00;201.71;243.42;Alerta;364.88;Preemergencia;74;59.50;73.33;177.78;Regular;228.39;Alerta;Alerta;Preemergencia
2026-06-16;05:00;107;128.62;201.71;243.42;Alerta;364.88;Preemergencia;62;60.12;73.33;177.78;Regular;228.39;Alerta;Alerta;Preemergencia
2026-06-16;06:00;109;130.33;201.71;243.42;Alerta;364.88;Preemergencia;59;60.67;73.33;177.78;Regular;228.39;Alerta;Alerta;Preemergencia
2026-06-16;07:00;152;132.96;201.71;243.42;Alerta;364.88;Preemergencia;66;61.50;73.33;177.78;Regular;228.39;Alerta;Alerta;Preemergencia
2026-06-16;08:00;127;134.29;201.71;243.42;Alerta;364.88;Preemergencia;59;62.17;73.33;177.78;Regular;228.39;Alerta;Alerta;Preemergencia
2026-06-16;09:00;236;137.79;201.71;243.42;Alerta;364.88;Preemergencia;77;62.58;73.33;177.78;Regular;228.39;Alerta;Alerta;Preemergencia
2026-06-16;10:00;227;143.38;201.71;243.42;Alerta;364.88;Preemergencia;71;63.54;73.33;177.78;Regular;228.39;Alerta;Alerta;Preemergencia
2026-06-16;11:00;207;148.17;201.71;243.42;Alerta;364.88;Preemergencia;78;64.88;73.33;177.78;Regular;228.39;Alerta;Alerta;Preemergencia
2026-06-16;12:00;189;150.54;201.71;243.42;Alerta;364.88;Preemergencia;67;64.96;73.33;177.78;Regular;228.39;Alerta;Alerta;Preemergencia
2026-06-16;13:00;316;158.67;201.71;243.42;Alerta;364.88;Preemergencia;97;66.50;73.33;177.78;Regular;228.39;Alerta;Alerta;Preemergencia
2026-06-16;14:00;248;165.38;201.71;243.42;Alerta;364.88;Preemergencia;77;67.71;73.33;177.78;Regular;228.39;Alerta;Alerta;Preemergencia
2026-06-16;15:00;214;170.33;201.71;243.42;Alerta;364.88;Preemergencia;73;68.88;73.33;177.78;Regular;228.39;Alerta;Alerta;Preemergencia
2026-06-16;16:00;226;176.58;201.71;243.42;Alerta;364.88;Preemergencia;65;70.42;73.33;177.78;Regular;228.39;Alerta;Alerta;Preemergencia
2026-06-16;17:00;280;183.21;201.71;243.42;Alerta;364.88;Preemergencia;63;71.75;73.33;177.78;Regular;228.39;Alerta;Alerta;Preemergencia
2026-06-16;18:00;267;187.08;201.71;243.42;Alerta;364.88;Preemergencia;64;71.92;73.33;177.78;Regular;228.39;Alerta;Alerta;Preemergencia
2026-06-16;19:00;277;192.79;201.71;243.42;Alerta;364.88;Preemergencia;71;72.00;73.33;177.78;Regular;228.39;Alerta;Alerta;Preemergencia
2026-06-16;20:00;276;198.04;201.71;243.42;Alerta;364.88;Preemergencia;77;72.33;73.33;177.78;Regular;228.39;Alerta;Alerta;Preemergencia
2026-06-16;21:00;248;199.12;201.71;243.42;Alerta;364.88;Preemergencia;83;72.67;73.33;177.78;Regular;228.39;Alerta;Alerta;Preemergencia
2026-06-16;22:00;230;200.46;201.71;243.42;Alerta;364.88;Preemergencia;84;73.04;73.33;177.78;Regular;228.39;Alerta;Alerta;Preemergencia
2026-06-16;23:00;228;201.71;201.71;243.42;Alerta;364.88;Preemergencia;80;73.33;73.33;177.78;Regular;228.39;Alerta;Alerta;Preemergencia
2026-06-17;00:00;194;204.00;102.62;78.94;Bueno;195.43;Regular;80;73.46;50.33;101.11;Regular;177.19;Regular;Regular;Regular
2026-06-17;01:00;170;205.50;102.62;78.94;Bueno;195.43;Regular;74;73.50;50.33;101.11;Regular;177.19;Regular;Regular;Regular
2026-06-17;02:00;149;205.79;102.62;78.94;Bueno;195.43;Regular;72;73.04;50.33;101.11;Regular;177.19;Regular;Regular;Regular
2026-06-17;03:00;132;205.67;102.62;78.94;Bueno;195.43;Regular;65;72.42;50.33;101.11;Regular;177.19;Regular;Regular;Regular
2026-06-17;04:00;123;205.50;102.62;78.94;Bueno;195.43;Regular;58;71.75;50.33;101.11;Regular;177.19;Regular;Regular;Regular
2026-06-17;05:00;117;205.92;102.62;78.94;Bueno;195.43;Regular;63;71.79;50.33;101.11;Regular;177.19;Regular;Regular;Regular
2026-06-17;06:00;140;207.21;102.62;78.94;Bueno;195.43;Regular;66;72.08;50.33;101.11;Regular;177.19;Regular;Regular;Regular
2026-06-17;07:00;144;206.88;102.62;78.94;Bueno;195.43;Regular;63;71.96;50.33;101.11;Regular;177.19;Regular;Regular;Regular
2026-06-17;08:00;212;210.42;102.62;78.94;Bueno;195.43;Regular;74;72.58;50.33;101.11;Regular;177.19;Regular;Regular;Regular
2026-06-17;09:00;133;206.12;102.62;78.94;Bueno;195.43;Regular;67;72.17;50.33;101.11;Regular;177.19;Regular;Regular;Regular
2026-06-17;10:00;77;199.88;102.62;78.94;Bueno;195.43;Regular;51;71.33;50.33;101.11;Regular;177.19;Regular;Regular;Regular
2026-06-17;11:00;82;194.67;102.62;78.94;Bueno;195.43;Regular;52;70.25;50.33;101.11;Regular;177.19;Regular;Regular;Regular
2026-06-17;12:00;64;189.46;102.62;78.94;Bueno;195.43;Regular;44;69.29;50.33;101.11;Regular;177.19;Regular;Regular;Regular
2026-06-17;13:00;72;179.29;102.62;78.94;Bueno;195.43;Regular;51;67.38;50.33;101.11;Regular;177.19;Regular;Regular;Regular
2026-06-17;14:00;64;171.62;102.62;78.94;Bueno;195.43;Regular;41;65.88;50.33;101.11;Regular;177.19;Regular;Regular;Regular
2026-06-17;15:00;50;164.79;102.62;78.94;Bueno;195.43;Regular;31;64.12;50.33;101.11;Regular;177.19;Regular;Regular;Regular
2026-06-17;16:00;59;157.83;102.62;78.94;Bueno;195.43;Regular;28;62.58;50.33;101.11;Regular;177.19;Regular;Regular;Regular
2026-06-17;17:00;67;148.96;102.62;78.94;Bueno;195.43;Regular;34;61.38;50.33;101.11;Regular;177.19;Regular;Regular;Regular
2026-06-17;18:00;85;141.38;102.62;78.94;Bueno;195.43;Regular;33;60.08;50.33;101.11;Regular;177.19;Regular;Regular;Regular
2026-06-17;19:00;87;133.46;102.62;78.94;Bueno;195.43;Regular;42;58.88;50.33;101.11;Regular;177.19;Regular;Regular;Regular
2026-06-17;20:00;82;125.38;102.62;78.94;Bueno;195.43;Regular;31;56.96;50.33;101.11;Regular;177.19;Regular;Regular;Regular
2026-06-17;21:00;57;117.42;102.62;78.94;Bueno;195.43;Regular;33;54.88;50.33;101.11;Regular;177.19;Regular;Regular;Regular
2026-06-17;22:00;42;109.58;102.62;78.94;Bueno;195.43;Regular;21;52.25;50.33;101.11;Regular;177.19;Regular;Regular;Regular
2026-06-17;23:00;61;102.62;102.62;78.94;Bueno;195.43;Regular;34;50.33;50.33;101.11;Regular;177.19;Regular;Regular;Regular
2026-06-18;00:00;62;97.12;52.35;40.27;Bueno;112.04;Regular;33;48.38;25.17;50.35;Bueno;122.04;Regular;Bueno;Regular
2026-06-18;01:00;53;92.25;52.35;40.27;Bueno;112.04;Regular;34;46.71;25.17;50.35;Bueno;122.04;Regular;Bueno;Regular
2026-06-18;02:00;51;88.17;52.35;40.27;Bueno;112.04;Regular;33;45.08;25.17;50.35;Bueno;122.04;Regular;Bueno;Regular
2026-06-18;03:00;54;84.92;52.35;40.27;Bueno;112.04;Regular;27;43.50;25.17;50.35;Bueno;122.04;Regular;Bueno;Regular
2026-06-18;04:00;47;81.75;52.35;40.27;Bueno;112.04;Regular;32;42.42;25.17;50.35;Bueno;122.04;Regular;Bueno;Regular
2026-06-18;05:00;39;78.50;52.35;40.27;Bueno;112.04;Regular;29;41.00;25.17;50.35;Bueno;122.04;Regular;Bueno;Regular
2026-06-18;06:00;52;74.83;52.35;40.27;Bueno;112.04;Regular;31;39.54;25.17;50.35;Bueno;122.04;Regular;Bueno;Regular
2026-06-18;07:00;72;71.83;52.35;40.27;Bueno;112.04;Regular;27;38.04;25.17;50.35;Bueno;122.04;Regular;Bueno;Regular
2026-06-18;08:00;76;66.17;52.35;40.27;Bueno;112.04;Regular;38;36.54;25.17;50.35;Bueno;122.04;Regular;Bueno;Regular
2026-06-18;09:00;72;63.62;52.35;40.27;Bueno;112.04;Regular;38;35.33;25.17;50.35;Bueno;122.04;Regular;Bueno;Regular
2026-06-18;10:00;;63.04;52.35;40.27;Bueno;112.04;Regular;;34.65;25.17;50.35;Bueno;122.04;Regular;Bueno;Regular
2026-06-18;11:00;54;61.83;52.35;40.27;Bueno;112.04;Regular;34;33.87;25.17;50.35;Bueno;122.04;Regular;Bueno;Regular
2026-06-18;12:00;55;61.43;52.35;40.27;Bueno;112.04;Regular;33;33.39;25.17;50.35;Bueno;122.04;Regular;Bueno;Regular
2026-06-18;13:00;61;60.96;52.35;40.27;Bueno;112.04;Regular;34;32.65;25.17;50.35;Bueno;122.04;Regular;Bueno;Regular
2026-06-18;14:00;41;59.96;52.35;40.27;Bueno;112.04;Regular;20;31.74;25.17;50.35;Bueno;122.04;Regular;Bueno;Regular
2026-06-18;15:00;29;59.04;52.35;40.27;Bueno;112.04;Regular;11;30.87;25.17;50.35;Bueno;122.04;Regular;Bueno;Regular
2026-06-18;16:00;35;58.00;52.35;40.27;Bueno;112.04;Regular;11;30.13;25.17;50.35;Bueno;122.04;Regular;Bueno;Regular
2026-06-18;17:00;45;57.04;52.35;40.27;Bueno;112.04;Regular;18;29.43;25.17;50.35;Bueno;122.04;Regular;Bueno;Regular
2026-06-18;18:00;32;54.74;52.35;40.27;Bueno;112.04;Regular;11;28.48;25.17;50.35;Bueno;122.04;Regular;Bueno;Regular
2026-06-18;19:00;37;52.57;52.35;40.27;Bueno;112.04;Regular;13;27.22;25.17;50.35;Bueno;122.04;Regular;Bueno;Regular
2026-06-18;20:00;61;51.65;52.35;40.27;Bueno;112.04;Regular;17;26.61;25.17;50.35;Bueno;122.04;Regular;Bueno;Regular
2026-06-18;21:00;52;51.43;52.35;40.27;Bueno;112.04;Regular;13;25.74;25.17;50.35;Bueno;122.04;Regular;Bueno;Regular
2026-06-18;22:00;57;52.09;52.35;40.27;Bueno;112.04;Regular;16;25.52;25.17;50.35;Bueno;122.04;Regular;Bueno;Regular
2026-06-18;23:00;67;52.35;52.35;40.27;Bueno;112.04;Regular;26;25.17;25.17;50.35;Bueno;122.04;Regular;Bueno;Regular
2026-06-19;00:00;55;52.04;82.21;63.24;Bueno;161.36;Regular;30;25.04;34.25;68.50;Bueno;141.83;Regular;Bueno;Regular
2026-06-19;01:00;52;52.00;82.21;63.24;Bueno;161.36;Regular;30;24.87;34.25;68.50;Bueno;141.83;Regular;Bueno;Regular
2026-06-19;02:00;50;51.96;82.21;63.24;Bueno;161.36;Regular;28;24.65;34.25;68.50;Bueno;141.83;Regular;Bueno;Regular
2026-06-19;03:00;40;51.35;82.21;63.24;Bueno;161.36;Regular;22;24.43;34.25;68.50;Bueno;141.83;Regular;Bueno;Regular
2026-06-19;04:00;34;50.78;82.21;63.24;Bueno;161.36;Regular;20;23.91;34.25;68.50;Bueno;141.83;Regular;Bueno;Regular
2026-06-19;05:00;41;50.87;82.21;63.24;Bueno;161.36;Regular;25;23.74;34.25;68.50;Bueno;141.83;Regular;Bueno;Regular
2026-06-19;06:00;50;50.78;82.21;63.24;Bueno;161.36;Regular;32;23.78;34.25;68.50;Bueno;141.83;Regular;Bueno;Regular
2026-06-19;07:00;62;50.35;82.21;63.24;Bueno;161.36;Regular;31;23.96;34.25;68.50;Bueno;141.83;Regular;Bueno;Regular
2026-06-19;08:00;104;51.57;82.21;63.24;Bueno;161.36;Regular;43;24.17;34.25;68.50;Bueno;141.83;Regular;Bueno;Regular
2026-06-19;09:00;120;53.65;82.21;63.24;Bueno;161.36;Regular;52;24.78;34.25;68.50;Bueno;141.83;Regular;Bueno;Regular
2026-06-19;10:00;109;55.96;82.21;63.24;Bueno;161.36;Regular;50;25.83;34.25;68.50;Bueno;141.83;Regular;Bueno;Regular
2026-06-19;11:00;139;59.50;82.21;63.24;Bueno;161.36;Regular;65;27.12;34.25;68.50;Bueno;141.83;Regular;Bueno;Regular
2026-06-19;12:00;93;61.08;82.21;63.24;Bueno;161.36;Regular;45;27.62;34.25;68.50;Bueno;141.83;Regular;Bueno;Regular
2026-06-19;13:00;75;61.67;82.21;63.24;Bueno;161.36;Regular;29;27.42;34.25;68.50;Bueno;141.83;Regular;Bueno;Regular
2026-06-19;14:00;45;61.83;82.21;63.24;Bueno;161.36;Regular;17;27.29;34.25;68.50;Bueno;141.83;Regular;Bueno;Regular
2026-06-19;15:00;28;61.79;82.21;63.24;Bueno;161.36;Regular;4;27.00;34.25;68.50;Bueno;141.83;Regular;Bueno;Regular
2026-06-19;16:00;40;62.00;82.21;63.24;Bueno;161.36;Regular;13;27.08;34.25;68.50;Bueno;141.83;Regular;Bueno;Regular
2026-06-19;17:00;49;62.17;82.21;63.24;Bueno;161.36;Regular;18;27.08;34.25;68.50;Bueno;141.83;Regular;Bueno;Regular
2026-06-19;18:00;110;65.42;82.21;63.24;Bueno;161.36;Regular;25;27.67;34.25;68.50;Bueno;141.83;Regular;Bueno;Regular
2026-06-19;19:00;124;69.04;82.21;63.24;Bueno;161.36;Regular;30;28.38;34.25;68.50;Bueno;141.83;Regular;Bueno;Regular
2026-06-19;20:00;144;72.50;82.21;63.24;Bueno;161.36;Regular;40;29.33;34.25;68.50;Bueno;141.83;Regular;Bueno;Regular
2026-06-19;21:00;154;76.75;82.21;63.24;Bueno;161.36;Regular;54;31.04;34.25;68.50;Bueno;141.83;Regular;Bueno;Regular
2026-06-19;22:00;146;80.46;82.21;63.24;Bueno;161.36;Regular;68;33.21;34.25;68.50;Bueno;141.83;Regular;Bueno;Regular
2026-06-19;23:00;109;82.21;82.21;63.24;Bueno;161.36;Regular;51;34.25;34.25;68.50;Bueno;141.83;Regular;Bueno;Regular
2026-06-20;00:00;92;83.75;56.25;43.27;Bueno;118.45;Regular;44;34.83;31.67;63.33;Bueno;136.19;Regular;Bueno;Regular
2026-06-20;01:00;81;84.96;56.25;43.27;Bueno;118.45;Regular;44;35.42;31.67;63.33;Bueno;136.19;Regular;Bueno;Regular
2026-06-20;02:00;61;85.42;56.25;43.27;Bueno;118.45;Regular;39;35.88;31.67;63.33;Bueno;136.19;Regular;Bueno;Regular
2026-06-20;03:00;33;85.12;56.25;43.27;Bueno;118.45;Regular;20;35.79;31.67;63.33;Bueno;136.19;Regular;Bueno;Regular
2026-06-20;04:00;23;84.67;56.25;43.27;Bueno;118.45;Regular;17;35.67;31.67;63.33;Bueno;136.19;Regular;Bueno;Regular
2026-06-20;05:00;31;84.25;56.25;43.27;Bueno;118.45;Regular;17;35.33;31.67;63.33;Bueno;136.19;Regular;Bueno;Regular
2026-06-20;06:00;70;85.08;56.25;43.27;Bueno;118.45;Regular;39;35.62;31.67;63.33;Bueno;136.19;Regular;Bueno;Regular
2026-06-20;07:00;65;85.21;56.25;43.27;Bueno;118.45;Regular;32;35.67;31.67;63.33;Bueno;136.19;Regular;Bueno;Regular
2026-06-20;08:00;72;83.88;56.25;43.27;Bueno;118.45;Regular;37;35.42;31.67;63.33;Bueno;136.19;Regular;Bueno;Regular
2026-06-20;09:00;75;82.00;56.25;43.27;Bueno;118.45;Regular;39;34.88;31.67;63.33;Bueno;136.19;Regular;Bueno;Regular
2026-06-20;10:00;97;81.50;56.25;43.27;Bueno;118.45;Regular;53;35.00;31.67;63.33;Bueno;136.19;Regular;Bueno;Regular
2026-06-20;11:00;77;78.92;56.25;43.27;Bueno;118.45;Regular;43;34.08;31.67;63.33;Bueno;136.19;Regular;Bueno;Regular
2026-06-20;12:00;59;77.50;56.25;43.27;Bueno;118.45;Regular;32;33.54;31.67;63.33;Bueno;136.19;Regular;Bueno;Regular
2026-06-20;13:00;69;77.25;56.25;43.27;Bueno;118.45;Regular;44;34.17;31.67;63.33;Bueno;136.19;Regular;Bueno;Regular
2026-06-20;14:00;53;77.58;56.25;43.27;Bueno;118.45;Regular;36;34.96;31.67;63.33;Bueno;136.19;Regular;Bueno;Regular
2026-06-20;15:00;47;78.38;56.25;43.27;Bueno;118.45;Regular;26;35.88;31.67;63.33;Bueno;136.19;Regular;Bueno;Regular
2026-06-20;16:00;42;78.46;56.25;43.27;Bueno;118.45;Regular;26;36.42;31.67;63.33;Bueno;136.19;Regular;Bueno;Regular
2026-06-20;17:00;30;77.67;56.25;43.27;Bueno;118.45;Regular;15;36.29;31.67;63.33;Bueno;136.19;Regular;Bueno;Regular
2026-06-20;18:00;30;74.33;56.25;43.27;Bueno;118.45;Regular;14;35.83;31.67;63.33;Bueno;136.19;Regular;Bueno;Regular
2026-06-20;19:00;48;71.17;56.25;43.27;Bueno;118.45;Regular;21;35.46;31.67;63.33;Bueno;136.19;Regular;Bueno;Regular
2026-06-20;20:00;52;67.33;56.25;43.27;Bueno;118.45;Regular;25;34.83;31.67;63.33;Bueno;136.19;Regular;Bueno;Regular
2026-06-20;21:00;53;63.12;56.25;43.27;Bueno;118.45;Regular;36;34.08;31.67;63.33;Bueno;136.19;Regular;Bueno;Regular
2026-06-20;22:00;37;58.58;56.25;43.27;Bueno;118.45;Regular;27;32.38;31.67;63.33;Bueno;136.19;Regular;Bueno;Regular
2026-06-20;23:00;53;56.25;56.25;43.27;Bueno;118.45;Regular;34;31.67;31.67;63.33;Bueno;136.19;Regular;Bueno;Regular
2026-06-21;00:00;45;54.29;28.46;21.89;Bueno;63.24;Bueno;27;30.96;13.00;26.00;Bueno;86.67;Bueno;Bueno;Bueno
2026-06-21;01:00;37;52.46;28.46;21.89;Bueno;63.24;Bueno;22;30.04;13.00;26.00;Bueno;86.67;Bueno;Bueno;Bueno
2026-06-21;02:00;34;51.33;28.46;21.89;Bueno;63.24;Bueno;23;29.38;13.00;26.00;Bueno;86.67;Bueno;Bueno;Bueno
2026-06-21;03:00;25;51.00;28.46;21.89;Bueno;63.24;Bueno;13;29.08;13.00;26.00;Bueno;86.67;Bueno;Bueno;Bueno
2026-06-21;04:00;20;50.88;28.46;21.89;Bueno;63.24;Bueno;11;28.83;13.00;26.00;Bueno;86.67;Bueno;Bueno;Bueno
2026-06-21;05:00;17;50.29;28.46;21.89;Bueno;63.24;Bueno;9;28.50;13.00;26.00;Bueno;86.67;Bueno;Bueno;Bueno
2026-06-21;06:00;19;48.17;28.46;21.89;Bueno;63.24;Bueno;8;27.21;13.00;26.00;Bueno;86.67;Bueno;Bueno;Bueno
2026-06-21;07:00;17;46.17;28.46;21.89;Bueno;63.24;Bueno;7;26.17;13.00;26.00;Bueno;86.67;Bueno;Bueno;Bueno
2026-06-21;08:00;20;44.00;28.46;21.89;Bueno;63.24;Bueno;7;24.92;13.00;26.00;Bueno;86.67;Bueno;Bueno;Bueno
2026-06-21;09:00;22;41.79;28.46;21.89;Bueno;63.24;Bueno;10;23.71;13.00;26.00;Bueno;86.67;Bueno;Bueno;Bueno
2026-06-21;10:00;20;38.58;28.46;21.89;Bueno;63.24;Bueno;9;21.88;13.00;26.00;Bueno;86.67;Bueno;Bueno;Bueno
2026-06-21;11:00;18;36.12;28.46;21.89;Bueno;63.24;Bueno;9;20.46;13.00;26.00;Bueno;86.67;Bueno;Bueno;Bueno
2026-06-21;12:00;22;34.58;28.46;21.89;Bueno;63.24;Bueno;14;19.71;13.00;26.00;Bueno;86.67;Bueno;Bueno;Bueno
2026-06-21;13:00;21;32.58;28.46;21.89;Bueno;63.24;Bueno;13;18.42;13.00;26.00;Bueno;86.67;Bueno;Bueno;Bueno
2026-06-21;14:00;30;31.62;28.46;21.89;Bueno;63.24;Bueno;20;17.75;13.00;26.00;Bueno;86.67;Bueno;Bueno;Bueno
2026-06-21;15:00;24;30.67;28.46;21.89;Bueno;63.24;Bueno;6;16.92;13.00;26.00;Bueno;86.67;Bueno;Bueno;Bueno
2026-06-21;16:00;12;29.42;28.46;21.89;Bueno;63.24;Bueno;9;16.21;13.00;26.00;Bueno;86.67;Bueno;Bueno;Bueno
2026-06-21;17:00;14;28.75;28.46;21.89;Bueno;63.24;Bueno;5;15.79;13.00;26.00;Bueno;86.67;Bueno;Bueno;Bueno
2026-06-21;18:00;26;28.58;28.46;21.89;Bueno;63.24;Bueno;3;15.33;13.00;26.00;Bueno;86.67;Bueno;Bueno;Bueno
2026-06-21;19:00;43;28.38;28.46;21.89;Bueno;63.24;Bueno;5;14.67;13.00;26.00;Bueno;86.67;Bueno;Bueno;Bueno
2026-06-21;20:00;38;27.79;28.46;21.89;Bueno;63.24;Bueno;11;14.08;13.00;26.00;Bueno;86.67;Bueno;Bueno;Bueno
2026-06-21;21:00;42;27.33;28.46;21.89;Bueno;63.24;Bueno;17;13.29;13.00;26.00;Bueno;86.67;Bueno;Bueno;Bueno
2026-06-21;22:00;61;28.33;28.46;21.89;Bueno;63.24;Bueno;27;13.29;13.00;26.00;Bueno;86.67;Bueno;Bueno;Bueno
2026-06-21;23:00;56;28.46;28.46;21.89;Bueno;63.24;Bueno;27;13.00;13.00;26.00;Bueno;86.67;Bueno;Bueno;Bueno
2026-06-22;00:00;53;28.79;62.75;48.27;Bueno;129.16;Regular;31;13.17;23.04;46.08;Bueno;117.41;Regular;Bueno;Regular
2026-06-22;01:00;45;29.12;62.75;48.27;Bueno;129.16;Regular;25;13.29;23.04;46.08;Bueno;117.41;Regular;Bueno;Regular
2026-06-22;02:00;42;29.46;62.75;48.27;Bueno;129.16;Regular;25;13.38;23.04;46.08;Bueno;117.41;Regular;Bueno;Regular
2026-06-22;03:00;36;29.92;62.75;48.27;Bueno;129.16;Regular;26;13.92;23.04;46.08;Bueno;117.41;Regular;Bueno;Regular
2026-06-22;04:00;40;30.75;62.75;48.27;Bueno;129.16;Regular;24;14.46;23.04;46.08;Bueno;117.41;Regular;Bueno;Regular
2026-06-22;05:00;42;31.79;62.75;48.27;Bueno;129.16;Regular;25;15.12;23.04;46.08;Bueno;117.41;Regular;Bueno;Regular
2026-06-22;06:00;39;32.62;62.75;48.27;Bueno;129.16;Regular;22;15.71;23.04;46.08;Bueno;117.41;Regular;Bueno;Regular
2026-06-22;07:00;60;34.42;62.75;48.27;Bueno;129.16;Regular;27;16.54;23.04;46.08;Bueno;117.41;Regular;Bueno;Regular
2026-06-22;08:00;106;38.00;62.75;48.27;Bueno;129.16;Regular;35;17.71;23.04;46.08;Bueno;117.41;Regular;Bueno;Regular
2026-06-22;09:00;85;40.62;62.75;48.27;Bueno;129.16;Regular;36;18.79;23.04;46.08;Bueno;117.41;Regular;Bueno;Regular
2026-06-22;10:00;73;42.83;62.75;48.27;Bueno;129.16;Regular;32;19.75;23.04;46.08;Bueno;117.41;Regular;Bueno;Regular
2026-06-22;11:00;73;45.12;62.75;48.27;Bueno;129.16;Regular;27;20.50;23.04;46.08;Bueno;117.41;Regular;Bueno;Regular
2026-06-22;12:00;72;47.21;62.75;48.27;Bueno;129.16;Regular;22;20.83;23.04;46.08;Bueno;117.41;Regular;Bueno;Regular
2026-06-22;13:00;45;48.21;62.75;48.27;Bueno;129.16;Regular;17;21.00;23.04;46.08;Bueno;117.41;Regular;Bueno;Regular
2026-06-22;14:00;46;48.88;62.75;48.27;Bueno;129.16;Regular;19;20.96;23.04;46.08;Bueno;117.41;Regular;Bueno;Regular
2026-06-22;15:00;41;49.58;62.75;48.27;Bueno;129.16;Regular;14;21.29;23.04;46.08;Bueno;117.41;Regular;Bueno;Regular
2026-06-22;16:00;55;51.38;62.75;48.27;Bueno;129.16;Regular;20;21.75;23.04;46.08;Bueno;117.41;Regular;Bueno;Regular
2026-06-22;17:00;43;52.58;62.75;48.27;Bueno;129.16;Regular;5;21.75;23.04;46.08;Bueno;117.41;Regular;Bueno;Regular
2026-06-22;18:00;73;54.54;62.75;48.27;Bueno;129.16;Regular;7;21.92;23.04;46.08;Bueno;117.41;Regular;Bueno;Regular
2026-06-22;19:00;69;55.62;62.75;48.27;Bueno;129.16;Regular;12;22.21;23.04;46.08;Bueno;117.41;Regular;Bueno;Regular
2026-06-22;20:00;79;57.33;62.75;48.27;Bueno;129.16;Regular;15;22.38;23.04;46.08;Bueno;117.41;Regular;Bueno;Regular
2026-06-22;21:00;109;60.12;62.75;48.27;Bueno;129.16;Regular;29;22.88;23.04;46.08;Bueno;117.41;Regular;Bueno;Regular
2026-06-22;22:00;94;61.50;62.75;48.27;Bueno;129.16;Regular;27;22.88;23.04;46.08;Bueno;117.41;Regular;Bueno;Regular
2026-06-22;23:00;86;62.75;62.75;48.27;Bueno;129.16;Regular;31;23.04;23.04;46.08;Bueno;117.41;Regular;Bueno;Regular
2026-06-23;00:00;77;63.75;;;;;;30;23.00;35.79;71.58;Bueno;145.21;Regular;Bueno;Regular
2026-06-23;01:00;70;64.79;;;;;;35;23.42;35.79;71.58;Bueno;145.21;Regular;Bueno;Regular
2026-06-23;02:00;67;65.83;;;;;;32;23.71;35.79;71.58;Bueno;145.21;Regular;Bueno;Regular
2026-06-23;03:00;76;67.50;;;;;;40;24.29;35.79;71.58;Bueno;145.21;Regular;Bueno;Regular
2026-06-23;04:00;61;68.38;;;;;;34;24.71;35.79;71.58;Bueno;145.21;Regular;Bueno;Regular
2026-06-23;05:00;57;69.00;;;;;;30;24.92;35.79;71.58;Bueno;145.21;Regular;Bueno;Regular
2026-06-23;06:00;56;69.71;;;;;;30;25.25;35.79;71.58;Bueno;145.21;Regular;Bueno;Regular
2026-06-23;07:00;72;70.21;;;;;;32;25.46;35.79;71.58;Bueno;145.21;Regular;Bueno;Regular
2026-06-23;08:00;;68.65;;;;;;45;25.88;35.79;71.58;Bueno;145.21;Regular;Bueno;Regular
2026-06-23;09:00;;67.91;;;;;;52;26.54;35.79;71.58;Bueno;145.21;Regular;Bueno;Regular
2026-06-23;10:00;;67.67;;;;;;45;27.08;35.79;71.58;Bueno;145.21;Regular;Bueno;Regular
2026-06-23;11:00;;67.40;;;;;;42;27.71;35.79;71.58;Bueno;145.21;Regular;Bueno;Regular
2026-06-23;12:00;;67.16;;;;;;27;27.92;35.79;71.58;Bueno;145.21;Regular;Bueno;Regular
2026-06-23;13:00;;68.39;;;;;;32;28.54;35.79;71.58;Bueno;145.21;Regular;Bueno;Regular
2026-06-23;14:00;;;;;;;;33;29.12;35.79;71.58;Bueno;145.21;Regular;Bueno;Regular
2026-06-23;15:00;;;;;;;;32;29.88;35.79;71.58;Bueno;145.21;Regular;Bueno;Regular
2026-06-23;16:00;;;;;;;;17;29.75;35.79;71.58;Bueno;145.21;Regular;Bueno;Regular
2026-06-23;17:00;;;;;;;;25;30.58;35.79;71.58;Bueno;145.21;Regular;Bueno;Regular
2026-06-23;18:00;;;;;;;;33;31.67;35.79;71.58;Bueno;145.21;Regular;Bueno;Regular
2026-06-23;19:00;;;;;;;;28;32.33;35.79;71.58;Bueno;145.21;Regular;Bueno;Regular
2026-06-23;20:00;;;;;;;;36;33.21;35.79;71.58;Bueno;145.21;Regular;Bueno;Regular
2026-06-23;21:00;;;;;;;;48;34.00;35.79;71.58;Bueno;145.21;Regular;Bueno;Regular
2026-06-23;22:00;;;;;;;;46;34.79;35.79;71.58;Bueno;145.21;Regular;Bueno;Regular
2026-06-23;23:00;;;;;;;;55;35.79;35.79;71.58;Bueno;145.21;Regular;Bueno;Regular
2026-06-24;00:00;;;;;;;;54;36.79;47.50;95.00;Bueno;170.93;Regular;Bueno;Regular
2026-06-24;01:00;;;;;;;;50;37.42;47.50;95.00;Bueno;170.93;Regular;Bueno;Regular
2026-06-24;02:00;;;;;;;;50;38.17;47.50;95.00;Bueno;170.93;Regular;Bueno;Regular
2026-06-24;03:00;;;;;;;;51;38.62;47.50;95.00;Bueno;170.93;Regular;Bueno;Regular
2026-06-24;04:00;;;;;;;;50;39.29;47.50;95.00;Bueno;170.93;Regular;Bueno;Regular
2026-06-24;05:00;;;;;;;;41;39.75;47.50;95.00;Bueno;170.93;Regular;Bueno;Regular
2026-06-24;06:00;;;;;;;;40;40.17;47.50;95.00;Bueno;170.93;Regular;Bueno;Regular
2026-06-24;07:00;;;;;;;;39;40.46;47.50;95.00;Bueno;170.93;Regular;Bueno;Regular
2026-06-24;08:00;;;;;;;;47;40.54;47.50;95.00;Bueno;170.93;Regular;Bueno;Regular
2026-06-24;09:00;;;;;;;;42;40.12;47.50;95.00;Bueno;170.93;Regular;Bueno;Regular
2026-06-24;10:00;;;;;;;;46;40.17;47.50;95.00;Bueno;170.93;Regular;Bueno;Regular
2026-06-24;11:00;;;;;;;;47;40.38;47.50;95.00;Bueno;170.93;Regular;Bueno;Regular
2026-06-24;12:00;162;;;;;;;46;41.17;47.50;95.00;Bueno;170.93;Regular;Bueno;Regular
2026-06-24;13:00;191;;;;;;;45;41.71;47.50;95.00;Bueno;170.93;Regular;Bueno;Regular
2026-06-24;14:00;181;;;;;;;49;42.38;47.50;95.00;Bueno;170.93;Regular;Bueno;Regular
2026-06-24;15:00;176;;;;;;;48;43.04;47.50;95.00;Bueno;170.93;Regular;Bueno;Regular
2026-06-24;16:00;101;;;;;;;28;43.50;47.50;95.00;Bueno;170.93;Regular;Bueno;Regular
2026-06-24;17:00;109;;;;;;;29;43.67;47.50;95.00;Bueno;170.93;Regular;Bueno;Regular
2026-06-24;18:00;169;;;;;;;44;44.12;47.50;95.00;Bueno;170.93;Regular;Bueno;Regular
2026-06-24;19:00;191;;;;;;;53;45.17;47.50;95.00;Bueno;170.93;Regular;Bueno;Regular
2026-06-24;20:00;230;;;;;;;53;45.88;47.50;95.00;Bueno;170.93;Regular;Bueno;Regular
2026-06-24;21:00;199;;;;;;;55;46.17;47.50;95.00;Bueno;170.93;Regular;Bueno;Regular
2026-06-24;22:00;199;;;;;;;60;46.75;47.50;95.00;Bueno;170.93;Regular;Bueno;Regular
2026-06-24;23:00;193;;;;;;;73;47.50;47.50;95.00;Bueno;170.93;Regular;Bueno;Regular
2026-06-25;00:00;160;;151.50;143.00;Regular;278.16;Alerta;65;47.96;44.96;89.92;Bueno;165.33;Regular;Regular;Alerta
2026-06-25;01:00;132;;151.50;143.00;Regular;278.16;Alerta;50;47.96;44.96;89.92;Bueno;165.33;Regular;Regular;Alerta
2026-06-25;02:00;130;;151.50;143.00;Regular;278.16;Alerta;52;48.04;44.96;89.92;Bueno;165.33;Regular;Regular;Alerta
2026-06-25;03:00;131;;151.50;143.00;Regular;278.16;Alerta;55;48.21;44.96;89.92;Bueno;165.33;Regular;Regular;Alerta
2026-06-25;04:00;119;;151.50;143.00;Regular;278.16;Alerta;54;48.38;44.96;89.92;Bueno;165.33;Regular;Regular;Alerta
2026-06-25;05:00;121;160.78;151.50;143.00;Regular;278.16;Alerta;54;48.92;44.96;89.92;Bueno;165.33;Regular;Regular;Alerta
2026-06-25;06:00;128;159.05;151.50;143.00;Regular;278.16;Alerta;55;49.54;44.96;89.92;Bueno;165.33;Regular;Regular;Alerta
2026-06-25;07:00;133;157.75;151.50;143.00;Regular;278.16;Alerta;51;50.04;44.96;89.92;Bueno;165.33;Regular;Regular;Alerta
2026-06-25;08:00;151;157.43;151.50;143.00;Regular;278.16;Alerta;46;50.00;44.96;89.92;Bueno;165.33;Regular;Regular;Alerta
2026-06-25;09:00;149;157.05;151.50;143.00;Regular;278.16;Alerta;47;50.21;44.96;89.92;Bueno;165.33;Regular;Regular;Alerta
2026-06-25;10:00;106;154.83;151.50;143.00;Regular;278.16;Alerta;39;49.92;44.96;89.92;Bueno;165.33;Regular;Regular;Alerta
2026-06-25;11:00;135;154.00;151.50;143.00;Regular;278.16;Alerta;37;49.50;44.96;89.92;Bueno;165.33;Regular;Regular;Alerta
2026-06-25;12:00;140;153.08;151.50;143.00;Regular;278.16;Alerta;46;49.50;44.96;89.92;Bueno;165.33;Regular;Regular;Alerta
2026-06-25;13:00;87;148.75;151.50;143.00;Regular;278.16;Alerta;25;48.67;44.96;89.92;Bueno;165.33;Regular;Regular;Alerta
2026-06-25;14:00;64;143.88;151.50;143.00;Regular;278.16;Alerta;11;47.08;44.96;89.92;Bueno;165.33;Regular;Regular;Alerta
2026-06-25;15:00;123;141.67;151.50;143.00;Regular;278.16;Alerta;26;46.17;44.96;89.92;Bueno;165.33;Regular;Regular;Alerta
2026-06-25;16:00;104;141.79;151.50;143.00;Regular;278.16;Alerta;23;45.96;44.96;89.92;Bueno;165.33;Regular;Regular;Alerta
2026-06-25;17:00;118;142.17;151.50;143.00;Regular;278.16;Alerta;24;45.75;44.96;89.92;Bueno;165.33;Regular;Regular;Alerta
2026-06-25;18:00;323;148.58;151.50;143.00;Regular;278.16;Alerta;49;45.96;44.96;89.92;Bueno;165.33;Regular;Regular;Alerta
2026-06-25;19:00;271;151.92;151.50;143.00;Regular;278.16;Alerta;54;46.00;44.96;89.92;Bueno;165.33;Regular;Regular;Alerta
2026-06-25;20:00;262;153.25;151.50;143.00;Regular;278.16;Alerta;56;46.12;44.96;89.92;Bueno;165.33;Regular;Regular;Alerta
2026-06-25;21:00;290;157.04;151.50;143.00;Regular;278.16;Alerta;75;46.96;44.96;89.92;Bueno;165.33;Regular;Regular;Alerta
2026-06-25;22:00;134;154.33;151.50;143.00;Regular;278.16;Alerta;39;46.08;44.96;89.92;Bueno;165.33;Regular;Regular;Alerta
2026-06-25;23:00;125;151.50;151.50;143.00;Regular;278.16;Alerta;46;44.96;44.96;89.92;Bueno;165.33;Regular;Regular;Alerta
2026-06-26;00:00;123;149.96;126.38;97.21;Bueno;235.42;Alerta;44;44.08;41.67;83.33;Bueno;158.09;Regular;Bueno;Alerta
2026-06-26;01:00;113;149.17;126.38;97.21;Bueno;235.42;Alerta;46;43.92;41.67;83.33;Bueno;158.09;Regular;Bueno;Alerta
2026-06-26;02:00;126;149.00;126.38;97.21;Bueno;235.42;Alerta;49;43.79;41.67;83.33;Bueno;158.09;Regular;Bueno;Alerta
2026-06-26;03:00;107;148.00;126.38;97.21;Bueno;235.42;Alerta;42;43.25;41.67;83.33;Bueno;158.09;Regular;Bueno;Alerta
2026-06-26;04:00;101;147.25;126.38;97.21;Bueno;235.42;Alerta;45;42.88;41.67;83.33;Bueno;158.09;Regular;Bueno;Alerta
2026-06-26;05:00;97;146.25;126.38;97.21;Bueno;235.42;Alerta;42;42.38;41.67;83.33;Bueno;158.09;Regular;Bueno;Alerta
2026-06-26;06:00;101;145.12;126.38;97.21;Bueno;235.42;Alerta;40;41.75;41.67;83.33;Bueno;158.09;Regular;Bueno;Alerta
2026-06-26;07:00;140;145.42;126.38;97.21;Bueno;235.42;Alerta;49;41.67;41.67;83.33;Bueno;158.09;Regular;Bueno;Alerta
2026-06-26;08:00;208;147.79;126.38;97.21;Bueno;235.42;Alerta;63;42.38;41.67;83.33;Bueno;158.09;Regular;Bueno;Alerta
2026-06-26;09:00;219;150.71;126.38;97.21;Bueno;235.42;Alerta;66;43.17;41.67;83.33;Bueno;158.09;Regular;Bueno;Alerta
2026-06-26;10:00;208;154.96;126.38;97.21;Bueno;235.42;Alerta;58;43.96;41.67;83.33;Bueno;158.09;Regular;Bueno;Alerta
2026-06-26;11:00;184;157.00;126.38;97.21;Bueno;235.42;Alerta;49;44.46;41.67;83.33;Bueno;158.09;Regular;Bueno;Alerta
2026-06-26;12:00;124;156.33;126.38;97.21;Bueno;235.42;Alerta;44;44.38;41.67;83.33;Bueno;158.09;Regular;Bueno;Alerta
2026-06-26;13:00;98;156.79;126.38;97.21;Bueno;235.42;Alerta;34;44.75;41.67;83.33;Bueno;158.09;Regular;Bueno;Alerta
2026-06-26;14:00;76;157.29;126.38;97.21;Bueno;235.42;Alerta;20;45.12;41.67;83.33;Bueno;158.09;Regular;Bueno;Alerta
2026-06-26;15:00;67;154.96;126.38;97.21;Bueno;235.42;Alerta;16;44.71;41.67;83.33;Bueno;158.09;Regular;Bueno;Alerta
2026-06-26;16:00;84;154.12;126.38;97.21;Bueno;235.42;Alerta;26;44.83;41.67;83.33;Bueno;158.09;Regular;Bueno;Alerta
2026-06-26;17:00;128;154.54;126.38;97.21;Bueno;235.42;Alerta;39;45.46;41.67;83.33;Bueno;158.09;Regular;Bueno;Alerta
2026-06-26;18:00;155;147.54;126.38;97.21;Bueno;235.42;Alerta;43;45.21;41.67;83.33;Bueno;158.09;Regular;Bueno;Alerta
2026-06-26;19:00;132;141.75;126.38;97.21;Bueno;235.42;Alerta;39;44.58;41.67;83.33;Bueno;158.09;Regular;Bueno;Alerta
2026-06-26;20:00;121;135.88;126.38;97.21;Bueno;235.42;Alerta;44;44.08;41.67;83.33;Bueno;158.09;Regular;Bueno;Alerta
2026-06-26;21:00;87;127.42;126.38;97.21;Bueno;235.42;Alerta;31;42.25;41.67;83.33;Bueno;158.09;Regular;Bueno;Alerta
2026-06-26;22:00;87;125.46;126.38;97.21;Bueno;235.42;Alerta;26;41.71;41.67;83.33;Bueno;158.09;Regular;Bueno;Alerta
2026-06-26;23:00;147;126.38;126.38;97.21;Bueno;235.42;Alerta;45;41.67;41.67;83.33;Bueno;158.09;Regular;Bueno;Alerta
2026-06-27;00:00;116;126.08;97.04;74.65;Bueno;186.09;Regular;51;41.96;43.21;86.42;Bueno;161.48;Regular;Bueno;Regular
2026-06-27;01:00;97;125.42;97.04;74.65;Bueno;186.09;Regular;41;41.75;43.21;86.42;Bueno;161.48;Regular;Bueno;Regular
2026-06-27;02:00;118;125.08;97.04;74.65;Bueno;186.09;Regular;52;41.88;43.21;86.42;Bueno;161.48;Regular;Bueno;Regular
2026-06-27;03:00;110;125.21;97.04;74.65;Bueno;186.09;Regular;55;42.42;43.21;86.42;Bueno;161.48;Regular;Bueno;Regular
2026-06-27;04:00;98;125.08;97.04;74.65;Bueno;186.09;Regular;53;42.75;43.21;86.42;Bueno;161.48;Regular;Bueno;Regular
2026-06-27;05:00;96;125.04;97.04;74.65;Bueno;186.09;Regular;52;43.17;43.21;86.42;Bueno;161.48;Regular;Bueno;Regular
2026-06-27;06:00;123;125.96;97.04;74.65;Bueno;186.09;Regular;54;43.75;43.21;86.42;Bueno;161.48;Regular;Bueno;Regular
2026-06-27;07:00;121;125.17;97.04;74.65;Bueno;186.09;Regular;60;44.21;43.21;86.42;Bueno;161.48;Regular;Bueno;Regular
2026-06-27;08:00;137;122.21;97.04;74.65;Bueno;186.09;Regular;60;44.08;43.21;86.42;Bueno;161.48;Regular;Bueno;Regular
2026-06-27;09:00;124;118.25;97.04;74.65;Bueno;186.09;Regular;54;43.58;43.21;86.42;Bueno;161.48;Regular;Bueno;Regular
2026-06-27;10:00;121;114.62;97.04;74.65;Bueno;186.09;Regular;55;43.46;43.21;86.42;Bueno;161.48;Regular;Bueno;Regular
2026-06-27;11:00;135;112.58;97.04;74.65;Bueno;186.09;Regular;57;43.79;43.21;86.42;Bueno;161.48;Regular;Bueno;Regular
2026-06-27;12:00;90;111.17;97.04;74.65;Bueno;186.09;Regular;43;43.75;43.21;86.42;Bueno;161.48;Regular;Bueno;Regular
2026-06-27;13:00;94;111.00;97.04;74.65;Bueno;186.09;Regular;44;44.17;43.21;86.42;Bueno;161.48;Regular;Bueno;Regular
2026-06-27;14:00;96;111.83;97.04;74.65;Bueno;186.09;Regular;39;44.96;43.21;86.42;Bueno;161.48;Regular;Bueno;Regular
2026-06-27;15:00;87;112.67;97.04;74.65;Bueno;186.09;Regular;34;45.71;43.21;86.42;Bueno;161.48;Regular;Bueno;Regular
2026-06-27;16:00;74;112.25;97.04;74.65;Bueno;186.09;Regular;30;45.88;43.21;86.42;Bueno;161.48;Regular;Bueno;Regular
2026-06-27;17:00;68;109.75;97.04;74.65;Bueno;186.09;Regular;26;45.33;43.21;86.42;Bueno;161.48;Regular;Bueno;Regular
2026-06-27;18:00;64;105.96;97.04;74.65;Bueno;186.09;Regular;25;44.58;43.21;86.42;Bueno;161.48;Regular;Bueno;Regular
2026-06-27;19:00;74;103.54;97.04;74.65;Bueno;186.09;Regular;26;44.04;43.21;86.42;Bueno;161.48;Regular;Bueno;Regular
2026-06-27;20:00;62;101.08;97.04;74.65;Bueno;186.09;Regular;23;43.17;43.21;86.42;Bueno;161.48;Regular;Bueno;Regular
2026-06-27;21:00;85;101.00;97.04;74.65;Bueno;186.09;Regular;37;43.42;43.21;86.42;Bueno;161.48;Regular;Bueno;Regular
2026-06-27;22:00;54;99.62;97.04;74.65;Bueno;186.09;Regular;28;43.50;43.21;86.42;Bueno;161.48;Regular;Bueno;Regular
2026-06-27;23:00;85;97.04;97.04;74.65;Bueno;186.09;Regular;38;43.21;43.21;86.42;Bueno;161.48;Regular;Bueno;Regular
2026-06-28;00:00;106;96.62;108.75;83.65;Bueno;205.71;Alerta;58;43.50;54.92;116.39;Regular;187.33;Regular;Regular;Alerta
2026-06-28;01:00;109;97.12;108.75;83.65;Bueno;205.71;Alerta;62;44.38;54.92;116.39;Regular;187.33;Regular;Regular;Alerta
2026-06-28;02:00;100;96.38;108.75;83.65;Bueno;205.71;Alerta;55;44.50;54.92;116.39;Regular;187.33;Regular;Regular;Alerta
2026-06-28;03:00;112;96.46;108.75;83.65;Bueno;205.71;Alerta;70;45.12;54.92;116.39;Regular;187.33;Regular;Regular;Alerta
2026-06-28;04:00;101;96.58;108.75;83.65;Bueno;205.71;Alerta;60;45.42;54.92;116.39;Regular;187.33;Regular;Regular;Alerta
2026-06-28;05:00;92;96.42;108.75;83.65;Bueno;205.71;Alerta;58;45.67;54.92;116.39;Regular;187.33;Regular;Regular;Alerta
2026-06-28;06:00;96;95.29;108.75;83.65;Bueno;205.71;Alerta;64;46.08;54.92;116.39;Regular;187.33;Regular;Regular;Alerta
2026-06-28;07:00;86;93.83;108.75;83.65;Bueno;205.71;Alerta;51;45.71;54.92;116.39;Regular;187.33;Regular;Regular;Alerta
2026-06-28;08:00;86;91.71;108.75;83.65;Bueno;205.71;Alerta;56;45.54;54.92;116.39;Regular;187.33;Regular;Regular;Alerta
2026-06-28;09:00;97;90.58;108.75;83.65;Bueno;205.71;Alerta;48;45.29;54.92;116.39;Regular;187.33;Regular;Regular;Alerta
2026-06-28;10:00;100;89.71;108.75;83.65;Bueno;205.71;Alerta;49;45.04;54.92;116.39;Regular;187.33;Regular;Regular;Alerta
2026-06-28;11:00;103;88.38;108.75;83.65;Bueno;205.71;Alerta;52;44.83;54.92;116.39;Regular;187.33;Regular;Regular;Alerta
2026-06-28;12:00;109;89.17;108.75;83.65;Bueno;205.71;Alerta;49;45.08;54.92;116.39;Regular;187.33;Regular;Regular;Alerta
2026-06-28;13:00;89;88.96;108.75;83.65;Bueno;205.71;Alerta;49;45.29;54.92;116.39;Regular;187.33;Regular;Regular;Alerta
2026-06-28;14:00;82;88.38;108.75;83.65;Bueno;205.71;Alerta;40;45.33;54.92;116.39;Regular;187.33;Regular;Regular;Alerta
2026-06-28;15:00;74;87.83;108.75;83.65;Bueno;205.71;Alerta;32;45.25;54.92;116.39;Regular;187.33;Regular;Regular;Alerta
2026-06-28;16:00;76;87.92;108.75;83.65;Bueno;205.71;Alerta;31;45.29;54.92;116.39;Regular;187.33;Regular;Regular;Alerta
2026-06-28;17:00;80;88.42;108.75;83.65;Bueno;205.71;Alerta;34;45.62;54.92;116.39;Regular;187.33;Regular;Regular;Alerta
2026-06-28;18:00;135;91.38;108.75;83.65;Bueno;205.71;Alerta;56;46.92;54.92;116.39;Regular;187.33;Regular;Regular;Alerta
2026-06-28;19:00;162;95.04;108.75;83.65;Bueno;205.71;Alerta;54;48.08;54.92;116.39;Regular;187.33;Regular;Regular;Alerta
2026-06-28;20:00;141;98.33;108.75;83.65;Bueno;205.71;Alerta;52;49.29;54.92;116.39;Regular;187.33;Regular;Regular;Alerta
2026-06-28;21:00;188;102.62;108.75;83.65;Bueno;205.71;Alerta;86;51.33;54.92;116.39;Regular;187.33;Regular;Regular;Alerta
2026-06-28;22:00;163;107.17;108.75;83.65;Bueno;205.71;Alerta;82;53.58;54.92;116.39;Regular;187.33;Regular;Regular;Alerta
2026-06-28;23:00;123;108.75;108.75;83.65;Bueno;205.71;Alerta;70;54.92;54.92;116.39;Regular;187.33;Regular;Regular;Alerta
2026-06-29;00:00;135;109.96;95.17;73.21;Bueno;182.97;Regular;80;55.83;44.50;89.00;Bueno;164.32;Regular;Bueno;Regular
2026-06-29;01:00;139;111.21;95.17;73.21;Bueno;182.97;Regular;83;56.71;44.50;89.00;Bueno;164.32;Regular;Bueno;Regular
2026-06-29;02:00;121;112.08;95.17;73.21;Bueno;182.97;Regular;76;57.58;44.50;89.00;Bueno;164.32;Regular;Bueno;Regular
2026-06-29;03:00;116;112.25;95.17;73.21;Bueno;182.97;Regular;69;57.54;44.50;89.00;Bueno;164.32;Regular;Bueno;Regular
2026-06-29;04:00;120;113.04;95.17;73.21;Bueno;182.97;Regular;71;58.00;44.50;89.00;Bueno;164.32;Regular;Bueno;Regular
2026-06-29;05:00;111;113.83;95.17;73.21;Bueno;182.97;Regular;71;58.54;44.50;89.00;Bueno;164.32;Regular;Bueno;Regular
2026-06-29;06:00;118;114.75;95.17;73.21;Bueno;182.97;Regular;71;58.83;44.50;89.00;Bueno;164.32;Regular;Bueno;Regular
2026-06-29;07:00;128;116.50;95.17;73.21;Bueno;182.97;Regular;74;59.79;44.50;89.00;Bueno;164.32;Regular;Bueno;Regular
2026-06-29;08:00;113;117.62;95.17;73.21;Bueno;182.97;Regular;61;60.00;44.50;89.00;Bueno;164.32;Regular;Bueno;Regular
2026-06-29;09:00;112;118.25;95.17;73.21;Bueno;182.97;Regular;49;60.04;44.50;89.00;Bueno;164.32;Regular;Bueno;Regular
2026-06-29;10:00;96;118.08;95.17;73.21;Bueno;182.97;Regular;37;59.54;44.50;89.00;Bueno;164.32;Regular;Bueno;Regular
2026-06-29;11:00;102;118.04;95.17;73.21;Bueno;182.97;Regular;36;58.88;44.50;89.00;Bueno;164.32;Regular;Bueno;Regular
2026-06-29;12:00;84;117.00;95.17;73.21;Bueno;182.97;Regular;40;58.50;44.50;89.00;Bueno;164.32;Regular;Bueno;Regular
2026-06-29;13:00;61;115.83;95.17;73.21;Bueno;182.97;Regular;33;57.83;44.50;89.00;Bueno;164.32;Regular;Bueno;Regular
2026-06-29;14:00;73;115.46;95.17;73.21;Bueno;182.97;Regular;30;57.42;44.50;89.00;Bueno;164.32;Regular;Bueno;Regular
2026-06-29;15:00;65;115.08;95.17;73.21;Bueno;182.97;Regular;24;57.08;44.50;89.00;Bueno;164.32;Regular;Bueno;Regular
2026-06-29;16:00;61;114.46;95.17;73.21;Bueno;182.97;Regular;19;56.58;44.50;89.00;Bueno;164.32;Regular;Bueno;Regular
2026-06-29;17:00;60;113.62;95.17;73.21;Bueno;182.97;Regular;15;55.79;44.50;89.00;Bueno;164.32;Regular;Bueno;Regular
2026-06-29;18:00;54;110.25;95.17;73.21;Bueno;182.97;Regular;11;53.92;44.50;89.00;Bueno;164.32;Regular;Bueno;Regular
2026-06-29;19:00;64;106.17;95.17;73.21;Bueno;182.97;Regular;17;52.38;44.50;89.00;Bueno;164.32;Regular;Bueno;Regular
2026-06-29;20:00;80;103.62;95.17;73.21;Bueno;182.97;Regular;20;51.04;44.50;89.00;Bueno;164.32;Regular;Bueno;Regular
2026-06-29;21:00;;99.96;95.17;73.21;Bueno;182.97;Regular;21;48.33;44.50;89.00;Bueno;164.32;Regular;Bueno;Regular
2026-06-29;22:00;86;96.61;95.17;73.21;Bueno;182.97;Regular;31;46.21;44.50;89.00;Bueno;164.32;Regular;Bueno;Regular
2026-06-29;23:00;90;95.17;95.17;73.21;Bueno;182.97;Regular;29;44.50;44.50;89.00;Bueno;164.32;Regular;Bueno;Regular
2026-06-30;00:00;87;93.09;99.42;76.47;Bueno;190.06;Regular;37;42.71;34.38;68.75;Bueno;142.11;Regular;Bueno;Regular
2026-06-30;01:00;90;90.96;99.42;76.47;Bueno;190.06;Regular;43;41.04;34.38;68.75;Bueno;142.11;Regular;Bueno;Regular
2026-06-30;02:00;76;89.00;99.42;76.47;Bueno;190.06;Regular;39;39.50;34.38;68.75;Bueno;142.11;Regular;Bueno;Regular
2026-06-30;03:00;87;87.74;99.42;76.47;Bueno;190.06;Regular;46;38.54;34.38;68.75;Bueno;142.11;Regular;Bueno;Regular
2026-06-30;04:00;79;85.96;99.42;76.47;Bueno;190.06;Regular;40;37.25;34.38;68.75;Bueno;142.11;Regular;Bueno;Regular
2026-06-30;05:00;79;84.57;99.42;76.47;Bueno;190.06;Regular;40;35.96;34.38;68.75;Bueno;142.11;Regular;Bueno;Regular
2026-06-30;06:00;86;83.17;99.42;76.47;Bueno;190.06;Regular;35;34.46;34.38;68.75;Bueno;142.11;Regular;Bueno;Regular
2026-06-30;07:00;121;82.87;99.42;76.47;Bueno;190.06;Regular;52;33.54;34.38;68.75;Bueno;142.11;Regular;Bueno;Regular
2026-06-30;08:00;132;83.70;99.42;76.47;Bueno;190.06;Regular;49;33.04;34.38;68.75;Bueno;142.11;Regular;Bueno;Regular
2026-06-30;09:00;222;88.48;99.42;76.47;Bueno;190.06;Regular;64;33.67;34.38;68.75;Bueno;142.11;Regular;Bueno;Regular
2026-06-30;10:00;177;92.00;99.42;76.47;Bueno;190.06;Regular;50;34.21;34.38;68.75;Bueno;142.11;Regular;Bueno;Regular
2026-06-30;11:00;154;94.26;99.42;76.47;Bueno;190.06;Regular;43;34.50;34.38;68.75;Bueno;142.11;Regular;Bueno;Regular
2026-06-30;12:00;146;96.96;99.42;76.47;Bueno;190.06;Regular;43;34.62;34.38;68.75;Bueno;142.11;Regular;Bueno;Regular
2026-06-30;13:00;115;99.30;99.42;76.47;Bueno;190.06;Regular;40;34.92;34.38;68.75;Bueno;142.11;Regular;Bueno;Regular
2026-06-30;14:00;71;99.22;99.42;76.47;Bueno;190.06;Regular;24;34.67;34.38;68.75;Bueno;142.11;Regular;Bueno;Regular
2026-06-30;15:00;70;99.43;99.42;76.47;Bueno;190.06;Regular;20;34.50;34.38;68.75;Bueno;142.11;Regular;Bueno;Regular
2026-06-30;16:00;65;99.61;99.42;76.47;Bueno;190.06;Regular;15;34.33;34.38;68.75;Bueno;142.11;Regular;Bueno;Regular
2026-06-30;17:00;70;100.04;99.42;76.47;Bueno;190.06;Regular;16;34.38;34.38;68.75;Bueno;142.11;Regular;Bueno;Regular
2026-06-30;18:00;66;100.57;99.42;76.47;Bueno;190.06;Regular;15;34.54;34.38;68.75;Bueno;142.11;Regular;Bueno;Regular
2026-06-30;19:00;80;101.26;99.42;76.47;Bueno;190.06;Regular;18;34.58;34.38;68.75;Bueno;142.11;Regular;Bueno;Regular
2026-06-30;20:00;59;100.35;99.42;76.47;Bueno;190.06;Regular;22;34.67;34.38;68.75;Bueno;142.11;Regular;Bueno;Regular
2026-06-30;21:00;63;98.79;99.42;76.47;Bueno;190.06;Regular;22;34.71;34.38;68.75;Bueno;142.11;Regular;Bueno;Regular
2026-06-30;22:00;119;100.17;99.42;76.47;Bueno;190.06;Regular;28;34.58;34.38;68.75;Bueno;142.11;Regular;Bueno;Regular
2026-06-30;23:00;72;99.42;99.42;76.47;Bueno;190.06;Regular;24;34.38;34.38;68.75;Bueno;142.11;Regular;Bueno;Regular
2026-07-01;00:00;66;98.54;91.00;70.00;Bueno;176.00;Regular;23;33.79;35.75;71.50;Bueno;145.12;Regular;Bueno;Regular
2026-07-01;01:00;43;96.58;91.00;70.00;Bueno;176.00;Regular;16;32.67;35.75;71.50;Bueno;145.12;Regular;Bueno;Regular
2026-07-01;02:00;79;96.71;91.00;70.00;Bueno;176.00;Regular;39;32.67;35.75;71.50;Bueno;145.12;Regular;Bueno;Regular
2026-07-01;03:00;86;96.67;91.00;70.00;Bueno;176.00;Regular;43;32.54;35.75;71.50;Bueno;145.12;Regular;Bueno;Regular
2026-07-01;04:00;85;96.92;91.00;70.00;Bueno;176.00;Regular;45;32.75;35.75;71.50;Bueno;145.12;Regular;Bueno;Regular
2026-07-01;05:00;101;97.83;91.00;70.00;Bueno;176.00;Regular;49;33.12;35.75;71.50;Bueno;145.12;Regular;Bueno;Regular
2026-07-01;06:00;96;98.25;91.00;70.00;Bueno;176.00;Regular;59;34.12;35.75;71.50;Bueno;145.12;Regular;Bueno;Regular
2026-07-01;07:00;95;97.17;91.00;70.00;Bueno;176.00;Regular;52;34.12;35.75;71.50;Bueno;145.12;Regular;Bueno;Regular
2026-07-01;08:00;99;95.79;91.00;70.00;Bueno;176.00;Regular;48;34.08;35.75;71.50;Bueno;145.12;Regular;Bueno;Regular
2026-07-01;09:00;130;91.96;91.00;70.00;Bueno;176.00;Regular;58;33.83;35.75;71.50;Bueno;145.12;Regular;Bueno;Regular
2026-07-01;10:00;179;92.04;91.00;70.00;Bueno;176.00;Regular;71;34.71;35.75;71.50;Bueno;145.12;Regular;Bueno;Regular
2026-07-01;11:00;175;92.92;91.00;70.00;Bueno;176.00;Regular;69;35.79;35.75;71.50;Bueno;145.12;Regular;Bueno;Regular
2026-07-01;12:00;114;91.58;91.00;70.00;Bueno;176.00;Regular;38;35.58;35.75;71.50;Bueno;145.12;Regular;Bueno;Regular
2026-07-01;13:00;92;90.62;91.00;70.00;Bueno;176.00;Regular;33;35.29;35.75;71.50;Bueno;145.12;Regular;Bueno;Regular
2026-07-01;14:00;74;90.75;91.00;70.00;Bueno;176.00;Regular;35;35.75;35.75;71.50;Bueno;145.12;Regular;Bueno;Regular
2026-07-01;15:00;66;90.58;91.00;70.00;Bueno;176.00;Regular;24;35.92;35.75;71.50;Bueno;145.12;Regular;Bueno;Regular
2026-07-01;16:00;54;90.12;91.00;70.00;Bueno;176.00;Regular;19;36.08;35.75;71.50;Bueno;145.12;Regular;Bueno;Regular
2026-07-01;17:00;53;89.42;91.00;70.00;Bueno;176.00;Regular;14;36.00;35.75;71.50;Bueno;145.12;Regular;Bueno;Regular
2026-07-01;18:00;71;89.62;91.00;70.00;Bueno;176.00;Regular;12;35.88;35.75;71.50;Bueno;145.12;Regular;Bueno;Regular
2026-07-01;19:00;59;88.75;91.00;70.00;Bueno;176.00;Regular;11;35.58;35.75;71.50;Bueno;145.12;Regular;Bueno;Regular
2026-07-01;20:00;70;89.21;91.00;70.00;Bueno;176.00;Regular;16;35.33;35.75;71.50;Bueno;145.12;Regular;Bueno;Regular
2026-07-01;21:00;80;89.92;91.00;70.00;Bueno;176.00;Regular;18;35.17;35.75;71.50;Bueno;145.12;Regular;Bueno;Regular
2026-07-01;22:00;95;88.92;91.00;70.00;Bueno;176.00;Regular;30;35.25;35.75;71.50;Bueno;145.12;Regular;Bueno;Regular
2026-07-01;23:00;122;91.00;91.00;70.00;Bueno;176.00;Regular;36;35.75;35.75;71.50;Bueno;145.12;Regular;Bueno;Regular
2026-07-02;00:00;75;91.38;106.58;81.99;Bueno;202.07;Alerta;25;35.83;41.21;82.42;Bueno;157.08;Regular;Bueno;Alerta
2026-07-02;01:00;87;93.21;106.58;81.99;Bueno;202.07;Alerta;32;36.50;41.21;82.42;Bueno;157.08;Regular;Bueno;Alerta
2026-07-02;02:00;94;93.83;106.58;81.99;Bueno;202.07;Alerta;35;36.33;41.21;82.42;Bueno;157.08;Regular;Bueno;Alerta
2026-07-02;03:00;87;93.88;106.58;81.99;Bueno;202.07;Alerta;42;36.29;41.21;82.42;Bueno;157.08;Regular;Bueno;Alerta
2026-07-02;04:00;88;94.00;106.58;81.99;Bueno;202.07;Alerta;44;36.25;41.21;82.42;Bueno;157.08;Regular;Bueno;Alerta
2026-07-02;05:00;92;93.62;106.58;81.99;Bueno;202.07;Alerta;54;36.46;41.21;82.42;Bueno;157.08;Regular;Bueno;Alerta
2026-07-02;06:00;94;93.54;106.58;81.99;Bueno;202.07;Alerta;55;36.29;41.21;82.42;Bueno;157.08;Regular;Bueno;Alerta
2026-07-02;07:00;99;93.71;106.58;81.99;Bueno;202.07;Alerta;44;35.96;41.21;82.42;Bueno;157.08;Regular;Bueno;Alerta
2026-07-02;08:00;123;94.71;106.58;81.99;Bueno;202.07;Alerta;43;35.75;41.21;82.42;Bueno;157.08;Regular;Bueno;Alerta
2026-07-02;09:00;168;96.29;106.58;81.99;Bueno;202.07;Alerta;65;36.04;41.21;82.42;Bueno;157.08;Regular;Bueno;Alerta
2026-07-02;10:00;106;93.25;106.58;81.99;Bueno;202.07;Alerta;42;34.83;41.21;82.42;Bueno;157.08;Regular;Bueno;Alerta
2026-07-02;11:00;99;90.08;106.58;81.99;Bueno;202.07;Alerta;38;33.54;41.21;82.42;Bueno;157.08;Regular;Bueno;Alerta
2026-07-02;12:00;127;90.62;106.58;81.99;Bueno;202.07;Alerta;45;33.83;41.21;82.42;Bueno;157.08;Regular;Bueno;Alerta
2026-07-02;13:00;95;90.75;106.58;81.99;Bueno;202.07;Alerta;42;34.21;41.21;82.42;Bueno;157.08;Regular;Bueno;Alerta
2026-07-02;14:00;89;91.38;106.58;81.99;Bueno;202.07;Alerta;38;34.33;41.21;82.42;Bueno;157.08;Regular;Bueno;Alerta
2026-07-02;15:00;90;92.38;106.58;81.99;Bueno;202.07;Alerta;36;34.83;41.21;82.42;Bueno;157.08;Regular;Bueno;Alerta
2026-07-02;16:00;73;93.17;106.58;81.99;Bueno;202.07;Alerta;26;35.12;41.21;82.42;Bueno;157.08;Regular;Bueno;Alerta
2026-07-02;17:00;85;94.50;106.58;81.99;Bueno;202.07;Alerta;21;35.42;41.21;82.42;Bueno;157.08;Regular;Bueno;Alerta
2026-07-02;18:00;93;95.42;106.58;81.99;Bueno;202.07;Alerta;23;35.88;41.21;82.42;Bueno;157.08;Regular;Bueno;Alerta
2026-07-02;19:00;98;97.04;106.58;81.99;Bueno;202.07;Alerta;22;36.33;41.21;82.42;Bueno;157.08;Regular;Bueno;Alerta
2026-07-02;20:00;135;99.75;106.58;81.99;Bueno;202.07;Alerta;35;37.12;41.21;82.42;Bueno;157.08;Regular;Bueno;Alerta
2026-07-02;21:00;155;102.88;106.58;81.99;Bueno;202.07;Alerta;47;38.33;41.21;82.42;Bueno;157.08;Regular;Bueno;Alerta
2026-07-02;22:00;152;105.25;106.58;81.99;Bueno;202.07;Alerta;65;39.79;41.21;82.42;Bueno;157.08;Regular;Bueno;Alerta
2026-07-02;23:00;154;106.58;106.58;81.99;Bueno;202.07;Alerta;70;41.21;41.21;82.42;Bueno;157.08;Regular;Bueno;Alerta
2026-07-03;00:00;150;109.71;134.54;109.08;Regular;249.27;Alerta;70;43.08;56.96;123.19;Regular;191.86;Regular;Regular;Alerta
2026-07-03;01:00;154;112.50;134.54;109.08;Regular;249.27;Alerta;77;44.96;56.96;123.19;Regular;191.86;Regular;Regular;Alerta
2026-07-03;02:00;134;114.17;134.54;109.08;Regular;249.27;Alerta;61;46.04;56.96;123.19;Regular;191.86;Regular;Regular;Alerta
2026-07-03;03:00;109;115.08;134.54;109.08;Regular;249.27;Alerta;61;46.83;56.96;123.19;Regular;191.86;Regular;Regular;Alerta
2026-07-03;04:00;108;115.92;134.54;109.08;Regular;249.27;Alerta;64;47.67;56.96;123.19;Regular;191.86;Regular;Regular;Alerta
2026-07-03;05:00;97;116.12;134.54;109.08;Regular;249.27;Alerta;64;48.08;56.96;123.19;Regular;191.86;Regular;Regular;Alerta
2026-07-03;06:00;111;116.83;134.54;109.08;Regular;249.27;Alerta;67;48.58;56.96;123.19;Regular;191.86;Regular;Regular;Alerta
2026-07-03;07:00;142;118.62;134.54;109.08;Regular;249.27;Alerta;74;49.83;56.96;123.19;Regular;191.86;Regular;Regular;Alerta
2026-07-03;08:00;214;122.42;134.54;109.08;Regular;249.27;Alerta;70;50.96;56.96;123.19;Regular;191.86;Regular;Regular;Alerta
2026-07-03;09:00;235;125.21;134.54;109.08;Regular;249.27;Alerta;99;52.38;56.96;123.19;Regular;191.86;Regular;Regular;Alerta
2026-07-03;10:00;225;130.17;134.54;109.08;Regular;249.27;Alerta;88;54.29;56.96;123.19;Regular;191.86;Regular;Regular;Alerta
2026-07-03;11:00;169;133.08;134.54;109.08;Regular;249.27;Alerta;69;55.58;56.96;123.19;Regular;191.86;Regular;Regular;Alerta
2026-07-03;12:00;166;134.71;134.54;109.08;Regular;249.27;Alerta;60;56.21;56.96;123.19;Regular;191.86;Regular;Regular;Alerta
2026-07-03;13:00;107;135.21;134.54;109.08;Regular;249.27;Alerta;52;56.62;56.96;123.19;Regular;191.86;Regular;Regular;Alerta
2026-07-03;14:00;92;135.33;134.54;109.08;Regular;249.27;Alerta;41;56.75;56.96;123.19;Regular;191.86;Regular;Regular;Alerta
2026-07-03;15:00;73;134.62;134.54;109.08;Regular;249.27;Alerta;33;56.62;56.96;123.19;Regular;191.86;Regular;Regular;Alerta
2026-07-03;16:00;85;135.12;134.54;109.08;Regular;249.27;Alerta;32;56.88;56.96;123.19;Regular;191.86;Regular;Regular;Alerta
2026-07-03;17:00;91;135.38;134.54;109.08;Regular;249.27;Alerta;29;57.21;56.96;123.19;Regular;191.86;Regular;Regular;Alerta
2026-07-03;18:00;147;137.62;134.54;109.08;Regular;249.27;Alerta;42;58.00;56.96;123.19;Regular;191.86;Regular;Regular;Alerta
2026-07-03;19:00;210;142.29;134.54;109.08;Regular;249.27;Alerta;59;59.54;56.96;123.19;Regular;191.86;Regular;Regular;Alerta
2026-07-03;20:00;170;143.75;134.54;109.08;Regular;249.27;Alerta;56;60.42;56.96;123.19;Regular;191.86;Regular;Regular;Alerta
2026-07-03;21:00;105;141.67;134.54;109.08;Regular;249.27;Alerta;42;60.21;56.96;123.19;Regular;191.86;Regular;Regular;Alerta
2026-07-03;22:00;71;138.29;134.54;109.08;Regular;249.27;Alerta;29;58.71;56.96;123.19;Regular;191.86;Regular;Regular;Alerta
2026-07-03;23:00;64;134.54;134.54;109.08;Regular;249.27;Alerta;28;56.96;56.96;123.19;Regular;191.86;Regular;Regular;Alerta
2026-07-04;00:00;94;132.21;99.50;76.54;Bueno;190.20;Regular;39;55.67;43.33;86.67;Bueno;161.76;Regular;Bueno;Regular
2026-07-04;01:00;87;129.42;99.50;76.54;Bueno;190.20;Regular;49;54.50;43.33;86.67;Bueno;161.76;Regular;Bueno;Regular
2026-07-04;02:00;84;127.33;99.50;76.54;Bueno;190.20;Regular;41;53.67;43.33;86.67;Bueno;161.76;Regular;Bueno;Regular
2026-07-04;03:00;93;126.67;99.50;76.54;Bueno;190.20;Regular;48;53.12;43.33;86.67;Bueno;161.76;Regular;Bueno;Regular
2026-07-04;04:00;99;126.29;99.50;76.54;Bueno;190.20;Regular;53;52.67;43.33;86.67;Bueno;161.76;Regular;Bueno;Regular
2026-07-04;05:00;100;126.42;99.50;76.54;Bueno;190.20;Regular;52;52.17;43.33;86.67;Bueno;161.76;Regular;Bueno;Regular
2026-07-04;06:00;100;125.96;99.50;76.54;Bueno;190.20;Regular;51;51.50;43.33;86.67;Bueno;161.76;Regular;Bueno;Regular
2026-07-04;07:00;115;124.83;99.50;76.54;Bueno;190.20;Regular;58;50.83;43.33;86.67;Bueno;161.76;Regular;Bueno;Regular
2026-07-04;08:00;133;121.46;99.50;76.54;Bueno;190.20;Regular;61;50.46;43.33;86.67;Bueno;161.76;Regular;Bueno;Regular
2026-07-04;09:00;131;117.12;99.50;76.54;Bueno;190.20;Regular;58;48.75;43.33;86.67;Bueno;161.76;Regular;Bueno;Regular
2026-07-04;10:00;138;113.50;99.50;76.54;Bueno;190.20;Regular;62;47.67;43.33;86.67;Bueno;161.76;Regular;Bueno;Regular
2026-07-04;11:00;135;112.08;99.50;76.54;Bueno;190.20;Regular;51;46.92;43.33;86.67;Bueno;161.76;Regular;Bueno;Regular
2026-07-04;12:00;138;110.92;99.50;76.54;Bueno;190.20;Regular;53;46.62;43.33;86.67;Bueno;161.76;Regular;Bueno;Regular
2026-07-04;13:00;107;110.92;99.50;76.54;Bueno;190.20;Regular;49;46.50;43.33;86.67;Bueno;161.76;Regular;Bueno;Regular
2026-07-04;14:00;67;109.88;99.50;76.54;Bueno;190.20;Regular;21;45.67;43.33;86.67;Bueno;161.76;Regular;Bueno;Regular
2026-07-04;15:00;80;110.17;99.50;76.54;Bueno;190.20;Regular;25;45.33;43.33;86.67;Bueno;161.76;Regular;Bueno;Regular
2026-07-04;16:00;64;109.29;99.50;76.54;Bueno;190.20;Regular;17;44.71;43.33;86.67;Bueno;161.76;Regular;Bueno;Regular
2026-07-04;17:00;60;108.00;99.50;76.54;Bueno;190.20;Regular;18;44.25;43.33;86.67;Bueno;161.76;Regular;Bueno;Regular
2026-07-04;18:00;57;104.25;99.50;76.54;Bueno;190.20;Regular;16;43.17;43.33;86.67;Bueno;161.76;Regular;Bueno;Regular
2026-07-04;19:00;76;98.67;99.50;76.54;Bueno;190.20;Regular;20;41.54;43.33;86.67;Bueno;161.76;Regular;Bueno;Regular
2026-07-04;20:00;104;95.92;99.50;76.54;Bueno;190.20;Regular;52;41.38;43.33;86.67;Bueno;161.76;Regular;Bueno;Regular
2026-07-04;21:00;94;95.46;99.50;76.54;Bueno;190.20;Regular;45;41.50;43.33;86.67;Bueno;161.76;Regular;Bueno;Regular
2026-07-04;22:00;128;97.83;99.50;76.54;Bueno;190.20;Regular;56;42.62;43.33;86.67;Bueno;161.76;Regular;Bueno;Regular
2026-07-04;23:00;104;99.50;99.50;76.54;Bueno;190.20;Regular;45;43.33;43.33;86.67;Bueno;161.76;Regular;Bueno;Regular
2026-07-05;00:00;101;99.79;55.50;42.69;Bueno;117.22;Regular;45;43.58;25.79;51.58;Bueno;123.39;Regular;Bueno;Regular
2026-07-05;01:00;77;99.38;55.50;42.69;Bueno;117.22;Regular;42;43.29;25.79;51.58;Bueno;123.39;Regular;Bueno;Regular
2026-07-05;02:00;51;98.00;55.50;42.69;Bueno;117.22;Regular;23;42.54;25.79;51.58;Bueno;123.39;Regular;Bueno;Regular
2026-07-05;03:00;66;96.88;55.50;42.69;Bueno;117.22;Regular;33;41.92;25.79;51.58;Bueno;123.39;Regular;Bueno;Regular
2026-07-05;04:00;59;95.21;55.50;42.69;Bueno;117.22;Regular;39;41.33;25.79;51.58;Bueno;123.39;Regular;Bueno;Regular
2026-07-05;05:00;56;93.38;55.50;42.69;Bueno;117.22;Regular;33;40.54;25.79;51.58;Bueno;123.39;Regular;Bueno;Regular
2026-07-05;06:00;53;91.42;55.50;42.69;Bueno;117.22;Regular;30;39.67;25.79;51.58;Bueno;123.39;Regular;Bueno;Regular
2026-07-05;07:00;56;88.96;55.50;42.69;Bueno;117.22;Regular;32;38.58;25.79;51.58;Bueno;123.39;Regular;Bueno;Regular
2026-07-05;08:00;56;85.75;55.50;42.69;Bueno;117.22;Regular;23;37.00;25.79;51.58;Bueno;123.39;Regular;Bueno;Regular
2026-07-05;09:00;58;82.71;55.50;42.69;Bueno;117.22;Regular;29;35.79;25.79;51.58;Bueno;123.39;Regular;Bueno;Regular
2026-07-05;10:00;52;79.12;55.50;42.69;Bueno;117.22;Regular;29;34.42;25.79;51.58;Bueno;123.39;Regular;Bueno;Regular
2026-07-05;11:00;52;75.67;55.50;42.69;Bueno;117.22;Regular;18;33.04;25.79;51.58;Bueno;123.39;Regular;Bueno;Regular
2026-07-05;12:00;52;72.08;55.50;42.69;Bueno;117.22;Regular;24;31.83;25.79;51.58;Bueno;123.39;Regular;Bueno;Regular
2026-07-05;13:00;41;69.33;55.50;42.69;Bueno;117.22;Regular;17;30.50;25.79;51.58;Bueno;123.39;Regular;Bueno;Regular
2026-07-05;14:00;34;67.96;55.50;42.69;Bueno;117.22;Regular;15;30.25;25.79;51.58;Bueno;123.39;Regular;Bueno;Regular
2026-07-05;15:00;26;65.71;55.50;42.69;Bueno;117.22;Regular;12;29.71;25.79;51.58;Bueno;123.39;Regular;Bueno;Regular
2026-07-05;16:00;33;64.42;55.50;42.69;Bueno;117.22;Regular;13;29.54;25.79;51.58;Bueno;123.39;Regular;Bueno;Regular
2026-07-05;17:00;38;63.50;55.50;42.69;Bueno;117.22;Regular;9;29.17;25.79;51.58;Bueno;123.39;Regular;Bueno;Regular
2026-07-05;18:00;49;63.17;55.50;42.69;Bueno;117.22;Regular;16;29.17;25.79;51.58;Bueno;123.39;Regular;Bueno;Regular
2026-07-05;19:00;69;62.88;55.50;42.69;Bueno;117.22;Regular;26;29.42;25.79;51.58;Bueno;123.39;Regular;Bueno;Regular
2026-07-05;20:00;76;61.71;55.50;42.69;Bueno;117.22;Regular;27;28.38;25.79;51.58;Bueno;123.39;Regular;Bueno;Regular
2026-07-05;21:00;66;60.54;55.50;42.69;Bueno;117.22;Regular;31;27.79;25.79;51.58;Bueno;123.39;Regular;Bueno;Regular
2026-07-05;22:00;49;57.25;55.50;42.69;Bueno;117.22;Regular;25;26.50;25.79;51.58;Bueno;123.39;Regular;Bueno;Regular
2026-07-05;23:00;62;55.50;55.50;42.69;Bueno;117.22;Regular;28;25.79;25.79;51.58;Bueno;123.39;Regular;Bueno;Regular
2026-07-06;00:00;64;53.96;111.79;85.99;Bueno;210.82;Alerta;28;25.08;39.58;79.17;Bueno;153.52;Regular;Bueno;Alerta
2026-07-06;01:00;66;53.50;111.79;85.99;Bueno;210.82;Alerta;34;24.75;39.58;79.17;Bueno;153.52;Regular;Bueno;Alerta
2026-07-06;02:00;66;54.12;111.79;85.99;Bueno;210.82;Alerta;35;25.25;39.58;79.17;Bueno;153.52;Regular;Bueno;Alerta
2026-07-06;03:00;62;53.96;111.79;85.99;Bueno;210.82;Alerta;34;25.29;39.58;79.17;Bueno;153.52;Regular;Bueno;Alerta
2026-07-06;04:00;58;53.92;111.79;85.99;Bueno;210.82;Alerta;28;24.83;39.58;79.17;Bueno;153.52;Regular;Bueno;Alerta
2026-07-06;05:00;56;53.92;111.79;85.99;Bueno;210.82;Alerta;32;24.79;39.58;79.17;Bueno;153.52;Regular;Bueno;Alerta
2026-07-06;06:00;65;54.42;111.79;85.99;Bueno;210.82;Alerta;28;24.71;39.58;79.17;Bueno;153.52;Regular;Bueno;Alerta
2026-07-06;07:00;76;55.25;111.79;85.99;Bueno;210.82;Alerta;29;24.58;39.58;79.17;Bueno;153.52;Regular;Bueno;Alerta
2026-07-06;08:00;98;57.00;111.79;85.99;Bueno;210.82;Alerta;34;25.04;39.58;79.17;Bueno;153.52;Regular;Bueno;Alerta
2026-07-06;09:00;125;59.79;111.79;85.99;Bueno;210.82;Alerta;47;25.79;39.58;79.17;Bueno;153.52;Regular;Bueno;Alerta
2026-07-06;10:00;63;60.25;111.79;85.99;Bueno;210.82;Alerta;24;25.58;39.58;79.17;Bueno;153.52;Regular;Bueno;Alerta
2026-07-06;11:00;143;64.04;111.79;85.99;Bueno;210.82;Alerta;47;26.79;39.58;79.17;Bueno;153.52;Regular;Bueno;Alerta
2026-07-06;12:00;134;67.46;111.79;85.99;Bueno;210.82;Alerta;45;27.67;39.58;79.17;Bueno;153.52;Regular;Bueno;Alerta
2026-07-06;13:00;124;70.92;111.79;85.99;Bueno;210.82;Alerta;42;28.71;39.58;79.17;Bueno;153.52;Regular;Bueno;Alerta
2026-07-06;14:00;118;74.42;111.79;85.99;Bueno;210.82;Alerta;41;29.79;39.58;79.17;Bueno;153.52;Regular;Bueno;Alerta
2026-07-06;15:00;101;77.54;111.79;85.99;Bueno;210.82;Alerta;32;30.62;39.58;79.17;Bueno;153.52;Regular;Bueno;Alerta
2026-07-06;16:00;138;81.92;111.79;85.99;Bueno;210.82;Alerta;40;31.75;39.58;79.17;Bueno;153.52;Regular;Bueno;Alerta
2026-07-06;17:00;165;87.21;111.79;85.99;Bueno;210.82;Alerta;36;32.88;39.58;79.17;Bueno;153.52;Regular;Bueno;Alerta
2026-07-06;18:00;131;90.62;111.79;85.99;Bueno;210.82;Alerta;37;33.75;39.58;79.17;Bueno;153.52;Regular;Bueno;Alerta
2026-07-06;19:00;175;95.04;111.79;85.99;Bueno;210.82;Alerta;49;34.71;39.58;79.17;Bueno;153.52;Regular;Bueno;Alerta
2026-07-06;20:00;175;99.17;111.79;85.99;Bueno;210.82;Alerta;51;35.71;39.58;79.17;Bueno;153.52;Regular;Bueno;Alerta
2026-07-06;21:00;157;102.96;111.79;85.99;Bueno;210.82;Alerta;51;36.54;39.58;79.17;Bueno;153.52;Regular;Bueno;Alerta
2026-07-06;22:00;163;107.71;111.79;85.99;Bueno;210.82;Alerta;62;38.08;39.58;79.17;Bueno;153.52;Regular;Bueno;Alerta
2026-07-06;23:00;160;111.79;111.79;85.99;Bueno;210.82;Alerta;64;39.58;39.58;79.17;Bueno;153.52;Regular;Bueno;Alerta
2026-07-07;00:00;144;115.12;126.33;97.18;Bueno;235.35;Alerta;60;40.92;38.46;76.92;Bueno;151.05;Regular;Bueno;Alerta
2026-07-07;01:00;129;117.75;126.33;97.18;Bueno;235.35;Alerta;64;42.17;38.46;76.92;Bueno;151.05;Regular;Bueno;Alerta
2026-07-07;02:00;113;119.71;126.33;97.18;Bueno;235.35;Alerta;50;42.79;38.46;76.92;Bueno;151.05;Regular;Bueno;Alerta
2026-07-07;03:00;91;120.92;126.33;97.18;Bueno;235.35;Alerta;42;43.12;38.46;76.92;Bueno;151.05;Regular;Bueno;Alerta
2026-07-07;04:00;94;122.42;126.33;97.18;Bueno;235.35;Alerta;41;43.67;38.46;76.92;Bueno;151.05;Regular;Bueno;Alerta
2026-07-07;05:00;85;123.62;126.33;97.18;Bueno;235.35;Alerta;40;44.00;38.46;76.92;Bueno;151.05;Regular;Bueno;Alerta
2026-07-07;06:00;98;125.00;126.33;97.18;Bueno;235.35;Alerta;45;44.71;38.46;76.92;Bueno;151.05;Regular;Bueno;Alerta
2026-07-07;07:00;141;127.71;126.33;97.18;Bueno;235.35;Alerta;54;45.75;38.46;76.92;Bueno;151.05;Regular;Bueno;Alerta
2026-07-07;08:00;138;129.38;126.33;97.18;Bueno;235.35;Alerta;46;46.25;38.46;76.92;Bueno;151.05;Regular;Bueno;Alerta
2026-07-07;09:00;134;129.75;126.33;97.18;Bueno;235.35;Alerta;46;46.21;38.46;76.92;Bueno;151.05;Regular;Bueno;Alerta
2026-07-07;10:00;125;132.33;126.33;97.18;Bueno;235.35;Alerta;31;46.50;38.46;76.92;Bueno;151.05;Regular;Bueno;Alerta
2026-07-07;11:00;147;132.50;126.33;97.18;Bueno;235.35;Alerta;41;46.25;38.46;76.92;Bueno;151.05;Regular;Bueno;Alerta
2026-07-07;12:00;141;132.79;126.33;97.18;Bueno;235.35;Alerta;42;46.12;38.46;76.92;Bueno;151.05;Regular;Bueno;Alerta
2026-07-07;13:00;115;132.42;126.33;97.18;Bueno;235.35;Alerta;31;45.67;38.46;76.92;Bueno;151.05;Regular;Bueno;Alerta
2026-07-07;14:00;77;130.71;126.33;97.18;Bueno;235.35;Alerta;12;44.46;38.46;76.92;Bueno;151.05;Regular;Bueno;Alerta
2026-07-07;15:00;36;128.00;126.33;97.18;Bueno;235.35;Alerta;5;43.33;38.46;76.92;Bueno;151.05;Regular;Bueno;Alerta
2026-07-07;16:00;109;126.79;126.33;97.18;Bueno;235.35;Alerta;18;42.42;38.46;76.92;Bueno;151.05;Regular;Bueno;Alerta
2026-07-07;17:00;128;125.25;126.33;97.18;Bueno;235.35;Alerta;25;41.96;38.46;76.92;Bueno;151.05;Regular;Bueno;Alerta
2026-07-07;18:00;156;126.29;126.33;97.18;Bueno;235.35;Alerta;33;41.79;38.46;76.92;Bueno;151.05;Regular;Bueno;Alerta
2026-07-07;19:00;175;126.29;126.33;97.18;Bueno;235.35;Alerta;36;41.25;38.46;76.92;Bueno;151.05;Regular;Bueno;Alerta
2026-07-07;20:00;182;126.58;126.33;97.18;Bueno;235.35;Alerta;44;40.96;38.46;76.92;Bueno;151.05;Regular;Bueno;Alerta
2026-07-07;21:00;185;127.75;126.33;97.18;Bueno;235.35;Alerta;46;40.75;38.46;76.92;Bueno;151.05;Regular;Bueno;Alerta
2026-07-07;22:00;173;128.17;126.33;97.18;Bueno;235.35;Alerta;41;39.88;38.46;76.92;Bueno;151.05;Regular;Bueno;Alerta
2026-07-07;23:00;116;126.33;126.33;97.18;Bueno;235.35;Alerta;30;38.46;38.46;76.92;Bueno;151.05;Regular;Bueno;Alerta
2026-07-08;00:00;146;126.42;144.92;129.83;Regular;266.92;Alerta;43;37.75;41.29;82.58;Bueno;157.27;Regular;Regular;Alerta
2026-07-08;01:00;132;126.54;144.92;129.83;Regular;266.92;Alerta;44;36.92;41.29;82.58;Bueno;157.27;Regular;Regular;Alerta
2026-07-08;02:00;100;126.00;144.92;129.83;Regular;266.92;Alerta;34;36.25;41.29;82.58;Bueno;157.27;Regular;Regular;Alerta
2026-07-08;03:00;97;126.25;144.92;129.83;Regular;266.92;Alerta;31;35.79;41.29;82.58;Bueno;157.27;Regular;Regular;Alerta
2026-07-08;04:00;87;125.96;144.92;129.83;Regular;266.92;Alerta;27;35.21;41.29;82.58;Bueno;157.27;Regular;Regular;Alerta
2026-07-08;05:00;95;126.38;144.92;129.83;Regular;266.92;Alerta;32;34.88;41.29;82.58;Bueno;157.27;Regular;Regular;Alerta
2026-07-08;06:00;119;127.25;144.92;129.83;Regular;266.92;Alerta;29;34.21;41.29;82.58;Bueno;157.27;Regular;Regular;Alerta
2026-07-08;07:00;136;127.04;144.92;129.83;Regular;266.92;Alerta;40;33.62;41.29;82.58;Bueno;157.27;Regular;Regular;Alerta
2026-07-08;08:00;194;129.38;144.92;129.83;Regular;266.92;Alerta;49;33.75;41.29;82.58;Bueno;157.27;Regular;Regular;Alerta
2026-07-08;09:00;132;129.29;144.92;129.83;Regular;266.92;Alerta;31;33.12;41.29;82.58;Bueno;157.27;Regular;Regular;Alerta
2026-07-08;10:00;175;131.38;144.92;129.83;Regular;266.92;Alerta;46;33.75;41.29;82.58;Bueno;157.27;Regular;Regular;Alerta
2026-07-08;11:00;216;134.25;144.92;129.83;Regular;266.92;Alerta;60;34.54;41.29;82.58;Bueno;157.27;Regular;Regular;Alerta
2026-07-08;12:00;183;136.00;144.92;129.83;Regular;266.92;Alerta;52;34.96;41.29;82.58;Bueno;157.27;Regular;Regular;Alerta
2026-07-08;13:00;146;137.29;144.92;129.83;Regular;266.92;Alerta;48;35.67;41.29;82.58;Bueno;157.27;Regular;Regular;Alerta
2026-07-08;14:00;141;139.96;144.92;129.83;Regular;266.92;Alerta;43;36.96;41.29;82.58;Bueno;157.27;Regular;Regular;Alerta
2026-07-08;15:00;106;142.88;144.92;129.83;Regular;266.92;Alerta;33;38.12;41.29;82.58;Bueno;157.27;Regular;Regular;Alerta
2026-07-08;16:00;156;144.83;144.92;129.83;Regular;266.92;Alerta;40;39.04;41.29;82.58;Bueno;157.27;Regular;Regular;Alerta
2026-07-08;17:00;174;146.75;144.92;129.83;Regular;266.92;Alerta;40;39.67;41.29;82.58;Bueno;157.27;Regular;Regular;Alerta
2026-07-08;18:00;162;147.00;144.92;129.83;Regular;266.92;Alerta;45;40.17;41.29;82.58;Bueno;157.27;Regular;Regular;Alerta
2026-07-08;19:00;108;144.21;144.92;129.83;Regular;266.92;Alerta;32;40.00;41.29;82.58;Bueno;157.27;Regular;Regular;Alerta
2026-07-08;20:00;150;142.88;144.92;129.83;Regular;266.92;Alerta;40;39.83;41.29;82.58;Bueno;157.27;Regular;Regular;Alerta
2026-07-08;21:00;168;142.17;144.92;129.83;Regular;266.92;Alerta;49;39.96;41.29;82.58;Bueno;157.27;Regular;Regular;Alerta
2026-07-08;22:00;180;142.46;144.92;129.83;Regular;266.92;Alerta;56;40.58;41.29;82.58;Bueno;157.27;Regular;Regular;Alerta
2026-07-08;23:00;175;144.92;144.92;129.83;Regular;266.92;Alerta;47;41.29;41.29;82.58;Bueno;157.27;Regular;Regular;Alerta
2026-07-09;00:00;119;143.79;189.67;219.33;Alerta;343.92;Preemergencia;47;41.46;59.62;132.08;Regular;197.78;Regular;Alerta;Preemergencia
2026-07-09;01:00;134;143.88;189.67;219.33;Alerta;343.92;Preemergencia;43;41.42;59.62;132.08;Regular;197.78;Regular;Alerta;Preemergencia
2026-07-09;02:00;122;144.79;189.67;219.33;Alerta;343.92;Preemergencia;46;41.92;59.62;132.08;Regular;197.78;Regular;Alerta;Preemergencia
2026-07-09;03:00;121;145.79;189.67;219.33;Alerta;343.92;Preemergencia;47;42.58;59.62;132.08;Regular;197.78;Regular;Alerta;Preemergencia
2026-07-09;04:00;117;147.04;189.67;219.33;Alerta;343.92;Preemergencia;44;43.29;59.62;132.08;Regular;197.78;Regular;Alerta;Preemergencia
2026-07-09;05:00;95;147.04;189.67;219.33;Alerta;343.92;Preemergencia;39;43.58;59.62;132.08;Regular;197.78;Regular;Alerta;Preemergencia
2026-07-09;06:00;111;146.71;189.67;219.33;Alerta;343.92;Preemergencia;43;44.17;59.62;132.08;Regular;197.78;Regular;Alerta;Preemergencia
2026-07-09;07:00;137;146.75;189.67;219.33;Alerta;343.92;Preemergencia;45;44.38;59.62;132.08;Regular;197.78;Regular;Alerta;Preemergencia
2026-07-09;08:00;127;143.96;189.67;219.33;Alerta;343.92;Preemergencia;49;44.38;59.62;132.08;Regular;197.78;Regular;Alerta;Preemergencia
2026-07-09;09:00;167;145.42;189.67;219.33;Alerta;343.92;Preemergencia;48;45.08;59.62;132.08;Regular;197.78;Regular;Alerta;Preemergencia
2026-07-09;10:00;226;147.54;189.67;219.33;Alerta;343.92;Preemergencia;59;45.62;59.62;132.08;Regular;197.78;Regular;Alerta;Preemergencia
2026-07-09;11:00;197;146.75;189.67;219.33;Alerta;343.92;Preemergencia;62;45.71;59.62;132.08;Regular;197.78;Regular;Alerta;Preemergencia
2026-07-09;12:00;226;148.54;189.67;219.33;Alerta;343.92;Preemergencia;58;45.96;59.62;132.08;Regular;197.78;Regular;Alerta;Preemergencia
2026-07-09;13:00;256;153.12;189.67;219.33;Alerta;343.92;Preemergencia;69;46.83;59.62;132.08;Regular;197.78;Regular;Alerta;Preemergencia
2026-07-09;14:00;235;157.04;189.67;219.33;Alerta;343.92;Preemergencia;73;48.08;59.62;132.08;Regular;197.78;Regular;Alerta;Preemergencia
2026-07-09;15:00;210;161.38;189.67;219.33;Alerta;343.92;Preemergencia;66;49.46;59.62;132.08;Regular;197.78;Regular;Alerta;Preemergencia
2026-07-09;16:00;291;167.00;189.67;219.33;Alerta;343.92;Preemergencia;81;51.17;59.62;132.08;Regular;197.78;Regular;Alerta;Preemergencia
2026-07-09;17:00;317;172.96;189.67;219.33;Alerta;343.92;Preemergencia;83;52.96;59.62;132.08;Regular;197.78;Regular;Alerta;Preemergencia
2026-07-09;18:00;208;174.88;189.67;219.33;Alerta;343.92;Preemergencia;60;53.58;59.62;132.08;Regular;197.78;Regular;Alerta;Preemergencia
2026-07-09;19:00;214;179.29;189.67;219.33;Alerta;343.92;Preemergencia;68;55.08;59.62;132.08;Regular;197.78;Regular;Alerta;Preemergencia
2026-07-09;20:00;217;182.08;189.67;219.33;Alerta;343.92;Preemergencia;66;56.17;59.62;132.08;Regular;197.78;Regular;Alerta;Preemergencia
2026-07-09;21:00;243;185.21;189.67;219.33;Alerta;343.92;Preemergencia;76;57.29;59.62;132.08;Regular;197.78;Regular;Alerta;Preemergencia
2026-07-09;22:00;233;187.42;189.67;219.33;Alerta;343.92;Preemergencia;78;58.21;59.62;132.08;Regular;197.78;Regular;Alerta;Preemergencia
2026-07-09;23:00;229;189.67;189.67;219.33;Alerta;343.92;Preemergencia;81;59.62;59.62;132.08;Regular;197.78;Regular;Alerta;Preemergencia
2026-07-10;00:00;212;193.54;109.33;84.10;Bueno;206.69;Alerta;86;61.25;40.12;80.25;Bueno;154.71;Regular;Bueno;Alerta
2026-07-10;01:00;182;195.54;109.33;84.10;Bueno;206.69;Alerta;68;62.29;40.12;80.25;Bueno;154.71;Regular;Bueno;Alerta
2026-07-10;02:00;174;197.71;109.33;84.10;Bueno;206.69;Alerta;65;63.08;40.12;80.25;Bueno;154.71;Regular;Bueno;Alerta
2026-07-10;03:00;147;198.79;109.33;84.10;Bueno;206.69;Alerta;58;63.54;40.12;80.25;Bueno;154.71;Regular;Bueno;Alerta
2026-07-10;04:00;114;198.67;109.33;84.10;Bueno;206.69;Alerta;54;63.96;40.12;80.25;Bueno;154.71;Regular;Bueno;Alerta
2026-07-10;05:00;105;199.08;109.33;84.10;Bueno;206.69;Alerta;47;64.29;40.12;80.25;Bueno;154.71;Regular;Bueno;Alerta
2026-07-10;06:00;99;198.58;109.33;84.10;Bueno;206.69;Alerta;33;63.88;40.12;80.25;Bueno;154.71;Regular;Bueno;Alerta
2026-07-10;07:00;142;198.79;109.33;84.10;Bueno;206.69;Alerta;54;64.25;40.12;80.25;Bueno;154.71;Regular;Bueno;Alerta
2026-07-10;08:00;113;198.21;109.33;84.10;Bueno;206.69;Alerta;35;63.67;40.12;80.25;Bueno;154.71;Regular;Bueno;Alerta
2026-07-10;09:00;126;196.50;109.33;84.10;Bueno;206.69;Alerta;31;62.96;40.12;80.25;Bueno;154.71;Regular;Bueno;Alerta
2026-07-10;10:00;116;191.92;109.33;84.10;Bueno;206.69;Alerta;47;62.46;40.12;80.25;Bueno;154.71;Regular;Bueno;Alerta
2026-07-10;11:00;116;188.54;109.33;84.10;Bueno;206.69;Alerta;47;61.83;40.12;80.25;Bueno;154.71;Regular;Bueno;Alerta
2026-07-10;12:00;86;182.71;109.33;84.10;Bueno;206.69;Alerta;32;60.75;40.12;80.25;Bueno;154.71;Regular;Bueno;Alerta
2026-07-10;13:00;65;174.75;109.33;84.10;Bueno;206.69;Alerta;28;59.04;40.12;80.25;Bueno;154.71;Regular;Bueno;Alerta
2026-07-10;14:00;65;167.67;109.33;84.10;Bueno;206.69;Alerta;22;56.92;40.12;80.25;Bueno;154.71;Regular;Bueno;Alerta
2026-07-10;15:00;50;161.00;109.33;84.10;Bueno;206.69;Alerta;7;54.46;40.12;80.25;Bueno;154.71;Regular;Bueno;Alerta
2026-07-10;16:00;73;151.92;109.33;84.10;Bueno;206.69;Alerta;17;51.79;40.12;80.25;Bueno;154.71;Regular;Bueno;Alerta
2026-07-10;17:00;46;140.62;109.33;84.10;Bueno;206.69;Alerta;14;48.92;40.12;80.25;Bueno;154.71;Regular;Bueno;Alerta
2026-07-10;18:00;42;133.71;109.33;84.10;Bueno;206.69;Alerta;19;47.21;40.12;80.25;Bueno;154.71;Regular;Bueno;Alerta
2026-07-10;19:00;75;127.92;109.33;84.10;Bueno;206.69;Alerta;18;45.12;40.12;80.25;Bueno;154.71;Regular;Bueno;Alerta
2026-07-10;20:00;102;123.12;109.33;84.10;Bueno;206.69;Alerta;27;43.50;40.12;80.25;Bueno;154.71;Regular;Bueno;Alerta
2026-07-10;21:00;116;117.83;109.33;84.10;Bueno;206.69;Alerta;43;42.12;40.12;80.25;Bueno;154.71;Regular;Bueno;Alerta
2026-07-10;22:00;133;113.67;109.33;84.10;Bueno;206.69;Alerta;56;41.21;40.12;80.25;Bueno;154.71;Regular;Bueno;Alerta
2026-07-10;23:00;125;109.33;109.33;84.10;Bueno;206.69;Alerta;55;40.12;40.12;80.25;Bueno;154.71;Regular;Bueno;Alerta
2026-07-11;00:00;132;106.00;91.79;70.61;Bueno;177.32;Regular;67;39.33;42.71;85.42;Bueno;160.38;Regular;Bueno;Regular
2026-07-11;01:00;117;103.29;91.79;70.61;Bueno;177.32;Regular;65;39.21;42.71;85.42;Bueno;160.38;Regular;Bueno;Regular
2026-07-11;02:00;100;100.21;91.79;70.61;Bueno;177.32;Regular;56;38.83;42.71;85.42;Bueno;160.38;Regular;Bueno;Regular
2026-07-11;03:00;91;97.88;91.79;70.61;Bueno;177.32;Regular;50;38.50;42.71;85.42;Bueno;160.38;Regular;Bueno;Regular
2026-07-11;04:00;75;96.25;91.79;70.61;Bueno;177.32;Regular;42;38.00;42.71;85.42;Bueno;160.38;Regular;Bueno;Regular
2026-07-11;05:00;67;94.67;91.79;70.61;Bueno;177.32;Regular;37;37.58;42.71;85.42;Bueno;160.38;Regular;Bueno;Regular
2026-07-11;06:00;69;93.42;91.79;70.61;Bueno;177.32;Regular;33;37.58;42.71;85.42;Bueno;160.38;Regular;Bueno;Regular
2026-07-11;07:00;86;91.08;91.79;70.61;Bueno;177.32;Regular;36;36.83;42.71;85.42;Bueno;160.38;Regular;Bueno;Regular
2026-07-11;08:00;96;90.38;91.79;70.61;Bueno;177.32;Regular;46;37.29;42.71;85.42;Bueno;160.38;Regular;Bueno;Regular
2026-07-11;09:00;136;90.79;91.79;70.61;Bueno;177.32;Regular;52;38.17;42.71;85.42;Bueno;160.38;Regular;Bueno;Regular
2026-07-11;10:00;103;90.25;91.79;70.61;Bueno;177.32;Regular;51;38.33;42.71;85.42;Bueno;160.38;Regular;Bueno;Regular
2026-07-11;11:00;100;89.58;91.79;70.61;Bueno;177.32;Regular;51;38.50;42.71;85.42;Bueno;160.38;Regular;Bueno;Regular
2026-07-11;12:00;66;88.75;91.79;70.61;Bueno;177.32;Regular;27;38.29;42.71;85.42;Bueno;160.38;Regular;Bueno;Regular
2026-07-11;13:00;59;88.50;91.79;70.61;Bueno;177.32;Regular;21;38.00;42.71;85.42;Bueno;160.38;Regular;Bueno;Regular
2026-07-11;14:00;48;87.79;91.79;70.61;Bueno;177.32;Regular;14;37.67;42.71;85.42;Bueno;160.38;Regular;Bueno;Regular
2026-07-11;15:00;60;88.21;91.79;70.61;Bueno;177.32;Regular;17;38.08;42.71;85.42;Bueno;160.38;Regular;Bueno;Regular
2026-07-11;16:00;54;87.42;91.79;70.61;Bueno;177.32;Regular;19;38.17;42.71;85.42;Bueno;160.38;Regular;Bueno;Regular
2026-07-11;17:00;73;88.54;91.79;70.61;Bueno;177.32;Regular;28;38.75;42.71;85.42;Bueno;160.38;Regular;Bueno;Regular
2026-07-11;18:00;67;89.58;91.79;70.61;Bueno;177.32;Regular;26;39.04;42.71;85.42;Bueno;160.38;Regular;Bueno;Regular
2026-07-11;19:00;90;90.21;91.79;70.61;Bueno;177.32;Regular;47;40.25;42.71;85.42;Bueno;160.38;Regular;Bueno;Regular
2026-07-11;20:00;101;90.17;91.79;70.61;Bueno;177.32;Regular;32;40.46;42.71;85.42;Bueno;160.38;Regular;Bueno;Regular
2026-07-11;21:00;111;89.96;91.79;70.61;Bueno;177.32;Regular;52;40.83;42.71;85.42;Bueno;160.38;Regular;Bueno;Regular
2026-07-11;22:00;143;90.38;91.79;70.61;Bueno;177.32;Regular;70;41.42;42.71;85.42;Bueno;160.38;Regular;Bueno;Regular
2026-07-11;23:00;159;91.79;91.79;70.61;Bueno;177.32;Regular;86;42.71;42.71;85.42;Bueno;160.38;Regular;Bueno;Regular
2026-07-12;00:00;152;92.62;88.00;67.69;Bueno;171.00;Regular;82;43.33;44.42;88.83;Bueno;164.14;Regular;Bueno;Regular
2026-07-12;01:00;112;92.42;88.00;67.69;Bueno;171.00;Regular;65;43.33;44.42;88.83;Bueno;164.14;Regular;Bueno;Regular
2026-07-12;02:00;100;92.42;88.00;67.69;Bueno;171.00;Regular;57;43.38;44.42;88.83;Bueno;164.14;Regular;Bueno;Regular
2026-07-12;03:00;88;92.29;88.00;67.69;Bueno;171.00;Regular;52;43.46;44.42;88.83;Bueno;164.14;Regular;Bueno;Regular
2026-07-12;04:00;75;92.29;88.00;67.69;Bueno;171.00;Regular;49;43.75;44.42;88.83;Bueno;164.14;Regular;Bueno;Regular
2026-07-12;05:00;83;92.96;88.00;67.69;Bueno;171.00;Regular;48;44.21;44.42;88.83;Bueno;164.14;Regular;Bueno;Regular
2026-07-12;06:00;93;93.96;88.00;67.69;Bueno;171.00;Regular;52;45.00;44.42;88.83;Bueno;164.14;Regular;Bueno;Regular
2026-07-12;07:00;89;94.08;88.00;67.69;Bueno;171.00;Regular;55;45.79;44.42;88.83;Bueno;164.14;Regular;Bueno;Regular
2026-07-12;08:00;91;93.88;88.00;67.69;Bueno;171.00;Regular;47;45.83;44.42;88.83;Bueno;164.14;Regular;Bueno;Regular
2026-07-12;09:00;102;92.46;88.00;67.69;Bueno;171.00;Regular;46;45.58;44.42;88.83;Bueno;164.14;Regular;Bueno;Regular
2026-07-12;10:00;89;91.88;88.00;67.69;Bueno;171.00;Regular;44;45.29;44.42;88.83;Bueno;164.14;Regular;Bueno;Regular
2026-07-12;11:00;81;91.08;88.00;67.69;Bueno;171.00;Regular;43;44.96;44.42;88.83;Bueno;164.14;Regular;Bueno;Regular
2026-07-12;12:00;68;91.17;88.00;67.69;Bueno;171.00;Regular;31;45.12;44.42;88.83;Bueno;164.14;Regular;Bueno;Regular
2026-07-12;13:00;82;92.12;88.00;67.69;Bueno;171.00;Regular;36;45.75;44.42;88.83;Bueno;164.14;Regular;Bueno;Regular
2026-07-12;14:00;60;92.62;88.00;67.69;Bueno;171.00;Regular;28;46.33;44.42;88.83;Bueno;164.14;Regular;Bueno;Regular
2026-07-12;15:00;44;91.96;88.00;67.69;Bueno;171.00;Regular;18;46.38;44.42;88.83;Bueno;164.14;Regular;Bueno;Regular
2026-07-12;16:00;49;91.75;88.00;67.69;Bueno;171.00;Regular;19;46.38;44.42;88.83;Bueno;164.14;Regular;Bueno;Regular
2026-07-12;17:00;72;91.71;88.00;67.69;Bueno;171.00;Regular;26;46.29;44.42;88.83;Bueno;164.14;Regular;Bueno;Regular
2026-07-12;18:00;96;92.92;88.00;67.69;Bueno;171.00;Regular;38;46.79;44.42;88.83;Bueno;164.14;Regular;Bueno;Regular
2026-07-12;19:00;95;93.12;88.00;67.69;Bueno;171.00;Regular;44;46.67;44.42;88.83;Bueno;164.14;Regular;Bueno;Regular
2026-07-12;20:00;88;92.58;88.00;67.69;Bueno;171.00;Regular;43;47.12;44.42;88.83;Bueno;164.14;Regular;Bueno;Regular
2026-07-12;21:00;105;92.33;88.00;67.69;Bueno;171.00;Regular;44;46.79;44.42;88.83;Bueno;164.14;Regular;Bueno;Regular
2026-07-12;22:00;90;90.12;88.00;67.69;Bueno;171.00;Regular;45;45.75;44.42;88.83;Bueno;164.14;Regular;Bueno;Regular
2026-07-12;23:00;108;88.00;88.00;67.69;Bueno;171.00;Regular;54;44.42;44.42;88.83;Bueno;164.14;Regular;Bueno;Regular
2026-07-13;00:00;122;86.75;103.71;79.78;Bueno;197.25;Regular;50;43.08;41.67;83.33;Bueno;158.09;Regular;Bueno;Regular
2026-07-13;01:00;116;86.92;103.71;79.78;Bueno;197.25;Regular;60;42.88;41.67;83.33;Bueno;158.09;Regular;Bueno;Regular
2026-07-13;02:00;100;86.92;103.71;79.78;Bueno;197.25;Regular;56;42.83;41.67;83.33;Bueno;158.09;Regular;Bueno;Regular
2026-07-13;03:00;98;87.33;103.71;79.78;Bueno;197.25;Regular;57;43.04;41.67;83.33;Bueno;158.09;Regular;Bueno;Regular
2026-07-13;04:00;92;88.04;103.71;79.78;Bueno;197.25;Regular;58;43.42;41.67;83.33;Bueno;158.09;Regular;Bueno;Regular
2026-07-13;05:00;84;88.08;103.71;79.78;Bueno;197.25;Regular;54;43.67;41.67;83.33;Bueno;158.09;Regular;Bueno;Regular
2026-07-13;06:00;93;88.08;103.71;79.78;Bueno;197.25;Regular;53;43.71;41.67;83.33;Bueno;158.09;Regular;Bueno;Regular
2026-07-13;07:00;113;89.08;103.71;79.78;Bueno;197.25;Regular;56;43.75;41.67;83.33;Bueno;158.09;Regular;Bueno;Regular
2026-07-13;08:00;157;91.83;103.71;79.78;Bueno;197.25;Regular;57;44.17;41.67;83.33;Bueno;158.09;Regular;Bueno;Regular
2026-07-13;09:00;221;96.79;103.71;79.78;Bueno;197.25;Regular;68;45.08;41.67;83.33;Bueno;158.09;Regular;Bueno;Regular
2026-07-13;10:00;180;100.58;103.71;79.78;Bueno;197.25;Regular;69;46.12;41.67;83.33;Bueno;158.09;Regular;Bueno;Regular
2026-07-13;11:00;164;104.04;103.71;79.78;Bueno;197.25;Regular;61;46.88;41.67;83.33;Bueno;158.09;Regular;Bueno;Regular
2026-07-13;12:00;92;105.04;103.71;79.78;Bueno;197.25;Regular;42;47.33;41.67;83.33;Bueno;158.09;Regular;Bueno;Regular
2026-07-13;13:00;117;106.50;103.71;79.78;Bueno;197.25;Regular;48;47.83;41.67;83.33;Bueno;158.09;Regular;Bueno;Regular
2026-07-13;14:00;101;108.21;103.71;79.78;Bueno;197.25;Regular;32;48.00;41.67;83.33;Bueno;158.09;Regular;Bueno;Regular
2026-07-13;15:00;69;109.25;103.71;79.78;Bueno;197.25;Regular;18;48.00;41.67;83.33;Bueno;158.09;Regular;Bueno;Regular
2026-07-13;16:00;63;109.83;103.71;79.78;Bueno;197.25;Regular;17;47.92;41.67;83.33;Bueno;158.09;Regular;Bueno;Regular
2026-07-13;17:00;65;109.54;103.71;79.78;Bueno;197.25;Regular;15;47.46;41.67;83.33;Bueno;158.09;Regular;Bueno;Regular
2026-07-13;18:00;69;108.42;103.71;79.78;Bueno;197.25;Regular;14;46.46;41.67;83.33;Bueno;158.09;Regular;Bueno;Regular
2026-07-13;19:00;77;107.67;103.71;79.78;Bueno;197.25;Regular;23;45.58;41.67;83.33;Bueno;158.09;Regular;Bueno;Regular
2026-07-13;20:00;61;106.54;103.71;79.78;Bueno;197.25;Regular;18;44.54;41.67;83.33;Bueno;158.09;Regular;Bueno;Regular
2026-07-13;21:00;64;104.83;103.71;79.78;Bueno;197.25;Regular;25;43.75;41.67;83.33;Bueno;158.09;Regular;Bueno;Regular
2026-07-13;22:00;88;104.75;103.71;79.78;Bueno;197.25;Regular;25;42.92;41.67;83.33;Bueno;158.09;Regular;Bueno;Regular
2026-07-13;23:00;83;103.71;103.71;79.78;Bueno;197.25;Regular;24;41.67;41.67;83.33;Bueno;158.09;Regular;Bueno;Regular
2026-07-14;00:00;88;102.29;102.21;78.62;Bueno;194.73;Regular;31;40.88;32.96;65.92;Bueno;139.01;Regular;Bueno;Regular
2026-07-14;01:00;86;101.04;102.21;78.62;Bueno;194.73;Regular;31;39.67;32.96;65.92;Bueno;139.01;Regular;Bueno;Regular
2026-07-14;02:00;116;101.71;102.21;78.62;Bueno;194.73;Regular;43;39.12;32.96;65.92;Bueno;139.01;Regular;Bueno;Regular
2026-07-14;03:00;82;101.04;102.21;78.62;Bueno;194.73;Regular;40;38.42;32.96;65.92;Bueno;139.01;Regular;Bueno;Regular
2026-07-14;04:00;66;99.96;102.21;78.62;Bueno;194.73;Regular;22;36.92;32.96;65.92;Bueno;139.01;Regular;Bueno;Regular
2026-07-14;05:00;46;98.38;102.21;78.62;Bueno;194.73;Regular;23;35.62;32.96;65.92;Bueno;139.01;Regular;Bueno;Regular
2026-07-14;06:00;62;97.08;102.21;78.62;Bueno;194.73;Regular;20;34.25;32.96;65.92;Bueno;139.01;Regular;Bueno;Regular
2026-07-14;07:00;101;96.58;102.21;78.62;Bueno;194.73;Regular;33;33.29;32.96;65.92;Bueno;139.01;Regular;Bueno;Regular
2026-07-14;08:00;123;95.17;102.21;78.62;Bueno;194.73;Regular;31;32.21;32.96;65.92;Bueno;139.01;Regular;Bueno;Regular
2026-07-14;09:00;112;90.62;102.21;78.62;Bueno;194.73;Regular;28;30.54;32.96;65.92;Bueno;139.01;Regular;Bueno;Regular
2026-07-14;10:00;121;88.17;102.21;78.62;Bueno;194.73;Regular;37;29.21;32.96;65.92;Bueno;139.01;Regular;Bueno;Regular
2026-07-14;11:00;140;87.17;102.21;78.62;Bueno;194.73;Regular;41;28.38;32.96;65.92;Bueno;139.01;Regular;Bueno;Regular
2026-07-14;12:00;132;88.83;102.21;78.62;Bueno;194.73;Regular;44;28.46;32.96;65.92;Bueno;139.01;Regular;Bueno;Regular
2026-07-14;13:00;93;87.83;102.21;78.62;Bueno;194.73;Regular;37;28.00;32.96;65.92;Bueno;139.01;Regular;Bueno;Regular
2026-07-14;14:00;110;88.21;102.21;78.62;Bueno;194.73;Regular;38;28.25;32.96;65.92;Bueno;139.01;Regular;Bueno;Regular
2026-07-14;15:00;132;90.83;102.21;78.62;Bueno;194.73;Regular;44;29.33;32.96;65.92;Bueno;139.01;Regular;Bueno;Regular
2026-07-14;16:00;126;93.46;102.21;78.62;Bueno;194.73;Regular;42;30.38;32.96;65.92;Bueno;139.01;Regular;Bueno;Regular
2026-07-14;17:00;144;96.75;102.21;78.62;Bueno;194.73;Regular;37;31.29;32.96;65.92;Bueno;139.01;Regular;Bueno;Regular
2026-07-14;18:00;93;97.75;102.21;78.62;Bueno;194.73;Regular;24;31.71;32.96;65.92;Bueno;139.01;Regular;Bueno;Regular
2026-07-14;19:00;82;97.96;102.21;78.62;Bueno;194.73;Regular;18;31.50;32.96;65.92;Bueno;139.01;Regular;Bueno;Regular
2026-07-14;20:00;104;99.75;102.21;78.62;Bueno;194.73;Regular;29;31.96;32.96;65.92;Bueno;139.01;Regular;Bueno;Regular
2026-07-14;21:00;87;100.71;102.21;78.62;Bueno;194.73;Regular;31;32.21;32.96;65.92;Bueno;139.01;Regular;Bueno;Regular
2026-07-14;22:00;97;101.08;102.21;78.62;Bueno;194.73;Regular;29;32.38;32.96;65.92;Bueno;139.01;Regular;Bueno;Regular
2026-07-14;23:00;110;102.21;102.21;78.62;Bueno;194.73;Regular;38;32.96;32.96;65.92;Bueno;139.01;Regular;Bueno;Regular
2026-07-15;00:00;119;103.50;117.04;90.03;Bueno;219.66;Alerta;38;33.25;25.29;50.58;Bueno;122.30;Regular;Bueno;Alerta
2026-07-15;01:00;104;104.25;117.04;90.03;Bueno;219.66;Alerta;36;33.46;25.29;50.58;Bueno;122.30;Regular;Bueno;Alerta
2026-07-15;02:00;90;103.17;117.04;90.03;Bueno;219.66;Alerta;30;32.92;25.29;50.58;Bueno;122.30;Regular;Bueno;Alerta
2026-07-15;03:00;80;103.08;117.04;90.03;Bueno;219.66;Alerta;33;32.62;25.29;50.58;Bueno;122.30;Regular;Bueno;Alerta
2026-07-15;04:00;84;103.83;117.04;90.03;Bueno;219.66;Alerta;31;33.00;25.29;50.58;Bueno;122.30;Regular;Bueno;Alerta
2026-07-15;05:00;87;105.54;117.04;90.03;Bueno;219.66;Alerta;35;33.50;25.29;50.58;Bueno;122.30;Regular;Bueno;Alerta
2026-07-15;06:00;97;107.00;117.04;90.03;Bueno;219.66;Alerta;30;33.92;25.29;50.58;Bueno;122.30;Regular;Bueno;Alerta
2026-07-15;07:00;105;107.17;117.04;90.03;Bueno;219.66;Alerta;34;33.96;25.29;50.58;Bueno;122.30;Regular;Bueno;Alerta
2026-07-15;08:00;127;107.33;117.04;90.03;Bueno;219.66;Alerta;32;34.00;25.29;50.58;Bueno;122.30;Regular;Bueno;Alerta
2026-07-15;09:00;130;108.08;117.04;90.03;Bueno;219.66;Alerta;34;34.25;25.29;50.58;Bueno;122.30;Regular;Bueno;Alerta
2026-07-15;10:00;154;109.46;117.04;90.03;Bueno;219.66;Alerta;37;34.25;25.29;50.58;Bueno;122.30;Regular;Bueno;Alerta
2026-07-15;11:00;155;110.08;117.04;90.03;Bueno;219.66;Alerta;44;34.38;25.29;50.58;Bueno;122.30;Regular;Bueno;Alerta
2026-07-15;12:00;150;110.83;117.04;90.03;Bueno;219.66;Alerta;32;33.88;25.29;50.58;Bueno;122.30;Regular;Bueno;Alerta
2026-07-15;13:00;122;112.04;117.04;90.03;Bueno;219.66;Alerta;28;33.50;25.29;50.58;Bueno;122.30;Regular;Bueno;Alerta
2026-07-15;14:00;123;112.58;117.04;90.03;Bueno;219.66;Alerta;32;33.25;25.29;50.58;Bueno;122.30;Regular;Bueno;Alerta
2026-07-15;15:00;163;113.88;117.04;90.03;Bueno;219.66;Alerta;27;32.54;25.29;50.58;Bueno;122.30;Regular;Bueno;Alerta
2026-07-15;16:00;414;125.88;117.04;90.03;Bueno;219.66;Alerta;12;31.29;25.29;50.58;Bueno;122.30;Regular;Bueno;Alerta
2026-07-15;17:00;72;122.88;117.04;90.03;Bueno;219.66;Alerta;6;30.00;25.29;50.58;Bueno;122.30;Regular;Bueno;Alerta
2026-07-15;18:00;60;121.50;117.04;90.03;Bueno;219.66;Alerta;3;29.12;25.29;50.58;Bueno;122.30;Regular;Bueno;Alerta
2026-07-15;19:00;104;122.42;117.04;90.03;Bueno;219.66;Alerta;15;29.00;25.29;50.58;Bueno;122.30;Regular;Bueno;Alerta
2026-07-15;20:00;88;121.75;117.04;90.03;Bueno;219.66;Alerta;6;28.04;25.29;50.58;Bueno;122.30;Regular;Bueno;Alerta
2026-07-15;21:00;64;120.79;117.04;90.03;Bueno;219.66;Alerta;9;27.12;25.29;50.58;Bueno;122.30;Regular;Bueno;Alerta
2026-07-15;22:00;54;119.00;117.04;90.03;Bueno;219.66;Alerta;10;26.33;25.29;50.58;Bueno;122.30;Regular;Bueno;Alerta
2026-07-15;23:00;63;117.04;117.04;90.03;Bueno;219.66;Alerta;13;25.29;25.29;50.58;Bueno;122.30;Regular;Bueno;Alerta
2026-07-16;00:00;41;113.79;31.70;24.38;Bueno;70.43;Bueno;12;24.21;7.00;14.00;Bueno;46.67;Bueno;Bueno;Bueno
2026-07-16;01:00;47;111.42;31.70;24.38;Bueno;70.43;Bueno;11;23.17;7.00;14.00;Bueno;46.67;Bueno;Bueno;Bueno
2026-07-16;02:00;41;109.38;31.70;24.38;Bueno;70.43;Bueno;12;22.42;7.00;14.00;Bueno;46.67;Bueno;Bueno;Bueno
2026-07-16;03:00;44;107.88;31.70;24.38;Bueno;70.43;Bueno;13;21.58;7.00;14.00;Bueno;46.67;Bueno;Bueno;Bueno
2026-07-16;04:00;45;106.25;31.70;24.38;Bueno;70.43;Bueno;14;20.88;7.00;14.00;Bueno;46.67;Bueno;Bueno;Bueno
2026-07-16;05:00;52;104.79;31.70;24.38;Bueno;70.43;Bueno;11;19.88;7.00;14.00;Bueno;46.67;Bueno;Bueno;Bueno
2026-07-16;06:00;69;103.62;31.70;24.38;Bueno;70.43;Bueno;10;19.04;7.00;14.00;Bueno;46.67;Bueno;Bueno;Bueno
2026-07-16;07:00;68;102.08;31.70;24.38;Bueno;70.43;Bueno;9;18.00;7.00;14.00;Bueno;46.67;Bueno;Bueno;Bueno
2026-07-16;08:00;47;98.75;31.70;24.38;Bueno;70.43;Bueno;7;16.96;7.00;14.00;Bueno;46.67;Bueno;Bueno;Bueno
2026-07-16;09:00;;97.39;31.70;24.38;Bueno;70.43;Bueno;10;15.96;7.00;14.00;Bueno;46.67;Bueno;Bueno;Bueno
2026-07-16;10:00;31;92.04;31.70;24.38;Bueno;70.43;Bueno;6;14.67;7.00;14.00;Bueno;46.67;Bueno;Bueno;Bueno
2026-07-16;11:00;56;87.74;31.70;24.38;Bueno;70.43;Bueno;4;13.00;7.00;14.00;Bueno;46.67;Bueno;Bueno;Bueno
2026-07-16;12:00;25;82.30;31.70;24.38;Bueno;70.43;Bueno;1;11.71;7.00;14.00;Bueno;46.67;Bueno;Bueno;Bueno
2026-07-16;13:00;20;77.87;31.70;24.38;Bueno;70.43;Bueno;1;10.58;7.00;14.00;Bueno;46.67;Bueno;Bueno;Bueno
2026-07-16;14:00;17;73.26;31.70;24.38;Bueno;70.43;Bueno;1;9.29;7.00;14.00;Bueno;46.67;Bueno;Bueno;Bueno
2026-07-16;15:00;11;66.65;31.70;24.38;Bueno;70.43;Bueno;1;8.21;7.00;14.00;Bueno;46.67;Bueno;Bueno;Bueno
2026-07-16;16:00;9;49.04;31.70;24.38;Bueno;70.43;Bueno;3;7.83;7.00;14.00;Bueno;46.67;Bueno;Bueno;Bueno
2026-07-16;17:00;13;46.48;31.70;24.38;Bueno;70.43;Bueno;4;7.75;7.00;14.00;Bueno;46.67;Bueno;Bueno;Bueno
2026-07-16;18:00;14;44.48;31.70;24.38;Bueno;70.43;Bueno;6;7.88;7.00;14.00;Bueno;46.67;Bueno;Bueno;Bueno
2026-07-16;19:00;21;40.87;31.70;24.38;Bueno;70.43;Bueno;10;7.67;7.00;14.00;Bueno;46.67;Bueno;Bueno;Bueno
2026-07-16;20:00;14;37.65;31.70;24.38;Bueno;70.43;Bueno;7;7.71;7.00;14.00;Bueno;46.67;Bueno;Bueno;Bueno
2026-07-16;21:00;14;35.48;31.70;24.38;Bueno;70.43;Bueno;6;7.58;7.00;14.00;Bueno;46.67;Bueno;Bueno;Bueno
2026-07-16;22:00;16;33.83;31.70;24.38;Bueno;70.43;Bueno;5;7.38;7.00;14.00;Bueno;46.67;Bueno;Bueno;Bueno
2026-07-16;23:00;14;31.70;31.70;24.38;Bueno;70.43;Bueno;4;7.00;7.00;14.00;Bueno;46.67;Bueno;Bueno;Bueno
2026-07-17;00:00;11;30.39;16.58;12.76;Bueno;36.85;Bueno;2;6.58;3.83;7.67;Bueno;25.56;Bueno;Bueno;Bueno
2026-07-17;01:00;12;28.87;16.58;12.76;Bueno;36.85;Bueno;1;6.17;3.83;7.67;Bueno;25.56;Bueno;Bueno;Bueno
2026-07-17;02:00;13;27.65;16.58;12.76;Bueno;36.85;Bueno;1;5.71;3.83;7.67;Bueno;25.56;Bueno;Bueno;Bueno
2026-07-17;03:00;13;26.30;16.58;12.76;Bueno;36.85;Bueno;1;5.21;3.83;7.67;Bueno;25.56;Bueno;Bueno;Bueno
2026-07-17;04:00;11;24.83;16.58;12.76;Bueno;36.85;Bueno;1;4.67;3.83;7.67;Bueno;25.56;Bueno;Bueno;Bueno
2026-07-17;05:00;11;23.04;16.58;12.76;Bueno;36.85;Bueno;1;4.25;3.83;7.67;Bueno;25.56;Bueno;Bueno;Bueno
2026-07-17;06:00;12;20.57;16.58;12.76;Bueno;36.85;Bueno;2;3.92;3.83;7.67;Bueno;25.56;Bueno;Bueno;Bueno
2026-07-17;07:00;14;18.22;16.58;12.76;Bueno;36.85;Bueno;3;3.67;3.83;7.67;Bueno;25.56;Bueno;Bueno;Bueno
2026-07-17;08:00;21;17.09;16.58;12.76;Bueno;36.85;Bueno;3;3.50;3.83;7.67;Bueno;25.56;Bueno;Bueno;Bueno
2026-07-17;09:00;15;17.00;16.58;12.76;Bueno;36.85;Bueno;5;3.29;3.83;7.67;Bueno;25.56;Bueno;Bueno;Bueno
2026-07-17;10:00;18;16.46;16.58;12.76;Bueno;36.85;Bueno;3;3.17;3.83;7.67;Bueno;25.56;Bueno;Bueno;Bueno
2026-07-17;11:00;17;14.83;16.58;12.76;Bueno;36.85;Bueno;4;3.17;3.83;7.67;Bueno;25.56;Bueno;Bueno;Bueno
2026-07-17;12:00;18;14.54;16.58;12.76;Bueno;36.85;Bueno;4;3.29;3.83;7.67;Bueno;25.56;Bueno;Bueno;Bueno
2026-07-17;13:00;28;14.88;16.58;12.76;Bueno;36.85;Bueno;6;3.50;3.83;7.67;Bueno;25.56;Bueno;Bueno;Bueno
2026-07-17;14:00;24;15.17;16.58;12.76;Bueno;36.85;Bueno;8;3.79;3.83;7.67;Bueno;25.56;Bueno;Bueno;Bueno
2026-07-17;15:00;27;15.83;16.58;12.76;Bueno;36.85;Bueno;14;4.33;3.83;7.67;Bueno;25.56;Bueno;Bueno;Bueno
2026-07-17;16:00;25;16.50;16.58;12.76;Bueno;36.85;Bueno;13;4.75;3.83;7.67;Bueno;25.56;Bueno;Bueno;Bueno
2026-07-17;17:00;20;16.79;16.58;12.76;Bueno;36.85;Bueno;9;4.96;3.83;7.67;Bueno;25.56;Bueno;Bueno;Bueno
2026-07-17;18:00;11;16.67;16.58;12.76;Bueno;36.85;Bueno;5;4.92;3.83;7.67;Bueno;25.56;Bueno;Bueno;Bueno
2026-07-17;19:00;17;16.50;16.58;12.76;Bueno;36.85;Bueno;1;4.54;3.83;7.67;Bueno;25.56;Bueno;Bueno;Bueno
2026-07-17;20:00;17;16.62;16.58;12.76;Bueno;36.85;Bueno;1;4.29;3.83;7.67;Bueno;25.56;Bueno;Bueno;Bueno
2026-07-17;21:00;13;16.58;16.58;12.76;Bueno;36.85;Bueno;1;4.08;3.83;7.67;Bueno;25.56;Bueno;Bueno;Bueno
2026-07-17;22:00;13;16.46;16.58;12.76;Bueno;36.85;Bueno;1;3.92;3.83;7.67;Bueno;25.56;Bueno;Bueno;Bueno
2026-07-17;23:00;17;16.58;16.58;12.76;Bueno;36.85;Bueno;2;3.83;3.83;7.67;Bueno;25.56;Bueno;Bueno;Bueno
2026-07-18;00:00;11;16.58;21.29;16.38;Bueno;47.31;Bueno;2;3.83;4.88;9.75;Bueno;32.50;Bueno;Bueno;Bueno
2026-07-18;01:00;14;16.67;21.29;16.38;Bueno;47.31;Bueno;1;3.83;4.88;9.75;Bueno;32.50;Bueno;Bueno;Bueno
2026-07-18;02:00;15;16.75;21.29;16.38;Bueno;47.31;Bueno;1;3.83;4.88;9.75;Bueno;32.50;Bueno;Bueno;Bueno
2026-07-18;03:00;14;16.79;21.29;16.38;Bueno;47.31;Bueno;3;3.92;4.88;9.75;Bueno;32.50;Bueno;Bueno;Bueno
2026-07-18;04:00;15;16.96;21.29;16.38;Bueno;47.31;Bueno;4;4.04;4.88;9.75;Bueno;32.50;Bueno;Bueno;Bueno
2026-07-18;05:00;13;17.04;21.29;16.38;Bueno;47.31;Bueno;3;4.12;4.88;9.75;Bueno;32.50;Bueno;Bueno;Bueno
2026-07-18;06:00;12;17.04;21.29;16.38;Bueno;47.31;Bueno;1;4.08;4.88;9.75;Bueno;32.50;Bueno;Bueno;Bueno
2026-07-18;07:00;10;16.88;21.29;16.38;Bueno;47.31;Bueno;1;4.00;4.88;9.75;Bueno;32.50;Bueno;Bueno;Bueno
2026-07-18;08:00;17;16.71;21.29;16.38;Bueno;47.31;Bueno;3;4.00;4.88;9.75;Bueno;32.50;Bueno;Bueno;Bueno
2026-07-18;09:00;16;16.75;21.29;16.38;Bueno;47.31;Bueno;2;3.88;4.88;9.75;Bueno;32.50;Bueno;Bueno;Bueno
2026-07-18;10:00;25;17.04;21.29;16.38;Bueno;47.31;Bueno;3;3.88;4.88;9.75;Bueno;32.50;Bueno;Bueno;Bueno
2026-07-18;11:00;12;16.83;21.29;16.38;Bueno;47.31;Bueno;1;3.75;4.88;9.75;Bueno;32.50;Bueno;Bueno;Bueno
2026-07-18;12:00;16;16.75;21.29;16.38;Bueno;47.31;Bueno;1;3.62;4.88;9.75;Bueno;32.50;Bueno;Bueno;Bueno
2026-07-18;13:00;11;16.04;21.29;16.38;Bueno;47.31;Bueno;2;3.46;4.88;9.75;Bueno;32.50;Bueno;Bueno;Bueno
2026-07-18;14:00;9;15.42;21.29;16.38;Bueno;47.31;Bueno;1;3.17;4.88;9.75;Bueno;32.50;Bueno;Bueno;Bueno
2026-07-18;15:00;12;14.79;21.29;16.38;Bueno;47.31;Bueno;1;2.62;4.88;9.75;Bueno;32.50;Bueno;Bueno;Bueno
2026-07-18;16:00;10;14.17;21.29;16.38;Bueno;47.31;Bueno;1;2.12;4.88;9.75;Bueno;32.50;Bueno;Bueno;Bueno
2026-07-18;17:00;11;13.79;21.29;16.38;Bueno;47.31;Bueno;1;1.79;4.88;9.75;Bueno;32.50;Bueno;Bueno;Bueno
2026-07-18;18:00;31;14.62;21.29;16.38;Bueno;47.31;Bueno;2;1.67;4.88;9.75;Bueno;32.50;Bueno;Bueno;Bueno
2026-07-18;19:00;40;15.58;21.29;16.38;Bueno;47.31;Bueno;24;2.62;4.88;9.75;Bueno;32.50;Bueno;Bueno;Bueno
2026-07-18;20:00;25;15.92;21.29;16.38;Bueno;47.31;Bueno;1;2.62;4.88;9.75;Bueno;32.50;Bueno;Bueno;Bueno
2026-07-18;21:00;37;16.92;21.29;16.38;Bueno;47.31;Bueno;6;2.83;4.88;9.75;Bueno;32.50;Bueno;Bueno;Bueno
2026-07-18;22:00;76;19.54;21.29;16.38;Bueno;47.31;Bueno;26;3.88;4.88;9.75;Bueno;32.50;Bueno;Bueno;Bueno
2026-07-18;23:00;59;21.29;21.29;16.38;Bueno;47.31;Bueno;26;4.88;4.88;9.75;Bueno;32.50;Bueno;Bueno;Bueno
2026-07-19;00:00;40;22.50;59.46;45.74;Bueno;123.73;Regular;18;5.54;23.75;47.50;Bueno;118.95;Regular;Bueno;Regular
2026-07-19;01:00;43;23.71;59.46;45.74;Bueno;123.73;Regular;21;6.38;23.75;47.50;Bueno;118.95;Regular;Bueno;Regular
2026-07-19;02:00;54;25.33;59.46;45.74;Bueno;123.73;Regular;26;7.42;23.75;47.50;Bueno;118.95;Regular;Bueno;Regular
2026-07-19;03:00;49;26.79;59.46;45.74;Bueno;123.73;Regular;24;8.29;23.75;47.50;Bueno;118.95;Regular;Bueno;Regular
2026-07-19;04:00;48;28.17;59.46;45.74;Bueno;123.73;Regular;19;8.92;23.75;47.50;Bueno;118.95;Regular;Bueno;Regular
2026-07-19;05:00;42;29.38;59.46;45.74;Bueno;123.73;Regular;21;9.67;23.75;47.50;Bueno;118.95;Regular;Bueno;Regular
2026-07-19;06:00;45;30.75;59.46;45.74;Bueno;123.73;Regular;18;10.38;23.75;47.50;Bueno;118.95;Regular;Bueno;Regular
2026-07-19;07:00;37;31.88;59.46;45.74;Bueno;123.73;Regular;17;11.04;23.75;47.50;Bueno;118.95;Regular;Bueno;Regular
2026-07-19;08:00;39;32.79;59.46;45.74;Bueno;123.73;Regular;16;11.58;23.75;47.50;Bueno;118.95;Regular;Bueno;Regular
2026-07-19;09:00;38;33.71;59.46;45.74;Bueno;123.73;Regular;10;11.92;23.75;47.50;Bueno;118.95;Regular;Bueno;Regular
2026-07-19;10:00;53;34.88;59.46;45.74;Bueno;123.73;Regular;15;12.42;23.75;47.50;Bueno;118.95;Regular;Bueno;Regular
2026-07-19;11:00;63;37.00;59.46;45.74;Bueno;123.73;Regular;15;13.00;23.75;47.50;Bueno;118.95;Regular;Bueno;Regular
2026-07-19;12:00;57;38.71;59.46;45.74;Bueno;123.73;Regular;10;13.38;23.75;47.50;Bueno;118.95;Regular;Bueno;Regular
2026-07-19;13:00;44;40.08;59.46;45.74;Bueno;123.73;Regular;20;14.12;23.75;47.50;Bueno;118.95;Regular;Bueno;Regular
2026-07-19;14:00;51;41.83;59.46;45.74;Bueno;123.73;Regular;18;14.83;23.75;47.50;Bueno;118.95;Regular;Bueno;Regular
2026-07-19;15:00;44;43.17;59.46;45.74;Bueno;123.73;Regular;19;15.58;23.75;47.50;Bueno;118.95;Regular;Bueno;Regular
2026-07-19;16:00;38;44.33;59.46;45.74;Bueno;123.73;Regular;19;16.33;23.75;47.50;Bueno;118.95;Regular;Bueno;Regular
2026-07-19;17:00;61;46.42;59.46;45.74;Bueno;123.73;Regular;26;17.38;23.75;47.50;Bueno;118.95;Regular;Bueno;Regular
2026-07-19;18:00;98;49.21;59.46;45.74;Bueno;123.73;Regular;37;18.83;23.75;47.50;Bueno;118.95;Regular;Bueno;Regular
2026-07-19;19:00;105;51.92;59.46;45.74;Bueno;123.73;Regular;44;19.67;23.75;47.50;Bueno;118.95;Regular;Bueno;Regular
2026-07-19;20:00;134;56.46;59.46;45.74;Bueno;123.73;Regular;52;21.79;23.75;47.50;Bueno;118.95;Regular;Bueno;Regular
2026-07-19;21:00;123;60.04;59.46;45.74;Bueno;123.73;Regular;42;23.29;23.75;47.50;Bueno;118.95;Regular;Bueno;Regular
2026-07-19;22:00;65;59.58;59.46;45.74;Bueno;123.73;Regular;34;23.62;23.75;47.50;Bueno;118.95;Regular;Bueno;Regular
2026-07-19;23:00;56;59.46;59.46;45.74;Bueno;123.73;Regular;29;23.75;23.75;47.50;Bueno;118.95;Regular;Bueno;Regular
2026-07-20;00:00;49;59.83;25.50;19.62;Bueno;56.67;Bueno;32;24.33;10.67;21.33;Bueno;71.11;Bueno;Bueno;Bueno
2026-07-20;01:00;43;59.83;25.50;19.62;Bueno;56.67;Bueno;27;24.58;10.67;21.33;Bueno;71.11;Bueno;Bueno;Bueno
2026-07-20;02:00;21;58.46;25.50;19.62;Bueno;56.67;Bueno;6;23.75;10.67;21.33;Bueno;71.11;Bueno;Bueno;Bueno
2026-07-20;03:00;16;57.08;25.50;19.62;Bueno;56.67;Bueno;9;23.12;10.67;21.33;Bueno;71.11;Bueno;Bueno;Bueno
2026-07-20;04:00;21;55.96;25.50;19.62;Bueno;56.67;Bueno;6;22.58;10.67;21.33;Bueno;71.11;Bueno;Bueno;Bueno
2026-07-20;05:00;17;54.92;25.50;19.62;Bueno;56.67;Bueno;4;21.88;10.67;21.33;Bueno;71.11;Bueno;Bueno;Bueno
2026-07-20;06:00;14;53.62;25.50;19.62;Bueno;56.67;Bueno;2;21.21;10.67;21.33;Bueno;71.11;Bueno;Bueno;Bueno
2026-07-20;07:00;19;52.88;25.50;19.62;Bueno;56.67;Bueno;4;20.67;10.67;21.33;Bueno;71.11;Bueno;Bueno;Bueno
2026-07-20;08:00;21;52.12;25.50;19.62;Bueno;56.67;Bueno;8;20.33;10.67;21.33;Bueno;71.11;Bueno;Bueno;Bueno
2026-07-20;09:00;13;51.08;25.50;19.62;Bueno;56.67;Bueno;5;20.12;10.67;21.33;Bueno;71.11;Bueno;Bueno;Bueno
2026-07-20;10:00;13;49.42;25.50;19.62;Bueno;56.67;Bueno;7;19.79;10.67;21.33;Bueno;71.11;Bueno;Bueno;Bueno
2026-07-20;11:00;14;47.38;25.50;19.62;Bueno;56.67;Bueno;4;19.33;10.67;21.33;Bueno;71.11;Bueno;Bueno;Bueno
2026-07-20;12:00;18;45.75;25.50;19.62;Bueno;56.67;Bueno;2;19.00;10.67;21.33;Bueno;71.11;Bueno;Bueno;Bueno
2026-07-20;13:00;20;44.75;25.50;19.62;Bueno;56.67;Bueno;5;18.38;10.67;21.33;Bueno;71.11;Bueno;Bueno;Bueno
2026-07-20;14:00;19;43.42;25.50;19.62;Bueno;56.67;Bueno;6;17.88;10.67;21.33;Bueno;71.11;Bueno;Bueno;Bueno
2026-07-20;15:00;26;42.67;25.50;19.62;Bueno;56.67;Bueno;5;17.29;10.67;21.33;Bueno;71.11;Bueno;Bueno;Bueno
2026-07-20;16:00;31;42.38;25.50;19.62;Bueno;56.67;Bueno;14;17.08;10.67;21.33;Bueno;71.11;Bueno;Bueno;Bueno
2026-07-20;17:00;33;41.21;25.50;19.62;Bueno;56.67;Bueno;13;16.54;10.67;21.33;Bueno;71.11;Bueno;Bueno;Bueno
2026-07-20;18:00;32;38.46;25.50;19.62;Bueno;56.67;Bueno;14;15.58;10.67;21.33;Bueno;71.11;Bueno;Bueno;Bueno
2026-07-20;19:00;34;35.50;25.50;19.62;Bueno;56.67;Bueno;22;14.67;10.67;21.33;Bueno;71.11;Bueno;Bueno;Bueno
2026-07-20;20:00;39;31.54;25.50;19.62;Bueno;56.67;Bueno;12;13.00;10.67;21.33;Bueno;71.11;Bueno;Bueno;Bueno
2026-07-20;21:00;33;27.79;25.50;19.62;Bueno;56.67;Bueno;17;11.96;10.67;21.33;Bueno;71.11;Bueno;Bueno;Bueno
2026-07-20;22:00;34;26.50;25.50;19.62;Bueno;56.67;Bueno;18;11.29;10.67;21.33;Bueno;71.11;Bueno;Bueno;Bueno
2026-07-20;23:00;32;25.50;25.50;19.62;Bueno;56.67;Bueno;14;10.67;10.67;21.33;Bueno;71.11;Bueno;Bueno;Bueno
2026-07-21;00:00;29;24.67;26.46;20.35;Bueno;58.80;Bueno;14;9.92;11.54;23.08;Bueno;76.94;Bueno;Bueno;Bueno
2026-07-21;01:00;28;24.04;26.46;20.35;Bueno;58.80;Bueno;13;9.33;11.54;23.08;Bueno;76.94;Bueno;Bueno;Bueno
2026-07-21;02:00;28;24.33;26.46;20.35;Bueno;58.80;Bueno;11;9.54;11.54;23.08;Bueno;76.94;Bueno;Bueno;Bueno
2026-07-21;03:00;36;25.17;26.46;20.35;Bueno;58.80;Bueno;18;9.92;11.54;23.08;Bueno;76.94;Bueno;Bueno;Bueno
2026-07-21;04:00;38;25.88;26.46;20.35;Bueno;58.80;Bueno;17;10.38;11.54;23.08;Bueno;76.94;Bueno;Bueno;Bueno
2026-07-21;05:00;34;26.58;26.46;20.35;Bueno;58.80;Bueno;18;10.96;11.54;23.08;Bueno;76.94;Bueno;Bueno;Bueno
2026-07-21;06:00;26;27.08;26.46;20.35;Bueno;58.80;Bueno;13;11.42;11.54;23.08;Bueno;76.94;Bueno;Bueno;Bueno
2026-07-21;07:00;27;27.42;26.46;20.35;Bueno;58.80;Bueno;15;11.88;11.54;23.08;Bueno;76.94;Bueno;Bueno;Bueno
2026-07-21;08:00;32;27.88;26.46;20.35;Bueno;58.80;Bueno;17;12.25;11.54;23.08;Bueno;76.94;Bueno;Bueno;Bueno
2026-07-21;09:00;30;28.58;26.46;20.35;Bueno;58.80;Bueno;11;12.50;11.54;23.08;Bueno;76.94;Bueno;Bueno;Bueno
2026-07-21;10:00;24;29.04;26.46;20.35;Bueno;58.80;Bueno;10;12.62;11.54;23.08;Bueno;76.94;Bueno;Bueno;Bueno
2026-07-21;11:00;28;29.62;26.46;20.35;Bueno;58.80;Bueno;14;13.04;11.54;23.08;Bueno;76.94;Bueno;Bueno;Bueno
2026-07-21;12:00;27;30.00;26.46;20.35;Bueno;58.80;Bueno;14;13.54;11.54;23.08;Bueno;76.94;Bueno;Bueno;Bueno
2026-07-21;13:00;13;29.71;26.46;20.35;Bueno;58.80;Bueno;7;13.62;11.54;23.08;Bueno;76.94;Bueno;Bueno;Bueno
2026-07-21;14:00;13;29.46;26.46;20.35;Bueno;58.80;Bueno;3;13.50;11.54;23.08;Bueno;76.94;Bueno;Bueno;Bueno
2026-07-21;15:00;8;28.71;26.46;20.35;Bueno;58.80;Bueno;1;13.33;11.54;23.08;Bueno;76.94;Bueno;Bueno;Bueno
2026-07-21;16:00;12;27.92;26.46;20.35;Bueno;58.80;Bueno;3;12.88;11.54;23.08;Bueno;76.94;Bueno;Bueno;Bueno
2026-07-21;17:00;18;27.29;26.46;20.35;Bueno;58.80;Bueno;5;12.54;11.54;23.08;Bueno;76.94;Bueno;Bueno;Bueno
2026-07-21;18:00;24;26.96;26.46;20.35;Bueno;58.80;Bueno;4;12.12;11.54;23.08;Bueno;76.94;Bueno;Bueno;Bueno
2026-07-21;19:00;24;26.54;26.46;20.35;Bueno;58.80;Bueno;9;11.58;11.54;23.08;Bueno;76.94;Bueno;Bueno;Bueno
2026-07-21;20:00;35;26.38;26.46;20.35;Bueno;58.80;Bueno;13;11.62;11.54;23.08;Bueno;76.94;Bueno;Bueno;Bueno
2026-07-21;21:00;33;26.38;26.46;20.35;Bueno;58.80;Bueno;16;11.58;11.54;23.08;Bueno;76.94;Bueno;Bueno;Bueno
2026-07-21;22:00;31;26.25;26.46;20.35;Bueno;58.80;Bueno;9;11.21;11.54;23.08;Bueno;76.94;Bueno;Bueno;Bueno
2026-07-21;23:00;37;26.46;26.46;20.35;Bueno;58.80;Bueno;22;11.54;11.54;23.08;Bueno;76.94;Bueno;Bueno;Bueno
2026-07-22;00:00;43;27.04;62.83;48.33;Bueno;129.29;Regular;19;11.75;20.96;41.92;Bueno;112.89;Regular;Bueno;Regular
2026-07-22;01:00;45;27.75;62.83;48.33;Bueno;129.29;Regular;18;11.96;20.96;41.92;Bueno;112.89;Regular;Bueno;Regular
2026-07-22;02:00;52;28.75;62.83;48.33;Bueno;129.29;Regular;25;12.54;20.96;41.92;Bueno;112.89;Regular;Bueno;Regular
2026-07-22;03:00;46;29.17;62.83;48.33;Bueno;129.29;Regular;23;12.75;20.96;41.92;Bueno;112.89;Regular;Bueno;Regular
2026-07-22;04:00;38;29.17;62.83;48.33;Bueno;129.29;Regular;13;12.58;20.96;41.92;Bueno;112.89;Regular;Bueno;Regular
2026-07-22;05:00;34;29.17;62.83;48.33;Bueno;129.29;Regular;17;12.54;20.96;41.92;Bueno;112.89;Regular;Bueno;Regular
2026-07-22;06:00;39;29.71;62.83;48.33;Bueno;129.29;Regular;16;12.67;20.96;41.92;Bueno;112.89;Regular;Bueno;Regular
2026-07-22;07:00;44;30.42;62.83;48.33;Bueno;129.29;Regular;21;12.92;20.96;41.92;Bueno;112.89;Regular;Bueno;Regular
2026-07-22;08:00;39;30.71;62.83;48.33;Bueno;129.29;Regular;20;13.04;20.96;41.92;Bueno;112.89;Regular;Bueno;Regular
2026-07-22;09:00;57;31.83;62.83;48.33;Bueno;129.29;Regular;24;13.58;20.96;41.92;Bueno;112.89;Regular;Bueno;Regular
2026-07-22;10:00;64;33.50;62.83;48.33;Bueno;129.29;Regular;24;14.17;20.96;41.92;Bueno;112.89;Regular;Bueno;Regular
2026-07-22;11:00;68;35.17;62.83;48.33;Bueno;129.29;Regular;24;14.58;20.96;41.92;Bueno;112.89;Regular;Bueno;Regular
2026-07-22;12:00;69;36.92;62.83;48.33;Bueno;129.29;Regular;22;14.92;20.96;41.92;Bueno;112.89;Regular;Bueno;Regular
2026-07-22;13:00;44;38.21;62.83;48.33;Bueno;129.29;Regular;14;15.21;20.96;41.92;Bueno;112.89;Regular;Bueno;Regular
2026-07-22;14:00;54;39.92;62.83;48.33;Bueno;129.29;Regular;11;15.54;20.96;41.92;Bueno;112.89;Regular;Bueno;Regular
2026-07-22;15:00;27;40.71;62.83;48.33;Bueno;129.29;Regular;13;16.04;20.96;41.92;Bueno;112.89;Regular;Bueno;Regular
2026-07-22;16:00;57;42.58;62.83;48.33;Bueno;129.29;Regular;17;16.62;20.96;41.92;Bueno;112.89;Regular;Bueno;Regular
2026-07-22;17:00;60;44.33;62.83;48.33;Bueno;129.29;Regular;13;16.96;20.96;41.92;Bueno;112.89;Regular;Bueno;Regular
2026-07-22;18:00;98;47.42;62.83;48.33;Bueno;129.29;Regular;26;17.88;20.96;41.92;Bueno;112.89;Regular;Bueno;Regular
2026-07-22;19:00;112;51.08;62.83;48.33;Bueno;129.29;Regular;32;18.83;20.96;41.92;Bueno;112.89;Regular;Bueno;Regular
2026-07-22;20:00;118;54.54;62.83;48.33;Bueno;129.29;Regular;30;19.54;20.96;41.92;Bueno;112.89;Regular;Bueno;Regular
2026-07-22;21:00;107;57.62;62.83;48.33;Bueno;129.29;Regular;24;19.88;20.96;41.92;Bueno;112.89;Regular;Bueno;Regular
2026-07-22;22:00;103;60.62;62.83;48.33;Bueno;129.29;Regular;28;20.67;20.96;41.92;Bueno;112.89;Regular;Bueno;Regular
2026-07-22;23:00;90;62.83;62.83;48.33;Bueno;129.29;Regular;29;20.96;20.96;41.92;Bueno;112.89;Regular;Bueno;Regular
2026-07-23;00:00;71;64.00;68.21;52.47;Bueno;138.16;Regular;28;21.33;19.42;38.83;Bueno;109.55;Regular;Bueno;Regular
2026-07-23;01:00;65;64.83;68.21;52.47;Bueno;138.16;Regular;24;21.58;19.42;38.83;Bueno;109.55;Regular;Bueno;Regular
2026-07-23;02:00;52;64.83;68.21;52.47;Bueno;138.16;Regular;14;21.12;19.42;38.83;Bueno;109.55;Regular;Bueno;Regular
2026-07-23;03:00;47;64.88;68.21;52.47;Bueno;138.16;Regular;23;21.12;19.42;38.83;Bueno;109.55;Regular;Bueno;Regular
2026-07-23;04:00;49;65.33;68.21;52.47;Bueno;138.16;Regular;20;21.42;19.42;38.83;Bueno;109.55;Regular;Bueno;Regular
2026-07-23;05:00;45;65.79;68.21;52.47;Bueno;138.16;Regular;16;21.38;19.42;38.83;Bueno;109.55;Regular;Bueno;Regular
2026-07-23;06:00;46;66.08;68.21;52.47;Bueno;138.16;Regular;20;21.54;19.42;38.83;Bueno;109.55;Regular;Bueno;Regular
2026-07-23;07:00;72;67.25;68.21;52.47;Bueno;138.16;Regular;25;21.71;19.42;38.83;Bueno;109.55;Regular;Bueno;Regular
2026-07-23;08:00;107;70.08;68.21;52.47;Bueno;138.16;Regular;32;22.21;19.42;38.83;Bueno;109.55;Regular;Bueno;Regular
2026-07-23;09:00;98;71.79;68.21;52.47;Bueno;138.16;Regular;24;22.21;19.42;38.83;Bueno;109.55;Regular;Bueno;Regular
2026-07-23;10:00;66;71.88;68.21;52.47;Bueno;138.16;Regular;17;21.92;19.42;38.83;Bueno;109.55;Regular;Bueno;Regular
2026-07-23;11:00;68;71.88;68.21;52.47;Bueno;138.16;Regular;18;21.67;19.42;38.83;Bueno;109.55;Regular;Bueno;Regular
2026-07-23;12:00;79;72.29;68.21;52.47;Bueno;138.16;Regular;20;21.58;19.42;38.83;Bueno;109.55;Regular;Bueno;Regular
2026-07-23;13:00;95;74.42;68.21;52.47;Bueno;138.16;Regular;28;22.17;19.42;38.83;Bueno;109.55;Regular;Bueno;Regular
2026-07-23;14:00;77;75.38;68.21;52.47;Bueno;138.16;Regular;29;22.92;19.42;38.83;Bueno;109.55;Regular;Bueno;Regular
2026-07-23;15:00;83;77.71;68.21;52.47;Bueno;138.16;Regular;24;23.38;19.42;38.83;Bueno;109.55;Regular;Bueno;Regular
2026-07-23;16:00;112;80.00;68.21;52.47;Bueno;138.16;Regular;23;23.62;19.42;38.83;Bueno;109.55;Regular;Bueno;Regular
2026-07-23;17:00;128;82.83;68.21;52.47;Bueno;138.16;Regular;19;23.88;19.42;38.83;Bueno;109.55;Regular;Bueno;Regular
2026-07-23;18:00;132;84.25;68.21;52.47;Bueno;138.16;Regular;27;23.92;19.42;38.83;Bueno;109.55;Regular;Bueno;Regular
2026-07-23;19:00;58;82.00;68.21;52.47;Bueno;138.16;Regular;9;22.96;19.42;38.83;Bueno;109.55;Regular;Bueno;Regular
2026-07-23;20:00;30;78.33;68.21;52.47;Bueno;138.16;Regular;10;22.12;19.42;38.83;Bueno;109.55;Regular;Bueno;Regular
2026-07-23;21:00;24;74.88;68.21;52.47;Bueno;138.16;Regular;6;21.38;19.42;38.83;Bueno;109.55;Regular;Bueno;Regular
2026-07-23;22:00;17;71.29;68.21;52.47;Bueno;138.16;Regular;4;20.38;19.42;38.83;Bueno;109.55;Regular;Bueno;Regular
2026-07-23;23:00;16;68.21;68.21;52.47;Bueno;138.16;Regular;6;19.42;19.42;38.83;Bueno;109.55;Regular;Bueno;Regular
2026-07-24;00:00;23;66.21;86.50;66.54;Bueno;168.50;Regular;5;18.46;23.96;47.92;Bueno;119.40;Regular;Bueno;Regular
2026-07-24;01:00;26;64.58;86.50;66.54;Bueno;168.50;Regular;9;17.83;23.96;47.92;Bueno;119.40;Regular;Bueno;Regular
2026-07-24;02:00;26;63.50;86.50;66.54;Bueno;168.50;Regular;10;17.67;23.96;47.92;Bueno;119.40;Regular;Bueno;Regular
2026-07-24;03:00;28;62.71;86.50;66.54;Bueno;168.50;Regular;8;17.04;23.96;47.92;Bueno;119.40;Regular;Bueno;Regular
2026-07-24;04:00;28;61.83;86.50;66.54;Bueno;168.50;Regular;10;16.62;23.96;47.92;Bueno;119.40;Regular;Bueno;Regular
2026-07-24;05:00;32;61.29;86.50;66.54;Bueno;168.50;Regular;12;16.46;23.96;47.92;Bueno;119.40;Regular;Bueno;Regular
2026-07-24;06:00;28;60.54;86.50;66.54;Bueno;168.50;Regular;13;16.17;23.96;47.92;Bueno;119.40;Regular;Bueno;Regular
2026-07-24;07:00;41;59.25;86.50;66.54;Bueno;168.50;Regular;16;15.79;23.96;47.92;Bueno;119.40;Regular;Bueno;Regular
2026-07-24;08:00;49;56.83;86.50;66.54;Bueno;168.50;Regular;19;15.25;23.96;47.92;Bueno;119.40;Regular;Bueno;Regular
2026-07-24;09:00;45;54.62;86.50;66.54;Bueno;168.50;Regular;20;15.08;23.96;47.92;Bueno;119.40;Regular;Bueno;Regular
2026-07-24;10:00;76;55.04;86.50;66.54;Bueno;168.50;Regular;23;15.33;23.96;47.92;Bueno;119.40;Regular;Bueno;Regular
2026-07-24;11:00;91;56.00;86.50;66.54;Bueno;168.50;Regular;35;16.04;23.96;47.92;Bueno;119.40;Regular;Bueno;Regular
2026-07-24;12:00;70;55.62;86.50;66.54;Bueno;168.50;Regular;34;16.62;23.96;47.92;Bueno;119.40;Regular;Bueno;Regular
2026-07-24;13:00;46;53.58;86.50;66.54;Bueno;168.50;Regular;15;16.08;23.96;47.92;Bueno;119.40;Regular;Bueno;Regular
2026-07-24;14:00;59;52.83;86.50;66.54;Bueno;168.50;Regular;19;15.67;23.96;47.92;Bueno;119.40;Regular;Bueno;Regular
2026-07-24;15:00;49;51.42;86.50;66.54;Bueno;168.50;Regular;12;15.17;23.96;47.92;Bueno;119.40;Regular;Bueno;Regular
2026-07-24;16:00;72;49.75;86.50;66.54;Bueno;168.50;Regular;11;14.67;23.96;47.92;Bueno;119.40;Regular;Bueno;Regular
2026-07-24;17:00;66;47.17;86.50;66.54;Bueno;168.50;Regular;10;14.29;23.96;47.92;Bueno;119.40;Regular;Bueno;Regular
2026-07-24;18:00;121;46.71;86.50;66.54;Bueno;168.50;Regular;21;14.04;23.96;47.92;Bueno;119.40;Regular;Bueno;Regular
2026-07-24;19:00;192;52.29;86.50;66.54;Bueno;168.50;Regular;44;15.50;23.96;47.92;Bueno;119.40;Regular;Bueno;Regular
2026-07-24;20:00;208;59.71;86.50;66.54;Bueno;168.50;Regular;31;16.38;23.96;47.92;Bueno;119.40;Regular;Bueno;Regular
2026-07-24;21:00;296;71.04;86.50;66.54;Bueno;168.50;Regular;65;18.83;23.96;47.92;Bueno;119.40;Regular;Bueno;Regular
2026-07-24;22:00;225;79.71;86.50;66.54;Bueno;168.50;Regular;65;21.38;23.96;47.92;Bueno;119.40;Regular;Bueno;Regular
2026-07-24;23:00;179;86.50;86.50;66.54;Bueno;168.50;Regular;68;23.96;23.96;47.92;Bueno;119.40;Regular;Bueno;Regular
2026-07-25;00:00;144;91.54;53.21;40.93;Bueno;113.46;Regular;52;25.92;26.25;52.50;Bueno;124.38;Regular;Bueno;Regular
2026-07-25;01:00;64;93.12;53.21;40.93;Bueno;113.46;Regular;27;26.67;26.25;52.50;Bueno;124.38;Regular;Bueno;Regular
2026-07-25;02:00;35;93.50;53.21;40.93;Bueno;113.46;Regular;14;26.83;26.25;52.50;Bueno;124.38;Regular;Bueno;Regular
2026-07-25;03:00;27;93.46;53.21;40.93;Bueno;113.46;Regular;8;26.83;26.25;52.50;Bueno;124.38;Regular;Bueno;Regular
2026-07-25;04:00;20;93.12;53.21;40.93;Bueno;113.46;Regular;4;26.58;26.25;52.50;Bueno;124.38;Regular;Bueno;Regular
2026-07-25;05:00;27;92.92;53.21;40.93;Bueno;113.46;Regular;5;26.29;26.25;52.50;Bueno;124.38;Regular;Bueno;Regular
2026-07-25;06:00;29;92.96;53.21;40.93;Bueno;113.46;Regular;9;26.12;26.25;52.50;Bueno;124.38;Regular;Bueno;Regular
2026-07-25;07:00;38;92.83;53.21;40.93;Bueno;113.46;Regular;12;25.96;26.25;52.50;Bueno;124.38;Regular;Bueno;Regular
2026-07-25;08:00;35;92.25;53.21;40.93;Bueno;113.46;Regular;13;25.71;26.25;52.50;Bueno;124.38;Regular;Bueno;Regular
2026-07-25;09:00;52;92.54;53.21;40.93;Bueno;113.46;Regular;26;25.96;26.25;52.50;Bueno;124.38;Regular;Bueno;Regular
2026-07-25;10:00;47;91.33;53.21;40.93;Bueno;113.46;Regular;22;25.92;26.25;52.50;Bueno;124.38;Regular;Bueno;Regular
2026-07-25;11:00;59;90.00;53.21;40.93;Bueno;113.46;Regular;27;25.58;26.25;52.50;Bueno;124.38;Regular;Bueno;Regular
2026-07-25;12:00;50;89.17;53.21;40.93;Bueno;113.46;Regular;30;25.42;26.25;52.50;Bueno;124.38;Regular;Bueno;Regular
2026-07-25;13:00;54;89.50;53.21;40.93;Bueno;113.46;Regular;31;26.08;26.25;52.50;Bueno;124.38;Regular;Bueno;Regular
2026-07-25;14:00;53;89.25;53.21;40.93;Bueno;113.46;Regular;29;26.50;26.25;52.50;Bueno;124.38;Regular;Bueno;Regular
2026-07-25;15:00;53;89.42;53.21;40.93;Bueno;113.46;Regular;32;27.33;26.25;52.50;Bueno;124.38;Regular;Bueno;Regular
2026-07-25;16:00;43;88.21;53.21;40.93;Bueno;113.46;Regular;23;27.83;26.25;52.50;Bueno;124.38;Regular;Bueno;Regular
2026-07-25;17:00;53;87.67;53.21;40.93;Bueno;113.46;Regular;25;28.46;26.25;52.50;Bueno;124.38;Regular;Bueno;Regular
2026-07-25;18:00;62;85.21;53.21;40.93;Bueno;113.46;Regular;28;28.75;26.25;52.50;Bueno;124.38;Regular;Bueno;Regular
2026-07-25;19:00;59;79.67;53.21;40.93;Bueno;113.46;Regular;33;28.29;26.25;52.50;Bueno;124.38;Regular;Bueno;Regular
2026-07-25;20:00;61;73.54;53.21;40.93;Bueno;113.46;Regular;37;28.54;26.25;52.50;Bueno;124.38;Regular;Bueno;Regular
2026-07-25;21:00;61;63.75;53.21;40.93;Bueno;113.46;Regular;42;27.58;26.25;52.50;Bueno;124.38;Regular;Bueno;Regular
2026-07-25;22:00;78;57.62;53.21;40.93;Bueno;113.46;Regular;55;27.17;26.25;52.50;Bueno;124.38;Regular;Bueno;Regular
2026-07-25;23:00;73;53.21;53.21;40.93;Bueno;113.46;Regular;46;26.25;26.25;52.50;Bueno;124.38;Regular;Bueno;Regular
2026-07-26;00:00;63;49.83;57.00;43.85;Bueno;119.69;Regular;36;25.58;25.00;50.00;Bueno;121.67;Regular;Bueno;Regular
2026-07-26;01:00;65;49.88;57.00;43.85;Bueno;119.69;Regular;45;26.33;25.00;50.00;Bueno;121.67;Regular;Bueno;Regular
2026-07-26;02:00;52;50.58;57.00;43.85;Bueno;119.69;Regular;30;27.00;25.00;50.00;Bueno;121.67;Regular;Bueno;Regular
2026-07-26;03:00;40;51.12;57.00;43.85;Bueno;119.69;Regular;28;27.83;25.00;50.00;Bueno;121.67;Regular;Bueno;Regular
2026-07-26;04:00;40;51.96;57.00;43.85;Bueno;119.69;Regular;22;28.58;25.00;50.00;Bueno;121.67;Regular;Bueno;Regular
2026-07-26;05:00;40;52.50;57.00;43.85;Bueno;119.69;Regular;17;29.08;25.00;50.00;Bueno;121.67;Regular;Bueno;Regular
2026-07-26;06:00;37;52.83;57.00;43.85;Bueno;119.69;Regular;22;29.62;25.00;50.00;Bueno;121.67;Regular;Bueno;Regular
2026-07-26;07:00;37;52.79;57.00;43.85;Bueno;119.69;Regular;21;30.00;25.00;50.00;Bueno;121.67;Regular;Bueno;Regular
2026-07-26;08:00;38;52.92;57.00;43.85;Bueno;119.69;Regular;17;30.17;25.00;50.00;Bueno;121.67;Regular;Bueno;Regular
2026-07-26;09:00;45;52.62;57.00;43.85;Bueno;119.69;Regular;25;30.12;25.00;50.00;Bueno;121.67;Regular;Bueno;Regular
2026-07-26;10:00;47;52.62;57.00;43.85;Bueno;119.69;Regular;32;30.54;25.00;50.00;Bueno;121.67;Regular;Bueno;Regular
2026-07-26;11:00;50;52.25;57.00;43.85;Bueno;119.69;Regular;34;30.83;25.00;50.00;Bueno;121.67;Regular;Bueno;Regular
2026-07-26;12:00;46;52.08;57.00;43.85;Bueno;119.69;Regular;19;30.38;25.00;50.00;Bueno;121.67;Regular;Bueno;Regular
2026-07-26;13:00;50;51.92;57.00;43.85;Bueno;119.69;Regular;22;30.00;25.00;50.00;Bueno;121.67;Regular;Bueno;Regular
2026-07-26;14:00;62;52.29;57.00;43.85;Bueno;119.69;Regular;21;29.67;25.00;50.00;Bueno;121.67;Regular;Bueno;Regular
2026-07-26;15:00;59;52.54;57.00;43.85;Bueno;119.69;Regular;20;29.17;25.00;50.00;Bueno;121.67;Regular;Bueno;Regular
2026-07-26;16:00;60;53.25;57.00;43.85;Bueno;119.69;Regular;24;29.21;25.00;50.00;Bueno;121.67;Regular;Bueno;Regular
2026-07-26;17:00;62;53.62;57.00;43.85;Bueno;119.69;Regular;19;28.96;25.00;50.00;Bueno;121.67;Regular;Bueno;Regular
2026-07-26;18:00;66;53.79;57.00;43.85;Bueno;119.69;Regular;18;28.54;25.00;50.00;Bueno;121.67;Regular;Bueno;Regular
2026-07-26;19:00;93;55.21;57.00;43.85;Bueno;119.69;Regular;24;28.17;25.00;50.00;Bueno;121.67;Regular;Bueno;Regular
2026-07-26;20:00;91;56.46;57.00;43.85;Bueno;119.69;Regular;26;27.71;25.00;50.00;Bueno;121.67;Regular;Bueno;Regular
2026-07-26;21:00;84;57.42;57.00;43.85;Bueno;119.69;Regular;28;27.12;25.00;50.00;Bueno;121.67;Regular;Bueno;Regular
2026-07-26;22:00;70;57.08;57.00;43.85;Bueno;119.69;Regular;23;25.79;25.00;50.00;Bueno;121.67;Regular;Bueno;Regular
2026-07-26;23:00;71;57.00;57.00;43.85;Bueno;119.69;Regular;27;25.00;25.00;50.00;Bueno;121.67;Regular;Bueno;Regular
2026-07-27;00:00;62;56.96;39.79;30.61;Bueno;88.43;Bueno;30;24.75;10.83;21.67;Bueno;72.22;Bueno;Bueno;Bueno
2026-07-27;01:00;65;56.96;39.79;30.61;Bueno;88.43;Bueno;28;24.04;10.83;21.67;Bueno;72.22;Bueno;Bueno;Bueno
2026-07-27;02:00;61;57.33;39.79;30.61;Bueno;88.43;Bueno;31;24.08;10.83;21.67;Bueno;72.22;Bueno;Bueno;Bueno
2026-07-27;03:00;62;58.25;39.79;30.61;Bueno;88.43;Bueno;25;23.96;10.83;21.67;Bueno;72.22;Bueno;Bueno;Bueno
2026-07-27;04:00;49;58.62;39.79;30.61;Bueno;88.43;Bueno;18;23.79;10.83;21.67;Bueno;72.22;Bueno;Bueno;Bueno
2026-07-27;05:00;33;58.33;39.79;30.61;Bueno;88.43;Bueno;12;23.58;10.83;21.67;Bueno;72.22;Bueno;Bueno;Bueno
2026-07-27;06:00;36;58.29;39.79;30.61;Bueno;88.43;Bueno;10;23.08;10.83;21.67;Bueno;72.22;Bueno;Bueno;Bueno
2026-07-27;07:00;40;58.42;39.79;30.61;Bueno;88.43;Bueno;8;22.54;10.83;21.67;Bueno;72.22;Bueno;Bueno;Bueno
2026-07-27;08:00;56;59.17;39.79;30.61;Bueno;88.43;Bueno;17;22.54;10.83;21.67;Bueno;72.22;Bueno;Bueno;Bueno
2026-07-27;09:00;37;58.83;39.79;30.61;Bueno;88.43;Bueno;8;21.83;10.83;21.67;Bueno;72.22;Bueno;Bueno;Bueno
2026-07-27;10:00;65;59.58;39.79;30.61;Bueno;88.43;Bueno;13;21.04;10.83;21.67;Bueno;72.22;Bueno;Bueno;Bueno
2026-07-27;11:00;49;59.54;39.79;30.61;Bueno;88.43;Bueno;11;20.08;10.83;21.67;Bueno;72.22;Bueno;Bueno;Bueno
2026-07-27;12:00;34;59.04;39.79;30.61;Bueno;88.43;Bueno;12;19.79;10.83;21.67;Bueno;72.22;Bueno;Bueno;Bueno
2026-07-27;13:00;38;58.54;39.79;30.61;Bueno;88.43;Bueno;8;19.21;10.83;21.67;Bueno;72.22;Bueno;Bueno;Bueno
2026-07-27;14:00;33;57.33;39.79;30.61;Bueno;88.43;Bueno;4;18.50;10.83;21.67;Bueno;72.22;Bueno;Bueno;Bueno
2026-07-27;15:00;40;56.54;39.79;30.61;Bueno;88.43;Bueno;4;17.83;10.83;21.67;Bueno;72.22;Bueno;Bueno;Bueno
2026-07-27;16:00;33;55.42;39.79;30.61;Bueno;88.43;Bueno;7;17.12;10.83;21.67;Bueno;72.22;Bueno;Bueno;Bueno
2026-07-27;17:00;27;53.96;39.79;30.61;Bueno;88.43;Bueno;5;16.54;10.83;21.67;Bueno;72.22;Bueno;Bueno;Bueno
2026-07-27;18:00;24;52.21;39.79;30.61;Bueno;88.43;Bueno;2;15.88;10.83;21.67;Bueno;72.22;Bueno;Bueno;Bueno
2026-07-27;19:00;27;49.46;39.79;30.61;Bueno;88.43;Bueno;2;14.96;10.83;21.67;Bueno;72.22;Bueno;Bueno;Bueno
2026-07-27;20:00;22;46.58;39.79;30.61;Bueno;88.43;Bueno;2;13.96;10.83;21.67;Bueno;72.22;Bueno;Bueno;Bueno
2026-07-27;21:00;20;43.92;39.79;30.61;Bueno;88.43;Bueno;1;12.83;10.83;21.67;Bueno;72.22;Bueno;Bueno;Bueno
2026-07-27;22:00;21;41.88;39.79;30.61;Bueno;88.43;Bueno;1;11.92;10.83;21.67;Bueno;72.22;Bueno;Bueno;Bueno
2026-07-27;23:00;21;39.79;39.79;30.61;Bueno;88.43;Bueno;1;10.83;10.83;21.67;Bueno;72.22;Bueno;Bueno;Bueno
