FECHA (YYMMDD);HORA (HHMM);Registros validados;Registros preliminares;Registros no validados;
250727;0100;62;;;
250727;0200;12;;;
250727;0300;10;;;
250727;0400;6;;;
250727;0500;5;;;
250727;0600;18;;;
250727;0700;42;;;
250727;0800;95;;;
250727;0900;46;;;
250727;1000;137;;;
250727;1100;62;;;
250727;1200;71;;;
250727;1300;45;;;
250727;1400;45;;;
250727;1500;45;;;
250727;1600;52;;;
250727;1700;107;;;
250727;1800;120;;;
250727;1900;100;;;
250727;2000;116;;;
250727;2100;165;;;
250727;2200;132;;;
250727;2300;149;;;
250728;0000;119;;;
250728;0100;87;;;
250728;0200;84;;;
250728;0300;75;;;
250728;0400;103;;;
250728;0500;104;;;
250728;0600;145;;;
250728;0700;105;;;
250728;0800;101;;;
250728;0900;139;;;
250728;1000;152;;;
250728;1100;107;;;
250728;1200;99;;;
250728;1300;148;;;
250728;1400;107;;;
250728;1500;145;;;
250728;1600;114;;;
250728;1700;173;;;
250728;1800;176;;;
250728;1900;175;;;
250728;2000;218;;;
250728;2100;210;;;
250728;2200;267;;;
250728;2300;241;;;
250729;0000;162;;;
250729;0100;273;;;
250729;0200;188;;;
250729;0300;120;;;
250729;0400;151;;;
250729;0500;126;;;
250729;0600;256;;;
250729;0700;217;;;
250729;0800;157;;;
250729;0900;111;;;
250729;1000;260;;;
250729;1100;196;;;
250729;1200;110;;;
250729;1300;206;;;
250729;1400;263;;;
250729;1500;218;;;
250729;1600;256;;;
250729;1700;285;;;
250729;1800;177;;;
250729;1900;266;;;
250729;2000;205;;;
250729;2100;250;;;
250729;2200;135;;;
250729;2300;86;;;
250730;0000;69;;;
250730;0100;72;;;
250730;0200;93;;;
250730;0300;117;;;
250730;0400;50;;;
250730;0500;109;;;
250730;0600;186;;;
250730;0700;175;;;
250730;0800;232;;;
250730;0900;314;;;
250730;1000;198;;;
250730;1100;210;;;
250730;1200;141;;;
250730;1300;96;;;
250730;1400;69;;;
250730;1500;;;;
250730;1600;49;;;
250730;1700;140;;;
250730;1800;78;;;
250730;1900;103;;;
250730;2000;140;;;
250730;2100;108;;;
250730;2200;48;;;
250730;2300;42;;;
250731;0000;29;;;
250731;0100;22;;;
250731;0200;15;;;
250731;0300;12;;;
250731;0400;19;;;
250731;0500;33;;;
250731;0600;92;;;
250731;0700;148;;;
250731;0800;104;;;
250731;0900;64;;;
250731;1000;57;;;
250731;1100;74;;;
250731;1200;187;;;
250731;1300;124;;;
250731;1400;94;;;
250731;1500;87;;;
250731;1600;67;;;
250731;1700;116;;;
250731;1800;94;;;
250731;1900;132;;;
250731;2000;93;;;
250731;2100;111;;;
250731;2200;70;;;
250731;2300;74;;;
250801;0000;61;;;
250801;0100;28;;;
250801;0200;17;;;
250801;0300;21;;;
250801;0400;19;;;
250801;0500;17;;;
250801;0600;68;;;
250801;0700;73;;;
250801;0800;94;;;
250801;0900;94;;;
250801;1000;76;;;
250801;1100;62;;;
250801;1200;80;;;
250801;1300;94;;;
250801;1400;135;;;
250801;1500;135;;;
250801;1600;115;;;
250801;1700;110;;;
250801;1800;288;;;
250801;1900;206;;;
250801;2000;244;;;
250801;2100;71;;;
250801;2200;55;;;
250801;2300;54;;;
250802;0000;37;;;
250802;0100;52;;;
250802;0200;47;;;
250802;0300;20;;;
250802;0400;24;;;
250802;0500;6;;;
250802;0600;11;;;
250802;0700;9;;;
250802;0800;29;;;
250802;0900;45;;;
250802;1000;35;;;
250802;1100;33;;;
250802;1200;31;;;
250802;1300;27;;;
250802;1400;36;;;
250802;1500;31;;;
250802;1600;39;;;
250802;1700;68;;;
250802;1800;55;;;
250802;1900;78;;;
250802;2000;91;;;
250802;2100;73;;;
250802;2200;197;;;
250802;2300;120;;;
250803;0000;30;;;
250803;0100;11;;;
250803;0200;12;;;
250803;0300;11;;;
250803;0400;38;;;
250803;0500;15;;;
250803;0600;21;;;
250803;0700;30;;;
250803;0800;58;;;
250803;0900;49;;;
250803;1000;12;;;
250803;1100;13;;;
250803;1200;21;;;
250803;1300;24;;;
250803;1400;35;;;
250803;1500;53;;;
250803;1600;44;;;
250803;1700;127;;;
250803;1800;202;;;
250803;1900;308;;;
250803;2000;103;;;
250803;2100;169;;;
250803;2200;199;;;
250803;2300;93;;;
250804;0000;177;;;
250804;0100;160;;;
250804;0200;98;;;
250804;0300;85;;;
250804;0400;50;;;
250804;0500;177;;;
250804;0600;245;;;
250804;0700;408;;;
250804;0800;332;;;
250804;0900;449;;;
250804;1000;234;;;
250804;1100;41;;;
250804;1200;32;;;
250804;1300;29;;;
250804;1400;29;;;
250804;1500;44;;;
250804;1600;29;;;
250804;1700;71;;;
250804;1800;64;;;
250804;1900;61;;;
250804;2000;140;;;
250804;2100;114;;;
250804;2200;97;;;
250804;2300;82;;;
250805;0000;50;;;
250805;0100;73;;;
250805;0200;38;;;
250805;0300;37;;;
250805;0400;18;;;
250805;0500;33;;;
250805;0600;161;;;
250805;0700;110;;;
250805;0800;65;;;
250805;0900;39;;;
250805;1000;42;;;
250805;1100;33;;;
250805;1200;26;;;
250805;1300;14;;;
250805;1400;15;;;
250805;1500;20;;;
250805;1600;20;;;
250805;1700;33;;;
250805;1800;76;;;
250805;1900;75;;;
250805;2000;40;;;
250805;2100;36;;;
250805;2200;66;;;
250805;2300;117;;;
250806;0000;19;;;
250806;0100;31;;;
250806;0200;10;;;
250806;0300;9;;;
250806;0400;4;;;
250806;0500;10;;;
250806;0600;45;;;
250806;0700;35;;;
250806;0800;34;;;
250806;0900;61;;;
250806;1000;15;;;
250806;1100;12;;;
250806;1200;12;;;
250806;1300;10;;;
250806;1400;8;;;
250806;1500;9;;;
250806;1600;17;;;
250806;1700;52;;;
250806;1800;77;;;
250806;1900;59;;;
250806;2000;37;;;
250806;2100;40;;;
250806;2200;41;;;
250806;2300;17;;;
250807;0000;15;;;
250807;0100;6;;;
250807;0200;6;;;
250807;0300;4;;;
250807;0400;4;;;
250807;0500;8;;;
250807;0600;12;;;
250807;0700;54;;;
250807;0800;37;;;
250807;0900;13;;;
250807;1000;8;;;
250807;1100;17;;;
250807;1200;24;;;
250807;1300;19;;;
250807;1400;19;;;
250807;1500;16;;;
250807;1600;22;;;
250807;1700;36;;;
250807;1800;53;;;
250807;1900;113;;;
250807;2000;258;;;
250807;2100;303;;;
250807;2200;319;;;
250807;2300;137;;;
250808;0000;126;;;
250808;0100;108;;;
250808;0200;103;;;
250808;0300;77;;;
250808;0400;122;;;
250808;0500;64;;;
250808;0600;117;;;
250808;0700;59;;;
250808;0800;95;;;
250808;0900;65;;;
250808;1000;88;;;
250808;1100;88;;;
250808;1200;79;;;
250808;1300;56;;;
250808;1400;83;;;
250808;1500;94;;;
250808;1600;79;;;
250808;1700;120;;;
250808;1800;529;;;
250808;1900;772;;;
250808;2000;706;;;
250808;2100;655;;;
250808;2200;509;;;
250808;2300;618;;;
250809;0000;329;;;
250809;0100;140;;;
250809;0200;176;;;
250809;0300;125;;;
250809;0400;60;;;
250809;0500;204;;;
250809;0600;184;;;
250809;0700;220;;;
250809;0800;278;;;
250809;0900;297;;;
250809;1000;334;;;
250809;1100;220;;;
250809;1200;160;;;
250809;1300;179;;;
250809;1400;210;;;
250809;1500;50;;;
250809;1600;57;;;
250809;1700;98;;;
250809;1800;77;;;
250809;1900;48;;;
250809;2000;35;;;
250809;2100;57;;;
250809;2200;61;;;
250809;2300;61;;;
250810;0000;209;;;
250810;0100;89;;;
250810;0200;49;;;
250810;0300;63;;;
250810;0400;54;;;
250810;0500;57;;;
250810;0600;104;;;
250810;0700;113;;;
250810;0800;110;;;
250810;0900;106;;;
250810;1000;106;;;
250810;1100;92;;;
250810;1200;80;;;
250810;1300;71;;;
250810;1400;43;;;
250810;1500;40;;;
250810;1600;57;;;
250810;1700;63;;;
250810;1800;98;;;
250810;1900;106;;;
250810;2000;250;;;
250810;2100;122;;;
250810;2200;26;;;
250810;2300;85;;;
250811;0000;47;;;
250811;0100;29;;;
250811;0200;12;;;
250811;0300;11;;;
250811;0400;10;;;
250811;0500;49;;;
250811;0600;34;;;
250811;0700;120;;;
250811;0800;140;;;
250811;0900;91;;;
250811;1000;71;;;
250811;1100;68;;;
250811;1200;57;;;
250811;1300;100;;;
250811;1400;169;;;
250811;1500;134;;;
250811;1600;124;;;
250811;1700;126;;;
250811;1800;67;;;
250811;1900;44;;;
250811;2000;32;;;
250811;2100;79;;;
250811;2200;33;;;
250811;2300;12;;;
250812;0000;13;;;
250812;0100;19;;;
250812;0200;15;;;
250812;0300;5;;;
250812;0400;4;;;
250812;0500;15;;;
250812;0600;29;;;
250812;0700;62;;;
250812;0800;102;;;
250812;0900;73;;;
250812;1000;37;;;
250812;1100;21;;;
250812;1200;11;;;
250812;1300;13;;;
250812;1400;24;;;
250812;1500;11;;;
250812;1600;50;;;
250812;1700;94;;;
250812;1800;193;;;
250812;1900;320;;;
250812;2000;401;;;
250812;2100;308;;;
250812;2200;189;;;
250812;2300;327;;;
250813;0000;114;;;
250813;0100;54;;;
250813;0200;5;;;
250813;0300;19;;;
250813;0400;16;;;
250813;0500;17;;;
250813;0600;17;;;
250813;0700;78;;;
250813;0800;56;;;
250813;0900;38;;;
250813;1000;52;;;
250813;1100;30;;;
250813;1200;62;;;
250813;1300;52;;;
250813;1400;36;;;
250813;1500;22;;;
250813;1600;29;;;
250813;1700;76;;;
250813;1800;298;;;
250813;1900;541;;;
250813;2000;691;;;
250813;2100;837;;;
250813;2200;676;;;
250813;2300;317;;;
250814;0000;305;;;
250814;0100;313;;;
250814;0200;155;;;
250814;0300;116;;;
250814;0400;87;;;
250814;0500;123;;;
250814;0600;328;;;
250814;0700;433;;;
250814;0800;539;;;
250814;0900;303;;;
250814;1000;79;;;
250814;1100;50;;;
250814;1200;21;;;
250814;1300;14;;;
250814;1400;8;;;
250814;1500;11;;;
250814;1600;20;;;
250814;1700;12;;;
250814;1800;42;;;
250814;1900;17;;;
250814;2000;29;;;
250814;2100;25;;;
250814;2200;26;;;
250814;2300;66;;;
250815;0000;173;;;
250815;0100;128;;;
250815;0200;95;;;
250815;0300;54;;;
250815;0400;85;;;
250815;0500;52;;;
250815;0600;75;;;
250815;0700;94;;;
250815;0800;133;;;
250815;0900;42;;;
250815;1000;71;;;
250815;1100;37;;;
250815;1200;21;;;
250815;1300;18;;;
250815;1400;14;;;
250815;1500;17;;;
250815;1600;35;;;
250815;1700;53;;;
250815;1800;169;;;
250815;1900;89;;;
250815;2000;327;;;
250815;2100;185;;;
250815;2200;89;;;
250815;2300;187;;;
250816;0000;111;;;
250816;0100;29;;;
250816;0200;40;;;
250816;0300;44;;;
250816;0400;65;;;
250816;0500;91;;;
250816;0600;119;;;
250816;0700;176;;;
250816;0800;241;;;
250816;0900;59;;;
250816;1000;45;;;
250816;1100;21;;;
250816;1200;23;;;
250816;1300;19;;;
250816;1400;23;;;
250816;1500;30;;;
250816;1600;29;;;
250816;1700;40;;;
250816;1800;61;;;
250816;1900;297;;;
250816;2000;183;;;
250816;2100;145;;;
250816;2200;73;;;
250816;2300;202;;;
250817;0000;90;;;
250817;0100;38;;;
250817;0200;55;;;
250817;0300;41;;;
250817;0400;48;;;
250817;0500;72;;;
250817;0600;91;;;
250817;0700;90;;;
250817;0800;126;;;
250817;0900;88;;;
250817;1000;70;;;
250817;1100;136;;;
250817;1200;74;;;
250817;1300;55;;;
250817;1400;60;;;
250817;1500;27;;;
250817;1600;32;;;
250817;1700;60;;;
250817;1800;95;;;
250817;1900;183;;;
250817;2000;189;;;
250817;2100;276;;;
250817;2200;409;;;
250817;2300;185;;;
250818;0000;87;;;
250818;0100;34;;;
250818;0200;32;;;
250818;0300;53;;;
250818;0400;46;;;
250818;0500;58;;;
250818;0600;98;;;
250818;0700;412;;;
250818;0800;195;;;
250818;0900;25;;;
250818;1000;30;;;
250818;1100;21;;;
250818;1200;10;;;
250818;1300;10;;;
250818;1400;9;;;
250818;1500;10;;;
250818;1600;17;;;
250818;1700;34;;;
250818;1800;70;;;
250818;1900;121;;;
250818;2000;38;;;
250818;2100;96;;;
250818;2200;82;;;
250818;2300;30;;;
250819;0000;15;;;
250819;0100;46;;;
250819;0200;2;;;
250819;0300;2;;;
250819;0400;1;;;
250819;0500;10;;;
250819;0600;28;;;
250819;0700;30;;;
250819;0800;48;;;
250819;0900;34;;;
250819;1000;49;;;
250819;1100;33;;;
250819;1200;29;;;
250819;1300;18;;;
250819;1400;10;;;
250819;1500;30;;;
250819;1600;25;;;
250819;1700;32;;;
250819;1800;58;;;
250819;1900;40;;;
250819;2000;44;;;
250819;2100;66;;;
250819;2200;57;;;
250819;2300;58;;;
250820;0000;23;;;
250820;0100;16;;;
250820;0200;15;;;
250820;0300;14;;;
250820;0400;11;;;
250820;0500;32;;;
250820;0600;90;;;
250820;0700;47;;;
250820;0800;56;;;
250820;0900;19;;;
250820;1000;16;;;
250820;1100;8;;;
250820;1200;9;;;
250820;1300;8;;;
250820;1400;8;;;
250820;1500;9;;;
250820;1600;14;;;
250820;1700;32;;;
250820;1800;51;;;
250820;1900;36;;;
250820;2000;20;;;
250820;2100;21;;;
250820;2200;18;;;
250820;2300;18;;;
250821;0000;19;;;
250821;0100;8;;;
250821;0200;5;;;
250821;0300;9;;;
250821;0400;10;;;
250821;0500;14;;;
250821;0600;37;;;
250821;0700;36;;;
250821;0800;52;;;
250821;0900;50;;;
250821;1000;61;;;
250821;1100;18;;;
250821;1200;22;;;
250821;1300;17;;;
250821;1400;23;;;
250821;1500;43;;;
250821;1600;34;;;
250821;1700;34;;;
250821;1800;51;;;
250821;1900;61;;;
250821;2000;50;;;
250821;2100;48;;;
250821;2200;28;;;
250821;2300;14;;;
250822;0000;47;;;
250822;0100;35;;;
250822;0200;12;;;
250822;0300;7;;;
250822;0400;7;;;
250822;0500;36;;;
250822;0600;93;;;
250822;0700;36;;;
250822;0800;24;;;
250822;0900;35;;;
250822;1000;17;;;
250822;1100;14;;;
250822;1200;11;;;
250822;1300;10;;;
250822;1400;15;;;
250822;1500;25;;;
250822;1600;22;;;
250822;1700;23;;;
250822;1800;34;;;
250822;1900;27;;;
250822;2000;58;;;
250822;2100;34;;;
250822;2200;15;;;
250822;2300;27;;;
250823;0000;20;;;
250823;0100;11;;;
250823;0200;9;;;
250823;0300;4;;;
250823;0400;1;;;
250823;0500;3;;;
250823;0600;5;;;
250823;0700;10;;;
250823;0800;26;;;
250823;0900;8;;;
250823;1000;15;;;
250823;1100;16;;;
250823;1200;14;;;
250823;1300;9;;;
250823;1400;7;;;
250823;1500;12;;;
250823;1600;18;;;
250823;1700;37;;;
250823;1800;33;;;
250823;1900;43;;;
250823;2000;61;;;
250823;2100;54;;;
250823;2200;34;;;
250823;2300;18;;;
250824;0000;11;;;
250824;0100;8;;;
250824;0200;4;;;
250824;0300;3;;;
250824;0400;4;;;
250824;0500;2;;;
250824;0600;1;;;
250824;0700;4;;;
250824;0800;16;;;
250824;0900;16;;;
250824;1000;16;;;
250824;1100;32;;;
250824;1200;20;;;
250824;1300;12;;;
250824;1400;16;;;
250824;1500;19;;;
250824;1600;15;;;
250824;1700;32;;;
250824;1800;33;;;
250824;1900;52;;;
250824;2000;80;;;
250824;2100;59;;;
250824;2200;51;;;
250824;2300;13;;;
250825;0000;9;;;
250825;0100;7;;;
250825;0200;4;;;
250825;0300;5;;;
250825;0400;5;;;
250825;0500;9;;;
250825;0600;13;;;
250825;0700;20;;;
250825;0800;37;;;
250825;0900;54;;;
250825;1000;46;;;
250825;1100;38;;;
250825;1200;26;;;
250825;1300;36;;;
250825;1400;29;;;
250825;1500;24;;;
250825;1600;26;;;
250825;1700;21;;;
250825;1800;22;;;
250825;1900;24;;;
250825;2000;32;;;
250825;2100;18;;;
250825;2200;24;;;
250825;2300;18;;;
250826;0000;8;;;
250826;0100;12;;;
250826;0200;7;;;
250826;0300;3;;;
250826;0400;5;;;
250826;0500;12;;;
250826;0600;36;;;
250826;0700;47;;;
250826;0800;29;;;
250826;0900;46;;;
250826;1000;14;;;
250826;1100;20;;;
250826;1200;12;;;
250826;1300;9;;;
250826;1400;8;;;
250826;1500;17;;;
250826;1600;19;;;
250826;1700;34;;;
250826;1800;35;;;
250826;1900;31;;;
250826;2000;27;;;
250826;2100;15;;;
250826;2200;24;;;
250826;2300;10;;;
250827;0000;8;;;
250827;0100;5;;;
250827;0200;2;;;
250827;0300;1;;;
250827;0400;3;;;
250827;0500;6;;;
250827;0600;15;;;
250827;0700;26;;;
250827;0800;;;;
250827;0900;;;;
250827;1000;19;;;
250827;1100;10;;;
250827;1200;12;;;
250827;1300;10;;;
250827;1400;9;;;
250827;1500;16;;;
250827;1600;33;;;
250827;1700;67;;;
250827;1800;105;;;
250827;1900;138;;;
250827;2000;340;;;
250827;2100;236;;;
250827;2200;124;;;
250827;2300;164;;;
250828;0000;162;;;
250828;0100;149;;;
250828;0200;120;;;
250828;0300;73;;;
250828;0400;52;;;
250828;0500;96;;;
250828;0600;98;;;
250828;0700;213;;;
250828;0800;95;;;
250828;0900;143;;;
250828;1000;86;;;
250828;1100;50;;;
250828;1200;32;;;
250828;1300;13;;;
250828;1400;43;;;
250828;1500;39;;;
250828;1600;44;;;
250828;1700;55;;;
250828;1800;85;;;
250828;1900;284;;;
250828;2000;224;;;
250828;2100;167;;;
250828;2200;126;;;
250828;2300;19;;;
250829;0000;50;;;
250829;0100;14;;;
250829;0200;9;;;
250829;0300;8;;;
250829;0400;13;;;
250829;0500;14;;;
250829;0600;80;;;
250829;0700;56;;;
250829;0800;26;;;
250829;0900;22;;;
250829;1000;24;;;
250829;1100;18;;;
250829;1200;12;;;
250829;1300;15;;;
250829;1400;13;;;
250829;1500;14;;;
250829;1600;39;;;
250829;1700;25;;;
250829;1800;105;;;
250829;1900;155;;;
250829;2000;111;;;
250829;2100;29;;;
250829;2200;17;;;
250829;2300;87;;;
250830;0000;71;;;
250830;0100;80;;;
250830;0200;68;;;
250830;0300;45;;;
250830;0400;68;;;
250830;0500;74;;;
250830;0600;101;;;
250830;0700;242;;;
250830;0800;107;;;
250830;0900;47;;;
250830;1000;34;;;
250830;1100;24;;;
250830;1200;15;;;
250830;1300;10;;;
250830;1400;12;;;
250830;1500;18;;;
250830;1600;23;;;
250830;1700;35;;;
250830;1800;;;;
250830;1900;137;;;
250830;2000;112;;;
250830;2100;46;;;
250830;2200;184;;;
250830;2300;40;;;
250831;0000;43;;;
250831;0100;21;;;
250831;0200;21;;;
250831;0300;64;;;
250831;0400;13;;;
250831;0500;41;;;
250831;0600;60;;;
250831;0700;68;;;
250831;0800;57;;;
250831;0900;24;;;
250831;1000;18;;;
250831;1100;28;;;
250831;1200;31;;;
250831;1300;32;;;
250831;1400;54;;;
250831;1500;33;;;
250831;1600;32;;;
250831;1700;53;;;
250831;1800;72;;;
250831;1900;76;;;
250831;2000;42;;;
250831;2100;84;;;
250831;2200;27;;;
250831;2300;17;;;
250901;0000;9;;;
250901;0100;11;;;
250901;0200;6;;;
250901;0300;4;;;
250901;0400;4;;;
250901;0500;7;;;
250901;0600;114;;;
250901;0700;34;;;
250901;0800;15;;;
250901;0900;13;;;
250901;1000;8;;;
250901;1100;13;;;
250901;1200;11;;;
250901;1300;13;;;
250901;1400;15;;;
250901;1500;10;;;
250901;1600;15;;;
250901;1700;29;;;
250901;1800;32;;;
250901;1900;30;;;
250901;2000;40;;;
250901;2100;31;;;
250901;2200;51;;;
250901;2300;28;;;
250902;0000;15;;;
250902;0100;7;;;
250902;0200;10;;;
250902;0300;6;;;
250902;0400;3;;;
250902;0500;6;;;
250902;0600;7;;;
250902;0700;24;;;
250902;0800;20;;;
250902;0900;9;;;
250902;1000;8;;;
250902;1100;8;;;
250902;1200;13;;;
250902;1300;8;;;
250902;1400;8;;;
250902;1500;16;;;
250902;1600;10;;;
250902;1700;18;;;
250902;1800;22;;;
250902;1900;33;;;
250902;2000;27;;;
250902;2100;36;;;
250902;2200;27;;;
250902;2300;15;;;
250903;0000;13;;;
250903;0100;8;;;
250903;0200;5;;;
250903;0300;3;;;
250903;0400;15;;;
250903;0500;19;;;
250903;0600;100;;;
250903;0700;81;;;
250903;0800;38;;;
250903;0900;17;;;
250903;1000;10;;;
250903;1100;15;;;
250903;1200;7;;;
250903;1300;13;;;
250903;1400;12;;;
250903;1500;18;;;
250903;1600;16;;;
250903;1700;18;;;
250903;1800;60;;;
250903;1900;36;;;
250903;2000;236;;;
250903;2100;86;;;
250903;2200;83;;;
250903;2300;44;;;
250904;0000;27;;;
250904;0100;14;;;
250904;0200;10;;;
250904;0300;6;;;
250904;0400;5;;;
250904;0500;13;;;
250904;0600;23;;;
250904;0700;37;;;
250904;0800;18;;;
250904;0900;14;;;
250904;1000;8;;;
250904;1100;7;;;
250904;1200;8;;;
250904;1300;8;;;
250904;1400;12;;;
250904;1500;10;;;
250904;1600;11;;;
250904;1700;20;;;
250904;1800;32;;;
250904;1900;40;;;
250904;2000;106;;;
250904;2100;145;;;
250904;2200;111;;;
250904;2300;68;;;
250905;0000;100;;;
250905;0100;72;;;
250905;0200;38;;;
250905;0300;27;;;
250905;0400;50;;;
250905;0500;46;;;
250905;0600;116;;;
250905;0700;88;;;
250905;0800;186;;;
250905;0900;39;;;
250905;1000;41;;;
250905;1100;44;;;
250905;1200;25;;;
250905;1300;21;;;
250905;1400;17;;;
250905;1500;22;;;
250905;1600;18;;;
250905;1700;28;;;
250905;1800;44;;;
250905;1900;58;;;
250905;2000;153;;;
250905;2100;274;;;
250905;2200;55;;;
250905;2300;99;;;
250906;0000;216;;;
250906;0100;194;;;
250906;0200;85;;;
250906;0300;136;;;
250906;0400;117;;;
250906;0500;99;;;
250906;0600;84;;;
250906;0700;221;;;
250906;0800;132;;;
250906;0900;122;;;
250906;1000;67;;;
250906;1100;42;;;
250906;1200;24;;;
250906;1300;16;;;
250906;1400;11;;;
250906;1500;12;;;
250906;1600;13;;;
250906;1700;22;;;
250906;1800;41;;;
250906;1900;216;;;
250906;2000;232;;;
250906;2100;191;;;
250906;2200;207;;;
250906;2300;301;;;
250907;0000;115;;;
250907;0100;91;;;
250907;0200;122;;;
250907;0300;52;;;
250907;0400;75;;;
250907;0500;69;;;
250907;0600;75;;;
250907;0700;91;;;
250907;0800;56;;;
250907;0900;15;;;
250907;1000;5;;;
250907;1100;10;;;
250907;1200;15;;;
250907;1300;8;;;
250907;1400;7;;;
250907;1500;20;;;
250907;1600;9;;;
250907;1700;16;;;
250907;1800;19;;;
250907;1900;23;;;
250907;2000;35;;;
250907;2100;67;;;
250907;2200;35;;;
250907;2300;18;;;
250908;0000;10;;;
250908;0100;27;;;
250908;0200;6;;;
250908;0300;5;;;
250908;0400;3;;;
250908;0500;4;;;
250908;0600;45;;;
250908;0700;78;;;
250908;0800;149;;;
250908;0900;22;;;
250908;1000;10;;;
250908;1100;10;;;
250908;1200;12;;;
250908;1300;9;;;
250908;1400;12;;;
250908;1500;9;;;
250908;1600;19;;;
250908;1700;60;;;
250908;1800;55;;;
250908;1900;48;;;
250908;2000;44;;;
250908;2100;50;;;
250908;2200;66;;;
250908;2300;76;;;
250909;0000;23;;;
250909;0100;47;;;
250909;0200;25;;;
250909;0300;29;;;
250909;0400;36;;;
250909;0500;29;;;
250909;0600;31;;;
250909;0700;56;;;
250909;0800;45;;;
250909;0900;57;;;
250909;1000;14;;;
250909;1100;25;;;
250909;1200;10;;;
250909;1300;16;;;
250909;1400;16;;;
250909;1500;15;;;
250909;1600;29;;;
250909;1700;53;;;
250909;1800;69;;;
250909;1900;99;;;
250909;2000;128;;;
250909;2100;50;;;
250909;2200;35;;;
250909;2300;27;;;
250910;0000;33;;;
250910;0100;5;;;
250910;0200;17;;;
250910;0300;5;;;
250910;0400;4;;;
250910;0500;7;;;
250910;0600;21;;;
250910;0700;18;;;
250910;0800;30;;;
250910;0900;13;;;
250910;1000;8;;;
250910;1100;7;;;
250910;1200;9;;;
250910;1300;10;;;
250910;1400;10;;;
250910;1500;8;;;
250910;1600;13;;;
250910;1700;20;;;
250910;1800;25;;;
250910;1900;32;;;
250910;2000;33;;;
250910;2100;19;;;
250910;2200;12;;;
250910;2300;16;;;
250911;0000;4;;;
250911;0100;8;;;
250911;0200;5;;;
250911;0300;4;;;
250911;0400;4;;;
250911;0500;16;;;
250911;0600;33;;;
250911;0700;64;;;
250911;0800;133;;;
250911;0900;25;;;
250911;1000;24;;;
250911;1100;14;;;
250911;1200;9;;;
250911;1300;9;;;
250911;1400;7;;;
250911;1500;6;;;
250911;1600;11;;;
250911;1700;25;;;
250911;1800;41;;;
250911;1900;181;;;
250911;2000;89;;;
250911;2100;104;;;
250911;2200;155;;;
250911;2300;69;;;
250912;0000;32;;;
250912;0100;38;;;
250912;0200;14;;;
250912;0300;28;;;
250912;0400;31;;;
250912;0500;58;;;
250912;0600;143;;;
250912;0700;114;;;
250912;0800;169;;;
250912;0900;123;;;
250912;1000;70;;;
250912;1100;47;;;
250912;1200;38;;;
250912;1300;22;;;
250912;1400;23;;;
250912;1500;38;;;
250912;1600;39;;;
250912;1700;47;;;
250912;1800;33;;;
250912;1900;31;;;
250912;2000;30;;;
250912;2100;35;;;
250912;2200;21;;;
250912;2300;7;;;
250913;0000;8;;;
250913;0100;7;;;
250913;0200;6;;;
250913;0300;3;;;
250913;0400;1;;;
250913;0500;4;;;
250913;0600;13;;;
250913;0700;18;;;
250913;0800;23;;;
250913;0900;13;;;
250913;1000;26;;;
250913;1100;19;;;
250913;1200;10;;;
250913;1300;7;;;
250913;1400;12;;;
250913;1500;17;;;
250913;1600;14;;;
250913;1700;19;;;
250913;1800;29;;;
250913;1900;49;;;
250913;2000;39;;;
250913;2100;30;;;
250913;2200;15;;;
250913;2300;26;;;
250914;0000;32;;;
250914;0100;18;;;
250914;0200;4;;;
250914;0300;3;;;
250914;0400;2;;;
250914;0500;4;;;
250914;0600;4;;;
250914;0700;15;;;
250914;0800;7;;;
250914;0900;21;;;
250914;1000;27;;;
250914;1100;12;;;
250914;1200;22;;;
250914;1300;12;;;
250914;1400;12;;;
250914;1500;9;;;
250914;1600;10;;;
250914;1700;19;;;
250914;1800;34;;;
250914;1900;37;;;
250914;2000;33;;;
250914;2100;20;;;
250914;2200;16;;;
250914;2300;18;;;
250915;0000;22;;;
250915;0100;3;;;
250915;0200;2;;;
250915;0300;5;;;
250915;0400;4;;;
250915;0500;14;;;
250915;0600;36;;;
250915;0700;41;;;
250915;0800;82;;;
250915;0900;82;;;
250915;1000;86;;;
250915;1100;44;;;
250915;1200;58;;;
250915;1300;46;;;
250915;1400;30;;;
250915;1500;34;;;
250915;1600;25;;;
250915;1700;41;;;
250915;1800;40;;;
250915;1900;62;;;
250915;2000;109;;;
250915;2100;187;;;
250915;2200;53;;;
250915;2300;34;;;
250916;0000;17;;;
250916;0100;11;;;
250916;0200;6;;;
250916;0300;4;;;
250916;0400;2;;;
250916;0500;6;;;
250916;0600;14;;;
250916;0700;30;;;
250916;0800;8;;;
250916;0900;9;;;
250916;1000;18;;;
250916;1100;8;;;
250916;1200;7;;;
250916;1300;6;;;
250916;1400;6;;;
250916;1500;8;;;
250916;1600;10;;;
250916;1700;16;;;
250916;1800;48;;;
250916;1900;55;;;
250916;2000;149;;;
250916;2100;208;;;
250916;2200;140;;;
250916;2300;113;;;
250917;0000;61;;;
250917;0100;92;;;
250917;0200;64;;;
250917;0300;26;;;
250917;0400;24;;;
250917;0500;16;;;
250917;0600;24;;;
250917;0700;64;;;
250917;0800;83;;;
250917;0900;117;;;
250917;1000;55;;;
250917;1100;27;;;
250917;1200;45;;;
250917;1300;52;;;
250917;1400;44;;;
250917;1500;47;;;
250917;1600;54;;;
250917;1700;69;;;
250917;1800;54;;;
250917;1900;49;;;
250917;2000;69;;;
250917;2100;46;;;
250917;2200;28;;;
250917;2300;21;;;
250918;0000;11;;;
250918;0100;7;;;
250918;0200;5;;;
250918;0300;28;;;
250918;0400;13;;;
250918;0500;15;;;
250918;0600;26;;;
250918;0700;26;;;
250918;0800;26;;;
250918;0900;48;;;
250918;1000;28;;;
250918;1100;19;;;
250918;1200;10;;;
250918;1300;17;;;
250918;1400;6;;;
250918;1500;15;;;
250918;1600;28;;;
250918;1700;22;;;
250918;1800;41;;;
250918;1900;39;;;
250918;2000;71;;;
250918;2100;56;;;
250918;2200;97;;;
250918;2300;41;;;
250919;0000;9;;;
250919;0100;7;;;
250919;0200;10;;;
250919;0300;25;;;
250919;0400;12;;;
250919;0500;8;;;
250919;0600;23;;;
250919;0700;32;;;
250919;0800;8;;;
250919;0900;9;;;
250919;1000;11;;;
250919;1100;8;;;
250919;1200;9;;;
250919;1300;6;;;
250919;1400;3;;;
250919;1500;5;;;
250919;1600;4;;;
250919;1700;8;;;
250919;1800;33;;;
250919;1900;79;;;
250919;2000;257;;;
250919;2100;353;;;
250919;2200;223;;;
250919;2300;67;;;
250920;0000;142;;;
250920;0100;113;;;
250920;0200;119;;;
250920;0300;63;;;
250920;0400;50;;;
250920;0500;31;;;
250920;0600;27;;;
250920;0700;55;;;
250920;0800;82;;;
250920;0900;49;;;
250920;1000;91;;;
250920;1100;105;;;
250920;1200;94;;;
250920;1300;49;;;
250920;1400;52;;;
250920;1500;44;;;
250920;1600;28;;;
250920;1700;51;;;
250920;1800;39;;;
250920;1900;29;;;
250920;2000;64;;;
250920;2100;37;;;
250920;2200;19;;;
250920;2300;13;;;
250921;0000;13;;;
250921;0100;17;;;
250921;0200;4;;;
250921;0300;8;;;
250921;0400;10;;;
250921;0500;19;;;
250921;0600;21;;;
250921;0700;31;;;
250921;0800;6;;;
250921;0900;7;;;
250921;1000;8;;;
250921;1100;10;;;
250921;1200;9;;;
250921;1300;6;;;
250921;1400;10;;;
250921;1500;8;;;
250921;1600;10;;;
250921;1700;6;;;
250921;1800;17;;;
250921;1900;19;;;
250921;2000;12;;;
250921;2100;11;;;
250921;2200;11;;;
250921;2300;5;;;
250922;0000;5;;;
250922;0100;5;;;
250922;0200;3;;;
250922;0300;3;;;
250922;0400;2;;;
250922;0500;5;;;
250922;0600;22;;;
250922;0700;29;;;
250922;0800;26;;;
250922;0900;10;;;
250922;1000;7;;;
250922;1100;3;;;
250922;1200;4;;;
250922;1300;4;;;
250922;1400;7;;;
250922;1500;8;;;
250922;1600;13;;;
250922;1700;16;;;
250922;1800;18;;;
250922;1900;45;;;
250922;2000;45;;;
250922;2100;31;;;
250922;2200;59;;;
250922;2300;45;;;
250923;0000;52;;;
250923;0100;43;;;
250923;0200;45;;;
250923;0300;23;;;
250923;0400;14;;;
250923;0500;28;;;
250923;0600;75;;;
250923;0700;91;;;
250923;0800;66;;;
250923;0900;30;;;
250923;1000;26;;;
250923;1100;17;;;
250923;1200;10;;;
250923;1300;11;;;
250923;1400;11;;;
250923;1500;7;;;
250923;1600;10;;;
250923;1700;18;;;
250923;1800;41;;;
250923;1900;172;;;
250923;2000;335;;;
250923;2100;217;;;
250923;2200;56;;;
250923;2300;116;;;
250924;0000;18;;;
250924;0100;26;;;
250924;0200;34;;;
250924;0300;40;;;
250924;0400;31;;;
250924;0500;37;;;
250924;0600;77;;;
250924;0700;126;;;
250924;0800;81;;;
250924;0900;83;;;
250924;1000;35;;;
250924;1100;24;;;
250924;1200;24;;;
250924;1300;24;;;
250924;1400;19;;;
250924;1500;16;;;
250924;1600;18;;;
250924;1700;31;;;
250924;1800;89;;;
250924;1900;225;;;
250924;2000;152;;;
250924;2100;149;;;
250924;2200;87;;;
250924;2300;121;;;
250925;0000;100;;;
250925;0100;66;;;
250925;0200;45;;;
250925;0300;56;;;
250925;0400;52;;;
250925;0500;104;;;
250925;0600;181;;;
250925;0700;74;;;
250925;0800;81;;;
250925;0900;42;;;
250925;1000;29;;;
250925;1100;17;;;
250925;1200;15;;;
250925;1300;16;;;
250925;1400;2;;;
250925;1500;4;;;
250925;1600;7;;;
250925;1700;11;;;
250925;1800;16;;;
250925;1900;108;;;
250925;2000;118;;;
250925;2100;117;;;
250925;2200;45;;;
250925;2300;25;;;
250926;0000;28;;;
250926;0100;29;;;
250926;0200;4;;;
250926;0300;6;;;
250926;0400;2;;;
250926;0500;4;;;
250926;0600;7;;;
250926;0700;6;;;
250926;0800;3;;;
250926;0900;17;;;
250926;1000;31;;;
250926;1100;15;;;
250926;1200;13;;;
250926;1300;8;;;
250926;1400;12;;;
250926;1500;10;;;
250926;1600;13;;;
250926;1700;15;;;
250926;1800;19;;;
250926;1900;26;;;
250926;2000;17;;;
250926;2100;14;;;
250926;2200;8;;;
250926;2300;6;;;
250927;0000;4;;;
250927;0100;7;;;
250927;0200;3;;;
250927;0300;1;;;
250927;0400;2;;;
250927;0500;11;;;
250927;0600;30;;;
250927;0700;47;;;
250927;0800;87;;;
250927;0900;54;;;
250927;1000;26;;;
250927;1100;28;;;
250927;1200;20;;;
250927;1300;12;;;
250927;1400;13;;;
250927;1500;23;;;
250927;1600;16;;;
250927;1700;22;;;
250927;1800;35;;;
250927;1900;59;;;
250927;2000;49;;;
250927;2100;22;;;
250927;2200;32;;;
250927;2300;9;;;
250928;0000;7;;;
250928;0100;6;;;
250928;0200;4;;;
250928;0300;2;;;
250928;0400;2;;;
250928;0500;3;;;
250928;0600;8;;;
250928;0700;15;;;
250928;0800;35;;;
250928;0900;43;;;
250928;1000;18;;;
250928;1100;17;;;
250928;1200;8;;;
250928;1300;13;;;
250928;1400;22;;;
250928;1500;46;;;
250928;1600;79;;;
250928;1700;73;;;
250928;1800;28;;;
250928;1900;13;;;
250928;2000;16;;;
250928;2100;23;;;
250928;2200;17;;;
250928;2300;19;;;
250929;0000;13;;;
250929;0100;7;;;
250929;0200;2;;;
250929;0300;3;;;
250929;0400;3;;;
250929;0500;3;;;
250929;0600;31;;;
250929;0700;15;;;
250929;0800;12;;;
250929;0900;9;;;
250929;1000;17;;;
250929;1100;5;;;
250929;1200;19;;;
250929;1300;20;;;
250929;1400;13;;;
250929;1500;19;;;
250929;1600;16;;;
250929;1700;15;;;
250929;1800;19;;;
250929;1900;35;;;
250929;2000;56;;;
250929;2100;74;;;
250929;2200;20;;;
250929;2300;23;;;
250930;0000;26;;;
250930;0100;19;;;
250930;0200;3;;;
250930;0300;4;;;
250930;0400;8;;;
250930;0500;14;;;
250930;0600;21;;;
250930;0700;16;;;
250930;0800;27;;;
250930;0900;31;;;
250930;1000;21;;;
250930;1100;9;;;
250930;1200;7;;;
250930;1300;8;;;
250930;1400;11;;;
250930;1500;20;;;
250930;1600;17;;;
250930;1700;25;;;
250930;1800;24;;;
250930;1900;40;;;
250930;2000;43;;;
250930;2100;43;;;
250930;2200;;;32;
250930;2300;;;;
251001;0000;;;;
251001;0100;;;;
251001;0200;;;;
251001;0300;;;;
251001;0400;;;;
251001;0500;9;;;
251001;0600;11;;;
251001;0700;9;;;
251001;0800;;;;
251001;0900;;;;
251001;1000;;;;
251001;1100;;;;
251001;1200;10;;;
251001;1300;6;;;
251001;1400;4;;;
251001;1500;6;;;
251001;1600;6;;;
251001;1700;5;;;
251001;1800;14;;;
251001;1900;30;;;
251001;2000;8;;;
251001;2100;9;;;
251001;2200;6;;;
251001;2300;4;;;
251002;0000;4;;;
251002;0100;3;;;
251002;0200;1;;;
251002;0300;1;;;
251002;0400;1;;;
251002;0500;1;;;
251002;0600;54;;;
251002;0700;29;;;
251002;0800;8;;;
251002;0900;10;;;
251002;1000;13;;;
251002;1100;8;;;
251002;1200;9;;;
251002;1300;12;;;
251002;1400;8;;;
251002;1500;14;;;
251002;1600;23;;;
251002;1700;37;;;
251002;1800;34;;;
251002;1900;37;;;
251002;2000;38;;;
251002;2100;48;;;
251002;2200;53;;;
251002;2300;22;;;
251003;0000;24;;;
251003;0100;15;;;
251003;0200;7;;;
251003;0300;7;;;
251003;0400;4;;;
251003;0500;3;;;
251003;0600;9;;;
251003;0700;45;;;
251003;0800;74;;;
251003;0900;85;;;
251003;1000;111;;;
251003;1100;136;;;
251003;1200;74;;;
251003;1300;237;;;
251003;1400;74;;;
251003;1500;24;;;
251003;1600;52;;;
251003;1700;72;;;
251003;1800;63;;;
251003;1900;37;;;
251003;2000;75;;;
251003;2100;117;;;
251003;2200;126;;;
251003;2300;123;;;
251004;0000;130;;;
251004;0100;67;;;
251004;0200;18;;;
251004;0300;12;;;
251004;0400;8;;;
251004;0500;8;;;
251004;0600;16;;;
251004;0700;12;;;
251004;0800;17;;;
251004;0900;13;;;
251004;1000;14;;;
251004;1100;12;;;
251004;1200;24;;;
251004;1300;11;;;
251004;1400;14;;;
251004;1500;20;;;
251004;1600;16;;;
251004;1700;32;;;
251004;1800;53;;;
251004;1900;56;;;
251004;2000;51;;;
251004;2100;44;;;
251004;2200;39;;;
251004;2300;35;;;
251005;0000;66;;;
251005;0100;89;;;
251005;0200;105;;;
251005;0300;43;;;
251005;0400;14;;;
251005;0500;7;;;
251005;0600;13;;;
251005;0700;17;;;
251005;0800;10;;;
251005;0900;12;;;
251005;1000;10;;;
251005;1100;9;;;
251005;1200;11;;;
251005;1300;9;;;
251005;1400;8;;;
251005;1500;15;;;
251005;1600;15;;;
251005;1700;15;;;
251005;1800;20;;;
251005;1900;21;;;
251005;2000;24;;;
251005;2100;33;;;
251005;2200;24;;;
251005;2300;10;;;
251006;0000;36;;;
251006;0100;9;;;
251006;0200;5;;;
251006;0300;3;;;
251006;0400;8;;;
251006;0500;19;;;
251006;0600;21;;;
251006;0700;37;;;
251006;0800;25;;;
251006;0900;8;;;
251006;1000;6;;;
251006;1100;6;;;
251006;1200;7;;;
251006;1300;3;;;
251006;1400;5;;;
251006;1500;7;;;
251006;1600;6;;;
251006;1700;7;;;
251006;1800;12;;;
251006;1900;16;;;
251006;2000;14;;;
251006;2100;16;;;
251006;2200;8;;;
251006;2300;11;;;
251007;0000;9;;;
251007;0100;10;;;
251007;0200;9;;;
251007;0300;4;;;
251007;0400;1;;;
251007;0500;4;;;
251007;0600;21;;;
251007;0700;37;;;
251007;0800;12;;;
251007;0900;9;;;
251007;1000;6;;;
251007;1100;5;;;
251007;1200;5;;;
251007;1300;5;;;
251007;1400;8;;;
251007;1500;6;;;
251007;1600;10;;;
251007;1700;14;;;
251007;1800;21;;;
251007;1900;19;;;
251007;2000;10;;;
251007;2100;14;;;
251007;2200;10;;;
251007;2300;7;;;
251008;0000;4;;;
251008;0100;2;;;
251008;0200;1;;;
251008;0300;1;;;
251008;0400;1;;;
251008;0500;1;;;
251008;0600;7;;;
251008;0700;18;;;
251008;0800;12;;;
251008;0900;23;;;
251008;1000;22;;;
251008;1100;17;;;
251008;1200;15;;;
251008;1300;18;;;
251008;1400;14;;;
251008;1500;23;;;
251008;1600;84;;;
251008;1700;52;;;
251008;1800;41;;;
251008;1900;33;;;
251008;2000;66;;;
251008;2100;63;;;
251008;2200;32;;;
251008;2300;17;;;
251009;0000;15;;;
251009;0100;1;;;
251009;0200;2;;;
251009;0300;5;;;
251009;0400;5;;;
251009;0500;9;;;
251009;0600;46;;;
251009;0700;20;;;
251009;0800;31;;;
251009;0900;44;;;
251009;1000;16;;;
251009;1100;11;;;
251009;1200;19;;;
251009;1300;10;;;
251009;1400;16;;;
251009;1500;;;;
251009;1600;11;;;
251009;1700;14;;;
251009;1800;43;;;
251009;1900;48;;;
251009;2000;25;;;
251009;2100;19;;;
251009;2200;14;;;
251009;2300;15;;;
251010;0000;11;;;
251010;0100;11;;;
251010;0200;7;;;
251010;0300;6;;;
251010;0400;6;;;
251010;0500;35;;;
251010;0600;34;;;
251010;0700;54;;;
251010;0800;15;;;
251010;0900;14;;;
251010;1000;8;;;
251010;1100;10;;;
251010;1200;9;;;
251010;1300;8;;;
251010;1400;8;;;
251010;1500;5;;;
251010;1600;13;;;
251010;1700;13;;;
251010;1800;26;;;
251010;1900;64;;;
251010;2000;94;;;
251010;2100;130;;;
251010;2200;70;;;
251010;2300;65;;;
251011;0000;49;;;
251011;0100;24;;;
251011;0200;52;;;
251011;0300;32;;;
251011;0400;35;;;
251011;0500;42;;;
251011;0600;66;;;
251011;0700;24;;;
251011;0800;12;;;
251011;0900;7;;;
251011;1000;7;;;
251011;1100;8;;;
251011;1200;13;;;
251011;1300;12;;;
251011;1400;11;;;
251011;1500;13;;;
251011;1600;17;;;
251011;1700;14;;;
251011;1800;9;;;
251011;1900;28;;;
251011;2000;11;;;
251011;2100;10;;;
251011;2200;11;;;
251011;2300;7;;;
251012;0000;5;;;
251012;0100;3;;;
251012;0200;1;;;
251012;0300;3;;;
251012;0400;3;;;
251012;0500;1;;;
251012;0600;2;;;
251012;0700;5;;;
251012;0800;6;;;
251012;0900;6;;;
251012;1000;8;;;
251012;1100;5;;;
251012;1200;2;;;
251012;1300;1;;;
251012;1400;1;;;
251012;1500;5;;;
251012;1600;8;;;
251012;1700;18;;;
251012;1800;7;;;
251012;1900;19;;;
251012;2000;17;;;
251012;2100;9;;;
251012;2200;14;;;
251012;2300;15;;;
251013;0000;11;;;
251013;0100;15;;;
251013;0200;5;;;
251013;0300;12;;;
251013;0400;21;;;
251013;0500;12;;;
251013;0600;22;;;
251013;0700;30;;;
251013;0800;28;;;
251013;0900;19;;;
251013;1000;10;;;
251013;1100;9;;;
251013;1200;10;;;
251013;1300;10;;;
251013;1400;13;;;
251013;1500;;;;
251013;1600;17;;;
251013;1700;18;;;
251013;1800;28;;;
251013;1900;42;;;
251013;2000;35;;;
251013;2100;15;;;
251013;2200;10;;;
251013;2300;20;;;
251014;0000;11;;;
251014;0100;6;;;
251014;0200;2;;;
251014;0300;4;;;
251014;0400;5;;;
251014;0500;7;;;
251014;0600;17;;;
251014;0700;15;;;
251014;0800;17;;;
251014;0900;27;;;
251014;1000;25;;;
251014;1100;21;;;
251014;1200;11;;;
251014;1300;17;;;
251014;1400;17;;;
251014;1500;16;;;
251014;1600;23;;;
251014;1700;34;;;
251014;1800;33;;;
251014;1900;39;;;
251014;2000;54;;;
251014;2100;31;;;
251014;2200;13;;;
251014;2300;13;;;
251015;0000;10;;;
251015;0100;7;;;
251015;0200;3;;;
251015;0300;2;;;
251015;0400;5;;;
251015;0500;16;;;
251015;0600;19;;;
251015;0700;16;;;
251015;0800;13;;;
251015;0900;7;;;
251015;1000;3;;;
251015;1100;3;;;
251015;1200;6;;;
251015;1300;5;;;
251015;1400;11;;;
251015;1500;12;;;
251015;1600;20;;;
251015;1700;12;;;
251015;1800;18;;;
251015;1900;20;;;
251015;2000;32;;;
251015;2100;28;;;
251015;2200;26;;;
251015;2300;17;;;
251016;0000;11;;;
251016;0100;17;;;
251016;0200;10;;;
251016;0300;5;;;
251016;0400;2;;;
251016;0500;15;;;
251016;0600;17;;;
251016;0700;16;;;
251016;0800;11;;;
251016;0900;15;;;
251016;1000;8;;;
251016;1100;9;;;
251016;1200;10;;;
251016;1300;13;;;
251016;1400;16;;;
251016;1500;8;;;
251016;1600;9;;;
251016;1700;12;;;
251016;1800;19;;;
251016;1900;25;;;
251016;2000;21;;;
251016;2100;25;;;
251016;2200;60;;;
251016;2300;31;;;
251017;0000;37;;;
251017;0100;40;;;
251017;0200;30;;;
251017;0300;7;;;
251017;0400;9;;;
251017;0500;51;;;
251017;0600;176;;;
251017;0700;12;;;
251017;0800;9;;;
251017;0900;9;;;
251017;1000;7;;;
251017;1100;15;;;
251017;1200;3;;;
251017;1300;10;;;
251017;1400;9;;;
251017;1500;6;;;
251017;1600;4;;;
251017;1700;5;;;
251017;1800;10;;;
251017;1900;22;;;
251017;2000;16;;;
251017;2100;20;;;
251017;2200;19;;;
251017;2300;10;;;
251018;0000;9;;;
251018;0100;8;;;
251018;0200;6;;;
251018;0300;6;;;
251018;0400;4;;;
251018;0500;8;;;
251018;0600;8;;;
251018;0700;8;;;
251018;0800;7;;;
251018;0900;7;;;
251018;1000;5;;;
251018;1100;4;;;
251018;1200;4;;;
251018;1300;4;;;
251018;1400;3;;;
251018;1500;3;;;
251018;1600;4;;;
251018;1700;8;;;
251018;1800;23;;;
251018;1900;14;;;
251018;2000;35;;;
251018;2100;27;;;
251018;2200;21;;;
251018;2300;27;;;
251019;0000;52;;;
251019;0100;44;;;
251019;0200;6;;;
251019;0300;4;;;
251019;0400;3;;;
251019;0500;4;;;
251019;0600;8;;;
251019;0700;6;;;
251019;0800;7;;;
251019;0900;5;;;
251019;1000;7;;;
251019;1100;12;;;
251019;1200;7;;;
251019;1300;3;;;
251019;1400;7;;;
251019;1500;10;;;
251019;1600;8;;;
251019;1700;;;;
251019;1800;;;;
251019;1900;;;;
251019;2000;27;;;
251019;2100;25;;;
251019;2200;24;;;
251019;2300;12;;;
251020;0000;11;;;
251020;0100;6;;;
251020;0200;1;;;
251020;0300;1;;;
251020;0400;6;;;
251020;0500;6;;;
251020;0600;18;;;
251020;0700;25;;;
251020;0800;29;;;
251020;0900;31;;;
251020;1000;20;;;
251020;1100;23;;;
251020;1200;18;;;
251020;1300;14;;;
251020;1400;11;;;
251020;1500;10;;;
251020;1600;8;;;
251020;1700;7;;;
251020;1800;15;;;
251020;1900;25;;;
251020;2000;22;;;
251020;2100;21;;;
251020;2200;15;;;
251020;2300;8;;;
251021;0000;12;;;
251021;0100;7;;;
251021;0200;3;;;
251021;0300;3;;;
251021;0400;4;;;
251021;0500;6;;;
251021;0600;11;;;
251021;0700;17;;;
251021;0800;14;;;
251021;0900;10;;;
251021;1000;9;;;
251021;1100;8;;;
251021;1200;6;;;
251021;1300;6;;;
251021;1400;4;;;
251021;1500;3;;;
251021;1600;9;;;
251021;1700;12;;;
251021;1800;20;;;
251021;1900;31;;;
251021;2000;43;;;
251021;2100;38;;;
251021;2200;41;;;
251021;2300;17;;;
251022;0000;9;;;
251022;0100;8;;;
251022;0200;6;;;
251022;0300;4;;;
251022;0400;12;;;
251022;0500;7;;;
251022;0600;7;;;
251022;0700;15;;;
251022;0800;12;;;
251022;0900;24;;;
251022;1000;22;;;
251022;1100;15;;;
251022;1200;9;;;
251022;1300;6;;;
251022;1400;5;;;
251022;1500;5;;;
251022;1600;7;;;
251022;1700;5;;;
251022;1800;7;;;
251022;1900;22;;;
251022;2000;17;;;
251022;2100;22;;;
251022;2200;9;;;
251022;2300;7;;;
251023;0000;7;;;
251023;0100;3;;;
251023;0200;1;;;
251023;0300;1;;;
251023;0400;1;;;
251023;0500;1;;;
251023;0600;11;;;
251023;0700;10;;;
251023;0800;7;;;
251023;0900;8;;;
251023;1000;7;;;
251023;1100;11;;;
251023;1200;9;;;
251023;1300;15;;;
251023;1400;21;;;
251023;1500;8;;;
251023;1600;15;;;
251023;1700;19;;;
251023;1800;15;;;
251023;1900;27;;;
251023;2000;38;;;
251023;2100;61;;;
251023;2200;44;;;
251023;2300;42;;;
251024;0000;41;;;
251024;0100;7;;;
251024;0200;4;;;
251024;0300;1;;;
251024;0400;2;;;
251024;0500;4;;;
251024;0600;7;;;
251024;0700;10;;;
251024;0800;12;;;
251024;0900;6;;;
251024;1000;2;;;
251024;1100;3;;;
251024;1200;6;;;
251024;1300;5;;;
251024;1400;5;;;
251024;1500;6;;;
251024;1600;9;;;
251024;1700;10;;;
251024;1800;13;;;
251024;1900;23;;;
251024;2000;22;;;
251024;2100;19;;;
251024;2200;5;;;
251024;2300;4;;;
251025;0000;3;;;
251025;0100;4;;;
251025;0200;4;;;
251025;0300;2;;;
251025;0400;1;;;
251025;0500;1;;;
251025;0600;1;;;
251025;0700;4;;;
251025;0800;4;;;
251025;0900;6;;;
251025;1000;5;;;
251025;1100;7;;;
251025;1200;7;;;
251025;1300;7;;;
251025;1400;7;;;
251025;1500;12;;;
251025;1600;14;;;
251025;1700;21;;;
251025;1800;19;;;
251025;1900;41;;;
251025;2000;15;;;
251025;2100;34;;;
251025;2200;92;;;
251025;2300;68;;;
251026;0000;75;;;
251026;0100;82;;;
251026;0200;45;;;
251026;0300;49;;;
251026;0400;34;;;
251026;0500;40;;;
251026;0600;37;;;
251026;0700;37;;;
251026;0800;33;;;
251026;0900;15;;;
251026;1000;2;;;
251026;1100;18;;;
251026;1200;5;;;
251026;1300;4;;;
251026;1400;10;;;
251026;1500;7;;;
251026;1600;13;;;
251026;1700;11;;;
251026;1800;13;;;
251026;1900;16;;;
251026;2000;25;;;
251026;2100;32;;;
251026;2200;22;;;
251026;2300;20;;;
251027;0000;10;;;
251027;0100;7;;;
251027;0200;9;;;
251027;0300;19;;;
251027;0400;8;;;
251027;0500;72;;;
251027;0600;125;;;
251027;0700;34;;;
251027;0800;26;;;
251027;0900;14;;;
251027;1000;10;;;
251027;1100;6;;;
251027;1200;4;;;
251027;1300;6;;;
251027;1400;4;;;
251027;1500;3;;;
251027;1600;4;;;
251027;1700;9;;;
251027;1800;12;;;
251027;1900;15;;;
251027;2000;24;;;
251027;2100;14;;;
251027;2200;17;;;
251027;2300;50;;;
251028;0000;90;;;
251028;0100;48;;;
251028;0200;52;;;
251028;0300;34;;;
251028;0400;39;;;
251028;0500;71;;;
251028;0600;49;;;
251028;0700;24;;;
251028;0800;29;;;
251028;0900;22;;;
251028;1000;10;;;
251028;1100;10;;;
251028;1200;7;;;
251028;1300;7;;;
251028;1400;5;;;
251028;1500;7;;;
251028;1600;12;;;
251028;1700;8;;;
251028;1800;16;;;
251028;1900;32;;;
251028;2000;27;;;
251028;2100;20;;;
251028;2200;84;;;
251028;2300;57;;;
251029;0000;33;;;
251029;0100;23;;;
251029;0200;6;;;
251029;0300;6;;;
251029;0400;8;;;
251029;0500;31;;;
251029;0600;53;;;
251029;0700;21;;;
251029;0800;19;;;
251029;0900;23;;;
251029;1000;15;;;
251029;1100;14;;;
251029;1200;9;;;
251029;1300;5;;;
251029;1400;2;;;
251029;1500;2;;;
251029;1600;2;;;
251029;1700;7;;;
251029;1800;8;;;
251029;1900;13;;;
251029;2000;21;;;
251029;2100;29;;;
251029;2200;7;;;
251029;2300;7;;;
251030;0000;5;;;
251030;0100;2;;;
251030;0200;1;;;
251030;0300;5;;;
251030;0400;4;;;
251030;0500;1;;;
251030;0600;7;;;
251030;0700;11;;;
251030;0800;9;;;
251030;0900;5;;;
251030;1000;3;;;
251030;1100;8;;;
251030;1200;9;;;
251030;1300;5;;;
251030;1400;4;;;
251030;1500;5;;;
251030;1600;9;;;
251030;1700;15;;;
251030;1800;17;;;
251030;1900;21;;;
251030;2000;20;;;
251030;2100;18;;;
251030;2200;7;;;
251030;2300;8;;;
251031;0000;9;;;
251031;0100;9;;;
251031;0200;6;;;
251031;0300;3;;;
251031;0400;1;;;
251031;0500;5;;;
251031;0600;7;;;
251031;0700;6;;;
251031;0800;5;;;
251031;0900;6;;;
251031;1000;7;;;
251031;1100;6;;;
251031;1200;4;;;
251031;1300;8;;;
251031;1400;7;;;
251031;1500;7;;;
251031;1600;8;;;
251031;1700;9;;;
251031;1800;15;;;
251031;1900;11;;;
251031;2000;16;;;
251031;2100;13;;;
251031;2200;10;;;
251031;2300;9;;;
251101;0000;8;;;
251101;0100;4;;;
251101;0200;3;;;
251101;0300;2;;;
251101;0400;1;;;
251101;0500;3;;;
251101;0600;2;;;
251101;0700;2;;;
251101;0800;4;;;
251101;0900;4;;;
251101;1000;6;;;
251101;1100;5;;;
251101;1200;5;;;
251101;1300;5;;;
251101;1400;3;;;
251101;1500;2;;;
251101;1600;2;;;
251101;1700;9;;;
251101;1800;9;;;
251101;1900;13;;;
251101;2000;27;;;
251101;2100;26;;;
251101;2200;46;;;
251101;2300;29;;;
251102;0000;1;;;
251102;0100;9;;;
251102;0200;7;;;
251102;0300;6;;;
251102;0400;14;;;
251102;0500;26;;;
251102;0600;26;;;
251102;0700;8;;;
251102;0800;9;;;
251102;0900;7;;;
251102;1000;7;;;
251102;1100;5;;;
251102;1200;4;;;
251102;1300;2;;;
251102;1400;2;;;
251102;1500;4;;;
251102;1600;6;;;
251102;1700;7;;;
251102;1800;7;;;
251102;1900;29;;;
251102;2000;76;;;
251102;2100;33;;;
251102;2200;25;;;
251102;2300;14;;;
251103;0000;14;;;
251103;0100;9;;;
251103;0200;7;;;
251103;0300;10;;;
251103;0400;8;;;
251103;0500;35;;;
251103;0600;38;;;
251103;0700;13;;;
251103;0800;7;;;
251103;0900;4;;;
251103;1000;6;;;
251103;1100;5;;;
251103;1200;3;;;
251103;1300;5;;;
251103;1400;5;;;
251103;1500;2;;;
251103;1600;3;;;
251103;1700;4;;;
251103;1800;4;;;
251103;1900;18;;;
251103;2000;17;;;
251103;2100;27;;;
251103;2200;13;;;
251103;2300;9;;;
251104;0000;16;;;
251104;0100;16;;;
251104;0200;7;;;
251104;0300;14;;;
251104;0400;26;;;
251104;0500;28;;;
251104;0600;27;;;
251104;0700;15;;;
251104;0800;15;;;
251104;0900;10;;;
251104;1000;11;;;
251104;1100;7;;;
251104;1200;3;;;
251104;1300;2;;;
251104;1400;1;;;
251104;1500;1;;;
251104;1600;3;;;
251104;1700;3;;;
251104;1800;7;;;
251104;1900;16;;;
251104;2000;26;;;
251104;2100;22;;;
251104;2200;38;;;
251104;2300;21;;;
251105;0000;6;;;
251105;0100;8;;;
251105;0200;7;;;
251105;0300;6;;;
251105;0400;16;;;
251105;0500;22;;;
251105;0600;30;;;
251105;0700;26;;;
251105;0800;11;;;
251105;0900;5;;;
251105;1000;11;;;
251105;1100;7;;;
251105;1200;3;;;
251105;1300;2;;;
251105;1400;1;;;
251105;1500;1;;;
251105;1600;2;;;
251105;1700;3;;;
251105;1800;3;;;
251105;1900;10;;;
251105;2000;20;;;
251105;2100;19;;;
251105;2200;16;;;
251105;2300;16;;;
251106;0000;15;;;
251106;0100;4;;;
251106;0200;5;;;
251106;0300;5;;;
251106;0400;6;;;
251106;0500;24;;;
251106;0600;31;;;
251106;0700;24;;;
251106;0800;12;;;
251106;0900;7;;;
251106;1000;5;;;
251106;1100;8;;;
251106;1200;9;;;
251106;1300;7;;;
251106;1400;3;;;
251106;1500;4;;;
251106;1600;1;;;
251106;1700;1;;;
251106;1800;7;;;
251106;1900;7;;;
251106;2000;9;;;
251106;2100;13;;;
251106;2200;17;;;
251106;2300;11;;;
251107;0000;15;;;
251107;0100;10;;;
251107;0200;7;;;
251107;0300;7;;;
251107;0400;16;;;
251107;0500;24;;;
251107;0600;26;;;
251107;0700;12;;;
251107;0800;17;;;
251107;0900;11;;;
251107;1000;8;;;
251107;1100;8;;;
251107;1200;7;;;
251107;1300;5;;;
251107;1400;3;;;
251107;1500;3;;;
251107;1600;4;;;
251107;1700;4;;;
251107;1800;6;;;
251107;1900;7;;;
251107;2000;10;;;
251107;2100;10;;;
251107;2200;9;;;
251107;2300;7;;;
251108;0000;5;;;
251108;0100;2;;;
251108;0200;1;;;
251108;0300;2;;;
251108;0400;5;;;
251108;0500;22;;;
251108;0600;18;;;
251108;0700;9;;;
251108;0800;9;;;
251108;0900;8;;;
251108;1000;7;;;
251108;1100;6;;;
251108;1200;6;;;
251108;1300;4;;;
251108;1400;12;;;
251108;1500;9;;;
251108;1600;6;;;
251108;1700;6;;;
251108;1800;6;;;
251108;1900;22;;;
251108;2000;36;;;
251108;2100;54;;;
251108;2200;40;;;
251108;2300;29;;;
251109;0000;18;;;
251109;0100;9;;;
251109;0200;7;;;
251109;0300;7;;;
251109;0400;12;;;
251109;0500;21;;;
251109;0600;17;;;
251109;0700;7;;;
251109;0800;9;;;
251109;0900;8;;;
251109;1000;10;;;
251109;1100;9;;;
251109;1200;7;;;
251109;1300;4;;;
251109;1400;8;;;
251109;1500;7;;;
251109;1600;5;;;
251109;1700;6;;;
251109;1800;6;;;
251109;1900;11;;;
251109;2000;48;;;
251109;2100;42;;;
251109;2200;27;;;
251109;2300;14;;;
251110;0000;12;;;
251110;0100;8;;;
251110;0200;11;;;
251110;0300;7;;;
251110;0400;5;;;
251110;0500;10;;;
251110;0600;10;;;
251110;0700;9;;;
251110;0800;7;;;
251110;0900;6;;;
251110;1000;4;;;
251110;1100;3;;;
251110;1200;6;;;
251110;1300;7;;;
251110;1400;3;;;
251110;1500;7;;;
251110;1600;5;;;
251110;1700;7;;;
251110;1800;7;;;
251110;1900;10;;;
251110;2000;7;;;
251110;2100;6;;;
251110;2200;7;;;
251110;2300;5;;;
251111;0000;3;;;
251111;0100;5;;;
251111;0200;4;;;
251111;0300;1;;;
251111;0400;1;;;
251111;0500;2;;;
251111;0600;10;;;
251111;0700;12;;;
251111;0800;6;;;
251111;0900;3;;;
251111;1000;7;;;
251111;1100;7;;;
251111;1200;7;;;
251111;1300;7;;;
251111;1400;4;;;
251111;1500;3;;;
251111;1600;2;;;
251111;1700;5;;;
251111;1800;8;;;
251111;1900;10;;;
251111;2000;11;;;
251111;2100;8;;;
251111;2200;4;;;
251111;2300;1;;;
251112;0000;1;;;
251112;0100;2;;;
251112;0200;1;;;
251112;0300;2;;;
251112;0400;1;;;
251112;0500;1;;;
251112;0600;10;;;
251112;0700;7;;;
251112;0800;4;;;
251112;0900;4;;;
251112;1000;4;;;
251112;1100;2;;;
251112;1200;3;;;
251112;1300;4;;;
251112;1400;4;;;
251112;1500;4;;;
251112;1600;3;;;
251112;1700;11;;;
251112;1800;9;;;
251112;1900;10;;;
251112;2000;8;;;
251112;2100;7;;;
251112;2200;10;;;
251112;2300;7;;;
251113;0000;3;;;
251113;0100;2;;;
251113;0200;3;;;
251113;0300;1;;;
251113;0400;1;;;
251113;0500;1;;;
251113;0600;3;;;
251113;0700;8;;;
251113;0800;8;;;
251113;0900;7;;;
251113;1000;4;;;
251113;1100;5;;;
251113;1200;6;;;
251113;1300;6;;;
251113;1400;4;;;
251113;1500;2;;;
251113;1600;6;;;
251113;1700;8;;;
251113;1800;9;;;
251113;1900;8;;;
251113;2000;15;;;
251113;2100;6;;;
251113;2200;5;;;
251113;2300;5;;;
251114;0000;2;;;
251114;0100;1;;;
251114;0200;3;;;
251114;0300;2;;;
251114;0400;1;;;
251114;0500;1;;;
251114;0600;2;;;
251114;0700;3;;;
251114;0800;2;;;
251114;0900;5;;;
251114;1000;5;;;
251114;1100;2;;;
251114;1200;3;;;
251114;1300;2;;;
251114;1400;2;;;
251114;1500;6;;;
251114;1600;7;;;
251114;1700;5;;;
251114;1800;7;;;
251114;1900;10;;;
251114;2000;9;;;
251114;2100;5;;;
251114;2200;5;;;
251114;2300;4;;;
251115;0000;2;;;
251115;0100;1;;;
251115;0200;1;;;
251115;0300;1;;;
251115;0400;3;;;
251115;0500;4;;;
251115;0600;5;;;
251115;0700;6;;;
251115;0800;10;;;
251115;0900;8;;;
251115;1000;9;;;
251115;1100;5;;;
251115;1200;8;;;
251115;1300;9;;;
251115;1400;7;;;
251115;1500;9;;;
251115;1600;11;;;
251115;1700;19;;;
251115;1800;12;;;
251115;1900;18;;;
251115;2000;20;;;
251115;2100;32;;;
251115;2200;12;;;
251115;2300;30;;;
251116;0000;10;;;
251116;0100;7;;;
251116;0200;4;;;
251116;0300;1;;;
251116;0400;1;;;
251116;0500;2;;;
251116;0600;3;;;
251116;0700;7;;;
251116;0800;8;;;
251116;0900;6;;;
251116;1000;8;;;
251116;1100;7;;;
251116;1200;7;;;
251116;1300;6;;;
251116;1400;9;;;
251116;1500;8;;;
251116;1600;10;;;
251116;1700;9;;;
251116;1800;13;;;
251116;1900;20;;;
251116;2000;11;;;
251116;2100;8;;;
251116;2200;4;;;
251116;2300;2;;;
251117;0000;2;;;
251117;0100;1;;;
251117;0200;1;;;
251117;0300;;;;
251117;0400;1;;;
251117;0500;1;;;
251117;0600;3;;;
251117;0700;4;;;
251117;0800;10;;;
251117;0900;8;;;
251117;1000;4;;;
251117;1100;;;;
251117;1200;;;;
251117;1300;13;;;
251117;1400;7;;;
251117;1500;7;;;
251117;1600;10;;;
251117;1700;12;;;
251117;1800;18;;;
251117;1900;19;;;
251117;2000;11;;;
251117;2100;14;;;
251117;2200;8;;;
251117;2300;4;;;
251118;0000;6;;;
251118;0100;3;;;
251118;0200;1;;;
251118;0300;6;;;
251118;0400;7;;;
251118;0500;5;;;
251118;0600;15;;;
251118;0700;6;;;
251118;0800;5;;;
251118;0900;4;;;
251118;1000;5;;;
251118;1100;6;;;
251118;1200;8;;;
251118;1300;5;;;
251118;1400;2;;;
251118;1500;4;;;
251118;1600;5;;;
251118;1700;15;;;
251118;1800;12;;;
251118;1900;9;;;
251118;2000;16;;;
251118;2100;13;;;
251118;2200;22;;;
251118;2300;11;;;
251119;0000;13;;;
251119;0100;9;;;
251119;0200;4;;;
251119;0300;4;;;
251119;0400;4;;;
251119;0500;4;;;
251119;0600;14;;;
251119;0700;9;;;
251119;0800;13;;;
251119;0900;10;;;
251119;1000;9;;;
251119;1100;14;;;
251119;1200;8;;;
251119;1300;5;;;
251119;1400;6;;;
251119;1500;12;;;
251119;1600;10;;;
251119;1700;8;;;
251119;1800;18;;;
251119;1900;24;;;
251119;2000;42;;;
251119;2100;31;;;
251119;2200;26;;;
251119;2300;20;;;
251120;0000;33;;;
251120;0100;21;;;
251120;0200;3;;;
251120;0300;1;;;
251120;0400;1;;;
251120;0500;5;;;
251120;0600;20;;;
251120;0700;13;;;
251120;0800;9;;;
251120;0900;6;;;
251120;1000;4;;;
251120;1100;6;;;
251120;1200;5;;;
251120;1300;3;;;
251120;1400;4;;;
251120;1500;2;;;
251120;1600;2;;;
251120;1700;5;;;
251120;1800;5;;;
251120;1900;7;;;
251120;2000;16;;;
251120;2100;10;;;
251120;2200;6;;;
251120;2300;8;;;
251121;0000;4;;;
251121;0100;2;;;
251121;0200;2;;;
251121;0300;1;;;
251121;0400;1;;;
251121;0500;5;;;
251121;0600;14;;;
251121;0700;7;;;
251121;0800;2;;;
251121;0900;4;;;
251121;1000;6;;;
251121;1100;7;;;
251121;1200;2;;;
251121;1300;1;;;
251121;1400;4;;;
251121;1500;2;;;
251121;1600;1;;;
251121;1700;3;;;
251121;1800;7;;;
251121;1900;13;;;
251121;2000;17;;;
251121;2100;21;;;
251121;2200;8;;;
251121;2300;10;;;
251122;0000;5;;;
251122;0100;2;;;
251122;0200;1;;;
251122;0300;1;;;
251122;0400;6;;;
251122;0500;7;;;
251122;0600;5;;;
251122;0700;4;;;
251122;0800;4;;;
251122;0900;4;;;
251122;1000;2;;;
251122;1100;3;;;
251122;1200;4;;;
251122;1300;6;;;
251122;1400;3;;;
251122;1500;2;;;
251122;1600;2;;;
251122;1700;2;;;
251122;1800;1;;;
251122;1900;3;;;
251122;2000;5;;;
251122;2100;24;;;
251122;2200;16;;;
251122;2300;4;;;
251123;0000;4;;;
251123;0100;1;;;
251123;0200;1;;;
251123;0300;1;;;
251123;0400;2;;;
251123;0500;2;;;
251123;0600;3;;;
251123;0700;2;;;
251123;0800;1;;;
251123;0900;1;;;
251123;1000;1;;;
251123;1100;1;;;
251123;1200;1;;;
251123;1300;2;;;
251123;1400;1;;;
251123;1500;3;;;
251123;1600;4;;;
251123;1700;3;;;
251123;1800;2;;;
251123;1900;1;;;
251123;2000;5;;;
251123;2100;6;;;
251123;2200;5;;;
251123;2300;3;;;
251124;0000;4;;;
251124;0100;3;;;
251124;0200;1;;;
251124;0300;1;;;
251124;0400;1;;;
251124;0500;1;;;
251124;0600;4;;;
251124;0700;9;;;
251124;0800;12;;;
251124;0900;6;;;
251124;1000;1;;;
251124;1100;6;;;
251124;1200;5;;;
251124;1300;1;;;
251124;1400;1;;;
251124;1500;1;;;
251124;1600;1;;;
251124;1700;2;;;
251124;1800;2;;;
251124;1900;5;;;
251124;2000;9;;;
251124;2100;11;;;
251124;2200;10;;;
251124;2300;5;;;
251125;0000;2;;;
251125;0100;1;;;
251125;0200;1;;;
251125;0300;1;;;
251125;0400;1;;;
251125;0500;2;;;
251125;0600;16;;;
251125;0700;8;;;
251125;0800;10;;;
251125;0900;7;;;
251125;1000;3;;;
251125;1100;3;;;
251125;1200;1;;;
251125;1300;1;;;
251125;1400;1;;;
251125;1500;1;;;
251125;1600;1;;;
251125;1700;1;;;
251125;1800;2;;;
251125;1900;2;;;
251125;2000;6;;;
251125;2100;4;;;
251125;2200;1;;;
251125;2300;2;;;
251126;0000;2;;;
251126;0100;1;;;
251126;0200;1;;;
251126;0300;2;;;
251126;0400;1;;;
251126;0500;1;;;
251126;0600;1;;;
251126;0700;4;;;
251126;0800;3;;;
251126;0900;1;;;
251126;1000;2;;;
251126;1100;3;;;
251126;1200;1;;;
251126;1300;2;;;
251126;1400;1;;;
251126;1500;1;;;
251126;1600;1;;;
251126;1700;5;;;
251126;1800;9;;;
251126;1900;15;;;
251126;2000;16;;;
251126;2100;8;;;
251126;2200;6;;;
251126;2300;3;;;
251127;0000;1;;;
251127;0100;1;;;
251127;0200;3;;;
251127;0300;4;;;
251127;0400;8;;;
251127;0500;5;;;
251127;0600;6;;;
251127;0700;4;;;
251127;0800;3;;;
251127;0900;7;;;
251127;1000;6;;;
251127;1100;6;;;
251127;1200;5;;;
251127;1300;5;;;
251127;1400;2;;;
251127;1500;1;;;
251127;1600;4;;;
251127;1700;3;;;
251127;1800;2;;;
251127;1900;3;;;
251127;2000;51;;;
251127;2100;50;;;
251127;2200;35;;;
251127;2300;30;;;
251128;0000;7;;;
251128;0100;17;;;
251128;0200;15;;;
251128;0300;12;;;
251128;0400;13;;;
251128;0500;22;;;
251128;0600;32;;;
251128;0700;18;;;
251128;0800;4;;;
251128;0900;4;;;
251128;1000;7;;;
251128;1100;5;;;
251128;1200;5;;;
251128;1300;4;;;
251128;1400;3;;;
251128;1500;6;;;
251128;1600;6;;;
251128;1700;4;;;
251128;1800;6;;;
251128;1900;8;;;
251128;2000;4;;;
251128;2100;12;;;
251128;2200;9;;;
251128;2300;8;;;
251129;0000;10;;;
251129;0100;9;;;
251129;0200;7;;;
251129;0300;7;;;
251129;0400;5;;;
251129;0500;11;;;
251129;0600;24;;;
251129;0700;16;;;
251129;0800;13;;;
251129;0900;13;;;
251129;1000;7;;;
251129;1100;9;;;
251129;1200;7;;;
251129;1300;6;;;
251129;1400;6;;;
251129;1500;5;;;
251129;1600;4;;;
251129;1700;2;;;
251129;1800;5;;;
251129;1900;14;;;
251129;2000;12;;;
251129;2100;8;;;
251129;2200;6;;;
251129;2300;6;;;
251130;0000;7;;;
251130;0100;7;;;
251130;0200;8;;;
251130;0300;6;;;
251130;0400;4;;;
251130;0500;7;;;
251130;0600;4;;;
251130;0700;3;;;
251130;0800;5;;;
251130;0900;5;;;
251130;1000;5;;;
251130;1100;3;;;
251130;1200;6;;;
251130;1300;7;;;
251130;1400;5;;;
251130;1500;4;;;
251130;1600;5;;;
251130;1700;9;;;
251130;1800;10;;;
251130;1900;7;;;
251130;2000;4;;;
251130;2100;2;;;
251130;2200;5;;;
251130;2300;4;;;
251201;0000;3;;;
251201;0100;4;;;
251201;0200;2;;;
251201;0300;1;;;
251201;0400;1;;;
251201;0500;1;;;
251201;0600;2;;;
251201;0700;5;;;
251201;0800;4;;;
251201;0900;3;;;
251201;1000;3;;;
251201;1100;5;;;
251201;1200;5;;;
251201;1300;3;;;
251201;1400;5;;;
251201;1500;8;;;
251201;1600;6;;;
251201;1700;3;;;
251201;1800;2;;;
251201;1900;6;;;
251201;2000;8;;;
251201;2100;10;;;
251201;2200;9;;;
251201;2300;4;;;
251202;0000;1;;;
251202;0100;1;;;
251202;0200;1;;;
251202;0300;1;;;
251202;0400;2;;;
251202;0500;3;;;
251202;0600;9;;;
251202;0700;10;;;
251202;0800;6;;;
251202;0900;6;;;
251202;1000;3;;;
251202;1100;4;;;
251202;1200;2;;;
251202;1300;2;;;
251202;1400;4;;;
251202;1500;4;;;
251202;1600;2;;;
251202;1700;2;;;
251202;1800;4;;;
251202;1900;8;;;
251202;2000;6;;;
251202;2100;2;;;
251202;2200;1;;;
251202;2300;2;;;
251203;0000;2;;;
251203;0100;2;;;
251203;0200;1;;;
251203;0300;1;;;
251203;0400;1;;;
251203;0500;1;;;
251203;0600;1;;;
251203;0700;3;;;
251203;0800;4;;;
251203;0900;4;;;
251203;1000;3;;;
251203;1100;6;;;
251203;1200;5;;;
251203;1300;5;;;
251203;1400;5;;;
251203;1500;8;;;
251203;1600;11;;;
251203;1700;13;;;
251203;1800;25;;;
251203;1900;19;;;
251203;2000;30;;;
251203;2100;15;;;
251203;2200;12;;;
251203;2300;24;;;
251204;0000;12;;;
251204;0100;7;;;
251204;0200;3;;;
251204;0300;4;;;
251204;0400;3;;;
251204;0500;1;;;
251204;0600;3;;;
251204;0700;5;;;
251204;0800;6;;;
251204;0900;6;;;
251204;1000;5;;;
251204;1100;3;;;
251204;1200;3;;;
251204;1300;3;;;
251204;1400;4;;;
251204;1500;4;;;
251204;1600;15;;;
251204;1700;7;;;
251204;1800;6;;;
251204;1900;6;;;
251204;2000;7;;;
251204;2100;10;;;
251204;2200;7;;;
251204;2300;5;;;
251205;0000;2;;;
251205;0100;2;;;
251205;0200;1;;;
251205;0300;1;;;
251205;0400;1;;;
251205;0500;8;;;
251205;0600;8;;;
251205;0700;11;;;
251205;0800;7;;;
251205;0900;4;;;
251205;1000;5;;;
251205;1100;7;;;
251205;1200;6;;;
251205;1300;3;;;
251205;1400;1;;;
251205;1500;2;;;
251205;1600;5;;;
251205;1700;4;;;
251205;1800;5;;;
251205;1900;7;;;
251205;2000;17;;;
251205;2100;11;;;
251205;2200;16;;;
251205;2300;3;;;
251206;0000;5;;;
251206;0100;4;;;
251206;0200;3;;;
251206;0300;4;;;
251206;0400;2;;;
251206;0500;1;;;
251206;0600;1;;;
251206;0700;3;;;
251206;0800;3;;;
251206;0900;5;;;
251206;1000;4;;;
251206;1100;2;;;
251206;1200;1;;;
251206;1300;5;;;
251206;1400;4;;;
251206;1500;3;;;
251206;1600;5;;;
251206;1700;5;;;
251206;1800;5;;;
251206;1900;5;;;
251206;2000;16;;;
251206;2100;9;;;
251206;2200;59;;;
251206;2300;50;;;
251207;0000;36;;;
251207;0100;2;;;
251207;0200;3;;;
251207;0300;3;;;
251207;0400;2;;;
251207;0500;14;;;
251207;0600;7;;;
251207;0700;4;;;
251207;0800;4;;;
251207;0900;3;;;
251207;1000;1;;;
251207;1100;1;;;
251207;1200;1;;;
251207;1300;1;;;
251207;1400;2;;;
251207;1500;1;;;
251207;1600;1;;;
251207;1700;3;;;
251207;1800;3;;;
251207;1900;6;;;
251207;2000;10;;;
251207;2100;6;;;
251207;2200;2;;;
251207;2300;3;;;
251208;0000;2;;;
251208;0100;1;;;
251208;0200;1;;;
251208;0300;1;;;
251208;0400;1;;;
251208;0500;4;;;
251208;0600;4;;;
251208;0700;4;;;
251208;0800;3;;;
251208;0900;1;;;
251208;1000;3;;;
251208;1100;4;;;
251208;1200;2;;;
251208;1300;3;;;
251208;1400;4;;;
251208;1500;2;;;
251208;1600;1;;;
251208;1700;1;;;
251208;1800;2;;;
251208;1900;4;;;
251208;2000;4;;;
251208;2100;3;;;
251208;2200;2;;;
251208;2300;5;;;
251209;0000;4;;;
251209;0100;2;;;
251209;0200;3;;;
251209;0300;2;;;
251209;0400;1;;;
251209;0500;1;;;
251209;0600;3;;;
251209;0700;1;;;
251209;0800;1;;;
251209;0900;4;;;
251209;1000;3;;;
251209;1100;4;;;
251209;1200;4;;;
251209;1300;3;;;
251209;1400;5;;;
251209;1500;3;;;
251209;1600;1;;;
251209;1700;1;;;
251209;1800;3;;;
251209;1900;4;;;
251209;2000;4;;;
251209;2100;2;;;
251209;2200;1;;;
251209;2300;2;;;
251210;0000;2;;;
251210;0100;1;;;
251210;0200;2;;;
251210;0300;1;;;
251210;0400;1;;;
251210;0500;1;;;
251210;0600;2;;;
251210;0700;4;;;
251210;0800;4;;;
251210;0900;5;;;
251210;1000;4;;;
251210;1100;4;;;
251210;1200;4;;;
251210;1300;2;;;
251210;1400;3;;;
251210;1500;5;;;
251210;1600;;40;;
251210;1700;;;;
251210;1800;10;;;
251210;1900;10;;;
251210;2000;8;;;
251210;2100;5;;;
251210;2200;2;;;
251210;2300;2;;;
251211;0000;1;;;
251211;0100;3;;;
251211;0200;1;;;
251211;0300;1;;;
251211;0400;1;;;
251211;0500;1;;;
251211;0600;1;;;
251211;0700;1;;;
251211;0800;1;;;
251211;0900;1;;;
251211;1000;2;;;
251211;1100;4;;;
251211;1200;4;;;
251211;1300;4;;;
251211;1400;5;;;
251211;1500;6;;;
251211;1600;3;;;
251211;1700;1;;;
251211;1800;2;;;
251211;1900;1;;;
251211;2000;14;;;
251211;2100;8;;;
251211;2200;2;;;
251211;2300;1;;;
251212;0000;1;;;
251212;0100;1;;;
251212;0200;1;;;
251212;0300;1;;;
251212;0400;1;;;
251212;0500;4;;;
251212;0600;4;;;
251212;0700;4;;;
251212;0800;11;;;
251212;0900;8;;;
251212;1000;5;;;
251212;1100;3;;;
251212;1200;5;;;
251212;1300;5;;;
251212;1400;6;;;
251212;1500;4;;;
251212;1600;4;;;
251212;1700;4;;;
251212;1800;12;;;
251212;1900;14;;;
251212;2000;15;;;
251212;2100;17;;;
251212;2200;9;;;
251212;2300;6;;;
251213;0000;4;;;
251213;0100;2;;;
251213;0200;1;;;
251213;0300;1;;;
251213;0400;1;;;
251213;0500;3;;;
251213;0600;3;;;
251213;0700;3;;;
251213;0800;4;;;
251213;0900;4;;;
251213;1000;8;;;
251213;1100;10;;;
251213;1200;8;;;
251213;1300;7;;;
251213;1400;7;;;
251213;1500;8;;;
251213;1600;8;;;
251213;1700;4;;;
251213;1800;13;;;
251213;1900;16;;;
251213;2000;17;;;
251213;2100;7;;;
251213;2200;7;;;
251213;2300;8;;;
251214;0000;5;;;
251214;0100;2;;;
251214;0200;1;;;
251214;0300;1;;;
251214;0400;1;;;
251214;0500;1;;;
251214;0600;2;;;
251214;0700;4;;;
251214;0800;4;;;
251214;0900;8;;;
251214;1000;11;;;
251214;1100;9;;;
251214;1200;6;;;
251214;1300;3;;;
251214;1400;7;;;
251214;1500;10;;;
251214;1600;20;;;
251214;1700;8;;;
251214;1800;19;;;
251214;1900;9;;;
251214;2000;9;;;
251214;2100;13;;;
251214;2200;16;;;
251214;2300;8;;;
251215;0000;7;;;
251215;0100;5;;;
251215;0200;3;;;
251215;0300;1;;;
251215;0400;1;;;
251215;0500;4;;;
251215;0600;13;;;
251215;0700;9;;;
251215;0800;6;;;
251215;0900;5;;;
251215;1000;5;;;
251215;1100;4;;;
251215;1200;2;;;
251215;1300;1;;;
251215;1400;3;;;
251215;1500;3;;;
251215;1600;1;;;
251215;1700;1;;;
251215;1800;1;;;
251215;1900;5;;;
251215;2000;11;;;
251215;2100;8;;;
251215;2200;5;;;
251215;2300;4;;;
251216;0000;5;;;
251216;0100;3;;;
251216;0200;1;;;
251216;0300;1;;;
251216;0400;1;;;
251216;0500;1;;;
251216;0600;4;;;
251216;0700;5;;;
251216;0800;5;;;
251216;0900;3;;;
251216;1000;2;;;
251216;1100;4;;;
251216;1200;3;;;
251216;1300;2;;;
251216;1400;3;;;
251216;1500;2;;;
251216;1600;;;;
251216;1700;4;;;
251216;1800;3;;;
251216;1900;9;;;
251216;2000;11;;;
251216;2100;7;;;
251216;2200;4;;;
251216;2300;2;;;
251217;0000;1;;;
251217;0100;1;;;
251217;0200;1;;;
251217;0300;1;;;
251217;0400;1;;;
251217;0500;1;;;
251217;0600;1;;;
251217;0700;4;;;
251217;0800;5;;;
251217;0900;2;;;
251217;1000;1;;;
251217;1100;1;;;
251217;1200;4;;;
251217;1300;4;;;
251217;1400;5;;;
251217;1500;4;;;
251217;1600;6;;;
251217;1700;10;;;
251217;1800;9;;;
251217;1900;10;;;
251217;2000;12;;;
251217;2100;9;;;
251217;2200;7;;;
251217;2300;4;;;
251218;0000;3;;;
251218;0100;1;;;
251218;0200;1;;;
251218;0300;1;;;
251218;0400;1;;;
251218;0500;1;;;
251218;0600;1;;;
251218;0700;3;;;
251218;0800;3;;;
251218;0900;2;;;
251218;1000;3;;;
251218;1100;6;;;
251218;1200;5;;;
251218;1300;3;;;
251218;1400;1;;;
251218;1500;1;;;
251218;1600;3;;;
251218;1700;6;;;
251218;1800;4;;;
251218;1900;6;;;
251218;2000;6;;;
251218;2100;11;;;
251218;2200;10;;;
251218;2300;8;;;
251219;0000;4;;;
251219;0100;2;;;
251219;0200;2;;;
251219;0300;1;;;
251219;0400;1;;;
251219;0500;2;;;
251219;0600;4;;;
251219;0700;6;;;
251219;0800;5;;;
251219;0900;3;;;
251219;1000;3;;;
251219;1100;2;;;
251219;1200;2;;;
251219;1300;2;;;
251219;1400;2;;;
251219;1500;4;;;
251219;1600;4;;;
251219;1700;2;;;
251219;1800;4;;;
251219;1900;8;;;
251219;2000;6;;;
251219;2100;16;;;
251219;2200;6;;;
251219;2300;2;;;
251220;0000;1;;;
251220;0100;2;;;
251220;0200;1;;;
251220;0300;1;;;
251220;0400;1;;;
251220;0500;4;;;
251220;0600;6;;;
251220;0700;8;;;
251220;0800;16;;;
251220;0900;14;;;
251220;1000;12;;;
251220;1100;8;;;
251220;1200;8;;;
251220;1300;6;;;
251220;1400;6;;;
251220;1500;6;;;
251220;1600;3;;;
251220;1700;5;;;
251220;1800;6;;;
251220;1900;7;;;
251220;2000;6;;;
251220;2100;13;;;
251220;2200;8;;;
251220;2300;6;;;
251221;0000;3;;;
251221;0100;2;;;
251221;0200;1;;;
251221;0300;1;;;
251221;0400;1;;;
251221;0500;1;;;
251221;0600;1;;;
251221;0700;1;;;
251221;0800;4;;;
251221;0900;4;;;
251221;1000;2;;;
251221;1100;3;;;
251221;1200;4;;;
251221;1300;2;;;
251221;1400;1;;;
251221;1500;2;;;
251221;1600;3;;;
251221;1700;4;;;
251221;1800;5;;;
251221;1900;3;;;
251221;2000;7;;;
251221;2100;14;;;
251221;2200;7;;;
251221;2300;2;;;
251222;0000;1;;;
251222;0100;1;;;
251222;0200;2;;;
251222;0300;2;;;
251222;0400;1;;;
251222;0500;1;;;
251222;0600;1;;;
251222;0700;5;;;
251222;0800;5;;;
251222;0900;4;;;
251222;1000;5;;;
251222;1100;5;;;
251222;1200;6;;;
251222;1300;11;;;
251222;1400;8;;;
251222;1500;4;;;
251222;1600;2;;;
251222;1700;4;;;
251222;1800;5;;;
251222;1900;4;;;
251222;2000;8;;;
251222;2100;7;;;
251222;2200;5;;;
251222;2300;4;;;
251223;0000;3;;;
251223;0100;1;;;
251223;0200;1;;;
251223;0300;2;;;
251223;0400;2;;;
251223;0500;1;;;
251223;0600;1;;;
251223;0700;3;;;
251223;0800;7;;;
251223;0900;5;;;
251223;1000;5;;;
251223;1100;5;;;
251223;1200;8;;;
251223;1300;5;;;
251223;1400;5;;;
251223;1500;4;;;
251223;1600;3;;;
251223;1700;3;;;
251223;1800;7;;;
251223;1900;8;;;
251223;2000;6;;;
251223;2100;9;;;
251223;2200;7;;;
251223;2300;4;;;
251224;0000;2;;;
251224;0100;1;;;
251224;0200;1;;;
251224;0300;1;;;
251224;0400;1;;;
251224;0500;1;;;
251224;0600;6;;;
251224;0700;5;;;
251224;0800;7;;;
251224;0900;6;;;
251224;1000;10;;;
251224;1100;9;;;
251224;1200;7;;;
251224;1300;7;;;
251224;1400;7;;;
251224;1500;6;;;
251224;1600;10;;;
251224;1700;15;;;
251224;1800;19;;;
251224;1900;17;;;
251224;2000;22;;;
251224;2100;16;;;
251224;2200;5;;;
251224;2300;7;;;
251225;0000;6;;;
251225;0100;3;;;
251225;0200;1;;;
251225;0300;1;;;
251225;0400;1;;;
251225;0500;2;;;
251225;0600;1;;;
251225;0700;1;;;
251225;0800;1;;;
251225;0900;1;;;
251225;1000;6;;;
251225;1100;4;;;
251225;1200;2;;;
251225;1300;4;;;
251225;1400;4;;;
251225;1500;4;;;
251225;1600;7;;;
251225;1700;5;;;
251225;1800;11;;;
251225;1900;17;;;
251225;2000;7;;;
251225;2100;12;;;
251225;2200;7;;;
251225;2300;1;;;
251226;0000;1;;;
251226;0100;1;;;
251226;0200;1;;;
251226;0300;1;;;
251226;0400;1;;;
251226;0500;1;;;
251226;0600;4;;;
251226;0700;5;;;
251226;0800;5;;;
251226;0900;7;;;
251226;1000;5;;;
251226;1100;5;;;
251226;1200;5;;;
251226;1300;7;;;
251226;1400;5;;;
251226;1500;7;;;
251226;1600;4;;;
251226;1700;7;;;
251226;1800;9;;;
251226;1900;8;;;
251226;2000;6;;;
251226;2100;5;;;
251226;2200;5;;;
251226;2300;3;;;
251227;0000;2;;;
251227;0100;2;;;
251227;0200;3;;;
251227;0300;3;;;
251227;0400;1;;;
251227;0500;1;;;
251227;0600;2;;;
251227;0700;1;;;
251227;0800;1;;;
251227;0900;1;;;
251227;1000;2;;;
251227;1100;4;;;
251227;1200;6;;;
251227;1300;5;;;
251227;1400;4;;;
251227;1500;2;;;
251227;1600;1;;;
251227;1700;3;;;
251227;1800;4;;;
251227;1900;5;;;
251227;2000;6;;;
251227;2100;5;;;
251227;2200;6;;;
251227;2300;5;;;
251228;0000;3;;;
251228;0100;1;;;
251228;0200;1;;;
251228;0300;1;;;
251228;0400;1;;;
251228;0500;1;;;
251228;0600;3;;;
251228;0700;2;;;
251228;0800;4;;;
251228;0900;7;;;
251228;1000;3;;;
251228;1100;1;;;
251228;1200;1;;;
251228;1300;2;;;
251228;1400;2;;;
251228;1500;2;;;
251228;1600;1;;;
251228;1700;1;;;
251228;1800;2;;;
251228;1900;2;;;
251228;2000;1;;;
251228;2100;2;;;
251228;2200;2;;;
251228;2300;1;;;
251229;0000;1;;;
251229;0100;1;;;
251229;0200;2;;;
251229;0300;1;;;
251229;0400;1;;;
251229;0500;1;;;
251229;0600;2;;;
251229;0700;1;;;
251229;0800;1;;;
251229;0900;7;;;
251229;1000;8;;;
251229;1100;4;;;
251229;1200;3;;;
251229;1300;1;;;
251229;1400;1;;;
251229;1500;2;;;
251229;1600;1;;;
251229;1700;1;;;
251229;1800;4;;;
251229;1900;5;;;
251229;2000;5;;;
251229;2100;4;;;
251229;2200;3;;;
251229;2300;1;;;
251230;0000;1;;;
251230;0100;1;;;
251230;0200;1;;;
251230;0300;1;;;
251230;0400;1;;;
251230;0500;1;;;
251230;0600;4;;;
251230;0700;5;;;
251230;0800;3;;;
251230;0900;6;;;
251230;1000;5;;;
251230;1100;2;;;
251230;1200;1;;;
251230;1300;1;;;
251230;1400;2;;;
251230;1500;2;;;
251230;1600;4;;;
251230;1700;4;;;
251230;1800;2;;;
251230;1900;1;;;
251230;2000;4;;;
251230;2100;3;;;
251230;2200;3;;;
251230;2300;2;;;
251231;0000;2;;;
251231;0100;2;;;
251231;0200;1;;;
251231;0300;1;;;
251231;0400;1;;;
251231;0500;4;;;
251231;0600;5;;;
251231;0700;3;;;
251231;0800;1;;;
251231;0900;4;;;
251231;1000;3;;;
251231;1100;4;;;
251231;1200;3;;;
251231;1300;2;;;
251231;1400;2;;;
251231;1500;2;;;
251231;1600;3;;;
251231;1700;2;;;
251231;1800;2;;;
251231;1900;17;;;
251231;2000;20;;;
251231;2100;33;;;
251231;2200;20;;;
251231;2300;20;;;
260101;0000;14;;;
260101;0100;9;;;
260101;0200;6;;;
260101;0300;4;;;
260101;0400;19;;;
260101;0500;8;;;
260101;0600;6;;;
260101;0700;3;;;
260101;0800;1;;;
260101;0900;2;;;
260101;1000;5;;;
260101;1100;2;;;
260101;1200;3;;;
260101;1300;3;;;
260101;1400;4;;;
260101;1500;4;;;
260101;1600;3;;;
260101;1700;5;;;
260101;1800;2;;;
260101;1900;1;;;
260101;2000;2;;;
260101;2100;6;;;
260101;2200;4;;;
260101;2300;3;;;
260102;0000;3;;;
260102;0100;2;;;
260102;0200;5;;;
260102;0300;3;;;
260102;0400;3;;;
260102;0500;4;;;
260102;0600;5;;;
260102;0700;3;;;
260102;0800;5;;;
260102;0900;3;;;
260102;1000;1;;;
260102;1100;1;;;
260102;1200;4;;;
260102;1300;3;;;
260102;1400;2;;;
260102;1500;2;;;
260102;1600;1;;;
260102;1700;2;;;
260102;1800;2;;;
260102;1900;3;;;
260102;2000;3;;;
260102;2100;1;;;
260102;2200;1;;;
260102;2300;1;;;
260103;0000;1;;;
260103;0100;1;;;
260103;0200;3;;;
260103;0300;2;;;
260103;0400;1;;;
260103;0500;1;;;
260103;0600;6;;;
260103;0700;5;;;
260103;0800;5;;;
260103;0900;7;;;
260103;1000;5;;;
260103;1100;2;;;
260103;1200;1;;;
260103;1300;6;;;
260103;1400;6;;;
260103;1500;4;;;
260103;1600;5;;;
260103;1700;3;;;
260103;1800;2;;;
260103;1900;4;;;
260103;2000;10;;;
260103;2100;7;;;
260103;2200;15;;;
260103;2300;15;;;
260104;0000;7;;;
260104;0100;11;;;
260104;0200;7;;;
260104;0300;7;;;
260104;0400;6;;;
260104;0500;6;;;
260104;0600;15;;;
260104;0700;10;;;
260104;0800;9;;;
260104;0900;15;;;
260104;1000;24;;;
260104;1100;13;;;
260104;1200;22;;;
260104;1300;11;;;
260104;1400;7;;;
260104;1500;3;;;
260104;1600;4;;;
260104;1700;4;;;
260104;1800;4;;;
260104;1900;8;;;
260104;2000;7;;;
260104;2100;21;;;
260104;2200;16;;;
260104;2300;6;;;
260105;0000;6;;;
260105;0100;4;;;
260105;0200;5;;;
260105;0300;8;;;
260105;0400;4;;;
260105;0500;4;;;
260105;0600;16;;;
260105;0700;4;;;
260105;0800;11;;;
260105;0900;8;;;
260105;1000;6;;;
260105;1100;5;;;
260105;1200;1;;;
260105;1300;1;;;
260105;1400;1;;;
260105;1500;5;;;
260105;1600;5;;;
260105;1700;5;;;
260105;1800;3;;;
260105;1900;4;;;
260105;2000;6;;;
260105;2100;3;;;
260105;2200;1;;;
260105;2300;1;;;
260106;0000;2;;;
260106;0100;1;;;
260106;0200;1;;;
260106;0300;1;;;
260106;0400;2;;;
260106;0500;2;;;
260106;0600;2;;;
260106;0700;15;;;
260106;0800;1;;;
260106;0900;1;;;
260106;1000;1;;;
260106;1100;1;;;
260106;1200;1;;;
260106;1300;1;;;
260106;1400;1;;;
260106;1500;1;;;
260106;1600;3;;;
260106;1700;2;;;
260106;1800;3;;;
260106;1900;6;;;
260106;2000;5;;;
260106;2100;6;;;
260106;2200;4;;;
260106;2300;3;;;
260107;0000;3;;;
260107;0100;4;;;
260107;0200;3;;;
260107;0300;3;;;
260107;0400;4;;;
260107;0500;6;;;
260107;0600;9;;;
260107;0700;7;;;
260107;0800;6;;;
260107;0900;5;;;
260107;1000;4;;;
260107;1100;4;;;
260107;1200;3;;;
260107;1300;6;;;
260107;1400;5;;;
260107;1500;2;;;
260107;1600;2;;;
260107;1700;2;;;
260107;1800;7;;;
260107;1900;9;;;
260107;2000;6;;;
260107;2100;4;;;
260107;2200;6;;;
260107;2300;21;;;
260108;0000;19;;;
260108;0100;7;;;
260108;0200;3;;;
260108;0300;2;;;
260108;0400;3;;;
260108;0500;7;;;
260108;0600;13;;;
260108;0700;12;;;
260108;0800;11;;;
260108;0900;10;;;
260108;1000;12;;;
260108;1100;12;;;
260108;1200;15;;;
260108;1300;1;;;
260108;1400;8;;;
260108;1500;6;;;
260108;1600;3;;;
260108;1700;1;;;
260108;1800;2;;;
260108;1900;4;;;
260108;2000;4;;;
260108;2100;3;;;
260108;2200;6;;;
260108;2300;3;;;
260109;0000;1;;;
260109;0100;2;;;
260109;0200;1;;;
260109;0300;1;;;
260109;0400;1;;;
260109;0500;2;;;
260109;0600;1;;;
260109;0700;1;;;
260109;0800;3;;;
260109;0900;7;;;
260109;1000;9;;;
260109;1100;14;;;
260109;1200;7;;;
260109;1300;2;;;
260109;1400;6;;;
260109;1500;6;;;
260109;1600;3;;;
260109;1700;1;;;
260109;1800;3;;;
260109;1900;3;;;
260109;2000;6;;;
260109;2100;9;;;
260109;2200;5;;;
260109;2300;2;;;
260110;0000;6;;;
260110;0100;6;;;
260110;0200;2;;;
260110;0300;2;;;
260110;0400;2;;;
260110;0500;7;;;
260110;0600;5;;;
260110;0700;2;;;
260110;0800;3;;;
260110;0900;7;;;
260110;1000;5;;;
260110;1100;3;;;
260110;1200;3;;;
260110;1300;1;;;
260110;1400;1;;;
260110;1500;4;;;
260110;1600;3;;;
260110;1700;1;;;
260110;1800;1;;;
260110;1900;4;;;
260110;2000;2;;;
260110;2100;1;;;
260110;2200;1;;;
260110;2300;1;;;
260111;0000;1;;;
260111;0100;1;;;
260111;0200;3;;;
260111;0300;1;;;
260111;0400;1;;;
260111;0500;1;;;
260111;0600;1;;;
260111;0700;1;;;
260111;0800;1;;;
260111;0900;3;;;
260111;1000;1;;;
260111;1100;1;;;
260111;1200;3;;;
260111;1300;2;;;
260111;1400;1;;;
260111;1500;3;;;
260111;1600;5;;;
260111;1700;2;;;
260111;1800;1;;;
260111;1900;4;;;
260111;2000;5;;;
260111;2100;5;;;
260111;2200;5;;;
260111;2300;3;;;
260112;0000;2;;;
260112;0100;2;;;
260112;0200;1;;;
260112;0300;1;;;
260112;0400;1;;;
260112;0500;1;;;
260112;0600;3;;;
260112;0700;6;;;
260112;0800;6;;;
260112;0900;4;;;
260112;1000;1;;;
260112;1100;5;;;
260112;1200;4;;;
260112;1300;3;;;
260112;1400;12;;;
260112;1500;8;;;
260112;1600;8;;;
260112;1700;7;;;
260112;1800;5;;;
260112;1900;12;;;
260112;2000;11;;;
260112;2100;8;;;
260112;2200;5;;;
260112;2300;8;;;
260113;0000;5;;;
260113;0100;2;;;
260113;0200;1;;;
260113;0300;3;;;
260113;0400;1;;;
260113;0500;1;;;
260113;0600;5;;;
260113;0700;9;;;
260113;0800;7;;;
260113;0900;5;;;
260113;1000;7;;;
260113;1100;6;;;
260113;1200;6;;;
260113;1300;9;;;
260113;1400;8;;;
260113;1500;4;;;
260113;1600;9;;;
260113;1700;8;;;
260113;1800;6;;;
260113;1900;7;;;
260113;2000;7;;;
260113;2100;8;;;
260113;2200;5;;;
260113;2300;1;;;
260114;0000;1;;;
260114;0100;1;;;
260114;0200;1;;;
260114;0300;1;;;
260114;0400;1;;;
260114;0500;2;;;
260114;0600;4;;;
260114;0700;5;;;
260114;0800;5;;;
260114;0900;6;;;
260114;1000;8;;;
260114;1100;6;;;
260114;1200;4;;;
260114;1300;5;;;
260114;1400;4;;;
260114;1500;6;;;
260114;1600;4;;;
260114;1700;4;;;
260114;1800;8;;;
260114;1900;7;;;
260114;2000;8;;;
260114;2100;5;;;
260114;2200;3;;;
260114;2300;1;;;
260115;0000;1;;;
260115;0100;3;;;
260115;0200;1;;;
260115;0300;1;;;
260115;0400;1;;;
260115;0500;2;;;
260115;0600;6;;;
260115;0700;6;;;
260115;0800;6;;;
260115;0900;6;;;
260115;1000;8;;;
260115;1100;6;;;
260115;1200;8;;;
260115;1300;6;;;
260115;1400;3;;;
260115;1500;3;;;
260115;1600;5;;;
260115;1700;6;;;
260115;1800;5;;;
260115;1900;4;;;
260115;2000;7;;;
260115;2100;5;;;
260115;2200;4;;;
260115;2300;2;;;
260116;0000;1;;;
260116;0100;1;;;
260116;0200;1;;;
260116;0300;1;;;
260116;0400;1;;;
260116;0500;1;;;
260116;0600;2;;;
260116;0700;15;;;
260116;0800;8;;;
260116;0900;5;;;
260116;1000;8;;;
260116;1100;5;;;
260116;1200;2;;;
260116;1300;8;;;
260116;1400;10;;;
260116;1500;7;;;
260116;1600;4;;;
260116;1700;5;;;
260116;1800;5;;;
260116;1900;8;;;
260116;2000;8;;;
260116;2100;7;;;
260116;2200;6;;;
260116;2300;3;;;
260117;0000;1;;;
260117;0100;4;;;
260117;0200;3;;;
260117;0300;1;;;
260117;0400;2;;;
260117;0500;6;;;
260117;0600;8;;;
260117;0700;6;;;
260117;0800;11;;;
260117;0900;8;;;
260117;1000;8;;;
260117;1100;5;;;
260117;1200;3;;;
260117;1300;2;;;
260117;1400;2;;;
260117;1500;2;;;
260117;1600;6;;;
260117;1700;5;;;
260117;1800;5;;;
260117;1900;5;;;
260117;2000;14;;;
260117;2100;17;;;
260117;2200;15;;;
260117;2300;5;;;
260118;0000;11;;;
260118;0100;8;;;
260118;0200;5;;;
260118;0300;5;;;
260118;0400;3;;;
260118;0500;14;;;
260118;0600;9;;;
260118;0700;6;;;
260118;0800;4;;;
260118;0900;3;;;
260118;1000;3;;;
260118;1100;2;;;
260118;1200;1;;;
260118;1300;2;;;
260118;1400;1;;;
260118;1500;1;;;
260118;1600;1;;;
260118;1700;1;;;
260118;1800;4;;;
260118;1900;3;;;
260118;2000;5;;;
260118;2100;9;;;
260118;2200;6;;;
260118;2300;8;;;
260119;0000;5;;;
260119;0100;1;;;
260119;0200;3;;;
260119;0300;1;;;
260119;0400;1;;;
260119;0500;4;;;
260119;0600;3;;;
260119;0700;6;;;
260119;0800;6;;;
260119;0900;3;;;
260119;1000;4;;;
260119;1100;3;;;
260119;1200;1;;;
260119;1300;1;;;
260119;1400;1;;;
260119;1500;1;;;
260119;1600;1;;;
260119;1700;2;;;
260119;1800;1;;;
260119;1900;4;;;
260119;2000;4;;;
260119;2100;1;;;
260119;2200;3;;;
260119;2300;6;;;
260120;0000;4;;;
260120;0100;3;;;
260120;0200;3;;;
260120;0300;1;;;
260120;0400;1;;;
260120;0500;4;;;
260120;0600;7;;;
260120;0700;6;;;
260120;0800;2;;;
260120;0900;1;;;
260120;1000;2;;;
260120;1100;1;;;
260120;1200;1;;;
260120;1300;1;;;
260120;1400;3;;;
260120;1500;3;;;
260120;1600;1;;;
260120;1700;1;;;
260120;1800;3;;;
260120;1900;5;;;
260120;2000;6;;;
260120;2100;7;;;
260120;2200;6;;;
260120;2300;7;;;
260121;0000;3;;;
260121;0100;1;;;
260121;0200;1;;;
260121;0300;1;;;
260121;0400;1;;;
260121;0500;7;;;
260121;0600;10;;;
260121;0700;5;;;
260121;0800;2;;;
260121;0900;3;;;
260121;1000;1;;;
260121;1100;2;;;
260121;1200;3;;;
260121;1300;1;;;
260121;1400;2;;;
260121;1500;1;;;
260121;1600;4;;;
260121;1700;5;;;
260121;1800;5;;;
260121;1900;5;;;
260121;2000;3;;;
260121;2100;2;;;
260121;2200;1;;;
260121;2300;2;;;
260122;0000;2;;;
260122;0100;3;;;
260122;0200;3;;;
260122;0300;2;;;
260122;0400;1;;;
260122;0500;4;;;
260122;0600;14;;;
260122;0700;11;;;
260122;0800;15;;;
260122;0900;11;;;
260122;1000;8;;;
260122;1100;9;;;
260122;1200;5;;;
260122;1300;2;;;
260122;1400;5;;;
260122;1500;4;;;
260122;1600;3;;;
260122;1700;2;;;
260122;1800;1;;;
260122;1900;5;;;
260122;2000;8;;;
260122;2100;25;;;
260122;2200;17;;;
260122;2300;12;;;
260123;0000;9;;;
260123;0100;5;;;
260123;0200;5;;;
260123;0300;5;;;
260123;0400;3;;;
260123;0500;20;;;
260123;0600;11;;;
260123;0700;6;;;
260123;0800;4;;;
260123;0900;6;;;
260123;1000;6;;;
260123;1100;8;;;
260123;1200;6;;;
260123;1300;8;;;
260123;1400;7;;;
260123;1500;5;;;
260123;1600;6;;;
260123;1700;6;;;
260123;1800;3;;;
260123;1900;2;;;
260123;2000;6;;;
260123;2100;8;;;
260123;2200;9;;;
260123;2300;5;;;
260124;0000;2;;;
260124;0100;4;;;
260124;0200;5;;;
260124;0300;7;;;
260124;0400;5;;;
260124;0500;3;;;
260124;0600;5;;;
260124;0700;4;;;
260124;0800;5;;;
260124;0900;4;;;
260124;1000;3;;;
260124;1100;3;;;
260124;1200;3;;;
260124;1300;3;;;
260124;1400;3;;;
260124;1500;1;;;
260124;1600;1;;;
260124;1700;1;;;
260124;1800;2;;;
260124;1900;4;;;
260124;2000;5;;;
260124;2100;6;;;
260124;2200;4;;;
260124;2300;2;;;
260125;0000;1;;;
260125;0100;1;;;
260125;0200;1;;;
260125;0300;1;;;
260125;0400;3;;;
260125;0500;8;;;
260125;0600;7;;;
260125;0700;6;;;
260125;0800;5;;;
260125;0900;7;;;
260125;1000;5;;;
260125;1100;5;;;
260125;1200;4;;;
260125;1300;1;;;
260125;1400;1;;;
260125;1500;1;;;
260125;1600;3;;;
260125;1700;5;;;
260125;1800;4;;;
260125;1900;1;;;
260125;2000;4;;;
260125;2100;4;;;
260125;2200;1;;;
260125;2300;2;;;
260126;0000;1;;;
260126;0100;1;;;
260126;0200;2;;;
260126;0300;1;;;
260126;0400;2;;;
260126;0500;13;;;
260126;0600;12;;;
260126;0700;7;;;
260126;0800;4;;;
260126;0900;1;;;
260126;1000;3;;;
260126;1100;3;;;
260126;1200;1;;;
260126;1300;1;;;
260126;1400;2;;;
260126;1500;1;;;
260126;1600;1;;;
260126;1700;1;;;
260126;1800;6;;;
260126;1900;8;;;
260126;2000;4;;;
260126;2100;7;;;
260126;2200;6;;;
260126;2300;1;;;
260127;0000;2;;;
260127;0100;2;;;
260127;0200;2;;;
260127;0300;2;;;
260127;0400;1;;;
260127;0500;2;;;
260127;0600;13;;;
260127;0700;7;;;
260127;0800;4;;;
260127;0900;4;;;
260127;1000;2;;;
260127;1100;1;;;
260127;1200;6;;;
260127;1300;5;;;
260127;1400;6;;;
260127;1500;7;;;
260127;1600;4;;;
260127;1700;2;;;
260127;1800;4;;;
260127;1900;5;;;
260127;2000;4;;;
260127;2100;4;;;
260127;2200;1;;;
260127;2300;1;;;
260128;0000;1;;;
260128;0100;1;;;
260128;0200;1;;;
260128;0300;1;;;
260128;0400;1;;;
260128;0500;1;;;
260128;0600;7;;;
260128;0700;9;;;
260128;0800;5;;;
260128;0900;2;;;
260128;1000;5;;;
260128;1100;5;;;
260128;1200;5;;;
260128;1300;4;;;
260128;1400;2;;;
260128;1500;1;;;
260128;1600;;;;
260128;1700;;;;
260128;1800;4;;;
260128;1900;2;;;
260128;2000;5;;;
260128;2100;10;;;
260128;2200;7;;;
260128;2300;4;;;
260129;0000;1;;;
260129;0100;1;;;
260129;0200;1;;;
260129;0300;1;;;
260129;0400;1;;;
260129;0500;24;;;
260129;0600;11;;;
260129;0700;9;;;
260129;0800;5;;;
260129;0900;3;;;
260129;1000;6;;;
260129;1100;5;;;
260129;1200;3;;;
260129;1300;1;;;
260129;1400;1;;;
260129;1500;2;;;
260129;1600;2;;;
260129;1700;1;;;
260129;1800;2;;;
260129;1900;4;;;
260129;2000;4;;;
260129;2100;2;;;
260129;2200;3;;;
260129;2300;4;;;
260130;0000;4;;;
260130;0100;2;;;
260130;0200;2;;;
260130;0300;2;;;
260130;0400;1;;;
260130;0500;1;;;
260130;0600;1;;;
260130;0700;1;;;
260130;0800;2;;;
260130;0900;2;;;
260130;1000;2;;;
260130;1100;3;;;
260130;1200;1;;;
260130;1300;2;;;
260130;1400;3;;;
260130;1500;1;;;
260130;1600;1;;;
260130;1700;1;;;
260130;1800;2;;;
260130;1900;5;;;
260130;2000;5;;;
260130;2100;6;;;
260130;2200;6;;;
260130;2300;8;;;
260131;0000;6;;;
260131;0100;3;;;
260131;0200;1;;;
260131;0300;1;;;
260131;0400;2;;;
260131;0500;1;;;
260131;0600;1;;;
260131;0700;4;;;
260131;0800;4;;;
260131;0900;1;;;
260131;1000;1;;;
260131;1100;1;;;
260131;1200;3;;;
260131;1300;2;;;
260131;1400;1;;;
260131;1500;1;;;
260131;1600;1;;;
260131;1700;1;;;
260131;1800;1;;;
260131;1900;1;;;
260131;2000;2;;;
260131;2100;4;;;
260131;2200;3;;;
260131;2300;3;;;
260201;0000;3;;;
260201;0100;2;;;
260201;0200;5;;;
260201;0300;4;;;
260201;0400;7;;;
260201;0500;6;;;
260201;0600;10;;;
260201;0700;7;;;
260201;0800;4;;;
260201;0900;6;;;
260201;1000;6;;;
260201;1100;3;;;
260201;1200;1;;;
260201;1300;1;;;
260201;1400;1;;;
260201;1500;1;;;
260201;1600;1;;;
260201;1700;2;;;
260201;1800;5;;;
260201;1900;4;;;
260201;2000;1;;;
260201;2100;2;;;
260201;2200;2;;;
260201;2300;1;;;
260202;0000;2;;;
260202;0100;2;;;
260202;0200;2;;;
260202;0300;1;;;
260202;0400;1;;;
260202;0500;1;;;
260202;0600;13;;;
260202;0700;13;;;
260202;0800;8;;;
260202;0900;5;;;
260202;1000;3;;;
260202;1100;6;;;
260202;1200;5;;;
260202;1300;4;;;
260202;1400;5;;;
260202;1500;4;;;
260202;1600;3;;;
260202;1700;3;;;
260202;1800;3;;;
260202;1900;5;;;
260202;2000;3;;;
260202;2100;1;;;
260202;2200;3;;;
260202;2300;4;;;
260203;0000;3;;;
260203;0100;1;;;
260203;0200;1;;;
260203;0300;4;;;
260203;0400;2;;;
260203;0500;3;;;
260203;0600;6;;;
260203;0700;7;;;
260203;0800;7;;;
260203;0900;10;;;
260203;1000;7;;;
260203;1100;7;;;
260203;1200;4;;;
260203;1300;6;;;
260203;1400;13;;;
260203;1500;7;;;
260203;1600;4;;;
260203;1700;5;;;
260203;1800;5;;;
260203;1900;9;;;
260203;2000;10;;;
260203;2100;;;;
260203;2200;;;;
260203;2300;12;;;
260204;0000;7;;;
260204;0100;2;;;
260204;0200;1;;;
260204;0300;1;;;
260204;0400;3;;;
260204;0500;3;;;
260204;0600;15;;;
260204;0700;8;;;
260204;0800;6;;;
260204;0900;7;;;
260204;1000;8;;;
260204;1100;5;;;
260204;1200;4;;;
260204;1300;5;;;
260204;1400;3;;;
260204;1500;2;;;
260204;1600;1;;;
260204;1700;2;;;
260204;1800;3;;;
260204;1900;17;;;
260204;2000;11;;;
260204;2100;34;;;
260204;2200;16;;;
260204;2300;9;;;
260205;0000;13;;;
260205;0100;9;;;
260205;0200;5;;;
260205;0300;2;;;
260205;0400;1;;;
260205;0500;1;;;
260205;0600;2;;;
260205;0700;4;;;
260205;0800;4;;;
260205;0900;6;;;
260205;1000;6;;;
260205;1100;4;;;
260205;1200;6;;;
260205;1300;6;;;
260205;1400;6;;;
260205;1500;5;;;
260205;1600;5;;;
260205;1700;6;;;
260205;1800;13;;;
260205;1900;10;;;
260205;2000;10;;;
260205;2100;10;;;
260205;2200;6;;;
260205;2300;2;;;
260206;0000;5;;;
260206;0100;2;;;
260206;0200;1;;;
260206;0300;1;;;
260206;0400;1;;;
260206;0500;1;;;
260206;0600;2;;;
260206;0700;5;;;
260206;0800;4;;;
260206;0900;3;;;
260206;1000;4;;;
260206;1100;3;;;
260206;1200;2;;;
260206;1300;2;;;
260206;1400;2;;;
260206;1500;3;;;
260206;1600;2;;;
260206;1700;1;;;
260206;1800;2;;;
260206;1900;1;;;
260206;2000;15;;;
260206;2100;13;;;
260206;2200;7;;;
260206;2300;2;;;
260207;0000;1;;;
260207;0100;2;;;
260207;0200;2;;;
260207;0300;2;;;
260207;0400;1;;;
260207;0500;1;;;
260207;0600;3;;;
260207;0700;3;;;
260207;0800;2;;;
260207;0900;1;;;
260207;1000;1;;;
260207;1100;1;;;
260207;1200;1;;;
260207;1300;1;;;
260207;1400;2;;;
260207;1500;1;;;
260207;1600;1;;;
260207;1700;1;;;
260207;1800;2;;;
260207;1900;4;;;
260207;2000;4;;;
260207;2100;6;;;
260207;2200;4;;;
260207;2300;2;;;
260208;0000;4;;;
260208;0100;3;;;
260208;0200;1;;;
260208;0300;1;;;
260208;0400;2;;;
260208;0500;2;;;
260208;0600;9;;;
260208;0700;5;;;
260208;0800;5;;;
260208;0900;4;;;
260208;1000;1;;;
260208;1100;1;;;
260208;1200;1;;;
260208;1300;1;;;
260208;1400;1;;;
260208;1500;1;;;
260208;1600;2;;;
260208;1700;1;;;
260208;1800;2;;;
260208;1900;5;;;
260208;2000;4;;;
260208;2100;6;;;
260208;2200;5;;;
260208;2300;2;;;
260209;0000;3;;;
260209;0100;4;;;
260209;0200;1;;;
260209;0300;1;;;
260209;0400;1;;;
260209;0500;2;;;
260209;0600;6;;;
260209;0700;6;;;
260209;0800;5;;;
260209;0900;7;;;
260209;1000;5;;;
260209;1100;6;;;
260209;1200;4;;;
260209;1300;4;;;
260209;1400;3;;;
260209;1500;12;;;
260209;1600;8;;;
260209;1700;9;;;
260209;1800;7;;;
260209;1900;8;;;
260209;2000;8;;;
260209;2100;9;;;
260209;2200;6;;;
260209;2300;3;;;
260210;0000;3;;;
260210;0100;3;;;
260210;0200;3;;;
260210;0300;2;;;
260210;0400;1;;;
260210;0500;4;;;
260210;0600;11;;;
260210;0700;21;;;
260210;0800;31;;;
260210;0900;28;;;
260210;1000;8;;;
260210;1100;9;;;
260210;1200;13;;;
260210;1300;10;;;
260210;1400;17;;;
260210;1500;11;;;
260210;1600;;;;
260210;1700;18;;;
260210;1800;20;;;
260210;1900;15;;;
260210;2000;16;;;
260210;2100;42;;;
260210;2200;15;;;
260210;2300;15;;;
260211;0000;8;;;
260211;0100;3;;;
260211;0200;1;;;
260211;0300;8;;;
260211;0400;5;;;
260211;0500;3;;;
260211;0600;16;;;
260211;0700;10;;;
260211;0800;7;;;
260211;0900;6;;;
260211;1000;7;;;
260211;1100;10;;;
260211;1200;6;;;
260211;1300;8;;;
260211;1400;7;;;
260211;1500;5;;;
260211;1600;8;;;
260211;1700;7;;;
260211;1800;16;;;
260211;1900;24;;;
260211;2000;20;;;
260211;2100;17;;;
260211;2200;17;;;
260211;2300;11;;;
260212;0000;7;;;
260212;0100;5;;;
260212;0200;3;;;
260212;0300;1;;;
260212;0400;2;;;
260212;0500;2;;;
260212;0600;4;;;
260212;0700;10;;;
260212;0800;13;;;
260212;0900;9;;;
260212;1000;9;;;
260212;1100;6;;;
260212;1200;4;;;
260212;1300;4;;;
260212;1400;3;;;
260212;1500;2;;;
260212;1600;5;;;
260212;1700;5;;;
260212;1800;4;;;
260212;1900;8;;;
260212;2000;28;;;
260212;2100;71;;;
260212;2200;56;;;
260212;2300;79;;;
260213;0000;48;;;
260213;0100;21;;;
260213;0200;24;;;
260213;0300;5;;;
260213;0400;14;;;
260213;0500;16;;;
260213;0600;15;;;
260213;0700;22;;;
260213;0800;10;;;
260213;0900;18;;;
260213;1000;7;;;
260213;1100;5;;;
260213;1200;1;;;
260213;1300;2;;;
260213;1400;3;;;
260213;1500;1;;;
260213;1600;1;;;
260213;1700;4;;;
260213;1800;6;;;
260213;1900;6;;;
260213;2000;10;;;
260213;2100;19;;;
260213;2200;8;;;
260213;2300;8;;;
260214;0000;4;;;
260214;0100;7;;;
260214;0200;9;;;
260214;0300;5;;;
260214;0400;3;;;
260214;0500;5;;;
260214;0600;6;;;
260214;0700;6;;;
260214;0800;6;;;
260214;0900;8;;;
260214;1000;5;;;
260214;1100;3;;;
260214;1200;5;;;
260214;1300;4;;;
260214;1400;3;;;
260214;1500;3;;;
260214;1600;3;;;
260214;1700;3;;;
260214;1800;4;;;
260214;1900;5;;;
260214;2000;16;;;
260214;2100;18;;;
260214;2200;18;;;
260214;2300;13;;;
260215;0000;16;;;
260215;0100;15;;;
260215;0200;14;;;
260215;0300;12;;;
260215;0400;7;;;
260215;0500;20;;;
260215;0600;19;;;
260215;0700;4;;;
260215;0800;5;;;
260215;0900;3;;;
260215;1000;2;;;
260215;1100;3;;;
260215;1200;5;;;
260215;1300;3;;;
260215;1400;1;;;
260215;1500;3;;;
260215;1600;2;;;
260215;1700;2;;;
260215;1800;4;;;
260215;1900;5;;;
260215;2000;15;;;
260215;2100;5;;;
260215;2200;12;;;
260215;2300;10;;;
260216;0000;7;;;
260216;0100;11;;;
260216;0200;10;;;
260216;0300;7;;;
260216;0400;4;;;
260216;0500;7;;;
260216;0600;20;;;
260216;0700;7;;;
260216;0800;12;;;
260216;0900;7;;;
260216;1000;4;;;
260216;1100;8;;;
260216;1200;10;;;
260216;1300;7;;;
260216;1400;4;;;
260216;1500;5;;;
260216;1600;8;;;
260216;1700;9;;;
260216;1800;8;;;
260216;1900;8;;;
260216;2000;6;;;
260216;2100;60;;;
260216;2200;33;;;
260216;2300;7;;;
260217;0000;7;;;
260217;0100;7;;;
260217;0200;4;;;
260217;0300;1;;;
260217;0400;2;;;
260217;0500;6;;;
260217;0600;6;;;
260217;0700;13;;;
260217;0800;16;;;
260217;0900;17;;;
260217;1000;6;;;
260217;1100;9;;;
260217;1200;6;;;
260217;1300;6;;;
260217;1400;4;;;
260217;1500;4;;;
260217;1600;3;;;
260217;1700;3;;;
260217;1800;4;;;
260217;1900;11;;;
260217;2000;12;;;
260217;2100;9;;;
260217;2200;7;;;
260217;2300;7;;;
260218;0000;5;;;
260218;0100;4;;;
260218;0200;3;;;
260218;0300;2;;;
260218;0400;3;;;
260218;0500;2;;;
260218;0600;9;;;
260218;0700;7;;;
260218;0800;6;;;
260218;0900;7;;;
260218;1000;7;;;
260218;1100;7;;;
260218;1200;6;;;
260218;1300;4;;;
260218;1400;6;;;
260218;1500;5;;;
260218;1600;5;;;
260218;1700;4;;;
260218;1800;13;;;
260218;1900;6;;;
260218;2000;9;;;
260218;2100;8;;;
260218;2200;11;;;
260218;2300;7;;;
260219;0000;3;;;
260219;0100;5;;;
260219;0200;3;;;
260219;0300;1;;;
260219;0400;1;;;
260219;0500;1;;;
260219;0600;4;;;
260219;0700;6;;;
260219;0800;5;;;
260219;0900;3;;;
260219;1000;3;;;
260219;1100;6;;;
260219;1200;6;;;
260219;1300;6;;;
260219;1400;5;;;
260219;1500;2;;;
260219;1600;1;;;
260219;1700;3;;;
260219;1800;9;;;
260219;1900;8;;;
260219;2000;12;;;
260219;2100;10;;;
260219;2200;6;;;
260219;2300;2;;;
260220;0000;1;;;
260220;0100;1;;;
260220;0200;1;;;
260220;0300;1;;;
260220;0400;1;;;
260220;0500;1;;;
260220;0600;2;;;
260220;0700;2;;;
260220;0800;1;;;
260220;0900;6;;;
260220;1000;7;;;
260220;1100;4;;;
260220;1200;3;;;
260220;1300;1;;;
260220;1400;1;;;
260220;1500;1;;;
260220;1600;1;;;
260220;1700;1;;;
260220;1800;1;;;
260220;1900;3;;;
260220;2000;11;;;
260220;2100;11;;;
260220;2200;14;;;
260220;2300;7;;;
260221;0000;3;;;
260221;0100;2;;;
260221;0200;1;;;
260221;0300;4;;;
260221;0400;6;;;
260221;0500;6;;;
260221;0600;41;;;
260221;0700;5;;;
260221;0800;4;;;
260221;0900;2;;;
260221;1000;1;;;
260221;1100;3;;;
260221;1200;2;;;
260221;1300;2;;;
260221;1400;3;;;
260221;1500;2;;;
260221;1600;2;;;
260221;1700;5;;;
260221;1800;7;;;
260221;1900;5;;;
260221;2000;5;;;
260221;2100;5;;;
260221;2200;4;;;
260221;2300;3;;;
260222;0000;4;;;
260222;0100;5;;;
260222;0200;5;;;
260222;0300;4;;;
260222;0400;2;;;
260222;0500;3;;;
260222;0600;1;;;
260222;0700;1;;;
260222;0800;1;;;
260222;0900;2;;;
260222;1000;3;;;
260222;1100;3;;;
260222;1200;3;;;
260222;1300;1;;;
260222;1400;1;;;
260222;1500;1;;;
260222;1600;1;;;
260222;1700;2;;;
260222;1800;3;;;
260222;1900;2;;;
260222;2000;2;;;
260222;2100;3;;;
260222;2200;6;;;
260222;2300;6;;;
260223;0000;3;;;
260223;0100;2;;;
260223;0200;1;;;
260223;0300;2;;;
260223;0400;2;;;
260223;0500;3;;;
260223;0600;3;;;
260223;0700;7;;;
260223;0800;6;;;
260223;0900;1;;;
260223;1000;5;;;
260223;1100;6;;;
260223;1200;4;;;
260223;1300;3;;;
260223;1400;3;;;
260223;1500;18;;;
260223;1600;9;;;
260223;1700;10;;;
260223;1800;8;;;
260223;1900;7;;;
260223;2000;21;;;
260223;2100;11;;;
260223;2200;18;;;
260223;2300;22;;;
260224;0000;10;;;
260224;0100;12;;;
260224;0200;7;;;
260224;0300;4;;;
260224;0400;3;;;
260224;0500;20;;;
260224;0600;33;;;
260224;0700;53;;;
260224;0800;10;;;
260224;0900;7;;;
260224;1000;6;;;
260224;1100;4;;;
260224;1200;4;;;
260224;1300;4;;;
260224;1400;3;;;
260224;1500;5;;;
260224;1600;3;;;
260224;1700;6;;;
260224;1800;7;;;
260224;1900;8;;;
260224;2000;8;;;
260224;2100;6;;;
260224;2200;22;;;
260224;2300;34;;;
260225;0000;18;;;
260225;0100;6;;;
260225;0200;5;;;
260225;0300;5;;;
260225;0400;15;;;
260225;0500;12;;;
260225;0600;32;;;
260225;0700;29;;;
260225;0800;12;;;
260225;0900;13;;;
260225;1000;9;;;
260225;1100;11;;;
260225;1200;7;;;
260225;1300;5;;;
260225;1400;3;;;
260225;1500;7;;;
260225;1600;4;;;
260225;1700;1;;;
260225;1800;5;;;
260225;1900;7;;;
260225;2000;22;;;
260225;2100;16;;;
260225;2200;47;;;
260225;2300;24;;;
260226;0000;9;;;
260226;0100;9;;;
260226;0200;7;;;
260226;0300;4;;;
260226;0400;1;;;
260226;0500;6;;;
260226;0600;9;;;
260226;0700;13;;;
260226;0800;9;;;
260226;0900;6;;;
260226;1000;3;;;
260226;1100;3;;;
260226;1200;3;;;
260226;1300;3;;;
260226;1400;4;;;
260226;1500;6;;;
260226;1600;4;;;
260226;1700;4;;;
260226;1800;3;;;
260226;1900;2;;;
260226;2000;10;;;
260226;2100;8;;;
260226;2200;4;;;
260226;2300;7;;;
260227;0000;5;;;
260227;0100;5;;;
260227;0200;4;;;
260227;0300;5;;;
260227;0400;4;;;
260227;0500;20;;;
260227;0600;32;;;
260227;0700;20;;;
260227;0800;13;;;
260227;0900;10;;;
260227;1000;10;;;
260227;1100;7;;;
260227;1200;4;;;
260227;1300;3;;;
260227;1400;5;;;
260227;1500;5;;;
260227;1600;11;;;
260227;1700;12;;;
260227;1800;7;;;
260227;1900;22;;;
260227;2000;24;;;
260227;2100;12;;;
260227;2200;6;;;
260227;2300;6;;;
260228;0000;4;;;
260228;0100;3;;;
260228;0200;2;;;
260228;0300;1;;;
260228;0400;1;;;
260228;0500;2;;;
260228;0600;5;;;
260228;0700;7;;;
260228;0800;6;;;
260228;0900;6;;;
260228;1000;13;;;
260228;1100;11;;;
260228;1200;15;;;
260228;1300;6;;;
260228;1400;9;;;
260228;1500;14;;;
260228;1600;11;;;
260228;1700;8;;;
260228;1800;15;;;
260228;1900;14;;;
260228;2000;10;;;
260228;2100;9;;;
260228;2200;7;;;
260228;2300;8;;;
260301;0000;9;;;
260301;0100;5;;;
260301;0200;4;;;
260301;0300;3;;;
260301;0400;7;;;
260301;0500;6;;;
260301;0600;4;;;
260301;0700;15;;;
260301;0800;13;;;
260301;0900;18;;;
260301;1000;29;;;
260301;1100;10;;;
260301;1200;17;;;
260301;1300;9;;;
260301;1400;5;;;
260301;1500;7;;;
260301;1600;6;;;
260301;1700;4;;;
260301;1800;8;;;
260301;1900;32;;;
260301;2000;12;;;
260301;2100;32;;;
260301;2200;11;;;
260301;2300;7;;;
260302;0000;2;;;
260302;0100;1;;;
260302;0200;3;;;
260302;0300;3;;;
260302;0400;1;;;
260302;0500;3;;;
260302;0600;9;;;
260302;0700;7;;;
260302;0800;7;;;
260302;0900;8;;;
260302;1000;8;;;
260302;1100;6;;;
260302;1200;5;;;
260302;1300;5;;;
260302;1400;3;;;
260302;1500;3;;;
260302;1600;3;;;
260302;1700;8;;;
260302;1800;9;;;
260302;1900;13;;;
260302;2000;11;;;
260302;2100;10;;;
260302;2200;13;;;
260302;2300;8;;;
260303;0000;6;;;
260303;0100;5;;;
260303;0200;2;;;
260303;0300;1;;;
260303;0400;1;;;
260303;0500;2;;;
260303;0600;29;;;
260303;0700;35;;;
260303;0800;47;;;
260303;0900;64;;;
260303;1000;41;;;
260303;1100;28;;;
260303;1200;16;;;
260303;1300;17;;;
260303;1400;6;;;
260303;1500;10;;;
260303;1600;14;;;
260303;1700;11;;;
260303;1800;8;;;
260303;1900;21;;;
260303;2000;27;;;
260303;2100;11;;;
260303;2200;8;;;
260303;2300;5;;;
260304;0000;4;;;
260304;0100;1;;;
260304;0200;1;;;
260304;0300;1;;;
260304;0400;1;;;
260304;0500;4;;;
260304;0600;13;;;
260304;0700;9;;;
260304;0800;9;;;
260304;0900;11;;;
260304;1000;6;;;
260304;1100;7;;;
260304;1200;6;;;
260304;1300;4;;;
260304;1400;4;;;
260304;1500;3;;;
260304;1600;2;;;
260304;1700;8;;;
260304;1800;15;;;
260304;1900;23;;;
260304;2000;30;;;
260304;2100;22;;;
260304;2200;12;;;
260304;2300;24;;;
260305;0000;15;;;
260305;0100;2;;;
260305;0200;3;;;
260305;0300;4;;;
260305;0400;3;;;
260305;0500;20;;;
260305;0600;59;;;
260305;0700;11;;;
260305;0800;13;;;
260305;0900;9;;;
260305;1000;8;;;
260305;1100;5;;;
260305;1200;5;;;
260305;1300;5;;;
260305;1400;7;;;
260305;1500;6;;;
260305;1600;3;;;
260305;1700;2;;;
260305;1800;3;;;
260305;1900;5;;;
260305;2000;25;;;
260305;2100;59;;;
260305;2200;50;;;
260305;2300;22;;;
260306;0000;34;;;
260306;0100;23;;;
260306;0200;28;;;
260306;0300;14;;;
260306;0400;17;;;
260306;0500;30;;;
260306;0600;59;;;
260306;0700;64;;;
260306;0800;52;;;
260306;0900;16;;;
260306;1000;10;;;
260306;1100;11;;;
260306;1200;6;;;
260306;1300;9;;;
260306;1400;7;;;
260306;1500;5;;;
260306;1600;8;;;
260306;1700;11;;;
260306;1800;10;;;
260306;1900;24;;;
260306;2000;84;;;
260306;2100;71;;;
260306;2200;82;;;
260306;2300;57;;;
260307;0000;47;;;
260307;0100;21;;;
260307;0200;18;;;
260307;0300;19;;;
260307;0400;11;;;
260307;0500;15;;;
260307;0600;32;;;
260307;0700;63;;;
260307;0800;35;;;
260307;0900;22;;;
260307;1000;10;;;
260307;1100;9;;;
260307;1200;9;;;
260307;1300;6;;;
260307;1400;6;;;
260307;1500;9;;;
260307;1600;13;;;
260307;1700;12;;;
260307;1800;16;;;
260307;1900;18;;;
260307;2000;19;;;
260307;2100;20;;;
260307;2200;21;;;
260307;2300;20;;;
260308;0000;22;;;
260308;0100;12;;;
260308;0200;12;;;
260308;0300;20;;;
260308;0400;12;;;
260308;0500;18;;;
260308;0600;19;;;
260308;0700;24;;;
260308;0800;36;;;
260308;0900;44;;;
260308;1000;29;;;
260308;1100;8;;;
260308;1200;9;;;
260308;1300;6;;;
260308;1400;5;;;
260308;1500;6;;;
260308;1600;6;;;
260308;1700;7;;;
260308;1800;9;;;
260308;1900;10;;;
260308;2000;7;;;
260308;2100;13;;;
260308;2200;16;;;
260308;2300;9;;;
260309;0000;13;;;
260309;0100;9;;;
260309;0200;5;;;
260309;0300;4;;;
260309;0400;4;;;
260309;0500;28;;;
260309;0600;35;;;
260309;0700;17;;;
260309;0800;35;;;
260309;0900;18;;;
260309;1000;6;;;
260309;1100;8;;;
260309;1200;6;;;
260309;1300;4;;;
260309;1400;4;;;
260309;1500;5;;;
260309;1600;14;;;
260309;1700;7;;;
260309;1800;10;;;
260309;1900;9;;;
260309;2000;11;;;
260309;2100;11;;;
260309;2200;6;;;
260309;2300;4;;;
260310;0000;2;;;
260310;0100;2;;;
260310;0200;4;;;
260310;0300;2;;;
260310;0400;2;;;
260310;0500;7;;;
260310;0600;43;;;
260310;0700;18;;;
260310;0800;5;;;
260310;0900;7;;;
260310;1000;6;;;
260310;1100;2;;;
260310;1200;1;;;
260310;1300;1;;;
260310;1400;3;;;
260310;1500;5;;;
260310;1600;4;;;
260310;1700;3;;;
260310;1800;7;;;
260310;1900;8;;;
260310;2000;16;;;
260310;2100;18;;;
260310;2200;21;;;
260310;2300;14;;;
260311;0000;8;;;
260311;0100;6;;;
260311;0200;8;;;
260311;0300;6;;;
260311;0400;8;;;
260311;0500;17;;;
260311;0600;60;;;
260311;0700;47;;;
260311;0800;13;;;
260311;0900;12;;;
260311;1000;7;;;
260311;1100;6;;;
260311;1200;6;;;
260311;1300;6;;;
260311;1400;3;;;
260311;1500;2;;;
260311;1600;2;;;
260311;1700;3;;;
260311;1800;5;;;
260311;1900;8;;;
260311;2000;6;;;
260311;2100;9;;;
260311;2200;7;;;
260311;2300;4;;;
260312;0000;4;;;
260312;0100;7;;;
260312;0200;4;;;
260312;0300;3;;;
260312;0400;6;;;
260312;0500;6;;;
260312;0600;15;;;
260312;0700;31;;;
260312;0800;2;;;
260312;0900;5;;;
260312;1000;5;;;
260312;1100;3;;;
260312;1200;3;;;
260312;1300;5;;;
260312;1400;4;;;
260312;1500;3;;;
260312;1600;5;;;
260312;1700;6;;;
260312;1800;8;;;
260312;1900;9;;;
260312;2000;17;;;
260312;2100;11;;;
260312;2200;8;;;
260312;2300;4;;;
260313;0000;2;;;
260313;0100;1;;;
260313;0200;1;;;
260313;0300;1;;;
260313;0400;1;;;
260313;0500;1;;;
260313;0600;6;;;
260313;0700;20;;;
260313;0800;2;;;
260313;0900;5;;;
260313;1000;5;;;
260313;1100;6;;;
260313;1200;8;;;
260313;1300;10;;;
260313;1400;8;;;
260313;1500;6;;;
260313;1600;9;;;
260313;1700;8;;;
260313;1800;15;;;
260313;1900;22;;;
260313;2000;27;;;
260313;2100;35;;;
260313;2200;42;;;
260313;2300;56;;;
260314;0000;28;;;
260314;0100;18;;;
260314;0200;13;;;
260314;0300;7;;;
260314;0400;8;;;
260314;0500;11;;;
260314;0600;18;;;
260314;0700;30;;;
260314;0800;26;;;
260314;0900;40;;;
260314;1000;69;;;
260314;1100;29;;;
260314;1200;38;;;
260314;1300;36;;;
260314;1400;42;;;
260314;1500;27;;;
260314;1600;51;;;
260314;1700;50;;;
260314;1800;25;;;
260314;1900;39;;;
260314;2000;15;;;
260314;2100;13;;;
260314;2200;29;;;
260314;2300;17;;;
260315;0000;12;;;
260315;0100;9;;;
260315;0200;5;;;
260315;0300;4;;;
260315;0400;2;;;
260315;0500;1;;;
260315;0600;3;;;
260315;0700;9;;;
260315;0800;7;;;
260315;0900;5;;;
260315;1000;5;;;
260315;1100;5;;;
260315;1200;5;;;
260315;1300;6;;;
260315;1400;7;;;
260315;1500;6;;;
260315;1600;4;;;
260315;1700;6;;;
260315;1800;18;;;
260315;1900;23;;;
260315;2000;17;;;
260315;2100;17;;;
260315;2200;18;;;
260315;2300;17;;;
260316;0000;7;;;
260316;0100;4;;;
260316;0200;4;;;
260316;0300;2;;;
260316;0400;2;;;
260316;0500;7;;;
260316;0600;28;;;
260316;0700;31;;;
260316;0800;22;;;
260316;0900;19;;;
260316;1000;17;;;
260316;1100;25;;;
260316;1200;18;;;
260316;1300;15;;;
260316;1400;10;;;
260316;1500;6;;;
260316;1600;6;;;
260316;1700;19;;;
260316;1800;14;;;
260316;1900;34;;;
260316;2000;18;;;
260316;2100;27;;;
260316;2200;8;;;
260316;2300;11;;;
260317;0000;12;;;
260317;0100;7;;;
260317;0200;4;;;
260317;0300;8;;;
260317;0400;4;;;
260317;0500;2;;;
260317;0600;9;;;
260317;0700;18;;;
260317;0800;19;;;
260317;0900;15;;;
260317;1000;6;;;
260317;1100;9;;;
260317;1200;8;;;
260317;1300;13;;;
260317;1400;15;;;
260317;1500;9;;;
260317;1600;21;;;
260317;1700;34;;;
260317;1800;32;;;
260317;1900;24;;;
260317;2000;38;;;
260317;2100;23;;;
260317;2200;15;;;
260317;2300;11;;;
260318;0000;17;;;
260318;0100;19;;;
260318;0200;13;;;
260318;0300;17;;;
260318;0400;10;;;
260318;0500;16;;;
260318;0600;19;;;
260318;0700;41;;;
260318;0800;51;;;
260318;0900;31;;;
260318;1000;28;;;
260318;1100;17;;;
260318;1200;8;;;
260318;1300;13;;;
260318;1400;18;;;
260318;1500;19;;;
260318;1600;20;;;
260318;1700;11;;;
260318;1800;22;;;
260318;1900;40;;;
260318;2000;71;;;
260318;2100;28;;;
260318;2200;25;;;
260318;2300;39;;;
260319;0000;29;;;
260319;0100;11;;;
260319;0200;14;;;
260319;0300;14;;;
260319;0400;10;;;
260319;0500;17;;;
260319;0600;21;;;
260319;0700;37;;;
260319;0800;30;;;
260319;0900;41;;;
260319;1000;12;;;
260319;1100;8;;;
260319;1200;5;;;
260319;1300;5;;;
260319;1400;6;;;
260319;1500;5;;;
260319;1600;34;;;
260319;1700;17;;;
260319;1800;49;;;
260319;1900;78;;;
260319;2000;36;;;
260319;2100;17;;;
260319;2200;44;;;
260319;2300;48;;;
260320;0000;28;;;
260320;0100;4;;;
260320;0200;5;;;
260320;0300;19;;;
260320;0400;1;;;
260320;0500;10;;;
260320;0600;25;;;
260320;0700;26;;;
260320;0800;24;;;
260320;0900;20;;;
260320;1000;17;;;
260320;1100;20;;;
260320;1200;15;;;
260320;1300;12;;;
260320;1400;9;;;
260320;1500;8;;;
260320;1600;;;;
260320;1700;;;;
260320;1800;13;;;
260320;1900;33;;;
260320;2000;13;;;
260320;2100;15;;;
260320;2200;17;;;
260320;2300;4;;;
260321;0000;5;;;
260321;0100;8;;;
260321;0200;5;;;
260321;0300;1;;;
260321;0400;1;;;
260321;0500;11;;;
260321;0600;6;;;
260321;0700;2;;;
260321;0800;18;;;
260321;0900;11;;;
260321;1000;7;;;
260321;1100;9;;;
260321;1200;14;;;
260321;1300;27;;;
260321;1400;24;;;
260321;1500;60;;;
260321;1600;55;;;
260321;1700;42;;;
260321;1800;46;;;
260321;1900;40;;;
260321;2000;34;;;
260321;2100;28;;;
260321;2200;32;;;
260321;2300;33;;;
260322;0000;10;;;
260322;0100;14;;;
260322;0200;11;;;
260322;0300;10;;;
260322;0400;6;;;
260322;0500;6;;;
260322;0600;9;;;
260322;0700;17;;;
260322;0800;23;;;
260322;0900;13;;;
260322;1000;8;;;
260322;1100;10;;;
260322;1200;10;;;
260322;1300;8;;;
260322;1400;5;;;
260322;1500;7;;;
260322;1600;7;;;
260322;1700;12;;;
260322;1800;44;;;
260322;1900;38;;;
260322;2000;33;;;
260322;2100;25;;;
260322;2200;15;;;
260322;2300;3;;;
260323;0000;3;;;
260323;0100;2;;;
260323;0200;1;;;
260323;0300;2;;;
260323;0400;2;;;
260323;0500;9;;;
260323;0600;21;;;
260323;0700;26;;;
260323;0800;6;;;
260323;0900;10;;;
260323;1000;22;;;
260323;1100;12;;;
260323;1200;24;;;
260323;1300;28;;;
260323;1400;16;;;
260323;1500;7;;;
260323;1600;20;;;
260323;1700;12;;;
260323;1800;22;;;
260323;1900;30;;;
260323;2000;12;;;
260323;2100;18;;;
260323;2200;9;;;
260323;2300;6;;;
260324;0000;5;;;
260324;0100;2;;;
260324;0200;1;;;
260324;0300;1;;;
260324;0400;5;;;
260324;0500;10;;;
260324;0600;11;;;
260324;0700;31;;;
260324;0800;13;;;
260324;0900;8;;;
260324;1000;7;;;
260324;1100;15;;;
260324;1200;5;;;
260324;1300;10;;;
260324;1400;9;;;
260324;1500;9;;;
260324;1600;11;;;
260324;1700;8;;;
260324;1800;18;;;
260324;1900;14;;;
260324;2000;14;;;
260324;2100;19;;;
260324;2200;6;;;
260324;2300;4;;;
260325;0000;2;;;
260325;0100;1;;;
260325;0200;1;;;
260325;0300;1;;;
260325;0400;1;;;
260325;0500;5;;;
260325;0600;20;;;
260325;0700;18;;;
260325;0800;13;;;
260325;0900;;;;
260325;1000;;;1;
260325;1100;;;1;
260325;1200;;;5;
260325;1300;;;4;
260325;1400;;;1;
260325;1500;;;4;
260325;1600;;;5;
260325;1700;;;2;
260325;1800;;;1;
260325;1900;;;1;
260325;2000;;;1;
260325;2100;;;1;
260325;2200;;;1;
260325;2300;;;1;
260326;0000;;;1;
260326;0100;;;1;
260326;0200;;;1;
260326;0300;;;1;
260326;0400;;;1;
260326;0500;;;1;
260326;0600;;;0;
260326;0700;;;1;
260326;0800;;;3;
260326;0900;;;4;
260326;1000;;;3;
260326;1100;;;1;
260326;1200;;;1;
260326;1300;;;1;
260326;1400;;;1;
260326;1500;;;1;
260326;1600;;;1;
260326;1700;;;2;
260326;1800;;;2;
260326;1900;;;2;
260326;2000;;;2;
260326;2100;;;2;
260326;2200;;;2;
260326;2300;;;1;
260327;0000;;;2;
260327;0100;;;1;
260327;0200;;;1;
260327;0300;;;3;
260327;0400;;;4;
260327;0500;;;3;
260327;0600;;;1;
260327;0700;;;1;
260327;0800;;;1;
260327;0900;;;2;
260327;1000;;;1;
260327;1100;;;1;
260327;1200;;;1;
260327;1300;;;1;
260327;1400;;;1;
260327;1500;;;1;
260327;1600;;;1;
260327;1700;;;1;
260327;1800;;;3;
260327;1900;;;1;
260327;2000;;;1;
260327;2100;;;1;
260327;2200;;;1;
260327;2300;;;2;
260328;0000;;;1;
260328;0100;;;1;
260328;0200;;;1;
260328;0300;;;1;
260328;0400;;;1;
260328;0500;;;1;
260328;0600;;;1;
260328;0700;;;1;
260328;0800;;;1;
260328;0900;;;3;
260328;1000;;;;
260328;1100;54;;;
260328;1200;12;;;
260328;1300;11;;;
260328;1400;25;;;
260328;1500;23;;;
260328;1600;44;;;
260328;1700;31;;;
260328;1800;35;;;
260328;1900;47;;;
260328;2000;55;;;
260328;2100;59;;;
260328;2200;86;;;
260328;2300;20;;;
260329;0000;23;;;
260329;0100;13;;;
260329;0200;8;;;
260329;0300;17;;;
260329;0400;18;;;
260329;0500;34;;;
260329;0600;27;;;
260329;0700;29;;;
260329;0800;10;;;
260329;0900;12;;;
260329;1000;9;;;
260329;1100;10;;;
260329;1200;7;;;
260329;1300;6;;;
260329;1400;5;;;
260329;1500;4;;;
260329;1600;7;;;
260329;1700;16;;;
260329;1800;19;;;
260329;1900;76;;;
260329;2000;66;;;
260329;2100;67;;;
260329;2200;41;;;
260329;2300;44;;;
260330;0000;27;;;
260330;0100;24;;;
260330;0200;12;;;
260330;0300;29;;;
260330;0400;11;;;
260330;0500;62;;;
260330;0600;50;;;
260330;0700;92;;;
260330;0800;51;;;
260330;0900;15;;;
260330;1000;10;;;
260330;1100;7;;;
260330;1200;5;;;
260330;1300;3;;;
260330;1400;5;;;
260330;1500;4;;;
260330;1600;2;;;
260330;1700;5;;;
260330;1800;15;;;
260330;1900;16;;;
260330;2000;21;;;
260330;2100;19;;;
260330;2200;11;;;
260330;2300;9;;;
260331;0000;4;;;
260331;0100;2;;;
260331;0200;4;;;
260331;0300;1;;;
260331;0400;4;;;
260331;0500;8;;;
260331;0600;8;;;
260331;0700;9;;;
260331;0800;17;;;
260331;0900;36;;;
260331;1000;6;;;
260331;1100;6;;;
260331;1200;10;;;
260331;1300;7;;;
260331;1400;5;;;
260331;1500;11;;;
260331;1600;16;;;
260331;1700;12;;;
260331;1800;15;;;
260331;1900;12;;;
260331;2000;18;;;
260331;2100;8;;;
260331;2200;9;;;
260331;2300;8;;;
260401;0000;6;;;
260401;0100;2;;;
260401;0200;1;;;
260401;0300;2;;;
260401;0400;3;;;
260401;0500;2;;;
260401;0600;4;;;
260401;0700;10;;;
260401;0800;19;;;
260401;0900;7;;;
260401;1000;5;;;
260401;1100;4;;;
260401;1200;10;;;
260401;1300;8;;;
260401;1400;9;;;
260401;1500;7;;;
260401;1600;9;;;
260401;1700;9;;;
260401;1800;18;;;
260401;1900;23;;;
260401;2000;11;;;
260401;2100;16;;;
260401;2200;7;;;
260401;2300;4;;;
260402;0000;1;;;
260402;0100;1;;;
260402;0200;1;;;
260402;0300;1;;;
260402;0400;1;;;
260402;0500;5;;;
260402;0600;4;;;
260402;0700;6;;;
260402;0800;9;;;
260402;0900;12;;;
260402;1000;19;;;
260402;1100;1;;;
260402;1200;1;;;
260402;1300;3;;;
260402;1400;17;;;
260402;1500;20;;;
260402;1600;25;;;
260402;1700;25;;;
260402;1800;19;;;
260402;1900;16;;;
260402;2000;17;;;
260402;2100;7;;;
260402;2200;16;;;
260402;2300;8;;;
260403;0000;16;;;
260403;0100;6;;;
260403;0200;5;;;
260403;0300;5;;;
260403;0400;6;;;
260403;0500;32;;;
260403;0600;40;;;
260403;0700;17;;;
260403;0800;20;;;
260403;0900;15;;;
260403;1000;9;;;
260403;1100;12;;;
260403;1200;11;;;
260403;1300;16;;;
260403;1400;14;;;
260403;1500;12;;;
260403;1600;12;;;
260403;1700;14;;;
260403;1800;18;;;
260403;1900;59;;;
260403;2000;58;;;
260403;2100;36;;;
260403;2200;20;;;
260403;2300;19;;;
260404;0000;33;;;
260404;0100;63;;;
260404;0200;20;;;
260404;0300;56;;;
260404;0400;14;;;
260404;0500;34;;;
260404;0600;25;;;
260404;0700;117;;;
260404;0800;55;;;
260404;0900;28;;;
260404;1000;56;;;
260404;1100;21;;;
260404;1200;16;;;
260404;1300;8;;;
260404;1400;13;;;
260404;1500;9;;;
260404;1600;16;;;
260404;1700;18;;;
260404;1800;134;;;
260404;1900;284;;;
260404;2000;457;;;
260404;2100;342;;;
260404;2200;393;;;
260404;2300;364;;;
260405;0000;217;;;
260405;0100;164;;;
260405;0200;151;;;
260405;0300;137;;;
260405;0400;47;;;
260405;0500;31;;;
260405;0600;59;;;
260405;0700;99;;;
260405;0800;94;;;
260405;0900;70;;;
260405;1000;28;;;
260405;1100;21;;;
260405;1200;14;;;
260405;1300;9;;;
260405;1400;7;;;
260405;1500;7;;;
260405;1600;7;;;
260405;1700;11;;;
260405;1800;58;;;
260405;1900;49;;;
260405;2000;146;;;
260405;2100;49;;;
260405;2200;69;;;
260405;2300;15;;;
260406;0000;31;;;
260406;0100;20;;;
260406;0200;5;;;
260406;0300;5;;;
260406;0400;3;;;
260406;0500;11;;;
260406;0600;25;;;
260406;0700;10;;;
260406;0800;14;;;
260406;0900;8;;;
260406;1000;4;;;
260406;1100;3;;;
260406;1200;3;;;
260406;1300;4;;;
260406;1400;3;;;
260406;1500;2;;;
260406;1600;4;;;
260406;1700;25;;;
260406;1800;23;;;
260406;1900;35;;;
260406;2000;30;;;
260406;2100;70;;;
260406;2200;45;;;
260406;2300;48;;;
260407;0000;14;;;
260407;0100;14;;;
260407;0200;16;;;
260407;0300;2;;;
260407;0400;10;;;
260407;0500;35;;;
260407;0600;72;;;
260407;0700;34;;;
260407;0800;26;;;
260407;0900;9;;;
260407;1000;5;;;
260407;1100;2;;;
260407;1200;2;;;
260407;1300;2;;;
260407;1400;1;;;
260407;1500;4;;;
260407;1600;7;;;
260407;1700;7;;;
260407;1800;13;;;
260407;1900;24;;;
260407;2000;37;;;
260407;2100;12;;;
260407;2200;13;;;
260407;2300;12;;;
260408;0000;11;;;
260408;0100;12;;;
260408;0200;6;;;
260408;0300;4;;;
260408;0400;8;;;
260408;0500;7;;;
260408;0600;31;;;
260408;0700;39;;;
260408;0800;13;;;
260408;0900;10;;;
260408;1000;9;;;
260408;1100;7;;;
260408;1200;6;;;
260408;1300;6;;;
260408;1400;5;;;
260408;1500;5;;;
260408;1600;9;;;
260408;1700;10;;;
260408;1800;29;;;
260408;1900;19;;;
260408;2000;29;;;
260408;2100;13;;;
260408;2200;9;;;
260408;2300;6;;;
260409;0000;6;;;
260409;0100;3;;;
260409;0200;2;;;
260409;0300;3;;;
260409;0400;1;;;
260409;0500;6;;;
260409;0600;10;;;
260409;0700;10;;;
260409;0800;17;;;
260409;0900;15;;;
260409;1000;12;;;
260409;1100;8;;;
260409;1200;8;;;
260409;1300;6;;;
260409;1400;8;;;
260409;1500;10;;;
260409;1600;10;;;
260409;1700;20;;;
260409;1800;12;;;
260409;1900;18;;;
260409;2000;18;;;
260409;2100;13;;;
260409;2200;9;;;
260409;2300;13;;;
260410;0000;8;;;
260410;0100;4;;;
260410;0200;3;;;
260410;0300;4;;;
260410;0400;5;;;
260410;0500;4;;;
260410;0600;13;;;
260410;0700;12;;;
260410;0800;18;;;
260410;0900;23;;;
260410;1000;20;;;
260410;1100;9;;;
260410;1200;16;;;
260410;1300;5;;;
260410;1400;3;;;
260410;1500;4;;;
260410;1600;7;;;
260410;1700;15;;;
260410;1800;22;;;
260410;1900;38;;;
260410;2000;21;;;
260410;2100;15;;;
260410;2200;5;;;
260410;2300;6;;;
260411;0000;4;;;
260411;0100;2;;;
260411;0200;1;;;
260411;0300;2;;;
260411;0400;1;;;
260411;0500;2;;;
260411;0600;2;;;
260411;0700;2;;;
260411;0800;6;;;
260411;0900;9;;;
260411;1000;6;;;
260411;1100;4;;;
260411;1200;18;;;
260411;1300;18;;;
260411;1400;14;;;
260411;1500;15;;;
260411;1600;23;;;
260411;1700;25;;;
260411;1800;27;;;
260411;1900;19;;;
260411;2000;18;;;
260411;2100;42;;;
260411;2200;11;;;
260411;2300;18;;;
260412;0000;17;;;
260412;0100;19;;;
260412;0200;9;;;
260412;0300;5;;;
260412;0400;6;;;
260412;0500;5;;;
260412;0600;11;;;
260412;0700;31;;;
260412;0800;15;;;
260412;0900;10;;;
260412;1000;9;;;
260412;1100;10;;;
260412;1200;12;;;
260412;1300;12;;;
260412;1400;8;;;
260412;1500;8;;;
260412;1600;19;;;
260412;1700;21;;;
260412;1800;19;;;
260412;1900;25;;;
260412;2000;31;;;
260412;2100;19;;;
260412;2200;26;;;
260412;2300;23;;;
260413;0000;17;;;
260413;0100;18;;;
260413;0200;6;;;
260413;0300;5;;;
260413;0400;3;;;
260413;0500;9;;;
260413;0600;25;;;
260413;0700;20;;;
260413;0800;19;;;
260413;0900;11;;;
260413;1000;12;;;
260413;1100;11;;;
260413;1200;8;;;
260413;1300;5;;;
260413;1400;5;;;
260413;1500;4;;;
260413;1600;20;;;
260413;1700;28;;;
260413;1800;74;;;
260413;1900;147;;;
260413;2000;229;;;
260413;2100;38;;;
260413;2200;21;;;
260413;2300;16;;;
260414;0000;21;;;
260414;0100;17;;;
260414;0200;30;;;
260414;0300;11;;;
260414;0400;6;;;
260414;0500;3;;;
260414;0600;7;;;
260414;0700;9;;;
260414;0800;19;;;
260414;0900;15;;;
260414;1000;10;;;
260414;1100;10;;;
260414;1200;15;;;
260414;1300;12;;;
260414;1400;11;;;
260414;1500;8;;;
260414;1600;5;;;
260414;1700;6;;;
260414;1800;20;;;
260414;1900;33;;;
260414;2000;12;;;
260414;2100;17;;;
260414;2200;9;;;
260414;2300;10;;;
260415;0000;7;;;
260415;0100;3;;;
260415;0200;1;;;
260415;0300;3;;;
260415;0400;3;;;
260415;0500;10;;;
260415;0600;32;;;
260415;0700;16;;;
260415;0800;13;;;
260415;0900;11;;;
260415;1000;11;;;
260415;1100;6;;;
260415;1200;3;;;
260415;1300;2;;;
260415;1400;4;;;
260415;1500;4;;;
260415;1600;6;;;
260415;1700;12;;;
260415;1800;25;;;
260415;1900;226;;;
260415;2000;157;;;
260415;2100;159;;;
260415;2200;205;;;
260415;2300;148;;;
260416;0000;120;;;
260416;0100;36;;;
260416;0200;9;;;
260416;0300;6;;;
260416;0400;3;;;
260416;0500;10;;;
260416;0600;23;;;
260416;0700;30;;;
260416;0800;45;;;
260416;0900;12;;;
260416;1000;12;;;
260416;1100;17;;;
260416;1200;15;;;
260416;1300;22;;;
260416;1400;13;;;
260416;1500;24;;;
260416;1600;13;;;
260416;1700;15;;;
260416;1800;41;;;
260416;1900;19;;;
260416;2000;32;;;
260416;2100;35;;;
260416;2200;14;;;
260416;2300;24;;;
260417;0000;15;;;
260417;0100;8;;;
260417;0200;5;;;
260417;0300;2;;;
260417;0400;3;;;
260417;0500;8;;;
260417;0600;20;;;
260417;0700;22;;;
260417;0800;52;;;
260417;0900;16;;;
260417;1000;20;;;
260417;1100;6;;;
260417;1200;9;;;
260417;1300;9;;;
260417;1400;13;;;
260417;1500;10;;;
260417;1600;11;;;
260417;1700;19;;;
260417;1800;35;;;
260417;1900;79;;;
260417;2000;72;;;
260417;2100;27;;;
260417;2200;19;;;
260417;2300;39;;;
260418;0000;46;;;
260418;0100;24;;;
260418;0200;17;;;
260418;0300;14;;;
260418;0400;10;;;
260418;0500;22;;;
260418;0600;14;;;
260418;0700;22;;;
260418;0800;24;;;
260418;0900;41;;;
260418;1000;66;;;
260418;1100;72;;;
260418;1200;93;;;
260418;1300;25;;;
260418;1400;29;;;
260418;1500;40;;;
260418;1600;34;;;
260418;1700;30;;;
260418;1800;33;;;
260418;1900;44;;;
260418;2000;42;;;
260418;2100;96;;;
260418;2200;38;;;
260418;2300;23;;;
260419;0000;39;;;
260419;0100;29;;;
260419;0200;28;;;
260419;0300;21;;;
260419;0400;18;;;
260419;0500;16;;;
260419;0600;30;;;
260419;0700;42;;;
260419;0800;26;;;
260419;0900;21;;;
260419;1000;30;;;
260419;1100;16;;;
260419;1200;11;;;
260419;1300;12;;;
260419;1400;11;;;
260419;1500;15;;;
260419;1600;18;;;
260419;1700;28;;;
260419;1800;29;;;
260419;1900;34;;;
260419;2000;15;;;
260419;2100;19;;;
260419;2200;16;;;
260419;2300;10;;;
260420;0000;7;;;
260420;0100;4;;;
260420;0200;3;;;
260420;0300;2;;;
260420;0400;1;;;
260420;0500;1;;;
260420;0600;5;;;
260420;0700;23;;;
260420;0800;15;;;
260420;0900;8;;;
260420;1000;7;;;
260420;1100;8;;;
260420;1200;10;;;
260420;1300;7;;;
260420;1400;10;;;
260420;1500;9;;;
260420;1600;;;;
260420;1700;;;;
260420;1800;59;;;
260420;1900;159;;;
260420;2000;66;;;
260420;2100;47;;;
260420;2200;19;;;
260420;2300;18;;;
260421;0000;7;;;
260421;0100;6;;;
260421;0200;4;;;
260421;0300;3;;;
260421;0400;2;;;
260421;0500;3;;;
260421;0600;16;;;
260421;0700;18;;;
260421;0800;18;;;
260421;0900;9;;;
260421;1000;9;;;
260421;1100;11;;;
260421;1200;9;;;
260421;1300;6;;;
260421;1400;7;;;
260421;1500;18;;;
260421;1600;9;;;
260421;1700;19;;;
260421;1800;24;;;
260421;1900;31;;;
260421;2000;56;;;
260421;2100;80;;;
260421;2200;37;;;
260421;2300;16;;;
260422;0000;7;;;
260422;0100;7;;;
260422;0200;4;;;
260422;0300;1;;;
260422;0400;1;;;
260422;0500;2;;;
260422;0600;13;;;
260422;0700;30;;;
260422;0800;85;;;
260422;0900;47;;;
260422;1000;13;;;
260422;1100;10;;;
260422;1200;9;;;
260422;1300;14;;;
260422;1400;10;;;
260422;1500;9;;;
260422;1600;13;;;
260422;1700;17;;;
260422;1800;10;;;
260422;1900;9;;;
260422;2000;6;;;
260422;2100;7;;;
260422;2200;15;;;
260422;2300;8;;;
260423;0000;6;;;
260423;0100;5;;;
260423;0200;1;;;
260423;0300;1;;;
260423;0400;3;;;
260423;0500;17;;;
260423;0600;22;;;
260423;0700;31;;;
260423;0800;27;;;
260423;0900;12;;;
260423;1000;9;;;
260423;1100;19;;;
260423;1200;27;;;
260423;1300;20;;;
260423;1400;14;;;
260423;1500;13;;;
260423;1600;19;;;
260423;1700;29;;;
260423;1800;22;;;
260423;1900;23;;;
260423;2000;36;;;
260423;2100;25;;;
260423;2200;25;;;
260423;2300;20;;;
260424;0000;15;;;
260424;0100;8;;;
260424;0200;7;;;
260424;0300;6;;;
260424;0400;4;;;
260424;0500;7;;;
260424;0600;16;;;
260424;0700;14;;;
260424;0800;16;;;
260424;0900;18;;;
260424;1000;9;;;
260424;1100;8;;;
260424;1200;10;;;
260424;1300;13;;;
260424;1400;11;;;
260424;1500;11;;;
260424;1600;19;;;
260424;1700;24;;;
260424;1800;31;;;
260424;1900;28;;;
260424;2000;21;;;
260424;2100;15;;;
260424;2200;26;;;
260424;2300;11;;;
260425;0000;9;;;
260425;0100;6;;;
260425;0200;5;;;
260425;0300;3;;;
260425;0400;1;;;
260425;0500;1;;;
260425;0600;3;;;
260425;0700;6;;;
260425;0800;25;;;
260425;0900;56;;;
260425;1000;36;;;
260425;1100;23;;;
260425;1200;37;;;
260425;1300;52;;;
260425;1400;12;;;
260425;1500;14;;;
260425;1600;17;;;
260425;1700;50;;;
260425;1800;65;;;
260425;1900;24;;;
260425;2000;39;;;
260425;2100;66;;;
260425;2200;71;;;
260425;2300;174;;;
260426;0000;105;;;
260426;0100;69;;;
260426;0200;57;;;
260426;0300;86;;;
260426;0400;48;;;
260426;0500;47;;;
260426;0600;40;;;
260426;0700;90;;;
260426;0800;67;;;
260426;0900;45;;;
260426;1000;19;;;
260426;1100;29;;;
260426;1200;12;;;
260426;1300;9;;;
260426;1400;11;;;
260426;1500;15;;;
260426;1600;18;;;
260426;1700;27;;;
260426;1800;43;;;
260426;1900;46;;;
260426;2000;33;;;
260426;2100;43;;;
260426;2200;20;;;
260426;2300;16;;;
260427;0000;4;;;
260427;0100;6;;;
260427;0200;5;;;
260427;0300;6;;;
260427;0400;3;;;
260427;0500;8;;;
260427;0600;43;;;
260427;0700;16;;;
260427;0800;39;;;
260427;0900;29;;;
260427;1000;11;;;
260427;1100;8;;;
260427;1200;10;;;
260427;1300;11;;;
260427;1400;9;;;
260427;1500;15;;;
260427;1600;12;;;
260427;1700;23;;;
260427;1800;59;;;
260427;1900;62;;;
260427;2000;214;;;
260427;2100;254;;;
260427;2200;211;;;
260427;2300;121;;;
260428;0000;42;;;
260428;0100;12;;;
260428;0200;6;;;
260428;0300;5;;;
260428;0400;3;;;
260428;0500;5;;;
260428;0600;29;;;
260428;0700;24;;;
260428;0800;46;;;
260428;0900;43;;;
260428;1000;48;;;
260428;1100;138;;;
260428;1200;65;;;
260428;1300;16;;;
260428;1400;27;;;
260428;1500;22;;;
260428;1600;40;;;
260428;1700;32;;;
260428;1800;33;;;
260428;1900;29;;;
260428;2000;15;;;
260428;2100;14;;;
260428;2200;9;;;
260428;2300;7;;;
260429;0000;7;;;
260429;0100;3;;;
260429;0200;1;;;
260429;0300;1;;;
260429;0400;1;;;
260429;0500;6;;;
260429;0600;15;;;
260429;0700;19;;;
260429;0800;17;;;
260429;0900;15;;;
260429;1000;9;;;
260429;1100;11;;;
260429;1200;9;;;
260429;1300;10;;;
260429;1400;12;;;
260429;1500;15;;;
260429;1600;22;;;
260429;1700;26;;;
260429;1800;47;;;
260429;1900;61;;;
260429;2000;49;;;
260429;2100;12;;;
260429;2200;31;;;
260429;2300;17;;;
260430;0000;14;;;
260430;0100;8;;;
260430;0200;3;;;
260430;0300;1;;;
260430;0400;1;;;
260430;0500;5;;;
260430;0600;24;;;
260430;0700;19;;;
260430;0800;24;;;
260430;0900;26;;;
260430;1000;15;;;
260430;1100;22;;;
260430;1200;27;;;
260430;1300;28;;;
260430;1400;28;;;
260430;1500;62;;;
260430;1600;69;;;
260430;1700;56;;;
260430;1800;48;;;
260430;1900;120;;;
260430;2000;114;;;
260430;2100;122;;;
260430;2200;38;;;
260430;2300;49;;;
260501;0000;21;;;
260501;0100;18;;;
260501;0200;4;;;
260501;0300;6;;;
260501;0400;8;;;
260501;0500;13;;;
260501;0600;43;;;
260501;0700;37;;;
260501;0800;63;;;
260501;0900;33;;;
260501;1000;12;;;
260501;1100;15;;;
260501;1200;15;;;
260501;1300;18;;;
260501;1400;10;;;
260501;1500;27;;;
260501;1600;19;;;
260501;1700;83;;;
260501;1800;32;;;
260501;1900;50;;;
260501;2000;41;;;
260501;2100;104;;;
260501;2200;175;;;
260501;2300;31;;;
260502;0000;33;;;
260502;0100;46;;;
260502;0200;50;;;
260502;0300;30;;;
260502;0400;35;;;
260502;0500;31;;;
260502;0600;34;;;
260502;0700;53;;;
260502;0800;140;;;
260502;0900;54;;;
260502;1000;15;;;
260502;1100;8;;;
260502;1200;8;;;
260502;1300;9;;;
260502;1400;11;;;
260502;1500;23;;;
260502;1600;54;;;
260502;1700;81;;;
260502;1800;115;;;
260502;1900;123;;;
260502;2000;109;;;
260502;2100;94;;;
260502;2200;119;;;
260502;2300;63;;;
260503;0000;74;;;
260503;0100;125;;;
260503;0200;43;;;
260503;0300;56;;;
260503;0400;74;;;
260503;0500;45;;;
260503;0600;61;;;
260503;0700;34;;;
260503;0800;42;;;
260503;0900;33;;;
260503;1000;76;;;
260503;1100;24;;;
260503;1200;17;;;
260503;1300;20;;;
260503;1400;15;;;
260503;1500;15;;;
260503;1600;9;;;
260503;1700;15;;;
260503;1800;18;;;
260503;1900;66;;;
260503;2000;17;;;
260503;2100;20;;;
260503;2200;8;;;
260503;2300;10;;;
260504;0000;5;;;
260504;0100;5;;;
260504;0200;4;;;
260504;0300;3;;;
260504;0400;2;;;
260504;0500;11;;;
260504;0600;15;;;
260504;0700;13;;;
260504;0800;29;;;
260504;0900;20;;;
260504;1000;21;;;
260504;1100;19;;;
260504;1200;23;;;
260504;1300;15;;;
260504;1400;23;;;
260504;1500;31;;;
260504;1600;33;;;
260504;1700;37;;;
260504;1800;31;;;
260504;1900;36;;;
260504;2000;38;;;
260504;2100;27;;;
260504;2200;21;;;
260504;2300;14;;;
260505;0000;13;;;
260505;0100;14;;;
260505;0200;28;;;
260505;0300;22;;;
260505;0400;3;;;
260505;0500;28;;;
260505;0600;33;;;
260505;0700;111;;;
260505;0800;62;;;
260505;0900;21;;;
260505;1000;11;;;
260505;1100;11;;;
260505;1200;12;;;
260505;1300;20;;;
260505;1400;14;;;
260505;1500;11;;;
260505;1600;17;;;
260505;1700;32;;;
260505;1800;78;;;
260505;1900;307;;;
260505;2000;228;;;
260505;2100;162;;;
260505;2200;140;;;
260505;2300;68;;;
260506;0000;105;;;
260506;0100;103;;;
260506;0200;92;;;
260506;0300;59;;;
260506;0400;48;;;
260506;0500;78;;;
260506;0600;99;;;
260506;0700;126;;;
260506;0800;81;;;
260506;0900;62;;;
260506;1000;24;;;
260506;1100;52;;;
260506;1200;32;;;
260506;1300;33;;;
260506;1400;35;;;
260506;1500;41;;;
260506;1600;16;;;
260506;1700;67;;;
260506;1800;92;;;
260506;1900;249;;;
260506;2000;238;;;
260506;2100;72;;;
260506;2200;97;;;
260506;2300;23;;;
260507;0000;66;;;
260507;0100;11;;;
260507;0200;9;;;
260507;0300;7;;;
260507;0400;12;;;
260507;0500;61;;;
260507;0600;63;;;
260507;0700;237;;;
260507;0800;91;;;
260507;0900;21;;;
260507;1000;19;;;
260507;1100;9;;;
260507;1200;14;;;
260507;1300;16;;;
260507;1400;15;;;
260507;1500;15;;;
260507;1600;35;;;
260507;1700;56;;;
260507;1800;146;;;
260507;1900;534;;;
260507;2000;173;;;
260507;2100;270;;;
260507;2200;293;;;
260507;2300;360;;;
260508;0000;419;;;
260508;0100;205;;;
260508;0200;163;;;
260508;0300;105;;;
260508;0400;115;;;
260508;0500;85;;;
260508;0600;189;;;
260508;0700;237;;;
260508;0800;197;;;
260508;0900;256;;;
260508;1000;143;;;
260508;1100;205;;;
260508;1200;59;;;
260508;1300;28;;;
260508;1400;76;;;
260508;1500;117;;;
260508;1600;117;;;
260508;1700;195;;;
260508;1800;200;;;
260508;1900;390;;;
260508;2000;663;;;
260508;2100;641;;;
260508;2200;356;;;
260508;2300;366;;;
260509;0000;428;;;
260509;0100;214;;;
260509;0200;73;;;
260509;0300;50;;;
260509;0400;34;;;
260509;0500;61;;;
260509;0600;65;;;
260509;0700;35;;;
260509;0800;44;;;
260509;0900;46;;;
260509;1000;25;;;
260509;1100;27;;;
260509;1200;30;;;
260509;1300;25;;;
260509;1400;18;;;
260509;1500;23;;;
260509;1600;34;;;
260509;1700;40;;;
260509;1800;61;;;
260509;1900;79;;;
260509;2000;42;;;
260509;2100;35;;;
260509;2200;31;;;
260509;2300;29;;;
260510;0000;24;;;
260510;0100;26;;;
260510;0200;29;;;
260510;0300;23;;;
260510;0400;14;;;
260510;0500;48;;;
260510;0600;31;;;
260510;0700;26;;;
260510;0800;32;;;
260510;0900;38;;;
260510;1000;45;;;
260510;1100;56;;;
260510;1200;19;;;
260510;1300;13;;;
260510;1400;21;;;
260510;1500;18;;;
260510;1600;29;;;
260510;1700;37;;;
260510;1800;23;;;
260510;1900;22;;;
260510;2000;17;;;
260510;2100;13;;;
260510;2200;10;;;
260510;2300;14;;;
260511;0000;12;;;
260511;0100;9;;;
260511;0200;4;;;
260511;0300;1;;;
260511;0400;1;;;
260511;0500;2;;;
260511;0600;8;;;
260511;0700;14;;;
260511;0800;22;;;
260511;0900;15;;;
260511;1000;9;;;
260511;1100;9;;;
260511;1200;12;;;
260511;1300;11;;;
260511;1400;11;;;
260511;1500;15;;;
260511;1600;8;;;
260511;1700;28;;;
260511;1800;25;;;
260511;1900;28;;;
260511;2000;31;;;
260511;2100;15;;;
260511;2200;36;;;
260511;2300;72;;;
260512;0000;62;;;
260512;0100;52;;;
260512;0200;19;;;
260512;0300;12;;;
260512;0400;21;;;
260512;0500;87;;;
260512;0600;85;;;
260512;0700;240;;;
260512;0800;137;;;
260512;0900;36;;;
260512;1000;11;;;
260512;1100;9;;;
260512;1200;12;;;
260512;1300;15;;;
260512;1400;10;;;
260512;1500;11;;;
260512;1600;17;;;
260512;1700;37;;;
260512;1800;43;;;
260512;1900;28;;;
260512;2000;32;;;
260512;2100;32;;;
260512;2200;143;;;
260512;2300;25;;;
260513;0000;14;;;
260513;0100;18;;;
260513;0200;17;;;
260513;0300;10;;;
260513;0400;6;;;
260513;0500;72;;;
260513;0600;32;;;
260513;0700;32;;;
260513;0800;39;;;
260513;0900;27;;;
260513;1000;12;;;
260513;1100;12;;;
260513;1200;9;;;
260513;1300;10;;;
260513;1400;6;;;
260513;1500;13;;;
260513;1600;20;;;
260513;1700;38;;;
260513;1800;37;;;
260513;1900;56;;;
260513;2000;33;;;
260513;2100;27;;;
260513;2200;26;;;
260513;2300;10;;;
260514;0000;9;;;
260514;0100;12;;;
260514;0200;6;;;
260514;0300;2;;;
260514;0400;1;;;
260514;0500;10;;;
260514;0600;15;;;
260514;0700;21;;;
260514;0800;33;;;
260514;0900;14;;;
260514;1000;16;;;
260514;1100;13;;;
260514;1200;17;;;
260514;1300;10;;;
260514;1400;11;;;
260514;1500;14;;;
260514;1600;18;;;
260514;1700;46;;;
260514;1800;60;;;
260514;1900;72;;;
260514;2000;44;;;
260514;2100;47;;;
260514;2200;37;;;
260514;2300;21;;;
260515;0000;24;;;
260515;0100;6;;;
260515;0200;6;;;
260515;0300;7;;;
260515;0400;14;;;
260515;0500;39;;;
260515;0600;47;;;
260515;0700;78;;;
260515;0800;123;;;
260515;0900;44;;;
260515;1000;17;;;
260515;1100;12;;;
260515;1200;9;;;
260515;1300;13;;;
260515;1400;9;;;
260515;1500;12;;;
260515;1600;22;;;
260515;1700;43;;;
260515;1800;112;;;
260515;1900;95;;;
260515;2000;46;;;
260515;2100;51;;;
260515;2200;61;;;
260515;2300;117;;;
260516;0000;74;;;
260516;0100;37;;;
260516;0200;92;;;
260516;0300;22;;;
260516;0400;13;;;
260516;0500;12;;;
260516;0600;13;;;
260516;0700;13;;;
260516;0800;28;;;
260516;0900;17;;;
260516;1000;7;;;
260516;1100;10;;;
260516;1200;10;;;
260516;1300;14;;;
260516;1400;13;;;
260516;1500;15;;;
260516;1600;14;;;
260516;1700;23;;;
260516;1800;46;;;
260516;1900;42;;;
260516;2000;19;;;
260516;2100;26;;;
260516;2200;25;;;
260516;2300;26;;;
260517;0000;23;;;
260517;0100;56;;;
260517;0200;43;;;
260517;0300;43;;;
260517;0400;39;;;
260517;0500;90;;;
260517;0600;49;;;
260517;0700;91;;;
260517;0800;178;;;
260517;0900;125;;;
260517;1000;82;;;
260517;1100;37;;;
260517;1200;24;;;
260517;1300;13;;;
260517;1400;15;;;
260517;1500;14;;;
260517;1600;25;;;
260517;1700;36;;;
260517;1800;64;;;
260517;1900;37;;;
260517;2000;43;;;
260517;2100;37;;;
260517;2200;38;;;
260517;2300;18;;;
260518;0000;20;;;
260518;0100;9;;;
260518;0200;6;;;
260518;0300;5;;;
260518;0400;5;;;
260518;0500;19;;;
260518;0600;35;;;
260518;0700;105;;;
260518;0800;161;;;
260518;0900;46;;;
260518;1000;17;;;
260518;1100;9;;;
260518;1200;14;;;
260518;1300;11;;;
260518;1400;10;;;
260518;1500;12;;;
260518;1600;17;;;
260518;1700;28;;;
260518;1800;29;;;
260518;1900;24;;;
260518;2000;53;;;
260518;2100;70;;;
260518;2200;100;;;
260518;2300;96;;;
260519;0000;123;;;
260519;0100;107;;;
260519;0200;36;;;
260519;0300;25;;;
260519;0400;49;;;
260519;0500;91;;;
260519;0600;122;;;
260519;0700;70;;;
260519;0800;125;;;
260519;0900;135;;;
260519;1000;81;;;
260519;1100;93;;;
260519;1200;59;;;
260519;1300;93;;;
260519;1400;62;;;
260519;1500;69;;;
260519;1600;88;;;
260519;1700;207;;;
260519;1800;426;;;
260519;1900;782;;;
260519;2000;1081;;;
260519;2100;437;;;
260519;2200;513;;;
260519;2300;443;;;
260520;0000;296;;;
260520;0100;335;;;
260520;0200;221;;;
260520;0300;140;;;
260520;0400;159;;;
260520;0500;165;;;
260520;0600;360;;;
260520;0700;501;;;
260520;0800;618;;;
260520;0900;593;;;
260520;1000;253;;;
260520;1100;96;;;
260520;1200;41;;;
260520;1300;68;;;
260520;1400;66;;;
260520;1500;48;;;
260520;1600;80;;;
260520;1700;265;;;
260520;1800;694;;;
260520;1900;737;;;
260520;2000;583;;;
260520;2100;455;;;
260520;2200;429;;;
260520;2300;385;;;
260521;0000;444;;;
260521;0100;308;;;
260521;0200;134;;;
260521;0300;79;;;
260521;0400;51;;;
260521;0500;98;;;
260521;0600;136;;;
260521;0700;267;;;
260521;0800;383;;;
260521;0900;248;;;
260521;1000;71;;;
260521;1100;51;;;
260521;1200;57;;;
260521;1300;32;;;
260521;1400;27;;;
260521;1500;28;;;
260521;1600;58;;;
260521;1700;279;;;
260521;1800;568;;;
260521;1900;680;;;
260521;2000;454;;;
260521;2100;809;;;
260521;2200;666;;;
260521;2300;547;;;
260522;0000;257;;;
260522;0100;210;;;
260522;0200;168;;;
260522;0300;129;;;
260522;0400;38;;;
260522;0500;108;;;
260522;0600;157;;;
260522;0700;192;;;
260522;0800;434;;;
260522;0900;289;;;
260522;1000;169;;;
260522;1100;141;;;
260522;1200;131;;;
260522;1300;91;;;
260522;1400;72;;;
260522;1500;44;;;
260522;1600;51;;;
260522;1700;165;;;
260522;1800;678;;;
260522;1900;529;;;
260522;2000;782;;;
260522;2100;485;;;
260522;2200;577;;;
260522;2300;485;;;
260523;0000;306;;;
260523;0100;241;;;
260523;0200;222;;;
260523;0300;150;;;
260523;0400;119;;;
260523;0500;168;;;
260523;0600;169;;;
260523;0700;201;;;
260523;0800;280;;;
260523;0900;357;;;
260523;1000;187;;;
260523;1100;165;;;
260523;1200;103;;;
260523;1300;71;;;
260523;1400;63;;;
260523;1500;114;;;
260523;1600;99;;;
260523;1700;120;;;
260523;1800;42;;;
260523;1900;55;;;
260523;2000;283;;;
260523;2100;278;;;
260523;2200;168;;;
260523;2300;66;;;
260524;0000;15;;;
260524;0100;16;;;
260524;0200;46;;;
260524;0300;37;;;
260524;0400;18;;;
260524;0500;23;;;
260524;0600;37;;;
260524;0700;80;;;
260524;0800;97;;;
260524;0900;39;;;
260524;1000;60;;;
260524;1100;28;;;
260524;1200;37;;;
260524;1300;18;;;
260524;1400;35;;;
260524;1500;41;;;
260524;1600;30;;;
260524;1700;27;;;
260524;1800;26;;;
260524;1900;45;;;
260524;2000;29;;;
260524;2100;36;;;
260524;2200;34;;;
260524;2300;31;;;
260525;0000;20;;;
260525;0100;58;;;
260525;0200;47;;;
260525;0300;38;;;
260525;0400;26;;;
260525;0500;73;;;
260525;0600;163;;;
260525;0700;185;;;
260525;0800;302;;;
260525;0900;100;;;
260525;1000;19;;;
260525;1100;34;;;
260525;1200;49;;;
260525;1300;42;;;
260525;1400;52;;;
260525;1500;45;;;
260525;1600;60;;;
260525;1700;302;;;
260525;1800;474;;;
260525;1900;196;;;
260525;2000;299;;;
260525;2100;193;;;
260525;2200;146;;;
260525;2300;275;;;
260526;0000;265;;;
260526;0100;137;;;
260526;0200;136;;;
260526;0300;43;;;
260526;0400;58;;;
260526;0500;106;;;
260526;0600;116;;;
260526;0700;165;;;
260526;0800;123;;;
260526;0900;260;;;
260526;1000;123;;;
260526;1100;172;;;
260526;1200;94;;;
260526;1300;70;;;
260526;1400;91;;;
260526;1500;84;;;
260526;1600;105;;;
260526;1700;187;;;
260526;1800;246;;;
260526;1900;422;;;
260526;2000;211;;;
260526;2100;358;;;
260526;2200;291;;;
260526;2300;8;;;
260527;0000;5;;;
260527;0100;4;;;
260527;0200;7;;;
260527;0300;3;;;
260527;0400;2;;;
260527;0500;6;;;
260527;0600;8;;;
260527;0700;35;;;
260527;0800;21;;;
260527;0900;23;;;
260527;1000;16;;;
260527;1100;18;;;
260527;1200;11;;;
260527;1300;11;;;
260527;1400;17;;;
260527;1500;18;;;
260527;1600;;;;
260527;1700;41;;;
260527;1800;52;;;
260527;1900;46;;;
260527;2000;28;;;
260527;2100;7;;;
260527;2200;6;;;
260527;2300;6;;;
260528;0000;6;;;
260528;0100;7;;;
260528;0200;8;;;
260528;0300;5;;;
260528;0400;4;;;
260528;0500;11;;;
260528;0600;20;;;
260528;0700;63;;;
260528;0800;85;;;
260528;0900;53;;;
260528;1000;55;;;
260528;1100;33;;;
260528;1200;33;;;
260528;1300;30;;;
260528;1400;60;;;
260528;1500;91;;;
260528;1600;79;;;
260528;1700;90;;;
260528;1800;95;;;
260528;1900;93;;;
260528;2000;97;;;
260528;2100;102;;;
260528;2200;60;;;
260528;2300;108;;;
260529;0000;44;;;
260529;0100;22;;;
260529;0200;22;;;
260529;0300;36;;;
260529;0400;29;;;
260529;0500;49;;;
260529;0600;29;;;
260529;0700;38;;;
260529;0800;23;;;
260529;0900;32;;;
260529;1000;41;;;
260529;1100;22;;;
260529;1200;13;;;
260529;1300;30;;;
260529;1400;33;;;
260529;1500;23;;;
260529;1600;52;;;
260529;1700;45;;;
260529;1800;97;;;
260529;1900;114;;;
260529;2000;41;;;
260529;2100;41;;;
260529;2200;41;;;
260529;2300;143;;;
260530;0000;71;;;
260530;0100;13;;;
260530;0200;12;;;
260530;0300;10;;;
260530;0400;7;;;
260530;0500;14;;;
260530;0600;13;;;
260530;0700;59;;;
260530;0800;69;;;
260530;0900;66;;;
260530;1000;69;;;
260530;1100;30;;;
260530;1200;103;;;
260530;1300;130;;;
260530;1400;62;;;
260530;1500;65;;;
260530;1600;102;;;
260530;1700;64;;;
260530;1800;29;;;
260530;1900;13;;;
260530;2000;53;;;
260530;2100;120;;;
260530;2200;145;;;
260530;2300;42;;;
260531;0000;48;;;
260531;0100;38;;;
260531;0200;34;;;
260531;0300;67;;;
260531;0400;3;;;
260531;0500;2;;;
260531;0600;5;;;
260531;0700;13;;;
260531;0800;8;;;
260531;0900;17;;;
260531;1000;25;;;
260531;1100;27;;;
260531;1200;13;;;
260531;1300;17;;;
260531;1400;17;;;
260531;1500;14;;;
260531;1600;13;;;
260531;1700;17;;;
260531;1800;21;;;
260531;1900;15;;;
260531;2000;13;;;
260531;2100;12;;;
260531;2200;16;;;
260531;2300;8;;;
260601;0000;;4;;
260601;0100;;1;;
260601;0200;;1;;
260601;0300;;2;;
260601;0400;;2;;
260601;0500;;10;;
260601;0600;;18;;
260601;0700;;28;;
260601;0800;;21;;
260601;0900;;35;;
260601;1000;;45;;
260601;1100;;62;;
260601;1200;;52;;
260601;1300;;49;;
260601;1400;;58;;
260601;1500;;49;;
260601;1600;;54;;
260601;1700;;81;;
260601;1800;;64;;
260601;1900;;73;;
260601;2000;;59;;
260601;2100;;56;;
260601;2200;;64;;
260601;2300;;28;;
260602;0000;;32;;
260602;0100;;36;;
260602;0200;;28;;
260602;0300;;29;;
260602;0400;;61;;
260602;0500;;51;;
260602;0600;;138;;
260602;0700;;124;;
260602;0800;;159;;
260602;0900;;108;;
260602;1000;;120;;
260602;1100;;103;;
260602;1200;;93;;
260602;1300;;70;;
260602;1400;;65;;
260602;1500;;88;;
260602;1600;;87;;
260602;1700;;90;;
260602;1800;;151;;
260602;1900;;201;;
260602;2000;;269;;
260602;2100;;114;;
260602;2200;;278;;
260602;2300;;225;;
260603;0000;;79;;
260603;0100;;110;;
260603;0200;;107;;
260603;0300;;93;;
260603;0400;;78;;
260603;0500;;98;;
260603;0600;;108;;
260603;0700;;23;;
260603;0800;;81;;
260603;0900;;73;;
260603;1000;;17;;
260603;1100;;8;;
260603;1200;;15;;
260603;1300;;16;;
260603;1400;;19;;
260603;1500;;18;;
260603;1600;;23;;
260603;1700;;40;;
260603;1800;;59;;
260603;1900;;57;;
260603;2000;;55;;
260603;2100;;85;;
260603;2200;;60;;
260603;2300;;53;;
260604;0000;;26;;
260604;0100;;70;;
260604;0200;;53;;
260604;0300;;30;;
260604;0400;;9;;
260604;0500;;17;;
260604;0600;;39;;
260604;0700;;85;;
260604;0800;;210;;
260604;0900;;93;;
260604;1000;;52;;
260604;1100;;56;;
260604;1200;;41;;
260604;1300;;55;;
260604;1400;;86;;
260604;1500;;48;;
260604;1600;;65;;
260604;1700;;80;;
260604;1800;;201;;
260604;1900;;136;;
260604;2000;;98;;
260604;2100;;399;;
260604;2200;;616;;
260604;2300;;494;;
260605;0000;;466;;
260605;0100;;365;;
260605;0200;;94;;
260605;0300;;105;;
260605;0400;;124;;
260605;0500;;164;;
260605;0600;;262;;
260605;0700;;248;;
260605;0800;;483;;
260605;0900;;435;;
260605;1000;;79;;
260605;1100;;148;;
260605;1200;;83;;
260605;1300;;43;;
260605;1400;;59;;
260605;1500;;69;;
260605;1600;;110;;
260605;1700;;176;;
260605;1800;;293;;
260605;1900;;361;;
260605;2000;;177;;
260605;2100;;344;;
260605;2200;;210;;
260605;2300;;142;;
260606;0000;;211;;
260606;0100;;117;;
260606;0200;;36;;
260606;0300;;138;;
260606;0400;;90;;
260606;0500;;102;;
260606;0600;;60;;
260606;0700;;121;;
260606;0800;;223;;
260606;0900;;262;;
260606;1000;;302;;
260606;1100;;168;;
260606;1200;;46;;
260606;1300;;27;;
260606;1400;;15;;
260606;1500;;15;;
260606;1600;;34;;
260606;1700;;40;;
260606;1800;;82;;
260606;1900;;313;;
260606;2000;;307;;
260606;2100;;259;;
260606;2200;;308;;
260606;2300;;240;;
260607;0000;;136;;
260607;0100;;108;;
260607;0200;;143;;
260607;0300;;85;;
260607;0400;;26;;
260607;0500;;18;;
260607;0600;;42;;
260607;0700;;16;;
260607;0800;;36;;
260607;0900;;51;;
260607;1000;;81;;
260607;1100;;62;;
260607;1200;;99;;
260607;1300;;56;;
260607;1400;;69;;
260607;1500;;102;;
260607;1600;;128;;
260607;1700;;126;;
260607;1800;;114;;
260607;1900;;119;;
260607;2000;;99;;
260607;2100;;117;;
260607;2200;;101;;
260607;2300;;96;;
260608;0000;;49;;
260608;0100;;32;;
260608;0200;;55;;
260608;0300;;54;;
260608;0400;;46;;
260608;0500;;58;;
260608;0600;;101;;
260608;0700;;83;;
260608;0800;;79;;
260608;0900;;126;;
260608;1000;;138;;
260608;1100;;116;;
260608;1200;;148;;
260608;1300;;74;;
260608;1400;;98;;
260608;1500;;126;;
260608;1600;;143;;
260608;1700;;143;;
260608;1800;;154;;
260608;1900;;172;;
260608;2000;;178;;
260608;2100;;179;;
260608;2200;;161;;
260608;2300;;152;;
260609;0000;;112;;
260609;0100;;146;;
260609;0200;;144;;
260609;0300;;165;;
260609;0400;;192;;
260609;0500;;182;;
260609;0600;;270;;
260609;0700;;404;;
260609;0800;;578;;
260609;0900;;321;;
260609;1000;;335;;
260609;1100;;379;;
260609;1200;;226;;
260609;1300;;178;;
260609;1400;;156;;
260609;1500;;42;;
260609;1600;;31;;
260609;1700;;99;;
260609;1800;;111;;
260609;1900;;138;;
260609;2000;;108;;
260609;2100;;39;;
260609;2200;;25;;
260609;2300;;23;;
260610;0000;;6;;
260610;0100;;4;;
260610;0200;;2;;
260610;0300;;2;;
260610;0400;;1;;
260610;0500;;6;;
260610;0600;;17;;
260610;0700;;20;;
260610;0800;;21;;
260610;0900;;57;;
260610;1000;;81;;
260610;1100;;14;;
260610;1200;;41;;
260610;1300;;37;;
260610;1400;;20;;
260610;1500;;24;;
260610;1600;;20;;
260610;1700;;50;;
260610;1800;;40;;
260610;1900;;26;;
260610;2000;;66;;
260610;2100;;39;;
260610;2200;;17;;
260610;2300;;57;;
260611;0000;;28;;
260611;0100;;17;;
260611;0200;;17;;
260611;0300;;12;;
260611;0400;;6;;
260611;0500;;22;;
260611;0600;;19;;
260611;0700;;45;;
260611;0800;;71;;
260611;0900;;73;;
260611;1000;;37;;
260611;1100;;23;;
260611;1200;;38;;
260611;1300;;52;;
260611;1400;;20;;
260611;1500;;26;;
260611;1600;;21;;
260611;1700;;27;;
260611;1800;;27;;
260611;1900;;72;;
260611;2000;;35;;
260611;2100;;63;;
260611;2200;;26;;
260611;2300;;18;;
260612;0000;;24;;
260612;0100;;32;;
260612;0200;;42;;
260612;0300;;10;;
260612;0400;;23;;
260612;0500;;8;;
260612;0600;;55;;
260612;0700;;23;;
260612;0800;;39;;
260612;0900;;15;;
260612;1000;;37;;
260612;1100;;41;;
260612;1200;;23;;
260612;1300;;18;;
260612;1400;;26;;
260612;1500;;18;;
260612;1600;;36;;
260612;1700;;105;;
260612;1800;;96;;
260612;1900;;163;;
260612;2000;;217;;
260612;2100;;308;;
260612;2200;;257;;
260612;2300;;283;;
260613;0000;;141;;
260613;0100;;96;;
260613;0200;;42;;
260613;0300;;26;;
260613;0400;;27;;
260613;0500;;60;;
260613;0600;;104;;
260613;0700;;86;;
260613;0800;;80;;
260613;0900;;35;;
260613;1000;;30;;
260613;1100;;21;;
260613;1200;;21;;
260613;1300;;20;;
260613;1400;;15;;
260613;1500;;22;;
260613;1600;;40;;
260613;1700;;50;;
260613;1800;;64;;
260613;1900;;72;;
260613;2000;;73;;
260613;2100;;69;;
260613;2200;;77;;
260613;2300;;29;;
260614;0000;;14;;
260614;0100;;16;;
260614;0200;;15;;
260614;0300;;6;;
260614;0400;;6;;
260614;0500;;7;;
260614;0600;;7;;
260614;0700;;7;;
260614;0800;;24;;
260614;0900;;15;;
260614;1000;;31;;
260614;1100;;18;;
260614;1200;;12;;
260614;1300;;11;;
260614;1400;;25;;
260614;1500;;20;;
260614;1600;;30;;
260614;1700;;48;;
260614;1800;;25;;
260614;1900;;44;;
260614;2000;;47;;
260614;2100;;41;;
260614;2200;;19;;
260614;2300;;10;;
260615;0000;;11;;
260615;0100;;6;;
260615;0200;;6;;
260615;0300;;2;;
260615;0400;;1;;
260615;0500;;16;;
260615;0600;;40;;
260615;0700;;25;;
260615;0800;;38;;
260615;0900;;32;;
260615;1000;;56;;
260615;1100;;21;;
260615;1200;;13;;
260615;1300;;10;;
260615;1400;;7;;
260615;1500;;9;;
260615;1600;;15;;
260615;1700;;26;;
260615;1800;;26;;
260615;1900;;32;;
260615;2000;;32;;
260615;2100;;18;;
260615;2200;;15;;
260615;2300;;10;;
260616;0000;;10;;
260616;0100;;7;;
260616;0200;;2;;
260616;0300;;1;;
260616;0400;;1;;
260616;0500;;2;;
260616;0600;;10;;
260616;0700;;18;;
260616;0800;;41;;
260616;0900;;28;;
260616;1000;;24;;
260616;1100;;17;;
260616;1200;;17;;
260616;1300;;18;;
260616;1400;;22;;
260616;1500;;39;;
260616;1600;;22;;
260616;1700;;101;;
260616;1800;;55;;
260616;1900;;40;;
260616;2000;;56;;
260616;2100;;147;;
260616;2200;;127;;
260616;2300;;144;;
260617;0000;;68;;
260617;0100;;79;;
260617;0200;;80;;
260617;0300;;78;;
260617;0400;;76;;
260617;0500;;71;;
260617;0600;;95;;
260617;0700;;236;;
260617;0800;;299;;
260617;0900;;351;;
260617;1000;;193;;
260617;1100;;146;;
260617;1200;;160;;
260617;1300;;170;;
260617;1400;;94;;
260617;1500;;43;;
260617;1600;;70;;
260617;1700;;43;;
260617;1800;;40;;
260617;1900;;37;;
260617;2000;;50;;
260617;2100;;163;;
260617;2200;;51;;
260617;2300;;53;;
260618;0000;;9;;
260618;0100;;6;;
260618;0200;;5;;
260618;0300;;5;;
260618;0400;;4;;
260618;0500;;6;;
260618;0600;;9;;
260618;0700;;12;;
260618;0800;;18;;
260618;0900;;18;;
260618;1000;;26;;
260618;1100;;15;;
260618;1200;;16;;
260618;1300;;12;;
260618;1400;;17;;
260618;1500;;18;;
260618;1600;;25;;
260618;1700;;33;;
260618;1800;;30;;
260618;1900;;36;;
260618;2000;;34;;
260618;2100;;38;;
260618;2200;;36;;
260618;2300;;48;;
260619;0000;;15;;
260619;0100;;26;;
260619;0200;;7;;
260619;0300;;4;;
260619;0400;;7;;
260619;0500;;20;;
260619;0600;;82;;
260619;0700;;102;;
260619;0800;;137;;
260619;0900;;115;;
260619;1000;;86;;
260619;1100;;29;;
260619;1200;;64;;
260619;1300;;57;;
260619;1400;;47;;
260619;1500;;46;;
260619;1600;;35;;
260619;1700;;87;;
260619;1800;;89;;
260619;1900;;143;;
260619;2000;;163;;
260619;2100;;46;;
260619;2200;;15;;
260619;2300;;17;;
260620;0000;;20;;
260620;0100;;8;;
260620;0200;;10;;
260620;0300;;25;;
260620;0400;;14;;
260620;0500;;9;;
260620;0600;;6;;
260620;0700;;8;;
260620;0800;;15;;
260620;0900;;48;;
260620;1000;;20;;
260620;1100;;18;;
260620;1200;;17;;
260620;1300;;15;;
260620;1400;;17;;
260620;1500;;15;;
260620;1600;;29;;
260620;1700;;40;;
260620;1800;;55;;
260620;1900;;44;;
260620;2000;;49;;
260620;2100;;94;;
260620;2200;;84;;
260620;2300;;26;;
260621;0000;;10;;
260621;0100;;14;;
260621;0200;;24;;
260621;0300;;13;;
260621;0400;;10;;
260621;0500;;14;;
260621;0600;;22;;
260621;0700;;22;;
260621;0800;;25;;
260621;0900;;19;;
260621;1000;;15;;
260621;1100;;13;;
260621;1200;;12;;
260621;1300;;14;;
260621;1400;;14;;
260621;1500;;30;;
260621;1600;;28;;
260621;1700;;113;;
260621;1800;;72;;
260621;1900;;146;;
260621;2000;;176;;
260621;2100;;208;;
260621;2200;;60;;
260621;2300;;66;;
260622;0000;;28;;
260622;0100;;23;;
260622;0200;;7;;
260622;0300;;3;;
260622;0400;;6;;
260622;0500;;32;;
260622;0600;;90;;
260622;0700;;166;;
260622;0800;;190;;
260622;0900;;45;;
260622;1000;;30;;
260622;1100;;22;;
260622;1200;;18;;
260622;1300;;14;;
260622;1400;;13;;
260622;1500;;9;;
260622;1600;;31;;
260622;1700;;31;;
260622;1800;;38;;
260622;1900;;170;;
260622;2000;;255;;
260622;2100;;45;;
260622;2200;;17;;
260622;2300;;24;;
260623;0000;;10;;
260623;0100;;11;;
260623;0200;;11;;
260623;0300;;9;;
260623;0400;;9;;
260623;0500;;78;;
260623;0600;;25;;
260623;0700;;42;;
260623;0800;;83;;
260623;0900;;41;;
260623;1000;;31;;
260623;1100;;23;;
260623;1200;;15;;
260623;1300;;14;;
260623;1400;;22;;
260623;1500;;25;;
260623;1600;;12;;
260623;1700;;39;;
260623;1800;;52;;
260623;1900;;35;;
260623;2000;;46;;
260623;2100;;35;;
260623;2200;;35;;
260623;2300;;31;;
260624;0000;;31;;
260624;0100;;39;;
260624;0200;;29;;
260624;0300;;28;;
260624;0400;;40;;
260624;0500;;59;;
260624;0600;;72;;
260624;0700;;102;;
260624;0800;;197;;
260624;0900;;183;;
260624;1000;;300;;
260624;1100;;111;;
260624;1200;;53;;
260624;1300;;38;;
260624;1400;;29;;
260624;1500;;21;;
260624;1600;;;;
260624;1700;;190;;
260624;1800;;187;;
260624;1900;;270;;
260624;2000;;193;;
260624;2100;;321;;
260624;2200;;264;;
260624;2300;;75;;
260625;0000;;150;;
260625;0100;;100;;
260625;0200;;33;;
260625;0300;;16;;
260625;0400;;31;;
260625;0500;;43;;
260625;0600;;69;;
260625;0700;;101;;
260625;0800;;90;;
260625;0900;;120;;
260625;1000;;35;;
260625;1100;;49;;
260625;1200;;34;;
260625;1300;;39;;
260625;1400;;36;;
260625;1500;;39;;
260625;1600;;36;;
260625;1700;;38;;
260625;1800;;90;;
260625;1900;;218;;
260625;2000;;221;;
260625;2100;;396;;
260625;2200;;356;;
260625;2300;;126;;
260626;0000;;63;;
260626;0100;;88;;
260626;0200;;67;;
260626;0300;;18;;
260626;0400;;7;;
260626;0500;;9;;
260626;0600;;100;;
260626;0700;;48;;
260626;0800;;149;;
260626;0900;;113;;
260626;1000;;22;;
260626;1100;;9;;
260626;1200;;9;;
260626;1300;;22;;
260626;1400;;27;;
260626;1500;;23;;
260626;1600;;41;;
260626;1700;;41;;
260626;1800;;39;;
260626;1900;;84;;
260626;2000;;164;;
260626;2100;;129;;
260626;2200;;158;;
260626;2300;;52;;
260627;0000;;48;;
260627;0100;;31;;
260627;0200;;28;;
260627;0300;;8;;
260627;0400;;6;;
260627;0500;;8;;
260627;0600;;55;;
260627;0700;;158;;
260627;0800;;129;;
260627;0900;;166;;
260627;1000;;32;;
260627;1100;;18;;
260627;1200;;21;;
260627;1300;;17;;
260627;1400;;18;;
260627;1500;;15;;
260627;1600;;28;;
260627;1700;;69;;
260627;1800;;97;;
260627;1900;;210;;
260627;2000;;119;;
260627;2100;;84;;
260627;2200;;42;;
260627;2300;;24;;
260628;0000;;25;;
260628;0100;;24;;
260628;0200;;13;;
260628;0300;;8;;
260628;0400;;3;;
260628;0500;;2;;
260628;0600;;1;;
260628;0700;;5;;
260628;0800;;6;;
260628;0900;;20;;
260628;1000;;32;;
260628;1100;;19;;
260628;1200;;25;;
260628;1300;;13;;
260628;1400;;28;;
260628;1500;;27;;
260628;1600;;34;;
260628;1700;;56;;
260628;1800;;83;;
260628;1900;;151;;
260628;2000;;110;;
260628;2100;;94;;
260628;2200;;64;;
260628;2300;;37;;
260629;0000;;58;;
260629;0100;;94;;
260629;0200;;80;;
260629;0300;;36;;
260629;0400;;37;;
260629;0500;;27;;
260629;0600;;10;;
260629;0700;;19;;
260629;0800;;62;;
260629;0900;;47;;
260629;1000;;18;;
260629;1100;;11;;
260629;1200;;14;;
260629;1300;;22;;
260629;1400;;30;;
260629;1500;;27;;
260629;1600;;30;;
260629;1700;;23;;
260629;1800;;22;;
260629;1900;;14;;
260629;2000;;18;;
260629;2100;;23;;
260629;2200;;35;;
260629;2300;;14;;
260630;0000;;15;;
260630;0100;;6;;
260630;0200;;6;;
260630;0300;;7;;
260630;0400;;10;;
260630;0500;;38;;
260630;0600;;82;;
260630;0700;;5;;
260630;0800;;;;
260630;0900;;;;
260630;1000;;23;;
260630;1100;;16;;
260630;1200;;10;;
260630;1300;;13;;
260630;1400;;12;;
260630;1500;;13;;
260630;1600;;34;;
260630;1700;;249;;
260630;1800;;275;;
260630;1900;;437;;
260630;2000;;356;;
260630;2100;;526;;
260630;2200;;158;;
260630;2300;;158;;
260701;0000;;260;;
260701;0100;;235;;
260701;0200;;244;;
260701;0300;;173;;
260701;0400;;204;;
260701;0500;;272;;
260701;0600;;306;;
260701;0700;;335;;
260701;0800;;509;;
260701;0900;;326;;
260701;1000;;138;;
260701;1100;;87;;
260701;1200;;89;;
260701;1300;;96;;
260701;1400;;49;;
260701;1500;;40;;
260701;1600;;75;;
260701;1700;;199;;
260701;1800;;277;;
260701;1900;;498;;
260701;2000;;401;;
260701;2100;;562;;
260701;2200;;807;;
260701;2300;;751;;
260702;0000;;463;;
260702;0100;;510;;
260702;0200;;361;;
260702;0300;;274;;
260702;0400;;275;;
260702;0500;;350;;
260702;0600;;304;;
260702;0700;;487;;
260702;0800;;612;;
260702;0900;;652;;
260702;1000;;247;;
260702;1100;;235;;
260702;1200;;70;;
260702;1300;;83;;
260702;1400;;58;;
260702;1500;;74;;
260702;1600;;91;;
260702;1700;;408;;
260702;1800;;680;;
260702;1900;;760;;
260702;2000;;666;;
260702;2100;;973;;
260702;2200;;775;;
260702;2300;;943;;
260703;0000;;448;;
260703;0100;;327;;
260703;0200;;196;;
260703;0300;;183;;
260703;0400;;150;;
260703;0500;;233;;
260703;0600;;161;;
260703;0700;;212;;
260703;0800;;406;;
260703;0900;;414;;
260703;1000;;136;;
260703;1100;;59;;
260703;1200;;119;;
260703;1300;;60;;
260703;1400;;46;;
260703;1500;;46;;
260703;1600;;86;;
260703;1700;;230;;
260703;1800;;598;;
260703;1900;;657;;
260703;2000;;903;;
260703;2100;;690;;
260703;2200;;569;;
260703;2300;;397;;
260704;0000;;471;;
260704;0100;;593;;
260704;0200;;324;;
260704;0300;;199;;
260704;0400;;162;;
260704;0500;;46;;
260704;0600;;144;;
260704;0700;;165;;
260704;0800;;245;;
260704;0900;;204;;
260704;1000;;273;;
260704;1100;;134;;
260704;1200;;74;;
260704;1300;;60;;
260704;1400;;55;;
260704;1500;;20;;
260704;1600;;15;;
260704;1700;;50;;
260704;1800;;63;;
260704;1900;;58;;
260704;2000;;68;;
260704;2100;;47;;
260704;2200;;50;;
260704;2300;;88;;
260705;0000;;62;;
260705;0100;;72;;
260705;0200;;58;;
260705;0300;;57;;
260705;0400;;108;;
260705;0500;;77;;
260705;0600;;31;;
260705;0700;;61;;
260705;0800;;45;;
260705;0900;;73;;
260705;1000;;24;;
260705;1100;;13;;
260705;1200;;21;;
260705;1300;;19;;
260705;1400;;20;;
260705;1500;;20;;
260705;1600;;26;;
260705;1700;;128;;
260705;1800;;74;;
260705;1900;;104;;
260705;2000;;237;;
260705;2100;;287;;
260705;2200;;278;;
260705;2300;;180;;
260706;0000;;81;;
260706;0100;;35;;
260706;0200;;27;;
260706;0300;;26;;
260706;0400;;16;;
260706;0500;;19;;
260706;0600;;67;;
260706;0700;;78;;
260706;0800;;97;;
260706;0900;;138;;
260706;1000;;52;;
260706;1100;;88;;
260706;1200;;33;;
260706;1300;;58;;
260706;1400;;52;;
260706;1500;;37;;
260706;1600;;56;;
260706;1700;;44;;
260706;1800;;58;;
260706;1900;;67;;
260706;2000;;57;;
260706;2100;;62;;
260706;2200;;48;;
260706;2300;;33;;
260707;0000;;22;;
260707;0100;;26;;
260707;0200;;19;;
260707;0300;;15;;
260707;0400;;21;;
260707;0500;;42;;
260707;0600;;98;;
260707;0700;;73;;
260707;0800;;62;;
260707;0900;;160;;
260707;1000;;18;;
260707;1100;;29;;
260707;1200;;22;;
260707;1300;;20;;
260707;1400;;19;;
260707;1500;;14;;
260707;1600;;26;;
260707;1700;;87;;
260707;1800;;44;;
260707;1900;;197;;
260707;2000;;240;;
260707;2100;;194;;
260707;2200;;131;;
260707;2300;;140;;
260708;0000;;139;;
260708;0100;;181;;
260708;0200;;160;;
260708;0300;;49;;
260708;0400;;46;;
260708;0500;;106;;
260708;0600;;95;;
260708;0700;;320;;
260708;0800;;144;;
260708;0900;;414;;
260708;1000;;209;;
260708;1100;;40;;
260708;1200;;15;;
260708;1300;;14;;
260708;1400;;13;;
260708;1500;;21;;
260708;1600;;23;;
260708;1700;;30;;
260708;1800;;40;;
260708;1900;;46;;
260708;2000;;65;;
260708;2100;;100;;
260708;2200;;228;;
260708;2300;;283;;
260709;0000;;173;;
260709;0100;;302;;
260709;0200;;254;;
260709;0300;;178;;
260709;0400;;38;;
260709;0500;;215;;
260709;0600;;264;;
260709;0700;;268;;
260709;0800;;473;;
260709;0900;;222;;
260709;1000;;101;;
260709;1100;;80;;
260709;1200;;77;;
260709;1300;;68;;
260709;1400;;38;;
260709;1500;;32;;
260709;1600;;76;;
260709;1700;;256;;
260709;1800;;318;;
260709;1900;;388;;
260709;2000;;831;;
260709;2100;;731;;
260709;2200;;483;;
260709;2300;;479;;
260710;0000;;444;;
260710;0100;;351;;
260710;0200;;352;;
260710;0300;;294;;
260710;0400;;197;;
260710;0500;;270;;
260710;0600;;164;;
260710;0700;;363;;
260710;0800;;495;;
260710;0900;;517;;
260710;1000;;388;;
260710;1100;;130;;
260710;1200;;77;;
260710;1300;;75;;
260710;1400;;60;;
260710;1500;;66;;
260710;1600;;109;;
260710;1700;;164;;
260710;1800;;357;;
260710;1900;;137;;
260710;2000;;62;;
260710;2100;;52;;
260710;2200;;27;;
260710;2300;;30;;
260711;0000;;18;;
260711;0100;;14;;
260711;0200;;73;;
260711;0300;;56;;
260711;0400;;164;;
260711;0500;;158;;
260711;0600;;258;;
260711;0700;;180;;
260711;0800;;108;;
260711;0900;;102;;
260711;1000;;70;;
260711;1100;;93;;
260711;1200;;26;;
260711;1300;;21;;
260711;1400;;32;;
260711;1500;;57;;
260711;1600;;61;;
260711;1700;;53;;
260711;1800;;95;;
260711;1900;;37;;
260711;2000;;48;;
260711;2100;;32;;
260711;2200;;103;;
260711;2300;;54;;
260712;0000;;63;;
260712;0100;;54;;
260712;0200;;55;;
260712;0300;;26;;
260712;0400;;24;;
260712;0500;;21;;
260712;0600;;29;;
260712;0700;;55;;
260712;0800;;100;;
260712;0900;;112;;
260712;1000;;126;;
260712;1100;;163;;
260712;1200;;111;;
260712;1300;;144;;
260712;1400;;79;;
260712;1500;;120;;
260712;1600;;185;;
260712;1700;;105;;
260712;1800;;116;;
260712;1900;;146;;
260712;2000;;135;;
260712;2100;;280;;
260712;2200;;149;;
260712;2300;;94;;
260713;0000;;66;;
260713;0100;;53;;
260713;0200;;43;;
260713;0300;;34;;
260713;0400;;41;;
260713;0500;;54;;
260713;0600;;54;;
260713;0700;;126;;
260713;0800;;88;;
260713;0900;;61;;
260713;1000;;168;;
260713;1100;;122;;
260713;1200;;96;;
260713;1300;;117;;
260713;1400;;119;;
260713;1500;;174;;
260713;1600;;105;;
260713;1700;;198;;
260713;1800;;242;;
260713;1900;;178;;
260713;2000;;232;;
260713;2100;;158;;
260713;2200;;168;;
260713;2300;;144;;
260714;0000;;134;;
260714;0100;;90;;
260714;0200;;48;;
260714;0300;;38;;
260714;0400;;42;;
260714;0500;;74;;
260714;0600;;84;;
260714;0700;;80;;
260714;0800;;133;;
260714;0900;;115;;
260714;1000;;33;;
260714;1100;;21;;
260714;1200;;9;;
260714;1300;;16;;
260714;1400;;42;;
260714;1500;;45;;
260714;1600;;92;;
260714;1700;;243;;
260714;1800;;337;;
260714;1900;;197;;
260714;2000;;273;;
260714;2100;;272;;
260714;2200;;180;;
260714;2300;;150;;
260715;0000;;102;;
260715;0100;;29;;
260715;0200;;48;;
260715;0300;;40;;
260715;0400;;31;;
260715;0500;;31;;
260715;0600;;62;;
260715;0700;;112;;
260715;0800;;179;;
260715;0900;;56;;
260715;1000;;18;;
260715;1100;;15;;
260715;1200;;17;;
260715;1300;;15;;
260715;1400;;17;;
260715;1500;;21;;
260715;1600;;31;;
260715;1700;;51;;
260715;1800;;128;;
260715;1900;;35;;
260715;2000;;85;;
260715;2100;;39;;
260715;2200;;44;;
260715;2300;;45;;
260716;0000;;15;;
260716;0100;;11;;
260716;0200;;18;;
260716;0300;;37;;
260716;0400;;92;;
260716;0500;;26;;
260716;0600;;42;;
260716;0700;;77;;
260716;0800;;199;;
260716;0900;;155;;
260716;1000;;206;;
260716;1100;;45;;
260716;1200;;60;;
260716;1300;;53;;
260716;1400;;77;;
260716;1500;;119;;
260716;1600;;132;;
260716;1700;;146;;
260716;1800;;150;;
260716;1900;;139;;
260716;2000;;107;;
260716;2100;;129;;
260716;2200;;81;;
260716;2300;;76;;
260717;0000;;59;;
260717;0100;;48;;
260717;0200;;39;;
260717;0300;;45;;
260717;0400;;29;;
260717;0500;;34;;
260717;0600;;87;;
260717;0700;;87;;
260717;0800;;160;;
260717;0900;;177;;
260717;1000;;170;;
260717;1100;;125;;
260717;1200;;110;;
260717;1300;;40;;
260717;1400;;48;;
260717;1500;;40;;
260717;1600;;39;;
260717;1700;;34;;
260717;1800;;50;;
260717;1900;;78;;
260717;2000;;75;;
260717;2100;;60;;
260717;2200;;79;;
260717;2300;;90;;
260718;0000;;85;;
260718;0100;;39;;
260718;0200;;44;;
260718;0300;;34;;
260718;0400;;24;;
260718;0500;;27;;
260718;0600;;25;;
260718;0700;;50;;
260718;0800;;60;;
260718;0900;;104;;
260718;1000;;36;;
260718;1100;;22;;
260718;1200;;21;;
260718;1300;;32;;
260718;1400;;23;;
260718;1500;;22;;
260718;1600;;53;;
260718;1700;;93;;
260718;1800;;229;;
260718;1900;;87;;
260718;2000;;279;;
260718;2100;;370;;
260718;2200;;321;;
260718;2300;;292;;
260719;0000;;275;;
260719;0100;;178;;
260719;0200;;68;;
260719;0300;;46;;
260719;0400;;32;;
260719;0500;;31;;
260719;0600;;22;;
260719;0700;;34;;
260719;0800;;62;;
260719;0900;;91;;
260719;1000;;30;;
260719;1100;;13;;
260719;1200;;23;;
260719;1300;;16;;
260719;1400;;34;;
260719;1500;;29;;
260719;1600;;44;;
260719;1700;;54;;
260719;1800;;99;;
260719;1900;;168;;
260719;2000;;135;;
260719;2100;;253;;
260719;2200;;186;;
260719;2300;;197;;
260720;0000;;160;;
260720;0100;;95;;
260720;0200;;65;;
260720;0300;;86;;
260720;0400;;67;;
260720;0500;;102;;
260720;0600;;161;;
260720;0700;;172;;
260720;0800;;384;;
260720;0900;;152;;
260720;1000;;67;;
260720;1100;;32;;
260720;1200;;30;;
260720;1300;;22;;
260720;1400;;13;;
260720;1500;;13;;
260720;1600;;26;;
260720;1700;;68;;
260720;1800;;135;;
260720;1900;;215;;
260720;2000;;186;;
260720;2100;;182;;
260720;2200;;133;;
260720;2300;;176;;
260721;0000;;157;;
260721;0100;;105;;
260721;0200;;110;;
260721;0300;;66;;
260721;0400;;59;;
260721;0500;;103;;
260721;0600;;160;;
260721;0700;;129;;
260721;0800;;261;;
260721;0900;;93;;
260721;1000;;179;;
260721;1100;;138;;
260721;1200;;52;;
260721;1300;;37;;
260721;1400;;54;;
260721;1500;;60;;
260721;1600;;45;;
260721;1700;;64;;
260721;1800;;70;;
260721;1900;;68;;
260721;2000;;74;;
260721;2100;;81;;
260721;2200;;88;;
260721;2300;;64;;
260722;0000;;34;;
260722;0100;;22;;
260722;0200;;18;;
260722;0300;;16;;
260722;0400;;20;;
260722;0500;;32;;
260722;0600;;46;;
260722;0700;;64;;
260722;0800;;107;;
260722;0900;;70;;
260722;1000;;59;;
260722;1100;;122;;
260722;1200;;175;;
260722;1300;;123;;
260722;1400;;145;;
260722;1500;;;;
260722;1600;;;;
260722;1700;;80;;
260722;1800;;125;;
260722;1900;;86;;
260722;2000;;95;;
260722;2100;;27;;
260722;2200;;40;;
260722;2300;;33;;
260723;0000;;28;;
260723;0100;;29;;
260723;0200;;11;;
260723;0300;;10;;
260723;0400;;52;;
260723;0500;;38;;
260723;0600;;103;;
260723;0700;;33;;
260723;0800;;68;;
260723;0900;;;;
260723;1000;;;;
260723;1100;;;;
260723;1200;;87;;
260723;1300;;73;;
260723;1400;;77;;
260723;1500;;88;;
260723;1600;;92;;
260723;1700;;125;;
260723;1800;;368;;
260723;1900;;301;;
260723;2000;;181;;
260723;2100;;270;;
260723;2200;;144;;
260723;2300;;130;;
260724;0000;;104;;
260724;0100;;53;;
260724;0200;;79;;
260724;0300;;112;;
260724;0400;;120;;
260724;0500;;82;;
260724;0600;;27;;
260724;0700;;91;;
260724;0800;;95;;
260724;0900;;287;;
260724;1000;;123;;
260724;1100;;65;;
260724;1200;;181;;
260724;1300;;73;;
260724;1400;;38;;
260724;1500;;45;;
260724;1600;;39;;
260724;1700;;100;;
260724;1800;;190;;
260724;1900;;64;;
260724;2000;;221;;
260724;2100;;48;;
260724;2200;;149;;
260724;2300;;259;;
260725;0000;;74;;
260725;0100;;59;;
260725;0200;;50;;
260725;0300;;49;;
260725;0400;;40;;
260725;0500;;40;;
260725;0600;;85;;
260725;0700;;163;;
260725;0800;;244;;
260725;0900;;119;;
260725;1000;;72;;
260725;1100;;29;;
260725;1200;;29;;
260725;1300;;27;;
260725;1400;;43;;
260725;1500;;25;;
260725;1600;;33;;
260725;1700;;50;;
260725;1800;;37;;
260725;1900;;49;;
260725;2000;;42;;
260725;2100;;36;;
260725;2200;;66;;
260725;2300;;60;;
260726;0000;;31;;
260726;0100;;54;;
260726;0200;;29;;
260726;0300;;34;;
260726;0400;;16;;
260726;0500;;36;;
260726;0600;;62;;
260726;0700;;53;;
260726;0800;;183;;
260726;0900;;81;;
260726;1000;;106;;
260726;1100;;37;;
260726;1200;;30;;
260726;1300;;15;;
260726;1400;;13;;
260726;1500;;38;;
260726;1600;;40;;
260726;1700;;95;;
260726;1800;;130;;
260726;1900;;80;;
260726;2000;;71;;
260726;2100;;239;;
260726;2200;;199;;
260726;2300;;339;;
260727;0000;;273;;
260727;0100;;163;;
260727;0200;;34;;
260727;0300;;65;;
260727;0400;;62;;
260727;0500;;80;;
260727;0600;;216;;
260727;0700;;191;;
260727;0800;;204;;
260727;0900;;173;;
260727;1000;;183;;
260727;1100;;129;;
260727;1200;;45;;
260727;1300;;37;;
260727;1400;;27;;
260727;1500;;26;;
260727;1600;;44;;
260727;1700;;249;;
260727;1800;;205;;
260727;1900;;273;;
260727;2000;;272;;
260727;2100;;259;;
260727;2200;;327;;
260727;2300;;236;;
