Fecha;Hora;ConcentracionMP10;PromedioMovil24h_MP10;PromedioDiario_MP10;ICAP_MP10;Condicion_MP10;ICAP_mod_MP10;Condicion_mod_MP10;ConcentracionMP2_5;PromedioMovil24h_MP2_5;PromedioDiario_MP2_5;ICAP_MP2_5;Condicion_MP2_5;ICAP_mod_MP2_5;Condicion_mod_MP2_5;condicion_final;condicion_mod
2025-07-27;01:00;11;;11.26;8.66;Bueno;25.02;Bueno;6;;8.83;17.65;Bueno;58.84;Bueno;Bueno;Bueno
2025-07-27;02:00;40;;11.26;8.66;Bueno;25.02;Bueno;41;;8.83;17.65;Bueno;58.84;Bueno;Bueno;Bueno
2025-07-27;03:00;52;;11.26;8.66;Bueno;25.02;Bueno;43;;8.83;17.65;Bueno;58.84;Bueno;Bueno;Bueno
2025-07-27;04:00;7;;11.26;8.66;Bueno;25.02;Bueno;5;;8.83;17.65;Bueno;58.84;Bueno;Bueno;Bueno
2025-07-27;05:00;7;;11.26;8.66;Bueno;25.02;Bueno;4;;8.83;17.65;Bueno;58.84;Bueno;Bueno;Bueno
2025-07-27;06:00;12;;11.26;8.66;Bueno;25.02;Bueno;11;;8.83;17.65;Bueno;58.84;Bueno;Bueno;Bueno
2025-07-27;07:00;7;;11.26;8.66;Bueno;25.02;Bueno;6;;8.83;17.65;Bueno;58.84;Bueno;Bueno;Bueno
2025-07-27;08:00;2;;11.26;8.66;Bueno;25.02;Bueno;1;;8.83;17.65;Bueno;58.84;Bueno;Bueno;Bueno
2025-07-27;09:00;3;;11.26;8.66;Bueno;25.02;Bueno;1;;8.83;17.65;Bueno;58.84;Bueno;Bueno;Bueno
2025-07-27;10:00;3;;11.26;8.66;Bueno;25.02;Bueno;2;;8.83;17.65;Bueno;58.84;Bueno;Bueno;Bueno
2025-07-27;11:00;5;;11.26;8.66;Bueno;25.02;Bueno;5;;8.83;17.65;Bueno;58.84;Bueno;Bueno;Bueno
2025-07-27;12:00;6;;11.26;8.66;Bueno;25.02;Bueno;5;;8.83;17.65;Bueno;58.84;Bueno;Bueno;Bueno
2025-07-27;13:00;5;;11.26;8.66;Bueno;25.02;Bueno;4;;8.83;17.65;Bueno;58.84;Bueno;Bueno;Bueno
2025-07-27;14:00;6;;11.26;8.66;Bueno;25.02;Bueno;4;;8.83;17.65;Bueno;58.84;Bueno;Bueno;Bueno
2025-07-27;15:00;10;;11.26;8.66;Bueno;25.02;Bueno;3;;8.83;17.65;Bueno;58.84;Bueno;Bueno;Bueno
2025-07-27;16:00;13;;11.26;8.66;Bueno;25.02;Bueno;8;;8.83;17.65;Bueno;58.84;Bueno;Bueno;Bueno
2025-07-27;17:00;14;;11.26;8.66;Bueno;25.02;Bueno;9;;8.83;17.65;Bueno;58.84;Bueno;Bueno;Bueno
2025-07-27;18:00;13;12.00;11.26;8.66;Bueno;25.02;Bueno;9;9.28;8.83;17.65;Bueno;58.84;Bueno;Bueno;Bueno
2025-07-27;19:00;17;12.26;11.26;8.66;Bueno;25.02;Bueno;14;9.53;8.83;17.65;Bueno;58.84;Bueno;Bueno;Bueno
2025-07-27;20:00;9;12.10;11.26;8.66;Bueno;25.02;Bueno;7;9.40;8.83;17.65;Bueno;58.84;Bueno;Bueno;Bueno
2025-07-27;21:00;8;11.90;11.26;8.66;Bueno;25.02;Bueno;7;9.29;8.83;17.65;Bueno;58.84;Bueno;Bueno;Bueno
2025-07-27;22:00;7;11.68;11.26;8.66;Bueno;25.02;Bueno;6;9.14;8.83;17.65;Bueno;58.84;Bueno;Bueno;Bueno
2025-07-27;23:00;2;11.26;11.26;8.66;Bueno;25.02;Bueno;2;8.83;8.83;17.65;Bueno;58.84;Bueno;Bueno;Bueno
2025-07-28;00:00;3;10.92;5.62;4.33;Bueno;12.50;Bueno;1;8.50;2.50;5.00;Bueno;16.67;Bueno;Bueno;Bueno
2025-07-28;01:00;3;10.58;5.62;4.33;Bueno;12.50;Bueno;1;8.29;2.50;5.00;Bueno;16.67;Bueno;Bueno;Bueno
2025-07-28;02:00;5;9.12;5.62;4.33;Bueno;12.50;Bueno;1;6.62;2.50;5.00;Bueno;16.67;Bueno;Bueno;Bueno
2025-07-28;03:00;4;7.12;5.62;4.33;Bueno;12.50;Bueno;1;4.88;2.50;5.00;Bueno;16.67;Bueno;Bueno;Bueno
2025-07-28;04:00;2;6.92;5.62;4.33;Bueno;12.50;Bueno;1;4.71;2.50;5.00;Bueno;16.67;Bueno;Bueno;Bueno
2025-07-28;05:00;2;6.71;5.62;4.33;Bueno;12.50;Bueno;1;4.58;2.50;5.00;Bueno;16.67;Bueno;Bueno;Bueno
2025-07-28;06:00;1;6.25;5.62;4.33;Bueno;12.50;Bueno;1;4.17;2.50;5.00;Bueno;16.67;Bueno;Bueno;Bueno
2025-07-28;07:00;3;6.08;5.62;4.33;Bueno;12.50;Bueno;1;3.96;2.50;5.00;Bueno;16.67;Bueno;Bueno;Bueno
2025-07-28;08:00;9;6.38;5.62;4.33;Bueno;12.50;Bueno;1;3.96;2.50;5.00;Bueno;16.67;Bueno;Bueno;Bueno
2025-07-28;09:00;13;6.79;5.62;4.33;Bueno;12.50;Bueno;1;3.96;2.50;5.00;Bueno;16.67;Bueno;Bueno;Bueno
2025-07-28;10:00;9;7.04;5.62;4.33;Bueno;12.50;Bueno;3;4.00;2.50;5.00;Bueno;16.67;Bueno;Bueno;Bueno
2025-07-28;11:00;7;7.12;5.62;4.33;Bueno;12.50;Bueno;2;3.88;2.50;5.00;Bueno;16.67;Bueno;Bueno;Bueno
2025-07-28;12:00;5;7.08;5.62;4.33;Bueno;12.50;Bueno;3;3.79;2.50;5.00;Bueno;16.67;Bueno;Bueno;Bueno
2025-07-28;13:00;8;7.21;5.62;4.33;Bueno;12.50;Bueno;4;3.79;2.50;5.00;Bueno;16.67;Bueno;Bueno;Bueno
2025-07-28;14:00;6;7.21;5.62;4.33;Bueno;12.50;Bueno;3;3.75;2.50;5.00;Bueno;16.67;Bueno;Bueno;Bueno
2025-07-28;15:00;11;7.25;5.62;4.33;Bueno;12.50;Bueno;4;3.79;2.50;5.00;Bueno;16.67;Bueno;Bueno;Bueno
2025-07-28;16:00;11;7.17;5.62;4.33;Bueno;12.50;Bueno;7;3.75;2.50;5.00;Bueno;16.67;Bueno;Bueno;Bueno
2025-07-28;17:00;8;6.92;5.62;4.33;Bueno;12.50;Bueno;6;3.62;2.50;5.00;Bueno;16.67;Bueno;Bueno;Bueno
2025-07-28;18:00;5;6.58;5.62;4.33;Bueno;12.50;Bueno;5;3.46;2.50;5.00;Bueno;16.67;Bueno;Bueno;Bueno
2025-07-28;19:00;4;6.04;5.62;4.33;Bueno;12.50;Bueno;1;2.92;2.50;5.00;Bueno;16.67;Bueno;Bueno;Bueno
2025-07-28;20:00;4;5.83;5.62;4.33;Bueno;12.50;Bueno;3;2.75;2.50;5.00;Bueno;16.67;Bueno;Bueno;Bueno
2025-07-28;21:00;5;5.71;5.62;4.33;Bueno;12.50;Bueno;5;2.67;2.50;5.00;Bueno;16.67;Bueno;Bueno;Bueno
2025-07-28;22:00;3;5.54;5.62;4.33;Bueno;12.50;Bueno;3;2.54;2.50;5.00;Bueno;16.67;Bueno;Bueno;Bueno
2025-07-28;23:00;4;5.62;5.62;4.33;Bueno;12.50;Bueno;1;2.50;2.50;5.00;Bueno;16.67;Bueno;Bueno;Bueno
2025-07-29;00:00;2;5.58;24.83;19.10;Bueno;55.19;Bueno;1;2.50;14.79;29.58;Bueno;98.61;Bueno;Bueno;Bueno
2025-07-29;01:00;3;5.58;24.83;19.10;Bueno;55.19;Bueno;1;2.50;14.79;29.58;Bueno;98.61;Bueno;Bueno;Bueno
2025-07-29;02:00;4;5.54;24.83;19.10;Bueno;55.19;Bueno;1;2.50;14.79;29.58;Bueno;98.61;Bueno;Bueno;Bueno
2025-07-29;03:00;4;5.54;24.83;19.10;Bueno;55.19;Bueno;1;2.50;14.79;29.58;Bueno;98.61;Bueno;Bueno;Bueno
2025-07-29;04:00;2;5.54;24.83;19.10;Bueno;55.19;Bueno;1;2.50;14.79;29.58;Bueno;98.61;Bueno;Bueno;Bueno
2025-07-29;05:00;3;5.58;24.83;19.10;Bueno;55.19;Bueno;1;2.50;14.79;29.58;Bueno;98.61;Bueno;Bueno;Bueno
2025-07-29;06:00;1;5.58;24.83;19.10;Bueno;55.19;Bueno;1;2.50;14.79;29.58;Bueno;98.61;Bueno;Bueno;Bueno
2025-07-29;07:00;1;5.50;24.83;19.10;Bueno;55.19;Bueno;1;2.50;14.79;29.58;Bueno;98.61;Bueno;Bueno;Bueno
2025-07-29;08:00;5;5.33;24.83;19.10;Bueno;55.19;Bueno;1;2.50;14.79;29.58;Bueno;98.61;Bueno;Bueno;Bueno
2025-07-29;09:00;6;5.04;24.83;19.10;Bueno;55.19;Bueno;2;2.54;14.79;29.58;Bueno;98.61;Bueno;Bueno;Bueno
2025-07-29;10:00;4;4.83;24.83;19.10;Bueno;55.19;Bueno;2;2.50;14.79;29.58;Bueno;98.61;Bueno;Bueno;Bueno
2025-07-29;11:00;6;4.79;24.83;19.10;Bueno;55.19;Bueno;3;2.54;14.79;29.58;Bueno;98.61;Bueno;Bueno;Bueno
2025-07-29;12:00;42;6.33;24.83;19.10;Bueno;55.19;Bueno;24;3.42;14.79;29.58;Bueno;98.61;Bueno;Bueno;Bueno
2025-07-29;13:00;66;8.75;24.83;19.10;Bueno;55.19;Bueno;36;4.75;14.79;29.58;Bueno;98.61;Bueno;Bueno;Bueno
2025-07-29;14:00;8;8.83;24.83;19.10;Bueno;55.19;Bueno;8;4.96;14.79;29.58;Bueno;98.61;Bueno;Bueno;Bueno
2025-07-29;15:00;40;10.04;24.83;19.10;Bueno;55.19;Bueno;17;5.50;14.79;29.58;Bueno;98.61;Bueno;Bueno;Bueno
2025-07-29;16:00;24;10.58;24.83;19.10;Bueno;55.19;Bueno;9;5.58;14.79;29.58;Bueno;98.61;Bueno;Bueno;Bueno
2025-07-29;17:00;22;11.17;24.83;19.10;Bueno;55.19;Bueno;7;5.62;14.79;29.58;Bueno;98.61;Bueno;Bueno;Bueno
2025-07-29;18:00;15;11.58;24.83;19.10;Bueno;55.19;Bueno;5;5.62;14.79;29.58;Bueno;98.61;Bueno;Bueno;Bueno
2025-07-29;19:00;81;14.79;24.83;19.10;Bueno;55.19;Bueno;50;7.67;14.79;29.58;Bueno;98.61;Bueno;Bueno;Bueno
2025-07-29;20:00;159;21.25;24.83;19.10;Bueno;55.19;Bueno;114;12.29;14.79;29.58;Bueno;98.61;Bueno;Bueno;Bueno
2025-07-29;21:00;72;24.04;24.83;19.10;Bueno;55.19;Bueno;52;14.25;14.79;29.58;Bueno;98.61;Bueno;Bueno;Bueno
2025-07-29;22:00;17;24.62;24.83;19.10;Bueno;55.19;Bueno;11;14.58;14.79;29.58;Bueno;98.61;Bueno;Bueno;Bueno
2025-07-29;23:00;9;24.83;24.83;19.10;Bueno;55.19;Bueno;6;14.79;14.79;29.58;Bueno;98.61;Bueno;Bueno;Bueno
2025-07-30;00:00;12;25.25;9.58;7.37;Bueno;21.30;Bueno;4;14.92;4.54;9.08;Bueno;30.28;Bueno;Bueno;Bueno
2025-07-30;01:00;12;25.62;9.58;7.37;Bueno;21.30;Bueno;6;15.12;4.54;9.08;Bueno;30.28;Bueno;Bueno;Bueno
2025-07-30;02:00;8;25.79;9.58;7.37;Bueno;21.30;Bueno;3;15.21;4.54;9.08;Bueno;30.28;Bueno;Bueno;Bueno
2025-07-30;03:00;10;26.04;9.58;7.37;Bueno;21.30;Bueno;9;15.54;4.54;9.08;Bueno;30.28;Bueno;Bueno;Bueno
2025-07-30;04:00;5;26.17;9.58;7.37;Bueno;21.30;Bueno;5;15.71;4.54;9.08;Bueno;30.28;Bueno;Bueno;Bueno
2025-07-30;05:00;10;26.46;9.58;7.37;Bueno;21.30;Bueno;1;15.71;4.54;9.08;Bueno;30.28;Bueno;Bueno;Bueno
2025-07-30;06:00;12;26.92;9.58;7.37;Bueno;21.30;Bueno;2;15.75;4.54;9.08;Bueno;30.28;Bueno;Bueno;Bueno
2025-07-30;07:00;15;27.50;9.58;7.37;Bueno;21.30;Bueno;4;15.88;4.54;9.08;Bueno;30.28;Bueno;Bueno;Bueno
2025-07-30;08:00;8;27.62;9.58;7.37;Bueno;21.30;Bueno;5;16.04;4.54;9.08;Bueno;30.28;Bueno;Bueno;Bueno
2025-07-30;09:00;7;27.67;9.58;7.37;Bueno;21.30;Bueno;4;16.12;4.54;9.08;Bueno;30.28;Bueno;Bueno;Bueno
2025-07-30;10:00;9;27.88;9.58;7.37;Bueno;21.30;Bueno;8;16.38;4.54;9.08;Bueno;30.28;Bueno;Bueno;Bueno
2025-07-30;11:00;7;27.92;9.58;7.37;Bueno;21.30;Bueno;6;16.50;4.54;9.08;Bueno;30.28;Bueno;Bueno;Bueno
2025-07-30;12:00;7;26.46;9.58;7.37;Bueno;21.30;Bueno;2;15.58;4.54;9.08;Bueno;30.28;Bueno;Bueno;Bueno
2025-07-30;13:00;7;24.00;9.58;7.37;Bueno;21.30;Bueno;1;14.12;4.54;9.08;Bueno;30.28;Bueno;Bueno;Bueno
2025-07-30;14:00;5;23.88;9.58;7.37;Bueno;21.30;Bueno;1;13.83;4.54;9.08;Bueno;30.28;Bueno;Bueno;Bueno
2025-07-30;15:00;9;22.58;9.58;7.37;Bueno;21.30;Bueno;1;13.17;4.54;9.08;Bueno;30.28;Bueno;Bueno;Bueno
2025-07-30;16:00;15;22.21;9.58;7.37;Bueno;21.30;Bueno;8;13.12;4.54;9.08;Bueno;30.28;Bueno;Bueno;Bueno
2025-07-30;17:00;17;22.00;9.58;7.37;Bueno;21.30;Bueno;7;13.12;4.54;9.08;Bueno;30.28;Bueno;Bueno;Bueno
2025-07-30;18:00;17;22.08;9.58;7.37;Bueno;21.30;Bueno;7;13.21;4.54;9.08;Bueno;30.28;Bueno;Bueno;Bueno
2025-07-30;19:00;18;19.46;9.58;7.37;Bueno;21.30;Bueno;12;11.62;4.54;9.08;Bueno;30.28;Bueno;Bueno;Bueno
2025-07-30;20:00;7;13.12;9.58;7.37;Bueno;21.30;Bueno;6;7.12;4.54;9.08;Bueno;30.28;Bueno;Bueno;Bueno
2025-07-30;21:00;8;10.46;9.58;7.37;Bueno;21.30;Bueno;4;5.12;4.54;9.08;Bueno;30.28;Bueno;Bueno;Bueno
2025-07-30;22:00;4;9.92;9.58;7.37;Bueno;21.30;Bueno;2;4.75;4.54;9.08;Bueno;30.28;Bueno;Bueno;Bueno
2025-07-30;23:00;1;9.58;9.58;7.37;Bueno;21.30;Bueno;1;4.54;4.54;9.08;Bueno;30.28;Bueno;Bueno;Bueno
2025-07-31;00:00;1;9.12;6.58;5.06;Bueno;14.63;Bueno;1;4.42;3.17;6.33;Bueno;21.11;Bueno;Bueno;Bueno
2025-07-31;01:00;1;8.67;6.58;5.06;Bueno;14.63;Bueno;1;4.21;3.17;6.33;Bueno;21.11;Bueno;Bueno;Bueno
2025-07-31;02:00;1;8.38;6.58;5.06;Bueno;14.63;Bueno;1;4.12;3.17;6.33;Bueno;21.11;Bueno;Bueno;Bueno
2025-07-31;03:00;2;8.04;6.58;5.06;Bueno;14.63;Bueno;1;3.79;3.17;6.33;Bueno;21.11;Bueno;Bueno;Bueno
2025-07-31;04:00;1;7.88;6.58;5.06;Bueno;14.63;Bueno;1;3.62;3.17;6.33;Bueno;21.11;Bueno;Bueno;Bueno
2025-07-31;05:00;1;7.50;6.58;5.06;Bueno;14.63;Bueno;1;3.62;3.17;6.33;Bueno;21.11;Bueno;Bueno;Bueno
2025-07-31;06:00;1;7.04;6.58;5.06;Bueno;14.63;Bueno;1;3.58;3.17;6.33;Bueno;21.11;Bueno;Bueno;Bueno
2025-07-31;07:00;1;6.46;6.58;5.06;Bueno;14.63;Bueno;1;3.46;3.17;6.33;Bueno;21.11;Bueno;Bueno;Bueno
2025-07-31;08:00;5;6.33;6.58;5.06;Bueno;14.63;Bueno;4;3.42;3.17;6.33;Bueno;21.11;Bueno;Bueno;Bueno
2025-07-31;09:00;5;6.25;6.58;5.06;Bueno;14.63;Bueno;4;3.42;3.17;6.33;Bueno;21.11;Bueno;Bueno;Bueno
2025-07-31;10:00;8;6.21;6.58;5.06;Bueno;14.63;Bueno;6;3.33;3.17;6.33;Bueno;21.11;Bueno;Bueno;Bueno
2025-07-31;11:00;7;6.21;6.58;5.06;Bueno;14.63;Bueno;6;3.33;3.17;6.33;Bueno;21.11;Bueno;Bueno;Bueno
2025-07-31;12:00;6;6.17;6.58;5.06;Bueno;14.63;Bueno;3;3.38;3.17;6.33;Bueno;21.11;Bueno;Bueno;Bueno
2025-07-31;13:00;11;6.33;6.58;5.06;Bueno;14.63;Bueno;7;3.62;3.17;6.33;Bueno;21.11;Bueno;Bueno;Bueno
2025-07-31;14:00;18;6.88;6.58;5.06;Bueno;14.63;Bueno;6;3.83;3.17;6.33;Bueno;21.11;Bueno;Bueno;Bueno
2025-07-31;15:00;10;6.92;6.58;5.06;Bueno;14.63;Bueno;3;3.92;3.17;6.33;Bueno;21.11;Bueno;Bueno;Bueno
2025-07-31;16:00;14;6.88;6.58;5.06;Bueno;14.63;Bueno;1;3.62;3.17;6.33;Bueno;21.11;Bueno;Bueno;Bueno
2025-07-31;17:00;15;6.79;6.58;5.06;Bueno;14.63;Bueno;5;3.54;3.17;6.33;Bueno;21.11;Bueno;Bueno;Bueno
2025-07-31;18:00;17;6.79;6.58;5.06;Bueno;14.63;Bueno;4;3.42;3.17;6.33;Bueno;21.11;Bueno;Bueno;Bueno
2025-07-31;19:00;12;6.54;6.58;5.06;Bueno;14.63;Bueno;6;3.17;3.17;6.33;Bueno;21.11;Bueno;Bueno;Bueno
2025-07-31;20:00;7;6.54;6.58;5.06;Bueno;14.63;Bueno;4;3.08;3.17;6.33;Bueno;21.11;Bueno;Bueno;Bueno
2025-07-31;21:00;6;6.46;6.58;5.06;Bueno;14.63;Bueno;1;2.96;3.17;6.33;Bueno;21.11;Bueno;Bueno;Bueno
2025-07-31;22:00;5;6.50;6.58;5.06;Bueno;14.63;Bueno;5;3.08;3.17;6.33;Bueno;21.11;Bueno;Bueno;Bueno
2025-07-31;23:00;3;6.58;6.58;5.06;Bueno;14.63;Bueno;3;3.17;3.17;6.33;Bueno;21.11;Bueno;Bueno;Bueno
2025-08-01;00:00;5;6.75;12.00;9.23;Bueno;26.67;Bueno;1;3.17;8.75;17.50;Bueno;58.33;Bueno;Bueno;Bueno
2025-08-01;01:00;1;6.75;12.00;9.23;Bueno;26.67;Bueno;1;3.17;8.75;17.50;Bueno;58.33;Bueno;Bueno;Bueno
2025-08-01;02:00;1;6.75;12.00;9.23;Bueno;26.67;Bueno;1;3.17;8.75;17.50;Bueno;58.33;Bueno;Bueno;Bueno
2025-08-01;03:00;3;6.79;12.00;9.23;Bueno;26.67;Bueno;1;3.17;8.75;17.50;Bueno;58.33;Bueno;Bueno;Bueno
2025-08-01;04:00;1;6.79;12.00;9.23;Bueno;26.67;Bueno;1;3.17;8.75;17.50;Bueno;58.33;Bueno;Bueno;Bueno
2025-08-01;05:00;1;6.79;12.00;9.23;Bueno;26.67;Bueno;1;3.17;8.75;17.50;Bueno;58.33;Bueno;Bueno;Bueno
2025-08-01;06:00;1;6.79;12.00;9.23;Bueno;26.67;Bueno;1;3.17;8.75;17.50;Bueno;58.33;Bueno;Bueno;Bueno
2025-08-01;07:00;3;6.88;12.00;9.23;Bueno;26.67;Bueno;1;3.17;8.75;17.50;Bueno;58.33;Bueno;Bueno;Bueno
2025-08-01;08:00;13;7.21;12.00;9.23;Bueno;26.67;Bueno;2;3.08;8.75;17.50;Bueno;58.33;Bueno;Bueno;Bueno
2025-08-01;09:00;11;7.46;12.00;9.23;Bueno;26.67;Bueno;2;3.00;8.75;17.50;Bueno;58.33;Bueno;Bueno;Bueno
2025-08-01;10:00;11;7.58;12.00;9.23;Bueno;26.67;Bueno;5;2.96;8.75;17.50;Bueno;58.33;Bueno;Bueno;Bueno
2025-08-01;11:00;16;7.96;12.00;9.23;Bueno;26.67;Bueno;9;3.08;8.75;17.50;Bueno;58.33;Bueno;Bueno;Bueno
2025-08-01;12:00;19;8.50;12.00;9.23;Bueno;26.67;Bueno;8;3.29;8.75;17.50;Bueno;58.33;Bueno;Bueno;Bueno
2025-08-01;13:00;24;9.04;12.00;9.23;Bueno;26.67;Bueno;21;3.88;8.75;17.50;Bueno;58.33;Bueno;Bueno;Bueno
2025-08-01;14:00;9;8.67;12.00;9.23;Bueno;26.67;Bueno;8;3.96;8.75;17.50;Bueno;58.33;Bueno;Bueno;Bueno
2025-08-01;15:00;25;9.29;12.00;9.23;Bueno;26.67;Bueno;21;4.71;8.75;17.50;Bueno;58.33;Bueno;Bueno;Bueno
2025-08-01;16:00;21;9.58;12.00;9.23;Bueno;26.67;Bueno;17;5.38;8.75;17.50;Bueno;58.33;Bueno;Bueno;Bueno
2025-08-01;17:00;7;9.25;12.00;9.23;Bueno;26.67;Bueno;8;5.50;8.75;17.50;Bueno;58.33;Bueno;Bueno;Bueno
2025-08-01;18:00;8;8.88;12.00;9.23;Bueno;26.67;Bueno;7;5.62;8.75;17.50;Bueno;58.33;Bueno;Bueno;Bueno
2025-08-01;19:00;17;9.08;12.00;9.23;Bueno;26.67;Bueno;14;5.96;8.75;17.50;Bueno;58.33;Bueno;Bueno;Bueno
2025-08-01;20:00;20;9.62;12.00;9.23;Bueno;26.67;Bueno;14;6.38;8.75;17.50;Bueno;58.33;Bueno;Bueno;Bueno
2025-08-01;21:00;24;10.38;12.00;9.23;Bueno;26.67;Bueno;23;7.29;8.75;17.50;Bueno;58.33;Bueno;Bueno;Bueno
2025-08-01;22:00;9;10.54;12.00;9.23;Bueno;26.67;Bueno;9;7.46;8.75;17.50;Bueno;58.33;Bueno;Bueno;Bueno
2025-08-01;23:00;38;12.00;12.00;9.23;Bueno;26.67;Bueno;34;8.75;8.75;17.50;Bueno;58.33;Bueno;Bueno;Bueno
2025-08-02;00:00;12;12.29;16.67;12.82;Bueno;37.04;Bueno;11;9.17;14.00;28.00;Bueno;93.33;Bueno;Bueno;Bueno
2025-08-02;01:00;37;13.79;16.67;12.82;Bueno;37.04;Bueno;31;10.42;14.00;28.00;Bueno;93.33;Bueno;Bueno;Bueno
2025-08-02;02:00;8;14.08;16.67;12.82;Bueno;37.04;Bueno;6;10.62;14.00;28.00;Bueno;93.33;Bueno;Bueno;Bueno
2025-08-02;03:00;6;14.21;16.67;12.82;Bueno;37.04;Bueno;4;10.75;14.00;28.00;Bueno;93.33;Bueno;Bueno;Bueno
2025-08-02;04:00;3;14.29;16.67;12.82;Bueno;37.04;Bueno;3;10.83;14.00;28.00;Bueno;93.33;Bueno;Bueno;Bueno
2025-08-02;05:00;1;14.29;16.67;12.82;Bueno;37.04;Bueno;1;10.83;14.00;28.00;Bueno;93.33;Bueno;Bueno;Bueno
2025-08-02;06:00;1;14.29;16.67;12.82;Bueno;37.04;Bueno;1;10.83;14.00;28.00;Bueno;93.33;Bueno;Bueno;Bueno
2025-08-02;07:00;10;14.58;16.67;12.82;Bueno;37.04;Bueno;9;11.17;14.00;28.00;Bueno;93.33;Bueno;Bueno;Bueno
2025-08-02;08:00;14;14.62;16.67;12.82;Bueno;37.04;Bueno;12;11.58;14.00;28.00;Bueno;93.33;Bueno;Bueno;Bueno
2025-08-02;09:00;17;14.88;16.67;12.82;Bueno;37.04;Bueno;13;12.04;14.00;28.00;Bueno;93.33;Bueno;Bueno;Bueno
2025-08-02;10:00;23;15.38;16.67;12.82;Bueno;37.04;Bueno;13;12.38;14.00;28.00;Bueno;93.33;Bueno;Bueno;Bueno
2025-08-02;11:00;14;15.29;16.67;12.82;Bueno;37.04;Bueno;8;12.33;14.00;28.00;Bueno;93.33;Bueno;Bueno;Bueno
2025-08-02;12:00;13;15.04;16.67;12.82;Bueno;37.04;Bueno;6;12.25;14.00;28.00;Bueno;93.33;Bueno;Bueno;Bueno
2025-08-02;13:00;10;14.46;16.67;12.82;Bueno;37.04;Bueno;7;11.67;14.00;28.00;Bueno;93.33;Bueno;Bueno;Bueno
2025-08-02;14:00;9;14.46;16.67;12.82;Bueno;37.04;Bueno;7;11.62;14.00;28.00;Bueno;93.33;Bueno;Bueno;Bueno
2025-08-02;15:00;9;13.79;16.67;12.82;Bueno;37.04;Bueno;9;11.12;14.00;28.00;Bueno;93.33;Bueno;Bueno;Bueno
2025-08-02;16:00;15;13.54;16.67;12.82;Bueno;37.04;Bueno;14;11.00;14.00;28.00;Bueno;93.33;Bueno;Bueno;Bueno
2025-08-02;17:00;24;14.25;16.67;12.82;Bueno;37.04;Bueno;21;11.54;14.00;28.00;Bueno;93.33;Bueno;Bueno;Bueno
2025-08-02;18:00;28;15.08;16.67;12.82;Bueno;37.04;Bueno;26;12.33;14.00;28.00;Bueno;93.33;Bueno;Bueno;Bueno
2025-08-02;19:00;54;16.62;16.67;12.82;Bueno;37.04;Bueno;50;13.83;14.00;28.00;Bueno;93.33;Bueno;Bueno;Bueno
2025-08-02;20:00;33;17.17;16.67;12.82;Bueno;37.04;Bueno;33;14.62;14.00;28.00;Bueno;93.33;Bueno;Bueno;Bueno
2025-08-02;21:00;24;17.17;16.67;12.82;Bueno;37.04;Bueno;20;14.50;14.00;28.00;Bueno;93.33;Bueno;Bueno;Bueno
2025-08-02;22:00;21;17.67;16.67;12.82;Bueno;37.04;Bueno;21;15.00;14.00;28.00;Bueno;93.33;Bueno;Bueno;Bueno
2025-08-02;23:00;14;16.67;16.67;12.82;Bueno;37.04;Bueno;10;14.00;14.00;28.00;Bueno;93.33;Bueno;Bueno;Bueno
2025-08-03;00:00;10;16.58;45.62;35.10;Bueno;101.02;Regular;5;13.75;38.21;76.42;Bueno;150.50;Regular;Bueno;Regular
2025-08-03;01:00;5;15.25;45.62;35.10;Bueno;101.02;Regular;5;12.67;38.21;76.42;Bueno;150.50;Regular;Bueno;Regular
2025-08-03;02:00;5;15.12;45.62;35.10;Bueno;101.02;Regular;4;12.58;38.21;76.42;Bueno;150.50;Regular;Bueno;Regular
2025-08-03;03:00;4;15.04;45.62;35.10;Bueno;101.02;Regular;2;12.50;38.21;76.42;Bueno;150.50;Regular;Bueno;Regular
2025-08-03;04:00;2;15.00;45.62;35.10;Bueno;101.02;Regular;1;12.42;38.21;76.42;Bueno;150.50;Regular;Bueno;Regular
2025-08-03;05:00;4;15.12;45.62;35.10;Bueno;101.02;Regular;1;12.42;38.21;76.42;Bueno;150.50;Regular;Bueno;Regular
2025-08-03;06:00;2;15.17;45.62;35.10;Bueno;101.02;Regular;1;12.42;38.21;76.42;Bueno;150.50;Regular;Bueno;Regular
2025-08-03;07:00;7;15.04;45.62;35.10;Bueno;101.02;Regular;8;12.38;38.21;76.42;Bueno;150.50;Regular;Bueno;Regular
2025-08-03;08:00;5;14.67;45.62;35.10;Bueno;101.02;Regular;5;12.08;38.21;76.42;Bueno;150.50;Regular;Bueno;Regular
2025-08-03;09:00;15;14.58;45.62;35.10;Bueno;101.02;Regular;12;12.04;38.21;76.42;Bueno;150.50;Regular;Bueno;Regular
2025-08-03;10:00;10;14.04;45.62;35.10;Bueno;101.02;Regular;9;11.88;38.21;76.42;Bueno;150.50;Regular;Bueno;Regular
2025-08-03;11:00;15;14.08;45.62;35.10;Bueno;101.02;Regular;4;11.71;38.21;76.42;Bueno;150.50;Regular;Bueno;Regular
2025-08-03;12:00;12;14.04;45.62;35.10;Bueno;101.02;Regular;10;11.88;38.21;76.42;Bueno;150.50;Regular;Bueno;Regular
2025-08-03;13:00;13;14.17;45.62;35.10;Bueno;101.02;Regular;9;11.96;38.21;76.42;Bueno;150.50;Regular;Bueno;Regular
2025-08-03;14:00;21;14.67;45.62;35.10;Bueno;101.02;Regular;16;12.33;38.21;76.42;Bueno;150.50;Regular;Bueno;Regular
2025-08-03;15:00;29;15.50;45.62;35.10;Bueno;101.02;Regular;22;12.88;38.21;76.42;Bueno;150.50;Regular;Bueno;Regular
2025-08-03;16:00;39;16.50;45.62;35.10;Bueno;101.02;Regular;29;13.50;38.21;76.42;Bueno;150.50;Regular;Bueno;Regular
2025-08-03;17:00;47;17.46;45.62;35.10;Bueno;101.02;Regular;30;13.88;38.21;76.42;Bueno;150.50;Regular;Bueno;Regular
2025-08-03;18:00;113;21.00;45.62;35.10;Bueno;101.02;Regular;93;16.67;38.21;76.42;Bueno;150.50;Regular;Bueno;Regular
2025-08-03;19:00;77;21.96;45.62;35.10;Bueno;101.02;Regular;66;17.33;38.21;76.42;Bueno;150.50;Regular;Bueno;Regular
2025-08-03;20:00;251;31.04;45.62;35.10;Bueno;101.02;Regular;214;24.88;38.21;76.42;Bueno;150.50;Regular;Bueno;Regular
2025-08-03;21:00;125;35.25;45.62;35.10;Bueno;101.02;Regular;110;28.62;38.21;76.42;Bueno;150.50;Regular;Bueno;Regular
2025-08-03;22:00;187;42.17;45.62;35.10;Bueno;101.02;Regular;173;34.96;38.21;76.42;Bueno;150.50;Regular;Bueno;Regular
2025-08-03;23:00;97;45.62;45.62;35.10;Bueno;101.02;Regular;88;38.21;38.21;76.42;Bueno;150.50;Regular;Bueno;Regular
2025-08-04;00:00;181;52.75;84.17;64.74;Bueno;164.62;Regular;173;45.21;65.33;151.11;Regular;210.49;Alerta;Regular;Alerta
2025-08-04;01:00;153;58.92;84.17;64.74;Bueno;164.62;Regular;148;51.17;65.33;151.11;Regular;210.49;Alerta;Regular;Alerta
2025-08-04;02:00;52;60.88;84.17;64.74;Bueno;164.62;Regular;52;53.17;65.33;151.11;Regular;210.49;Alerta;Regular;Alerta
2025-08-04;03:00;51;62.83;84.17;64.74;Bueno;164.62;Regular;48;55.08;65.33;151.11;Regular;210.49;Alerta;Regular;Alerta
2025-08-04;04:00;16;63.42;84.17;64.74;Bueno;164.62;Regular;14;55.62;65.33;151.11;Regular;210.49;Alerta;Regular;Alerta
2025-08-04;05:00;16;63.92;84.17;64.74;Bueno;164.62;Regular;14;56.17;65.33;151.11;Regular;210.49;Alerta;Regular;Alerta
2025-08-04;06:00;42;65.58;84.17;64.74;Bueno;164.62;Regular;27;57.25;65.33;151.11;Regular;210.49;Alerta;Regular;Alerta
2025-08-04;07:00;48;67.29;84.17;64.74;Bueno;164.62;Regular;26;58.00;65.33;151.11;Regular;210.49;Alerta;Regular;Alerta
2025-08-04;08:00;49;69.12;84.17;64.74;Bueno;164.62;Regular;33;59.17;65.33;151.11;Regular;210.49;Alerta;Regular;Alerta
2025-08-04;09:00;76;71.67;84.17;64.74;Bueno;164.62;Regular;46;60.58;65.33;151.11;Regular;210.49;Alerta;Regular;Alerta
2025-08-04;10:00;58;73.67;84.17;64.74;Bueno;164.62;Regular;40;61.88;65.33;151.11;Regular;210.49;Alerta;Regular;Alerta
2025-08-04;11:00;39;74.67;84.17;64.74;Bueno;164.62;Regular;21;62.58;65.33;151.11;Regular;210.49;Alerta;Regular;Alerta
2025-08-04;12:00;42;75.92;84.17;64.74;Bueno;164.62;Regular;25;63.21;65.33;151.11;Regular;210.49;Alerta;Regular;Alerta
2025-08-04;13:00;61;77.92;84.17;64.74;Bueno;164.62;Regular;45;64.71;65.33;151.11;Regular;210.49;Alerta;Regular;Alerta
2025-08-04;14:00;33;78.42;84.17;64.74;Bueno;164.62;Regular;23;65.00;65.33;151.11;Regular;210.49;Alerta;Regular;Alerta
2025-08-04;15:00;31;78.50;84.17;64.74;Bueno;164.62;Regular;17;64.79;65.33;151.11;Regular;210.49;Alerta;Regular;Alerta
2025-08-04;16:00;39;78.50;84.17;64.74;Bueno;164.62;Regular;27;64.71;65.33;151.11;Regular;210.49;Alerta;Regular;Alerta
2025-08-04;17:00;76;79.71;84.17;64.74;Bueno;164.62;Regular;52;65.62;65.33;151.11;Regular;210.49;Alerta;Regular;Alerta
2025-08-04;18:00;99;79.12;84.17;64.74;Bueno;164.62;Regular;63;64.38;65.33;151.11;Regular;210.49;Alerta;Regular;Alerta
2025-08-04;19:00;169;82.96;84.17;64.74;Bueno;164.62;Regular;128;66.96;65.33;151.11;Regular;210.49;Alerta;Regular;Alerta
2025-08-04;20:00;203;80.96;84.17;64.74;Bueno;164.62;Regular;156;64.54;65.33;151.11;Regular;210.49;Alerta;Regular;Alerta
2025-08-04;21:00;168;82.75;84.17;64.74;Bueno;164.62;Regular;132;65.46;65.33;151.11;Regular;210.49;Alerta;Regular;Alerta
2025-08-04;22:00;222;84.21;84.17;64.74;Bueno;164.62;Regular;182;65.83;65.33;151.11;Regular;210.49;Alerta;Regular;Alerta
2025-08-04;23:00;96;84.17;84.17;64.74;Bueno;164.62;Regular;76;65.33;65.33;151.11;Regular;210.49;Alerta;Regular;Alerta
2025-08-05;00:00;118;81.54;63.62;48.94;Bueno;130.60;Regular;98;62.21;54.62;115.42;Regular;186.68;Regular;Regular;Regular
2025-08-05;01:00;75;78.29;63.62;48.94;Bueno;130.60;Regular;62;58.62;54.62;115.42;Regular;186.68;Regular;Regular;Regular
2025-08-05;02:00;62;78.71;63.62;48.94;Bueno;130.60;Regular;50;58.54;54.62;115.42;Regular;186.68;Regular;Regular;Regular
2025-08-05;03:00;40;78.25;63.62;48.94;Bueno;130.60;Regular;34;57.96;54.62;115.42;Regular;186.68;Regular;Regular;Regular
2025-08-05;04:00;42;79.33;63.62;48.94;Bueno;130.60;Regular;37;58.92;54.62;115.42;Regular;186.68;Regular;Regular;Regular
2025-08-05;05:00;41;80.38;63.62;48.94;Bueno;130.60;Regular;36;59.83;54.62;115.42;Regular;186.68;Regular;Regular;Regular
2025-08-05;06:00;52;80.79;63.62;48.94;Bueno;130.60;Regular;42;60.46;54.62;115.42;Regular;186.68;Regular;Regular;Regular
2025-08-05;07:00;55;81.08;63.62;48.94;Bueno;130.60;Regular;34;60.79;54.62;115.42;Regular;186.68;Regular;Regular;Regular
2025-08-05;08:00;45;80.92;63.62;48.94;Bueno;130.60;Regular;24;60.42;54.62;115.42;Regular;186.68;Regular;Regular;Regular
2025-08-05;09:00;34;79.17;63.62;48.94;Bueno;130.60;Regular;25;59.54;54.62;115.42;Regular;186.68;Regular;Regular;Regular
2025-08-05;10:00;30;78.00;63.62;48.94;Bueno;130.60;Regular;26;58.96;54.62;115.42;Regular;186.68;Regular;Regular;Regular
2025-08-05;11:00;50;78.46;63.62;48.94;Bueno;130.60;Regular;33;59.46;54.62;115.42;Regular;186.68;Regular;Regular;Regular
2025-08-05;12:00;36;78.21;63.62;48.94;Bueno;130.60;Regular;28;59.58;54.62;115.42;Regular;186.68;Regular;Regular;Regular
2025-08-05;13:00;38;77.25;63.62;48.94;Bueno;130.60;Regular;29;58.92;54.62;115.42;Regular;186.68;Regular;Regular;Regular
2025-08-05;14:00;69;78.75;63.62;48.94;Bueno;130.60;Regular;56;60.29;54.62;115.42;Regular;186.68;Regular;Regular;Regular
2025-08-05;15:00;104;81.79;63.62;48.94;Bueno;130.60;Regular;104;63.92;54.62;115.42;Regular;186.68;Regular;Regular;Regular
2025-08-05;16:00;62;82.75;63.62;48.94;Bueno;130.60;Regular;60;65.29;54.62;115.42;Regular;186.68;Regular;Regular;Regular
2025-08-05;17:00;54;81.83;63.62;48.94;Bueno;130.60;Regular;46;65.04;54.62;115.42;Regular;186.68;Regular;Regular;Regular
2025-08-05;18:00;151;84.00;63.62;48.94;Bueno;130.60;Regular;135;68.04;54.62;115.42;Regular;186.68;Regular;Regular;Regular
2025-08-05;19:00;195;85.08;63.62;48.94;Bueno;130.60;Regular;182;70.29;54.62;115.42;Regular;186.68;Regular;Regular;Regular
2025-08-05;20:00;74;79.71;63.62;48.94;Bueno;130.60;Regular;68;66.62;54.62;115.42;Regular;186.68;Regular;Regular;Regular
2025-08-05;21:00;43;74.50;63.62;48.94;Bueno;130.60;Regular;42;62.88;54.62;115.42;Regular;186.68;Regular;Regular;Regular
2025-08-05;22:00;24;66.25;63.62;48.94;Bueno;130.60;Regular;26;56.38;54.62;115.42;Regular;186.68;Regular;Regular;Regular
2025-08-05;23:00;33;63.62;63.62;48.94;Bueno;130.60;Regular;34;54.62;54.62;115.42;Regular;186.68;Regular;Regular;Regular
2025-08-06;00:00;27;59.83;14.92;11.47;Bueno;33.15;Bueno;24;51.54;8.29;16.58;Bueno;55.28;Bueno;Bueno;Bueno
2025-08-06;01:00;26;57.79;14.92;11.47;Bueno;33.15;Bueno;25;50.00;8.29;16.58;Bueno;55.28;Bueno;Bueno;Bueno
2025-08-06;02:00;12;55.71;14.92;11.47;Bueno;33.15;Bueno;8;48.25;8.29;16.58;Bueno;55.28;Bueno;Bueno;Bueno
2025-08-06;03:00;9;54.42;14.92;11.47;Bueno;33.15;Bueno;5;47.04;8.29;16.58;Bueno;55.28;Bueno;Bueno;Bueno
2025-08-06;04:00;6;52.92;14.92;11.47;Bueno;33.15;Bueno;2;45.58;8.29;16.58;Bueno;55.28;Bueno;Bueno;Bueno
2025-08-06;05:00;1;51.25;14.92;11.47;Bueno;33.15;Bueno;1;44.12;8.29;16.58;Bueno;55.28;Bueno;Bueno;Bueno
2025-08-06;06:00;1;49.12;14.92;11.47;Bueno;33.15;Bueno;1;42.42;8.29;16.58;Bueno;55.28;Bueno;Bueno;Bueno
2025-08-06;07:00;2;46.92;14.92;11.47;Bueno;33.15;Bueno;1;41.04;8.29;16.58;Bueno;55.28;Bueno;Bueno;Bueno
2025-08-06;08:00;4;45.21;14.92;11.47;Bueno;33.15;Bueno;1;40.08;8.29;16.58;Bueno;55.28;Bueno;Bueno;Bueno
2025-08-06;09:00;8;44.12;14.92;11.47;Bueno;33.15;Bueno;7;39.33;8.29;16.58;Bueno;55.28;Bueno;Bueno;Bueno
2025-08-06;10:00;12;43.38;14.92;11.47;Bueno;33.15;Bueno;7;38.54;8.29;16.58;Bueno;55.28;Bueno;Bueno;Bueno
2025-08-06;11:00;13;41.83;14.92;11.47;Bueno;33.15;Bueno;6;37.42;8.29;16.58;Bueno;55.28;Bueno;Bueno;Bueno
2025-08-06;12:00;12;40.83;14.92;11.47;Bueno;33.15;Bueno;6;36.50;8.29;16.58;Bueno;55.28;Bueno;Bueno;Bueno
2025-08-06;13:00;14;39.83;14.92;11.47;Bueno;33.15;Bueno;6;35.54;8.29;16.58;Bueno;55.28;Bueno;Bueno;Bueno
2025-08-06;14:00;10;37.38;14.92;11.47;Bueno;33.15;Bueno;4;33.38;8.29;16.58;Bueno;55.28;Bueno;Bueno;Bueno
2025-08-06;15:00;11;33.50;14.92;11.47;Bueno;33.15;Bueno;4;29.21;8.29;16.58;Bueno;55.28;Bueno;Bueno;Bueno
2025-08-06;16:00;20;31.75;14.92;11.47;Bueno;33.15;Bueno;5;26.92;8.29;16.58;Bueno;55.28;Bueno;Bueno;Bueno
2025-08-06;17:00;36;31.00;14.92;11.47;Bueno;33.15;Bueno;12;25.50;8.29;16.58;Bueno;55.28;Bueno;Bueno;Bueno
2025-08-06;18:00;37;26.25;14.92;11.47;Bueno;33.15;Bueno;16;20.54;8.29;16.58;Bueno;55.28;Bueno;Bueno;Bueno
2025-08-06;19:00;35;19.58;14.92;11.47;Bueno;33.15;Bueno;18;13.71;8.29;16.58;Bueno;55.28;Bueno;Bueno;Bueno
2025-08-06;20:00;18;17.25;14.92;11.47;Bueno;33.15;Bueno;9;11.25;8.29;16.58;Bueno;55.28;Bueno;Bueno;Bueno
2025-08-06;21:00;17;16.17;14.92;11.47;Bueno;33.15;Bueno;11;9.96;8.29;16.58;Bueno;55.28;Bueno;Bueno;Bueno
2025-08-06;22:00;11;15.62;14.92;11.47;Bueno;33.15;Bueno;10;9.29;8.29;16.58;Bueno;55.28;Bueno;Bueno;Bueno
2025-08-06;23:00;16;14.92;14.92;11.47;Bueno;33.15;Bueno;10;8.29;8.29;16.58;Bueno;55.28;Bueno;Bueno;Bueno
2025-08-07;00:00;13;14.33;62.67;48.21;Bueno;129.02;Regular;12;7.79;44.42;88.83;Bueno;164.14;Regular;Bueno;Regular
2025-08-07;01:00;10;13.67;62.67;48.21;Bueno;129.02;Regular;9;7.12;44.42;88.83;Bueno;164.14;Regular;Bueno;Regular
2025-08-07;02:00;13;13.71;62.67;48.21;Bueno;129.02;Regular;13;7.33;44.42;88.83;Bueno;164.14;Regular;Bueno;Regular
2025-08-07;03:00;7;13.62;62.67;48.21;Bueno;129.02;Regular;6;7.38;44.42;88.83;Bueno;164.14;Regular;Bueno;Regular
2025-08-07;04:00;3;13.50;62.67;48.21;Bueno;129.02;Regular;1;7.33;44.42;88.83;Bueno;164.14;Regular;Bueno;Regular
2025-08-07;05:00;9;13.83;62.67;48.21;Bueno;129.02;Regular;7;7.58;44.42;88.83;Bueno;164.14;Regular;Bueno;Regular
2025-08-07;06:00;18;14.54;62.67;48.21;Bueno;129.02;Regular;11;8.00;44.42;88.83;Bueno;164.14;Regular;Bueno;Regular
2025-08-07;07:00;38;16.04;62.67;48.21;Bueno;129.02;Regular;26;9.04;44.42;88.83;Bueno;164.14;Regular;Bueno;Regular
2025-08-07;08:00;47;17.83;62.67;48.21;Bueno;129.02;Regular;37;10.54;44.42;88.83;Bueno;164.14;Regular;Bueno;Regular
2025-08-07;09:00;84;21.00;62.67;48.21;Bueno;129.02;Regular;61;12.79;44.42;88.83;Bueno;164.14;Regular;Bueno;Regular
2025-08-07;10:00;39;22.12;62.67;48.21;Bueno;129.02;Regular;25;13.54;44.42;88.83;Bueno;164.14;Regular;Bueno;Regular
2025-08-07;11:00;9;21.96;62.67;48.21;Bueno;129.02;Regular;8;13.62;44.42;88.83;Bueno;164.14;Regular;Bueno;Regular
2025-08-07;12:00;26;22.54;62.67;48.21;Bueno;129.02;Regular;7;13.67;44.42;88.83;Bueno;164.14;Regular;Bueno;Regular
2025-08-07;13:00;26;23.04;62.67;48.21;Bueno;129.02;Regular;11;13.88;44.42;88.83;Bueno;164.14;Regular;Bueno;Regular
2025-08-07;14:00;18;23.38;62.67;48.21;Bueno;129.02;Regular;8;14.04;44.42;88.83;Bueno;164.14;Regular;Bueno;Regular
2025-08-07;15:00;17;23.62;62.67;48.21;Bueno;129.02;Regular;8;14.21;44.42;88.83;Bueno;164.14;Regular;Bueno;Regular
2025-08-07;16:00;16;23.46;62.67;48.21;Bueno;129.02;Regular;10;14.42;44.42;88.83;Bueno;164.14;Regular;Bueno;Regular
2025-08-07;17:00;20;22.79;62.67;48.21;Bueno;129.02;Regular;8;14.25;44.42;88.83;Bueno;164.14;Regular;Bueno;Regular
2025-08-07;18:00;123;26.38;62.67;48.21;Bueno;129.02;Regular;81;16.96;44.42;88.83;Bueno;164.14;Regular;Bueno;Regular
2025-08-07;19:00;169;31.96;62.67;48.21;Bueno;129.02;Regular;105;20.58;44.42;88.83;Bueno;164.14;Regular;Bueno;Regular
2025-08-07;20:00;304;43.88;62.67;48.21;Bueno;129.02;Regular;225;29.58;44.42;88.83;Bueno;164.14;Regular;Bueno;Regular
2025-08-07;21:00;186;50.92;62.67;48.21;Bueno;129.02;Regular;137;34.83;44.42;88.83;Bueno;164.14;Regular;Bueno;Regular
2025-08-07;22:00;214;59.38;62.67;48.21;Bueno;129.02;Regular;170;41.50;44.42;88.83;Bueno;164.14;Regular;Bueno;Regular
2025-08-07;23:00;95;62.67;62.67;48.21;Bueno;129.02;Regular;80;44.42;44.42;88.83;Bueno;164.14;Regular;Bueno;Regular
2025-08-08;00:00;96;66.12;102.96;79.20;Bueno;195.99;Regular;80;47.25;72.88;176.25;Regular;227.36;Alerta;Regular;Alerta
2025-08-08;01:00;65;68.42;102.96;79.20;Bueno;195.99;Regular;61;49.42;72.88;176.25;Regular;227.36;Alerta;Regular;Alerta
2025-08-08;02:00;45;69.75;102.96;79.20;Bueno;195.99;Regular;36;50.38;72.88;176.25;Regular;227.36;Alerta;Regular;Alerta
2025-08-08;03:00;36;70.96;102.96;79.20;Bueno;195.99;Regular;33;51.50;72.88;176.25;Regular;227.36;Alerta;Regular;Alerta
2025-08-08;04:00;27;71.96;102.96;79.20;Bueno;195.99;Regular;25;52.50;72.88;176.25;Regular;227.36;Alerta;Regular;Alerta
2025-08-08;05:00;24;72.58;102.96;79.20;Bueno;195.99;Regular;21;53.08;72.88;176.25;Regular;227.36;Alerta;Regular;Alerta
2025-08-08;06:00;48;73.83;102.96;79.20;Bueno;195.99;Regular;33;54.00;72.88;176.25;Regular;227.36;Alerta;Regular;Alerta
2025-08-08;07:00;51;74.38;102.96;79.20;Bueno;195.99;Regular;31;54.21;72.88;176.25;Regular;227.36;Alerta;Regular;Alerta
2025-08-08;08:00;70;75.33;102.96;79.20;Bueno;195.99;Regular;43;54.46;72.88;176.25;Regular;227.36;Alerta;Regular;Alerta
2025-08-08;09:00;79;75.12;102.96;79.20;Bueno;195.99;Regular;46;53.83;72.88;176.25;Regular;227.36;Alerta;Regular;Alerta
2025-08-08;10:00;70;76.42;102.96;79.20;Bueno;195.99;Regular;40;54.46;72.88;176.25;Regular;227.36;Alerta;Regular;Alerta
2025-08-08;11:00;87;79.67;102.96;79.20;Bueno;195.99;Regular;71;57.08;72.88;176.25;Regular;227.36;Alerta;Regular;Alerta
2025-08-08;12:00;58;81.00;102.96;79.20;Bueno;195.99;Regular;50;58.88;72.88;176.25;Regular;227.36;Alerta;Regular;Alerta
2025-08-08;13:00;69;82.79;102.96;79.20;Bueno;195.99;Regular;51;60.54;72.88;176.25;Regular;227.36;Alerta;Regular;Alerta
2025-08-08;14:00;58;84.46;102.96;79.20;Bueno;195.99;Regular;33;61.58;72.88;176.25;Regular;227.36;Alerta;Regular;Alerta
2025-08-08;15:00;51;85.88;102.96;79.20;Bueno;195.99;Regular;29;62.46;72.88;176.25;Regular;227.36;Alerta;Regular;Alerta
2025-08-08;16:00;54;87.46;102.96;79.20;Bueno;195.99;Regular;34;63.46;72.88;176.25;Regular;227.36;Alerta;Regular;Alerta
2025-08-08;17:00;83;90.08;102.96;79.20;Bueno;195.99;Regular;45;65.00;72.88;176.25;Regular;227.36;Alerta;Regular;Alerta
2025-08-08;18:00;279;96.58;102.96;79.20;Bueno;195.99;Regular;195;69.75;72.88;176.25;Regular;227.36;Alerta;Regular;Alerta
2025-08-08;19:00;450;108.29;102.96;79.20;Bueno;195.99;Regular;313;78.42;72.88;176.25;Regular;227.36;Alerta;Regular;Alerta
2025-08-08;20:00;230;105.21;102.96;79.20;Bueno;195.99;Regular;157;75.58;72.88;176.25;Regular;227.36;Alerta;Regular;Alerta
2025-08-08;21:00;145;103.50;102.96;79.20;Bueno;195.99;Regular;104;74.21;72.88;176.25;Regular;227.36;Alerta;Regular;Alerta
2025-08-08;22:00;195;102.71;102.96;79.20;Bueno;195.99;Regular;144;73.12;72.88;176.25;Regular;227.36;Alerta;Regular;Alerta
2025-08-08;23:00;101;102.96;102.96;79.20;Bueno;195.99;Regular;74;72.88;72.88;176.25;Regular;227.36;Alerta;Regular;Alerta
2025-08-09;00:00;90;102.71;58.54;45.03;Bueno;122.22;Regular;74;72.62;44.21;88.42;Bueno;163.68;Regular;Bueno;Regular
2025-08-09;01:00;93;103.88;58.54;45.03;Bueno;122.22;Regular;89;73.79;44.21;88.42;Bueno;163.68;Regular;Bueno;Regular
2025-08-09;02:00;51;104.12;58.54;45.03;Bueno;122.22;Regular;42;74.04;44.21;88.42;Bueno;163.68;Regular;Bueno;Regular
2025-08-09;03:00;85;106.17;58.54;45.03;Bueno;122.22;Regular;76;75.83;44.21;88.42;Bueno;163.68;Regular;Bueno;Regular
2025-08-09;04:00;42;106.79;58.54;45.03;Bueno;122.22;Regular;39;76.42;44.21;88.42;Bueno;163.68;Regular;Bueno;Regular
2025-08-09;05:00;51;107.92;58.54;45.03;Bueno;122.22;Regular;48;77.54;44.21;88.42;Bueno;163.68;Regular;Bueno;Regular
2025-08-09;06:00;60;108.42;58.54;45.03;Bueno;122.22;Regular;46;78.08;44.21;88.42;Bueno;163.68;Regular;Bueno;Regular
2025-08-09;07:00;72;109.29;58.54;45.03;Bueno;122.22;Regular;45;78.67;44.21;88.42;Bueno;163.68;Regular;Bueno;Regular
2025-08-09;08:00;91;110.17;58.54;45.03;Bueno;122.22;Regular;65;79.58;44.21;88.42;Bueno;163.68;Regular;Bueno;Regular
2025-08-09;09:00;77;110.08;58.54;45.03;Bueno;122.22;Regular;43;79.46;44.21;88.42;Bueno;163.68;Regular;Bueno;Regular
2025-08-09;10:00;69;110.04;58.54;45.03;Bueno;122.22;Regular;52;79.96;44.21;88.42;Bueno;163.68;Regular;Bueno;Regular
2025-08-09;11:00;61;108.96;58.54;45.03;Bueno;122.22;Regular;43;78.79;44.21;88.42;Bueno;163.68;Regular;Bueno;Regular
2025-08-09;12:00;37;108.08;58.54;45.03;Bueno;122.22;Regular;22;77.62;44.21;88.42;Bueno;163.68;Regular;Bueno;Regular
2025-08-09;13:00;53;107.42;58.54;45.03;Bueno;122.22;Regular;29;76.71;44.21;88.42;Bueno;163.68;Regular;Bueno;Regular
2025-08-09;14:00;44;106.83;58.54;45.03;Bueno;122.22;Regular;24;76.33;44.21;88.42;Bueno;163.68;Regular;Bueno;Regular
2025-08-09;15:00;38;106.29;58.54;45.03;Bueno;122.22;Regular;27;76.25;44.21;88.42;Bueno;163.68;Regular;Bueno;Regular
2025-08-09;16:00;48;106.04;58.54;45.03;Bueno;122.22;Regular;33;76.21;44.21;88.42;Bueno;163.68;Regular;Bueno;Regular
2025-08-09;17:00;43;104.38;58.54;45.03;Bueno;122.22;Regular;30;75.58;44.21;88.42;Bueno;163.68;Regular;Bueno;Regular
2025-08-09;18:00;38;94.33;58.54;45.03;Bueno;122.22;Regular;29;68.67;44.21;88.42;Bueno;163.68;Regular;Bueno;Regular
2025-08-09;19:00;50;77.67;58.54;45.03;Bueno;122.22;Regular;39;57.25;44.21;88.42;Bueno;163.68;Regular;Bueno;Regular
2025-08-09;20:00;49;70.12;58.54;45.03;Bueno;122.22;Regular;40;52.38;44.21;88.42;Bueno;163.68;Regular;Bueno;Regular
2025-08-09;21:00;35;65.54;58.54;45.03;Bueno;122.22;Regular;25;49.08;44.21;88.42;Bueno;163.68;Regular;Bueno;Regular
2025-08-09;22:00;71;60.38;58.54;45.03;Bueno;122.22;Regular;60;45.58;44.21;88.42;Bueno;163.68;Regular;Bueno;Regular
2025-08-09;23:00;57;58.54;58.54;45.03;Bueno;122.22;Regular;41;44.21;44.21;88.42;Bueno;163.68;Regular;Bueno;Regular
2025-08-10;00:00;17;55.50;15.62;12.02;Bueno;34.72;Bueno;17;41.83;9.00;18.00;Bueno;60.00;Bueno;Bueno;Bueno
2025-08-10;01:00;11;52.08;15.62;12.02;Bueno;34.72;Bueno;9;38.50;9.00;18.00;Bueno;60.00;Bueno;Bueno;Bueno
2025-08-10;02:00;13;50.50;15.62;12.02;Bueno;34.72;Bueno;4;36.92;9.00;18.00;Bueno;60.00;Bueno;Bueno;Bueno
2025-08-10;03:00;14;47.54;15.62;12.02;Bueno;34.72;Bueno;3;33.88;9.00;18.00;Bueno;60.00;Bueno;Bueno;Bueno
2025-08-10;04:00;10;46.21;15.62;12.02;Bueno;34.72;Bueno;5;32.46;9.00;18.00;Bueno;60.00;Bueno;Bueno;Bueno
2025-08-10;05:00;10;44.50;15.62;12.02;Bueno;34.72;Bueno;4;30.62;9.00;18.00;Bueno;60.00;Bueno;Bueno;Bueno
2025-08-10;06:00;7;42.29;15.62;12.02;Bueno;34.72;Bueno;3;28.83;9.00;18.00;Bueno;60.00;Bueno;Bueno;Bueno
2025-08-10;07:00;9;39.67;15.62;12.02;Bueno;34.72;Bueno;2;27.04;9.00;18.00;Bueno;60.00;Bueno;Bueno;Bueno
2025-08-10;08:00;12;36.38;15.62;12.02;Bueno;34.72;Bueno;3;24.46;9.00;18.00;Bueno;60.00;Bueno;Bueno;Bueno
2025-08-10;09:00;14;33.75;15.62;12.02;Bueno;34.72;Bueno;5;22.88;9.00;18.00;Bueno;60.00;Bueno;Bueno;Bueno
2025-08-10;10:00;10;31.29;15.62;12.02;Bueno;34.72;Bueno;6;20.96;9.00;18.00;Bueno;60.00;Bueno;Bueno;Bueno
2025-08-10;11:00;16;29.42;15.62;12.02;Bueno;34.72;Bueno;9;19.54;9.00;18.00;Bueno;60.00;Bueno;Bueno;Bueno
2025-08-10;12:00;20;28.71;15.62;12.02;Bueno;34.72;Bueno;7;18.92;9.00;18.00;Bueno;60.00;Bueno;Bueno;Bueno
2025-08-10;13:00;21;27.38;15.62;12.02;Bueno;34.72;Bueno;18;18.46;9.00;18.00;Bueno;60.00;Bueno;Bueno;Bueno
2025-08-10;14:00;18;26.29;15.62;12.02;Bueno;34.72;Bueno;14;18.04;9.00;18.00;Bueno;60.00;Bueno;Bueno;Bueno
2025-08-10;15:00;27;25.83;15.62;12.02;Bueno;34.72;Bueno;18;17.67;9.00;18.00;Bueno;60.00;Bueno;Bueno;Bueno
2025-08-10;16:00;19;24.62;15.62;12.02;Bueno;34.72;Bueno;12;16.79;9.00;18.00;Bueno;60.00;Bueno;Bueno;Bueno
2025-08-10;17:00;16;23.50;15.62;12.02;Bueno;34.72;Bueno;12;16.04;9.00;18.00;Bueno;60.00;Bueno;Bueno;Bueno
2025-08-10;18:00;15;22.54;15.62;12.02;Bueno;34.72;Bueno;11;15.29;9.00;18.00;Bueno;60.00;Bueno;Bueno;Bueno
2025-08-10;19:00;18;21.21;15.62;12.02;Bueno;34.72;Bueno;12;14.17;9.00;18.00;Bueno;60.00;Bueno;Bueno;Bueno
2025-08-10;20:00;28;20.33;15.62;12.02;Bueno;34.72;Bueno;13;13.04;9.00;18.00;Bueno;60.00;Bueno;Bueno;Bueno
2025-08-10;21:00;17;19.58;15.62;12.02;Bueno;34.72;Bueno;13;12.54;9.00;18.00;Bueno;60.00;Bueno;Bueno;Bueno
2025-08-10;22:00;18;17.38;15.62;12.02;Bueno;34.72;Bueno;9;10.42;9.00;18.00;Bueno;60.00;Bueno;Bueno;Bueno
2025-08-10;23:00;15;15.62;15.62;12.02;Bueno;34.72;Bueno;7;9.00;9.00;18.00;Bueno;60.00;Bueno;Bueno;Bueno
2025-08-11;00:00;14;15.50;21.04;16.19;Bueno;46.76;Bueno;5;8.50;12.88;25.75;Bueno;85.83;Bueno;Bueno;Bueno
2025-08-11;01:00;11;15.50;21.04;16.19;Bueno;46.76;Bueno;10;8.54;12.88;25.75;Bueno;85.83;Bueno;Bueno;Bueno
2025-08-11;02:00;14;15.54;21.04;16.19;Bueno;46.76;Bueno;13;8.92;12.88;25.75;Bueno;85.83;Bueno;Bueno;Bueno
2025-08-11;03:00;10;15.38;21.04;16.19;Bueno;46.76;Bueno;8;9.12;12.88;25.75;Bueno;85.83;Bueno;Bueno;Bueno
2025-08-11;04:00;10;15.38;21.04;16.19;Bueno;46.76;Bueno;4;9.08;12.88;25.75;Bueno;85.83;Bueno;Bueno;Bueno
2025-08-11;05:00;21;15.83;21.04;16.19;Bueno;46.76;Bueno;20;9.75;12.88;25.75;Bueno;85.83;Bueno;Bueno;Bueno
2025-08-11;06:00;5;15.75;21.04;16.19;Bueno;46.76;Bueno;1;9.67;12.88;25.75;Bueno;85.83;Bueno;Bueno;Bueno
2025-08-11;07:00;7;15.67;21.04;16.19;Bueno;46.76;Bueno;4;9.75;12.88;25.75;Bueno;85.83;Bueno;Bueno;Bueno
2025-08-11;08:00;12;15.67;21.04;16.19;Bueno;46.76;Bueno;11;10.08;12.88;25.75;Bueno;85.83;Bueno;Bueno;Bueno
2025-08-11;09:00;29;16.29;21.04;16.19;Bueno;46.76;Bueno;15;10.50;12.88;25.75;Bueno;85.83;Bueno;Bueno;Bueno
2025-08-11;10:00;52;18.04;21.04;16.19;Bueno;46.76;Bueno;27;11.38;12.88;25.75;Bueno;85.83;Bueno;Bueno;Bueno
2025-08-11;11:00;25;18.42;21.04;16.19;Bueno;46.76;Bueno;12;11.50;12.88;25.75;Bueno;85.83;Bueno;Bueno;Bueno
2025-08-11;12:00;14;18.17;21.04;16.19;Bueno;46.76;Bueno;11;11.67;12.88;25.75;Bueno;85.83;Bueno;Bueno;Bueno
2025-08-11;13:00;16;17.96;21.04;16.19;Bueno;46.76;Bueno;7;11.21;12.88;25.75;Bueno;85.83;Bueno;Bueno;Bueno
2025-08-11;14:00;22;18.12;21.04;16.19;Bueno;46.76;Bueno;13;11.17;12.88;25.75;Bueno;85.83;Bueno;Bueno;Bueno
2025-08-11;15:00;20;17.83;21.04;16.19;Bueno;46.76;Bueno;12;10.92;12.88;25.75;Bueno;85.83;Bueno;Bueno;Bueno
2025-08-11;16:00;37;18.58;21.04;16.19;Bueno;46.76;Bueno;21;11.29;12.88;25.75;Bueno;85.83;Bueno;Bueno;Bueno
2025-08-11;17:00;40;19.58;21.04;16.19;Bueno;46.76;Bueno;26;11.88;12.88;25.75;Bueno;85.83;Bueno;Bueno;Bueno
2025-08-11;18:00;61;21.50;21.04;16.19;Bueno;46.76;Bueno;39;13.04;12.88;25.75;Bueno;85.83;Bueno;Bueno;Bueno
2025-08-11;19:00;29;21.96;21.04;16.19;Bueno;46.76;Bueno;15;13.17;12.88;25.75;Bueno;85.83;Bueno;Bueno;Bueno
2025-08-11;20:00;16;21.46;21.04;16.19;Bueno;46.76;Bueno;11;13.08;12.88;25.75;Bueno;85.83;Bueno;Bueno;Bueno
2025-08-11;21:00;12;21.25;21.04;16.19;Bueno;46.76;Bueno;7;12.83;12.88;25.75;Bueno;85.83;Bueno;Bueno;Bueno
2025-08-11;22:00;18;21.25;21.04;16.19;Bueno;46.76;Bueno;10;12.88;12.88;25.75;Bueno;85.83;Bueno;Bueno;Bueno
2025-08-11;23:00;10;21.04;21.04;16.19;Bueno;46.76;Bueno;7;12.88;12.88;25.75;Bueno;85.83;Bueno;Bueno;Bueno
2025-08-12;00:00;6;20.71;44.58;34.29;Bueno;99.07;Bueno;3;12.79;32.38;64.75;Bueno;137.74;Regular;Bueno;Regular
2025-08-12;01:00;6;20.50;44.58;34.29;Bueno;99.07;Bueno;1;12.42;32.38;64.75;Bueno;137.74;Regular;Bueno;Regular
2025-08-12;02:00;4;20.08;44.58;34.29;Bueno;99.07;Bueno;3;12.00;32.38;64.75;Bueno;137.74;Regular;Bueno;Regular
2025-08-12;03:00;9;20.04;44.58;34.29;Bueno;99.07;Bueno;4;11.83;32.38;64.75;Bueno;137.74;Regular;Bueno;Regular
2025-08-12;04:00;5;19.83;44.58;34.29;Bueno;99.07;Bueno;1;11.71;32.38;64.75;Bueno;137.74;Regular;Bueno;Regular
2025-08-12;05:00;4;19.12;44.58;34.29;Bueno;99.07;Bueno;1;10.92;32.38;64.75;Bueno;137.74;Regular;Bueno;Regular
2025-08-12;06:00;6;19.17;44.58;34.29;Bueno;99.07;Bueno;1;10.92;32.38;64.75;Bueno;137.74;Regular;Bueno;Regular
2025-08-12;07:00;16;19.54;44.58;34.29;Bueno;99.07;Bueno;7;11.04;32.38;64.75;Bueno;137.74;Regular;Bueno;Regular
2025-08-12;08:00;33;20.42;44.58;34.29;Bueno;99.07;Bueno;18;11.33;32.38;64.75;Bueno;137.74;Regular;Bueno;Regular
2025-08-12;09:00;26;20.29;44.58;34.29;Bueno;99.07;Bueno;14;11.29;32.38;64.75;Bueno;137.74;Regular;Bueno;Regular
2025-08-12;10:00;25;19.17;44.58;34.29;Bueno;99.07;Bueno;13;10.71;32.38;64.75;Bueno;137.74;Regular;Bueno;Regular
2025-08-12;11:00;21;19.00;44.58;34.29;Bueno;99.07;Bueno;7;10.50;32.38;64.75;Bueno;137.74;Regular;Bueno;Regular
2025-08-12;12:00;29;19.62;44.58;34.29;Bueno;99.07;Bueno;9;10.42;32.38;64.75;Bueno;137.74;Regular;Bueno;Regular
2025-08-12;13:00;22;19.88;44.58;34.29;Bueno;99.07;Bueno;10;10.54;32.38;64.75;Bueno;137.74;Regular;Bueno;Regular
2025-08-12;14:00;13;19.50;44.58;34.29;Bueno;99.07;Bueno;7;10.29;32.38;64.75;Bueno;137.74;Regular;Bueno;Regular
2025-08-12;15:00;12;19.17;44.58;34.29;Bueno;99.07;Bueno;3;9.92;32.38;64.75;Bueno;137.74;Regular;Bueno;Regular
2025-08-12;16:00;13;18.17;44.58;34.29;Bueno;99.07;Bueno;1;9.08;32.38;64.75;Bueno;137.74;Regular;Bueno;Regular
2025-08-12;17:00;29;17.71;44.58;34.29;Bueno;99.07;Bueno;15;8.62;32.38;64.75;Bueno;137.74;Regular;Bueno;Regular
2025-08-12;18:00;45;17.04;44.58;34.29;Bueno;99.07;Bueno;34;8.42;32.38;64.75;Bueno;137.74;Regular;Bueno;Regular
2025-08-12;19:00;83;19.29;44.58;34.29;Bueno;99.07;Bueno;56;10.12;32.38;64.75;Bueno;137.74;Regular;Bueno;Regular
2025-08-12;20:00;138;24.38;44.58;34.29;Bueno;99.07;Bueno;112;14.33;32.38;64.75;Bueno;137.74;Regular;Bueno;Regular
2025-08-12;21:00;197;32.08;44.58;34.29;Bueno;99.07;Bueno;167;21.00;32.38;64.75;Bueno;137.74;Regular;Bueno;Regular
2025-08-12;22:00;154;37.75;44.58;34.29;Bueno;99.07;Bueno;127;25.88;32.38;64.75;Bueno;137.74;Regular;Bueno;Regular
2025-08-12;23:00;174;44.58;44.58;34.29;Bueno;99.07;Bueno;163;32.38;32.38;64.75;Bueno;137.74;Regular;Bueno;Regular
2025-08-13;00:00;215;53.29;68.09;52.38;Bueno;137.97;Regular;185;39.96;48.77;97.55;Bueno;173.74;Regular;Bueno;Regular
2025-08-13;01:00;67;55.83;68.09;52.38;Bueno;137.97;Regular;64;42.58;48.77;97.55;Bueno;173.74;Regular;Bueno;Regular
2025-08-13;02:00;21;56.54;68.09;52.38;Bueno;137.97;Regular;19;43.25;48.77;97.55;Bueno;173.74;Regular;Bueno;Regular
2025-08-13;03:00;13;56.71;68.09;52.38;Bueno;137.97;Regular;12;43.58;48.77;97.55;Bueno;173.74;Regular;Bueno;Regular
2025-08-13;04:00;7;56.79;68.09;52.38;Bueno;137.97;Regular;6;43.79;48.77;97.55;Bueno;173.74;Regular;Bueno;Regular
2025-08-13;05:00;5;56.83;68.09;52.38;Bueno;137.97;Regular;4;43.92;48.77;97.55;Bueno;173.74;Regular;Bueno;Regular
2025-08-13;06:00;3;56.71;68.09;52.38;Bueno;137.97;Regular;2;43.96;48.77;97.55;Bueno;173.74;Regular;Bueno;Regular
2025-08-13;07:00;9;56.42;68.09;52.38;Bueno;137.97;Regular;4;43.83;48.77;97.55;Bueno;173.74;Regular;Bueno;Regular
2025-08-13;08:00;15;55.67;68.09;52.38;Bueno;137.97;Regular;9;43.46;48.77;97.55;Bueno;173.74;Regular;Bueno;Regular
2025-08-13;09:00;29;55.79;68.09;52.38;Bueno;137.97;Regular;21;43.75;48.77;97.55;Bueno;173.74;Regular;Bueno;Regular
2025-08-13;10:00;52;56.92;68.09;52.38;Bueno;137.97;Regular;30;44.46;48.77;97.55;Bueno;173.74;Regular;Bueno;Regular
2025-08-13;11:00;;58.48;68.09;52.38;Bueno;137.97;Regular;;46.09;48.77;97.55;Bueno;173.74;Regular;Bueno;Regular
2025-08-13;12:00;;59.82;68.09;52.38;Bueno;137.97;Regular;;47.77;48.77;97.55;Bueno;173.74;Regular;Bueno;Regular
2025-08-13;13:00;57;61.41;68.09;52.38;Bueno;137.97;Regular;30;48.68;48.77;97.55;Bueno;173.74;Regular;Bueno;Regular
2025-08-13;14:00;29;62.14;68.09;52.38;Bueno;137.97;Regular;8;48.73;48.77;97.55;Bueno;173.74;Regular;Bueno;Regular
2025-08-13;15:00;21;62.55;68.09;52.38;Bueno;137.97;Regular;13;49.18;48.77;97.55;Bueno;173.74;Regular;Bueno;Regular
2025-08-13;16:00;23;63.00;68.09;52.38;Bueno;137.97;Regular;9;49.55;48.77;97.55;Bueno;173.74;Regular;Bueno;Regular
2025-08-13;17:00;42;63.59;68.09;52.38;Bueno;137.97;Regular;21;49.82;48.77;97.55;Bueno;173.74;Regular;Bueno;Regular
2025-08-13;18:00;71;64.77;68.09;52.38;Bueno;137.97;Regular;42;50.18;48.77;97.55;Bueno;173.74;Regular;Bueno;Regular
2025-08-13;19:00;110;66.00;68.09;52.38;Bueno;137.97;Regular;72;50.91;48.77;97.55;Bueno;173.74;Regular;Bueno;Regular
2025-08-13;20:00;151;66.59;68.09;52.38;Bueno;137.97;Regular;103;50.50;48.77;97.55;Bueno;173.74;Regular;Bueno;Regular
2025-08-13;21:00;225;67.86;68.09;52.38;Bueno;137.97;Regular;168;50.55;48.77;97.55;Bueno;173.74;Regular;Bueno;Regular
2025-08-13;22:00;133;66.91;68.09;52.38;Bueno;137.97;Regular;96;49.14;48.77;97.55;Bueno;173.74;Regular;Bueno;Regular
2025-08-13;23:00;200;68.09;68.09;52.38;Bueno;137.97;Regular;155;48.77;48.77;97.55;Bueno;173.74;Regular;Bueno;Regular
2025-08-14;00:00;85;62.18;72.83;56.03;Bueno;145.81;Regular;76;43.82;49.54;99.08;Bueno;175.44;Regular;Bueno;Regular
2025-08-14;01:00;61;61.91;72.83;56.03;Bueno;145.81;Regular;57;43.50;49.54;99.08;Bueno;175.44;Regular;Bueno;Regular
2025-08-14;02:00;37;62.64;72.83;56.03;Bueno;145.81;Regular;36;44.27;49.54;99.08;Bueno;175.44;Regular;Bueno;Regular
2025-08-14;03:00;29;63.36;72.83;56.03;Bueno;145.81;Regular;29;45.05;49.54;99.08;Bueno;175.44;Regular;Bueno;Regular
2025-08-14;04:00;33;64.55;72.83;56.03;Bueno;145.81;Regular;32;46.23;49.54;99.08;Bueno;175.44;Regular;Bueno;Regular
2025-08-14;05:00;23;65.36;72.83;56.03;Bueno;145.81;Regular;22;47.05;49.54;99.08;Bueno;175.44;Regular;Bueno;Regular
2025-08-14;06:00;25;66.36;72.83;56.03;Bueno;145.81;Regular;22;47.95;49.54;99.08;Bueno;175.44;Regular;Bueno;Regular
2025-08-14;07:00;42;67.86;72.83;56.03;Bueno;145.81;Regular;30;49.14;49.54;99.08;Bueno;175.44;Regular;Bueno;Regular
2025-08-14;08:00;60;69.91;72.83;56.03;Bueno;145.81;Regular;31;50.14;49.54;99.08;Bueno;175.44;Regular;Bueno;Regular
2025-08-14;09:00;66;71.59;72.83;56.03;Bueno;145.81;Regular;42;51.09;49.54;99.08;Bueno;175.44;Regular;Bueno;Regular
2025-08-14;10:00;78;72.77;72.83;56.03;Bueno;145.81;Regular;51;52.05;49.54;99.08;Bueno;175.44;Regular;Bueno;Regular
2025-08-14;11:00;79;73.04;72.83;56.03;Bueno;145.81;Regular;64;52.57;49.54;99.08;Bueno;175.44;Regular;Bueno;Regular
2025-08-14;12:00;76;73.17;72.83;56.03;Bueno;145.81;Regular;60;52.88;49.54;99.08;Bueno;175.44;Regular;Bueno;Regular
2025-08-14;13:00;55;73.08;72.83;56.03;Bueno;145.81;Regular;37;53.17;49.54;99.08;Bueno;175.44;Regular;Bueno;Regular
2025-08-14;14:00;32;73.21;72.83;56.03;Bueno;145.81;Regular;14;53.42;49.54;99.08;Bueno;175.44;Regular;Bueno;Regular
2025-08-14;15:00;28;73.50;72.83;56.03;Bueno;145.81;Regular;10;53.29;49.54;99.08;Bueno;175.44;Regular;Bueno;Regular
2025-08-14;16:00;21;73.42;72.83;56.03;Bueno;145.81;Regular;10;53.33;49.54;99.08;Bueno;175.44;Regular;Bueno;Regular
2025-08-14;17:00;30;72.92;72.83;56.03;Bueno;145.81;Regular;13;53.00;49.54;99.08;Bueno;175.44;Regular;Bueno;Regular
2025-08-14;18:00;127;75.25;72.83;56.03;Bueno;145.81;Regular;61;53.79;49.54;99.08;Bueno;175.44;Regular;Bueno;Regular
2025-08-14;19:00;163;77.46;72.83;56.03;Bueno;145.81;Regular;91;54.58;49.54;99.08;Bueno;175.44;Regular;Bueno;Regular
2025-08-14;20:00;117;76.04;72.83;56.03;Bueno;145.81;Regular;63;52.92;49.54;99.08;Bueno;175.44;Regular;Bueno;Regular
2025-08-14;21:00;114;71.42;72.83;56.03;Bueno;145.81;Regular;68;48.75;49.54;99.08;Bueno;175.44;Regular;Bueno;Regular
2025-08-14;22:00;195;74.00;72.83;56.03;Bueno;145.81;Regular;138;50.50;49.54;99.08;Bueno;175.44;Regular;Bueno;Regular
2025-08-14;23:00;172;72.83;72.83;56.03;Bueno;145.81;Regular;132;49.54;49.54;99.08;Bueno;175.44;Regular;Bueno;Regular
2025-08-15;00:00;162;76.04;57.96;44.58;Bueno;121.26;Regular;134;51.96;42.88;85.75;Bueno;160.75;Regular;Bueno;Regular
2025-08-15;01:00;151;79.79;57.96;44.58;Bueno;121.26;Regular;120;54.58;42.88;85.75;Bueno;160.75;Regular;Bueno;Regular
2025-08-15;02:00;87;81.88;57.96;44.58;Bueno;121.26;Regular;71;56.04;42.88;85.75;Bueno;160.75;Regular;Bueno;Regular
2025-08-15;03:00;49;82.71;57.96;44.58;Bueno;121.26;Regular;36;56.33;42.88;85.75;Bueno;160.75;Regular;Bueno;Regular
2025-08-15;04:00;64;84.00;57.96;44.58;Bueno;121.26;Regular;60;57.50;42.88;85.75;Bueno;160.75;Regular;Bueno;Regular
2025-08-15;05:00;34;84.46;57.96;44.58;Bueno;121.26;Regular;30;57.83;42.88;85.75;Bueno;160.75;Regular;Bueno;Regular
2025-08-15;06:00;28;84.58;57.96;44.58;Bueno;121.26;Regular;23;57.88;42.88;85.75;Bueno;160.75;Regular;Bueno;Regular
2025-08-15;07:00;14;83.42;57.96;44.58;Bueno;121.26;Regular;5;56.83;42.88;85.75;Bueno;160.75;Regular;Bueno;Regular
2025-08-15;08:00;21;81.79;57.96;44.58;Bueno;121.26;Regular;8;55.88;42.88;85.75;Bueno;160.75;Regular;Bueno;Regular
2025-08-15;09:00;18;79.79;57.96;44.58;Bueno;121.26;Regular;10;54.54;42.88;85.75;Bueno;160.75;Regular;Bueno;Regular
2025-08-15;10:00;23;77.50;57.96;44.58;Bueno;121.26;Regular;10;52.83;42.88;85.75;Bueno;160.75;Regular;Bueno;Regular
2025-08-15;11:00;16;74.88;57.96;44.58;Bueno;121.26;Regular;12;50.67;42.88;85.75;Bueno;160.75;Regular;Bueno;Regular
2025-08-15;12:00;23;72.67;57.96;44.58;Bueno;121.26;Regular;15;48.79;42.88;85.75;Bueno;160.75;Regular;Bueno;Regular
2025-08-15;13:00;36;71.88;57.96;44.58;Bueno;121.26;Regular;28;48.42;42.88;85.75;Bueno;160.75;Regular;Bueno;Regular
2025-08-15;14:00;48;72.54;57.96;44.58;Bueno;121.26;Regular;29;49.04;42.88;85.75;Bueno;160.75;Regular;Bueno;Regular
2025-08-15;15:00;25;72.42;57.96;44.58;Bueno;121.26;Regular;15;49.25;42.88;85.75;Bueno;160.75;Regular;Bueno;Regular
2025-08-15;16:00;16;72.21;57.96;44.58;Bueno;121.26;Regular;9;49.21;42.88;85.75;Bueno;160.75;Regular;Bueno;Regular
2025-08-15;17:00;31;72.25;57.96;44.58;Bueno;121.26;Regular;19;49.46;42.88;85.75;Bueno;160.75;Regular;Bueno;Regular
2025-08-15;18:00;70;69.88;57.96;44.58;Bueno;121.26;Regular;38;48.50;42.88;85.75;Bueno;160.75;Regular;Bueno;Regular
2025-08-15;19:00;110;67.67;57.96;44.58;Bueno;121.26;Regular;79;48.00;42.88;85.75;Bueno;160.75;Regular;Bueno;Regular
2025-08-15;20:00;126;68.04;57.96;44.58;Bueno;121.26;Regular;91;49.17;42.88;85.75;Bueno;160.75;Regular;Bueno;Regular
2025-08-15;21:00;145;69.33;57.96;44.58;Bueno;121.26;Regular;117;51.21;42.88;85.75;Bueno;160.75;Regular;Bueno;Regular
2025-08-15;22:00;18;61.96;57.96;44.58;Bueno;121.26;Regular;11;45.92;42.88;85.75;Bueno;160.75;Regular;Bueno;Regular
2025-08-15;23:00;76;57.96;57.96;44.58;Bueno;121.26;Regular;59;42.88;42.88;85.75;Bueno;160.75;Regular;Bueno;Regular
2025-08-16;00:00;39;52.83;58.21;44.78;Bueno;121.68;Regular;25;38.33;42.33;84.67;Bueno;159.56;Regular;Bueno;Regular
2025-08-16;01:00;23;47.50;58.21;44.78;Bueno;121.68;Regular;16;34.00;42.33;84.67;Bueno;159.56;Regular;Bueno;Regular
2025-08-16;02:00;29;45.08;58.21;44.78;Bueno;121.68;Regular;22;31.96;42.33;84.67;Bueno;159.56;Regular;Bueno;Regular
2025-08-16;03:00;20;43.88;58.21;44.78;Bueno;121.68;Regular;17;31.17;42.33;84.67;Bueno;159.56;Regular;Bueno;Regular
2025-08-16;04:00;17;41.92;58.21;44.78;Bueno;121.68;Regular;10;29.08;42.33;84.67;Bueno;159.56;Regular;Bueno;Regular
2025-08-16;05:00;11;40.96;58.21;44.78;Bueno;121.68;Regular;8;28.17;42.33;84.67;Bueno;159.56;Regular;Bueno;Regular
2025-08-16;06:00;7;40.08;58.21;44.78;Bueno;121.68;Regular;3;27.33;42.33;84.67;Bueno;159.56;Regular;Bueno;Regular
2025-08-16;07:00;10;39.92;58.21;44.78;Bueno;121.68;Regular;3;27.25;42.33;84.67;Bueno;159.56;Regular;Bueno;Regular
2025-08-16;08:00;27;40.17;58.21;44.78;Bueno;121.68;Regular;15;27.54;42.33;84.67;Bueno;159.56;Regular;Bueno;Regular
2025-08-16;09:00;17;40.12;58.21;44.78;Bueno;121.68;Regular;3;27.25;42.33;84.67;Bueno;159.56;Regular;Bueno;Regular
2025-08-16;10:00;9;39.54;58.21;44.78;Bueno;121.68;Regular;2;26.92;42.33;84.67;Bueno;159.56;Regular;Bueno;Regular
2025-08-16;11:00;9;39.25;58.21;44.78;Bueno;121.68;Regular;1;26.46;42.33;84.67;Bueno;159.56;Regular;Bueno;Regular
2025-08-16;12:00;13;38.83;58.21;44.78;Bueno;121.68;Regular;1;25.88;42.33;84.67;Bueno;159.56;Regular;Bueno;Regular
2025-08-16;13:00;19;38.12;58.21;44.78;Bueno;121.68;Regular;3;24.83;42.33;84.67;Bueno;159.56;Regular;Bueno;Regular
2025-08-16;14:00;16;36.79;58.21;44.78;Bueno;121.68;Regular;7;23.92;42.33;84.67;Bueno;159.56;Regular;Bueno;Regular
2025-08-16;15:00;8;36.08;58.21;44.78;Bueno;121.68;Regular;5;23.50;42.33;84.67;Bueno;159.56;Regular;Bueno;Regular
2025-08-16;16:00;16;36.08;58.21;44.78;Bueno;121.68;Regular;5;23.33;42.33;84.67;Bueno;159.56;Regular;Bueno;Regular
2025-08-16;17:00;19;35.58;58.21;44.78;Bueno;121.68;Regular;8;22.88;42.33;84.67;Bueno;159.56;Regular;Bueno;Regular
2025-08-16;18:00;76;35.83;58.21;44.78;Bueno;121.68;Regular;46;23.21;42.33;84.67;Bueno;159.56;Regular;Bueno;Regular
2025-08-16;19:00;137;36.96;58.21;44.78;Bueno;121.68;Regular;100;24.08;42.33;84.67;Bueno;159.56;Regular;Bueno;Regular
2025-08-16;20:00;230;41.29;58.21;44.78;Bueno;121.68;Regular;188;28.12;42.33;84.67;Bueno;159.56;Regular;Bueno;Regular
2025-08-16;21:00;287;47.21;58.21;44.78;Bueno;121.68;Regular;231;32.88;42.33;84.67;Bueno;159.56;Regular;Bueno;Regular
2025-08-16;22:00;197;54.67;58.21;44.78;Bueno;121.68;Regular;166;39.33;42.33;84.67;Bueno;159.56;Regular;Bueno;Regular
2025-08-16;23:00;161;58.21;58.21;44.78;Bueno;121.68;Regular;131;42.33;42.33;84.67;Bueno;159.56;Regular;Bueno;Regular
2025-08-17;00:00;182;64.17;51.54;39.65;Bueno;110.72;Regular;151;47.58;37.75;75.50;Bueno;149.50;Regular;Bueno;Regular
2025-08-17;01:00;137;68.92;51.54;39.65;Bueno;110.72;Regular;118;51.83;37.75;75.50;Bueno;149.50;Regular;Bueno;Regular
2025-08-17;02:00;33;69.08;51.54;39.65;Bueno;110.72;Regular;26;52.00;37.75;75.50;Bueno;149.50;Regular;Bueno;Regular
2025-08-17;03:00;62;70.83;51.54;39.65;Bueno;110.72;Regular;46;53.21;37.75;75.50;Bueno;149.50;Regular;Bueno;Regular
2025-08-17;04:00;56;72.46;51.54;39.65;Bueno;110.72;Regular;45;54.67;37.75;75.50;Bueno;149.50;Regular;Bueno;Regular
2025-08-17;05:00;39;73.62;51.54;39.65;Bueno;110.72;Regular;29;55.54;37.75;75.50;Bueno;149.50;Regular;Bueno;Regular
2025-08-17;06:00;52;75.50;51.54;39.65;Bueno;110.72;Regular;50;57.50;37.75;75.50;Bueno;149.50;Regular;Bueno;Regular
2025-08-17;07:00;21;75.96;51.54;39.65;Bueno;110.72;Regular;16;58.04;37.75;75.50;Bueno;149.50;Regular;Bueno;Regular
2025-08-17;08:00;29;76.04;51.54;39.65;Bueno;110.72;Regular;19;58.21;37.75;75.50;Bueno;149.50;Regular;Bueno;Regular
2025-08-17;09:00;36;76.83;51.54;39.65;Bueno;110.72;Regular;30;59.33;37.75;75.50;Bueno;149.50;Regular;Bueno;Regular
2025-08-17;10:00;30;77.71;51.54;39.65;Bueno;110.72;Regular;20;60.08;37.75;75.50;Bueno;149.50;Regular;Bueno;Regular
2025-08-17;11:00;25;78.38;51.54;39.65;Bueno;110.72;Regular;21;60.92;37.75;75.50;Bueno;149.50;Regular;Bueno;Regular
2025-08-17;12:00;27;78.96;51.54;39.65;Bueno;110.72;Regular;13;61.42;37.75;75.50;Bueno;149.50;Regular;Bueno;Regular
2025-08-17;13:00;24;79.17;51.54;39.65;Bueno;110.72;Regular;18;62.04;37.75;75.50;Bueno;149.50;Regular;Bueno;Regular
2025-08-17;14:00;27;79.62;51.54;39.65;Bueno;110.72;Regular;16;62.42;37.75;75.50;Bueno;149.50;Regular;Bueno;Regular
2025-08-17;15:00;17;80.00;51.54;39.65;Bueno;110.72;Regular;9;62.58;37.75;75.50;Bueno;149.50;Regular;Bueno;Regular
2025-08-17;16:00;23;80.29;51.54;39.65;Bueno;110.72;Regular;12;62.88;37.75;75.50;Bueno;149.50;Regular;Bueno;Regular
2025-08-17;17:00;33;80.88;51.54;39.65;Bueno;110.72;Regular;16;63.21;37.75;75.50;Bueno;149.50;Regular;Bueno;Regular
2025-08-17;18:00;31;79.00;51.54;39.65;Bueno;110.72;Regular;12;61.79;37.75;75.50;Bueno;149.50;Regular;Bueno;Regular
2025-08-17;19:00;47;75.25;51.54;39.65;Bueno;110.72;Regular;29;58.83;37.75;75.50;Bueno;149.50;Regular;Bueno;Regular
2025-08-17;20:00;45;67.54;51.54;39.65;Bueno;110.72;Regular;26;52.08;37.75;75.50;Bueno;149.50;Regular;Bueno;Regular
2025-08-17;21:00;57;57.96;51.54;39.65;Bueno;110.72;Regular;40;44.12;37.75;75.50;Bueno;149.50;Regular;Bueno;Regular
2025-08-17;22:00;115;54.54;51.54;39.65;Bueno;110.72;Regular;82;40.62;37.75;75.50;Bueno;149.50;Regular;Bueno;Regular
2025-08-17;23:00;89;51.54;51.54;39.65;Bueno;110.72;Regular;62;37.75;37.75;75.50;Bueno;149.50;Regular;Bueno;Regular
2025-08-18;00:00;72;46.96;31.21;24.01;Bueno;69.35;Bueno;59;33.92;22.25;44.50;Bueno;115.69;Regular;Bueno;Regular
2025-08-18;01:00;44;43.08;31.21;24.01;Bueno;69.35;Bueno;42;30.75;22.25;44.50;Bueno;115.69;Regular;Bueno;Regular
2025-08-18;02:00;65;44.42;31.21;24.01;Bueno;69.35;Bueno;54;31.92;22.25;44.50;Bueno;115.69;Regular;Bueno;Regular
2025-08-18;03:00;102;46.08;31.21;24.01;Bueno;69.35;Bueno;81;33.38;22.25;44.50;Bueno;115.69;Regular;Bueno;Regular
2025-08-18;04:00;31;45.04;31.21;24.01;Bueno;69.35;Bueno;30;32.75;22.25;44.50;Bueno;115.69;Regular;Bueno;Regular
2025-08-18;05:00;17;44.12;31.21;24.01;Bueno;69.35;Bueno;11;32.00;22.25;44.50;Bueno;115.69;Regular;Bueno;Regular
2025-08-18;06:00;8;42.29;31.21;24.01;Bueno;69.35;Bueno;7;30.21;22.25;44.50;Bueno;115.69;Regular;Bueno;Regular
2025-08-18;07:00;8;41.75;31.21;24.01;Bueno;69.35;Bueno;5;29.75;22.25;44.50;Bueno;115.69;Regular;Bueno;Regular
2025-08-18;08:00;15;41.17;31.21;24.01;Bueno;69.35;Bueno;14;29.54;22.25;44.50;Bueno;115.69;Regular;Bueno;Regular
2025-08-18;09:00;15;40.29;31.21;24.01;Bueno;69.35;Bueno;10;28.71;22.25;44.50;Bueno;115.69;Regular;Bueno;Regular
2025-08-18;10:00;16;39.71;31.21;24.01;Bueno;69.35;Bueno;7;28.17;22.25;44.50;Bueno;115.69;Regular;Bueno;Regular
2025-08-18;11:00;19;39.46;31.21;24.01;Bueno;69.35;Bueno;15;27.92;22.25;44.50;Bueno;115.69;Regular;Bueno;Regular
2025-08-18;12:00;13;38.88;31.21;24.01;Bueno;69.35;Bueno;12;27.88;22.25;44.50;Bueno;115.69;Regular;Bueno;Regular
2025-08-18;13:00;19;38.67;31.21;24.01;Bueno;69.35;Bueno;9;27.50;22.25;44.50;Bueno;115.69;Regular;Bueno;Regular
2025-08-18;14:00;16;38.21;31.21;24.01;Bueno;69.35;Bueno;6;27.08;22.25;44.50;Bueno;115.69;Regular;Bueno;Regular
2025-08-18;15:00;23;38.46;31.21;24.01;Bueno;69.35;Bueno;8;27.04;22.25;44.50;Bueno;115.69;Regular;Bueno;Regular
2025-08-18;16:00;24;38.50;31.21;24.01;Bueno;69.35;Bueno;9;26.92;22.25;44.50;Bueno;115.69;Regular;Bueno;Regular
2025-08-18;17:00;29;38.33;31.21;24.01;Bueno;69.35;Bueno;11;26.71;22.25;44.50;Bueno;115.69;Regular;Bueno;Regular
2025-08-18;18:00;31;38.33;31.21;24.01;Bueno;69.35;Bueno;17;26.92;22.25;44.50;Bueno;115.69;Regular;Bueno;Regular
2025-08-18;19:00;34;37.79;31.21;24.01;Bueno;69.35;Bueno;18;26.46;22.25;44.50;Bueno;115.69;Regular;Bueno;Regular
2025-08-18;20:00;24;36.92;31.21;24.01;Bueno;69.35;Bueno;19;26.17;22.25;44.50;Bueno;115.69;Regular;Bueno;Regular
2025-08-18;21:00;33;35.92;31.21;24.01;Bueno;69.35;Bueno;22;25.42;22.25;44.50;Bueno;115.69;Regular;Bueno;Regular
2025-08-18;22:00;39;32.75;31.21;24.01;Bueno;69.35;Bueno;29;23.21;22.25;44.50;Bueno;115.69;Regular;Bueno;Regular
2025-08-18;23:00;52;31.21;31.21;24.01;Bueno;69.35;Bueno;39;22.25;22.25;44.50;Bueno;115.69;Regular;Bueno;Regular
2025-08-19;00:00;56;30.54;25.79;19.84;Bueno;57.31;Bueno;46;21.71;16.29;32.58;Bueno;102.79;Regular;Bueno;Regular
2025-08-19;01:00;42;30.46;25.79;19.84;Bueno;57.31;Bueno;31;21.25;16.29;32.58;Bueno;102.79;Regular;Bueno;Regular
2025-08-19;02:00;16;28.42;25.79;19.84;Bueno;57.31;Bueno;12;19.50;16.29;32.58;Bueno;102.79;Regular;Bueno;Regular
2025-08-19;03:00;21;25.04;25.79;19.84;Bueno;57.31;Bueno;13;16.67;16.29;32.58;Bueno;102.79;Regular;Bueno;Regular
2025-08-19;04:00;26;24.83;25.79;19.84;Bueno;57.31;Bueno;10;15.83;16.29;32.58;Bueno;102.79;Regular;Bueno;Regular
2025-08-19;05:00;22;25.04;25.79;19.84;Bueno;57.31;Bueno;8;15.71;16.29;32.58;Bueno;102.79;Regular;Bueno;Regular
2025-08-19;06:00;26;25.79;25.79;19.84;Bueno;57.31;Bueno;11;15.88;16.29;32.58;Bueno;102.79;Regular;Bueno;Regular
2025-08-19;07:00;28;26.62;25.79;19.84;Bueno;57.31;Bueno;12;16.17;16.29;32.58;Bueno;102.79;Regular;Bueno;Regular
2025-08-19;08:00;27;27.12;25.79;19.84;Bueno;57.31;Bueno;10;16.00;16.29;32.58;Bueno;102.79;Regular;Bueno;Regular
2025-08-19;09:00;22;27.42;25.79;19.84;Bueno;57.31;Bueno;10;16.00;16.29;32.58;Bueno;102.79;Regular;Bueno;Regular
2025-08-19;10:00;22;27.67;25.79;19.84;Bueno;57.31;Bueno;14;16.29;16.29;32.58;Bueno;102.79;Regular;Bueno;Regular
2025-08-19;11:00;23;27.83;25.79;19.84;Bueno;57.31;Bueno;9;16.04;16.29;32.58;Bueno;102.79;Regular;Bueno;Regular
2025-08-19;12:00;24;28.29;25.79;19.84;Bueno;57.31;Bueno;7;15.83;16.29;32.58;Bueno;102.79;Regular;Bueno;Regular
2025-08-19;13:00;50;29.58;25.79;19.84;Bueno;57.31;Bueno;41;17.17;16.29;32.58;Bueno;102.79;Regular;Bueno;Regular
2025-08-19;14:00;39;30.54;25.79;19.84;Bueno;57.31;Bueno;35;18.38;16.29;32.58;Bueno;102.79;Regular;Bueno;Regular
2025-08-19;15:00;33;30.96;25.79;19.84;Bueno;57.31;Bueno;19;18.83;16.29;32.58;Bueno;102.79;Regular;Bueno;Regular
2025-08-19;16:00;22;30.88;25.79;19.84;Bueno;57.31;Bueno;22;19.38;16.29;32.58;Bueno;102.79;Regular;Bueno;Regular
2025-08-19;17:00;21;30.54;25.79;19.84;Bueno;57.31;Bueno;16;19.58;16.29;32.58;Bueno;102.79;Regular;Bueno;Regular
2025-08-19;18:00;10;29.67;25.79;19.84;Bueno;57.31;Bueno;8;19.21;16.29;32.58;Bueno;102.79;Regular;Bueno;Regular
2025-08-19;19:00;20;29.08;25.79;19.84;Bueno;57.31;Bueno;10;18.88;16.29;32.58;Bueno;102.79;Regular;Bueno;Regular
2025-08-19;20:00;42;29.83;25.79;19.84;Bueno;57.31;Bueno;31;19.38;16.29;32.58;Bueno;102.79;Regular;Bueno;Regular
2025-08-19;21:00;13;29.00;25.79;19.84;Bueno;57.31;Bueno;7;18.75;16.29;32.58;Bueno;102.79;Regular;Bueno;Regular
2025-08-19;22:00;8;27.71;25.79;19.84;Bueno;57.31;Bueno;6;17.79;16.29;32.58;Bueno;102.79;Regular;Bueno;Regular
2025-08-19;23:00;6;25.79;25.79;19.84;Bueno;57.31;Bueno;3;16.29;16.29;32.58;Bueno;102.79;Regular;Bueno;Regular
2025-08-20;00:00;10;23.88;17.79;13.69;Bueno;39.54;Bueno;9;14.75;12.96;25.92;Bueno;86.39;Bueno;Bueno;Bueno
2025-08-20;01:00;8;22.46;17.79;13.69;Bueno;39.54;Bueno;7;13.75;12.96;25.92;Bueno;86.39;Bueno;Bueno;Bueno
2025-08-20;02:00;2;21.88;17.79;13.69;Bueno;39.54;Bueno;2;13.33;12.96;25.92;Bueno;86.39;Bueno;Bueno;Bueno
2025-08-20;03:00;1;21.04;17.79;13.69;Bueno;39.54;Bueno;1;12.83;12.96;25.92;Bueno;86.39;Bueno;Bueno;Bueno
2025-08-20;04:00;1;20.00;17.79;13.69;Bueno;39.54;Bueno;1;12.46;12.96;25.92;Bueno;86.39;Bueno;Bueno;Bueno
2025-08-20;05:00;3;19.21;17.79;13.69;Bueno;39.54;Bueno;2;12.21;12.96;25.92;Bueno;86.39;Bueno;Bueno;Bueno
2025-08-20;06:00;2;18.21;17.79;13.69;Bueno;39.54;Bueno;1;11.79;12.96;25.92;Bueno;86.39;Bueno;Bueno;Bueno
2025-08-20;07:00;8;17.38;17.79;13.69;Bueno;39.54;Bueno;4;11.46;12.96;25.92;Bueno;86.39;Bueno;Bueno;Bueno
2025-08-20;08:00;21;17.12;17.79;13.69;Bueno;39.54;Bueno;15;11.67;12.96;25.92;Bueno;86.39;Bueno;Bueno;Bueno
2025-08-20;09:00;15;16.83;17.79;13.69;Bueno;39.54;Bueno;13;11.79;12.96;25.92;Bueno;86.39;Bueno;Bueno;Bueno
2025-08-20;10:00;8;16.25;17.79;13.69;Bueno;39.54;Bueno;6;11.46;12.96;25.92;Bueno;86.39;Bueno;Bueno;Bueno
2025-08-20;11:00;14;15.88;17.79;13.69;Bueno;39.54;Bueno;11;11.54;12.96;25.92;Bueno;86.39;Bueno;Bueno;Bueno
2025-08-20;12:00;21;15.75;17.79;13.69;Bueno;39.54;Bueno;18;12.00;12.96;25.92;Bueno;86.39;Bueno;Bueno;Bueno
2025-08-20;13:00;9;14.04;17.79;13.69;Bueno;39.54;Bueno;9;10.67;12.96;25.92;Bueno;86.39;Bueno;Bueno;Bueno
2025-08-20;14:00;8;12.75;17.79;13.69;Bueno;39.54;Bueno;8;9.54;12.96;25.92;Bueno;86.39;Bueno;Bueno;Bueno
2025-08-20;15:00;19;12.17;17.79;13.69;Bueno;39.54;Bueno;7;9.04;12.96;25.92;Bueno;86.39;Bueno;Bueno;Bueno
2025-08-20;16:00;14;11.83;17.79;13.69;Bueno;39.54;Bueno;5;8.33;12.96;25.92;Bueno;86.39;Bueno;Bueno;Bueno
2025-08-20;17:00;26;12.04;17.79;13.69;Bueno;39.54;Bueno;15;8.29;12.96;25.92;Bueno;86.39;Bueno;Bueno;Bueno
2025-08-20;18:00;31;12.92;17.79;13.69;Bueno;39.54;Bueno;19;8.75;12.96;25.92;Bueno;86.39;Bueno;Bueno;Bueno
2025-08-20;19:00;51;14.21;17.79;13.69;Bueno;39.54;Bueno;31;9.62;12.96;25.92;Bueno;86.39;Bueno;Bueno;Bueno
2025-08-20;20:00;55;14.75;17.79;13.69;Bueno;39.54;Bueno;40;10.00;12.96;25.92;Bueno;86.39;Bueno;Bueno;Bueno
2025-08-20;21:00;41;15.92;17.79;13.69;Bueno;39.54;Bueno;38;11.29;12.96;25.92;Bueno;86.39;Bueno;Bueno;Bueno
2025-08-20;22:00;40;17.25;17.79;13.69;Bueno;39.54;Bueno;30;12.29;12.96;25.92;Bueno;86.39;Bueno;Bueno;Bueno
2025-08-20;23:00;19;17.79;17.79;13.69;Bueno;39.54;Bueno;19;12.96;12.96;25.92;Bueno;86.39;Bueno;Bueno;Bueno
2025-08-21;00:00;16;18.04;15.58;11.99;Bueno;34.63;Bueno;10;13.00;13.12;26.25;Bueno;87.50;Bueno;Bueno;Bueno
2025-08-21;01:00;6;17.96;15.58;11.99;Bueno;34.63;Bueno;5;12.92;13.12;26.25;Bueno;87.50;Bueno;Bueno;Bueno
2025-08-21;02:00;7;18.17;15.58;11.99;Bueno;34.63;Bueno;3;12.96;13.12;26.25;Bueno;87.50;Bueno;Bueno;Bueno
2025-08-21;03:00;8;18.46;15.58;11.99;Bueno;34.63;Bueno;5;13.12;13.12;26.25;Bueno;87.50;Bueno;Bueno;Bueno
2025-08-21;04:00;5;18.62;15.58;11.99;Bueno;34.63;Bueno;5;13.29;13.12;26.25;Bueno;87.50;Bueno;Bueno;Bueno
2025-08-21;05:00;1;18.54;15.58;11.99;Bueno;34.63;Bueno;1;13.25;13.12;26.25;Bueno;87.50;Bueno;Bueno;Bueno
2025-08-21;06:00;2;18.54;15.58;11.99;Bueno;34.63;Bueno;1;13.25;13.12;26.25;Bueno;87.50;Bueno;Bueno;Bueno
2025-08-21;07:00;3;18.33;15.58;11.99;Bueno;34.63;Bueno;2;13.17;13.12;26.25;Bueno;87.50;Bueno;Bueno;Bueno
2025-08-21;08:00;3;17.58;15.58;11.99;Bueno;34.63;Bueno;1;12.58;13.12;26.25;Bueno;87.50;Bueno;Bueno;Bueno
2025-08-21;09:00;3;17.08;15.58;11.99;Bueno;34.63;Bueno;2;12.12;13.12;26.25;Bueno;87.50;Bueno;Bueno;Bueno
2025-08-21;10:00;21;17.62;15.58;11.99;Bueno;34.63;Bueno;10;12.29;13.12;26.25;Bueno;87.50;Bueno;Bueno;Bueno
2025-08-21;11:00;10;17.46;15.58;11.99;Bueno;34.63;Bueno;9;12.21;13.12;26.25;Bueno;87.50;Bueno;Bueno;Bueno
2025-08-21;12:00;12;17.08;15.58;11.99;Bueno;34.63;Bueno;7;11.75;13.12;26.25;Bueno;87.50;Bueno;Bueno;Bueno
2025-08-21;13:00;20;17.54;15.58;11.99;Bueno;34.63;Bueno;11;11.83;13.12;26.25;Bueno;87.50;Bueno;Bueno;Bueno
2025-08-21;14:00;21;18.08;15.58;11.99;Bueno;34.63;Bueno;17;12.21;13.12;26.25;Bueno;87.50;Bueno;Bueno;Bueno
2025-08-21;15:00;11;17.75;15.58;11.99;Bueno;34.63;Bueno;10;12.33;13.12;26.25;Bueno;87.50;Bueno;Bueno;Bueno
2025-08-21;16:00;13;17.71;15.58;11.99;Bueno;34.63;Bueno;11;12.58;13.12;26.25;Bueno;87.50;Bueno;Bueno;Bueno
2025-08-21;17:00;33;18.00;15.58;11.99;Bueno;34.63;Bueno;32;13.29;13.12;26.25;Bueno;87.50;Bueno;Bueno;Bueno
2025-08-21;18:00;40;18.38;15.58;11.99;Bueno;34.63;Bueno;38;14.08;13.12;26.25;Bueno;87.50;Bueno;Bueno;Bueno
2025-08-21;19:00;18;17.00;15.58;11.99;Bueno;34.63;Bueno;18;13.54;13.12;26.25;Bueno;87.50;Bueno;Bueno;Bueno
2025-08-21;20:00;63;17.33;15.58;11.99;Bueno;34.63;Bueno;62;14.46;13.12;26.25;Bueno;87.50;Bueno;Bueno;Bueno
2025-08-21;21:00;20;16.46;15.58;11.99;Bueno;34.63;Bueno;19;13.67;13.12;26.25;Bueno;87.50;Bueno;Bueno;Bueno
2025-08-21;22:00;25;15.83;15.58;11.99;Bueno;34.63;Bueno;25;13.46;13.12;26.25;Bueno;87.50;Bueno;Bueno;Bueno
2025-08-21;23:00;13;15.58;15.58;11.99;Bueno;34.63;Bueno;11;13.12;13.12;26.25;Bueno;87.50;Bueno;Bueno;Bueno
2025-08-22;00:00;12;15.42;24.12;18.56;Bueno;53.61;Bueno;11;13.17;21.38;42.75;Bueno;113.80;Regular;Bueno;Regular
2025-08-22;01:00;12;15.67;24.12;18.56;Bueno;53.61;Bueno;11;13.42;21.38;42.75;Bueno;113.80;Regular;Bueno;Regular
2025-08-22;02:00;4;15.54;24.12;18.56;Bueno;53.61;Bueno;4;13.46;21.38;42.75;Bueno;113.80;Regular;Bueno;Regular
2025-08-22;03:00;1;15.25;24.12;18.56;Bueno;53.61;Bueno;1;13.29;21.38;42.75;Bueno;113.80;Regular;Bueno;Regular
2025-08-22;04:00;1;15.08;24.12;18.56;Bueno;53.61;Bueno;1;13.12;21.38;42.75;Bueno;113.80;Regular;Bueno;Regular
2025-08-22;05:00;2;15.12;24.12;18.56;Bueno;53.61;Bueno;1;13.12;21.38;42.75;Bueno;113.80;Regular;Bueno;Regular
2025-08-22;06:00;2;15.12;24.12;18.56;Bueno;53.61;Bueno;1;13.12;21.38;42.75;Bueno;113.80;Regular;Bueno;Regular
2025-08-22;07:00;2;15.08;24.12;18.56;Bueno;53.61;Bueno;2;13.12;21.38;42.75;Bueno;113.80;Regular;Bueno;Regular
2025-08-22;08:00;8;15.29;24.12;18.56;Bueno;53.61;Bueno;6;13.33;21.38;42.75;Bueno;113.80;Regular;Bueno;Regular
2025-08-22;09:00;7;15.46;24.12;18.56;Bueno;53.61;Bueno;6;13.50;21.38;42.75;Bueno;113.80;Regular;Bueno;Regular
2025-08-22;10:00;10;15.00;24.12;18.56;Bueno;53.61;Bueno;7;13.38;21.38;42.75;Bueno;113.80;Regular;Bueno;Regular
2025-08-22;11:00;15;15.21;24.12;18.56;Bueno;53.61;Bueno;6;13.25;21.38;42.75;Bueno;113.80;Regular;Bueno;Regular
2025-08-22;12:00;19;15.50;24.12;18.56;Bueno;53.61;Bueno;19;13.75;21.38;42.75;Bueno;113.80;Regular;Bueno;Regular
2025-08-22;13:00;6;14.92;24.12;18.56;Bueno;53.61;Bueno;1;13.33;21.38;42.75;Bueno;113.80;Regular;Bueno;Regular
2025-08-22;14:00;7;14.33;24.12;18.56;Bueno;53.61;Bueno;1;12.67;21.38;42.75;Bueno;113.80;Regular;Bueno;Regular
2025-08-22;15:00;5;14.08;24.12;18.56;Bueno;53.61;Bueno;1;12.29;21.38;42.75;Bueno;113.80;Regular;Bueno;Regular
2025-08-22;16:00;9;13.92;24.12;18.56;Bueno;53.61;Bueno;7;12.12;21.38;42.75;Bueno;113.80;Regular;Bueno;Regular
2025-08-22;17:00;14;13.12;24.12;18.56;Bueno;53.61;Bueno;13;11.33;21.38;42.75;Bueno;113.80;Regular;Bueno;Regular
2025-08-22;18:00;86;15.04;24.12;18.56;Bueno;53.61;Bueno;85;13.29;21.38;42.75;Bueno;113.80;Regular;Bueno;Regular
2025-08-22;19:00;134;19.88;24.12;18.56;Bueno;53.61;Bueno;126;17.79;21.38;42.75;Bueno;113.80;Regular;Bueno;Regular
2025-08-22;20:00;62;19.83;24.12;18.56;Bueno;53.61;Bueno;59;17.67;21.38;42.75;Bueno;113.80;Regular;Bueno;Regular
2025-08-22;21:00;75;22.12;24.12;18.56;Bueno;53.61;Bueno;75;20.00;21.38;42.75;Bueno;113.80;Regular;Bueno;Regular
2025-08-22;22:00;58;23.50;24.12;18.56;Bueno;53.61;Bueno;54;21.21;21.38;42.75;Bueno;113.80;Regular;Bueno;Regular
2025-08-22;23:00;28;24.12;24.12;18.56;Bueno;53.61;Bueno;15;21.38;21.38;42.75;Bueno;113.80;Regular;Bueno;Regular
2025-08-23;00:00;16;24.29;15.50;11.92;Bueno;34.44;Bueno;15;21.54;11.00;22.00;Bueno;73.33;Bueno;Bueno;Bueno
2025-08-23;01:00;15;24.42;15.50;11.92;Bueno;34.44;Bueno;14;21.67;11.00;22.00;Bueno;73.33;Bueno;Bueno;Bueno
2025-08-23;02:00;21;25.12;15.50;11.92;Bueno;34.44;Bueno;19;22.29;11.00;22.00;Bueno;73.33;Bueno;Bueno;Bueno
2025-08-23;03:00;10;25.50;15.50;11.92;Bueno;34.44;Bueno;7;22.54;11.00;22.00;Bueno;73.33;Bueno;Bueno;Bueno
2025-08-23;04:00;12;25.96;15.50;11.92;Bueno;34.44;Bueno;9;22.88;11.00;22.00;Bueno;73.33;Bueno;Bueno;Bueno
2025-08-23;05:00;13;26.42;15.50;11.92;Bueno;34.44;Bueno;12;23.33;11.00;22.00;Bueno;73.33;Bueno;Bueno;Bueno
2025-08-23;06:00;6;26.58;15.50;11.92;Bueno;34.44;Bueno;8;23.62;11.00;22.00;Bueno;73.33;Bueno;Bueno;Bueno
2025-08-23;07:00;8;26.83;15.50;11.92;Bueno;34.44;Bueno;7;23.83;11.00;22.00;Bueno;73.33;Bueno;Bueno;Bueno
2025-08-23;08:00;4;26.67;15.50;11.92;Bueno;34.44;Bueno;4;23.75;11.00;22.00;Bueno;73.33;Bueno;Bueno;Bueno
2025-08-23;09:00;12;26.88;15.50;11.92;Bueno;34.44;Bueno;12;24.00;11.00;22.00;Bueno;73.33;Bueno;Bueno;Bueno
2025-08-23;10:00;15;27.08;15.50;11.92;Bueno;34.44;Bueno;9;24.08;11.00;22.00;Bueno;73.33;Bueno;Bueno;Bueno
2025-08-23;11:00;16;27.12;15.50;11.92;Bueno;34.44;Bueno;11;24.29;11.00;22.00;Bueno;73.33;Bueno;Bueno;Bueno
2025-08-23;12:00;23;27.29;15.50;11.92;Bueno;34.44;Bueno;10;23.92;11.00;22.00;Bueno;73.33;Bueno;Bueno;Bueno
2025-08-23;13:00;15;27.67;15.50;11.92;Bueno;34.44;Bueno;6;24.12;11.00;22.00;Bueno;73.33;Bueno;Bueno;Bueno
2025-08-23;14:00;17;28.08;15.50;11.92;Bueno;34.44;Bueno;8;24.42;11.00;22.00;Bueno;73.33;Bueno;Bueno;Bueno
2025-08-23;15:00;13;28.42;15.50;11.92;Bueno;34.44;Bueno;6;24.62;11.00;22.00;Bueno;73.33;Bueno;Bueno;Bueno
2025-08-23;16:00;17;28.75;15.50;11.92;Bueno;34.44;Bueno;10;24.75;11.00;22.00;Bueno;73.33;Bueno;Bueno;Bueno
2025-08-23;17:00;23;29.12;15.50;11.92;Bueno;34.44;Bueno;16;24.88;11.00;22.00;Bueno;73.33;Bueno;Bueno;Bueno
2025-08-23;18:00;34;26.96;15.50;11.92;Bueno;34.44;Bueno;24;22.33;11.00;22.00;Bueno;73.33;Bueno;Bueno;Bueno
2025-08-23;19:00;21;22.25;15.50;11.92;Bueno;34.44;Bueno;13;17.62;11.00;22.00;Bueno;73.33;Bueno;Bueno;Bueno
2025-08-23;20:00;26;20.75;15.50;11.92;Bueno;34.44;Bueno;17;15.88;11.00;22.00;Bueno;73.33;Bueno;Bueno;Bueno
2025-08-23;21:00;18;18.38;15.50;11.92;Bueno;34.44;Bueno;12;13.25;11.00;22.00;Bueno;73.33;Bueno;Bueno;Bueno
2025-08-23;22:00;10;16.38;15.50;11.92;Bueno;34.44;Bueno;10;11.42;11.00;22.00;Bueno;73.33;Bueno;Bueno;Bueno
2025-08-23;23:00;7;15.50;15.50;11.92;Bueno;34.44;Bueno;5;11.00;11.00;22.00;Bueno;73.33;Bueno;Bueno;Bueno
2025-08-24;00:00;8;15.17;13.83;10.64;Bueno;30.74;Bueno;3;10.50;8.88;17.75;Bueno;59.17;Bueno;Bueno;Bueno
2025-08-24;01:00;5;14.75;13.83;10.64;Bueno;30.74;Bueno;2;10.00;8.88;17.75;Bueno;59.17;Bueno;Bueno;Bueno
2025-08-24;02:00;3;14.00;13.83;10.64;Bueno;30.74;Bueno;2;9.29;8.88;17.75;Bueno;59.17;Bueno;Bueno;Bueno
2025-08-24;03:00;1;13.62;13.83;10.64;Bueno;30.74;Bueno;1;9.04;8.88;17.75;Bueno;59.17;Bueno;Bueno;Bueno
2025-08-24;04:00;1;13.17;13.83;10.64;Bueno;30.74;Bueno;1;8.71;8.88;17.75;Bueno;59.17;Bueno;Bueno;Bueno
2025-08-24;05:00;1;12.67;13.83;10.64;Bueno;30.74;Bueno;1;8.25;8.88;17.75;Bueno;59.17;Bueno;Bueno;Bueno
2025-08-24;06:00;1;12.46;13.83;10.64;Bueno;30.74;Bueno;1;7.96;8.88;17.75;Bueno;59.17;Bueno;Bueno;Bueno
2025-08-24;07:00;1;12.17;13.83;10.64;Bueno;30.74;Bueno;1;7.71;8.88;17.75;Bueno;59.17;Bueno;Bueno;Bueno
2025-08-24;08:00;1;12.04;13.83;10.64;Bueno;30.74;Bueno;1;7.58;8.88;17.75;Bueno;59.17;Bueno;Bueno;Bueno
2025-08-24;09:00;1;11.58;13.83;10.64;Bueno;30.74;Bueno;1;7.12;8.88;17.75;Bueno;59.17;Bueno;Bueno;Bueno
2025-08-24;10:00;14;11.54;13.83;10.64;Bueno;30.74;Bueno;10;7.17;8.88;17.75;Bueno;59.17;Bueno;Bueno;Bueno
2025-08-24;11:00;19;11.67;13.83;10.64;Bueno;30.74;Bueno;8;7.04;8.88;17.75;Bueno;59.17;Bueno;Bueno;Bueno
2025-08-24;12:00;12;11.21;13.83;10.64;Bueno;30.74;Bueno;9;7.00;8.88;17.75;Bueno;59.17;Bueno;Bueno;Bueno
2025-08-24;13:00;22;11.50;13.83;10.64;Bueno;30.74;Bueno;15;7.38;8.88;17.75;Bueno;59.17;Bueno;Bueno;Bueno
2025-08-24;14:00;21;11.67;13.83;10.64;Bueno;30.74;Bueno;11;7.50;8.88;17.75;Bueno;59.17;Bueno;Bueno;Bueno
2025-08-24;15:00;19;11.92;13.83;10.64;Bueno;30.74;Bueno;9;7.62;8.88;17.75;Bueno;59.17;Bueno;Bueno;Bueno
2025-08-24;16:00;9;11.58;13.83;10.64;Bueno;30.74;Bueno;10;7.62;8.88;17.75;Bueno;59.17;Bueno;Bueno;Bueno
2025-08-24;17:00;11;11.08;13.83;10.64;Bueno;30.74;Bueno;6;7.21;8.88;17.75;Bueno;59.17;Bueno;Bueno;Bueno
2025-08-24;18:00;26;10.75;13.83;10.64;Bueno;30.74;Bueno;10;6.62;8.88;17.75;Bueno;59.17;Bueno;Bueno;Bueno
2025-08-24;19:00;33;11.25;13.83;10.64;Bueno;30.74;Bueno;19;6.88;8.88;17.75;Bueno;59.17;Bueno;Bueno;Bueno
2025-08-24;20:00;27;11.29;13.83;10.64;Bueno;30.74;Bueno;17;6.88;8.88;17.75;Bueno;59.17;Bueno;Bueno;Bueno
2025-08-24;21:00;43;12.33;13.83;10.64;Bueno;30.74;Bueno;36;7.88;8.88;17.75;Bueno;59.17;Bueno;Bueno;Bueno
2025-08-24;22:00;26;13.00;13.83;10.64;Bueno;30.74;Bueno;18;8.21;8.88;17.75;Bueno;59.17;Bueno;Bueno;Bueno
2025-08-24;23:00;27;13.83;13.83;10.64;Bueno;30.74;Bueno;21;8.88;8.88;17.75;Bueno;59.17;Bueno;Bueno;Bueno
2025-08-25;00:00;12;14.00;21.73;16.71;Bueno;48.28;Bueno;13;9.29;13.12;26.25;Bueno;87.50;Bueno;Bueno;Bueno
2025-08-25;01:00;14;14.38;21.73;16.71;Bueno;48.28;Bueno;7;9.50;13.12;26.25;Bueno;87.50;Bueno;Bueno;Bueno
2025-08-25;02:00;9;14.62;21.73;16.71;Bueno;48.28;Bueno;3;9.54;13.12;26.25;Bueno;87.50;Bueno;Bueno;Bueno
2025-08-25;03:00;6;14.83;21.73;16.71;Bueno;48.28;Bueno;2;9.58;13.12;26.25;Bueno;87.50;Bueno;Bueno;Bueno
2025-08-25;04:00;2;14.88;21.73;16.71;Bueno;48.28;Bueno;1;9.58;13.12;26.25;Bueno;87.50;Bueno;Bueno;Bueno
2025-08-25;05:00;1;14.88;21.73;16.71;Bueno;48.28;Bueno;1;9.58;13.12;26.25;Bueno;87.50;Bueno;Bueno;Bueno
2025-08-25;06:00;1;14.88;21.73;16.71;Bueno;48.28;Bueno;1;9.58;13.12;26.25;Bueno;87.50;Bueno;Bueno;Bueno
2025-08-25;07:00;3;14.96;21.73;16.71;Bueno;48.28;Bueno;1;9.58;13.12;26.25;Bueno;87.50;Bueno;Bueno;Bueno
2025-08-25;08:00;7;15.21;21.73;16.71;Bueno;48.28;Bueno;6;9.79;13.12;26.25;Bueno;87.50;Bueno;Bueno;Bueno
2025-08-25;09:00;13;15.71;21.73;16.71;Bueno;48.28;Bueno;12;10.25;13.12;26.25;Bueno;87.50;Bueno;Bueno;Bueno
2025-08-25;10:00;12;15.62;21.73;16.71;Bueno;48.28;Bueno;12;10.33;13.12;26.25;Bueno;87.50;Bueno;Bueno;Bueno
2025-08-25;11:00;;15.48;21.73;16.71;Bueno;48.28;Bueno;13;10.54;13.12;26.25;Bueno;87.50;Bueno;Bueno;Bueno
2025-08-25;12:00;;15.64;21.73;16.71;Bueno;48.28;Bueno;6;10.42;13.12;26.25;Bueno;87.50;Bueno;Bueno;Bueno
2025-08-25;13:00;20;15.55;21.73;16.71;Bueno;48.28;Bueno;1;9.83;13.12;26.25;Bueno;87.50;Bueno;Bueno;Bueno
2025-08-25;14:00;8;14.95;21.73;16.71;Bueno;48.28;Bueno;1;9.42;13.12;26.25;Bueno;87.50;Bueno;Bueno;Bueno
2025-08-25;15:00;7;14.41;21.73;16.71;Bueno;48.28;Bueno;1;9.08;13.12;26.25;Bueno;87.50;Bueno;Bueno;Bueno
2025-08-25;16:00;10;14.45;21.73;16.71;Bueno;48.28;Bueno;1;8.71;13.12;26.25;Bueno;87.50;Bueno;Bueno;Bueno
2025-08-25;17:00;15;14.64;21.73;16.71;Bueno;48.28;Bueno;2;8.54;13.12;26.25;Bueno;87.50;Bueno;Bueno;Bueno
2025-08-25;18:00;29;14.77;21.73;16.71;Bueno;48.28;Bueno;15;8.75;13.12;26.25;Bueno;87.50;Bueno;Bueno;Bueno
2025-08-25;19:00;38;15.00;21.73;16.71;Bueno;48.28;Bueno;24;8.96;13.12;26.25;Bueno;87.50;Bueno;Bueno;Bueno
2025-08-25;20:00;29;15.09;21.73;16.71;Bueno;48.28;Bueno;15;8.88;13.12;26.25;Bueno;87.50;Bueno;Bueno;Bueno
2025-08-25;21:00;72;16.41;21.73;16.71;Bueno;48.28;Bueno;53;9.58;13.12;26.25;Bueno;87.50;Bueno;Bueno;Bueno
2025-08-25;22:00;93;19.45;21.73;16.71;Bueno;48.28;Bueno;69;11.71;13.12;26.25;Bueno;87.50;Bueno;Bueno;Bueno
2025-08-25;23:00;77;21.73;21.73;16.71;Bueno;48.28;Bueno;55;13.12;13.12;26.25;Bueno;87.50;Bueno;Bueno;Bueno
2025-08-26;00:00;61;23.95;26.62;20.48;Bueno;59.17;Bueno;44;14.42;17.25;34.50;Bueno;104.86;Regular;Bueno;Regular
2025-08-26;01:00;62;26.14;26.62;20.48;Bueno;59.17;Bueno;48;16.12;17.25;34.50;Bueno;104.86;Regular;Bueno;Regular
2025-08-26;02:00;43;27.68;26.62;20.48;Bueno;59.17;Bueno;33;17.38;17.25;34.50;Bueno;104.86;Regular;Bueno;Regular
2025-08-26;03:00;21;28.36;26.62;20.48;Bueno;59.17;Bueno;21;18.17;17.25;34.50;Bueno;104.86;Regular;Bueno;Regular
2025-08-26;04:00;14;28.91;26.62;20.48;Bueno;59.17;Bueno;13;18.67;17.25;34.50;Bueno;104.86;Regular;Bueno;Regular
2025-08-26;05:00;8;29.23;26.62;20.48;Bueno;59.17;Bueno;7;18.92;17.25;34.50;Bueno;104.86;Regular;Bueno;Regular
2025-08-26;06:00;5;29.41;26.62;20.48;Bueno;59.17;Bueno;3;19.00;17.25;34.50;Bueno;104.86;Regular;Bueno;Regular
2025-08-26;07:00;18;30.09;26.62;20.48;Bueno;59.17;Bueno;17;19.67;17.25;34.50;Bueno;104.86;Regular;Bueno;Regular
2025-08-26;08:00;18;30.59;26.62;20.48;Bueno;59.17;Bueno;18;20.17;17.25;34.50;Bueno;104.86;Regular;Bueno;Regular
2025-08-26;09:00;43;31.95;26.62;20.48;Bueno;59.17;Bueno;36;21.17;17.25;34.50;Bueno;104.86;Regular;Bueno;Regular
2025-08-26;10:00;34;32.95;26.62;20.48;Bueno;59.17;Bueno;20;21.50;17.25;34.50;Bueno;104.86;Regular;Bueno;Regular
2025-08-26;11:00;22;32.48;26.62;20.48;Bueno;59.17;Bueno;15;21.58;17.25;34.50;Bueno;104.86;Regular;Bueno;Regular
2025-08-26;12:00;20;31.96;26.62;20.48;Bueno;59.17;Bueno;9;21.71;17.25;34.50;Bueno;104.86;Regular;Bueno;Regular
2025-08-26;13:00;18;31.88;26.62;20.48;Bueno;59.17;Bueno;5;21.88;17.25;34.50;Bueno;104.86;Regular;Bueno;Regular
2025-08-26;14:00;11;32.00;26.62;20.48;Bueno;59.17;Bueno;3;21.96;17.25;34.50;Bueno;104.86;Regular;Bueno;Regular
2025-08-26;15:00;10;32.12;26.62;20.48;Bueno;59.17;Bueno;1;21.96;17.25;34.50;Bueno;104.86;Regular;Bueno;Regular
2025-08-26;16:00;9;32.08;26.62;20.48;Bueno;59.17;Bueno;1;21.96;17.25;34.50;Bueno;104.86;Regular;Bueno;Regular
2025-08-26;17:00;17;32.17;26.62;20.48;Bueno;59.17;Bueno;2;21.96;17.25;34.50;Bueno;104.86;Regular;Bueno;Regular
2025-08-26;18:00;35;32.42;26.62;20.48;Bueno;59.17;Bueno;18;22.08;17.25;34.50;Bueno;104.86;Regular;Bueno;Regular
2025-08-26;19:00;65;33.54;26.62;20.48;Bueno;59.17;Bueno;34;22.50;17.25;34.50;Bueno;104.86;Regular;Bueno;Regular
2025-08-26;20:00;37;33.88;26.62;20.48;Bueno;59.17;Bueno;20;22.71;17.25;34.50;Bueno;104.86;Regular;Bueno;Regular
2025-08-26;21:00;35;32.33;26.62;20.48;Bueno;59.17;Bueno;22;21.42;17.25;34.50;Bueno;104.86;Regular;Bueno;Regular
2025-08-26;22:00;20;29.29;26.62;20.48;Bueno;59.17;Bueno;12;19.04;17.25;34.50;Bueno;104.86;Regular;Bueno;Regular
2025-08-26;23:00;13;26.62;26.62;20.48;Bueno;59.17;Bueno;12;17.25;17.25;34.50;Bueno;104.86;Regular;Bueno;Regular
2025-08-27;00:00;8;24.42;31.42;24.17;Bueno;69.81;Bueno;7;15.71;17.75;35.50;Bueno;105.94;Regular;Bueno;Regular
2025-08-27;01:00;14;22.42;31.42;24.17;Bueno;69.81;Bueno;7;14.00;17.75;35.50;Bueno;105.94;Regular;Bueno;Regular
2025-08-27;02:00;14;21.21;31.42;24.17;Bueno;69.81;Bueno;13;13.17;17.75;35.50;Bueno;105.94;Regular;Bueno;Regular
2025-08-27;03:00;6;20.58;31.42;24.17;Bueno;69.81;Bueno;6;12.54;17.75;35.50;Bueno;105.94;Regular;Bueno;Regular
2025-08-27;04:00;4;20.17;31.42;24.17;Bueno;69.81;Bueno;1;12.04;17.75;35.50;Bueno;105.94;Regular;Bueno;Regular
2025-08-27;05:00;3;19.96;31.42;24.17;Bueno;69.81;Bueno;1;11.79;17.75;35.50;Bueno;105.94;Regular;Bueno;Regular
2025-08-27;06:00;1;19.79;31.42;24.17;Bueno;69.81;Bueno;1;11.71;17.75;35.50;Bueno;105.94;Regular;Bueno;Regular
2025-08-27;07:00;10;19.46;31.42;24.17;Bueno;69.81;Bueno;1;11.04;17.75;35.50;Bueno;105.94;Regular;Bueno;Regular
2025-08-27;08:00;21;19.58;31.42;24.17;Bueno;69.81;Bueno;4;10.46;17.75;35.50;Bueno;105.94;Regular;Bueno;Regular
2025-08-27;09:00;11;18.25;31.42;24.17;Bueno;69.81;Bueno;6;9.21;17.75;35.50;Bueno;105.94;Regular;Bueno;Regular
2025-08-27;10:00;18;17.58;31.42;24.17;Bueno;69.81;Bueno;10;8.79;17.75;35.50;Bueno;105.94;Regular;Bueno;Regular
2025-08-27;11:00;17;17.38;31.42;24.17;Bueno;69.81;Bueno;10;8.58;17.75;35.50;Bueno;105.94;Regular;Bueno;Regular
2025-08-27;12:00;21;17.42;31.42;24.17;Bueno;69.81;Bueno;12;8.71;17.75;35.50;Bueno;105.94;Regular;Bueno;Regular
2025-08-27;13:00;32;18.00;31.42;24.17;Bueno;69.81;Bueno;16;9.17;17.75;35.50;Bueno;105.94;Regular;Bueno;Regular
2025-08-27;14:00;27;18.67;31.42;24.17;Bueno;69.81;Bueno;16;9.71;17.75;35.50;Bueno;105.94;Regular;Bueno;Regular
2025-08-27;15:00;34;19.67;31.42;24.17;Bueno;69.81;Bueno;18;10.42;17.75;35.50;Bueno;105.94;Regular;Bueno;Regular
2025-08-27;16:00;27;20.42;31.42;24.17;Bueno;69.81;Bueno;8;10.71;17.75;35.50;Bueno;105.94;Regular;Bueno;Regular
2025-08-27;17:00;42;21.46;31.42;24.17;Bueno;69.81;Bueno;19;11.42;17.75;35.50;Bueno;105.94;Regular;Bueno;Regular
2025-08-27;18:00;62;22.58;31.42;24.17;Bueno;69.81;Bueno;27;11.79;17.75;35.50;Bueno;105.94;Regular;Bueno;Regular
2025-08-27;19:00;126;25.12;31.42;24.17;Bueno;69.81;Bueno;77;13.58;17.75;35.50;Bueno;105.94;Regular;Bueno;Regular
2025-08-27;20:00;142;29.50;31.42;24.17;Bueno;69.81;Bueno;89;16.46;17.75;35.50;Bueno;105.94;Regular;Bueno;Regular
2025-08-27;21:00;48;30.04;31.42;24.17;Bueno;69.81;Bueno;33;16.92;17.75;35.50;Bueno;105.94;Regular;Bueno;Regular
2025-08-27;22:00;42;30.96;31.42;24.17;Bueno;69.81;Bueno;28;17.58;17.75;35.50;Bueno;105.94;Regular;Bueno;Regular
2025-08-27;23:00;24;31.42;31.42;24.17;Bueno;69.81;Bueno;16;17.75;17.75;35.50;Bueno;105.94;Regular;Bueno;Regular
2025-08-28;00:00;17;31.79;19.71;15.16;Bueno;43.80;Bueno;10;17.88;12.21;24.42;Bueno;81.39;Bueno;Bueno;Bueno
2025-08-28;01:00;10;31.62;19.71;15.16;Bueno;43.80;Bueno;9;17.96;12.21;24.42;Bueno;81.39;Bueno;Bueno;Bueno
2025-08-28;02:00;6;31.29;19.71;15.16;Bueno;43.80;Bueno;5;17.62;12.21;24.42;Bueno;81.39;Bueno;Bueno;Bueno
2025-08-28;03:00;3;31.17;19.71;15.16;Bueno;43.80;Bueno;2;17.46;12.21;24.42;Bueno;81.39;Bueno;Bueno;Bueno
2025-08-28;04:00;7;31.29;19.71;15.16;Bueno;43.80;Bueno;3;17.54;12.21;24.42;Bueno;81.39;Bueno;Bueno;Bueno
2025-08-28;05:00;2;31.25;19.71;15.16;Bueno;43.80;Bueno;1;17.54;12.21;24.42;Bueno;81.39;Bueno;Bueno;Bueno
2025-08-28;06:00;1;31.25;19.71;15.16;Bueno;43.80;Bueno;1;17.54;12.21;24.42;Bueno;81.39;Bueno;Bueno;Bueno
2025-08-28;07:00;6;31.08;19.71;15.16;Bueno;43.80;Bueno;1;17.54;12.21;24.42;Bueno;81.39;Bueno;Bueno;Bueno
2025-08-28;08:00;7;30.50;19.71;15.16;Bueno;43.80;Bueno;6;17.62;12.21;24.42;Bueno;81.39;Bueno;Bueno;Bueno
2025-08-28;09:00;12;30.54;19.71;15.16;Bueno;43.80;Bueno;5;17.58;12.21;24.42;Bueno;81.39;Bueno;Bueno;Bueno
2025-08-28;10:00;9;30.17;19.71;15.16;Bueno;43.80;Bueno;2;17.25;12.21;24.42;Bueno;81.39;Bueno;Bueno;Bueno
2025-08-28;11:00;17;30.17;19.71;15.16;Bueno;43.80;Bueno;8;17.17;12.21;24.42;Bueno;81.39;Bueno;Bueno;Bueno
2025-08-28;12:00;16;29.96;19.71;15.16;Bueno;43.80;Bueno;11;17.12;12.21;24.42;Bueno;81.39;Bueno;Bueno;Bueno
2025-08-28;13:00;20;29.46;19.71;15.16;Bueno;43.80;Bueno;11;16.92;12.21;24.42;Bueno;81.39;Bueno;Bueno;Bueno
2025-08-28;14:00;13;28.88;19.71;15.16;Bueno;43.80;Bueno;8;16.58;12.21;24.42;Bueno;81.39;Bueno;Bueno;Bueno
2025-08-28;15:00;20;28.29;19.71;15.16;Bueno;43.80;Bueno;6;16.08;12.21;24.42;Bueno;81.39;Bueno;Bueno;Bueno
2025-08-28;16:00;25;28.21;19.71;15.16;Bueno;43.80;Bueno;18;16.50;12.21;24.42;Bueno;81.39;Bueno;Bueno;Bueno
2025-08-28;17:00;27;27.58;19.71;15.16;Bueno;43.80;Bueno;18;16.46;12.21;24.42;Bueno;81.39;Bueno;Bueno;Bueno
2025-08-28;18:00;40;26.67;19.71;15.16;Bueno;43.80;Bueno;29;16.54;12.21;24.42;Bueno;81.39;Bueno;Bueno;Bueno
2025-08-28;19:00;41;23.12;19.71;15.16;Bueno;43.80;Bueno;19;14.12;12.21;24.42;Bueno;81.39;Bueno;Bueno;Bueno
2025-08-28;20:00;39;18.83;19.71;15.16;Bueno;43.80;Bueno;23;11.38;12.21;24.42;Bueno;81.39;Bueno;Bueno;Bueno
2025-08-28;21:00;36;18.33;19.71;15.16;Bueno;43.80;Bueno;21;10.88;12.21;24.42;Bueno;81.39;Bueno;Bueno;Bueno
2025-08-28;22:00;56;18.92;19.71;15.16;Bueno;43.80;Bueno;45;11.58;12.21;24.42;Bueno;81.39;Bueno;Bueno;Bueno
2025-08-28;23:00;43;19.71;19.71;15.16;Bueno;43.80;Bueno;31;12.21;12.21;24.42;Bueno;81.39;Bueno;Bueno;Bueno
2025-08-29;00:00;25;20.04;41.62;32.02;Bueno;92.50;Bueno;24;12.79;27.75;55.50;Bueno;127.65;Regular;Bueno;Regular
2025-08-29;01:00;23;20.58;41.62;32.02;Bueno;92.50;Bueno;12;12.92;27.75;55.50;Bueno;127.65;Regular;Bueno;Regular
2025-08-29;02:00;12;20.83;41.62;32.02;Bueno;92.50;Bueno;10;13.12;27.75;55.50;Bueno;127.65;Regular;Bueno;Regular
2025-08-29;03:00;9;21.08;41.62;32.02;Bueno;92.50;Bueno;5;13.25;27.75;55.50;Bueno;127.65;Regular;Bueno;Regular
2025-08-29;04:00;7;21.08;41.62;32.02;Bueno;92.50;Bueno;2;13.21;27.75;55.50;Bueno;127.65;Regular;Bueno;Regular
2025-08-29;05:00;5;21.21;41.62;32.02;Bueno;92.50;Bueno;3;13.29;27.75;55.50;Bueno;127.65;Regular;Bueno;Regular
2025-08-29;06:00;10;21.58;41.62;32.02;Bueno;92.50;Bueno;7;13.54;27.75;55.50;Bueno;127.65;Regular;Bueno;Regular
2025-08-29;07:00;27;22.46;41.62;32.02;Bueno;92.50;Bueno;8;13.83;27.75;55.50;Bueno;127.65;Regular;Bueno;Regular
2025-08-29;08:00;26;23.25;41.62;32.02;Bueno;92.50;Bueno;9;13.96;27.75;55.50;Bueno;127.65;Regular;Bueno;Regular
2025-08-29;09:00;23;23.71;41.62;32.02;Bueno;92.50;Bueno;7;14.04;27.75;55.50;Bueno;127.65;Regular;Bueno;Regular
2025-08-29;10:00;21;24.21;41.62;32.02;Bueno;92.50;Bueno;8;14.29;27.75;55.50;Bueno;127.65;Regular;Bueno;Regular
2025-08-29;11:00;12;24.00;41.62;32.02;Bueno;92.50;Bueno;8;14.29;27.75;55.50;Bueno;127.65;Regular;Bueno;Regular
2025-08-29;12:00;18;24.08;41.62;32.02;Bueno;92.50;Bueno;8;14.17;27.75;55.50;Bueno;127.65;Regular;Bueno;Regular
2025-08-29;13:00;9;23.62;41.62;32.02;Bueno;92.50;Bueno;7;14.00;27.75;55.50;Bueno;127.65;Regular;Bueno;Regular
2025-08-29;14:00;13;23.62;41.62;32.02;Bueno;92.50;Bueno;10;14.08;27.75;55.50;Bueno;127.65;Regular;Bueno;Regular
2025-08-29;15:00;17;23.50;41.62;32.02;Bueno;92.50;Bueno;11;14.29;27.75;55.50;Bueno;127.65;Regular;Bueno;Regular
2025-08-29;16:00;19;23.25;41.62;32.02;Bueno;92.50;Bueno;7;13.83;27.75;55.50;Bueno;127.65;Regular;Bueno;Regular
2025-08-29;17:00;35;23.58;41.62;32.02;Bueno;92.50;Bueno;12;13.58;27.75;55.50;Bueno;127.65;Regular;Bueno;Regular
2025-08-29;18:00;42;23.67;41.62;32.02;Bueno;92.50;Bueno;29;13.58;27.75;55.50;Bueno;127.65;Regular;Bueno;Regular
2025-08-29;19:00;58;24.38;41.62;32.02;Bueno;92.50;Bueno;32;14.12;27.75;55.50;Bueno;127.65;Regular;Bueno;Regular
2025-08-29;20:00;120;27.75;41.62;32.02;Bueno;92.50;Bueno;85;16.71;27.75;55.50;Bueno;127.65;Regular;Bueno;Regular
2025-08-29;21:00;157;32.79;41.62;32.02;Bueno;92.50;Bueno;120;20.83;27.75;55.50;Bueno;127.65;Regular;Bueno;Regular
2025-08-29;22:00;205;39.00;41.62;32.02;Bueno;92.50;Bueno;161;25.67;27.75;55.50;Bueno;127.65;Regular;Bueno;Regular
2025-08-29;23:00;106;41.62;41.62;32.02;Bueno;92.50;Bueno;81;27.75;27.75;55.50;Bueno;127.65;Regular;Bueno;Regular
2025-08-30;00:00;160;47.25;55.12;42.40;Bueno;116.61;Regular;135;32.38;39.50;79.00;Bueno;153.33;Regular;Bueno;Regular
2025-08-30;01:00;73;49.33;55.12;42.40;Bueno;116.61;Regular;62;34.46;39.50;79.00;Bueno;153.33;Regular;Bueno;Regular
2025-08-30;02:00;52;51.00;55.12;42.40;Bueno;116.61;Regular;36;35.54;39.50;79.00;Bueno;153.33;Regular;Bueno;Regular
2025-08-30;03:00;70;53.54;55.12;42.40;Bueno;116.61;Regular;55;37.62;39.50;79.00;Bueno;153.33;Regular;Bueno;Regular
2025-08-30;04:00;46;55.17;55.12;42.40;Bueno;116.61;Regular;40;39.21;39.50;79.00;Bueno;153.33;Regular;Bueno;Regular
2025-08-30;05:00;49;57.00;55.12;42.40;Bueno;116.61;Regular;38;40.67;39.50;79.00;Bueno;153.33;Regular;Bueno;Regular
2025-08-30;06:00;31;57.88;55.12;42.40;Bueno;116.61;Regular;27;41.50;39.50;79.00;Bueno;153.33;Regular;Bueno;Regular
2025-08-30;07:00;42;58.50;55.12;42.40;Bueno;116.61;Regular;23;42.12;39.50;79.00;Bueno;153.33;Regular;Bueno;Regular
2025-08-30;08:00;63;60.04;55.12;42.40;Bueno;116.61;Regular;45;43.62;39.50;79.00;Bueno;153.33;Regular;Bueno;Regular
2025-08-30;09:00;53;61.29;55.12;42.40;Bueno;116.61;Regular;42;45.08;39.50;79.00;Bueno;153.33;Regular;Bueno;Regular
2025-08-30;10:00;78;63.67;55.12;42.40;Bueno;116.61;Regular;52;46.92;39.50;79.00;Bueno;153.33;Regular;Bueno;Regular
2025-08-30;11:00;58;65.58;55.12;42.40;Bueno;116.61;Regular;45;48.46;39.50;79.00;Bueno;153.33;Regular;Bueno;Regular
2025-08-30;12:00;73;67.88;55.12;42.40;Bueno;116.61;Regular;58;50.54;39.50;79.00;Bueno;153.33;Regular;Bueno;Regular
2025-08-30;13:00;75;70.62;55.12;42.40;Bueno;116.61;Regular;62;52.83;39.50;79.00;Bueno;153.33;Regular;Bueno;Regular
2025-08-30;14:00;92;73.92;55.12;42.40;Bueno;116.61;Regular;72;55.42;39.50;79.00;Bueno;153.33;Regular;Bueno;Regular
2025-08-30;15:00;23;74.17;55.12;42.40;Bueno;116.61;Regular;6;55.21;39.50;79.00;Bueno;153.33;Regular;Bueno;Regular
2025-08-30;16:00;17;74.08;55.12;42.40;Bueno;116.61;Regular;5;55.12;39.50;79.00;Bueno;153.33;Regular;Bueno;Regular
2025-08-30;17:00;26;73.71;55.12;42.40;Bueno;116.61;Regular;11;55.08;39.50;79.00;Bueno;153.33;Regular;Bueno;Regular
2025-08-30;18:00;107;76.42;55.12;42.40;Bueno;116.61;Regular;61;56.42;39.50;79.00;Bueno;153.33;Regular;Bueno;Regular
2025-08-30;19:00;52;76.17;55.12;42.40;Bueno;116.61;Regular;26;56.17;39.50;79.00;Bueno;153.33;Regular;Bueno;Regular
2025-08-30;20:00;21;72.04;55.12;42.40;Bueno;116.61;Regular;8;52.96;39.50;79.00;Bueno;153.33;Regular;Bueno;Regular
2025-08-30;21:00;21;66.38;55.12;42.40;Bueno;116.61;Regular;12;48.46;39.50;79.00;Bueno;153.33;Regular;Bueno;Regular
2025-08-30;22:00;23;58.79;55.12;42.40;Bueno;116.61;Regular;12;42.25;39.50;79.00;Bueno;153.33;Regular;Bueno;Regular
2025-08-30;23:00;18;55.12;55.12;42.40;Bueno;116.61;Regular;15;39.50;39.50;79.00;Bueno;153.33;Regular;Bueno;Regular
2025-08-31;00:00;31;49.75;33.71;25.93;Bueno;74.91;Bueno;23;34.83;26.33;52.67;Bueno;124.57;Regular;Bueno;Regular
2025-08-31;01:00;40;48.38;33.71;25.93;Bueno;74.91;Bueno;32;33.58;26.33;52.67;Bueno;124.57;Regular;Bueno;Regular
2025-08-31;02:00;40;47.88;33.71;25.93;Bueno;74.91;Bueno;32;33.42;26.33;52.67;Bueno;124.57;Regular;Bueno;Regular
2025-08-31;03:00;21;45.83;33.71;25.93;Bueno;74.91;Bueno;15;31.75;26.33;52.67;Bueno;124.57;Regular;Bueno;Regular
2025-08-31;04:00;24;44.92;33.71;25.93;Bueno;74.91;Bueno;22;31.00;26.33;52.67;Bueno;124.57;Regular;Bueno;Regular
2025-08-31;05:00;21;43.75;33.71;25.93;Bueno;74.91;Bueno;17;30.12;26.33;52.67;Bueno;124.57;Regular;Bueno;Regular
2025-08-31;06:00;12;42.96;33.71;25.93;Bueno;74.91;Bueno;8;29.33;26.33;52.67;Bueno;124.57;Regular;Bueno;Regular
2025-08-31;07:00;10;41.62;33.71;25.93;Bueno;74.91;Bueno;6;28.62;26.33;52.67;Bueno;124.57;Regular;Bueno;Regular
2025-08-31;08:00;23;39.96;33.71;25.93;Bueno;74.91;Bueno;18;27.50;26.33;52.67;Bueno;124.57;Regular;Bueno;Regular
2025-08-31;09:00;35;39.21;33.71;25.93;Bueno;74.91;Bueno;22;26.67;26.33;52.67;Bueno;124.57;Regular;Bueno;Regular
2025-08-31;10:00;36;37.46;33.71;25.93;Bueno;74.91;Bueno;28;25.67;26.33;52.67;Bueno;124.57;Regular;Bueno;Regular
2025-08-31;11:00;32;36.38;33.71;25.93;Bueno;74.91;Bueno;23;24.75;26.33;52.67;Bueno;124.57;Regular;Bueno;Regular
2025-08-31;12:00;42;35.08;33.71;25.93;Bueno;74.91;Bueno;38;23.92;26.33;52.67;Bueno;124.57;Regular;Bueno;Regular
2025-08-31;13:00;56;34.29;33.71;25.93;Bueno;74.91;Bueno;44;23.17;26.33;52.67;Bueno;124.57;Regular;Bueno;Regular
2025-08-31;14:00;43;32.25;33.71;25.93;Bueno;74.91;Bueno;29;21.38;26.33;52.67;Bueno;124.57;Regular;Bueno;Regular
2025-08-31;15:00;35;32.75;33.71;25.93;Bueno;74.91;Bueno;24;22.12;26.33;52.67;Bueno;124.57;Regular;Bueno;Regular
2025-08-31;16:00;30;33.29;33.71;25.93;Bueno;74.91;Bueno;24;22.92;26.33;52.67;Bueno;124.57;Regular;Bueno;Regular
2025-08-31;17:00;41;33.92;33.71;25.93;Bueno;74.91;Bueno;26;23.54;26.33;52.67;Bueno;124.57;Regular;Bueno;Regular
2025-08-31;18:00;37;31.00;33.71;25.93;Bueno;74.91;Bueno;30;22.25;26.33;52.67;Bueno;124.57;Regular;Bueno;Regular
2025-08-31;19:00;62;31.42;33.71;25.93;Bueno;74.91;Bueno;60;23.67;26.33;52.67;Bueno;124.57;Regular;Bueno;Regular
2025-08-31;20:00;40;32.21;33.71;25.93;Bueno;74.91;Bueno;33;24.71;26.33;52.67;Bueno;124.57;Regular;Bueno;Regular
2025-08-31;21:00;53;33.54;33.71;25.93;Bueno;74.91;Bueno;44;26.04;26.33;52.67;Bueno;124.57;Regular;Bueno;Regular
2025-08-31;22:00;30;33.83;33.71;25.93;Bueno;74.91;Bueno;27;26.67;26.33;52.67;Bueno;124.57;Regular;Bueno;Regular
2025-08-31;23:00;15;33.71;33.71;25.93;Bueno;74.91;Bueno;7;26.33;26.33;52.67;Bueno;124.57;Regular;Bueno;Regular
2025-09-01;00:00;10;32.83;17.42;13.40;Bueno;38.70;Bueno;7;25.67;9.71;19.42;Bueno;64.72;Bueno;Bueno;Bueno
2025-09-01;01:00;10;31.58;17.42;13.40;Bueno;38.70;Bueno;7;24.62;9.71;19.42;Bueno;64.72;Bueno;Bueno;Bueno
2025-09-01;02:00;6;30.17;17.42;13.40;Bueno;38.70;Bueno;4;23.46;9.71;19.42;Bueno;64.72;Bueno;Bueno;Bueno
2025-09-01;03:00;6;29.54;17.42;13.40;Bueno;38.70;Bueno;3;22.96;9.71;19.42;Bueno;64.72;Bueno;Bueno;Bueno
2025-09-01;04:00;5;28.75;17.42;13.40;Bueno;38.70;Bueno;1;22.08;9.71;19.42;Bueno;64.72;Bueno;Bueno;Bueno
2025-09-01;05:00;2;27.96;17.42;13.40;Bueno;38.70;Bueno;1;21.42;9.71;19.42;Bueno;64.72;Bueno;Bueno;Bueno
2025-09-01;06:00;8;27.79;17.42;13.40;Bueno;38.70;Bueno;3;21.21;9.71;19.42;Bueno;64.72;Bueno;Bueno;Bueno
2025-09-01;07:00;13;27.92;17.42;13.40;Bueno;38.70;Bueno;8;21.29;9.71;19.42;Bueno;64.72;Bueno;Bueno;Bueno
2025-09-01;08:00;32;28.29;17.42;13.40;Bueno;38.70;Bueno;12;21.04;9.71;19.42;Bueno;64.72;Bueno;Bueno;Bueno
2025-09-01;09:00;24;27.83;17.42;13.40;Bueno;38.70;Bueno;14;20.71;9.71;19.42;Bueno;64.72;Bueno;Bueno;Bueno
2025-09-01;10:00;19;27.12;17.42;13.40;Bueno;38.70;Bueno;10;19.96;9.71;19.42;Bueno;64.72;Bueno;Bueno;Bueno
2025-09-01;11:00;17;26.50;17.42;13.40;Bueno;38.70;Bueno;7;19.29;9.71;19.42;Bueno;64.72;Bueno;Bueno;Bueno
2025-09-01;12:00;20;25.58;17.42;13.40;Bueno;38.70;Bueno;6;17.96;9.71;19.42;Bueno;64.72;Bueno;Bueno;Bueno
2025-09-01;13:00;16;23.92;17.42;13.40;Bueno;38.70;Bueno;5;16.33;9.71;19.42;Bueno;64.72;Bueno;Bueno;Bueno
2025-09-01;14:00;22;23.04;17.42;13.40;Bueno;38.70;Bueno;15;15.75;9.71;19.42;Bueno;64.72;Bueno;Bueno;Bueno
2025-09-01;15:00;16;22.25;17.42;13.40;Bueno;38.70;Bueno;8;15.08;9.71;19.42;Bueno;64.72;Bueno;Bueno;Bueno
2025-09-01;16:00;15;21.62;17.42;13.40;Bueno;38.70;Bueno;7;14.38;9.71;19.42;Bueno;64.72;Bueno;Bueno;Bueno
2025-09-01;17:00;24;20.92;17.42;13.40;Bueno;38.70;Bueno;9;13.67;9.71;19.42;Bueno;64.72;Bueno;Bueno;Bueno
2025-09-01;18:00;26;20.46;17.42;13.40;Bueno;38.70;Bueno;16;13.08;9.71;19.42;Bueno;64.72;Bueno;Bueno;Bueno
2025-09-01;19:00;17;18.58;17.42;13.40;Bueno;38.70;Bueno;3;10.71;9.71;19.42;Bueno;64.72;Bueno;Bueno;Bueno
2025-09-01;20:00;56;19.25;17.42;13.40;Bueno;38.70;Bueno;42;11.08;9.71;19.42;Bueno;64.72;Bueno;Bueno;Bueno
2025-09-01;21:00;33;18.42;17.42;13.40;Bueno;38.70;Bueno;26;10.33;9.71;19.42;Bueno;64.72;Bueno;Bueno;Bueno
2025-09-01;22:00;17;17.88;17.42;13.40;Bueno;38.70;Bueno;15;9.83;9.71;19.42;Bueno;64.72;Bueno;Bueno;Bueno
2025-09-01;23:00;4;17.42;17.42;13.40;Bueno;38.70;Bueno;4;9.71;9.71;19.42;Bueno;64.72;Bueno;Bueno;Bueno
2025-09-02;00:00;20;17.83;14.46;11.12;Bueno;32.13;Bueno;10;9.83;10.08;20.17;Bueno;67.22;Bueno;Bueno;Bueno
2025-09-02;01:00;10;17.83;14.46;11.12;Bueno;32.13;Bueno;9;9.92;10.08;20.17;Bueno;67.22;Bueno;Bueno;Bueno
2025-09-02;02:00;9;17.96;14.46;11.12;Bueno;32.13;Bueno;5;9.96;10.08;20.17;Bueno;67.22;Bueno;Bueno;Bueno
2025-09-02;03:00;4;17.88;14.46;11.12;Bueno;32.13;Bueno;2;9.92;10.08;20.17;Bueno;67.22;Bueno;Bueno;Bueno
2025-09-02;04:00;1;17.71;14.46;11.12;Bueno;32.13;Bueno;1;9.92;10.08;20.17;Bueno;67.22;Bueno;Bueno;Bueno
2025-09-02;05:00;1;17.67;14.46;11.12;Bueno;32.13;Bueno;1;9.92;10.08;20.17;Bueno;67.22;Bueno;Bueno;Bueno
2025-09-02;06:00;1;17.38;14.46;11.12;Bueno;32.13;Bueno;1;9.83;10.08;20.17;Bueno;67.22;Bueno;Bueno;Bueno
2025-09-02;07:00;1;16.88;14.46;11.12;Bueno;32.13;Bueno;2;9.58;10.08;20.17;Bueno;67.22;Bueno;Bueno;Bueno
2025-09-02;08:00;7;15.83;14.46;11.12;Bueno;32.13;Bueno;5;9.29;10.08;20.17;Bueno;67.22;Bueno;Bueno;Bueno
2025-09-02;09:00;10;15.25;14.46;11.12;Bueno;32.13;Bueno;7;9.00;10.08;20.17;Bueno;67.22;Bueno;Bueno;Bueno
2025-09-02;10:00;15;15.08;14.46;11.12;Bueno;32.13;Bueno;14;9.17;10.08;20.17;Bueno;67.22;Bueno;Bueno;Bueno
2025-09-02;11:00;18;15.12;14.46;11.12;Bueno;32.13;Bueno;16;9.54;10.08;20.17;Bueno;67.22;Bueno;Bueno;Bueno
2025-09-02;12:00;20;15.12;14.46;11.12;Bueno;32.13;Bueno;10;9.71;10.08;20.17;Bueno;67.22;Bueno;Bueno;Bueno
2025-09-02;13:00;7;14.75;14.46;11.12;Bueno;32.13;Bueno;5;9.71;10.08;20.17;Bueno;67.22;Bueno;Bueno;Bueno
2025-09-02;14:00;9;14.21;14.46;11.12;Bueno;32.13;Bueno;1;9.12;10.08;20.17;Bueno;67.22;Bueno;Bueno;Bueno
2025-09-02;15:00;8;13.88;14.46;11.12;Bueno;32.13;Bueno;3;8.92;10.08;20.17;Bueno;67.22;Bueno;Bueno;Bueno
2025-09-02;16:00;15;13.88;14.46;11.12;Bueno;32.13;Bueno;3;8.75;10.08;20.17;Bueno;67.22;Bueno;Bueno;Bueno
2025-09-02;17:00;8;13.21;14.46;11.12;Bueno;32.13;Bueno;2;8.46;10.08;20.17;Bueno;67.22;Bueno;Bueno;Bueno
2025-09-02;18:00;11;12.58;14.46;11.12;Bueno;32.13;Bueno;2;7.88;10.08;20.17;Bueno;67.22;Bueno;Bueno;Bueno
2025-09-02;19:00;18;12.62;14.46;11.12;Bueno;32.13;Bueno;17;8.46;10.08;20.17;Bueno;67.22;Bueno;Bueno;Bueno
2025-09-02;20:00;37;11.83;14.46;11.12;Bueno;32.13;Bueno;28;7.88;10.08;20.17;Bueno;67.22;Bueno;Bueno;Bueno
2025-09-02;21:00;40;12.12;14.46;11.12;Bueno;32.13;Bueno;34;8.21;10.08;20.17;Bueno;67.22;Bueno;Bueno;Bueno
2025-09-02;22:00;46;13.33;14.46;11.12;Bueno;32.13;Bueno;41;9.29;10.08;20.17;Bueno;67.22;Bueno;Bueno;Bueno
2025-09-02;23:00;31;14.46;14.46;11.12;Bueno;32.13;Bueno;23;10.08;10.08;20.17;Bueno;67.22;Bueno;Bueno;Bueno
2025-09-03;00:00;25;14.67;48.75;37.50;Bueno;106.14;Regular;20;10.50;39.12;78.25;Bueno;152.51;Regular;Bueno;Regular
2025-09-03;01:00;23;15.21;48.75;37.50;Bueno;106.14;Regular;22;11.04;39.12;78.25;Bueno;152.51;Regular;Bueno;Regular
2025-09-03;02:00;18;15.58;48.75;37.50;Bueno;106.14;Regular;17;11.54;39.12;78.25;Bueno;152.51;Regular;Bueno;Regular
2025-09-03;03:00;19;16.21;48.75;37.50;Bueno;106.14;Regular;19;12.25;39.12;78.25;Bueno;152.51;Regular;Bueno;Regular
2025-09-03;04:00;8;16.50;48.75;37.50;Bueno;106.14;Regular;6;12.46;39.12;78.25;Bueno;152.51;Regular;Bueno;Regular
2025-09-03;05:00;10;16.88;48.75;37.50;Bueno;106.14;Regular;9;12.79;39.12;78.25;Bueno;152.51;Regular;Bueno;Regular
2025-09-03;06:00;8;17.17;48.75;37.50;Bueno;106.14;Regular;7;13.04;39.12;78.25;Bueno;152.51;Regular;Bueno;Regular
2025-09-03;07:00;15;17.75;48.75;37.50;Bueno;106.14;Regular;14;13.54;39.12;78.25;Bueno;152.51;Regular;Bueno;Regular
2025-09-03;08:00;13;18.00;48.75;37.50;Bueno;106.14;Regular;13;13.88;39.12;78.25;Bueno;152.51;Regular;Bueno;Regular
2025-09-03;09:00;28;18.75;48.75;37.50;Bueno;106.14;Regular;21;14.46;39.12;78.25;Bueno;152.51;Regular;Bueno;Regular
2025-09-03;10:00;10;18.54;48.75;37.50;Bueno;106.14;Regular;6;14.12;39.12;78.25;Bueno;152.51;Regular;Bueno;Regular
2025-09-03;11:00;11;18.25;48.75;37.50;Bueno;106.14;Regular;3;13.58;39.12;78.25;Bueno;152.51;Regular;Bueno;Regular
2025-09-03;12:00;21;18.29;48.75;37.50;Bueno;106.14;Regular;5;13.38;39.12;78.25;Bueno;152.51;Regular;Bueno;Regular
2025-09-03;13:00;12;18.50;48.75;37.50;Bueno;106.14;Regular;4;13.33;39.12;78.25;Bueno;152.51;Regular;Bueno;Regular
2025-09-03;14:00;10;18.54;48.75;37.50;Bueno;106.14;Regular;3;13.42;39.12;78.25;Bueno;152.51;Regular;Bueno;Regular
2025-09-03;15:00;11;18.67;48.75;37.50;Bueno;106.14;Regular;7;13.58;39.12;78.25;Bueno;152.51;Regular;Bueno;Regular
2025-09-03;16:00;16;18.71;48.75;37.50;Bueno;106.14;Regular;4;13.62;39.12;78.25;Bueno;152.51;Regular;Bueno;Regular
2025-09-03;17:00;9;18.75;48.75;37.50;Bueno;106.14;Regular;2;13.62;39.12;78.25;Bueno;152.51;Regular;Bueno;Regular
2025-09-03;18:00;35;19.75;48.75;37.50;Bueno;106.14;Regular;27;14.67;39.12;78.25;Bueno;152.51;Regular;Bueno;Regular
2025-09-03;19:00;50;21.08;48.75;37.50;Bueno;106.14;Regular;35;15.42;39.12;78.25;Bueno;152.51;Regular;Bueno;Regular
2025-09-03;20:00;248;29.88;48.75;37.50;Bueno;106.14;Regular;211;23.04;39.12;78.25;Bueno;152.51;Regular;Bueno;Regular
2025-09-03;21:00;215;37.17;48.75;37.50;Bueno;106.14;Regular;177;29.00;39.12;78.25;Bueno;152.51;Regular;Bueno;Regular
2025-09-03;22:00;197;43.46;48.75;37.50;Bueno;106.14;Regular;169;34.33;39.12;78.25;Bueno;152.51;Regular;Bueno;Regular
2025-09-03;23:00;158;48.75;48.75;37.50;Bueno;106.14;Regular;138;39.12;39.12;78.25;Bueno;152.51;Regular;Bueno;Regular
2025-09-04;00:00;173;54.92;76.23;58.64;Bueno;151.44;Regular;155;44.75;54.42;114.72;Regular;186.22;Regular;Regular;Regular
2025-09-04;01:00;127;59.25;76.23;58.64;Bueno;151.44;Regular;114;48.58;54.42;114.72;Regular;186.22;Regular;Regular;Regular
2025-09-04;02:00;94;62.42;76.23;58.64;Bueno;151.44;Regular;92;51.71;54.42;114.72;Regular;186.22;Regular;Regular;Regular
2025-09-04;03:00;47;63.58;76.23;58.64;Bueno;151.44;Regular;46;52.83;54.42;114.72;Regular;186.22;Regular;Regular;Regular
2025-09-04;04:00;49;65.29;76.23;58.64;Bueno;151.44;Regular;48;54.58;54.42;114.72;Regular;186.22;Regular;Regular;Regular
2025-09-04;05:00;53;67.08;76.23;58.64;Bueno;151.44;Regular;45;56.08;54.42;114.72;Regular;186.22;Regular;Regular;Regular
2025-09-04;06:00;89;70.46;76.23;58.64;Bueno;151.44;Regular;65;58.50;54.42;114.72;Regular;186.22;Regular;Regular;Regular
2025-09-04;07:00;78;73.08;76.23;58.64;Bueno;151.44;Regular;52;60.08;54.42;114.72;Regular;186.22;Regular;Regular;Regular
2025-09-04;08:00;28;73.71;76.23;58.64;Bueno;151.44;Regular;17;60.25;54.42;114.72;Regular;186.22;Regular;Regular;Regular
2025-09-04;09:00;20;73.38;76.23;58.64;Bueno;151.44;Regular;7;59.67;54.42;114.72;Regular;186.22;Regular;Regular;Regular
2025-09-04;10:00;21;73.83;76.23;58.64;Bueno;151.44;Regular;9;59.79;54.42;114.72;Regular;186.22;Regular;Regular;Regular
2025-09-04;11:00;15;74.00;76.23;58.64;Bueno;151.44;Regular;7;59.96;54.42;114.72;Regular;186.22;Regular;Regular;Regular
2025-09-04;12:00;11;73.58;76.23;58.64;Bueno;151.44;Regular;4;59.92;54.42;114.72;Regular;186.22;Regular;Regular;Regular
2025-09-04;13:00;;76.26;76.23;58.64;Bueno;151.44;Regular;3;59.88;54.42;114.72;Regular;186.22;Regular;Regular;Regular
2025-09-04;14:00;;79.27;76.23;58.64;Bueno;151.44;Regular;4;59.92;54.42;114.72;Regular;186.22;Regular;Regular;Regular
2025-09-04;15:00;20;79.68;76.23;58.64;Bueno;151.44;Regular;7;59.92;54.42;114.72;Regular;186.22;Regular;Regular;Regular
2025-09-04;16:00;28;80.23;76.23;58.64;Bueno;151.44;Regular;11;60.21;54.42;114.72;Regular;186.22;Regular;Regular;Regular
2025-09-04;17:00;13;80.41;76.23;58.64;Bueno;151.44;Regular;9;60.50;54.42;114.72;Regular;186.22;Regular;Regular;Regular
2025-09-04;18:00;56;81.36;76.23;58.64;Bueno;151.44;Regular;33;60.75;54.42;114.72;Regular;186.22;Regular;Regular;Regular
2025-09-04;19:00;113;84.23;76.23;58.64;Bueno;151.44;Regular;82;62.71;54.42;114.72;Regular;186.22;Regular;Regular;Regular
2025-09-04;20:00;194;81.77;76.23;58.64;Bueno;151.44;Regular;128;59.25;54.42;114.72;Regular;186.22;Regular;Regular;Regular
2025-09-04;21:00;179;80.14;76.23;58.64;Bueno;151.44;Regular;144;57.88;54.42;114.72;Regular;186.22;Regular;Regular;Regular
2025-09-04;22:00;107;76.05;76.23;58.64;Bueno;151.44;Regular;83;54.29;54.42;114.72;Regular;186.22;Regular;Regular;Regular
2025-09-04;23:00;162;76.23;76.23;58.64;Bueno;151.44;Regular;141;54.42;54.42;114.72;Regular;186.22;Regular;Regular;Regular
2025-09-05;00:00;63;71.23;54.71;42.08;Bueno;115.92;Regular;53;50.17;35.12;70.25;Bueno;143.75;Regular;Bueno;Regular
2025-09-05;01:00;80;69.09;54.71;42.08;Bueno;115.92;Regular;70;48.33;35.12;70.25;Bueno;143.75;Regular;Bueno;Regular
2025-09-05;02:00;76;68.27;54.71;42.08;Bueno;115.92;Regular;67;47.29;35.12;70.25;Bueno;143.75;Regular;Bueno;Regular
2025-09-05;03:00;55;68.64;54.71;42.08;Bueno;115.92;Regular;53;47.58;35.12;70.25;Bueno;143.75;Regular;Bueno;Regular
2025-09-05;04:00;47;68.55;54.71;42.08;Bueno;115.92;Regular;47;47.54;35.12;70.25;Bueno;143.75;Regular;Bueno;Regular
2025-09-05;05:00;41;68.00;54.71;42.08;Bueno;115.92;Regular;40;47.33;35.12;70.25;Bueno;143.75;Regular;Bueno;Regular
2025-09-05;06:00;43;65.91;54.71;42.08;Bueno;115.92;Regular;34;46.04;35.12;70.25;Bueno;143.75;Regular;Bueno;Regular
2025-09-05;07:00;58;65.00;54.71;42.08;Bueno;115.92;Regular;37;45.42;35.12;70.25;Bueno;143.75;Regular;Bueno;Regular
2025-09-05;08:00;78;67.27;54.71;42.08;Bueno;115.92;Regular;39;46.33;35.12;70.25;Bueno;143.75;Regular;Bueno;Regular
2025-09-05;09:00;78;69.91;54.71;42.08;Bueno;115.92;Regular;45;47.92;35.12;70.25;Bueno;143.75;Regular;Bueno;Regular
2025-09-05;10:00;61;71.73;54.71;42.08;Bueno;115.92;Regular;39;49.17;35.12;70.25;Bueno;143.75;Regular;Bueno;Regular
2025-09-05;11:00;66;74.05;54.71;42.08;Bueno;115.92;Regular;42;50.62;35.12;70.25;Bueno;143.75;Regular;Bueno;Regular
2025-09-05;12:00;24;74.64;54.71;42.08;Bueno;115.92;Regular;9;50.83;35.12;70.25;Bueno;143.75;Regular;Bueno;Regular
2025-09-05;13:00;18;72.17;54.71;42.08;Bueno;115.92;Regular;7;51.00;35.12;70.25;Bueno;143.75;Regular;Bueno;Regular
2025-09-05;14:00;27;70.29;54.71;42.08;Bueno;115.92;Regular;8;51.17;35.12;70.25;Bueno;143.75;Regular;Bueno;Regular
2025-09-05;15:00;21;70.33;54.71;42.08;Bueno;115.92;Regular;7;51.17;35.12;70.25;Bueno;143.75;Regular;Bueno;Regular
2025-09-05;16:00;22;70.08;54.71;42.08;Bueno;115.92;Regular;4;50.88;35.12;70.25;Bueno;143.75;Regular;Bueno;Regular
2025-09-05;17:00;16;70.21;54.71;42.08;Bueno;115.92;Regular;3;50.62;35.12;70.25;Bueno;143.75;Regular;Bueno;Regular
2025-09-05;18:00;48;69.88;54.71;42.08;Bueno;115.92;Regular;20;50.08;35.12;70.25;Bueno;143.75;Regular;Bueno;Regular
2025-09-05;19:00;69;68.04;54.71;42.08;Bueno;115.92;Regular;34;48.08;35.12;70.25;Bueno;143.75;Regular;Bueno;Regular
2025-09-05;20:00;75;63.08;54.71;42.08;Bueno;115.92;Regular;36;44.25;35.12;70.25;Bueno;143.75;Regular;Bueno;Regular
2025-09-05;21:00;103;59.92;54.71;42.08;Bueno;115.92;Regular;54;40.50;35.12;70.25;Bueno;143.75;Regular;Bueno;Regular
2025-09-05;22:00;71;58.42;54.71;42.08;Bueno;115.92;Regular;47;39.00;35.12;70.25;Bueno;143.75;Regular;Bueno;Regular
2025-09-05;23:00;73;54.71;54.71;42.08;Bueno;115.92;Regular;48;35.12;35.12;70.25;Bueno;143.75;Regular;Bueno;Regular
2025-09-06;00:00;110;56.67;41.33;31.79;Bueno;91.85;Bueno;74;36.00;24.79;49.58;Bueno;121.21;Regular;Bueno;Regular
2025-09-06;01:00;90;57.08;41.33;31.79;Bueno;91.85;Bueno;69;35.96;24.79;49.58;Bueno;121.21;Regular;Bueno;Regular
2025-09-06;02:00;49;55.96;41.33;31.79;Bueno;91.85;Bueno;40;34.83;24.79;49.58;Bueno;121.21;Regular;Bueno;Regular
2025-09-06;03:00;40;55.33;41.33;31.79;Bueno;91.85;Bueno;33;34.00;24.79;49.58;Bueno;121.21;Regular;Bueno;Regular
2025-09-06;04:00;26;54.46;41.33;31.79;Bueno;91.85;Bueno;27;33.17;24.79;49.58;Bueno;121.21;Regular;Bueno;Regular
2025-09-06;05:00;25;53.79;41.33;31.79;Bueno;91.85;Bueno;17;32.21;24.79;49.58;Bueno;121.21;Regular;Bueno;Regular
2025-09-06;06:00;25;53.04;41.33;31.79;Bueno;91.85;Bueno;17;31.50;24.79;49.58;Bueno;121.21;Regular;Bueno;Regular
2025-09-06;07:00;34;52.04;41.33;31.79;Bueno;91.85;Bueno;18;30.71;24.79;49.58;Bueno;121.21;Regular;Bueno;Regular
2025-09-06;08:00;54;51.04;41.33;31.79;Bueno;91.85;Bueno;25;30.12;24.79;49.58;Bueno;121.21;Regular;Bueno;Regular
2025-09-06;09:00;56;50.12;41.33;31.79;Bueno;91.85;Bueno;23;29.21;24.79;49.58;Bueno;121.21;Regular;Bueno;Regular
2025-09-06;10:00;50;49.67;41.33;31.79;Bueno;91.85;Bueno;21;28.46;24.79;49.58;Bueno;121.21;Regular;Bueno;Regular
2025-09-06;11:00;34;48.33;41.33;31.79;Bueno;91.85;Bueno;19;27.50;24.79;49.58;Bueno;121.21;Regular;Bueno;Regular
2025-09-06;12:00;37;48.88;41.33;31.79;Bueno;91.85;Bueno;25;28.17;24.79;49.58;Bueno;121.21;Regular;Bueno;Regular
2025-09-06;13:00;33;49.50;41.33;31.79;Bueno;91.85;Bueno;17;28.58;24.79;49.58;Bueno;121.21;Regular;Bueno;Regular
2025-09-06;14:00;29;49.58;41.33;31.79;Bueno;91.85;Bueno;15;28.88;24.79;49.58;Bueno;121.21;Regular;Bueno;Regular
2025-09-06;15:00;29;49.92;41.33;31.79;Bueno;91.85;Bueno;10;29.00;24.79;49.58;Bueno;121.21;Regular;Bueno;Regular
2025-09-06;16:00;28;50.17;41.33;31.79;Bueno;91.85;Bueno;7;29.12;24.79;49.58;Bueno;121.21;Regular;Bueno;Regular
2025-09-06;17:00;26;50.58;41.33;31.79;Bueno;91.85;Bueno;21;29.88;24.79;49.58;Bueno;121.21;Regular;Bueno;Regular
2025-09-06;18:00;32;49.92;41.33;31.79;Bueno;91.85;Bueno;16;29.71;24.79;49.58;Bueno;121.21;Regular;Bueno;Regular
2025-09-06;19:00;43;48.83;41.33;31.79;Bueno;91.85;Bueno;19;29.08;24.79;49.58;Bueno;121.21;Regular;Bueno;Regular
2025-09-06;20:00;45;47.58;41.33;31.79;Bueno;91.85;Bueno;24;28.58;24.79;49.58;Bueno;121.21;Regular;Bueno;Regular
2025-09-06;21:00;45;45.17;41.33;31.79;Bueno;91.85;Bueno;25;27.38;24.79;49.58;Bueno;121.21;Regular;Bueno;Regular
2025-09-06;22:00;30;43.46;41.33;31.79;Bueno;91.85;Bueno;17;26.12;24.79;49.58;Bueno;121.21;Regular;Bueno;Regular
2025-09-06;23:00;22;41.33;41.33;31.79;Bueno;91.85;Bueno;16;24.79;24.79;49.58;Bueno;121.21;Regular;Bueno;Regular
2025-09-07;00:00;25;37.79;19.12;14.71;Bueno;42.50;Bueno;21;22.58;14.04;28.08;Bueno;93.61;Bueno;Bueno;Bueno
2025-09-07;01:00;23;35.00;19.12;14.71;Bueno;42.50;Bueno;21;20.58;14.04;28.08;Bueno;93.61;Bueno;Bueno;Bueno
2025-09-07;02:00;21;33.83;19.12;14.71;Bueno;42.50;Bueno;17;19.62;14.04;28.08;Bueno;93.61;Bueno;Bueno;Bueno
2025-09-07;03:00;15;32.79;19.12;14.71;Bueno;42.50;Bueno;13;18.79;14.04;28.08;Bueno;93.61;Bueno;Bueno;Bueno
2025-09-07;04:00;13;32.25;19.12;14.71;Bueno;42.50;Bueno;11;18.12;14.04;28.08;Bueno;93.61;Bueno;Bueno;Bueno
2025-09-07;05:00;11;31.67;19.12;14.71;Bueno;42.50;Bueno;11;17.88;14.04;28.08;Bueno;93.61;Bueno;Bueno;Bueno
2025-09-07;06:00;15;31.25;19.12;14.71;Bueno;42.50;Bueno;10;17.58;14.04;28.08;Bueno;93.61;Bueno;Bueno;Bueno
2025-09-07;07:00;20;30.67;19.12;14.71;Bueno;42.50;Bueno;8;17.17;14.04;28.08;Bueno;93.61;Bueno;Bueno;Bueno
2025-09-07;08:00;15;29.04;19.12;14.71;Bueno;42.50;Bueno;8;16.46;14.04;28.08;Bueno;93.61;Bueno;Bueno;Bueno
2025-09-07;09:00;20;27.54;19.12;14.71;Bueno;42.50;Bueno;13;16.04;14.04;28.08;Bueno;93.61;Bueno;Bueno;Bueno
2025-09-07;10:00;30;26.71;19.12;14.71;Bueno;42.50;Bueno;18;15.92;14.04;28.08;Bueno;93.61;Bueno;Bueno;Bueno
2025-09-07;11:00;19;26.08;19.12;14.71;Bueno;42.50;Bueno;10;15.54;14.04;28.08;Bueno;93.61;Bueno;Bueno;Bueno
2025-09-07;12:00;15;25.17;19.12;14.71;Bueno;42.50;Bueno;6;14.75;14.04;28.08;Bueno;93.61;Bueno;Bueno;Bueno
2025-09-07;13:00;18;24.54;19.12;14.71;Bueno;42.50;Bueno;7;14.33;14.04;28.08;Bueno;93.61;Bueno;Bueno;Bueno
2025-09-07;14:00;12;23.83;19.12;14.71;Bueno;42.50;Bueno;10;14.12;14.04;28.08;Bueno;93.61;Bueno;Bueno;Bueno
2025-09-07;15:00;21;23.50;19.12;14.71;Bueno;42.50;Bueno;14;14.29;14.04;28.08;Bueno;93.61;Bueno;Bueno;Bueno
2025-09-07;16:00;14;22.92;19.12;14.71;Bueno;42.50;Bueno;12;14.50;14.04;28.08;Bueno;93.61;Bueno;Bueno;Bueno
2025-09-07;17:00;33;23.21;19.12;14.71;Bueno;42.50;Bueno;27;14.75;14.04;28.08;Bueno;93.61;Bueno;Bueno;Bueno
2025-09-07;18:00;27;23.00;19.12;14.71;Bueno;42.50;Bueno;22;15.00;14.04;28.08;Bueno;93.61;Bueno;Bueno;Bueno
2025-09-07;19:00;36;22.71;19.12;14.71;Bueno;42.50;Bueno;30;15.46;14.04;28.08;Bueno;93.61;Bueno;Bueno;Bueno
2025-09-07;20:00;23;21.79;19.12;14.71;Bueno;42.50;Bueno;22;15.38;14.04;28.08;Bueno;93.61;Bueno;Bueno;Bueno
2025-09-07;21:00;17;20.62;19.12;14.71;Bueno;42.50;Bueno;16;15.00;14.04;28.08;Bueno;93.61;Bueno;Bueno;Bueno
2025-09-07;22:00;7;19.67;19.12;14.71;Bueno;42.50;Bueno;6;14.54;14.04;28.08;Bueno;93.61;Bueno;Bueno;Bueno
2025-09-07;23:00;9;19.12;19.12;14.71;Bueno;42.50;Bueno;4;14.04;14.04;28.08;Bueno;93.61;Bueno;Bueno;Bueno
2025-09-08;00:00;13;18.62;11.83;9.10;Bueno;26.30;Bueno;8;13.50;3.88;7.75;Bueno;25.83;Bueno;Bueno;Bueno
2025-09-08;01:00;11;18.12;11.83;9.10;Bueno;26.30;Bueno;7;12.92;3.88;7.75;Bueno;25.83;Bueno;Bueno;Bueno
2025-09-08;02:00;6;17.50;11.83;9.10;Bueno;26.30;Bueno;4;12.38;3.88;7.75;Bueno;25.83;Bueno;Bueno;Bueno
2025-09-08;03:00;3;17.00;11.83;9.10;Bueno;26.30;Bueno;2;11.92;3.88;7.75;Bueno;25.83;Bueno;Bueno;Bueno
2025-09-08;04:00;4;16.62;11.83;9.10;Bueno;26.30;Bueno;3;11.58;3.88;7.75;Bueno;25.83;Bueno;Bueno;Bueno
2025-09-08;05:00;2;16.25;11.83;9.10;Bueno;26.30;Bueno;1;11.17;3.88;7.75;Bueno;25.83;Bueno;Bueno;Bueno
2025-09-08;06:00;7;15.92;11.83;9.10;Bueno;26.30;Bueno;1;10.79;3.88;7.75;Bueno;25.83;Bueno;Bueno;Bueno
2025-09-08;07:00;11;15.54;11.83;9.10;Bueno;26.30;Bueno;3;10.58;3.88;7.75;Bueno;25.83;Bueno;Bueno;Bueno
2025-09-08;08:00;18;15.67;11.83;9.10;Bueno;26.30;Bueno;7;10.54;3.88;7.75;Bueno;25.83;Bueno;Bueno;Bueno
2025-09-08;09:00;18;15.58;11.83;9.10;Bueno;26.30;Bueno;6;10.25;3.88;7.75;Bueno;25.83;Bueno;Bueno;Bueno
2025-09-08;10:00;17;15.04;11.83;9.10;Bueno;26.30;Bueno;3;9.62;3.88;7.75;Bueno;25.83;Bueno;Bueno;Bueno
2025-09-08;11:00;17;14.96;11.83;9.10;Bueno;26.30;Bueno;1;9.25;3.88;7.75;Bueno;25.83;Bueno;Bueno;Bueno
2025-09-08;12:00;15;14.96;11.83;9.10;Bueno;26.30;Bueno;2;9.08;3.88;7.75;Bueno;25.83;Bueno;Bueno;Bueno
2025-09-08;13:00;21;15.08;11.83;9.10;Bueno;26.30;Bueno;4;8.96;3.88;7.75;Bueno;25.83;Bueno;Bueno;Bueno
2025-09-08;14:00;19;15.38;11.83;9.10;Bueno;26.30;Bueno;2;8.62;3.88;7.75;Bueno;25.83;Bueno;Bueno;Bueno
2025-09-08;15:00;16;15.17;11.83;9.10;Bueno;26.30;Bueno;5;8.25;3.88;7.75;Bueno;25.83;Bueno;Bueno;Bueno
2025-09-08;16:00;21;15.46;11.83;9.10;Bueno;26.30;Bueno;10;8.17;3.88;7.75;Bueno;25.83;Bueno;Bueno;Bueno
2025-09-08;17:00;23;15.04;11.83;9.10;Bueno;26.30;Bueno;10;7.46;3.88;7.75;Bueno;25.83;Bueno;Bueno;Bueno
2025-09-08;18:00;12;14.42;11.83;9.10;Bueno;26.30;Bueno;7;6.83;3.88;7.75;Bueno;25.83;Bueno;Bueno;Bueno
2025-09-08;19:00;13;13.46;11.83;9.10;Bueno;26.30;Bueno;3;5.71;3.88;7.75;Bueno;25.83;Bueno;Bueno;Bueno
2025-09-08;20:00;9;12.88;11.83;9.10;Bueno;26.30;Bueno;1;4.83;3.88;7.75;Bueno;25.83;Bueno;Bueno;Bueno
2025-09-08;21:00;4;12.33;11.83;9.10;Bueno;26.30;Bueno;1;4.21;3.88;7.75;Bueno;25.83;Bueno;Bueno;Bueno
2025-09-08;22:00;2;12.12;11.83;9.10;Bueno;26.30;Bueno;1;4.00;3.88;7.75;Bueno;25.83;Bueno;Bueno;Bueno
2025-09-08;23:00;2;11.83;11.83;9.10;Bueno;26.30;Bueno;1;3.88;3.88;7.75;Bueno;25.83;Bueno;Bueno;Bueno
2025-09-09;00:00;2;11.38;5.46;4.20;Bueno;12.13;Bueno;1;3.58;4.00;8.00;Bueno;26.67;Bueno;Bueno;Bueno
2025-09-09;01:00;1;10.96;5.46;4.20;Bueno;12.13;Bueno;1;3.33;4.00;8.00;Bueno;26.67;Bueno;Bueno;Bueno
2025-09-09;02:00;1;10.75;5.46;4.20;Bueno;12.13;Bueno;1;3.21;4.00;8.00;Bueno;26.67;Bueno;Bueno;Bueno
2025-09-09;03:00;1;10.67;5.46;4.20;Bueno;12.13;Bueno;1;3.17;4.00;8.00;Bueno;26.67;Bueno;Bueno;Bueno
2025-09-09;04:00;1;10.54;5.46;4.20;Bueno;12.13;Bueno;1;3.08;4.00;8.00;Bueno;26.67;Bueno;Bueno;Bueno
2025-09-09;05:00;1;10.50;5.46;4.20;Bueno;12.13;Bueno;1;3.08;4.00;8.00;Bueno;26.67;Bueno;Bueno;Bueno
2025-09-09;06:00;2;10.29;5.46;4.20;Bueno;12.13;Bueno;1;3.08;4.00;8.00;Bueno;26.67;Bueno;Bueno;Bueno
2025-09-09;07:00;1;9.88;5.46;4.20;Bueno;12.13;Bueno;1;3.00;4.00;8.00;Bueno;26.67;Bueno;Bueno;Bueno
2025-09-09;08:00;1;9.17;5.46;4.20;Bueno;12.13;Bueno;1;2.75;4.00;8.00;Bueno;26.67;Bueno;Bueno;Bueno
2025-09-09;09:00;2;8.50;5.46;4.20;Bueno;12.13;Bueno;1;2.54;4.00;8.00;Bueno;26.67;Bueno;Bueno;Bueno
2025-09-09;10:00;3;7.92;5.46;4.20;Bueno;12.13;Bueno;1;2.46;4.00;8.00;Bueno;26.67;Bueno;Bueno;Bueno
2025-09-09;11:00;3;7.33;5.46;4.20;Bueno;12.13;Bueno;2;2.50;4.00;8.00;Bueno;26.67;Bueno;Bueno;Bueno
2025-09-09;12:00;11;7.17;5.46;4.20;Bueno;12.13;Bueno;6;2.67;4.00;8.00;Bueno;26.67;Bueno;Bueno;Bueno
2025-09-09;13:00;8;6.62;5.46;4.20;Bueno;12.13;Bueno;6;2.75;4.00;8.00;Bueno;26.67;Bueno;Bueno;Bueno
2025-09-09;14:00;12;6.33;5.46;4.20;Bueno;12.13;Bueno;12;3.17;4.00;8.00;Bueno;26.67;Bueno;Bueno;Bueno
2025-09-09;15:00;7;5.96;5.46;4.20;Bueno;12.13;Bueno;6;3.21;4.00;8.00;Bueno;26.67;Bueno;Bueno;Bueno
2025-09-09;16:00;4;5.25;5.46;4.20;Bueno;12.13;Bueno;1;2.83;4.00;8.00;Bueno;26.67;Bueno;Bueno;Bueno
2025-09-09;17:00;3;4.42;5.46;4.20;Bueno;12.13;Bueno;3;2.54;4.00;8.00;Bueno;26.67;Bueno;Bueno;Bueno
2025-09-09;18:00;8;4.25;5.46;4.20;Bueno;12.13;Bueno;3;2.38;4.00;8.00;Bueno;26.67;Bueno;Bueno;Bueno
2025-09-09;19:00;10;4.12;5.46;4.20;Bueno;12.13;Bueno;10;2.67;4.00;8.00;Bueno;26.67;Bueno;Bueno;Bueno
2025-09-09;20:00;11;4.21;5.46;4.20;Bueno;12.13;Bueno;10;3.04;4.00;8.00;Bueno;26.67;Bueno;Bueno;Bueno
2025-09-09;21:00;11;4.50;5.46;4.20;Bueno;12.13;Bueno;10;3.42;4.00;8.00;Bueno;26.67;Bueno;Bueno;Bueno
2025-09-09;22:00;20;5.25;5.46;4.20;Bueno;12.13;Bueno;9;3.75;4.00;8.00;Bueno;26.67;Bueno;Bueno;Bueno
2025-09-09;23:00;7;5.46;5.46;4.20;Bueno;12.13;Bueno;7;4.00;4.00;8.00;Bueno;26.67;Bueno;Bueno;Bueno
2025-09-10;00:00;14;5.96;40.09;30.84;Bueno;89.09;Bueno;5;4.17;25.27;50.55;Bueno;122.26;Regular;Bueno;Regular
2025-09-10;01:00;12;6.42;40.09;30.84;Bueno;89.09;Bueno;3;4.25;25.27;50.55;Bueno;122.26;Regular;Bueno;Regular
2025-09-10;02:00;7;6.67;40.09;30.84;Bueno;89.09;Bueno;2;4.29;25.27;50.55;Bueno;122.26;Regular;Bueno;Regular
2025-09-10;03:00;18;7.38;40.09;30.84;Bueno;89.09;Bueno;9;4.62;25.27;50.55;Bueno;122.26;Regular;Bueno;Regular
2025-09-10;04:00;10;7.75;40.09;30.84;Bueno;89.09;Bueno;7;4.88;25.27;50.55;Bueno;122.26;Regular;Bueno;Regular
2025-09-10;05:00;21;8.58;40.09;30.84;Bueno;89.09;Bueno;5;5.04;25.27;50.55;Bueno;122.26;Regular;Bueno;Regular
2025-09-10;06:00;15;9.12;40.09;30.84;Bueno;89.09;Bueno;6;5.25;25.27;50.55;Bueno;122.26;Regular;Bueno;Regular
2025-09-10;07:00;20;9.92;40.09;30.84;Bueno;89.09;Bueno;8;5.54;25.27;50.55;Bueno;122.26;Regular;Bueno;Regular
2025-09-10;08:00;35;11.33;40.09;30.84;Bueno;89.09;Bueno;17;6.21;25.27;50.55;Bueno;122.26;Regular;Bueno;Regular
2025-09-10;09:00;35;12.71;40.09;30.84;Bueno;89.09;Bueno;17;6.88;25.27;50.55;Bueno;122.26;Regular;Bueno;Regular
2025-09-10;10:00;;13.13;40.09;30.84;Bueno;89.09;Bueno;;7.13;25.27;50.55;Bueno;122.26;Regular;Bueno;Regular
2025-09-10;11:00;;13.59;40.09;30.84;Bueno;89.09;Bueno;;7.36;25.27;50.55;Bueno;122.26;Regular;Bueno;Regular
2025-09-10;12:00;10;13.55;40.09;30.84;Bueno;89.09;Bueno;4;7.27;25.27;50.55;Bueno;122.26;Regular;Bueno;Regular
2025-09-10;13:00;20;14.09;40.09;30.84;Bueno;89.09;Bueno;4;7.18;25.27;50.55;Bueno;122.26;Regular;Bueno;Regular
2025-09-10;14:00;17;14.32;40.09;30.84;Bueno;89.09;Bueno;3;6.77;25.27;50.55;Bueno;122.26;Regular;Bueno;Regular
2025-09-10;15:00;18;14.82;40.09;30.84;Bueno;89.09;Bueno;6;6.77;25.27;50.55;Bueno;122.26;Regular;Bueno;Regular
2025-09-10;16:00;17;15.41;40.09;30.84;Bueno;89.09;Bueno;7;7.05;25.27;50.55;Bueno;122.26;Regular;Bueno;Regular
2025-09-10;17:00;37;16.95;40.09;30.84;Bueno;89.09;Bueno;15;7.59;25.27;50.55;Bueno;122.26;Regular;Bueno;Regular
2025-09-10;18:00;32;18.05;40.09;30.84;Bueno;89.09;Bueno;23;8.50;25.27;50.55;Bueno;122.26;Regular;Bueno;Regular
2025-09-10;19:00;70;20.77;40.09;30.84;Bueno;89.09;Bueno;43;10.00;25.27;50.55;Bueno;122.26;Regular;Bueno;Regular
2025-09-10;20:00;52;22.64;40.09;30.84;Bueno;89.09;Bueno;32;11.00;25.27;50.55;Bueno;122.26;Regular;Bueno;Regular
2025-09-10;21:00;107;27.00;40.09;30.84;Bueno;89.09;Bueno;83;14.32;25.27;50.55;Bueno;122.26;Regular;Bueno;Regular
2025-09-10;22:00;161;33.41;40.09;30.84;Bueno;89.09;Bueno;125;19.59;25.27;50.55;Bueno;122.26;Regular;Bueno;Regular
2025-09-10;23:00;154;40.09;40.09;30.84;Bueno;89.09;Bueno;132;25.27;25.27;50.55;Bueno;122.26;Regular;Bueno;Regular
2025-09-11;00:00;37;41.14;64.62;49.71;Bueno;132.25;Regular;29;26.36;45.33;90.67;Bueno;166.16;Regular;Bueno;Regular
2025-09-11;01:00;70;43.77;64.62;49.71;Bueno;132.25;Regular;51;28.55;45.33;90.67;Bueno;166.16;Regular;Bueno;Regular
2025-09-11;02:00;62;46.27;64.62;49.71;Bueno;132.25;Regular;47;30.59;45.33;90.67;Bueno;166.16;Regular;Bueno;Regular
2025-09-11;03:00;75;48.86;64.62;49.71;Bueno;132.25;Regular;67;33.23;45.33;90.67;Bueno;166.16;Regular;Bueno;Regular
2025-09-11;04:00;39;50.18;64.62;49.71;Bueno;132.25;Regular;32;34.36;45.33;90.67;Bueno;166.16;Regular;Bueno;Regular
2025-09-11;05:00;34;50.77;64.62;49.71;Bueno;132.25;Regular;29;35.45;45.33;90.67;Bueno;166.16;Regular;Bueno;Regular
2025-09-11;06:00;26;51.27;64.62;49.71;Bueno;132.25;Regular;20;36.09;45.33;90.67;Bueno;166.16;Regular;Bueno;Regular
2025-09-11;07:00;33;51.86;64.62;49.71;Bueno;132.25;Regular;24;36.82;45.33;90.67;Bueno;166.16;Regular;Bueno;Regular
2025-09-11;08:00;37;51.95;64.62;49.71;Bueno;132.25;Regular;22;37.05;45.33;90.67;Bueno;166.16;Regular;Bueno;Regular
2025-09-11;09:00;84;54.18;64.62;49.71;Bueno;132.25;Regular;53;38.68;45.33;90.67;Bueno;166.16;Regular;Bueno;Regular
2025-09-11;10:00;100;56.17;64.62;49.71;Bueno;132.25;Regular;75;40.26;45.33;90.67;Bueno;166.16;Regular;Bueno;Regular
2025-09-11;11:00;21;54.71;64.62;49.71;Bueno;132.25;Regular;12;39.08;45.33;90.67;Bueno;166.16;Regular;Bueno;Regular
2025-09-11;12:00;19;55.08;64.62;49.71;Bueno;132.25;Regular;10;39.33;45.33;90.67;Bueno;166.16;Regular;Bueno;Regular
2025-09-11;13:00;13;54.79;64.62;49.71;Bueno;132.25;Regular;4;39.33;45.33;90.67;Bueno;166.16;Regular;Bueno;Regular
2025-09-11;14:00;15;54.71;64.62;49.71;Bueno;132.25;Regular;4;39.38;45.33;90.67;Bueno;166.16;Regular;Bueno;Regular
2025-09-11;15:00;15;54.58;64.62;49.71;Bueno;132.25;Regular;3;39.25;45.33;90.67;Bueno;166.16;Regular;Bueno;Regular
2025-09-11;16:00;13;54.42;64.62;49.71;Bueno;132.25;Regular;3;39.08;45.33;90.67;Bueno;166.16;Regular;Bueno;Regular
2025-09-11;17:00;11;53.33;64.62;49.71;Bueno;132.25;Regular;3;38.58;45.33;90.67;Bueno;166.16;Regular;Bueno;Regular
2025-09-11;18:00;37;53.54;64.62;49.71;Bueno;132.25;Regular;18;38.38;45.33;90.67;Bueno;166.16;Regular;Bueno;Regular
2025-09-11;19:00;191;58.58;64.62;49.71;Bueno;132.25;Regular;124;41.75;45.33;90.67;Bueno;166.16;Regular;Bueno;Regular
2025-09-11;20:00;196;64.58;64.62;49.71;Bueno;132.25;Regular;133;45.96;45.33;90.67;Bueno;166.16;Regular;Bueno;Regular
2025-09-11;21:00;193;68.17;64.62;49.71;Bueno;132.25;Regular;154;48.92;45.33;90.67;Bueno;166.16;Regular;Bueno;Regular
2025-09-11;22:00;103;65.75;64.62;49.71;Bueno;132.25;Regular;71;46.67;45.33;90.67;Bueno;166.16;Regular;Bueno;Regular
2025-09-11;23:00;127;64.62;64.62;49.71;Bueno;132.25;Regular;100;45.33;45.33;90.67;Bueno;166.16;Regular;Bueno;Regular
2025-09-12;00:00;57;65.46;37.12;28.56;Bueno;82.50;Bueno;42;45.88;22.00;44.00;Bueno;115.15;Regular;Bueno;Regular
2025-09-12;01:00;25;63.58;37.12;28.56;Bueno;82.50;Bueno;13;44.29;22.00;44.00;Bueno;115.15;Regular;Bueno;Regular
2025-09-12;02:00;21;61.88;37.12;28.56;Bueno;82.50;Bueno;18;43.08;22.00;44.00;Bueno;115.15;Regular;Bueno;Regular
2025-09-12;03:00;24;59.75;37.12;28.56;Bueno;82.50;Bueno;13;40.83;22.00;44.00;Bueno;115.15;Regular;Bueno;Regular
2025-09-12;04:00;21;59.00;37.12;28.56;Bueno;82.50;Bueno;20;40.33;22.00;44.00;Bueno;115.15;Regular;Bueno;Regular
2025-09-12;05:00;17;58.29;37.12;28.56;Bueno;82.50;Bueno;17;39.83;22.00;44.00;Bueno;115.15;Regular;Bueno;Regular
2025-09-12;06:00;28;58.38;37.12;28.56;Bueno;82.50;Bueno;23;39.96;22.00;44.00;Bueno;115.15;Regular;Bueno;Regular
2025-09-12;07:00;42;58.75;37.12;28.56;Bueno;82.50;Bueno;25;40.00;22.00;44.00;Bueno;115.15;Regular;Bueno;Regular
2025-09-12;08:00;64;59.88;37.12;28.56;Bueno;82.50;Bueno;37;40.62;22.00;44.00;Bueno;115.15;Regular;Bueno;Regular
2025-09-12;09:00;53;58.58;37.12;28.56;Bueno;82.50;Bueno;37;39.96;22.00;44.00;Bueno;115.15;Regular;Bueno;Regular
2025-09-12;10:00;63;57.04;37.12;28.56;Bueno;82.50;Bueno;46;38.75;22.00;44.00;Bueno;115.15;Regular;Bueno;Regular
2025-09-12;11:00;62;58.75;37.12;28.56;Bueno;82.50;Bueno;38;39.83;22.00;44.00;Bueno;115.15;Regular;Bueno;Regular
2025-09-12;12:00;52;60.12;37.12;28.56;Bueno;82.50;Bueno;31;40.71;22.00;44.00;Bueno;115.15;Regular;Bueno;Regular
2025-09-12;13:00;21;60.46;37.12;28.56;Bueno;82.50;Bueno;4;40.71;22.00;44.00;Bueno;115.15;Regular;Bueno;Regular
2025-09-12;14:00;25;60.88;37.12;28.56;Bueno;82.50;Bueno;6;40.79;22.00;44.00;Bueno;115.15;Regular;Bueno;Regular
2025-09-12;15:00;22;61.17;37.12;28.56;Bueno;82.50;Bueno;6;40.92;22.00;44.00;Bueno;115.15;Regular;Bueno;Regular
2025-09-12;16:00;24;61.62;37.12;28.56;Bueno;82.50;Bueno;8;41.12;22.00;44.00;Bueno;115.15;Regular;Bueno;Regular
2025-09-12;17:00;48;63.17;37.12;28.56;Bueno;82.50;Bueno;30;42.25;22.00;44.00;Bueno;115.15;Regular;Bueno;Regular
2025-09-12;18:00;51;63.75;37.12;28.56;Bueno;82.50;Bueno;24;42.50;22.00;44.00;Bueno;115.15;Regular;Bueno;Regular
2025-09-12;19:00;75;58.92;37.12;28.56;Bueno;82.50;Bueno;38;38.92;22.00;44.00;Bueno;115.15;Regular;Bueno;Regular
2025-09-12;20:00;35;52.21;37.12;28.56;Bueno;82.50;Bueno;22;34.29;22.00;44.00;Bueno;115.15;Regular;Bueno;Regular
2025-09-12;21:00;44;46.00;37.12;28.56;Bueno;82.50;Bueno;23;28.83;22.00;44.00;Bueno;115.15;Regular;Bueno;Regular
2025-09-12;22:00;11;42.17;37.12;28.56;Bueno;82.50;Bueno;3;26.00;22.00;44.00;Bueno;115.15;Regular;Bueno;Regular
2025-09-12;23:00;6;37.12;37.12;28.56;Bueno;82.50;Bueno;4;22.00;22.00;44.00;Bueno;115.15;Regular;Bueno;Regular
2025-09-13;00:00;3;34.88;30.71;23.62;Bueno;68.24;Bueno;2;20.33;19.71;39.42;Bueno;110.18;Regular;Bueno;Regular
2025-09-13;01:00;1;33.88;30.71;23.62;Bueno;68.24;Bueno;1;19.83;19.71;39.42;Bueno;110.18;Regular;Bueno;Regular
2025-09-13;02:00;2;33.08;30.71;23.62;Bueno;68.24;Bueno;1;19.12;19.71;39.42;Bueno;110.18;Regular;Bueno;Regular
2025-09-13;03:00;1;32.12;30.71;23.62;Bueno;68.24;Bueno;1;18.62;19.71;39.42;Bueno;110.18;Regular;Bueno;Regular
2025-09-13;04:00;4;31.42;30.71;23.62;Bueno;68.24;Bueno;3;17.92;19.71;39.42;Bueno;110.18;Regular;Bueno;Regular
2025-09-13;05:00;4;30.88;30.71;23.62;Bueno;68.24;Bueno;3;17.33;19.71;39.42;Bueno;110.18;Regular;Bueno;Regular
2025-09-13;06:00;2;29.79;30.71;23.62;Bueno;68.24;Bueno;1;16.42;19.71;39.42;Bueno;110.18;Regular;Bueno;Regular
2025-09-13;07:00;1;28.08;30.71;23.62;Bueno;68.24;Bueno;1;15.42;19.71;39.42;Bueno;110.18;Regular;Bueno;Regular
2025-09-13;08:00;4;25.58;30.71;23.62;Bueno;68.24;Bueno;3;14.00;19.71;39.42;Bueno;110.18;Regular;Bueno;Regular
2025-09-13;09:00;11;23.83;30.71;23.62;Bueno;68.24;Bueno;6;12.71;19.71;39.42;Bueno;110.18;Regular;Bueno;Regular
2025-09-13;10:00;18;21.96;30.71;23.62;Bueno;68.24;Bueno;4;10.96;19.71;39.42;Bueno;110.18;Regular;Bueno;Regular
2025-09-13;11:00;14;19.96;30.71;23.62;Bueno;68.24;Bueno;4;9.54;19.71;39.42;Bueno;110.18;Regular;Bueno;Regular
2025-09-13;12:00;13;18.33;30.71;23.62;Bueno;68.24;Bueno;2;8.33;19.71;39.42;Bueno;110.18;Regular;Bueno;Regular
2025-09-13;13:00;10;17.88;30.71;23.62;Bueno;68.24;Bueno;4;8.33;19.71;39.42;Bueno;110.18;Regular;Bueno;Regular
2025-09-13;14:00;7;17.12;30.71;23.62;Bueno;68.24;Bueno;2;8.17;19.71;39.42;Bueno;110.18;Regular;Bueno;Regular
2025-09-13;15:00;12;16.71;30.71;23.62;Bueno;68.24;Bueno;1;7.96;19.71;39.42;Bueno;110.18;Regular;Bueno;Regular
2025-09-13;16:00;11;16.17;30.71;23.62;Bueno;68.24;Bueno;5;7.83;19.71;39.42;Bueno;110.18;Regular;Bueno;Regular
2025-09-13;17:00;19;14.96;30.71;23.62;Bueno;68.24;Bueno;6;6.83;19.71;39.42;Bueno;110.18;Regular;Bueno;Regular
2025-09-13;18:00;21;13.71;30.71;23.62;Bueno;68.24;Bueno;12;6.33;19.71;39.42;Bueno;110.18;Regular;Bueno;Regular
2025-09-13;19:00;39;12.21;30.71;23.62;Bueno;68.24;Bueno;23;5.71;19.71;39.42;Bueno;110.18;Regular;Bueno;Regular
2025-09-13;20:00;92;14.58;30.71;23.62;Bueno;68.24;Bueno;70;7.71;19.71;39.42;Bueno;110.18;Regular;Bueno;Regular
2025-09-13;21:00;192;20.75;30.71;23.62;Bueno;68.24;Bueno;128;12.08;19.71;39.42;Bueno;110.18;Regular;Bueno;Regular
2025-09-13;22:00;82;23.71;30.71;23.62;Bueno;68.24;Bueno;54;14.21;19.71;39.42;Bueno;110.18;Regular;Bueno;Regular
2025-09-13;23:00;174;30.71;30.71;23.62;Bueno;68.24;Bueno;136;19.71;19.71;39.42;Bueno;110.18;Regular;Bueno;Regular
2025-09-14;00:00;48;32.58;31.96;24.58;Bueno;71.02;Bueno;38;21.21;21.38;42.75;Bueno;113.80;Regular;Bueno;Regular
2025-09-14;01:00;59;35.00;31.96;24.58;Bueno;71.02;Bueno;46;23.08;21.38;42.75;Bueno;113.80;Regular;Bueno;Regular
2025-09-14;02:00;49;36.96;31.96;24.58;Bueno;71.02;Bueno;40;24.71;21.38;42.75;Bueno;113.80;Regular;Bueno;Regular
2025-09-14;03:00;23;37.88;31.96;24.58;Bueno;71.02;Bueno;23;25.62;21.38;42.75;Bueno;113.80;Regular;Bueno;Regular
2025-09-14;04:00;32;39.04;31.96;24.58;Bueno;71.02;Bueno;24;26.50;21.38;42.75;Bueno;113.80;Regular;Bueno;Regular
2025-09-14;05:00;30;40.12;31.96;24.58;Bueno;71.02;Bueno;21;27.25;21.38;42.75;Bueno;113.80;Regular;Bueno;Regular
2025-09-14;06:00;27;41.17;31.96;24.58;Bueno;71.02;Bueno;15;27.83;21.38;42.75;Bueno;113.80;Regular;Bueno;Regular
2025-09-14;07:00;83;44.58;31.96;24.58;Bueno;71.02;Bueno;59;30.25;21.38;42.75;Bueno;113.80;Regular;Bueno;Regular
2025-09-14;08:00;45;46.29;31.96;24.58;Bueno;71.02;Bueno;29;31.33;21.38;42.75;Bueno;113.80;Regular;Bueno;Regular
2025-09-14;09:00;31;47.12;31.96;24.58;Bueno;71.02;Bueno;26;32.17;21.38;42.75;Bueno;113.80;Regular;Bueno;Regular
2025-09-14;10:00;19;47.17;31.96;24.58;Bueno;71.02;Bueno;11;32.46;21.38;42.75;Bueno;113.80;Regular;Bueno;Regular
2025-09-14;11:00;11;47.04;31.96;24.58;Bueno;71.02;Bueno;6;32.54;21.38;42.75;Bueno;113.80;Regular;Bueno;Regular
2025-09-14;12:00;13;47.04;31.96;24.58;Bueno;71.02;Bueno;3;32.58;21.38;42.75;Bueno;113.80;Regular;Bueno;Regular
2025-09-14;13:00;9;47.00;31.96;24.58;Bueno;71.02;Bueno;3;32.54;21.38;42.75;Bueno;113.80;Regular;Bueno;Regular
2025-09-14;14:00;10;47.12;31.96;24.58;Bueno;71.02;Bueno;1;32.50;21.38;42.75;Bueno;113.80;Regular;Bueno;Regular
2025-09-14;15:00;9;47.00;31.96;24.58;Bueno;71.02;Bueno;1;32.50;21.38;42.75;Bueno;113.80;Regular;Bueno;Regular
2025-09-14;16:00;9;46.92;31.96;24.58;Bueno;71.02;Bueno;1;32.33;21.38;42.75;Bueno;113.80;Regular;Bueno;Regular
2025-09-14;17:00;10;46.54;31.96;24.58;Bueno;71.02;Bueno;4;32.25;21.38;42.75;Bueno;113.80;Regular;Bueno;Regular
2025-09-14;18:00;18;46.42;31.96;24.58;Bueno;71.02;Bueno;10;32.17;21.38;42.75;Bueno;113.80;Regular;Bueno;Regular
2025-09-14;19:00;49;46.83;31.96;24.58;Bueno;71.02;Bueno;36;32.71;21.38;42.75;Bueno;113.80;Regular;Bueno;Regular
2025-09-14;20:00;55;45.29;31.96;24.58;Bueno;71.02;Bueno;42;31.54;21.38;42.75;Bueno;113.80;Regular;Bueno;Regular
2025-09-14;21:00;39;38.92;31.96;24.58;Bueno;71.02;Bueno;20;27.04;21.38;42.75;Bueno;113.80;Regular;Bueno;Regular
2025-09-14;22:00;46;37.42;31.96;24.58;Bueno;71.02;Bueno;29;26.00;21.38;42.75;Bueno;113.80;Regular;Bueno;Regular
2025-09-14;23:00;43;31.96;31.96;24.58;Bueno;71.02;Bueno;25;21.38;21.38;42.75;Bueno;113.80;Regular;Bueno;Regular
2025-09-15;00:00;46;31.88;54.00;41.54;Bueno;114.76;Regular;29;21.00;32.25;64.50;Bueno;137.46;Regular;Bueno;Regular
2025-09-15;01:00;24;30.42;54.00;41.54;Bueno;114.76;Regular;17;19.79;32.25;64.50;Bueno;137.46;Regular;Bueno;Regular
2025-09-15;02:00;20;29.21;54.00;41.54;Bueno;114.76;Regular;10;18.54;32.25;64.50;Bueno;137.46;Regular;Bueno;Regular
2025-09-15;03:00;19;29.04;54.00;41.54;Bueno;114.76;Regular;9;17.96;32.25;64.50;Bueno;137.46;Regular;Bueno;Regular
2025-09-15;04:00;15;28.33;54.00;41.54;Bueno;114.76;Regular;7;17.25;32.25;64.50;Bueno;137.46;Regular;Bueno;Regular
2025-09-15;05:00;65;29.79;54.00;41.54;Bueno;114.76;Regular;21;17.25;32.25;64.50;Bueno;137.46;Regular;Bueno;Regular
2025-09-15;06:00;70;31.58;54.00;41.54;Bueno;114.76;Regular;29;17.83;32.25;64.50;Bueno;137.46;Regular;Bueno;Regular
2025-09-15;07:00;33;29.50;54.00;41.54;Bueno;114.76;Regular;13;15.92;32.25;64.50;Bueno;137.46;Regular;Bueno;Regular
2025-09-15;08:00;44;29.46;54.00;41.54;Bueno;114.76;Regular;21;15.58;32.25;64.50;Bueno;137.46;Regular;Bueno;Regular
2025-09-15;09:00;48;30.17;54.00;41.54;Bueno;114.76;Regular;21;15.38;32.25;64.50;Bueno;137.46;Regular;Bueno;Regular
2025-09-15;10:00;39;31.00;54.00;41.54;Bueno;114.76;Regular;23;15.88;32.25;64.50;Bueno;137.46;Regular;Bueno;Regular
2025-09-15;11:00;30;31.79;54.00;41.54;Bueno;114.76;Regular;17;16.33;32.25;64.50;Bueno;137.46;Regular;Bueno;Regular
2025-09-15;12:00;40;32.92;54.00;41.54;Bueno;114.76;Regular;28;17.38;32.25;64.50;Bueno;137.46;Regular;Bueno;Regular
2025-09-15;13:00;7;32.83;54.00;41.54;Bueno;114.76;Regular;2;17.33;32.25;64.50;Bueno;137.46;Regular;Bueno;Regular
2025-09-15;14:00;9;32.79;54.00;41.54;Bueno;114.76;Regular;1;17.33;32.25;64.50;Bueno;137.46;Regular;Bueno;Regular
2025-09-15;15:00;10;32.83;54.00;41.54;Bueno;114.76;Regular;2;17.38;32.25;64.50;Bueno;137.46;Regular;Bueno;Regular
2025-09-15;16:00;12;32.96;54.00;41.54;Bueno;114.76;Regular;1;17.38;32.25;64.50;Bueno;137.46;Regular;Bueno;Regular
2025-09-15;17:00;18;33.29;54.00;41.54;Bueno;114.76;Regular;5;17.42;32.25;64.50;Bueno;137.46;Regular;Bueno;Regular
2025-09-15;18:00;30;33.79;54.00;41.54;Bueno;114.76;Regular;13;17.54;32.25;64.50;Bueno;137.46;Regular;Bueno;Regular
2025-09-15;19:00;43;33.54;54.00;41.54;Bueno;114.76;Regular;16;16.71;32.25;64.50;Bueno;137.46;Regular;Bueno;Regular
2025-09-15;20:00;179;38.71;54.00;41.54;Bueno;114.76;Regular;131;20.42;32.25;64.50;Bueno;137.46;Regular;Bueno;Regular
2025-09-15;21:00;204;45.58;54.00;41.54;Bueno;114.76;Regular;148;25.75;32.25;64.50;Bueno;137.46;Regular;Bueno;Regular
2025-09-15;22:00;152;50.00;54.00;41.54;Bueno;114.76;Regular;108;29.04;32.25;64.50;Bueno;137.46;Regular;Bueno;Regular
2025-09-15;23:00;139;54.00;54.00;41.54;Bueno;114.76;Regular;102;32.25;32.25;64.50;Bueno;137.46;Regular;Bueno;Regular
2025-09-16;00:00;116;56.92;67.12;51.63;Bueno;136.38;Regular;98;35.12;42.46;84.92;Bueno;159.83;Regular;Bueno;Regular
2025-09-16;01:00;42;57.67;67.12;51.63;Bueno;136.38;Regular;36;35.92;42.46;84.92;Bueno;159.83;Regular;Bueno;Regular
2025-09-16;02:00;21;57.71;67.12;51.63;Bueno;136.38;Regular;20;36.33;42.46;84.92;Bueno;159.83;Regular;Bueno;Regular
2025-09-16;03:00;25;57.96;67.12;51.63;Bueno;136.38;Regular;16;36.62;42.46;84.92;Bueno;159.83;Regular;Bueno;Regular
2025-09-16;04:00;20;58.17;67.12;51.63;Bueno;136.38;Regular;12;36.83;42.46;84.92;Bueno;159.83;Regular;Bueno;Regular
2025-09-16;05:00;21;56.33;67.12;51.63;Bueno;136.38;Regular;8;36.29;42.46;84.92;Bueno;159.83;Regular;Bueno;Regular
2025-09-16;06:00;32;54.75;67.12;51.63;Bueno;136.38;Regular;15;35.71;42.46;84.92;Bueno;159.83;Regular;Bueno;Regular
2025-09-16;07:00;71;56.33;67.12;51.63;Bueno;136.38;Regular;37;36.71;42.46;84.92;Bueno;159.83;Regular;Bueno;Regular
2025-09-16;08:00;89;58.21;67.12;51.63;Bueno;136.38;Regular;33;37.21;42.46;84.92;Bueno;159.83;Regular;Bueno;Regular
2025-09-16;09:00;86;59.79;67.12;51.63;Bueno;136.38;Regular;33;37.71;42.46;84.92;Bueno;159.83;Regular;Bueno;Regular
2025-09-16;10:00;44;60.00;67.12;51.63;Bueno;136.38;Regular;24;37.75;42.46;84.92;Bueno;159.83;Regular;Bueno;Regular
2025-09-16;11:00;34;60.17;67.12;51.63;Bueno;136.38;Regular;19;37.83;42.46;84.92;Bueno;159.83;Regular;Bueno;Regular
2025-09-16;12:00;20;59.33;67.12;51.63;Bueno;136.38;Regular;12;37.17;42.46;84.92;Bueno;159.83;Regular;Bueno;Regular
2025-09-16;13:00;25;60.08;67.12;51.63;Bueno;136.38;Regular;11;37.54;42.46;84.92;Bueno;159.83;Regular;Bueno;Regular
2025-09-16;14:00;15;60.33;67.12;51.63;Bueno;136.38;Regular;8;37.83;42.46;84.92;Bueno;159.83;Regular;Bueno;Regular
2025-09-16;15:00;13;60.46;67.12;51.63;Bueno;136.38;Regular;6;38.00;42.46;84.92;Bueno;159.83;Regular;Bueno;Regular
2025-09-16;16:00;14;60.54;67.12;51.63;Bueno;136.38;Regular;4;38.12;42.46;84.92;Bueno;159.83;Regular;Bueno;Regular
2025-09-16;17:00;16;60.46;67.12;51.63;Bueno;136.38;Regular;4;38.08;42.46;84.92;Bueno;159.83;Regular;Bueno;Regular
2025-09-16;18:00;68;62.04;67.12;51.63;Bueno;136.38;Regular;39;39.17;42.46;84.92;Bueno;159.83;Regular;Bueno;Regular
2025-09-16;19:00;173;67.46;67.12;51.63;Bueno;136.38;Regular;125;43.71;42.46;84.92;Bueno;159.83;Regular;Bueno;Regular
2025-09-16;20:00;150;66.25;67.12;51.63;Bueno;136.38;Regular;101;42.46;42.46;84.92;Bueno;159.83;Regular;Bueno;Regular
2025-09-16;21:00;156;64.25;67.12;51.63;Bueno;136.38;Regular;100;40.46;42.46;84.92;Bueno;159.83;Regular;Bueno;Regular
2025-09-16;22:00;217;66.96;67.12;51.63;Bueno;136.38;Regular;153;42.33;42.46;84.92;Bueno;159.83;Regular;Bueno;Regular
2025-09-16;23:00;143;67.12;67.12;51.63;Bueno;136.38;Regular;105;42.46;42.46;84.92;Bueno;159.83;Regular;Bueno;Regular
2025-09-17;00:00;132;67.79;26.67;20.51;Bueno;59.26;Bueno;96;42.38;16.04;32.08;Bueno;102.25;Regular;Bueno;Regular
2025-09-17;01:00;53;68.25;26.67;20.51;Bueno;59.26;Bueno;45;42.75;16.04;32.08;Bueno;102.25;Regular;Bueno;Regular
2025-09-17;02:00;17;68.08;26.67;20.51;Bueno;59.26;Bueno;12;42.42;16.04;32.08;Bueno;102.25;Regular;Bueno;Regular
2025-09-17;03:00;8;67.38;26.67;20.51;Bueno;59.26;Bueno;7;42.04;16.04;32.08;Bueno;102.25;Regular;Bueno;Regular
2025-09-17;04:00;4;66.71;26.67;20.51;Bueno;59.26;Bueno;3;41.67;16.04;32.08;Bueno;102.25;Regular;Bueno;Regular
2025-09-17;05:00;4;66.00;26.67;20.51;Bueno;59.26;Bueno;3;41.46;16.04;32.08;Bueno;102.25;Regular;Bueno;Regular
2025-09-17;06:00;14;65.25;26.67;20.51;Bueno;59.26;Bueno;9;41.21;16.04;32.08;Bueno;102.25;Regular;Bueno;Regular
2025-09-17;07:00;18;63.04;26.67;20.51;Bueno;59.26;Bueno;13;40.21;16.04;32.08;Bueno;102.25;Regular;Bueno;Regular
2025-09-17;08:00;21;60.21;26.67;20.51;Bueno;59.26;Bueno;10;39.25;16.04;32.08;Bueno;102.25;Regular;Bueno;Regular
2025-09-17;09:00;24;57.62;26.67;20.51;Bueno;59.26;Bueno;13;38.42;16.04;32.08;Bueno;102.25;Regular;Bueno;Regular
2025-09-17;10:00;24;56.79;26.67;20.51;Bueno;59.26;Bueno;18;38.17;16.04;32.08;Bueno;102.25;Regular;Bueno;Regular
2025-09-17;11:00;28;56.54;26.67;20.51;Bueno;59.26;Bueno;15;38.00;16.04;32.08;Bueno;102.25;Regular;Bueno;Regular
2025-09-17;12:00;27;56.83;26.67;20.51;Bueno;59.26;Bueno;10;37.92;16.04;32.08;Bueno;102.25;Regular;Bueno;Regular
2025-09-17;13:00;24;56.79;26.67;20.51;Bueno;59.26;Bueno;11;37.92;16.04;32.08;Bueno;102.25;Regular;Bueno;Regular
2025-09-17;14:00;34;57.58;26.67;20.51;Bueno;59.26;Bueno;14;38.17;16.04;32.08;Bueno;102.25;Regular;Bueno;Regular
2025-09-17;15:00;31;58.33;26.67;20.51;Bueno;59.26;Bueno;12;38.42;16.04;32.08;Bueno;102.25;Regular;Bueno;Regular
2025-09-17;16:00;37;59.29;26.67;20.51;Bueno;59.26;Bueno;18;39.00;16.04;32.08;Bueno;102.25;Regular;Bueno;Regular
2025-09-17;17:00;24;59.62;26.67;20.51;Bueno;59.26;Bueno;16;39.50;16.04;32.08;Bueno;102.25;Regular;Bueno;Regular
2025-09-17;18:00;41;58.50;26.67;20.51;Bueno;59.26;Bueno;20;38.71;16.04;32.08;Bueno;102.25;Regular;Bueno;Regular
2025-09-17;19:00;23;52.25;26.67;20.51;Bueno;59.26;Bueno;8;33.83;16.04;32.08;Bueno;102.25;Regular;Bueno;Regular
2025-09-17;20:00;22;46.92;26.67;20.51;Bueno;59.26;Bueno;15;30.25;16.04;32.08;Bueno;102.25;Regular;Bueno;Regular
2025-09-17;21:00;15;41.04;26.67;20.51;Bueno;59.26;Bueno;7;26.38;16.04;32.08;Bueno;102.25;Regular;Bueno;Regular
2025-09-17;22:00;9;32.38;26.67;20.51;Bueno;59.26;Bueno;6;20.25;16.04;32.08;Bueno;102.25;Regular;Bueno;Regular
2025-09-17;23:00;6;26.67;26.67;20.51;Bueno;59.26;Bueno;4;16.04;16.04;32.08;Bueno;102.25;Regular;Bueno;Regular
2025-09-18;00:00;3;21.29;14.00;10.77;Bueno;31.11;Bueno;3;12.17;8.29;16.58;Bueno;55.28;Bueno;Bueno;Bueno
2025-09-18;01:00;6;19.33;14.00;10.77;Bueno;31.11;Bueno;1;10.33;8.29;16.58;Bueno;55.28;Bueno;Bueno;Bueno
2025-09-18;02:00;5;18.83;14.00;10.77;Bueno;31.11;Bueno;1;9.88;8.29;16.58;Bueno;55.28;Bueno;Bueno;Bueno
2025-09-18;03:00;2;18.58;14.00;10.77;Bueno;31.11;Bueno;1;9.62;8.29;16.58;Bueno;55.28;Bueno;Bueno;Bueno
2025-09-18;04:00;1;18.46;14.00;10.77;Bueno;31.11;Bueno;1;9.54;8.29;16.58;Bueno;55.28;Bueno;Bueno;Bueno
2025-09-18;05:00;1;18.33;14.00;10.77;Bueno;31.11;Bueno;1;9.46;8.29;16.58;Bueno;55.28;Bueno;Bueno;Bueno
2025-09-18;06:00;1;17.79;14.00;10.77;Bueno;31.11;Bueno;1;9.12;8.29;16.58;Bueno;55.28;Bueno;Bueno;Bueno
2025-09-18;07:00;10;17.46;14.00;10.77;Bueno;31.11;Bueno;1;8.62;8.29;16.58;Bueno;55.28;Bueno;Bueno;Bueno
2025-09-18;08:00;8;16.92;14.00;10.77;Bueno;31.11;Bueno;6;8.46;8.29;16.58;Bueno;55.28;Bueno;Bueno;Bueno
2025-09-18;09:00;10;16.33;14.00;10.77;Bueno;31.11;Bueno;7;8.21;8.29;16.58;Bueno;55.28;Bueno;Bueno;Bueno
2025-09-18;10:00;7;15.62;14.00;10.77;Bueno;31.11;Bueno;7;7.75;8.29;16.58;Bueno;55.28;Bueno;Bueno;Bueno
2025-09-18;11:00;20;15.29;14.00;10.77;Bueno;31.11;Bueno;12;7.62;8.29;16.58;Bueno;55.28;Bueno;Bueno;Bueno
2025-09-18;12:00;19;14.96;14.00;10.77;Bueno;31.11;Bueno;11;7.67;8.29;16.58;Bueno;55.28;Bueno;Bueno;Bueno
2025-09-18;13:00;17;14.67;14.00;10.77;Bueno;31.11;Bueno;5;7.42;8.29;16.58;Bueno;55.28;Bueno;Bueno;Bueno
2025-09-18;14:00;16;13.92;14.00;10.77;Bueno;31.11;Bueno;6;7.08;8.29;16.58;Bueno;55.28;Bueno;Bueno;Bueno
2025-09-18;15:00;31;13.92;14.00;10.77;Bueno;31.11;Bueno;15;7.21;8.29;16.58;Bueno;55.28;Bueno;Bueno;Bueno
2025-09-18;16:00;30;13.62;14.00;10.77;Bueno;31.11;Bueno;19;7.25;8.29;16.58;Bueno;55.28;Bueno;Bueno;Bueno
2025-09-18;17:00;25;13.67;14.00;10.77;Bueno;31.11;Bueno;16;7.25;8.29;16.58;Bueno;55.28;Bueno;Bueno;Bueno
2025-09-18;18:00;20;12.79;14.00;10.77;Bueno;31.11;Bueno;16;7.08;8.29;16.58;Bueno;55.28;Bueno;Bueno;Bueno
2025-09-18;19:00;24;12.83;14.00;10.77;Bueno;31.11;Bueno;15;7.38;8.29;16.58;Bueno;55.28;Bueno;Bueno;Bueno
2025-09-18;20:00;41;13.62;14.00;10.77;Bueno;31.11;Bueno;25;7.79;8.29;16.58;Bueno;55.28;Bueno;Bueno;Bueno
2025-09-18;21:00;22;13.92;14.00;10.77;Bueno;31.11;Bueno;14;8.08;8.29;16.58;Bueno;55.28;Bueno;Bueno;Bueno
2025-09-18;22:00;10;13.96;14.00;10.77;Bueno;31.11;Bueno;8;8.17;8.29;16.58;Bueno;55.28;Bueno;Bueno;Bueno
2025-09-18;23:00;7;14.00;14.00;10.77;Bueno;31.11;Bueno;7;8.29;8.29;16.58;Bueno;55.28;Bueno;Bueno;Bueno
2025-09-19;00:00;4;14.04;12.17;9.36;Bueno;27.04;Bueno;4;8.33;8.88;17.75;Bueno;59.17;Bueno;Bueno;Bueno
2025-09-19;01:00;14;14.38;12.17;9.36;Bueno;27.04;Bueno;11;8.75;8.88;17.75;Bueno;59.17;Bueno;Bueno;Bueno
2025-09-19;02:00;11;14.62;12.17;9.36;Bueno;27.04;Bueno;8;9.04;8.88;17.75;Bueno;59.17;Bueno;Bueno;Bueno
2025-09-19;03:00;18;15.29;12.17;9.36;Bueno;27.04;Bueno;9;9.38;8.88;17.75;Bueno;59.17;Bueno;Bueno;Bueno
2025-09-19;04:00;7;15.54;12.17;9.36;Bueno;27.04;Bueno;6;9.58;8.88;17.75;Bueno;59.17;Bueno;Bueno;Bueno
2025-09-19;05:00;3;15.62;12.17;9.36;Bueno;27.04;Bueno;2;9.62;8.88;17.75;Bueno;59.17;Bueno;Bueno;Bueno
2025-09-19;06:00;2;15.67;12.17;9.36;Bueno;27.04;Bueno;1;9.62;8.88;17.75;Bueno;59.17;Bueno;Bueno;Bueno
2025-09-19;07:00;12;15.75;12.17;9.36;Bueno;27.04;Bueno;5;9.79;8.88;17.75;Bueno;59.17;Bueno;Bueno;Bueno
2025-09-19;08:00;14;16.00;12.17;9.36;Bueno;27.04;Bueno;5;9.75;8.88;17.75;Bueno;59.17;Bueno;Bueno;Bueno
2025-09-19;09:00;8;15.92;12.17;9.36;Bueno;27.04;Bueno;1;9.50;8.88;17.75;Bueno;59.17;Bueno;Bueno;Bueno
2025-09-19;10:00;9;16.00;12.17;9.36;Bueno;27.04;Bueno;1;9.25;8.88;17.75;Bueno;59.17;Bueno;Bueno;Bueno
2025-09-19;11:00;14;15.75;12.17;9.36;Bueno;27.04;Bueno;10;9.17;8.88;17.75;Bueno;59.17;Bueno;Bueno;Bueno
2025-09-19;12:00;13;15.50;12.17;9.36;Bueno;27.04;Bueno;10;9.12;8.88;17.75;Bueno;59.17;Bueno;Bueno;Bueno
2025-09-19;13:00;9;15.17;12.17;9.36;Bueno;27.04;Bueno;5;9.12;8.88;17.75;Bueno;59.17;Bueno;Bueno;Bueno
2025-09-19;14:00;6;14.75;12.17;9.36;Bueno;27.04;Bueno;4;9.04;8.88;17.75;Bueno;59.17;Bueno;Bueno;Bueno
2025-09-19;15:00;7;13.75;12.17;9.36;Bueno;27.04;Bueno;5;8.62;8.88;17.75;Bueno;59.17;Bueno;Bueno;Bueno
2025-09-19;16:00;17;13.21;12.17;9.36;Bueno;27.04;Bueno;17;8.54;8.88;17.75;Bueno;59.17;Bueno;Bueno;Bueno
2025-09-19;17:00;27;13.29;12.17;9.36;Bueno;27.04;Bueno;27;9.00;8.88;17.75;Bueno;59.17;Bueno;Bueno;Bueno
2025-09-19;18:00;27;13.58;12.17;9.36;Bueno;27.04;Bueno;24;9.33;8.88;17.75;Bueno;59.17;Bueno;Bueno;Bueno
2025-09-19;19:00;34;14.00;12.17;9.36;Bueno;27.04;Bueno;29;9.92;8.88;17.75;Bueno;59.17;Bueno;Bueno;Bueno
2025-09-19;20:00;4;12.46;12.17;9.36;Bueno;27.04;Bueno;4;9.04;8.88;17.75;Bueno;59.17;Bueno;Bueno;Bueno
2025-09-19;21:00;15;12.17;12.17;9.36;Bueno;27.04;Bueno;10;8.88;8.88;17.75;Bueno;59.17;Bueno;Bueno;Bueno
2025-09-19;22:00;8;12.08;12.17;9.36;Bueno;27.04;Bueno;7;8.83;8.88;17.75;Bueno;59.17;Bueno;Bueno;Bueno
2025-09-19;23:00;9;12.17;12.17;9.36;Bueno;27.04;Bueno;8;8.88;8.88;17.75;Bueno;59.17;Bueno;Bueno;Bueno
2025-09-20;00:00;11;12.46;9.67;7.44;Bueno;21.48;Bueno;11;9.17;6.75;13.50;Bueno;45.00;Bueno;Bueno;Bueno
2025-09-20;01:00;5;12.08;9.67;7.44;Bueno;21.48;Bueno;5;8.92;6.75;13.50;Bueno;45.00;Bueno;Bueno;Bueno
2025-09-20;02:00;1;11.67;9.67;7.44;Bueno;21.48;Bueno;1;8.62;6.75;13.50;Bueno;45.00;Bueno;Bueno;Bueno
2025-09-20;03:00;1;10.96;9.67;7.44;Bueno;21.48;Bueno;1;8.29;6.75;13.50;Bueno;45.00;Bueno;Bueno;Bueno
2025-09-20;04:00;1;10.71;9.67;7.44;Bueno;21.48;Bueno;1;8.08;6.75;13.50;Bueno;45.00;Bueno;Bueno;Bueno
2025-09-20;05:00;1;10.62;9.67;7.44;Bueno;21.48;Bueno;1;8.04;6.75;13.50;Bueno;45.00;Bueno;Bueno;Bueno
2025-09-20;06:00;1;10.58;9.67;7.44;Bueno;21.48;Bueno;1;8.04;6.75;13.50;Bueno;45.00;Bueno;Bueno;Bueno
2025-09-20;07:00;1;10.12;9.67;7.44;Bueno;21.48;Bueno;1;7.88;6.75;13.50;Bueno;45.00;Bueno;Bueno;Bueno
2025-09-20;08:00;3;9.67;9.67;7.44;Bueno;21.48;Bueno;1;7.71;6.75;13.50;Bueno;45.00;Bueno;Bueno;Bueno
2025-09-20;09:00;8;9.67;9.67;7.44;Bueno;21.48;Bueno;1;7.71;6.75;13.50;Bueno;45.00;Bueno;Bueno;Bueno
2025-09-20;10:00;9;9.67;9.67;7.44;Bueno;21.48;Bueno;3;7.79;6.75;13.50;Bueno;45.00;Bueno;Bueno;Bueno
2025-09-20;11:00;8;9.42;9.67;7.44;Bueno;21.48;Bueno;3;7.50;6.75;13.50;Bueno;45.00;Bueno;Bueno;Bueno
2025-09-20;12:00;8;9.21;9.67;7.44;Bueno;21.48;Bueno;1;7.12;6.75;13.50;Bueno;45.00;Bueno;Bueno;Bueno
2025-09-20;13:00;11;9.29;9.67;7.44;Bueno;21.48;Bueno;5;7.12;6.75;13.50;Bueno;45.00;Bueno;Bueno;Bueno
2025-09-20;14:00;6;9.29;9.67;7.44;Bueno;21.48;Bueno;4;7.12;6.75;13.50;Bueno;45.00;Bueno;Bueno;Bueno
2025-09-20;15:00;28;10.17;9.67;7.44;Bueno;21.48;Bueno;20;7.75;6.75;13.50;Bueno;45.00;Bueno;Bueno;Bueno
2025-09-20;16:00;33;10.83;9.67;7.44;Bueno;21.48;Bueno;28;8.21;6.75;13.50;Bueno;45.00;Bueno;Bueno;Bueno
2025-09-20;17:00;11;10.17;9.67;7.44;Bueno;21.48;Bueno;8;7.42;6.75;13.50;Bueno;45.00;Bueno;Bueno;Bueno
2025-09-20;18:00;12;9.54;9.67;7.44;Bueno;21.48;Bueno;7;6.71;6.75;13.50;Bueno;45.00;Bueno;Bueno;Bueno
2025-09-20;19:00;21;9.00;9.67;7.44;Bueno;21.48;Bueno;20;6.33;6.75;13.50;Bueno;45.00;Bueno;Bueno;Bueno
2025-09-20;20:00;17;9.54;9.67;7.44;Bueno;21.48;Bueno;13;6.71;6.75;13.50;Bueno;45.00;Bueno;Bueno;Bueno
2025-09-20;21:00;23;9.88;9.67;7.44;Bueno;21.48;Bueno;16;6.96;6.75;13.50;Bueno;45.00;Bueno;Bueno;Bueno
2025-09-20;22:00;7;9.83;9.67;7.44;Bueno;21.48;Bueno;6;6.92;6.75;13.50;Bueno;45.00;Bueno;Bueno;Bueno
2025-09-20;23:00;5;9.67;9.67;7.44;Bueno;21.48;Bueno;4;6.75;6.75;13.50;Bueno;45.00;Bueno;Bueno;Bueno
2025-09-21;00:00;14;9.79;11.62;8.94;Bueno;25.83;Bueno;7;6.58;8.17;16.33;Bueno;54.44;Bueno;Bueno;Bueno
2025-09-21;01:00;12;10.08;11.62;8.94;Bueno;25.83;Bueno;4;6.54;8.17;16.33;Bueno;54.44;Bueno;Bueno;Bueno
2025-09-21;02:00;6;10.29;11.62;8.94;Bueno;25.83;Bueno;1;6.54;8.17;16.33;Bueno;54.44;Bueno;Bueno;Bueno
2025-09-21;03:00;3;10.38;11.62;8.94;Bueno;25.83;Bueno;1;6.54;8.17;16.33;Bueno;54.44;Bueno;Bueno;Bueno
2025-09-21;04:00;1;10.38;11.62;8.94;Bueno;25.83;Bueno;1;6.54;8.17;16.33;Bueno;54.44;Bueno;Bueno;Bueno
2025-09-21;05:00;1;10.38;11.62;8.94;Bueno;25.83;Bueno;1;6.54;8.17;16.33;Bueno;54.44;Bueno;Bueno;Bueno
2025-09-21;06:00;1;10.38;11.62;8.94;Bueno;25.83;Bueno;1;6.54;8.17;16.33;Bueno;54.44;Bueno;Bueno;Bueno
2025-09-21;07:00;1;10.38;11.62;8.94;Bueno;25.83;Bueno;1;6.54;8.17;16.33;Bueno;54.44;Bueno;Bueno;Bueno
2025-09-21;08:00;1;10.29;11.62;8.94;Bueno;25.83;Bueno;1;6.54;8.17;16.33;Bueno;54.44;Bueno;Bueno;Bueno
2025-09-21;09:00;3;10.08;11.62;8.94;Bueno;25.83;Bueno;4;6.67;8.17;16.33;Bueno;54.44;Bueno;Bueno;Bueno
2025-09-21;10:00;4;9.88;11.62;8.94;Bueno;25.83;Bueno;3;6.67;8.17;16.33;Bueno;54.44;Bueno;Bueno;Bueno
2025-09-21;11:00;10;9.96;11.62;8.94;Bueno;25.83;Bueno;3;6.67;8.17;16.33;Bueno;54.44;Bueno;Bueno;Bueno
2025-09-21;12:00;7;9.92;11.62;8.94;Bueno;25.83;Bueno;2;6.71;8.17;16.33;Bueno;54.44;Bueno;Bueno;Bueno
2025-09-21;13:00;6;9.71;11.62;8.94;Bueno;25.83;Bueno;1;6.54;8.17;16.33;Bueno;54.44;Bueno;Bueno;Bueno
2025-09-21;14:00;5;9.67;11.62;8.94;Bueno;25.83;Bueno;3;6.50;8.17;16.33;Bueno;54.44;Bueno;Bueno;Bueno
2025-09-21;15:00;4;8.67;11.62;8.94;Bueno;25.83;Bueno;2;5.75;8.17;16.33;Bueno;54.44;Bueno;Bueno;Bueno
2025-09-21;16:00;5;7.50;11.62;8.94;Bueno;25.83;Bueno;3;4.71;8.17;16.33;Bueno;54.44;Bueno;Bueno;Bueno
2025-09-21;17:00;11;7.50;11.62;8.94;Bueno;25.83;Bueno;8;4.71;8.17;16.33;Bueno;54.44;Bueno;Bueno;Bueno
2025-09-21;18:00;20;7.83;11.62;8.94;Bueno;25.83;Bueno;10;4.83;8.17;16.33;Bueno;54.44;Bueno;Bueno;Bueno
2025-09-21;19:00;30;8.21;11.62;8.94;Bueno;25.83;Bueno;23;4.96;8.17;16.33;Bueno;54.44;Bueno;Bueno;Bueno
2025-09-21;20:00;33;8.88;11.62;8.94;Bueno;25.83;Bueno;25;5.46;8.17;16.33;Bueno;54.44;Bueno;Bueno;Bueno
2025-09-21;21:00;25;8.96;11.62;8.94;Bueno;25.83;Bueno;20;5.62;8.17;16.33;Bueno;54.44;Bueno;Bueno;Bueno
2025-09-21;22:00;43;10.46;11.62;8.94;Bueno;25.83;Bueno;39;7.00;8.17;16.33;Bueno;54.44;Bueno;Bueno;Bueno
2025-09-21;23:00;33;11.62;11.62;8.94;Bueno;25.83;Bueno;32;8.17;8.17;16.33;Bueno;54.44;Bueno;Bueno;Bueno
2025-09-22;00:00;23;12.00;25.50;19.62;Bueno;56.67;Bueno;18;8.62;14.38;28.75;Bueno;95.83;Bueno;Bueno;Bueno
2025-09-22;01:00;55;13.79;25.50;19.62;Bueno;56.67;Bueno;9;8.83;14.38;28.75;Bueno;95.83;Bueno;Bueno;Bueno
2025-09-22;02:00;17;14.25;25.50;19.62;Bueno;56.67;Bueno;7;9.08;14.38;28.75;Bueno;95.83;Bueno;Bueno;Bueno
2025-09-22;03:00;49;16.17;25.50;19.62;Bueno;56.67;Bueno;3;9.17;14.38;28.75;Bueno;95.83;Bueno;Bueno;Bueno
2025-09-22;04:00;1;16.17;25.50;19.62;Bueno;56.67;Bueno;1;9.17;14.38;28.75;Bueno;95.83;Bueno;Bueno;Bueno
2025-09-22;05:00;1;16.17;25.50;19.62;Bueno;56.67;Bueno;1;9.17;14.38;28.75;Bueno;95.83;Bueno;Bueno;Bueno
2025-09-22;06:00;8;16.46;25.50;19.62;Bueno;56.67;Bueno;2;9.21;14.38;28.75;Bueno;95.83;Bueno;Bueno;Bueno
2025-09-22;07:00;11;16.88;25.50;19.62;Bueno;56.67;Bueno;4;9.33;14.38;28.75;Bueno;95.83;Bueno;Bueno;Bueno
2025-09-22;08:00;26;17.92;25.50;19.62;Bueno;56.67;Bueno;7;9.58;14.38;28.75;Bueno;95.83;Bueno;Bueno;Bueno
2025-09-22;09:00;28;18.96;25.50;19.62;Bueno;56.67;Bueno;19;10.21;14.38;28.75;Bueno;95.83;Bueno;Bueno;Bueno
2025-09-22;10:00;17;19.50;25.50;19.62;Bueno;56.67;Bueno;7;10.38;14.38;28.75;Bueno;95.83;Bueno;Bueno;Bueno
2025-09-22;11:00;15;19.71;25.50;19.62;Bueno;56.67;Bueno;10;10.67;14.38;28.75;Bueno;95.83;Bueno;Bueno;Bueno
2025-09-22;12:00;15;20.04;25.50;19.62;Bueno;56.67;Bueno;6;10.83;14.38;28.75;Bueno;95.83;Bueno;Bueno;Bueno
2025-09-22;13:00;17;20.50;25.50;19.62;Bueno;56.67;Bueno;5;11.00;14.38;28.75;Bueno;95.83;Bueno;Bueno;Bueno
2025-09-22;14:00;6;20.54;25.50;19.62;Bueno;56.67;Bueno;3;11.00;14.38;28.75;Bueno;95.83;Bueno;Bueno;Bueno
2025-09-22;15:00;7;20.67;25.50;19.62;Bueno;56.67;Bueno;3;11.04;14.38;28.75;Bueno;95.83;Bueno;Bueno;Bueno
2025-09-22;16:00;8;20.79;25.50;19.62;Bueno;56.67;Bueno;1;10.96;14.38;28.75;Bueno;95.83;Bueno;Bueno;Bueno
2025-09-22;17:00;6;20.58;25.50;19.62;Bueno;56.67;Bueno;1;10.67;14.38;28.75;Bueno;95.83;Bueno;Bueno;Bueno
2025-09-22;18:00;12;20.25;25.50;19.62;Bueno;56.67;Bueno;8;10.58;14.38;28.75;Bueno;95.83;Bueno;Bueno;Bueno
2025-09-22;19:00;27;20.12;25.50;19.62;Bueno;56.67;Bueno;20;10.46;14.38;28.75;Bueno;95.83;Bueno;Bueno;Bueno
2025-09-22;20:00;42;20.50;25.50;19.62;Bueno;56.67;Bueno;34;10.83;14.38;28.75;Bueno;95.83;Bueno;Bueno;Bueno
2025-09-22;21:00;67;22.25;25.50;19.62;Bueno;56.67;Bueno;47;11.96;14.38;28.75;Bueno;95.83;Bueno;Bueno;Bueno
2025-09-22;22:00;75;23.58;25.50;19.62;Bueno;56.67;Bueno;63;12.96;14.38;28.75;Bueno;95.83;Bueno;Bueno;Bueno
2025-09-22;23:00;79;25.50;25.50;19.62;Bueno;56.67;Bueno;66;14.38;14.38;28.75;Bueno;95.83;Bueno;Bueno;Bueno
2025-09-23;00:00;64;27.21;33.38;25.67;Bueno;74.17;Bueno;51;15.75;22.04;44.08;Bueno;115.24;Regular;Bueno;Regular
2025-09-23;01:00;25;25.96;33.38;25.67;Bueno;74.17;Bueno;15;16.00;22.04;44.08;Bueno;115.24;Regular;Bueno;Regular
2025-09-23;02:00;29;26.46;33.38;25.67;Bueno;74.17;Bueno;22;16.62;22.04;44.08;Bueno;115.24;Regular;Bueno;Regular
2025-09-23;03:00;14;25.00;33.38;25.67;Bueno;74.17;Bueno;9;16.88;22.04;44.08;Bueno;115.24;Regular;Bueno;Regular
2025-09-23;04:00;15;25.58;33.38;25.67;Bueno;74.17;Bueno;8;17.17;22.04;44.08;Bueno;115.24;Regular;Bueno;Regular
2025-09-23;05:00;15;26.17;33.38;25.67;Bueno;74.17;Bueno;13;17.67;22.04;44.08;Bueno;115.24;Regular;Bueno;Regular
2025-09-23;06:00;33;27.21;33.38;25.67;Bueno;74.17;Bueno;17;18.29;22.04;44.08;Bueno;115.24;Regular;Bueno;Regular
2025-09-23;07:00;48;28.75;33.38;25.67;Bueno;74.17;Bueno;21;19.00;22.04;44.08;Bueno;115.24;Regular;Bueno;Regular
2025-09-23;08:00;38;29.25;33.38;25.67;Bueno;74.17;Bueno;19;19.50;22.04;44.08;Bueno;115.24;Regular;Bueno;Regular
2025-09-23;09:00;13;28.62;33.38;25.67;Bueno;74.17;Bueno;5;18.92;22.04;44.08;Bueno;115.24;Regular;Bueno;Regular
2025-09-23;10:00;7;28.21;33.38;25.67;Bueno;74.17;Bueno;2;18.71;22.04;44.08;Bueno;115.24;Regular;Bueno;Regular
2025-09-23;11:00;3;27.71;33.38;25.67;Bueno;74.17;Bueno;1;18.33;22.04;44.08;Bueno;115.24;Regular;Bueno;Regular
2025-09-23;12:00;6;27.33;33.38;25.67;Bueno;74.17;Bueno;1;18.12;22.04;44.08;Bueno;115.24;Regular;Bueno;Regular
2025-09-23;13:00;12;27.12;33.38;25.67;Bueno;74.17;Bueno;1;17.96;22.04;44.08;Bueno;115.24;Regular;Bueno;Regular
2025-09-23;14:00;11;27.33;33.38;25.67;Bueno;74.17;Bueno;1;17.88;22.04;44.08;Bueno;115.24;Regular;Bueno;Regular
2025-09-23;15:00;6;27.29;33.38;25.67;Bueno;74.17;Bueno;1;17.79;22.04;44.08;Bueno;115.24;Regular;Bueno;Regular
2025-09-23;16:00;4;27.12;33.38;25.67;Bueno;74.17;Bueno;1;17.79;22.04;44.08;Bueno;115.24;Regular;Bueno;Regular
2025-09-23;17:00;7;27.17;33.38;25.67;Bueno;74.17;Bueno;3;17.88;22.04;44.08;Bueno;115.24;Regular;Bueno;Regular
2025-09-23;18:00;28;27.83;33.38;25.67;Bueno;74.17;Bueno;21;18.42;22.04;44.08;Bueno;115.24;Regular;Bueno;Regular
2025-09-23;19:00;89;30.42;33.38;25.67;Bueno;74.17;Bueno;61;20.12;22.04;44.08;Bueno;115.24;Regular;Bueno;Regular
2025-09-23;20:00;32;30.00;33.38;25.67;Bueno;74.17;Bueno;25;19.75;22.04;44.08;Bueno;115.24;Regular;Bueno;Regular
2025-09-23;21:00;84;30.71;33.38;25.67;Bueno;74.17;Bueno;62;20.38;22.04;44.08;Bueno;115.24;Regular;Bueno;Regular
2025-09-23;22:00;142;33.50;33.38;25.67;Bueno;74.17;Bueno;113;22.46;22.04;44.08;Bueno;115.24;Regular;Bueno;Regular
2025-09-23;23:00;76;33.38;33.38;25.67;Bueno;74.17;Bueno;56;22.04;22.04;44.08;Bueno;115.24;Regular;Bueno;Regular
2025-09-24;00:00;68;33.54;34.67;26.67;Bueno;77.04;Bueno;53;22.12;19.00;38.00;Bueno;108.65;Regular;Bueno;Regular
2025-09-24;01:00;43;34.29;34.67;26.67;Bueno;77.04;Bueno;32;22.83;19.00;38.00;Bueno;108.65;Regular;Bueno;Regular
2025-09-24;02:00;33;34.46;34.67;26.67;Bueno;77.04;Bueno;29;23.12;19.00;38.00;Bueno;108.65;Regular;Bueno;Regular
2025-09-24;03:00;17;34.58;34.67;26.67;Bueno;77.04;Bueno;17;23.46;19.00;38.00;Bueno;108.65;Regular;Bueno;Regular
2025-09-24;04:00;11;34.42;34.67;26.67;Bueno;77.04;Bueno;7;23.42;19.00;38.00;Bueno;108.65;Regular;Bueno;Regular
2025-09-24;05:00;21;34.67;34.67;26.67;Bueno;77.04;Bueno;9;23.25;19.00;38.00;Bueno;108.65;Regular;Bueno;Regular
2025-09-24;06:00;60;35.79;34.67;26.67;Bueno;77.04;Bueno;34;23.96;19.00;38.00;Bueno;108.65;Regular;Bueno;Regular
2025-09-24;07:00;64;36.46;34.67;26.67;Bueno;77.04;Bueno;31;24.38;19.00;38.00;Bueno;108.65;Regular;Bueno;Regular
2025-09-24;08:00;54;37.12;34.67;26.67;Bueno;77.04;Bueno;33;24.96;19.00;38.00;Bueno;108.65;Regular;Bueno;Regular
2025-09-24;09:00;38;38.17;34.67;26.67;Bueno;77.04;Bueno;28;25.92;19.00;38.00;Bueno;108.65;Regular;Bueno;Regular
2025-09-24;10:00;28;39.04;34.67;26.67;Bueno;77.04;Bueno;12;26.33;19.00;38.00;Bueno;108.65;Regular;Bueno;Regular
2025-09-24;11:00;29;40.12;34.67;26.67;Bueno;77.04;Bueno;14;26.88;19.00;38.00;Bueno;108.65;Regular;Bueno;Regular
2025-09-24;12:00;39;41.50;34.67;26.67;Bueno;77.04;Bueno;19;27.62;19.00;38.00;Bueno;108.65;Regular;Bueno;Regular
2025-09-24;13:00;32;42.33;34.67;26.67;Bueno;77.04;Bueno;12;28.08;19.00;38.00;Bueno;108.65;Regular;Bueno;Regular
2025-09-24;14:00;28;43.04;34.67;26.67;Bueno;77.04;Bueno;12;28.54;19.00;38.00;Bueno;108.65;Regular;Bueno;Regular
2025-09-24;15:00;22;43.71;34.67;26.67;Bueno;77.04;Bueno;11;28.96;19.00;38.00;Bueno;108.65;Regular;Bueno;Regular
2025-09-24;16:00;32;44.88;34.67;26.67;Bueno;77.04;Bueno;11;29.38;19.00;38.00;Bueno;108.65;Regular;Bueno;Regular
2025-09-24;17:00;32;45.92;34.67;26.67;Bueno;77.04;Bueno;10;29.67;19.00;38.00;Bueno;108.65;Regular;Bueno;Regular
2025-09-24;18:00;33;46.12;34.67;26.67;Bueno;77.04;Bueno;12;29.29;19.00;38.00;Bueno;108.65;Regular;Bueno;Regular
2025-09-24;19:00;27;43.54;34.67;26.67;Bueno;77.04;Bueno;17;27.46;19.00;38.00;Bueno;108.65;Regular;Bueno;Regular
2025-09-24;20:00;39;43.83;34.67;26.67;Bueno;77.04;Bueno;15;27.04;19.00;38.00;Bueno;108.65;Regular;Bueno;Regular
2025-09-24;21:00;25;41.38;34.67;26.67;Bueno;77.04;Bueno;17;25.17;19.00;38.00;Bueno;108.65;Regular;Bueno;Regular
2025-09-24;22:00;32;36.79;34.67;26.67;Bueno;77.04;Bueno;11;20.92;19.00;38.00;Bueno;108.65;Regular;Bueno;Regular
2025-09-24;23:00;25;34.67;34.67;26.67;Bueno;77.04;Bueno;10;19.00;19.00;38.00;Bueno;108.65;Regular;Bueno;Regular
2025-09-25;00:00;34;33.25;31.08;23.91;Bueno;69.07;Bueno;19;17.58;13.38;26.75;Bueno;89.17;Bueno;Bueno;Bueno
2025-09-25;01:00;30;32.71;31.08;23.91;Bueno;69.07;Bueno;20;17.08;13.38;26.75;Bueno;89.17;Bueno;Bueno;Bueno
2025-09-25;02:00;26;32.42;31.08;23.91;Bueno;69.07;Bueno;19;16.67;13.38;26.75;Bueno;89.17;Bueno;Bueno;Bueno
2025-09-25;03:00;17;32.42;31.08;23.91;Bueno;69.07;Bueno;10;16.38;13.38;26.75;Bueno;89.17;Bueno;Bueno;Bueno
2025-09-25;04:00;15;32.58;31.08;23.91;Bueno;69.07;Bueno;8;16.42;13.38;26.75;Bueno;89.17;Bueno;Bueno;Bueno
2025-09-25;05:00;42;33.46;31.08;23.91;Bueno;69.07;Bueno;17;16.75;13.38;26.75;Bueno;89.17;Bueno;Bueno;Bueno
2025-09-25;06:00;71;33.92;31.08;23.91;Bueno;69.07;Bueno;32;16.67;13.38;26.75;Bueno;89.17;Bueno;Bueno;Bueno
2025-09-25;07:00;33;32.62;31.08;23.91;Bueno;69.07;Bueno;21;16.25;13.38;26.75;Bueno;89.17;Bueno;Bueno;Bueno
2025-09-25;08:00;32;31.71;31.08;23.91;Bueno;69.07;Bueno;11;15.33;13.38;26.75;Bueno;89.17;Bueno;Bueno;Bueno
2025-09-25;09:00;57;32.50;31.08;23.91;Bueno;69.07;Bueno;32;15.50;13.38;26.75;Bueno;89.17;Bueno;Bueno;Bueno
2025-09-25;10:00;42;33.08;31.08;23.91;Bueno;69.07;Bueno;26;16.08;13.38;26.75;Bueno;89.17;Bueno;Bueno;Bueno
2025-09-25;11:00;39;33.50;31.08;23.91;Bueno;69.07;Bueno;14;16.08;13.38;26.75;Bueno;89.17;Bueno;Bueno;Bueno
2025-09-25;12:00;29;33.08;31.08;23.91;Bueno;69.07;Bueno;12;15.79;13.38;26.75;Bueno;89.17;Bueno;Bueno;Bueno
2025-09-25;13:00;22;32.67;31.08;23.91;Bueno;69.07;Bueno;10;15.71;13.38;26.75;Bueno;89.17;Bueno;Bueno;Bueno
2025-09-25;14:00;23;32.46;31.08;23.91;Bueno;69.07;Bueno;7;15.50;13.38;26.75;Bueno;89.17;Bueno;Bueno;Bueno
2025-09-25;15:00;26;32.62;31.08;23.91;Bueno;69.07;Bueno;4;15.21;13.38;26.75;Bueno;89.17;Bueno;Bueno;Bueno
2025-09-25;16:00;27;32.42;31.08;23.91;Bueno;69.07;Bueno;7;15.04;13.38;26.75;Bueno;89.17;Bueno;Bueno;Bueno
2025-09-25;17:00;29;32.29;31.08;23.91;Bueno;69.07;Bueno;6;14.88;13.38;26.75;Bueno;89.17;Bueno;Bueno;Bueno
2025-09-25;18:00;29;32.12;31.08;23.91;Bueno;69.07;Bueno;5;14.58;13.38;26.75;Bueno;89.17;Bueno;Bueno;Bueno
2025-09-25;19:00;54;33.25;31.08;23.91;Bueno;69.07;Bueno;18;14.62;13.38;26.75;Bueno;89.17;Bueno;Bueno;Bueno
2025-09-25;20:00;34;33.04;31.08;23.91;Bueno;69.07;Bueno;11;14.46;13.38;26.75;Bueno;89.17;Bueno;Bueno;Bueno
2025-09-25;21:00;19;32.79;31.08;23.91;Bueno;69.07;Bueno;7;14.04;13.38;26.75;Bueno;89.17;Bueno;Bueno;Bueno
2025-09-25;22:00;11;31.92;31.08;23.91;Bueno;69.07;Bueno;4;13.75;13.38;26.75;Bueno;89.17;Bueno;Bueno;Bueno
2025-09-25;23:00;5;31.08;31.08;23.91;Bueno;69.07;Bueno;1;13.38;13.38;26.75;Bueno;89.17;Bueno;Bueno;Bueno
2025-09-26;00:00;4;29.83;;;;;;1;12.62;;;;;;;
2025-09-26;01:00;4;28.75;;;;;;1;11.83;;;;;;;
2025-09-26;02:00;7;27.96;;;;;;1;11.08;;;;;;;
2025-09-26;03:00;;28.43;;;;;;;11.13;;;;;;;
2025-09-26;04:00;;29.05;;;;;;;11.27;;;;;;;
2025-09-26;05:00;;28.43;;;;;;;11.00;;;;;;;
2025-09-26;06:00;;26.30;;;;;;;9.95;;;;;;;
2025-09-26;07:00;;25.95;;;;;;;9.37;;;;;;;
2025-09-26;08:00;;25.61;;;;;;;9.28;;;;;;;
2025-09-26;09:00;;;;;;;;;;;;;;;;
2025-09-26;10:00;26;;;;;;;1;;;;;;;;
2025-09-26;11:00;19;;;;;;;1;;;;;;;;
2025-09-26;12:00;33;;;;;;;1;;;;;;;;
2025-09-26;13:00;11;;;;;;;1;;;;;;;;
2025-09-26;14:00;9;;;;;;;2;;;;;;;;
2025-09-26;15:00;10;;;;;;;3;;;;;;;;
2025-09-26;16:00;6;;;;;;;2;;;;;;;;
2025-09-26;17:00;5;;;;;;;3;;;;;;;;
2025-09-26;18:00;7;;;;;;;4;;;;;;;;
2025-09-26;19:00;28;;;;;;;6;;;;;;;;
2025-09-26;20:00;21;;;;;;;18;;;;;;;;
2025-09-26;21:00;22;;;;;;;14;;;;;;;;
2025-09-26;22:00;23;;;;;;;14;;;;;;;;
2025-09-26;23:00;8;;;;;;;7;;;;;;;;
2025-09-27;00:00;6;;12.58;9.68;Bueno;27.96;Bueno;1;;5.33;10.67;Bueno;35.56;Bueno;Bueno;Bueno
2025-09-27;01:00;3;;12.58;9.68;Bueno;27.96;Bueno;1;;5.33;10.67;Bueno;35.56;Bueno;Bueno;Bueno
2025-09-27;02:00;1;;12.58;9.68;Bueno;27.96;Bueno;1;;5.33;10.67;Bueno;35.56;Bueno;Bueno;Bueno
2025-09-27;03:00;4;13.44;12.58;9.68;Bueno;27.96;Bueno;1;4.50;5.33;10.67;Bueno;35.56;Bueno;Bueno;Bueno
2025-09-27;04:00;4;12.95;12.58;9.68;Bueno;27.96;Bueno;1;4.32;5.33;10.67;Bueno;35.56;Bueno;Bueno;Bueno
2025-09-27;05:00;5;12.55;12.58;9.68;Bueno;27.96;Bueno;1;4.15;5.33;10.67;Bueno;35.56;Bueno;Bueno;Bueno
2025-09-27;06:00;5;12.19;12.58;9.68;Bueno;27.96;Bueno;2;4.05;5.33;10.67;Bueno;35.56;Bueno;Bueno;Bueno
2025-09-27;07:00;10;12.09;12.58;9.68;Bueno;27.96;Bueno;6;4.14;5.33;10.67;Bueno;35.56;Bueno;Bueno;Bueno
2025-09-27;08:00;10;12.00;12.58;9.68;Bueno;27.96;Bueno;9;4.35;5.33;10.67;Bueno;35.56;Bueno;Bueno;Bueno
2025-09-27;09:00;12;12.00;12.58;9.68;Bueno;27.96;Bueno;6;4.42;5.33;10.67;Bueno;35.56;Bueno;Bueno;Bueno
2025-09-27;10:00;10;11.33;12.58;9.68;Bueno;27.96;Bueno;3;4.50;5.33;10.67;Bueno;35.56;Bueno;Bueno;Bueno
2025-09-27;11:00;15;11.17;12.58;9.68;Bueno;27.96;Bueno;1;4.50;5.33;10.67;Bueno;35.56;Bueno;Bueno;Bueno
2025-09-27;12:00;15;10.42;12.58;9.68;Bueno;27.96;Bueno;1;4.50;5.33;10.67;Bueno;35.56;Bueno;Bueno;Bueno
2025-09-27;13:00;11;10.42;12.58;9.68;Bueno;27.96;Bueno;1;4.50;5.33;10.67;Bueno;35.56;Bueno;Bueno;Bueno
2025-09-27;14:00;11;10.50;12.58;9.68;Bueno;27.96;Bueno;1;4.46;5.33;10.67;Bueno;35.56;Bueno;Bueno;Bueno
2025-09-27;15:00;11;10.54;12.58;9.68;Bueno;27.96;Bueno;1;4.38;5.33;10.67;Bueno;35.56;Bueno;Bueno;Bueno
2025-09-27;16:00;10;10.71;12.58;9.68;Bueno;27.96;Bueno;1;4.33;5.33;10.67;Bueno;35.56;Bueno;Bueno;Bueno
2025-09-27;17:00;21;11.38;12.58;9.68;Bueno;27.96;Bueno;4;4.38;5.33;10.67;Bueno;35.56;Bueno;Bueno;Bueno
2025-09-27;18:00;64;13.75;12.58;9.68;Bueno;27.96;Bueno;42;5.96;5.33;10.67;Bueno;35.56;Bueno;Bueno;Bueno
2025-09-27;19:00;8;12.92;12.58;9.68;Bueno;27.96;Bueno;7;6.00;5.33;10.67;Bueno;35.56;Bueno;Bueno;Bueno
2025-09-27;20:00;9;12.42;12.58;9.68;Bueno;27.96;Bueno;5;5.46;5.33;10.67;Bueno;35.56;Bueno;Bueno;Bueno
2025-09-27;21:00;20;12.33;12.58;9.68;Bueno;27.96;Bueno;10;5.29;5.33;10.67;Bueno;35.56;Bueno;Bueno;Bueno
2025-09-27;22:00;24;12.38;12.58;9.68;Bueno;27.96;Bueno;14;5.29;5.33;10.67;Bueno;35.56;Bueno;Bueno;Bueno
2025-09-27;23:00;13;12.58;12.58;9.68;Bueno;27.96;Bueno;8;5.33;5.33;10.67;Bueno;35.56;Bueno;Bueno;Bueno
2025-09-28;00:00;8;12.67;11.50;8.85;Bueno;25.56;Bueno;2;5.38;5.38;10.75;Bueno;35.83;Bueno;Bueno;Bueno
2025-09-28;01:00;6;12.79;11.50;8.85;Bueno;25.56;Bueno;2;5.42;5.38;10.75;Bueno;35.83;Bueno;Bueno;Bueno
2025-09-28;02:00;3;12.88;11.50;8.85;Bueno;25.56;Bueno;1;5.42;5.38;10.75;Bueno;35.83;Bueno;Bueno;Bueno
2025-09-28;03:00;3;12.83;11.50;8.85;Bueno;25.56;Bueno;1;5.42;5.38;10.75;Bueno;35.83;Bueno;Bueno;Bueno
2025-09-28;04:00;6;12.92;11.50;8.85;Bueno;25.56;Bueno;1;5.42;5.38;10.75;Bueno;35.83;Bueno;Bueno;Bueno
2025-09-28;05:00;4;12.88;11.50;8.85;Bueno;25.56;Bueno;1;5.42;5.38;10.75;Bueno;35.83;Bueno;Bueno;Bueno
2025-09-28;06:00;1;12.71;11.50;8.85;Bueno;25.56;Bueno;1;5.38;5.38;10.75;Bueno;35.83;Bueno;Bueno;Bueno
2025-09-28;07:00;1;12.33;11.50;8.85;Bueno;25.56;Bueno;1;5.17;5.38;10.75;Bueno;35.83;Bueno;Bueno;Bueno
2025-09-28;08:00;6;12.17;11.50;8.85;Bueno;25.56;Bueno;2;4.88;5.38;10.75;Bueno;35.83;Bueno;Bueno;Bueno
2025-09-28;09:00;4;11.83;11.50;8.85;Bueno;25.56;Bueno;2;4.71;5.38;10.75;Bueno;35.83;Bueno;Bueno;Bueno
2025-09-28;10:00;3;11.54;11.50;8.85;Bueno;25.56;Bueno;1;4.62;5.38;10.75;Bueno;35.83;Bueno;Bueno;Bueno
2025-09-28;11:00;8;11.25;11.50;8.85;Bueno;25.56;Bueno;1;4.62;5.38;10.75;Bueno;35.83;Bueno;Bueno;Bueno
2025-09-28;12:00;6;10.88;11.50;8.85;Bueno;25.56;Bueno;1;4.62;5.38;10.75;Bueno;35.83;Bueno;Bueno;Bueno
2025-09-28;13:00;8;10.75;11.50;8.85;Bueno;25.56;Bueno;6;4.83;5.38;10.75;Bueno;35.83;Bueno;Bueno;Bueno
2025-09-28;14:00;6;10.54;11.50;8.85;Bueno;25.56;Bueno;2;4.88;5.38;10.75;Bueno;35.83;Bueno;Bueno;Bueno
2025-09-28;15:00;5;10.29;11.50;8.85;Bueno;25.56;Bueno;1;4.88;5.38;10.75;Bueno;35.83;Bueno;Bueno;Bueno
2025-09-28;16:00;4;10.04;11.50;8.85;Bueno;25.56;Bueno;3;4.96;5.38;10.75;Bueno;35.83;Bueno;Bueno;Bueno
2025-09-28;17:00;9;9.54;11.50;8.85;Bueno;25.56;Bueno;6;5.04;5.38;10.75;Bueno;35.83;Bueno;Bueno;Bueno
2025-09-28;18:00;29;8.08;11.50;8.85;Bueno;25.56;Bueno;17;4.00;5.38;10.75;Bueno;35.83;Bueno;Bueno;Bueno
2025-09-28;19:00;29;8.96;11.50;8.85;Bueno;25.56;Bueno;21;4.58;5.38;10.75;Bueno;35.83;Bueno;Bueno;Bueno
2025-09-28;20:00;28;9.75;11.50;8.85;Bueno;25.56;Bueno;13;4.92;5.38;10.75;Bueno;35.83;Bueno;Bueno;Bueno
2025-09-28;21:00;36;10.42;11.50;8.85;Bueno;25.56;Bueno;19;5.29;5.38;10.75;Bueno;35.83;Bueno;Bueno;Bueno
2025-09-28;22:00;28;10.58;11.50;8.85;Bueno;25.56;Bueno;9;5.08;5.38;10.75;Bueno;35.83;Bueno;Bueno;Bueno
2025-09-28;23:00;35;11.50;11.50;8.85;Bueno;25.56;Bueno;15;5.38;5.38;10.75;Bueno;35.83;Bueno;Bueno;Bueno
2025-09-29;00:00;37;12.71;29.83;22.95;Bueno;66.30;Bueno;28;6.46;14.79;29.58;Bueno;98.61;Bueno;Bueno;Bueno
2025-09-29;01:00;29;13.67;29.83;22.95;Bueno;66.30;Bueno;12;6.88;14.79;29.58;Bueno;98.61;Bueno;Bueno;Bueno
2025-09-29;02:00;17;14.25;29.83;22.95;Bueno;66.30;Bueno;8;7.17;14.79;29.58;Bueno;98.61;Bueno;Bueno;Bueno
2025-09-29;03:00;24;15.12;29.83;22.95;Bueno;66.30;Bueno;18;7.88;14.79;29.58;Bueno;98.61;Bueno;Bueno;Bueno
2025-09-29;04:00;24;15.88;29.83;22.95;Bueno;66.30;Bueno;16;8.50;14.79;29.58;Bueno;98.61;Bueno;Bueno;Bueno
2025-09-29;05:00;21;16.58;29.83;22.95;Bueno;66.30;Bueno;9;8.83;14.79;29.58;Bueno;98.61;Bueno;Bueno;Bueno
2025-09-29;06:00;44;18.38;29.83;22.95;Bueno;66.30;Bueno;16;9.46;14.79;29.58;Bueno;98.61;Bueno;Bueno;Bueno
2025-09-29;07:00;91;22.12;29.83;22.95;Bueno;66.30;Bueno;24;10.42;14.79;29.58;Bueno;98.61;Bueno;Bueno;Bueno
2025-09-29;08:00;27;23.00;29.83;22.95;Bueno;66.30;Bueno;12;10.83;14.79;29.58;Bueno;98.61;Bueno;Bueno;Bueno
2025-09-29;09:00;26;23.92;29.83;22.95;Bueno;66.30;Bueno;12;11.25;14.79;29.58;Bueno;98.61;Bueno;Bueno;Bueno
2025-09-29;10:00;21;24.67;29.83;22.95;Bueno;66.30;Bueno;6;11.46;14.79;29.58;Bueno;98.61;Bueno;Bueno;Bueno
2025-09-29;11:00;22;25.25;29.83;22.95;Bueno;66.30;Bueno;7;11.71;14.79;29.58;Bueno;98.61;Bueno;Bueno;Bueno
2025-09-29;12:00;11;25.46;29.83;22.95;Bueno;66.30;Bueno;5;11.88;14.79;29.58;Bueno;98.61;Bueno;Bueno;Bueno
2025-09-29;13:00;10;25.54;29.83;22.95;Bueno;66.30;Bueno;2;11.71;14.79;29.58;Bueno;98.61;Bueno;Bueno;Bueno
2025-09-29;14:00;15;25.92;29.83;22.95;Bueno;66.30;Bueno;3;11.75;14.79;29.58;Bueno;98.61;Bueno;Bueno;Bueno
2025-09-29;15:00;12;26.21;29.83;22.95;Bueno;66.30;Bueno;3;11.83;14.79;29.58;Bueno;98.61;Bueno;Bueno;Bueno
2025-09-29;16:00;10;26.46;29.83;22.95;Bueno;66.30;Bueno;7;12.00;14.79;29.58;Bueno;98.61;Bueno;Bueno;Bueno
2025-09-29;17:00;11;26.54;29.83;22.95;Bueno;66.30;Bueno;3;11.88;14.79;29.58;Bueno;98.61;Bueno;Bueno;Bueno
2025-09-29;18:00;16;26.00;29.83;22.95;Bueno;66.30;Bueno;6;11.42;14.79;29.58;Bueno;98.61;Bueno;Bueno;Bueno
2025-09-29;19:00;20;25.62;29.83;22.95;Bueno;66.30;Bueno;9;10.92;14.79;29.58;Bueno;98.61;Bueno;Bueno;Bueno
2025-09-29;20:00;21;25.33;29.83;22.95;Bueno;66.30;Bueno;9;10.75;14.79;29.58;Bueno;98.61;Bueno;Bueno;Bueno
2025-09-29;21:00;83;27.29;29.83;22.95;Bueno;66.30;Bueno;57;12.33;14.79;29.58;Bueno;98.61;Bueno;Bueno;Bueno
2025-09-29;22:00;82;29.54;29.83;22.95;Bueno;66.30;Bueno;56;14.29;14.79;29.58;Bueno;98.61;Bueno;Bueno;Bueno
2025-09-29;23:00;42;29.83;29.83;22.95;Bueno;66.30;Bueno;27;14.79;14.79;29.58;Bueno;98.61;Bueno;Bueno;Bueno
2025-09-30;00:00;21;29.17;22.88;17.60;Bueno;50.83;Bueno;14;14.21;11.71;23.42;Bueno;78.06;Bueno;Bueno;Bueno
2025-09-30;01:00;20;28.79;22.88;17.60;Bueno;50.83;Bueno;13;14.25;11.71;23.42;Bueno;78.06;Bueno;Bueno;Bueno
2025-09-30;02:00;18;28.83;22.88;17.60;Bueno;50.83;Bueno;13;14.46;11.71;23.42;Bueno;78.06;Bueno;Bueno;Bueno
2025-09-30;03:00;13;28.38;22.88;17.60;Bueno;50.83;Bueno;8;14.04;11.71;23.42;Bueno;78.06;Bueno;Bueno;Bueno
2025-09-30;04:00;14;27.96;22.88;17.60;Bueno;50.83;Bueno;5;13.58;11.71;23.42;Bueno;78.06;Bueno;Bueno;Bueno
2025-09-30;05:00;17;27.79;22.88;17.60;Bueno;50.83;Bueno;4;13.38;11.71;23.42;Bueno;78.06;Bueno;Bueno;Bueno
2025-09-30;06:00;20;26.79;22.88;17.60;Bueno;50.83;Bueno;8;13.04;11.71;23.42;Bueno;78.06;Bueno;Bueno;Bueno
2025-09-30;07:00;21;23.88;22.88;17.60;Bueno;50.83;Bueno;11;12.50;11.71;23.42;Bueno;78.06;Bueno;Bueno;Bueno
2025-09-30;08:00;50;24.83;22.88;17.60;Bueno;50.83;Bueno;12;12.50;11.71;23.42;Bueno;78.06;Bueno;Bueno;Bueno
2025-09-30;09:00;36;25.25;22.88;17.60;Bueno;50.83;Bueno;12;12.50;11.71;23.42;Bueno;78.06;Bueno;Bueno;Bueno
2025-09-30;10:00;17;25.08;22.88;17.60;Bueno;50.83;Bueno;8;12.58;11.71;23.42;Bueno;78.06;Bueno;Bueno;Bueno
2025-09-30;11:00;15;24.79;22.88;17.60;Bueno;50.83;Bueno;4;12.46;11.71;23.42;Bueno;78.06;Bueno;Bueno;Bueno
2025-09-30;12:00;10;24.75;22.88;17.60;Bueno;50.83;Bueno;1;12.29;11.71;23.42;Bueno;78.06;Bueno;Bueno;Bueno
2025-09-30;13:00;8;24.67;22.88;17.60;Bueno;50.83;Bueno;2;12.29;11.71;23.42;Bueno;78.06;Bueno;Bueno;Bueno
2025-09-30;14:00;11;24.50;22.88;17.60;Bueno;50.83;Bueno;3;12.29;11.71;23.42;Bueno;78.06;Bueno;Bueno;Bueno
2025-09-30;15:00;16;24.67;22.88;17.60;Bueno;50.83;Bueno;1;12.21;11.71;23.42;Bueno;78.06;Bueno;Bueno;Bueno
2025-09-30;16:00;13;24.79;22.88;17.60;Bueno;50.83;Bueno;2;12.00;11.71;23.42;Bueno;78.06;Bueno;Bueno;Bueno
2025-09-30;17:00;7;24.62;22.88;17.60;Bueno;50.83;Bueno;2;11.96;11.71;23.42;Bueno;78.06;Bueno;Bueno;Bueno
2025-09-30;18:00;8;24.29;22.88;17.60;Bueno;50.83;Bueno;1;11.75;11.71;23.42;Bueno;78.06;Bueno;Bueno;Bueno
2025-09-30;19:00;20;24.29;22.88;17.60;Bueno;50.83;Bueno;7;11.67;11.71;23.42;Bueno;78.06;Bueno;Bueno;Bueno
2025-09-30;20:00;22;24.33;22.88;17.60;Bueno;50.83;Bueno;13;11.83;11.71;23.42;Bueno;78.06;Bueno;Bueno;Bueno
2025-09-30;21:00;21;21.75;22.88;17.60;Bueno;50.83;Bueno;13;10.00;11.71;23.42;Bueno;78.06;Bueno;Bueno;Bueno
2025-09-30;22:00;73;21.38;22.88;17.60;Bueno;50.83;Bueno;61;10.21;11.71;23.42;Bueno;78.06;Bueno;Bueno;Bueno
2025-09-30;23:00;78;22.88;22.88;17.60;Bueno;50.83;Bueno;63;11.71;11.71;23.42;Bueno;78.06;Bueno;Bueno;Bueno
2025-10-01;00:00;65;24.71;26.17;20.13;Bueno;58.15;Bueno;50;13.21;13.54;27.08;Bueno;90.28;Bueno;Bueno;Bueno
2025-10-01;01:00;30;25.12;26.17;20.13;Bueno;58.15;Bueno;25;13.71;13.54;27.08;Bueno;90.28;Bueno;Bueno;Bueno
2025-10-01;02:00;17;25.08;26.17;20.13;Bueno;58.15;Bueno;12;13.67;13.54;27.08;Bueno;90.28;Bueno;Bueno;Bueno
2025-10-01;03:00;7;24.83;26.17;20.13;Bueno;58.15;Bueno;6;13.58;13.54;27.08;Bueno;90.28;Bueno;Bueno;Bueno
2025-10-01;04:00;12;24.75;26.17;20.13;Bueno;58.15;Bueno;11;13.83;13.54;27.08;Bueno;90.28;Bueno;Bueno;Bueno
2025-10-01;05:00;39;25.67;26.17;20.13;Bueno;58.15;Bueno;25;14.71;13.54;27.08;Bueno;90.28;Bueno;Bueno;Bueno
2025-10-01;06:00;72;27.83;26.17;20.13;Bueno;58.15;Bueno;37;15.92;13.54;27.08;Bueno;90.28;Bueno;Bueno;Bueno
2025-10-01;07:00;60;29.46;26.17;20.13;Bueno;58.15;Bueno;37;17.00;13.54;27.08;Bueno;90.28;Bueno;Bueno;Bueno
2025-10-01;08:00;53;29.58;26.17;20.13;Bueno;58.15;Bueno;25;17.54;13.54;27.08;Bueno;90.28;Bueno;Bueno;Bueno
2025-10-01;09:00;49;30.12;26.17;20.13;Bueno;58.15;Bueno;21;17.92;13.54;27.08;Bueno;90.28;Bueno;Bueno;Bueno
2025-10-01;10:00;12;29.92;26.17;20.13;Bueno;58.15;Bueno;5;17.79;13.54;27.08;Bueno;90.28;Bueno;Bueno;Bueno
2025-10-01;11:00;10;29.71;26.17;20.13;Bueno;58.15;Bueno;3;17.75;13.54;27.08;Bueno;90.28;Bueno;Bueno;Bueno
2025-10-01;12:00;11;29.75;26.17;20.13;Bueno;58.15;Bueno;1;17.75;13.54;27.08;Bueno;90.28;Bueno;Bueno;Bueno
2025-10-01;13:00;8;29.75;26.17;20.13;Bueno;58.15;Bueno;1;17.71;13.54;27.08;Bueno;90.28;Bueno;Bueno;Bueno
2025-10-01;14:00;10;29.71;26.17;20.13;Bueno;58.15;Bueno;1;17.62;13.54;27.08;Bueno;90.28;Bueno;Bueno;Bueno
2025-10-01;15:00;16;29.71;26.17;20.13;Bueno;58.15;Bueno;1;17.62;13.54;27.08;Bueno;90.28;Bueno;Bueno;Bueno
2025-10-01;16:00;11;29.62;26.17;20.13;Bueno;58.15;Bueno;1;17.58;13.54;27.08;Bueno;90.28;Bueno;Bueno;Bueno
2025-10-01;17:00;13;29.88;26.17;20.13;Bueno;58.15;Bueno;2;17.58;13.54;27.08;Bueno;90.28;Bueno;Bueno;Bueno
2025-10-01;18:00;11;30.00;26.17;20.13;Bueno;58.15;Bueno;4;17.71;13.54;27.08;Bueno;90.28;Bueno;Bueno;Bueno
2025-10-01;19:00;22;30.08;26.17;20.13;Bueno;58.15;Bueno;7;17.71;13.54;27.08;Bueno;90.28;Bueno;Bueno;Bueno
2025-10-01;20:00;26;30.25;26.17;20.13;Bueno;58.15;Bueno;8;17.50;13.54;27.08;Bueno;90.28;Bueno;Bueno;Bueno
2025-10-01;21:00;21;30.25;26.17;20.13;Bueno;58.15;Bueno;11;17.42;13.54;27.08;Bueno;90.28;Bueno;Bueno;Bueno
2025-10-01;22:00;26;28.29;26.17;20.13;Bueno;58.15;Bueno;15;15.50;13.54;27.08;Bueno;90.28;Bueno;Bueno;Bueno
2025-10-01;23:00;27;26.17;26.17;20.13;Bueno;58.15;Bueno;16;13.54;13.54;27.08;Bueno;90.28;Bueno;Bueno;Bueno
2025-10-02;00:00;30;24.71;26.48;20.37;Bueno;58.84;Bueno;19;12.25;11.30;22.61;Bueno;75.36;Bueno;Bueno;Bueno
2025-10-02;01:00;19;24.25;26.48;20.37;Bueno;58.84;Bueno;12;11.71;11.30;22.61;Bueno;75.36;Bueno;Bueno;Bueno
2025-10-02;02:00;11;24.00;26.48;20.37;Bueno;58.84;Bueno;6;11.46;11.30;22.61;Bueno;75.36;Bueno;Bueno;Bueno
2025-10-02;03:00;6;23.96;26.48;20.37;Bueno;58.84;Bueno;1;11.25;11.30;22.61;Bueno;75.36;Bueno;Bueno;Bueno
2025-10-02;04:00;11;23.92;26.48;20.37;Bueno;58.84;Bueno;5;11.00;11.30;22.61;Bueno;75.36;Bueno;Bueno;Bueno
2025-10-02;05:00;24;23.29;26.48;20.37;Bueno;58.84;Bueno;9;10.33;11.30;22.61;Bueno;75.36;Bueno;Bueno;Bueno
2025-10-02;06:00;39;21.92;26.48;20.37;Bueno;58.84;Bueno;18;9.54;11.30;22.61;Bueno;75.36;Bueno;Bueno;Bueno
2025-10-02;07:00;37;20.96;26.48;20.37;Bueno;58.84;Bueno;10;8.42;11.30;22.61;Bueno;75.36;Bueno;Bueno;Bueno
2025-10-02;08:00;38;20.33;26.48;20.37;Bueno;58.84;Bueno;16;8.04;11.30;22.61;Bueno;75.36;Bueno;Bueno;Bueno
2025-10-02;09:00;35;19.75;26.48;20.37;Bueno;58.84;Bueno;13;7.71;11.30;22.61;Bueno;75.36;Bueno;Bueno;Bueno
2025-10-02;10:00;14;19.83;26.48;20.37;Bueno;58.84;Bueno;8;7.83;11.30;22.61;Bueno;75.36;Bueno;Bueno;Bueno
2025-10-02;11:00;14;20.00;26.48;20.37;Bueno;58.84;Bueno;7;8.00;11.30;22.61;Bueno;75.36;Bueno;Bueno;Bueno
2025-10-02;12:00;22;20.46;26.48;20.37;Bueno;58.84;Bueno;8;8.29;11.30;22.61;Bueno;75.36;Bueno;Bueno;Bueno
2025-10-02;13:00;21;21.00;26.48;20.37;Bueno;58.84;Bueno;5;8.46;11.30;22.61;Bueno;75.36;Bueno;Bueno;Bueno
2025-10-02;14:00;20;21.42;26.48;20.37;Bueno;58.84;Bueno;3;8.54;11.30;22.61;Bueno;75.36;Bueno;Bueno;Bueno
2025-10-02;15:00;17;21.46;26.48;20.37;Bueno;58.84;Bueno;1;8.54;11.30;22.61;Bueno;75.36;Bueno;Bueno;Bueno
2025-10-02;16:00;20;21.83;26.48;20.37;Bueno;58.84;Bueno;1;8.54;11.30;22.61;Bueno;75.36;Bueno;Bueno;Bueno
2025-10-02;17:00;18;22.04;26.48;20.37;Bueno;58.84;Bueno;3;8.58;11.30;22.61;Bueno;75.36;Bueno;Bueno;Bueno
2025-10-02;18:00;21;22.46;26.48;20.37;Bueno;58.84;Bueno;5;8.62;11.30;22.61;Bueno;75.36;Bueno;Bueno;Bueno
2025-10-02;19:00;29;22.75;26.48;20.37;Bueno;58.84;Bueno;10;8.75;11.30;22.61;Bueno;75.36;Bueno;Bueno;Bueno
2025-10-02;20:00;47;23.62;26.48;20.37;Bueno;58.84;Bueno;28;9.58;11.30;22.61;Bueno;75.36;Bueno;Bueno;Bueno
2025-10-02;21:00;51;24.88;26.48;20.37;Bueno;58.84;Bueno;27;10.25;11.30;22.61;Bueno;75.36;Bueno;Bueno;Bueno
2025-10-02;22:00;65;26.50;26.48;20.37;Bueno;58.84;Bueno;45;11.50;11.30;22.61;Bueno;75.36;Bueno;Bueno;Bueno
2025-10-02;23:00;;26.48;26.48;20.37;Bueno;58.84;Bueno;;11.30;11.30;22.61;Bueno;75.36;Bueno;Bueno;Bueno
2025-10-03;00:00;83;28.78;27.83;21.41;Bueno;61.85;Bueno;55;12.87;11.12;22.25;Bueno;74.17;Bueno;Bueno;Bueno
2025-10-03;01:00;55;30.35;27.83;21.41;Bueno;61.85;Bueno;39;14.04;11.12;22.25;Bueno;74.17;Bueno;Bueno;Bueno
2025-10-03;02:00;42;31.70;27.83;21.41;Bueno;61.85;Bueno;28;15.00;11.12;22.25;Bueno;74.17;Bueno;Bueno;Bueno
2025-10-03;03:00;6;31.70;27.83;21.41;Bueno;61.85;Bueno;1;15.00;11.12;22.25;Bueno;74.17;Bueno;Bueno;Bueno
2025-10-03;04:00;12;31.74;27.83;21.41;Bueno;61.85;Bueno;5;15.00;11.12;22.25;Bueno;74.17;Bueno;Bueno;Bueno
2025-10-03;05:00;14;31.30;27.83;21.41;Bueno;61.85;Bueno;7;14.91;11.12;22.25;Bueno;74.17;Bueno;Bueno;Bueno
2025-10-03;06:00;24;30.65;27.83;21.41;Bueno;61.85;Bueno;7;14.43;11.12;22.25;Bueno;74.17;Bueno;Bueno;Bueno
2025-10-03;07:00;29;30.30;27.83;21.41;Bueno;61.85;Bueno;12;14.52;11.12;22.25;Bueno;74.17;Bueno;Bueno;Bueno
2025-10-03;08:00;42;30.48;27.83;21.41;Bueno;61.85;Bueno;12;14.35;11.12;22.25;Bueno;74.17;Bueno;Bueno;Bueno
2025-10-03;09:00;30;30.26;27.83;21.41;Bueno;61.85;Bueno;11;14.26;11.12;22.25;Bueno;74.17;Bueno;Bueno;Bueno
2025-10-03;10:00;21;30.57;27.83;21.41;Bueno;61.85;Bueno;8;14.26;11.12;22.25;Bueno;74.17;Bueno;Bueno;Bueno
2025-10-03;11:00;12;30.48;27.83;21.41;Bueno;61.85;Bueno;4;14.13;11.12;22.25;Bueno;74.17;Bueno;Bueno;Bueno
2025-10-03;12:00;9;29.91;27.83;21.41;Bueno;61.85;Bueno;1;13.83;11.12;22.25;Bueno;74.17;Bueno;Bueno;Bueno
2025-10-03;13:00;21;29.91;27.83;21.41;Bueno;61.85;Bueno;2;13.70;11.12;22.25;Bueno;74.17;Bueno;Bueno;Bueno
2025-10-03;14:00;14;29.65;27.83;21.41;Bueno;61.85;Bueno;1;13.61;11.12;22.25;Bueno;74.17;Bueno;Bueno;Bueno
2025-10-03;15:00;14;29.52;27.83;21.41;Bueno;61.85;Bueno;1;13.61;11.12;22.25;Bueno;74.17;Bueno;Bueno;Bueno
2025-10-03;16:00;20;29.52;27.83;21.41;Bueno;61.85;Bueno;1;13.61;11.12;22.25;Bueno;74.17;Bueno;Bueno;Bueno
2025-10-03;17:00;25;29.83;27.83;21.41;Bueno;61.85;Bueno;6;13.74;11.12;22.25;Bueno;74.17;Bueno;Bueno;Bueno
2025-10-03;18:00;30;30.22;27.83;21.41;Bueno;61.85;Bueno;8;13.87;11.12;22.25;Bueno;74.17;Bueno;Bueno;Bueno
2025-10-03;19:00;38;30.61;27.83;21.41;Bueno;61.85;Bueno;15;14.09;11.12;22.25;Bueno;74.17;Bueno;Bueno;Bueno
2025-10-03;20:00;26;29.70;27.83;21.41;Bueno;61.85;Bueno;12;13.39;11.12;22.25;Bueno;74.17;Bueno;Bueno;Bueno
2025-10-03;21:00;45;29.43;27.83;21.41;Bueno;61.85;Bueno;27;13.39;11.12;22.25;Bueno;74.17;Bueno;Bueno;Bueno
2025-10-03;22:00;24;27.65;27.83;21.41;Bueno;61.85;Bueno;1;11.48;11.12;22.25;Bueno;74.17;Bueno;Bueno;Bueno
2025-10-03;23:00;32;27.83;27.83;21.41;Bueno;61.85;Bueno;3;11.12;11.12;22.25;Bueno;74.17;Bueno;Bueno;Bueno
2025-10-04;00:00;28;25.54;13.22;10.17;Bueno;29.37;Bueno;2;8.92;8.92;17.83;Bueno;59.44;Bueno;Bueno;Bueno
2025-10-04;01:00;15;23.88;13.22;10.17;Bueno;29.37;Bueno;1;7.33;8.92;17.83;Bueno;59.44;Bueno;Bueno;Bueno
2025-10-04;02:00;9;22.50;13.22;10.17;Bueno;29.37;Bueno;1;6.21;8.92;17.83;Bueno;59.44;Bueno;Bueno;Bueno
2025-10-04;03:00;4;22.42;13.22;10.17;Bueno;29.37;Bueno;2;6.25;8.92;17.83;Bueno;59.44;Bueno;Bueno;Bueno
2025-10-04;04:00;3;22.04;13.22;10.17;Bueno;29.37;Bueno;1;6.08;8.92;17.83;Bueno;59.44;Bueno;Bueno;Bueno
2025-10-04;05:00;1;21.50;13.22;10.17;Bueno;29.37;Bueno;1;5.83;8.92;17.83;Bueno;59.44;Bueno;Bueno;Bueno
2025-10-04;06:00;1;20.54;13.22;10.17;Bueno;29.37;Bueno;1;5.58;8.92;17.83;Bueno;59.44;Bueno;Bueno;Bueno
2025-10-04;07:00;;20.17;13.22;10.17;Bueno;29.37;Bueno;2;5.17;8.92;17.83;Bueno;59.44;Bueno;Bueno;Bueno
2025-10-04;08:00;6;18.61;13.22;10.17;Bueno;29.37;Bueno;5;4.88;8.92;17.83;Bueno;59.44;Bueno;Bueno;Bueno
2025-10-04;09:00;7;17.61;13.22;10.17;Bueno;29.37;Bueno;6;4.67;8.92;17.83;Bueno;59.44;Bueno;Bueno;Bueno
2025-10-04;10:00;19;17.52;13.22;10.17;Bueno;29.37;Bueno;18;5.08;8.92;17.83;Bueno;59.44;Bueno;Bueno;Bueno
2025-10-04;11:00;17;17.74;13.22;10.17;Bueno;29.37;Bueno;16;5.58;8.92;17.83;Bueno;59.44;Bueno;Bueno;Bueno
2025-10-04;12:00;12;17.87;13.22;10.17;Bueno;29.37;Bueno;11;6.00;8.92;17.83;Bueno;59.44;Bueno;Bueno;Bueno
2025-10-04;13:00;9;17.35;13.22;10.17;Bueno;29.37;Bueno;8;6.25;8.92;17.83;Bueno;59.44;Bueno;Bueno;Bueno
2025-10-04;14:00;4;16.91;13.22;10.17;Bueno;29.37;Bueno;3;6.33;8.92;17.83;Bueno;59.44;Bueno;Bueno;Bueno
2025-10-04;15:00;3;16.43;13.22;10.17;Bueno;29.37;Bueno;2;6.38;8.92;17.83;Bueno;59.44;Bueno;Bueno;Bueno
2025-10-04;16:00;2;15.65;13.22;10.17;Bueno;29.37;Bueno;1;6.38;8.92;17.83;Bueno;59.44;Bueno;Bueno;Bueno
2025-10-04;17:00;2;14.65;13.22;10.17;Bueno;29.37;Bueno;1;6.17;8.92;17.83;Bueno;59.44;Bueno;Bueno;Bueno
2025-10-04;18:00;2;13.43;13.22;10.17;Bueno;29.37;Bueno;1;5.88;8.92;17.83;Bueno;59.44;Bueno;Bueno;Bueno
2025-10-04;19:00;5;12.00;13.22;10.17;Bueno;29.37;Bueno;4;5.42;8.92;17.83;Bueno;59.44;Bueno;Bueno;Bueno
2025-10-04;20:00;16;11.57;13.22;10.17;Bueno;29.37;Bueno;15;5.54;8.92;17.83;Bueno;59.44;Bueno;Bueno;Bueno
2025-10-04;21:00;33;11.04;13.22;10.17;Bueno;29.37;Bueno;33;5.79;8.92;17.83;Bueno;59.44;Bueno;Bueno;Bueno
2025-10-04;22:00;44;11.91;13.22;10.17;Bueno;29.37;Bueno;27;6.88;8.92;17.83;Bueno;59.44;Bueno;Bueno;Bueno
2025-10-04;23:00;62;13.22;13.22;10.17;Bueno;29.37;Bueno;52;8.92;8.92;17.83;Bueno;59.44;Bueno;Bueno;Bueno
2025-10-05;00:00;29;13.26;22.29;17.15;Bueno;49.54;Bueno;20;9.67;17.58;35.17;Bueno;105.58;Regular;Bueno;Regular
2025-10-05;01:00;39;14.30;22.29;17.15;Bueno;49.54;Bueno;26;10.71;17.58;35.17;Bueno;105.58;Regular;Bueno;Regular
2025-10-05;02:00;29;15.17;22.29;17.15;Bueno;49.54;Bueno;21;11.54;17.58;35.17;Bueno;105.58;Regular;Bueno;Regular
2025-10-05;03:00;14;15.61;22.29;17.15;Bueno;49.54;Bueno;7;11.75;17.58;35.17;Bueno;105.58;Regular;Bueno;Regular
2025-10-05;04:00;7;15.78;22.29;17.15;Bueno;49.54;Bueno;5;11.92;17.58;35.17;Bueno;105.58;Regular;Bueno;Regular
2025-10-05;05:00;3;15.87;22.29;17.15;Bueno;49.54;Bueno;2;11.96;17.58;35.17;Bueno;105.58;Regular;Bueno;Regular
2025-10-05;06:00;1;15.87;22.29;17.15;Bueno;49.54;Bueno;1;11.96;17.58;35.17;Bueno;105.58;Regular;Bueno;Regular
2025-10-05;07:00;1;15.25;22.29;17.15;Bueno;49.54;Bueno;1;11.92;17.58;35.17;Bueno;105.58;Regular;Bueno;Regular
2025-10-05;08:00;3;15.12;22.29;17.15;Bueno;49.54;Bueno;2;11.79;17.58;35.17;Bueno;105.58;Regular;Bueno;Regular
2025-10-05;09:00;15;15.46;22.29;17.15;Bueno;49.54;Bueno;4;11.71;17.58;35.17;Bueno;105.58;Regular;Bueno;Regular
2025-10-05;10:00;8;15.00;22.29;17.15;Bueno;49.54;Bueno;1;11.00;17.58;35.17;Bueno;105.58;Regular;Bueno;Regular
2025-10-05;11:00;5;14.50;22.29;17.15;Bueno;49.54;Bueno;1;10.38;17.58;35.17;Bueno;105.58;Regular;Bueno;Regular
2025-10-05;12:00;4;14.17;22.29;17.15;Bueno;49.54;Bueno;1;9.96;17.58;35.17;Bueno;105.58;Regular;Bueno;Regular
2025-10-05;13:00;1;13.83;22.29;17.15;Bueno;49.54;Bueno;1;9.67;17.58;35.17;Bueno;105.58;Regular;Bueno;Regular
2025-10-05;14:00;3;13.79;22.29;17.15;Bueno;49.54;Bueno;1;9.58;17.58;35.17;Bueno;105.58;Regular;Bueno;Regular
2025-10-05;15:00;5;13.88;22.29;17.15;Bueno;49.54;Bueno;4;9.67;17.58;35.17;Bueno;105.58;Regular;Bueno;Regular
2025-10-05;16:00;6;14.04;22.29;17.15;Bueno;49.54;Bueno;5;9.83;17.58;35.17;Bueno;105.58;Regular;Bueno;Regular
2025-10-05;17:00;6;14.21;22.29;17.15;Bueno;49.54;Bueno;6;10.04;17.58;35.17;Bueno;105.58;Regular;Bueno;Regular
2025-10-05;18:00;7;14.42;22.29;17.15;Bueno;49.54;Bueno;5;10.21;17.58;35.17;Bueno;105.58;Regular;Bueno;Regular
2025-10-05;19:00;16;14.88;22.29;17.15;Bueno;49.54;Bueno;16;10.71;17.58;35.17;Bueno;105.58;Regular;Bueno;Regular
2025-10-05;20:00;32;15.54;22.29;17.15;Bueno;49.54;Bueno;23;11.04;17.58;35.17;Bueno;105.58;Regular;Bueno;Regular
2025-10-05;21:00;67;16.96;22.29;17.15;Bueno;49.54;Bueno;57;12.04;17.58;35.17;Bueno;105.58;Regular;Bueno;Regular
2025-10-05;22:00;198;23.38;22.29;17.15;Bueno;49.54;Bueno;180;18.42;17.58;35.17;Bueno;105.58;Regular;Bueno;Regular
2025-10-05;23:00;36;22.29;22.29;17.15;Bueno;49.54;Bueno;32;17.58;17.58;35.17;Bueno;105.58;Regular;Bueno;Regular
2025-10-06;00:00;34;22.50;23.22;17.86;Bueno;51.59;Bueno;26;17.83;14.17;28.35;Bueno;94.49;Bueno;Bueno;Bueno
2025-10-06;01:00;25;21.92;23.22;17.86;Bueno;51.59;Bueno;17;17.46;14.17;28.35;Bueno;94.49;Bueno;Bueno;Bueno
2025-10-06;02:00;16;21.38;23.22;17.86;Bueno;51.59;Bueno;13;17.12;14.17;28.35;Bueno;94.49;Bueno;Bueno;Bueno
2025-10-06;03:00;12;21.29;23.22;17.86;Bueno;51.59;Bueno;7;17.12;14.17;28.35;Bueno;94.49;Bueno;Bueno;Bueno
2025-10-06;04:00;12;21.50;23.22;17.86;Bueno;51.59;Bueno;3;17.04;14.17;28.35;Bueno;94.49;Bueno;Bueno;Bueno
2025-10-06;05:00;11;21.83;23.22;17.86;Bueno;51.59;Bueno;9;17.33;14.17;28.35;Bueno;94.49;Bueno;Bueno;Bueno
2025-10-06;06:00;18;22.54;23.22;17.86;Bueno;51.59;Bueno;8;17.62;14.17;28.35;Bueno;94.49;Bueno;Bueno;Bueno
2025-10-06;07:00;21;23.38;23.22;17.86;Bueno;51.59;Bueno;6;17.83;14.17;28.35;Bueno;94.49;Bueno;Bueno;Bueno
2025-10-06;08:00;13;23.79;23.22;17.86;Bueno;51.59;Bueno;6;18.00;14.17;28.35;Bueno;94.49;Bueno;Bueno;Bueno
2025-10-06;09:00;17;23.88;23.22;17.86;Bueno;51.59;Bueno;14;18.42;14.17;28.35;Bueno;94.49;Bueno;Bueno;Bueno
2025-10-06;10:00;22;24.46;23.22;17.86;Bueno;51.59;Bueno;10;18.79;14.17;28.35;Bueno;94.49;Bueno;Bueno;Bueno
2025-10-06;11:00;37;25.79;23.22;17.86;Bueno;51.59;Bueno;10;19.17;14.17;28.35;Bueno;94.49;Bueno;Bueno;Bueno
2025-10-06;12:00;13;26.17;23.22;17.86;Bueno;51.59;Bueno;6;19.38;14.17;28.35;Bueno;94.49;Bueno;Bueno;Bueno
2025-10-06;13:00;;27.26;23.22;17.86;Bueno;51.59;Bueno;;20.17;14.17;28.35;Bueno;94.49;Bueno;Bueno;Bueno
2025-10-06;14:00;30;28.43;23.22;17.86;Bueno;51.59;Bueno;21;21.04;14.17;28.35;Bueno;94.49;Bueno;Bueno;Bueno
2025-10-06;15:00;12;28.74;23.22;17.86;Bueno;51.59;Bueno;1;20.91;14.17;28.35;Bueno;94.49;Bueno;Bueno;Bueno
2025-10-06;16:00;9;28.87;23.22;17.86;Bueno;51.59;Bueno;1;20.74;14.17;28.35;Bueno;94.49;Bueno;Bueno;Bueno
2025-10-06;17:00;5;28.83;23.22;17.86;Bueno;51.59;Bueno;1;20.52;14.17;28.35;Bueno;94.49;Bueno;Bueno;Bueno
2025-10-06;18:00;4;28.70;23.22;17.86;Bueno;51.59;Bueno;1;20.35;14.17;28.35;Bueno;94.49;Bueno;Bueno;Bueno
2025-10-06;19:00;7;28.30;23.22;17.86;Bueno;51.59;Bueno;1;19.70;14.17;28.35;Bueno;94.49;Bueno;Bueno;Bueno
2025-10-06;20:00;32;28.30;23.22;17.86;Bueno;51.59;Bueno;26;19.83;14.17;28.35;Bueno;94.49;Bueno;Bueno;Bueno
2025-10-06;21:00;79;28.83;23.22;17.86;Bueno;51.59;Bueno;61;20.00;14.17;28.35;Bueno;94.49;Bueno;Bueno;Bueno
2025-10-06;22:00;63;22.96;23.22;17.86;Bueno;51.59;Bueno;51;14.39;14.17;28.35;Bueno;94.49;Bueno;Bueno;Bueno
2025-10-06;23:00;42;23.22;23.22;17.86;Bueno;51.59;Bueno;27;14.17;14.17;28.35;Bueno;94.49;Bueno;Bueno;Bueno
2025-10-07;00:00;42;23.57;14.62;11.25;Bueno;32.50;Bueno;27;14.22;8.50;17.00;Bueno;56.67;Bueno;Bueno;Bueno
2025-10-07;01:00;41;24.26;14.62;11.25;Bueno;32.50;Bueno;31;14.83;8.50;17.00;Bueno;56.67;Bueno;Bueno;Bueno
2025-10-07;02:00;21;24.48;14.62;11.25;Bueno;32.50;Bueno;12;14.78;8.50;17.00;Bueno;56.67;Bueno;Bueno;Bueno
2025-10-07;03:00;20;24.83;14.62;11.25;Bueno;32.50;Bueno;16;15.17;8.50;17.00;Bueno;56.67;Bueno;Bueno;Bueno
2025-10-07;04:00;21;25.22;14.62;11.25;Bueno;32.50;Bueno;14;15.65;8.50;17.00;Bueno;56.67;Bueno;Bueno;Bueno
2025-10-07;05:00;12;25.26;14.62;11.25;Bueno;32.50;Bueno;10;15.70;8.50;17.00;Bueno;56.67;Bueno;Bueno;Bueno
2025-10-07;06:00;12;25.00;14.62;11.25;Bueno;32.50;Bueno;8;15.70;8.50;17.00;Bueno;56.67;Bueno;Bueno;Bueno
2025-10-07;07:00;9;24.48;14.62;11.25;Bueno;32.50;Bueno;6;15.70;8.50;17.00;Bueno;56.67;Bueno;Bueno;Bueno
2025-10-07;08:00;17;24.65;14.62;11.25;Bueno;32.50;Bueno;13;16.00;8.50;17.00;Bueno;56.67;Bueno;Bueno;Bueno
2025-10-07;09:00;26;25.04;14.62;11.25;Bueno;32.50;Bueno;14;16.00;8.50;17.00;Bueno;56.67;Bueno;Bueno;Bueno
2025-10-07;10:00;9;24.48;14.62;11.25;Bueno;32.50;Bueno;8;15.91;8.50;17.00;Bueno;56.67;Bueno;Bueno;Bueno
2025-10-07;11:00;11;23.35;14.62;11.25;Bueno;32.50;Bueno;1;15.52;8.50;17.00;Bueno;56.67;Bueno;Bueno;Bueno
2025-10-07;12:00;8;23.13;14.62;11.25;Bueno;32.50;Bueno;1;15.30;8.50;17.00;Bueno;56.67;Bueno;Bueno;Bueno
2025-10-07;13:00;6;22.42;14.62;11.25;Bueno;32.50;Bueno;1;14.71;8.50;17.00;Bueno;56.67;Bueno;Bueno;Bueno
2025-10-07;14:00;5;21.38;14.62;11.25;Bueno;32.50;Bueno;1;13.88;8.50;17.00;Bueno;56.67;Bueno;Bueno;Bueno
2025-10-07;15:00;4;21.04;14.62;11.25;Bueno;32.50;Bueno;1;13.88;8.50;17.00;Bueno;56.67;Bueno;Bueno;Bueno
2025-10-07;16:00;3;20.79;14.62;11.25;Bueno;32.50;Bueno;1;13.88;8.50;17.00;Bueno;56.67;Bueno;Bueno;Bueno
2025-10-07;17:00;3;20.71;14.62;11.25;Bueno;32.50;Bueno;1;13.88;8.50;17.00;Bueno;56.67;Bueno;Bueno;Bueno
2025-10-07;18:00;6;20.79;14.62;11.25;Bueno;32.50;Bueno;1;13.88;8.50;17.00;Bueno;56.67;Bueno;Bueno;Bueno
2025-10-07;19:00;9;20.88;14.62;11.25;Bueno;32.50;Bueno;1;13.88;8.50;17.00;Bueno;56.67;Bueno;Bueno;Bueno
2025-10-07;20:00;13;20.08;14.62;11.25;Bueno;32.50;Bueno;5;13.00;8.50;17.00;Bueno;56.67;Bueno;Bueno;Bueno
2025-10-07;21:00;24;17.79;14.62;11.25;Bueno;32.50;Bueno;13;11.00;8.50;17.00;Bueno;56.67;Bueno;Bueno;Bueno
2025-10-07;22:00;21;16.04;14.62;11.25;Bueno;32.50;Bueno;11;9.33;8.50;17.00;Bueno;56.67;Bueno;Bueno;Bueno
2025-10-07;23:00;8;14.62;14.62;11.25;Bueno;32.50;Bueno;7;8.50;8.50;17.00;Bueno;56.67;Bueno;Bueno;Bueno
2025-10-08;00:00;6;13.12;6.21;4.78;Bueno;13.80;Bueno;3;7.50;2.29;4.58;Bueno;15.28;Bueno;Bueno;Bueno
2025-10-08;01:00;5;11.62;6.21;4.78;Bueno;13.80;Bueno;1;6.25;2.29;4.58;Bueno;15.28;Bueno;Bueno;Bueno
2025-10-08;02:00;3;10.88;6.21;4.78;Bueno;13.80;Bueno;1;5.79;2.29;4.58;Bueno;15.28;Bueno;Bueno;Bueno
2025-10-08;03:00;1;10.08;6.21;4.78;Bueno;13.80;Bueno;1;5.17;2.29;4.58;Bueno;15.28;Bueno;Bueno;Bueno
2025-10-08;04:00;1;9.25;6.21;4.78;Bueno;13.80;Bueno;1;4.62;2.29;4.58;Bueno;15.28;Bueno;Bueno;Bueno
2025-10-08;05:00;2;8.83;6.21;4.78;Bueno;13.80;Bueno;1;4.25;2.29;4.58;Bueno;15.28;Bueno;Bueno;Bueno
2025-10-08;06:00;4;8.50;6.21;4.78;Bueno;13.80;Bueno;1;3.96;2.29;4.58;Bueno;15.28;Bueno;Bueno;Bueno
2025-10-08;07:00;5;8.33;6.21;4.78;Bueno;13.80;Bueno;1;3.75;2.29;4.58;Bueno;15.28;Bueno;Bueno;Bueno
2025-10-08;08:00;5;7.83;6.21;4.78;Bueno;13.80;Bueno;3;3.33;2.29;4.58;Bueno;15.28;Bueno;Bueno;Bueno
2025-10-08;09:00;6;7.00;6.21;4.78;Bueno;13.80;Bueno;5;2.96;2.29;4.58;Bueno;15.28;Bueno;Bueno;Bueno
2025-10-08;10:00;5;6.83;6.21;4.78;Bueno;13.80;Bueno;3;2.75;2.29;4.58;Bueno;15.28;Bueno;Bueno;Bueno
2025-10-08;11:00;5;6.58;6.21;4.78;Bueno;13.80;Bueno;3;2.83;2.29;4.58;Bueno;15.28;Bueno;Bueno;Bueno
2025-10-08;12:00;7;6.54;6.21;4.78;Bueno;13.80;Bueno;3;2.92;2.29;4.58;Bueno;15.28;Bueno;Bueno;Bueno
2025-10-08;13:00;6;6.54;6.21;4.78;Bueno;13.80;Bueno;5;3.08;2.29;4.58;Bueno;15.28;Bueno;Bueno;Bueno
2025-10-08;14:00;10;6.75;6.21;4.78;Bueno;13.80;Bueno;3;3.17;2.29;4.58;Bueno;15.28;Bueno;Bueno;Bueno
2025-10-08;15:00;10;7.00;6.21;4.78;Bueno;13.80;Bueno;1;3.17;2.29;4.58;Bueno;15.28;Bueno;Bueno;Bueno
2025-10-08;16:00;5;7.08;6.21;4.78;Bueno;13.80;Bueno;1;3.17;2.29;4.58;Bueno;15.28;Bueno;Bueno;Bueno
2025-10-08;17:00;6;7.21;6.21;4.78;Bueno;13.80;Bueno;1;3.17;2.29;4.58;Bueno;15.28;Bueno;Bueno;Bueno
2025-10-08;18:00;13;7.50;6.21;4.78;Bueno;13.80;Bueno;1;3.17;2.29;4.58;Bueno;15.28;Bueno;Bueno;Bueno
2025-10-08;19:00;7;7.42;6.21;4.78;Bueno;13.80;Bueno;4;3.29;2.29;4.58;Bueno;15.28;Bueno;Bueno;Bueno
2025-10-08;20:00;15;7.50;6.21;4.78;Bueno;13.80;Bueno;3;3.21;2.29;4.58;Bueno;15.28;Bueno;Bueno;Bueno
2025-10-08;21:00;8;6.83;6.21;4.78;Bueno;13.80;Bueno;5;2.88;2.29;4.58;Bueno;15.28;Bueno;Bueno;Bueno
2025-10-08;22:00;8;6.29;6.21;4.78;Bueno;13.80;Bueno;3;2.54;2.29;4.58;Bueno;15.28;Bueno;Bueno;Bueno
2025-10-08;23:00;6;6.21;6.21;4.78;Bueno;13.80;Bueno;1;2.29;2.29;4.58;Bueno;15.28;Bueno;Bueno;Bueno
2025-10-09;00:00;2;6.04;10.12;7.79;Bueno;22.50;Bueno;1;2.21;2.25;4.50;Bueno;15.00;Bueno;Bueno;Bueno
2025-10-09;01:00;2;5.92;10.12;7.79;Bueno;22.50;Bueno;2;2.25;2.25;4.50;Bueno;15.00;Bueno;Bueno;Bueno
2025-10-09;02:00;2;5.88;10.12;7.79;Bueno;22.50;Bueno;1;2.25;2.25;4.50;Bueno;15.00;Bueno;Bueno;Bueno
2025-10-09;03:00;1;5.88;10.12;7.79;Bueno;22.50;Bueno;1;2.25;2.25;4.50;Bueno;15.00;Bueno;Bueno;Bueno
2025-10-09;04:00;2;5.92;10.12;7.79;Bueno;22.50;Bueno;1;2.25;2.25;4.50;Bueno;15.00;Bueno;Bueno;Bueno
2025-10-09;05:00;2;5.92;10.12;7.79;Bueno;22.50;Bueno;1;2.25;2.25;4.50;Bueno;15.00;Bueno;Bueno;Bueno
2025-10-09;06:00;1;5.79;10.12;7.79;Bueno;22.50;Bueno;1;2.25;2.25;4.50;Bueno;15.00;Bueno;Bueno;Bueno
2025-10-09;07:00;19;6.38;10.12;7.79;Bueno;22.50;Bueno;2;2.29;2.25;4.50;Bueno;15.00;Bueno;Bueno;Bueno
2025-10-09;08:00;19;6.96;10.12;7.79;Bueno;22.50;Bueno;3;2.29;2.25;4.50;Bueno;15.00;Bueno;Bueno;Bueno
2025-10-09;09:00;13;7.25;10.12;7.79;Bueno;22.50;Bueno;3;2.21;2.25;4.50;Bueno;15.00;Bueno;Bueno;Bueno
2025-10-09;10:00;14;7.62;10.12;7.79;Bueno;22.50;Bueno;1;2.12;2.25;4.50;Bueno;15.00;Bueno;Bueno;Bueno
2025-10-09;11:00;14;8.00;10.12;7.79;Bueno;22.50;Bueno;4;2.17;2.25;4.50;Bueno;15.00;Bueno;Bueno;Bueno
2025-10-09;12:00;15;8.33;10.12;7.79;Bueno;22.50;Bueno;5;2.25;2.25;4.50;Bueno;15.00;Bueno;Bueno;Bueno
2025-10-09;13:00;15;8.71;10.12;7.79;Bueno;22.50;Bueno;2;2.12;2.25;4.50;Bueno;15.00;Bueno;Bueno;Bueno
2025-10-09;14:00;9;8.67;10.12;7.79;Bueno;22.50;Bueno;1;2.04;2.25;4.50;Bueno;15.00;Bueno;Bueno;Bueno
2025-10-09;15:00;7;8.54;10.12;7.79;Bueno;22.50;Bueno;1;2.04;2.25;4.50;Bueno;15.00;Bueno;Bueno;Bueno
2025-10-09;16:00;4;8.50;10.12;7.79;Bueno;22.50;Bueno;1;2.04;2.25;4.50;Bueno;15.00;Bueno;Bueno;Bueno
2025-10-09;17:00;5;8.46;10.12;7.79;Bueno;22.50;Bueno;1;2.04;2.25;4.50;Bueno;15.00;Bueno;Bueno;Bueno
2025-10-09;18:00;12;8.42;10.12;7.79;Bueno;22.50;Bueno;1;2.04;2.25;4.50;Bueno;15.00;Bueno;Bueno;Bueno
2025-10-09;19:00;14;8.71;10.12;7.79;Bueno;22.50;Bueno;1;1.92;2.25;4.50;Bueno;15.00;Bueno;Bueno;Bueno
2025-10-09;20:00;19;8.88;10.12;7.79;Bueno;22.50;Bueno;4;1.96;2.25;4.50;Bueno;15.00;Bueno;Bueno;Bueno
2025-10-09;21:00;30;9.79;10.12;7.79;Bueno;22.50;Bueno;10;2.17;2.25;4.50;Bueno;15.00;Bueno;Bueno;Bueno
2025-10-09;22:00;18;10.21;10.12;7.79;Bueno;22.50;Bueno;5;2.25;2.25;4.50;Bueno;15.00;Bueno;Bueno;Bueno
2025-10-09;23:00;4;10.12;10.12;7.79;Bueno;22.50;Bueno;1;2.25;2.25;4.50;Bueno;15.00;Bueno;Bueno;Bueno
2025-10-10;00:00;5;10.25;;;;;;1;2.25;;;;;;;
2025-10-10;01:00;8;10.50;;;;;;5;2.38;;;;;;;
2025-10-10;02:00;5;10.62;;;;;;3;2.46;;;;;;;
2025-10-10;03:00;7;10.88;;;;;;1;2.46;;;;;;;
2025-10-10;04:00;11;11.25;;;;;;3;2.54;;;;;;;
2025-10-10;05:00;11;11.62;;;;;;7;2.79;;;;;;;
2025-10-10;06:00;11;12.04;;;;;;6;3.00;;;;;;;
2025-10-10;07:00;16;11.92;;;;;;8;3.25;;;;;;;
2025-10-10;08:00;19;11.92;;;;;;7;3.42;;;;;;;
2025-10-10;09:00;32;12.71;;;;;;7;3.58;;;;;;;
2025-10-10;10:00;22;13.04;;;;;;15;4.17;;;;;;;
2025-10-10;11:00;29;13.67;;;;;;11;4.46;;;;;;;
2025-10-10;12:00;;13.61;;;;;;;4.43;;;;;;;
2025-10-10;13:00;;13.55;;;;;;;4.55;;;;;;;
2025-10-10;14:00;;13.76;;;;;;;4.71;;;;;;;
2025-10-10;15:00;;14.10;;;;;;;4.90;;;;;;;
2025-10-10;16:00;;14.63;;;;;;;5.11;;;;;;;
2025-10-10;17:00;;15.17;;;;;;;5.33;;;;;;;
2025-10-10;18:00;;;;;;;;;;;;;;;;
2025-10-10;19:00;;;;;;;;;;;;;;;;
2025-10-10;20:00;;;;;;;;;;;;;;;;
2025-10-10;21:00;;;;;;;;;;;;;;;;
2025-10-10;22:00;;;;;;;;;;;;;;;;
2025-10-10;23:00;;;;;;;;;;;;;;;;
2025-10-11;00:00;;;;;;;;;;;;;;;;
2025-10-11;01:00;;;;;;;;;;;;;;;;
2025-10-11;02:00;;;;;;;;;;;;;;;;
2025-10-11;03:00;;;;;;;;;;;;;;;;
2025-10-11;04:00;;;;;;;;;;;;;;;;
2025-10-11;05:00;;;;;;;;;;;;;;;;
2025-10-11;06:00;;;;;;;;;;;;;;;;
2025-10-11;07:00;;;;;;;;;;;;;;;;
2025-10-11;08:00;;;;;;;;;;;;;;;;
2025-10-11;09:00;12;;;;;;;2;;;;;;;;
2025-10-11;10:00;21;;;;;;;1;;;;;;;;
2025-10-11;11:00;27;;;;;;;1;;;;;;;;
2025-10-11;12:00;27;;;;;;;5;;;;;;;;
2025-10-11;13:00;19;;;;;;;17;;;;;;;;
2025-10-11;14:00;7;;;;;;;1;;;;;;;;
2025-10-11;15:00;19;;;;;;;1;;;;;;;;
2025-10-11;16:00;16;;;;;;;1;;;;;;;;
2025-10-11;17:00;18;;;;;;;2;;;;;;;;
2025-10-11;18:00;37;;;;;;;9;;;;;;;;
2025-10-11;19:00;26;;;;;;;10;;;;;;;;
2025-10-11;20:00;55;;;;;;;25;;;;;;;;
2025-10-11;21:00;67;;;;;;;41;;;;;;;;
2025-10-11;22:00;89;;;;;;;59;;;;;;;;
2025-10-11;23:00;;;;;;;;;;;;;;;;
2025-10-12;00:00;74;;21.54;16.57;Bueno;47.87;Bueno;59;;15.17;30.33;Bueno;100.36;Regular;Bueno;Regular
2025-10-12;01:00;81;;21.54;16.57;Bueno;47.87;Bueno;62;;15.17;30.33;Bueno;100.36;Regular;Bueno;Regular
2025-10-12;02:00;51;;21.54;16.57;Bueno;47.87;Bueno;37;;15.17;30.33;Bueno;100.36;Regular;Bueno;Regular
2025-10-12;03:00;21;37.06;21.54;16.57;Bueno;47.87;Bueno;14;19.28;15.17;30.33;Bueno;100.36;Regular;Bueno;Regular
2025-10-12;04:00;33;36.84;21.54;16.57;Bueno;47.87;Bueno;26;19.63;15.17;30.33;Bueno;100.36;Regular;Bueno;Regular
2025-10-12;05:00;24;36.20;21.54;16.57;Bueno;47.87;Bueno;19;19.60;15.17;30.33;Bueno;100.36;Regular;Bueno;Regular
2025-10-12;06:00;17;35.29;21.54;16.57;Bueno;47.87;Bueno;13;19.29;15.17;30.33;Bueno;100.36;Regular;Bueno;Regular
2025-10-12;07:00;15;34.36;21.54;16.57;Bueno;47.87;Bueno;14;19.05;15.17;30.33;Bueno;100.36;Regular;Bueno;Regular
2025-10-12;08:00;21;33.78;21.54;16.57;Bueno;47.87;Bueno;20;19.09;15.17;30.33;Bueno;100.36;Regular;Bueno;Regular
2025-10-12;09:00;16;33.96;21.54;16.57;Bueno;47.87;Bueno;12;19.52;15.17;30.33;Bueno;100.36;Regular;Bueno;Regular
2025-10-12;10:00;18;33.83;21.54;16.57;Bueno;47.87;Bueno;9;19.87;15.17;30.33;Bueno;100.36;Regular;Bueno;Regular
2025-10-12;11:00;12;33.17;21.54;16.57;Bueno;47.87;Bueno;5;20.04;15.17;30.33;Bueno;100.36;Regular;Bueno;Regular
2025-10-12;12:00;11;32.48;21.54;16.57;Bueno;47.87;Bueno;3;19.96;15.17;30.33;Bueno;100.36;Regular;Bueno;Regular
2025-10-12;13:00;11;32.13;21.54;16.57;Bueno;47.87;Bueno;2;19.30;15.17;30.33;Bueno;100.36;Regular;Bueno;Regular
2025-10-12;14:00;9;32.22;21.54;16.57;Bueno;47.87;Bueno;1;19.30;15.17;30.33;Bueno;100.36;Regular;Bueno;Regular
2025-10-12;15:00;6;31.65;21.54;16.57;Bueno;47.87;Bueno;1;19.30;15.17;30.33;Bueno;100.36;Regular;Bueno;Regular
2025-10-12;16:00;9;31.35;21.54;16.57;Bueno;47.87;Bueno;1;19.30;15.17;30.33;Bueno;100.36;Regular;Bueno;Regular
2025-10-12;17:00;7;30.87;21.54;16.57;Bueno;47.87;Bueno;1;19.26;15.17;30.33;Bueno;100.36;Regular;Bueno;Regular
2025-10-12;18:00;9;29.65;21.54;16.57;Bueno;47.87;Bueno;1;18.91;15.17;30.33;Bueno;100.36;Regular;Bueno;Regular
2025-10-12;19:00;5;28.74;21.54;16.57;Bueno;47.87;Bueno;1;18.52;15.17;30.33;Bueno;100.36;Regular;Bueno;Regular
2025-10-12;20:00;3;26.48;21.54;16.57;Bueno;47.87;Bueno;3;17.57;15.17;30.33;Bueno;100.36;Regular;Bueno;Regular
2025-10-12;21:00;26;24.70;21.54;16.57;Bueno;47.87;Bueno;25;16.87;15.17;30.33;Bueno;100.36;Regular;Bueno;Regular
2025-10-12;22:00;21;21.74;21.54;16.57;Bueno;47.87;Bueno;19;15.13;15.17;30.33;Bueno;100.36;Regular;Bueno;Regular
2025-10-12;23:00;17;21.54;21.54;16.57;Bueno;47.87;Bueno;16;15.17;15.17;30.33;Bueno;100.36;Regular;Bueno;Regular
2025-10-13;00:00;20;19.29;15.67;12.05;Bueno;34.81;Bueno;17;13.42;6.33;12.67;Bueno;42.22;Bueno;Bueno;Bueno
2025-10-13;01:00;14;16.50;15.67;12.05;Bueno;34.81;Bueno;13;11.38;6.33;12.67;Bueno;42.22;Bueno;Bueno;Bueno
2025-10-13;02:00;11;14.83;15.67;12.05;Bueno;34.81;Bueno;8;10.17;6.33;12.67;Bueno;42.22;Bueno;Bueno;Bueno
2025-10-13;03:00;5;14.17;15.67;12.05;Bueno;34.81;Bueno;2;9.67;6.33;12.67;Bueno;42.22;Bueno;Bueno;Bueno
2025-10-13;04:00;4;12.96;15.67;12.05;Bueno;34.81;Bueno;1;8.62;6.33;12.67;Bueno;42.22;Bueno;Bueno;Bueno
2025-10-13;05:00;4;12.12;15.67;12.05;Bueno;34.81;Bueno;2;7.92;6.33;12.67;Bueno;42.22;Bueno;Bueno;Bueno
2025-10-13;06:00;40;13.08;15.67;12.05;Bueno;34.81;Bueno;17;8.08;6.33;12.67;Bueno;42.22;Bueno;Bueno;Bueno
2025-10-13;07:00;42;14.21;15.67;12.05;Bueno;34.81;Bueno;14;8.08;6.33;12.67;Bueno;42.22;Bueno;Bueno;Bueno
2025-10-13;08:00;43;15.12;15.67;12.05;Bueno;34.81;Bueno;12;7.75;6.33;12.67;Bueno;42.22;Bueno;Bueno;Bueno
2025-10-13;09:00;23;15.42;15.67;12.05;Bueno;34.81;Bueno;10;7.67;6.33;12.67;Bueno;42.22;Bueno;Bueno;Bueno
2025-10-13;10:00;21;15.54;15.67;12.05;Bueno;34.81;Bueno;8;7.62;6.33;12.67;Bueno;42.22;Bueno;Bueno;Bueno
2025-10-13;11:00;11;15.50;15.67;12.05;Bueno;34.81;Bueno;4;7.58;6.33;12.67;Bueno;42.22;Bueno;Bueno;Bueno
2025-10-13;12:00;12;15.54;15.67;12.05;Bueno;34.81;Bueno;1;7.50;6.33;12.67;Bueno;42.22;Bueno;Bueno;Bueno
2025-10-13;13:00;13;15.62;15.67;12.05;Bueno;34.81;Bueno;2;7.50;6.33;12.67;Bueno;42.22;Bueno;Bueno;Bueno
2025-10-13;14:00;14;15.83;15.67;12.05;Bueno;34.81;Bueno;3;7.58;6.33;12.67;Bueno;42.22;Bueno;Bueno;Bueno
2025-10-13;15:00;10;16.00;15.67;12.05;Bueno;34.81;Bueno;1;7.58;6.33;12.67;Bueno;42.22;Bueno;Bueno;Bueno
2025-10-13;16:00;10;16.04;15.67;12.05;Bueno;34.81;Bueno;1;7.58;6.33;12.67;Bueno;42.22;Bueno;Bueno;Bueno
2025-10-13;17:00;15;16.38;15.67;12.05;Bueno;34.81;Bueno;1;7.58;6.33;12.67;Bueno;42.22;Bueno;Bueno;Bueno
2025-10-13;18:00;14;16.58;15.67;12.05;Bueno;34.81;Bueno;1;7.58;6.33;12.67;Bueno;42.22;Bueno;Bueno;Bueno
2025-10-13;19:00;9;16.75;15.67;12.05;Bueno;34.81;Bueno;1;7.58;6.33;12.67;Bueno;42.22;Bueno;Bueno;Bueno
2025-10-13;20:00;16;17.29;15.67;12.05;Bueno;34.81;Bueno;12;7.96;6.33;12.67;Bueno;42.22;Bueno;Bueno;Bueno
2025-10-13;21:00;8;16.54;15.67;12.05;Bueno;34.81;Bueno;8;7.25;6.33;12.67;Bueno;42.22;Bueno;Bueno;Bueno
2025-10-13;22:00;8;16.00;15.67;12.05;Bueno;34.81;Bueno;5;6.67;6.33;12.67;Bueno;42.22;Bueno;Bueno;Bueno
2025-10-13;23:00;9;15.67;15.67;12.05;Bueno;34.81;Bueno;8;6.33;6.33;12.67;Bueno;42.22;Bueno;Bueno;Bueno
2025-10-14;00:00;35;16.29;15.92;12.24;Bueno;35.37;Bueno;29;6.83;7.08;14.17;Bueno;47.22;Bueno;Bueno;Bueno
2025-10-14;01:00;17;16.42;15.92;12.24;Bueno;35.37;Bueno;12;6.79;7.08;14.17;Bueno;47.22;Bueno;Bueno;Bueno
2025-10-14;02:00;16;16.62;15.92;12.24;Bueno;35.37;Bueno;15;7.08;7.08;14.17;Bueno;47.22;Bueno;Bueno;Bueno
2025-10-14;03:00;8;16.75;15.92;12.24;Bueno;35.37;Bueno;7;7.29;7.08;14.17;Bueno;47.22;Bueno;Bueno;Bueno
2025-10-14;04:00;5;16.79;15.92;12.24;Bueno;35.37;Bueno;4;7.42;7.08;14.17;Bueno;47.22;Bueno;Bueno;Bueno
2025-10-14;05:00;27;17.75;15.92;12.24;Bueno;35.37;Bueno;10;7.75;7.08;14.17;Bueno;47.22;Bueno;Bueno;Bueno
2025-10-14;06:00;32;17.42;15.92;12.24;Bueno;35.37;Bueno;8;7.38;7.08;14.17;Bueno;47.22;Bueno;Bueno;Bueno
2025-10-14;07:00;22;16.58;15.92;12.24;Bueno;35.37;Bueno;10;7.21;7.08;14.17;Bueno;47.22;Bueno;Bueno;Bueno
2025-10-14;08:00;18;15.54;15.92;12.24;Bueno;35.37;Bueno;10;7.12;7.08;14.17;Bueno;47.22;Bueno;Bueno;Bueno
2025-10-14;09:00;18;15.33;15.92;12.24;Bueno;35.37;Bueno;8;7.04;7.08;14.17;Bueno;47.22;Bueno;Bueno;Bueno
2025-10-14;10:00;15;15.08;15.92;12.24;Bueno;35.37;Bueno;4;6.88;7.08;14.17;Bueno;47.22;Bueno;Bueno;Bueno
2025-10-14;11:00;16;15.29;15.92;12.24;Bueno;35.37;Bueno;3;6.83;7.08;14.17;Bueno;47.22;Bueno;Bueno;Bueno
2025-10-14;12:00;19;15.58;15.92;12.24;Bueno;35.37;Bueno;4;6.96;7.08;14.17;Bueno;47.22;Bueno;Bueno;Bueno
2025-10-14;13:00;13;15.58;15.92;12.24;Bueno;35.37;Bueno;3;7.00;7.08;14.17;Bueno;47.22;Bueno;Bueno;Bueno
2025-10-14;14:00;15;15.62;15.92;12.24;Bueno;35.37;Bueno;1;6.92;7.08;14.17;Bueno;47.22;Bueno;Bueno;Bueno
2025-10-14;15:00;13;15.75;15.92;12.24;Bueno;35.37;Bueno;1;6.92;7.08;14.17;Bueno;47.22;Bueno;Bueno;Bueno
2025-10-14;16:00;16;16.00;15.92;12.24;Bueno;35.37;Bueno;1;6.92;7.08;14.17;Bueno;47.22;Bueno;Bueno;Bueno
2025-10-14;17:00;20;16.21;15.92;12.24;Bueno;35.37;Bueno;3;7.00;7.08;14.17;Bueno;47.22;Bueno;Bueno;Bueno
2025-10-14;18:00;7;15.92;15.92;12.24;Bueno;35.37;Bueno;2;7.04;7.08;14.17;Bueno;47.22;Bueno;Bueno;Bueno
2025-10-14;19:00;4;15.71;15.92;12.24;Bueno;35.37;Bueno;3;7.12;7.08;14.17;Bueno;47.22;Bueno;Bueno;Bueno
2025-10-14;20:00;14;15.62;15.92;12.24;Bueno;35.37;Bueno;13;7.17;7.08;14.17;Bueno;47.22;Bueno;Bueno;Bueno
2025-10-14;21:00;9;15.67;15.92;12.24;Bueno;35.37;Bueno;8;7.17;7.08;14.17;Bueno;47.22;Bueno;Bueno;Bueno
2025-10-14;22:00;10;15.75;15.92;12.24;Bueno;35.37;Bueno;4;7.12;7.08;14.17;Bueno;47.22;Bueno;Bueno;Bueno
2025-10-14;23:00;13;15.92;15.92;12.24;Bueno;35.37;Bueno;7;7.08;7.08;14.17;Bueno;47.22;Bueno;Bueno;Bueno
2025-10-15;00:00;6;14.71;15.32;11.78;Bueno;34.04;Bueno;5;6.08;9.55;19.09;Bueno;63.64;Bueno;Bueno;Bueno
2025-10-15;01:00;1;14.04;15.32;11.78;Bueno;34.04;Bueno;1;5.62;9.55;19.09;Bueno;63.64;Bueno;Bueno;Bueno
2025-10-15;02:00;1;13.42;15.32;11.78;Bueno;34.04;Bueno;1;5.04;9.55;19.09;Bueno;63.64;Bueno;Bueno;Bueno
2025-10-15;03:00;1;13.12;15.32;11.78;Bueno;34.04;Bueno;1;4.79;9.55;19.09;Bueno;63.64;Bueno;Bueno;Bueno
2025-10-15;04:00;1;12.96;15.32;11.78;Bueno;34.04;Bueno;1;4.67;9.55;19.09;Bueno;63.64;Bueno;Bueno;Bueno
2025-10-15;05:00;1;11.88;15.32;11.78;Bueno;34.04;Bueno;1;4.29;9.55;19.09;Bueno;63.64;Bueno;Bueno;Bueno
2025-10-15;06:00;1;10.58;15.32;11.78;Bueno;34.04;Bueno;1;4.00;9.55;19.09;Bueno;63.64;Bueno;Bueno;Bueno
2025-10-15;07:00;4;9.83;15.32;11.78;Bueno;34.04;Bueno;2;3.67;9.55;19.09;Bueno;63.64;Bueno;Bueno;Bueno
2025-10-15;08:00;5;9.29;15.32;11.78;Bueno;34.04;Bueno;2;3.33;9.55;19.09;Bueno;63.64;Bueno;Bueno;Bueno
2025-10-15;09:00;19;9.33;15.32;11.78;Bueno;34.04;Bueno;17;3.71;9.55;19.09;Bueno;63.64;Bueno;Bueno;Bueno
2025-10-15;10:00;;9.09;15.32;11.78;Bueno;34.04;Bueno;;3.70;9.55;19.09;Bueno;63.64;Bueno;Bueno;Bueno
2025-10-15;11:00;;8.77;15.32;11.78;Bueno;34.04;Bueno;;3.73;9.55;19.09;Bueno;63.64;Bueno;Bueno;Bueno
2025-10-15;12:00;6;8.18;15.32;11.78;Bueno;34.04;Bueno;1;3.59;9.55;19.09;Bueno;63.64;Bueno;Bueno;Bueno
2025-10-15;13:00;9;8.00;15.32;11.78;Bueno;34.04;Bueno;1;3.50;9.55;19.09;Bueno;63.64;Bueno;Bueno;Bueno
2025-10-15;14:00;12;7.86;15.32;11.78;Bueno;34.04;Bueno;3;3.59;9.55;19.09;Bueno;63.64;Bueno;Bueno;Bueno
2025-10-15;15:00;8;7.64;15.32;11.78;Bueno;34.04;Bueno;3;3.68;9.55;19.09;Bueno;63.64;Bueno;Bueno;Bueno
2025-10-15;16:00;7;7.23;15.32;11.78;Bueno;34.04;Bueno;5;3.86;9.55;19.09;Bueno;63.64;Bueno;Bueno;Bueno
2025-10-15;17:00;10;6.77;15.32;11.78;Bueno;34.04;Bueno;6;4.00;9.55;19.09;Bueno;63.64;Bueno;Bueno;Bueno
2025-10-15;18:00;10;6.91;15.32;11.78;Bueno;34.04;Bueno;5;4.14;9.55;19.09;Bueno;63.64;Bueno;Bueno;Bueno
2025-10-15;19:00;22;7.73;15.32;11.78;Bueno;34.04;Bueno;9;4.41;9.55;19.09;Bueno;63.64;Bueno;Bueno;Bueno
2025-10-15;20:00;20;8.00;15.32;11.78;Bueno;34.04;Bueno;21;4.77;9.55;19.09;Bueno;63.64;Bueno;Bueno;Bueno
2025-10-15;21:00;62;10.41;15.32;11.78;Bueno;34.04;Bueno;32;5.86;9.55;19.09;Bueno;63.64;Bueno;Bueno;Bueno
2025-10-15;22:00;86;13.86;15.32;11.78;Bueno;34.04;Bueno;56;8.23;9.55;19.09;Bueno;63.64;Bueno;Bueno;Bueno
2025-10-15;23:00;45;15.32;15.32;11.78;Bueno;34.04;Bueno;36;9.55;9.55;19.09;Bueno;63.64;Bueno;Bueno;Bueno
2025-10-16;00:00;53;17.45;23.92;18.40;Bueno;53.15;Bueno;34;10.86;10.88;21.75;Bueno;72.50;Bueno;Bueno;Bueno
2025-10-16;01:00;40;19.23;23.92;18.40;Bueno;53.15;Bueno;29;12.14;10.88;21.75;Bueno;72.50;Bueno;Bueno;Bueno
2025-10-16;02:00;20;20.09;23.92;18.40;Bueno;53.15;Bueno;21;13.05;10.88;21.75;Bueno;72.50;Bueno;Bueno;Bueno
2025-10-16;03:00;15;20.73;23.92;18.40;Bueno;53.15;Bueno;10;13.45;10.88;21.75;Bueno;72.50;Bueno;Bueno;Bueno
2025-10-16;04:00;15;21.36;23.92;18.40;Bueno;53.15;Bueno;7;13.73;10.88;21.75;Bueno;72.50;Bueno;Bueno;Bueno
2025-10-16;05:00;24;22.41;23.92;18.40;Bueno;53.15;Bueno;6;13.95;10.88;21.75;Bueno;72.50;Bueno;Bueno;Bueno
2025-10-16;06:00;50;24.64;23.92;18.40;Bueno;53.15;Bueno;28;15.18;10.88;21.75;Bueno;72.50;Bueno;Bueno;Bueno
2025-10-16;07:00;82;28.18;23.92;18.40;Bueno;53.15;Bueno;40;16.91;10.88;21.75;Bueno;72.50;Bueno;Bueno;Bueno
2025-10-16;08:00;29;29.27;23.92;18.40;Bueno;53.15;Bueno;13;17.41;10.88;21.75;Bueno;72.50;Bueno;Bueno;Bueno
2025-10-16;09:00;25;29.55;23.92;18.40;Bueno;53.15;Bueno;9;17.05;10.88;21.75;Bueno;72.50;Bueno;Bueno;Bueno
2025-10-16;10:00;12;28.78;23.92;18.40;Bueno;53.15;Bueno;6;16.57;10.88;21.75;Bueno;72.50;Bueno;Bueno;Bueno
2025-10-16;11:00;13;28.12;23.92;18.40;Bueno;53.15;Bueno;1;15.92;10.88;21.75;Bueno;72.50;Bueno;Bueno;Bueno
2025-10-16;12:00;9;28.25;23.92;18.40;Bueno;53.15;Bueno;1;15.92;10.88;21.75;Bueno;72.50;Bueno;Bueno;Bueno
2025-10-16;13:00;17;28.58;23.92;18.40;Bueno;53.15;Bueno;2;15.96;10.88;21.75;Bueno;72.50;Bueno;Bueno;Bueno
2025-10-16;14:00;9;28.46;23.92;18.40;Bueno;53.15;Bueno;1;15.88;10.88;21.75;Bueno;72.50;Bueno;Bueno;Bueno
2025-10-16;15:00;9;28.50;23.92;18.40;Bueno;53.15;Bueno;1;15.79;10.88;21.75;Bueno;72.50;Bueno;Bueno;Bueno
2025-10-16;16:00;8;28.54;23.92;18.40;Bueno;53.15;Bueno;1;15.62;10.88;21.75;Bueno;72.50;Bueno;Bueno;Bueno
2025-10-16;17:00;19;28.92;23.92;18.40;Bueno;53.15;Bueno;1;15.42;10.88;21.75;Bueno;72.50;Bueno;Bueno;Bueno
2025-10-16;18:00;20;29.33;23.92;18.40;Bueno;53.15;Bueno;3;15.33;10.88;21.75;Bueno;72.50;Bueno;Bueno;Bueno
2025-10-16;19:00;19;29.21;23.92;18.40;Bueno;53.15;Bueno;5;15.17;10.88;21.75;Bueno;72.50;Bueno;Bueno;Bueno
2025-10-16;20:00;4;28.54;23.92;18.40;Bueno;53.15;Bueno;3;14.42;10.88;21.75;Bueno;72.50;Bueno;Bueno;Bueno
2025-10-16;21:00;15;26.58;23.92;18.40;Bueno;53.15;Bueno;5;13.29;10.88;21.75;Bueno;72.50;Bueno;Bueno;Bueno
2025-10-16;22:00;34;24.42;23.92;18.40;Bueno;53.15;Bueno;15;11.58;10.88;21.75;Bueno;72.50;Bueno;Bueno;Bueno
2025-10-16;23:00;33;23.92;23.92;18.40;Bueno;53.15;Bueno;19;10.88;10.88;21.75;Bueno;72.50;Bueno;Bueno;Bueno
2025-10-17;00:00;35;23.17;22.38;17.21;Bueno;49.72;Bueno;26;10.54;7.71;15.42;Bueno;51.39;Bueno;Bueno;Bueno
2025-10-17;01:00;19;22.29;22.38;17.21;Bueno;49.72;Bueno;11;9.79;7.71;15.42;Bueno;51.39;Bueno;Bueno;Bueno
2025-10-17;02:00;15;22.08;22.38;17.21;Bueno;49.72;Bueno;12;9.42;7.71;15.42;Bueno;51.39;Bueno;Bueno;Bueno
2025-10-17;03:00;11;21.92;22.38;17.21;Bueno;49.72;Bueno;10;9.42;7.71;15.42;Bueno;51.39;Bueno;Bueno;Bueno
2025-10-17;04:00;17;22.00;22.38;17.21;Bueno;49.72;Bueno;5;9.33;7.71;15.42;Bueno;51.39;Bueno;Bueno;Bueno
2025-10-17;05:00;22;21.92;22.38;17.21;Bueno;49.72;Bueno;2;9.17;7.71;15.42;Bueno;51.39;Bueno;Bueno;Bueno
2025-10-17;06:00;35;21.29;22.38;17.21;Bueno;49.72;Bueno;15;8.62;7.71;15.42;Bueno;51.39;Bueno;Bueno;Bueno
2025-10-17;07:00;24;18.88;22.38;17.21;Bueno;49.72;Bueno;11;7.42;7.71;15.42;Bueno;51.39;Bueno;Bueno;Bueno
2025-10-17;08:00;9;18.04;22.38;17.21;Bueno;49.72;Bueno;7;7.17;7.71;15.42;Bueno;51.39;Bueno;Bueno;Bueno
2025-10-17;09:00;20;17.83;22.38;17.21;Bueno;49.72;Bueno;5;7.00;7.71;15.42;Bueno;51.39;Bueno;Bueno;Bueno
2025-10-17;10:00;12;17.83;22.38;17.21;Bueno;49.72;Bueno;4;6.92;7.71;15.42;Bueno;51.39;Bueno;Bueno;Bueno
2025-10-17;11:00;12;17.79;22.38;17.21;Bueno;49.72;Bueno;3;7.00;7.71;15.42;Bueno;51.39;Bueno;Bueno;Bueno
2025-10-17;12:00;10;17.83;22.38;17.21;Bueno;49.72;Bueno;2;7.04;7.71;15.42;Bueno;51.39;Bueno;Bueno;Bueno
2025-10-17;13:00;14;17.71;22.38;17.21;Bueno;49.72;Bueno;1;7.00;7.71;15.42;Bueno;51.39;Bueno;Bueno;Bueno
2025-10-17;14:00;10;17.75;22.38;17.21;Bueno;49.72;Bueno;1;7.00;7.71;15.42;Bueno;51.39;Bueno;Bueno;Bueno
2025-10-17;15:00;20;18.21;22.38;17.21;Bueno;49.72;Bueno;1;7.00;7.71;15.42;Bueno;51.39;Bueno;Bueno;Bueno
2025-10-17;16:00;17;18.58;22.38;17.21;Bueno;49.72;Bueno;1;7.00;7.71;15.42;Bueno;51.39;Bueno;Bueno;Bueno
2025-10-17;17:00;27;18.92;22.38;17.21;Bueno;49.72;Bueno;3;7.08;7.71;15.42;Bueno;51.39;Bueno;Bueno;Bueno
2025-10-17;18:00;25;19.12;22.38;17.21;Bueno;49.72;Bueno;3;7.08;7.71;15.42;Bueno;51.39;Bueno;Bueno;Bueno
2025-10-17;19:00;33;19.71;22.38;17.21;Bueno;49.72;Bueno;6;7.12;7.71;15.42;Bueno;51.39;Bueno;Bueno;Bueno
2025-10-17;20:00;32;20.88;22.38;17.21;Bueno;49.72;Bueno;7;7.29;7.71;15.42;Bueno;51.39;Bueno;Bueno;Bueno
2025-10-17;21:00;43;22.04;22.38;17.21;Bueno;49.72;Bueno;20;7.92;7.71;15.42;Bueno;51.39;Bueno;Bueno;Bueno
2025-10-17;22:00;39;22.25;22.38;17.21;Bueno;49.72;Bueno;13;7.83;7.71;15.42;Bueno;51.39;Bueno;Bueno;Bueno
2025-10-17;23:00;36;22.38;22.38;17.21;Bueno;49.72;Bueno;16;7.71;7.71;15.42;Bueno;51.39;Bueno;Bueno;Bueno
2025-10-18;00:00;26;22.00;25.17;19.36;Bueno;55.93;Bueno;12;7.12;8.12;16.25;Bueno;54.17;Bueno;Bueno;Bueno
2025-10-18;01:00;36;22.71;25.17;19.36;Bueno;55.93;Bueno;17;7.38;8.12;16.25;Bueno;54.17;Bueno;Bueno;Bueno
2025-10-18;02:00;31;23.38;25.17;19.36;Bueno;55.93;Bueno;13;7.42;8.12;16.25;Bueno;54.17;Bueno;Bueno;Bueno
2025-10-18;03:00;16;23.58;25.17;19.36;Bueno;55.93;Bueno;7;7.29;8.12;16.25;Bueno;54.17;Bueno;Bueno;Bueno
2025-10-18;04:00;20;23.71;25.17;19.36;Bueno;55.93;Bueno;8;7.42;8.12;16.25;Bueno;54.17;Bueno;Bueno;Bueno
2025-10-18;05:00;31;24.08;25.17;19.36;Bueno;55.93;Bueno;8;7.67;8.12;16.25;Bueno;54.17;Bueno;Bueno;Bueno
2025-10-18;06:00;24;23.62;25.17;19.36;Bueno;55.93;Bueno;8;7.38;8.12;16.25;Bueno;54.17;Bueno;Bueno;Bueno
2025-10-18;07:00;30;23.88;25.17;19.36;Bueno;55.93;Bueno;8;7.25;8.12;16.25;Bueno;54.17;Bueno;Bueno;Bueno
2025-10-18;08:00;18;24.25;25.17;19.36;Bueno;55.93;Bueno;9;7.33;8.12;16.25;Bueno;54.17;Bueno;Bueno;Bueno
2025-10-18;09:00;27;24.54;25.17;19.36;Bueno;55.93;Bueno;7;7.42;8.12;16.25;Bueno;54.17;Bueno;Bueno;Bueno
2025-10-18;10:00;27;25.17;25.17;19.36;Bueno;55.93;Bueno;19;8.04;8.12;16.25;Bueno;54.17;Bueno;Bueno;Bueno
2025-10-18;11:00;25;25.71;25.17;19.36;Bueno;55.93;Bueno;12;8.42;8.12;16.25;Bueno;54.17;Bueno;Bueno;Bueno
2025-10-18;12:00;30;26.54;25.17;19.36;Bueno;55.93;Bueno;7;8.62;8.12;16.25;Bueno;54.17;Bueno;Bueno;Bueno
2025-10-18;13:00;23;26.92;25.17;19.36;Bueno;55.93;Bueno;6;8.83;8.12;16.25;Bueno;54.17;Bueno;Bueno;Bueno
2025-10-18;14:00;18;27.25;25.17;19.36;Bueno;55.93;Bueno;4;8.96;8.12;16.25;Bueno;54.17;Bueno;Bueno;Bueno
2025-10-18;15:00;18;27.17;25.17;19.36;Bueno;55.93;Bueno;1;8.96;8.12;16.25;Bueno;54.17;Bueno;Bueno;Bueno
2025-10-18;16:00;27;27.58;25.17;19.36;Bueno;55.93;Bueno;1;8.96;8.12;16.25;Bueno;54.17;Bueno;Bueno;Bueno
2025-10-18;17:00;21;27.33;25.17;19.36;Bueno;55.93;Bueno;4;9.00;8.12;16.25;Bueno;54.17;Bueno;Bueno;Bueno
2025-10-18;18:00;19;27.08;25.17;19.36;Bueno;55.93;Bueno;4;9.04;8.12;16.25;Bueno;54.17;Bueno;Bueno;Bueno
2025-10-18;19:00;21;26.58;25.17;19.36;Bueno;55.93;Bueno;2;8.88;8.12;16.25;Bueno;54.17;Bueno;Bueno;Bueno
2025-10-18;20:00;35;26.71;25.17;19.36;Bueno;55.93;Bueno;17;9.29;8.12;16.25;Bueno;54.17;Bueno;Bueno;Bueno
2025-10-18;21:00;31;26.21;25.17;19.36;Bueno;55.93;Bueno;7;8.75;8.12;16.25;Bueno;54.17;Bueno;Bueno;Bueno
2025-10-18;22:00;29;25.79;25.17;19.36;Bueno;55.93;Bueno;7;8.50;8.12;16.25;Bueno;54.17;Bueno;Bueno;Bueno
2025-10-18;23:00;21;25.17;25.17;19.36;Bueno;55.93;Bueno;7;8.12;8.12;16.25;Bueno;54.17;Bueno;Bueno;Bueno
2025-10-19;00:00;10;24.50;16.17;12.44;Bueno;35.93;Bueno;3;7.75;3.96;7.92;Bueno;26.39;Bueno;Bueno;Bueno
2025-10-19;01:00;10;23.42;16.17;12.44;Bueno;35.93;Bueno;1;7.08;3.96;7.92;Bueno;26.39;Bueno;Bueno;Bueno
2025-10-19;02:00;12;22.62;16.17;12.44;Bueno;35.93;Bueno;1;6.58;3.96;7.92;Bueno;26.39;Bueno;Bueno;Bueno
2025-10-19;03:00;10;22.38;16.17;12.44;Bueno;35.93;Bueno;1;6.33;3.96;7.92;Bueno;26.39;Bueno;Bueno;Bueno
2025-10-19;04:00;10;21.96;16.17;12.44;Bueno;35.93;Bueno;1;6.04;3.96;7.92;Bueno;26.39;Bueno;Bueno;Bueno
2025-10-19;05:00;9;21.04;16.17;12.44;Bueno;35.93;Bueno;1;5.75;3.96;7.92;Bueno;26.39;Bueno;Bueno;Bueno
2025-10-19;06:00;9;20.42;16.17;12.44;Bueno;35.93;Bueno;1;5.46;3.96;7.92;Bueno;26.39;Bueno;Bueno;Bueno
2025-10-19;07:00;6;19.42;16.17;12.44;Bueno;35.93;Bueno;1;5.17;3.96;7.92;Bueno;26.39;Bueno;Bueno;Bueno
2025-10-19;08:00;9;19.04;16.17;12.44;Bueno;35.93;Bueno;1;4.83;3.96;7.92;Bueno;26.39;Bueno;Bueno;Bueno
2025-10-19;09:00;11;18.38;16.17;12.44;Bueno;35.93;Bueno;1;4.58;3.96;7.92;Bueno;26.39;Bueno;Bueno;Bueno
2025-10-19;10:00;20;18.08;16.17;12.44;Bueno;35.93;Bueno;4;3.96;3.96;7.92;Bueno;26.39;Bueno;Bueno;Bueno
2025-10-19;11:00;19;17.83;16.17;12.44;Bueno;35.93;Bueno;5;3.67;3.96;7.92;Bueno;26.39;Bueno;Bueno;Bueno
2025-10-19;12:00;24;17.58;16.17;12.44;Bueno;35.93;Bueno;3;3.50;3.96;7.92;Bueno;26.39;Bueno;Bueno;Bueno
2025-10-19;13:00;22;17.54;16.17;12.44;Bueno;35.93;Bueno;4;3.42;3.96;7.92;Bueno;26.39;Bueno;Bueno;Bueno
2025-10-19;14:00;27;17.92;16.17;12.44;Bueno;35.93;Bueno;2;3.33;3.96;7.92;Bueno;26.39;Bueno;Bueno;Bueno
2025-10-19;15:00;18;17.92;16.17;12.44;Bueno;35.93;Bueno;1;3.33;3.96;7.92;Bueno;26.39;Bueno;Bueno;Bueno
2025-10-19;16:00;13;17.33;16.17;12.44;Bueno;35.93;Bueno;1;3.33;3.96;7.92;Bueno;26.39;Bueno;Bueno;Bueno
2025-10-19;17:00;9;16.83;16.17;12.44;Bueno;35.93;Bueno;1;3.21;3.96;7.92;Bueno;26.39;Bueno;Bueno;Bueno
2025-10-19;18:00;10;16.46;16.17;12.44;Bueno;35.93;Bueno;1;3.08;3.96;7.92;Bueno;26.39;Bueno;Bueno;Bueno
2025-10-19;19:00;12;16.08;16.17;12.44;Bueno;35.93;Bueno;2;3.08;3.96;7.92;Bueno;26.39;Bueno;Bueno;Bueno
2025-10-19;20:00;21;15.50;16.17;12.44;Bueno;35.93;Bueno;8;2.71;3.96;7.92;Bueno;26.39;Bueno;Bueno;Bueno
2025-10-19;21:00;28;15.38;16.17;12.44;Bueno;35.93;Bueno;11;2.88;3.96;7.92;Bueno;26.39;Bueno;Bueno;Bueno
2025-10-19;22:00;39;15.79;16.17;12.44;Bueno;35.93;Bueno;24;3.58;3.96;7.92;Bueno;26.39;Bueno;Bueno;Bueno
2025-10-19;23:00;30;16.17;16.17;12.44;Bueno;35.93;Bueno;16;3.96;3.96;7.92;Bueno;26.39;Bueno;Bueno;Bueno
2025-10-20;00:00;13;16.29;19.96;15.35;Bueno;44.35;Bueno;6;4.08;8.21;16.42;Bueno;54.72;Bueno;Bueno;Bueno
2025-10-20;01:00;16;16.54;19.96;15.35;Bueno;44.35;Bueno;6;4.29;8.21;16.42;Bueno;54.72;Bueno;Bueno;Bueno
2025-10-20;02:00;10;16.46;19.96;15.35;Bueno;44.35;Bueno;3;4.38;8.21;16.42;Bueno;54.72;Bueno;Bueno;Bueno
2025-10-20;03:00;13;16.58;19.96;15.35;Bueno;44.35;Bueno;1;4.38;8.21;16.42;Bueno;54.72;Bueno;Bueno;Bueno
2025-10-20;04:00;5;16.38;19.96;15.35;Bueno;44.35;Bueno;3;4.46;8.21;16.42;Bueno;54.72;Bueno;Bueno;Bueno
2025-10-20;05:00;30;17.25;19.96;15.35;Bueno;44.35;Bueno;12;4.92;8.21;16.42;Bueno;54.72;Bueno;Bueno;Bueno
2025-10-20;06:00;28;18.04;19.96;15.35;Bueno;44.35;Bueno;11;5.33;8.21;16.42;Bueno;54.72;Bueno;Bueno;Bueno
2025-10-20;07:00;33;19.17;19.96;15.35;Bueno;44.35;Bueno;12;5.79;8.21;16.42;Bueno;54.72;Bueno;Bueno;Bueno
2025-10-20;08:00;34;20.21;19.96;15.35;Bueno;44.35;Bueno;8;6.08;8.21;16.42;Bueno;54.72;Bueno;Bueno;Bueno
2025-10-20;09:00;18;20.50;19.96;15.35;Bueno;44.35;Bueno;3;6.17;8.21;16.42;Bueno;54.72;Bueno;Bueno;Bueno
2025-10-20;10:00;29;20.88;19.96;15.35;Bueno;44.35;Bueno;13;6.54;8.21;16.42;Bueno;54.72;Bueno;Bueno;Bueno
2025-10-20;11:00;11;20.54;19.96;15.35;Bueno;44.35;Bueno;7;6.62;8.21;16.42;Bueno;54.72;Bueno;Bueno;Bueno
2025-10-20;12:00;11;20.00;19.96;15.35;Bueno;44.35;Bueno;3;6.62;8.21;16.42;Bueno;54.72;Bueno;Bueno;Bueno
2025-10-20;13:00;17;19.79;19.96;15.35;Bueno;44.35;Bueno;10;6.88;8.21;16.42;Bueno;54.72;Bueno;Bueno;Bueno
2025-10-20;14:00;13;19.21;19.96;15.35;Bueno;44.35;Bueno;6;7.04;8.21;16.42;Bueno;54.72;Bueno;Bueno;Bueno
2025-10-20;15:00;12;18.96;19.96;15.35;Bueno;44.35;Bueno;1;7.04;8.21;16.42;Bueno;54.72;Bueno;Bueno;Bueno
2025-10-20;16:00;10;18.83;19.96;15.35;Bueno;44.35;Bueno;1;7.04;8.21;16.42;Bueno;54.72;Bueno;Bueno;Bueno
2025-10-20;17:00;10;18.88;19.96;15.35;Bueno;44.35;Bueno;3;7.12;8.21;16.42;Bueno;54.72;Bueno;Bueno;Bueno
2025-10-20;18:00;12;18.96;19.96;15.35;Bueno;44.35;Bueno;1;7.12;8.21;16.42;Bueno;54.72;Bueno;Bueno;Bueno
2025-10-20;19:00;21;19.33;19.96;15.35;Bueno;44.35;Bueno;7;7.33;8.21;16.42;Bueno;54.72;Bueno;Bueno;Bueno
2025-10-20;20:00;20;19.29;19.96;15.35;Bueno;44.35;Bueno;8;7.33;8.21;16.42;Bueno;54.72;Bueno;Bueno;Bueno
2025-10-20;21:00;27;19.25;19.96;15.35;Bueno;44.35;Bueno;12;7.38;8.21;16.42;Bueno;54.72;Bueno;Bueno;Bueno
2025-10-20;22:00;42;19.38;19.96;15.35;Bueno;44.35;Bueno;28;7.54;8.21;16.42;Bueno;54.72;Bueno;Bueno;Bueno
2025-10-20;23:00;44;19.96;19.96;15.35;Bueno;44.35;Bueno;32;8.21;8.21;16.42;Bueno;54.72;Bueno;Bueno;Bueno
2025-10-21;00:00;19;20.21;16.71;12.85;Bueno;37.13;Bueno;7;8.25;5.75;11.50;Bueno;38.33;Bueno;Bueno;Bueno
2025-10-21;01:00;21;20.42;16.71;12.85;Bueno;37.13;Bueno;10;8.42;5.75;11.50;Bueno;38.33;Bueno;Bueno;Bueno
2025-10-21;02:00;25;21.04;16.71;12.85;Bueno;37.13;Bueno;17;9.00;5.75;11.50;Bueno;38.33;Bueno;Bueno;Bueno
2025-10-21;03:00;14;21.08;16.71;12.85;Bueno;37.13;Bueno;5;9.17;5.75;11.50;Bueno;38.33;Bueno;Bueno;Bueno
2025-10-21;04:00;20;21.71;16.71;12.85;Bueno;37.13;Bueno;8;9.38;5.75;11.50;Bueno;38.33;Bueno;Bueno;Bueno
2025-10-21;05:00;35;21.92;16.71;12.85;Bueno;37.13;Bueno;14;9.46;5.75;11.50;Bueno;38.33;Bueno;Bueno;Bueno
2025-10-21;06:00;32;22.08;16.71;12.85;Bueno;37.13;Bueno;10;9.42;5.75;11.50;Bueno;38.33;Bueno;Bueno;Bueno
2025-10-21;07:00;33;22.08;16.71;12.85;Bueno;37.13;Bueno;13;9.46;5.75;11.50;Bueno;38.33;Bueno;Bueno;Bueno
2025-10-21;08:00;18;21.42;16.71;12.85;Bueno;37.13;Bueno;9;9.50;5.75;11.50;Bueno;38.33;Bueno;Bueno;Bueno
2025-10-21;09:00;8;21.00;16.71;12.85;Bueno;37.13;Bueno;3;9.50;5.75;11.50;Bueno;38.33;Bueno;Bueno;Bueno
2025-10-21;10:00;12;20.29;16.71;12.85;Bueno;37.13;Bueno;1;9.00;5.75;11.50;Bueno;38.33;Bueno;Bueno;Bueno
2025-10-21;11:00;11;20.29;16.71;12.85;Bueno;37.13;Bueno;2;8.79;5.75;11.50;Bueno;38.33;Bueno;Bueno;Bueno
2025-10-21;12:00;12;20.33;16.71;12.85;Bueno;37.13;Bueno;4;8.83;5.75;11.50;Bueno;38.33;Bueno;Bueno;Bueno
2025-10-21;13:00;11;20.08;16.71;12.85;Bueno;37.13;Bueno;3;8.54;5.75;11.50;Bueno;38.33;Bueno;Bueno;Bueno
2025-10-21;14:00;12;20.04;16.71;12.85;Bueno;37.13;Bueno;2;8.38;5.75;11.50;Bueno;38.33;Bueno;Bueno;Bueno
2025-10-21;15:00;12;20.04;16.71;12.85;Bueno;37.13;Bueno;2;8.42;5.75;11.50;Bueno;38.33;Bueno;Bueno;Bueno
2025-10-21;16:00;9;20.00;16.71;12.85;Bueno;37.13;Bueno;1;8.42;5.75;11.50;Bueno;38.33;Bueno;Bueno;Bueno
2025-10-21;17:00;9;19.96;16.71;12.85;Bueno;37.13;Bueno;1;8.33;5.75;11.50;Bueno;38.33;Bueno;Bueno;Bueno
2025-10-21;18:00;13;20.00;16.71;12.85;Bueno;37.13;Bueno;1;8.33;5.75;11.50;Bueno;38.33;Bueno;Bueno;Bueno
2025-10-21;19:00;16;19.79;16.71;12.85;Bueno;37.13;Bueno;1;8.08;5.75;11.50;Bueno;38.33;Bueno;Bueno;Bueno
2025-10-21;20:00;9;19.33;16.71;12.85;Bueno;37.13;Bueno;6;8.00;5.75;11.50;Bueno;38.33;Bueno;Bueno;Bueno
2025-10-21;21:00;16;18.88;16.71;12.85;Bueno;37.13;Bueno;6;7.75;5.75;11.50;Bueno;38.33;Bueno;Bueno;Bueno
2025-10-21;22:00;24;18.12;16.71;12.85;Bueno;37.13;Bueno;6;6.83;5.75;11.50;Bueno;38.33;Bueno;Bueno;Bueno
2025-10-21;23:00;10;16.71;16.71;12.85;Bueno;37.13;Bueno;6;5.75;5.75;11.50;Bueno;38.33;Bueno;Bueno;Bueno
2025-10-22;00:00;14;16.50;20.21;15.54;Bueno;44.91;Bueno;7;5.75;5.71;11.42;Bueno;38.06;Bueno;Bueno;Bueno
2025-10-22;01:00;15;16.25;20.21;15.54;Bueno;44.91;Bueno;7;5.62;5.71;11.42;Bueno;38.06;Bueno;Bueno;Bueno
2025-10-22;02:00;10;15.62;20.21;15.54;Bueno;44.91;Bueno;7;5.21;5.71;11.42;Bueno;38.06;Bueno;Bueno;Bueno
2025-10-22;03:00;12;15.54;20.21;15.54;Bueno;44.91;Bueno;6;5.25;5.71;11.42;Bueno;38.06;Bueno;Bueno;Bueno
2025-10-22;04:00;7;15.00;20.21;15.54;Bueno;44.91;Bueno;2;5.00;5.71;11.42;Bueno;38.06;Bueno;Bueno;Bueno
2025-10-22;05:00;29;14.75;20.21;15.54;Bueno;44.91;Bueno;5;4.62;5.71;11.42;Bueno;38.06;Bueno;Bueno;Bueno
2025-10-22;06:00;38;15.00;20.21;15.54;Bueno;44.91;Bueno;12;4.71;5.71;11.42;Bueno;38.06;Bueno;Bueno;Bueno
2025-10-22;07:00;45;15.50;20.21;15.54;Bueno;44.91;Bueno;13;4.71;5.71;11.42;Bueno;38.06;Bueno;Bueno;Bueno
2025-10-22;08:00;30;16.00;20.21;15.54;Bueno;44.91;Bueno;11;4.79;5.71;11.42;Bueno;38.06;Bueno;Bueno;Bueno
2025-10-22;09:00;15;16.29;20.21;15.54;Bueno;44.91;Bueno;5;4.88;5.71;11.42;Bueno;38.06;Bueno;Bueno;Bueno
2025-10-22;10:00;16;16.46;20.21;15.54;Bueno;44.91;Bueno;1;4.88;5.71;11.42;Bueno;38.06;Bueno;Bueno;Bueno
2025-10-22;11:00;15;16.62;20.21;15.54;Bueno;44.91;Bueno;1;4.83;5.71;11.42;Bueno;38.06;Bueno;Bueno;Bueno
2025-10-22;12:00;20;16.96;20.21;15.54;Bueno;44.91;Bueno;1;4.71;5.71;11.42;Bueno;38.06;Bueno;Bueno;Bueno
2025-10-22;13:00;15;17.12;20.21;15.54;Bueno;44.91;Bueno;1;4.62;5.71;11.42;Bueno;38.06;Bueno;Bueno;Bueno
2025-10-22;14:00;8;16.96;20.21;15.54;Bueno;44.91;Bueno;1;4.58;5.71;11.42;Bueno;38.06;Bueno;Bueno;Bueno
2025-10-22;15:00;15;17.08;20.21;15.54;Bueno;44.91;Bueno;1;4.54;5.71;11.42;Bueno;38.06;Bueno;Bueno;Bueno
2025-10-22;16:00;12;17.21;20.21;15.54;Bueno;44.91;Bueno;1;4.54;5.71;11.42;Bueno;38.06;Bueno;Bueno;Bueno
2025-10-22;17:00;11;17.29;20.21;15.54;Bueno;44.91;Bueno;1;4.54;5.71;11.42;Bueno;38.06;Bueno;Bueno;Bueno
2025-10-22;18:00;16;17.42;20.21;15.54;Bueno;44.91;Bueno;1;4.54;5.71;11.42;Bueno;38.06;Bueno;Bueno;Bueno
2025-10-22;19:00;21;17.62;20.21;15.54;Bueno;44.91;Bueno;3;4.62;5.71;11.42;Bueno;38.06;Bueno;Bueno;Bueno
2025-10-22;20:00;34;18.67;20.21;15.54;Bueno;44.91;Bueno;14;4.96;5.71;11.42;Bueno;38.06;Bueno;Bueno;Bueno
2025-10-22;21:00;26;19.08;20.21;15.54;Bueno;44.91;Bueno;8;5.04;5.71;11.42;Bueno;38.06;Bueno;Bueno;Bueno
2025-10-22;22:00;34;19.50;20.21;15.54;Bueno;44.91;Bueno;18;5.54;5.71;11.42;Bueno;38.06;Bueno;Bueno;Bueno
2025-10-22;23:00;27;20.21;20.21;15.54;Bueno;44.91;Bueno;10;5.71;5.71;11.42;Bueno;38.06;Bueno;Bueno;Bueno
2025-10-23;00:00;32;20.96;23.42;18.01;Bueno;52.04;Bueno;23;6.38;11.83;23.67;Bueno;78.89;Bueno;Bueno;Bueno
2025-10-23;01:00;21;21.21;23.42;18.01;Bueno;52.04;Bueno;12;6.58;11.83;23.67;Bueno;78.89;Bueno;Bueno;Bueno
2025-10-23;02:00;24;21.79;23.42;18.01;Bueno;52.04;Bueno;14;6.88;11.83;23.67;Bueno;78.89;Bueno;Bueno;Bueno
2025-10-23;03:00;16;21.96;23.42;18.01;Bueno;52.04;Bueno;11;7.08;11.83;23.67;Bueno;78.89;Bueno;Bueno;Bueno
2025-10-23;04:00;11;22.12;23.42;18.01;Bueno;52.04;Bueno;6;7.25;11.83;23.67;Bueno;78.89;Bueno;Bueno;Bueno
2025-10-23;05:00;22;21.83;23.42;18.01;Bueno;52.04;Bueno;13;7.58;11.83;23.67;Bueno;78.89;Bueno;Bueno;Bueno
2025-10-23;06:00;35;21.71;23.42;18.01;Bueno;52.04;Bueno;14;7.67;11.83;23.67;Bueno;78.89;Bueno;Bueno;Bueno
2025-10-23;07:00;38;21.42;23.42;18.01;Bueno;52.04;Bueno;17;7.83;11.83;23.67;Bueno;78.89;Bueno;Bueno;Bueno
2025-10-23;08:00;23;21.12;23.42;18.01;Bueno;52.04;Bueno;10;7.79;11.83;23.67;Bueno;78.89;Bueno;Bueno;Bueno
2025-10-23;09:00;23;21.46;23.42;18.01;Bueno;52.04;Bueno;6;7.83;11.83;23.67;Bueno;78.89;Bueno;Bueno;Bueno
2025-10-23;10:00;9;21.17;23.42;18.01;Bueno;52.04;Bueno;3;7.92;11.83;23.67;Bueno;78.89;Bueno;Bueno;Bueno
2025-10-23;11:00;23;21.50;23.42;18.01;Bueno;52.04;Bueno;1;7.92;11.83;23.67;Bueno;78.89;Bueno;Bueno;Bueno
2025-10-23;12:00;14;21.25;23.42;18.01;Bueno;52.04;Bueno;1;7.92;11.83;23.67;Bueno;78.89;Bueno;Bueno;Bueno
2025-10-23;13:00;13;21.17;23.42;18.01;Bueno;52.04;Bueno;2;7.96;11.83;23.67;Bueno;78.89;Bueno;Bueno;Bueno
2025-10-23;14:00;9;21.21;23.42;18.01;Bueno;52.04;Bueno;3;8.04;11.83;23.67;Bueno;78.89;Bueno;Bueno;Bueno
2025-10-23;15:00;13;21.12;23.42;18.01;Bueno;52.04;Bueno;1;8.04;11.83;23.67;Bueno;78.89;Bueno;Bueno;Bueno
2025-10-23;16:00;13;21.17;23.42;18.01;Bueno;52.04;Bueno;1;8.04;11.83;23.67;Bueno;78.89;Bueno;Bueno;Bueno
2025-10-23;17:00;8;21.04;23.42;18.01;Bueno;52.04;Bueno;2;8.08;11.83;23.67;Bueno;78.89;Bueno;Bueno;Bueno
2025-10-23;18:00;8;20.71;23.42;18.01;Bueno;52.04;Bueno;1;8.08;11.83;23.67;Bueno;78.89;Bueno;Bueno;Bueno
2025-10-23;19:00;17;20.54;23.42;18.01;Bueno;52.04;Bueno;16;8.62;11.83;23.67;Bueno;78.89;Bueno;Bueno;Bueno
2025-10-23;20:00;13;19.67;23.42;18.01;Bueno;52.04;Bueno;3;8.17;11.83;23.67;Bueno;78.89;Bueno;Bueno;Bueno
2025-10-23;21:00;28;19.75;23.42;18.01;Bueno;52.04;Bueno;16;8.50;11.83;23.67;Bueno;78.89;Bueno;Bueno;Bueno
2025-10-23;22:00;102;22.58;23.42;18.01;Bueno;52.04;Bueno;73;10.79;11.83;23.67;Bueno;78.89;Bueno;Bueno;Bueno
2025-10-23;23:00;47;23.42;23.42;18.01;Bueno;52.04;Bueno;35;11.83;11.83;23.67;Bueno;78.89;Bueno;Bueno;Bueno
2025-10-24;00:00;42;23.83;23.10;17.77;Bueno;51.33;Bueno;30;12.12;16.30;32.60;Bueno;102.81;Regular;Bueno;Regular
2025-10-24;01:00;12;23.46;23.10;17.77;Bueno;51.33;Bueno;11;12.08;16.30;32.60;Bueno;102.81;Regular;Bueno;Regular
2025-10-24;02:00;10;22.88;23.10;17.77;Bueno;51.33;Bueno;10;11.92;16.30;32.60;Bueno;102.81;Regular;Bueno;Regular
2025-10-24;03:00;10;22.62;23.10;17.77;Bueno;51.33;Bueno;10;11.88;16.30;32.60;Bueno;102.81;Regular;Bueno;Regular
2025-10-24;04:00;16;22.83;23.10;17.77;Bueno;51.33;Bueno;8;11.96;16.30;32.60;Bueno;102.81;Regular;Bueno;Regular
2025-10-24;05:00;14;22.50;23.10;17.77;Bueno;51.33;Bueno;4;11.58;16.30;32.60;Bueno;102.81;Regular;Bueno;Regular
2025-10-24;06:00;21;21.92;23.10;17.77;Bueno;51.33;Bueno;5;11.21;16.30;32.60;Bueno;102.81;Regular;Bueno;Regular
2025-10-24;07:00;23;21.29;23.10;17.77;Bueno;51.33;Bueno;17;11.21;16.30;32.60;Bueno;102.81;Regular;Bueno;Regular
2025-10-24;08:00;;21.22;23.10;17.77;Bueno;51.33;Bueno;;11.26;16.30;32.60;Bueno;102.81;Regular;Bueno;Regular
2025-10-24;09:00;;21.14;23.10;17.77;Bueno;51.33;Bueno;;11.50;16.30;32.60;Bueno;102.81;Regular;Bueno;Regular
2025-10-24;10:00;;21.71;23.10;17.77;Bueno;51.33;Bueno;;11.90;16.30;32.60;Bueno;102.81;Regular;Bueno;Regular
2025-10-24;11:00;;21.65;23.10;17.77;Bueno;51.33;Bueno;;12.45;16.30;32.60;Bueno;102.81;Regular;Bueno;Regular
2025-10-24;12:00;7;21.30;23.10;17.77;Bueno;51.33;Bueno;41;14.45;16.30;32.60;Bueno;102.81;Regular;Bueno;Regular
2025-10-24;13:00;6;20.95;23.10;17.77;Bueno;51.33;Bueno;1;14.40;16.30;32.60;Bueno;102.81;Regular;Bueno;Regular
2025-10-24;14:00;11;21.05;23.10;17.77;Bueno;51.33;Bueno;2;14.35;16.30;32.60;Bueno;102.81;Regular;Bueno;Regular
2025-10-24;15:00;9;20.85;23.10;17.77;Bueno;51.33;Bueno;2;14.40;16.30;32.60;Bueno;102.81;Regular;Bueno;Regular
2025-10-24;16:00;19;21.15;23.10;17.77;Bueno;51.33;Bueno;15;15.10;16.30;32.60;Bueno;102.81;Regular;Bueno;Regular
2025-10-24;17:00;15;21.50;23.10;17.77;Bueno;51.33;Bueno;2;15.10;16.30;32.60;Bueno;102.81;Regular;Bueno;Regular
2025-10-24;18:00;10;21.60;23.10;17.77;Bueno;51.33;Bueno;1;15.10;16.30;32.60;Bueno;102.81;Regular;Bueno;Regular
2025-10-24;19:00;12;21.35;23.10;17.77;Bueno;51.33;Bueno;1;14.35;16.30;32.60;Bueno;102.81;Regular;Bueno;Regular
2025-10-24;20:00;24;21.90;23.10;17.77;Bueno;51.33;Bueno;10;14.70;16.30;32.60;Bueno;102.81;Regular;Bueno;Regular
2025-10-24;21:00;45;22.75;23.10;17.77;Bueno;51.33;Bueno;35;15.65;16.30;32.60;Bueno;102.81;Regular;Bueno;Regular
2025-10-24;22:00;107;23.00;23.10;17.77;Bueno;51.33;Bueno;87;16.35;16.30;32.60;Bueno;102.81;Regular;Bueno;Regular
2025-10-24;23:00;49;23.10;23.10;17.77;Bueno;51.33;Bueno;34;16.30;16.30;32.60;Bueno;102.81;Regular;Bueno;Regular
2025-10-25;00:00;63;24.15;17.75;13.65;Bueno;39.44;Bueno;52;17.40;10.33;20.67;Bueno;68.89;Bueno;Bueno;Bueno
2025-10-25;01:00;51;26.10;17.75;13.65;Bueno;39.44;Bueno;37;18.70;10.33;20.67;Bueno;68.89;Bueno;Bueno;Bueno
2025-10-25;02:00;28;27.00;17.75;13.65;Bueno;39.44;Bueno;17;19.05;10.33;20.67;Bueno;68.89;Bueno;Bueno;Bueno
2025-10-25;03:00;21;27.55;17.75;13.65;Bueno;39.44;Bueno;12;19.15;10.33;20.67;Bueno;68.89;Bueno;Bueno;Bueno
2025-10-25;04:00;9;27.20;17.75;13.65;Bueno;39.44;Bueno;6;19.05;10.33;20.67;Bueno;68.89;Bueno;Bueno;Bueno
2025-10-25;05:00;9;26.95;17.75;13.65;Bueno;39.44;Bueno;5;19.10;10.33;20.67;Bueno;68.89;Bueno;Bueno;Bueno
2025-10-25;06:00;17;26.75;17.75;13.65;Bueno;39.44;Bueno;6;19.15;10.33;20.67;Bueno;68.89;Bueno;Bueno;Bueno
2025-10-25;07:00;22;26.70;17.75;13.65;Bueno;39.44;Bueno;14;19.00;10.33;20.67;Bueno;68.89;Bueno;Bueno;Bueno
2025-10-25;08:00;20;26.38;17.75;13.65;Bueno;39.44;Bueno;11;18.62;10.33;20.67;Bueno;68.89;Bueno;Bueno;Bueno
2025-10-25;09:00;19;26.05;17.75;13.65;Bueno;39.44;Bueno;10;18.23;10.33;20.67;Bueno;68.89;Bueno;Bueno;Bueno
2025-10-25;10:00;21;25.83;17.75;13.65;Bueno;39.44;Bueno;4;17.61;10.33;20.67;Bueno;68.89;Bueno;Bueno;Bueno
2025-10-25;11:00;12;25.25;17.75;13.65;Bueno;39.44;Bueno;1;16.92;10.33;20.67;Bueno;68.89;Bueno;Bueno;Bueno
2025-10-25;12:00;7;25.25;17.75;13.65;Bueno;39.44;Bueno;2;15.29;10.33;20.67;Bueno;68.89;Bueno;Bueno;Bueno
2025-10-25;13:00;11;25.46;17.75;13.65;Bueno;39.44;Bueno;7;15.54;10.33;20.67;Bueno;68.89;Bueno;Bueno;Bueno
2025-10-25;14:00;10;25.42;17.75;13.65;Bueno;39.44;Bueno;4;15.62;10.33;20.67;Bueno;68.89;Bueno;Bueno;Bueno
2025-10-25;15:00;6;25.29;17.75;13.65;Bueno;39.44;Bueno;1;15.58;10.33;20.67;Bueno;68.89;Bueno;Bueno;Bueno
2025-10-25;16:00;7;24.79;17.75;13.65;Bueno;39.44;Bueno;2;15.04;10.33;20.67;Bueno;68.89;Bueno;Bueno;Bueno
2025-10-25;17:00;9;24.54;17.75;13.65;Bueno;39.44;Bueno;2;15.04;10.33;20.67;Bueno;68.89;Bueno;Bueno;Bueno
2025-10-25;18:00;5;24.33;17.75;13.65;Bueno;39.44;Bueno;4;15.17;10.33;20.67;Bueno;68.89;Bueno;Bueno;Bueno
2025-10-25;19:00;13;24.38;17.75;13.65;Bueno;39.44;Bueno;5;15.33;10.33;20.67;Bueno;68.89;Bueno;Bueno;Bueno
2025-10-25;20:00;14;23.96;17.75;13.65;Bueno;39.44;Bueno;11;15.38;10.33;20.67;Bueno;68.89;Bueno;Bueno;Bueno
2025-10-25;21:00;14;22.67;17.75;13.65;Bueno;39.44;Bueno;9;14.29;10.33;20.67;Bueno;68.89;Bueno;Bueno;Bueno
2025-10-25;22:00;24;19.21;17.75;13.65;Bueno;39.44;Bueno;16;11.33;10.33;20.67;Bueno;68.89;Bueno;Bueno;Bueno
2025-10-25;23:00;14;17.75;17.75;13.65;Bueno;39.44;Bueno;10;10.33;10.33;20.67;Bueno;68.89;Bueno;Bueno;Bueno
2025-10-26;00:00;10;15.54;8.88;6.83;Bueno;19.72;Bueno;7;8.46;3.50;7.00;Bueno;23.33;Bueno;Bueno;Bueno
2025-10-26;01:00;8;13.75;8.88;6.83;Bueno;19.72;Bueno;2;7.00;3.50;7.00;Bueno;23.33;Bueno;Bueno;Bueno
2025-10-26;02:00;5;12.79;8.88;6.83;Bueno;19.72;Bueno;1;6.33;3.50;7.00;Bueno;23.33;Bueno;Bueno;Bueno
2025-10-26;03:00;5;12.12;8.88;6.83;Bueno;19.72;Bueno;1;5.88;3.50;7.00;Bueno;23.33;Bueno;Bueno;Bueno
2025-10-26;04:00;4;11.92;8.88;6.83;Bueno;19.72;Bueno;1;5.67;3.50;7.00;Bueno;23.33;Bueno;Bueno;Bueno
2025-10-26;05:00;1;11.58;8.88;6.83;Bueno;19.72;Bueno;1;5.50;3.50;7.00;Bueno;23.33;Bueno;Bueno;Bueno
2025-10-26;06:00;1;10.92;8.88;6.83;Bueno;19.72;Bueno;1;5.29;3.50;7.00;Bueno;23.33;Bueno;Bueno;Bueno
2025-10-26;07:00;4;10.17;8.88;6.83;Bueno;19.72;Bueno;1;4.75;3.50;7.00;Bueno;23.33;Bueno;Bueno;Bueno
2025-10-26;08:00;14;9.92;8.88;6.83;Bueno;19.72;Bueno;11;4.75;3.50;7.00;Bueno;23.33;Bueno;Bueno;Bueno
2025-10-26;09:00;11;9.58;8.88;6.83;Bueno;19.72;Bueno;8;4.67;3.50;7.00;Bueno;23.33;Bueno;Bueno;Bueno
2025-10-26;10:00;7;9.00;8.88;6.83;Bueno;19.72;Bueno;4;4.67;3.50;7.00;Bueno;23.33;Bueno;Bueno;Bueno
2025-10-26;11:00;7;8.79;8.88;6.83;Bueno;19.72;Bueno;3;4.75;3.50;7.00;Bueno;23.33;Bueno;Bueno;Bueno
2025-10-26;12:00;9;8.88;8.88;6.83;Bueno;19.72;Bueno;3;4.79;3.50;7.00;Bueno;23.33;Bueno;Bueno;Bueno
2025-10-26;13:00;8;8.75;8.88;6.83;Bueno;19.72;Bueno;1;4.54;3.50;7.00;Bueno;23.33;Bueno;Bueno;Bueno
2025-10-26;14:00;5;8.54;8.88;6.83;Bueno;19.72;Bueno;1;4.42;3.50;7.00;Bueno;23.33;Bueno;Bueno;Bueno
2025-10-26;15:00;1;8.33;8.88;6.83;Bueno;19.72;Bueno;1;4.42;3.50;7.00;Bueno;23.33;Bueno;Bueno;Bueno
2025-10-26;16:00;2;8.12;8.88;6.83;Bueno;19.72;Bueno;1;4.38;3.50;7.00;Bueno;23.33;Bueno;Bueno;Bueno
2025-10-26;17:00;8;8.08;8.88;6.83;Bueno;19.72;Bueno;1;4.33;3.50;7.00;Bueno;23.33;Bueno;Bueno;Bueno
2025-10-26;18:00;12;8.38;8.88;6.83;Bueno;19.72;Bueno;2;4.25;3.50;7.00;Bueno;23.33;Bueno;Bueno;Bueno
2025-10-26;19:00;14;8.42;8.88;6.83;Bueno;19.72;Bueno;4;4.21;3.50;7.00;Bueno;23.33;Bueno;Bueno;Bueno
2025-10-26;20:00;18;8.58;8.88;6.83;Bueno;19.72;Bueno;5;3.96;3.50;7.00;Bueno;23.33;Bueno;Bueno;Bueno
2025-10-26;21:00;17;8.71;8.88;6.83;Bueno;19.72;Bueno;9;3.96;3.50;7.00;Bueno;23.33;Bueno;Bueno;Bueno
2025-10-26;22:00;21;8.58;8.88;6.83;Bueno;19.72;Bueno;9;3.67;3.50;7.00;Bueno;23.33;Bueno;Bueno;Bueno
2025-10-26;23:00;21;8.88;8.88;6.83;Bueno;19.72;Bueno;6;3.50;3.50;7.00;Bueno;23.33;Bueno;Bueno;Bueno
2025-10-27;00:00;21;9.33;30.50;23.46;Bueno;67.78;Bueno;7;3.50;5.12;10.25;Bueno;34.17;Bueno;Bueno;Bueno
2025-10-27;01:00;20;9.83;30.50;23.46;Bueno;67.78;Bueno;13;3.96;5.12;10.25;Bueno;34.17;Bueno;Bueno;Bueno
2025-10-27;02:00;9;10.00;30.50;23.46;Bueno;67.78;Bueno;6;4.17;5.12;10.25;Bueno;34.17;Bueno;Bueno;Bueno
2025-10-27;03:00;11;10.25;30.50;23.46;Bueno;67.78;Bueno;2;4.21;5.12;10.25;Bueno;34.17;Bueno;Bueno;Bueno
2025-10-27;04:00;6;10.33;30.50;23.46;Bueno;67.78;Bueno;1;4.21;5.12;10.25;Bueno;34.17;Bueno;Bueno;Bueno
2025-10-27;05:00;17;11.00;30.50;23.46;Bueno;67.78;Bueno;3;4.29;5.12;10.25;Bueno;34.17;Bueno;Bueno;Bueno
2025-10-27;06:00;25;12.00;30.50;23.46;Bueno;67.78;Bueno;11;4.71;5.12;10.25;Bueno;34.17;Bueno;Bueno;Bueno
2025-10-27;07:00;30;13.08;30.50;23.46;Bueno;67.78;Bueno;8;5.00;5.12;10.25;Bueno;34.17;Bueno;Bueno;Bueno
2025-10-27;08:00;29;13.71;30.50;23.46;Bueno;67.78;Bueno;12;5.04;5.12;10.25;Bueno;34.17;Bueno;Bueno;Bueno
2025-10-27;09:00;52;15.42;30.50;23.46;Bueno;67.78;Bueno;21;5.58;5.12;10.25;Bueno;34.17;Bueno;Bueno;Bueno
2025-10-27;10:00;42;16.88;30.50;23.46;Bueno;67.78;Bueno;6;5.67;5.12;10.25;Bueno;34.17;Bueno;Bueno;Bueno
2025-10-27;11:00;38;18.17;30.50;23.46;Bueno;67.78;Bueno;3;5.67;5.12;10.25;Bueno;34.17;Bueno;Bueno;Bueno
2025-10-27;12:00;38;19.38;30.50;23.46;Bueno;67.78;Bueno;1;5.58;5.12;10.25;Bueno;34.17;Bueno;Bueno;Bueno
2025-10-27;13:00;50;21.12;30.50;23.46;Bueno;67.78;Bueno;1;5.58;5.12;10.25;Bueno;34.17;Bueno;Bueno;Bueno
2025-10-27;14:00;51;23.04;30.50;23.46;Bueno;67.78;Bueno;1;5.58;5.12;10.25;Bueno;34.17;Bueno;Bueno;Bueno
2025-10-27;15:00;52;25.17;30.50;23.46;Bueno;67.78;Bueno;2;5.62;5.12;10.25;Bueno;34.17;Bueno;Bueno;Bueno
2025-10-27;16:00;53;27.29;30.50;23.46;Bueno;67.78;Bueno;1;5.62;5.12;10.25;Bueno;34.17;Bueno;Bueno;Bueno
2025-10-27;17:00;44;28.79;30.50;23.46;Bueno;67.78;Bueno;1;5.62;5.12;10.25;Bueno;34.17;Bueno;Bueno;Bueno
2025-10-27;18:00;34;29.71;30.50;23.46;Bueno;67.78;Bueno;1;5.58;5.12;10.25;Bueno;34.17;Bueno;Bueno;Bueno
2025-10-27;19:00;24;30.12;30.50;23.46;Bueno;67.78;Bueno;1;5.46;5.12;10.25;Bueno;34.17;Bueno;Bueno;Bueno
2025-10-27;20:00;21;30.25;30.50;23.46;Bueno;67.78;Bueno;1;5.29;5.12;10.25;Bueno;34.17;Bueno;Bueno;Bueno
2025-10-27;21:00;26;30.62;30.50;23.46;Bueno;67.78;Bueno;6;5.17;5.12;10.25;Bueno;34.17;Bueno;Bueno;Bueno
2025-10-27;22:00;17;30.46;30.50;23.46;Bueno;67.78;Bueno;8;5.12;5.12;10.25;Bueno;34.17;Bueno;Bueno;Bueno
2025-10-27;23:00;22;30.50;30.50;23.46;Bueno;67.78;Bueno;6;5.12;5.12;10.25;Bueno;34.17;Bueno;Bueno;Bueno
2025-10-28;00:00;29;30.83;23.75;18.27;Bueno;52.78;Bueno;13;5.38;5.50;11.00;Bueno;36.67;Bueno;Bueno;Bueno
2025-10-28;01:00;16;30.67;23.75;18.27;Bueno;52.78;Bueno;7;5.12;5.50;11.00;Bueno;36.67;Bueno;Bueno;Bueno
2025-10-28;02:00;11;30.75;23.75;18.27;Bueno;52.78;Bueno;5;5.08;5.50;11.00;Bueno;36.67;Bueno;Bueno;Bueno
2025-10-28;03:00;12;30.79;23.75;18.27;Bueno;52.78;Bueno;8;5.33;5.50;11.00;Bueno;36.67;Bueno;Bueno;Bueno
2025-10-28;04:00;10;30.96;23.75;18.27;Bueno;52.78;Bueno;4;5.46;5.50;11.00;Bueno;36.67;Bueno;Bueno;Bueno
2025-10-28;05:00;17;30.96;23.75;18.27;Bueno;52.78;Bueno;6;5.58;5.50;11.00;Bueno;36.67;Bueno;Bueno;Bueno
2025-10-28;06:00;38;31.50;23.75;18.27;Bueno;52.78;Bueno;13;5.67;5.50;11.00;Bueno;36.67;Bueno;Bueno;Bueno
2025-10-28;07:00;52;32.42;23.75;18.27;Bueno;52.78;Bueno;17;6.04;5.50;11.00;Bueno;36.67;Bueno;Bueno;Bueno
2025-10-28;08:00;35;32.67;23.75;18.27;Bueno;52.78;Bueno;8;5.88;5.50;11.00;Bueno;36.67;Bueno;Bueno;Bueno
2025-10-28;09:00;26;31.58;23.75;18.27;Bueno;52.78;Bueno;9;5.38;5.50;11.00;Bueno;36.67;Bueno;Bueno;Bueno
2025-10-28;10:00;26;30.92;23.75;18.27;Bueno;52.78;Bueno;5;5.33;5.50;11.00;Bueno;36.67;Bueno;Bueno;Bueno
2025-10-28;11:00;19;30.12;23.75;18.27;Bueno;52.78;Bueno;1;5.25;5.50;11.00;Bueno;36.67;Bueno;Bueno;Bueno
2025-10-28;12:00;25;29.58;23.75;18.27;Bueno;52.78;Bueno;1;5.25;5.50;11.00;Bueno;36.67;Bueno;Bueno;Bueno
2025-10-28;13:00;27;28.62;23.75;18.27;Bueno;52.78;Bueno;1;5.25;5.50;11.00;Bueno;36.67;Bueno;Bueno;Bueno
2025-10-28;14:00;32;27.83;23.75;18.27;Bueno;52.78;Bueno;2;5.29;5.50;11.00;Bueno;36.67;Bueno;Bueno;Bueno
2025-10-28;15:00;36;27.17;23.75;18.27;Bueno;52.78;Bueno;3;5.33;5.50;11.00;Bueno;36.67;Bueno;Bueno;Bueno
2025-10-28;16:00;7;25.25;23.75;18.27;Bueno;52.78;Bueno;1;5.33;5.50;11.00;Bueno;36.67;Bueno;Bueno;Bueno
2025-10-28;17:00;17;24.12;23.75;18.27;Bueno;52.78;Bueno;5;5.50;5.50;11.00;Bueno;36.67;Bueno;Bueno;Bueno
2025-10-28;18:00;22;23.62;23.75;18.27;Bueno;52.78;Bueno;3;5.58;5.50;11.00;Bueno;36.67;Bueno;Bueno;Bueno
2025-10-28;19:00;20;23.46;23.75;18.27;Bueno;52.78;Bueno;2;5.62;5.50;11.00;Bueno;36.67;Bueno;Bueno;Bueno
2025-10-28;20:00;25;23.62;23.75;18.27;Bueno;52.78;Bueno;6;5.83;5.50;11.00;Bueno;36.67;Bueno;Bueno;Bueno
2025-10-28;21:00;24;23.54;23.75;18.27;Bueno;52.78;Bueno;4;5.75;5.50;11.00;Bueno;36.67;Bueno;Bueno;Bueno
2025-10-28;22:00;20;23.67;23.75;18.27;Bueno;52.78;Bueno;4;5.58;5.50;11.00;Bueno;36.67;Bueno;Bueno;Bueno
2025-10-28;23:00;24;23.75;23.75;18.27;Bueno;52.78;Bueno;4;5.50;5.50;11.00;Bueno;36.67;Bueno;Bueno;Bueno
2025-10-29;00:00;18;23.29;18.83;14.49;Bueno;41.85;Bueno;3;5.08;2.92;5.83;Bueno;19.44;Bueno;Bueno;Bueno
2025-10-29;01:00;13;23.17;18.83;14.49;Bueno;41.85;Bueno;1;4.83;2.92;5.83;Bueno;19.44;Bueno;Bueno;Bueno
2025-10-29;02:00;12;23.21;18.83;14.49;Bueno;41.85;Bueno;3;4.75;2.92;5.83;Bueno;19.44;Bueno;Bueno;Bueno
2025-10-29;03:00;12;23.21;18.83;14.49;Bueno;41.85;Bueno;2;4.50;2.92;5.83;Bueno;19.44;Bueno;Bueno;Bueno
2025-10-29;04:00;17;23.50;18.83;14.49;Bueno;41.85;Bueno;7;4.62;2.92;5.83;Bueno;19.44;Bueno;Bueno;Bueno
2025-10-29;05:00;31;24.08;18.83;14.49;Bueno;41.85;Bueno;7;4.67;2.92;5.83;Bueno;19.44;Bueno;Bueno;Bueno
2025-10-29;06:00;27;23.62;18.83;14.49;Bueno;41.85;Bueno;5;4.33;2.92;5.83;Bueno;19.44;Bueno;Bueno;Bueno
2025-10-29;07:00;40;23.12;18.83;14.49;Bueno;41.85;Bueno;11;4.08;2.92;5.83;Bueno;19.44;Bueno;Bueno;Bueno
2025-10-29;08:00;22;22.58;18.83;14.49;Bueno;41.85;Bueno;7;4.04;2.92;5.83;Bueno;19.44;Bueno;Bueno;Bueno
2025-10-29;09:00;33;22.88;18.83;14.49;Bueno;41.85;Bueno;5;3.88;2.92;5.83;Bueno;19.44;Bueno;Bueno;Bueno
2025-10-29;10:00;27;22.92;18.83;14.49;Bueno;41.85;Bueno;3;3.79;2.92;5.83;Bueno;19.44;Bueno;Bueno;Bueno
2025-10-29;11:00;20;22.96;18.83;14.49;Bueno;41.85;Bueno;4;3.92;2.92;5.83;Bueno;19.44;Bueno;Bueno;Bueno
2025-10-29;12:00;24;22.92;18.83;14.49;Bueno;41.85;Bueno;1;3.92;2.92;5.83;Bueno;19.44;Bueno;Bueno;Bueno
2025-10-29;13:00;22;22.71;18.83;14.49;Bueno;41.85;Bueno;1;3.92;2.92;5.83;Bueno;19.44;Bueno;Bueno;Bueno
2025-10-29;14:00;21;22.25;18.83;14.49;Bueno;41.85;Bueno;1;3.88;2.92;5.83;Bueno;19.44;Bueno;Bueno;Bueno
2025-10-29;15:00;23;21.71;18.83;14.49;Bueno;41.85;Bueno;1;3.79;2.92;5.83;Bueno;19.44;Bueno;Bueno;Bueno
2025-10-29;16:00;20;22.25;18.83;14.49;Bueno;41.85;Bueno;1;3.79;2.92;5.83;Bueno;19.44;Bueno;Bueno;Bueno
2025-10-29;17:00;21;22.42;18.83;14.49;Bueno;41.85;Bueno;1;3.62;2.92;5.83;Bueno;19.44;Bueno;Bueno;Bueno
2025-10-29;18:00;12;22.00;18.83;14.49;Bueno;41.85;Bueno;1;3.54;2.92;5.83;Bueno;19.44;Bueno;Bueno;Bueno
2025-10-29;19:00;11;21.62;18.83;14.49;Bueno;41.85;Bueno;1;3.50;2.92;5.83;Bueno;19.44;Bueno;Bueno;Bueno
2025-10-29;20:00;10;21.00;18.83;14.49;Bueno;41.85;Bueno;1;3.29;2.92;5.83;Bueno;19.44;Bueno;Bueno;Bueno
2025-10-29;21:00;6;20.25;18.83;14.49;Bueno;41.85;Bueno;1;3.17;2.92;5.83;Bueno;19.44;Bueno;Bueno;Bueno
2025-10-29;22:00;6;19.67;18.83;14.49;Bueno;41.85;Bueno;1;3.04;2.92;5.83;Bueno;19.44;Bueno;Bueno;Bueno
2025-10-29;23:00;4;18.83;18.83;14.49;Bueno;41.85;Bueno;1;2.92;2.92;5.83;Bueno;19.44;Bueno;Bueno;Bueno
2025-10-30;00:00;3;18.21;15.38;11.83;Bueno;34.17;Bueno;1;2.83;2.33;4.67;Bueno;15.56;Bueno;Bueno;Bueno
2025-10-30;01:00;4;17.83;15.38;11.83;Bueno;34.17;Bueno;1;2.83;2.33;4.67;Bueno;15.56;Bueno;Bueno;Bueno
2025-10-30;02:00;3;17.46;15.38;11.83;Bueno;34.17;Bueno;1;2.75;2.33;4.67;Bueno;15.56;Bueno;Bueno;Bueno
2025-10-30;03:00;7;17.25;15.38;11.83;Bueno;34.17;Bueno;1;2.71;2.33;4.67;Bueno;15.56;Bueno;Bueno;Bueno
2025-10-30;04:00;6;16.79;15.38;11.83;Bueno;34.17;Bueno;1;2.46;2.33;4.67;Bueno;15.56;Bueno;Bueno;Bueno
2025-10-30;05:00;9;15.88;15.38;11.83;Bueno;34.17;Bueno;1;2.21;2.33;4.67;Bueno;15.56;Bueno;Bueno;Bueno
2025-10-30;06:00;16;15.42;15.38;11.83;Bueno;34.17;Bueno;1;2.04;2.33;4.67;Bueno;15.56;Bueno;Bueno;Bueno
2025-10-30;07:00;27;14.88;15.38;11.83;Bueno;34.17;Bueno;2;1.67;2.33;4.67;Bueno;15.56;Bueno;Bueno;Bueno
2025-10-30;08:00;15;14.58;15.38;11.83;Bueno;34.17;Bueno;3;1.50;2.33;4.67;Bueno;15.56;Bueno;Bueno;Bueno
2025-10-30;09:00;14;13.79;15.38;11.83;Bueno;34.17;Bueno;1;1.33;2.33;4.67;Bueno;15.56;Bueno;Bueno;Bueno
2025-10-30;10:00;9;13.04;15.38;11.83;Bueno;34.17;Bueno;1;1.25;2.33;4.67;Bueno;15.56;Bueno;Bueno;Bueno
2025-10-30;11:00;13;12.75;15.38;11.83;Bueno;34.17;Bueno;1;1.12;2.33;4.67;Bueno;15.56;Bueno;Bueno;Bueno
2025-10-30;12:00;14;12.33;15.38;11.83;Bueno;34.17;Bueno;1;1.12;2.33;4.67;Bueno;15.56;Bueno;Bueno;Bueno
2025-10-30;13:00;15;12.04;15.38;11.83;Bueno;34.17;Bueno;1;1.12;2.33;4.67;Bueno;15.56;Bueno;Bueno;Bueno
2025-10-30;14:00;19;11.96;15.38;11.83;Bueno;34.17;Bueno;1;1.12;2.33;4.67;Bueno;15.56;Bueno;Bueno;Bueno
2025-10-30;15:00;21;11.88;15.38;11.83;Bueno;34.17;Bueno;2;1.17;2.33;4.67;Bueno;15.56;Bueno;Bueno;Bueno
2025-10-30;16:00;20;11.88;15.38;11.83;Bueno;34.17;Bueno;2;1.21;2.33;4.67;Bueno;15.56;Bueno;Bueno;Bueno
2025-10-30;17:00;14;11.58;15.38;11.83;Bueno;34.17;Bueno;1;1.21;2.33;4.67;Bueno;15.56;Bueno;Bueno;Bueno
2025-10-30;18:00;16;11.75;15.38;11.83;Bueno;34.17;Bueno;1;1.21;2.33;4.67;Bueno;15.56;Bueno;Bueno;Bueno
2025-10-30;19:00;22;12.21;15.38;11.83;Bueno;34.17;Bueno;4;1.33;2.33;4.67;Bueno;15.56;Bueno;Bueno;Bueno
2025-10-30;20:00;33;13.17;15.38;11.83;Bueno;34.17;Bueno;7;1.58;2.33;4.67;Bueno;15.56;Bueno;Bueno;Bueno
2025-10-30;21:00;26;14.00;15.38;11.83;Bueno;34.17;Bueno;8;1.88;2.33;4.67;Bueno;15.56;Bueno;Bueno;Bueno
2025-10-30;22:00;17;14.46;15.38;11.83;Bueno;34.17;Bueno;5;2.04;2.33;4.67;Bueno;15.56;Bueno;Bueno;Bueno
2025-10-30;23:00;26;15.38;15.38;11.83;Bueno;34.17;Bueno;8;2.33;2.33;4.67;Bueno;15.56;Bueno;Bueno;Bueno
2025-10-31;00:00;31;16.54;;;;;;15;2.92;;;;;;;
2025-10-31;01:00;11;16.83;;;;;;7;3.17;;;;;;;
2025-10-31;02:00;13;17.25;;;;;;3;3.25;;;;;;;
2025-10-31;03:00;8;17.29;;;;;;2;3.29;;;;;;;
2025-10-31;04:00;8;17.38;;;;;;1;3.29;;;;;;;
2025-10-31;05:00;4;17.17;;;;;;1;3.29;;;;;;;
2025-10-31;06:00;3;16.62;;;;;;1;3.29;;;;;;;
2025-10-31;07:00;;16.17;;;;;;;3.35;;;;;;;
2025-10-31;08:00;;16.23;;;;;;;3.36;;;;;;;
2025-10-31;09:00;;16.33;;;;;;;3.48;;;;;;;
2025-10-31;10:00;;16.70;;;;;;;3.60;;;;;;;
2025-10-31;11:00;;16.89;;;;;;;3.74;;;;;;;
2025-10-31;12:00;;17.06;;;;;;;3.89;;;;;;;
2025-10-31;13:00;;;;;;;;;;;;;;;;
2025-10-31;14:00;;;;;;;;;;;;;;;;
2025-10-31;15:00;;;;;;;;;;;;;;;;
2025-10-31;16:00;;;;;;;;;;;;;;;;
2025-10-31;17:00;;;;;;;;;;;;;;;;
2025-10-31;18:00;;;;;;;;;;;;;;;;
2025-10-31;19:00;;;;;;;;;;;;;;;;
2025-10-31;20:00;;;;;;;;;;;;;;;;
2025-10-31;21:00;;;;;;;;;;;;;;;;
2025-10-31;22:00;;;;;;;;;;;;;;;;
2025-10-31;23:00;;;;;;;;;;;;;;;;
2025-11-01;00:00;;;;;;;;;;;;;;;;
2025-11-01;01:00;;;;;;;;;;;;;;;;
2025-11-01;02:00;;;;;;;;;;;;;;;;
2025-11-01;03:00;;;;;;;;;;;;;;;;
2025-11-01;04:00;;;;;;;;;;;;;;;;
2025-11-01;05:00;;;;;;;;;;;;;;;;
2025-11-01;06:00;;;;;;;;;;;;;;;;
2025-11-01;07:00;;;;;;;;;;;;;;;;
2025-11-01;08:00;;;;;;;;;;;;;;;;
2025-11-01;09:00;;;;;;;;;;;;;;;;
2025-11-01;10:00;;;;;;;;;;;;;;;;
2025-11-01;11:00;;;;;;;;;;;;;;;;
2025-11-01;12:00;;;;;;;;;;;;;;;;
2025-11-01;13:00;;;;;;;;;;;;;;;;
2025-11-01;14:00;;;;;;;;;;;;;;;;
2025-11-01;15:00;;;;;;;;;;;;;;;;
2025-11-01;16:00;;;;;;;;;;;;;;;;
2025-11-01;17:00;;;;;;;;;;;;;;;;
2025-11-01;18:00;;;;;;;;;;;;;;;;
2025-11-01;19:00;;;;;;;;;;;;;;;;
2025-11-01;20:00;;;;;;;;;;;;;;;;
2025-11-01;21:00;;;;;;;;;;;;;;;;
2025-11-01;22:00;;;;;;;;;;;;;;;;
2025-11-01;23:00;;;;;;;;;;;;;;;;
2025-11-02;00:00;;;;;;;;;;;;;;;;
2025-11-02;01:00;;;;;;;;;;;;;;;;
2025-11-02;02:00;;;;;;;;;;;;;;;;
2025-11-02;03:00;;;;;;;;;;;;;;;;
2025-11-02;04:00;;;;;;;;;;;;;;;;
2025-11-02;05:00;;;;;;;;;;;;;;;;
2025-11-02;06:00;;;;;;;;;;;;;;;;
2025-11-02;07:00;;;;;;;;;;;;;;;;
2025-11-02;08:00;;;;;;;;;;;;;;;;
2025-11-02;09:00;;;;;;;;;;;;;;;;
2025-11-02;10:00;;;;;;;;;;;;;;;;
2025-11-02;11:00;;;;;;;;;;;;;;;;
2025-11-02;12:00;;;;;;;;;;;;;;;;
2025-11-02;13:00;;;;;;;;;;;;;;;;
2025-11-02;14:00;;;;;;;;;;;;;;;;
2025-11-02;15:00;;;;;;;;;;;;;;;;
2025-11-02;16:00;;;;;;;;;;;;;;;;
2025-11-02;17:00;;;;;;;;;;;;;;;;
2025-11-02;18:00;;;;;;;;;;;;;;;;
2025-11-02;19:00;;;;;;;;;;;;;;;;
2025-11-02;20:00;;;;;;;;;;;;;;;;
2025-11-02;21:00;;;;;;;;;;;;;;;;
2025-11-02;22:00;;;;;;;;;;;;;;;;
2025-11-02;23:00;;;;;;;;;;;;;;;;
2025-11-03;00:00;;;;;;;;;;;;;;;;
2025-11-03;01:00;;;;;;;;;;;;;;;;
2025-11-03;02:00;;;;;;;;;;;;;;;;
2025-11-03;03:00;;;;;;;;;;;;;;;;
2025-11-03;04:00;;;;;;;;;;;;;;;;
2025-11-03;05:00;;;;;;;;;;;;;;;;
2025-11-03;06:00;;;;;;;;;;;;;;;;
2025-11-03;07:00;;;;;;;;;;;;;;;;
2025-11-03;08:00;;;;;;;;;;;;;;;;
2025-11-03;09:00;;;;;;;;;;;;;;;;
2025-11-03;10:00;55;;;;;;;1;;;;;;;;
2025-11-03;11:00;29;;;;;;;1;;;;;;;;
2025-11-03;12:00;30;;;;;;;2;;;;;;;;
2025-11-03;13:00;21;;;;;;;2;;;;;;;;
2025-11-03;14:00;21;;;;;;;1;;;;;;;;
2025-11-03;15:00;20;;;;;;;1;;;;;;;;
2025-11-03;16:00;22;;;;;;;2;;;;;;;;
2025-11-03;17:00;27;;;;;;;5;;;;;;;;
2025-11-03;18:00;22;;;;;;;9;;;;;;;;
2025-11-03;19:00;22;;;;;;;6;;;;;;;;
2025-11-03;20:00;33;;;;;;;11;;;;;;;;
2025-11-03;21:00;24;;;;;;;13;;;;;;;;
2025-11-03;22:00;30;;;;;;;13;;;;;;;;
2025-11-03;23:00;24;;;;;;;11;;;;;;;;
2025-11-04;00:00;12;;21.00;16.15;Bueno;46.67;Bueno;6;;6.71;13.42;Bueno;44.72;Bueno;Bueno;Bueno
2025-11-04;01:00;11;;21.00;16.15;Bueno;46.67;Bueno;4;;6.71;13.42;Bueno;44.72;Bueno;Bueno;Bueno
2025-11-04;02:00;13;;21.00;16.15;Bueno;46.67;Bueno;5;;6.71;13.42;Bueno;44.72;Bueno;Bueno;Bueno
2025-11-04;03:00;14;23.89;21.00;16.15;Bueno;46.67;Bueno;10;5.72;6.71;13.42;Bueno;44.72;Bueno;Bueno;Bueno
2025-11-04;04:00;14;23.37;21.00;16.15;Bueno;46.67;Bueno;8;5.84;6.71;13.42;Bueno;44.72;Bueno;Bueno;Bueno
2025-11-04;05:00;18;23.10;21.00;16.15;Bueno;46.67;Bueno;7;5.90;6.71;13.42;Bueno;44.72;Bueno;Bueno;Bueno
2025-11-04;06:00;18;22.86;21.00;16.15;Bueno;46.67;Bueno;8;6.00;6.71;13.42;Bueno;44.72;Bueno;Bueno;Bueno
2025-11-04;07:00;39;23.59;21.00;16.15;Bueno;46.67;Bueno;12;6.27;6.71;13.42;Bueno;44.72;Bueno;Bueno;Bueno
2025-11-04;08:00;26;23.70;21.00;16.15;Bueno;46.67;Bueno;12;6.52;6.71;13.42;Bueno;44.72;Bueno;Bueno;Bueno
2025-11-04;09:00;18;23.46;21.00;16.15;Bueno;46.67;Bueno;8;6.58;6.71;13.42;Bueno;44.72;Bueno;Bueno;Bueno
2025-11-04;10:00;20;22.00;21.00;16.15;Bueno;46.67;Bueno;13;7.08;6.71;13.42;Bueno;44.72;Bueno;Bueno;Bueno
2025-11-04;11:00;23;21.75;21.00;16.15;Bueno;46.67;Bueno;9;7.42;6.71;13.42;Bueno;44.72;Bueno;Bueno;Bueno
2025-11-04;12:00;23;21.46;21.00;16.15;Bueno;46.67;Bueno;7;7.62;6.71;13.42;Bueno;44.72;Bueno;Bueno;Bueno
2025-11-04;13:00;19;21.38;21.00;16.15;Bueno;46.67;Bueno;7;7.83;6.71;13.42;Bueno;44.72;Bueno;Bueno;Bueno
2025-11-04;14:00;21;21.38;21.00;16.15;Bueno;46.67;Bueno;7;8.08;6.71;13.42;Bueno;44.72;Bueno;Bueno;Bueno
2025-11-04;15:00;18;21.29;21.00;16.15;Bueno;46.67;Bueno;5;8.25;6.71;13.42;Bueno;44.72;Bueno;Bueno;Bueno
2025-11-04;16:00;12;20.88;21.00;16.15;Bueno;46.67;Bueno;2;8.25;6.71;13.42;Bueno;44.72;Bueno;Bueno;Bueno
2025-11-04;17:00;30;21.00;21.00;16.15;Bueno;46.67;Bueno;2;8.12;6.71;13.42;Bueno;44.72;Bueno;Bueno;Bueno
2025-11-04;18:00;28;21.25;21.00;16.15;Bueno;46.67;Bueno;2;7.83;6.71;13.42;Bueno;44.72;Bueno;Bueno;Bueno
2025-11-04;19:00;22;21.25;21.00;16.15;Bueno;46.67;Bueno;2;7.67;6.71;13.42;Bueno;44.72;Bueno;Bueno;Bueno
2025-11-04;20:00;28;21.04;21.00;16.15;Bueno;46.67;Bueno;3;7.33;6.71;13.42;Bueno;44.72;Bueno;Bueno;Bueno
2025-11-04;21:00;30;21.29;21.00;16.15;Bueno;46.67;Bueno;8;7.12;6.71;13.42;Bueno;44.72;Bueno;Bueno;Bueno
2025-11-04;22:00;26;21.12;21.00;16.15;Bueno;46.67;Bueno;8;6.92;6.71;13.42;Bueno;44.72;Bueno;Bueno;Bueno
2025-11-04;23:00;21;21.00;21.00;16.15;Bueno;46.67;Bueno;6;6.71;6.71;13.42;Bueno;44.72;Bueno;Bueno;Bueno
2025-11-05;00:00;14;21.08;22.54;17.34;Bueno;50.09;Bueno;3;6.58;3.79;7.58;Bueno;25.28;Bueno;Bueno;Bueno
2025-11-05;01:00;15;21.25;22.54;17.34;Bueno;50.09;Bueno;3;6.54;3.79;7.58;Bueno;25.28;Bueno;Bueno;Bueno
2025-11-05;02:00;11;21.17;22.54;17.34;Bueno;50.09;Bueno;1;6.38;3.79;7.58;Bueno;25.28;Bueno;Bueno;Bueno
2025-11-05;03:00;11;21.04;22.54;17.34;Bueno;50.09;Bueno;1;6.00;3.79;7.58;Bueno;25.28;Bueno;Bueno;Bueno
2025-11-05;04:00;9;20.83;22.54;17.34;Bueno;50.09;Bueno;1;5.71;3.79;7.58;Bueno;25.28;Bueno;Bueno;Bueno
2025-11-05;05:00;10;20.50;22.54;17.34;Bueno;50.09;Bueno;1;5.46;3.79;7.58;Bueno;25.28;Bueno;Bueno;Bueno
2025-11-05;06:00;17;20.46;22.54;17.34;Bueno;50.09;Bueno;1;5.17;3.79;7.58;Bueno;25.28;Bueno;Bueno;Bueno
2025-11-05;07:00;24;19.83;22.54;17.34;Bueno;50.09;Bueno;1;4.71;3.79;7.58;Bueno;25.28;Bueno;Bueno;Bueno
2025-11-05;08:00;30;20.00;22.54;17.34;Bueno;50.09;Bueno;6;4.46;3.79;7.58;Bueno;25.28;Bueno;Bueno;Bueno
2025-11-05;09:00;32;20.58;22.54;17.34;Bueno;50.09;Bueno;6;4.38;3.79;7.58;Bueno;25.28;Bueno;Bueno;Bueno
2025-11-05;10:00;29;20.96;22.54;17.34;Bueno;50.09;Bueno;8;4.17;3.79;7.58;Bueno;25.28;Bueno;Bueno;Bueno
2025-11-05;11:00;29;21.21;22.54;17.34;Bueno;50.09;Bueno;8;4.12;3.79;7.58;Bueno;25.28;Bueno;Bueno;Bueno
2025-11-05;12:00;36;21.75;22.54;17.34;Bueno;50.09;Bueno;5;4.04;3.79;7.58;Bueno;25.28;Bueno;Bueno;Bueno
2025-11-05;13:00;24;21.96;22.54;17.34;Bueno;50.09;Bueno;3;3.88;3.79;7.58;Bueno;25.28;Bueno;Bueno;Bueno
2025-11-05;14:00;28;22.25;22.54;17.34;Bueno;50.09;Bueno;5;3.79;3.79;7.58;Bueno;25.28;Bueno;Bueno;Bueno
2025-11-05;15:00;25;22.54;22.54;17.34;Bueno;50.09;Bueno;6;3.83;3.79;7.58;Bueno;25.28;Bueno;Bueno;Bueno
2025-11-05;16:00;33;23.42;22.54;17.34;Bueno;50.09;Bueno;4;3.92;3.79;7.58;Bueno;25.28;Bueno;Bueno;Bueno
2025-11-05;17:00;24;23.17;22.54;17.34;Bueno;50.09;Bueno;2;3.92;3.79;7.58;Bueno;25.28;Bueno;Bueno;Bueno
2025-11-05;18:00;19;22.79;22.54;17.34;Bueno;50.09;Bueno;4;4.00;3.79;7.58;Bueno;25.28;Bueno;Bueno;Bueno
2025-11-05;19:00;23;22.83;22.54;17.34;Bueno;50.09;Bueno;5;4.12;3.79;7.58;Bueno;25.28;Bueno;Bueno;Bueno
2025-11-05;20:00;27;22.79;22.54;17.34;Bueno;50.09;Bueno;6;4.25;3.79;7.58;Bueno;25.28;Bueno;Bueno;Bueno
2025-11-05;21:00;26;22.62;22.54;17.34;Bueno;50.09;Bueno;5;4.12;3.79;7.58;Bueno;25.28;Bueno;Bueno;Bueno
2025-11-05;22:00;23;22.50;22.54;17.34;Bueno;50.09;Bueno;3;3.92;3.79;7.58;Bueno;25.28;Bueno;Bueno;Bueno
2025-11-05;23:00;22;22.54;22.54;17.34;Bueno;50.09;Bueno;3;3.79;3.79;7.58;Bueno;25.28;Bueno;Bueno;Bueno
2025-11-06;00:00;16;22.62;24.00;18.46;Bueno;53.33;Bueno;1;3.71;3.50;7.00;Bueno;23.33;Bueno;Bueno;Bueno
2025-11-06;01:00;12;22.50;24.00;18.46;Bueno;53.33;Bueno;1;3.62;3.50;7.00;Bueno;23.33;Bueno;Bueno;Bueno
2025-11-06;02:00;10;22.46;24.00;18.46;Bueno;53.33;Bueno;1;3.62;3.50;7.00;Bueno;23.33;Bueno;Bueno;Bueno
2025-11-06;03:00;13;22.54;24.00;18.46;Bueno;53.33;Bueno;1;3.62;3.50;7.00;Bueno;23.33;Bueno;Bueno;Bueno
2025-11-06;04:00;12;22.67;24.00;18.46;Bueno;53.33;Bueno;1;3.62;3.50;7.00;Bueno;23.33;Bueno;Bueno;Bueno
2025-11-06;05:00;17;22.96;24.00;18.46;Bueno;53.33;Bueno;1;3.62;3.50;7.00;Bueno;23.33;Bueno;Bueno;Bueno
2025-11-06;06:00;13;22.79;24.00;18.46;Bueno;53.33;Bueno;2;3.67;3.50;7.00;Bueno;23.33;Bueno;Bueno;Bueno
2025-11-06;07:00;25;22.83;24.00;18.46;Bueno;53.33;Bueno;3;3.75;3.50;7.00;Bueno;23.33;Bueno;Bueno;Bueno
2025-11-06;08:00;26;22.67;24.00;18.46;Bueno;53.33;Bueno;4;3.67;3.50;7.00;Bueno;23.33;Bueno;Bueno;Bueno
2025-11-06;09:00;27;22.46;24.00;18.46;Bueno;53.33;Bueno;7;3.71;3.50;7.00;Bueno;23.33;Bueno;Bueno;Bueno
2025-11-06;10:00;29;22.46;24.00;18.46;Bueno;53.33;Bueno;7;3.67;3.50;7.00;Bueno;23.33;Bueno;Bueno;Bueno
2025-11-06;11:00;43;23.04;24.00;18.46;Bueno;53.33;Bueno;4;3.50;3.50;7.00;Bueno;23.33;Bueno;Bueno;Bueno
2025-11-06;12:00;36;23.04;24.00;18.46;Bueno;53.33;Bueno;1;3.33;3.50;7.00;Bueno;23.33;Bueno;Bueno;Bueno
2025-11-06;13:00;33;23.42;24.00;18.46;Bueno;53.33;Bueno;2;3.29;3.50;7.00;Bueno;23.33;Bueno;Bueno;Bueno
2025-11-06;14:00;33;23.62;24.00;18.46;Bueno;53.33;Bueno;4;3.25;3.50;7.00;Bueno;23.33;Bueno;Bueno;Bueno
2025-11-06;15:00;42;24.33;24.00;18.46;Bueno;53.33;Bueno;3;3.12;3.50;7.00;Bueno;23.33;Bueno;Bueno;Bueno
2025-11-06;16:00;31;24.25;24.00;18.46;Bueno;53.33;Bueno;4;3.12;3.50;7.00;Bueno;23.33;Bueno;Bueno;Bueno
2025-11-06;17:00;29;24.46;24.00;18.46;Bueno;53.33;Bueno;4;3.21;3.50;7.00;Bueno;23.33;Bueno;Bueno;Bueno
2025-11-06;18:00;28;24.83;24.00;18.46;Bueno;53.33;Bueno;4;3.21;3.50;7.00;Bueno;23.33;Bueno;Bueno;Bueno
2025-11-06;19:00;16;24.54;24.00;18.46;Bueno;53.33;Bueno;8;3.33;3.50;7.00;Bueno;23.33;Bueno;Bueno;Bueno
2025-11-06;20:00;22;24.33;24.00;18.46;Bueno;53.33;Bueno;7;3.38;3.50;7.00;Bueno;23.33;Bueno;Bueno;Bueno
2025-11-06;21:00;24;24.25;24.00;18.46;Bueno;53.33;Bueno;6;3.42;3.50;7.00;Bueno;23.33;Bueno;Bueno;Bueno
2025-11-06;22:00;22;24.21;24.00;18.46;Bueno;53.33;Bueno;5;3.50;3.50;7.00;Bueno;23.33;Bueno;Bueno;Bueno
2025-11-06;23:00;17;24.00;24.00;18.46;Bueno;53.33;Bueno;3;3.50;3.50;7.00;Bueno;23.33;Bueno;Bueno;Bueno
2025-11-07;00:00;18;24.08;27.21;20.93;Bueno;60.46;Bueno;2;3.54;5.12;10.25;Bueno;34.17;Bueno;Bueno;Bueno
2025-11-07;01:00;16;24.25;27.21;20.93;Bueno;60.46;Bueno;2;3.58;5.12;10.25;Bueno;34.17;Bueno;Bueno;Bueno
2025-11-07;02:00;7;24.12;27.21;20.93;Bueno;60.46;Bueno;2;3.62;5.12;10.25;Bueno;34.17;Bueno;Bueno;Bueno
2025-11-07;03:00;11;24.04;27.21;20.93;Bueno;60.46;Bueno;2;3.67;5.12;10.25;Bueno;34.17;Bueno;Bueno;Bueno
2025-11-07;04:00;10;23.96;27.21;20.93;Bueno;60.46;Bueno;1;3.67;5.12;10.25;Bueno;34.17;Bueno;Bueno;Bueno
2025-11-07;05:00;17;23.96;27.21;20.93;Bueno;60.46;Bueno;1;3.67;5.12;10.25;Bueno;34.17;Bueno;Bueno;Bueno
2025-11-07;06:00;23;24.38;27.21;20.93;Bueno;60.46;Bueno;1;3.62;5.12;10.25;Bueno;34.17;Bueno;Bueno;Bueno
2025-11-07;07:00;26;24.42;27.21;20.93;Bueno;60.46;Bueno;2;3.58;5.12;10.25;Bueno;34.17;Bueno;Bueno;Bueno
2025-11-07;08:00;29;24.54;27.21;20.93;Bueno;60.46;Bueno;7;3.71;5.12;10.25;Bueno;34.17;Bueno;Bueno;Bueno
2025-11-07;09:00;31;24.71;27.21;20.93;Bueno;60.46;Bueno;10;3.83;5.12;10.25;Bueno;34.17;Bueno;Bueno;Bueno
2025-11-07;10:00;42;25.25;27.21;20.93;Bueno;60.46;Bueno;7;3.83;5.12;10.25;Bueno;34.17;Bueno;Bueno;Bueno
2025-11-07;11:00;40;25.12;27.21;20.93;Bueno;60.46;Bueno;8;4.00;5.12;10.25;Bueno;34.17;Bueno;Bueno;Bueno
2025-11-07;12:00;33;25.00;27.21;20.93;Bueno;60.46;Bueno;6;4.21;5.12;10.25;Bueno;34.17;Bueno;Bueno;Bueno
2025-11-07;13:00;38;25.21;27.21;20.93;Bueno;60.46;Bueno;10;4.54;5.12;10.25;Bueno;34.17;Bueno;Bueno;Bueno
2025-11-07;14:00;42;25.58;27.21;20.93;Bueno;60.46;Bueno;9;4.75;5.12;10.25;Bueno;34.17;Bueno;Bueno;Bueno
2025-11-07;15:00;39;25.46;27.21;20.93;Bueno;60.46;Bueno;6;4.88;5.12;10.25;Bueno;34.17;Bueno;Bueno;Bueno
2025-11-07;16:00;28;25.33;27.21;20.93;Bueno;60.46;Bueno;8;5.04;5.12;10.25;Bueno;34.17;Bueno;Bueno;Bueno
2025-11-07;17:00;32;25.46;27.21;20.93;Bueno;60.46;Bueno;6;5.12;5.12;10.25;Bueno;34.17;Bueno;Bueno;Bueno
2025-11-07;18:00;26;25.38;27.21;20.93;Bueno;60.46;Bueno;4;5.12;5.12;10.25;Bueno;34.17;Bueno;Bueno;Bueno
2025-11-07;19:00;27;25.83;27.21;20.93;Bueno;60.46;Bueno;2;4.88;5.12;10.25;Bueno;34.17;Bueno;Bueno;Bueno
2025-11-07;20:00;27;26.04;27.21;20.93;Bueno;60.46;Bueno;5;4.79;5.12;10.25;Bueno;34.17;Bueno;Bueno;Bueno
2025-11-07;21:00;28;26.21;27.21;20.93;Bueno;60.46;Bueno;7;4.83;5.12;10.25;Bueno;34.17;Bueno;Bueno;Bueno
2025-11-07;22:00;37;26.83;27.21;20.93;Bueno;60.46;Bueno;8;4.96;5.12;10.25;Bueno;34.17;Bueno;Bueno;Bueno
2025-11-07;23:00;26;27.21;27.21;20.93;Bueno;60.46;Bueno;7;5.12;5.12;10.25;Bueno;34.17;Bueno;Bueno;Bueno
2025-11-08;00:00;28;27.62;23.25;17.88;Bueno;51.67;Bueno;8;5.38;4.88;9.75;Bueno;32.50;Bueno;Bueno;Bueno
2025-11-08;01:00;27;28.08;23.25;17.88;Bueno;51.67;Bueno;7;5.58;4.88;9.75;Bueno;32.50;Bueno;Bueno;Bueno
2025-11-08;02:00;25;28.83;23.25;17.88;Bueno;51.67;Bueno;6;5.75;4.88;9.75;Bueno;32.50;Bueno;Bueno;Bueno
2025-11-08;03:00;22;29.29;23.25;17.88;Bueno;51.67;Bueno;6;5.92;4.88;9.75;Bueno;32.50;Bueno;Bueno;Bueno
2025-11-08;04:00;19;29.67;23.25;17.88;Bueno;51.67;Bueno;6;6.12;4.88;9.75;Bueno;32.50;Bueno;Bueno;Bueno
2025-11-08;05:00;20;29.79;23.25;17.88;Bueno;51.67;Bueno;6;6.33;4.88;9.75;Bueno;32.50;Bueno;Bueno;Bueno
2025-11-08;06:00;28;30.00;23.25;17.88;Bueno;51.67;Bueno;5;6.50;4.88;9.75;Bueno;32.50;Bueno;Bueno;Bueno
2025-11-08;07:00;21;29.79;23.25;17.88;Bueno;51.67;Bueno;7;6.71;4.88;9.75;Bueno;32.50;Bueno;Bueno;Bueno
2025-11-08;08:00;17;29.29;23.25;17.88;Bueno;51.67;Bueno;11;6.88;4.88;9.75;Bueno;32.50;Bueno;Bueno;Bueno
2025-11-08;09:00;21;28.88;23.25;17.88;Bueno;51.67;Bueno;7;6.75;4.88;9.75;Bueno;32.50;Bueno;Bueno;Bueno
2025-11-08;10:00;18;27.88;23.25;17.88;Bueno;51.67;Bueno;3;6.58;4.88;9.75;Bueno;32.50;Bueno;Bueno;Bueno
2025-11-08;11:00;23;27.17;23.25;17.88;Bueno;51.67;Bueno;2;6.33;4.88;9.75;Bueno;32.50;Bueno;Bueno;Bueno
2025-11-08;12:00;17;26.50;23.25;17.88;Bueno;51.67;Bueno;1;6.12;4.88;9.75;Bueno;32.50;Bueno;Bueno;Bueno
2025-11-08;13:00;16;25.58;23.25;17.88;Bueno;51.67;Bueno;1;5.75;4.88;9.75;Bueno;32.50;Bueno;Bueno;Bueno
2025-11-08;14:00;30;25.08;23.25;17.88;Bueno;51.67;Bueno;1;5.42;4.88;9.75;Bueno;32.50;Bueno;Bueno;Bueno
2025-11-08;15:00;27;24.58;23.25;17.88;Bueno;51.67;Bueno;5;5.38;4.88;9.75;Bueno;32.50;Bueno;Bueno;Bueno
2025-11-08;16:00;33;24.79;23.25;17.88;Bueno;51.67;Bueno;5;5.25;4.88;9.75;Bueno;32.50;Bueno;Bueno;Bueno
2025-11-08;17:00;22;24.38;23.25;17.88;Bueno;51.67;Bueno;3;5.12;4.88;9.75;Bueno;32.50;Bueno;Bueno;Bueno
2025-11-08;18:00;21;24.17;23.25;17.88;Bueno;51.67;Bueno;1;5.00;4.88;9.75;Bueno;32.50;Bueno;Bueno;Bueno
2025-11-08;19:00;27;24.17;23.25;17.88;Bueno;51.67;Bueno;8;5.25;4.88;9.75;Bueno;32.50;Bueno;Bueno;Bueno
2025-11-08;20:00;28;24.21;23.25;17.88;Bueno;51.67;Bueno;7;5.33;4.88;9.75;Bueno;32.50;Bueno;Bueno;Bueno
2025-11-08;21:00;26;24.12;23.25;17.88;Bueno;51.67;Bueno;6;5.29;4.88;9.75;Bueno;32.50;Bueno;Bueno;Bueno
2025-11-08;22:00;21;23.46;23.25;17.88;Bueno;51.67;Bueno;3;5.08;4.88;9.75;Bueno;32.50;Bueno;Bueno;Bueno
2025-11-08;23:00;21;23.25;23.25;17.88;Bueno;51.67;Bueno;2;4.88;4.88;9.75;Bueno;32.50;Bueno;Bueno;Bueno
2025-11-09;00:00;16;22.75;;;;;;1;4.58;;;;;;;
2025-11-09;01:00;;22.57;;;;;;;4.48;;;;;;;
2025-11-09;02:00;;22.45;;;;;;;4.41;;;;;;;
2025-11-09;03:00;;22.48;;;;;;;4.33;;;;;;;
2025-11-09;04:00;;22.65;;;;;;;4.25;;;;;;;
2025-11-09;05:00;;22.79;;;;;;;4.16;;;;;;;
2025-11-09;06:00;;22.50;;;;;;;4.11;;;;;;;
2025-11-09;07:00;;;;;;;;;;;;;;;;
2025-11-09;08:00;;;;;;;;;;;;;;;;
2025-11-09;09:00;;;;;;;;;;;;;;;;
2025-11-09;10:00;;;;;;;;;;;;;;;;
2025-11-09;11:00;;;;;;;;;;;;;;;;
2025-11-09;12:00;;;;;;;;;;;;;;;;
2025-11-09;13:00;;;;;;;;;;;;;;;;
2025-11-09;14:00;;;;;;;;;;;;;;;;
2025-11-09;15:00;;;;;;;;;;;;;;;;
2025-11-09;16:00;;;;;;;;;;;;;;;;
2025-11-09;17:00;;;;;;;;;;;;;;;;
2025-11-09;18:00;;;;;;;;;;;;;;;;
2025-11-09;19:00;;;;;;;;;;;;;;;;
2025-11-09;20:00;;;;;;;;;;;;;;;;
2025-11-09;21:00;;;;;;;;;;;;;;;;
2025-11-09;22:00;;;;;;;;;;;;;;;;
2025-11-09;23:00;;;;;;;;;;;;;;;;
2025-11-10;00:00;;;;;;;;;;;;;;;;
2025-11-10;01:00;;;;;;;;;;;;;;;;
2025-11-10;02:00;;;;;;;;;;;;;;;;
2025-11-10;03:00;;;;;;;;;;;;;;;;
2025-11-10;04:00;;;;;;;;;;;;;;;;
2025-11-10;05:00;;;;;;;;;;;;;;;;
2025-11-10;06:00;;;;;;;;;;;;;;;;
2025-11-10;07:00;;;;;;;;;;;;;;;;
2025-11-10;08:00;;;;;;;;;;;;;;;;
2025-11-10;09:00;;;;;;;;;;;;;;;;
2025-11-10;10:00;;;;;;;;;;;;;;;;
2025-11-10;11:00;284;;;;;;;1;;;;;;;;
2025-11-10;12:00;162;;;;;;;1;;;;;;;;
2025-11-10;13:00;;;;;;;;1;;;;;;;;
2025-11-10;14:00;82;;;;;;;1;;;;;;;;
2025-11-10;15:00;1;;;;;;;1;;;;;;;;
2025-11-10;16:00;29;;;;;;;1;;;;;;;;
2025-11-10;17:00;14;;;;;;;1;;;;;;;;
2025-11-10;18:00;11;;;;;;;1;;;;;;;;
2025-11-10;19:00;18;;;;;;;1;;;;;;;;
2025-11-10;20:00;9;;;;;;;1;;;;;;;;
2025-11-10;21:00;8;;;;;;;1;;;;;;;;
2025-11-10;22:00;27;;;;;;;12;;;;;;;;
2025-11-10;23:00;8;;;;;;;6;;;;;;;;
2025-11-11;00:00;13;;6.29;4.84;Bueno;13.98;Bueno;1;;1.29;2.58;Bueno;8.61;Bueno;Bueno;Bueno
2025-11-11;01:00;8;;6.29;4.84;Bueno;13.98;Bueno;1;;1.29;2.58;Bueno;8.61;Bueno;Bueno;Bueno
2025-11-11;02:00;5;;6.29;4.84;Bueno;13.98;Bueno;1;;1.29;2.58;Bueno;8.61;Bueno;Bueno;Bueno
2025-11-11;03:00;1;;6.29;4.84;Bueno;13.98;Bueno;1;;1.29;2.58;Bueno;8.61;Bueno;Bueno;Bueno
2025-11-11;04:00;1;;6.29;4.84;Bueno;13.98;Bueno;1;1.89;1.29;2.58;Bueno;8.61;Bueno;Bueno;Bueno
2025-11-11;05:00;2;37.94;6.29;4.84;Bueno;13.98;Bueno;1;1.84;1.29;2.58;Bueno;8.61;Bueno;Bueno;Bueno
2025-11-11;06:00;3;36.11;6.29;4.84;Bueno;13.98;Bueno;2;1.85;1.29;2.58;Bueno;8.61;Bueno;Bueno;Bueno
2025-11-11;07:00;7;34.65;6.29;4.84;Bueno;13.98;Bueno;4;1.95;1.29;2.58;Bueno;8.61;Bueno;Bueno;Bueno
2025-11-11;08:00;5;33.24;6.29;4.84;Bueno;13.98;Bueno;2;1.95;1.29;2.58;Bueno;8.61;Bueno;Bueno;Bueno
2025-11-11;09:00;5;31.95;6.29;4.84;Bueno;13.98;Bueno;1;1.91;1.29;2.58;Bueno;8.61;Bueno;Bueno;Bueno
2025-11-11;10:00;4;30.74;6.29;4.84;Bueno;13.98;Bueno;1;1.88;1.29;2.58;Bueno;8.61;Bueno;Bueno;Bueno
2025-11-11;11:00;2;18.48;6.29;4.84;Bueno;13.98;Bueno;1;1.88;1.29;2.58;Bueno;8.61;Bueno;Bueno;Bueno
2025-11-11;12:00;7;11.74;6.29;4.84;Bueno;13.98;Bueno;3;1.96;1.29;2.58;Bueno;8.61;Bueno;Bueno;Bueno
2025-11-11;13:00;8;11.58;6.29;4.84;Bueno;13.98;Bueno;1;1.96;1.29;2.58;Bueno;8.61;Bueno;Bueno;Bueno
2025-11-11;14:00;9;8.54;6.29;4.84;Bueno;13.98;Bueno;1;1.96;1.29;2.58;Bueno;8.61;Bueno;Bueno;Bueno
2025-11-11;15:00;8;8.83;6.29;4.84;Bueno;13.98;Bueno;1;1.96;1.29;2.58;Bueno;8.61;Bueno;Bueno;Bueno
2025-11-11;16:00;5;7.83;6.29;4.84;Bueno;13.98;Bueno;1;1.96;1.29;2.58;Bueno;8.61;Bueno;Bueno;Bueno
2025-11-11;17:00;11;7.71;6.29;4.84;Bueno;13.98;Bueno;1;1.96;1.29;2.58;Bueno;8.61;Bueno;Bueno;Bueno
2025-11-11;18:00;12;7.75;6.29;4.84;Bueno;13.98;Bueno;1;1.96;1.29;2.58;Bueno;8.61;Bueno;Bueno;Bueno
2025-11-11;19:00;7;7.29;6.29;4.84;Bueno;13.98;Bueno;1;1.96;1.29;2.58;Bueno;8.61;Bueno;Bueno;Bueno
2025-11-11;20:00;7;7.21;6.29;4.84;Bueno;13.98;Bueno;1;1.96;1.29;2.58;Bueno;8.61;Bueno;Bueno;Bueno
2025-11-11;21:00;8;7.21;6.29;4.84;Bueno;13.98;Bueno;1;1.96;1.29;2.58;Bueno;8.61;Bueno;Bueno;Bueno
2025-11-11;22:00;8;6.42;6.29;4.84;Bueno;13.98;Bueno;1;1.50;1.29;2.58;Bueno;8.61;Bueno;Bueno;Bueno
2025-11-11;23:00;5;6.29;6.29;4.84;Bueno;13.98;Bueno;1;1.29;1.29;2.58;Bueno;8.61;Bueno;Bueno;Bueno
2025-11-12;00:00;5;5.96;10.33;7.95;Bueno;22.96;Bueno;1;1.29;2.58;5.17;Bueno;17.22;Bueno;Bueno;Bueno
2025-11-12;01:00;8;5.96;10.33;7.95;Bueno;22.96;Bueno;1;1.29;2.58;5.17;Bueno;17.22;Bueno;Bueno;Bueno
2025-11-12;02:00;24;6.75;10.33;7.95;Bueno;22.96;Bueno;14;1.83;2.58;5.17;Bueno;17.22;Bueno;Bueno;Bueno
2025-11-12;03:00;9;7.08;10.33;7.95;Bueno;22.96;Bueno;7;2.08;2.58;5.17;Bueno;17.22;Bueno;Bueno;Bueno
2025-11-12;04:00;19;7.83;10.33;7.95;Bueno;22.96;Bueno;3;2.17;2.58;5.17;Bueno;17.22;Bueno;Bueno;Bueno
2025-11-12;05:00;18;8.50;10.33;7.95;Bueno;22.96;Bueno;2;2.21;2.58;5.17;Bueno;17.22;Bueno;Bueno;Bueno
2025-11-12;06:00;18;9.12;10.33;7.95;Bueno;22.96;Bueno;4;2.29;2.58;5.17;Bueno;17.22;Bueno;Bueno;Bueno
2025-11-12;07:00;20;9.67;10.33;7.95;Bueno;22.96;Bueno;8;2.46;2.58;5.17;Bueno;17.22;Bueno;Bueno;Bueno
2025-11-12;08:00;9;9.83;10.33;7.95;Bueno;22.96;Bueno;5;2.58;2.58;5.17;Bueno;17.22;Bueno;Bueno;Bueno
2025-11-12;09:00;7;9.92;10.33;7.95;Bueno;22.96;Bueno;1;2.58;2.58;5.17;Bueno;17.22;Bueno;Bueno;Bueno
2025-11-12;10:00;8;10.08;10.33;7.95;Bueno;22.96;Bueno;1;2.58;2.58;5.17;Bueno;17.22;Bueno;Bueno;Bueno
2025-11-12;11:00;8;10.33;10.33;7.95;Bueno;22.96;Bueno;1;2.58;2.58;5.17;Bueno;17.22;Bueno;Bueno;Bueno
2025-11-12;12:00;5;10.25;10.33;7.95;Bueno;22.96;Bueno;1;2.50;2.58;5.17;Bueno;17.22;Bueno;Bueno;Bueno
2025-11-12;13:00;7;10.21;10.33;7.95;Bueno;22.96;Bueno;1;2.50;2.58;5.17;Bueno;17.22;Bueno;Bueno;Bueno
2025-11-12;14:00;13;10.38;10.33;7.95;Bueno;22.96;Bueno;1;2.50;2.58;5.17;Bueno;17.22;Bueno;Bueno;Bueno
2025-11-12;15:00;9;10.42;10.33;7.95;Bueno;22.96;Bueno;1;2.50;2.58;5.17;Bueno;17.22;Bueno;Bueno;Bueno
2025-11-12;16:00;11;10.67;10.33;7.95;Bueno;22.96;Bueno;1;2.50;2.58;5.17;Bueno;17.22;Bueno;Bueno;Bueno
2025-11-12;17:00;8;10.54;10.33;7.95;Bueno;22.96;Bueno;1;2.50;2.58;5.17;Bueno;17.22;Bueno;Bueno;Bueno
2025-11-12;18:00;8;10.38;10.33;7.95;Bueno;22.96;Bueno;1;2.50;2.58;5.17;Bueno;17.22;Bueno;Bueno;Bueno
2025-11-12;19:00;7;10.38;10.33;7.95;Bueno;22.96;Bueno;1;2.50;2.58;5.17;Bueno;17.22;Bueno;Bueno;Bueno
2025-11-12;20:00;7;10.38;10.33;7.95;Bueno;22.96;Bueno;1;2.50;2.58;5.17;Bueno;17.22;Bueno;Bueno;Bueno
2025-11-12;21:00;9;10.42;10.33;7.95;Bueno;22.96;Bueno;2;2.54;2.58;5.17;Bueno;17.22;Bueno;Bueno;Bueno
2025-11-12;22:00;7;10.38;10.33;7.95;Bueno;22.96;Bueno;2;2.58;2.58;5.17;Bueno;17.22;Bueno;Bueno;Bueno
2025-11-12;23:00;4;10.33;10.33;7.95;Bueno;22.96;Bueno;1;2.58;2.58;5.17;Bueno;17.22;Bueno;Bueno;Bueno
2025-11-13;00:00;1;10.17;10.42;8.01;Bueno;23.15;Bueno;1;2.58;1.38;2.75;Bueno;9.17;Bueno;Bueno;Bueno
2025-11-13;01:00;1;9.88;10.42;8.01;Bueno;23.15;Bueno;1;2.58;1.38;2.75;Bueno;9.17;Bueno;Bueno;Bueno
2025-11-13;02:00;1;8.92;10.42;8.01;Bueno;23.15;Bueno;1;2.04;1.38;2.75;Bueno;9.17;Bueno;Bueno;Bueno
2025-11-13;03:00;2;8.62;10.42;8.01;Bueno;23.15;Bueno;1;1.79;1.38;2.75;Bueno;9.17;Bueno;Bueno;Bueno
2025-11-13;04:00;1;7.88;10.42;8.01;Bueno;23.15;Bueno;1;1.71;1.38;2.75;Bueno;9.17;Bueno;Bueno;Bueno
2025-11-13;05:00;1;7.17;10.42;8.01;Bueno;23.15;Bueno;1;1.67;1.38;2.75;Bueno;9.17;Bueno;Bueno;Bueno
2025-11-13;06:00;5;6.62;10.42;8.01;Bueno;23.15;Bueno;1;1.54;1.38;2.75;Bueno;9.17;Bueno;Bueno;Bueno
2025-11-13;07:00;12;6.29;10.42;8.01;Bueno;23.15;Bueno;1;1.25;1.38;2.75;Bueno;9.17;Bueno;Bueno;Bueno
2025-11-13;08:00;13;6.46;10.42;8.01;Bueno;23.15;Bueno;2;1.12;1.38;2.75;Bueno;9.17;Bueno;Bueno;Bueno
2025-11-13;09:00;11;6.62;10.42;8.01;Bueno;23.15;Bueno;2;1.17;1.38;2.75;Bueno;9.17;Bueno;Bueno;Bueno
2025-11-13;10:00;15;6.92;10.42;8.01;Bueno;23.15;Bueno;1;1.17;1.38;2.75;Bueno;9.17;Bueno;Bueno;Bueno
2025-11-13;11:00;13;7.12;10.42;8.01;Bueno;23.15;Bueno;1;1.17;1.38;2.75;Bueno;9.17;Bueno;Bueno;Bueno
2025-11-13;12:00;26;8.00;10.42;8.01;Bueno;23.15;Bueno;1;1.17;1.38;2.75;Bueno;9.17;Bueno;Bueno;Bueno
2025-11-13;13:00;17;8.42;10.42;8.01;Bueno;23.15;Bueno;1;1.17;1.38;2.75;Bueno;9.17;Bueno;Bueno;Bueno
2025-11-13;14:00;13;8.42;10.42;8.01;Bueno;23.15;Bueno;1;1.17;1.38;2.75;Bueno;9.17;Bueno;Bueno;Bueno
2025-11-13;15:00;15;8.67;10.42;8.01;Bueno;23.15;Bueno;1;1.17;1.38;2.75;Bueno;9.17;Bueno;Bueno;Bueno
2025-11-13;16:00;11;8.67;10.42;8.01;Bueno;23.15;Bueno;1;1.17;1.38;2.75;Bueno;9.17;Bueno;Bueno;Bueno
2025-11-13;17:00;14;8.92;10.42;8.01;Bueno;23.15;Bueno;1;1.17;1.38;2.75;Bueno;9.17;Bueno;Bueno;Bueno
2025-11-13;18:00;11;9.04;10.42;8.01;Bueno;23.15;Bueno;1;1.17;1.38;2.75;Bueno;9.17;Bueno;Bueno;Bueno
2025-11-13;19:00;10;9.17;10.42;8.01;Bueno;23.15;Bueno;1;1.17;1.38;2.75;Bueno;9.17;Bueno;Bueno;Bueno
2025-11-13;20:00;17;9.58;10.42;8.01;Bueno;23.15;Bueno;5;1.33;1.38;2.75;Bueno;9.17;Bueno;Bueno;Bueno
2025-11-13;21:00;14;9.79;10.42;8.01;Bueno;23.15;Bueno;3;1.38;1.38;2.75;Bueno;9.17;Bueno;Bueno;Bueno
2025-11-13;22:00;10;9.92;10.42;8.01;Bueno;23.15;Bueno;2;1.38;1.38;2.75;Bueno;9.17;Bueno;Bueno;Bueno
2025-11-13;23:00;16;10.42;10.42;8.01;Bueno;23.15;Bueno;1;1.38;1.38;2.75;Bueno;9.17;Bueno;Bueno;Bueno
2025-11-14;00:00;8;10.71;13.96;10.74;Bueno;31.02;Bueno;1;1.38;1.29;2.58;Bueno;8.61;Bueno;Bueno;Bueno
2025-11-14;01:00;6;10.92;13.96;10.74;Bueno;31.02;Bueno;1;1.38;1.29;2.58;Bueno;8.61;Bueno;Bueno;Bueno
2025-11-14;02:00;7;11.17;13.96;10.74;Bueno;31.02;Bueno;1;1.38;1.29;2.58;Bueno;8.61;Bueno;Bueno;Bueno
2025-11-14;03:00;6;11.33;13.96;10.74;Bueno;31.02;Bueno;1;1.38;1.29;2.58;Bueno;8.61;Bueno;Bueno;Bueno
2025-11-14;04:00;3;11.42;13.96;10.74;Bueno;31.02;Bueno;1;1.38;1.29;2.58;Bueno;8.61;Bueno;Bueno;Bueno
2025-11-14;05:00;3;11.50;13.96;10.74;Bueno;31.02;Bueno;1;1.38;1.29;2.58;Bueno;8.61;Bueno;Bueno;Bueno
2025-11-14;06:00;9;11.67;13.96;10.74;Bueno;31.02;Bueno;1;1.38;1.29;2.58;Bueno;8.61;Bueno;Bueno;Bueno
2025-11-14;07:00;8;11.50;13.96;10.74;Bueno;31.02;Bueno;3;1.46;1.29;2.58;Bueno;8.61;Bueno;Bueno;Bueno
2025-11-14;08:00;23;11.92;13.96;10.74;Bueno;31.02;Bueno;2;1.46;1.29;2.58;Bueno;8.61;Bueno;Bueno;Bueno
2025-11-14;09:00;20;12.29;13.96;10.74;Bueno;31.02;Bueno;1;1.42;1.29;2.58;Bueno;8.61;Bueno;Bueno;Bueno
2025-11-14;10:00;17;12.38;13.96;10.74;Bueno;31.02;Bueno;1;1.42;1.29;2.58;Bueno;8.61;Bueno;Bueno;Bueno
2025-11-14;11:00;18;12.58;13.96;10.74;Bueno;31.02;Bueno;1;1.42;1.29;2.58;Bueno;8.61;Bueno;Bueno;Bueno
2025-11-14;12:00;21;12.38;13.96;10.74;Bueno;31.02;Bueno;1;1.42;1.29;2.58;Bueno;8.61;Bueno;Bueno;Bueno
2025-11-14;13:00;20;12.50;13.96;10.74;Bueno;31.02;Bueno;1;1.42;1.29;2.58;Bueno;8.61;Bueno;Bueno;Bueno
2025-11-14;14:00;31;13.25;13.96;10.74;Bueno;31.02;Bueno;2;1.46;1.29;2.58;Bueno;8.61;Bueno;Bueno;Bueno
2025-11-14;15:00;21;13.50;13.96;10.74;Bueno;31.02;Bueno;1;1.46;1.29;2.58;Bueno;8.61;Bueno;Bueno;Bueno
2025-11-14;16:00;23;14.00;13.96;10.74;Bueno;31.02;Bueno;1;1.46;1.29;2.58;Bueno;8.61;Bueno;Bueno;Bueno
2025-11-14;17:00;12;13.92;13.96;10.74;Bueno;31.02;Bueno;2;1.50;1.29;2.58;Bueno;8.61;Bueno;Bueno;Bueno
2025-11-14;18:00;10;13.88;13.96;10.74;Bueno;31.02;Bueno;1;1.50;1.29;2.58;Bueno;8.61;Bueno;Bueno;Bueno
2025-11-14;19:00;17;14.17;13.96;10.74;Bueno;31.02;Bueno;1;1.50;1.29;2.58;Bueno;8.61;Bueno;Bueno;Bueno
2025-11-14;20:00;20;14.29;13.96;10.74;Bueno;31.02;Bueno;2;1.38;1.29;2.58;Bueno;8.61;Bueno;Bueno;Bueno
2025-11-14;21:00;11;14.17;13.96;10.74;Bueno;31.02;Bueno;2;1.33;1.29;2.58;Bueno;8.61;Bueno;Bueno;Bueno
2025-11-14;22:00;13;14.29;13.96;10.74;Bueno;31.02;Bueno;1;1.29;1.29;2.58;Bueno;8.61;Bueno;Bueno;Bueno
2025-11-14;23:00;8;13.96;13.96;10.74;Bueno;31.02;Bueno;1;1.29;1.29;2.58;Bueno;8.61;Bueno;Bueno;Bueno
2025-11-15;00:00;5;13.83;9.67;7.44;Bueno;21.48;Bueno;1;1.29;2.88;5.75;Bueno;19.17;Bueno;Bueno;Bueno
2025-11-15;01:00;7;13.88;9.67;7.44;Bueno;21.48;Bueno;1;1.29;2.88;5.75;Bueno;19.17;Bueno;Bueno;Bueno
2025-11-15;02:00;5;13.79;9.67;7.44;Bueno;21.48;Bueno;1;1.29;2.88;5.75;Bueno;19.17;Bueno;Bueno;Bueno
2025-11-15;03:00;3;13.67;9.67;7.44;Bueno;21.48;Bueno;1;1.29;2.88;5.75;Bueno;19.17;Bueno;Bueno;Bueno
2025-11-15;04:00;2;13.62;9.67;7.44;Bueno;21.48;Bueno;1;1.29;2.88;5.75;Bueno;19.17;Bueno;Bueno;Bueno
2025-11-15;05:00;2;13.58;9.67;7.44;Bueno;21.48;Bueno;1;1.29;2.88;5.75;Bueno;19.17;Bueno;Bueno;Bueno
2025-11-15;06:00;2;13.29;9.67;7.44;Bueno;21.48;Bueno;1;1.29;2.88;5.75;Bueno;19.17;Bueno;Bueno;Bueno
2025-11-15;07:00;2;13.04;9.67;7.44;Bueno;21.48;Bueno;1;1.21;2.88;5.75;Bueno;19.17;Bueno;Bueno;Bueno
2025-11-15;08:00;2;12.17;9.67;7.44;Bueno;21.48;Bueno;1;1.17;2.88;5.75;Bueno;19.17;Bueno;Bueno;Bueno
2025-11-15;09:00;1;11.38;9.67;7.44;Bueno;21.48;Bueno;1;1.17;2.88;5.75;Bueno;19.17;Bueno;Bueno;Bueno
2025-11-15;10:00;3;10.79;9.67;7.44;Bueno;21.48;Bueno;1;1.17;2.88;5.75;Bueno;19.17;Bueno;Bueno;Bueno
2025-11-15;11:00;7;10.33;9.67;7.44;Bueno;21.48;Bueno;1;1.17;2.88;5.75;Bueno;19.17;Bueno;Bueno;Bueno
2025-11-15;12:00;5;9.67;9.67;7.44;Bueno;21.48;Bueno;1;1.17;2.88;5.75;Bueno;19.17;Bueno;Bueno;Bueno
2025-11-15;13:00;9;9.21;9.67;7.44;Bueno;21.48;Bueno;3;1.25;2.88;5.75;Bueno;19.17;Bueno;Bueno;Bueno
2025-11-15;14:00;9;8.29;9.67;7.44;Bueno;21.48;Bueno;1;1.21;2.88;5.75;Bueno;19.17;Bueno;Bueno;Bueno
2025-11-15;15:00;12;7.92;9.67;7.44;Bueno;21.48;Bueno;1;1.21;2.88;5.75;Bueno;19.17;Bueno;Bueno;Bueno
2025-11-15;16:00;7;7.25;9.67;7.44;Bueno;21.48;Bueno;7;1.46;2.88;5.75;Bueno;19.17;Bueno;Bueno;Bueno
2025-11-15;17:00;12;7.25;9.67;7.44;Bueno;21.48;Bueno;4;1.54;2.88;5.75;Bueno;19.17;Bueno;Bueno;Bueno
2025-11-15;18:00;23;7.79;9.67;7.44;Bueno;21.48;Bueno;4;1.67;2.88;5.75;Bueno;19.17;Bueno;Bueno;Bueno
2025-11-15;19:00;22;8.00;9.67;7.44;Bueno;21.48;Bueno;3;1.75;2.88;5.75;Bueno;19.17;Bueno;Bueno;Bueno
2025-11-15;20:00;24;8.17;9.67;7.44;Bueno;21.48;Bueno;7;1.96;2.88;5.75;Bueno;19.17;Bueno;Bueno;Bueno
2025-11-15;21:00;21;8.58;9.67;7.44;Bueno;21.48;Bueno;10;2.29;2.88;5.75;Bueno;19.17;Bueno;Bueno;Bueno
2025-11-15;22:00;25;9.08;9.67;7.44;Bueno;21.48;Bueno;9;2.62;2.88;5.75;Bueno;19.17;Bueno;Bueno;Bueno
2025-11-15;23:00;22;9.67;9.67;7.44;Bueno;21.48;Bueno;7;2.88;2.88;5.75;Bueno;19.17;Bueno;Bueno;Bueno
2025-11-16;00:00;18;10.21;15.62;12.02;Bueno;34.72;Bueno;4;3.00;4.25;8.50;Bueno;28.33;Bueno;Bueno;Bueno
2025-11-16;01:00;17;10.62;15.62;12.02;Bueno;34.72;Bueno;5;3.17;4.25;8.50;Bueno;28.33;Bueno;Bueno;Bueno
2025-11-16;02:00;19;11.21;15.62;12.02;Bueno;34.72;Bueno;10;3.54;4.25;8.50;Bueno;28.33;Bueno;Bueno;Bueno
2025-11-16;03:00;15;11.71;15.62;12.02;Bueno;34.72;Bueno;10;3.92;4.25;8.50;Bueno;28.33;Bueno;Bueno;Bueno
2025-11-16;04:00;10;12.04;15.62;12.02;Bueno;34.72;Bueno;6;4.12;4.25;8.50;Bueno;28.33;Bueno;Bueno;Bueno
2025-11-16;05:00;14;12.54;15.62;12.02;Bueno;34.72;Bueno;7;4.38;4.25;8.50;Bueno;28.33;Bueno;Bueno;Bueno
2025-11-16;06:00;24;13.46;15.62;12.02;Bueno;34.72;Bueno;8;4.67;4.25;8.50;Bueno;28.33;Bueno;Bueno;Bueno
2025-11-16;07:00;16;14.04;15.62;12.02;Bueno;34.72;Bueno;5;4.83;4.25;8.50;Bueno;28.33;Bueno;Bueno;Bueno
2025-11-16;08:00;8;14.29;15.62;12.02;Bueno;34.72;Bueno;2;4.88;4.25;8.50;Bueno;28.33;Bueno;Bueno;Bueno
2025-11-16;09:00;12;14.75;15.62;12.02;Bueno;34.72;Bueno;3;4.96;4.25;8.50;Bueno;28.33;Bueno;Bueno;Bueno
2025-11-16;10:00;14;15.21;15.62;12.02;Bueno;34.72;Bueno;3;5.04;4.25;8.50;Bueno;28.33;Bueno;Bueno;Bueno
2025-11-16;11:00;11;15.38;15.62;12.02;Bueno;34.72;Bueno;2;5.08;4.25;8.50;Bueno;28.33;Bueno;Bueno;Bueno
2025-11-16;12:00;11;15.62;15.62;12.02;Bueno;34.72;Bueno;1;5.08;4.25;8.50;Bueno;28.33;Bueno;Bueno;Bueno
2025-11-16;13:00;15;15.88;15.62;12.02;Bueno;34.72;Bueno;1;5.00;4.25;8.50;Bueno;28.33;Bueno;Bueno;Bueno
2025-11-16;14:00;13;16.04;15.62;12.02;Bueno;34.72;Bueno;1;5.00;4.25;8.50;Bueno;28.33;Bueno;Bueno;Bueno
2025-11-16;15:00;16;16.21;15.62;12.02;Bueno;34.72;Bueno;1;5.00;4.25;8.50;Bueno;28.33;Bueno;Bueno;Bueno
2025-11-16;16:00;24;16.92;15.62;12.02;Bueno;34.72;Bueno;5;4.92;4.25;8.50;Bueno;28.33;Bueno;Bueno;Bueno
2025-11-16;17:00;25;17.46;15.62;12.02;Bueno;34.72;Bueno;9;5.12;4.25;8.50;Bueno;28.33;Bueno;Bueno;Bueno
2025-11-16;18:00;13;17.04;15.62;12.02;Bueno;34.72;Bueno;6;5.21;4.25;8.50;Bueno;28.33;Bueno;Bueno;Bueno
2025-11-16;19:00;20;16.96;15.62;12.02;Bueno;34.72;Bueno;2;5.17;4.25;8.50;Bueno;28.33;Bueno;Bueno;Bueno
2025-11-16;20:00;19;16.75;15.62;12.02;Bueno;34.72;Bueno;5;5.08;4.25;8.50;Bueno;28.33;Bueno;Bueno;Bueno
2025-11-16;21:00;18;16.62;15.62;12.02;Bueno;34.72;Bueno;4;4.83;4.25;8.50;Bueno;28.33;Bueno;Bueno;Bueno
2025-11-16;22:00;14;16.17;15.62;12.02;Bueno;34.72;Bueno;1;4.50;4.25;8.50;Bueno;28.33;Bueno;Bueno;Bueno
2025-11-16;23:00;9;15.62;15.62;12.02;Bueno;34.72;Bueno;1;4.25;4.25;8.50;Bueno;28.33;Bueno;Bueno;Bueno
2025-11-17;00:00;13;15.42;23.96;18.43;Bueno;53.24;Bueno;1;4.12;1.38;2.75;Bueno;9.17;Bueno;Bueno;Bueno
2025-11-17;01:00;13;15.25;23.96;18.43;Bueno;53.24;Bueno;1;3.96;1.38;2.75;Bueno;9.17;Bueno;Bueno;Bueno
2025-11-17;02:00;9;14.83;23.96;18.43;Bueno;53.24;Bueno;1;3.58;1.38;2.75;Bueno;9.17;Bueno;Bueno;Bueno
2025-11-17;03:00;10;14.62;23.96;18.43;Bueno;53.24;Bueno;1;3.21;1.38;2.75;Bueno;9.17;Bueno;Bueno;Bueno
2025-11-17;04:00;9;14.58;23.96;18.43;Bueno;53.24;Bueno;1;3.00;1.38;2.75;Bueno;9.17;Bueno;Bueno;Bueno
2025-11-17;05:00;10;14.42;23.96;18.43;Bueno;53.24;Bueno;1;2.75;1.38;2.75;Bueno;9.17;Bueno;Bueno;Bueno
2025-11-17;06:00;20;14.25;23.96;18.43;Bueno;53.24;Bueno;1;2.46;1.38;2.75;Bueno;9.17;Bueno;Bueno;Bueno
2025-11-17;07:00;20;14.42;23.96;18.43;Bueno;53.24;Bueno;1;2.29;1.38;2.75;Bueno;9.17;Bueno;Bueno;Bueno
2025-11-17;08:00;31;15.38;23.96;18.43;Bueno;53.24;Bueno;1;2.25;1.38;2.75;Bueno;9.17;Bueno;Bueno;Bueno
2025-11-17;09:00;28;16.04;23.96;18.43;Bueno;53.24;Bueno;3;2.25;1.38;2.75;Bueno;9.17;Bueno;Bueno;Bueno
2025-11-17;10:00;32;16.79;23.96;18.43;Bueno;53.24;Bueno;4;2.29;1.38;2.75;Bueno;9.17;Bueno;Bueno;Bueno
2025-11-17;11:00;40;18.00;23.96;18.43;Bueno;53.24;Bueno;2;2.29;1.38;2.75;Bueno;9.17;Bueno;Bueno;Bueno
2025-11-17;12:00;90;21.29;23.96;18.43;Bueno;53.24;Bueno;1;2.29;1.38;2.75;Bueno;9.17;Bueno;Bueno;Bueno
2025-11-17;13:00;69;23.54;23.96;18.43;Bueno;53.24;Bueno;1;2.29;1.38;2.75;Bueno;9.17;Bueno;Bueno;Bueno
2025-11-17;14:00;89;26.71;23.96;18.43;Bueno;53.24;Bueno;1;2.29;1.38;2.75;Bueno;9.17;Bueno;Bueno;Bueno
2025-11-17;15:00;10;26.46;23.96;18.43;Bueno;53.24;Bueno;1;2.29;1.38;2.75;Bueno;9.17;Bueno;Bueno;Bueno
2025-11-17;16:00;34;26.88;23.96;18.43;Bueno;53.24;Bueno;1;2.12;1.38;2.75;Bueno;9.17;Bueno;Bueno;Bueno
2025-11-17;17:00;9;26.21;23.96;18.43;Bueno;53.24;Bueno;1;1.79;1.38;2.75;Bueno;9.17;Bueno;Bueno;Bueno
2025-11-17;18:00;12;26.17;23.96;18.43;Bueno;53.24;Bueno;1;1.58;1.38;2.75;Bueno;9.17;Bueno;Bueno;Bueno
2025-11-17;19:00;10;25.75;23.96;18.43;Bueno;53.24;Bueno;3;1.62;1.38;2.75;Bueno;9.17;Bueno;Bueno;Bueno
2025-11-17;20:00;6;25.21;23.96;18.43;Bueno;53.24;Bueno;2;1.50;1.38;2.75;Bueno;9.17;Bueno;Bueno;Bueno
2025-11-17;21:00;5;24.67;23.96;18.43;Bueno;53.24;Bueno;1;1.38;1.38;2.75;Bueno;9.17;Bueno;Bueno;Bueno
2025-11-17;22:00;3;24.21;23.96;18.43;Bueno;53.24;Bueno;1;1.38;1.38;2.75;Bueno;9.17;Bueno;Bueno;Bueno
2025-11-17;23:00;3;23.96;23.96;18.43;Bueno;53.24;Bueno;1;1.38;1.38;2.75;Bueno;9.17;Bueno;Bueno;Bueno
2025-11-18;00:00;2;23.50;26.71;20.54;Bueno;59.35;Bueno;1;1.38;3.92;7.83;Bueno;26.11;Bueno;Bueno;Bueno
2025-11-18;01:00;1;23.00;26.71;20.54;Bueno;59.35;Bueno;1;1.38;3.92;7.83;Bueno;26.11;Bueno;Bueno;Bueno
2025-11-18;02:00;1;22.67;26.71;20.54;Bueno;59.35;Bueno;1;1.38;3.92;7.83;Bueno;26.11;Bueno;Bueno;Bueno
2025-11-18;03:00;1;22.29;26.71;20.54;Bueno;59.35;Bueno;1;1.38;3.92;7.83;Bueno;26.11;Bueno;Bueno;Bueno
2025-11-18;04:00;1;21.96;26.71;20.54;Bueno;59.35;Bueno;1;1.38;3.92;7.83;Bueno;26.11;Bueno;Bueno;Bueno
2025-11-18;05:00;3;21.67;26.71;20.54;Bueno;59.35;Bueno;1;1.38;3.92;7.83;Bueno;26.11;Bueno;Bueno;Bueno
2025-11-18;06:00;17;21.54;26.71;20.54;Bueno;59.35;Bueno;1;1.38;3.92;7.83;Bueno;26.11;Bueno;Bueno;Bueno
2025-11-18;07:00;21;21.58;26.71;20.54;Bueno;59.35;Bueno;1;1.38;3.92;7.83;Bueno;26.11;Bueno;Bueno;Bueno
2025-11-18;08:00;46;22.21;26.71;20.54;Bueno;59.35;Bueno;5;1.54;3.92;7.83;Bueno;26.11;Bueno;Bueno;Bueno
2025-11-18;09:00;64;23.71;26.71;20.54;Bueno;59.35;Bueno;7;1.71;3.92;7.83;Bueno;26.11;Bueno;Bueno;Bueno
2025-11-18;10:00;59;24.83;26.71;20.54;Bueno;59.35;Bueno;7;1.83;3.92;7.83;Bueno;26.11;Bueno;Bueno;Bueno
2025-11-18;11:00;27;24.29;26.71;20.54;Bueno;59.35;Bueno;5;1.96;3.92;7.83;Bueno;26.11;Bueno;Bueno;Bueno
2025-11-18;12:00;25;21.58;26.71;20.54;Bueno;59.35;Bueno;5;2.12;3.92;7.83;Bueno;26.11;Bueno;Bueno;Bueno
2025-11-18;13:00;45;20.58;26.71;20.54;Bueno;59.35;Bueno;6;2.33;3.92;7.83;Bueno;26.11;Bueno;Bueno;Bueno
2025-11-18;14:00;46;18.79;26.71;20.54;Bueno;59.35;Bueno;3;2.42;3.92;7.83;Bueno;26.11;Bueno;Bueno;Bueno
2025-11-18;15:00;56;20.71;26.71;20.54;Bueno;59.35;Bueno;7;2.67;3.92;7.83;Bueno;26.11;Bueno;Bueno;Bueno
2025-11-18;16:00;37;20.83;26.71;20.54;Bueno;59.35;Bueno;5;2.83;3.92;7.83;Bueno;26.11;Bueno;Bueno;Bueno
2025-11-18;17:00;43;22.25;26.71;20.54;Bueno;59.35;Bueno;5;3.00;3.92;7.83;Bueno;26.11;Bueno;Bueno;Bueno
2025-11-18;18:00;23;22.71;26.71;20.54;Bueno;59.35;Bueno;6;3.21;3.92;7.83;Bueno;26.11;Bueno;Bueno;Bueno
2025-11-18;19:00;28;23.46;26.71;20.54;Bueno;59.35;Bueno;6;3.33;3.92;7.83;Bueno;26.11;Bueno;Bueno;Bueno
2025-11-18;20:00;18;23.96;26.71;20.54;Bueno;59.35;Bueno;3;3.38;3.92;7.83;Bueno;26.11;Bueno;Bueno;Bueno
2025-11-18;21:00;30;25.00;26.71;20.54;Bueno;59.35;Bueno;8;3.67;3.92;7.83;Bueno;26.11;Bueno;Bueno;Bueno
2025-11-18;22:00;27;26.00;26.71;20.54;Bueno;59.35;Bueno;5;3.83;3.92;7.83;Bueno;26.11;Bueno;Bueno;Bueno
2025-11-18;23:00;20;26.71;26.71;20.54;Bueno;59.35;Bueno;3;3.92;3.92;7.83;Bueno;26.11;Bueno;Bueno;Bueno
2025-11-19;00:00;17;27.33;33.17;25.52;Bueno;73.72;Bueno;4;4.04;2.35;4.70;Bueno;15.65;Bueno;Bueno;Bueno
2025-11-19;01:00;13;27.83;33.17;25.52;Bueno;73.72;Bueno;1;4.04;2.35;4.70;Bueno;15.65;Bueno;Bueno;Bueno
2025-11-19;02:00;18;28.54;33.17;25.52;Bueno;73.72;Bueno;1;4.04;2.35;4.70;Bueno;15.65;Bueno;Bueno;Bueno
2025-11-19;03:00;14;29.08;33.17;25.52;Bueno;73.72;Bueno;2;4.08;2.35;4.70;Bueno;15.65;Bueno;Bueno;Bueno
2025-11-19;04:00;16;29.71;33.17;25.52;Bueno;73.72;Bueno;1;4.08;2.35;4.70;Bueno;15.65;Bueno;Bueno;Bueno
2025-11-19;05:00;21;30.46;33.17;25.52;Bueno;73.72;Bueno;1;4.08;2.35;4.70;Bueno;15.65;Bueno;Bueno;Bueno
2025-11-19;06:00;37;31.29;33.17;25.52;Bueno;73.72;Bueno;12;4.54;2.35;4.70;Bueno;15.65;Bueno;Bueno;Bueno
2025-11-19;07:00;;31.74;33.17;25.52;Bueno;73.72;Bueno;;4.70;2.35;4.70;Bueno;15.65;Bueno;Bueno;Bueno
2025-11-19;08:00;1;29.78;33.17;25.52;Bueno;73.72;Bueno;1;4.52;2.35;4.70;Bueno;15.65;Bueno;Bueno;Bueno
2025-11-19;09:00;61;29.65;33.17;25.52;Bueno;73.72;Bueno;7;4.52;2.35;4.70;Bueno;15.65;Bueno;Bueno;Bueno
2025-11-19;10:00;42;28.91;33.17;25.52;Bueno;73.72;Bueno;5;4.43;2.35;4.70;Bueno;15.65;Bueno;Bueno;Bueno
2025-11-19;11:00;44;29.65;33.17;25.52;Bueno;73.72;Bueno;5;4.43;2.35;4.70;Bueno;15.65;Bueno;Bueno;Bueno
2025-11-19;12:00;27;29.74;33.17;25.52;Bueno;73.72;Bueno;1;4.26;2.35;4.70;Bueno;15.65;Bueno;Bueno;Bueno
2025-11-19;13:00;34;29.26;33.17;25.52;Bueno;73.72;Bueno;1;4.04;2.35;4.70;Bueno;15.65;Bueno;Bueno;Bueno
2025-11-19;14:00;62;29.96;33.17;25.52;Bueno;73.72;Bueno;1;3.96;2.35;4.70;Bueno;15.65;Bueno;Bueno;Bueno
2025-11-19;15:00;173;35.04;33.17;25.52;Bueno;73.72;Bueno;1;3.70;2.35;4.70;Bueno;15.65;Bueno;Bueno;Bueno
2025-11-19;16:00;98;37.70;33.17;25.52;Bueno;73.72;Bueno;1;3.52;2.35;4.70;Bueno;15.65;Bueno;Bueno;Bueno
2025-11-19;17:00;23;36.83;33.17;25.52;Bueno;73.72;Bueno;3;3.43;2.35;4.70;Bueno;15.65;Bueno;Bueno;Bueno
2025-11-19;18:00;18;36.61;33.17;25.52;Bueno;73.72;Bueno;1;3.22;2.35;4.70;Bueno;15.65;Bueno;Bueno;Bueno
2025-11-19;19:00;11;35.87;33.17;25.52;Bueno;73.72;Bueno;1;3.00;2.35;4.70;Bueno;15.65;Bueno;Bueno;Bueno
2025-11-19;20:00;15;35.74;33.17;25.52;Bueno;73.72;Bueno;1;2.91;2.35;4.70;Bueno;15.65;Bueno;Bueno;Bueno
2025-11-19;21:00;10;34.87;33.17;25.52;Bueno;73.72;Bueno;1;2.61;2.35;4.70;Bueno;15.65;Bueno;Bueno;Bueno
2025-11-19;22:00;6;33.96;33.17;25.52;Bueno;73.72;Bueno;1;2.43;2.35;4.70;Bueno;15.65;Bueno;Bueno;Bueno
2025-11-19;23:00;2;33.17;33.17;25.52;Bueno;73.72;Bueno;1;2.35;2.35;4.70;Bueno;15.65;Bueno;Bueno;Bueno
2025-11-20;00:00;3;32.57;9.38;7.21;Bueno;20.83;Bueno;1;2.22;1.38;2.75;Bueno;9.17;Bueno;Bueno;Bueno
2025-11-20;01:00;1;32.04;9.38;7.21;Bueno;20.83;Bueno;1;2.22;1.38;2.75;Bueno;9.17;Bueno;Bueno;Bueno
2025-11-20;02:00;1;31.30;9.38;7.21;Bueno;20.83;Bueno;1;2.22;1.38;2.75;Bueno;9.17;Bueno;Bueno;Bueno
2025-11-20;03:00;1;30.74;9.38;7.21;Bueno;20.83;Bueno;1;2.17;1.38;2.75;Bueno;9.17;Bueno;Bueno;Bueno
2025-11-20;04:00;11;30.52;9.38;7.21;Bueno;20.83;Bueno;1;2.17;1.38;2.75;Bueno;9.17;Bueno;Bueno;Bueno
2025-11-20;05:00;8;29.96;9.38;7.21;Bueno;20.83;Bueno;1;2.17;1.38;2.75;Bueno;9.17;Bueno;Bueno;Bueno
2025-11-20;06:00;16;29.04;9.38;7.21;Bueno;20.83;Bueno;1;1.70;1.38;2.75;Bueno;9.17;Bueno;Bueno;Bueno
2025-11-20;07:00;13;28.38;9.38;7.21;Bueno;20.83;Bueno;1;1.67;1.38;2.75;Bueno;9.17;Bueno;Bueno;Bueno
2025-11-20;08:00;15;28.96;9.38;7.21;Bueno;20.83;Bueno;4;1.79;1.38;2.75;Bueno;9.17;Bueno;Bueno;Bueno
2025-11-20;09:00;11;26.88;9.38;7.21;Bueno;20.83;Bueno;1;1.54;1.38;2.75;Bueno;9.17;Bueno;Bueno;Bueno
2025-11-20;10:00;8;25.46;9.38;7.21;Bueno;20.83;Bueno;1;1.38;1.38;2.75;Bueno;9.17;Bueno;Bueno;Bueno
2025-11-20;11:00;8;23.96;9.38;7.21;Bueno;20.83;Bueno;1;1.21;1.38;2.75;Bueno;9.17;Bueno;Bueno;Bueno
2025-11-20;12:00;6;23.08;9.38;7.21;Bueno;20.83;Bueno;1;1.21;1.38;2.75;Bueno;9.17;Bueno;Bueno;Bueno
2025-11-20;13:00;6;21.92;9.38;7.21;Bueno;20.83;Bueno;1;1.21;1.38;2.75;Bueno;9.17;Bueno;Bueno;Bueno
2025-11-20;14:00;14;19.92;9.38;7.21;Bueno;20.83;Bueno;1;1.21;1.38;2.75;Bueno;9.17;Bueno;Bueno;Bueno
2025-11-20;15:00;8;13.04;9.38;7.21;Bueno;20.83;Bueno;1;1.21;1.38;2.75;Bueno;9.17;Bueno;Bueno;Bueno
2025-11-20;16:00;9;9.33;9.38;7.21;Bueno;20.83;Bueno;1;1.21;1.38;2.75;Bueno;9.17;Bueno;Bueno;Bueno
2025-11-20;17:00;10;8.79;9.38;7.21;Bueno;20.83;Bueno;1;1.12;1.38;2.75;Bueno;9.17;Bueno;Bueno;Bueno
2025-11-20;18:00;9;8.42;9.38;7.21;Bueno;20.83;Bueno;1;1.12;1.38;2.75;Bueno;9.17;Bueno;Bueno;Bueno
2025-11-20;19:00;11;8.42;9.38;7.21;Bueno;20.83;Bueno;1;1.12;1.38;2.75;Bueno;9.17;Bueno;Bueno;Bueno
2025-11-20;20:00;13;8.33;9.38;7.21;Bueno;20.83;Bueno;1;1.12;1.38;2.75;Bueno;9.17;Bueno;Bueno;Bueno
2025-11-20;21:00;13;8.46;9.38;7.21;Bueno;20.83;Bueno;1;1.12;1.38;2.75;Bueno;9.17;Bueno;Bueno;Bueno
2025-11-20;22:00;18;8.96;9.38;7.21;Bueno;20.83;Bueno;4;1.25;1.38;2.75;Bueno;9.17;Bueno;Bueno;Bueno
2025-11-20;23:00;12;9.38;9.38;7.21;Bueno;20.83;Bueno;4;1.38;1.38;2.75;Bueno;9.17;Bueno;Bueno;Bueno
2025-11-21;00:00;14;9.83;30.79;23.69;Bueno;68.43;Bueno;8;1.67;3.88;7.75;Bueno;25.83;Bueno;Bueno;Bueno
2025-11-21;01:00;22;10.71;30.79;23.69;Bueno;68.43;Bueno;12;2.12;3.88;7.75;Bueno;25.83;Bueno;Bueno;Bueno
2025-11-21;02:00;11;11.12;30.79;23.69;Bueno;68.43;Bueno;8;2.42;3.88;7.75;Bueno;25.83;Bueno;Bueno;Bueno
2025-11-21;03:00;7;11.38;30.79;23.69;Bueno;68.43;Bueno;3;2.50;3.88;7.75;Bueno;25.83;Bueno;Bueno;Bueno
2025-11-21;04:00;8;11.25;30.79;23.69;Bueno;68.43;Bueno;1;2.50;3.88;7.75;Bueno;25.83;Bueno;Bueno;Bueno
2025-11-21;05:00;14;11.50;30.79;23.69;Bueno;68.43;Bueno;1;2.50;3.88;7.75;Bueno;25.83;Bueno;Bueno;Bueno
2025-11-21;06:00;9;11.21;30.79;23.69;Bueno;68.43;Bueno;4;2.62;3.88;7.75;Bueno;25.83;Bueno;Bueno;Bueno
2025-11-21;07:00;19;11.46;30.79;23.69;Bueno;68.43;Bueno;5;2.79;3.88;7.75;Bueno;25.83;Bueno;Bueno;Bueno
2025-11-21;08:00;25;11.88;30.79;23.69;Bueno;68.43;Bueno;3;2.75;3.88;7.75;Bueno;25.83;Bueno;Bueno;Bueno
2025-11-21;09:00;25;12.46;30.79;23.69;Bueno;68.43;Bueno;3;2.83;3.88;7.75;Bueno;25.83;Bueno;Bueno;Bueno
2025-11-21;10:00;33;13.50;30.79;23.69;Bueno;68.43;Bueno;2;2.88;3.88;7.75;Bueno;25.83;Bueno;Bueno;Bueno
2025-11-21;11:00;105;17.54;30.79;23.69;Bueno;68.43;Bueno;19;3.62;3.88;7.75;Bueno;25.83;Bueno;Bueno;Bueno
2025-11-21;12:00;90;21.04;30.79;23.69;Bueno;68.43;Bueno;2;3.67;3.88;7.75;Bueno;25.83;Bueno;Bueno;Bueno
2025-11-21;13:00;87;24.42;30.79;23.69;Bueno;68.43;Bueno;3;3.75;3.88;7.75;Bueno;25.83;Bueno;Bueno;Bueno
2025-11-21;14:00;27;24.96;30.79;23.69;Bueno;68.43;Bueno;2;3.79;3.88;7.75;Bueno;25.83;Bueno;Bueno;Bueno
2025-11-21;15:00;28;25.79;30.79;23.69;Bueno;68.43;Bueno;1;3.79;3.88;7.75;Bueno;25.83;Bueno;Bueno;Bueno
2025-11-21;16:00;25;26.46;30.79;23.69;Bueno;68.43;Bueno;1;3.79;3.88;7.75;Bueno;25.83;Bueno;Bueno;Bueno
2025-11-21;17:00;25;27.08;30.79;23.69;Bueno;68.43;Bueno;1;3.79;3.88;7.75;Bueno;25.83;Bueno;Bueno;Bueno
2025-11-21;18:00;31;28.00;30.79;23.69;Bueno;68.43;Bueno;1;3.79;3.88;7.75;Bueno;25.83;Bueno;Bueno;Bueno
2025-11-21;19:00;27;28.67;30.79;23.69;Bueno;68.43;Bueno;2;3.83;3.88;7.75;Bueno;25.83;Bueno;Bueno;Bueno
2025-11-21;20:00;28;29.29;30.79;23.69;Bueno;68.43;Bueno;4;3.96;3.88;7.75;Bueno;25.83;Bueno;Bueno;Bueno
2025-11-21;21:00;27;29.88;30.79;23.69;Bueno;68.43;Bueno;4;4.08;3.88;7.75;Bueno;25.83;Bueno;Bueno;Bueno
2025-11-21;22:00;26;30.21;30.79;23.69;Bueno;68.43;Bueno;2;4.00;3.88;7.75;Bueno;25.83;Bueno;Bueno;Bueno
2025-11-21;23:00;26;30.79;30.79;23.69;Bueno;68.43;Bueno;1;3.88;3.88;7.75;Bueno;25.83;Bueno;Bueno;Bueno
2025-11-22;00:00;16;30.88;22.83;17.56;Bueno;50.74;Bueno;3;3.67;2.54;5.08;Bueno;16.94;Bueno;Bueno;Bueno
2025-11-22;01:00;12;30.46;22.83;17.56;Bueno;50.74;Bueno;1;3.21;2.54;5.08;Bueno;16.94;Bueno;Bueno;Bueno
2025-11-22;02:00;17;30.71;22.83;17.56;Bueno;50.74;Bueno;1;2.92;2.54;5.08;Bueno;16.94;Bueno;Bueno;Bueno
2025-11-22;03:00;9;30.79;22.83;17.56;Bueno;50.74;Bueno;1;2.83;2.54;5.08;Bueno;16.94;Bueno;Bueno;Bueno
2025-11-22;04:00;7;30.75;22.83;17.56;Bueno;50.74;Bueno;1;2.83;2.54;5.08;Bueno;16.94;Bueno;Bueno;Bueno
2025-11-22;05:00;19;30.96;22.83;17.56;Bueno;50.74;Bueno;3;2.92;2.54;5.08;Bueno;16.94;Bueno;Bueno;Bueno
2025-11-22;06:00;30;31.83;22.83;17.56;Bueno;50.74;Bueno;3;2.88;2.54;5.08;Bueno;16.94;Bueno;Bueno;Bueno
2025-11-22;07:00;9;31.42;22.83;17.56;Bueno;50.74;Bueno;1;2.71;2.54;5.08;Bueno;16.94;Bueno;Bueno;Bueno
2025-11-22;08:00;55;32.67;22.83;17.56;Bueno;50.74;Bueno;1;2.62;2.54;5.08;Bueno;16.94;Bueno;Bueno;Bueno
2025-11-22;09:00;19;32.42;22.83;17.56;Bueno;50.74;Bueno;1;2.54;2.54;5.08;Bueno;16.94;Bueno;Bueno;Bueno
2025-11-22;10:00;17;31.75;22.83;17.56;Bueno;50.74;Bueno;1;2.50;2.54;5.08;Bueno;16.94;Bueno;Bueno;Bueno
2025-11-22;11:00;26;28.46;22.83;17.56;Bueno;50.74;Bueno;1;1.75;2.54;5.08;Bueno;16.94;Bueno;Bueno;Bueno
2025-11-22;12:00;19;25.50;22.83;17.56;Bueno;50.74;Bueno;1;1.71;2.54;5.08;Bueno;16.94;Bueno;Bueno;Bueno
2025-11-22;13:00;21;22.75;22.83;17.56;Bueno;50.74;Bueno;1;1.62;2.54;5.08;Bueno;16.94;Bueno;Bueno;Bueno
2025-11-22;14:00;21;22.50;22.83;17.56;Bueno;50.74;Bueno;1;1.58;2.54;5.08;Bueno;16.94;Bueno;Bueno;Bueno
2025-11-22;15:00;21;22.21;22.83;17.56;Bueno;50.74;Bueno;1;1.58;2.54;5.08;Bueno;16.94;Bueno;Bueno;Bueno
2025-11-22;16:00;21;22.04;22.83;17.56;Bueno;50.74;Bueno;1;1.58;2.54;5.08;Bueno;16.94;Bueno;Bueno;Bueno
2025-11-22;17:00;28;22.17;22.83;17.56;Bueno;50.74;Bueno;2;1.62;2.54;5.08;Bueno;16.94;Bueno;Bueno;Bueno
2025-11-22;18:00;31;22.17;22.83;17.56;Bueno;50.74;Bueno;7;1.88;2.54;5.08;Bueno;16.94;Bueno;Bueno;Bueno
2025-11-22;19:00;39;22.67;22.83;17.56;Bueno;50.74;Bueno;12;2.29;2.54;5.08;Bueno;16.94;Bueno;Bueno;Bueno
2025-11-22;20:00;28;22.67;22.83;17.56;Bueno;50.74;Bueno;8;2.46;2.54;5.08;Bueno;16.94;Bueno;Bueno;Bueno
2025-11-22;21:00;33;22.92;22.83;17.56;Bueno;50.74;Bueno;5;2.50;2.54;5.08;Bueno;16.94;Bueno;Bueno;Bueno
2025-11-22;22:00;30;23.08;22.83;17.56;Bueno;50.74;Bueno;3;2.54;2.54;5.08;Bueno;16.94;Bueno;Bueno;Bueno
2025-11-22;23:00;20;22.83;22.83;17.56;Bueno;50.74;Bueno;1;2.54;2.54;5.08;Bueno;16.94;Bueno;Bueno;Bueno
2025-11-23;00:00;16;22.83;17.92;13.78;Bueno;39.81;Bueno;1;2.46;2.67;5.33;Bueno;17.78;Bueno;Bueno;Bueno
2025-11-23;01:00;17;23.04;17.92;13.78;Bueno;39.81;Bueno;1;2.46;2.67;5.33;Bueno;17.78;Bueno;Bueno;Bueno
2025-11-23;02:00;20;23.17;17.92;13.78;Bueno;39.81;Bueno;1;2.46;2.67;5.33;Bueno;17.78;Bueno;Bueno;Bueno
2025-11-23;03:00;14;23.38;17.92;13.78;Bueno;39.81;Bueno;2;2.50;2.67;5.33;Bueno;17.78;Bueno;Bueno;Bueno
2025-11-23;04:00;10;23.50;17.92;13.78;Bueno;39.81;Bueno;2;2.54;2.67;5.33;Bueno;17.78;Bueno;Bueno;Bueno
2025-11-23;05:00;7;23.00;17.92;13.78;Bueno;39.81;Bueno;1;2.46;2.67;5.33;Bueno;17.78;Bueno;Bueno;Bueno
2025-11-23;06:00;6;22.00;17.92;13.78;Bueno;39.81;Bueno;1;2.38;2.67;5.33;Bueno;17.78;Bueno;Bueno;Bueno
2025-11-23;07:00;8;21.96;17.92;13.78;Bueno;39.81;Bueno;5;2.54;2.67;5.33;Bueno;17.78;Bueno;Bueno;Bueno
2025-11-23;08:00;11;20.12;17.92;13.78;Bueno;39.81;Bueno;4;2.67;2.67;5.33;Bueno;17.78;Bueno;Bueno;Bueno
2025-11-23;09:00;18;20.08;17.92;13.78;Bueno;39.81;Bueno;3;2.75;2.67;5.33;Bueno;17.78;Bueno;Bueno;Bueno
2025-11-23;10:00;15;20.00;17.92;13.78;Bueno;39.81;Bueno;2;2.79;2.67;5.33;Bueno;17.78;Bueno;Bueno;Bueno
2025-11-23;11:00;14;19.50;17.92;13.78;Bueno;39.81;Bueno;1;2.79;2.67;5.33;Bueno;17.78;Bueno;Bueno;Bueno
2025-11-23;12:00;18;19.46;17.92;13.78;Bueno;39.81;Bueno;1;2.79;2.67;5.33;Bueno;17.78;Bueno;Bueno;Bueno
2025-11-23;13:00;21;19.46;17.92;13.78;Bueno;39.81;Bueno;1;2.79;2.67;5.33;Bueno;17.78;Bueno;Bueno;Bueno
2025-11-23;14:00;17;19.29;17.92;13.78;Bueno;39.81;Bueno;1;2.79;2.67;5.33;Bueno;17.78;Bueno;Bueno;Bueno
2025-11-23;15:00;20;19.25;17.92;13.78;Bueno;39.81;Bueno;6;3.00;2.67;5.33;Bueno;17.78;Bueno;Bueno;Bueno
2025-11-23;16:00;18;19.12;17.92;13.78;Bueno;39.81;Bueno;4;3.12;2.67;5.33;Bueno;17.78;Bueno;Bueno;Bueno
2025-11-23;17:00;20;18.79;17.92;13.78;Bueno;39.81;Bueno;3;3.17;2.67;5.33;Bueno;17.78;Bueno;Bueno;Bueno
2025-11-23;18:00;15;18.12;17.92;13.78;Bueno;39.81;Bueno;3;3.00;2.67;5.33;Bueno;17.78;Bueno;Bueno;Bueno
2025-11-23;19:00;25;17.54;17.92;13.78;Bueno;39.81;Bueno;2;2.58;2.67;5.33;Bueno;17.78;Bueno;Bueno;Bueno
2025-11-23;20:00;33;17.75;17.92;13.78;Bueno;39.81;Bueno;3;2.38;2.67;5.33;Bueno;17.78;Bueno;Bueno;Bueno
2025-11-23;21:00;32;17.71;17.92;13.78;Bueno;39.81;Bueno;5;2.38;2.67;5.33;Bueno;17.78;Bueno;Bueno;Bueno
2025-11-23;22:00;32;17.79;17.92;13.78;Bueno;39.81;Bueno;6;2.50;2.67;5.33;Bueno;17.78;Bueno;Bueno;Bueno
2025-11-23;23:00;23;17.92;17.92;13.78;Bueno;39.81;Bueno;5;2.67;2.67;5.33;Bueno;17.78;Bueno;Bueno;Bueno
2025-11-24;00:00;18;18.00;20.29;15.61;Bueno;45.09;Bueno;3;2.75;2.42;4.83;Bueno;16.11;Bueno;Bueno;Bueno
2025-11-24;01:00;21;18.17;20.29;15.61;Bueno;45.09;Bueno;4;2.88;2.42;4.83;Bueno;16.11;Bueno;Bueno;Bueno
2025-11-24;02:00;12;17.83;20.29;15.61;Bueno;45.09;Bueno;4;3.00;2.42;4.83;Bueno;16.11;Bueno;Bueno;Bueno
2025-11-24;03:00;19;18.04;20.29;15.61;Bueno;45.09;Bueno;5;3.12;2.42;4.83;Bueno;16.11;Bueno;Bueno;Bueno
2025-11-24;04:00;18;18.38;20.29;15.61;Bueno;45.09;Bueno;4;3.21;2.42;4.83;Bueno;16.11;Bueno;Bueno;Bueno
2025-11-24;05:00;16;18.75;20.29;15.61;Bueno;45.09;Bueno;3;3.29;2.42;4.83;Bueno;16.11;Bueno;Bueno;Bueno
2025-11-24;06:00;18;19.25;20.29;15.61;Bueno;45.09;Bueno;2;3.33;2.42;4.83;Bueno;16.11;Bueno;Bueno;Bueno
2025-11-24;07:00;21;19.79;20.29;15.61;Bueno;45.09;Bueno;3;3.25;2.42;4.83;Bueno;16.11;Bueno;Bueno;Bueno
2025-11-24;08:00;21;20.21;20.29;15.61;Bueno;45.09;Bueno;4;3.25;2.42;4.83;Bueno;16.11;Bueno;Bueno;Bueno
2025-11-24;09:00;20;20.29;20.29;15.61;Bueno;45.09;Bueno;3;3.25;2.42;4.83;Bueno;16.11;Bueno;Bueno;Bueno
2025-11-24;10:00;21;20.54;20.29;15.61;Bueno;45.09;Bueno;3;3.29;2.42;4.83;Bueno;16.11;Bueno;Bueno;Bueno
2025-11-24;11:00;30;21.21;20.29;15.61;Bueno;45.09;Bueno;1;3.29;2.42;4.83;Bueno;16.11;Bueno;Bueno;Bueno
2025-11-24;12:00;17;21.17;20.29;15.61;Bueno;45.09;Bueno;1;3.29;2.42;4.83;Bueno;16.11;Bueno;Bueno;Bueno
2025-11-24;13:00;17;21.00;20.29;15.61;Bueno;45.09;Bueno;1;3.29;2.42;4.83;Bueno;16.11;Bueno;Bueno;Bueno
2025-11-24;14:00;24;21.29;20.29;15.61;Bueno;45.09;Bueno;1;3.29;2.42;4.83;Bueno;16.11;Bueno;Bueno;Bueno
2025-11-24;15:00;26;21.54;20.29;15.61;Bueno;45.09;Bueno;1;3.08;2.42;4.83;Bueno;16.11;Bueno;Bueno;Bueno
2025-11-24;16:00;21;21.67;20.29;15.61;Bueno;45.09;Bueno;1;2.96;2.42;4.83;Bueno;16.11;Bueno;Bueno;Bueno
2025-11-24;17:00;26;21.92;20.29;15.61;Bueno;45.09;Bueno;2;2.92;2.42;4.83;Bueno;16.11;Bueno;Bueno;Bueno
2025-11-24;18:00;25;22.33;20.29;15.61;Bueno;45.09;Bueno;2;2.88;2.42;4.83;Bueno;16.11;Bueno;Bueno;Bueno
2025-11-24;19:00;26;22.38;20.29;15.61;Bueno;45.09;Bueno;3;2.92;2.42;4.83;Bueno;16.11;Bueno;Bueno;Bueno
2025-11-24;20:00;22;21.92;20.29;15.61;Bueno;45.09;Bueno;3;2.92;2.42;4.83;Bueno;16.11;Bueno;Bueno;Bueno
2025-11-24;21:00;19;21.38;20.29;15.61;Bueno;45.09;Bueno;2;2.79;2.42;4.83;Bueno;16.11;Bueno;Bueno;Bueno
2025-11-24;22:00;16;20.71;20.29;15.61;Bueno;45.09;Bueno;1;2.58;2.42;4.83;Bueno;16.11;Bueno;Bueno;Bueno
2025-11-24;23:00;13;20.29;20.29;15.61;Bueno;45.09;Bueno;1;2.42;2.42;4.83;Bueno;16.11;Bueno;Bueno;Bueno
2025-11-25;00:00;9;19.92;16.87;12.98;Bueno;37.49;Bueno;2;2.38;1.35;2.70;Bueno;8.99;Bueno;Bueno;Bueno
2025-11-25;01:00;10;19.46;16.87;12.98;Bueno;37.49;Bueno;2;2.29;1.35;2.70;Bueno;8.99;Bueno;Bueno;Bueno
2025-11-25;02:00;9;19.33;16.87;12.98;Bueno;37.49;Bueno;1;2.17;1.35;2.70;Bueno;8.99;Bueno;Bueno;Bueno
2025-11-25;03:00;4;18.71;16.87;12.98;Bueno;37.49;Bueno;1;2.00;1.35;2.70;Bueno;8.99;Bueno;Bueno;Bueno
2025-11-25;04:00;1;18.00;16.87;12.98;Bueno;37.49;Bueno;1;1.88;1.35;2.70;Bueno;8.99;Bueno;Bueno;Bueno
2025-11-25;05:00;1;17.38;16.87;12.98;Bueno;37.49;Bueno;1;1.79;1.35;2.70;Bueno;8.99;Bueno;Bueno;Bueno
2025-11-25;06:00;5;16.83;16.87;12.98;Bueno;37.49;Bueno;1;1.75;1.35;2.70;Bueno;8.99;Bueno;Bueno;Bueno
2025-11-25;07:00;13;16.50;16.87;12.98;Bueno;37.49;Bueno;1;1.67;1.35;2.70;Bueno;8.99;Bueno;Bueno;Bueno
2025-11-25;08:00;31;16.92;16.87;12.98;Bueno;37.49;Bueno;1;1.54;1.35;2.70;Bueno;8.99;Bueno;Bueno;Bueno
2025-11-25;09:00;32;17.42;16.87;12.98;Bueno;37.49;Bueno;2;1.50;1.35;2.70;Bueno;8.99;Bueno;Bueno;Bueno
2025-11-25;10:00;29;17.75;16.87;12.98;Bueno;37.49;Bueno;2;1.46;1.35;2.70;Bueno;8.99;Bueno;Bueno;Bueno
2025-11-25;11:00;30;17.75;16.87;12.98;Bueno;37.49;Bueno;1;1.46;1.35;2.70;Bueno;8.99;Bueno;Bueno;Bueno
2025-11-25;12:00;24;18.04;16.87;12.98;Bueno;37.49;Bueno;1;1.46;1.35;2.70;Bueno;8.99;Bueno;Bueno;Bueno
2025-11-25;13:00;28;18.50;16.87;12.98;Bueno;37.49;Bueno;;1.48;1.35;2.70;Bueno;8.99;Bueno;Bueno;Bueno
2025-11-25;14:00;;18.26;16.87;12.98;Bueno;37.49;Bueno;1;1.48;1.35;2.70;Bueno;8.99;Bueno;Bueno;Bueno
2025-11-25;15:00;35;18.65;16.87;12.98;Bueno;37.49;Bueno;1;1.48;1.35;2.70;Bueno;8.99;Bueno;Bueno;Bueno
2025-11-25;16:00;23;18.74;16.87;12.98;Bueno;37.49;Bueno;2;1.52;1.35;2.70;Bueno;8.99;Bueno;Bueno;Bueno
2025-11-25;17:00;20;18.48;16.87;12.98;Bueno;37.49;Bueno;2;1.52;1.35;2.70;Bueno;8.99;Bueno;Bueno;Bueno
2025-11-25;18:00;20;18.26;16.87;12.98;Bueno;37.49;Bueno;2;1.52;1.35;2.70;Bueno;8.99;Bueno;Bueno;Bueno
2025-11-25;19:00;19;17.96;16.87;12.98;Bueno;37.49;Bueno;1;1.43;1.35;2.70;Bueno;8.99;Bueno;Bueno;Bueno
2025-11-25;20:00;20;17.87;16.87;12.98;Bueno;37.49;Bueno;1;1.35;1.35;2.70;Bueno;8.99;Bueno;Bueno;Bueno
2025-11-25;21:00;16;17.74;16.87;12.98;Bueno;37.49;Bueno;2;1.35;1.35;2.70;Bueno;8.99;Bueno;Bueno;Bueno
2025-11-25;22:00;4;17.22;16.87;12.98;Bueno;37.49;Bueno;1;1.35;1.35;2.70;Bueno;8.99;Bueno;Bueno;Bueno
2025-11-25;23:00;5;16.87;16.87;12.98;Bueno;37.49;Bueno;1;1.35;1.35;2.70;Bueno;8.99;Bueno;Bueno;Bueno
2025-11-26;00:00;4;16.65;11.83;9.10;Bueno;26.30;Bueno;1;1.30;2.08;4.17;Bueno;13.89;Bueno;Bueno;Bueno
2025-11-26;01:00;2;16.30;11.83;9.10;Bueno;26.30;Bueno;1;1.26;2.08;4.17;Bueno;13.89;Bueno;Bueno;Bueno
2025-11-26;02:00;2;16.00;11.83;9.10;Bueno;26.30;Bueno;1;1.26;2.08;4.17;Bueno;13.89;Bueno;Bueno;Bueno
2025-11-26;03:00;2;15.91;11.83;9.10;Bueno;26.30;Bueno;1;1.26;2.08;4.17;Bueno;13.89;Bueno;Bueno;Bueno
2025-11-26;04:00;2;15.96;11.83;9.10;Bueno;26.30;Bueno;1;1.26;2.08;4.17;Bueno;13.89;Bueno;Bueno;Bueno
2025-11-26;05:00;2;16.00;11.83;9.10;Bueno;26.30;Bueno;1;1.26;2.08;4.17;Bueno;13.89;Bueno;Bueno;Bueno
2025-11-26;06:00;4;15.96;11.83;9.10;Bueno;26.30;Bueno;1;1.26;2.08;4.17;Bueno;13.89;Bueno;Bueno;Bueno
2025-11-26;07:00;7;15.70;11.83;9.10;Bueno;26.30;Bueno;1;1.26;2.08;4.17;Bueno;13.89;Bueno;Bueno;Bueno
2025-11-26;08:00;8;14.70;11.83;9.10;Bueno;26.30;Bueno;1;1.26;2.08;4.17;Bueno;13.89;Bueno;Bueno;Bueno
2025-11-26;09:00;6;13.57;11.83;9.10;Bueno;26.30;Bueno;2;1.26;2.08;4.17;Bueno;13.89;Bueno;Bueno;Bueno
2025-11-26;10:00;11;12.78;11.83;9.10;Bueno;26.30;Bueno;1;1.22;2.08;4.17;Bueno;13.89;Bueno;Bueno;Bueno
2025-11-26;11:00;18;12.26;11.83;9.10;Bueno;26.30;Bueno;1;1.22;2.08;4.17;Bueno;13.89;Bueno;Bueno;Bueno
2025-11-26;12:00;14;11.83;11.83;9.10;Bueno;26.30;Bueno;1;1.22;2.08;4.17;Bueno;13.89;Bueno;Bueno;Bueno
2025-11-26;13:00;13;11.17;11.83;9.10;Bueno;26.30;Bueno;1;1.21;2.08;4.17;Bueno;13.89;Bueno;Bueno;Bueno
2025-11-26;14:00;17;11.42;11.83;9.10;Bueno;26.30;Bueno;3;1.29;2.08;4.17;Bueno;13.89;Bueno;Bueno;Bueno
2025-11-26;15:00;21;10.83;11.83;9.10;Bueno;26.30;Bueno;3;1.38;2.08;4.17;Bueno;13.89;Bueno;Bueno;Bueno
2025-11-26;16:00;27;11.00;11.83;9.10;Bueno;26.30;Bueno;4;1.46;2.08;4.17;Bueno;13.89;Bueno;Bueno;Bueno
2025-11-26;17:00;57;12.54;11.83;9.10;Bueno;26.30;Bueno;3;1.50;2.08;4.17;Bueno;13.89;Bueno;Bueno;Bueno
2025-11-26;18:00;13;12.25;11.83;9.10;Bueno;26.30;Bueno;3;1.54;2.08;4.17;Bueno;13.89;Bueno;Bueno;Bueno
2025-11-26;19:00;17;12.17;11.83;9.10;Bueno;26.30;Bueno;6;1.75;2.08;4.17;Bueno;13.89;Bueno;Bueno;Bueno
2025-11-26;20:00;12;11.83;11.83;9.10;Bueno;26.30;Bueno;4;1.88;2.08;4.17;Bueno;13.89;Bueno;Bueno;Bueno
2025-11-26;21:00;7;11.46;11.83;9.10;Bueno;26.30;Bueno;1;1.83;2.08;4.17;Bueno;13.89;Bueno;Bueno;Bueno
2025-11-26;22:00;9;11.67;11.83;9.10;Bueno;26.30;Bueno;4;1.96;2.08;4.17;Bueno;13.89;Bueno;Bueno;Bueno
2025-11-26;23:00;9;11.83;11.83;9.10;Bueno;26.30;Bueno;4;2.08;2.08;4.17;Bueno;13.89;Bueno;Bueno;Bueno
2025-11-27;00:00;7;11.96;16.79;12.92;Bueno;37.31;Bueno;2;2.12;2.00;4.00;Bueno;13.33;Bueno;Bueno;Bueno
2025-11-27;01:00;5;12.08;16.79;12.92;Bueno;37.31;Bueno;2;2.17;2.00;4.00;Bueno;13.33;Bueno;Bueno;Bueno
2025-11-27;02:00;3;12.12;16.79;12.92;Bueno;37.31;Bueno;1;2.17;2.00;4.00;Bueno;13.33;Bueno;Bueno;Bueno
2025-11-27;03:00;1;12.08;16.79;12.92;Bueno;37.31;Bueno;1;2.17;2.00;4.00;Bueno;13.33;Bueno;Bueno;Bueno
2025-11-27;04:00;1;12.04;16.79;12.92;Bueno;37.31;Bueno;1;2.17;2.00;4.00;Bueno;13.33;Bueno;Bueno;Bueno
2025-11-27;05:00;7;12.25;16.79;12.92;Bueno;37.31;Bueno;1;2.17;2.00;4.00;Bueno;13.33;Bueno;Bueno;Bueno
2025-11-27;06:00;19;12.88;16.79;12.92;Bueno;37.31;Bueno;3;2.25;2.00;4.00;Bueno;13.33;Bueno;Bueno;Bueno
2025-11-27;07:00;16;13.25;16.79;12.92;Bueno;37.31;Bueno;2;2.29;2.00;4.00;Bueno;13.33;Bueno;Bueno;Bueno
2025-11-27;08:00;18;13.67;16.79;12.92;Bueno;37.31;Bueno;2;2.33;2.00;4.00;Bueno;13.33;Bueno;Bueno;Bueno
2025-11-27;09:00;19;14.21;16.79;12.92;Bueno;37.31;Bueno;4;2.42;2.00;4.00;Bueno;13.33;Bueno;Bueno;Bueno
2025-11-27;10:00;12;14.25;16.79;12.92;Bueno;37.31;Bueno;2;2.46;2.00;4.00;Bueno;13.33;Bueno;Bueno;Bueno
2025-11-27;11:00;13;14.04;16.79;12.92;Bueno;37.31;Bueno;2;2.50;2.00;4.00;Bueno;13.33;Bueno;Bueno;Bueno
2025-11-27;12:00;17;14.17;16.79;12.92;Bueno;37.31;Bueno;1;2.50;2.00;4.00;Bueno;13.33;Bueno;Bueno;Bueno
2025-11-27;13:00;18;14.38;16.79;12.92;Bueno;37.31;Bueno;1;2.50;2.00;4.00;Bueno;13.33;Bueno;Bueno;Bueno
2025-11-27;14:00;22;14.58;16.79;12.92;Bueno;37.31;Bueno;1;2.42;2.00;4.00;Bueno;13.33;Bueno;Bueno;Bueno
2025-11-27;15:00;30;14.96;16.79;12.92;Bueno;37.31;Bueno;1;2.33;2.00;4.00;Bueno;13.33;Bueno;Bueno;Bueno
2025-11-27;16:00;17;14.54;16.79;12.92;Bueno;37.31;Bueno;1;2.21;2.00;4.00;Bueno;13.33;Bueno;Bueno;Bueno
2025-11-27;17:00;28;13.33;16.79;12.92;Bueno;37.31;Bueno;1;2.12;2.00;4.00;Bueno;13.33;Bueno;Bueno;Bueno
2025-11-27;18:00;27;13.92;16.79;12.92;Bueno;37.31;Bueno;1;2.04;2.00;4.00;Bueno;13.33;Bueno;Bueno;Bueno
2025-11-27;19:00;29;14.42;16.79;12.92;Bueno;37.31;Bueno;1;1.83;2.00;4.00;Bueno;13.33;Bueno;Bueno;Bueno
2025-11-27;20:00;30;15.17;16.79;12.92;Bueno;37.31;Bueno;5;1.88;2.00;4.00;Bueno;13.33;Bueno;Bueno;Bueno
2025-11-27;21:00;21;15.75;16.79;12.92;Bueno;37.31;Bueno;4;2.00;2.00;4.00;Bueno;13.33;Bueno;Bueno;Bueno
2025-11-27;22:00;26;16.46;16.79;12.92;Bueno;37.31;Bueno;4;2.00;2.00;4.00;Bueno;13.33;Bueno;Bueno;Bueno
2025-11-27;23:00;17;16.79;16.79;12.92;Bueno;37.31;Bueno;4;2.00;2.00;4.00;Bueno;13.33;Bueno;Bueno;Bueno
2025-11-28;00:00;17;17.21;32.29;24.84;Bueno;71.76;Bueno;4;2.08;3.62;7.25;Bueno;24.17;Bueno;Bueno;Bueno
2025-11-28;01:00;11;17.46;32.29;24.84;Bueno;71.76;Bueno;3;2.12;3.62;7.25;Bueno;24.17;Bueno;Bueno;Bueno
2025-11-28;02:00;7;17.62;32.29;24.84;Bueno;71.76;Bueno;1;2.12;3.62;7.25;Bueno;24.17;Bueno;Bueno;Bueno
2025-11-28;03:00;6;17.83;32.29;24.84;Bueno;71.76;Bueno;1;2.12;3.62;7.25;Bueno;24.17;Bueno;Bueno;Bueno
2025-11-28;04:00;11;18.25;32.29;24.84;Bueno;71.76;Bueno;6;2.33;3.62;7.25;Bueno;24.17;Bueno;Bueno;Bueno
2025-11-28;05:00;22;18.88;32.29;24.84;Bueno;71.76;Bueno;4;2.46;3.62;7.25;Bueno;24.17;Bueno;Bueno;Bueno
2025-11-28;06:00;33;19.46;32.29;24.84;Bueno;71.76;Bueno;3;2.46;3.62;7.25;Bueno;24.17;Bueno;Bueno;Bueno
2025-11-28;07:00;43;20.58;32.29;24.84;Bueno;71.76;Bueno;5;2.58;3.62;7.25;Bueno;24.17;Bueno;Bueno;Bueno
2025-11-28;08:00;44;21.67;32.29;24.84;Bueno;71.76;Bueno;5;2.71;3.62;7.25;Bueno;24.17;Bueno;Bueno;Bueno
2025-11-28;09:00;42;22.62;32.29;24.84;Bueno;71.76;Bueno;4;2.71;3.62;7.25;Bueno;24.17;Bueno;Bueno;Bueno
2025-11-28;10:00;46;24.04;32.29;24.84;Bueno;71.76;Bueno;4;2.79;3.62;7.25;Bueno;24.17;Bueno;Bueno;Bueno
2025-11-28;11:00;68;26.33;32.29;24.84;Bueno;71.76;Bueno;3;2.83;3.62;7.25;Bueno;24.17;Bueno;Bueno;Bueno
2025-11-28;12:00;45;27.50;32.29;24.84;Bueno;71.76;Bueno;2;2.88;3.62;7.25;Bueno;24.17;Bueno;Bueno;Bueno
2025-11-28;13:00;70;29.67;32.29;24.84;Bueno;71.76;Bueno;2;2.92;3.62;7.25;Bueno;24.17;Bueno;Bueno;Bueno
2025-11-28;14:00;28;29.92;32.29;24.84;Bueno;71.76;Bueno;4;3.04;3.62;7.25;Bueno;24.17;Bueno;Bueno;Bueno
2025-11-28;15:00;17;29.38;32.29;24.84;Bueno;71.76;Bueno;2;3.08;3.62;7.25;Bueno;24.17;Bueno;Bueno;Bueno
2025-11-28;16:00;25;29.71;32.29;24.84;Bueno;71.76;Bueno;1;3.08;3.62;7.25;Bueno;24.17;Bueno;Bueno;Bueno
2025-11-28;17:00;18;29.29;32.29;24.84;Bueno;71.76;Bueno;1;3.08;3.62;7.25;Bueno;24.17;Bueno;Bueno;Bueno
2025-11-28;18:00;31;29.46;32.29;24.84;Bueno;71.76;Bueno;1;3.08;3.62;7.25;Bueno;24.17;Bueno;Bueno;Bueno
2025-11-28;19:00;45;30.12;32.29;24.84;Bueno;71.76;Bueno;5;3.25;3.62;7.25;Bueno;24.17;Bueno;Bueno;Bueno
2025-11-28;20:00;37;30.42;32.29;24.84;Bueno;71.76;Bueno;4;3.21;3.62;7.25;Bueno;24.17;Bueno;Bueno;Bueno
2025-11-28;21:00;35;31.00;32.29;24.84;Bueno;71.76;Bueno;5;3.25;3.62;7.25;Bueno;24.17;Bueno;Bueno;Bueno
2025-11-28;22:00;31;31.21;32.29;24.84;Bueno;71.76;Bueno;7;3.38;3.62;7.25;Bueno;24.17;Bueno;Bueno;Bueno
2025-11-28;23:00;43;32.29;32.29;24.84;Bueno;71.76;Bueno;10;3.62;3.62;7.25;Bueno;24.17;Bueno;Bueno;Bueno
2025-11-29;00:00;18;32.33;14.50;11.15;Bueno;32.22;Bueno;5;3.67;1.33;2.67;Bueno;8.89;Bueno;Bueno;Bueno
2025-11-29;01:00;8;32.21;14.50;11.15;Bueno;32.22;Bueno;3;3.67;1.33;2.67;Bueno;8.89;Bueno;Bueno;Bueno
2025-11-29;02:00;4;32.08;14.50;11.15;Bueno;32.22;Bueno;2;3.71;1.33;2.67;Bueno;8.89;Bueno;Bueno;Bueno
2025-11-29;03:00;1;31.88;14.50;11.15;Bueno;32.22;Bueno;1;3.71;1.33;2.67;Bueno;8.89;Bueno;Bueno;Bueno
2025-11-29;04:00;13;31.96;14.50;11.15;Bueno;32.22;Bueno;1;3.50;1.33;2.67;Bueno;8.89;Bueno;Bueno;Bueno
2025-11-29;05:00;10;31.46;14.50;11.15;Bueno;32.22;Bueno;1;3.38;1.33;2.67;Bueno;8.89;Bueno;Bueno;Bueno
2025-11-29;06:00;18;30.83;14.50;11.15;Bueno;32.22;Bueno;2;3.33;1.33;2.67;Bueno;8.89;Bueno;Bueno;Bueno
2025-11-29;07:00;11;29.50;14.50;11.15;Bueno;32.22;Bueno;1;3.17;1.33;2.67;Bueno;8.89;Bueno;Bueno;Bueno
2025-11-29;08:00;13;28.21;14.50;11.15;Bueno;32.22;Bueno;1;3.00;1.33;2.67;Bueno;8.89;Bueno;Bueno;Bueno
2025-11-29;09:00;14;27.04;14.50;11.15;Bueno;32.22;Bueno;1;2.88;1.33;2.67;Bueno;8.89;Bueno;Bueno;Bueno
2025-11-29;10:00;31;26.42;14.50;11.15;Bueno;32.22;Bueno;1;2.75;1.33;2.67;Bueno;8.89;Bueno;Bueno;Bueno
2025-11-29;11:00;31;24.88;14.50;11.15;Bueno;32.22;Bueno;1;2.67;1.33;2.67;Bueno;8.89;Bueno;Bueno;Bueno
2025-11-29;12:00;26;24.08;14.50;11.15;Bueno;32.22;Bueno;1;2.62;1.33;2.67;Bueno;8.89;Bueno;Bueno;Bueno
2025-11-29;13:00;18;21.92;14.50;11.15;Bueno;32.22;Bueno;1;2.58;1.33;2.67;Bueno;8.89;Bueno;Bueno;Bueno
2025-11-29;14:00;14;21.33;14.50;11.15;Bueno;32.22;Bueno;1;2.46;1.33;2.67;Bueno;8.89;Bueno;Bueno;Bueno
2025-11-29;15:00;29;21.83;14.50;11.15;Bueno;32.22;Bueno;1;2.42;1.33;2.67;Bueno;8.89;Bueno;Bueno;Bueno
2025-11-29;16:00;9;21.17;14.50;11.15;Bueno;32.22;Bueno;1;2.42;1.33;2.67;Bueno;8.89;Bueno;Bueno;Bueno
2025-11-29;17:00;5;20.62;14.50;11.15;Bueno;32.22;Bueno;1;2.42;1.33;2.67;Bueno;8.89;Bueno;Bueno;Bueno
2025-11-29;18:00;6;19.58;14.50;11.15;Bueno;32.22;Bueno;1;2.42;1.33;2.67;Bueno;8.89;Bueno;Bueno;Bueno
2025-11-29;19:00;16;18.38;14.50;11.15;Bueno;32.22;Bueno;1;2.25;1.33;2.67;Bueno;8.89;Bueno;Bueno;Bueno
2025-11-29;20:00;16;17.50;14.50;11.15;Bueno;32.22;Bueno;1;2.12;1.33;2.67;Bueno;8.89;Bueno;Bueno;Bueno
2025-11-29;21:00;9;16.42;14.50;11.15;Bueno;32.22;Bueno;1;1.96;1.33;2.67;Bueno;8.89;Bueno;Bueno;Bueno
2025-11-29;22:00;11;15.58;14.50;11.15;Bueno;32.22;Bueno;1;1.71;1.33;2.67;Bueno;8.89;Bueno;Bueno;Bueno
2025-11-29;23:00;17;14.50;14.50;11.15;Bueno;32.22;Bueno;1;1.33;1.33;2.67;Bueno;8.89;Bueno;Bueno;Bueno
2025-11-30;00:00;17;14.46;9.33;7.18;Bueno;20.74;Bueno;2;1.21;2.58;5.17;Bueno;17.22;Bueno;Bueno;Bueno
2025-11-30;01:00;4;14.29;9.33;7.18;Bueno;20.74;Bueno;3;1.21;2.58;5.17;Bueno;17.22;Bueno;Bueno;Bueno
2025-11-30;02:00;7;14.42;9.33;7.18;Bueno;20.74;Bueno;2;1.21;2.58;5.17;Bueno;17.22;Bueno;Bueno;Bueno
2025-11-30;03:00;12;14.88;9.33;7.18;Bueno;20.74;Bueno;1;1.21;2.58;5.17;Bueno;17.22;Bueno;Bueno;Bueno
2025-11-30;04:00;8;14.67;9.33;7.18;Bueno;20.74;Bueno;1;1.21;2.58;5.17;Bueno;17.22;Bueno;Bueno;Bueno
2025-11-30;05:00;5;14.46;9.33;7.18;Bueno;20.74;Bueno;1;1.21;2.58;5.17;Bueno;17.22;Bueno;Bueno;Bueno
2025-11-30;06:00;5;13.92;9.33;7.18;Bueno;20.74;Bueno;1;1.17;2.58;5.17;Bueno;17.22;Bueno;Bueno;Bueno
2025-11-30;07:00;4;13.62;9.33;7.18;Bueno;20.74;Bueno;1;1.17;2.58;5.17;Bueno;17.22;Bueno;Bueno;Bueno
2025-11-30;08:00;4;13.25;9.33;7.18;Bueno;20.74;Bueno;1;1.17;2.58;5.17;Bueno;17.22;Bueno;Bueno;Bueno
2025-11-30;09:00;11;13.12;9.33;7.18;Bueno;20.74;Bueno;1;1.17;2.58;5.17;Bueno;17.22;Bueno;Bueno;Bueno
2025-11-30;10:00;7;12.12;9.33;7.18;Bueno;20.74;Bueno;1;1.17;2.58;5.17;Bueno;17.22;Bueno;Bueno;Bueno
2025-11-30;11:00;7;11.12;9.33;7.18;Bueno;20.74;Bueno;1;1.17;2.58;5.17;Bueno;17.22;Bueno;Bueno;Bueno
2025-11-30;12:00;9;10.42;9.33;7.18;Bueno;20.74;Bueno;1;1.17;2.58;5.17;Bueno;17.22;Bueno;Bueno;Bueno
2025-11-30;13:00;6;9.92;9.33;7.18;Bueno;20.74;Bueno;2;1.21;2.58;5.17;Bueno;17.22;Bueno;Bueno;Bueno
2025-11-30;14:00;4;9.50;9.33;7.18;Bueno;20.74;Bueno;1;1.21;2.58;5.17;Bueno;17.22;Bueno;Bueno;Bueno
2025-11-30;15:00;4;8.46;9.33;7.18;Bueno;20.74;Bueno;1;1.21;2.58;5.17;Bueno;17.22;Bueno;Bueno;Bueno
2025-11-30;16:00;5;8.29;9.33;7.18;Bueno;20.74;Bueno;1;1.21;2.58;5.17;Bueno;17.22;Bueno;Bueno;Bueno
2025-11-30;17:00;9;8.46;9.33;7.18;Bueno;20.74;Bueno;2;1.25;2.58;5.17;Bueno;17.22;Bueno;Bueno;Bueno
2025-11-30;18:00;9;8.58;9.33;7.18;Bueno;20.74;Bueno;1;1.25;2.58;5.17;Bueno;17.22;Bueno;Bueno;Bueno
2025-11-30;19:00;16;8.58;9.33;7.18;Bueno;20.74;Bueno;3;1.33;2.58;5.17;Bueno;17.22;Bueno;Bueno;Bueno
2025-11-30;20:00;20;8.75;9.33;7.18;Bueno;20.74;Bueno;7;1.58;2.58;5.17;Bueno;17.22;Bueno;Bueno;Bueno
2025-11-30;21:00;24;9.38;9.33;7.18;Bueno;20.74;Bueno;15;2.17;2.58;5.17;Bueno;17.22;Bueno;Bueno;Bueno
2025-11-30;22:00;12;9.42;9.33;7.18;Bueno;20.74;Bueno;3;2.25;2.58;5.17;Bueno;17.22;Bueno;Bueno;Bueno
2025-11-30;23:00;15;9.33;9.33;7.18;Bueno;20.74;Bueno;9;2.58;2.58;5.17;Bueno;17.22;Bueno;Bueno;Bueno
2025-12-01;00:00;16;9.29;11.54;8.88;Bueno;25.65;Bueno;9;2.88;2.33;4.67;Bueno;15.56;Bueno;Bueno;Bueno
2025-12-01;01:00;15;9.75;11.54;8.88;Bueno;25.65;Bueno;7;3.04;2.33;4.67;Bueno;15.56;Bueno;Bueno;Bueno
2025-12-01;02:00;8;9.79;11.54;8.88;Bueno;25.65;Bueno;3;3.08;2.33;4.67;Bueno;15.56;Bueno;Bueno;Bueno
2025-12-01;03:00;7;9.58;11.54;8.88;Bueno;25.65;Bueno;1;3.08;2.33;4.67;Bueno;15.56;Bueno;Bueno;Bueno
2025-12-01;04:00;5;9.46;11.54;8.88;Bueno;25.65;Bueno;1;3.08;2.33;4.67;Bueno;15.56;Bueno;Bueno;Bueno
2025-12-01;05:00;18;10.00;11.54;8.88;Bueno;25.65;Bueno;1;3.08;2.33;4.67;Bueno;15.56;Bueno;Bueno;Bueno
2025-12-01;06:00;20;10.62;11.54;8.88;Bueno;25.65;Bueno;1;3.08;2.33;4.67;Bueno;15.56;Bueno;Bueno;Bueno
2025-12-01;07:00;20;11.29;11.54;8.88;Bueno;25.65;Bueno;3;3.17;2.33;4.67;Bueno;15.56;Bueno;Bueno;Bueno
2025-12-01;08:00;17;11.83;11.54;8.88;Bueno;25.65;Bueno;3;3.25;2.33;4.67;Bueno;15.56;Bueno;Bueno;Bueno
2025-12-01;09:00;18;12.12;11.54;8.88;Bueno;25.65;Bueno;5;3.42;2.33;4.67;Bueno;15.56;Bueno;Bueno;Bueno
2025-12-01;10:00;14;12.42;11.54;8.88;Bueno;25.65;Bueno;5;3.58;2.33;4.67;Bueno;15.56;Bueno;Bueno;Bueno
2025-12-01;11:00;12;12.62;11.54;8.88;Bueno;25.65;Bueno;3;3.67;2.33;4.67;Bueno;15.56;Bueno;Bueno;Bueno
2025-12-01;12:00;7;12.54;11.54;8.88;Bueno;25.65;Bueno;1;3.67;2.33;4.67;Bueno;15.56;Bueno;Bueno;Bueno
2025-12-01;13:00;14;12.88;11.54;8.88;Bueno;25.65;Bueno;1;3.62;2.33;4.67;Bueno;15.56;Bueno;Bueno;Bueno
2025-12-01;14:00;11;13.17;11.54;8.88;Bueno;25.65;Bueno;1;3.62;2.33;4.67;Bueno;15.56;Bueno;Bueno;Bueno
2025-12-01;15:00;11;13.46;11.54;8.88;Bueno;25.65;Bueno;1;3.62;2.33;4.67;Bueno;15.56;Bueno;Bueno;Bueno
2025-12-01;16:00;8;13.58;11.54;8.88;Bueno;25.65;Bueno;1;3.62;2.33;4.67;Bueno;15.56;Bueno;Bueno;Bueno
2025-12-01;17:00;13;13.75;11.54;8.88;Bueno;25.65;Bueno;1;3.58;2.33;4.67;Bueno;15.56;Bueno;Bueno;Bueno
2025-12-01;18:00;6;13.62;11.54;8.88;Bueno;25.65;Bueno;1;3.58;2.33;4.67;Bueno;15.56;Bueno;Bueno;Bueno
2025-12-01;19:00;6;13.21;11.54;8.88;Bueno;25.65;Bueno;1;3.50;2.33;4.67;Bueno;15.56;Bueno;Bueno;Bueno
2025-12-01;20:00;7;12.67;11.54;8.88;Bueno;25.65;Bueno;1;3.25;2.33;4.67;Bueno;15.56;Bueno;Bueno;Bueno
2025-12-01;21:00;8;12.00;11.54;8.88;Bueno;25.65;Bueno;2;2.71;2.33;4.67;Bueno;15.56;Bueno;Bueno;Bueno
2025-12-01;22:00;9;11.88;11.54;8.88;Bueno;25.65;Bueno;2;2.67;2.33;4.67;Bueno;15.56;Bueno;Bueno;Bueno
2025-12-01;23:00;7;11.54;11.54;8.88;Bueno;25.65;Bueno;1;2.33;2.33;4.67;Bueno;15.56;Bueno;Bueno;Bueno
2025-12-02;00:00;6;11.12;14.92;11.47;Bueno;33.15;Bueno;1;2.00;1.46;2.92;Bueno;9.72;Bueno;Bueno;Bueno
2025-12-02;01:00;5;10.71;14.92;11.47;Bueno;33.15;Bueno;1;1.75;1.46;2.92;Bueno;9.72;Bueno;Bueno;Bueno
2025-12-02;02:00;8;10.71;14.92;11.47;Bueno;33.15;Bueno;1;1.67;1.46;2.92;Bueno;9.72;Bueno;Bueno;Bueno
2025-12-02;03:00;4;10.58;14.92;11.47;Bueno;33.15;Bueno;1;1.67;1.46;2.92;Bueno;9.72;Bueno;Bueno;Bueno
2025-12-02;04:00;2;10.46;14.92;11.47;Bueno;33.15;Bueno;1;1.67;1.46;2.92;Bueno;9.72;Bueno;Bueno;Bueno
2025-12-02;05:00;8;10.04;14.92;11.47;Bueno;33.15;Bueno;1;1.67;1.46;2.92;Bueno;9.72;Bueno;Bueno;Bueno
2025-12-02;06:00;15;9.83;14.92;11.47;Bueno;33.15;Bueno;1;1.67;1.46;2.92;Bueno;9.72;Bueno;Bueno;Bueno
2025-12-02;07:00;46;10.92;14.92;11.47;Bueno;33.15;Bueno;5;1.75;1.46;2.92;Bueno;9.72;Bueno;Bueno;Bueno
2025-12-02;08:00;24;11.21;14.92;11.47;Bueno;33.15;Bueno;4;1.79;1.46;2.92;Bueno;9.72;Bueno;Bueno;Bueno
2025-12-02;09:00;29;11.67;14.92;11.47;Bueno;33.15;Bueno;2;1.67;1.46;2.92;Bueno;9.72;Bueno;Bueno;Bueno
2025-12-02;10:00;14;11.67;14.92;11.47;Bueno;33.15;Bueno;1;1.50;1.46;2.92;Bueno;9.72;Bueno;Bueno;Bueno
2025-12-02;11:00;17;11.88;14.92;11.47;Bueno;33.15;Bueno;2;1.46;1.46;2.92;Bueno;9.72;Bueno;Bueno;Bueno
2025-12-02;12:00;14;12.17;14.92;11.47;Bueno;33.15;Bueno;3;1.54;1.46;2.92;Bueno;9.72;Bueno;Bueno;Bueno
2025-12-02;13:00;17;12.29;14.92;11.47;Bueno;33.15;Bueno;1;1.54;1.46;2.92;Bueno;9.72;Bueno;Bueno;Bueno
2025-12-02;14:00;23;12.79;14.92;11.47;Bueno;33.15;Bueno;1;1.54;1.46;2.92;Bueno;9.72;Bueno;Bueno;Bueno
2025-12-02;15:00;46;14.25;14.92;11.47;Bueno;33.15;Bueno;1;1.54;1.46;2.92;Bueno;9.72;Bueno;Bueno;Bueno
2025-12-02;16:00;20;14.75;14.92;11.47;Bueno;33.15;Bueno;1;1.54;1.46;2.92;Bueno;9.72;Bueno;Bueno;Bueno
2025-12-02;17:00;16;14.88;14.92;11.47;Bueno;33.15;Bueno;1;1.54;1.46;2.92;Bueno;9.72;Bueno;Bueno;Bueno
2025-12-02;18:00;10;15.04;14.92;11.47;Bueno;33.15;Bueno;1;1.54;1.46;2.92;Bueno;9.72;Bueno;Bueno;Bueno
2025-12-02;19:00;9;15.17;14.92;11.47;Bueno;33.15;Bueno;1;1.54;1.46;2.92;Bueno;9.72;Bueno;Bueno;Bueno
2025-12-02;20:00;8;15.21;14.92;11.47;Bueno;33.15;Bueno;1;1.54;1.46;2.92;Bueno;9.72;Bueno;Bueno;Bueno
2025-12-02;21:00;7;15.17;14.92;11.47;Bueno;33.15;Bueno;1;1.50;1.46;2.92;Bueno;9.72;Bueno;Bueno;Bueno
2025-12-02;22:00;5;15.00;14.92;11.47;Bueno;33.15;Bueno;1;1.46;1.46;2.92;Bueno;9.72;Bueno;Bueno;Bueno
2025-12-02;23:00;5;14.92;14.92;11.47;Bueno;33.15;Bueno;1;1.46;1.46;2.92;Bueno;9.72;Bueno;Bueno;Bueno
2025-12-03;00:00;5;14.88;9.62;7.40;Bueno;21.39;Bueno;1;1.46;1.00;2.00;Bueno;6.67;Bueno;Bueno;Bueno
2025-12-03;01:00;2;14.75;9.62;7.40;Bueno;21.39;Bueno;1;1.46;1.00;2.00;Bueno;6.67;Bueno;Bueno;Bueno
2025-12-03;02:00;2;14.50;9.62;7.40;Bueno;21.39;Bueno;1;1.46;1.00;2.00;Bueno;6.67;Bueno;Bueno;Bueno
2025-12-03;03:00;2;14.42;9.62;7.40;Bueno;21.39;Bueno;1;1.46;1.00;2.00;Bueno;6.67;Bueno;Bueno;Bueno
2025-12-03;04:00;2;14.42;9.62;7.40;Bueno;21.39;Bueno;1;1.46;1.00;2.00;Bueno;6.67;Bueno;Bueno;Bueno
2025-12-03;05:00;2;14.17;9.62;7.40;Bueno;21.39;Bueno;1;1.46;1.00;2.00;Bueno;6.67;Bueno;Bueno;Bueno
2025-12-03;06:00;2;13.62;9.62;7.40;Bueno;21.39;Bueno;1;1.46;1.00;2.00;Bueno;6.67;Bueno;Bueno;Bueno
2025-12-03;07:00;13;12.25;9.62;7.40;Bueno;21.39;Bueno;1;1.29;1.00;2.00;Bueno;6.67;Bueno;Bueno;Bueno
2025-12-03;08:00;7;11.54;9.62;7.40;Bueno;21.39;Bueno;1;1.17;1.00;2.00;Bueno;6.67;Bueno;Bueno;Bueno
2025-12-03;09:00;1;10.38;9.62;7.40;Bueno;21.39;Bueno;1;1.12;1.00;2.00;Bueno;6.67;Bueno;Bueno;Bueno
2025-12-03;10:00;1;9.83;9.62;7.40;Bueno;21.39;Bueno;1;1.12;1.00;2.00;Bueno;6.67;Bueno;Bueno;Bueno
2025-12-03;11:00;8;9.46;9.62;7.40;Bueno;21.39;Bueno;1;1.08;1.00;2.00;Bueno;6.67;Bueno;Bueno;Bueno
2025-12-03;12:00;6;9.12;9.62;7.40;Bueno;21.39;Bueno;1;1.00;1.00;2.00;Bueno;6.67;Bueno;Bueno;Bueno
2025-12-03;13:00;14;9.00;9.62;7.40;Bueno;21.39;Bueno;1;1.00;1.00;2.00;Bueno;6.67;Bueno;Bueno;Bueno
2025-12-03;14:00;21;8.92;9.62;7.40;Bueno;21.39;Bueno;1;1.00;1.00;2.00;Bueno;6.67;Bueno;Bueno;Bueno
2025-12-03;15:00;23;7.96;9.62;7.40;Bueno;21.39;Bueno;1;1.00;1.00;2.00;Bueno;6.67;Bueno;Bueno;Bueno
2025-12-03;16:00;33;8.50;9.62;7.40;Bueno;21.39;Bueno;1;1.00;1.00;2.00;Bueno;6.67;Bueno;Bueno;Bueno
2025-12-03;17:00;30;9.08;9.62;7.40;Bueno;21.39;Bueno;1;1.00;1.00;2.00;Bueno;6.67;Bueno;Bueno;Bueno
2025-12-03;18:00;11;9.12;9.62;7.40;Bueno;21.39;Bueno;1;1.00;1.00;2.00;Bueno;6.67;Bueno;Bueno;Bueno
2025-12-03;19:00;10;9.17;9.62;7.40;Bueno;21.39;Bueno;1;1.00;1.00;2.00;Bueno;6.67;Bueno;Bueno;Bueno
2025-12-03;20:00;10;9.25;9.62;7.40;Bueno;21.39;Bueno;1;1.00;1.00;2.00;Bueno;6.67;Bueno;Bueno;Bueno
2025-12-03;21:00;9;9.33;9.62;7.40;Bueno;21.39;Bueno;1;1.00;1.00;2.00;Bueno;6.67;Bueno;Bueno;Bueno
2025-12-03;22:00;9;9.50;9.62;7.40;Bueno;21.39;Bueno;1;1.00;1.00;2.00;Bueno;6.67;Bueno;Bueno;Bueno
2025-12-03;23:00;8;9.62;9.62;7.40;Bueno;21.39;Bueno;1;1.00;1.00;2.00;Bueno;6.67;Bueno;Bueno;Bueno
2025-12-04;00:00;6;9.67;11.79;9.07;Bueno;26.20;Bueno;1;1.00;1.54;3.08;Bueno;10.28;Bueno;Bueno;Bueno
2025-12-04;01:00;3;9.71;11.79;9.07;Bueno;26.20;Bueno;1;1.00;1.54;3.08;Bueno;10.28;Bueno;Bueno;Bueno
2025-12-04;02:00;2;9.71;11.79;9.07;Bueno;26.20;Bueno;1;1.00;1.54;3.08;Bueno;10.28;Bueno;Bueno;Bueno
2025-12-04;03:00;4;9.79;11.79;9.07;Bueno;26.20;Bueno;2;1.04;1.54;3.08;Bueno;10.28;Bueno;Bueno;Bueno
2025-12-04;04:00;3;9.83;11.79;9.07;Bueno;26.20;Bueno;1;1.04;1.54;3.08;Bueno;10.28;Bueno;Bueno;Bueno
2025-12-04;05:00;7;10.04;11.79;9.07;Bueno;26.20;Bueno;1;1.04;1.54;3.08;Bueno;10.28;Bueno;Bueno;Bueno
2025-12-04;06:00;13;10.50;11.79;9.07;Bueno;26.20;Bueno;1;1.04;1.54;3.08;Bueno;10.28;Bueno;Bueno;Bueno
2025-12-04;07:00;25;11.00;11.79;9.07;Bueno;26.20;Bueno;1;1.04;1.54;3.08;Bueno;10.28;Bueno;Bueno;Bueno
2025-12-04;08:00;24;11.71;11.79;9.07;Bueno;26.20;Bueno;5;1.21;1.54;3.08;Bueno;10.28;Bueno;Bueno;Bueno
2025-12-04;09:00;14;12.25;11.79;9.07;Bueno;26.20;Bueno;2;1.25;1.54;3.08;Bueno;10.28;Bueno;Bueno;Bueno
2025-12-04;10:00;15;12.83;11.79;9.07;Bueno;26.20;Bueno;1;1.25;1.54;3.08;Bueno;10.28;Bueno;Bueno;Bueno
2025-12-04;11:00;7;12.79;11.79;9.07;Bueno;26.20;Bueno;1;1.25;1.54;3.08;Bueno;10.28;Bueno;Bueno;Bueno
2025-12-04;12:00;12;13.04;11.79;9.07;Bueno;26.20;Bueno;1;1.25;1.54;3.08;Bueno;10.28;Bueno;Bueno;Bueno
2025-12-04;13:00;23;13.42;11.79;9.07;Bueno;26.20;Bueno;1;1.25;1.54;3.08;Bueno;10.28;Bueno;Bueno;Bueno
2025-12-04;14:00;13;13.08;11.79;9.07;Bueno;26.20;Bueno;1;1.25;1.54;3.08;Bueno;10.28;Bueno;Bueno;Bueno
2025-12-04;15:00;23;13.08;11.79;9.07;Bueno;26.20;Bueno;1;1.25;1.54;3.08;Bueno;10.28;Bueno;Bueno;Bueno
2025-12-04;16:00;13;12.25;11.79;9.07;Bueno;26.20;Bueno;1;1.25;1.54;3.08;Bueno;10.28;Bueno;Bueno;Bueno
2025-12-04;17:00;8;11.33;11.79;9.07;Bueno;26.20;Bueno;1;1.25;1.54;3.08;Bueno;10.28;Bueno;Bueno;Bueno
2025-12-04;18:00;7;11.17;11.79;9.07;Bueno;26.20;Bueno;1;1.25;1.54;3.08;Bueno;10.28;Bueno;Bueno;Bueno
2025-12-04;19:00;10;11.17;11.79;9.07;Bueno;26.20;Bueno;2;1.29;1.54;3.08;Bueno;10.28;Bueno;Bueno;Bueno
2025-12-04;20:00;10;11.17;11.79;9.07;Bueno;26.20;Bueno;2;1.33;1.54;3.08;Bueno;10.28;Bueno;Bueno;Bueno
2025-12-04;21:00;15;11.42;11.79;9.07;Bueno;26.20;Bueno;1;1.33;1.54;3.08;Bueno;10.28;Bueno;Bueno;Bueno
2025-12-04;22:00;16;11.71;11.79;9.07;Bueno;26.20;Bueno;5;1.50;1.54;3.08;Bueno;10.28;Bueno;Bueno;Bueno
2025-12-04;23:00;10;11.79;11.79;9.07;Bueno;26.20;Bueno;2;1.54;1.54;3.08;Bueno;10.28;Bueno;Bueno;Bueno
2025-12-05;00:00;9;11.92;30.00;23.08;Bueno;66.67;Bueno;1;1.54;2.04;4.08;Bueno;13.61;Bueno;Bueno;Bueno
2025-12-05;01:00;10;12.21;30.00;23.08;Bueno;66.67;Bueno;1;1.54;2.04;4.08;Bueno;13.61;Bueno;Bueno;Bueno
2025-12-05;02:00;10;12.54;30.00;23.08;Bueno;66.67;Bueno;1;1.54;2.04;4.08;Bueno;13.61;Bueno;Bueno;Bueno
2025-12-05;03:00;7;12.67;30.00;23.08;Bueno;66.67;Bueno;1;1.50;2.04;4.08;Bueno;13.61;Bueno;Bueno;Bueno
2025-12-05;04:00;6;12.79;30.00;23.08;Bueno;66.67;Bueno;1;1.50;2.04;4.08;Bueno;13.61;Bueno;Bueno;Bueno
2025-12-05;05:00;15;13.12;30.00;23.08;Bueno;66.67;Bueno;1;1.50;2.04;4.08;Bueno;13.61;Bueno;Bueno;Bueno
2025-12-05;06:00;12;13.08;30.00;23.08;Bueno;66.67;Bueno;2;1.54;2.04;4.08;Bueno;13.61;Bueno;Bueno;Bueno
2025-12-05;07:00;32;13.38;30.00;23.08;Bueno;66.67;Bueno;3;1.62;2.04;4.08;Bueno;13.61;Bueno;Bueno;Bueno
2025-12-05;08:00;34;13.79;30.00;23.08;Bueno;66.67;Bueno;2;1.50;2.04;4.08;Bueno;13.61;Bueno;Bueno;Bueno
2025-12-05;09:00;157;19.75;30.00;23.08;Bueno;66.67;Bueno;3;1.54;2.04;4.08;Bueno;13.61;Bueno;Bueno;Bueno
2025-12-05;10:00;37;20.67;30.00;23.08;Bueno;66.67;Bueno;2;1.58;2.04;4.08;Bueno;13.61;Bueno;Bueno;Bueno
2025-12-05;11:00;16;21.04;30.00;23.08;Bueno;66.67;Bueno;1;1.58;2.04;4.08;Bueno;13.61;Bueno;Bueno;Bueno
2025-12-05;12:00;21;21.42;30.00;23.08;Bueno;66.67;Bueno;1;1.58;2.04;4.08;Bueno;13.61;Bueno;Bueno;Bueno
2025-12-05;13:00;59;22.92;30.00;23.08;Bueno;66.67;Bueno;1;1.58;2.04;4.08;Bueno;13.61;Bueno;Bueno;Bueno
2025-12-05;14:00;48;24.38;30.00;23.08;Bueno;66.67;Bueno;1;1.58;2.04;4.08;Bueno;13.61;Bueno;Bueno;Bueno
2025-12-05;15:00;36;24.92;30.00;23.08;Bueno;66.67;Bueno;1;1.58;2.04;4.08;Bueno;13.61;Bueno;Bueno;Bueno
2025-12-05;16:00;30;25.62;30.00;23.08;Bueno;66.67;Bueno;2;1.62;2.04;4.08;Bueno;13.61;Bueno;Bueno;Bueno
2025-12-05;17:00;27;26.42;30.00;23.08;Bueno;66.67;Bueno;4;1.75;2.04;4.08;Bueno;13.61;Bueno;Bueno;Bueno
2025-12-05;18:00;24;27.12;30.00;23.08;Bueno;66.67;Bueno;4;1.88;2.04;4.08;Bueno;13.61;Bueno;Bueno;Bueno
2025-12-05;19:00;33;28.08;30.00;23.08;Bueno;66.67;Bueno;2;1.88;2.04;4.08;Bueno;13.61;Bueno;Bueno;Bueno
2025-12-05;20:00;22;28.58;30.00;23.08;Bueno;66.67;Bueno;1;1.83;2.04;4.08;Bueno;13.61;Bueno;Bueno;Bueno
2025-12-05;21:00;19;28.75;30.00;23.08;Bueno;66.67;Bueno;2;1.88;2.04;4.08;Bueno;13.61;Bueno;Bueno;Bueno
2025-12-05;22:00;29;29.29;30.00;23.08;Bueno;66.67;Bueno;6;1.92;2.04;4.08;Bueno;13.61;Bueno;Bueno;Bueno
2025-12-05;23:00;27;30.00;30.00;23.08;Bueno;66.67;Bueno;5;2.04;2.04;4.08;Bueno;13.61;Bueno;Bueno;Bueno
2025-12-06;00:00;19;30.42;19.58;15.06;Bueno;43.52;Bueno;2;2.08;2.00;4.00;Bueno;13.33;Bueno;Bueno;Bueno
2025-12-06;01:00;12;30.50;19.58;15.06;Bueno;43.52;Bueno;1;2.08;2.00;4.00;Bueno;13.33;Bueno;Bueno;Bueno
2025-12-06;02:00;13;30.62;19.58;15.06;Bueno;43.52;Bueno;1;2.08;2.00;4.00;Bueno;13.33;Bueno;Bueno;Bueno
2025-12-06;03:00;12;30.83;19.58;15.06;Bueno;43.52;Bueno;1;2.08;2.00;4.00;Bueno;13.33;Bueno;Bueno;Bueno
2025-12-06;04:00;13;31.12;19.58;15.06;Bueno;43.52;Bueno;1;2.08;2.00;4.00;Bueno;13.33;Bueno;Bueno;Bueno
2025-12-06;05:00;13;31.04;19.58;15.06;Bueno;43.52;Bueno;1;2.08;2.00;4.00;Bueno;13.33;Bueno;Bueno;Bueno
2025-12-06;06:00;12;31.04;19.58;15.06;Bueno;43.52;Bueno;1;2.04;2.00;4.00;Bueno;13.33;Bueno;Bueno;Bueno
2025-12-06;07:00;15;30.33;19.58;15.06;Bueno;43.52;Bueno;2;2.00;2.00;4.00;Bueno;13.33;Bueno;Bueno;Bueno
2025-12-06;08:00;12;29.42;19.58;15.06;Bueno;43.52;Bueno;2;2.00;2.00;4.00;Bueno;13.33;Bueno;Bueno;Bueno
2025-12-06;09:00;17;23.58;19.58;15.06;Bueno;43.52;Bueno;2;1.96;2.00;4.00;Bueno;13.33;Bueno;Bueno;Bueno
2025-12-06;10:00;21;22.92;19.58;15.06;Bueno;43.52;Bueno;1;1.92;2.00;4.00;Bueno;13.33;Bueno;Bueno;Bueno
2025-12-06;11:00;27;23.38;19.58;15.06;Bueno;43.52;Bueno;1;1.92;2.00;4.00;Bueno;13.33;Bueno;Bueno;Bueno
2025-12-06;12:00;21;23.38;19.58;15.06;Bueno;43.52;Bueno;1;1.92;2.00;4.00;Bueno;13.33;Bueno;Bueno;Bueno
2025-12-06;13:00;19;21.71;19.58;15.06;Bueno;43.52;Bueno;1;1.92;2.00;4.00;Bueno;13.33;Bueno;Bueno;Bueno
2025-12-06;14:00;16;20.38;19.58;15.06;Bueno;43.52;Bueno;1;1.92;2.00;4.00;Bueno;13.33;Bueno;Bueno;Bueno
2025-12-06;15:00;17;19.58;19.58;15.06;Bueno;43.52;Bueno;1;1.92;2.00;4.00;Bueno;13.33;Bueno;Bueno;Bueno
2025-12-06;16:00;21;19.21;19.58;15.06;Bueno;43.52;Bueno;1;1.88;2.00;4.00;Bueno;13.33;Bueno;Bueno;Bueno
2025-12-06;17:00;23;19.04;19.58;15.06;Bueno;43.52;Bueno;1;1.75;2.00;4.00;Bueno;13.33;Bueno;Bueno;Bueno
2025-12-06;18:00;23;19.00;19.58;15.06;Bueno;43.52;Bueno;1;1.62;2.00;4.00;Bueno;13.33;Bueno;Bueno;Bueno
2025-12-06;19:00;28;18.79;19.58;15.06;Bueno;43.52;Bueno;3;1.67;2.00;4.00;Bueno;13.33;Bueno;Bueno;Bueno
2025-12-06;20:00;32;19.21;19.58;15.06;Bueno;43.52;Bueno;6;1.88;2.00;4.00;Bueno;13.33;Bueno;Bueno;Bueno
2025-12-06;21:00;34;19.83;19.58;15.06;Bueno;43.52;Bueno;4;1.96;2.00;4.00;Bueno;13.33;Bueno;Bueno;Bueno
2025-12-06;22:00;27;19.75;19.58;15.06;Bueno;43.52;Bueno;5;1.92;2.00;4.00;Bueno;13.33;Bueno;Bueno;Bueno
2025-12-06;23:00;23;19.58;19.58;15.06;Bueno;43.52;Bueno;7;2.00;2.00;4.00;Bueno;13.33;Bueno;Bueno;Bueno
2025-12-07;00:00;25;19.83;20.92;16.09;Bueno;46.48;Bueno;4;2.08;2.29;4.58;Bueno;15.28;Bueno;Bueno;Bueno
2025-12-07;01:00;23;20.29;20.92;16.09;Bueno;46.48;Bueno;1;2.08;2.29;4.58;Bueno;15.28;Bueno;Bueno;Bueno
2025-12-07;02:00;24;20.75;20.92;16.09;Bueno;46.48;Bueno;2;2.12;2.29;4.58;Bueno;15.28;Bueno;Bueno;Bueno
2025-12-07;03:00;19;21.04;20.92;16.09;Bueno;46.48;Bueno;2;2.17;2.29;4.58;Bueno;15.28;Bueno;Bueno;Bueno
2025-12-07;04:00;18;21.25;20.92;16.09;Bueno;46.48;Bueno;1;2.17;2.29;4.58;Bueno;15.28;Bueno;Bueno;Bueno
2025-12-07;05:00;18;21.46;20.92;16.09;Bueno;46.48;Bueno;1;2.17;2.29;4.58;Bueno;15.28;Bueno;Bueno;Bueno
2025-12-07;06:00;24;21.96;20.92;16.09;Bueno;46.48;Bueno;2;2.21;2.29;4.58;Bueno;15.28;Bueno;Bueno;Bueno
2025-12-07;07:00;17;22.04;20.92;16.09;Bueno;46.48;Bueno;3;2.25;2.29;4.58;Bueno;15.28;Bueno;Bueno;Bueno
2025-12-07;08:00;21;22.42;20.92;16.09;Bueno;46.48;Bueno;3;2.29;2.29;4.58;Bueno;15.28;Bueno;Bueno;Bueno
2025-12-07;09:00;17;22.42;20.92;16.09;Bueno;46.48;Bueno;4;2.38;2.29;4.58;Bueno;15.28;Bueno;Bueno;Bueno
2025-12-07;10:00;26;22.62;20.92;16.09;Bueno;46.48;Bueno;3;2.46;2.29;4.58;Bueno;15.28;Bueno;Bueno;Bueno
2025-12-07;11:00;17;22.21;20.92;16.09;Bueno;46.48;Bueno;1;2.46;2.29;4.58;Bueno;15.28;Bueno;Bueno;Bueno
2025-12-07;12:00;17;22.04;20.92;16.09;Bueno;46.48;Bueno;1;2.46;2.29;4.58;Bueno;15.28;Bueno;Bueno;Bueno
2025-12-07;13:00;14;21.83;20.92;16.09;Bueno;46.48;Bueno;1;2.46;2.29;4.58;Bueno;15.28;Bueno;Bueno;Bueno
2025-12-07;14:00;17;21.88;20.92;16.09;Bueno;46.48;Bueno;1;2.46;2.29;4.58;Bueno;15.28;Bueno;Bueno;Bueno
2025-12-07;15:00;23;22.12;20.92;16.09;Bueno;46.48;Bueno;3;2.54;2.29;4.58;Bueno;15.28;Bueno;Bueno;Bueno
2025-12-07;16:00;20;22.08;20.92;16.09;Bueno;46.48;Bueno;1;2.54;2.29;4.58;Bueno;15.28;Bueno;Bueno;Bueno
2025-12-07;17:00;26;22.21;20.92;16.09;Bueno;46.48;Bueno;1;2.54;2.29;4.58;Bueno;15.28;Bueno;Bueno;Bueno
2025-12-07;18:00;21;22.12;20.92;16.09;Bueno;46.48;Bueno;1;2.54;2.29;4.58;Bueno;15.28;Bueno;Bueno;Bueno
2025-12-07;19:00;18;21.71;20.92;16.09;Bueno;46.48;Bueno;1;2.46;2.29;4.58;Bueno;15.28;Bueno;Bueno;Bueno
2025-12-07;20:00;17;21.08;20.92;16.09;Bueno;46.48;Bueno;1;2.25;2.29;4.58;Bueno;15.28;Bueno;Bueno;Bueno
2025-12-07;21:00;34;21.08;20.92;16.09;Bueno;46.48;Bueno;9;2.46;2.29;4.58;Bueno;15.28;Bueno;Bueno;Bueno
2025-12-07;22:00;25;21.00;20.92;16.09;Bueno;46.48;Bueno;6;2.50;2.29;4.58;Bueno;15.28;Bueno;Bueno;Bueno
2025-12-07;23:00;21;20.92;20.92;16.09;Bueno;46.48;Bueno;2;2.29;2.29;4.58;Bueno;15.28;Bueno;Bueno;Bueno
2025-12-08;00:00;19;20.67;22.62;17.40;Bueno;50.28;Bueno;1;2.17;2.58;5.17;Bueno;17.22;Bueno;Bueno;Bueno
2025-12-08;01:00;19;20.50;22.62;17.40;Bueno;50.28;Bueno;1;2.17;2.58;5.17;Bueno;17.22;Bueno;Bueno;Bueno
2025-12-08;02:00;16;20.17;22.62;17.40;Bueno;50.28;Bueno;1;2.12;2.58;5.17;Bueno;17.22;Bueno;Bueno;Bueno
2025-12-08;03:00;12;19.88;22.62;17.40;Bueno;50.28;Bueno;1;2.08;2.58;5.17;Bueno;17.22;Bueno;Bueno;Bueno
2025-12-08;04:00;12;19.62;22.62;17.40;Bueno;50.28;Bueno;1;2.08;2.58;5.17;Bueno;17.22;Bueno;Bueno;Bueno
2025-12-08;05:00;11;19.33;22.62;17.40;Bueno;50.28;Bueno;1;2.08;2.58;5.17;Bueno;17.22;Bueno;Bueno;Bueno
2025-12-08;06:00;21;19.21;22.62;17.40;Bueno;50.28;Bueno;1;2.04;2.58;5.17;Bueno;17.22;Bueno;Bueno;Bueno
2025-12-08;07:00;18;19.25;22.62;17.40;Bueno;50.28;Bueno;3;2.04;2.58;5.17;Bueno;17.22;Bueno;Bueno;Bueno
2025-12-08;08:00;27;19.50;22.62;17.40;Bueno;50.28;Bueno;8;2.25;2.58;5.17;Bueno;17.22;Bueno;Bueno;Bueno
2025-12-08;09:00;33;20.17;22.62;17.40;Bueno;50.28;Bueno;6;2.33;2.58;5.17;Bueno;17.22;Bueno;Bueno;Bueno
2025-12-08;10:00;31;20.38;22.62;17.40;Bueno;50.28;Bueno;3;2.33;2.58;5.17;Bueno;17.22;Bueno;Bueno;Bueno
2025-12-08;11:00;29;20.88;22.62;17.40;Bueno;50.28;Bueno;6;2.54;2.58;5.17;Bueno;17.22;Bueno;Bueno;Bueno
2025-12-08;12:00;34;21.58;22.62;17.40;Bueno;50.28;Bueno;6;2.75;2.58;5.17;Bueno;17.22;Bueno;Bueno;Bueno
2025-12-08;13:00;27;22.12;22.62;17.40;Bueno;50.28;Bueno;4;2.88;2.58;5.17;Bueno;17.22;Bueno;Bueno;Bueno
2025-12-08;14:00;24;22.42;22.62;17.40;Bueno;50.28;Bueno;2;2.92;2.58;5.17;Bueno;17.22;Bueno;Bueno;Bueno
2025-12-08;15:00;24;22.46;22.62;17.40;Bueno;50.28;Bueno;2;2.88;2.58;5.17;Bueno;17.22;Bueno;Bueno;Bueno
2025-12-08;16:00;26;22.71;22.62;17.40;Bueno;50.28;Bueno;2;2.92;2.58;5.17;Bueno;17.22;Bueno;Bueno;Bueno
2025-12-08;17:00;21;22.50;22.62;17.40;Bueno;50.28;Bueno;3;3.00;2.58;5.17;Bueno;17.22;Bueno;Bueno;Bueno
2025-12-08;18:00;26;22.71;22.62;17.40;Bueno;50.28;Bueno;1;3.00;2.58;5.17;Bueno;17.22;Bueno;Bueno;Bueno
2025-12-08;19:00;24;22.96;22.62;17.40;Bueno;50.28;Bueno;2;3.04;2.58;5.17;Bueno;17.22;Bueno;Bueno;Bueno
2025-12-08;20:00;28;23.42;22.62;17.40;Bueno;50.28;Bueno;4;3.17;2.58;5.17;Bueno;17.22;Bueno;Bueno;Bueno
2025-12-08;21:00;26;23.08;22.62;17.40;Bueno;50.28;Bueno;1;2.83;2.58;5.17;Bueno;17.22;Bueno;Bueno;Bueno
2025-12-08;22:00;19;22.83;22.62;17.40;Bueno;50.28;Bueno;1;2.62;2.58;5.17;Bueno;17.22;Bueno;Bueno;Bueno
2025-12-08;23:00;16;22.62;22.62;17.40;Bueno;50.28;Bueno;1;2.58;2.58;5.17;Bueno;17.22;Bueno;Bueno;Bueno
2025-12-09;00:00;14;22.42;23.96;18.43;Bueno;53.24;Bueno;1;2.58;3.50;7.00;Bueno;23.33;Bueno;Bueno;Bueno
2025-12-09;01:00;13;22.17;23.96;18.43;Bueno;53.24;Bueno;1;2.58;3.50;7.00;Bueno;23.33;Bueno;Bueno;Bueno
2025-12-09;02:00;14;22.08;23.96;18.43;Bueno;53.24;Bueno;1;2.58;3.50;7.00;Bueno;23.33;Bueno;Bueno;Bueno
2025-12-09;03:00;13;22.12;23.96;18.43;Bueno;53.24;Bueno;1;2.58;3.50;7.00;Bueno;23.33;Bueno;Bueno;Bueno
2025-12-09;04:00;14;22.21;23.96;18.43;Bueno;53.24;Bueno;4;2.71;3.50;7.00;Bueno;23.33;Bueno;Bueno;Bueno
2025-12-09;05:00;12;22.25;23.96;18.43;Bueno;53.24;Bueno;5;2.88;3.50;7.00;Bueno;23.33;Bueno;Bueno;Bueno
2025-12-09;06:00;12;21.88;23.96;18.43;Bueno;53.24;Bueno;4;3.00;3.50;7.00;Bueno;23.33;Bueno;Bueno;Bueno
2025-12-09;07:00;16;21.79;23.96;18.43;Bueno;53.24;Bueno;2;2.96;3.50;7.00;Bueno;23.33;Bueno;Bueno;Bueno
2025-12-09;08:00;21;21.54;23.96;18.43;Bueno;53.24;Bueno;2;2.71;3.50;7.00;Bueno;23.33;Bueno;Bueno;Bueno
2025-12-09;09:00;48;22.17;23.96;18.43;Bueno;53.24;Bueno;2;2.54;3.50;7.00;Bueno;23.33;Bueno;Bueno;Bueno
2025-12-09;10:00;49;22.92;23.96;18.43;Bueno;53.24;Bueno;3;2.54;3.50;7.00;Bueno;23.33;Bueno;Bueno;Bueno
2025-12-09;11:00;28;22.88;23.96;18.43;Bueno;53.24;Bueno;6;2.54;3.50;7.00;Bueno;23.33;Bueno;Bueno;Bueno
2025-12-09;12:00;32;22.79;23.96;18.43;Bueno;53.24;Bueno;5;2.50;3.50;7.00;Bueno;23.33;Bueno;Bueno;Bueno
2025-12-09;13:00;34;23.08;23.96;18.43;Bueno;53.24;Bueno;8;2.67;3.50;7.00;Bueno;23.33;Bueno;Bueno;Bueno
2025-12-09;14:00;30;23.33;23.96;18.43;Bueno;53.24;Bueno;8;2.92;3.50;7.00;Bueno;23.33;Bueno;Bueno;Bueno
2025-12-09;15:00;64;25.00;23.96;18.43;Bueno;53.24;Bueno;7;3.12;3.50;7.00;Bueno;23.33;Bueno;Bueno;Bueno
2025-12-09;16:00;28;25.08;23.96;18.43;Bueno;53.24;Bueno;6;3.29;3.50;7.00;Bueno;23.33;Bueno;Bueno;Bueno
2025-12-09;17:00;25;25.25;23.96;18.43;Bueno;53.24;Bueno;3;3.29;3.50;7.00;Bueno;23.33;Bueno;Bueno;Bueno
2025-12-09;18:00;21;25.04;23.96;18.43;Bueno;53.24;Bueno;4;3.42;3.50;7.00;Bueno;23.33;Bueno;Bueno;Bueno
2025-12-09;19:00;19;24.83;23.96;18.43;Bueno;53.24;Bueno;5;3.54;3.50;7.00;Bueno;23.33;Bueno;Bueno;Bueno
2025-12-09;20:00;23;24.62;23.96;18.43;Bueno;53.24;Bueno;3;3.50;3.50;7.00;Bueno;23.33;Bueno;Bueno;Bueno
2025-12-09;21:00;21;24.42;23.96;18.43;Bueno;53.24;Bueno;1;3.50;3.50;7.00;Bueno;23.33;Bueno;Bueno;Bueno
2025-12-09;22:00;12;24.12;23.96;18.43;Bueno;53.24;Bueno;1;3.50;3.50;7.00;Bueno;23.33;Bueno;Bueno;Bueno
2025-12-09;23:00;12;23.96;23.96;18.43;Bueno;53.24;Bueno;1;3.50;3.50;7.00;Bueno;23.33;Bueno;Bueno;Bueno
2025-12-10;00:00;11;23.83;15.75;12.12;Bueno;35.00;Bueno;1;3.50;1.25;2.50;Bueno;8.33;Bueno;Bueno;Bueno
2025-12-10;01:00;8;23.62;15.75;12.12;Bueno;35.00;Bueno;1;3.50;1.25;2.50;Bueno;8.33;Bueno;Bueno;Bueno
2025-12-10;02:00;13;23.58;15.75;12.12;Bueno;35.00;Bueno;1;3.50;1.25;2.50;Bueno;8.33;Bueno;Bueno;Bueno
2025-12-10;03:00;8;23.38;15.75;12.12;Bueno;35.00;Bueno;1;3.50;1.25;2.50;Bueno;8.33;Bueno;Bueno;Bueno
2025-12-10;04:00;6;23.04;15.75;12.12;Bueno;35.00;Bueno;1;3.38;1.25;2.50;Bueno;8.33;Bueno;Bueno;Bueno
2025-12-10;05:00;2;22.62;15.75;12.12;Bueno;35.00;Bueno;1;3.21;1.25;2.50;Bueno;8.33;Bueno;Bueno;Bueno
2025-12-10;06:00;1;22.17;15.75;12.12;Bueno;35.00;Bueno;1;3.08;1.25;2.50;Bueno;8.33;Bueno;Bueno;Bueno
2025-12-10;07:00;5;21.71;15.75;12.12;Bueno;35.00;Bueno;1;3.04;1.25;2.50;Bueno;8.33;Bueno;Bueno;Bueno
2025-12-10;08:00;74;23.92;15.75;12.12;Bueno;35.00;Bueno;1;3.00;1.25;2.50;Bueno;8.33;Bueno;Bueno;Bueno
2025-12-10;09:00;7;22.21;15.75;12.12;Bueno;35.00;Bueno;1;2.96;1.25;2.50;Bueno;8.33;Bueno;Bueno;Bueno
2025-12-10;10:00;19;20.96;15.75;12.12;Bueno;35.00;Bueno;2;2.92;1.25;2.50;Bueno;8.33;Bueno;Bueno;Bueno
2025-12-10;11:00;19;20.58;15.75;12.12;Bueno;35.00;Bueno;3;2.79;1.25;2.50;Bueno;8.33;Bueno;Bueno;Bueno
2025-12-10;12:00;21;20.12;15.75;12.12;Bueno;35.00;Bueno;3;2.71;1.25;2.50;Bueno;8.33;Bueno;Bueno;Bueno
2025-12-10;13:00;26;19.79;15.75;12.12;Bueno;35.00;Bueno;1;2.42;1.25;2.50;Bueno;8.33;Bueno;Bueno;Bueno
2025-12-10;14:00;25;19.58;15.75;12.12;Bueno;35.00;Bueno;1;2.12;1.25;2.50;Bueno;8.33;Bueno;Bueno;Bueno
2025-12-10;15:00;14;17.50;15.75;12.12;Bueno;35.00;Bueno;1;1.88;1.25;2.50;Bueno;8.33;Bueno;Bueno;Bueno
2025-12-10;16:00;22;17.25;15.75;12.12;Bueno;35.00;Bueno;1;1.67;1.25;2.50;Bueno;8.33;Bueno;Bueno;Bueno
2025-12-10;17:00;21;17.08;15.75;12.12;Bueno;35.00;Bueno;1;1.58;1.25;2.50;Bueno;8.33;Bueno;Bueno;Bueno
2025-12-10;18:00;19;17.00;15.75;12.12;Bueno;35.00;Bueno;1;1.46;1.25;2.50;Bueno;8.33;Bueno;Bueno;Bueno
2025-12-10;19:00;12;16.71;15.75;12.12;Bueno;35.00;Bueno;1;1.29;1.25;2.50;Bueno;8.33;Bueno;Bueno;Bueno
2025-12-10;20:00;11;16.21;15.75;12.12;Bueno;35.00;Bueno;1;1.21;1.25;2.50;Bueno;8.33;Bueno;Bueno;Bueno
2025-12-10;21:00;14;15.92;15.75;12.12;Bueno;35.00;Bueno;1;1.21;1.25;2.50;Bueno;8.33;Bueno;Bueno;Bueno
2025-12-10;22:00;11;15.88;15.75;12.12;Bueno;35.00;Bueno;2;1.25;1.25;2.50;Bueno;8.33;Bueno;Bueno;Bueno
2025-12-10;23:00;9;15.75;15.75;12.12;Bueno;35.00;Bueno;1;1.25;1.25;2.50;Bueno;8.33;Bueno;Bueno;Bueno
2025-12-11;00:00;6;15.54;14.92;11.47;Bueno;33.15;Bueno;1;1.25;1.04;2.08;Bueno;6.94;Bueno;Bueno;Bueno
2025-12-11;01:00;1;15.25;14.92;11.47;Bueno;33.15;Bueno;1;1.25;1.04;2.08;Bueno;6.94;Bueno;Bueno;Bueno
2025-12-11;02:00;1;14.75;14.92;11.47;Bueno;33.15;Bueno;1;1.25;1.04;2.08;Bueno;6.94;Bueno;Bueno;Bueno
2025-12-11;03:00;4;14.58;14.92;11.47;Bueno;33.15;Bueno;1;1.25;1.04;2.08;Bueno;6.94;Bueno;Bueno;Bueno
2025-12-11;04:00;4;14.50;14.92;11.47;Bueno;33.15;Bueno;1;1.25;1.04;2.08;Bueno;6.94;Bueno;Bueno;Bueno
2025-12-11;05:00;10;14.83;14.92;11.47;Bueno;33.15;Bueno;1;1.25;1.04;2.08;Bueno;6.94;Bueno;Bueno;Bueno
2025-12-11;06:00;8;15.12;14.92;11.47;Bueno;33.15;Bueno;1;1.25;1.04;2.08;Bueno;6.94;Bueno;Bueno;Bueno
2025-12-11;07:00;19;15.71;14.92;11.47;Bueno;33.15;Bueno;1;1.25;1.04;2.08;Bueno;6.94;Bueno;Bueno;Bueno
2025-12-11;08:00;27;13.75;14.92;11.47;Bueno;33.15;Bueno;1;1.25;1.04;2.08;Bueno;6.94;Bueno;Bueno;Bueno
2025-12-11;09:00;30;14.71;14.92;11.47;Bueno;33.15;Bueno;1;1.25;1.04;2.08;Bueno;6.94;Bueno;Bueno;Bueno
2025-12-11;10:00;20;14.75;14.92;11.47;Bueno;33.15;Bueno;1;1.21;1.04;2.08;Bueno;6.94;Bueno;Bueno;Bueno
2025-12-11;11:00;30;15.21;14.92;11.47;Bueno;33.15;Bueno;1;1.12;1.04;2.08;Bueno;6.94;Bueno;Bueno;Bueno
2025-12-11;12:00;21;15.21;14.92;11.47;Bueno;33.15;Bueno;1;1.04;1.04;2.08;Bueno;6.94;Bueno;Bueno;Bueno
2025-12-11;13:00;31;15.42;14.92;11.47;Bueno;33.15;Bueno;1;1.04;1.04;2.08;Bueno;6.94;Bueno;Bueno;Bueno
2025-12-11;14:00;20;15.21;14.92;11.47;Bueno;33.15;Bueno;2;1.08;1.04;2.08;Bueno;6.94;Bueno;Bueno;Bueno
2025-12-11;15:00;23;15.58;14.92;11.47;Bueno;33.15;Bueno;1;1.08;1.04;2.08;Bueno;6.94;Bueno;Bueno;Bueno
2025-12-11;16:00;43;16.46;14.92;11.47;Bueno;33.15;Bueno;1;1.08;1.04;2.08;Bueno;6.94;Bueno;Bueno;Bueno
2025-12-11;17:00;16;16.25;14.92;11.47;Bueno;33.15;Bueno;1;1.08;1.04;2.08;Bueno;6.94;Bueno;Bueno;Bueno
2025-12-11;18:00;10;15.88;14.92;11.47;Bueno;33.15;Bueno;1;1.08;1.04;2.08;Bueno;6.94;Bueno;Bueno;Bueno
2025-12-11;19:00;9;15.75;14.92;11.47;Bueno;33.15;Bueno;1;1.08;1.04;2.08;Bueno;6.94;Bueno;Bueno;Bueno
2025-12-11;20:00;10;15.71;14.92;11.47;Bueno;33.15;Bueno;1;1.08;1.04;2.08;Bueno;6.94;Bueno;Bueno;Bueno
2025-12-11;21:00;6;15.38;14.92;11.47;Bueno;33.15;Bueno;1;1.08;1.04;2.08;Bueno;6.94;Bueno;Bueno;Bueno
2025-12-11;22:00;5;15.12;14.92;11.47;Bueno;33.15;Bueno;1;1.04;1.04;2.08;Bueno;6.94;Bueno;Bueno;Bueno
2025-12-11;23:00;4;14.92;14.92;11.47;Bueno;33.15;Bueno;1;1.04;1.04;2.08;Bueno;6.94;Bueno;Bueno;Bueno
2025-12-12;00:00;6;14.92;7.29;5.61;Bueno;16.20;Bueno;1;1.04;1.17;2.33;Bueno;7.78;Bueno;Bueno;Bueno
2025-12-12;01:00;4;15.04;7.29;5.61;Bueno;16.20;Bueno;1;1.04;1.17;2.33;Bueno;7.78;Bueno;Bueno;Bueno
2025-12-12;02:00;1;15.04;7.29;5.61;Bueno;16.20;Bueno;1;1.04;1.17;2.33;Bueno;7.78;Bueno;Bueno;Bueno
2025-12-12;03:00;1;14.92;7.29;5.61;Bueno;16.20;Bueno;1;1.04;1.17;2.33;Bueno;7.78;Bueno;Bueno;Bueno
2025-12-12;04:00;3;14.88;7.29;5.61;Bueno;16.20;Bueno;1;1.04;1.17;2.33;Bueno;7.78;Bueno;Bueno;Bueno
2025-12-12;05:00;2;14.54;7.29;5.61;Bueno;16.20;Bueno;1;1.04;1.17;2.33;Bueno;7.78;Bueno;Bueno;Bueno
2025-12-12;06:00;11;14.67;7.29;5.61;Bueno;16.20;Bueno;1;1.04;1.17;2.33;Bueno;7.78;Bueno;Bueno;Bueno
2025-12-12;07:00;16;14.54;7.29;5.61;Bueno;16.20;Bueno;1;1.04;1.17;2.33;Bueno;7.78;Bueno;Bueno;Bueno
2025-12-12;08:00;21;14.29;7.29;5.61;Bueno;16.20;Bueno;1;1.04;1.17;2.33;Bueno;7.78;Bueno;Bueno;Bueno
2025-12-12;09:00;7;13.33;7.29;5.61;Bueno;16.20;Bueno;2;1.08;1.17;2.33;Bueno;7.78;Bueno;Bueno;Bueno
2025-12-12;10:00;6;12.75;7.29;5.61;Bueno;16.20;Bueno;1;1.08;1.17;2.33;Bueno;7.78;Bueno;Bueno;Bueno
2025-12-12;11:00;3;11.62;7.29;5.61;Bueno;16.20;Bueno;1;1.08;1.17;2.33;Bueno;7.78;Bueno;Bueno;Bueno
2025-12-12;12:00;1;10.79;7.29;5.61;Bueno;16.20;Bueno;1;1.08;1.17;2.33;Bueno;7.78;Bueno;Bueno;Bueno
2025-12-12;13:00;1;9.54;7.29;5.61;Bueno;16.20;Bueno;1;1.08;1.17;2.33;Bueno;7.78;Bueno;Bueno;Bueno
2025-12-12;14:00;4;8.88;7.29;5.61;Bueno;16.20;Bueno;1;1.04;1.17;2.33;Bueno;7.78;Bueno;Bueno;Bueno
2025-12-12;15:00;9;8.29;7.29;5.61;Bueno;16.20;Bueno;1;1.04;1.17;2.33;Bueno;7.78;Bueno;Bueno;Bueno
2025-12-12;16:00;6;6.75;7.29;5.61;Bueno;16.20;Bueno;1;1.04;1.17;2.33;Bueno;7.78;Bueno;Bueno;Bueno
2025-12-12;17:00;6;6.33;7.29;5.61;Bueno;16.20;Bueno;1;1.04;1.17;2.33;Bueno;7.78;Bueno;Bueno;Bueno
2025-12-12;18:00;9;6.29;7.29;5.61;Bueno;16.20;Bueno;1;1.04;1.17;2.33;Bueno;7.78;Bueno;Bueno;Bueno
2025-12-12;19:00;11;6.38;7.29;5.61;Bueno;16.20;Bueno;3;1.12;1.17;2.33;Bueno;7.78;Bueno;Bueno;Bueno
2025-12-12;20:00;17;6.67;7.29;5.61;Bueno;16.20;Bueno;1;1.12;1.17;2.33;Bueno;7.78;Bueno;Bueno;Bueno
2025-12-12;21:00;10;6.83;7.29;5.61;Bueno;16.20;Bueno;1;1.12;1.17;2.33;Bueno;7.78;Bueno;Bueno;Bueno
2025-12-12;22:00;12;7.12;7.29;5.61;Bueno;16.20;Bueno;2;1.17;1.17;2.33;Bueno;7.78;Bueno;Bueno;Bueno
2025-12-12;23:00;8;7.29;7.29;5.61;Bueno;16.20;Bueno;1;1.17;1.17;2.33;Bueno;7.78;Bueno;Bueno;Bueno
2025-12-13;00:00;8;7.38;8.42;6.47;Bueno;18.70;Bueno;1;1.17;2.12;4.25;Bueno;14.17;Bueno;Bueno;Bueno
2025-12-13;01:00;14;7.79;8.42;6.47;Bueno;18.70;Bueno;1;1.17;2.12;4.25;Bueno;14.17;Bueno;Bueno;Bueno
2025-12-13;02:00;7;8.04;8.42;6.47;Bueno;18.70;Bueno;1;1.17;2.12;4.25;Bueno;14.17;Bueno;Bueno;Bueno
2025-12-13;03:00;3;8.12;8.42;6.47;Bueno;18.70;Bueno;1;1.17;2.12;4.25;Bueno;14.17;Bueno;Bueno;Bueno
2025-12-13;04:00;5;8.21;8.42;6.47;Bueno;18.70;Bueno;1;1.17;2.12;4.25;Bueno;14.17;Bueno;Bueno;Bueno
2025-12-13;05:00;2;8.21;8.42;6.47;Bueno;18.70;Bueno;1;1.17;2.12;4.25;Bueno;14.17;Bueno;Bueno;Bueno
2025-12-13;06:00;3;7.88;8.42;6.47;Bueno;18.70;Bueno;1;1.17;2.12;4.25;Bueno;14.17;Bueno;Bueno;Bueno
2025-12-13;07:00;3;7.33;8.42;6.47;Bueno;18.70;Bueno;1;1.17;2.12;4.25;Bueno;14.17;Bueno;Bueno;Bueno
2025-12-13;08:00;5;6.67;8.42;6.47;Bueno;18.70;Bueno;1;1.17;2.12;4.25;Bueno;14.17;Bueno;Bueno;Bueno
2025-12-13;09:00;10;6.79;8.42;6.47;Bueno;18.70;Bueno;1;1.12;2.12;4.25;Bueno;14.17;Bueno;Bueno;Bueno
2025-12-13;10:00;9;6.92;8.42;6.47;Bueno;18.70;Bueno;1;1.12;2.12;4.25;Bueno;14.17;Bueno;Bueno;Bueno
2025-12-13;11:00;7;7.08;8.42;6.47;Bueno;18.70;Bueno;1;1.12;2.12;4.25;Bueno;14.17;Bueno;Bueno;Bueno
2025-12-13;12:00;7;7.33;8.42;6.47;Bueno;18.70;Bueno;1;1.12;2.12;4.25;Bueno;14.17;Bueno;Bueno;Bueno
2025-12-13;13:00;7;7.58;8.42;6.47;Bueno;18.70;Bueno;1;1.12;2.12;4.25;Bueno;14.17;Bueno;Bueno;Bueno
2025-12-13;14:00;11;7.88;8.42;6.47;Bueno;18.70;Bueno;1;1.12;2.12;4.25;Bueno;14.17;Bueno;Bueno;Bueno
2025-12-13;15:00;12;8.00;8.42;6.47;Bueno;18.70;Bueno;1;1.12;2.12;4.25;Bueno;14.17;Bueno;Bueno;Bueno
2025-12-13;16:00;7;8.04;8.42;6.47;Bueno;18.70;Bueno;1;1.12;2.12;4.25;Bueno;14.17;Bueno;Bueno;Bueno
2025-12-13;17:00;4;7.96;8.42;6.47;Bueno;18.70;Bueno;1;1.12;2.12;4.25;Bueno;14.17;Bueno;Bueno;Bueno
2025-12-13;18:00;4;7.75;8.42;6.47;Bueno;18.70;Bueno;1;1.12;2.12;4.25;Bueno;14.17;Bueno;Bueno;Bueno
2025-12-13;19:00;4;7.46;8.42;6.47;Bueno;18.70;Bueno;1;1.04;2.12;4.25;Bueno;14.17;Bueno;Bueno;Bueno
2025-12-13;20:00;13;7.29;8.42;6.47;Bueno;18.70;Bueno;1;1.04;2.12;4.25;Bueno;14.17;Bueno;Bueno;Bueno
2025-12-13;21:00;15;7.50;8.42;6.47;Bueno;18.70;Bueno;4;1.17;2.12;4.25;Bueno;14.17;Bueno;Bueno;Bueno
2025-12-13;22:00;18;7.75;8.42;6.47;Bueno;18.70;Bueno;14;1.67;2.12;4.25;Bueno;14.17;Bueno;Bueno;Bueno
2025-12-13;23:00;24;8.42;8.42;6.47;Bueno;18.70;Bueno;12;2.12;2.12;4.25;Bueno;14.17;Bueno;Bueno;Bueno
2025-12-14;00:00;20;8.92;8.88;6.83;Bueno;19.72;Bueno;13;2.62;2.12;4.25;Bueno;14.17;Bueno;Bueno;Bueno
2025-12-14;01:00;19;9.12;8.88;6.83;Bueno;19.72;Bueno;9;2.96;2.12;4.25;Bueno;14.17;Bueno;Bueno;Bueno
2025-12-14;02:00;9;9.21;8.88;6.83;Bueno;19.72;Bueno;5;3.12;2.12;4.25;Bueno;14.17;Bueno;Bueno;Bueno
2025-12-14;03:00;12;9.58;8.88;6.83;Bueno;19.72;Bueno;3;3.21;2.12;4.25;Bueno;14.17;Bueno;Bueno;Bueno
2025-12-14;04:00;10;9.79;8.88;6.83;Bueno;19.72;Bueno;1;3.21;2.12;4.25;Bueno;14.17;Bueno;Bueno;Bueno
2025-12-14;05:00;6;9.96;8.88;6.83;Bueno;19.72;Bueno;1;3.21;2.12;4.25;Bueno;14.17;Bueno;Bueno;Bueno
2025-12-14;06:00;14;10.42;8.88;6.83;Bueno;19.72;Bueno;2;3.25;2.12;4.25;Bueno;14.17;Bueno;Bueno;Bueno
2025-12-14;07:00;8;10.62;8.88;6.83;Bueno;19.72;Bueno;1;3.25;2.12;4.25;Bueno;14.17;Bueno;Bueno;Bueno
2025-12-14;08:00;12;10.92;8.88;6.83;Bueno;19.72;Bueno;1;3.25;2.12;4.25;Bueno;14.17;Bueno;Bueno;Bueno
2025-12-14;09:00;11;10.96;8.88;6.83;Bueno;19.72;Bueno;1;3.25;2.12;4.25;Bueno;14.17;Bueno;Bueno;Bueno
2025-12-14;10:00;8;10.92;8.88;6.83;Bueno;19.72;Bueno;1;3.25;2.12;4.25;Bueno;14.17;Bueno;Bueno;Bueno
2025-12-14;11:00;9;11.00;8.88;6.83;Bueno;19.72;Bueno;1;3.25;2.12;4.25;Bueno;14.17;Bueno;Bueno;Bueno
2025-12-14;12:00;7;11.00;8.88;6.83;Bueno;19.72;Bueno;1;3.25;2.12;4.25;Bueno;14.17;Bueno;Bueno;Bueno
2025-12-14;13:00;9;11.08;8.88;6.83;Bueno;19.72;Bueno;1;3.25;2.12;4.25;Bueno;14.17;Bueno;Bueno;Bueno
2025-12-14;14:00;11;11.08;8.88;6.83;Bueno;19.72;Bueno;1;3.25;2.12;4.25;Bueno;14.17;Bueno;Bueno;Bueno
2025-12-14;15:00;12;11.08;8.88;6.83;Bueno;19.72;Bueno;1;3.25;2.12;4.25;Bueno;14.17;Bueno;Bueno;Bueno
2025-12-14;16:00;8;11.12;8.88;6.83;Bueno;19.72;Bueno;1;3.25;2.12;4.25;Bueno;14.17;Bueno;Bueno;Bueno
2025-12-14;17:00;3;11.08;8.88;6.83;Bueno;19.72;Bueno;1;3.25;2.12;4.25;Bueno;14.17;Bueno;Bueno;Bueno
2025-12-14;18:00;1;10.96;8.88;6.83;Bueno;19.72;Bueno;1;3.25;2.12;4.25;Bueno;14.17;Bueno;Bueno;Bueno
2025-12-14;19:00;1;10.83;8.88;6.83;Bueno;19.72;Bueno;1;3.25;2.12;4.25;Bueno;14.17;Bueno;Bueno;Bueno
2025-12-14;20:00;4;10.46;8.88;6.83;Bueno;19.72;Bueno;1;3.25;2.12;4.25;Bueno;14.17;Bueno;Bueno;Bueno
2025-12-14;21:00;9;10.21;8.88;6.83;Bueno;19.72;Bueno;1;3.12;2.12;4.25;Bueno;14.17;Bueno;Bueno;Bueno
2025-12-14;22:00;7;9.75;8.88;6.83;Bueno;19.72;Bueno;1;2.58;2.12;4.25;Bueno;14.17;Bueno;Bueno;Bueno
2025-12-14;23:00;3;8.88;8.88;6.83;Bueno;19.72;Bueno;1;2.12;2.12;4.25;Bueno;14.17;Bueno;Bueno;Bueno
2025-12-15;00:00;3;8.17;6.05;4.65;Bueno;13.43;Bueno;1;1.62;1.18;2.36;Bueno;7.88;Bueno;Bueno;Bueno
2025-12-15;01:00;1;7.42;6.05;4.65;Bueno;13.43;Bueno;1;1.29;1.18;2.36;Bueno;7.88;Bueno;Bueno;Bueno
2025-12-15;02:00;3;7.17;6.05;4.65;Bueno;13.43;Bueno;1;1.12;1.18;2.36;Bueno;7.88;Bueno;Bueno;Bueno
2025-12-15;03:00;4;6.83;6.05;4.65;Bueno;13.43;Bueno;1;1.04;1.18;2.36;Bueno;7.88;Bueno;Bueno;Bueno
2025-12-15;04:00;3;6.54;6.05;4.65;Bueno;13.43;Bueno;1;1.04;1.18;2.36;Bueno;7.88;Bueno;Bueno;Bueno
2025-12-15;05:00;4;6.46;6.05;4.65;Bueno;13.43;Bueno;1;1.04;1.18;2.36;Bueno;7.88;Bueno;Bueno;Bueno
2025-12-15;06:00;7;6.17;6.05;4.65;Bueno;13.43;Bueno;1;1.00;1.18;2.36;Bueno;7.88;Bueno;Bueno;Bueno
2025-12-15;07:00;7;6.12;6.05;4.65;Bueno;13.43;Bueno;1;1.00;1.18;2.36;Bueno;7.88;Bueno;Bueno;Bueno
2025-12-15;08:00;6;5.88;6.05;4.65;Bueno;13.43;Bueno;1;1.00;1.18;2.36;Bueno;7.88;Bueno;Bueno;Bueno
2025-12-15;09:00;;5.65;6.05;4.65;Bueno;13.43;Bueno;;1.00;1.18;2.36;Bueno;7.88;Bueno;Bueno;Bueno
2025-12-15;10:00;;5.55;6.05;4.65;Bueno;13.43;Bueno;;1.00;1.18;2.36;Bueno;7.88;Bueno;Bueno;Bueno
2025-12-15;11:00;31;6.55;6.05;4.65;Bueno;13.43;Bueno;1;1.00;1.18;2.36;Bueno;7.88;Bueno;Bueno;Bueno
2025-12-15;12:00;11;6.73;6.05;4.65;Bueno;13.43;Bueno;1;1.00;1.18;2.36;Bueno;7.88;Bueno;Bueno;Bueno
2025-12-15;13:00;7;6.64;6.05;4.65;Bueno;13.43;Bueno;1;1.00;1.18;2.36;Bueno;7.88;Bueno;Bueno;Bueno
2025-12-15;14:00;4;6.32;6.05;4.65;Bueno;13.43;Bueno;3;1.09;1.18;2.36;Bueno;7.88;Bueno;Bueno;Bueno
2025-12-15;15:00;3;5.91;6.05;4.65;Bueno;13.43;Bueno;3;1.18;1.18;2.36;Bueno;7.88;Bueno;Bueno;Bueno
2025-12-15;16:00;6;5.82;6.05;4.65;Bueno;13.43;Bueno;1;1.18;1.18;2.36;Bueno;7.88;Bueno;Bueno;Bueno
2025-12-15;17:00;5;5.91;6.05;4.65;Bueno;13.43;Bueno;1;1.18;1.18;2.36;Bueno;7.88;Bueno;Bueno;Bueno
2025-12-15;18:00;6;6.14;6.05;4.65;Bueno;13.43;Bueno;1;1.18;1.18;2.36;Bueno;7.88;Bueno;Bueno;Bueno
2025-12-15;19:00;7;6.41;6.05;4.65;Bueno;13.43;Bueno;1;1.18;1.18;2.36;Bueno;7.88;Bueno;Bueno;Bueno
2025-12-15;20:00;7;6.55;6.05;4.65;Bueno;13.43;Bueno;1;1.18;1.18;2.36;Bueno;7.88;Bueno;Bueno;Bueno
2025-12-15;21:00;4;6.32;6.05;4.65;Bueno;13.43;Bueno;1;1.18;1.18;2.36;Bueno;7.88;Bueno;Bueno;Bueno
2025-12-15;22:00;1;6.05;6.05;4.65;Bueno;13.43;Bueno;1;1.18;1.18;2.36;Bueno;7.88;Bueno;Bueno;Bueno
2025-12-15;23:00;3;6.05;6.05;4.65;Bueno;13.43;Bueno;1;1.18;1.18;2.36;Bueno;7.88;Bueno;Bueno;Bueno
2025-12-16;00:00;4;6.09;13.33;10.26;Bueno;29.63;Bueno;1;1.18;1.25;2.50;Bueno;8.33;Bueno;Bueno;Bueno
2025-12-16;01:00;2;6.14;13.33;10.26;Bueno;29.63;Bueno;1;1.18;1.25;2.50;Bueno;8.33;Bueno;Bueno;Bueno
2025-12-16;02:00;3;6.14;13.33;10.26;Bueno;29.63;Bueno;1;1.18;1.25;2.50;Bueno;8.33;Bueno;Bueno;Bueno
2025-12-16;03:00;5;6.18;13.33;10.26;Bueno;29.63;Bueno;1;1.18;1.25;2.50;Bueno;8.33;Bueno;Bueno;Bueno
2025-12-16;04:00;6;6.32;13.33;10.26;Bueno;29.63;Bueno;1;1.18;1.25;2.50;Bueno;8.33;Bueno;Bueno;Bueno
2025-12-16;05:00;5;6.36;13.33;10.26;Bueno;29.63;Bueno;1;1.18;1.25;2.50;Bueno;8.33;Bueno;Bueno;Bueno
2025-12-16;06:00;5;6.27;13.33;10.26;Bueno;29.63;Bueno;1;1.18;1.25;2.50;Bueno;8.33;Bueno;Bueno;Bueno
2025-12-16;07:00;6;6.23;13.33;10.26;Bueno;29.63;Bueno;1;1.18;1.25;2.50;Bueno;8.33;Bueno;Bueno;Bueno
2025-12-16;08:00;9;6.36;13.33;10.26;Bueno;29.63;Bueno;1;1.18;1.25;2.50;Bueno;8.33;Bueno;Bueno;Bueno
2025-12-16;09:00;16;6.78;13.33;10.26;Bueno;29.63;Bueno;1;1.17;1.25;2.50;Bueno;8.33;Bueno;Bueno;Bueno
2025-12-16;10:00;34;7.92;13.33;10.26;Bueno;29.63;Bueno;1;1.17;1.25;2.50;Bueno;8.33;Bueno;Bueno;Bueno
2025-12-16;11:00;20;7.46;13.33;10.26;Bueno;29.63;Bueno;1;1.17;1.25;2.50;Bueno;8.33;Bueno;Bueno;Bueno
2025-12-16;12:00;15;7.62;13.33;10.26;Bueno;29.63;Bueno;1;1.17;1.25;2.50;Bueno;8.33;Bueno;Bueno;Bueno
2025-12-16;13:00;22;8.25;13.33;10.26;Bueno;29.63;Bueno;1;1.17;1.25;2.50;Bueno;8.33;Bueno;Bueno;Bueno
2025-12-16;14:00;28;9.25;13.33;10.26;Bueno;29.63;Bueno;1;1.08;1.25;2.50;Bueno;8.33;Bueno;Bueno;Bueno
2025-12-16;15:00;16;9.79;13.33;10.26;Bueno;29.63;Bueno;1;1.00;1.25;2.50;Bueno;8.33;Bueno;Bueno;Bueno
2025-12-16;16:00;30;10.79;13.33;10.26;Bueno;29.63;Bueno;1;1.00;1.25;2.50;Bueno;8.33;Bueno;Bueno;Bueno
2025-12-16;17:00;16;11.25;13.33;10.26;Bueno;29.63;Bueno;1;1.00;1.25;2.50;Bueno;8.33;Bueno;Bueno;Bueno
2025-12-16;18:00;15;11.62;13.33;10.26;Bueno;29.63;Bueno;1;1.00;1.25;2.50;Bueno;8.33;Bueno;Bueno;Bueno
2025-12-16;19:00;13;11.88;13.33;10.26;Bueno;29.63;Bueno;1;1.00;1.25;2.50;Bueno;8.33;Bueno;Bueno;Bueno
2025-12-16;20:00;17;12.29;13.33;10.26;Bueno;29.63;Bueno;1;1.00;1.25;2.50;Bueno;8.33;Bueno;Bueno;Bueno
2025-12-16;21:00;17;12.83;13.33;10.26;Bueno;29.63;Bueno;5;1.17;1.25;2.50;Bueno;8.33;Bueno;Bueno;Bueno
2025-12-16;22:00;10;13.21;13.33;10.26;Bueno;29.63;Bueno;3;1.25;1.25;2.50;Bueno;8.33;Bueno;Bueno;Bueno
2025-12-16;23:00;6;13.33;13.33;10.26;Bueno;29.63;Bueno;1;1.25;1.25;2.50;Bueno;8.33;Bueno;Bueno;Bueno
2025-12-17;00:00;7;13.46;12.83;9.87;Bueno;28.52;Bueno;1;1.25;1.08;2.17;Bueno;7.22;Bueno;Bueno;Bueno
2025-12-17;01:00;7;13.67;12.83;9.87;Bueno;28.52;Bueno;1;1.25;1.08;2.17;Bueno;7.22;Bueno;Bueno;Bueno
2025-12-17;02:00;5;13.75;12.83;9.87;Bueno;28.52;Bueno;1;1.25;1.08;2.17;Bueno;7.22;Bueno;Bueno;Bueno
2025-12-17;03:00;5;13.75;12.83;9.87;Bueno;28.52;Bueno;1;1.25;1.08;2.17;Bueno;7.22;Bueno;Bueno;Bueno
2025-12-17;04:00;6;13.75;12.83;9.87;Bueno;28.52;Bueno;1;1.25;1.08;2.17;Bueno;7.22;Bueno;Bueno;Bueno
2025-12-17;05:00;6;13.79;12.83;9.87;Bueno;28.52;Bueno;1;1.25;1.08;2.17;Bueno;7.22;Bueno;Bueno;Bueno
2025-12-17;06:00;15;14.21;12.83;9.87;Bueno;28.52;Bueno;1;1.25;1.08;2.17;Bueno;7.22;Bueno;Bueno;Bueno
2025-12-17;07:00;10;14.38;12.83;9.87;Bueno;28.52;Bueno;1;1.25;1.08;2.17;Bueno;7.22;Bueno;Bueno;Bueno
2025-12-17;08:00;11;14.46;12.83;9.87;Bueno;28.52;Bueno;1;1.25;1.08;2.17;Bueno;7.22;Bueno;Bueno;Bueno
2025-12-17;09:00;20;14.62;12.83;9.87;Bueno;28.52;Bueno;2;1.29;1.08;2.17;Bueno;7.22;Bueno;Bueno;Bueno
2025-12-17;10:00;21;14.08;12.83;9.87;Bueno;28.52;Bueno;2;1.33;1.08;2.17;Bueno;7.22;Bueno;Bueno;Bueno
2025-12-17;11:00;35;14.71;12.83;9.87;Bueno;28.52;Bueno;1;1.33;1.08;2.17;Bueno;7.22;Bueno;Bueno;Bueno
2025-12-17;12:00;14;14.67;12.83;9.87;Bueno;28.52;Bueno;1;1.33;1.08;2.17;Bueno;7.22;Bueno;Bueno;Bueno
2025-12-17;13:00;21;14.62;12.83;9.87;Bueno;28.52;Bueno;1;1.33;1.08;2.17;Bueno;7.22;Bueno;Bueno;Bueno
2025-12-17;14:00;19;14.25;12.83;9.87;Bueno;28.52;Bueno;1;1.33;1.08;2.17;Bueno;7.22;Bueno;Bueno;Bueno
2025-12-17;15:00;16;14.25;12.83;9.87;Bueno;28.52;Bueno;1;1.33;1.08;2.17;Bueno;7.22;Bueno;Bueno;Bueno
2025-12-17;16:00;28;14.17;12.83;9.87;Bueno;28.52;Bueno;1;1.33;1.08;2.17;Bueno;7.22;Bueno;Bueno;Bueno
2025-12-17;17:00;14;14.08;12.83;9.87;Bueno;28.52;Bueno;1;1.33;1.08;2.17;Bueno;7.22;Bueno;Bueno;Bueno
2025-12-17;18:00;12;13.96;12.83;9.87;Bueno;28.52;Bueno;1;1.33;1.08;2.17;Bueno;7.22;Bueno;Bueno;Bueno
2025-12-17;19:00;14;14.00;12.83;9.87;Bueno;28.52;Bueno;1;1.33;1.08;2.17;Bueno;7.22;Bueno;Bueno;Bueno
2025-12-17;20:00;9;13.67;12.83;9.87;Bueno;28.52;Bueno;1;1.33;1.08;2.17;Bueno;7.22;Bueno;Bueno;Bueno
2025-12-17;21:00;6;13.21;12.83;9.87;Bueno;28.52;Bueno;1;1.17;1.08;2.17;Bueno;7.22;Bueno;Bueno;Bueno
2025-12-17;22:00;4;12.96;12.83;9.87;Bueno;28.52;Bueno;1;1.08;1.08;2.17;Bueno;7.22;Bueno;Bueno;Bueno
2025-12-17;23:00;3;12.83;12.83;9.87;Bueno;28.52;Bueno;1;1.08;1.08;2.17;Bueno;7.22;Bueno;Bueno;Bueno
2025-12-18;00:00;5;12.75;11.38;8.75;Bueno;25.28;Bueno;1;1.08;1.79;3.58;Bueno;11.94;Bueno;Bueno;Bueno
2025-12-18;01:00;5;12.67;11.38;8.75;Bueno;25.28;Bueno;1;1.08;1.79;3.58;Bueno;11.94;Bueno;Bueno;Bueno
2025-12-18;02:00;3;12.58;11.38;8.75;Bueno;25.28;Bueno;1;1.08;1.79;3.58;Bueno;11.94;Bueno;Bueno;Bueno
2025-12-18;03:00;1;12.42;11.38;8.75;Bueno;25.28;Bueno;1;1.08;1.79;3.58;Bueno;11.94;Bueno;Bueno;Bueno
2025-12-18;04:00;1;12.21;11.38;8.75;Bueno;25.28;Bueno;1;1.08;1.79;3.58;Bueno;11.94;Bueno;Bueno;Bueno
2025-12-18;05:00;2;12.04;11.38;8.75;Bueno;25.28;Bueno;1;1.08;1.79;3.58;Bueno;11.94;Bueno;Bueno;Bueno
2025-12-18;06:00;1;11.46;11.38;8.75;Bueno;25.28;Bueno;1;1.08;1.79;3.58;Bueno;11.94;Bueno;Bueno;Bueno
2025-12-18;07:00;1;11.08;11.38;8.75;Bueno;25.28;Bueno;1;1.08;1.79;3.58;Bueno;11.94;Bueno;Bueno;Bueno
2025-12-18;08:00;26;11.71;11.38;8.75;Bueno;25.28;Bueno;2;1.12;1.79;3.58;Bueno;11.94;Bueno;Bueno;Bueno
2025-12-18;09:00;15;11.50;11.38;8.75;Bueno;25.28;Bueno;2;1.12;1.79;3.58;Bueno;11.94;Bueno;Bueno;Bueno
2025-12-18;10:00;18;11.38;11.38;8.75;Bueno;25.28;Bueno;1;1.08;1.79;3.58;Bueno;11.94;Bueno;Bueno;Bueno
2025-12-18;11:00;11;10.38;11.38;8.75;Bueno;25.28;Bueno;1;1.08;1.79;3.58;Bueno;11.94;Bueno;Bueno;Bueno
2025-12-18;12:00;12;10.29;11.38;8.75;Bueno;25.28;Bueno;1;1.08;1.79;3.58;Bueno;11.94;Bueno;Bueno;Bueno
2025-12-18;13:00;21;10.29;11.38;8.75;Bueno;25.28;Bueno;1;1.08;1.79;3.58;Bueno;11.94;Bueno;Bueno;Bueno
2025-12-18;14:00;14;10.08;11.38;8.75;Bueno;25.28;Bueno;1;1.08;1.79;3.58;Bueno;11.94;Bueno;Bueno;Bueno
2025-12-18;15:00;20;10.25;11.38;8.75;Bueno;25.28;Bueno;1;1.08;1.79;3.58;Bueno;11.94;Bueno;Bueno;Bueno
2025-12-18;16:00;29;10.29;11.38;8.75;Bueno;25.28;Bueno;1;1.08;1.79;3.58;Bueno;11.94;Bueno;Bueno;Bueno
2025-12-18;17:00;17;10.42;11.38;8.75;Bueno;25.28;Bueno;1;1.08;1.79;3.58;Bueno;11.94;Bueno;Bueno;Bueno
2025-12-18;18:00;11;10.38;11.38;8.75;Bueno;25.28;Bueno;1;1.08;1.79;3.58;Bueno;11.94;Bueno;Bueno;Bueno
2025-12-18;19:00;19;10.58;11.38;8.75;Bueno;25.28;Bueno;18;1.79;1.79;3.58;Bueno;11.94;Bueno;Bueno;Bueno
2025-12-18;20:00;13;10.75;11.38;8.75;Bueno;25.28;Bueno;1;1.79;1.79;3.58;Bueno;11.94;Bueno;Bueno;Bueno
2025-12-18;21:00;13;11.04;11.38;8.75;Bueno;25.28;Bueno;1;1.79;1.79;3.58;Bueno;11.94;Bueno;Bueno;Bueno
2025-12-18;22:00;10;11.29;11.38;8.75;Bueno;25.28;Bueno;1;1.79;1.79;3.58;Bueno;11.94;Bueno;Bueno;Bueno
2025-12-18;23:00;5;11.38;11.38;8.75;Bueno;25.28;Bueno;1;1.79;1.79;3.58;Bueno;11.94;Bueno;Bueno;Bueno
2025-12-19;00:00;1;11.21;14.62;11.25;Bueno;32.50;Bueno;1;1.79;2.42;4.83;Bueno;16.11;Bueno;Bueno;Bueno
2025-12-19;01:00;1;11.04;14.62;11.25;Bueno;32.50;Bueno;1;1.79;2.42;4.83;Bueno;16.11;Bueno;Bueno;Bueno
2025-12-19;02:00;1;10.96;14.62;11.25;Bueno;32.50;Bueno;1;1.79;2.42;4.83;Bueno;16.11;Bueno;Bueno;Bueno
2025-12-19;03:00;1;10.96;14.62;11.25;Bueno;32.50;Bueno;1;1.79;2.42;4.83;Bueno;16.11;Bueno;Bueno;Bueno
2025-12-19;04:00;1;10.96;14.62;11.25;Bueno;32.50;Bueno;1;1.79;2.42;4.83;Bueno;16.11;Bueno;Bueno;Bueno
2025-12-19;05:00;2;10.96;14.62;11.25;Bueno;32.50;Bueno;1;1.79;2.42;4.83;Bueno;16.11;Bueno;Bueno;Bueno
2025-12-19;06:00;3;11.04;14.62;11.25;Bueno;32.50;Bueno;1;1.79;2.42;4.83;Bueno;16.11;Bueno;Bueno;Bueno
2025-12-19;07:00;5;11.21;14.62;11.25;Bueno;32.50;Bueno;1;1.79;2.42;4.83;Bueno;16.11;Bueno;Bueno;Bueno
2025-12-19;08:00;34;11.54;14.62;11.25;Bueno;32.50;Bueno;1;1.75;2.42;4.83;Bueno;16.11;Bueno;Bueno;Bueno
2025-12-19;09:00;17;11.62;14.62;11.25;Bueno;32.50;Bueno;1;1.71;2.42;4.83;Bueno;16.11;Bueno;Bueno;Bueno
2025-12-19;10:00;24;11.88;14.62;11.25;Bueno;32.50;Bueno;2;1.75;2.42;4.83;Bueno;16.11;Bueno;Bueno;Bueno
2025-12-19;11:00;21;12.29;14.62;11.25;Bueno;32.50;Bueno;2;1.79;2.42;4.83;Bueno;16.11;Bueno;Bueno;Bueno
2025-12-19;12:00;19;12.58;14.62;11.25;Bueno;32.50;Bueno;1;1.79;2.42;4.83;Bueno;16.11;Bueno;Bueno;Bueno
2025-12-19;13:00;19;12.50;14.62;11.25;Bueno;32.50;Bueno;1;1.79;2.42;4.83;Bueno;16.11;Bueno;Bueno;Bueno
2025-12-19;14:00;12;12.42;14.62;11.25;Bueno;32.50;Bueno;1;1.79;2.42;4.83;Bueno;16.11;Bueno;Bueno;Bueno
2025-12-19;15:00;22;12.50;14.62;11.25;Bueno;32.50;Bueno;1;1.79;2.42;4.83;Bueno;16.11;Bueno;Bueno;Bueno
2025-12-19;16:00;20;12.12;14.62;11.25;Bueno;32.50;Bueno;1;1.79;2.42;4.83;Bueno;16.11;Bueno;Bueno;Bueno
2025-12-19;17:00;25;12.46;14.62;11.25;Bueno;32.50;Bueno;1;1.79;2.42;4.83;Bueno;16.11;Bueno;Bueno;Bueno
2025-12-19;18:00;18;12.75;14.62;11.25;Bueno;32.50;Bueno;2;1.83;2.42;4.83;Bueno;16.11;Bueno;Bueno;Bueno
2025-12-19;19:00;21;12.83;14.62;11.25;Bueno;32.50;Bueno;2;1.17;2.42;4.83;Bueno;16.11;Bueno;Bueno;Bueno
2025-12-19;20:00;23;13.25;14.62;11.25;Bueno;32.50;Bueno;5;1.33;2.42;4.83;Bueno;16.11;Bueno;Bueno;Bueno
2025-12-19;21:00;23;13.67;14.62;11.25;Bueno;32.50;Bueno;13;1.83;2.42;4.83;Bueno;16.11;Bueno;Bueno;Bueno
2025-12-19;22:00;21;14.12;14.62;11.25;Bueno;32.50;Bueno;11;2.25;2.42;4.83;Bueno;16.11;Bueno;Bueno;Bueno
2025-12-19;23:00;17;14.62;14.62;11.25;Bueno;32.50;Bueno;5;2.42;2.42;4.83;Bueno;16.11;Bueno;Bueno;Bueno
2025-12-20;00:00;13;15.12;15.79;12.15;Bueno;35.09;Bueno;1;2.42;2.12;4.25;Bueno;14.17;Bueno;Bueno;Bueno
2025-12-20;01:00;13;15.62;15.79;12.15;Bueno;35.09;Bueno;1;2.42;2.12;4.25;Bueno;14.17;Bueno;Bueno;Bueno
2025-12-20;02:00;12;16.08;15.79;12.15;Bueno;35.09;Bueno;1;2.42;2.12;4.25;Bueno;14.17;Bueno;Bueno;Bueno
2025-12-20;03:00;21;16.92;15.79;12.15;Bueno;35.09;Bueno;2;2.46;2.12;4.25;Bueno;14.17;Bueno;Bueno;Bueno
2025-12-20;04:00;11;17.33;15.79;12.15;Bueno;35.09;Bueno;1;2.46;2.12;4.25;Bueno;14.17;Bueno;Bueno;Bueno
2025-12-20;05:00;6;17.50;15.79;12.15;Bueno;35.09;Bueno;1;2.46;2.12;4.25;Bueno;14.17;Bueno;Bueno;Bueno
2025-12-20;06:00;15;18.00;15.79;12.15;Bueno;35.09;Bueno;1;2.46;2.12;4.25;Bueno;14.17;Bueno;Bueno;Bueno
2025-12-20;07:00;26;18.88;15.79;12.15;Bueno;35.09;Bueno;1;2.46;2.12;4.25;Bueno;14.17;Bueno;Bueno;Bueno
2025-12-20;08:00;21;18.33;15.79;12.15;Bueno;35.09;Bueno;1;2.46;2.12;4.25;Bueno;14.17;Bueno;Bueno;Bueno
2025-12-20;09:00;27;18.75;15.79;12.15;Bueno;35.09;Bueno;2;2.50;2.12;4.25;Bueno;14.17;Bueno;Bueno;Bueno
2025-12-20;10:00;25;18.79;15.79;12.15;Bueno;35.09;Bueno;1;2.46;2.12;4.25;Bueno;14.17;Bueno;Bueno;Bueno
2025-12-20;11:00;25;18.96;15.79;12.15;Bueno;35.09;Bueno;1;2.42;2.12;4.25;Bueno;14.17;Bueno;Bueno;Bueno
2025-12-20;12:00;38;19.75;15.79;12.15;Bueno;35.09;Bueno;1;2.42;2.12;4.25;Bueno;14.17;Bueno;Bueno;Bueno
2025-12-20;13:00;33;20.33;15.79;12.15;Bueno;35.09;Bueno;1;2.42;2.12;4.25;Bueno;14.17;Bueno;Bueno;Bueno
2025-12-20;14:00;15;20.46;15.79;12.15;Bueno;35.09;Bueno;1;2.42;2.12;4.25;Bueno;14.17;Bueno;Bueno;Bueno
2025-12-20;15:00;13;20.08;15.79;12.15;Bueno;35.09;Bueno;3;2.50;2.12;4.25;Bueno;14.17;Bueno;Bueno;Bueno
2025-12-20;16:00;13;19.79;15.79;12.15;Bueno;35.09;Bueno;6;2.71;2.12;4.25;Bueno;14.17;Bueno;Bueno;Bueno
2025-12-20;17:00;8;19.08;15.79;12.15;Bueno;35.09;Bueno;4;2.83;2.12;4.25;Bueno;14.17;Bueno;Bueno;Bueno
2025-12-20;18:00;10;18.75;15.79;12.15;Bueno;35.09;Bueno;2;2.83;2.12;4.25;Bueno;14.17;Bueno;Bueno;Bueno
2025-12-20;19:00;10;18.29;15.79;12.15;Bueno;35.09;Bueno;5;2.96;2.12;4.25;Bueno;14.17;Bueno;Bueno;Bueno
2025-12-20;20:00;5;17.54;15.79;12.15;Bueno;35.09;Bueno;2;2.83;2.12;4.25;Bueno;14.17;Bueno;Bueno;Bueno
2025-12-20;21:00;6;16.83;15.79;12.15;Bueno;35.09;Bueno;1;2.33;2.12;4.25;Bueno;14.17;Bueno;Bueno;Bueno
2025-12-20;22:00;7;16.25;15.79;12.15;Bueno;35.09;Bueno;5;2.08;2.12;4.25;Bueno;14.17;Bueno;Bueno;Bueno
2025-12-20;23:00;6;15.79;15.79;12.15;Bueno;35.09;Bueno;6;2.12;2.12;4.25;Bueno;14.17;Bueno;Bueno;Bueno
2025-12-21;00:00;8;15.58;4.29;3.30;Bueno;9.54;Bueno;6;2.33;1.71;3.42;Bueno;11.39;Bueno;Bueno;Bueno
2025-12-21;01:00;8;15.38;4.29;3.30;Bueno;9.54;Bueno;3;2.42;1.71;3.42;Bueno;11.39;Bueno;Bueno;Bueno
2025-12-21;02:00;4;15.04;4.29;3.30;Bueno;9.54;Bueno;1;2.42;1.71;3.42;Bueno;11.39;Bueno;Bueno;Bueno
2025-12-21;03:00;1;14.21;4.29;3.30;Bueno;9.54;Bueno;1;2.38;1.71;3.42;Bueno;11.39;Bueno;Bueno;Bueno
2025-12-21;04:00;1;13.79;4.29;3.30;Bueno;9.54;Bueno;1;2.38;1.71;3.42;Bueno;11.39;Bueno;Bueno;Bueno
2025-12-21;05:00;13;14.08;4.29;3.30;Bueno;9.54;Bueno;8;2.67;1.71;3.42;Bueno;11.39;Bueno;Bueno;Bueno
2025-12-21;06:00;8;13.79;4.29;3.30;Bueno;9.54;Bueno;4;2.79;1.71;3.42;Bueno;11.39;Bueno;Bueno;Bueno
2025-12-21;07:00;5;12.92;4.29;3.30;Bueno;9.54;Bueno;1;2.79;1.71;3.42;Bueno;11.39;Bueno;Bueno;Bueno
2025-12-21;08:00;3;12.17;4.29;3.30;Bueno;9.54;Bueno;1;2.79;1.71;3.42;Bueno;11.39;Bueno;Bueno;Bueno
2025-12-21;09:00;2;11.12;4.29;3.30;Bueno;9.54;Bueno;1;2.75;1.71;3.42;Bueno;11.39;Bueno;Bueno;Bueno
2025-12-21;10:00;4;10.25;4.29;3.30;Bueno;9.54;Bueno;1;2.75;1.71;3.42;Bueno;11.39;Bueno;Bueno;Bueno
2025-12-21;11:00;5;9.42;4.29;3.30;Bueno;9.54;Bueno;1;2.75;1.71;3.42;Bueno;11.39;Bueno;Bueno;Bueno
2025-12-21;12:00;6;8.08;4.29;3.30;Bueno;9.54;Bueno;1;2.75;1.71;3.42;Bueno;11.39;Bueno;Bueno;Bueno
2025-12-21;13:00;4;6.88;4.29;3.30;Bueno;9.54;Bueno;1;2.75;1.71;3.42;Bueno;11.39;Bueno;Bueno;Bueno
2025-12-21;14:00;1;6.29;4.29;3.30;Bueno;9.54;Bueno;1;2.75;1.71;3.42;Bueno;11.39;Bueno;Bueno;Bueno
2025-12-21;15:00;1;5.79;4.29;3.30;Bueno;9.54;Bueno;1;2.67;1.71;3.42;Bueno;11.39;Bueno;Bueno;Bueno
2025-12-21;16:00;1;5.29;4.29;3.30;Bueno;9.54;Bueno;1;2.46;1.71;3.42;Bueno;11.39;Bueno;Bueno;Bueno
2025-12-21;17:00;2;5.04;4.29;3.30;Bueno;9.54;Bueno;1;2.33;1.71;3.42;Bueno;11.39;Bueno;Bueno;Bueno
2025-12-21;18:00;4;4.79;4.29;3.30;Bueno;9.54;Bueno;1;2.29;1.71;3.42;Bueno;11.39;Bueno;Bueno;Bueno
2025-12-21;19:00;4;4.54;4.29;3.30;Bueno;9.54;Bueno;1;2.12;1.71;3.42;Bueno;11.39;Bueno;Bueno;Bueno
2025-12-21;20:00;5;4.54;4.29;3.30;Bueno;9.54;Bueno;1;2.08;1.71;3.42;Bueno;11.39;Bueno;Bueno;Bueno
2025-12-21;21:00;3;4.42;4.29;3.30;Bueno;9.54;Bueno;1;2.08;1.71;3.42;Bueno;11.39;Bueno;Bueno;Bueno
2025-12-21;22:00;4;4.29;4.29;3.30;Bueno;9.54;Bueno;1;1.92;1.71;3.42;Bueno;11.39;Bueno;Bueno;Bueno
2025-12-21;23:00;6;4.29;4.29;3.30;Bueno;9.54;Bueno;1;1.71;1.71;3.42;Bueno;11.39;Bueno;Bueno;Bueno
2025-12-22;00:00;8;4.29;9.67;7.44;Bueno;21.48;Bueno;1;1.50;1.54;3.08;Bueno;10.28;Bueno;Bueno;Bueno
2025-12-22;01:00;5;4.17;9.67;7.44;Bueno;21.48;Bueno;1;1.42;1.54;3.08;Bueno;10.28;Bueno;Bueno;Bueno
2025-12-22;02:00;6;4.25;9.67;7.44;Bueno;21.48;Bueno;2;1.46;1.54;3.08;Bueno;10.28;Bueno;Bueno;Bueno
2025-12-22;03:00;9;4.58;9.67;7.44;Bueno;21.48;Bueno;2;1.50;1.54;3.08;Bueno;10.28;Bueno;Bueno;Bueno
2025-12-22;04:00;5;4.75;9.67;7.44;Bueno;21.48;Bueno;1;1.50;1.54;3.08;Bueno;10.28;Bueno;Bueno;Bueno
2025-12-22;05:00;12;4.71;9.67;7.44;Bueno;21.48;Bueno;2;1.25;1.54;3.08;Bueno;10.28;Bueno;Bueno;Bueno
2025-12-22;06:00;27;5.50;9.67;7.44;Bueno;21.48;Bueno;4;1.25;1.54;3.08;Bueno;10.28;Bueno;Bueno;Bueno
2025-12-22;07:00;18;6.04;9.67;7.44;Bueno;21.48;Bueno;6;1.46;1.54;3.08;Bueno;10.28;Bueno;Bueno;Bueno
2025-12-22;08:00;10;6.33;9.67;7.44;Bueno;21.48;Bueno;3;1.54;1.54;3.08;Bueno;10.28;Bueno;Bueno;Bueno
2025-12-22;09:00;6;6.50;9.67;7.44;Bueno;21.48;Bueno;1;1.54;1.54;3.08;Bueno;10.28;Bueno;Bueno;Bueno
2025-12-22;10:00;8;6.67;9.67;7.44;Bueno;21.48;Bueno;1;1.54;1.54;3.08;Bueno;10.28;Bueno;Bueno;Bueno
2025-12-22;11:00;9;6.83;9.67;7.44;Bueno;21.48;Bueno;1;1.54;1.54;3.08;Bueno;10.28;Bueno;Bueno;Bueno
2025-12-22;12:00;6;6.83;9.67;7.44;Bueno;21.48;Bueno;1;1.54;1.54;3.08;Bueno;10.28;Bueno;Bueno;Bueno
2025-12-22;13:00;8;7.00;9.67;7.44;Bueno;21.48;Bueno;1;1.54;1.54;3.08;Bueno;10.28;Bueno;Bueno;Bueno
2025-12-22;14:00;8;7.29;9.67;7.44;Bueno;21.48;Bueno;1;1.54;1.54;3.08;Bueno;10.28;Bueno;Bueno;Bueno
2025-12-22;15:00;9;7.62;9.67;7.44;Bueno;21.48;Bueno;1;1.54;1.54;3.08;Bueno;10.28;Bueno;Bueno;Bueno
2025-12-22;16:00;10;8.00;9.67;7.44;Bueno;21.48;Bueno;1;1.54;1.54;3.08;Bueno;10.28;Bueno;Bueno;Bueno
2025-12-22;17:00;11;8.38;9.67;7.44;Bueno;21.48;Bueno;1;1.54;1.54;3.08;Bueno;10.28;Bueno;Bueno;Bueno
2025-12-22;18:00;11;8.67;9.67;7.44;Bueno;21.48;Bueno;1;1.54;1.54;3.08;Bueno;10.28;Bueno;Bueno;Bueno
2025-12-22;19:00;10;8.92;9.67;7.44;Bueno;21.48;Bueno;1;1.54;1.54;3.08;Bueno;10.28;Bueno;Bueno;Bueno
2025-12-22;20:00;14;9.29;9.67;7.44;Bueno;21.48;Bueno;1;1.54;1.54;3.08;Bueno;10.28;Bueno;Bueno;Bueno
2025-12-22;21:00;12;9.67;9.67;7.44;Bueno;21.48;Bueno;1;1.54;1.54;3.08;Bueno;10.28;Bueno;Bueno;Bueno
2025-12-22;22:00;7;9.79;9.67;7.44;Bueno;21.48;Bueno;1;1.54;1.54;3.08;Bueno;10.28;Bueno;Bueno;Bueno
2025-12-22;23:00;3;9.67;9.67;7.44;Bueno;21.48;Bueno;1;1.54;1.54;3.08;Bueno;10.28;Bueno;Bueno;Bueno
2025-12-23;00:00;2;9.42;9.38;7.21;Bueno;20.83;Bueno;1;1.54;1.71;3.42;Bueno;11.39;Bueno;Bueno;Bueno
2025-12-23;01:00;2;9.29;9.38;7.21;Bueno;20.83;Bueno;1;1.54;1.71;3.42;Bueno;11.39;Bueno;Bueno;Bueno
2025-12-23;02:00;1;9.08;9.38;7.21;Bueno;20.83;Bueno;1;1.50;1.71;3.42;Bueno;11.39;Bueno;Bueno;Bueno
2025-12-23;03:00;1;8.75;9.38;7.21;Bueno;20.83;Bueno;1;1.46;1.71;3.42;Bueno;11.39;Bueno;Bueno;Bueno
2025-12-23;04:00;1;8.58;9.38;7.21;Bueno;20.83;Bueno;1;1.46;1.71;3.42;Bueno;11.39;Bueno;Bueno;Bueno
2025-12-23;05:00;2;8.17;9.38;7.21;Bueno;20.83;Bueno;1;1.42;1.71;3.42;Bueno;11.39;Bueno;Bueno;Bueno
2025-12-23;06:00;9;7.42;9.38;7.21;Bueno;20.83;Bueno;1;1.29;1.71;3.42;Bueno;11.39;Bueno;Bueno;Bueno
2025-12-23;07:00;11;7.12;9.38;7.21;Bueno;20.83;Bueno;1;1.08;1.71;3.42;Bueno;11.39;Bueno;Bueno;Bueno
2025-12-23;08:00;11;7.17;9.38;7.21;Bueno;20.83;Bueno;1;1.00;1.71;3.42;Bueno;11.39;Bueno;Bueno;Bueno
2025-12-23;09:00;7;7.21;9.38;7.21;Bueno;20.83;Bueno;1;1.00;1.71;3.42;Bueno;11.39;Bueno;Bueno;Bueno
2025-12-23;10:00;16;7.54;9.38;7.21;Bueno;20.83;Bueno;2;1.04;1.71;3.42;Bueno;11.39;Bueno;Bueno;Bueno
2025-12-23;11:00;14;7.75;9.38;7.21;Bueno;20.83;Bueno;1;1.04;1.71;3.42;Bueno;11.39;Bueno;Bueno;Bueno
2025-12-23;12:00;10;7.92;9.38;7.21;Bueno;20.83;Bueno;1;1.04;1.71;3.42;Bueno;11.39;Bueno;Bueno;Bueno
2025-12-23;13:00;12;8.08;9.38;7.21;Bueno;20.83;Bueno;1;1.04;1.71;3.42;Bueno;11.39;Bueno;Bueno;Bueno
2025-12-23;14:00;11;8.21;9.38;7.21;Bueno;20.83;Bueno;1;1.04;1.71;3.42;Bueno;11.39;Bueno;Bueno;Bueno
2025-12-23;15:00;7;8.12;9.38;7.21;Bueno;20.83;Bueno;2;1.08;1.71;3.42;Bueno;11.39;Bueno;Bueno;Bueno
2025-12-23;16:00;5;7.92;9.38;7.21;Bueno;20.83;Bueno;2;1.12;1.71;3.42;Bueno;11.39;Bueno;Bueno;Bueno
2025-12-23;17:00;17;8.17;9.38;7.21;Bueno;20.83;Bueno;1;1.12;1.71;3.42;Bueno;11.39;Bueno;Bueno;Bueno
2025-12-23;18:00;11;8.17;9.38;7.21;Bueno;20.83;Bueno;1;1.12;1.71;3.42;Bueno;11.39;Bueno;Bueno;Bueno
2025-12-23;19:00;7;8.04;9.38;7.21;Bueno;20.83;Bueno;1;1.12;1.71;3.42;Bueno;11.39;Bueno;Bueno;Bueno
2025-12-23;20:00;7;7.75;9.38;7.21;Bueno;20.83;Bueno;1;1.12;1.71;3.42;Bueno;11.39;Bueno;Bueno;Bueno
2025-12-23;21:00;6;7.50;9.38;7.21;Bueno;20.83;Bueno;1;1.12;1.71;3.42;Bueno;11.39;Bueno;Bueno;Bueno
2025-12-23;22:00;20;8.04;9.38;7.21;Bueno;20.83;Bueno;5;1.29;1.71;3.42;Bueno;11.39;Bueno;Bueno;Bueno
2025-12-23;23:00;35;9.38;9.38;7.21;Bueno;20.83;Bueno;11;1.71;1.71;3.42;Bueno;11.39;Bueno;Bueno;Bueno
2025-12-24;00:00;17;10.00;18.54;14.26;Bueno;41.20;Bueno;7;1.96;2.54;5.08;Bueno;16.94;Bueno;Bueno;Bueno
2025-12-24;01:00;12;10.42;18.54;14.26;Bueno;41.20;Bueno;1;1.96;2.54;5.08;Bueno;16.94;Bueno;Bueno;Bueno
2025-12-24;02:00;11;10.83;18.54;14.26;Bueno;41.20;Bueno;1;1.96;2.54;5.08;Bueno;16.94;Bueno;Bueno;Bueno
2025-12-24;03:00;6;11.04;18.54;14.26;Bueno;41.20;Bueno;1;1.96;2.54;5.08;Bueno;16.94;Bueno;Bueno;Bueno
2025-12-24;04:00;6;11.25;18.54;14.26;Bueno;41.20;Bueno;1;1.96;2.54;5.08;Bueno;16.94;Bueno;Bueno;Bueno
2025-12-24;05:00;4;11.33;18.54;14.26;Bueno;41.20;Bueno;1;1.96;2.54;5.08;Bueno;16.94;Bueno;Bueno;Bueno
2025-12-24;06:00;17;11.67;18.54;14.26;Bueno;41.20;Bueno;5;2.12;2.54;5.08;Bueno;16.94;Bueno;Bueno;Bueno
2025-12-24;07:00;36;12.71;18.54;14.26;Bueno;41.20;Bueno;10;2.50;2.54;5.08;Bueno;16.94;Bueno;Bueno;Bueno
2025-12-24;08:00;28;13.42;18.54;14.26;Bueno;41.20;Bueno;6;2.71;2.54;5.08;Bueno;16.94;Bueno;Bueno;Bueno
2025-12-24;09:00;20;13.96;18.54;14.26;Bueno;41.20;Bueno;1;2.71;2.54;5.08;Bueno;16.94;Bueno;Bueno;Bueno
2025-12-24;10:00;31;14.58;18.54;14.26;Bueno;41.20;Bueno;3;2.75;2.54;5.08;Bueno;16.94;Bueno;Bueno;Bueno
2025-12-24;11:00;130;19.42;18.54;14.26;Bueno;41.20;Bueno;6;2.96;2.54;5.08;Bueno;16.94;Bueno;Bueno;Bueno
2025-12-24;12:00;13;19.54;18.54;14.26;Bueno;41.20;Bueno;2;3.00;2.54;5.08;Bueno;16.94;Bueno;Bueno;Bueno
2025-12-24;13:00;16;19.71;18.54;14.26;Bueno;41.20;Bueno;1;3.00;2.54;5.08;Bueno;16.94;Bueno;Bueno;Bueno
2025-12-24;14:00;11;19.71;18.54;14.26;Bueno;41.20;Bueno;1;3.00;2.54;5.08;Bueno;16.94;Bueno;Bueno;Bueno
2025-12-24;15:00;6;19.67;18.54;14.26;Bueno;41.20;Bueno;1;2.96;2.54;5.08;Bueno;16.94;Bueno;Bueno;Bueno
2025-12-24;16:00;5;19.67;18.54;14.26;Bueno;41.20;Bueno;1;2.92;2.54;5.08;Bueno;16.94;Bueno;Bueno;Bueno
2025-12-24;17:00;11;19.42;18.54;14.26;Bueno;41.20;Bueno;1;2.92;2.54;5.08;Bueno;16.94;Bueno;Bueno;Bueno
2025-12-24;18:00;9;19.33;18.54;14.26;Bueno;41.20;Bueno;1;2.92;2.54;5.08;Bueno;16.94;Bueno;Bueno;Bueno
2025-12-24;19:00;9;19.42;18.54;14.26;Bueno;41.20;Bueno;1;2.92;2.54;5.08;Bueno;16.94;Bueno;Bueno;Bueno
2025-12-24;20:00;7;19.42;18.54;14.26;Bueno;41.20;Bueno;4;3.04;2.54;5.08;Bueno;16.94;Bueno;Bueno;Bueno
2025-12-24;21:00;13;19.71;18.54;14.26;Bueno;41.20;Bueno;3;3.12;2.54;5.08;Bueno;16.94;Bueno;Bueno;Bueno
2025-12-24;22:00;14;19.46;18.54;14.26;Bueno;41.20;Bueno;1;2.96;2.54;5.08;Bueno;16.94;Bueno;Bueno;Bueno
2025-12-24;23:00;13;18.54;18.54;14.26;Bueno;41.20;Bueno;1;2.54;2.54;5.08;Bueno;16.94;Bueno;Bueno;Bueno
2025-12-25;00:00;17;18.54;9.79;7.53;Bueno;21.76;Bueno;1;2.29;1.42;2.83;Bueno;9.44;Bueno;Bueno;Bueno
2025-12-25;01:00;8;18.38;9.79;7.53;Bueno;21.76;Bueno;1;2.29;1.42;2.83;Bueno;9.44;Bueno;Bueno;Bueno
2025-12-25;02:00;10;18.33;9.79;7.53;Bueno;21.76;Bueno;1;2.29;1.42;2.83;Bueno;9.44;Bueno;Bueno;Bueno
2025-12-25;03:00;6;18.33;9.79;7.53;Bueno;21.76;Bueno;1;2.29;1.42;2.83;Bueno;9.44;Bueno;Bueno;Bueno
2025-12-25;04:00;6;18.33;9.79;7.53;Bueno;21.76;Bueno;1;2.29;1.42;2.83;Bueno;9.44;Bueno;Bueno;Bueno
2025-12-25;05:00;6;18.42;9.79;7.53;Bueno;21.76;Bueno;1;2.29;1.42;2.83;Bueno;9.44;Bueno;Bueno;Bueno
2025-12-25;06:00;9;18.08;9.79;7.53;Bueno;21.76;Bueno;1;2.12;1.42;2.83;Bueno;9.44;Bueno;Bueno;Bueno
2025-12-25;07:00;6;16.83;9.79;7.53;Bueno;21.76;Bueno;1;1.75;1.42;2.83;Bueno;9.44;Bueno;Bueno;Bueno
2025-12-25;08:00;11;16.12;9.79;7.53;Bueno;21.76;Bueno;2;1.58;1.42;2.83;Bueno;9.44;Bueno;Bueno;Bueno
2025-12-25;09:00;9;15.67;9.79;7.53;Bueno;21.76;Bueno;2;1.62;1.42;2.83;Bueno;9.44;Bueno;Bueno;Bueno
2025-12-25;10:00;9;14.75;9.79;7.53;Bueno;21.76;Bueno;1;1.54;1.42;2.83;Bueno;9.44;Bueno;Bueno;Bueno
2025-12-25;11:00;7;9.62;9.79;7.53;Bueno;21.76;Bueno;2;1.38;1.42;2.83;Bueno;9.44;Bueno;Bueno;Bueno
2025-12-25;12:00;7;9.38;9.79;7.53;Bueno;21.76;Bueno;2;1.38;1.42;2.83;Bueno;9.44;Bueno;Bueno;Bueno
2025-12-25;13:00;6;8.96;9.79;7.53;Bueno;21.76;Bueno;1;1.38;1.42;2.83;Bueno;9.44;Bueno;Bueno;Bueno
2025-12-25;14:00;4;8.67;9.79;7.53;Bueno;21.76;Bueno;1;1.38;1.42;2.83;Bueno;9.44;Bueno;Bueno;Bueno
2025-12-25;15:00;6;8.67;9.79;7.53;Bueno;21.76;Bueno;1;1.38;1.42;2.83;Bueno;9.44;Bueno;Bueno;Bueno
2025-12-25;16:00;6;8.71;9.79;7.53;Bueno;21.76;Bueno;1;1.38;1.42;2.83;Bueno;9.44;Bueno;Bueno;Bueno
2025-12-25;17:00;13;8.79;9.79;7.53;Bueno;21.76;Bueno;1;1.38;1.42;2.83;Bueno;9.44;Bueno;Bueno;Bueno
2025-12-25;18:00;12;8.92;9.79;7.53;Bueno;21.76;Bueno;1;1.38;1.42;2.83;Bueno;9.44;Bueno;Bueno;Bueno
2025-12-25;19:00;12;9.04;9.79;7.53;Bueno;21.76;Bueno;1;1.38;1.42;2.83;Bueno;9.44;Bueno;Bueno;Bueno
2025-12-25;20:00;9;9.12;9.79;7.53;Bueno;21.76;Bueno;1;1.25;1.42;2.83;Bueno;9.44;Bueno;Bueno;Bueno
2025-12-25;21:00;18;9.33;9.79;7.53;Bueno;21.76;Bueno;1;1.17;1.42;2.83;Bueno;9.44;Bueno;Bueno;Bueno
2025-12-25;22:00;20;9.58;9.79;7.53;Bueno;21.76;Bueno;4;1.29;1.42;2.83;Bueno;9.44;Bueno;Bueno;Bueno
2025-12-25;23:00;18;9.79;9.79;7.53;Bueno;21.76;Bueno;4;1.42;1.42;2.83;Bueno;9.44;Bueno;Bueno;Bueno
2025-12-26;00:00;9;9.46;9.25;7.12;Bueno;20.56;Bueno;1;1.42;1.29;2.58;Bueno;8.61;Bueno;Bueno;Bueno
2025-12-26;01:00;11;9.58;9.25;7.12;Bueno;20.56;Bueno;1;1.42;1.29;2.58;Bueno;8.61;Bueno;Bueno;Bueno
2025-12-26;02:00;6;9.42;9.25;7.12;Bueno;20.56;Bueno;1;1.42;1.29;2.58;Bueno;8.61;Bueno;Bueno;Bueno
2025-12-26;03:00;2;9.25;9.25;7.12;Bueno;20.56;Bueno;1;1.42;1.29;2.58;Bueno;8.61;Bueno;Bueno;Bueno
2025-12-26;04:00;1;9.04;9.25;7.12;Bueno;20.56;Bueno;1;1.42;1.29;2.58;Bueno;8.61;Bueno;Bueno;Bueno
2025-12-26;05:00;1;8.83;9.25;7.12;Bueno;20.56;Bueno;1;1.42;1.29;2.58;Bueno;8.61;Bueno;Bueno;Bueno
2025-12-26;06:00;4;8.62;9.25;7.12;Bueno;20.56;Bueno;1;1.42;1.29;2.58;Bueno;8.61;Bueno;Bueno;Bueno
2025-12-26;07:00;7;8.67;9.25;7.12;Bueno;20.56;Bueno;1;1.42;1.29;2.58;Bueno;8.61;Bueno;Bueno;Bueno
2025-12-26;08:00;6;8.46;9.25;7.12;Bueno;20.56;Bueno;1;1.38;1.29;2.58;Bueno;8.61;Bueno;Bueno;Bueno
2025-12-26;09:00;6;8.33;9.25;7.12;Bueno;20.56;Bueno;1;1.33;1.29;2.58;Bueno;8.61;Bueno;Bueno;Bueno
2025-12-26;10:00;12;8.46;9.25;7.12;Bueno;20.56;Bueno;1;1.33;1.29;2.58;Bueno;8.61;Bueno;Bueno;Bueno
2025-12-26;11:00;16;8.83;9.25;7.12;Bueno;20.56;Bueno;4;1.42;1.29;2.58;Bueno;8.61;Bueno;Bueno;Bueno
2025-12-26;12:00;9;8.92;9.25;7.12;Bueno;20.56;Bueno;3;1.46;1.29;2.58;Bueno;8.61;Bueno;Bueno;Bueno
2025-12-26;13:00;9;9.04;9.25;7.12;Bueno;20.56;Bueno;1;1.46;1.29;2.58;Bueno;8.61;Bueno;Bueno;Bueno
2025-12-26;14:00;9;9.25;9.25;7.12;Bueno;20.56;Bueno;1;1.46;1.29;2.58;Bueno;8.61;Bueno;Bueno;Bueno
2025-12-26;15:00;13;9.54;9.25;7.12;Bueno;20.56;Bueno;1;1.46;1.29;2.58;Bueno;8.61;Bueno;Bueno;Bueno
2025-12-26;16:00;8;9.62;9.25;7.12;Bueno;20.56;Bueno;1;1.46;1.29;2.58;Bueno;8.61;Bueno;Bueno;Bueno
2025-12-26;17:00;13;9.62;9.25;7.12;Bueno;20.56;Bueno;2;1.50;1.29;2.58;Bueno;8.61;Bueno;Bueno;Bueno
2025-12-26;18:00;10;9.54;9.25;7.12;Bueno;20.56;Bueno;1;1.50;1.29;2.58;Bueno;8.61;Bueno;Bueno;Bueno
2025-12-26;19:00;8;9.38;9.25;7.12;Bueno;20.56;Bueno;1;1.50;1.29;2.58;Bueno;8.61;Bueno;Bueno;Bueno
2025-12-26;20:00;15;9.62;9.25;7.12;Bueno;20.56;Bueno;2;1.54;1.29;2.58;Bueno;8.61;Bueno;Bueno;Bueno
2025-12-26;21:00;13;9.42;9.25;7.12;Bueno;20.56;Bueno;1;1.54;1.29;2.58;Bueno;8.61;Bueno;Bueno;Bueno
2025-12-26;22:00;13;9.12;9.25;7.12;Bueno;20.56;Bueno;1;1.42;1.29;2.58;Bueno;8.61;Bueno;Bueno;Bueno
2025-12-26;23:00;21;9.25;9.25;7.12;Bueno;20.56;Bueno;1;1.29;1.29;2.58;Bueno;8.61;Bueno;Bueno;Bueno
2025-12-27;00:00;23;9.83;11.62;8.94;Bueno;25.83;Bueno;6;1.50;1.88;3.75;Bueno;12.50;Bueno;Bueno;Bueno
2025-12-27;01:00;12;9.88;11.62;8.94;Bueno;25.83;Bueno;4;1.62;1.88;3.75;Bueno;12.50;Bueno;Bueno;Bueno
2025-12-27;02:00;10;10.04;11.62;8.94;Bueno;25.83;Bueno;2;1.67;1.88;3.75;Bueno;12.50;Bueno;Bueno;Bueno
2025-12-27;03:00;19;10.75;11.62;8.94;Bueno;25.83;Bueno;9;2.00;1.88;3.75;Bueno;12.50;Bueno;Bueno;Bueno
2025-12-27;04:00;10;11.12;11.62;8.94;Bueno;25.83;Bueno;4;2.12;1.88;3.75;Bueno;12.50;Bueno;Bueno;Bueno
2025-12-27;05:00;6;11.33;11.62;8.94;Bueno;25.83;Bueno;1;2.12;1.88;3.75;Bueno;12.50;Bueno;Bueno;Bueno
2025-12-27;06:00;7;11.46;11.62;8.94;Bueno;25.83;Bueno;1;2.12;1.88;3.75;Bueno;12.50;Bueno;Bueno;Bueno
2025-12-27;07:00;10;11.58;11.62;8.94;Bueno;25.83;Bueno;2;2.17;1.88;3.75;Bueno;12.50;Bueno;Bueno;Bueno
2025-12-27;08:00;6;11.58;11.62;8.94;Bueno;25.83;Bueno;1;2.17;1.88;3.75;Bueno;12.50;Bueno;Bueno;Bueno
2025-12-27;09:00;9;11.71;11.62;8.94;Bueno;25.83;Bueno;1;2.17;1.88;3.75;Bueno;12.50;Bueno;Bueno;Bueno
2025-12-27;10:00;10;11.62;11.62;8.94;Bueno;25.83;Bueno;1;2.17;1.88;3.75;Bueno;12.50;Bueno;Bueno;Bueno
2025-12-27;11:00;8;11.29;11.62;8.94;Bueno;25.83;Bueno;1;2.04;1.88;3.75;Bueno;12.50;Bueno;Bueno;Bueno
2025-12-27;12:00;6;11.17;11.62;8.94;Bueno;25.83;Bueno;1;1.96;1.88;3.75;Bueno;12.50;Bueno;Bueno;Bueno
2025-12-27;13:00;4;10.96;11.62;8.94;Bueno;25.83;Bueno;1;1.96;1.88;3.75;Bueno;12.50;Bueno;Bueno;Bueno
2025-12-27;14:00;2;10.67;11.62;8.94;Bueno;25.83;Bueno;1;1.96;1.88;3.75;Bueno;12.50;Bueno;Bueno;Bueno
2025-12-27;15:00;3;10.25;11.62;8.94;Bueno;25.83;Bueno;1;1.96;1.88;3.75;Bueno;12.50;Bueno;Bueno;Bueno
2025-12-27;16:00;9;10.29;11.62;8.94;Bueno;25.83;Bueno;1;1.96;1.88;3.75;Bueno;12.50;Bueno;Bueno;Bueno
2025-12-27;17:00;18;10.50;11.62;8.94;Bueno;25.83;Bueno;1;1.92;1.88;3.75;Bueno;12.50;Bueno;Bueno;Bueno
2025-12-27;18:00;15;10.71;11.62;8.94;Bueno;25.83;Bueno;1;1.92;1.88;3.75;Bueno;12.50;Bueno;Bueno;Bueno
2025-12-27;19:00;20;11.21;11.62;8.94;Bueno;25.83;Bueno;1;1.92;1.88;3.75;Bueno;12.50;Bueno;Bueno;Bueno
2025-12-27;20:00;6;10.83;11.62;8.94;Bueno;25.83;Bueno;1;1.88;1.88;3.75;Bueno;12.50;Bueno;Bueno;Bueno
2025-12-27;21:00;15;10.92;11.62;8.94;Bueno;25.83;Bueno;1;1.88;1.88;3.75;Bueno;12.50;Bueno;Bueno;Bueno
2025-12-27;22:00;27;11.50;11.62;8.94;Bueno;25.83;Bueno;1;1.88;1.88;3.75;Bueno;12.50;Bueno;Bueno;Bueno
2025-12-27;23:00;24;11.62;11.62;8.94;Bueno;25.83;Bueno;1;1.88;1.88;3.75;Bueno;12.50;Bueno;Bueno;Bueno
2025-12-28;00:00;16;11.33;11.96;9.20;Bueno;26.57;Bueno;1;1.67;1.92;3.83;Bueno;12.78;Bueno;Bueno;Bueno
2025-12-28;01:00;14;11.42;11.96;9.20;Bueno;26.57;Bueno;2;1.58;1.92;3.83;Bueno;12.78;Bueno;Bueno;Bueno
2025-12-28;02:00;12;11.50;11.96;9.20;Bueno;26.57;Bueno;1;1.54;1.92;3.83;Bueno;12.78;Bueno;Bueno;Bueno
2025-12-28;03:00;6;10.96;11.96;9.20;Bueno;26.57;Bueno;1;1.21;1.92;3.83;Bueno;12.78;Bueno;Bueno;Bueno
2025-12-28;04:00;5;10.75;11.96;9.20;Bueno;26.57;Bueno;1;1.08;1.92;3.83;Bueno;12.78;Bueno;Bueno;Bueno
2025-12-28;05:00;7;10.79;11.96;9.20;Bueno;26.57;Bueno;1;1.08;1.92;3.83;Bueno;12.78;Bueno;Bueno;Bueno
2025-12-28;06:00;7;10.79;11.96;9.20;Bueno;26.57;Bueno;1;1.08;1.92;3.83;Bueno;12.78;Bueno;Bueno;Bueno
2025-12-28;07:00;5;10.58;11.96;9.20;Bueno;26.57;Bueno;1;1.04;1.92;3.83;Bueno;12.78;Bueno;Bueno;Bueno
2025-12-28;08:00;8;10.67;11.96;9.20;Bueno;26.57;Bueno;1;1.04;1.92;3.83;Bueno;12.78;Bueno;Bueno;Bueno
2025-12-28;09:00;7;10.58;11.96;9.20;Bueno;26.57;Bueno;1;1.04;1.92;3.83;Bueno;12.78;Bueno;Bueno;Bueno
2025-12-28;10:00;5;10.38;11.96;9.20;Bueno;26.57;Bueno;1;1.04;1.92;3.83;Bueno;12.78;Bueno;Bueno;Bueno
2025-12-28;11:00;7;10.33;11.96;9.20;Bueno;26.57;Bueno;1;1.04;1.92;3.83;Bueno;12.78;Bueno;Bueno;Bueno
2025-12-28;12:00;7;10.38;11.96;9.20;Bueno;26.57;Bueno;1;1.04;1.92;3.83;Bueno;12.78;Bueno;Bueno;Bueno
2025-12-28;13:00;4;10.38;11.96;9.20;Bueno;26.57;Bueno;1;1.04;1.92;3.83;Bueno;12.78;Bueno;Bueno;Bueno
2025-12-28;14:00;10;10.71;11.96;9.20;Bueno;26.57;Bueno;1;1.04;1.92;3.83;Bueno;12.78;Bueno;Bueno;Bueno
2025-12-28;15:00;27;11.71;11.96;9.20;Bueno;26.57;Bueno;1;1.04;1.92;3.83;Bueno;12.78;Bueno;Bueno;Bueno
2025-12-28;16:00;21;12.21;11.96;9.20;Bueno;26.57;Bueno;6;1.25;1.92;3.83;Bueno;12.78;Bueno;Bueno;Bueno
2025-12-28;17:00;32;12.79;11.96;9.20;Bueno;26.57;Bueno;17;1.92;1.92;3.83;Bueno;12.78;Bueno;Bueno;Bueno
2025-12-28;18:00;17;12.88;11.96;9.20;Bueno;26.57;Bueno;1;1.92;1.92;3.83;Bueno;12.78;Bueno;Bueno;Bueno
2025-12-28;19:00;13;12.58;11.96;9.20;Bueno;26.57;Bueno;1;1.92;1.92;3.83;Bueno;12.78;Bueno;Bueno;Bueno
2025-12-28;20:00;16;13.00;11.96;9.20;Bueno;26.57;Bueno;1;1.92;1.92;3.83;Bueno;12.78;Bueno;Bueno;Bueno
2025-12-28;21:00;16;13.04;11.96;9.20;Bueno;26.57;Bueno;1;1.92;1.92;3.83;Bueno;12.78;Bueno;Bueno;Bueno
2025-12-28;22:00;12;12.42;11.96;9.20;Bueno;26.57;Bueno;1;1.92;1.92;3.83;Bueno;12.78;Bueno;Bueno;Bueno
2025-12-28;23:00;13;11.96;11.96;9.20;Bueno;26.57;Bueno;1;1.92;1.92;3.83;Bueno;12.78;Bueno;Bueno;Bueno
2025-12-29;00:00;8;11.62;11.04;8.49;Bueno;24.54;Bueno;1;1.92;1.00;2.00;Bueno;6.67;Bueno;Bueno;Bueno
2025-12-29;01:00;8;11.38;11.04;8.49;Bueno;24.54;Bueno;1;1.88;1.00;2.00;Bueno;6.67;Bueno;Bueno;Bueno
2025-12-29;02:00;6;11.12;11.04;8.49;Bueno;24.54;Bueno;1;1.88;1.00;2.00;Bueno;6.67;Bueno;Bueno;Bueno
2025-12-29;03:00;4;11.04;11.04;8.49;Bueno;24.54;Bueno;1;1.88;1.00;2.00;Bueno;6.67;Bueno;Bueno;Bueno
2025-12-29;04:00;2;10.92;11.04;8.49;Bueno;24.54;Bueno;1;1.88;1.00;2.00;Bueno;6.67;Bueno;Bueno;Bueno
2025-12-29;05:00;1;10.67;11.04;8.49;Bueno;24.54;Bueno;1;1.88;1.00;2.00;Bueno;6.67;Bueno;Bueno;Bueno
2025-12-29;06:00;1;10.42;11.04;8.49;Bueno;24.54;Bueno;1;1.88;1.00;2.00;Bueno;6.67;Bueno;Bueno;Bueno
2025-12-29;07:00;7;10.50;11.04;8.49;Bueno;24.54;Bueno;1;1.88;1.00;2.00;Bueno;6.67;Bueno;Bueno;Bueno
2025-12-29;08:00;8;10.50;11.04;8.49;Bueno;24.54;Bueno;1;1.88;1.00;2.00;Bueno;6.67;Bueno;Bueno;Bueno
2025-12-29;09:00;15;10.83;11.04;8.49;Bueno;24.54;Bueno;1;1.88;1.00;2.00;Bueno;6.67;Bueno;Bueno;Bueno
2025-12-29;10:00;20;11.46;11.04;8.49;Bueno;24.54;Bueno;1;1.88;1.00;2.00;Bueno;6.67;Bueno;Bueno;Bueno
2025-12-29;11:00;12;11.67;11.04;8.49;Bueno;24.54;Bueno;1;1.88;1.00;2.00;Bueno;6.67;Bueno;Bueno;Bueno
2025-12-29;12:00;16;12.04;11.04;8.49;Bueno;24.54;Bueno;1;1.88;1.00;2.00;Bueno;6.67;Bueno;Bueno;Bueno
2025-12-29;13:00;19;12.67;11.04;8.49;Bueno;24.54;Bueno;1;1.88;1.00;2.00;Bueno;6.67;Bueno;Bueno;Bueno
2025-12-29;14:00;17;12.96;11.04;8.49;Bueno;24.54;Bueno;1;1.88;1.00;2.00;Bueno;6.67;Bueno;Bueno;Bueno
2025-12-29;15:00;17;12.54;11.04;8.49;Bueno;24.54;Bueno;1;1.88;1.00;2.00;Bueno;6.67;Bueno;Bueno;Bueno
2025-12-29;16:00;14;12.25;11.04;8.49;Bueno;24.54;Bueno;1;1.67;1.00;2.00;Bueno;6.67;Bueno;Bueno;Bueno
2025-12-29;17:00;14;11.50;11.04;8.49;Bueno;24.54;Bueno;1;1.00;1.00;2.00;Bueno;6.67;Bueno;Bueno;Bueno
2025-12-29;18:00;15;11.42;11.04;8.49;Bueno;24.54;Bueno;1;1.00;1.00;2.00;Bueno;6.67;Bueno;Bueno;Bueno
2025-12-29;19:00;17;11.58;11.04;8.49;Bueno;24.54;Bueno;1;1.00;1.00;2.00;Bueno;6.67;Bueno;Bueno;Bueno
2025-12-29;20:00;11;11.38;11.04;8.49;Bueno;24.54;Bueno;1;1.00;1.00;2.00;Bueno;6.67;Bueno;Bueno;Bueno
2025-12-29;21:00;15;11.33;11.04;8.49;Bueno;24.54;Bueno;1;1.00;1.00;2.00;Bueno;6.67;Bueno;Bueno;Bueno
2025-12-29;22:00;11;11.29;11.04;8.49;Bueno;24.54;Bueno;1;1.00;1.00;2.00;Bueno;6.67;Bueno;Bueno;Bueno
2025-12-29;23:00;7;11.04;11.04;8.49;Bueno;24.54;Bueno;1;1.00;1.00;2.00;Bueno;6.67;Bueno;Bueno;Bueno
2025-12-30;00:00;5;10.92;12.67;9.74;Bueno;28.15;Bueno;1;1.00;1.12;2.25;Bueno;7.50;Bueno;Bueno;Bueno
2025-12-30;01:00;4;10.75;12.67;9.74;Bueno;28.15;Bueno;1;1.00;1.12;2.25;Bueno;7.50;Bueno;Bueno;Bueno
2025-12-30;02:00;1;10.54;12.67;9.74;Bueno;28.15;Bueno;1;1.00;1.12;2.25;Bueno;7.50;Bueno;Bueno;Bueno
2025-12-30;03:00;1;10.42;12.67;9.74;Bueno;28.15;Bueno;1;1.00;1.12;2.25;Bueno;7.50;Bueno;Bueno;Bueno
2025-12-30;04:00;4;10.50;12.67;9.74;Bueno;28.15;Bueno;1;1.00;1.12;2.25;Bueno;7.50;Bueno;Bueno;Bueno
2025-12-30;05:00;5;10.67;12.67;9.74;Bueno;28.15;Bueno;1;1.00;1.12;2.25;Bueno;7.50;Bueno;Bueno;Bueno
2025-12-30;06:00;7;10.92;12.67;9.74;Bueno;28.15;Bueno;1;1.00;1.12;2.25;Bueno;7.50;Bueno;Bueno;Bueno
2025-12-30;07:00;6;10.88;12.67;9.74;Bueno;28.15;Bueno;2;1.04;1.12;2.25;Bueno;7.50;Bueno;Bueno;Bueno
2025-12-30;08:00;20;11.38;12.67;9.74;Bueno;28.15;Bueno;3;1.12;1.12;2.25;Bueno;7.50;Bueno;Bueno;Bueno
2025-12-30;09:00;14;11.33;12.67;9.74;Bueno;28.15;Bueno;1;1.12;1.12;2.25;Bueno;7.50;Bueno;Bueno;Bueno
2025-12-30;10:00;19;11.29;12.67;9.74;Bueno;28.15;Bueno;1;1.12;1.12;2.25;Bueno;7.50;Bueno;Bueno;Bueno
2025-12-30;11:00;19;11.58;12.67;9.74;Bueno;28.15;Bueno;1;1.12;1.12;2.25;Bueno;7.50;Bueno;Bueno;Bueno
2025-12-30;12:00;21;11.79;12.67;9.74;Bueno;28.15;Bueno;1;1.12;1.12;2.25;Bueno;7.50;Bueno;Bueno;Bueno
2025-12-30;13:00;21;11.88;12.67;9.74;Bueno;28.15;Bueno;1;1.12;1.12;2.25;Bueno;7.50;Bueno;Bueno;Bueno
2025-12-30;14:00;16;11.83;12.67;9.74;Bueno;28.15;Bueno;1;1.12;1.12;2.25;Bueno;7.50;Bueno;Bueno;Bueno
2025-12-30;15:00;18;11.88;12.67;9.74;Bueno;28.15;Bueno;1;1.12;1.12;2.25;Bueno;7.50;Bueno;Bueno;Bueno
2025-12-30;16:00;16;11.96;12.67;9.74;Bueno;28.15;Bueno;1;1.12;1.12;2.25;Bueno;7.50;Bueno;Bueno;Bueno
2025-12-30;17:00;17;12.08;12.67;9.74;Bueno;28.15;Bueno;1;1.12;1.12;2.25;Bueno;7.50;Bueno;Bueno;Bueno
2025-12-30;18:00;19;12.25;12.67;9.74;Bueno;28.15;Bueno;1;1.12;1.12;2.25;Bueno;7.50;Bueno;Bueno;Bueno
2025-12-30;19:00;14;12.12;12.67;9.74;Bueno;28.15;Bueno;1;1.12;1.12;2.25;Bueno;7.50;Bueno;Bueno;Bueno
2025-12-30;20:00;17;12.38;12.67;9.74;Bueno;28.15;Bueno;1;1.12;1.12;2.25;Bueno;7.50;Bueno;Bueno;Bueno
2025-12-30;21:00;19;12.54;12.67;9.74;Bueno;28.15;Bueno;1;1.12;1.12;2.25;Bueno;7.50;Bueno;Bueno;Bueno
2025-12-30;22:00;11;12.54;12.67;9.74;Bueno;28.15;Bueno;1;1.12;1.12;2.25;Bueno;7.50;Bueno;Bueno;Bueno
2025-12-30;23:00;10;12.67;12.67;9.74;Bueno;28.15;Bueno;1;1.12;1.12;2.25;Bueno;7.50;Bueno;Bueno;Bueno
2025-12-31;00:00;5;12.67;16.00;12.31;Bueno;35.56;Bueno;1;1.12;1.79;3.58;Bueno;11.94;Bueno;Bueno;Bueno
2025-12-31;01:00;1;12.54;16.00;12.31;Bueno;35.56;Bueno;1;1.12;1.79;3.58;Bueno;11.94;Bueno;Bueno;Bueno
2025-12-31;02:00;1;12.54;16.00;12.31;Bueno;35.56;Bueno;1;1.12;1.79;3.58;Bueno;11.94;Bueno;Bueno;Bueno
2025-12-31;03:00;2;12.58;16.00;12.31;Bueno;35.56;Bueno;1;1.12;1.79;3.58;Bueno;11.94;Bueno;Bueno;Bueno
2025-12-31;04:00;5;12.62;16.00;12.31;Bueno;35.56;Bueno;1;1.12;1.79;3.58;Bueno;11.94;Bueno;Bueno;Bueno
2025-12-31;05:00;4;12.58;16.00;12.31;Bueno;35.56;Bueno;1;1.12;1.79;3.58;Bueno;11.94;Bueno;Bueno;Bueno
2025-12-31;06:00;3;12.42;16.00;12.31;Bueno;35.56;Bueno;1;1.12;1.79;3.58;Bueno;11.94;Bueno;Bueno;Bueno
2025-12-31;07:00;4;12.33;16.00;12.31;Bueno;35.56;Bueno;1;1.08;1.79;3.58;Bueno;11.94;Bueno;Bueno;Bueno
2025-12-31;08:00;13;12.04;16.00;12.31;Bueno;35.56;Bueno;1;1.00;1.79;3.58;Bueno;11.94;Bueno;Bueno;Bueno
2025-12-31;09:00;16;12.12;16.00;12.31;Bueno;35.56;Bueno;1;1.00;1.79;3.58;Bueno;11.94;Bueno;Bueno;Bueno
2025-12-31;10:00;55;13.62;16.00;12.31;Bueno;35.56;Bueno;1;1.00;1.79;3.58;Bueno;11.94;Bueno;Bueno;Bueno
2025-12-31;11:00;19;13.62;16.00;12.31;Bueno;35.56;Bueno;1;1.00;1.79;3.58;Bueno;11.94;Bueno;Bueno;Bueno
2025-12-31;12:00;14;13.33;16.00;12.31;Bueno;35.56;Bueno;1;1.00;1.79;3.58;Bueno;11.94;Bueno;Bueno;Bueno
2025-12-31;13:00;20;13.29;16.00;12.31;Bueno;35.56;Bueno;1;1.00;1.79;3.58;Bueno;11.94;Bueno;Bueno;Bueno
2025-12-31;14:00;19;13.42;16.00;12.31;Bueno;35.56;Bueno;1;1.00;1.79;3.58;Bueno;11.94;Bueno;Bueno;Bueno
2025-12-31;15:00;20;13.50;16.00;12.31;Bueno;35.56;Bueno;1;1.00;1.79;3.58;Bueno;11.94;Bueno;Bueno;Bueno
2025-12-31;16:00;21;13.71;16.00;12.31;Bueno;35.56;Bueno;1;1.00;1.79;3.58;Bueno;11.94;Bueno;Bueno;Bueno
2025-12-31;17:00;29;14.21;16.00;12.31;Bueno;35.56;Bueno;1;1.00;1.79;3.58;Bueno;11.94;Bueno;Bueno;Bueno
2025-12-31;18:00;23;14.38;16.00;12.31;Bueno;35.56;Bueno;4;1.12;1.79;3.58;Bueno;11.94;Bueno;Bueno;Bueno
2025-12-31;19:00;24;14.79;16.00;12.31;Bueno;35.56;Bueno;5;1.29;1.79;3.58;Bueno;11.94;Bueno;Bueno;Bueno
2025-12-31;20:00;24;15.08;16.00;12.31;Bueno;35.56;Bueno;4;1.42;1.79;3.58;Bueno;11.94;Bueno;Bueno;Bueno
2025-12-31;21:00;20;15.12;16.00;12.31;Bueno;35.56;Bueno;5;1.58;1.79;3.58;Bueno;11.94;Bueno;Bueno;Bueno
2025-12-31;22:00;21;15.54;16.00;12.31;Bueno;35.56;Bueno;5;1.75;1.79;3.58;Bueno;11.94;Bueno;Bueno;Bueno
2025-12-31;23:00;21;16.00;16.00;12.31;Bueno;35.56;Bueno;2;1.79;1.79;3.58;Bueno;11.94;Bueno;Bueno;Bueno
2026-01-01;00:00;23;16.75;17.29;13.30;Bueno;38.43;Bueno;2;1.83;2.04;4.08;Bueno;13.61;Bueno;Bueno;Bueno
2026-01-01;01:00;14;17.29;17.29;13.30;Bueno;38.43;Bueno;1;1.83;2.04;4.08;Bueno;13.61;Bueno;Bueno;Bueno
2026-01-01;02:00;19;18.04;17.29;13.30;Bueno;38.43;Bueno;1;1.83;2.04;4.08;Bueno;13.61;Bueno;Bueno;Bueno
2026-01-01;03:00;12;18.46;17.29;13.30;Bueno;38.43;Bueno;1;1.83;2.04;4.08;Bueno;13.61;Bueno;Bueno;Bueno
2026-01-01;04:00;13;18.79;17.29;13.30;Bueno;38.43;Bueno;1;1.83;2.04;4.08;Bueno;13.61;Bueno;Bueno;Bueno
2026-01-01;05:00;10;19.04;17.29;13.30;Bueno;38.43;Bueno;1;1.83;2.04;4.08;Bueno;13.61;Bueno;Bueno;Bueno
2026-01-01;06:00;9;19.29;17.29;13.30;Bueno;38.43;Bueno;1;1.83;2.04;4.08;Bueno;13.61;Bueno;Bueno;Bueno
2026-01-01;07:00;6;19.38;17.29;13.30;Bueno;38.43;Bueno;1;1.83;2.04;4.08;Bueno;13.61;Bueno;Bueno;Bueno
2026-01-01;08:00;5;19.04;17.29;13.30;Bueno;38.43;Bueno;1;1.83;2.04;4.08;Bueno;13.61;Bueno;Bueno;Bueno
2026-01-01;09:00;11;18.83;17.29;13.30;Bueno;38.43;Bueno;4;1.96;2.04;4.08;Bueno;13.61;Bueno;Bueno;Bueno
2026-01-01;10:00;11;17.00;17.29;13.30;Bueno;38.43;Bueno;2;2.00;2.04;4.08;Bueno;13.61;Bueno;Bueno;Bueno
2026-01-01;11:00;10;16.62;17.29;13.30;Bueno;38.43;Bueno;1;2.00;2.04;4.08;Bueno;13.61;Bueno;Bueno;Bueno
2026-01-01;12:00;12;16.54;17.29;13.30;Bueno;38.43;Bueno;1;2.00;2.04;4.08;Bueno;13.61;Bueno;Bueno;Bueno
2026-01-01;13:00;14;16.29;17.29;13.30;Bueno;38.43;Bueno;1;2.00;2.04;4.08;Bueno;13.61;Bueno;Bueno;Bueno
2026-01-01;14:00;14;16.08;17.29;13.30;Bueno;38.43;Bueno;1;2.00;2.04;4.08;Bueno;13.61;Bueno;Bueno;Bueno
2026-01-01;15:00;12;15.75;17.29;13.30;Bueno;38.43;Bueno;1;2.00;2.04;4.08;Bueno;13.61;Bueno;Bueno;Bueno
2026-01-01;16:00;21;15.75;17.29;13.30;Bueno;38.43;Bueno;1;2.00;2.04;4.08;Bueno;13.61;Bueno;Bueno;Bueno
2026-01-01;17:00;20;15.38;17.29;13.30;Bueno;38.43;Bueno;2;2.04;2.04;4.08;Bueno;13.61;Bueno;Bueno;Bueno
2026-01-01;18:00;21;15.29;17.29;13.30;Bueno;38.43;Bueno;4;2.04;2.04;4.08;Bueno;13.61;Bueno;Bueno;Bueno
2026-01-01;19:00;35;15.75;17.29;13.30;Bueno;38.43;Bueno;5;2.04;2.04;4.08;Bueno;13.61;Bueno;Bueno;Bueno
2026-01-01;20:00;18;15.50;17.29;13.30;Bueno;38.43;Bueno;4;2.04;2.04;4.08;Bueno;13.61;Bueno;Bueno;Bueno
2026-01-01;21:00;41;16.38;17.29;13.30;Bueno;38.43;Bueno;3;1.96;2.04;4.08;Bueno;13.61;Bueno;Bueno;Bueno
2026-01-01;22:00;30;16.75;17.29;13.30;Bueno;38.43;Bueno;5;1.96;2.04;4.08;Bueno;13.61;Bueno;Bueno;Bueno
2026-01-01;23:00;34;17.29;17.29;13.30;Bueno;38.43;Bueno;4;2.04;2.04;4.08;Bueno;13.61;Bueno;Bueno;Bueno
2026-01-02;00:00;22;17.25;22.58;17.37;Bueno;50.19;Bueno;3;2.08;2.42;4.83;Bueno;16.11;Bueno;Bueno;Bueno
2026-01-02;01:00;9;17.04;22.58;17.37;Bueno;50.19;Bueno;3;2.17;2.42;4.83;Bueno;16.11;Bueno;Bueno;Bueno
2026-01-02;02:00;6;16.50;22.58;17.37;Bueno;50.19;Bueno;1;2.17;2.42;4.83;Bueno;16.11;Bueno;Bueno;Bueno
2026-01-02;03:00;5;16.21;22.58;17.37;Bueno;50.19;Bueno;1;2.17;2.42;4.83;Bueno;16.11;Bueno;Bueno;Bueno
2026-01-02;04:00;18;16.42;22.58;17.37;Bueno;50.19;Bueno;1;2.17;2.42;4.83;Bueno;16.11;Bueno;Bueno;Bueno
2026-01-02;05:00;17;16.71;22.58;17.37;Bueno;50.19;Bueno;1;2.17;2.42;4.83;Bueno;16.11;Bueno;Bueno;Bueno
2026-01-02;06:00;16;17.00;22.58;17.37;Bueno;50.19;Bueno;1;2.17;2.42;4.83;Bueno;16.11;Bueno;Bueno;Bueno
2026-01-02;07:00;20;17.58;22.58;17.37;Bueno;50.19;Bueno;1;2.17;2.42;4.83;Bueno;16.11;Bueno;Bueno;Bueno
2026-01-02;08:00;20;18.21;22.58;17.37;Bueno;50.19;Bueno;3;2.25;2.42;4.83;Bueno;16.11;Bueno;Bueno;Bueno
2026-01-02;09:00;21;18.62;22.58;17.37;Bueno;50.19;Bueno;4;2.25;2.42;4.83;Bueno;16.11;Bueno;Bueno;Bueno
2026-01-02;10:00;21;19.04;22.58;17.37;Bueno;50.19;Bueno;5;2.38;2.42;4.83;Bueno;16.11;Bueno;Bueno;Bueno
2026-01-02;11:00;21;19.50;22.58;17.37;Bueno;50.19;Bueno;3;2.46;2.42;4.83;Bueno;16.11;Bueno;Bueno;Bueno
2026-01-02;12:00;26;20.08;22.58;17.37;Bueno;50.19;Bueno;1;2.46;2.42;4.83;Bueno;16.11;Bueno;Bueno;Bueno
2026-01-02;13:00;22;20.42;22.58;17.37;Bueno;50.19;Bueno;2;2.50;2.42;4.83;Bueno;16.11;Bueno;Bueno;Bueno
2026-01-02;14:00;18;20.58;22.58;17.37;Bueno;50.19;Bueno;2;2.54;2.42;4.83;Bueno;16.11;Bueno;Bueno;Bueno
2026-01-02;15:00;19;20.88;22.58;17.37;Bueno;50.19;Bueno;1;2.54;2.42;4.83;Bueno;16.11;Bueno;Bueno;Bueno
2026-01-02;16:00;28;21.17;22.58;17.37;Bueno;50.19;Bueno;1;2.54;2.42;4.83;Bueno;16.11;Bueno;Bueno;Bueno
2026-01-02;17:00;28;21.50;22.58;17.37;Bueno;50.19;Bueno;2;2.54;2.42;4.83;Bueno;16.11;Bueno;Bueno;Bueno
2026-01-02;18:00;34;22.04;22.58;17.37;Bueno;50.19;Bueno;3;2.50;2.42;4.83;Bueno;16.11;Bueno;Bueno;Bueno
2026-01-02;19:00;34;22.00;22.58;17.37;Bueno;50.19;Bueno;4;2.46;2.42;4.83;Bueno;16.11;Bueno;Bueno;Bueno
2026-01-02;20:00;33;22.62;22.58;17.37;Bueno;50.19;Bueno;3;2.42;2.42;4.83;Bueno;16.11;Bueno;Bueno;Bueno
2026-01-02;21:00;33;22.29;22.58;17.37;Bueno;50.19;Bueno;2;2.38;2.42;4.83;Bueno;16.11;Bueno;Bueno;Bueno
2026-01-02;22:00;36;22.54;22.58;17.37;Bueno;50.19;Bueno;6;2.42;2.42;4.83;Bueno;16.11;Bueno;Bueno;Bueno
2026-01-02;23:00;35;22.58;22.58;17.37;Bueno;50.19;Bueno;4;2.42;2.42;4.83;Bueno;16.11;Bueno;Bueno;Bueno
2026-01-03;00:00;28;22.83;23.50;18.08;Bueno;52.22;Bueno;4;2.46;2.88;5.75;Bueno;19.17;Bueno;Bueno;Bueno
2026-01-03;01:00;27;23.58;23.50;18.08;Bueno;52.22;Bueno;3;2.46;2.88;5.75;Bueno;19.17;Bueno;Bueno;Bueno
2026-01-03;02:00;22;24.25;23.50;18.08;Bueno;52.22;Bueno;3;2.54;2.88;5.75;Bueno;19.17;Bueno;Bueno;Bueno
2026-01-03;03:00;17;24.75;23.50;18.08;Bueno;52.22;Bueno;1;2.54;2.88;5.75;Bueno;19.17;Bueno;Bueno;Bueno
2026-01-03;04:00;20;24.83;23.50;18.08;Bueno;52.22;Bueno;2;2.58;2.88;5.75;Bueno;19.17;Bueno;Bueno;Bueno
2026-01-03;05:00;19;24.92;23.50;18.08;Bueno;52.22;Bueno;5;2.75;2.88;5.75;Bueno;19.17;Bueno;Bueno;Bueno
2026-01-03;06:00;24;25.25;23.50;18.08;Bueno;52.22;Bueno;6;2.96;2.88;5.75;Bueno;19.17;Bueno;Bueno;Bueno
2026-01-03;07:00;21;25.29;23.50;18.08;Bueno;52.22;Bueno;4;3.08;2.88;5.75;Bueno;19.17;Bueno;Bueno;Bueno
2026-01-03;08:00;15;25.08;23.50;18.08;Bueno;52.22;Bueno;2;3.04;2.88;5.75;Bueno;19.17;Bueno;Bueno;Bueno
2026-01-03;09:00;21;25.08;23.50;18.08;Bueno;52.22;Bueno;1;2.92;2.88;5.75;Bueno;19.17;Bueno;Bueno;Bueno
2026-01-03;10:00;24;25.21;23.50;18.08;Bueno;52.22;Bueno;3;2.83;2.88;5.75;Bueno;19.17;Bueno;Bueno;Bueno
2026-01-03;11:00;32;25.67;23.50;18.08;Bueno;52.22;Bueno;3;2.83;2.88;5.75;Bueno;19.17;Bueno;Bueno;Bueno
2026-01-03;12:00;24;25.58;23.50;18.08;Bueno;52.22;Bueno;2;2.88;2.88;5.75;Bueno;19.17;Bueno;Bueno;Bueno
2026-01-03;13:00;29;25.88;23.50;18.08;Bueno;52.22;Bueno;2;2.88;2.88;5.75;Bueno;19.17;Bueno;Bueno;Bueno
2026-01-03;14:00;28;26.29;23.50;18.08;Bueno;52.22;Bueno;3;2.92;2.88;5.75;Bueno;19.17;Bueno;Bueno;Bueno
2026-01-03;15:00;24;26.50;23.50;18.08;Bueno;52.22;Bueno;3;3.00;2.88;5.75;Bueno;19.17;Bueno;Bueno;Bueno
2026-01-03;16:00;40;27.00;23.50;18.08;Bueno;52.22;Bueno;5;3.17;2.88;5.75;Bueno;19.17;Bueno;Bueno;Bueno
2026-01-03;17:00;33;27.21;23.50;18.08;Bueno;52.22;Bueno;4;3.25;2.88;5.75;Bueno;19.17;Bueno;Bueno;Bueno
2026-01-03;18:00;24;26.79;23.50;18.08;Bueno;52.22;Bueno;1;3.17;2.88;5.75;Bueno;19.17;Bueno;Bueno;Bueno
2026-01-03;19:00;21;26.25;23.50;18.08;Bueno;52.22;Bueno;1;3.04;2.88;5.75;Bueno;19.17;Bueno;Bueno;Bueno
2026-01-03;20:00;21;25.75;23.50;18.08;Bueno;52.22;Bueno;1;2.96;2.88;5.75;Bueno;19.17;Bueno;Bueno;Bueno
2026-01-03;21:00;19;25.17;23.50;18.08;Bueno;52.22;Bueno;2;2.96;2.88;5.75;Bueno;19.17;Bueno;Bueno;Bueno
2026-01-03;22:00;18;24.42;23.50;18.08;Bueno;52.22;Bueno;3;2.83;2.88;5.75;Bueno;19.17;Bueno;Bueno;Bueno
2026-01-03;23:00;13;23.50;23.50;18.08;Bueno;52.22;Bueno;5;2.88;2.88;5.75;Bueno;19.17;Bueno;Bueno;Bueno
2026-01-04;00:00;10;22.75;13.12;10.10;Bueno;29.17;Bueno;5;2.92;2.12;4.25;Bueno;14.17;Bueno;Bueno;Bueno
2026-01-04;01:00;11;22.08;13.12;10.10;Bueno;29.17;Bueno;4;2.96;2.12;4.25;Bueno;14.17;Bueno;Bueno;Bueno
2026-01-04;02:00;11;21.62;13.12;10.10;Bueno;29.17;Bueno;1;2.88;2.12;4.25;Bueno;14.17;Bueno;Bueno;Bueno
2026-01-04;03:00;11;21.38;13.12;10.10;Bueno;29.17;Bueno;1;2.88;2.12;4.25;Bueno;14.17;Bueno;Bueno;Bueno
2026-01-04;04:00;17;21.25;13.12;10.10;Bueno;29.17;Bueno;5;3.00;2.12;4.25;Bueno;14.17;Bueno;Bueno;Bueno
2026-01-04;05:00;1;20.50;13.12;10.10;Bueno;29.17;Bueno;1;2.83;2.12;4.25;Bueno;14.17;Bueno;Bueno;Bueno
2026-01-04;06:00;1;19.54;13.12;10.10;Bueno;29.17;Bueno;1;2.62;2.12;4.25;Bueno;14.17;Bueno;Bueno;Bueno
2026-01-04;07:00;2;18.75;13.12;10.10;Bueno;29.17;Bueno;1;2.50;2.12;4.25;Bueno;14.17;Bueno;Bueno;Bueno
2026-01-04;08:00;1;18.17;13.12;10.10;Bueno;29.17;Bueno;1;2.46;2.12;4.25;Bueno;14.17;Bueno;Bueno;Bueno
2026-01-04;09:00;1;17.33;13.12;10.10;Bueno;29.17;Bueno;1;2.46;2.12;4.25;Bueno;14.17;Bueno;Bueno;Bueno
2026-01-04;10:00;10;16.75;13.12;10.10;Bueno;29.17;Bueno;1;2.38;2.12;4.25;Bueno;14.17;Bueno;Bueno;Bueno
2026-01-04;11:00;21;16.29;13.12;10.10;Bueno;29.17;Bueno;2;2.33;2.12;4.25;Bueno;14.17;Bueno;Bueno;Bueno
2026-01-04;12:00;25;16.33;13.12;10.10;Bueno;29.17;Bueno;2;2.33;2.12;4.25;Bueno;14.17;Bueno;Bueno;Bueno
2026-01-04;13:00;27;16.25;13.12;10.10;Bueno;29.17;Bueno;2;2.33;2.12;4.25;Bueno;14.17;Bueno;Bueno;Bueno
2026-01-04;14:00;24;16.08;13.12;10.10;Bueno;29.17;Bueno;1;2.25;2.12;4.25;Bueno;14.17;Bueno;Bueno;Bueno
2026-01-04;15:00;18;15.83;13.12;10.10;Bueno;29.17;Bueno;1;2.17;2.12;4.25;Bueno;14.17;Bueno;Bueno;Bueno
2026-01-04;16:00;21;15.04;13.12;10.10;Bueno;29.17;Bueno;1;2.00;2.12;4.25;Bueno;14.17;Bueno;Bueno;Bueno
2026-01-04;17:00;16;14.33;13.12;10.10;Bueno;29.17;Bueno;3;1.96;2.12;4.25;Bueno;14.17;Bueno;Bueno;Bueno
2026-01-04;18:00;19;14.12;13.12;10.10;Bueno;29.17;Bueno;4;2.08;2.12;4.25;Bueno;14.17;Bueno;Bueno;Bueno
2026-01-04;19:00;17;13.96;13.12;10.10;Bueno;29.17;Bueno;3;2.17;2.12;4.25;Bueno;14.17;Bueno;Bueno;Bueno
2026-01-04;20:00;12;13.58;13.12;10.10;Bueno;29.17;Bueno;1;2.17;2.12;4.25;Bueno;14.17;Bueno;Bueno;Bueno
2026-01-04;21:00;15;13.42;13.12;10.10;Bueno;29.17;Bueno;3;2.21;2.12;4.25;Bueno;14.17;Bueno;Bueno;Bueno
2026-01-04;22:00;14;13.25;13.12;10.10;Bueno;29.17;Bueno;3;2.21;2.12;4.25;Bueno;14.17;Bueno;Bueno;Bueno
2026-01-04;23:00;10;13.12;13.12;10.10;Bueno;29.17;Bueno;3;2.12;2.12;4.25;Bueno;14.17;Bueno;Bueno;Bueno
2026-01-05;00:00;11;13.17;21.50;16.54;Bueno;47.78;Bueno;2;2.00;4.00;8.00;Bueno;26.67;Bueno;Bueno;Bueno
2026-01-05;01:00;13;13.25;21.50;16.54;Bueno;47.78;Bueno;1;1.88;4.00;8.00;Bueno;26.67;Bueno;Bueno;Bueno
2026-01-05;02:00;12;13.29;21.50;16.54;Bueno;47.78;Bueno;1;1.88;4.00;8.00;Bueno;26.67;Bueno;Bueno;Bueno
2026-01-05;03:00;9;13.21;21.50;16.54;Bueno;47.78;Bueno;1;1.88;4.00;8.00;Bueno;26.67;Bueno;Bueno;Bueno
2026-01-05;04:00;13;13.04;21.50;16.54;Bueno;47.78;Bueno;1;1.71;4.00;8.00;Bueno;26.67;Bueno;Bueno;Bueno
2026-01-05;05:00;17;13.71;21.50;16.54;Bueno;47.78;Bueno;1;1.71;4.00;8.00;Bueno;26.67;Bueno;Bueno;Bueno
2026-01-05;06:00;24;14.67;21.50;16.54;Bueno;47.78;Bueno;4;1.83;4.00;8.00;Bueno;26.67;Bueno;Bueno;Bueno
2026-01-05;07:00;29;15.79;21.50;16.54;Bueno;47.78;Bueno;5;2.00;4.00;8.00;Bueno;26.67;Bueno;Bueno;Bueno
2026-01-05;08:00;26;16.83;21.50;16.54;Bueno;47.78;Bueno;3;2.08;4.00;8.00;Bueno;26.67;Bueno;Bueno;Bueno
2026-01-05;09:00;26;17.88;21.50;16.54;Bueno;47.78;Bueno;6;2.29;4.00;8.00;Bueno;26.67;Bueno;Bueno;Bueno
2026-01-05;10:00;32;18.79;21.50;16.54;Bueno;47.78;Bueno;7;2.54;4.00;8.00;Bueno;26.67;Bueno;Bueno;Bueno
2026-01-05;11:00;36;19.42;21.50;16.54;Bueno;47.78;Bueno;8;2.79;4.00;8.00;Bueno;26.67;Bueno;Bueno;Bueno
2026-01-05;12:00;21;19.25;21.50;16.54;Bueno;47.78;Bueno;6;2.96;4.00;8.00;Bueno;26.67;Bueno;Bueno;Bueno
2026-01-05;13:00;31;19.42;21.50;16.54;Bueno;47.78;Bueno;7;3.17;4.00;8.00;Bueno;26.67;Bueno;Bueno;Bueno
2026-01-05;14:00;26;19.50;21.50;16.54;Bueno;47.78;Bueno;4;3.29;4.00;8.00;Bueno;26.67;Bueno;Bueno;Bueno
2026-01-05;15:00;23;19.71;21.50;16.54;Bueno;47.78;Bueno;1;3.29;4.00;8.00;Bueno;26.67;Bueno;Bueno;Bueno
2026-01-05;16:00;17;19.54;21.50;16.54;Bueno;47.78;Bueno;1;3.29;4.00;8.00;Bueno;26.67;Bueno;Bueno;Bueno
2026-01-05;17:00;13;19.42;21.50;16.54;Bueno;47.78;Bueno;2;3.25;4.00;8.00;Bueno;26.67;Bueno;Bueno;Bueno
2026-01-05;18:00;13;19.17;21.50;16.54;Bueno;47.78;Bueno;2;3.17;4.00;8.00;Bueno;26.67;Bueno;Bueno;Bueno
2026-01-05;19:00;21;19.33;21.50;16.54;Bueno;47.78;Bueno;2;3.12;4.00;8.00;Bueno;26.67;Bueno;Bueno;Bueno
2026-01-05;20:00;35;20.29;21.50;16.54;Bueno;47.78;Bueno;12;3.58;4.00;8.00;Bueno;26.67;Bueno;Bueno;Bueno
2026-01-05;21:00;38;21.25;21.50;16.54;Bueno;47.78;Bueno;12;3.96;4.00;8.00;Bueno;26.67;Bueno;Bueno;Bueno
2026-01-05;22:00;19;21.46;21.50;16.54;Bueno;47.78;Bueno;6;4.08;4.00;8.00;Bueno;26.67;Bueno;Bueno;Bueno
2026-01-05;23:00;11;21.50;21.50;16.54;Bueno;47.78;Bueno;1;4.00;4.00;8.00;Bueno;26.67;Bueno;Bueno;Bueno
2026-01-06;00:00;11;21.50;19.71;15.16;Bueno;43.80;Bueno;1;3.96;1.46;2.92;Bueno;9.72;Bueno;Bueno;Bueno
2026-01-06;01:00;9;21.33;19.71;15.16;Bueno;43.80;Bueno;2;4.00;1.46;2.92;Bueno;9.72;Bueno;Bueno;Bueno
2026-01-06;02:00;10;21.25;19.71;15.16;Bueno;43.80;Bueno;1;4.00;1.46;2.92;Bueno;9.72;Bueno;Bueno;Bueno
2026-01-06;03:00;8;21.21;19.71;15.16;Bueno;43.80;Bueno;1;4.00;1.46;2.92;Bueno;9.72;Bueno;Bueno;Bueno
2026-01-06;04:00;8;21.00;19.71;15.16;Bueno;43.80;Bueno;1;4.00;1.46;2.92;Bueno;9.72;Bueno;Bueno;Bueno
2026-01-06;05:00;20;21.12;19.71;15.16;Bueno;43.80;Bueno;2;4.04;1.46;2.92;Bueno;9.72;Bueno;Bueno;Bueno
2026-01-06;06:00;20;20.96;19.71;15.16;Bueno;43.80;Bueno;2;3.96;1.46;2.92;Bueno;9.72;Bueno;Bueno;Bueno
2026-01-06;07:00;21;20.62;19.71;15.16;Bueno;43.80;Bueno;2;3.83;1.46;2.92;Bueno;9.72;Bueno;Bueno;Bueno
2026-01-06;08:00;21;20.42;19.71;15.16;Bueno;43.80;Bueno;1;3.75;1.46;2.92;Bueno;9.72;Bueno;Bueno;Bueno
2026-01-06;09:00;28;20.50;19.71;15.16;Bueno;43.80;Bueno;2;3.58;1.46;2.92;Bueno;9.72;Bueno;Bueno;Bueno
2026-01-06;10:00;21;20.04;19.71;15.16;Bueno;43.80;Bueno;1;3.33;1.46;2.92;Bueno;9.72;Bueno;Bueno;Bueno
2026-01-06;11:00;25;19.58;19.71;15.16;Bueno;43.80;Bueno;2;3.08;1.46;2.92;Bueno;9.72;Bueno;Bueno;Bueno
2026-01-06;12:00;20;19.54;19.71;15.16;Bueno;43.80;Bueno;1;2.88;1.46;2.92;Bueno;9.72;Bueno;Bueno;Bueno
2026-01-06;13:00;19;19.04;19.71;15.16;Bueno;43.80;Bueno;1;2.62;1.46;2.92;Bueno;9.72;Bueno;Bueno;Bueno
2026-01-06;14:00;39;19.58;19.71;15.16;Bueno;43.80;Bueno;2;2.54;1.46;2.92;Bueno;9.72;Bueno;Bueno;Bueno
2026-01-06;15:00;40;20.29;19.71;15.16;Bueno;43.80;Bueno;3;2.62;1.46;2.92;Bueno;9.72;Bueno;Bueno;Bueno
2026-01-06;16:00;28;20.75;19.71;15.16;Bueno;43.80;Bueno;1;2.62;1.46;2.92;Bueno;9.72;Bueno;Bueno;Bueno
2026-01-06;17:00;26;21.29;19.71;15.16;Bueno;43.80;Bueno;1;2.58;1.46;2.92;Bueno;9.72;Bueno;Bueno;Bueno
2026-01-06;18:00;22;21.67;19.71;15.16;Bueno;43.80;Bueno;1;2.54;1.46;2.92;Bueno;9.72;Bueno;Bueno;Bueno
2026-01-06;19:00;23;21.75;19.71;15.16;Bueno;43.80;Bueno;1;2.50;1.46;2.92;Bueno;9.72;Bueno;Bueno;Bueno
2026-01-06;20:00;16;20.96;19.71;15.16;Bueno;43.80;Bueno;1;2.04;1.46;2.92;Bueno;9.72;Bueno;Bueno;Bueno
2026-01-06;21:00;16;20.04;19.71;15.16;Bueno;43.80;Bueno;3;1.67;1.46;2.92;Bueno;9.72;Bueno;Bueno;Bueno
2026-01-06;22:00;10;19.67;19.71;15.16;Bueno;43.80;Bueno;1;1.46;1.46;2.92;Bueno;9.72;Bueno;Bueno;Bueno
2026-01-06;23:00;12;19.71;19.71;15.16;Bueno;43.80;Bueno;1;1.46;1.46;2.92;Bueno;9.72;Bueno;Bueno;Bueno
2026-01-07;00:00;8;19.58;24.88;19.13;Bueno;55.28;Bueno;1;1.46;2.38;4.75;Bueno;15.83;Bueno;Bueno;Bueno
2026-01-07;01:00;7;19.50;24.88;19.13;Bueno;55.28;Bueno;1;1.42;2.38;4.75;Bueno;15.83;Bueno;Bueno;Bueno
2026-01-07;02:00;8;19.42;24.88;19.13;Bueno;55.28;Bueno;1;1.42;2.38;4.75;Bueno;15.83;Bueno;Bueno;Bueno
2026-01-07;03:00;4;19.25;24.88;19.13;Bueno;55.28;Bueno;1;1.42;2.38;4.75;Bueno;15.83;Bueno;Bueno;Bueno
2026-01-07;04:00;1;18.96;24.88;19.13;Bueno;55.28;Bueno;1;1.42;2.38;4.75;Bueno;15.83;Bueno;Bueno;Bueno
2026-01-07;05:00;4;18.29;24.88;19.13;Bueno;55.28;Bueno;1;1.38;2.38;4.75;Bueno;15.83;Bueno;Bueno;Bueno
2026-01-07;06:00;7;17.75;24.88;19.13;Bueno;55.28;Bueno;1;1.33;2.38;4.75;Bueno;15.83;Bueno;Bueno;Bueno
2026-01-07;07:00;18;17.62;24.88;19.13;Bueno;55.28;Bueno;1;1.29;2.38;4.75;Bueno;15.83;Bueno;Bueno;Bueno
2026-01-07;08:00;45;18.62;24.88;19.13;Bueno;55.28;Bueno;1;1.29;2.38;4.75;Bueno;15.83;Bueno;Bueno;Bueno
2026-01-07;09:00;34;18.88;24.88;19.13;Bueno;55.28;Bueno;1;1.25;2.38;4.75;Bueno;15.83;Bueno;Bueno;Bueno
2026-01-07;10:00;29;19.21;24.88;19.13;Bueno;55.28;Bueno;2;1.29;2.38;4.75;Bueno;15.83;Bueno;Bueno;Bueno
2026-01-07;11:00;29;19.38;24.88;19.13;Bueno;55.28;Bueno;1;1.25;2.38;4.75;Bueno;15.83;Bueno;Bueno;Bueno
2026-01-07;12:00;29;19.75;24.88;19.13;Bueno;55.28;Bueno;1;1.25;2.38;4.75;Bueno;15.83;Bueno;Bueno;Bueno
2026-01-07;13:00;26;20.04;24.88;19.13;Bueno;55.28;Bueno;1;1.25;2.38;4.75;Bueno;15.83;Bueno;Bueno;Bueno
2026-01-07;14:00;19;19.21;24.88;19.13;Bueno;55.28;Bueno;1;1.21;2.38;4.75;Bueno;15.83;Bueno;Bueno;Bueno
2026-01-07;15:00;31;18.83;24.88;19.13;Bueno;55.28;Bueno;1;1.12;2.38;4.75;Bueno;15.83;Bueno;Bueno;Bueno
2026-01-07;16:00;34;19.08;24.88;19.13;Bueno;55.28;Bueno;1;1.12;2.38;4.75;Bueno;15.83;Bueno;Bueno;Bueno
2026-01-07;17:00;42;19.75;24.88;19.13;Bueno;55.28;Bueno;4;1.25;2.38;4.75;Bueno;15.83;Bueno;Bueno;Bueno
2026-01-07;18:00;43;20.62;24.88;19.13;Bueno;55.28;Bueno;5;1.42;2.38;4.75;Bueno;15.83;Bueno;Bueno;Bueno
2026-01-07;19:00;37;21.21;24.88;19.13;Bueno;55.28;Bueno;6;1.62;2.38;4.75;Bueno;15.83;Bueno;Bueno;Bueno
2026-01-07;20:00;37;22.08;24.88;19.13;Bueno;55.28;Bueno;4;1.75;2.38;4.75;Bueno;15.83;Bueno;Bueno;Bueno
2026-01-07;21:00;37;22.96;24.88;19.13;Bueno;55.28;Bueno;6;1.88;2.38;4.75;Bueno;15.83;Bueno;Bueno;Bueno
2026-01-07;22:00;36;24.04;24.88;19.13;Bueno;55.28;Bueno;7;2.12;2.38;4.75;Bueno;15.83;Bueno;Bueno;Bueno
2026-01-07;23:00;32;24.88;24.88;19.13;Bueno;55.28;Bueno;7;2.38;2.38;4.75;Bueno;15.83;Bueno;Bueno;Bueno
2026-01-08;00:00;25;25.58;28.62;22.02;Bueno;63.61;Bueno;6;2.58;2.75;5.50;Bueno;18.33;Bueno;Bueno;Bueno
2026-01-08;01:00;26;26.38;28.62;22.02;Bueno;63.61;Bueno;6;2.79;2.75;5.50;Bueno;18.33;Bueno;Bueno;Bueno
2026-01-08;02:00;17;26.75;28.62;22.02;Bueno;63.61;Bueno;4;2.92;2.75;5.50;Bueno;18.33;Bueno;Bueno;Bueno
2026-01-08;03:00;20;27.42;28.62;22.02;Bueno;63.61;Bueno;1;2.92;2.75;5.50;Bueno;18.33;Bueno;Bueno;Bueno
2026-01-08;04:00;23;28.33;28.62;22.02;Bueno;63.61;Bueno;1;2.92;2.75;5.50;Bueno;18.33;Bueno;Bueno;Bueno
2026-01-08;05:00;20;29.00;28.62;22.02;Bueno;63.61;Bueno;4;3.04;2.75;5.50;Bueno;18.33;Bueno;Bueno;Bueno
2026-01-08;06:00;37;30.25;28.62;22.02;Bueno;63.61;Bueno;6;3.25;2.75;5.50;Bueno;18.33;Bueno;Bueno;Bueno
2026-01-08;07:00;36;31.00;28.62;22.02;Bueno;63.61;Bueno;5;3.42;2.75;5.50;Bueno;18.33;Bueno;Bueno;Bueno
2026-01-08;08:00;41;30.83;28.62;22.02;Bueno;63.61;Bueno;4;3.54;2.75;5.50;Bueno;18.33;Bueno;Bueno;Bueno
2026-01-08;09:00;30;30.67;28.62;22.02;Bueno;63.61;Bueno;3;3.62;2.75;5.50;Bueno;18.33;Bueno;Bueno;Bueno
2026-01-08;10:00;51;31.58;28.62;22.02;Bueno;63.61;Bueno;4;3.71;2.75;5.50;Bueno;18.33;Bueno;Bueno;Bueno
2026-01-08;11:00;39;32.00;28.62;22.02;Bueno;63.61;Bueno;2;3.75;2.75;5.50;Bueno;18.33;Bueno;Bueno;Bueno
2026-01-08;12:00;28;31.96;28.62;22.02;Bueno;63.61;Bueno;1;3.75;2.75;5.50;Bueno;18.33;Bueno;Bueno;Bueno
2026-01-08;13:00;32;32.21;28.62;22.02;Bueno;63.61;Bueno;3;3.83;2.75;5.50;Bueno;18.33;Bueno;Bueno;Bueno
2026-01-08;14:00;30;32.67;28.62;22.02;Bueno;63.61;Bueno;3;3.92;2.75;5.50;Bueno;18.33;Bueno;Bueno;Bueno
2026-01-08;15:00;29;32.58;28.62;22.02;Bueno;63.61;Bueno;3;4.00;2.75;5.50;Bueno;18.33;Bueno;Bueno;Bueno
2026-01-08;16:00;38;32.75;28.62;22.02;Bueno;63.61;Bueno;3;4.08;2.75;5.50;Bueno;18.33;Bueno;Bueno;Bueno
2026-01-08;17:00;36;32.50;28.62;22.02;Bueno;63.61;Bueno;1;3.96;2.75;5.50;Bueno;18.33;Bueno;Bueno;Bueno
2026-01-08;18:00;28;31.88;28.62;22.02;Bueno;63.61;Bueno;1;3.79;2.75;5.50;Bueno;18.33;Bueno;Bueno;Bueno
2026-01-08;19:00;29;31.54;28.62;22.02;Bueno;63.61;Bueno;1;3.58;2.75;5.50;Bueno;18.33;Bueno;Bueno;Bueno
2026-01-08;20:00;22;30.92;28.62;22.02;Bueno;63.61;Bueno;1;3.46;2.75;5.50;Bueno;18.33;Bueno;Bueno;Bueno
2026-01-08;21:00;20;30.21;28.62;22.02;Bueno;63.61;Bueno;1;3.25;2.75;5.50;Bueno;18.33;Bueno;Bueno;Bueno
2026-01-08;22:00;18;29.46;28.62;22.02;Bueno;63.61;Bueno;1;3.00;2.75;5.50;Bueno;18.33;Bueno;Bueno;Bueno
2026-01-08;23:00;12;28.62;28.62;22.02;Bueno;63.61;Bueno;1;2.75;2.75;5.50;Bueno;18.33;Bueno;Bueno;Bueno
2026-01-09;00:00;15;28.21;20.00;15.38;Bueno;44.44;Bueno;1;2.54;1.33;2.67;Bueno;8.89;Bueno;Bueno;Bueno
2026-01-09;01:00;10;27.54;20.00;15.38;Bueno;44.44;Bueno;1;2.33;1.33;2.67;Bueno;8.89;Bueno;Bueno;Bueno
2026-01-09;02:00;10;27.25;20.00;15.38;Bueno;44.44;Bueno;1;2.21;1.33;2.67;Bueno;8.89;Bueno;Bueno;Bueno
2026-01-09;03:00;12;26.92;20.00;15.38;Bueno;44.44;Bueno;1;2.21;1.33;2.67;Bueno;8.89;Bueno;Bueno;Bueno
2026-01-09;04:00;8;26.29;20.00;15.38;Bueno;44.44;Bueno;1;2.21;1.33;2.67;Bueno;8.89;Bueno;Bueno;Bueno
2026-01-09;05:00;8;25.79;20.00;15.38;Bueno;44.44;Bueno;2;2.12;1.33;2.67;Bueno;8.89;Bueno;Bueno;Bueno
2026-01-09;06:00;9;24.62;20.00;15.38;Bueno;44.44;Bueno;2;1.96;1.33;2.67;Bueno;8.89;Bueno;Bueno;Bueno
2026-01-09;07:00;7;23.42;20.00;15.38;Bueno;44.44;Bueno;1;1.79;1.33;2.67;Bueno;8.89;Bueno;Bueno;Bueno
2026-01-09;08:00;20;22.54;20.00;15.38;Bueno;44.44;Bueno;1;1.67;1.33;2.67;Bueno;8.89;Bueno;Bueno;Bueno
2026-01-09;09:00;38;22.88;20.00;15.38;Bueno;44.44;Bueno;1;1.58;1.33;2.67;Bueno;8.89;Bueno;Bueno;Bueno
2026-01-09;10:00;38;22.33;20.00;15.38;Bueno;44.44;Bueno;1;1.46;1.33;2.67;Bueno;8.89;Bueno;Bueno;Bueno
2026-01-09;11:00;50;22.79;20.00;15.38;Bueno;44.44;Bueno;3;1.50;1.33;2.67;Bueno;8.89;Bueno;Bueno;Bueno
2026-01-09;12:00;23;22.58;20.00;15.38;Bueno;44.44;Bueno;3;1.58;1.33;2.67;Bueno;8.89;Bueno;Bueno;Bueno
2026-01-09;13:00;30;22.50;20.00;15.38;Bueno;44.44;Bueno;1;1.50;1.33;2.67;Bueno;8.89;Bueno;Bueno;Bueno
2026-01-09;14:00;25;22.29;20.00;15.38;Bueno;44.44;Bueno;1;1.42;1.33;2.67;Bueno;8.89;Bueno;Bueno;Bueno
2026-01-09;15:00;31;22.38;20.00;15.38;Bueno;44.44;Bueno;1;1.33;1.33;2.67;Bueno;8.89;Bueno;Bueno;Bueno
2026-01-09;16:00;34;22.21;20.00;15.38;Bueno;44.44;Bueno;1;1.25;1.33;2.67;Bueno;8.89;Bueno;Bueno;Bueno
2026-01-09;17:00;30;21.96;20.00;15.38;Bueno;44.44;Bueno;1;1.25;1.33;2.67;Bueno;8.89;Bueno;Bueno;Bueno
2026-01-09;18:00;25;21.83;20.00;15.38;Bueno;44.44;Bueno;1;1.25;1.33;2.67;Bueno;8.89;Bueno;Bueno;Bueno
2026-01-09;19:00;22;21.54;20.00;15.38;Bueno;44.44;Bueno;1;1.25;1.33;2.67;Bueno;8.89;Bueno;Bueno;Bueno
2026-01-09;20:00;18;21.38;20.00;15.38;Bueno;44.44;Bueno;2;1.29;1.33;2.67;Bueno;8.89;Bueno;Bueno;Bueno
2026-01-09;21:00;6;20.79;20.00;15.38;Bueno;44.44;Bueno;2;1.33;1.33;2.67;Bueno;8.89;Bueno;Bueno;Bueno
2026-01-09;22:00;4;20.21;20.00;15.38;Bueno;44.44;Bueno;1;1.33;1.33;2.67;Bueno;8.89;Bueno;Bueno;Bueno
2026-01-09;23:00;7;20.00;20.00;15.38;Bueno;44.44;Bueno;1;1.33;1.33;2.67;Bueno;8.89;Bueno;Bueno;Bueno
2026-01-10;00:00;5;19.58;8.67;6.67;Bueno;19.26;Bueno;1;1.33;1.17;2.33;Bueno;7.78;Bueno;Bueno;Bueno
2026-01-10;01:00;6;19.42;8.67;6.67;Bueno;19.26;Bueno;4;1.46;1.17;2.33;Bueno;7.78;Bueno;Bueno;Bueno
2026-01-10;02:00;1;19.04;8.67;6.67;Bueno;19.26;Bueno;2;1.50;1.17;2.33;Bueno;7.78;Bueno;Bueno;Bueno
2026-01-10;03:00;1;18.58;8.67;6.67;Bueno;19.26;Bueno;1;1.50;1.17;2.33;Bueno;7.78;Bueno;Bueno;Bueno
2026-01-10;04:00;1;18.29;8.67;6.67;Bueno;19.26;Bueno;1;1.50;1.17;2.33;Bueno;7.78;Bueno;Bueno;Bueno
2026-01-10;05:00;1;18.00;8.67;6.67;Bueno;19.26;Bueno;1;1.46;1.17;2.33;Bueno;7.78;Bueno;Bueno;Bueno
2026-01-10;06:00;1;17.67;8.67;6.67;Bueno;19.26;Bueno;1;1.42;1.17;2.33;Bueno;7.78;Bueno;Bueno;Bueno
2026-01-10;07:00;1;17.42;8.67;6.67;Bueno;19.26;Bueno;1;1.42;1.17;2.33;Bueno;7.78;Bueno;Bueno;Bueno
2026-01-10;08:00;1;16.62;8.67;6.67;Bueno;19.26;Bueno;1;1.42;1.17;2.33;Bueno;7.78;Bueno;Bueno;Bueno
2026-01-10;09:00;1;15.08;8.67;6.67;Bueno;19.26;Bueno;1;1.42;1.17;2.33;Bueno;7.78;Bueno;Bueno;Bueno
2026-01-10;10:00;9;13.88;8.67;6.67;Bueno;19.26;Bueno;1;1.42;1.17;2.33;Bueno;7.78;Bueno;Bueno;Bueno
2026-01-10;11:00;12;12.29;8.67;6.67;Bueno;19.26;Bueno;1;1.33;1.17;2.33;Bueno;7.78;Bueno;Bueno;Bueno
2026-01-10;12:00;18;12.08;8.67;6.67;Bueno;19.26;Bueno;1;1.25;1.17;2.33;Bueno;7.78;Bueno;Bueno;Bueno
2026-01-10;13:00;16;11.50;8.67;6.67;Bueno;19.26;Bueno;1;1.25;1.17;2.33;Bueno;7.78;Bueno;Bueno;Bueno
2026-01-10;14:00;20;11.29;8.67;6.67;Bueno;19.26;Bueno;1;1.25;1.17;2.33;Bueno;7.78;Bueno;Bueno;Bueno
2026-01-10;15:00;12;10.50;8.67;6.67;Bueno;19.26;Bueno;1;1.25;1.17;2.33;Bueno;7.78;Bueno;Bueno;Bueno
2026-01-10;16:00;16;9.75;8.67;6.67;Bueno;19.26;Bueno;1;1.25;1.17;2.33;Bueno;7.78;Bueno;Bueno;Bueno
2026-01-10;17:00;14;9.08;8.67;6.67;Bueno;19.26;Bueno;1;1.25;1.17;2.33;Bueno;7.78;Bueno;Bueno;Bueno
2026-01-10;18:00;12;8.54;8.67;6.67;Bueno;19.26;Bueno;1;1.25;1.17;2.33;Bueno;7.78;Bueno;Bueno;Bueno
2026-01-10;19:00;8;7.96;8.67;6.67;Bueno;19.26;Bueno;1;1.25;1.17;2.33;Bueno;7.78;Bueno;Bueno;Bueno
2026-01-10;20:00;19;8.00;8.67;6.67;Bueno;19.26;Bueno;1;1.21;1.17;2.33;Bueno;7.78;Bueno;Bueno;Bueno
2026-01-10;21:00;16;8.42;8.67;6.67;Bueno;19.26;Bueno;1;1.17;1.17;2.33;Bueno;7.78;Bueno;Bueno;Bueno
2026-01-10;22:00;7;8.54;8.67;6.67;Bueno;19.26;Bueno;1;1.17;1.17;2.33;Bueno;7.78;Bueno;Bueno;Bueno
2026-01-10;23:00;10;8.67;8.67;6.67;Bueno;19.26;Bueno;1;1.17;1.17;2.33;Bueno;7.78;Bueno;Bueno;Bueno
2026-01-11;00:00;8;8.79;8.96;6.89;Bueno;19.91;Bueno;1;1.17;1.00;2.00;Bueno;6.67;Bueno;Bueno;Bueno
2026-01-11;01:00;4;8.71;8.96;6.89;Bueno;19.91;Bueno;1;1.04;1.00;2.00;Bueno;6.67;Bueno;Bueno;Bueno
2026-01-11;02:00;5;8.88;8.96;6.89;Bueno;19.91;Bueno;1;1.00;1.00;2.00;Bueno;6.67;Bueno;Bueno;Bueno
2026-01-11;03:00;6;9.08;8.96;6.89;Bueno;19.91;Bueno;1;1.00;1.00;2.00;Bueno;6.67;Bueno;Bueno;Bueno
2026-01-11;04:00;4;9.21;8.96;6.89;Bueno;19.91;Bueno;1;1.00;1.00;2.00;Bueno;6.67;Bueno;Bueno;Bueno
2026-01-11;05:00;3;9.29;8.96;6.89;Bueno;19.91;Bueno;1;1.00;1.00;2.00;Bueno;6.67;Bueno;Bueno;Bueno
2026-01-11;06:00;4;9.42;8.96;6.89;Bueno;19.91;Bueno;1;1.00;1.00;2.00;Bueno;6.67;Bueno;Bueno;Bueno
2026-01-11;07:00;4;9.54;8.96;6.89;Bueno;19.91;Bueno;1;1.00;1.00;2.00;Bueno;6.67;Bueno;Bueno;Bueno
2026-01-11;08:00;3;9.62;8.96;6.89;Bueno;19.91;Bueno;1;1.00;1.00;2.00;Bueno;6.67;Bueno;Bueno;Bueno
2026-01-11;09:00;5;9.79;8.96;6.89;Bueno;19.91;Bueno;1;1.00;1.00;2.00;Bueno;6.67;Bueno;Bueno;Bueno
2026-01-11;10:00;12;9.92;8.96;6.89;Bueno;19.91;Bueno;1;1.00;1.00;2.00;Bueno;6.67;Bueno;Bueno;Bueno
2026-01-11;11:00;20;10.25;8.96;6.89;Bueno;19.91;Bueno;1;1.00;1.00;2.00;Bueno;6.67;Bueno;Bueno;Bueno
2026-01-11;12:00;17;10.21;8.96;6.89;Bueno;19.91;Bueno;1;1.00;1.00;2.00;Bueno;6.67;Bueno;Bueno;Bueno
2026-01-11;13:00;14;10.12;8.96;6.89;Bueno;19.91;Bueno;1;1.00;1.00;2.00;Bueno;6.67;Bueno;Bueno;Bueno
2026-01-11;14:00;18;10.04;8.96;6.89;Bueno;19.91;Bueno;1;1.00;1.00;2.00;Bueno;6.67;Bueno;Bueno;Bueno
2026-01-11;15:00;7;9.83;8.96;6.89;Bueno;19.91;Bueno;1;1.00;1.00;2.00;Bueno;6.67;Bueno;Bueno;Bueno
2026-01-11;16:00;9;9.54;8.96;6.89;Bueno;19.91;Bueno;1;1.00;1.00;2.00;Bueno;6.67;Bueno;Bueno;Bueno
2026-01-11;17:00;8;9.29;8.96;6.89;Bueno;19.91;Bueno;1;1.00;1.00;2.00;Bueno;6.67;Bueno;Bueno;Bueno
2026-01-11;18:00;13;9.33;8.96;6.89;Bueno;19.91;Bueno;1;1.00;1.00;2.00;Bueno;6.67;Bueno;Bueno;Bueno
2026-01-11;19:00;10;9.42;8.96;6.89;Bueno;19.91;Bueno;1;1.00;1.00;2.00;Bueno;6.67;Bueno;Bueno;Bueno
2026-01-11;20:00;10;9.04;8.96;6.89;Bueno;19.91;Bueno;1;1.00;1.00;2.00;Bueno;6.67;Bueno;Bueno;Bueno
2026-01-11;21:00;9;8.75;8.96;6.89;Bueno;19.91;Bueno;1;1.00;1.00;2.00;Bueno;6.67;Bueno;Bueno;Bueno
2026-01-11;22:00;11;8.92;8.96;6.89;Bueno;19.91;Bueno;1;1.00;1.00;2.00;Bueno;6.67;Bueno;Bueno;Bueno
2026-01-11;23:00;11;8.96;8.96;6.89;Bueno;19.91;Bueno;1;1.00;1.00;2.00;Bueno;6.67;Bueno;Bueno;Bueno
2026-01-12;00:00;7;8.92;11.33;8.72;Bueno;25.19;Bueno;1;1.00;1.08;2.17;Bueno;7.22;Bueno;Bueno;Bueno
2026-01-12;01:00;6;9.00;11.33;8.72;Bueno;25.19;Bueno;1;1.00;1.08;2.17;Bueno;7.22;Bueno;Bueno;Bueno
2026-01-12;02:00;5;9.00;11.33;8.72;Bueno;25.19;Bueno;1;1.00;1.08;2.17;Bueno;7.22;Bueno;Bueno;Bueno
2026-01-12;03:00;3;8.88;11.33;8.72;Bueno;25.19;Bueno;1;1.00;1.08;2.17;Bueno;7.22;Bueno;Bueno;Bueno
2026-01-12;04:00;3;8.83;11.33;8.72;Bueno;25.19;Bueno;1;1.00;1.08;2.17;Bueno;7.22;Bueno;Bueno;Bueno
2026-01-12;05:00;3;8.83;11.33;8.72;Bueno;25.19;Bueno;1;1.00;1.08;2.17;Bueno;7.22;Bueno;Bueno;Bueno
2026-01-12;06:00;2;8.75;11.33;8.72;Bueno;25.19;Bueno;1;1.00;1.08;2.17;Bueno;7.22;Bueno;Bueno;Bueno
2026-01-12;07:00;16;9.25;11.33;8.72;Bueno;25.19;Bueno;1;1.00;1.08;2.17;Bueno;7.22;Bueno;Bueno;Bueno
2026-01-12;08:00;10;9.54;11.33;8.72;Bueno;25.19;Bueno;1;1.00;1.08;2.17;Bueno;7.22;Bueno;Bueno;Bueno
2026-01-12;09:00;11;9.79;11.33;8.72;Bueno;25.19;Bueno;1;1.00;1.08;2.17;Bueno;7.22;Bueno;Bueno;Bueno
2026-01-12;10:00;18;10.04;11.33;8.72;Bueno;25.19;Bueno;1;1.00;1.08;2.17;Bueno;7.22;Bueno;Bueno;Bueno
2026-01-12;11:00;22;10.12;11.33;8.72;Bueno;25.19;Bueno;1;1.00;1.08;2.17;Bueno;7.22;Bueno;Bueno;Bueno
2026-01-12;12:00;9;9.79;11.33;8.72;Bueno;25.19;Bueno;1;1.00;1.08;2.17;Bueno;7.22;Bueno;Bueno;Bueno
2026-01-12;13:00;16;9.88;11.33;8.72;Bueno;25.19;Bueno;1;1.00;1.08;2.17;Bueno;7.22;Bueno;Bueno;Bueno
2026-01-12;14:00;20;9.96;11.33;8.72;Bueno;25.19;Bueno;1;1.00;1.08;2.17;Bueno;7.22;Bueno;Bueno;Bueno
2026-01-12;15:00;6;9.92;11.33;8.72;Bueno;25.19;Bueno;1;1.00;1.08;2.17;Bueno;7.22;Bueno;Bueno;Bueno
2026-01-12;16:00;33;10.92;11.33;8.72;Bueno;25.19;Bueno;1;1.00;1.08;2.17;Bueno;7.22;Bueno;Bueno;Bueno
2026-01-12;17:00;13;11.12;11.33;8.72;Bueno;25.19;Bueno;1;1.00;1.08;2.17;Bueno;7.22;Bueno;Bueno;Bueno
2026-01-12;18:00;19;11.38;11.33;8.72;Bueno;25.19;Bueno;1;1.00;1.08;2.17;Bueno;7.22;Bueno;Bueno;Bueno
2026-01-12;19:00;16;11.62;11.33;8.72;Bueno;25.19;Bueno;2;1.04;1.08;2.17;Bueno;7.22;Bueno;Bueno;Bueno
2026-01-12;20:00;6;11.46;11.33;8.72;Bueno;25.19;Bueno;2;1.08;1.08;2.17;Bueno;7.22;Bueno;Bueno;Bueno
2026-01-12;21:00;7;11.38;11.33;8.72;Bueno;25.19;Bueno;1;1.08;1.08;2.17;Bueno;7.22;Bueno;Bueno;Bueno
2026-01-12;22:00;11;11.38;11.33;8.72;Bueno;25.19;Bueno;1;1.08;1.08;2.17;Bueno;7.22;Bueno;Bueno;Bueno
2026-01-12;23:00;10;11.33;11.33;8.72;Bueno;25.19;Bueno;1;1.08;1.08;2.17;Bueno;7.22;Bueno;Bueno;Bueno
2026-01-13;00:00;11;11.50;16.91;13.01;Bueno;37.58;Bueno;1;1.08;1.27;2.55;Bueno;8.48;Bueno;Bueno;Bueno
2026-01-13;01:00;11;11.71;16.91;13.01;Bueno;37.58;Bueno;1;1.08;1.27;2.55;Bueno;8.48;Bueno;Bueno;Bueno
2026-01-13;02:00;8;11.83;16.91;13.01;Bueno;37.58;Bueno;1;1.08;1.27;2.55;Bueno;8.48;Bueno;Bueno;Bueno
2026-01-13;03:00;7;12.00;16.91;13.01;Bueno;37.58;Bueno;1;1.08;1.27;2.55;Bueno;8.48;Bueno;Bueno;Bueno
2026-01-13;04:00;6;12.12;16.91;13.01;Bueno;37.58;Bueno;1;1.08;1.27;2.55;Bueno;8.48;Bueno;Bueno;Bueno
2026-01-13;05:00;7;12.29;16.91;13.01;Bueno;37.58;Bueno;1;1.08;1.27;2.55;Bueno;8.48;Bueno;Bueno;Bueno
2026-01-13;06:00;21;13.08;16.91;13.01;Bueno;37.58;Bueno;1;1.08;1.27;2.55;Bueno;8.48;Bueno;Bueno;Bueno
2026-01-13;07:00;19;13.21;16.91;13.01;Bueno;37.58;Bueno;1;1.08;1.27;2.55;Bueno;8.48;Bueno;Bueno;Bueno
2026-01-13;08:00;29;14.00;16.91;13.01;Bueno;37.58;Bueno;3;1.17;1.27;2.55;Bueno;8.48;Bueno;Bueno;Bueno
2026-01-13;09:00;29;14.75;16.91;13.01;Bueno;37.58;Bueno;3;1.25;1.27;2.55;Bueno;8.48;Bueno;Bueno;Bueno
2026-01-13;10:00;21;14.88;16.91;13.01;Bueno;37.58;Bueno;2;1.29;1.27;2.55;Bueno;8.48;Bueno;Bueno;Bueno
2026-01-13;11:00;;14.57;16.91;13.01;Bueno;37.58;Bueno;;1.30;1.27;2.55;Bueno;8.48;Bueno;Bueno;Bueno
2026-01-13;12:00;;14.82;16.91;13.01;Bueno;37.58;Bueno;;1.32;1.27;2.55;Bueno;8.48;Bueno;Bueno;Bueno
2026-01-13;13:00;11;14.59;16.91;13.01;Bueno;37.58;Bueno;1;1.32;1.27;2.55;Bueno;8.48;Bueno;Bueno;Bueno
2026-01-13;14:00;21;14.64;16.91;13.01;Bueno;37.58;Bueno;1;1.32;1.27;2.55;Bueno;8.48;Bueno;Bueno;Bueno
2026-01-13;15:00;29;15.68;16.91;13.01;Bueno;37.58;Bueno;1;1.32;1.27;2.55;Bueno;8.48;Bueno;Bueno;Bueno
2026-01-13;16:00;27;15.41;16.91;13.01;Bueno;37.58;Bueno;1;1.32;1.27;2.55;Bueno;8.48;Bueno;Bueno;Bueno
2026-01-13;17:00;18;15.64;16.91;13.01;Bueno;37.58;Bueno;1;1.32;1.27;2.55;Bueno;8.48;Bueno;Bueno;Bueno
2026-01-13;18:00;19;15.64;16.91;13.01;Bueno;37.58;Bueno;2;1.36;1.27;2.55;Bueno;8.48;Bueno;Bueno;Bueno
2026-01-13;19:00;15;15.59;16.91;13.01;Bueno;37.58;Bueno;1;1.32;1.27;2.55;Bueno;8.48;Bueno;Bueno;Bueno
2026-01-13;20:00;14;15.95;16.91;13.01;Bueno;37.58;Bueno;1;1.27;1.27;2.55;Bueno;8.48;Bueno;Bueno;Bueno
2026-01-13;21:00;19;16.50;16.91;13.01;Bueno;37.58;Bueno;1;1.27;1.27;2.55;Bueno;8.48;Bueno;Bueno;Bueno
2026-01-13;22:00;16;16.73;16.91;13.01;Bueno;37.58;Bueno;1;1.27;1.27;2.55;Bueno;8.48;Bueno;Bueno;Bueno
2026-01-13;23:00;14;16.91;16.91;13.01;Bueno;37.58;Bueno;1;1.27;1.27;2.55;Bueno;8.48;Bueno;Bueno;Bueno
2026-01-14;00:00;16;17.14;12.67;9.74;Bueno;28.15;Bueno;3;1.36;1.12;2.25;Bueno;7.50;Bueno;Bueno;Bueno
2026-01-14;01:00;12;17.18;12.67;9.74;Bueno;28.15;Bueno;1;1.36;1.12;2.25;Bueno;7.50;Bueno;Bueno;Bueno
2026-01-14;02:00;8;17.18;12.67;9.74;Bueno;28.15;Bueno;1;1.36;1.12;2.25;Bueno;7.50;Bueno;Bueno;Bueno
2026-01-14;03:00;6;17.14;12.67;9.74;Bueno;28.15;Bueno;1;1.36;1.12;2.25;Bueno;7.50;Bueno;Bueno;Bueno
2026-01-14;04:00;5;17.09;12.67;9.74;Bueno;28.15;Bueno;1;1.36;1.12;2.25;Bueno;7.50;Bueno;Bueno;Bueno
2026-01-14;05:00;3;16.91;12.67;9.74;Bueno;28.15;Bueno;1;1.36;1.12;2.25;Bueno;7.50;Bueno;Bueno;Bueno
2026-01-14;06:00;3;16.09;12.67;9.74;Bueno;28.15;Bueno;1;1.36;1.12;2.25;Bueno;7.50;Bueno;Bueno;Bueno
2026-01-14;07:00;19;16.09;12.67;9.74;Bueno;28.15;Bueno;1;1.36;1.12;2.25;Bueno;7.50;Bueno;Bueno;Bueno
2026-01-14;08:00;20;15.68;12.67;9.74;Bueno;28.15;Bueno;1;1.27;1.12;2.25;Bueno;7.50;Bueno;Bueno;Bueno
2026-01-14;09:00;17;15.14;12.67;9.74;Bueno;28.15;Bueno;1;1.18;1.12;2.25;Bueno;7.50;Bueno;Bueno;Bueno
2026-01-14;10:00;11;14.68;12.67;9.74;Bueno;28.15;Bueno;1;1.14;1.12;2.25;Bueno;7.50;Bueno;Bueno;Bueno
2026-01-14;11:00;26;15.17;12.67;9.74;Bueno;28.15;Bueno;1;1.13;1.12;2.25;Bueno;7.50;Bueno;Bueno;Bueno
2026-01-14;12:00;12;15.04;12.67;9.74;Bueno;28.15;Bueno;1;1.12;1.12;2.25;Bueno;7.50;Bueno;Bueno;Bueno
2026-01-14;13:00;18;15.33;12.67;9.74;Bueno;28.15;Bueno;2;1.17;1.12;2.25;Bueno;7.50;Bueno;Bueno;Bueno
2026-01-14;14:00;16;15.12;12.67;9.74;Bueno;28.15;Bueno;1;1.17;1.12;2.25;Bueno;7.50;Bueno;Bueno;Bueno
2026-01-14;15:00;17;14.62;12.67;9.74;Bueno;28.15;Bueno;1;1.17;1.12;2.25;Bueno;7.50;Bueno;Bueno;Bueno
2026-01-14;16:00;17;14.21;12.67;9.74;Bueno;28.15;Bueno;1;1.17;1.12;2.25;Bueno;7.50;Bueno;Bueno;Bueno
2026-01-14;17:00;29;14.67;12.67;9.74;Bueno;28.15;Bueno;1;1.17;1.12;2.25;Bueno;7.50;Bueno;Bueno;Bueno
2026-01-14;18:00;38;15.46;12.67;9.74;Bueno;28.15;Bueno;1;1.12;1.12;2.25;Bueno;7.50;Bueno;Bueno;Bueno
2026-01-14;19:00;5;15.04;12.67;9.74;Bueno;28.15;Bueno;1;1.12;1.12;2.25;Bueno;7.50;Bueno;Bueno;Bueno
2026-01-14;20:00;3;14.58;12.67;9.74;Bueno;28.15;Bueno;1;1.12;1.12;2.25;Bueno;7.50;Bueno;Bueno;Bueno
2026-01-14;21:00;1;13.83;12.67;9.74;Bueno;28.15;Bueno;1;1.12;1.12;2.25;Bueno;7.50;Bueno;Bueno;Bueno
2026-01-14;22:00;1;13.21;12.67;9.74;Bueno;28.15;Bueno;1;1.12;1.12;2.25;Bueno;7.50;Bueno;Bueno;Bueno
2026-01-14;23:00;1;12.67;12.67;9.74;Bueno;28.15;Bueno;1;1.12;1.12;2.25;Bueno;7.50;Bueno;Bueno;Bueno
2026-01-15;00:00;6;12.25;16.71;12.85;Bueno;37.13;Bueno;1;1.04;1.88;3.75;Bueno;12.50;Bueno;Bueno;Bueno
2026-01-15;01:00;6;12.00;16.71;12.85;Bueno;37.13;Bueno;1;1.04;1.88;3.75;Bueno;12.50;Bueno;Bueno;Bueno
2026-01-15;02:00;6;11.92;16.71;12.85;Bueno;37.13;Bueno;1;1.04;1.88;3.75;Bueno;12.50;Bueno;Bueno;Bueno
2026-01-15;03:00;7;11.96;16.71;12.85;Bueno;37.13;Bueno;1;1.04;1.88;3.75;Bueno;12.50;Bueno;Bueno;Bueno
2026-01-15;04:00;4;11.92;16.71;12.85;Bueno;37.13;Bueno;1;1.04;1.88;3.75;Bueno;12.50;Bueno;Bueno;Bueno
2026-01-15;05:00;1;11.83;16.71;12.85;Bueno;37.13;Bueno;1;1.04;1.88;3.75;Bueno;12.50;Bueno;Bueno;Bueno
2026-01-15;06:00;13;12.25;16.71;12.85;Bueno;37.13;Bueno;1;1.04;1.88;3.75;Bueno;12.50;Bueno;Bueno;Bueno
2026-01-15;07:00;30;12.71;16.71;12.85;Bueno;37.13;Bueno;5;1.21;1.88;3.75;Bueno;12.50;Bueno;Bueno;Bueno
2026-01-15;08:00;54;14.12;16.71;12.85;Bueno;37.13;Bueno;7;1.46;1.88;3.75;Bueno;12.50;Bueno;Bueno;Bueno
2026-01-15;09:00;19;14.21;16.71;12.85;Bueno;37.13;Bueno;5;1.62;1.88;3.75;Bueno;12.50;Bueno;Bueno;Bueno
2026-01-15;10:00;25;14.79;16.71;12.85;Bueno;37.13;Bueno;4;1.75;1.88;3.75;Bueno;12.50;Bueno;Bueno;Bueno
2026-01-15;11:00;21;14.58;16.71;12.85;Bueno;37.13;Bueno;2;1.79;1.88;3.75;Bueno;12.50;Bueno;Bueno;Bueno
2026-01-15;12:00;15;14.71;16.71;12.85;Bueno;37.13;Bueno;2;1.83;1.88;3.75;Bueno;12.50;Bueno;Bueno;Bueno
2026-01-15;13:00;23;14.92;16.71;12.85;Bueno;37.13;Bueno;2;1.83;1.88;3.75;Bueno;12.50;Bueno;Bueno;Bueno
2026-01-15;14:00;31;15.54;16.71;12.85;Bueno;37.13;Bueno;2;1.88;1.88;3.75;Bueno;12.50;Bueno;Bueno;Bueno
2026-01-15;15:00;30;16.08;16.71;12.85;Bueno;37.13;Bueno;1;1.88;1.88;3.75;Bueno;12.50;Bueno;Bueno;Bueno
2026-01-15;16:00;17;16.08;16.71;12.85;Bueno;37.13;Bueno;1;1.88;1.88;3.75;Bueno;12.50;Bueno;Bueno;Bueno
2026-01-15;17:00;20;15.71;16.71;12.85;Bueno;37.13;Bueno;1;1.88;1.88;3.75;Bueno;12.50;Bueno;Bueno;Bueno
2026-01-15;18:00;21;15.00;16.71;12.85;Bueno;37.13;Bueno;1;1.88;1.88;3.75;Bueno;12.50;Bueno;Bueno;Bueno
2026-01-15;19:00;9;15.17;16.71;12.85;Bueno;37.13;Bueno;1;1.88;1.88;3.75;Bueno;12.50;Bueno;Bueno;Bueno
2026-01-15;20:00;7;15.33;16.71;12.85;Bueno;37.13;Bueno;1;1.88;1.88;3.75;Bueno;12.50;Bueno;Bueno;Bueno
2026-01-15;21:00;10;15.71;16.71;12.85;Bueno;37.13;Bueno;1;1.88;1.88;3.75;Bueno;12.50;Bueno;Bueno;Bueno
2026-01-15;22:00;15;16.29;16.71;12.85;Bueno;37.13;Bueno;1;1.88;1.88;3.75;Bueno;12.50;Bueno;Bueno;Bueno
2026-01-15;23:00;11;16.71;16.71;12.85;Bueno;37.13;Bueno;1;1.88;1.88;3.75;Bueno;12.50;Bueno;Bueno;Bueno
2026-01-16;00:00;13;17.00;18.71;14.39;Bueno;41.57;Bueno;1;1.88;1.46;2.92;Bueno;9.72;Bueno;Bueno;Bueno
2026-01-16;01:00;13;17.29;18.71;14.39;Bueno;41.57;Bueno;1;1.88;1.46;2.92;Bueno;9.72;Bueno;Bueno;Bueno
2026-01-16;02:00;13;17.58;18.71;14.39;Bueno;41.57;Bueno;1;1.88;1.46;2.92;Bueno;9.72;Bueno;Bueno;Bueno
2026-01-16;03:00;12;17.79;18.71;14.39;Bueno;41.57;Bueno;1;1.88;1.46;2.92;Bueno;9.72;Bueno;Bueno;Bueno
2026-01-16;04:00;9;18.00;18.71;14.39;Bueno;41.57;Bueno;1;1.88;1.46;2.92;Bueno;9.72;Bueno;Bueno;Bueno
2026-01-16;05:00;11;18.42;18.71;14.39;Bueno;41.57;Bueno;1;1.88;1.46;2.92;Bueno;9.72;Bueno;Bueno;Bueno
2026-01-16;06:00;19;18.67;18.71;14.39;Bueno;41.57;Bueno;1;1.88;1.46;2.92;Bueno;9.72;Bueno;Bueno;Bueno
2026-01-16;07:00;26;18.50;18.71;14.39;Bueno;41.57;Bueno;2;1.75;1.46;2.92;Bueno;9.72;Bueno;Bueno;Bueno
2026-01-16;08:00;23;17.21;18.71;14.39;Bueno;41.57;Bueno;2;1.54;1.46;2.92;Bueno;9.72;Bueno;Bueno;Bueno
2026-01-16;09:00;33;17.79;18.71;14.39;Bueno;41.57;Bueno;2;1.42;1.46;2.92;Bueno;9.72;Bueno;Bueno;Bueno
2026-01-16;10:00;36;18.25;18.71;14.39;Bueno;41.57;Bueno;3;1.38;1.46;2.92;Bueno;9.72;Bueno;Bueno;Bueno
2026-01-16;11:00;25;18.42;18.71;14.39;Bueno;41.57;Bueno;4;1.46;1.46;2.92;Bueno;9.72;Bueno;Bueno;Bueno
2026-01-16;12:00;20;18.62;18.71;14.39;Bueno;41.57;Bueno;3;1.50;1.46;2.92;Bueno;9.72;Bueno;Bueno;Bueno
2026-01-16;13:00;24;18.67;18.71;14.39;Bueno;41.57;Bueno;2;1.50;1.46;2.92;Bueno;9.72;Bueno;Bueno;Bueno
2026-01-16;14:00;25;18.42;18.71;14.39;Bueno;41.57;Bueno;1;1.46;1.46;2.92;Bueno;9.72;Bueno;Bueno;Bueno
2026-01-16;15:00;19;17.96;18.71;14.39;Bueno;41.57;Bueno;1;1.46;1.46;2.92;Bueno;9.72;Bueno;Bueno;Bueno
2026-01-16;16:00;15;17.88;18.71;14.39;Bueno;41.57;Bueno;1;1.46;1.46;2.92;Bueno;9.72;Bueno;Bueno;Bueno
2026-01-16;17:00;20;17.88;18.71;14.39;Bueno;41.57;Bueno;1;1.46;1.46;2.92;Bueno;9.72;Bueno;Bueno;Bueno
2026-01-16;18:00;14;17.58;18.71;14.39;Bueno;41.57;Bueno;1;1.46;1.46;2.92;Bueno;9.72;Bueno;Bueno;Bueno
2026-01-16;19:00;18;17.96;18.71;14.39;Bueno;41.57;Bueno;1;1.46;1.46;2.92;Bueno;9.72;Bueno;Bueno;Bueno
2026-01-16;20:00;16;18.33;18.71;14.39;Bueno;41.57;Bueno;1;1.46;1.46;2.92;Bueno;9.72;Bueno;Bueno;Bueno
2026-01-16;21:00;14;18.50;18.71;14.39;Bueno;41.57;Bueno;1;1.46;1.46;2.92;Bueno;9.72;Bueno;Bueno;Bueno
2026-01-16;22:00;18;18.62;18.71;14.39;Bueno;41.57;Bueno;1;1.46;1.46;2.92;Bueno;9.72;Bueno;Bueno;Bueno
2026-01-16;23:00;13;18.71;18.71;14.39;Bueno;41.57;Bueno;1;1.46;1.46;2.92;Bueno;9.72;Bueno;Bueno;Bueno
2026-01-17;00:00;11;18.62;19.38;14.90;Bueno;43.06;Bueno;1;1.46;2.33;4.67;Bueno;15.56;Bueno;Bueno;Bueno
2026-01-17;01:00;11;18.54;19.38;14.90;Bueno;43.06;Bueno;1;1.46;2.33;4.67;Bueno;15.56;Bueno;Bueno;Bueno
2026-01-17;02:00;12;18.50;19.38;14.90;Bueno;43.06;Bueno;1;1.46;2.33;4.67;Bueno;15.56;Bueno;Bueno;Bueno
2026-01-17;03:00;11;18.46;19.38;14.90;Bueno;43.06;Bueno;1;1.46;2.33;4.67;Bueno;15.56;Bueno;Bueno;Bueno
2026-01-17;04:00;13;18.62;19.38;14.90;Bueno;43.06;Bueno;1;1.46;2.33;4.67;Bueno;15.56;Bueno;Bueno;Bueno
2026-01-17;05:00;13;18.71;19.38;14.90;Bueno;43.06;Bueno;1;1.46;2.33;4.67;Bueno;15.56;Bueno;Bueno;Bueno
2026-01-17;06:00;7;18.21;19.38;14.90;Bueno;43.06;Bueno;1;1.46;2.33;4.67;Bueno;15.56;Bueno;Bueno;Bueno
2026-01-17;07:00;8;17.46;19.38;14.90;Bueno;43.06;Bueno;1;1.42;2.33;4.67;Bueno;15.56;Bueno;Bueno;Bueno
2026-01-17;08:00;15;17.12;19.38;14.90;Bueno;43.06;Bueno;1;1.38;2.33;4.67;Bueno;15.56;Bueno;Bueno;Bueno
2026-01-17;09:00;15;16.38;19.38;14.90;Bueno;43.06;Bueno;2;1.38;2.33;4.67;Bueno;15.56;Bueno;Bueno;Bueno
2026-01-17;10:00;20;15.71;19.38;14.90;Bueno;43.06;Bueno;1;1.29;2.33;4.67;Bueno;15.56;Bueno;Bueno;Bueno
2026-01-17;11:00;18;15.42;19.38;14.90;Bueno;43.06;Bueno;1;1.17;2.33;4.67;Bueno;15.56;Bueno;Bueno;Bueno
2026-01-17;12:00;25;15.62;19.38;14.90;Bueno;43.06;Bueno;1;1.08;2.33;4.67;Bueno;15.56;Bueno;Bueno;Bueno
2026-01-17;13:00;17;15.33;19.38;14.90;Bueno;43.06;Bueno;2;1.08;2.33;4.67;Bueno;15.56;Bueno;Bueno;Bueno
2026-01-17;14:00;17;15.00;19.38;14.90;Bueno;43.06;Bueno;2;1.12;2.33;4.67;Bueno;15.56;Bueno;Bueno;Bueno
2026-01-17;15:00;21;15.08;19.38;14.90;Bueno;43.06;Bueno;1;1.12;2.33;4.67;Bueno;15.56;Bueno;Bueno;Bueno
2026-01-17;16:00;21;15.33;19.38;14.90;Bueno;43.06;Bueno;2;1.17;2.33;4.67;Bueno;15.56;Bueno;Bueno;Bueno
2026-01-17;17:00;25;15.54;19.38;14.90;Bueno;43.06;Bueno;2;1.21;2.33;4.67;Bueno;15.56;Bueno;Bueno;Bueno
2026-01-17;18:00;33;16.33;19.38;14.90;Bueno;43.06;Bueno;6;1.42;2.33;4.67;Bueno;15.56;Bueno;Bueno;Bueno
2026-01-17;19:00;30;16.83;19.38;14.90;Bueno;43.06;Bueno;5;1.58;2.33;4.67;Bueno;15.56;Bueno;Bueno;Bueno
2026-01-17;20:00;28;17.33;19.38;14.90;Bueno;43.06;Bueno;5;1.75;2.33;4.67;Bueno;15.56;Bueno;Bueno;Bueno
2026-01-17;21:00;26;17.83;19.38;14.90;Bueno;43.06;Bueno;7;2.00;2.33;4.67;Bueno;15.56;Bueno;Bueno;Bueno
2026-01-17;22:00;33;18.46;19.38;14.90;Bueno;43.06;Bueno;5;2.17;2.33;4.67;Bueno;15.56;Bueno;Bueno;Bueno
2026-01-17;23:00;35;19.38;19.38;14.90;Bueno;43.06;Bueno;5;2.33;2.33;4.67;Bueno;15.56;Bueno;Bueno;Bueno
2026-01-18;00:00;30;20.17;30.08;23.14;Bueno;66.85;Bueno;7;2.58;7.21;14.42;Bueno;48.06;Bueno;Bueno;Bueno
2026-01-18;01:00;18;20.46;30.08;23.14;Bueno;66.85;Bueno;6;2.79;7.21;14.42;Bueno;48.06;Bueno;Bueno;Bueno
2026-01-18;02:00;16;20.62;30.08;23.14;Bueno;66.85;Bueno;3;2.88;7.21;14.42;Bueno;48.06;Bueno;Bueno;Bueno
2026-01-18;03:00;11;20.62;30.08;23.14;Bueno;66.85;Bueno;1;2.88;7.21;14.42;Bueno;48.06;Bueno;Bueno;Bueno
2026-01-18;04:00;10;20.50;30.08;23.14;Bueno;66.85;Bueno;1;2.88;7.21;14.42;Bueno;48.06;Bueno;Bueno;Bueno
2026-01-18;05:00;10;20.38;30.08;23.14;Bueno;66.85;Bueno;1;2.88;7.21;14.42;Bueno;48.06;Bueno;Bueno;Bueno
2026-01-18;06:00;8;20.42;30.08;23.14;Bueno;66.85;Bueno;1;2.88;7.21;14.42;Bueno;48.06;Bueno;Bueno;Bueno
2026-01-18;07:00;19;20.88;30.08;23.14;Bueno;66.85;Bueno;1;2.88;7.21;14.42;Bueno;48.06;Bueno;Bueno;Bueno
2026-01-18;08:00;17;20.96;30.08;23.14;Bueno;66.85;Bueno;3;2.96;7.21;14.42;Bueno;48.06;Bueno;Bueno;Bueno
2026-01-18;09:00;22;21.25;30.08;23.14;Bueno;66.85;Bueno;2;2.96;7.21;14.42;Bueno;48.06;Bueno;Bueno;Bueno
2026-01-18;10:00;33;21.79;30.08;23.14;Bueno;66.85;Bueno;1;2.96;7.21;14.42;Bueno;48.06;Bueno;Bueno;Bueno
2026-01-18;11:00;23;22.00;30.08;23.14;Bueno;66.85;Bueno;1;2.96;7.21;14.42;Bueno;48.06;Bueno;Bueno;Bueno
2026-01-18;12:00;37;22.50;30.08;23.14;Bueno;66.85;Bueno;2;3.00;7.21;14.42;Bueno;48.06;Bueno;Bueno;Bueno
2026-01-18;13:00;35;23.25;30.08;23.14;Bueno;66.85;Bueno;4;3.08;7.21;14.42;Bueno;48.06;Bueno;Bueno;Bueno
2026-01-18;14:00;49;24.58;30.08;23.14;Bueno;66.85;Bueno;11;3.46;7.21;14.42;Bueno;48.06;Bueno;Bueno;Bueno
2026-01-18;15:00;28;24.88;30.08;23.14;Bueno;66.85;Bueno;7;3.71;7.21;14.42;Bueno;48.06;Bueno;Bueno;Bueno
2026-01-18;16:00;23;24.96;30.08;23.14;Bueno;66.85;Bueno;2;3.71;7.21;14.42;Bueno;48.06;Bueno;Bueno;Bueno
2026-01-18;17:00;19;24.71;30.08;23.14;Bueno;66.85;Bueno;2;3.71;7.21;14.42;Bueno;48.06;Bueno;Bueno;Bueno
2026-01-18;18:00;35;24.79;30.08;23.14;Bueno;66.85;Bueno;3;3.58;7.21;14.42;Bueno;48.06;Bueno;Bueno;Bueno
2026-01-18;19:00;40;25.21;30.08;23.14;Bueno;66.85;Bueno;5;3.58;7.21;14.42;Bueno;48.06;Bueno;Bueno;Bueno
2026-01-18;20:00;41;25.75;30.08;23.14;Bueno;66.85;Bueno;9;3.75;7.21;14.42;Bueno;48.06;Bueno;Bueno;Bueno
2026-01-18;21:00;58;27.08;30.08;23.14;Bueno;66.85;Bueno;31;4.75;7.21;14.42;Bueno;48.06;Bueno;Bueno;Bueno
2026-01-18;22:00;71;28.67;30.08;23.14;Bueno;66.85;Bueno;35;6.00;7.21;14.42;Bueno;48.06;Bueno;Bueno;Bueno
2026-01-18;23:00;69;30.08;30.08;23.14;Bueno;66.85;Bueno;34;7.21;7.21;14.42;Bueno;48.06;Bueno;Bueno;Bueno
2026-01-19;00:00;73;31.88;43.83;33.72;Bueno;97.41;Bueno;42;8.67;8.79;17.58;Bueno;58.61;Bueno;Bueno;Bueno
2026-01-19;01:00;49;33.17;43.83;33.72;Bueno;97.41;Bueno;25;9.46;8.79;17.58;Bueno;58.61;Bueno;Bueno;Bueno
2026-01-19;02:00;35;33.96;43.83;33.72;Bueno;97.41;Bueno;5;9.54;8.79;17.58;Bueno;58.61;Bueno;Bueno;Bueno
2026-01-19;03:00;28;34.67;43.83;33.72;Bueno;97.41;Bueno;6;9.75;8.79;17.58;Bueno;58.61;Bueno;Bueno;Bueno
2026-01-19;04:00;25;35.29;43.83;33.72;Bueno;97.41;Bueno;8;10.04;8.79;17.58;Bueno;58.61;Bueno;Bueno;Bueno
2026-01-19;05:00;24;35.88;43.83;33.72;Bueno;97.41;Bueno;8;10.33;8.79;17.58;Bueno;58.61;Bueno;Bueno;Bueno
2026-01-19;06:00;39;37.17;43.83;33.72;Bueno;97.41;Bueno;20;11.12;8.79;17.58;Bueno;58.61;Bueno;Bueno;Bueno
2026-01-19;07:00;35;37.83;43.83;33.72;Bueno;97.41;Bueno;14;11.67;8.79;17.58;Bueno;58.61;Bueno;Bueno;Bueno
2026-01-19;08:00;31;38.42;43.83;33.72;Bueno;97.41;Bueno;9;11.92;8.79;17.58;Bueno;58.61;Bueno;Bueno;Bueno
2026-01-19;09:00;47;39.46;43.83;33.72;Bueno;97.41;Bueno;5;12.04;8.79;17.58;Bueno;58.61;Bueno;Bueno;Bueno
2026-01-19;10:00;59;40.54;43.83;33.72;Bueno;97.41;Bueno;4;12.17;8.79;17.58;Bueno;58.61;Bueno;Bueno;Bueno
2026-01-19;11:00;118;44.50;43.83;33.72;Bueno;97.41;Bueno;10;12.54;8.79;17.58;Bueno;58.61;Bueno;Bueno;Bueno
2026-01-19;12:00;38;44.54;43.83;33.72;Bueno;97.41;Bueno;6;12.71;8.79;17.58;Bueno;58.61;Bueno;Bueno;Bueno
2026-01-19;13:00;31;44.38;43.83;33.72;Bueno;97.41;Bueno;2;12.62;8.79;17.58;Bueno;58.61;Bueno;Bueno;Bueno
2026-01-19;14:00;59;44.79;43.83;33.72;Bueno;97.41;Bueno;2;12.25;8.79;17.58;Bueno;58.61;Bueno;Bueno;Bueno
2026-01-19;15:00;50;45.71;43.83;33.72;Bueno;97.41;Bueno;4;12.12;8.79;17.58;Bueno;58.61;Bueno;Bueno;Bueno
2026-01-19;16:00;58;47.17;43.83;33.72;Bueno;97.41;Bueno;4;12.21;8.79;17.58;Bueno;58.61;Bueno;Bueno;Bueno
2026-01-19;17:00;41;48.08;43.83;33.72;Bueno;97.41;Bueno;6;12.38;8.79;17.58;Bueno;58.61;Bueno;Bueno;Bueno
2026-01-19;18:00;38;48.21;43.83;33.72;Bueno;97.41;Bueno;5;12.46;8.79;17.58;Bueno;58.61;Bueno;Bueno;Bueno
2026-01-19;19:00;35;48.00;43.83;33.72;Bueno;97.41;Bueno;6;12.50;8.79;17.58;Bueno;58.61;Bueno;Bueno;Bueno
2026-01-19;20:00;40;47.96;43.83;33.72;Bueno;97.41;Bueno;4;12.29;8.79;17.58;Bueno;58.61;Bueno;Bueno;Bueno
2026-01-19;21:00;41;47.25;43.83;33.72;Bueno;97.41;Bueno;6;11.25;8.79;17.58;Bueno;58.61;Bueno;Bueno;Bueno
2026-01-19;22:00;31;45.58;43.83;33.72;Bueno;97.41;Bueno;5;10.00;8.79;17.58;Bueno;58.61;Bueno;Bueno;Bueno
2026-01-19;23:00;27;43.83;43.83;33.72;Bueno;97.41;Bueno;5;8.79;8.79;17.58;Bueno;58.61;Bueno;Bueno;Bueno
2026-01-20;00:00;23;41.75;26.17;20.13;Bueno;58.15;Bueno;4;7.21;3.50;7.00;Bueno;23.33;Bueno;Bueno;Bueno
2026-01-20;01:00;21;40.58;26.17;20.13;Bueno;58.15;Bueno;4;6.33;3.50;7.00;Bueno;23.33;Bueno;Bueno;Bueno
2026-01-20;02:00;19;39.92;26.17;20.13;Bueno;58.15;Bueno;3;6.25;3.50;7.00;Bueno;23.33;Bueno;Bueno;Bueno
2026-01-20;03:00;15;39.38;26.17;20.13;Bueno;58.15;Bueno;3;6.12;3.50;7.00;Bueno;23.33;Bueno;Bueno;Bueno
2026-01-20;04:00;19;39.12;26.17;20.13;Bueno;58.15;Bueno;3;5.92;3.50;7.00;Bueno;23.33;Bueno;Bueno;Bueno
2026-01-20;05:00;23;39.08;26.17;20.13;Bueno;58.15;Bueno;5;5.79;3.50;7.00;Bueno;23.33;Bueno;Bueno;Bueno
2026-01-20;06:00;42;39.21;26.17;20.13;Bueno;58.15;Bueno;9;5.33;3.50;7.00;Bueno;23.33;Bueno;Bueno;Bueno
2026-01-20;07:00;31;39.04;26.17;20.13;Bueno;58.15;Bueno;10;5.17;3.50;7.00;Bueno;23.33;Bueno;Bueno;Bueno
2026-01-20;08:00;32;39.08;26.17;20.13;Bueno;58.15;Bueno;7;5.08;3.50;7.00;Bueno;23.33;Bueno;Bueno;Bueno
2026-01-20;09:00;33;38.50;26.17;20.13;Bueno;58.15;Bueno;4;5.04;3.50;7.00;Bueno;23.33;Bueno;Bueno;Bueno
2026-01-20;10:00;48;38.04;26.17;20.13;Bueno;58.15;Bueno;6;5.12;3.50;7.00;Bueno;23.33;Bueno;Bueno;Bueno
2026-01-20;11:00;52;35.29;26.17;20.13;Bueno;58.15;Bueno;5;4.92;3.50;7.00;Bueno;23.33;Bueno;Bueno;Bueno
2026-01-20;12:00;37;35.25;26.17;20.13;Bueno;58.15;Bueno;3;4.79;3.50;7.00;Bueno;23.33;Bueno;Bueno;Bueno
2026-01-20;13:00;33;35.33;26.17;20.13;Bueno;58.15;Bueno;2;4.79;3.50;7.00;Bueno;23.33;Bueno;Bueno;Bueno
2026-01-20;14:00;45;34.75;26.17;20.13;Bueno;58.15;Bueno;3;4.83;3.50;7.00;Bueno;23.33;Bueno;Bueno;Bueno
2026-01-20;15:00;28;33.83;26.17;20.13;Bueno;58.15;Bueno;4;4.83;3.50;7.00;Bueno;23.33;Bueno;Bueno;Bueno
2026-01-20;16:00;31;32.71;26.17;20.13;Bueno;58.15;Bueno;2;4.75;3.50;7.00;Bueno;23.33;Bueno;Bueno;Bueno
2026-01-20;17:00;26;32.08;26.17;20.13;Bueno;58.15;Bueno;1;4.54;3.50;7.00;Bueno;23.33;Bueno;Bueno;Bueno
2026-01-20;18:00;22;31.42;26.17;20.13;Bueno;58.15;Bueno;1;4.38;3.50;7.00;Bueno;23.33;Bueno;Bueno;Bueno
2026-01-20;19:00;25;31.00;26.17;20.13;Bueno;58.15;Bueno;1;4.17;3.50;7.00;Bueno;23.33;Bueno;Bueno;Bueno
2026-01-20;20:00;10;29.75;26.17;20.13;Bueno;58.15;Bueno;1;4.04;3.50;7.00;Bueno;23.33;Bueno;Bueno;Bueno
2026-01-20;21:00;6;28.29;26.17;20.13;Bueno;58.15;Bueno;1;3.83;3.50;7.00;Bueno;23.33;Bueno;Bueno;Bueno
2026-01-20;22:00;4;27.17;26.17;20.13;Bueno;58.15;Bueno;1;3.67;3.50;7.00;Bueno;23.33;Bueno;Bueno;Bueno
2026-01-20;23:00;3;26.17;26.17;20.13;Bueno;58.15;Bueno;1;3.50;3.50;7.00;Bueno;23.33;Bueno;Bueno;Bueno
2026-01-21;00:00;1;25.25;5.62;4.33;Bueno;12.50;Bueno;1;3.38;1.00;2.00;Bueno;6.67;Bueno;Bueno;Bueno
2026-01-21;01:00;1;24.42;5.62;4.33;Bueno;12.50;Bueno;1;3.25;1.00;2.00;Bueno;6.67;Bueno;Bueno;Bueno
2026-01-21;02:00;1;23.67;5.62;4.33;Bueno;12.50;Bueno;1;3.17;1.00;2.00;Bueno;6.67;Bueno;Bueno;Bueno
2026-01-21;03:00;1;23.08;5.62;4.33;Bueno;12.50;Bueno;1;3.08;1.00;2.00;Bueno;6.67;Bueno;Bueno;Bueno
2026-01-21;04:00;1;22.33;5.62;4.33;Bueno;12.50;Bueno;1;3.00;1.00;2.00;Bueno;6.67;Bueno;Bueno;Bueno
2026-01-21;05:00;1;21.42;5.62;4.33;Bueno;12.50;Bueno;1;2.83;1.00;2.00;Bueno;6.67;Bueno;Bueno;Bueno
2026-01-21;06:00;1;19.71;5.62;4.33;Bueno;12.50;Bueno;1;2.50;1.00;2.00;Bueno;6.67;Bueno;Bueno;Bueno
2026-01-21;07:00;2;18.50;5.62;4.33;Bueno;12.50;Bueno;1;2.12;1.00;2.00;Bueno;6.67;Bueno;Bueno;Bueno
2026-01-21;08:00;1;17.21;5.62;4.33;Bueno;12.50;Bueno;1;1.88;1.00;2.00;Bueno;6.67;Bueno;Bueno;Bueno
2026-01-21;09:00;1;15.88;5.62;4.33;Bueno;12.50;Bueno;1;1.75;1.00;2.00;Bueno;6.67;Bueno;Bueno;Bueno
2026-01-21;10:00;2;13.96;5.62;4.33;Bueno;12.50;Bueno;1;1.54;1.00;2.00;Bueno;6.67;Bueno;Bueno;Bueno
2026-01-21;11:00;2;11.88;5.62;4.33;Bueno;12.50;Bueno;1;1.38;1.00;2.00;Bueno;6.67;Bueno;Bueno;Bueno
2026-01-21;12:00;7;10.62;5.62;4.33;Bueno;12.50;Bueno;1;1.29;1.00;2.00;Bueno;6.67;Bueno;Bueno;Bueno
2026-01-21;13:00;8;9.58;5.62;4.33;Bueno;12.50;Bueno;1;1.25;1.00;2.00;Bueno;6.67;Bueno;Bueno;Bueno
2026-01-21;14:00;8;8.04;5.62;4.33;Bueno;12.50;Bueno;1;1.17;1.00;2.00;Bueno;6.67;Bueno;Bueno;Bueno
2026-01-21;15:00;8;7.21;5.62;4.33;Bueno;12.50;Bueno;1;1.04;1.00;2.00;Bueno;6.67;Bueno;Bueno;Bueno
2026-01-21;16:00;10;6.33;5.62;4.33;Bueno;12.50;Bueno;1;1.00;1.00;2.00;Bueno;6.67;Bueno;Bueno;Bueno
2026-01-21;17:00;17;5.96;5.62;4.33;Bueno;12.50;Bueno;1;1.00;1.00;2.00;Bueno;6.67;Bueno;Bueno;Bueno
2026-01-21;18:00;13;5.58;5.62;4.33;Bueno;12.50;Bueno;1;1.00;1.00;2.00;Bueno;6.67;Bueno;Bueno;Bueno
2026-01-21;19:00;13;5.08;5.62;4.33;Bueno;12.50;Bueno;1;1.00;1.00;2.00;Bueno;6.67;Bueno;Bueno;Bueno
2026-01-21;20:00;11;5.12;5.62;4.33;Bueno;12.50;Bueno;1;1.00;1.00;2.00;Bueno;6.67;Bueno;Bueno;Bueno
2026-01-21;21:00;7;5.17;5.62;4.33;Bueno;12.50;Bueno;1;1.00;1.00;2.00;Bueno;6.67;Bueno;Bueno;Bueno
2026-01-21;22:00;11;5.46;5.62;4.33;Bueno;12.50;Bueno;1;1.00;1.00;2.00;Bueno;6.67;Bueno;Bueno;Bueno
2026-01-21;23:00;7;5.62;5.62;4.33;Bueno;12.50;Bueno;1;1.00;1.00;2.00;Bueno;6.67;Bueno;Bueno;Bueno
2026-01-22;00:00;4;5.75;14.50;11.15;Bueno;32.22;Bueno;1;1.00;1.04;2.08;Bueno;6.94;Bueno;Bueno;Bueno
2026-01-22;01:00;5;5.92;14.50;11.15;Bueno;32.22;Bueno;1;1.00;1.04;2.08;Bueno;6.94;Bueno;Bueno;Bueno
2026-01-22;02:00;6;6.12;14.50;11.15;Bueno;32.22;Bueno;1;1.00;1.04;2.08;Bueno;6.94;Bueno;Bueno;Bueno
2026-01-22;03:00;7;6.38;14.50;11.15;Bueno;32.22;Bueno;1;1.00;1.04;2.08;Bueno;6.94;Bueno;Bueno;Bueno
2026-01-22;04:00;8;6.67;14.50;11.15;Bueno;32.22;Bueno;1;1.00;1.04;2.08;Bueno;6.94;Bueno;Bueno;Bueno
2026-01-22;05:00;6;6.88;14.50;11.15;Bueno;32.22;Bueno;1;1.00;1.04;2.08;Bueno;6.94;Bueno;Bueno;Bueno
2026-01-22;06:00;6;7.08;14.50;11.15;Bueno;32.22;Bueno;1;1.00;1.04;2.08;Bueno;6.94;Bueno;Bueno;Bueno
2026-01-22;07:00;26;8.08;14.50;11.15;Bueno;32.22;Bueno;1;1.00;1.04;2.08;Bueno;6.94;Bueno;Bueno;Bueno
2026-01-22;08:00;19;8.83;14.50;11.15;Bueno;32.22;Bueno;2;1.04;1.04;2.08;Bueno;6.94;Bueno;Bueno;Bueno
2026-01-22;09:00;24;9.79;14.50;11.15;Bueno;32.22;Bueno;1;1.04;1.04;2.08;Bueno;6.94;Bueno;Bueno;Bueno
2026-01-22;10:00;26;10.79;14.50;11.15;Bueno;32.22;Bueno;1;1.04;1.04;2.08;Bueno;6.94;Bueno;Bueno;Bueno
2026-01-22;11:00;16;11.38;14.50;11.15;Bueno;32.22;Bueno;1;1.04;1.04;2.08;Bueno;6.94;Bueno;Bueno;Bueno
2026-01-22;12:00;16;11.75;14.50;11.15;Bueno;32.22;Bueno;1;1.04;1.04;2.08;Bueno;6.94;Bueno;Bueno;Bueno
2026-01-22;13:00;13;11.96;14.50;11.15;Bueno;32.22;Bueno;1;1.04;1.04;2.08;Bueno;6.94;Bueno;Bueno;Bueno
2026-01-22;14:00;18;12.38;14.50;11.15;Bueno;32.22;Bueno;1;1.04;1.04;2.08;Bueno;6.94;Bueno;Bueno;Bueno
2026-01-22;15:00;16;12.71;14.50;11.15;Bueno;32.22;Bueno;1;1.04;1.04;2.08;Bueno;6.94;Bueno;Bueno;Bueno
2026-01-22;16:00;23;13.25;14.50;11.15;Bueno;32.22;Bueno;1;1.04;1.04;2.08;Bueno;6.94;Bueno;Bueno;Bueno
2026-01-22;17:00;20;13.38;14.50;11.15;Bueno;32.22;Bueno;1;1.04;1.04;2.08;Bueno;6.94;Bueno;Bueno;Bueno
2026-01-22;18:00;19;13.62;14.50;11.15;Bueno;32.22;Bueno;1;1.04;1.04;2.08;Bueno;6.94;Bueno;Bueno;Bueno
2026-01-22;19:00;15;13.71;14.50;11.15;Bueno;32.22;Bueno;1;1.04;1.04;2.08;Bueno;6.94;Bueno;Bueno;Bueno
2026-01-22;20:00;14;13.83;14.50;11.15;Bueno;32.22;Bueno;1;1.04;1.04;2.08;Bueno;6.94;Bueno;Bueno;Bueno
2026-01-22;21:00;11;14.00;14.50;11.15;Bueno;32.22;Bueno;1;1.04;1.04;2.08;Bueno;6.94;Bueno;Bueno;Bueno
2026-01-22;22:00;20;14.38;14.50;11.15;Bueno;32.22;Bueno;1;1.04;1.04;2.08;Bueno;6.94;Bueno;Bueno;Bueno
2026-01-22;23:00;10;14.50;14.50;11.15;Bueno;32.22;Bueno;1;1.04;1.04;2.08;Bueno;6.94;Bueno;Bueno;Bueno
2026-01-23;00:00;7;14.62;18.46;14.20;Bueno;41.02;Bueno;1;1.04;2.04;4.08;Bueno;13.61;Bueno;Bueno;Bueno
2026-01-23;01:00;5;14.62;18.46;14.20;Bueno;41.02;Bueno;1;1.04;2.04;4.08;Bueno;13.61;Bueno;Bueno;Bueno
2026-01-23;02:00;3;14.50;18.46;14.20;Bueno;41.02;Bueno;1;1.04;2.04;4.08;Bueno;13.61;Bueno;Bueno;Bueno
2026-01-23;03:00;1;14.25;18.46;14.20;Bueno;41.02;Bueno;1;1.04;2.04;4.08;Bueno;13.61;Bueno;Bueno;Bueno
2026-01-23;04:00;1;13.96;18.46;14.20;Bueno;41.02;Bueno;1;1.04;2.04;4.08;Bueno;13.61;Bueno;Bueno;Bueno
2026-01-23;05:00;1;13.75;18.46;14.20;Bueno;41.02;Bueno;1;1.04;2.04;4.08;Bueno;13.61;Bueno;Bueno;Bueno
2026-01-23;06:00;3;13.62;18.46;14.20;Bueno;41.02;Bueno;1;1.04;2.04;4.08;Bueno;13.61;Bueno;Bueno;Bueno
2026-01-23;07:00;6;12.79;18.46;14.20;Bueno;41.02;Bueno;1;1.04;2.04;4.08;Bueno;13.61;Bueno;Bueno;Bueno
2026-01-23;08:00;13;12.54;18.46;14.20;Bueno;41.02;Bueno;1;1.00;2.04;4.08;Bueno;13.61;Bueno;Bueno;Bueno
2026-01-23;09:00;18;12.29;18.46;14.20;Bueno;41.02;Bueno;1;1.00;2.04;4.08;Bueno;13.61;Bueno;Bueno;Bueno
2026-01-23;10:00;23;12.17;18.46;14.20;Bueno;41.02;Bueno;1;1.00;2.04;4.08;Bueno;13.61;Bueno;Bueno;Bueno
2026-01-23;11:00;20;12.33;18.46;14.20;Bueno;41.02;Bueno;3;1.08;2.04;4.08;Bueno;13.61;Bueno;Bueno;Bueno
2026-01-23;12:00;19;12.46;18.46;14.20;Bueno;41.02;Bueno;2;1.12;2.04;4.08;Bueno;13.61;Bueno;Bueno;Bueno
2026-01-23;13:00;21;12.79;18.46;14.20;Bueno;41.02;Bueno;3;1.21;2.04;4.08;Bueno;13.61;Bueno;Bueno;Bueno
2026-01-23;14:00;21;12.92;18.46;14.20;Bueno;41.02;Bueno;4;1.33;2.04;4.08;Bueno;13.61;Bueno;Bueno;Bueno
2026-01-23;15:00;32;13.58;18.46;14.20;Bueno;41.02;Bueno;4;1.46;2.04;4.08;Bueno;13.61;Bueno;Bueno;Bueno
2026-01-23;16:00;24;13.62;18.46;14.20;Bueno;41.02;Bueno;2;1.50;2.04;4.08;Bueno;13.61;Bueno;Bueno;Bueno
2026-01-23;17:00;92;16.62;18.46;14.20;Bueno;41.02;Bueno;10;1.88;2.04;4.08;Bueno;13.61;Bueno;Bueno;Bueno
2026-01-23;18:00;33;17.21;18.46;14.20;Bueno;41.02;Bueno;5;2.04;2.04;4.08;Bueno;13.61;Bueno;Bueno;Bueno
2026-01-23;19:00;29;17.79;18.46;14.20;Bueno;41.02;Bueno;1;2.04;2.04;4.08;Bueno;13.61;Bueno;Bueno;Bueno
2026-01-23;20:00;26;18.29;18.46;14.20;Bueno;41.02;Bueno;1;2.04;2.04;4.08;Bueno;13.61;Bueno;Bueno;Bueno
2026-01-23;21:00;18;18.58;18.46;14.20;Bueno;41.02;Bueno;1;2.04;2.04;4.08;Bueno;13.61;Bueno;Bueno;Bueno
2026-01-23;22:00;14;18.33;18.46;14.20;Bueno;41.02;Bueno;1;2.04;2.04;4.08;Bueno;13.61;Bueno;Bueno;Bueno
2026-01-23;23:00;13;18.46;18.46;14.20;Bueno;41.02;Bueno;1;2.04;2.04;4.08;Bueno;13.61;Bueno;Bueno;Bueno
2026-01-24;00:00;12;18.67;13.29;10.22;Bueno;29.54;Bueno;1;2.04;1.71;3.42;Bueno;11.39;Bueno;Bueno;Bueno
2026-01-24;01:00;8;18.79;13.29;10.22;Bueno;29.54;Bueno;1;2.04;1.71;3.42;Bueno;11.39;Bueno;Bueno;Bueno
2026-01-24;02:00;7;18.96;13.29;10.22;Bueno;29.54;Bueno;1;2.04;1.71;3.42;Bueno;11.39;Bueno;Bueno;Bueno
2026-01-24;03:00;9;19.29;13.29;10.22;Bueno;29.54;Bueno;1;2.04;1.71;3.42;Bueno;11.39;Bueno;Bueno;Bueno
2026-01-24;04:00;14;19.83;13.29;10.22;Bueno;29.54;Bueno;1;2.04;1.71;3.42;Bueno;11.39;Bueno;Bueno;Bueno
2026-01-24;05:00;8;20.12;13.29;10.22;Bueno;29.54;Bueno;1;2.04;1.71;3.42;Bueno;11.39;Bueno;Bueno;Bueno
2026-01-24;06:00;6;20.25;13.29;10.22;Bueno;29.54;Bueno;1;2.04;1.71;3.42;Bueno;11.39;Bueno;Bueno;Bueno
2026-01-24;07:00;10;20.42;13.29;10.22;Bueno;29.54;Bueno;1;2.04;1.71;3.42;Bueno;11.39;Bueno;Bueno;Bueno
2026-01-24;08:00;11;20.33;13.29;10.22;Bueno;29.54;Bueno;1;2.04;1.71;3.42;Bueno;11.39;Bueno;Bueno;Bueno
2026-01-24;09:00;10;20.00;13.29;10.22;Bueno;29.54;Bueno;1;2.04;1.71;3.42;Bueno;11.39;Bueno;Bueno;Bueno
2026-01-24;10:00;14;19.62;13.29;10.22;Bueno;29.54;Bueno;1;2.04;1.71;3.42;Bueno;11.39;Bueno;Bueno;Bueno
2026-01-24;11:00;19;19.58;13.29;10.22;Bueno;29.54;Bueno;3;2.04;1.71;3.42;Bueno;11.39;Bueno;Bueno;Bueno
2026-01-24;12:00;19;19.58;13.29;10.22;Bueno;29.54;Bueno;4;2.12;1.71;3.42;Bueno;11.39;Bueno;Bueno;Bueno
2026-01-24;13:00;24;19.71;13.29;10.22;Bueno;29.54;Bueno;2;2.08;1.71;3.42;Bueno;11.39;Bueno;Bueno;Bueno
2026-01-24;14:00;21;19.71;13.29;10.22;Bueno;29.54;Bueno;5;2.12;1.71;3.42;Bueno;11.39;Bueno;Bueno;Bueno
2026-01-24;15:00;19;19.17;13.29;10.22;Bueno;29.54;Bueno;3;2.08;1.71;3.42;Bueno;11.39;Bueno;Bueno;Bueno
2026-01-24;16:00;18;18.92;13.29;10.22;Bueno;29.54;Bueno;1;2.04;1.71;3.42;Bueno;11.39;Bueno;Bueno;Bueno
2026-01-24;17:00;16;15.75;13.29;10.22;Bueno;29.54;Bueno;2;1.71;1.71;3.42;Bueno;11.39;Bueno;Bueno;Bueno
2026-01-24;18:00;19;15.17;13.29;10.22;Bueno;29.54;Bueno;4;1.67;1.71;3.42;Bueno;11.39;Bueno;Bueno;Bueno
2026-01-24;19:00;14;14.54;13.29;10.22;Bueno;29.54;Bueno;2;1.71;1.71;3.42;Bueno;11.39;Bueno;Bueno;Bueno
2026-01-24;20:00;16;14.12;13.29;10.22;Bueno;29.54;Bueno;1;1.71;1.71;3.42;Bueno;11.39;Bueno;Bueno;Bueno
2026-01-24;21:00;8;13.71;13.29;10.22;Bueno;29.54;Bueno;1;1.71;1.71;3.42;Bueno;11.39;Bueno;Bueno;Bueno
2026-01-24;22:00;6;13.38;13.29;10.22;Bueno;29.54;Bueno;1;1.71;1.71;3.42;Bueno;11.39;Bueno;Bueno;Bueno
2026-01-24;23:00;11;13.29;13.29;10.22;Bueno;29.54;Bueno;1;1.71;1.71;3.42;Bueno;11.39;Bueno;Bueno;Bueno
2026-01-25;00:00;11;13.25;9.71;7.47;Bueno;21.57;Bueno;1;1.71;1.04;2.08;Bueno;6.94;Bueno;Bueno;Bueno
2026-01-25;01:00;10;13.33;9.71;7.47;Bueno;21.57;Bueno;1;1.71;1.04;2.08;Bueno;6.94;Bueno;Bueno;Bueno
2026-01-25;02:00;6;13.29;9.71;7.47;Bueno;21.57;Bueno;1;1.71;1.04;2.08;Bueno;6.94;Bueno;Bueno;Bueno
2026-01-25;03:00;3;13.04;9.71;7.47;Bueno;21.57;Bueno;1;1.71;1.04;2.08;Bueno;6.94;Bueno;Bueno;Bueno
2026-01-25;04:00;1;12.50;9.71;7.47;Bueno;21.57;Bueno;1;1.71;1.04;2.08;Bueno;6.94;Bueno;Bueno;Bueno
2026-01-25;05:00;2;12.25;9.71;7.47;Bueno;21.57;Bueno;1;1.71;1.04;2.08;Bueno;6.94;Bueno;Bueno;Bueno
2026-01-25;06:00;1;12.04;9.71;7.47;Bueno;21.57;Bueno;1;1.71;1.04;2.08;Bueno;6.94;Bueno;Bueno;Bueno
2026-01-25;07:00;2;11.71;9.71;7.47;Bueno;21.57;Bueno;1;1.71;1.04;2.08;Bueno;6.94;Bueno;Bueno;Bueno
2026-01-25;08:00;2;11.33;9.71;7.47;Bueno;21.57;Bueno;1;1.71;1.04;2.08;Bueno;6.94;Bueno;Bueno;Bueno
2026-01-25;09:00;6;11.17;9.71;7.47;Bueno;21.57;Bueno;1;1.71;1.04;2.08;Bueno;6.94;Bueno;Bueno;Bueno
2026-01-25;10:00;7;10.88;9.71;7.47;Bueno;21.57;Bueno;1;1.71;1.04;2.08;Bueno;6.94;Bueno;Bueno;Bueno
2026-01-25;11:00;12;10.58;9.71;7.47;Bueno;21.57;Bueno;1;1.62;1.04;2.08;Bueno;6.94;Bueno;Bueno;Bueno
2026-01-25;12:00;14;10.38;9.71;7.47;Bueno;21.57;Bueno;1;1.50;1.04;2.08;Bueno;6.94;Bueno;Bueno;Bueno
2026-01-25;13:00;13;9.92;9.71;7.47;Bueno;21.57;Bueno;2;1.50;1.04;2.08;Bueno;6.94;Bueno;Bueno;Bueno
2026-01-25;14:00;14;9.62;9.71;7.47;Bueno;21.57;Bueno;1;1.33;1.04;2.08;Bueno;6.94;Bueno;Bueno;Bueno
2026-01-25;15:00;21;9.71;9.71;7.47;Bueno;21.57;Bueno;1;1.25;1.04;2.08;Bueno;6.94;Bueno;Bueno;Bueno
2026-01-25;16:00;20;9.79;9.71;7.47;Bueno;21.57;Bueno;1;1.25;1.04;2.08;Bueno;6.94;Bueno;Bueno;Bueno
2026-01-25;17:00;18;9.88;9.71;7.47;Bueno;21.57;Bueno;1;1.21;1.04;2.08;Bueno;6.94;Bueno;Bueno;Bueno
2026-01-25;18:00;17;9.79;9.71;7.47;Bueno;21.57;Bueno;1;1.08;1.04;2.08;Bueno;6.94;Bueno;Bueno;Bueno
2026-01-25;19:00;8;9.54;9.71;7.47;Bueno;21.57;Bueno;1;1.04;1.04;2.08;Bueno;6.94;Bueno;Bueno;Bueno
2026-01-25;20:00;8;9.21;9.71;7.47;Bueno;21.57;Bueno;1;1.04;1.04;2.08;Bueno;6.94;Bueno;Bueno;Bueno
2026-01-25;21:00;10;9.29;9.71;7.47;Bueno;21.57;Bueno;1;1.04;1.04;2.08;Bueno;6.94;Bueno;Bueno;Bueno
2026-01-25;22:00;14;9.62;9.71;7.47;Bueno;21.57;Bueno;1;1.04;1.04;2.08;Bueno;6.94;Bueno;Bueno;Bueno
2026-01-25;23:00;13;9.71;9.71;7.47;Bueno;21.57;Bueno;1;1.04;1.04;2.08;Bueno;6.94;Bueno;Bueno;Bueno
2026-01-26;00:00;9;9.62;18.71;14.39;Bueno;41.57;Bueno;1;1.04;1.75;3.50;Bueno;11.67;Bueno;Bueno;Bueno
2026-01-26;01:00;7;9.50;18.71;14.39;Bueno;41.57;Bueno;1;1.04;1.75;3.50;Bueno;11.67;Bueno;Bueno;Bueno
2026-01-26;02:00;7;9.54;18.71;14.39;Bueno;41.57;Bueno;1;1.04;1.75;3.50;Bueno;11.67;Bueno;Bueno;Bueno
2026-01-26;03:00;5;9.62;18.71;14.39;Bueno;41.57;Bueno;1;1.04;1.75;3.50;Bueno;11.67;Bueno;Bueno;Bueno
2026-01-26;04:00;9;9.96;18.71;14.39;Bueno;41.57;Bueno;1;1.04;1.75;3.50;Bueno;11.67;Bueno;Bueno;Bueno
2026-01-26;05:00;15;10.50;18.71;14.39;Bueno;41.57;Bueno;1;1.04;1.75;3.50;Bueno;11.67;Bueno;Bueno;Bueno
2026-01-26;06:00;24;11.46;18.71;14.39;Bueno;41.57;Bueno;1;1.04;1.75;3.50;Bueno;11.67;Bueno;Bueno;Bueno
2026-01-26;07:00;32;12.71;18.71;14.39;Bueno;41.57;Bueno;9;1.38;1.75;3.50;Bueno;11.67;Bueno;Bueno;Bueno
2026-01-26;08:00;39;14.25;18.71;14.39;Bueno;41.57;Bueno;6;1.58;1.75;3.50;Bueno;11.67;Bueno;Bueno;Bueno
2026-01-26;09:00;35;15.46;18.71;14.39;Bueno;41.57;Bueno;1;1.58;1.75;3.50;Bueno;11.67;Bueno;Bueno;Bueno
2026-01-26;10:00;25;16.21;18.71;14.39;Bueno;41.57;Bueno;3;1.67;1.75;3.50;Bueno;11.67;Bueno;Bueno;Bueno
2026-01-26;11:00;22;16.62;18.71;14.39;Bueno;41.57;Bueno;3;1.75;1.75;3.50;Bueno;11.67;Bueno;Bueno;Bueno
2026-01-26;12:00;19;16.83;18.71;14.39;Bueno;41.57;Bueno;2;1.79;1.75;3.50;Bueno;11.67;Bueno;Bueno;Bueno
2026-01-26;13:00;19;17.08;18.71;14.39;Bueno;41.57;Bueno;1;1.75;1.75;3.50;Bueno;11.67;Bueno;Bueno;Bueno
2026-01-26;14:00;20;17.33;18.71;14.39;Bueno;41.57;Bueno;1;1.75;1.75;3.50;Bueno;11.67;Bueno;Bueno;Bueno
2026-01-26;15:00;17;17.17;18.71;14.39;Bueno;41.57;Bueno;1;1.75;1.75;3.50;Bueno;11.67;Bueno;Bueno;Bueno
2026-01-26;16:00;12;16.83;18.71;14.39;Bueno;41.57;Bueno;1;1.75;1.75;3.50;Bueno;11.67;Bueno;Bueno;Bueno
2026-01-26;17:00;24;17.08;18.71;14.39;Bueno;41.57;Bueno;1;1.75;1.75;3.50;Bueno;11.67;Bueno;Bueno;Bueno
2026-01-26;18:00;21;17.25;18.71;14.39;Bueno;41.57;Bueno;1;1.75;1.75;3.50;Bueno;11.67;Bueno;Bueno;Bueno
2026-01-26;19:00;19;17.71;18.71;14.39;Bueno;41.57;Bueno;1;1.75;1.75;3.50;Bueno;11.67;Bueno;Bueno;Bueno
2026-01-26;20:00;21;18.25;18.71;14.39;Bueno;41.57;Bueno;1;1.75;1.75;3.50;Bueno;11.67;Bueno;Bueno;Bueno
2026-01-26;21:00;14;18.42;18.71;14.39;Bueno;41.57;Bueno;1;1.75;1.75;3.50;Bueno;11.67;Bueno;Bueno;Bueno
2026-01-26;22:00;19;18.62;18.71;14.39;Bueno;41.57;Bueno;1;1.75;1.75;3.50;Bueno;11.67;Bueno;Bueno;Bueno
2026-01-26;23:00;15;18.71;18.71;14.39;Bueno;41.57;Bueno;1;1.75;1.75;3.50;Bueno;11.67;Bueno;Bueno;Bueno
2026-01-27;00:00;10;18.75;19.88;15.29;Bueno;44.17;Bueno;1;1.75;2.08;4.17;Bueno;13.89;Bueno;Bueno;Bueno
2026-01-27;01:00;10;18.88;19.88;15.29;Bueno;44.17;Bueno;1;1.75;2.08;4.17;Bueno;13.89;Bueno;Bueno;Bueno
2026-01-27;02:00;9;18.96;19.88;15.29;Bueno;44.17;Bueno;1;1.75;2.08;4.17;Bueno;13.89;Bueno;Bueno;Bueno
2026-01-27;03:00;7;19.04;19.88;15.29;Bueno;44.17;Bueno;1;1.75;2.08;4.17;Bueno;13.89;Bueno;Bueno;Bueno
2026-01-27;04:00;6;18.92;19.88;15.29;Bueno;44.17;Bueno;1;1.75;2.08;4.17;Bueno;13.89;Bueno;Bueno;Bueno
2026-01-27;05:00;16;18.96;19.88;15.29;Bueno;44.17;Bueno;2;1.79;2.08;4.17;Bueno;13.89;Bueno;Bueno;Bueno
2026-01-27;06:00;26;19.04;19.88;15.29;Bueno;44.17;Bueno;4;1.92;2.08;4.17;Bueno;13.89;Bueno;Bueno;Bueno
2026-01-27;07:00;39;19.33;19.88;15.29;Bueno;44.17;Bueno;9;1.92;2.08;4.17;Bueno;13.89;Bueno;Bueno;Bueno
2026-01-27;08:00;31;19.00;19.88;15.29;Bueno;44.17;Bueno;9;2.04;2.08;4.17;Bueno;13.89;Bueno;Bueno;Bueno
2026-01-27;09:00;15;18.17;19.88;15.29;Bueno;44.17;Bueno;4;2.17;2.08;4.17;Bueno;13.89;Bueno;Bueno;Bueno
2026-01-27;10:00;21;18.00;19.88;15.29;Bueno;44.17;Bueno;1;2.08;2.08;4.17;Bueno;13.89;Bueno;Bueno;Bueno
2026-01-27;11:00;23;18.04;19.88;15.29;Bueno;44.17;Bueno;1;2.00;2.08;4.17;Bueno;13.89;Bueno;Bueno;Bueno
2026-01-27;12:00;23;18.21;19.88;15.29;Bueno;44.17;Bueno;2;2.00;2.08;4.17;Bueno;13.89;Bueno;Bueno;Bueno
2026-01-27;13:00;27;18.54;19.88;15.29;Bueno;44.17;Bueno;2;2.04;2.08;4.17;Bueno;13.89;Bueno;Bueno;Bueno
2026-01-27;14:00;38;19.29;19.88;15.29;Bueno;44.17;Bueno;2;2.08;2.08;4.17;Bueno;13.89;Bueno;Bueno;Bueno
2026-01-27;15:00;46;20.50;19.88;15.29;Bueno;44.17;Bueno;1;2.08;2.08;4.17;Bueno;13.89;Bueno;Bueno;Bueno
2026-01-27;16:00;31;21.29;19.88;15.29;Bueno;44.17;Bueno;1;2.08;2.08;4.17;Bueno;13.89;Bueno;Bueno;Bueno
2026-01-27;17:00;5;20.50;19.88;15.29;Bueno;44.17;Bueno;1;2.08;2.08;4.17;Bueno;13.89;Bueno;Bueno;Bueno
2026-01-27;18:00;17;20.33;19.88;15.29;Bueno;44.17;Bueno;1;2.08;2.08;4.17;Bueno;13.89;Bueno;Bueno;Bueno
2026-01-27;19:00;13;20.08;19.88;15.29;Bueno;44.17;Bueno;1;2.08;2.08;4.17;Bueno;13.89;Bueno;Bueno;Bueno
2026-01-27;20:00;12;19.71;19.88;15.29;Bueno;44.17;Bueno;1;2.08;2.08;4.17;Bueno;13.89;Bueno;Bueno;Bueno
2026-01-27;21:00;20;19.96;19.88;15.29;Bueno;44.17;Bueno;1;2.08;2.08;4.17;Bueno;13.89;Bueno;Bueno;Bueno
2026-01-27;22:00;20;20.00;19.88;15.29;Bueno;44.17;Bueno;1;2.08;2.08;4.17;Bueno;13.89;Bueno;Bueno;Bueno
2026-01-27;23:00;12;19.88;19.88;15.29;Bueno;44.17;Bueno;1;2.08;2.08;4.17;Bueno;13.89;Bueno;Bueno;Bueno
2026-01-28;00:00;8;19.79;17.12;13.17;Bueno;38.06;Bueno;1;2.08;1.12;2.25;Bueno;7.50;Bueno;Bueno;Bueno
2026-01-28;01:00;8;19.71;17.12;13.17;Bueno;38.06;Bueno;1;2.08;1.12;2.25;Bueno;7.50;Bueno;Bueno;Bueno
2026-01-28;02:00;8;19.67;17.12;13.17;Bueno;38.06;Bueno;1;2.08;1.12;2.25;Bueno;7.50;Bueno;Bueno;Bueno
2026-01-28;03:00;7;19.67;17.12;13.17;Bueno;38.06;Bueno;1;2.08;1.12;2.25;Bueno;7.50;Bueno;Bueno;Bueno
2026-01-28;04:00;10;19.83;17.12;13.17;Bueno;38.06;Bueno;1;2.08;1.12;2.25;Bueno;7.50;Bueno;Bueno;Bueno
2026-01-28;05:00;20;20.00;17.12;13.17;Bueno;38.06;Bueno;1;2.04;1.12;2.25;Bueno;7.50;Bueno;Bueno;Bueno
2026-01-28;06:00;24;19.92;17.12;13.17;Bueno;38.06;Bueno;1;1.92;1.12;2.25;Bueno;7.50;Bueno;Bueno;Bueno
2026-01-28;07:00;28;19.46;17.12;13.17;Bueno;38.06;Bueno;2;1.62;1.12;2.25;Bueno;7.50;Bueno;Bueno;Bueno
2026-01-28;08:00;29;19.38;17.12;13.17;Bueno;38.06;Bueno;1;1.29;1.12;2.25;Bueno;7.50;Bueno;Bueno;Bueno
2026-01-28;09:00;16;19.42;17.12;13.17;Bueno;38.06;Bueno;1;1.17;1.12;2.25;Bueno;7.50;Bueno;Bueno;Bueno
2026-01-28;10:00;18;19.29;17.12;13.17;Bueno;38.06;Bueno;1;1.17;1.12;2.25;Bueno;7.50;Bueno;Bueno;Bueno
2026-01-28;11:00;20;19.17;17.12;13.17;Bueno;38.06;Bueno;1;1.17;1.12;2.25;Bueno;7.50;Bueno;Bueno;Bueno
2026-01-28;12:00;13;18.75;17.12;13.17;Bueno;38.06;Bueno;1;1.12;1.12;2.25;Bueno;7.50;Bueno;Bueno;Bueno
2026-01-28;13:00;13;18.17;17.12;13.17;Bueno;38.06;Bueno;1;1.08;1.12;2.25;Bueno;7.50;Bueno;Bueno;Bueno
2026-01-28;14:00;18;17.33;17.12;13.17;Bueno;38.06;Bueno;1;1.04;1.12;2.25;Bueno;7.50;Bueno;Bueno;Bueno
2026-01-28;15:00;21;16.29;17.12;13.17;Bueno;38.06;Bueno;1;1.04;1.12;2.25;Bueno;7.50;Bueno;Bueno;Bueno
2026-01-28;16:00;29;16.21;17.12;13.17;Bueno;38.06;Bueno;1;1.04;1.12;2.25;Bueno;7.50;Bueno;Bueno;Bueno
2026-01-28;17:00;22;16.92;17.12;13.17;Bueno;38.06;Bueno;1;1.04;1.12;2.25;Bueno;7.50;Bueno;Bueno;Bueno
2026-01-28;18:00;20;17.04;17.12;13.17;Bueno;38.06;Bueno;1;1.04;1.12;2.25;Bueno;7.50;Bueno;Bueno;Bueno
2026-01-28;19:00;17;17.21;17.12;13.17;Bueno;38.06;Bueno;1;1.04;1.12;2.25;Bueno;7.50;Bueno;Bueno;Bueno
2026-01-28;20:00;16;17.38;17.12;13.17;Bueno;38.06;Bueno;1;1.04;1.12;2.25;Bueno;7.50;Bueno;Bueno;Bueno
2026-01-28;21:00;8;16.88;17.12;13.17;Bueno;38.06;Bueno;1;1.04;1.12;2.25;Bueno;7.50;Bueno;Bueno;Bueno
2026-01-28;22:00;25;17.08;17.12;13.17;Bueno;38.06;Bueno;2;1.08;1.12;2.25;Bueno;7.50;Bueno;Bueno;Bueno
2026-01-28;23:00;13;17.12;17.12;13.17;Bueno;38.06;Bueno;2;1.12;1.12;2.25;Bueno;7.50;Bueno;Bueno;Bueno
2026-01-29;00:00;8;17.12;18.92;14.55;Bueno;42.04;Bueno;1;1.12;1.21;2.42;Bueno;8.06;Bueno;Bueno;Bueno
2026-01-29;01:00;4;16.96;18.92;14.55;Bueno;42.04;Bueno;1;1.12;1.21;2.42;Bueno;8.06;Bueno;Bueno;Bueno
2026-01-29;02:00;2;16.71;18.92;14.55;Bueno;42.04;Bueno;1;1.12;1.21;2.42;Bueno;8.06;Bueno;Bueno;Bueno
2026-01-29;03:00;4;16.58;18.92;14.55;Bueno;42.04;Bueno;3;1.21;1.21;2.42;Bueno;8.06;Bueno;Bueno;Bueno
2026-01-29;04:00;3;16.29;18.92;14.55;Bueno;42.04;Bueno;2;1.25;1.21;2.42;Bueno;8.06;Bueno;Bueno;Bueno
2026-01-29;05:00;1;15.50;18.92;14.55;Bueno;42.04;Bueno;1;1.25;1.21;2.42;Bueno;8.06;Bueno;Bueno;Bueno
2026-01-29;06:00;4;14.67;18.92;14.55;Bueno;42.04;Bueno;1;1.25;1.21;2.42;Bueno;8.06;Bueno;Bueno;Bueno
2026-01-29;07:00;9;13.88;18.92;14.55;Bueno;42.04;Bueno;1;1.21;1.21;2.42;Bueno;8.06;Bueno;Bueno;Bueno
2026-01-29;08:00;17;13.38;18.92;14.55;Bueno;42.04;Bueno;2;1.25;1.21;2.42;Bueno;8.06;Bueno;Bueno;Bueno
2026-01-29;09:00;23;13.67;18.92;14.55;Bueno;42.04;Bueno;2;1.29;1.21;2.42;Bueno;8.06;Bueno;Bueno;Bueno
2026-01-29;10:00;25;13.96;18.92;14.55;Bueno;42.04;Bueno;1;1.29;1.21;2.42;Bueno;8.06;Bueno;Bueno;Bueno
2026-01-29;11:00;34;14.54;18.92;14.55;Bueno;42.04;Bueno;1;1.29;1.21;2.42;Bueno;8.06;Bueno;Bueno;Bueno
2026-01-29;12:00;23;14.96;18.92;14.55;Bueno;42.04;Bueno;1;1.29;1.21;2.42;Bueno;8.06;Bueno;Bueno;Bueno
2026-01-29;13:00;22;15.33;18.92;14.55;Bueno;42.04;Bueno;1;1.29;1.21;2.42;Bueno;8.06;Bueno;Bueno;Bueno
2026-01-29;14:00;27;15.71;18.92;14.55;Bueno;42.04;Bueno;1;1.29;1.21;2.42;Bueno;8.06;Bueno;Bueno;Bueno
2026-01-29;15:00;75;17.96;18.92;14.55;Bueno;42.04;Bueno;1;1.29;1.21;2.42;Bueno;8.06;Bueno;Bueno;Bueno
2026-01-29;16:00;49;18.79;18.92;14.55;Bueno;42.04;Bueno;1;1.29;1.21;2.42;Bueno;8.06;Bueno;Bueno;Bueno
2026-01-29;17:00;43;19.67;18.92;14.55;Bueno;42.04;Bueno;1;1.29;1.21;2.42;Bueno;8.06;Bueno;Bueno;Bueno
2026-01-29;18:00;36;20.33;18.92;14.55;Bueno;42.04;Bueno;1;1.29;1.21;2.42;Bueno;8.06;Bueno;Bueno;Bueno
2026-01-29;19:00;21;20.50;18.92;14.55;Bueno;42.04;Bueno;1;1.29;1.21;2.42;Bueno;8.06;Bueno;Bueno;Bueno
2026-01-29;20:00;16;20.50;18.92;14.55;Bueno;42.04;Bueno;1;1.29;1.21;2.42;Bueno;8.06;Bueno;Bueno;Bueno
2026-01-29;21:00;5;20.38;18.92;14.55;Bueno;42.04;Bueno;1;1.29;1.21;2.42;Bueno;8.06;Bueno;Bueno;Bueno
2026-01-29;22:00;2;19.42;18.92;14.55;Bueno;42.04;Bueno;1;1.25;1.21;2.42;Bueno;8.06;Bueno;Bueno;Bueno
2026-01-29;23:00;1;18.92;18.92;14.55;Bueno;42.04;Bueno;1;1.21;1.21;2.42;Bueno;8.06;Bueno;Bueno;Bueno
2026-01-30;00:00;2;18.67;8.38;6.44;Bueno;18.61;Bueno;1;1.21;1.92;3.83;Bueno;12.78;Bueno;Bueno;Bueno
2026-01-30;01:00;1;18.54;8.38;6.44;Bueno;18.61;Bueno;1;1.21;1.92;3.83;Bueno;12.78;Bueno;Bueno;Bueno
2026-01-30;02:00;1;18.50;8.38;6.44;Bueno;18.61;Bueno;1;1.21;1.92;3.83;Bueno;12.78;Bueno;Bueno;Bueno
2026-01-30;03:00;1;18.38;8.38;6.44;Bueno;18.61;Bueno;1;1.12;1.92;3.83;Bueno;12.78;Bueno;Bueno;Bueno
2026-01-30;04:00;3;18.38;8.38;6.44;Bueno;18.61;Bueno;1;1.08;1.92;3.83;Bueno;12.78;Bueno;Bueno;Bueno
2026-01-30;05:00;4;18.50;8.38;6.44;Bueno;18.61;Bueno;1;1.08;1.92;3.83;Bueno;12.78;Bueno;Bueno;Bueno
2026-01-30;06:00;5;18.54;8.38;6.44;Bueno;18.61;Bueno;1;1.08;1.92;3.83;Bueno;12.78;Bueno;Bueno;Bueno
2026-01-30;07:00;15;18.79;8.38;6.44;Bueno;18.61;Bueno;1;1.08;1.92;3.83;Bueno;12.78;Bueno;Bueno;Bueno
2026-01-30;08:00;26;19.17;8.38;6.44;Bueno;18.61;Bueno;1;1.04;1.92;3.83;Bueno;12.78;Bueno;Bueno;Bueno
2026-01-30;09:00;19;19.00;8.38;6.44;Bueno;18.61;Bueno;1;1.00;1.92;3.83;Bueno;12.78;Bueno;Bueno;Bueno
2026-01-30;10:00;15;18.58;8.38;6.44;Bueno;18.61;Bueno;2;1.04;1.92;3.83;Bueno;12.78;Bueno;Bueno;Bueno
2026-01-30;11:00;6;17.42;8.38;6.44;Bueno;18.61;Bueno;5;1.21;1.92;3.83;Bueno;12.78;Bueno;Bueno;Bueno
2026-01-30;12:00;8;16.79;8.38;6.44;Bueno;18.61;Bueno;4;1.33;1.92;3.83;Bueno;12.78;Bueno;Bueno;Bueno
2026-01-30;13:00;7;16.17;8.38;6.44;Bueno;18.61;Bueno;2;1.38;1.92;3.83;Bueno;12.78;Bueno;Bueno;Bueno
2026-01-30;14:00;5;15.25;8.38;6.44;Bueno;18.61;Bueno;1;1.38;1.92;3.83;Bueno;12.78;Bueno;Bueno;Bueno
2026-01-30;15:00;13;12.67;8.38;6.44;Bueno;18.61;Bueno;1;1.38;1.92;3.83;Bueno;12.78;Bueno;Bueno;Bueno
2026-01-30;16:00;12;11.12;8.38;6.44;Bueno;18.61;Bueno;6;1.58;1.92;3.83;Bueno;12.78;Bueno;Bueno;Bueno
2026-01-30;17:00;9;9.71;8.38;6.44;Bueno;18.61;Bueno;3;1.67;1.92;3.83;Bueno;12.78;Bueno;Bueno;Bueno
2026-01-30;18:00;7;8.50;8.38;6.44;Bueno;18.61;Bueno;1;1.67;1.92;3.83;Bueno;12.78;Bueno;Bueno;Bueno
2026-01-30;19:00;9;8.00;8.38;6.44;Bueno;18.61;Bueno;1;1.67;1.92;3.83;Bueno;12.78;Bueno;Bueno;Bueno
2026-01-30;20:00;9;7.71;8.38;6.44;Bueno;18.61;Bueno;2;1.71;1.92;3.83;Bueno;12.78;Bueno;Bueno;Bueno
2026-01-30;21:00;9;7.88;8.38;6.44;Bueno;18.61;Bueno;2;1.75;1.92;3.83;Bueno;12.78;Bueno;Bueno;Bueno
2026-01-30;22:00;6;8.04;8.38;6.44;Bueno;18.61;Bueno;1;1.75;1.92;3.83;Bueno;12.78;Bueno;Bueno;Bueno
2026-01-30;23:00;9;8.38;8.38;6.44;Bueno;18.61;Bueno;5;1.92;1.92;3.83;Bueno;12.78;Bueno;Bueno;Bueno
2026-01-31;00:00;10;8.71;7.38;5.67;Bueno;16.39;Bueno;4;2.04;1.50;3.00;Bueno;10.00;Bueno;Bueno;Bueno
2026-01-31;01:00;9;9.04;7.38;5.67;Bueno;16.39;Bueno;1;2.04;1.50;3.00;Bueno;10.00;Bueno;Bueno;Bueno
2026-01-31;02:00;7;9.29;7.38;5.67;Bueno;16.39;Bueno;1;2.04;1.50;3.00;Bueno;10.00;Bueno;Bueno;Bueno
2026-01-31;03:00;7;9.54;7.38;5.67;Bueno;16.39;Bueno;1;2.04;1.50;3.00;Bueno;10.00;Bueno;Bueno;Bueno
2026-01-31;04:00;5;9.62;7.38;5.67;Bueno;16.39;Bueno;2;2.08;1.50;3.00;Bueno;10.00;Bueno;Bueno;Bueno
2026-01-31;05:00;4;9.62;7.38;5.67;Bueno;16.39;Bueno;1;2.08;1.50;3.00;Bueno;10.00;Bueno;Bueno;Bueno
2026-01-31;06:00;6;9.67;7.38;5.67;Bueno;16.39;Bueno;1;2.08;1.50;3.00;Bueno;10.00;Bueno;Bueno;Bueno
2026-01-31;07:00;10;9.46;7.38;5.67;Bueno;16.39;Bueno;1;2.08;1.50;3.00;Bueno;10.00;Bueno;Bueno;Bueno
2026-01-31;08:00;6;8.62;7.38;5.67;Bueno;16.39;Bueno;2;2.12;1.50;3.00;Bueno;10.00;Bueno;Bueno;Bueno
2026-01-31;09:00;3;7.96;7.38;5.67;Bueno;16.39;Bueno;6;2.33;1.50;3.00;Bueno;10.00;Bueno;Bueno;Bueno
2026-01-31;10:00;7;7.62;7.38;5.67;Bueno;16.39;Bueno;3;2.38;1.50;3.00;Bueno;10.00;Bueno;Bueno;Bueno
2026-01-31;11:00;7;7.67;7.38;5.67;Bueno;16.39;Bueno;1;2.21;1.50;3.00;Bueno;10.00;Bueno;Bueno;Bueno
2026-01-31;12:00;8;7.67;7.38;5.67;Bueno;16.39;Bueno;1;2.08;1.50;3.00;Bueno;10.00;Bueno;Bueno;Bueno
2026-01-31;13:00;8;7.71;7.38;5.67;Bueno;16.39;Bueno;1;2.04;1.50;3.00;Bueno;10.00;Bueno;Bueno;Bueno
2026-01-31;14:00;10;7.92;7.38;5.67;Bueno;16.39;Bueno;1;2.04;1.50;3.00;Bueno;10.00;Bueno;Bueno;Bueno
2026-01-31;15:00;11;7.83;7.38;5.67;Bueno;16.39;Bueno;1;2.04;1.50;3.00;Bueno;10.00;Bueno;Bueno;Bueno
2026-01-31;16:00;18;8.08;7.38;5.67;Bueno;16.39;Bueno;1;1.83;1.50;3.00;Bueno;10.00;Bueno;Bueno;Bueno
2026-01-31;17:00;11;8.17;7.38;5.67;Bueno;16.39;Bueno;1;1.75;1.50;3.00;Bueno;10.00;Bueno;Bueno;Bueno
2026-01-31;18:00;11;8.33;7.38;5.67;Bueno;16.39;Bueno;1;1.75;1.50;3.00;Bueno;10.00;Bueno;Bueno;Bueno
2026-01-31;19:00;8;8.29;7.38;5.67;Bueno;16.39;Bueno;1;1.75;1.50;3.00;Bueno;10.00;Bueno;Bueno;Bueno
2026-01-31;20:00;6;8.17;7.38;5.67;Bueno;16.39;Bueno;1;1.71;1.50;3.00;Bueno;10.00;Bueno;Bueno;Bueno
2026-01-31;21:00;3;7.92;7.38;5.67;Bueno;16.39;Bueno;1;1.67;1.50;3.00;Bueno;10.00;Bueno;Bueno;Bueno
2026-01-31;22:00;1;7.71;7.38;5.67;Bueno;16.39;Bueno;1;1.67;1.50;3.00;Bueno;10.00;Bueno;Bueno;Bueno
2026-01-31;23:00;1;7.38;7.38;5.67;Bueno;16.39;Bueno;1;1.50;1.50;3.00;Bueno;10.00;Bueno;Bueno;Bueno
2026-02-01;00:00;1;7.00;7.08;5.45;Bueno;15.74;Bueno;1;1.38;1.04;2.08;Bueno;6.94;Bueno;Bueno;Bueno
2026-02-01;01:00;1;6.67;7.08;5.45;Bueno;15.74;Bueno;1;1.38;1.04;2.08;Bueno;6.94;Bueno;Bueno;Bueno
2026-02-01;02:00;1;6.42;7.08;5.45;Bueno;15.74;Bueno;1;1.38;1.04;2.08;Bueno;6.94;Bueno;Bueno;Bueno
2026-02-01;03:00;1;6.17;7.08;5.45;Bueno;15.74;Bueno;1;1.38;1.04;2.08;Bueno;6.94;Bueno;Bueno;Bueno
2026-02-01;04:00;2;6.04;7.08;5.45;Bueno;15.74;Bueno;1;1.33;1.04;2.08;Bueno;6.94;Bueno;Bueno;Bueno
2026-02-01;05:00;1;5.92;7.08;5.45;Bueno;15.74;Bueno;1;1.33;1.04;2.08;Bueno;6.94;Bueno;Bueno;Bueno
2026-02-01;06:00;1;5.71;7.08;5.45;Bueno;15.74;Bueno;1;1.33;1.04;2.08;Bueno;6.94;Bueno;Bueno;Bueno
2026-02-01;07:00;2;5.38;7.08;5.45;Bueno;15.74;Bueno;1;1.33;1.04;2.08;Bueno;6.94;Bueno;Bueno;Bueno
2026-02-01;08:00;1;5.17;7.08;5.45;Bueno;15.74;Bueno;1;1.29;1.04;2.08;Bueno;6.94;Bueno;Bueno;Bueno
2026-02-01;09:00;3;5.17;7.08;5.45;Bueno;15.74;Bueno;1;1.08;1.04;2.08;Bueno;6.94;Bueno;Bueno;Bueno
2026-02-01;10:00;8;5.21;7.08;5.45;Bueno;15.74;Bueno;1;1.00;1.04;2.08;Bueno;6.94;Bueno;Bueno;Bueno
2026-02-01;11:00;7;5.21;7.08;5.45;Bueno;15.74;Bueno;1;1.00;1.04;2.08;Bueno;6.94;Bueno;Bueno;Bueno
2026-02-01;12:00;9;5.25;7.08;5.45;Bueno;15.74;Bueno;1;1.00;1.04;2.08;Bueno;6.94;Bueno;Bueno;Bueno
2026-02-01;13:00;8;5.25;7.08;5.45;Bueno;15.74;Bueno;1;1.00;1.04;2.08;Bueno;6.94;Bueno;Bueno;Bueno
2026-02-01;14:00;13;5.38;7.08;5.45;Bueno;15.74;Bueno;1;1.00;1.04;2.08;Bueno;6.94;Bueno;Bueno;Bueno
2026-02-01;15:00;12;5.42;7.08;5.45;Bueno;15.74;Bueno;1;1.00;1.04;2.08;Bueno;6.94;Bueno;Bueno;Bueno
2026-02-01;16:00;11;5.12;7.08;5.45;Bueno;15.74;Bueno;1;1.00;1.04;2.08;Bueno;6.94;Bueno;Bueno;Bueno
2026-02-01;17:00;11;5.12;7.08;5.45;Bueno;15.74;Bueno;1;1.00;1.04;2.08;Bueno;6.94;Bueno;Bueno;Bueno
2026-02-01;18:00;11;5.12;7.08;5.45;Bueno;15.74;Bueno;1;1.00;1.04;2.08;Bueno;6.94;Bueno;Bueno;Bueno
2026-02-01;19:00;11;5.25;7.08;5.45;Bueno;15.74;Bueno;1;1.00;1.04;2.08;Bueno;6.94;Bueno;Bueno;Bueno
2026-02-01;20:00;13;5.54;7.08;5.45;Bueno;15.74;Bueno;1;1.00;1.04;2.08;Bueno;6.94;Bueno;Bueno;Bueno
2026-02-01;21:00;12;5.92;7.08;5.45;Bueno;15.74;Bueno;1;1.00;1.04;2.08;Bueno;6.94;Bueno;Bueno;Bueno
2026-02-01;22:00;16;6.54;7.08;5.45;Bueno;15.74;Bueno;1;1.00;1.04;2.08;Bueno;6.94;Bueno;Bueno;Bueno
2026-02-01;23:00;14;7.08;7.08;5.45;Bueno;15.74;Bueno;2;1.04;1.04;2.08;Bueno;6.94;Bueno;Bueno;Bueno
2026-02-02;00:00;13;7.58;15.54;11.96;Bueno;34.54;Bueno;1;1.04;1.17;2.33;Bueno;7.78;Bueno;Bueno;Bueno
2026-02-02;01:00;11;8.00;15.54;11.96;Bueno;34.54;Bueno;1;1.04;1.17;2.33;Bueno;7.78;Bueno;Bueno;Bueno
2026-02-02;02:00;12;8.46;15.54;11.96;Bueno;34.54;Bueno;1;1.04;1.17;2.33;Bueno;7.78;Bueno;Bueno;Bueno
2026-02-02;03:00;11;8.88;15.54;11.96;Bueno;34.54;Bueno;1;1.04;1.17;2.33;Bueno;7.78;Bueno;Bueno;Bueno
2026-02-02;04:00;7;9.08;15.54;11.96;Bueno;34.54;Bueno;1;1.04;1.17;2.33;Bueno;7.78;Bueno;Bueno;Bueno
2026-02-02;05:00;8;9.38;15.54;11.96;Bueno;34.54;Bueno;1;1.04;1.17;2.33;Bueno;7.78;Bueno;Bueno;Bueno
2026-02-02;06:00;21;10.21;15.54;11.96;Bueno;34.54;Bueno;1;1.04;1.17;2.33;Bueno;7.78;Bueno;Bueno;Bueno
2026-02-02;07:00;17;10.83;15.54;11.96;Bueno;34.54;Bueno;1;1.04;1.17;2.33;Bueno;7.78;Bueno;Bueno;Bueno
2026-02-02;08:00;20;11.62;15.54;11.96;Bueno;34.54;Bueno;1;1.04;1.17;2.33;Bueno;7.78;Bueno;Bueno;Bueno
2026-02-02;09:00;20;12.33;15.54;11.96;Bueno;34.54;Bueno;1;1.04;1.17;2.33;Bueno;7.78;Bueno;Bueno;Bueno
2026-02-02;10:00;21;12.88;15.54;11.96;Bueno;34.54;Bueno;2;1.08;1.17;2.33;Bueno;7.78;Bueno;Bueno;Bueno
2026-02-02;11:00;28;13.75;15.54;11.96;Bueno;34.54;Bueno;4;1.21;1.17;2.33;Bueno;7.78;Bueno;Bueno;Bueno
2026-02-02;12:00;27;14.50;15.54;11.96;Bueno;34.54;Bueno;1;1.21;1.17;2.33;Bueno;7.78;Bueno;Bueno;Bueno
2026-02-02;13:00;26;15.25;15.54;11.96;Bueno;34.54;Bueno;1;1.21;1.17;2.33;Bueno;7.78;Bueno;Bueno;Bueno
2026-02-02;14:00;31;16.00;15.54;11.96;Bueno;34.54;Bueno;1;1.21;1.17;2.33;Bueno;7.78;Bueno;Bueno;Bueno
2026-02-02;15:00;20;16.33;15.54;11.96;Bueno;34.54;Bueno;1;1.21;1.17;2.33;Bueno;7.78;Bueno;Bueno;Bueno
2026-02-02;16:00;20;16.71;15.54;11.96;Bueno;34.54;Bueno;1;1.21;1.17;2.33;Bueno;7.78;Bueno;Bueno;Bueno
2026-02-02;17:00;16;16.92;15.54;11.96;Bueno;34.54;Bueno;1;1.21;1.17;2.33;Bueno;7.78;Bueno;Bueno;Bueno
2026-02-02;18:00;13;17.00;15.54;11.96;Bueno;34.54;Bueno;1;1.21;1.17;2.33;Bueno;7.78;Bueno;Bueno;Bueno
2026-02-02;19:00;9;16.92;15.54;11.96;Bueno;34.54;Bueno;1;1.21;1.17;2.33;Bueno;7.78;Bueno;Bueno;Bueno
2026-02-02;20:00;6;16.62;15.54;11.96;Bueno;34.54;Bueno;1;1.21;1.17;2.33;Bueno;7.78;Bueno;Bueno;Bueno
2026-02-02;21:00;6;16.38;15.54;11.96;Bueno;34.54;Bueno;1;1.21;1.17;2.33;Bueno;7.78;Bueno;Bueno;Bueno
2026-02-02;22:00;5;15.92;15.54;11.96;Bueno;34.54;Bueno;1;1.21;1.17;2.33;Bueno;7.78;Bueno;Bueno;Bueno
2026-02-02;23:00;5;15.54;15.54;11.96;Bueno;34.54;Bueno;1;1.17;1.17;2.33;Bueno;7.78;Bueno;Bueno;Bueno
2026-02-03;00:00;8;15.33;10.00;7.69;Bueno;22.22;Bueno;1;1.17;2.88;5.75;Bueno;19.17;Bueno;Bueno;Bueno
2026-02-03;01:00;5;15.08;10.00;7.69;Bueno;22.22;Bueno;1;1.17;2.88;5.75;Bueno;19.17;Bueno;Bueno;Bueno
2026-02-03;02:00;3;14.71;10.00;7.69;Bueno;22.22;Bueno;1;1.17;2.88;5.75;Bueno;19.17;Bueno;Bueno;Bueno
2026-02-03;03:00;5;14.46;10.00;7.69;Bueno;22.22;Bueno;1;1.17;2.88;5.75;Bueno;19.17;Bueno;Bueno;Bueno
2026-02-03;04:00;6;14.42;10.00;7.69;Bueno;22.22;Bueno;1;1.17;2.88;5.75;Bueno;19.17;Bueno;Bueno;Bueno
2026-02-03;05:00;1;14.12;10.00;7.69;Bueno;22.22;Bueno;1;1.17;2.88;5.75;Bueno;19.17;Bueno;Bueno;Bueno
2026-02-03;06:00;1;13.29;10.00;7.69;Bueno;22.22;Bueno;1;1.17;2.88;5.75;Bueno;19.17;Bueno;Bueno;Bueno
2026-02-03;07:00;1;12.62;10.00;7.69;Bueno;22.22;Bueno;1;1.17;2.88;5.75;Bueno;19.17;Bueno;Bueno;Bueno
2026-02-03;08:00;9;12.17;10.00;7.69;Bueno;22.22;Bueno;1;1.17;2.88;5.75;Bueno;19.17;Bueno;Bueno;Bueno
2026-02-03;09:00;19;12.12;10.00;7.69;Bueno;22.22;Bueno;1;1.17;2.88;5.75;Bueno;19.17;Bueno;Bueno;Bueno
2026-02-03;10:00;12;11.75;10.00;7.69;Bueno;22.22;Bueno;1;1.12;2.88;5.75;Bueno;19.17;Bueno;Bueno;Bueno
2026-02-03;11:00;7;10.88;10.00;7.69;Bueno;22.22;Bueno;2;1.04;2.88;5.75;Bueno;19.17;Bueno;Bueno;Bueno
2026-02-03;12:00;20;10.58;10.00;7.69;Bueno;22.22;Bueno;1;1.04;2.88;5.75;Bueno;19.17;Bueno;Bueno;Bueno
2026-02-03;13:00;10;9.92;10.00;7.69;Bueno;22.22;Bueno;1;1.04;2.88;5.75;Bueno;19.17;Bueno;Bueno;Bueno
2026-02-03;14:00;7;8.92;10.00;7.69;Bueno;22.22;Bueno;1;1.04;2.88;5.75;Bueno;19.17;Bueno;Bueno;Bueno
2026-02-03;15:00;4;8.25;10.00;7.69;Bueno;22.22;Bueno;1;1.04;2.88;5.75;Bueno;19.17;Bueno;Bueno;Bueno
2026-02-03;16:00;7;7.71;10.00;7.69;Bueno;22.22;Bueno;1;1.04;2.88;5.75;Bueno;19.17;Bueno;Bueno;Bueno
2026-02-03;17:00;9;7.42;10.00;7.69;Bueno;22.22;Bueno;1;1.04;2.88;5.75;Bueno;19.17;Bueno;Bueno;Bueno
2026-02-03;18:00;7;7.17;10.00;7.69;Bueno;22.22;Bueno;1;1.04;2.88;5.75;Bueno;19.17;Bueno;Bueno;Bueno
2026-02-03;19:00;9;7.17;10.00;7.69;Bueno;22.22;Bueno;2;1.08;2.88;5.75;Bueno;19.17;Bueno;Bueno;Bueno
2026-02-03;20:00;8;7.25;10.00;7.69;Bueno;22.22;Bueno;1;1.08;2.88;5.75;Bueno;19.17;Bueno;Bueno;Bueno
2026-02-03;21:00;32;8.33;10.00;7.69;Bueno;22.22;Bueno;19;1.83;2.88;5.75;Bueno;19.17;Bueno;Bueno;Bueno
2026-02-03;22:00;27;9.25;10.00;7.69;Bueno;22.22;Bueno;15;2.42;2.88;5.75;Bueno;19.17;Bueno;Bueno;Bueno
2026-02-03;23:00;23;10.00;10.00;7.69;Bueno;22.22;Bueno;12;2.88;2.88;5.75;Bueno;19.17;Bueno;Bueno;Bueno
2026-02-04;00:00;21;10.54;10.12;7.79;Bueno;22.50;Bueno;10;3.25;3.25;6.50;Bueno;21.67;Bueno;Bueno;Bueno
2026-02-04;01:00;22;11.25;10.12;7.79;Bueno;22.50;Bueno;10;3.62;3.25;6.50;Bueno;21.67;Bueno;Bueno;Bueno
2026-02-04;02:00;11;11.58;10.12;7.79;Bueno;22.50;Bueno;7;3.88;3.25;6.50;Bueno;21.67;Bueno;Bueno;Bueno
2026-02-04;03:00;13;11.92;10.12;7.79;Bueno;22.50;Bueno;3;3.96;3.25;6.50;Bueno;21.67;Bueno;Bueno;Bueno
2026-02-04;04:00;11;12.12;10.12;7.79;Bueno;22.50;Bueno;2;4.00;3.25;6.50;Bueno;21.67;Bueno;Bueno;Bueno
2026-02-04;05:00;11;12.54;10.12;7.79;Bueno;22.50;Bueno;3;4.08;3.25;6.50;Bueno;21.67;Bueno;Bueno;Bueno
2026-02-04;06:00;19;13.29;10.12;7.79;Bueno;22.50;Bueno;3;4.17;3.25;6.50;Bueno;21.67;Bueno;Bueno;Bueno
2026-02-04;07:00;15;13.88;10.12;7.79;Bueno;22.50;Bueno;6;4.38;3.25;6.50;Bueno;21.67;Bueno;Bueno;Bueno
2026-02-04;08:00;18;14.25;10.12;7.79;Bueno;22.50;Bueno;4;4.50;3.25;6.50;Bueno;21.67;Bueno;Bueno;Bueno
2026-02-04;09:00;10;13.88;10.12;7.79;Bueno;22.50;Bueno;3;4.58;3.25;6.50;Bueno;21.67;Bueno;Bueno;Bueno
2026-02-04;10:00;15;14.00;10.12;7.79;Bueno;22.50;Bueno;4;4.71;3.25;6.50;Bueno;21.67;Bueno;Bueno;Bueno
2026-02-04;11:00;15;14.33;10.12;7.79;Bueno;22.50;Bueno;4;4.79;3.25;6.50;Bueno;21.67;Bueno;Bueno;Bueno
2026-02-04;12:00;3;13.62;10.12;7.79;Bueno;22.50;Bueno;2;4.83;3.25;6.50;Bueno;21.67;Bueno;Bueno;Bueno
2026-02-04;13:00;1;13.25;10.12;7.79;Bueno;22.50;Bueno;1;4.83;3.25;6.50;Bueno;21.67;Bueno;Bueno;Bueno
2026-02-04;14:00;6;13.21;10.12;7.79;Bueno;22.50;Bueno;5;5.00;3.25;6.50;Bueno;21.67;Bueno;Bueno;Bueno
2026-02-04;15:00;5;13.25;10.12;7.79;Bueno;22.50;Bueno;3;5.08;3.25;6.50;Bueno;21.67;Bueno;Bueno;Bueno
2026-02-04;16:00;7;13.25;10.12;7.79;Bueno;22.50;Bueno;1;5.08;3.25;6.50;Bueno;21.67;Bueno;Bueno;Bueno
2026-02-04;17:00;5;13.08;10.12;7.79;Bueno;22.50;Bueno;1;5.08;3.25;6.50;Bueno;21.67;Bueno;Bueno;Bueno
2026-02-04;18:00;8;13.12;10.12;7.79;Bueno;22.50;Bueno;1;5.08;3.25;6.50;Bueno;21.67;Bueno;Bueno;Bueno
2026-02-04;19:00;10;13.17;10.12;7.79;Bueno;22.50;Bueno;1;5.04;3.25;6.50;Bueno;21.67;Bueno;Bueno;Bueno
2026-02-04;20:00;6;13.08;10.12;7.79;Bueno;22.50;Bueno;1;5.04;3.25;6.50;Bueno;21.67;Bueno;Bueno;Bueno
2026-02-04;21:00;1;11.79;10.12;7.79;Bueno;22.50;Bueno;1;4.29;3.25;6.50;Bueno;21.67;Bueno;Bueno;Bueno
2026-02-04;22:00;1;10.71;10.12;7.79;Bueno;22.50;Bueno;1;3.71;3.25;6.50;Bueno;21.67;Bueno;Bueno;Bueno
2026-02-04;23:00;9;10.12;10.12;7.79;Bueno;22.50;Bueno;1;3.25;3.25;6.50;Bueno;21.67;Bueno;Bueno;Bueno
2026-02-05;00:00;6;9.50;9.71;7.47;Bueno;21.57;Bueno;1;2.88;1.42;2.83;Bueno;9.44;Bueno;Bueno;Bueno
2026-02-05;01:00;3;8.71;9.71;7.47;Bueno;21.57;Bueno;1;2.50;1.42;2.83;Bueno;9.44;Bueno;Bueno;Bueno
2026-02-05;02:00;11;8.71;9.71;7.47;Bueno;21.57;Bueno;1;2.25;1.42;2.83;Bueno;9.44;Bueno;Bueno;Bueno
2026-02-05;03:00;5;8.38;9.71;7.47;Bueno;21.57;Bueno;1;2.17;1.42;2.83;Bueno;9.44;Bueno;Bueno;Bueno
2026-02-05;04:00;1;7.96;9.71;7.47;Bueno;21.57;Bueno;1;2.12;1.42;2.83;Bueno;9.44;Bueno;Bueno;Bueno
2026-02-05;05:00;1;7.54;9.71;7.47;Bueno;21.57;Bueno;1;2.04;1.42;2.83;Bueno;9.44;Bueno;Bueno;Bueno
2026-02-05;06:00;20;7.58;9.71;7.47;Bueno;21.57;Bueno;1;1.96;1.42;2.83;Bueno;9.44;Bueno;Bueno;Bueno
2026-02-05;07:00;12;7.46;9.71;7.47;Bueno;21.57;Bueno;3;1.83;1.42;2.83;Bueno;9.44;Bueno;Bueno;Bueno
2026-02-05;08:00;21;7.58;9.71;7.47;Bueno;21.57;Bueno;5;1.88;1.42;2.83;Bueno;9.44;Bueno;Bueno;Bueno
2026-02-05;09:00;12;7.67;9.71;7.47;Bueno;21.57;Bueno;4;1.92;1.42;2.83;Bueno;9.44;Bueno;Bueno;Bueno
2026-02-05;10:00;9;7.42;9.71;7.47;Bueno;21.57;Bueno;2;1.83;1.42;2.83;Bueno;9.44;Bueno;Bueno;Bueno
2026-02-05;11:00;12;7.29;9.71;7.47;Bueno;21.57;Bueno;1;1.71;1.42;2.83;Bueno;9.44;Bueno;Bueno;Bueno
2026-02-05;12:00;21;8.04;9.71;7.47;Bueno;21.57;Bueno;1;1.67;1.42;2.83;Bueno;9.44;Bueno;Bueno;Bueno
2026-02-05;13:00;8;8.33;9.71;7.47;Bueno;21.57;Bueno;1;1.67;1.42;2.83;Bueno;9.44;Bueno;Bueno;Bueno
2026-02-05;14:00;18;8.83;9.71;7.47;Bueno;21.57;Bueno;1;1.50;1.42;2.83;Bueno;9.44;Bueno;Bueno;Bueno
2026-02-05;15:00;11;9.08;9.71;7.47;Bueno;21.57;Bueno;1;1.42;1.42;2.83;Bueno;9.44;Bueno;Bueno;Bueno
2026-02-05;16:00;8;9.12;9.71;7.47;Bueno;21.57;Bueno;1;1.42;1.42;2.83;Bueno;9.44;Bueno;Bueno;Bueno
2026-02-05;17:00;15;9.54;9.71;7.47;Bueno;21.57;Bueno;1;1.42;1.42;2.83;Bueno;9.44;Bueno;Bueno;Bueno
2026-02-05;18:00;13;9.75;9.71;7.47;Bueno;21.57;Bueno;1;1.42;1.42;2.83;Bueno;9.44;Bueno;Bueno;Bueno
2026-02-05;19:00;7;9.62;9.71;7.47;Bueno;21.57;Bueno;1;1.42;1.42;2.83;Bueno;9.44;Bueno;Bueno;Bueno
2026-02-05;20:00;2;9.46;9.71;7.47;Bueno;21.57;Bueno;1;1.42;1.42;2.83;Bueno;9.44;Bueno;Bueno;Bueno
2026-02-05;21:00;4;9.58;9.71;7.47;Bueno;21.57;Bueno;1;1.42;1.42;2.83;Bueno;9.44;Bueno;Bueno;Bueno
2026-02-05;22:00;6;9.79;9.71;7.47;Bueno;21.57;Bueno;1;1.42;1.42;2.83;Bueno;9.44;Bueno;Bueno;Bueno
2026-02-05;23:00;7;9.71;9.71;7.47;Bueno;21.57;Bueno;1;1.42;1.42;2.83;Bueno;9.44;Bueno;Bueno;Bueno
2026-02-06;00:00;16;10.12;16.62;12.79;Bueno;36.94;Bueno;1;1.42;3.54;7.08;Bueno;23.61;Bueno;Bueno;Bueno
2026-02-06;01:00;43;11.79;16.62;12.79;Bueno;36.94;Bueno;24;2.38;3.54;7.08;Bueno;23.61;Bueno;Bueno;Bueno
2026-02-06;02:00;22;12.25;16.62;12.79;Bueno;36.94;Bueno;7;2.62;3.54;7.08;Bueno;23.61;Bueno;Bueno;Bueno
2026-02-06;03:00;10;12.46;16.62;12.79;Bueno;36.94;Bueno;4;2.75;3.54;7.08;Bueno;23.61;Bueno;Bueno;Bueno
2026-02-06;04:00;8;12.75;16.62;12.79;Bueno;36.94;Bueno;1;2.75;3.54;7.08;Bueno;23.61;Bueno;Bueno;Bueno
2026-02-06;05:00;8;13.04;16.62;12.79;Bueno;36.94;Bueno;1;2.75;3.54;7.08;Bueno;23.61;Bueno;Bueno;Bueno
2026-02-06;06:00;30;13.46;16.62;12.79;Bueno;36.94;Bueno;8;3.04;3.54;7.08;Bueno;23.61;Bueno;Bueno;Bueno
2026-02-06;07:00;30;14.21;16.62;12.79;Bueno;36.94;Bueno;13;3.46;3.54;7.08;Bueno;23.61;Bueno;Bueno;Bueno
2026-02-06;08:00;31;14.62;16.62;12.79;Bueno;36.94;Bueno;7;3.54;3.54;7.08;Bueno;23.61;Bueno;Bueno;Bueno
2026-02-06;09:00;16;14.79;16.62;12.79;Bueno;36.94;Bueno;2;3.46;3.54;7.08;Bueno;23.61;Bueno;Bueno;Bueno
2026-02-06;10:00;16;15.08;16.62;12.79;Bueno;36.94;Bueno;1;3.42;3.54;7.08;Bueno;23.61;Bueno;Bueno;Bueno
2026-02-06;11:00;11;15.04;16.62;12.79;Bueno;36.94;Bueno;1;3.42;3.54;7.08;Bueno;23.61;Bueno;Bueno;Bueno
2026-02-06;12:00;16;14.83;16.62;12.79;Bueno;36.94;Bueno;1;3.42;3.54;7.08;Bueno;23.61;Bueno;Bueno;Bueno
2026-02-06;13:00;12;15.00;16.62;12.79;Bueno;36.94;Bueno;1;3.42;3.54;7.08;Bueno;23.61;Bueno;Bueno;Bueno
2026-02-06;14:00;10;14.67;16.62;12.79;Bueno;36.94;Bueno;1;3.42;3.54;7.08;Bueno;23.61;Bueno;Bueno;Bueno
2026-02-06;15:00;12;14.71;16.62;12.79;Bueno;36.94;Bueno;1;3.42;3.54;7.08;Bueno;23.61;Bueno;Bueno;Bueno
2026-02-06;16:00;10;14.79;16.62;12.79;Bueno;36.94;Bueno;1;3.42;3.54;7.08;Bueno;23.61;Bueno;Bueno;Bueno
2026-02-06;17:00;12;14.67;16.62;12.79;Bueno;36.94;Bueno;1;3.42;3.54;7.08;Bueno;23.61;Bueno;Bueno;Bueno
2026-02-06;18:00;10;14.54;16.62;12.79;Bueno;36.94;Bueno;1;3.42;3.54;7.08;Bueno;23.61;Bueno;Bueno;Bueno
2026-02-06;19:00;13;14.79;16.62;12.79;Bueno;36.94;Bueno;1;3.42;3.54;7.08;Bueno;23.61;Bueno;Bueno;Bueno
2026-02-06;20:00;14;15.29;16.62;12.79;Bueno;36.94;Bueno;1;3.42;3.54;7.08;Bueno;23.61;Bueno;Bueno;Bueno
2026-02-06;21:00;8;15.46;16.62;12.79;Bueno;36.94;Bueno;1;3.42;3.54;7.08;Bueno;23.61;Bueno;Bueno;Bueno
2026-02-06;22:00;13;15.75;16.62;12.79;Bueno;36.94;Bueno;1;3.42;3.54;7.08;Bueno;23.61;Bueno;Bueno;Bueno
2026-02-06;23:00;28;16.62;16.62;12.79;Bueno;36.94;Bueno;4;3.54;3.54;7.08;Bueno;23.61;Bueno;Bueno;Bueno
2026-02-07;00:00;31;17.25;13.75;10.58;Bueno;30.56;Bueno;7;3.79;1.67;3.33;Bueno;11.11;Bueno;Bueno;Bueno
2026-02-07;01:00;20;16.29;13.75;10.58;Bueno;30.56;Bueno;4;2.96;1.67;3.33;Bueno;11.11;Bueno;Bueno;Bueno
2026-02-07;02:00;12;15.88;13.75;10.58;Bueno;30.56;Bueno;2;2.75;1.67;3.33;Bueno;11.11;Bueno;Bueno;Bueno
2026-02-07;03:00;9;15.83;13.75;10.58;Bueno;30.56;Bueno;1;2.62;1.67;3.33;Bueno;11.11;Bueno;Bueno;Bueno
2026-02-07;04:00;10;15.92;13.75;10.58;Bueno;30.56;Bueno;1;2.62;1.67;3.33;Bueno;11.11;Bueno;Bueno;Bueno
2026-02-07;05:00;13;16.12;13.75;10.58;Bueno;30.56;Bueno;1;2.62;1.67;3.33;Bueno;11.11;Bueno;Bueno;Bueno
2026-02-07;06:00;14;15.46;13.75;10.58;Bueno;30.56;Bueno;1;2.33;1.67;3.33;Bueno;11.11;Bueno;Bueno;Bueno
2026-02-07;07:00;12;14.71;13.75;10.58;Bueno;30.56;Bueno;1;1.83;1.67;3.33;Bueno;11.11;Bueno;Bueno;Bueno
2026-02-07;08:00;17;14.12;13.75;10.58;Bueno;30.56;Bueno;1;1.58;1.67;3.33;Bueno;11.11;Bueno;Bueno;Bueno
2026-02-07;09:00;6;13.71;13.75;10.58;Bueno;30.56;Bueno;1;1.54;1.67;3.33;Bueno;11.11;Bueno;Bueno;Bueno
2026-02-07;10:00;13;13.58;13.75;10.58;Bueno;30.56;Bueno;1;1.54;1.67;3.33;Bueno;11.11;Bueno;Bueno;Bueno
2026-02-07;11:00;18;13.88;13.75;10.58;Bueno;30.56;Bueno;1;1.54;1.67;3.33;Bueno;11.11;Bueno;Bueno;Bueno
2026-02-07;12:00;15;13.83;13.75;10.58;Bueno;30.56;Bueno;1;1.54;1.67;3.33;Bueno;11.11;Bueno;Bueno;Bueno
2026-02-07;13:00;11;13.79;13.75;10.58;Bueno;30.56;Bueno;1;1.54;1.67;3.33;Bueno;11.11;Bueno;Bueno;Bueno
2026-02-07;14:00;10;13.79;13.75;10.58;Bueno;30.56;Bueno;2;1.58;1.67;3.33;Bueno;11.11;Bueno;Bueno;Bueno
2026-02-07;15:00;14;13.88;13.75;10.58;Bueno;30.56;Bueno;2;1.62;1.67;3.33;Bueno;11.11;Bueno;Bueno;Bueno
2026-02-07;16:00;17;14.17;13.75;10.58;Bueno;30.56;Bueno;2;1.67;1.67;3.33;Bueno;11.11;Bueno;Bueno;Bueno
2026-02-07;17:00;22;14.58;13.75;10.58;Bueno;30.56;Bueno;3;1.75;1.67;3.33;Bueno;11.11;Bueno;Bueno;Bueno
2026-02-07;18:00;19;14.96;13.75;10.58;Bueno;30.56;Bueno;1;1.75;1.67;3.33;Bueno;11.11;Bueno;Bueno;Bueno
2026-02-07;19:00;17;15.12;13.75;10.58;Bueno;30.56;Bueno;1;1.75;1.67;3.33;Bueno;11.11;Bueno;Bueno;Bueno
2026-02-07;20:00;14;15.12;13.75;10.58;Bueno;30.56;Bueno;2;1.79;1.67;3.33;Bueno;11.11;Bueno;Bueno;Bueno
2026-02-07;21:00;8;15.12;13.75;10.58;Bueno;30.56;Bueno;1;1.79;1.67;3.33;Bueno;11.11;Bueno;Bueno;Bueno
2026-02-07;22:00;4;14.75;13.75;10.58;Bueno;30.56;Bueno;1;1.79;1.67;3.33;Bueno;11.11;Bueno;Bueno;Bueno
2026-02-07;23:00;4;13.75;13.75;10.58;Bueno;30.56;Bueno;1;1.67;1.67;3.33;Bueno;11.11;Bueno;Bueno;Bueno
2026-02-08;00:00;5;12.67;7.83;6.03;Bueno;17.41;Bueno;1;1.42;1.29;2.58;Bueno;8.61;Bueno;Bueno;Bueno
2026-02-08;01:00;3;11.96;7.83;6.03;Bueno;17.41;Bueno;1;1.29;1.29;2.58;Bueno;8.61;Bueno;Bueno;Bueno
2026-02-08;02:00;4;11.62;7.83;6.03;Bueno;17.41;Bueno;1;1.25;1.29;2.58;Bueno;8.61;Bueno;Bueno;Bueno
2026-02-08;03:00;4;11.42;7.83;6.03;Bueno;17.41;Bueno;1;1.25;1.29;2.58;Bueno;8.61;Bueno;Bueno;Bueno
2026-02-08;04:00;4;11.17;7.83;6.03;Bueno;17.41;Bueno;1;1.25;1.29;2.58;Bueno;8.61;Bueno;Bueno;Bueno
2026-02-08;05:00;3;10.75;7.83;6.03;Bueno;17.41;Bueno;1;1.25;1.29;2.58;Bueno;8.61;Bueno;Bueno;Bueno
2026-02-08;06:00;4;10.33;7.83;6.03;Bueno;17.41;Bueno;1;1.25;1.29;2.58;Bueno;8.61;Bueno;Bueno;Bueno
2026-02-08;07:00;7;10.12;7.83;6.03;Bueno;17.41;Bueno;1;1.25;1.29;2.58;Bueno;8.61;Bueno;Bueno;Bueno
2026-02-08;08:00;6;9.67;7.83;6.03;Bueno;17.41;Bueno;1;1.25;1.29;2.58;Bueno;8.61;Bueno;Bueno;Bueno
2026-02-08;09:00;8;9.75;7.83;6.03;Bueno;17.41;Bueno;1;1.25;1.29;2.58;Bueno;8.61;Bueno;Bueno;Bueno
2026-02-08;10:00;8;9.54;7.83;6.03;Bueno;17.41;Bueno;1;1.25;1.29;2.58;Bueno;8.61;Bueno;Bueno;Bueno
2026-02-08;11:00;9;9.17;7.83;6.03;Bueno;17.41;Bueno;1;1.25;1.29;2.58;Bueno;8.61;Bueno;Bueno;Bueno
2026-02-08;12:00;9;8.92;7.83;6.03;Bueno;17.41;Bueno;1;1.25;1.29;2.58;Bueno;8.61;Bueno;Bueno;Bueno
2026-02-08;13:00;11;8.92;7.83;6.03;Bueno;17.41;Bueno;1;1.25;1.29;2.58;Bueno;8.61;Bueno;Bueno;Bueno
2026-02-08;14:00;13;9.04;7.83;6.03;Bueno;17.41;Bueno;1;1.21;1.29;2.58;Bueno;8.61;Bueno;Bueno;Bueno
2026-02-08;15:00;17;9.17;7.83;6.03;Bueno;17.41;Bueno;1;1.17;1.29;2.58;Bueno;8.61;Bueno;Bueno;Bueno
2026-02-08;16:00;11;8.92;7.83;6.03;Bueno;17.41;Bueno;1;1.12;1.29;2.58;Bueno;8.61;Bueno;Bueno;Bueno
2026-02-08;17:00;10;8.42;7.83;6.03;Bueno;17.41;Bueno;1;1.04;1.29;2.58;Bueno;8.61;Bueno;Bueno;Bueno
2026-02-08;18:00;12;8.12;7.83;6.03;Bueno;17.41;Bueno;1;1.04;1.29;2.58;Bueno;8.61;Bueno;Bueno;Bueno
2026-02-08;19:00;13;7.96;7.83;6.03;Bueno;17.41;Bueno;1;1.04;1.29;2.58;Bueno;8.61;Bueno;Bueno;Bueno
2026-02-08;20:00;8;7.71;7.83;6.03;Bueno;17.41;Bueno;4;1.12;1.29;2.58;Bueno;8.61;Bueno;Bueno;Bueno
2026-02-08;21:00;6;7.62;7.83;6.03;Bueno;17.41;Bueno;4;1.25;1.29;2.58;Bueno;8.61;Bueno;Bueno;Bueno
2026-02-08;22:00;6;7.71;7.83;6.03;Bueno;17.41;Bueno;2;1.29;1.29;2.58;Bueno;8.61;Bueno;Bueno;Bueno
2026-02-08;23:00;7;7.83;7.83;6.03;Bueno;17.41;Bueno;1;1.29;1.29;2.58;Bueno;8.61;Bueno;Bueno;Bueno
2026-02-09;00:00;10;8.04;8.87;6.82;Bueno;19.71;Bueno;1;1.29;1.13;2.26;Bueno;7.54;Bueno;Bueno;Bueno
2026-02-09;01:00;9;8.29;8.87;6.82;Bueno;19.71;Bueno;1;1.29;1.13;2.26;Bueno;7.54;Bueno;Bueno;Bueno
2026-02-09;02:00;6;8.38;8.87;6.82;Bueno;19.71;Bueno;1;1.29;1.13;2.26;Bueno;7.54;Bueno;Bueno;Bueno
2026-02-09;03:00;2;8.29;8.87;6.82;Bueno;19.71;Bueno;1;1.29;1.13;2.26;Bueno;7.54;Bueno;Bueno;Bueno
2026-02-09;04:00;2;8.21;8.87;6.82;Bueno;19.71;Bueno;1;1.29;1.13;2.26;Bueno;7.54;Bueno;Bueno;Bueno
2026-02-09;05:00;4;8.25;8.87;6.82;Bueno;19.71;Bueno;1;1.29;1.13;2.26;Bueno;7.54;Bueno;Bueno;Bueno
2026-02-09;06:00;8;8.42;8.87;6.82;Bueno;19.71;Bueno;1;1.29;1.13;2.26;Bueno;7.54;Bueno;Bueno;Bueno
2026-02-09;07:00;25;9.17;8.87;6.82;Bueno;19.71;Bueno;3;1.38;1.13;2.26;Bueno;7.54;Bueno;Bueno;Bueno
2026-02-09;08:00;15;9.54;8.87;6.82;Bueno;19.71;Bueno;2;1.42;1.13;2.26;Bueno;7.54;Bueno;Bueno;Bueno
2026-02-09;09:00;13;9.75;8.87;6.82;Bueno;19.71;Bueno;1;1.42;1.13;2.26;Bueno;7.54;Bueno;Bueno;Bueno
2026-02-09;10:00;10;9.83;8.87;6.82;Bueno;19.71;Bueno;1;1.42;1.13;2.26;Bueno;7.54;Bueno;Bueno;Bueno
2026-02-09;11:00;6;9.71;8.87;6.82;Bueno;19.71;Bueno;1;1.42;1.13;2.26;Bueno;7.54;Bueno;Bueno;Bueno
2026-02-09;12:00;5;9.54;8.87;6.82;Bueno;19.71;Bueno;1;1.42;1.13;2.26;Bueno;7.54;Bueno;Bueno;Bueno
2026-02-09;13:00;10;9.50;8.87;6.82;Bueno;19.71;Bueno;1;1.42;1.13;2.26;Bueno;7.54;Bueno;Bueno;Bueno
2026-02-09;14:00;;9.35;8.87;6.82;Bueno;19.71;Bueno;;1.43;1.13;2.26;Bueno;7.54;Bueno;Bueno;Bueno
2026-02-09;15:00;4;8.78;8.87;6.82;Bueno;19.71;Bueno;1;1.43;1.13;2.26;Bueno;7.54;Bueno;Bueno;Bueno
2026-02-09;16:00;3;8.43;8.87;6.82;Bueno;19.71;Bueno;1;1.43;1.13;2.26;Bueno;7.54;Bueno;Bueno;Bueno
2026-02-09;17:00;6;8.26;8.87;6.82;Bueno;19.71;Bueno;1;1.43;1.13;2.26;Bueno;7.54;Bueno;Bueno;Bueno
2026-02-09;18:00;13;8.30;8.87;6.82;Bueno;19.71;Bueno;1;1.43;1.13;2.26;Bueno;7.54;Bueno;Bueno;Bueno
2026-02-09;19:00;11;8.22;8.87;6.82;Bueno;19.71;Bueno;1;1.43;1.13;2.26;Bueno;7.54;Bueno;Bueno;Bueno
2026-02-09;20:00;6;8.13;8.87;6.82;Bueno;19.71;Bueno;1;1.30;1.13;2.26;Bueno;7.54;Bueno;Bueno;Bueno
2026-02-09;21:00;12;8.39;8.87;6.82;Bueno;19.71;Bueno;1;1.17;1.13;2.26;Bueno;7.54;Bueno;Bueno;Bueno
2026-02-09;22:00;11;8.61;8.87;6.82;Bueno;19.71;Bueno;1;1.13;1.13;2.26;Bueno;7.54;Bueno;Bueno;Bueno
2026-02-09;23:00;13;8.87;8.87;6.82;Bueno;19.71;Bueno;1;1.13;1.13;2.26;Bueno;7.54;Bueno;Bueno;Bueno
2026-02-10;00:00;11;8.91;13.42;10.32;Bueno;29.81;Bueno;1;1.13;1.71;3.42;Bueno;11.39;Bueno;Bueno;Bueno
2026-02-10;01:00;6;8.78;13.42;10.32;Bueno;29.81;Bueno;1;1.13;1.71;3.42;Bueno;11.39;Bueno;Bueno;Bueno
2026-02-10;02:00;9;8.91;13.42;10.32;Bueno;29.81;Bueno;1;1.13;1.71;3.42;Bueno;11.39;Bueno;Bueno;Bueno
2026-02-10;03:00;6;9.09;13.42;10.32;Bueno;29.81;Bueno;1;1.13;1.71;3.42;Bueno;11.39;Bueno;Bueno;Bueno
2026-02-10;04:00;6;9.26;13.42;10.32;Bueno;29.81;Bueno;1;1.13;1.71;3.42;Bueno;11.39;Bueno;Bueno;Bueno
2026-02-10;05:00;4;9.26;13.42;10.32;Bueno;29.81;Bueno;1;1.13;1.71;3.42;Bueno;11.39;Bueno;Bueno;Bueno
2026-02-10;06:00;8;9.26;13.42;10.32;Bueno;29.81;Bueno;1;1.13;1.71;3.42;Bueno;11.39;Bueno;Bueno;Bueno
2026-02-10;07:00;10;8.61;13.42;10.32;Bueno;29.81;Bueno;1;1.04;1.71;3.42;Bueno;11.39;Bueno;Bueno;Bueno
2026-02-10;08:00;19;8.78;13.42;10.32;Bueno;29.81;Bueno;2;1.04;1.71;3.42;Bueno;11.39;Bueno;Bueno;Bueno
2026-02-10;09:00;14;8.83;13.42;10.32;Bueno;29.81;Bueno;2;1.09;1.71;3.42;Bueno;11.39;Bueno;Bueno;Bueno
2026-02-10;10:00;27;9.57;13.42;10.32;Bueno;29.81;Bueno;2;1.13;1.71;3.42;Bueno;11.39;Bueno;Bueno;Bueno
2026-02-10;11:00;21;10.22;13.42;10.32;Bueno;29.81;Bueno;1;1.13;1.71;3.42;Bueno;11.39;Bueno;Bueno;Bueno
2026-02-10;12:00;52;12.26;13.42;10.32;Bueno;29.81;Bueno;1;1.13;1.71;3.42;Bueno;11.39;Bueno;Bueno;Bueno
2026-02-10;13:00;9;12.22;13.42;10.32;Bueno;29.81;Bueno;1;1.13;1.71;3.42;Bueno;11.39;Bueno;Bueno;Bueno
2026-02-10;14:00;10;12.12;13.42;10.32;Bueno;29.81;Bueno;1;1.12;1.71;3.42;Bueno;11.39;Bueno;Bueno;Bueno
2026-02-10;15:00;20;12.79;13.42;10.32;Bueno;29.81;Bueno;1;1.12;1.71;3.42;Bueno;11.39;Bueno;Bueno;Bueno
2026-02-10;16:00;3;12.79;13.42;10.32;Bueno;29.81;Bueno;1;1.12;1.71;3.42;Bueno;11.39;Bueno;Bueno;Bueno
2026-02-10;17:00;5;12.75;13.42;10.32;Bueno;29.81;Bueno;1;1.12;1.71;3.42;Bueno;11.39;Bueno;Bueno;Bueno
2026-02-10;18:00;6;12.46;13.42;10.32;Bueno;29.81;Bueno;1;1.12;1.71;3.42;Bueno;11.39;Bueno;Bueno;Bueno
2026-02-10;19:00;10;12.42;13.42;10.32;Bueno;29.81;Bueno;2;1.17;1.71;3.42;Bueno;11.39;Bueno;Bueno;Bueno
2026-02-10;20:00;14;12.75;13.42;10.32;Bueno;29.81;Bueno;3;1.25;1.71;3.42;Bueno;11.39;Bueno;Bueno;Bueno
2026-02-10;21:00;10;12.67;13.42;10.32;Bueno;29.81;Bueno;2;1.29;1.71;3.42;Bueno;11.39;Bueno;Bueno;Bueno
2026-02-10;22:00;17;12.92;13.42;10.32;Bueno;29.81;Bueno;6;1.50;1.71;3.42;Bueno;11.39;Bueno;Bueno;Bueno
2026-02-10;23:00;25;13.42;13.42;10.32;Bueno;29.81;Bueno;6;1.71;1.71;3.42;Bueno;11.39;Bueno;Bueno;Bueno
2026-02-11;00:00;21;13.83;14.00;10.77;Bueno;31.11;Bueno;4;1.83;3.67;7.33;Bueno;24.44;Bueno;Bueno;Bueno
2026-02-11;01:00;24;14.58;14.00;10.77;Bueno;31.11;Bueno;7;2.08;3.67;7.33;Bueno;24.44;Bueno;Bueno;Bueno
2026-02-11;02:00;7;14.50;14.00;10.77;Bueno;31.11;Bueno;6;2.29;3.67;7.33;Bueno;24.44;Bueno;Bueno;Bueno
2026-02-11;03:00;7;14.54;14.00;10.77;Bueno;31.11;Bueno;3;2.38;3.67;7.33;Bueno;24.44;Bueno;Bueno;Bueno
2026-02-11;04:00;10;14.71;14.00;10.77;Bueno;31.11;Bueno;1;2.38;3.67;7.33;Bueno;24.44;Bueno;Bueno;Bueno
2026-02-11;05:00;6;14.79;14.00;10.77;Bueno;31.11;Bueno;1;2.38;3.67;7.33;Bueno;24.44;Bueno;Bueno;Bueno
2026-02-11;06:00;15;15.08;14.00;10.77;Bueno;31.11;Bueno;1;2.38;3.67;7.33;Bueno;24.44;Bueno;Bueno;Bueno
2026-02-11;07:00;21;15.54;14.00;10.77;Bueno;31.11;Bueno;1;2.38;3.67;7.33;Bueno;24.44;Bueno;Bueno;Bueno
2026-02-11;08:00;17;15.46;14.00;10.77;Bueno;31.11;Bueno;3;2.42;3.67;7.33;Bueno;24.44;Bueno;Bueno;Bueno
2026-02-11;09:00;13;15.42;14.00;10.77;Bueno;31.11;Bueno;5;2.54;3.67;7.33;Bueno;24.44;Bueno;Bueno;Bueno
2026-02-11;10:00;19;15.08;14.00;10.77;Bueno;31.11;Bueno;3;2.58;3.67;7.33;Bueno;24.44;Bueno;Bueno;Bueno
2026-02-11;11:00;18;14.96;14.00;10.77;Bueno;31.11;Bueno;2;2.62;3.67;7.33;Bueno;24.44;Bueno;Bueno;Bueno
2026-02-11;12:00;13;13.33;14.00;10.77;Bueno;31.11;Bueno;1;2.62;3.67;7.33;Bueno;24.44;Bueno;Bueno;Bueno
2026-02-11;13:00;10;13.38;14.00;10.77;Bueno;31.11;Bueno;1;2.62;3.67;7.33;Bueno;24.44;Bueno;Bueno;Bueno
2026-02-11;14:00;10;13.38;14.00;10.77;Bueno;31.11;Bueno;1;2.62;3.67;7.33;Bueno;24.44;Bueno;Bueno;Bueno
2026-02-11;15:00;21;13.42;14.00;10.77;Bueno;31.11;Bueno;1;2.62;3.67;7.33;Bueno;24.44;Bueno;Bueno;Bueno
2026-02-11;16:00;1;13.33;14.00;10.77;Bueno;31.11;Bueno;1;2.62;3.67;7.33;Bueno;24.44;Bueno;Bueno;Bueno
2026-02-11;17:00;13;13.67;14.00;10.77;Bueno;31.11;Bueno;1;2.62;3.67;7.33;Bueno;24.44;Bueno;Bueno;Bueno
2026-02-11;18:00;7;13.71;14.00;10.77;Bueno;31.11;Bueno;3;2.71;3.67;7.33;Bueno;24.44;Bueno;Bueno;Bueno
2026-02-11;19:00;2;13.38;14.00;10.77;Bueno;31.11;Bueno;2;2.71;3.67;7.33;Bueno;24.44;Bueno;Bueno;Bueno
2026-02-11;20:00;17;13.50;14.00;10.77;Bueno;31.11;Bueno;2;2.67;3.67;7.33;Bueno;24.44;Bueno;Bueno;Bueno
2026-02-11;21:00;24;14.08;14.00;10.77;Bueno;31.11;Bueno;12;3.08;3.67;7.33;Bueno;24.44;Bueno;Bueno;Bueno
2026-02-11;22:00;28;14.54;14.00;10.77;Bueno;31.11;Bueno;21;3.71;3.67;7.33;Bueno;24.44;Bueno;Bueno;Bueno
2026-02-11;23:00;12;14.00;14.00;10.77;Bueno;31.11;Bueno;5;3.67;3.67;7.33;Bueno;24.44;Bueno;Bueno;Bueno
2026-02-12;00:00;12;13.62;11.83;9.10;Bueno;26.30;Bueno;4;3.67;4.12;8.25;Bueno;27.50;Bueno;Bueno;Bueno
2026-02-12;01:00;9;13.00;11.83;9.10;Bueno;26.30;Bueno;9;3.75;4.12;8.25;Bueno;27.50;Bueno;Bueno;Bueno
2026-02-12;02:00;17;13.42;11.83;9.10;Bueno;26.30;Bueno;12;4.00;4.12;8.25;Bueno;27.50;Bueno;Bueno;Bueno
2026-02-12;03:00;8;13.46;11.83;9.10;Bueno;26.30;Bueno;7;4.17;4.12;8.25;Bueno;27.50;Bueno;Bueno;Bueno
2026-02-12;04:00;4;13.21;11.83;9.10;Bueno;26.30;Bueno;3;4.25;4.12;8.25;Bueno;27.50;Bueno;Bueno;Bueno
2026-02-12;05:00;1;13.00;11.83;9.10;Bueno;26.30;Bueno;1;4.25;4.12;8.25;Bueno;27.50;Bueno;Bueno;Bueno
2026-02-12;06:00;6;12.62;11.83;9.10;Bueno;26.30;Bueno;2;4.29;4.12;8.25;Bueno;27.50;Bueno;Bueno;Bueno
2026-02-12;07:00;38;13.33;11.83;9.10;Bueno;26.30;Bueno;15;4.88;4.12;8.25;Bueno;27.50;Bueno;Bueno;Bueno
2026-02-12;08:00;47;14.58;11.83;9.10;Bueno;26.30;Bueno;16;5.42;4.12;8.25;Bueno;27.50;Bueno;Bueno;Bueno
2026-02-12;09:00;15;14.67;11.83;9.10;Bueno;26.30;Bueno;8;5.54;4.12;8.25;Bueno;27.50;Bueno;Bueno;Bueno
2026-02-12;10:00;21;14.75;11.83;9.10;Bueno;26.30;Bueno;7;5.71;4.12;8.25;Bueno;27.50;Bueno;Bueno;Bueno
2026-02-12;11:00;9;14.38;11.83;9.10;Bueno;26.30;Bueno;3;5.75;4.12;8.25;Bueno;27.50;Bueno;Bueno;Bueno
2026-02-12;12:00;9;14.21;11.83;9.10;Bueno;26.30;Bueno;1;5.75;4.12;8.25;Bueno;27.50;Bueno;Bueno;Bueno
2026-02-12;13:00;15;14.42;11.83;9.10;Bueno;26.30;Bueno;1;5.75;4.12;8.25;Bueno;27.50;Bueno;Bueno;Bueno
2026-02-12;14:00;12;14.50;11.83;9.10;Bueno;26.30;Bueno;1;5.75;4.12;8.25;Bueno;27.50;Bueno;Bueno;Bueno
2026-02-12;15:00;10;14.04;11.83;9.10;Bueno;26.30;Bueno;1;5.75;4.12;8.25;Bueno;27.50;Bueno;Bueno;Bueno
2026-02-12;16:00;9;14.38;11.83;9.10;Bueno;26.30;Bueno;1;5.75;4.12;8.25;Bueno;27.50;Bueno;Bueno;Bueno
2026-02-12;17:00;8;14.17;11.83;9.10;Bueno;26.30;Bueno;1;5.75;4.12;8.25;Bueno;27.50;Bueno;Bueno;Bueno
2026-02-12;18:00;5;14.08;11.83;9.10;Bueno;26.30;Bueno;1;5.67;4.12;8.25;Bueno;27.50;Bueno;Bueno;Bueno
2026-02-12;19:00;5;14.21;11.83;9.10;Bueno;26.30;Bueno;1;5.62;4.12;8.25;Bueno;27.50;Bueno;Bueno;Bueno
2026-02-12;20:00;4;13.67;11.83;9.10;Bueno;26.30;Bueno;1;5.58;4.12;8.25;Bueno;27.50;Bueno;Bueno;Bueno
2026-02-12;21:00;5;12.88;11.83;9.10;Bueno;26.30;Bueno;1;5.12;4.12;8.25;Bueno;27.50;Bueno;Bueno;Bueno
2026-02-12;22:00;8;12.04;11.83;9.10;Bueno;26.30;Bueno;1;4.29;4.12;8.25;Bueno;27.50;Bueno;Bueno;Bueno
2026-02-12;23:00;7;11.83;11.83;9.10;Bueno;26.30;Bueno;1;4.12;4.12;8.25;Bueno;27.50;Bueno;Bueno;Bueno
2026-02-13;00:00;6;11.58;17.57;13.51;Bueno;39.03;Bueno;1;4.00;2.83;5.65;Bueno;18.84;Bueno;Bueno;Bueno
2026-02-13;01:00;10;11.62;17.57;13.51;Bueno;39.03;Bueno;1;3.67;2.83;5.65;Bueno;18.84;Bueno;Bueno;Bueno
2026-02-13;02:00;12;11.42;17.57;13.51;Bueno;39.03;Bueno;1;3.21;2.83;5.65;Bueno;18.84;Bueno;Bueno;Bueno
2026-02-13;03:00;8;11.42;17.57;13.51;Bueno;39.03;Bueno;1;2.96;2.83;5.65;Bueno;18.84;Bueno;Bueno;Bueno
2026-02-13;04:00;5;11.46;17.57;13.51;Bueno;39.03;Bueno;2;2.92;2.83;5.65;Bueno;18.84;Bueno;Bueno;Bueno
2026-02-13;05:00;9;11.79;17.57;13.51;Bueno;39.03;Bueno;2;2.96;2.83;5.65;Bueno;18.84;Bueno;Bueno;Bueno
2026-02-13;06:00;50;13.62;17.57;13.51;Bueno;39.03;Bueno;9;3.25;2.83;5.65;Bueno;18.84;Bueno;Bueno;Bueno
2026-02-13;07:00;37;13.58;17.57;13.51;Bueno;39.03;Bueno;11;3.08;2.83;5.65;Bueno;18.84;Bueno;Bueno;Bueno
2026-02-13;08:00;34;13.04;17.57;13.51;Bueno;39.03;Bueno;6;2.67;2.83;5.65;Bueno;18.84;Bueno;Bueno;Bueno
2026-02-13;09:00;30;13.67;17.57;13.51;Bueno;39.03;Bueno;7;2.62;2.83;5.65;Bueno;18.84;Bueno;Bueno;Bueno
2026-02-13;10:00;71;15.75;17.57;13.51;Bueno;39.03;Bueno;8;2.67;2.83;5.65;Bueno;18.84;Bueno;Bueno;Bueno
2026-02-13;11:00;25;16.42;17.57;13.51;Bueno;39.03;Bueno;5;2.75;2.83;5.65;Bueno;18.84;Bueno;Bueno;Bueno
2026-02-13;12:00;;16.74;17.57;13.51;Bueno;39.03;Bueno;;2.83;2.83;5.65;Bueno;18.84;Bueno;Bueno;Bueno
2026-02-13;13:00;17;16.83;17.57;13.51;Bueno;39.03;Bueno;1;2.83;2.83;5.65;Bueno;18.84;Bueno;Bueno;Bueno
2026-02-13;14:00;15;16.96;17.57;13.51;Bueno;39.03;Bueno;1;2.83;2.83;5.65;Bueno;18.84;Bueno;Bueno;Bueno
2026-02-13;15:00;9;16.91;17.57;13.51;Bueno;39.03;Bueno;1;2.83;2.83;5.65;Bueno;18.84;Bueno;Bueno;Bueno
2026-02-13;16:00;8;16.87;17.57;13.51;Bueno;39.03;Bueno;1;2.83;2.83;5.65;Bueno;18.84;Bueno;Bueno;Bueno
2026-02-13;17:00;7;16.83;17.57;13.51;Bueno;39.03;Bueno;1;2.83;2.83;5.65;Bueno;18.84;Bueno;Bueno;Bueno
2026-02-13;18:00;12;17.13;17.57;13.51;Bueno;39.03;Bueno;1;2.83;2.83;5.65;Bueno;18.84;Bueno;Bueno;Bueno
2026-02-13;19:00;6;17.17;17.57;13.51;Bueno;39.03;Bueno;1;2.83;2.83;5.65;Bueno;18.84;Bueno;Bueno;Bueno
2026-02-13;20:00;5;17.22;17.57;13.51;Bueno;39.03;Bueno;1;2.83;2.83;5.65;Bueno;18.84;Bueno;Bueno;Bueno
2026-02-13;21:00;9;17.39;17.57;13.51;Bueno;39.03;Bueno;1;2.83;2.83;5.65;Bueno;18.84;Bueno;Bueno;Bueno
2026-02-13;22:00;11;17.52;17.57;13.51;Bueno;39.03;Bueno;1;2.83;2.83;5.65;Bueno;18.84;Bueno;Bueno;Bueno
2026-02-13;23:00;8;17.57;17.57;13.51;Bueno;39.03;Bueno;1;2.83;2.83;5.65;Bueno;18.84;Bueno;Bueno;Bueno
2026-02-14;00:00;8;17.65;5.79;4.46;Bueno;12.87;Bueno;1;2.83;1.83;3.67;Bueno;12.22;Bueno;Bueno;Bueno
2026-02-14;01:00;7;17.52;5.79;4.46;Bueno;12.87;Bueno;1;2.83;1.83;3.67;Bueno;12.22;Bueno;Bueno;Bueno
2026-02-14;02:00;7;17.30;5.79;4.46;Bueno;12.87;Bueno;1;2.83;1.83;3.67;Bueno;12.22;Bueno;Bueno;Bueno
2026-02-14;03:00;8;17.30;5.79;4.46;Bueno;12.87;Bueno;1;2.83;1.83;3.67;Bueno;12.22;Bueno;Bueno;Bueno
2026-02-14;04:00;7;17.39;5.79;4.46;Bueno;12.87;Bueno;1;2.78;1.83;3.67;Bueno;12.22;Bueno;Bueno;Bueno
2026-02-14;05:00;4;17.17;5.79;4.46;Bueno;12.87;Bueno;1;2.74;1.83;3.67;Bueno;12.22;Bueno;Bueno;Bueno
2026-02-14;06:00;1;15.04;5.79;4.46;Bueno;12.87;Bueno;1;2.39;1.83;3.67;Bueno;12.22;Bueno;Bueno;Bueno
2026-02-14;07:00;1;13.48;5.79;4.46;Bueno;12.87;Bueno;1;1.96;1.83;3.67;Bueno;12.22;Bueno;Bueno;Bueno
2026-02-14;08:00;1;12.04;5.79;4.46;Bueno;12.87;Bueno;1;1.74;1.83;3.67;Bueno;12.22;Bueno;Bueno;Bueno
2026-02-14;09:00;1;10.78;5.79;4.46;Bueno;12.87;Bueno;1;1.48;1.83;3.67;Bueno;12.22;Bueno;Bueno;Bueno
2026-02-14;10:00;1;7.74;5.79;4.46;Bueno;12.87;Bueno;1;1.17;1.83;3.67;Bueno;12.22;Bueno;Bueno;Bueno
2026-02-14;11:00;1;6.70;5.79;4.46;Bueno;12.87;Bueno;1;1.00;1.83;3.67;Bueno;12.22;Bueno;Bueno;Bueno
2026-02-14;12:00;1;6.46;5.79;4.46;Bueno;12.87;Bueno;1;1.00;1.83;3.67;Bueno;12.22;Bueno;Bueno;Bueno
2026-02-14;13:00;5;5.96;5.79;4.46;Bueno;12.87;Bueno;1;1.00;1.83;3.67;Bueno;12.22;Bueno;Bueno;Bueno
2026-02-14;14:00;7;5.62;5.79;4.46;Bueno;12.87;Bueno;1;1.00;1.83;3.67;Bueno;12.22;Bueno;Bueno;Bueno
2026-02-14;15:00;7;5.54;5.79;4.46;Bueno;12.87;Bueno;1;1.00;1.83;3.67;Bueno;12.22;Bueno;Bueno;Bueno
2026-02-14;16:00;12;5.71;5.79;4.46;Bueno;12.87;Bueno;1;1.00;1.83;3.67;Bueno;12.22;Bueno;Bueno;Bueno
2026-02-14;17:00;21;6.29;5.79;4.46;Bueno;12.87;Bueno;13;1.50;1.83;3.67;Bueno;12.22;Bueno;Bueno;Bueno
2026-02-14;18:00;7;6.08;5.79;4.46;Bueno;12.87;Bueno;6;1.71;1.83;3.67;Bueno;12.22;Bueno;Bueno;Bueno
2026-02-14;19:00;5;6.04;5.79;4.46;Bueno;12.87;Bueno;1;1.71;1.83;3.67;Bueno;12.22;Bueno;Bueno;Bueno
2026-02-14;20:00;5;6.04;5.79;4.46;Bueno;12.87;Bueno;3;1.79;1.83;3.67;Bueno;12.22;Bueno;Bueno;Bueno
2026-02-14;21:00;5;5.88;5.79;4.46;Bueno;12.87;Bueno;2;1.83;1.83;3.67;Bueno;12.22;Bueno;Bueno;Bueno
2026-02-14;22:00;7;5.71;5.79;4.46;Bueno;12.87;Bueno;1;1.83;1.83;3.67;Bueno;12.22;Bueno;Bueno;Bueno
2026-02-14;23:00;10;5.79;5.79;4.46;Bueno;12.87;Bueno;1;1.83;1.83;3.67;Bueno;12.22;Bueno;Bueno;Bueno
2026-02-15;00:00;11;5.92;10.42;8.01;Bueno;23.15;Bueno;1;1.83;1.04;2.08;Bueno;6.94;Bueno;Bueno;Bueno
2026-02-15;01:00;9;6.00;10.42;8.01;Bueno;23.15;Bueno;1;1.83;1.04;2.08;Bueno;6.94;Bueno;Bueno;Bueno
2026-02-15;02:00;8;6.04;10.42;8.01;Bueno;23.15;Bueno;1;1.83;1.04;2.08;Bueno;6.94;Bueno;Bueno;Bueno
2026-02-15;03:00;7;6.00;10.42;8.01;Bueno;23.15;Bueno;1;1.83;1.04;2.08;Bueno;6.94;Bueno;Bueno;Bueno
2026-02-15;04:00;1;5.75;10.42;8.01;Bueno;23.15;Bueno;1;1.83;1.04;2.08;Bueno;6.94;Bueno;Bueno;Bueno
2026-02-15;05:00;5;5.79;10.42;8.01;Bueno;23.15;Bueno;1;1.83;1.04;2.08;Bueno;6.94;Bueno;Bueno;Bueno
2026-02-15;06:00;18;6.50;10.42;8.01;Bueno;23.15;Bueno;1;1.83;1.04;2.08;Bueno;6.94;Bueno;Bueno;Bueno
2026-02-15;07:00;22;7.38;10.42;8.01;Bueno;23.15;Bueno;1;1.83;1.04;2.08;Bueno;6.94;Bueno;Bueno;Bueno
2026-02-15;08:00;21;8.21;10.42;8.01;Bueno;23.15;Bueno;1;1.83;1.04;2.08;Bueno;6.94;Bueno;Bueno;Bueno
2026-02-15;09:00;12;8.67;10.42;8.01;Bueno;23.15;Bueno;1;1.83;1.04;2.08;Bueno;6.94;Bueno;Bueno;Bueno
2026-02-15;10:00;13;9.17;10.42;8.01;Bueno;23.15;Bueno;1;1.83;1.04;2.08;Bueno;6.94;Bueno;Bueno;Bueno
2026-02-15;11:00;18;9.88;10.42;8.01;Bueno;23.15;Bueno;2;1.88;1.04;2.08;Bueno;6.94;Bueno;Bueno;Bueno
2026-02-15;12:00;5;10.04;10.42;8.01;Bueno;23.15;Bueno;1;1.88;1.04;2.08;Bueno;6.94;Bueno;Bueno;Bueno
2026-02-15;13:00;8;10.17;10.42;8.01;Bueno;23.15;Bueno;1;1.88;1.04;2.08;Bueno;6.94;Bueno;Bueno;Bueno
2026-02-15;14:00;16;10.54;10.42;8.01;Bueno;23.15;Bueno;1;1.88;1.04;2.08;Bueno;6.94;Bueno;Bueno;Bueno
2026-02-15;15:00;15;10.88;10.42;8.01;Bueno;23.15;Bueno;1;1.88;1.04;2.08;Bueno;6.94;Bueno;Bueno;Bueno
2026-02-15;16:00;12;10.88;10.42;8.01;Bueno;23.15;Bueno;1;1.88;1.04;2.08;Bueno;6.94;Bueno;Bueno;Bueno
2026-02-15;17:00;13;10.54;10.42;8.01;Bueno;23.15;Bueno;1;1.38;1.04;2.08;Bueno;6.94;Bueno;Bueno;Bueno
2026-02-15;18:00;8;10.58;10.42;8.01;Bueno;23.15;Bueno;1;1.17;1.04;2.08;Bueno;6.94;Bueno;Bueno;Bueno
2026-02-15;19:00;4;10.54;10.42;8.01;Bueno;23.15;Bueno;1;1.17;1.04;2.08;Bueno;6.94;Bueno;Bueno;Bueno
2026-02-15;20:00;3;10.46;10.42;8.01;Bueno;23.15;Bueno;1;1.08;1.04;2.08;Bueno;6.94;Bueno;Bueno;Bueno
2026-02-15;21:00;5;10.46;10.42;8.01;Bueno;23.15;Bueno;1;1.04;1.04;2.08;Bueno;6.94;Bueno;Bueno;Bueno
2026-02-15;22:00;6;10.42;10.42;8.01;Bueno;23.15;Bueno;1;1.04;1.04;2.08;Bueno;6.94;Bueno;Bueno;Bueno
2026-02-15;23:00;10;10.42;10.42;8.01;Bueno;23.15;Bueno;1;1.04;1.04;2.08;Bueno;6.94;Bueno;Bueno;Bueno
2026-02-16;00:00;15;10.58;26.92;20.71;Bueno;59.81;Bueno;2;1.08;2.21;4.42;Bueno;14.72;Bueno;Bueno;Bueno
2026-02-16;01:00;15;10.83;26.92;20.71;Bueno;59.81;Bueno;3;1.17;2.21;4.42;Bueno;14.72;Bueno;Bueno;Bueno
2026-02-16;02:00;10;10.92;26.92;20.71;Bueno;59.81;Bueno;2;1.21;2.21;4.42;Bueno;14.72;Bueno;Bueno;Bueno
2026-02-16;03:00;16;11.29;26.92;20.71;Bueno;59.81;Bueno;1;1.21;2.21;4.42;Bueno;14.72;Bueno;Bueno;Bueno
2026-02-16;04:00;10;11.67;26.92;20.71;Bueno;59.81;Bueno;1;1.21;2.21;4.42;Bueno;14.72;Bueno;Bueno;Bueno
2026-02-16;05:00;3;11.58;26.92;20.71;Bueno;59.81;Bueno;2;1.25;2.21;4.42;Bueno;14.72;Bueno;Bueno;Bueno
2026-02-16;06:00;14;11.42;26.92;20.71;Bueno;59.81;Bueno;4;1.38;2.21;4.42;Bueno;14.72;Bueno;Bueno;Bueno
2026-02-16;07:00;24;11.50;26.92;20.71;Bueno;59.81;Bueno;2;1.42;2.21;4.42;Bueno;14.72;Bueno;Bueno;Bueno
2026-02-16;08:00;171;17.75;26.92;20.71;Bueno;59.81;Bueno;9;1.75;2.21;4.42;Bueno;14.72;Bueno;Bueno;Bueno
2026-02-16;09:00;134;22.83;26.92;20.71;Bueno;59.81;Bueno;10;2.12;2.21;4.42;Bueno;14.72;Bueno;Bueno;Bueno
2026-02-16;10:00;54;24.54;26.92;20.71;Bueno;59.81;Bueno;4;2.25;2.21;4.42;Bueno;14.72;Bueno;Bueno;Bueno
2026-02-16;11:00;30;25.04;26.92;20.71;Bueno;59.81;Bueno;1;2.21;2.21;4.42;Bueno;14.72;Bueno;Bueno;Bueno
2026-02-16;12:00;10;25.25;26.92;20.71;Bueno;59.81;Bueno;1;2.21;2.21;4.42;Bueno;14.72;Bueno;Bueno;Bueno
2026-02-16;13:00;11;25.38;26.92;20.71;Bueno;59.81;Bueno;1;2.21;2.21;4.42;Bueno;14.72;Bueno;Bueno;Bueno
2026-02-16;14:00;22;25.62;26.92;20.71;Bueno;59.81;Bueno;1;2.21;2.21;4.42;Bueno;14.72;Bueno;Bueno;Bueno
2026-02-16;15:00;13;25.54;26.92;20.71;Bueno;59.81;Bueno;1;2.21;2.21;4.42;Bueno;14.72;Bueno;Bueno;Bueno
2026-02-16;16:00;15;25.67;26.92;20.71;Bueno;59.81;Bueno;1;2.21;2.21;4.42;Bueno;14.72;Bueno;Bueno;Bueno
2026-02-16;17:00;12;25.62;26.92;20.71;Bueno;59.81;Bueno;1;2.21;2.21;4.42;Bueno;14.72;Bueno;Bueno;Bueno
2026-02-16;18:00;11;25.75;26.92;20.71;Bueno;59.81;Bueno;1;2.21;2.21;4.42;Bueno;14.72;Bueno;Bueno;Bueno
2026-02-16;19:00;17;26.29;26.92;20.71;Bueno;59.81;Bueno;1;2.21;2.21;4.42;Bueno;14.72;Bueno;Bueno;Bueno
2026-02-16;20:00;16;26.83;26.92;20.71;Bueno;59.81;Bueno;1;2.21;2.21;4.42;Bueno;14.72;Bueno;Bueno;Bueno
2026-02-16;21:00;8;26.96;26.92;20.71;Bueno;59.81;Bueno;1;2.21;2.21;4.42;Bueno;14.72;Bueno;Bueno;Bueno
2026-02-16;22:00;8;27.04;26.92;20.71;Bueno;59.81;Bueno;1;2.21;2.21;4.42;Bueno;14.72;Bueno;Bueno;Bueno
2026-02-16;23:00;7;26.92;26.92;20.71;Bueno;59.81;Bueno;1;2.21;2.21;4.42;Bueno;14.72;Bueno;Bueno;Bueno
2026-02-17;00:00;12;26.79;13.41;10.31;Bueno;29.80;Bueno;1;2.17;2.91;5.82;Bueno;19.39;Bueno;Bueno;Bueno
2026-02-17;01:00;29;27.38;13.41;10.31;Bueno;29.80;Bueno;1;2.08;2.91;5.82;Bueno;19.39;Bueno;Bueno;Bueno
2026-02-17;02:00;4;27.12;13.41;10.31;Bueno;29.80;Bueno;1;2.04;2.91;5.82;Bueno;19.39;Bueno;Bueno;Bueno
2026-02-17;03:00;4;26.62;13.41;10.31;Bueno;29.80;Bueno;1;2.04;2.91;5.82;Bueno;19.39;Bueno;Bueno;Bueno
2026-02-17;04:00;3;26.33;13.41;10.31;Bueno;29.80;Bueno;1;2.04;2.91;5.82;Bueno;19.39;Bueno;Bueno;Bueno
2026-02-17;05:00;5;26.42;13.41;10.31;Bueno;29.80;Bueno;1;2.00;2.91;5.82;Bueno;19.39;Bueno;Bueno;Bueno
2026-02-17;06:00;3;25.96;13.41;10.31;Bueno;29.80;Bueno;1;1.88;2.91;5.82;Bueno;19.39;Bueno;Bueno;Bueno
2026-02-17;07:00;1;25.00;13.41;10.31;Bueno;29.80;Bueno;1;1.83;2.91;5.82;Bueno;19.39;Bueno;Bueno;Bueno
2026-02-17;08:00;1;17.92;13.41;10.31;Bueno;29.80;Bueno;1;1.50;2.91;5.82;Bueno;19.39;Bueno;Bueno;Bueno
2026-02-17;09:00;4;12.50;13.41;10.31;Bueno;29.80;Bueno;1;1.12;2.91;5.82;Bueno;19.39;Bueno;Bueno;Bueno
2026-02-17;10:00;;10.70;13.41;10.31;Bueno;29.80;Bueno;;1.00;2.91;5.82;Bueno;19.39;Bueno;Bueno;Bueno
2026-02-17;11:00;;9.82;13.41;10.31;Bueno;29.80;Bueno;;1.00;2.91;5.82;Bueno;19.39;Bueno;Bueno;Bueno
2026-02-17;12:00;13;9.95;13.41;10.31;Bueno;29.80;Bueno;1;1.00;2.91;5.82;Bueno;19.39;Bueno;Bueno;Bueno
2026-02-17;13:00;21;10.41;13.41;10.31;Bueno;29.80;Bueno;2;1.05;2.91;5.82;Bueno;19.39;Bueno;Bueno;Bueno
2026-02-17;14:00;4;9.59;13.41;10.31;Bueno;29.80;Bueno;1;1.05;2.91;5.82;Bueno;19.39;Bueno;Bueno;Bueno
2026-02-17;15:00;17;9.77;13.41;10.31;Bueno;29.80;Bueno;1;1.05;2.91;5.82;Bueno;19.39;Bueno;Bueno;Bueno
2026-02-17;16:00;11;9.59;13.41;10.31;Bueno;29.80;Bueno;1;1.05;2.91;5.82;Bueno;19.39;Bueno;Bueno;Bueno
2026-02-17;17:00;16;9.77;13.41;10.31;Bueno;29.80;Bueno;1;1.05;2.91;5.82;Bueno;19.39;Bueno;Bueno;Bueno
2026-02-17;18:00;16;10.00;13.41;10.31;Bueno;29.80;Bueno;3;1.14;2.91;5.82;Bueno;19.39;Bueno;Bueno;Bueno
2026-02-17;19:00;18;10.05;13.41;10.31;Bueno;29.80;Bueno;4;1.27;2.91;5.82;Bueno;19.39;Bueno;Bueno;Bueno
2026-02-17;20:00;11;9.82;13.41;10.31;Bueno;29.80;Bueno;4;1.41;2.91;5.82;Bueno;19.39;Bueno;Bueno;Bueno
2026-02-17;21:00;28;10.73;13.41;10.31;Bueno;29.80;Bueno;8;1.73;2.91;5.82;Bueno;19.39;Bueno;Bueno;Bueno
2026-02-17;22:00;38;12.09;13.41;10.31;Bueno;29.80;Bueno;15;2.36;2.91;5.82;Bueno;19.39;Bueno;Bueno;Bueno
2026-02-17;23:00;36;13.41;13.41;10.31;Bueno;29.80;Bueno;13;2.91;2.91;5.82;Bueno;19.39;Bueno;Bueno;Bueno
2026-02-18;00:00;36;14.50;21.58;16.60;Bueno;47.96;Bueno;13;3.45;3.17;6.33;Bueno;21.11;Bueno;Bueno;Bueno
2026-02-18;01:00;15;13.86;21.58;16.60;Bueno;47.96;Bueno;5;3.64;3.17;6.33;Bueno;21.11;Bueno;Bueno;Bueno
2026-02-18;02:00;13;14.27;21.58;16.60;Bueno;47.96;Bueno;4;3.77;3.17;6.33;Bueno;21.11;Bueno;Bueno;Bueno
2026-02-18;03:00;11;14.59;21.58;16.60;Bueno;47.96;Bueno;1;3.77;3.17;6.33;Bueno;21.11;Bueno;Bueno;Bueno
2026-02-18;04:00;12;15.00;21.58;16.60;Bueno;47.96;Bueno;1;3.77;3.17;6.33;Bueno;21.11;Bueno;Bueno;Bueno
2026-02-18;05:00;49;17.00;21.58;16.60;Bueno;47.96;Bueno;3;3.86;3.17;6.33;Bueno;21.11;Bueno;Bueno;Bueno
2026-02-18;06:00;27;18.09;21.58;16.60;Bueno;47.96;Bueno;5;4.05;3.17;6.33;Bueno;21.11;Bueno;Bueno;Bueno
2026-02-18;07:00;23;19.09;21.58;16.60;Bueno;47.96;Bueno;3;4.14;3.17;6.33;Bueno;21.11;Bueno;Bueno;Bueno
2026-02-18;08:00;26;20.23;21.58;16.60;Bueno;47.96;Bueno;8;4.45;3.17;6.33;Bueno;21.11;Bueno;Bueno;Bueno
2026-02-18;09:00;64;22.95;21.58;16.60;Bueno;47.96;Bueno;7;4.73;3.17;6.33;Bueno;21.11;Bueno;Bueno;Bueno
2026-02-18;10:00;22;22.91;21.58;16.60;Bueno;47.96;Bueno;4;4.70;3.17;6.33;Bueno;21.11;Bueno;Bueno;Bueno
2026-02-18;11:00;18;22.71;21.58;16.60;Bueno;47.96;Bueno;2;4.58;3.17;6.33;Bueno;21.11;Bueno;Bueno;Bueno
2026-02-18;12:00;34;23.58;21.58;16.60;Bueno;47.96;Bueno;2;4.62;3.17;6.33;Bueno;21.11;Bueno;Bueno;Bueno
2026-02-18;13:00;25;23.75;21.58;16.60;Bueno;47.96;Bueno;2;4.62;3.17;6.33;Bueno;21.11;Bueno;Bueno;Bueno
2026-02-18;14:00;16;24.25;21.58;16.60;Bueno;47.96;Bueno;1;4.62;3.17;6.33;Bueno;21.11;Bueno;Bueno;Bueno
2026-02-18;15:00;10;23.96;21.58;16.60;Bueno;47.96;Bueno;1;4.62;3.17;6.33;Bueno;21.11;Bueno;Bueno;Bueno
2026-02-18;16:00;11;23.96;21.58;16.60;Bueno;47.96;Bueno;1;4.62;3.17;6.33;Bueno;21.11;Bueno;Bueno;Bueno
2026-02-18;17:00;20;24.12;21.58;16.60;Bueno;47.96;Bueno;1;4.62;3.17;6.33;Bueno;21.11;Bueno;Bueno;Bueno
2026-02-18;18:00;8;23.79;21.58;16.60;Bueno;47.96;Bueno;1;4.54;3.17;6.33;Bueno;21.11;Bueno;Bueno;Bueno
2026-02-18;19:00;3;23.17;21.58;16.60;Bueno;47.96;Bueno;1;4.42;3.17;6.33;Bueno;21.11;Bueno;Bueno;Bueno
2026-02-18;20:00;8;23.04;21.58;16.60;Bueno;47.96;Bueno;1;4.29;3.17;6.33;Bueno;21.11;Bueno;Bueno;Bueno
2026-02-18;21:00;21;22.75;21.58;16.60;Bueno;47.96;Bueno;3;4.08;3.17;6.33;Bueno;21.11;Bueno;Bueno;Bueno
2026-02-18;22:00;26;22.25;21.58;16.60;Bueno;47.96;Bueno;2;3.54;3.17;6.33;Bueno;21.11;Bueno;Bueno;Bueno
2026-02-18;23:00;20;21.58;21.58;16.60;Bueno;47.96;Bueno;4;3.17;3.17;6.33;Bueno;21.11;Bueno;Bueno;Bueno
2026-02-19;00:00;15;20.71;17.92;13.78;Bueno;39.81;Bueno;3;2.75;2.00;4.00;Bueno;13.33;Bueno;Bueno;Bueno
2026-02-19;01:00;8;20.42;17.92;13.78;Bueno;39.81;Bueno;2;2.62;2.00;4.00;Bueno;13.33;Bueno;Bueno;Bueno
2026-02-19;02:00;8;20.21;17.92;13.78;Bueno;39.81;Bueno;1;2.50;2.00;4.00;Bueno;13.33;Bueno;Bueno;Bueno
2026-02-19;03:00;6;20.00;17.92;13.78;Bueno;39.81;Bueno;1;2.50;2.00;4.00;Bueno;13.33;Bueno;Bueno;Bueno
2026-02-19;04:00;7;19.79;17.92;13.78;Bueno;39.81;Bueno;1;2.50;2.00;4.00;Bueno;13.33;Bueno;Bueno;Bueno
2026-02-19;05:00;12;18.25;17.92;13.78;Bueno;39.81;Bueno;2;2.46;2.00;4.00;Bueno;13.33;Bueno;Bueno;Bueno
2026-02-19;06:00;30;18.38;17.92;13.78;Bueno;39.81;Bueno;7;2.54;2.00;4.00;Bueno;13.33;Bueno;Bueno;Bueno
2026-02-19;07:00;33;18.79;17.92;13.78;Bueno;39.81;Bueno;4;2.58;2.00;4.00;Bueno;13.33;Bueno;Bueno;Bueno
2026-02-19;08:00;10;18.12;17.92;13.78;Bueno;39.81;Bueno;1;2.29;2.00;4.00;Bueno;13.33;Bueno;Bueno;Bueno
2026-02-19;09:00;19;16.25;17.92;13.78;Bueno;39.81;Bueno;1;2.04;2.00;4.00;Bueno;13.33;Bueno;Bueno;Bueno
2026-02-19;10:00;19;16.12;17.92;13.78;Bueno;39.81;Bueno;1;1.92;2.00;4.00;Bueno;13.33;Bueno;Bueno;Bueno
2026-02-19;11:00;25;16.42;17.92;13.78;Bueno;39.81;Bueno;1;1.88;2.00;4.00;Bueno;13.33;Bueno;Bueno;Bueno
2026-02-19;12:00;19;15.79;17.92;13.78;Bueno;39.81;Bueno;1;1.83;2.00;4.00;Bueno;13.33;Bueno;Bueno;Bueno
2026-02-19;13:00;24;15.75;17.92;13.78;Bueno;39.81;Bueno;1;1.79;2.00;4.00;Bueno;13.33;Bueno;Bueno;Bueno
2026-02-19;14:00;27;16.21;17.92;13.78;Bueno;39.81;Bueno;1;1.79;2.00;4.00;Bueno;13.33;Bueno;Bueno;Bueno
2026-02-19;15:00;14;16.38;17.92;13.78;Bueno;39.81;Bueno;1;1.79;2.00;4.00;Bueno;13.33;Bueno;Bueno;Bueno
2026-02-19;16:00;15;16.54;17.92;13.78;Bueno;39.81;Bueno;1;1.79;2.00;4.00;Bueno;13.33;Bueno;Bueno;Bueno
2026-02-19;17:00;11;16.17;17.92;13.78;Bueno;39.81;Bueno;1;1.79;2.00;4.00;Bueno;13.33;Bueno;Bueno;Bueno
2026-02-19;18:00;12;16.33;17.92;13.78;Bueno;39.81;Bueno;1;1.79;2.00;4.00;Bueno;13.33;Bueno;Bueno;Bueno
2026-02-19;19:00;16;16.88;17.92;13.78;Bueno;39.81;Bueno;1;1.79;2.00;4.00;Bueno;13.33;Bueno;Bueno;Bueno
2026-02-19;20:00;17;17.25;17.92;13.78;Bueno;39.81;Bueno;3;1.88;2.00;4.00;Bueno;13.33;Bueno;Bueno;Bueno
2026-02-19;21:00;31;17.67;17.92;13.78;Bueno;39.81;Bueno;3;1.88;2.00;4.00;Bueno;13.33;Bueno;Bueno;Bueno
2026-02-19;22:00;25;17.62;17.92;13.78;Bueno;39.81;Bueno;4;1.96;2.00;4.00;Bueno;13.33;Bueno;Bueno;Bueno
2026-02-19;23:00;27;17.92;17.92;13.78;Bueno;39.81;Bueno;5;2.00;2.00;4.00;Bueno;13.33;Bueno;Bueno;Bueno
2026-02-20;00:00;21;18.17;24.50;18.85;Bueno;54.44;Bueno;6;2.12;2.88;5.75;Bueno;19.17;Bueno;Bueno;Bueno
2026-02-20;01:00;14;18.42;24.50;18.85;Bueno;54.44;Bueno;1;2.08;2.88;5.75;Bueno;19.17;Bueno;Bueno;Bueno
2026-02-20;02:00;11;18.54;24.50;18.85;Bueno;54.44;Bueno;1;2.08;2.88;5.75;Bueno;19.17;Bueno;Bueno;Bueno
2026-02-20;03:00;14;18.88;24.50;18.85;Bueno;54.44;Bueno;1;2.08;2.88;5.75;Bueno;19.17;Bueno;Bueno;Bueno
2026-02-20;04:00;9;18.96;24.50;18.85;Bueno;54.44;Bueno;1;2.08;2.88;5.75;Bueno;19.17;Bueno;Bueno;Bueno
2026-02-20;05:00;13;19.00;24.50;18.85;Bueno;54.44;Bueno;1;2.04;2.88;5.75;Bueno;19.17;Bueno;Bueno;Bueno
2026-02-20;06:00;12;18.25;24.50;18.85;Bueno;54.44;Bueno;4;1.92;2.88;5.75;Bueno;19.17;Bueno;Bueno;Bueno
2026-02-20;07:00;41;18.58;24.50;18.85;Bueno;54.44;Bueno;6;2.00;2.88;5.75;Bueno;19.17;Bueno;Bueno;Bueno
2026-02-20;08:00;63;20.79;24.50;18.85;Bueno;54.44;Bueno;9;2.33;2.88;5.75;Bueno;19.17;Bueno;Bueno;Bueno
2026-02-20;09:00;31;21.29;24.50;18.85;Bueno;54.44;Bueno;7;2.58;2.88;5.75;Bueno;19.17;Bueno;Bueno;Bueno
2026-02-20;10:00;30;21.75;24.50;18.85;Bueno;54.44;Bueno;2;2.62;2.88;5.75;Bueno;19.17;Bueno;Bueno;Bueno
2026-02-20;11:00;28;21.88;24.50;18.85;Bueno;54.44;Bueno;1;2.62;2.88;5.75;Bueno;19.17;Bueno;Bueno;Bueno
2026-02-20;12:00;29;22.29;24.50;18.85;Bueno;54.44;Bueno;1;2.62;2.88;5.75;Bueno;19.17;Bueno;Bueno;Bueno
2026-02-20;13:00;26;22.38;24.50;18.85;Bueno;54.44;Bueno;1;2.62;2.88;5.75;Bueno;19.17;Bueno;Bueno;Bueno
2026-02-20;14:00;20;22.08;24.50;18.85;Bueno;54.44;Bueno;1;2.62;2.88;5.75;Bueno;19.17;Bueno;Bueno;Bueno
2026-02-20;15:00;19;22.29;24.50;18.85;Bueno;54.44;Bueno;1;2.62;2.88;5.75;Bueno;19.17;Bueno;Bueno;Bueno
2026-02-20;16:00;42;23.42;24.50;18.85;Bueno;54.44;Bueno;1;2.62;2.88;5.75;Bueno;19.17;Bueno;Bueno;Bueno
2026-02-20;17:00;27;24.08;24.50;18.85;Bueno;54.44;Bueno;1;2.62;2.88;5.75;Bueno;19.17;Bueno;Bueno;Bueno
2026-02-20;18:00;21;24.46;24.50;18.85;Bueno;54.44;Bueno;1;2.62;2.88;5.75;Bueno;19.17;Bueno;Bueno;Bueno
2026-02-20;19:00;20;24.62;24.50;18.85;Bueno;54.44;Bueno;3;2.71;2.88;5.75;Bueno;19.17;Bueno;Bueno;Bueno
2026-02-20;20:00;27;25.04;24.50;18.85;Bueno;54.44;Bueno;5;2.79;2.88;5.75;Bueno;19.17;Bueno;Bueno;Bueno
2026-02-20;21:00;19;24.54;24.50;18.85;Bueno;54.44;Bueno;5;2.88;2.88;5.75;Bueno;19.17;Bueno;Bueno;Bueno
2026-02-20;22:00;24;24.50;24.50;18.85;Bueno;54.44;Bueno;4;2.88;2.88;5.75;Bueno;19.17;Bueno;Bueno;Bueno
2026-02-20;23:00;27;24.50;24.50;18.85;Bueno;54.44;Bueno;5;2.88;2.88;5.75;Bueno;19.17;Bueno;Bueno;Bueno
2026-02-21;00:00;29;24.83;17.83;13.72;Bueno;39.63;Bueno;4;2.79;1.92;3.83;Bueno;12.78;Bueno;Bueno;Bueno
2026-02-21;01:00;20;25.08;17.83;13.72;Bueno;39.63;Bueno;2;2.83;1.92;3.83;Bueno;12.78;Bueno;Bueno;Bueno
2026-02-21;02:00;23;25.58;17.83;13.72;Bueno;39.63;Bueno;2;2.88;1.92;3.83;Bueno;12.78;Bueno;Bueno;Bueno
2026-02-21;03:00;17;25.71;17.83;13.72;Bueno;39.63;Bueno;2;2.92;1.92;3.83;Bueno;12.78;Bueno;Bueno;Bueno
2026-02-21;04:00;18;26.08;17.83;13.72;Bueno;39.63;Bueno;1;2.92;1.92;3.83;Bueno;12.78;Bueno;Bueno;Bueno
2026-02-21;05:00;4;25.71;17.83;13.72;Bueno;39.63;Bueno;1;2.92;1.92;3.83;Bueno;12.78;Bueno;Bueno;Bueno
2026-02-21;06:00;4;25.38;17.83;13.72;Bueno;39.63;Bueno;1;2.79;1.92;3.83;Bueno;12.78;Bueno;Bueno;Bueno
2026-02-21;07:00;4;23.83;17.83;13.72;Bueno;39.63;Bueno;1;2.58;1.92;3.83;Bueno;12.78;Bueno;Bueno;Bueno
2026-02-21;08:00;9;21.58;17.83;13.72;Bueno;39.63;Bueno;1;2.25;1.92;3.83;Bueno;12.78;Bueno;Bueno;Bueno
2026-02-21;09:00;15;20.92;17.83;13.72;Bueno;39.63;Bueno;2;2.04;1.92;3.83;Bueno;12.78;Bueno;Bueno;Bueno
2026-02-21;10:00;14;20.25;17.83;13.72;Bueno;39.63;Bueno;3;2.08;1.92;3.83;Bueno;12.78;Bueno;Bueno;Bueno
2026-02-21;11:00;12;19.58;17.83;13.72;Bueno;39.63;Bueno;2;2.12;1.92;3.83;Bueno;12.78;Bueno;Bueno;Bueno
2026-02-21;12:00;19;19.17;17.83;13.72;Bueno;39.63;Bueno;1;2.12;1.92;3.83;Bueno;12.78;Bueno;Bueno;Bueno
2026-02-21;13:00;12;18.58;17.83;13.72;Bueno;39.63;Bueno;1;2.12;1.92;3.83;Bueno;12.78;Bueno;Bueno;Bueno
2026-02-21;14:00;25;18.79;17.83;13.72;Bueno;39.63;Bueno;1;2.12;1.92;3.83;Bueno;12.78;Bueno;Bueno;Bueno
2026-02-21;15:00;22;18.92;17.83;13.72;Bueno;39.63;Bueno;2;2.17;1.92;3.83;Bueno;12.78;Bueno;Bueno;Bueno
2026-02-21;16:00;26;18.25;17.83;13.72;Bueno;39.63;Bueno;2;2.21;1.92;3.83;Bueno;12.78;Bueno;Bueno;Bueno
2026-02-21;17:00;27;18.25;17.83;13.72;Bueno;39.63;Bueno;2;2.25;1.92;3.83;Bueno;12.78;Bueno;Bueno;Bueno
2026-02-21;18:00;27;18.50;17.83;13.72;Bueno;39.63;Bueno;3;2.33;1.92;3.83;Bueno;12.78;Bueno;Bueno;Bueno
2026-02-21;19:00;22;18.58;17.83;13.72;Bueno;39.63;Bueno;3;2.33;1.92;3.83;Bueno;12.78;Bueno;Bueno;Bueno
2026-02-21;20:00;21;18.33;17.83;13.72;Bueno;39.63;Bueno;3;2.25;1.92;3.83;Bueno;12.78;Bueno;Bueno;Bueno
2026-02-21;21:00;20;18.38;17.83;13.72;Bueno;39.63;Bueno;1;2.08;1.92;3.83;Bueno;12.78;Bueno;Bueno;Bueno
2026-02-21;22:00;18;18.12;17.83;13.72;Bueno;39.63;Bueno;2;2.00;1.92;3.83;Bueno;12.78;Bueno;Bueno;Bueno
2026-02-21;23:00;20;17.83;17.83;13.72;Bueno;39.63;Bueno;3;1.92;1.92;3.83;Bueno;12.78;Bueno;Bueno;Bueno
2026-02-22;00:00;13;17.17;12.04;9.26;Bueno;26.76;Bueno;1;1.79;1.50;3.00;Bueno;10.00;Bueno;Bueno;Bueno
2026-02-22;01:00;10;16.75;12.04;9.26;Bueno;26.76;Bueno;1;1.75;1.50;3.00;Bueno;10.00;Bueno;Bueno;Bueno
2026-02-22;02:00;13;16.33;12.04;9.26;Bueno;26.76;Bueno;4;1.83;1.50;3.00;Bueno;10.00;Bueno;Bueno;Bueno
2026-02-22;03:00;16;16.29;12.04;9.26;Bueno;26.76;Bueno;3;1.88;1.50;3.00;Bueno;10.00;Bueno;Bueno;Bueno
2026-02-22;04:00;2;15.62;12.04;9.26;Bueno;26.76;Bueno;1;1.88;1.50;3.00;Bueno;10.00;Bueno;Bueno;Bueno
2026-02-22;05:00;4;15.62;12.04;9.26;Bueno;26.76;Bueno;1;1.88;1.50;3.00;Bueno;10.00;Bueno;Bueno;Bueno
2026-02-22;06:00;9;15.83;12.04;9.26;Bueno;26.76;Bueno;1;1.88;1.50;3.00;Bueno;10.00;Bueno;Bueno;Bueno
2026-02-22;07:00;11;16.12;12.04;9.26;Bueno;26.76;Bueno;2;1.92;1.50;3.00;Bueno;10.00;Bueno;Bueno;Bueno
2026-02-22;08:00;9;16.12;12.04;9.26;Bueno;26.76;Bueno;2;1.96;1.50;3.00;Bueno;10.00;Bueno;Bueno;Bueno
2026-02-22;09:00;10;15.92;12.04;9.26;Bueno;26.76;Bueno;2;1.96;1.50;3.00;Bueno;10.00;Bueno;Bueno;Bueno
2026-02-22;10:00;10;15.75;12.04;9.26;Bueno;26.76;Bueno;2;1.92;1.50;3.00;Bueno;10.00;Bueno;Bueno;Bueno
2026-02-22;11:00;9;15.62;12.04;9.26;Bueno;26.76;Bueno;1;1.88;1.50;3.00;Bueno;10.00;Bueno;Bueno;Bueno
2026-02-22;12:00;10;15.25;12.04;9.26;Bueno;26.76;Bueno;1;1.88;1.50;3.00;Bueno;10.00;Bueno;Bueno;Bueno
2026-02-22;13:00;18;15.50;12.04;9.26;Bueno;26.76;Bueno;1;1.88;1.50;3.00;Bueno;10.00;Bueno;Bueno;Bueno
2026-02-22;14:00;20;15.29;12.04;9.26;Bueno;26.76;Bueno;1;1.88;1.50;3.00;Bueno;10.00;Bueno;Bueno;Bueno
2026-02-22;15:00;14;14.96;12.04;9.26;Bueno;26.76;Bueno;1;1.83;1.50;3.00;Bueno;10.00;Bueno;Bueno;Bueno
2026-02-22;16:00;22;14.79;12.04;9.26;Bueno;26.76;Bueno;1;1.79;1.50;3.00;Bueno;10.00;Bueno;Bueno;Bueno
2026-02-22;17:00;18;14.42;12.04;9.26;Bueno;26.76;Bueno;1;1.75;1.50;3.00;Bueno;10.00;Bueno;Bueno;Bueno
2026-02-22;18:00;16;13.96;12.04;9.26;Bueno;26.76;Bueno;2;1.71;1.50;3.00;Bueno;10.00;Bueno;Bueno;Bueno
2026-02-22;19:00;19;13.83;12.04;9.26;Bueno;26.76;Bueno;2;1.67;1.50;3.00;Bueno;10.00;Bueno;Bueno;Bueno
2026-02-22;20:00;16;13.62;12.04;9.26;Bueno;26.76;Bueno;2;1.62;1.50;3.00;Bueno;10.00;Bueno;Bueno;Bueno
2026-02-22;21:00;12;13.29;12.04;9.26;Bueno;26.76;Bueno;1;1.62;1.50;3.00;Bueno;10.00;Bueno;Bueno;Bueno
2026-02-22;22:00;6;12.79;12.04;9.26;Bueno;26.76;Bueno;1;1.58;1.50;3.00;Bueno;10.00;Bueno;Bueno;Bueno
2026-02-22;23:00;2;12.04;12.04;9.26;Bueno;26.76;Bueno;1;1.50;1.50;3.00;Bueno;10.00;Bueno;Bueno;Bueno
2026-02-23;00:00;2;11.58;8.67;6.67;Bueno;19.26;Bueno;1;1.50;1.08;2.17;Bueno;7.22;Bueno;Bueno;Bueno
2026-02-23;01:00;4;11.33;8.67;6.67;Bueno;19.26;Bueno;1;1.50;1.08;2.17;Bueno;7.22;Bueno;Bueno;Bueno
2026-02-23;02:00;3;10.92;8.67;6.67;Bueno;19.26;Bueno;1;1.38;1.08;2.17;Bueno;7.22;Bueno;Bueno;Bueno
2026-02-23;03:00;1;10.29;8.67;6.67;Bueno;19.26;Bueno;1;1.29;1.08;2.17;Bueno;7.22;Bueno;Bueno;Bueno
2026-02-23;04:00;5;10.42;8.67;6.67;Bueno;19.26;Bueno;1;1.29;1.08;2.17;Bueno;7.22;Bueno;Bueno;Bueno
2026-02-23;05:00;3;10.38;8.67;6.67;Bueno;19.26;Bueno;1;1.29;1.08;2.17;Bueno;7.22;Bueno;Bueno;Bueno
2026-02-23;06:00;4;10.17;8.67;6.67;Bueno;19.26;Bueno;1;1.29;1.08;2.17;Bueno;7.22;Bueno;Bueno;Bueno
2026-02-23;07:00;5;9.92;8.67;6.67;Bueno;19.26;Bueno;2;1.29;1.08;2.17;Bueno;7.22;Bueno;Bueno;Bueno
2026-02-23;08:00;18;10.29;8.67;6.67;Bueno;19.26;Bueno;2;1.29;1.08;2.17;Bueno;7.22;Bueno;Bueno;Bueno
2026-02-23;09:00;17;10.58;8.67;6.67;Bueno;19.26;Bueno;1;1.25;1.08;2.17;Bueno;7.22;Bueno;Bueno;Bueno
2026-02-23;10:00;14;10.75;8.67;6.67;Bueno;19.26;Bueno;1;1.21;1.08;2.17;Bueno;7.22;Bueno;Bueno;Bueno
2026-02-23;11:00;17;11.08;8.67;6.67;Bueno;19.26;Bueno;1;1.21;1.08;2.17;Bueno;7.22;Bueno;Bueno;Bueno
2026-02-23;12:00;10;11.08;8.67;6.67;Bueno;19.26;Bueno;1;1.21;1.08;2.17;Bueno;7.22;Bueno;Bueno;Bueno
2026-02-23;13:00;16;11.00;8.67;6.67;Bueno;19.26;Bueno;1;1.21;1.08;2.17;Bueno;7.22;Bueno;Bueno;Bueno
2026-02-23;14:00;11;10.62;8.67;6.67;Bueno;19.26;Bueno;1;1.21;1.08;2.17;Bueno;7.22;Bueno;Bueno;Bueno
2026-02-23;15:00;9;10.42;8.67;6.67;Bueno;19.26;Bueno;1;1.21;1.08;2.17;Bueno;7.22;Bueno;Bueno;Bueno
2026-02-23;16:00;9;9.88;8.67;6.67;Bueno;19.26;Bueno;1;1.21;1.08;2.17;Bueno;7.22;Bueno;Bueno;Bueno
2026-02-23;17:00;10;9.54;8.67;6.67;Bueno;19.26;Bueno;1;1.21;1.08;2.17;Bueno;7.22;Bueno;Bueno;Bueno
2026-02-23;18:00;8;9.21;8.67;6.67;Bueno;19.26;Bueno;1;1.17;1.08;2.17;Bueno;7.22;Bueno;Bueno;Bueno
2026-02-23;19:00;6;8.67;8.67;6.67;Bueno;19.26;Bueno;1;1.12;1.08;2.17;Bueno;7.22;Bueno;Bueno;Bueno
2026-02-23;20:00;7;8.29;8.67;6.67;Bueno;19.26;Bueno;1;1.08;1.08;2.17;Bueno;7.22;Bueno;Bueno;Bueno
2026-02-23;21:00;11;8.25;8.67;6.67;Bueno;19.26;Bueno;1;1.08;1.08;2.17;Bueno;7.22;Bueno;Bueno;Bueno
2026-02-23;22:00;9;8.38;8.67;6.67;Bueno;19.26;Bueno;1;1.08;1.08;2.17;Bueno;7.22;Bueno;Bueno;Bueno
2026-02-23;23:00;9;8.67;8.67;6.67;Bueno;19.26;Bueno;1;1.08;1.08;2.17;Bueno;7.22;Bueno;Bueno;Bueno
2026-02-24;00:00;15;9.21;18.46;14.20;Bueno;41.02;Bueno;1;1.08;2.08;4.17;Bueno;13.89;Bueno;Bueno;Bueno
2026-02-24;01:00;8;9.38;18.46;14.20;Bueno;41.02;Bueno;1;1.08;2.08;4.17;Bueno;13.89;Bueno;Bueno;Bueno
2026-02-24;02:00;10;9.67;18.46;14.20;Bueno;41.02;Bueno;1;1.08;2.08;4.17;Bueno;13.89;Bueno;Bueno;Bueno
2026-02-24;03:00;9;10.00;18.46;14.20;Bueno;41.02;Bueno;1;1.08;2.08;4.17;Bueno;13.89;Bueno;Bueno;Bueno
2026-02-24;04:00;6;10.04;18.46;14.20;Bueno;41.02;Bueno;1;1.08;2.08;4.17;Bueno;13.89;Bueno;Bueno;Bueno
2026-02-24;05:00;17;10.62;18.46;14.20;Bueno;41.02;Bueno;1;1.08;2.08;4.17;Bueno;13.89;Bueno;Bueno;Bueno
2026-02-24;06:00;23;11.42;18.46;14.20;Bueno;41.02;Bueno;2;1.12;2.08;4.17;Bueno;13.89;Bueno;Bueno;Bueno
2026-02-24;07:00;14;11.79;18.46;14.20;Bueno;41.02;Bueno;2;1.12;2.08;4.17;Bueno;13.89;Bueno;Bueno;Bueno
2026-02-24;08:00;10;11.46;18.46;14.20;Bueno;41.02;Bueno;4;1.21;2.08;4.17;Bueno;13.89;Bueno;Bueno;Bueno
2026-02-24;09:00;16;11.42;18.46;14.20;Bueno;41.02;Bueno;2;1.25;2.08;4.17;Bueno;13.89;Bueno;Bueno;Bueno
2026-02-24;10:00;16;11.50;18.46;14.20;Bueno;41.02;Bueno;1;1.25;2.08;4.17;Bueno;13.89;Bueno;Bueno;Bueno
2026-02-24;11:00;19;11.58;18.46;14.20;Bueno;41.02;Bueno;1;1.25;2.08;4.17;Bueno;13.89;Bueno;Bueno;Bueno
2026-02-24;12:00;18;11.92;18.46;14.20;Bueno;41.02;Bueno;1;1.25;2.08;4.17;Bueno;13.89;Bueno;Bueno;Bueno
2026-02-24;13:00;21;12.12;18.46;14.20;Bueno;41.02;Bueno;1;1.25;2.08;4.17;Bueno;13.89;Bueno;Bueno;Bueno
2026-02-24;14:00;18;12.42;18.46;14.20;Bueno;41.02;Bueno;1;1.25;2.08;4.17;Bueno;13.89;Bueno;Bueno;Bueno
2026-02-24;15:00;19;12.83;18.46;14.20;Bueno;41.02;Bueno;1;1.25;2.08;4.17;Bueno;13.89;Bueno;Bueno;Bueno
2026-02-24;16:00;25;13.50;18.46;14.20;Bueno;41.02;Bueno;1;1.25;2.08;4.17;Bueno;13.89;Bueno;Bueno;Bueno
2026-02-24;17:00;29;14.29;18.46;14.20;Bueno;41.02;Bueno;2;1.29;2.08;4.17;Bueno;13.89;Bueno;Bueno;Bueno
2026-02-24;18:00;28;15.12;18.46;14.20;Bueno;41.02;Bueno;5;1.46;2.08;4.17;Bueno;13.89;Bueno;Bueno;Bueno
2026-02-24;19:00;27;16.00;18.46;14.20;Bueno;41.02;Bueno;5;1.62;2.08;4.17;Bueno;13.89;Bueno;Bueno;Bueno
2026-02-24;20:00;24;16.71;18.46;14.20;Bueno;41.02;Bueno;3;1.71;2.08;4.17;Bueno;13.89;Bueno;Bueno;Bueno
2026-02-24;21:00;22;17.17;18.46;14.20;Bueno;41.02;Bueno;3;1.79;2.08;4.17;Bueno;13.89;Bueno;Bueno;Bueno
2026-02-24;22:00;20;17.62;18.46;14.20;Bueno;41.02;Bueno;4;1.92;2.08;4.17;Bueno;13.89;Bueno;Bueno;Bueno
2026-02-24;23:00;29;18.46;18.46;14.20;Bueno;41.02;Bueno;5;2.08;2.08;4.17;Bueno;13.89;Bueno;Bueno;Bueno
2026-02-25;00:00;18;18.58;28.62;22.02;Bueno;63.61;Bueno;2;2.12;5.08;10.17;Bueno;33.89;Bueno;Bueno;Bueno
2026-02-25;01:00;23;19.21;28.62;22.02;Bueno;63.61;Bueno;1;2.12;5.08;10.17;Bueno;33.89;Bueno;Bueno;Bueno
2026-02-25;02:00;15;19.42;28.62;22.02;Bueno;63.61;Bueno;1;2.12;5.08;10.17;Bueno;33.89;Bueno;Bueno;Bueno
2026-02-25;03:00;14;19.62;28.62;22.02;Bueno;63.61;Bueno;1;2.12;5.08;10.17;Bueno;33.89;Bueno;Bueno;Bueno
2026-02-25;04:00;11;19.83;28.62;22.02;Bueno;63.61;Bueno;1;2.12;5.08;10.17;Bueno;33.89;Bueno;Bueno;Bueno
2026-02-25;05:00;16;19.79;28.62;22.02;Bueno;63.61;Bueno;8;2.42;5.08;10.17;Bueno;33.89;Bueno;Bueno;Bueno
2026-02-25;06:00;25;19.88;28.62;22.02;Bueno;63.61;Bueno;8;2.67;5.08;10.17;Bueno;33.89;Bueno;Bueno;Bueno
2026-02-25;07:00;57;21.67;28.62;22.02;Bueno;63.61;Bueno;14;3.17;5.08;10.17;Bueno;33.89;Bueno;Bueno;Bueno
2026-02-25;08:00;86;24.83;28.62;22.02;Bueno;63.61;Bueno;15;3.62;5.08;10.17;Bueno;33.89;Bueno;Bueno;Bueno
2026-02-25;09:00;39;25.79;28.62;22.02;Bueno;63.61;Bueno;10;3.96;5.08;10.17;Bueno;33.89;Bueno;Bueno;Bueno
2026-02-25;10:00;32;26.46;28.62;22.02;Bueno;63.61;Bueno;7;4.21;5.08;10.17;Bueno;33.89;Bueno;Bueno;Bueno
2026-02-25;11:00;30;26.92;28.62;22.02;Bueno;63.61;Bueno;6;4.42;5.08;10.17;Bueno;33.89;Bueno;Bueno;Bueno
2026-02-25;12:00;50;28.25;28.62;22.02;Bueno;63.61;Bueno;21;5.25;5.08;10.17;Bueno;33.89;Bueno;Bueno;Bueno
2026-02-25;13:00;29;28.58;28.62;22.02;Bueno;63.61;Bueno;2;5.29;5.08;10.17;Bueno;33.89;Bueno;Bueno;Bueno
2026-02-25;14:00;52;30.00;28.62;22.02;Bueno;63.61;Bueno;4;5.42;5.08;10.17;Bueno;33.89;Bueno;Bueno;Bueno
2026-02-25;15:00;23;30.17;28.62;22.02;Bueno;63.61;Bueno;3;5.50;5.08;10.17;Bueno;33.89;Bueno;Bueno;Bueno
2026-02-25;16:00;28;30.29;28.62;22.02;Bueno;63.61;Bueno;6;5.71;5.08;10.17;Bueno;33.89;Bueno;Bueno;Bueno
2026-02-25;17:00;31;30.38;28.62;22.02;Bueno;63.61;Bueno;4;5.79;5.08;10.17;Bueno;33.89;Bueno;Bueno;Bueno
2026-02-25;18:00;22;30.12;28.62;22.02;Bueno;63.61;Bueno;1;5.62;5.08;10.17;Bueno;33.89;Bueno;Bueno;Bueno
2026-02-25;19:00;20;29.83;28.62;22.02;Bueno;63.61;Bueno;1;5.46;5.08;10.17;Bueno;33.89;Bueno;Bueno;Bueno
2026-02-25;20:00;19;29.62;28.62;22.02;Bueno;63.61;Bueno;3;5.46;5.08;10.17;Bueno;33.89;Bueno;Bueno;Bueno
2026-02-25;21:00;14;29.29;28.62;22.02;Bueno;63.61;Bueno;1;5.38;5.08;10.17;Bueno;33.89;Bueno;Bueno;Bueno
2026-02-25;22:00;21;29.33;28.62;22.02;Bueno;63.61;Bueno;1;5.25;5.08;10.17;Bueno;33.89;Bueno;Bueno;Bueno
2026-02-25;23:00;12;28.62;28.62;22.02;Bueno;63.61;Bueno;1;5.08;5.08;10.17;Bueno;33.89;Bueno;Bueno;Bueno
2026-02-26;00:00;10;28.29;21.29;16.38;Bueno;47.31;Bueno;1;5.04;2.21;4.42;Bueno;14.72;Bueno;Bueno;Bueno
2026-02-26;01:00;10;27.75;21.29;16.38;Bueno;47.31;Bueno;1;5.04;2.21;4.42;Bueno;14.72;Bueno;Bueno;Bueno
2026-02-26;02:00;9;27.50;21.29;16.38;Bueno;47.31;Bueno;1;5.04;2.21;4.42;Bueno;14.72;Bueno;Bueno;Bueno
2026-02-26;03:00;5;27.12;21.29;16.38;Bueno;47.31;Bueno;1;5.04;2.21;4.42;Bueno;14.72;Bueno;Bueno;Bueno
2026-02-26;04:00;7;26.96;21.29;16.38;Bueno;47.31;Bueno;1;5.04;2.21;4.42;Bueno;14.72;Bueno;Bueno;Bueno
2026-02-26;05:00;12;26.79;21.29;16.38;Bueno;47.31;Bueno;1;4.75;2.21;4.42;Bueno;14.72;Bueno;Bueno;Bueno
2026-02-26;06:00;26;26.83;21.29;16.38;Bueno;47.31;Bueno;1;4.46;2.21;4.42;Bueno;14.72;Bueno;Bueno;Bueno
2026-02-26;07:00;38;26.04;21.29;16.38;Bueno;47.31;Bueno;4;4.04;2.21;4.42;Bueno;14.72;Bueno;Bueno;Bueno
2026-02-26;08:00;12;22.96;21.29;16.38;Bueno;47.31;Bueno;3;3.54;2.21;4.42;Bueno;14.72;Bueno;Bueno;Bueno
2026-02-26;09:00;16;22.00;21.29;16.38;Bueno;47.31;Bueno;1;3.17;2.21;4.42;Bueno;14.72;Bueno;Bueno;Bueno
2026-02-26;10:00;20;21.50;21.29;16.38;Bueno;47.31;Bueno;1;2.92;2.21;4.42;Bueno;14.72;Bueno;Bueno;Bueno
2026-02-26;11:00;29;21.46;21.29;16.38;Bueno;47.31;Bueno;1;2.71;2.21;4.42;Bueno;14.72;Bueno;Bueno;Bueno
2026-02-26;12:00;30;20.62;21.29;16.38;Bueno;47.31;Bueno;2;1.92;2.21;4.42;Bueno;14.72;Bueno;Bueno;Bueno
2026-02-26;13:00;33;20.79;21.29;16.38;Bueno;47.31;Bueno;4;2.00;2.21;4.42;Bueno;14.72;Bueno;Bueno;Bueno
2026-02-26;14:00;33;20.00;21.29;16.38;Bueno;47.31;Bueno;3;1.96;2.21;4.42;Bueno;14.72;Bueno;Bueno;Bueno
2026-02-26;15:00;23;20.00;21.29;16.38;Bueno;47.31;Bueno;1;1.88;2.21;4.42;Bueno;14.72;Bueno;Bueno;Bueno
2026-02-26;16:00;35;20.29;21.29;16.38;Bueno;47.31;Bueno;1;1.67;2.21;4.42;Bueno;14.72;Bueno;Bueno;Bueno
2026-02-26;17:00;42;20.75;21.29;16.38;Bueno;47.31;Bueno;9;1.88;2.21;4.42;Bueno;14.72;Bueno;Bueno;Bueno
2026-02-26;18:00;21;20.71;21.29;16.38;Bueno;47.31;Bueno;8;2.17;2.21;4.42;Bueno;14.72;Bueno;Bueno;Bueno
2026-02-26;19:00;24;20.88;21.29;16.38;Bueno;47.31;Bueno;4;2.29;2.21;4.42;Bueno;14.72;Bueno;Bueno;Bueno
2026-02-26;20:00;28;21.25;21.29;16.38;Bueno;47.31;Bueno;1;2.21;2.21;4.42;Bueno;14.72;Bueno;Bueno;Bueno
2026-02-26;21:00;21;21.54;21.29;16.38;Bueno;47.31;Bueno;1;2.21;2.21;4.42;Bueno;14.72;Bueno;Bueno;Bueno
2026-02-26;22:00;13;21.21;21.29;16.38;Bueno;47.31;Bueno;1;2.21;2.21;4.42;Bueno;14.72;Bueno;Bueno;Bueno
2026-02-26;23:00;14;21.29;21.29;16.38;Bueno;47.31;Bueno;1;2.21;2.21;4.42;Bueno;14.72;Bueno;Bueno;Bueno
2026-02-27;00:00;12;21.38;19.17;14.74;Bueno;42.59;Bueno;2;2.25;3.12;6.25;Bueno;20.83;Bueno;Bueno;Bueno
2026-02-27;01:00;15;21.58;19.17;14.74;Bueno;42.59;Bueno;1;2.25;3.12;6.25;Bueno;20.83;Bueno;Bueno;Bueno
2026-02-27;02:00;13;21.75;19.17;14.74;Bueno;42.59;Bueno;3;2.33;3.12;6.25;Bueno;20.83;Bueno;Bueno;Bueno
2026-02-27;03:00;11;22.00;19.17;14.74;Bueno;42.59;Bueno;1;2.33;3.12;6.25;Bueno;20.83;Bueno;Bueno;Bueno
2026-02-27;04:00;20;22.54;19.17;14.74;Bueno;42.59;Bueno;1;2.33;3.12;6.25;Bueno;20.83;Bueno;Bueno;Bueno
2026-02-27;05:00;12;22.54;19.17;14.74;Bueno;42.59;Bueno;5;2.50;3.12;6.25;Bueno;20.83;Bueno;Bueno;Bueno
2026-02-27;06:00;26;22.54;19.17;14.74;Bueno;42.59;Bueno;4;2.62;3.12;6.25;Bueno;20.83;Bueno;Bueno;Bueno
2026-02-27;07:00;45;22.83;19.17;14.74;Bueno;42.59;Bueno;7;2.75;3.12;6.25;Bueno;20.83;Bueno;Bueno;Bueno
2026-02-27;08:00;40;24.00;19.17;14.74;Bueno;42.59;Bueno;6;2.88;3.12;6.25;Bueno;20.83;Bueno;Bueno;Bueno
2026-02-27;09:00;41;25.04;19.17;14.74;Bueno;42.59;Bueno;8;3.17;3.12;6.25;Bueno;20.83;Bueno;Bueno;Bueno
2026-02-27;10:00;44;26.04;19.17;14.74;Bueno;42.59;Bueno;6;3.38;3.12;6.25;Bueno;20.83;Bueno;Bueno;Bueno
2026-02-27;11:00;16;25.50;19.17;14.74;Bueno;42.59;Bueno;2;3.42;3.12;6.25;Bueno;20.83;Bueno;Bueno;Bueno
2026-02-27;12:00;25;25.29;19.17;14.74;Bueno;42.59;Bueno;1;3.38;3.12;6.25;Bueno;20.83;Bueno;Bueno;Bueno
2026-02-27;13:00;21;24.79;19.17;14.74;Bueno;42.59;Bueno;1;3.25;3.12;6.25;Bueno;20.83;Bueno;Bueno;Bueno
2026-02-27;14:00;21;24.29;19.17;14.74;Bueno;42.59;Bueno;1;3.17;3.12;6.25;Bueno;20.83;Bueno;Bueno;Bueno
2026-02-27;15:00;29;24.54;19.17;14.74;Bueno;42.59;Bueno;1;3.17;3.12;6.25;Bueno;20.83;Bueno;Bueno;Bueno
2026-02-27;16:00;25;24.12;19.17;14.74;Bueno;42.59;Bueno;1;3.17;3.12;6.25;Bueno;20.83;Bueno;Bueno;Bueno
2026-02-27;17:00;11;22.83;19.17;14.74;Bueno;42.59;Bueno;4;2.96;3.12;6.25;Bueno;20.83;Bueno;Bueno;Bueno
2026-02-27;18:00;9;22.33;19.17;14.74;Bueno;42.59;Bueno;8;2.96;3.12;6.25;Bueno;20.83;Bueno;Bueno;Bueno
2026-02-27;19:00;6;21.58;19.17;14.74;Bueno;42.59;Bueno;4;2.96;3.12;6.25;Bueno;20.83;Bueno;Bueno;Bueno
2026-02-27;20:00;4;20.58;19.17;14.74;Bueno;42.59;Bueno;3;3.04;3.12;6.25;Bueno;20.83;Bueno;Bueno;Bueno
2026-02-27;21:00;4;19.88;19.17;14.74;Bueno;42.59;Bueno;1;3.04;3.12;6.25;Bueno;20.83;Bueno;Bueno;Bueno
2026-02-27;22:00;5;19.54;19.17;14.74;Bueno;42.59;Bueno;1;3.04;3.12;6.25;Bueno;20.83;Bueno;Bueno;Bueno
2026-02-27;23:00;5;19.17;19.17;14.74;Bueno;42.59;Bueno;3;3.12;3.12;6.25;Bueno;20.83;Bueno;Bueno;Bueno
2026-02-28;00:00;5;18.88;5.54;4.26;Bueno;12.31;Bueno;1;3.08;1.21;2.42;Bueno;8.06;Bueno;Bueno;Bueno
2026-02-28;01:00;4;18.42;5.54;4.26;Bueno;12.31;Bueno;1;3.08;1.21;2.42;Bueno;8.06;Bueno;Bueno;Bueno
2026-02-28;02:00;7;18.17;5.54;4.26;Bueno;12.31;Bueno;1;3.00;1.21;2.42;Bueno;8.06;Bueno;Bueno;Bueno
2026-02-28;03:00;7;18.00;5.54;4.26;Bueno;12.31;Bueno;1;3.00;1.21;2.42;Bueno;8.06;Bueno;Bueno;Bueno
2026-02-28;04:00;7;17.46;5.54;4.26;Bueno;12.31;Bueno;1;3.00;1.21;2.42;Bueno;8.06;Bueno;Bueno;Bueno
2026-02-28;05:00;3;17.08;5.54;4.26;Bueno;12.31;Bueno;1;2.83;1.21;2.42;Bueno;8.06;Bueno;Bueno;Bueno
2026-02-28;06:00;5;16.21;5.54;4.26;Bueno;12.31;Bueno;1;2.71;1.21;2.42;Bueno;8.06;Bueno;Bueno;Bueno
2026-02-28;07:00;3;14.46;5.54;4.26;Bueno;12.31;Bueno;1;2.46;1.21;2.42;Bueno;8.06;Bueno;Bueno;Bueno
2026-02-28;08:00;10;13.21;5.54;4.26;Bueno;12.31;Bueno;1;2.25;1.21;2.42;Bueno;8.06;Bueno;Bueno;Bueno
2026-02-28;09:00;9;11.88;5.54;4.26;Bueno;12.31;Bueno;1;1.96;1.21;2.42;Bueno;8.06;Bueno;Bueno;Bueno
2026-02-28;10:00;13;10.58;5.54;4.26;Bueno;12.31;Bueno;1;1.75;1.21;2.42;Bueno;8.06;Bueno;Bueno;Bueno
2026-02-28;11:00;8;10.25;5.54;4.26;Bueno;12.31;Bueno;1;1.71;1.21;2.42;Bueno;8.06;Bueno;Bueno;Bueno
2026-02-28;12:00;6;9.46;5.54;4.26;Bueno;12.31;Bueno;1;1.71;1.21;2.42;Bueno;8.06;Bueno;Bueno;Bueno
2026-02-28;13:00;6;8.83;5.54;4.26;Bueno;12.31;Bueno;4;1.83;1.21;2.42;Bueno;8.06;Bueno;Bueno;Bueno
2026-02-28;14:00;6;8.21;5.54;4.26;Bueno;12.31;Bueno;1;1.83;1.21;2.42;Bueno;8.06;Bueno;Bueno;Bueno
2026-02-28;15:00;4;7.17;5.54;4.26;Bueno;12.31;Bueno;1;1.83;1.21;2.42;Bueno;8.06;Bueno;Bueno;Bueno
2026-02-28;16:00;3;6.25;5.54;4.26;Bueno;12.31;Bueno;1;1.83;1.21;2.42;Bueno;8.06;Bueno;Bueno;Bueno
2026-02-28;17:00;6;6.04;5.54;4.26;Bueno;12.31;Bueno;1;1.71;1.21;2.42;Bueno;8.06;Bueno;Bueno;Bueno
2026-02-28;18:00;5;5.88;5.54;4.26;Bueno;12.31;Bueno;3;1.50;1.21;2.42;Bueno;8.06;Bueno;Bueno;Bueno
2026-02-28;19:00;5;5.83;5.54;4.26;Bueno;12.31;Bueno;1;1.38;1.21;2.42;Bueno;8.06;Bueno;Bueno;Bueno
2026-02-28;20:00;5;5.88;5.54;4.26;Bueno;12.31;Bueno;1;1.29;1.21;2.42;Bueno;8.06;Bueno;Bueno;Bueno
2026-02-28;21:00;3;5.83;5.54;4.26;Bueno;12.31;Bueno;1;1.29;1.21;2.42;Bueno;8.06;Bueno;Bueno;Bueno
2026-02-28;22:00;2;5.71;5.54;4.26;Bueno;12.31;Bueno;1;1.29;1.21;2.42;Bueno;8.06;Bueno;Bueno;Bueno
2026-02-28;23:00;1;5.54;5.54;4.26;Bueno;12.31;Bueno;1;1.21;1.21;2.42;Bueno;8.06;Bueno;Bueno;Bueno
2026-03-01;00:00;8;5.67;9.46;7.28;Bueno;21.02;Bueno;1;1.21;6.25;12.50;Bueno;41.67;Bueno;Bueno;Bueno
2026-03-01;01:00;4;5.67;9.46;7.28;Bueno;21.02;Bueno;1;1.21;6.25;12.50;Bueno;41.67;Bueno;Bueno;Bueno
2026-03-01;02:00;1;5.42;9.46;7.28;Bueno;21.02;Bueno;1;1.21;6.25;12.50;Bueno;41.67;Bueno;Bueno;Bueno
2026-03-01;03:00;1;5.17;9.46;7.28;Bueno;21.02;Bueno;1;1.21;6.25;12.50;Bueno;41.67;Bueno;Bueno;Bueno
2026-03-01;04:00;2;4.96;9.46;7.28;Bueno;21.02;Bueno;1;1.21;6.25;12.50;Bueno;41.67;Bueno;Bueno;Bueno
2026-03-01;05:00;1;4.88;9.46;7.28;Bueno;21.02;Bueno;1;1.21;6.25;12.50;Bueno;41.67;Bueno;Bueno;Bueno
2026-03-01;06:00;1;4.71;9.46;7.28;Bueno;21.02;Bueno;1;1.21;6.25;12.50;Bueno;41.67;Bueno;Bueno;Bueno
2026-03-01;07:00;1;4.62;9.46;7.28;Bueno;21.02;Bueno;2;1.25;6.25;12.50;Bueno;41.67;Bueno;Bueno;Bueno
2026-03-01;08:00;2;4.29;9.46;7.28;Bueno;21.02;Bueno;1;1.25;6.25;12.50;Bueno;41.67;Bueno;Bueno;Bueno
2026-03-01;09:00;2;4.00;9.46;7.28;Bueno;21.02;Bueno;1;1.25;6.25;12.50;Bueno;41.67;Bueno;Bueno;Bueno
2026-03-01;10:00;2;3.54;9.46;7.28;Bueno;21.02;Bueno;1;1.25;6.25;12.50;Bueno;41.67;Bueno;Bueno;Bueno
2026-03-01;11:00;6;3.46;9.46;7.28;Bueno;21.02;Bueno;1;1.25;6.25;12.50;Bueno;41.67;Bueno;Bueno;Bueno
2026-03-01;12:00;4;3.38;9.46;7.28;Bueno;21.02;Bueno;1;1.25;6.25;12.50;Bueno;41.67;Bueno;Bueno;Bueno
2026-03-01;13:00;5;3.33;9.46;7.28;Bueno;21.02;Bueno;1;1.12;6.25;12.50;Bueno;41.67;Bueno;Bueno;Bueno
2026-03-01;14:00;3;3.21;9.46;7.28;Bueno;21.02;Bueno;1;1.12;6.25;12.50;Bueno;41.67;Bueno;Bueno;Bueno
2026-03-01;15:00;1;3.08;9.46;7.28;Bueno;21.02;Bueno;1;1.12;6.25;12.50;Bueno;41.67;Bueno;Bueno;Bueno
2026-03-01;16:00;5;3.17;9.46;7.28;Bueno;21.02;Bueno;1;1.12;6.25;12.50;Bueno;41.67;Bueno;Bueno;Bueno
2026-03-01;17:00;9;3.29;9.46;7.28;Bueno;21.02;Bueno;1;1.12;6.25;12.50;Bueno;41.67;Bueno;Bueno;Bueno
2026-03-01;18:00;100;7.25;9.46;7.28;Bueno;21.02;Bueno;82;4.42;6.25;12.50;Bueno;41.67;Bueno;Bueno;Bueno
2026-03-01;19:00;36;8.54;9.46;7.28;Bueno;21.02;Bueno;25;5.42;6.25;12.50;Bueno;41.67;Bueno;Bueno;Bueno
2026-03-01;20:00;15;8.96;9.46;7.28;Bueno;21.02;Bueno;12;5.88;6.25;12.50;Bueno;41.67;Bueno;Bueno;Bueno
2026-03-01;21:00;9;9.21;9.46;7.28;Bueno;21.02;Bueno;8;6.17;6.25;12.50;Bueno;41.67;Bueno;Bueno;Bueno
2026-03-01;22:00;6;9.38;9.46;7.28;Bueno;21.02;Bueno;3;6.25;6.25;12.50;Bueno;41.67;Bueno;Bueno;Bueno
2026-03-01;23:00;3;9.46;9.46;7.28;Bueno;21.02;Bueno;1;6.25;6.25;12.50;Bueno;41.67;Bueno;Bueno;Bueno
2026-03-02;00:00;3;9.25;8.96;6.89;Bueno;19.91;Bueno;1;6.25;2.38;4.75;Bueno;15.83;Bueno;Bueno;Bueno
2026-03-02;01:00;3;9.21;8.96;6.89;Bueno;19.91;Bueno;1;6.25;2.38;4.75;Bueno;15.83;Bueno;Bueno;Bueno
2026-03-02;02:00;7;9.46;8.96;6.89;Bueno;19.91;Bueno;1;6.25;2.38;4.75;Bueno;15.83;Bueno;Bueno;Bueno
2026-03-02;03:00;6;9.67;8.96;6.89;Bueno;19.91;Bueno;1;6.25;2.38;4.75;Bueno;15.83;Bueno;Bueno;Bueno
2026-03-02;04:00;5;9.79;8.96;6.89;Bueno;19.91;Bueno;1;6.25;2.38;4.75;Bueno;15.83;Bueno;Bueno;Bueno
2026-03-02;05:00;8;10.08;8.96;6.89;Bueno;19.91;Bueno;1;6.25;2.38;4.75;Bueno;15.83;Bueno;Bueno;Bueno
2026-03-02;06:00;8;10.38;8.96;6.89;Bueno;19.91;Bueno;2;6.29;2.38;4.75;Bueno;15.83;Bueno;Bueno;Bueno
2026-03-02;07:00;4;10.50;8.96;6.89;Bueno;19.91;Bueno;1;6.25;2.38;4.75;Bueno;15.83;Bueno;Bueno;Bueno
2026-03-02;08:00;4;10.58;8.96;6.89;Bueno;19.91;Bueno;2;6.29;2.38;4.75;Bueno;15.83;Bueno;Bueno;Bueno
2026-03-02;09:00;7;10.79;8.96;6.89;Bueno;19.91;Bueno;3;6.38;2.38;4.75;Bueno;15.83;Bueno;Bueno;Bueno
2026-03-02;10:00;6;10.96;8.96;6.89;Bueno;19.91;Bueno;1;6.38;2.38;4.75;Bueno;15.83;Bueno;Bueno;Bueno
2026-03-02;11:00;4;10.88;8.96;6.89;Bueno;19.91;Bueno;1;6.38;2.38;4.75;Bueno;15.83;Bueno;Bueno;Bueno
2026-03-02;12:00;5;10.92;8.96;6.89;Bueno;19.91;Bueno;1;6.38;2.38;4.75;Bueno;15.83;Bueno;Bueno;Bueno
2026-03-02;13:00;4;10.88;8.96;6.89;Bueno;19.91;Bueno;1;6.38;2.38;4.75;Bueno;15.83;Bueno;Bueno;Bueno
2026-03-02;14:00;5;10.96;8.96;6.89;Bueno;19.91;Bueno;1;6.38;2.38;4.75;Bueno;15.83;Bueno;Bueno;Bueno
2026-03-02;15:00;1;10.96;8.96;6.89;Bueno;19.91;Bueno;1;6.38;2.38;4.75;Bueno;15.83;Bueno;Bueno;Bueno
2026-03-02;16:00;1;10.79;8.96;6.89;Bueno;19.91;Bueno;1;6.38;2.38;4.75;Bueno;15.83;Bueno;Bueno;Bueno
2026-03-02;17:00;6;10.67;8.96;6.89;Bueno;19.91;Bueno;1;6.38;2.38;4.75;Bueno;15.83;Bueno;Bueno;Bueno
2026-03-02;18:00;5;6.71;8.96;6.89;Bueno;19.91;Bueno;2;3.04;2.38;4.75;Bueno;15.83;Bueno;Bueno;Bueno
2026-03-02;19:00;7;5.50;8.96;6.89;Bueno;19.91;Bueno;2;2.08;2.38;4.75;Bueno;15.83;Bueno;Bueno;Bueno
2026-03-02;20:00;18;5.62;8.96;6.89;Bueno;19.91;Bueno;6;1.83;2.38;4.75;Bueno;15.83;Bueno;Bueno;Bueno
2026-03-02;21:00;41;6.96;8.96;6.89;Bueno;19.91;Bueno;7;1.79;2.38;4.75;Bueno;15.83;Bueno;Bueno;Bueno
2026-03-02;22:00;36;8.21;8.96;6.89;Bueno;19.91;Bueno;10;2.08;2.38;4.75;Bueno;15.83;Bueno;Bueno;Bueno
2026-03-02;23:00;21;8.96;8.96;6.89;Bueno;19.91;Bueno;8;2.38;2.38;4.75;Bueno;15.83;Bueno;Bueno;Bueno
2026-03-03;00:00;14;9.42;11.83;9.10;Bueno;26.30;Bueno;3;2.46;1.96;3.92;Bueno;13.06;Bueno;Bueno;Bueno
2026-03-03;01:00;9;9.67;11.83;9.10;Bueno;26.30;Bueno;2;2.50;1.96;3.92;Bueno;13.06;Bueno;Bueno;Bueno
2026-03-03;02:00;3;9.50;11.83;9.10;Bueno;26.30;Bueno;2;2.54;1.96;3.92;Bueno;13.06;Bueno;Bueno;Bueno
2026-03-03;03:00;16;9.92;11.83;9.10;Bueno;26.30;Bueno;2;2.58;1.96;3.92;Bueno;13.06;Bueno;Bueno;Bueno
2026-03-03;04:00;3;9.83;11.83;9.10;Bueno;26.30;Bueno;2;2.62;1.96;3.92;Bueno;13.06;Bueno;Bueno;Bueno
2026-03-03;05:00;6;9.75;11.83;9.10;Bueno;26.30;Bueno;1;2.62;1.96;3.92;Bueno;13.06;Bueno;Bueno;Bueno
2026-03-03;06:00;6;9.67;11.83;9.10;Bueno;26.30;Bueno;2;2.62;1.96;3.92;Bueno;13.06;Bueno;Bueno;Bueno
2026-03-03;07:00;42;11.25;11.83;9.10;Bueno;26.30;Bueno;6;2.83;1.96;3.92;Bueno;13.06;Bueno;Bueno;Bueno
2026-03-03;08:00;15;11.71;11.83;9.10;Bueno;26.30;Bueno;5;2.96;1.96;3.92;Bueno;13.06;Bueno;Bueno;Bueno
2026-03-03;09:00;20;12.25;11.83;9.10;Bueno;26.30;Bueno;3;2.96;1.96;3.92;Bueno;13.06;Bueno;Bueno;Bueno
2026-03-03;10:00;22;12.92;11.83;9.10;Bueno;26.30;Bueno;4;3.08;1.96;3.92;Bueno;13.06;Bueno;Bueno;Bueno
2026-03-03;11:00;17;13.46;11.83;9.10;Bueno;26.30;Bueno;3;3.17;1.96;3.92;Bueno;13.06;Bueno;Bueno;Bueno
2026-03-03;12:00;12;13.75;11.83;9.10;Bueno;26.30;Bueno;1;3.17;1.96;3.92;Bueno;13.06;Bueno;Bueno;Bueno
2026-03-03;13:00;9;13.96;11.83;9.10;Bueno;26.30;Bueno;1;3.17;1.96;3.92;Bueno;13.06;Bueno;Bueno;Bueno
2026-03-03;14:00;9;14.12;11.83;9.10;Bueno;26.30;Bueno;1;3.17;1.96;3.92;Bueno;13.06;Bueno;Bueno;Bueno
2026-03-03;15:00;10;14.50;11.83;9.10;Bueno;26.30;Bueno;1;3.17;1.96;3.92;Bueno;13.06;Bueno;Bueno;Bueno
2026-03-03;16:00;10;14.88;11.83;9.10;Bueno;26.30;Bueno;1;3.17;1.96;3.92;Bueno;13.06;Bueno;Bueno;Bueno
2026-03-03;17:00;8;14.96;11.83;9.10;Bueno;26.30;Bueno;1;3.17;1.96;3.92;Bueno;13.06;Bueno;Bueno;Bueno
2026-03-03;18:00;11;15.21;11.83;9.10;Bueno;26.30;Bueno;1;3.12;1.96;3.92;Bueno;13.06;Bueno;Bueno;Bueno
2026-03-03;19:00;12;15.42;11.83;9.10;Bueno;26.30;Bueno;1;3.08;1.96;3.92;Bueno;13.06;Bueno;Bueno;Bueno
2026-03-03;20:00;11;15.12;11.83;9.10;Bueno;26.30;Bueno;1;2.88;1.96;3.92;Bueno;13.06;Bueno;Bueno;Bueno
2026-03-03;21:00;9;13.79;11.83;9.10;Bueno;26.30;Bueno;1;2.62;1.96;3.92;Bueno;13.06;Bueno;Bueno;Bueno
2026-03-03;22:00;7;12.58;11.83;9.10;Bueno;26.30;Bueno;1;2.25;1.96;3.92;Bueno;13.06;Bueno;Bueno;Bueno
2026-03-03;23:00;3;11.83;11.83;9.10;Bueno;26.30;Bueno;1;1.96;1.96;3.92;Bueno;13.06;Bueno;Bueno;Bueno
2026-03-04;00:00;3;11.38;16.29;12.53;Bueno;36.20;Bueno;1;1.88;4.17;8.33;Bueno;27.78;Bueno;Bueno;Bueno
2026-03-04;01:00;9;11.38;16.29;12.53;Bueno;36.20;Bueno;1;1.83;4.17;8.33;Bueno;27.78;Bueno;Bueno;Bueno
2026-03-04;02:00;5;11.46;16.29;12.53;Bueno;36.20;Bueno;1;1.79;4.17;8.33;Bueno;27.78;Bueno;Bueno;Bueno
2026-03-04;03:00;1;10.83;16.29;12.53;Bueno;36.20;Bueno;1;1.75;4.17;8.33;Bueno;27.78;Bueno;Bueno;Bueno
2026-03-04;04:00;2;10.79;16.29;12.53;Bueno;36.20;Bueno;1;1.71;4.17;8.33;Bueno;27.78;Bueno;Bueno;Bueno
2026-03-04;05:00;29;11.75;16.29;12.53;Bueno;36.20;Bueno;9;2.04;4.17;8.33;Bueno;27.78;Bueno;Bueno;Bueno
2026-03-04;06:00;40;13.17;16.29;12.53;Bueno;36.20;Bueno;13;2.50;4.17;8.33;Bueno;27.78;Bueno;Bueno;Bueno
2026-03-04;07:00;80;14.75;16.29;12.53;Bueno;36.20;Bueno;30;3.50;4.17;8.33;Bueno;27.78;Bueno;Bueno;Bueno
2026-03-04;08:00;24;15.12;16.29;12.53;Bueno;36.20;Bueno;9;3.67;4.17;8.33;Bueno;27.78;Bueno;Bueno;Bueno
2026-03-04;09:00;16;14.96;16.29;12.53;Bueno;36.20;Bueno;6;3.79;4.17;8.33;Bueno;27.78;Bueno;Bueno;Bueno
2026-03-04;10:00;16;14.71;16.29;12.53;Bueno;36.20;Bueno;4;3.79;4.17;8.33;Bueno;27.78;Bueno;Bueno;Bueno
2026-03-04;11:00;17;14.71;16.29;12.53;Bueno;36.20;Bueno;4;3.83;4.17;8.33;Bueno;27.78;Bueno;Bueno;Bueno
2026-03-04;12:00;14;14.79;16.29;12.53;Bueno;36.20;Bueno;2;3.88;4.17;8.33;Bueno;27.78;Bueno;Bueno;Bueno
2026-03-04;13:00;14;15.00;16.29;12.53;Bueno;36.20;Bueno;1;3.88;4.17;8.33;Bueno;27.78;Bueno;Bueno;Bueno
2026-03-04;14:00;15;15.25;16.29;12.53;Bueno;36.20;Bueno;1;3.88;4.17;8.33;Bueno;27.78;Bueno;Bueno;Bueno
2026-03-04;15:00;15;15.46;16.29;12.53;Bueno;36.20;Bueno;1;3.88;4.17;8.33;Bueno;27.78;Bueno;Bueno;Bueno
2026-03-04;16:00;15;15.67;16.29;12.53;Bueno;36.20;Bueno;1;3.88;4.17;8.33;Bueno;27.78;Bueno;Bueno;Bueno
2026-03-04;17:00;13;15.88;16.29;12.53;Bueno;36.20;Bueno;1;3.88;4.17;8.33;Bueno;27.78;Bueno;Bueno;Bueno
2026-03-04;18:00;10;15.83;16.29;12.53;Bueno;36.20;Bueno;1;3.88;4.17;8.33;Bueno;27.78;Bueno;Bueno;Bueno
2026-03-04;19:00;7;15.62;16.29;12.53;Bueno;36.20;Bueno;1;3.88;4.17;8.33;Bueno;27.78;Bueno;Bueno;Bueno
2026-03-04;20:00;14;15.75;16.29;12.53;Bueno;36.20;Bueno;3;3.96;4.17;8.33;Bueno;27.78;Bueno;Bueno;Bueno
2026-03-04;21:00;12;15.88;16.29;12.53;Bueno;36.20;Bueno;4;4.08;4.17;8.33;Bueno;27.78;Bueno;Bueno;Bueno
2026-03-04;22:00;10;16.00;16.29;12.53;Bueno;36.20;Bueno;3;4.17;4.17;8.33;Bueno;27.78;Bueno;Bueno;Bueno
2026-03-04;23:00;10;16.29;16.29;12.53;Bueno;36.20;Bueno;1;4.17;4.17;8.33;Bueno;27.78;Bueno;Bueno;Bueno
2026-03-05;00:00;7;16.46;18.17;13.97;Bueno;40.37;Bueno;1;4.17;2.71;5.42;Bueno;18.06;Bueno;Bueno;Bueno
2026-03-05;01:00;7;16.38;18.17;13.97;Bueno;40.37;Bueno;2;4.21;2.71;5.42;Bueno;18.06;Bueno;Bueno;Bueno
2026-03-05;02:00;5;16.38;18.17;13.97;Bueno;40.37;Bueno;1;4.21;2.71;5.42;Bueno;18.06;Bueno;Bueno;Bueno
2026-03-05;03:00;6;16.58;18.17;13.97;Bueno;40.37;Bueno;1;4.21;2.71;5.42;Bueno;18.06;Bueno;Bueno;Bueno
2026-03-05;04:00;6;16.75;18.17;13.97;Bueno;40.37;Bueno;1;4.21;2.71;5.42;Bueno;18.06;Bueno;Bueno;Bueno
2026-03-05;05:00;10;15.96;18.17;13.97;Bueno;40.37;Bueno;1;3.88;2.71;5.42;Bueno;18.06;Bueno;Bueno;Bueno
2026-03-05;06:00;19;15.08;18.17;13.97;Bueno;40.37;Bueno;8;3.67;2.71;5.42;Bueno;18.06;Bueno;Bueno;Bueno
2026-03-05;07:00;38;13.33;18.17;13.97;Bueno;40.37;Bueno;17;3.12;2.71;5.42;Bueno;18.06;Bueno;Bueno;Bueno
2026-03-05;08:00;16;13.00;18.17;13.97;Bueno;40.37;Bueno;5;2.96;2.71;5.42;Bueno;18.06;Bueno;Bueno;Bueno
2026-03-05;09:00;20;13.17;18.17;13.97;Bueno;40.37;Bueno;4;2.88;2.71;5.42;Bueno;18.06;Bueno;Bueno;Bueno
2026-03-05;10:00;46;14.42;18.17;13.97;Bueno;40.37;Bueno;3;2.83;2.71;5.42;Bueno;18.06;Bueno;Bueno;Bueno
2026-03-05;11:00;25;14.75;18.17;13.97;Bueno;40.37;Bueno;2;2.75;2.71;5.42;Bueno;18.06;Bueno;Bueno;Bueno
2026-03-05;12:00;15;14.79;18.17;13.97;Bueno;40.37;Bueno;1;2.71;2.71;5.42;Bueno;18.06;Bueno;Bueno;Bueno
2026-03-05;13:00;17;14.92;18.17;13.97;Bueno;40.37;Bueno;1;2.71;2.71;5.42;Bueno;18.06;Bueno;Bueno;Bueno
2026-03-05;14:00;21;15.17;18.17;13.97;Bueno;40.37;Bueno;1;2.71;2.71;5.42;Bueno;18.06;Bueno;Bueno;Bueno
2026-03-05;15:00;15;15.17;18.17;13.97;Bueno;40.37;Bueno;1;2.71;2.71;5.42;Bueno;18.06;Bueno;Bueno;Bueno
2026-03-05;16:00;14;15.12;18.17;13.97;Bueno;40.37;Bueno;1;2.71;2.71;5.42;Bueno;18.06;Bueno;Bueno;Bueno
2026-03-05;17:00;15;15.21;18.17;13.97;Bueno;40.37;Bueno;1;2.71;2.71;5.42;Bueno;18.06;Bueno;Bueno;Bueno
2026-03-05;18:00;24;15.79;18.17;13.97;Bueno;40.37;Bueno;1;2.71;2.71;5.42;Bueno;18.06;Bueno;Bueno;Bueno
2026-03-05;19:00;25;16.54;18.17;13.97;Bueno;40.37;Bueno;1;2.71;2.71;5.42;Bueno;18.06;Bueno;Bueno;Bueno
2026-03-05;20:00;18;16.71;18.17;13.97;Bueno;40.37;Bueno;3;2.71;2.71;5.42;Bueno;18.06;Bueno;Bueno;Bueno
2026-03-05;21:00;21;17.08;18.17;13.97;Bueno;40.37;Bueno;3;2.67;2.71;5.42;Bueno;18.06;Bueno;Bueno;Bueno
2026-03-05;22:00;25;17.71;18.17;13.97;Bueno;40.37;Bueno;3;2.67;2.71;5.42;Bueno;18.06;Bueno;Bueno;Bueno
2026-03-05;23:00;21;18.17;18.17;13.97;Bueno;40.37;Bueno;2;2.71;2.71;5.42;Bueno;18.06;Bueno;Bueno;Bueno
2026-03-06;00:00;15;18.50;;;;;;2;2.75;;;;;;;
2026-03-06;01:00;15;18.83;;;;;;1;2.71;;;;;;;
2026-03-06;02:00;10;19.04;;;;;;1;2.71;;;;;;;
2026-03-06;03:00;14;19.38;;;;;;1;2.71;;;;;;;
2026-03-06;04:00;11;19.58;;;;;;1;2.71;;;;;;;
2026-03-06;05:00;31;20.46;;;;;;4;2.83;;;;;;;
2026-03-06;06:00;27;20.79;;;;;;12;3.00;;;;;;;
2026-03-06;07:00;48;21.21;;;;;;16;2.96;;;;;;;
2026-03-06;08:00;53;22.75;;;;;;18;3.50;;;;;;;
2026-03-06;09:00;47;23.88;;;;;;12;3.83;;;;;;;
2026-03-06;10:00;36;23.46;;;;;;13;4.25;;;;;;;
2026-03-06;11:00;;23.39;;;;;;;4.35;;;;;;;
2026-03-06;12:00;;23.77;;;;;;;4.50;;;;;;;
2026-03-06;13:00;;24.10;;;;;;;4.67;;;;;;;
2026-03-06;14:00;;24.25;;;;;;;4.85;;;;;;;
2026-03-06;15:00;;24.74;;;;;;;5.05;;;;;;;
2026-03-06;16:00;;25.33;;;;;;;5.28;;;;;;;
2026-03-06;17:00;;;;;;;;;;;;;;;;
2026-03-06;18:00;;;;;;;;;;;;;;;;
2026-03-06;19:00;;;;;;;;;;;;;;;;
2026-03-06;20:00;;;;;;;;;;;;;;;;
2026-03-06;21:00;;;;;;;;;;;;;;;;
2026-03-06;22:00;;;;;;;;;;;;;;;;
2026-03-06;23:00;;;;;;;;;;;;;;;;
2026-03-07;00:00;;;;;;;;;;;;;;;;
2026-03-07;01:00;;;;;;;;;;;;;;;;
2026-03-07;02:00;;;;;;;;;;;;;;;;
2026-03-07;03:00;;;;;;;;;;;;;;;;
2026-03-07;04:00;;;;;;;;;;;;;;;;
2026-03-07;05:00;;;;;;;;;;;;;;;;
2026-03-07;06:00;;;;;;;;;;;;;;;;
2026-03-07;07:00;;;;;;;;;;;;;;;;
2026-03-07;08:00;;;;;;;;;;;;;;;;
2026-03-07;09:00;;;;;;;;;;;;;;;;
2026-03-07;10:00;;;;;;;;;;;;;;;;
2026-03-07;11:00;;;;;;;;;;;;;;;;
2026-03-07;12:00;;;;;;;;;;;;;;;;
2026-03-07;13:00;;;;;;;;;;;;;;;;
2026-03-07;14:00;;;;;;;;;;;;;;;;
2026-03-07;15:00;;;;;;;;;;;;;;;;
2026-03-07;16:00;;;;;;;;;;;;;;;;
2026-03-07;17:00;;;;;;;;;;;;;;;;
2026-03-07;18:00;;;;;;;;;;;;;;;;
2026-03-07;19:00;;;;;;;;;;;;;;;;
2026-03-07;20:00;;;;;;;;;;;;;;;;
2026-03-07;21:00;;;;;;;;;;;;;;;;
2026-03-07;22:00;;;;;;;;;;;;;;;;
2026-03-07;23:00;;;;;;;;;;;;;;;;
2026-03-08;00:00;;;;;;;;;;;;;;;;
2026-03-08;01:00;;;;;;;;;;;;;;;;
2026-03-08;02:00;;;;;;;;;;;;;;;;
2026-03-08;03:00;;;;;;;;;;;;;;;;
2026-03-08;04:00;;;;;;;;;;;;;;;;
2026-03-08;05:00;;;;;;;;;;;;;;;;
2026-03-08;06:00;;;;;;;;;;;;;;;;
2026-03-08;07:00;;;;;;;;;;;;;;;;
2026-03-08;08:00;;;;;;;;;;;;;;;;
2026-03-08;09:00;;;;;;;;;;;;;;;;
2026-03-08;10:00;;;;;;;;;;;;;;;;
2026-03-08;11:00;;;;;;;;;;;;;;;;
2026-03-08;12:00;;;;;;;;;;;;;;;;
2026-03-08;13:00;;;;;;;;;;;;;;;;
2026-03-08;14:00;;;;;;;;;;;;;;;;
2026-03-08;15:00;;;;;;;;;;;;;;;;
2026-03-08;16:00;;;;;;;;;;;;;;;;
2026-03-08;17:00;;;;;;;;;;;;;;;;
2026-03-08;18:00;;;;;;;;;;;;;;;;
2026-03-08;19:00;;;;;;;;;;;;;;;;
2026-03-08;20:00;;;;;;;;;;;;;;;;
2026-03-08;21:00;;;;;;;;;;;;;;;;
2026-03-08;22:00;;;;;;;;;;;;;;;;
2026-03-08;23:00;;;;;;;;;;;;;;;;
2026-03-09;00:00;;;;;;;;;;;;;;;;
2026-03-09;01:00;;;;;;;;;;;;;;;;
2026-03-09;02:00;;;;;;;;;;;;;;;;
2026-03-09;03:00;;;;;;;;;;;;;;;;
2026-03-09;04:00;;;;;;;;;;;;;;;;
2026-03-09;05:00;;;;;;;;;;;;;;;;
2026-03-09;06:00;;;;;;;;;;;;;;;;
2026-03-09;07:00;;;;;;;;;;;;;;;;
2026-03-09;08:00;;;;;;;;;;;;;;;;
2026-03-09;09:00;;;;;;;;;;;;;;;;
2026-03-09;10:00;;;;;;;;;;;;;;;;
2026-03-09;11:00;;;;;;;;;;;;;;;;
2026-03-09;12:00;;;;;;;;;;;;;;;;
2026-03-09;13:00;;;;;;;;;;;;;;;;
2026-03-09;14:00;;;;;;;;;;;;;;;;
2026-03-09;15:00;22;;;;;;;;;;;;;;;
2026-03-09;16:00;39;;;;;;;;;;;;;;;
2026-03-09;17:00;29;;;;;;;;;;;;;;;
2026-03-09;18:00;34;;;;;;;;;;;;;;;
2026-03-09;19:00;31;;;;;;;;;;;;;;;
2026-03-09;20:00;25;;;;;;;;;;;;;;;
2026-03-09;21:00;31;;;;;;;;;;;;;;;
2026-03-09;22:00;25;;;;;;;;;;;;;;;
2026-03-09;23:00;29;;;;;;;;;;;;;;;
2026-03-10;00:00;22;;24.58;18.91;Bueno;54.63;Bueno;;;;;;;;Bueno;Bueno
2026-03-10;01:00;14;;24.58;18.91;Bueno;54.63;Bueno;;;;;;;;Bueno;Bueno
2026-03-10;02:00;12;;24.58;18.91;Bueno;54.63;Bueno;;;;;;;;Bueno;Bueno
2026-03-10;03:00;16;;24.58;18.91;Bueno;54.63;Bueno;;;;;;;;Bueno;Bueno
2026-03-10;04:00;12;;24.58;18.91;Bueno;54.63;Bueno;;;;;;;;Bueno;Bueno
2026-03-10;05:00;23;;24.58;18.91;Bueno;54.63;Bueno;;;;;;;;Bueno;Bueno
2026-03-10;06:00;15;;24.58;18.91;Bueno;54.63;Bueno;;;;;;;;Bueno;Bueno
2026-03-10;07:00;27;;24.58;18.91;Bueno;54.63;Bueno;;;;;;;;Bueno;Bueno
2026-03-10;08:00;23;23.83;24.58;18.91;Bueno;54.63;Bueno;;;;;;;;Bueno;Bueno
2026-03-10;09:00;19;23.58;24.58;18.91;Bueno;54.63;Bueno;;;;;;;;Bueno;Bueno
2026-03-10;10:00;33;24.05;24.58;18.91;Bueno;54.63;Bueno;;;;;;;;Bueno;Bueno
2026-03-10;11:00;26;24.14;24.58;18.91;Bueno;54.63;Bueno;;;;;;;;Bueno;Bueno
2026-03-10;12:00;20;23.95;24.58;18.91;Bueno;54.63;Bueno;;;;;;;;Bueno;Bueno
2026-03-10;13:00;19;23.74;24.58;18.91;Bueno;54.63;Bueno;;;;;;;;Bueno;Bueno
2026-03-10;14:00;25;23.79;24.58;18.91;Bueno;54.63;Bueno;;;;;;;;Bueno;Bueno
2026-03-10;15:00;17;23.58;24.58;18.91;Bueno;54.63;Bueno;8;;;;;;;Bueno;Bueno
2026-03-10;16:00;36;23.46;24.58;18.91;Bueno;54.63;Bueno;8;;;;;;;Bueno;Bueno
2026-03-10;17:00;37;23.79;24.58;18.91;Bueno;54.63;Bueno;7;;;;;;;Bueno;Bueno
2026-03-10;18:00;30;23.62;24.58;18.91;Bueno;54.63;Bueno;10;;;;;;;Bueno;Bueno
2026-03-10;19:00;37;23.88;24.58;18.91;Bueno;54.63;Bueno;15;;;;;;;Bueno;Bueno
2026-03-10;20:00;26;23.92;24.58;18.91;Bueno;54.63;Bueno;9;;;;;;;Bueno;Bueno
2026-03-10;21:00;38;24.21;24.58;18.91;Bueno;54.63;Bueno;7;;;;;;;Bueno;Bueno
2026-03-10;22:00;35;24.62;24.58;18.91;Bueno;54.63;Bueno;8;;;;;;;Bueno;Bueno
2026-03-10;23:00;28;24.58;24.58;18.91;Bueno;54.63;Bueno;13;;;;;;;Bueno;Bueno
2026-03-11;00:00;24;24.67;52.79;40.61;Bueno;112.77;Regular;11;;10.00;20.00;Bueno;66.67;Bueno;Bueno;Regular
2026-03-11;01:00;27;25.21;52.79;40.61;Bueno;112.77;Regular;7;;10.00;20.00;Bueno;66.67;Bueno;Bueno;Regular
2026-03-11;02:00;17;25.42;52.79;40.61;Bueno;112.77;Regular;7;;10.00;20.00;Bueno;66.67;Bueno;Bueno;Regular
2026-03-11;03:00;15;25.38;52.79;40.61;Bueno;112.77;Regular;7;;10.00;20.00;Bueno;66.67;Bueno;Bueno;Regular
2026-03-11;04:00;13;25.42;52.79;40.61;Bueno;112.77;Regular;5;;10.00;20.00;Bueno;66.67;Bueno;Bueno;Regular
2026-03-11;05:00;24;25.46;52.79;40.61;Bueno;112.77;Regular;3;;10.00;20.00;Bueno;66.67;Bueno;Bueno;Regular
2026-03-11;06:00;29;26.04;52.79;40.61;Bueno;112.77;Regular;14;;10.00;20.00;Bueno;66.67;Bueno;Bueno;Regular
2026-03-11;07:00;129;30.29;52.79;40.61;Bueno;112.77;Regular;21;;10.00;20.00;Bueno;66.67;Bueno;Bueno;Regular
2026-03-11;08:00;127;34.62;52.79;40.61;Bueno;112.77;Regular;20;10.00;10.00;20.00;Bueno;66.67;Bueno;Bueno;Regular
2026-03-11;09:00;158;40.42;52.79;40.61;Bueno;112.77;Regular;21;10.58;10.00;20.00;Bueno;66.67;Bueno;Bueno;Regular
2026-03-11;10:00;94;42.96;52.79;40.61;Bueno;112.77;Regular;17;10.90;10.00;20.00;Bueno;66.67;Bueno;Bueno;Regular
2026-03-11;11:00;60;44.38;52.79;40.61;Bueno;112.77;Regular;8;10.76;10.00;20.00;Bueno;66.67;Bueno;Bueno;Regular
2026-03-11;12:00;28;44.71;52.79;40.61;Bueno;112.77;Regular;8;10.64;10.00;20.00;Bueno;66.67;Bueno;Bueno;Regular
2026-03-11;13:00;72;46.92;52.79;40.61;Bueno;112.77;Regular;7;10.48;10.00;20.00;Bueno;66.67;Bueno;Bueno;Regular
2026-03-11;14:00;43;47.67;52.79;40.61;Bueno;112.77;Regular;6;10.29;10.00;20.00;Bueno;66.67;Bueno;Bueno;Regular
2026-03-11;15:00;25;48.00;52.79;40.61;Bueno;112.77;Regular;5;10.17;10.00;20.00;Bueno;66.67;Bueno;Bueno;Regular
2026-03-11;16:00;29;47.71;52.79;40.61;Bueno;112.77;Regular;8;10.17;10.00;20.00;Bueno;66.67;Bueno;Bueno;Regular
2026-03-11;17:00;81;49.54;52.79;40.61;Bueno;112.77;Regular;6;10.12;10.00;20.00;Bueno;66.67;Bueno;Bueno;Regular
2026-03-11;18:00;135;53.92;52.79;40.61;Bueno;112.77;Regular;15;10.33;10.00;20.00;Bueno;66.67;Bueno;Bueno;Regular
2026-03-11;19:00;87;56.00;52.79;40.61;Bueno;112.77;Regular;16;10.38;10.00;20.00;Bueno;66.67;Bueno;Bueno;Regular
2026-03-11;20:00;29;56.12;52.79;40.61;Bueno;112.77;Regular;15;10.62;10.00;20.00;Bueno;66.67;Bueno;Bueno;Regular
2026-03-11;21:00;9;54.92;52.79;40.61;Bueno;112.77;Regular;8;10.67;10.00;20.00;Bueno;66.67;Bueno;Bueno;Regular
2026-03-11;22:00;6;53.71;52.79;40.61;Bueno;112.77;Regular;3;10.46;10.00;20.00;Bueno;66.67;Bueno;Bueno;Regular
2026-03-11;23:00;6;52.79;52.79;40.61;Bueno;112.77;Regular;2;10.00;10.00;20.00;Bueno;66.67;Bueno;Bueno;Regular
2026-03-12;00:00;10;52.21;20.08;15.45;Bueno;44.63;Bueno;1;9.58;5.46;10.92;Bueno;36.39;Bueno;Bueno;Bueno
2026-03-12;01:00;6;51.33;20.08;15.45;Bueno;44.63;Bueno;1;9.33;5.46;10.92;Bueno;36.39;Bueno;Bueno;Bueno
2026-03-12;02:00;6;50.88;20.08;15.45;Bueno;44.63;Bueno;3;9.17;5.46;10.92;Bueno;36.39;Bueno;Bueno;Bueno
2026-03-12;03:00;8;50.58;20.08;15.45;Bueno;44.63;Bueno;5;9.08;5.46;10.92;Bueno;36.39;Bueno;Bueno;Bueno
2026-03-12;04:00;7;50.33;20.08;15.45;Bueno;44.63;Bueno;3;9.00;5.46;10.92;Bueno;36.39;Bueno;Bueno;Bueno
2026-03-12;05:00;13;49.88;20.08;15.45;Bueno;44.63;Bueno;2;8.96;5.46;10.92;Bueno;36.39;Bueno;Bueno;Bueno
2026-03-12;06:00;15;49.29;20.08;15.45;Bueno;44.63;Bueno;6;8.62;5.46;10.92;Bueno;36.39;Bueno;Bueno;Bueno
2026-03-12;07:00;23;44.88;20.08;15.45;Bueno;44.63;Bueno;7;8.04;5.46;10.92;Bueno;36.39;Bueno;Bueno;Bueno
2026-03-12;08:00;26;40.67;20.08;15.45;Bueno;44.63;Bueno;8;7.54;5.46;10.92;Bueno;36.39;Bueno;Bueno;Bueno
2026-03-12;09:00;19;34.88;20.08;15.45;Bueno;44.63;Bueno;9;7.04;5.46;10.92;Bueno;36.39;Bueno;Bueno;Bueno
2026-03-12;10:00;22;31.88;20.08;15.45;Bueno;44.63;Bueno;9;6.71;5.46;10.92;Bueno;36.39;Bueno;Bueno;Bueno
2026-03-12;11:00;41;31.08;20.08;15.45;Bueno;44.63;Bueno;8;6.71;5.46;10.92;Bueno;36.39;Bueno;Bueno;Bueno
2026-03-12;12:00;34;31.33;20.08;15.45;Bueno;44.63;Bueno;5;6.58;5.46;10.92;Bueno;36.39;Bueno;Bueno;Bueno
2026-03-12;13:00;24;29.33;20.08;15.45;Bueno;44.63;Bueno;3;6.42;5.46;10.92;Bueno;36.39;Bueno;Bueno;Bueno
2026-03-12;14:00;46;29.46;20.08;15.45;Bueno;44.63;Bueno;4;6.33;5.46;10.92;Bueno;36.39;Bueno;Bueno;Bueno
2026-03-12;15:00;21;29.29;20.08;15.45;Bueno;44.63;Bueno;7;6.42;5.46;10.92;Bueno;36.39;Bueno;Bueno;Bueno
2026-03-12;16:00;22;29.00;20.08;15.45;Bueno;44.63;Bueno;8;6.42;5.46;10.92;Bueno;36.39;Bueno;Bueno;Bueno
2026-03-12;17:00;18;26.38;20.08;15.45;Bueno;44.63;Bueno;7;6.46;5.46;10.92;Bueno;36.39;Bueno;Bueno;Bueno
2026-03-12;18:00;13;21.29;20.08;15.45;Bueno;44.63;Bueno;5;6.04;5.46;10.92;Bueno;36.39;Bueno;Bueno;Bueno
2026-03-12;19:00;33;19.04;20.08;15.45;Bueno;44.63;Bueno;6;5.62;5.46;10.92;Bueno;36.39;Bueno;Bueno;Bueno
2026-03-12;20:00;20;18.67;20.08;15.45;Bueno;44.63;Bueno;5;5.21;5.46;10.92;Bueno;36.39;Bueno;Bueno;Bueno
2026-03-12;21:00;20;19.12;20.08;15.45;Bueno;44.63;Bueno;6;5.12;5.46;10.92;Bueno;36.39;Bueno;Bueno;Bueno
2026-03-12;22:00;19;19.67;20.08;15.45;Bueno;44.63;Bueno;7;5.29;5.46;10.92;Bueno;36.39;Bueno;Bueno;Bueno
2026-03-12;23:00;16;20.08;20.08;15.45;Bueno;44.63;Bueno;6;5.46;5.46;10.92;Bueno;36.39;Bueno;Bueno;Bueno
2026-03-13;00:00;17;20.38;34.71;26.70;Bueno;77.13;Bueno;5;5.62;6.00;12.00;Bueno;40.00;Bueno;Bueno;Bueno
2026-03-13;01:00;12;20.62;34.71;26.70;Bueno;77.13;Bueno;1;5.62;6.00;12.00;Bueno;40.00;Bueno;Bueno;Bueno
2026-03-13;02:00;11;20.83;34.71;26.70;Bueno;77.13;Bueno;1;5.54;6.00;12.00;Bueno;40.00;Bueno;Bueno;Bueno
2026-03-13;03:00;10;20.92;34.71;26.70;Bueno;77.13;Bueno;3;5.46;6.00;12.00;Bueno;40.00;Bueno;Bueno;Bueno
2026-03-13;04:00;16;21.29;34.71;26.70;Bueno;77.13;Bueno;1;5.38;6.00;12.00;Bueno;40.00;Bueno;Bueno;Bueno
2026-03-13;05:00;14;21.33;34.71;26.70;Bueno;77.13;Bueno;1;5.33;6.00;12.00;Bueno;40.00;Bueno;Bueno;Bueno
2026-03-13;06:00;17;21.42;34.71;26.70;Bueno;77.13;Bueno;1;5.12;6.00;12.00;Bueno;40.00;Bueno;Bueno;Bueno
2026-03-13;07:00;29;21.67;34.71;26.70;Bueno;77.13;Bueno;3;4.96;6.00;12.00;Bueno;40.00;Bueno;Bueno;Bueno
2026-03-13;08:00;29;21.79;34.71;26.70;Bueno;77.13;Bueno;9;5.00;6.00;12.00;Bueno;40.00;Bueno;Bueno;Bueno
2026-03-13;09:00;24;22.00;34.71;26.70;Bueno;77.13;Bueno;11;5.08;6.00;12.00;Bueno;40.00;Bueno;Bueno;Bueno
2026-03-13;10:00;37;22.62;34.71;26.70;Bueno;77.13;Bueno;13;5.25;6.00;12.00;Bueno;40.00;Bueno;Bueno;Bueno
2026-03-13;11:00;33;22.29;34.71;26.70;Bueno;77.13;Bueno;10;5.33;6.00;12.00;Bueno;40.00;Bueno;Bueno;Bueno
2026-03-13;12:00;68;23.71;34.71;26.70;Bueno;77.13;Bueno;7;5.42;6.00;12.00;Bueno;40.00;Bueno;Bueno;Bueno
2026-03-13;13:00;82;26.12;34.71;26.70;Bueno;77.13;Bueno;3;5.42;6.00;12.00;Bueno;40.00;Bueno;Bueno;Bueno
2026-03-13;14:00;108;28.71;34.71;26.70;Bueno;77.13;Bueno;5;5.46;6.00;12.00;Bueno;40.00;Bueno;Bueno;Bueno
2026-03-13;15:00;106;32.25;34.71;26.70;Bueno;77.13;Bueno;8;5.50;6.00;12.00;Bueno;40.00;Bueno;Bueno;Bueno
2026-03-13;16:00;19;32.12;34.71;26.70;Bueno;77.13;Bueno;5;5.38;6.00;12.00;Bueno;40.00;Bueno;Bueno;Bueno
2026-03-13;17:00;31;32.67;34.71;26.70;Bueno;77.13;Bueno;5;5.29;6.00;12.00;Bueno;40.00;Bueno;Bueno;Bueno
2026-03-13;18:00;33;33.50;34.71;26.70;Bueno;77.13;Bueno;8;5.42;6.00;12.00;Bueno;40.00;Bueno;Bueno;Bueno
2026-03-13;19:00;24;33.12;34.71;26.70;Bueno;77.13;Bueno;9;5.54;6.00;12.00;Bueno;40.00;Bueno;Bueno;Bueno
2026-03-13;20:00;31;33.58;34.71;26.70;Bueno;77.13;Bueno;12;5.83;6.00;12.00;Bueno;40.00;Bueno;Bueno;Bueno
2026-03-13;21:00;29;33.96;34.71;26.70;Bueno;77.13;Bueno;9;5.96;6.00;12.00;Bueno;40.00;Bueno;Bueno;Bueno
2026-03-13;22:00;32;34.50;34.71;26.70;Bueno;77.13;Bueno;6;5.92;6.00;12.00;Bueno;40.00;Bueno;Bueno;Bueno
2026-03-13;23:00;21;34.71;34.71;26.70;Bueno;77.13;Bueno;8;6.00;6.00;12.00;Bueno;40.00;Bueno;Bueno;Bueno
2026-03-14;00:00;22;34.92;18.62;14.33;Bueno;41.39;Bueno;9;6.17;7.17;14.33;Bueno;47.78;Bueno;Bueno;Bueno
2026-03-14;01:00;19;35.21;18.62;14.33;Bueno;41.39;Bueno;6;6.38;7.17;14.33;Bueno;47.78;Bueno;Bueno;Bueno
2026-03-14;02:00;13;35.29;18.62;14.33;Bueno;41.39;Bueno;2;6.42;7.17;14.33;Bueno;47.78;Bueno;Bueno;Bueno
2026-03-14;03:00;9;35.25;18.62;14.33;Bueno;41.39;Bueno;2;6.38;7.17;14.33;Bueno;47.78;Bueno;Bueno;Bueno
2026-03-14;04:00;9;34.96;18.62;14.33;Bueno;41.39;Bueno;3;6.46;7.17;14.33;Bueno;47.78;Bueno;Bueno;Bueno
2026-03-14;05:00;8;34.71;18.62;14.33;Bueno;41.39;Bueno;6;6.67;7.17;14.33;Bueno;47.78;Bueno;Bueno;Bueno
2026-03-14;06:00;14;34.58;18.62;14.33;Bueno;41.39;Bueno;5;6.83;7.17;14.33;Bueno;47.78;Bueno;Bueno;Bueno
2026-03-14;07:00;23;34.33;18.62;14.33;Bueno;41.39;Bueno;10;7.12;7.17;14.33;Bueno;47.78;Bueno;Bueno;Bueno
2026-03-14;08:00;22;34.04;18.62;14.33;Bueno;41.39;Bueno;10;7.17;7.17;14.33;Bueno;47.78;Bueno;Bueno;Bueno
2026-03-14;09:00;23;34.00;18.62;14.33;Bueno;41.39;Bueno;13;7.25;7.17;14.33;Bueno;47.78;Bueno;Bueno;Bueno
2026-03-14;10:00;20;33.29;18.62;14.33;Bueno;41.39;Bueno;7;7.00;7.17;14.33;Bueno;47.78;Bueno;Bueno;Bueno
2026-03-14;11:00;18;32.67;18.62;14.33;Bueno;41.39;Bueno;3;6.71;7.17;14.33;Bueno;47.78;Bueno;Bueno;Bueno
2026-03-14;12:00;22;30.75;18.62;14.33;Bueno;41.39;Bueno;5;6.62;7.17;14.33;Bueno;47.78;Bueno;Bueno;Bueno
2026-03-14;13:00;16;28.00;18.62;14.33;Bueno;41.39;Bueno;7;6.79;7.17;14.33;Bueno;47.78;Bueno;Bueno;Bueno
2026-03-14;14:00;17;24.21;18.62;14.33;Bueno;41.39;Bueno;6;6.83;7.17;14.33;Bueno;47.78;Bueno;Bueno;Bueno
2026-03-14;15:00;18;20.54;18.62;14.33;Bueno;41.39;Bueno;3;6.62;7.17;14.33;Bueno;47.78;Bueno;Bueno;Bueno
2026-03-14;16:00;36;21.25;18.62;14.33;Bueno;41.39;Bueno;9;6.79;7.17;14.33;Bueno;47.78;Bueno;Bueno;Bueno
2026-03-14;17:00;32;21.29;18.62;14.33;Bueno;41.39;Bueno;15;7.21;7.17;14.33;Bueno;47.78;Bueno;Bueno;Bueno
2026-03-14;18:00;44;21.75;18.62;14.33;Bueno;41.39;Bueno;16;7.54;7.17;14.33;Bueno;47.78;Bueno;Bueno;Bueno
2026-03-14;19:00;22;21.67;18.62;14.33;Bueno;41.39;Bueno;11;7.62;7.17;14.33;Bueno;47.78;Bueno;Bueno;Bueno
2026-03-14;20:00;19;21.17;18.62;14.33;Bueno;41.39;Bueno;8;7.46;7.17;14.33;Bueno;47.78;Bueno;Bueno;Bueno
2026-03-14;21:00;11;20.42;18.62;14.33;Bueno;41.39;Bueno;10;7.50;7.17;14.33;Bueno;47.78;Bueno;Bueno;Bueno
2026-03-14;22:00;6;19.33;18.62;14.33;Bueno;41.39;Bueno;5;7.46;7.17;14.33;Bueno;47.78;Bueno;Bueno;Bueno
2026-03-14;23:00;4;18.62;18.62;14.33;Bueno;41.39;Bueno;1;7.17;7.17;14.33;Bueno;47.78;Bueno;Bueno;Bueno
2026-03-15;00:00;1;17.75;9.83;7.56;Bueno;21.85;Bueno;1;6.83;6.12;12.25;Bueno;40.83;Bueno;Bueno;Bueno
2026-03-15;01:00;1;17.00;9.83;7.56;Bueno;21.85;Bueno;1;6.62;6.12;12.25;Bueno;40.83;Bueno;Bueno;Bueno
2026-03-15;02:00;2;16.54;9.83;7.56;Bueno;21.85;Bueno;1;6.58;6.12;12.25;Bueno;40.83;Bueno;Bueno;Bueno
2026-03-15;03:00;2;16.25;9.83;7.56;Bueno;21.85;Bueno;1;6.54;6.12;12.25;Bueno;40.83;Bueno;Bueno;Bueno
2026-03-15;04:00;1;15.92;9.83;7.56;Bueno;21.85;Bueno;1;6.46;6.12;12.25;Bueno;40.83;Bueno;Bueno;Bueno
2026-03-15;05:00;4;15.75;9.83;7.56;Bueno;21.85;Bueno;3;6.33;6.12;12.25;Bueno;40.83;Bueno;Bueno;Bueno
2026-03-15;06:00;3;15.29;9.83;7.56;Bueno;21.85;Bueno;2;6.21;6.12;12.25;Bueno;40.83;Bueno;Bueno;Bueno
2026-03-15;07:00;5;14.54;9.83;7.56;Bueno;21.85;Bueno;1;5.83;6.12;12.25;Bueno;40.83;Bueno;Bueno;Bueno
2026-03-15;08:00;8;13.96;9.83;7.56;Bueno;21.85;Bueno;5;5.62;6.12;12.25;Bueno;40.83;Bueno;Bueno;Bueno
2026-03-15;09:00;9;13.38;9.83;7.56;Bueno;21.85;Bueno;5;5.29;6.12;12.25;Bueno;40.83;Bueno;Bueno;Bueno
2026-03-15;10:00;5;12.75;9.83;7.56;Bueno;21.85;Bueno;4;5.17;6.12;12.25;Bueno;40.83;Bueno;Bueno;Bueno
2026-03-15;11:00;6;12.25;9.83;7.56;Bueno;21.85;Bueno;6;5.29;6.12;12.25;Bueno;40.83;Bueno;Bueno;Bueno
2026-03-15;12:00;10;11.75;9.83;7.56;Bueno;21.85;Bueno;7;5.38;6.12;12.25;Bueno;40.83;Bueno;Bueno;Bueno
2026-03-15;13:00;9;11.46;9.83;7.56;Bueno;21.85;Bueno;9;5.46;6.12;12.25;Bueno;40.83;Bueno;Bueno;Bueno
2026-03-15;14:00;8;11.08;9.83;7.56;Bueno;21.85;Bueno;6;5.46;6.12;12.25;Bueno;40.83;Bueno;Bueno;Bueno
2026-03-15;15:00;7;10.62;9.83;7.56;Bueno;21.85;Bueno;6;5.58;6.12;12.25;Bueno;40.83;Bueno;Bueno;Bueno
2026-03-15;16:00;2;9.21;9.83;7.56;Bueno;21.85;Bueno;2;5.29;6.12;12.25;Bueno;40.83;Bueno;Bueno;Bueno
2026-03-15;17:00;7;8.17;9.83;7.56;Bueno;21.85;Bueno;4;4.83;6.12;12.25;Bueno;40.83;Bueno;Bueno;Bueno
2026-03-15;18:00;9;6.71;9.83;7.56;Bueno;21.85;Bueno;2;4.25;6.12;12.25;Bueno;40.83;Bueno;Bueno;Bueno
2026-03-15;19:00;11;6.25;9.83;7.56;Bueno;21.85;Bueno;4;3.96;6.12;12.25;Bueno;40.83;Bueno;Bueno;Bueno
2026-03-15;20:00;27;6.58;9.83;7.56;Bueno;21.85;Bueno;18;4.38;6.12;12.25;Bueno;40.83;Bueno;Bueno;Bueno
2026-03-15;21:00;50;8.21;9.83;7.56;Bueno;21.85;Bueno;27;5.08;6.12;12.25;Bueno;40.83;Bueno;Bueno;Bueno
2026-03-15;22:00;33;9.33;9.83;7.56;Bueno;21.85;Bueno;21;5.75;6.12;12.25;Bueno;40.83;Bueno;Bueno;Bueno
2026-03-15;23:00;16;9.83;9.83;7.56;Bueno;21.85;Bueno;10;6.12;6.12;12.25;Bueno;40.83;Bueno;Bueno;Bueno
2026-03-16;00:00;17;10.50;12.71;9.78;Bueno;28.24;Bueno;7;6.38;6.71;13.42;Bueno;44.72;Bueno;Bueno;Bueno
2026-03-16;01:00;7;10.75;12.71;9.78;Bueno;28.24;Bueno;6;6.58;6.71;13.42;Bueno;44.72;Bueno;Bueno;Bueno
2026-03-16;02:00;6;10.92;12.71;9.78;Bueno;28.24;Bueno;5;6.75;6.71;13.42;Bueno;44.72;Bueno;Bueno;Bueno
2026-03-16;03:00;8;11.17;12.71;9.78;Bueno;28.24;Bueno;1;6.75;6.71;13.42;Bueno;44.72;Bueno;Bueno;Bueno
2026-03-16;04:00;8;11.46;12.71;9.78;Bueno;28.24;Bueno;2;6.79;6.71;13.42;Bueno;44.72;Bueno;Bueno;Bueno
2026-03-16;05:00;10;11.71;12.71;9.78;Bueno;28.24;Bueno;6;6.92;6.71;13.42;Bueno;44.72;Bueno;Bueno;Bueno
2026-03-16;06:00;22;12.50;12.71;9.78;Bueno;28.24;Bueno;9;7.21;6.71;13.42;Bueno;44.72;Bueno;Bueno;Bueno
2026-03-16;07:00;25;13.33;12.71;9.78;Bueno;28.24;Bueno;15;7.79;6.71;13.42;Bueno;44.72;Bueno;Bueno;Bueno
2026-03-16;08:00;12;13.50;12.71;9.78;Bueno;28.24;Bueno;8;7.92;6.71;13.42;Bueno;44.72;Bueno;Bueno;Bueno
2026-03-16;09:00;18;13.88;12.71;9.78;Bueno;28.24;Bueno;8;8.04;6.71;13.42;Bueno;44.72;Bueno;Bueno;Bueno
2026-03-16;10:00;20;14.50;12.71;9.78;Bueno;28.24;Bueno;9;8.25;6.71;13.42;Bueno;44.72;Bueno;Bueno;Bueno
2026-03-16;11:00;16;14.92;12.71;9.78;Bueno;28.24;Bueno;5;8.21;6.71;13.42;Bueno;44.72;Bueno;Bueno;Bueno
2026-03-16;12:00;10;14.92;12.71;9.78;Bueno;28.24;Bueno;2;8.00;6.71;13.42;Bueno;44.72;Bueno;Bueno;Bueno
2026-03-16;13:00;12;15.04;12.71;9.78;Bueno;28.24;Bueno;1;7.67;6.71;13.42;Bueno;44.72;Bueno;Bueno;Bueno
2026-03-16;14:00;11;15.17;12.71;9.78;Bueno;28.24;Bueno;1;7.46;6.71;13.42;Bueno;44.72;Bueno;Bueno;Bueno
2026-03-16;15:00;16;15.54;12.71;9.78;Bueno;28.24;Bueno;2;7.29;6.71;13.42;Bueno;44.72;Bueno;Bueno;Bueno
2026-03-16;16:00;10;15.88;12.71;9.78;Bueno;28.24;Bueno;3;7.33;6.71;13.42;Bueno;44.72;Bueno;Bueno;Bueno
2026-03-16;17:00;9;15.96;12.71;9.78;Bueno;28.24;Bueno;9;7.54;6.71;13.42;Bueno;44.72;Bueno;Bueno;Bueno
2026-03-16;18:00;10;16.00;12.71;9.78;Bueno;28.24;Bueno;8;7.79;6.71;13.42;Bueno;44.72;Bueno;Bueno;Bueno
2026-03-16;19:00;7;15.83;12.71;9.78;Bueno;28.24;Bueno;7;7.92;6.71;13.42;Bueno;44.72;Bueno;Bueno;Bueno
2026-03-16;20:00;16;15.38;12.71;9.78;Bueno;28.24;Bueno;15;7.79;6.71;13.42;Bueno;44.72;Bueno;Bueno;Bueno
2026-03-16;21:00;12;13.79;12.71;9.78;Bueno;28.24;Bueno;11;7.12;6.71;13.42;Bueno;44.72;Bueno;Bueno;Bueno
2026-03-16;22:00;11;12.88;12.71;9.78;Bueno;28.24;Bueno;10;6.67;6.71;13.42;Bueno;44.72;Bueno;Bueno;Bueno
2026-03-16;23:00;12;12.71;12.71;9.78;Bueno;28.24;Bueno;11;6.71;6.71;13.42;Bueno;44.72;Bueno;Bueno;Bueno
2026-03-17;00:00;6;12.25;21.88;16.83;Bueno;48.61;Bueno;5;6.62;11.96;23.92;Bueno;79.72;Bueno;Bueno;Bueno
2026-03-17;01:00;8;12.29;21.88;16.83;Bueno;48.61;Bueno;1;6.42;11.96;23.92;Bueno;79.72;Bueno;Bueno;Bueno
2026-03-17;02:00;9;12.42;21.88;16.83;Bueno;48.61;Bueno;2;6.29;11.96;23.92;Bueno;79.72;Bueno;Bueno;Bueno
2026-03-17;03:00;7;12.38;21.88;16.83;Bueno;48.61;Bueno;3;6.38;11.96;23.92;Bueno;79.72;Bueno;Bueno;Bueno
2026-03-17;04:00;5;12.25;21.88;16.83;Bueno;48.61;Bueno;3;6.42;11.96;23.92;Bueno;79.72;Bueno;Bueno;Bueno
2026-03-17;05:00;8;12.17;21.88;16.83;Bueno;48.61;Bueno;7;6.46;11.96;23.92;Bueno;79.72;Bueno;Bueno;Bueno
2026-03-17;06:00;19;12.04;21.88;16.83;Bueno;48.61;Bueno;13;6.62;11.96;23.92;Bueno;79.72;Bueno;Bueno;Bueno
2026-03-17;07:00;47;12.96;21.88;16.83;Bueno;48.61;Bueno;32;7.33;11.96;23.92;Bueno;79.72;Bueno;Bueno;Bueno
2026-03-17;08:00;35;13.92;21.88;16.83;Bueno;48.61;Bueno;9;7.38;11.96;23.92;Bueno;79.72;Bueno;Bueno;Bueno
2026-03-17;09:00;24;14.17;21.88;16.83;Bueno;48.61;Bueno;8;7.38;11.96;23.92;Bueno;79.72;Bueno;Bueno;Bueno
2026-03-17;10:00;18;14.08;21.88;16.83;Bueno;48.61;Bueno;9;7.38;11.96;23.92;Bueno;79.72;Bueno;Bueno;Bueno
2026-03-17;11:00;14;14.00;21.88;16.83;Bueno;48.61;Bueno;7;7.46;11.96;23.92;Bueno;79.72;Bueno;Bueno;Bueno
2026-03-17;12:00;14;14.17;21.88;16.83;Bueno;48.61;Bueno;7;7.67;11.96;23.92;Bueno;79.72;Bueno;Bueno;Bueno
2026-03-17;13:00;16;14.33;21.88;16.83;Bueno;48.61;Bueno;5;7.83;11.96;23.92;Bueno;79.72;Bueno;Bueno;Bueno
2026-03-17;14:00;7;14.17;21.88;16.83;Bueno;48.61;Bueno;6;8.04;11.96;23.92;Bueno;79.72;Bueno;Bueno;Bueno
2026-03-17;15:00;11;13.96;21.88;16.83;Bueno;48.61;Bueno;5;8.17;11.96;23.92;Bueno;79.72;Bueno;Bueno;Bueno
2026-03-17;16:00;13;14.08;21.88;16.83;Bueno;48.61;Bueno;3;8.17;11.96;23.92;Bueno;79.72;Bueno;Bueno;Bueno
2026-03-17;17:00;10;14.12;21.88;16.83;Bueno;48.61;Bueno;4;7.96;11.96;23.92;Bueno;79.72;Bueno;Bueno;Bueno
2026-03-17;18:00;10;14.12;21.88;16.83;Bueno;48.61;Bueno;7;7.92;11.96;23.92;Bueno;79.72;Bueno;Bueno;Bueno
2026-03-17;19:00;75;16.96;21.88;16.83;Bueno;48.61;Bueno;47;9.58;11.96;23.92;Bueno;79.72;Bueno;Bueno;Bueno
2026-03-17;20:00;46;18.21;21.88;16.83;Bueno;48.61;Bueno;27;10.08;11.96;23.92;Bueno;79.72;Bueno;Bueno;Bueno
2026-03-17;21:00;48;19.71;21.88;16.83;Bueno;48.61;Bueno;31;10.92;11.96;23.92;Bueno;79.72;Bueno;Bueno;Bueno
2026-03-17;22:00;39;20.88;21.88;16.83;Bueno;48.61;Bueno;21;11.38;11.96;23.92;Bueno;79.72;Bueno;Bueno;Bueno
2026-03-17;23:00;36;21.88;21.88;16.83;Bueno;48.61;Bueno;25;11.96;11.96;23.92;Bueno;79.72;Bueno;Bueno;Bueno
2026-03-18;00:00;26;22.71;22.96;17.66;Bueno;51.02;Bueno;12;12.25;11.79;23.58;Bueno;78.61;Bueno;Bueno;Bueno
2026-03-18;01:00;7;22.67;22.96;17.66;Bueno;51.02;Bueno;6;12.46;11.79;23.58;Bueno;78.61;Bueno;Bueno;Bueno
2026-03-18;02:00;8;22.62;22.96;17.66;Bueno;51.02;Bueno;5;12.58;11.79;23.58;Bueno;78.61;Bueno;Bueno;Bueno
2026-03-18;03:00;12;22.83;22.96;17.66;Bueno;51.02;Bueno;7;12.75;11.79;23.58;Bueno;78.61;Bueno;Bueno;Bueno
2026-03-18;04:00;9;23.00;22.96;17.66;Bueno;51.02;Bueno;8;12.96;11.79;23.58;Bueno;78.61;Bueno;Bueno;Bueno
2026-03-18;05:00;34;24.08;22.96;17.66;Bueno;51.02;Bueno;13;13.21;11.79;23.58;Bueno;78.61;Bueno;Bueno;Bueno
2026-03-18;06:00;31;24.58;22.96;17.66;Bueno;51.02;Bueno;15;13.29;11.79;23.58;Bueno;78.61;Bueno;Bueno;Bueno
2026-03-18;07:00;40;24.29;22.96;17.66;Bueno;51.02;Bueno;19;12.75;11.79;23.58;Bueno;78.61;Bueno;Bueno;Bueno
2026-03-18;08:00;36;24.33;22.96;17.66;Bueno;51.02;Bueno;17;13.08;11.79;23.58;Bueno;78.61;Bueno;Bueno;Bueno
2026-03-18;09:00;25;24.38;22.96;17.66;Bueno;51.02;Bueno;18;13.50;11.79;23.58;Bueno;78.61;Bueno;Bueno;Bueno
2026-03-18;10:00;36;25.12;22.96;17.66;Bueno;51.02;Bueno;17;13.83;11.79;23.58;Bueno;78.61;Bueno;Bueno;Bueno
2026-03-18;11:00;29;25.75;22.96;17.66;Bueno;51.02;Bueno;19;14.33;11.79;23.58;Bueno;78.61;Bueno;Bueno;Bueno
2026-03-18;12:00;26;26.25;22.96;17.66;Bueno;51.02;Bueno;11;14.50;11.79;23.58;Bueno;78.61;Bueno;Bueno;Bueno
2026-03-18;13:00;22;26.50;22.96;17.66;Bueno;51.02;Bueno;11;14.75;11.79;23.58;Bueno;78.61;Bueno;Bueno;Bueno
2026-03-18;14:00;22;27.12;22.96;17.66;Bueno;51.02;Bueno;7;14.79;11.79;23.58;Bueno;78.61;Bueno;Bueno;Bueno
2026-03-18;15:00;23;27.62;22.96;17.66;Bueno;51.02;Bueno;11;15.04;11.79;23.58;Bueno;78.61;Bueno;Bueno;Bueno
2026-03-18;16:00;20;27.92;22.96;17.66;Bueno;51.02;Bueno;8;15.25;11.79;23.58;Bueno;78.61;Bueno;Bueno;Bueno
2026-03-18;17:00;25;28.54;22.96;17.66;Bueno;51.02;Bueno;10;15.50;11.79;23.58;Bueno;78.61;Bueno;Bueno;Bueno
2026-03-18;18:00;37;29.67;22.96;17.66;Bueno;51.02;Bueno;22;16.12;11.79;23.58;Bueno;78.61;Bueno;Bueno;Bueno
2026-03-18;19:00;19;27.33;22.96;17.66;Bueno;51.02;Bueno;6;14.42;11.79;23.58;Bueno;78.61;Bueno;Bueno;Bueno
2026-03-18;20:00;13;25.96;22.96;17.66;Bueno;51.02;Bueno;7;13.58;11.79;23.58;Bueno;78.61;Bueno;Bueno;Bueno
2026-03-18;21:00;20;24.79;22.96;17.66;Bueno;51.02;Bueno;12;12.79;11.79;23.58;Bueno;78.61;Bueno;Bueno;Bueno
2026-03-18;22:00;22;24.08;22.96;17.66;Bueno;51.02;Bueno;14;12.50;11.79;23.58;Bueno;78.61;Bueno;Bueno;Bueno
2026-03-18;23:00;9;22.96;22.96;17.66;Bueno;51.02;Bueno;8;11.79;11.79;23.58;Bueno;78.61;Bueno;Bueno;Bueno
2026-03-19;00:00;9;22.25;26.88;20.67;Bueno;59.72;Bueno;5;11.50;17.46;34.92;Bueno;105.31;Regular;Bueno;Regular
2026-03-19;01:00;5;22.17;26.88;20.67;Bueno;59.72;Bueno;3;11.38;17.46;34.92;Bueno;105.31;Regular;Bueno;Regular
2026-03-19;02:00;2;21.92;26.88;20.67;Bueno;59.72;Bueno;1;11.21;17.46;34.92;Bueno;105.31;Regular;Bueno;Regular
2026-03-19;03:00;1;21.46;26.88;20.67;Bueno;59.72;Bueno;1;10.96;17.46;34.92;Bueno;105.31;Regular;Bueno;Regular
2026-03-19;04:00;2;21.17;26.88;20.67;Bueno;59.72;Bueno;1;10.67;17.46;34.92;Bueno;105.31;Regular;Bueno;Regular
2026-03-19;05:00;7;20.04;26.88;20.67;Bueno;59.72;Bueno;2;10.21;17.46;34.92;Bueno;105.31;Regular;Bueno;Regular
2026-03-19;06:00;4;18.92;26.88;20.67;Bueno;59.72;Bueno;2;9.67;17.46;34.92;Bueno;105.31;Regular;Bueno;Regular
2026-03-19;07:00;5;17.46;26.88;20.67;Bueno;59.72;Bueno;4;9.04;17.46;34.92;Bueno;105.31;Regular;Bueno;Regular
2026-03-19;08:00;11;16.42;26.88;20.67;Bueno;59.72;Bueno;3;8.46;17.46;34.92;Bueno;105.31;Regular;Bueno;Regular
2026-03-19;09:00;19;16.17;26.88;20.67;Bueno;59.72;Bueno;9;8.08;17.46;34.92;Bueno;105.31;Regular;Bueno;Regular
2026-03-19;10:00;12;15.17;26.88;20.67;Bueno;59.72;Bueno;8;7.71;17.46;34.92;Bueno;105.31;Regular;Bueno;Regular
2026-03-19;11:00;11;14.42;26.88;20.67;Bueno;59.72;Bueno;7;7.21;17.46;34.92;Bueno;105.31;Regular;Bueno;Regular
2026-03-19;12:00;12;13.83;26.88;20.67;Bueno;59.72;Bueno;6;7.00;17.46;34.92;Bueno;105.31;Regular;Bueno;Regular
2026-03-19;13:00;13;13.46;26.88;20.67;Bueno;59.72;Bueno;8;6.88;17.46;34.92;Bueno;105.31;Regular;Bueno;Regular
2026-03-19;14:00;8;12.88;26.88;20.67;Bueno;59.72;Bueno;7;6.88;17.46;34.92;Bueno;105.31;Regular;Bueno;Regular
2026-03-19;15:00;11;12.38;26.88;20.67;Bueno;59.72;Bueno;5;6.62;17.46;34.92;Bueno;105.31;Regular;Bueno;Regular
2026-03-19;16:00;13;12.08;26.88;20.67;Bueno;59.72;Bueno;10;6.71;17.46;34.92;Bueno;105.31;Regular;Bueno;Regular
2026-03-19;17:00;18;11.79;26.88;20.67;Bueno;59.72;Bueno;12;6.79;17.46;34.92;Bueno;105.31;Regular;Bueno;Regular
2026-03-19;18:00;12;10.75;26.88;20.67;Bueno;59.72;Bueno;8;6.21;17.46;34.92;Bueno;105.31;Regular;Bueno;Regular
2026-03-19;19:00;105;14.33;26.88;20.67;Bueno;59.72;Bueno;58;8.38;17.46;34.92;Bueno;105.31;Regular;Bueno;Regular
2026-03-19;20:00;123;18.92;26.88;20.67;Bueno;59.72;Bueno;83;11.54;17.46;34.92;Bueno;105.31;Regular;Bueno;Regular
2026-03-19;21:00;87;21.71;26.88;20.67;Bueno;59.72;Bueno;60;13.54;17.46;34.92;Bueno;105.31;Regular;Bueno;Regular
2026-03-19;22:00;95;24.75;26.88;20.67;Bueno;59.72;Bueno;70;15.88;17.46;34.92;Bueno;105.31;Regular;Bueno;Regular
2026-03-19;23:00;60;26.88;26.88;20.67;Bueno;59.72;Bueno;46;17.46;17.46;34.92;Bueno;105.31;Regular;Bueno;Regular
2026-03-20;00:00;43;28.29;26.25;20.19;Bueno;58.33;Bueno;33;18.62;15.00;30.00;Bueno;100.00;Bueno;Bueno;Bueno
2026-03-20;01:00;31;29.38;26.25;20.19;Bueno;58.33;Bueno;26;19.58;15.00;30.00;Bueno;100.00;Bueno;Bueno;Bueno
2026-03-20;02:00;24;30.29;26.25;20.19;Bueno;58.33;Bueno;18;20.29;15.00;30.00;Bueno;100.00;Bueno;Bueno;Bueno
2026-03-20;03:00;18;31.00;26.25;20.19;Bueno;58.33;Bueno;7;20.54;15.00;30.00;Bueno;100.00;Bueno;Bueno;Bueno
2026-03-20;04:00;17;31.62;26.25;20.19;Bueno;58.33;Bueno;6;20.75;15.00;30.00;Bueno;100.00;Bueno;Bueno;Bueno
2026-03-20;05:00;21;32.21;26.25;20.19;Bueno;58.33;Bueno;13;21.21;15.00;30.00;Bueno;100.00;Bueno;Bueno;Bueno
2026-03-20;06:00;50;34.12;26.25;20.19;Bueno;58.33;Bueno;26;22.21;15.00;30.00;Bueno;100.00;Bueno;Bueno;Bueno
2026-03-20;07:00;42;35.67;26.25;20.19;Bueno;58.33;Bueno;16;22.71;15.00;30.00;Bueno;100.00;Bueno;Bueno;Bueno
2026-03-20;08:00;64;37.88;26.25;20.19;Bueno;58.33;Bueno;37;24.12;15.00;30.00;Bueno;100.00;Bueno;Bueno;Bueno
2026-03-20;09:00;39;38.71;26.25;20.19;Bueno;58.33;Bueno;17;24.46;15.00;30.00;Bueno;100.00;Bueno;Bueno;Bueno
2026-03-20;10:00;28;39.38;26.25;20.19;Bueno;58.33;Bueno;18;24.88;15.00;30.00;Bueno;100.00;Bueno;Bueno;Bueno
2026-03-20;11:00;19;39.71;26.25;20.19;Bueno;58.33;Bueno;9;24.96;15.00;30.00;Bueno;100.00;Bueno;Bueno;Bueno
2026-03-20;12:00;21;40.08;26.25;20.19;Bueno;58.33;Bueno;12;25.21;15.00;30.00;Bueno;100.00;Bueno;Bueno;Bueno
2026-03-20;13:00;13;40.08;26.25;20.19;Bueno;58.33;Bueno;9;25.25;15.00;30.00;Bueno;100.00;Bueno;Bueno;Bueno
2026-03-20;14:00;11;40.21;26.25;20.19;Bueno;58.33;Bueno;5;25.17;15.00;30.00;Bueno;100.00;Bueno;Bueno;Bueno
2026-03-20;15:00;11;40.21;26.25;20.19;Bueno;58.33;Bueno;5;25.17;15.00;30.00;Bueno;100.00;Bueno;Bueno;Bueno
2026-03-20;16:00;7;39.96;26.25;20.19;Bueno;58.33;Bueno;3;24.88;15.00;30.00;Bueno;100.00;Bueno;Bueno;Bueno
2026-03-20;17:00;13;39.75;26.25;20.19;Bueno;58.33;Bueno;2;24.46;15.00;30.00;Bueno;100.00;Bueno;Bueno;Bueno
2026-03-20;18:00;8;39.58;26.25;20.19;Bueno;58.33;Bueno;5;24.33;15.00;30.00;Bueno;100.00;Bueno;Bueno;Bueno
2026-03-20;19:00;16;35.88;26.25;20.19;Bueno;58.33;Bueno;12;22.42;15.00;30.00;Bueno;100.00;Bueno;Bueno;Bueno
2026-03-20;20:00;39;32.38;26.25;20.19;Bueno;58.33;Bueno;21;19.83;15.00;30.00;Bueno;100.00;Bueno;Bueno;Bueno
2026-03-20;21:00;37;30.29;26.25;20.19;Bueno;58.33;Bueno;25;18.38;15.00;30.00;Bueno;100.00;Bueno;Bueno;Bueno
2026-03-20;22:00;33;27.71;26.25;20.19;Bueno;58.33;Bueno;18;16.21;15.00;30.00;Bueno;100.00;Bueno;Bueno;Bueno
2026-03-20;23:00;25;26.25;26.25;20.19;Bueno;58.33;Bueno;17;15.00;15.00;30.00;Bueno;100.00;Bueno;Bueno;Bueno
2026-03-21;00:00;22;25.38;14.54;11.19;Bueno;32.31;Bueno;4;13.79;9.46;18.92;Bueno;63.06;Bueno;Bueno;Bueno
2026-03-21;01:00;14;24.67;14.54;11.19;Bueno;32.31;Bueno;13;13.25;9.46;18.92;Bueno;63.06;Bueno;Bueno;Bueno
2026-03-21;02:00;14;24.25;14.54;11.19;Bueno;32.31;Bueno;13;13.04;9.46;18.92;Bueno;63.06;Bueno;Bueno;Bueno
2026-03-21;03:00;15;24.12;14.54;11.19;Bueno;32.31;Bueno;8;13.08;9.46;18.92;Bueno;63.06;Bueno;Bueno;Bueno
2026-03-21;04:00;9;23.79;14.54;11.19;Bueno;32.31;Bueno;8;13.17;9.46;18.92;Bueno;63.06;Bueno;Bueno;Bueno
2026-03-21;05:00;9;23.29;14.54;11.19;Bueno;32.31;Bueno;7;12.92;9.46;18.92;Bueno;63.06;Bueno;Bueno;Bueno
2026-03-21;06:00;14;21.79;14.54;11.19;Bueno;32.31;Bueno;5;12.04;9.46;18.92;Bueno;63.06;Bueno;Bueno;Bueno
2026-03-21;07:00;8;20.38;14.54;11.19;Bueno;32.31;Bueno;4;11.54;9.46;18.92;Bueno;63.06;Bueno;Bueno;Bueno
2026-03-21;08:00;11;18.17;14.54;11.19;Bueno;32.31;Bueno;4;10.17;9.46;18.92;Bueno;63.06;Bueno;Bueno;Bueno
2026-03-21;09:00;8;16.88;14.54;11.19;Bueno;32.31;Bueno;5;9.67;9.46;18.92;Bueno;63.06;Bueno;Bueno;Bueno
2026-03-21;10:00;23;16.67;14.54;11.19;Bueno;32.31;Bueno;7;9.21;9.46;18.92;Bueno;63.06;Bueno;Bueno;Bueno
2026-03-21;11:00;14;16.46;14.54;11.19;Bueno;32.31;Bueno;7;9.12;9.46;18.92;Bueno;63.06;Bueno;Bueno;Bueno
2026-03-21;12:00;17;16.29;14.54;11.19;Bueno;32.31;Bueno;14;9.21;9.46;18.92;Bueno;63.06;Bueno;Bueno;Bueno
2026-03-21;13:00;15;16.38;14.54;11.19;Bueno;32.31;Bueno;12;9.33;9.46;18.92;Bueno;63.06;Bueno;Bueno;Bueno
2026-03-21;14:00;20;16.75;14.54;11.19;Bueno;32.31;Bueno;11;9.58;9.46;18.92;Bueno;63.06;Bueno;Bueno;Bueno
2026-03-21;15:00;16;16.96;14.54;11.19;Bueno;32.31;Bueno;9;9.75;9.46;18.92;Bueno;63.06;Bueno;Bueno;Bueno
2026-03-21;16:00;20;17.50;14.54;11.19;Bueno;32.31;Bueno;11;10.08;9.46;18.92;Bueno;63.06;Bueno;Bueno;Bueno
2026-03-21;17:00;19;17.75;14.54;11.19;Bueno;32.31;Bueno;15;10.62;9.46;18.92;Bueno;63.06;Bueno;Bueno;Bueno
2026-03-21;18:00;18;18.17;14.54;11.19;Bueno;32.31;Bueno;14;11.00;9.46;18.92;Bueno;63.06;Bueno;Bueno;Bueno
2026-03-21;19:00;10;17.92;14.54;11.19;Bueno;32.31;Bueno;9;10.88;9.46;18.92;Bueno;63.06;Bueno;Bueno;Bueno
2026-03-21;20:00;7;16.58;14.54;11.19;Bueno;32.31;Bueno;6;10.25;9.46;18.92;Bueno;63.06;Bueno;Bueno;Bueno
2026-03-21;21:00;17;15.75;14.54;11.19;Bueno;32.31;Bueno;16;9.88;9.46;18.92;Bueno;63.06;Bueno;Bueno;Bueno
2026-03-21;22:00;17;15.08;14.54;11.19;Bueno;32.31;Bueno;16;9.79;9.46;18.92;Bueno;63.06;Bueno;Bueno;Bueno
2026-03-21;23:00;12;14.54;14.54;11.19;Bueno;32.31;Bueno;9;9.46;9.46;18.92;Bueno;63.06;Bueno;Bueno;Bueno
2026-03-22;00:00;8;13.96;19.79;15.22;Bueno;43.98;Bueno;8;9.62;14.00;28.00;Bueno;93.33;Bueno;Bueno;Bueno
2026-03-22;01:00;11;13.83;19.79;15.22;Bueno;43.98;Bueno;10;9.50;14.00;28.00;Bueno;93.33;Bueno;Bueno;Bueno
2026-03-22;02:00;12;13.75;19.79;15.22;Bueno;43.98;Bueno;8;9.29;14.00;28.00;Bueno;93.33;Bueno;Bueno;Bueno
2026-03-22;03:00;11;13.58;19.79;15.22;Bueno;43.98;Bueno;6;9.21;14.00;28.00;Bueno;93.33;Bueno;Bueno;Bueno
2026-03-22;04:00;5;13.42;19.79;15.22;Bueno;43.98;Bueno;4;9.04;14.00;28.00;Bueno;93.33;Bueno;Bueno;Bueno
2026-03-22;05:00;5;13.25;19.79;15.22;Bueno;43.98;Bueno;4;8.92;14.00;28.00;Bueno;93.33;Bueno;Bueno;Bueno
2026-03-22;06:00;7;12.96;19.79;15.22;Bueno;43.98;Bueno;6;8.96;14.00;28.00;Bueno;93.33;Bueno;Bueno;Bueno
2026-03-22;07:00;7;12.92;19.79;15.22;Bueno;43.98;Bueno;6;9.04;14.00;28.00;Bueno;93.33;Bueno;Bueno;Bueno
2026-03-22;08:00;21;13.33;19.79;15.22;Bueno;43.98;Bueno;10;9.29;14.00;28.00;Bueno;93.33;Bueno;Bueno;Bueno
2026-03-22;09:00;10;13.42;19.79;15.22;Bueno;43.98;Bueno;9;9.46;14.00;28.00;Bueno;93.33;Bueno;Bueno;Bueno
2026-03-22;10:00;11;12.92;19.79;15.22;Bueno;43.98;Bueno;10;9.58;14.00;28.00;Bueno;93.33;Bueno;Bueno;Bueno
2026-03-22;11:00;14;12.92;19.79;15.22;Bueno;43.98;Bueno;5;9.50;14.00;28.00;Bueno;93.33;Bueno;Bueno;Bueno
2026-03-22;12:00;11;12.67;19.79;15.22;Bueno;43.98;Bueno;10;9.33;14.00;28.00;Bueno;93.33;Bueno;Bueno;Bueno
2026-03-22;13:00;11;12.50;19.79;15.22;Bueno;43.98;Bueno;8;9.17;14.00;28.00;Bueno;93.33;Bueno;Bueno;Bueno
2026-03-22;14:00;10;12.08;19.79;15.22;Bueno;43.98;Bueno;6;8.96;14.00;28.00;Bueno;93.33;Bueno;Bueno;Bueno
2026-03-22;15:00;11;11.88;19.79;15.22;Bueno;43.98;Bueno;6;8.83;14.00;28.00;Bueno;93.33;Bueno;Bueno;Bueno
2026-03-22;16:00;14;11.62;19.79;15.22;Bueno;43.98;Bueno;6;8.62;14.00;28.00;Bueno;93.33;Bueno;Bueno;Bueno
2026-03-22;17:00;16;11.50;19.79;15.22;Bueno;43.98;Bueno;9;8.38;14.00;28.00;Bueno;93.33;Bueno;Bueno;Bueno
2026-03-22;18:00;8;11.08;19.79;15.22;Bueno;43.98;Bueno;8;8.12;14.00;28.00;Bueno;93.33;Bueno;Bueno;Bueno
2026-03-22;19:00;40;12.33;19.79;15.22;Bueno;43.98;Bueno;23;8.71;14.00;28.00;Bueno;93.33;Bueno;Bueno;Bueno
2026-03-22;20:00;93;15.92;19.79;15.22;Bueno;43.98;Bueno;60;10.96;14.00;28.00;Bueno;93.33;Bueno;Bueno;Bueno
2026-03-22;21:00;53;17.42;19.79;15.22;Bueno;43.98;Bueno;46;12.21;14.00;28.00;Bueno;93.33;Bueno;Bueno;Bueno
2026-03-22;22:00;60;19.21;19.79;15.22;Bueno;43.98;Bueno;43;13.33;14.00;28.00;Bueno;93.33;Bueno;Bueno;Bueno
2026-03-22;23:00;26;19.79;19.79;15.22;Bueno;43.98;Bueno;25;14.00;14.00;28.00;Bueno;93.33;Bueno;Bueno;Bueno
2026-03-23;00:00;30;20.71;21.46;16.51;Bueno;47.69;Bueno;30;14.92;11.42;22.83;Bueno;76.11;Bueno;Bueno;Bueno
2026-03-23;01:00;22;21.17;21.46;16.51;Bueno;47.69;Bueno;13;15.04;11.42;22.83;Bueno;76.11;Bueno;Bueno;Bueno
2026-03-23;02:00;15;21.29;21.46;16.51;Bueno;47.69;Bueno;13;15.25;11.42;22.83;Bueno;76.11;Bueno;Bueno;Bueno
2026-03-23;03:00;13;21.38;21.46;16.51;Bueno;47.69;Bueno;11;15.46;11.42;22.83;Bueno;76.11;Bueno;Bueno;Bueno
2026-03-23;04:00;12;21.67;21.46;16.51;Bueno;47.69;Bueno;10;15.71;11.42;22.83;Bueno;76.11;Bueno;Bueno;Bueno
2026-03-23;05:00;11;21.92;21.46;16.51;Bueno;47.69;Bueno;7;15.83;11.42;22.83;Bueno;76.11;Bueno;Bueno;Bueno
2026-03-23;06:00;19;22.42;21.46;16.51;Bueno;47.69;Bueno;17;16.29;11.42;22.83;Bueno;76.11;Bueno;Bueno;Bueno
2026-03-23;07:00;45;24.00;21.46;16.51;Bueno;47.69;Bueno;19;16.83;11.42;22.83;Bueno;76.11;Bueno;Bueno;Bueno
2026-03-23;08:00;17;23.83;21.46;16.51;Bueno;47.69;Bueno;14;17.00;11.42;22.83;Bueno;76.11;Bueno;Bueno;Bueno
2026-03-23;09:00;18;24.17;21.46;16.51;Bueno;47.69;Bueno;10;17.04;11.42;22.83;Bueno;76.11;Bueno;Bueno;Bueno
2026-03-23;10:00;24;24.71;21.46;16.51;Bueno;47.69;Bueno;8;16.96;11.42;22.83;Bueno;76.11;Bueno;Bueno;Bueno
2026-03-23;11:00;55;26.42;21.46;16.51;Bueno;47.69;Bueno;8;17.08;11.42;22.83;Bueno;76.11;Bueno;Bueno;Bueno
2026-03-23;12:00;13;26.50;21.46;16.51;Bueno;47.69;Bueno;8;17.00;11.42;22.83;Bueno;76.11;Bueno;Bueno;Bueno
2026-03-23;13:00;16;26.71;21.46;16.51;Bueno;47.69;Bueno;7;16.96;11.42;22.83;Bueno;76.11;Bueno;Bueno;Bueno
2026-03-23;14:00;22;27.21;21.46;16.51;Bueno;47.69;Bueno;7;17.00;11.42;22.83;Bueno;76.11;Bueno;Bueno;Bueno
2026-03-23;15:00;24;27.75;21.46;16.51;Bueno;47.69;Bueno;10;17.17;11.42;22.83;Bueno;76.11;Bueno;Bueno;Bueno
2026-03-23;16:00;23;28.12;21.46;16.51;Bueno;47.69;Bueno;15;17.54;11.42;22.83;Bueno;76.11;Bueno;Bueno;Bueno
2026-03-23;17:00;37;29.00;21.46;16.51;Bueno;47.69;Bueno;10;17.58;11.42;22.83;Bueno;76.11;Bueno;Bueno;Bueno
2026-03-23;18:00;30;29.92;21.46;16.51;Bueno;47.69;Bueno;11;17.71;11.42;22.83;Bueno;76.11;Bueno;Bueno;Bueno
2026-03-23;19:00;23;29.21;21.46;16.51;Bueno;47.69;Bueno;12;17.25;11.42;22.83;Bueno;76.11;Bueno;Bueno;Bueno
2026-03-23;20:00;11;25.79;21.46;16.51;Bueno;47.69;Bueno;9;15.12;11.42;22.83;Bueno;76.11;Bueno;Bueno;Bueno
2026-03-23;21:00;9;23.96;21.46;16.51;Bueno;47.69;Bueno;8;13.54;11.42;22.83;Bueno;76.11;Bueno;Bueno;Bueno
2026-03-23;22:00;16;22.12;21.46;16.51;Bueno;47.69;Bueno;8;12.08;11.42;22.83;Bueno;76.11;Bueno;Bueno;Bueno
2026-03-23;23:00;10;21.46;21.46;16.51;Bueno;47.69;Bueno;9;11.42;11.42;22.83;Bueno;76.11;Bueno;Bueno;Bueno
2026-03-24;00:00;6;20.46;26.54;20.42;Bueno;58.98;Bueno;6;10.42;16.04;32.08;Bueno;102.25;Regular;Bueno;Regular
2026-03-24;01:00;6;19.79;26.54;20.42;Bueno;58.98;Bueno;4;10.04;16.04;32.08;Bueno;102.25;Regular;Bueno;Regular
2026-03-24;02:00;4;19.33;26.54;20.42;Bueno;58.98;Bueno;1;9.54;16.04;32.08;Bueno;102.25;Regular;Bueno;Regular
2026-03-24;03:00;6;19.04;26.54;20.42;Bueno;58.98;Bueno;3;9.21;16.04;32.08;Bueno;102.25;Regular;Bueno;Regular
2026-03-24;04:00;6;18.79;26.54;20.42;Bueno;58.98;Bueno;2;8.88;16.04;32.08;Bueno;102.25;Regular;Bueno;Regular
2026-03-24;05:00;5;18.54;26.54;20.42;Bueno;58.98;Bueno;3;8.71;16.04;32.08;Bueno;102.25;Regular;Bueno;Regular
2026-03-24;06:00;7;18.04;26.54;20.42;Bueno;58.98;Bueno;6;8.25;16.04;32.08;Bueno;102.25;Regular;Bueno;Regular
2026-03-24;07:00;16;16.83;26.54;20.42;Bueno;58.98;Bueno;14;8.04;16.04;32.08;Bueno;102.25;Regular;Bueno;Regular
2026-03-24;08:00;19;16.92;26.54;20.42;Bueno;58.98;Bueno;10;7.88;16.04;32.08;Bueno;102.25;Regular;Bueno;Regular
2026-03-24;09:00;18;16.92;26.54;20.42;Bueno;58.98;Bueno;12;7.96;16.04;32.08;Bueno;102.25;Regular;Bueno;Regular
2026-03-24;10:00;15;16.54;26.54;20.42;Bueno;58.98;Bueno;10;8.04;16.04;32.08;Bueno;102.25;Regular;Bueno;Regular
2026-03-24;11:00;33;15.62;26.54;20.42;Bueno;58.98;Bueno;16;8.38;16.04;32.08;Bueno;102.25;Regular;Bueno;Regular
2026-03-24;12:00;29;16.29;26.54;20.42;Bueno;58.98;Bueno;11;8.50;16.04;32.08;Bueno;102.25;Regular;Bueno;Regular
2026-03-24;13:00;27;16.75;26.54;20.42;Bueno;58.98;Bueno;10;8.62;16.04;32.08;Bueno;102.25;Regular;Bueno;Regular
2026-03-24;14:00;22;16.75;26.54;20.42;Bueno;58.98;Bueno;11;8.79;16.04;32.08;Bueno;102.25;Regular;Bueno;Regular
2026-03-24;15:00;13;16.29;26.54;20.42;Bueno;58.98;Bueno;7;8.67;16.04;32.08;Bueno;102.25;Regular;Bueno;Regular
2026-03-24;16:00;16;16.00;26.54;20.42;Bueno;58.98;Bueno;7;8.33;16.04;32.08;Bueno;102.25;Regular;Bueno;Regular
2026-03-24;17:00;16;15.12;26.54;20.42;Bueno;58.98;Bueno;8;8.25;16.04;32.08;Bueno;102.25;Regular;Bueno;Regular
2026-03-24;18:00;21;14.75;26.54;20.42;Bueno;58.98;Bueno;9;8.17;16.04;32.08;Bueno;102.25;Regular;Bueno;Regular
2026-03-24;19:00;31;15.08;26.54;20.42;Bueno;58.98;Bueno;17;8.38;16.04;32.08;Bueno;102.25;Regular;Bueno;Regular
2026-03-24;20:00;60;17.12;26.54;20.42;Bueno;58.98;Bueno;40;9.67;16.04;32.08;Bueno;102.25;Regular;Bueno;Regular
2026-03-24;21:00;90;20.50;26.54;20.42;Bueno;58.98;Bueno;58;11.75;16.04;32.08;Bueno;102.25;Regular;Bueno;Regular
2026-03-24;22:00;95;23.79;26.54;20.42;Bueno;58.98;Bueno;67;14.21;16.04;32.08;Bueno;102.25;Regular;Bueno;Regular
2026-03-24;23:00;76;26.54;26.54;20.42;Bueno;58.98;Bueno;53;16.04;16.04;32.08;Bueno;102.25;Regular;Bueno;Regular
2026-03-25;00:00;38;27.88;41.21;31.70;Bueno;91.57;Bueno;20;16.62;27.12;54.25;Bueno;126.29;Regular;Bueno;Regular
2026-03-25;01:00;34;29.04;41.21;31.70;Bueno;91.57;Bueno;18;17.21;27.12;54.25;Bueno;126.29;Regular;Bueno;Regular
2026-03-25;02:00;36;30.38;41.21;31.70;Bueno;91.57;Bueno;27;18.29;27.12;54.25;Bueno;126.29;Regular;Bueno;Regular
2026-03-25;03:00;21;31.00;41.21;31.70;Bueno;91.57;Bueno;12;18.67;27.12;54.25;Bueno;126.29;Regular;Bueno;Regular
2026-03-25;04:00;15;31.38;41.21;31.70;Bueno;91.57;Bueno;8;18.92;27.12;54.25;Bueno;126.29;Regular;Bueno;Regular
2026-03-25;05:00;34;32.58;41.21;31.70;Bueno;91.57;Bueno;21;19.67;27.12;54.25;Bueno;126.29;Regular;Bueno;Regular
2026-03-25;06:00;72;35.29;41.21;31.70;Bueno;91.57;Bueno;49;21.46;27.12;54.25;Bueno;126.29;Regular;Bueno;Regular
2026-03-25;07:00;89;38.33;41.21;31.70;Bueno;91.57;Bueno;55;23.17;27.12;54.25;Bueno;126.29;Regular;Bueno;Regular
2026-03-25;08:00;71;40.50;41.21;31.70;Bueno;91.57;Bueno;48;24.75;27.12;54.25;Bueno;126.29;Regular;Bueno;Regular
2026-03-25;09:00;33;41.12;41.21;31.70;Bueno;91.57;Bueno;17;24.96;27.12;54.25;Bueno;126.29;Regular;Bueno;Regular
2026-03-25;10:00;30;41.75;41.21;31.70;Bueno;91.57;Bueno;20;25.38;27.12;54.25;Bueno;126.29;Regular;Bueno;Regular
2026-03-25;11:00;14;40.96;41.21;31.70;Bueno;91.57;Bueno;11;25.17;27.12;54.25;Bueno;126.29;Regular;Bueno;Regular
2026-03-25;12:00;13;40.29;41.21;31.70;Bueno;91.57;Bueno;7;25.00;27.12;54.25;Bueno;126.29;Regular;Bueno;Regular
2026-03-25;13:00;10;39.58;41.21;31.70;Bueno;91.57;Bueno;8;24.92;27.12;54.25;Bueno;126.29;Regular;Bueno;Regular
2026-03-25;14:00;18;39.42;41.21;31.70;Bueno;91.57;Bueno;6;24.71;27.12;54.25;Bueno;126.29;Regular;Bueno;Regular
2026-03-25;15:00;16;39.54;41.21;31.70;Bueno;91.57;Bueno;7;24.71;27.12;54.25;Bueno;126.29;Regular;Bueno;Regular
2026-03-25;16:00;12;39.38;41.21;31.70;Bueno;91.57;Bueno;7;24.71;27.12;54.25;Bueno;126.29;Regular;Bueno;Regular
2026-03-25;17:00;18;39.46;41.21;31.70;Bueno;91.57;Bueno;10;24.79;27.12;54.25;Bueno;126.29;Regular;Bueno;Regular
2026-03-25;18:00;22;39.50;41.21;31.70;Bueno;91.57;Bueno;8;24.75;27.12;54.25;Bueno;126.29;Regular;Bueno;Regular
2026-03-25;19:00;53;40.42;41.21;31.70;Bueno;91.57;Bueno;35;25.50;27.12;54.25;Bueno;126.29;Regular;Bueno;Regular
2026-03-25;20:00;63;40.54;41.21;31.70;Bueno;91.57;Bueno;46;25.75;27.12;54.25;Bueno;126.29;Regular;Bueno;Regular
2026-03-25;21:00;74;39.88;41.21;31.70;Bueno;91.57;Bueno;48;25.33;27.12;54.25;Bueno;126.29;Regular;Bueno;Regular
2026-03-25;22:00;84;39.42;41.21;31.70;Bueno;91.57;Bueno;68;25.38;27.12;54.25;Bueno;126.29;Regular;Bueno;Regular
2026-03-25;23:00;119;41.21;41.21;31.70;Bueno;91.57;Bueno;95;27.12;27.12;54.25;Bueno;126.29;Regular;Bueno;Regular
2026-03-26;00:00;62;42.21;39.38;30.29;Bueno;87.50;Bueno;46;28.21;24.33;48.67;Bueno;120.22;Regular;Bueno;Regular
2026-03-26;01:00;43;42.58;39.38;30.29;Bueno;87.50;Bueno;32;28.79;24.33;48.67;Bueno;120.22;Regular;Bueno;Regular
2026-03-26;02:00;38;42.67;39.38;30.29;Bueno;87.50;Bueno;27;28.79;24.33;48.67;Bueno;120.22;Regular;Bueno;Regular
2026-03-26;03:00;26;42.88;39.38;30.29;Bueno;87.50;Bueno;19;29.08;24.33;48.67;Bueno;120.22;Regular;Bueno;Regular
2026-03-26;04:00;31;43.54;39.38;30.29;Bueno;87.50;Bueno;19;29.54;24.33;48.67;Bueno;120.22;Regular;Bueno;Regular
2026-03-26;05:00;60;44.62;39.38;30.29;Bueno;87.50;Bueno;27;29.79;24.33;48.67;Bueno;120.22;Regular;Bueno;Regular
2026-03-26;06:00;73;44.67;39.38;30.29;Bueno;87.50;Bueno;43;29.54;24.33;48.67;Bueno;120.22;Regular;Bueno;Regular
2026-03-26;07:00;182;48.54;39.38;30.29;Bueno;87.50;Bueno;110;31.83;24.33;48.67;Bueno;120.22;Regular;Bueno;Regular
2026-03-26;08:00;73;48.62;39.38;30.29;Bueno;87.50;Bueno;39;31.46;24.33;48.67;Bueno;120.22;Regular;Bueno;Regular
2026-03-26;09:00;37;48.79;39.38;30.29;Bueno;87.50;Bueno;23;31.71;24.33;48.67;Bueno;120.22;Regular;Bueno;Regular
2026-03-26;10:00;14;48.12;39.38;30.29;Bueno;87.50;Bueno;15;31.50;24.33;48.67;Bueno;120.22;Regular;Bueno;Regular
2026-03-26;11:00;19;48.33;39.38;30.29;Bueno;87.50;Bueno;6;31.29;24.33;48.67;Bueno;120.22;Regular;Bueno;Regular
2026-03-26;12:00;13;48.33;39.38;30.29;Bueno;87.50;Bueno;7;31.29;24.33;48.67;Bueno;120.22;Regular;Bueno;Regular
2026-03-26;13:00;14;48.50;39.38;30.29;Bueno;87.50;Bueno;8;31.29;24.33;48.67;Bueno;120.22;Regular;Bueno;Regular
2026-03-26;14:00;18;48.50;39.38;30.29;Bueno;87.50;Bueno;8;31.38;24.33;48.67;Bueno;120.22;Regular;Bueno;Regular
2026-03-26;15:00;18;48.58;39.38;30.29;Bueno;87.50;Bueno;7;31.38;24.33;48.67;Bueno;120.22;Regular;Bueno;Regular
2026-03-26;16:00;21;48.96;39.38;30.29;Bueno;87.50;Bueno;12;31.58;24.33;48.67;Bueno;120.22;Regular;Bueno;Regular
2026-03-26;17:00;23;49.17;39.38;30.29;Bueno;87.50;Bueno;16;31.83;24.33;48.67;Bueno;120.22;Regular;Bueno;Regular
2026-03-26;18:00;30;49.50;39.38;30.29;Bueno;87.50;Bueno;24;32.50;24.33;48.67;Bueno;120.22;Regular;Bueno;Regular
2026-03-26;19:00;30;48.54;39.38;30.29;Bueno;87.50;Bueno;14;31.62;24.33;48.67;Bueno;120.22;Regular;Bueno;Regular
2026-03-26;20:00;30;47.17;39.38;30.29;Bueno;87.50;Bueno;16;30.38;24.33;48.67;Bueno;120.22;Regular;Bueno;Regular
2026-03-26;21:00;36;45.58;39.38;30.29;Bueno;87.50;Bueno;25;29.42;24.33;48.67;Bueno;120.22;Regular;Bueno;Regular
2026-03-26;22:00;31;43.38;39.38;30.29;Bueno;87.50;Bueno;20;27.42;24.33;48.67;Bueno;120.22;Regular;Bueno;Regular
2026-03-26;23:00;23;39.38;39.38;30.29;Bueno;87.50;Bueno;21;24.33;24.33;48.67;Bueno;120.22;Regular;Bueno;Regular
2026-03-27;00:00;25;37.83;49.00;37.69;Bueno;106.55;Regular;22;23.33;33.08;66.17;Bueno;139.28;Regular;Bueno;Regular
2026-03-27;01:00;24;37.04;49.00;37.69;Bueno;106.55;Regular;14;22.58;33.08;66.17;Bueno;139.28;Regular;Bueno;Regular
2026-03-27;02:00;19;36.25;49.00;37.69;Bueno;106.55;Regular;18;22.21;33.08;66.17;Bueno;139.28;Regular;Bueno;Regular
2026-03-27;03:00;19;35.96;49.00;37.69;Bueno;106.55;Regular;11;21.88;33.08;66.17;Bueno;139.28;Regular;Bueno;Regular
2026-03-27;04:00;21;35.54;49.00;37.69;Bueno;106.55;Regular;9;21.46;33.08;66.17;Bueno;139.28;Regular;Bueno;Regular
2026-03-27;05:00;18;33.79;49.00;37.69;Bueno;106.55;Regular;10;20.75;33.08;66.17;Bueno;139.28;Regular;Bueno;Regular
2026-03-27;06:00;40;32.42;49.00;37.69;Bueno;106.55;Regular;23;19.92;33.08;66.17;Bueno;139.28;Regular;Bueno;Regular
2026-03-27;07:00;65;27.54;49.00;37.69;Bueno;106.55;Regular;37;16.88;33.08;66.17;Bueno;139.28;Regular;Bueno;Regular
2026-03-27;08:00;81;27.88;49.00;37.69;Bueno;106.55;Regular;45;17.12;33.08;66.17;Bueno;139.28;Regular;Bueno;Regular
2026-03-27;09:00;41;28.04;49.00;37.69;Bueno;106.55;Regular;20;17.00;33.08;66.17;Bueno;139.28;Regular;Bueno;Regular
2026-03-27;10:00;23;28.42;49.00;37.69;Bueno;106.55;Regular;22;17.29;33.08;66.17;Bueno;139.28;Regular;Bueno;Regular
2026-03-27;11:00;22;28.54;49.00;37.69;Bueno;106.55;Regular;15;17.67;33.08;66.17;Bueno;139.28;Regular;Bueno;Regular
2026-03-27;12:00;35;29.46;49.00;37.69;Bueno;106.55;Regular;14;17.96;33.08;66.17;Bueno;139.28;Regular;Bueno;Regular
2026-03-27;13:00;23;29.83;49.00;37.69;Bueno;106.55;Regular;12;18.12;33.08;66.17;Bueno;139.28;Regular;Bueno;Regular
2026-03-27;14:00;28;30.25;49.00;37.69;Bueno;106.55;Regular;13;18.33;33.08;66.17;Bueno;139.28;Regular;Bueno;Regular
2026-03-27;15:00;25;30.54;49.00;37.69;Bueno;106.55;Regular;15;18.67;33.08;66.17;Bueno;139.28;Regular;Bueno;Regular
2026-03-27;16:00;30;30.92;49.00;37.69;Bueno;106.55;Regular;15;18.79;33.08;66.17;Bueno;139.28;Regular;Bueno;Regular
2026-03-27;17:00;38;31.54;49.00;37.69;Bueno;106.55;Regular;26;19.21;33.08;66.17;Bueno;139.28;Regular;Bueno;Regular
2026-03-27;18:00;32;31.62;49.00;37.69;Bueno;106.55;Regular;30;19.46;33.08;66.17;Bueno;139.28;Regular;Bueno;Regular
2026-03-27;19:00;56;32.71;49.00;37.69;Bueno;106.55;Regular;46;20.79;33.08;66.17;Bueno;139.28;Regular;Bueno;Regular
2026-03-27;20:00;139;37.25;49.00;37.69;Bueno;106.55;Regular;102;24.38;33.08;66.17;Bueno;139.28;Regular;Bueno;Regular
2026-03-27;21:00;132;41.25;49.00;37.69;Bueno;106.55;Regular;93;27.21;33.08;66.17;Bueno;139.28;Regular;Bueno;Regular
2026-03-27;22:00;123;45.08;49.00;37.69;Bueno;106.55;Regular;98;30.46;33.08;66.17;Bueno;139.28;Regular;Bueno;Regular
2026-03-27;23:00;117;49.00;49.00;37.69;Bueno;106.55;Regular;84;33.08;33.08;66.17;Bueno;139.28;Regular;Bueno;Regular
2026-03-28;00:00;53;50.17;42.46;32.66;Bueno;94.35;Bueno;40;33.83;31.88;63.75;Bueno;136.64;Regular;Bueno;Regular
2026-03-28;01:00;31;50.46;42.46;32.66;Bueno;94.35;Bueno;21;34.12;31.88;63.75;Bueno;136.64;Regular;Bueno;Regular
2026-03-28;02:00;30;50.92;42.46;32.66;Bueno;94.35;Bueno;24;34.38;31.88;63.75;Bueno;136.64;Regular;Bueno;Regular
2026-03-28;03:00;36;51.62;42.46;32.66;Bueno;94.35;Bueno;31;35.21;31.88;63.75;Bueno;136.64;Regular;Bueno;Regular
2026-03-28;04:00;36;52.25;42.46;32.66;Bueno;94.35;Bueno;40;36.50;31.88;63.75;Bueno;136.64;Regular;Bueno;Regular
2026-03-28;05:00;52;53.67;42.46;32.66;Bueno;94.35;Bueno;48;38.08;31.88;63.75;Bueno;136.64;Regular;Bueno;Regular
2026-03-28;06:00;47;53.96;42.46;32.66;Bueno;94.35;Bueno;50;39.21;31.88;63.75;Bueno;136.64;Regular;Bueno;Regular
2026-03-28;07:00;69;54.12;42.46;32.66;Bueno;94.35;Bueno;60;40.17;31.88;63.75;Bueno;136.64;Regular;Bueno;Regular
2026-03-28;08:00;77;53.96;42.46;32.66;Bueno;94.35;Bueno;65;41.00;31.88;63.75;Bueno;136.64;Regular;Bueno;Regular
2026-03-28;09:00;89;55.96;42.46;32.66;Bueno;94.35;Bueno;84;43.67;31.88;63.75;Bueno;136.64;Regular;Bueno;Regular
2026-03-28;10:00;75;58.12;42.46;32.66;Bueno;94.35;Bueno;58;45.17;31.88;63.75;Bueno;136.64;Regular;Bueno;Regular
2026-03-28;11:00;64;59.88;42.46;32.66;Bueno;94.35;Bueno;41;46.25;31.88;63.75;Bueno;136.64;Regular;Bueno;Regular
2026-03-28;12:00;21;59.29;42.46;32.66;Bueno;94.35;Bueno;14;46.25;31.88;63.75;Bueno;136.64;Regular;Bueno;Regular
2026-03-28;13:00;26;59.42;42.46;32.66;Bueno;94.35;Bueno;12;46.25;31.88;63.75;Bueno;136.64;Regular;Bueno;Regular
2026-03-28;14:00;24;59.25;42.46;32.66;Bueno;94.35;Bueno;9;46.08;31.88;63.75;Bueno;136.64;Regular;Bueno;Regular
2026-03-28;15:00;24;59.21;42.46;32.66;Bueno;94.35;Bueno;10;45.88;31.88;63.75;Bueno;136.64;Regular;Bueno;Regular
2026-03-28;16:00;20;58.79;42.46;32.66;Bueno;94.35;Bueno;10;45.67;31.88;63.75;Bueno;136.64;Regular;Bueno;Regular
2026-03-28;17:00;16;57.88;42.46;32.66;Bueno;94.35;Bueno;8;44.92;31.88;63.75;Bueno;136.64;Regular;Bueno;Regular
2026-03-28;18:00;20;57.38;42.46;32.66;Bueno;94.35;Bueno;10;44.08;31.88;63.75;Bueno;136.64;Regular;Bueno;Regular
2026-03-28;19:00;32;56.38;42.46;32.66;Bueno;94.35;Bueno;21;43.04;31.88;63.75;Bueno;136.64;Regular;Bueno;Regular
2026-03-28;20:00;54;52.83;42.46;32.66;Bueno;94.35;Bueno;21;39.67;31.88;63.75;Bueno;136.64;Regular;Bueno;Regular
2026-03-28;21:00;53;49.54;42.46;32.66;Bueno;94.35;Bueno;30;37.04;31.88;63.75;Bueno;136.64;Regular;Bueno;Regular
2026-03-28;22:00;35;45.88;42.46;32.66;Bueno;94.35;Bueno;26;34.04;31.88;63.75;Bueno;136.64;Regular;Bueno;Regular
2026-03-28;23:00;35;42.46;42.46;32.66;Bueno;94.35;Bueno;32;31.88;31.88;63.75;Bueno;136.64;Regular;Bueno;Regular
2026-03-29;00:00;27;41.38;29.50;22.69;Bueno;65.56;Bueno;21;31.08;18.12;36.25;Bueno;106.76;Regular;Bueno;Regular
2026-03-29;01:00;43;41.88;29.50;22.69;Bueno;65.56;Bueno;27;31.33;18.12;36.25;Bueno;106.76;Regular;Bueno;Regular
2026-03-29;02:00;40;42.29;29.50;22.69;Bueno;65.56;Bueno;29;31.54;18.12;36.25;Bueno;106.76;Regular;Bueno;Regular
2026-03-29;03:00;31;42.08;29.50;22.69;Bueno;65.56;Bueno;19;31.04;18.12;36.25;Bueno;106.76;Regular;Bueno;Regular
2026-03-29;04:00;22;41.50;29.50;22.69;Bueno;65.56;Bueno;21;30.25;18.12;36.25;Bueno;106.76;Regular;Bueno;Regular
2026-03-29;05:00;28;40.50;29.50;22.69;Bueno;65.56;Bueno;18;29.00;18.12;36.25;Bueno;106.76;Regular;Bueno;Regular
2026-03-29;06:00;26;39.62;29.50;22.69;Bueno;65.56;Bueno;21;27.79;18.12;36.25;Bueno;106.76;Regular;Bueno;Regular
2026-03-29;07:00;19;37.54;29.50;22.69;Bueno;65.56;Bueno;18;26.04;18.12;36.25;Bueno;106.76;Regular;Bueno;Regular
2026-03-29;08:00;30;35.58;29.50;22.69;Bueno;65.56;Bueno;27;24.46;18.12;36.25;Bueno;106.76;Regular;Bueno;Regular
2026-03-29;09:00;28;33.04;29.50;22.69;Bueno;65.56;Bueno;22;21.88;18.12;36.25;Bueno;106.76;Regular;Bueno;Regular
2026-03-29;10:00;41;31.62;29.50;22.69;Bueno;65.56;Bueno;22;20.38;18.12;36.25;Bueno;106.76;Regular;Bueno;Regular
2026-03-29;11:00;29;30.17;29.50;22.69;Bueno;65.56;Bueno;14;19.25;18.12;36.25;Bueno;106.76;Regular;Bueno;Regular
2026-03-29;12:00;25;30.33;29.50;22.69;Bueno;65.56;Bueno;9;19.04;18.12;36.25;Bueno;106.76;Regular;Bueno;Regular
2026-03-29;13:00;14;29.83;29.50;22.69;Bueno;65.56;Bueno;6;18.79;18.12;36.25;Bueno;106.76;Regular;Bueno;Regular
2026-03-29;14:00;9;29.21;29.50;22.69;Bueno;65.56;Bueno;2;18.50;18.12;36.25;Bueno;106.76;Regular;Bueno;Regular
2026-03-29;15:00;12;28.71;29.50;22.69;Bueno;65.56;Bueno;1;18.12;18.12;36.25;Bueno;106.76;Regular;Bueno;Regular
2026-03-29;16:00;12;28.38;29.50;22.69;Bueno;65.56;Bueno;6;17.96;18.12;36.25;Bueno;106.76;Regular;Bueno;Regular
2026-03-29;17:00;20;28.54;29.50;22.69;Bueno;65.56;Bueno;8;17.96;18.12;36.25;Bueno;106.76;Regular;Bueno;Regular
2026-03-29;18:00;29;28.92;29.50;22.69;Bueno;65.56;Bueno;9;17.92;18.12;36.25;Bueno;106.76;Regular;Bueno;Regular
2026-03-29;19:00;59;30.04;29.50;22.69;Bueno;65.56;Bueno;41;18.75;18.12;36.25;Bueno;106.76;Regular;Bueno;Regular
2026-03-29;20:00;50;29.88;29.50;22.69;Bueno;65.56;Bueno;27;19.00;18.12;36.25;Bueno;106.76;Regular;Bueno;Regular
2026-03-29;21:00;41;29.38;29.50;22.69;Bueno;65.56;Bueno;23;18.71;18.12;36.25;Bueno;106.76;Regular;Bueno;Regular
2026-03-29;22:00;35;29.38;29.50;22.69;Bueno;65.56;Bueno;23;18.58;18.12;36.25;Bueno;106.76;Regular;Bueno;Regular
2026-03-29;23:00;38;29.50;29.50;22.69;Bueno;65.56;Bueno;21;18.12;18.12;36.25;Bueno;106.76;Regular;Bueno;Regular
2026-03-30;00:00;45;30.25;30.71;23.62;Bueno;68.24;Bueno;32;18.58;18.25;36.50;Bueno;107.03;Regular;Bueno;Regular
2026-03-30;01:00;32;29.79;30.71;23.62;Bueno;68.24;Bueno;17;18.17;18.25;36.50;Bueno;107.03;Regular;Bueno;Regular
2026-03-30;02:00;29;29.33;30.71;23.62;Bueno;68.24;Bueno;17;17.67;18.25;36.50;Bueno;107.03;Regular;Bueno;Regular
2026-03-30;03:00;31;29.33;30.71;23.62;Bueno;68.24;Bueno;24;17.88;18.25;36.50;Bueno;107.03;Regular;Bueno;Regular
2026-03-30;04:00;23;29.38;30.71;23.62;Bueno;68.24;Bueno;17;17.71;18.25;36.50;Bueno;107.03;Regular;Bueno;Regular
2026-03-30;05:00;23;29.17;30.71;23.62;Bueno;68.24;Bueno;21;17.83;18.25;36.50;Bueno;107.03;Regular;Bueno;Regular
2026-03-30;06:00;14;28.67;30.71;23.62;Bueno;68.24;Bueno;9;17.33;18.25;36.50;Bueno;107.03;Regular;Bueno;Regular
2026-03-30;07:00;34;29.29;30.71;23.62;Bueno;68.24;Bueno;25;17.62;18.25;36.50;Bueno;107.03;Regular;Bueno;Regular
2026-03-30;08:00;28;29.21;30.71;23.62;Bueno;68.24;Bueno;27;17.62;18.25;36.50;Bueno;107.03;Regular;Bueno;Regular
2026-03-30;09:00;37;29.58;30.71;23.62;Bueno;68.24;Bueno;28;17.88;18.25;36.50;Bueno;107.03;Regular;Bueno;Regular
2026-03-30;10:00;43;29.67;30.71;23.62;Bueno;68.24;Bueno;32;18.29;18.25;36.50;Bueno;107.03;Regular;Bueno;Regular
2026-03-30;11:00;44;30.29;30.71;23.62;Bueno;68.24;Bueno;25;18.75;18.25;36.50;Bueno;107.03;Regular;Bueno;Regular
2026-03-30;12:00;21;30.12;30.71;23.62;Bueno;68.24;Bueno;10;18.79;18.25;36.50;Bueno;107.03;Regular;Bueno;Regular
2026-03-30;13:00;30;30.79;30.71;23.62;Bueno;68.24;Bueno;11;19.00;18.25;36.50;Bueno;107.03;Regular;Bueno;Regular
2026-03-30;14:00;34;31.83;30.71;23.62;Bueno;68.24;Bueno;18;19.67;18.25;36.50;Bueno;107.03;Regular;Bueno;Regular
2026-03-30;15:00;32;32.67;30.71;23.62;Bueno;68.24;Bueno;13;20.17;18.25;36.50;Bueno;107.03;Regular;Bueno;Regular
2026-03-30;16:00;24;33.17;30.71;23.62;Bueno;68.24;Bueno;10;20.33;18.25;36.50;Bueno;107.03;Regular;Bueno;Regular
2026-03-30;17:00;31;33.62;30.71;23.62;Bueno;68.24;Bueno;14;20.58;18.25;36.50;Bueno;107.03;Regular;Bueno;Regular
2026-03-30;18:00;46;34.33;30.71;23.62;Bueno;68.24;Bueno;22;21.12;18.25;36.50;Bueno;107.03;Regular;Bueno;Regular
2026-03-30;19:00;42;33.62;30.71;23.62;Bueno;68.24;Bueno;20;20.25;18.25;36.50;Bueno;107.03;Regular;Bueno;Regular
2026-03-30;20:00;24;32.54;30.71;23.62;Bueno;68.24;Bueno;15;19.75;18.25;36.50;Bueno;107.03;Regular;Bueno;Regular
2026-03-30;21:00;28;32.00;30.71;23.62;Bueno;68.24;Bueno;11;19.25;18.25;36.50;Bueno;107.03;Regular;Bueno;Regular
2026-03-30;22:00;21;31.42;30.71;23.62;Bueno;68.24;Bueno;10;18.71;18.25;36.50;Bueno;107.03;Regular;Bueno;Regular
2026-03-30;23:00;21;30.71;30.71;23.62;Bueno;68.24;Bueno;10;18.25;18.25;36.50;Bueno;107.03;Regular;Bueno;Regular
2026-03-31;00:00;18;29.58;20.67;15.90;Bueno;45.93;Bueno;10;17.33;10.17;20.33;Bueno;67.78;Bueno;Bueno;Bueno
2026-03-31;01:00;24;29.25;20.67;15.90;Bueno;45.93;Bueno;19;17.42;10.17;20.33;Bueno;67.78;Bueno;Bueno;Bueno
2026-03-31;02:00;22;28.96;20.67;15.90;Bueno;45.93;Bueno;9;17.08;10.17;20.33;Bueno;67.78;Bueno;Bueno;Bueno
2026-03-31;03:00;7;27.96;20.67;15.90;Bueno;45.93;Bueno;4;16.25;10.17;20.33;Bueno;67.78;Bueno;Bueno;Bueno
2026-03-31;04:00;4;27.17;20.67;15.90;Bueno;45.93;Bueno;1;15.58;10.17;20.33;Bueno;67.78;Bueno;Bueno;Bueno
2026-03-31;05:00;3;26.33;20.67;15.90;Bueno;45.93;Bueno;2;14.79;10.17;20.33;Bueno;67.78;Bueno;Bueno;Bueno
2026-03-31;06:00;7;26.04;20.67;15.90;Bueno;45.93;Bueno;2;14.50;10.17;20.33;Bueno;67.78;Bueno;Bueno;Bueno
2026-03-31;07:00;7;24.92;20.67;15.90;Bueno;45.93;Bueno;4;13.62;10.17;20.33;Bueno;67.78;Bueno;Bueno;Bueno
2026-03-31;08:00;18;24.50;20.67;15.90;Bueno;45.93;Bueno;5;12.71;10.17;20.33;Bueno;67.78;Bueno;Bueno;Bueno
2026-03-31;09:00;18;23.71;20.67;15.90;Bueno;45.93;Bueno;6;11.79;10.17;20.33;Bueno;67.78;Bueno;Bueno;Bueno
2026-03-31;10:00;15;22.54;20.67;15.90;Bueno;45.93;Bueno;10;10.88;10.17;20.33;Bueno;67.78;Bueno;Bueno;Bueno
2026-03-31;11:00;18;21.46;20.67;15.90;Bueno;45.93;Bueno;9;10.21;10.17;20.33;Bueno;67.78;Bueno;Bueno;Bueno
2026-03-31;12:00;8;20.92;20.67;15.90;Bueno;45.93;Bueno;5;10.00;10.17;20.33;Bueno;67.78;Bueno;Bueno;Bueno
2026-03-31;13:00;13;20.21;20.67;15.90;Bueno;45.93;Bueno;4;9.71;10.17;20.33;Bueno;67.78;Bueno;Bueno;Bueno
2026-03-31;14:00;17;19.50;20.67;15.90;Bueno;45.93;Bueno;8;9.29;10.17;20.33;Bueno;67.78;Bueno;Bueno;Bueno
2026-03-31;15:00;22;19.08;20.67;15.90;Bueno;45.93;Bueno;7;9.04;10.17;20.33;Bueno;67.78;Bueno;Bueno;Bueno
2026-03-31;16:00;23;19.04;20.67;15.90;Bueno;45.93;Bueno;10;9.04;10.17;20.33;Bueno;67.78;Bueno;Bueno;Bueno
2026-03-31;17:00;18;18.50;20.67;15.90;Bueno;45.93;Bueno;9;8.83;10.17;20.33;Bueno;67.78;Bueno;Bueno;Bueno
2026-03-31;18:00;19;17.38;20.67;15.90;Bueno;45.93;Bueno;13;8.46;10.17;20.33;Bueno;67.78;Bueno;Bueno;Bueno
2026-03-31;19:00;27;16.75;20.67;15.90;Bueno;45.93;Bueno;11;8.08;10.17;20.33;Bueno;67.78;Bueno;Bueno;Bueno
2026-03-31;20:00;31;17.04;20.67;15.90;Bueno;45.93;Bueno;15;8.08;10.17;20.33;Bueno;67.78;Bueno;Bueno;Bueno
2026-03-31;21:00;65;18.58;20.67;15.90;Bueno;45.93;Bueno;34;9.04;10.17;20.33;Bueno;67.78;Bueno;Bueno;Bueno
2026-03-31;22:00;44;19.54;20.67;15.90;Bueno;45.93;Bueno;22;9.54;10.17;20.33;Bueno;67.78;Bueno;Bueno;Bueno
2026-03-31;23:00;48;20.67;20.67;15.90;Bueno;45.93;Bueno;25;10.17;10.17;20.33;Bueno;67.78;Bueno;Bueno;Bueno
2026-04-01;00:00;39;21.54;36.62;28.17;Bueno;81.39;Bueno;22;10.67;19.12;38.25;Bueno;108.92;Regular;Bueno;Regular
2026-04-01;01:00;32;21.88;36.62;28.17;Bueno;81.39;Bueno;14;10.46;19.12;38.25;Bueno;108.92;Regular;Bueno;Regular
2026-04-01;02:00;20;21.79;36.62;28.17;Bueno;81.39;Bueno;12;10.58;19.12;38.25;Bueno;108.92;Regular;Bueno;Regular
2026-04-01;03:00;23;22.46;36.62;28.17;Bueno;81.39;Bueno;8;10.75;19.12;38.25;Bueno;108.92;Regular;Bueno;Regular
2026-04-01;04:00;21;23.17;36.62;28.17;Bueno;81.39;Bueno;7;11.00;19.12;38.25;Bueno;108.92;Regular;Bueno;Regular
2026-04-01;05:00;46;24.96;36.62;28.17;Bueno;81.39;Bueno;19;11.71;19.12;38.25;Bueno;108.92;Regular;Bueno;Regular
2026-04-01;06:00;69;27.54;36.62;28.17;Bueno;81.39;Bueno;42;13.38;19.12;38.25;Bueno;108.92;Regular;Bueno;Regular
2026-04-01;07:00;96;31.25;36.62;28.17;Bueno;81.39;Bueno;56;15.54;19.12;38.25;Bueno;108.92;Regular;Bueno;Regular
2026-04-01;08:00;118;35.42;36.62;28.17;Bueno;81.39;Bueno;61;17.88;19.12;38.25;Bueno;108.92;Regular;Bueno;Regular
2026-04-01;09:00;67;37.46;36.62;28.17;Bueno;81.39;Bueno;44;19.46;19.12;38.25;Bueno;108.92;Regular;Bueno;Regular
2026-04-01;10:00;18;37.58;36.62;28.17;Bueno;81.39;Bueno;14;19.62;19.12;38.25;Bueno;108.92;Regular;Bueno;Regular
2026-04-01;11:00;17;37.54;36.62;28.17;Bueno;81.39;Bueno;9;19.62;19.12;38.25;Bueno;108.92;Regular;Bueno;Regular
2026-04-01;12:00;17;37.92;36.62;28.17;Bueno;81.39;Bueno;10;19.83;19.12;38.25;Bueno;108.92;Regular;Bueno;Regular
2026-04-01;13:00;20;38.21;36.62;28.17;Bueno;81.39;Bueno;10;20.08;19.12;38.25;Bueno;108.92;Regular;Bueno;Regular
2026-04-01;14:00;13;38.04;36.62;28.17;Bueno;81.39;Bueno;5;19.96;19.12;38.25;Bueno;108.92;Regular;Bueno;Regular
2026-04-01;15:00;12;37.62;36.62;28.17;Bueno;81.39;Bueno;4;19.83;19.12;38.25;Bueno;108.92;Regular;Bueno;Regular
2026-04-01;16:00;10;37.08;36.62;28.17;Bueno;81.39;Bueno;4;19.58;19.12;38.25;Bueno;108.92;Regular;Bueno;Regular
2026-04-01;17:00;16;37.00;36.62;28.17;Bueno;81.39;Bueno;5;19.42;19.12;38.25;Bueno;108.92;Regular;Bueno;Regular
2026-04-01;18:00;24;37.21;36.62;28.17;Bueno;81.39;Bueno;9;19.25;19.12;38.25;Bueno;108.92;Regular;Bueno;Regular
2026-04-01;19:00;24;37.08;36.62;28.17;Bueno;81.39;Bueno;12;19.29;19.12;38.25;Bueno;108.92;Regular;Bueno;Regular
2026-04-01;20:00;34;37.21;36.62;28.17;Bueno;81.39;Bueno;16;19.33;19.12;38.25;Bueno;108.92;Regular;Bueno;Regular
2026-04-01;21:00;42;36.25;36.62;28.17;Bueno;81.39;Bueno;17;18.62;19.12;38.25;Bueno;108.92;Regular;Bueno;Regular
2026-04-01;22:00;58;36.83;36.62;28.17;Bueno;81.39;Bueno;34;19.12;19.12;38.25;Bueno;108.92;Regular;Bueno;Regular
2026-04-01;23:00;43;36.62;36.62;28.17;Bueno;81.39;Bueno;25;19.12;19.12;38.25;Bueno;108.92;Regular;Bueno;Regular
2026-04-02;00:00;32;36.33;31.42;24.17;Bueno;69.81;Bueno;25;19.25;18.88;37.75;Bueno;108.38;Regular;Bueno;Regular
2026-04-02;01:00;24;36.00;31.42;24.17;Bueno;69.81;Bueno;16;19.33;18.88;37.75;Bueno;108.38;Regular;Bueno;Regular
2026-04-02;02:00;17;35.88;31.42;24.17;Bueno;69.81;Bueno;9;19.21;18.88;37.75;Bueno;108.38;Regular;Bueno;Regular
2026-04-02;03:00;30;36.17;31.42;24.17;Bueno;69.81;Bueno;24;19.88;18.88;37.75;Bueno;108.38;Regular;Bueno;Regular
2026-04-02;04:00;21;36.17;31.42;24.17;Bueno;69.81;Bueno;20;20.42;18.88;37.75;Bueno;108.38;Regular;Bueno;Regular
2026-04-02;05:00;42;36.00;31.42;24.17;Bueno;69.81;Bueno;22;20.54;18.88;37.75;Bueno;108.38;Regular;Bueno;Regular
2026-04-02;06:00;31;34.42;31.42;24.17;Bueno;69.81;Bueno;17;19.50;18.88;37.75;Bueno;108.38;Regular;Bueno;Regular
2026-04-02;07:00;63;33.04;31.42;24.17;Bueno;69.81;Bueno;42;18.92;18.88;37.75;Bueno;108.38;Regular;Bueno;Regular
2026-04-02;08:00;27;29.25;31.42;24.17;Bueno;69.81;Bueno;18;17.12;18.88;37.75;Bueno;108.38;Regular;Bueno;Regular
2026-04-02;09:00;39;28.08;31.42;24.17;Bueno;69.81;Bueno;27;16.42;18.88;37.75;Bueno;108.38;Regular;Bueno;Regular
2026-04-02;10:00;31;28.62;31.42;24.17;Bueno;69.81;Bueno;25;16.88;18.88;37.75;Bueno;108.38;Regular;Bueno;Regular
2026-04-02;11:00;20;28.75;31.42;24.17;Bueno;69.81;Bueno;9;16.88;18.88;37.75;Bueno;108.38;Regular;Bueno;Regular
2026-04-02;12:00;24;29.04;31.42;24.17;Bueno;69.81;Bueno;7;16.75;18.88;37.75;Bueno;108.38;Regular;Bueno;Regular
2026-04-02;13:00;21;29.08;31.42;24.17;Bueno;69.81;Bueno;7;16.62;18.88;37.75;Bueno;108.38;Regular;Bueno;Regular
2026-04-02;14:00;20;29.38;31.42;24.17;Bueno;69.81;Bueno;4;16.58;18.88;37.75;Bueno;108.38;Regular;Bueno;Regular
2026-04-02;15:00;20;29.71;31.42;24.17;Bueno;69.81;Bueno;11;16.88;18.88;37.75;Bueno;108.38;Regular;Bueno;Regular
2026-04-02;16:00;21;30.17;31.42;24.17;Bueno;69.81;Bueno;11;17.17;18.88;37.75;Bueno;108.38;Regular;Bueno;Regular
2026-04-02;17:00;20;30.33;31.42;24.17;Bueno;69.81;Bueno;9;17.33;18.88;37.75;Bueno;108.38;Regular;Bueno;Regular
2026-04-02;18:00;18;30.08;31.42;24.17;Bueno;69.81;Bueno;8;17.29;18.88;37.75;Bueno;108.38;Regular;Bueno;Regular
2026-04-02;19:00;21;29.96;31.42;24.17;Bueno;69.81;Bueno;10;17.21;18.88;37.75;Bueno;108.38;Regular;Bueno;Regular
2026-04-02;20:00;28;29.71;31.42;24.17;Bueno;69.81;Bueno;13;17.08;18.88;37.75;Bueno;108.38;Regular;Bueno;Regular
2026-04-02;21:00;80;31.29;31.42;24.17;Bueno;69.81;Bueno;48;18.38;18.88;37.75;Bueno;108.38;Regular;Bueno;Regular
2026-04-02;22:00;51;31.00;31.42;24.17;Bueno;69.81;Bueno;33;18.33;18.88;37.75;Bueno;108.38;Regular;Bueno;Regular
2026-04-02;23:00;53;31.42;31.42;24.17;Bueno;69.81;Bueno;38;18.88;18.88;37.75;Bueno;108.38;Regular;Bueno;Regular
2026-04-03;00:00;40;31.75;28.00;21.54;Bueno;62.22;Bueno;24;18.83;17.33;34.67;Bueno;105.04;Regular;Bueno;Regular
2026-04-03;01:00;28;31.92;28.00;21.54;Bueno;62.22;Bueno;18;18.92;17.33;34.67;Bueno;105.04;Regular;Bueno;Regular
2026-04-03;02:00;13;31.75;28.00;21.54;Bueno;62.22;Bueno;12;19.04;17.33;34.67;Bueno;105.04;Regular;Bueno;Regular
2026-04-03;03:00;34;31.92;28.00;21.54;Bueno;62.22;Bueno;23;19.00;17.33;34.67;Bueno;105.04;Regular;Bueno;Regular
2026-04-03;04:00;14;31.62;28.00;21.54;Bueno;62.22;Bueno;9;18.54;17.33;34.67;Bueno;105.04;Regular;Bueno;Regular
2026-04-03;05:00;20;30.71;28.00;21.54;Bueno;62.22;Bueno;11;18.08;17.33;34.67;Bueno;105.04;Regular;Bueno;Regular
2026-04-03;06:00;34;30.83;28.00;21.54;Bueno;62.22;Bueno;23;18.33;17.33;34.67;Bueno;105.04;Regular;Bueno;Regular
2026-04-03;07:00;23;29.17;28.00;21.54;Bueno;62.22;Bueno;21;17.46;17.33;34.67;Bueno;105.04;Regular;Bueno;Regular
2026-04-03;08:00;45;29.92;28.00;21.54;Bueno;62.22;Bueno;27;17.83;17.33;34.67;Bueno;105.04;Regular;Bueno;Regular
2026-04-03;09:00;30;29.54;28.00;21.54;Bueno;62.22;Bueno;26;17.79;17.33;34.67;Bueno;105.04;Regular;Bueno;Regular
2026-04-03;10:00;42;30.00;28.00;21.54;Bueno;62.22;Bueno;34;18.17;17.33;34.67;Bueno;105.04;Regular;Bueno;Regular
2026-04-03;11:00;20;30.00;28.00;21.54;Bueno;62.22;Bueno;8;18.12;17.33;34.67;Bueno;105.04;Regular;Bueno;Regular
2026-04-03;12:00;10;29.42;28.00;21.54;Bueno;62.22;Bueno;6;18.08;17.33;34.67;Bueno;105.04;Regular;Bueno;Regular
2026-04-03;13:00;16;29.21;28.00;21.54;Bueno;62.22;Bueno;5;18.00;17.33;34.67;Bueno;105.04;Regular;Bueno;Regular
2026-04-03;14:00;24;29.38;28.00;21.54;Bueno;62.22;Bueno;3;17.96;17.33;34.67;Bueno;105.04;Regular;Bueno;Regular
2026-04-03;15:00;3;28.67;28.00;21.54;Bueno;62.22;Bueno;3;17.62;17.33;34.67;Bueno;105.04;Regular;Bueno;Regular
2026-04-03;16:00;6;28.04;28.00;21.54;Bueno;62.22;Bueno;2;17.25;17.33;34.67;Bueno;105.04;Regular;Bueno;Regular
2026-04-03;17:00;6;27.46;28.00;21.54;Bueno;62.22;Bueno;1;16.92;17.33;34.67;Bueno;105.04;Regular;Bueno;Regular
2026-04-03;18:00;36;28.21;28.00;21.54;Bueno;62.22;Bueno;10;17.00;17.33;34.67;Bueno;105.04;Regular;Bueno;Regular
2026-04-03;19:00;44;29.17;28.00;21.54;Bueno;62.22;Bueno;24;17.58;17.33;34.67;Bueno;105.04;Regular;Bueno;Regular
2026-04-03;20:00;42;29.75;28.00;21.54;Bueno;62.22;Bueno;31;18.33;17.33;34.67;Bueno;105.04;Regular;Bueno;Regular
2026-04-03;21:00;40;28.08;28.00;21.54;Bueno;62.22;Bueno;23;17.29;17.33;34.67;Bueno;105.04;Regular;Bueno;Regular
2026-04-03;22:00;58;28.38;28.00;21.54;Bueno;62.22;Bueno;40;17.58;17.33;34.67;Bueno;105.04;Regular;Bueno;Regular
2026-04-03;23:00;44;28.00;28.00;21.54;Bueno;62.22;Bueno;32;17.33;17.33;34.67;Bueno;105.04;Regular;Bueno;Regular
2026-04-04;00:00;27;27.46;29.67;22.82;Bueno;65.93;Bueno;26;17.42;16.38;32.75;Bueno;102.97;Regular;Bueno;Regular
2026-04-04;01:00;35;27.75;29.67;22.82;Bueno;65.93;Bueno;31;17.96;16.38;32.75;Bueno;102.97;Regular;Bueno;Regular
2026-04-04;02:00;30;28.46;29.67;22.82;Bueno;65.93;Bueno;18;18.21;16.38;32.75;Bueno;102.97;Regular;Bueno;Regular
2026-04-04;03:00;17;27.75;29.67;22.82;Bueno;65.93;Bueno;16;17.92;16.38;32.75;Bueno;102.97;Regular;Bueno;Regular
2026-04-04;04:00;13;27.71;29.67;22.82;Bueno;65.93;Bueno;12;18.04;16.38;32.75;Bueno;102.97;Regular;Bueno;Regular
2026-04-04;05:00;17;27.58;29.67;22.82;Bueno;65.93;Bueno;10;18.00;16.38;32.75;Bueno;102.97;Regular;Bueno;Regular
2026-04-04;06:00;19;26.96;29.67;22.82;Bueno;65.93;Bueno;11;17.50;16.38;32.75;Bueno;102.97;Regular;Bueno;Regular
2026-04-04;07:00;44;27.83;29.67;22.82;Bueno;65.93;Bueno;29;17.83;16.38;32.75;Bueno;102.97;Regular;Bueno;Regular
2026-04-04;08:00;49;28.00;29.67;22.82;Bueno;65.93;Bueno;31;18.00;16.38;32.75;Bueno;102.97;Regular;Bueno;Regular
2026-04-04;09:00;13;27.29;29.67;22.82;Bueno;65.93;Bueno;7;17.21;16.38;32.75;Bueno;102.97;Regular;Bueno;Regular
2026-04-04;10:00;16;26.21;29.67;22.82;Bueno;65.93;Bueno;10;16.21;16.38;32.75;Bueno;102.97;Regular;Bueno;Regular
2026-04-04;11:00;19;26.17;29.67;22.82;Bueno;65.93;Bueno;10;16.29;16.38;32.75;Bueno;102.97;Regular;Bueno;Regular
2026-04-04;12:00;26;26.83;29.67;22.82;Bueno;65.93;Bueno;9;16.42;16.38;32.75;Bueno;102.97;Regular;Bueno;Regular
2026-04-04;13:00;26;27.25;29.67;22.82;Bueno;65.93;Bueno;6;16.46;16.38;32.75;Bueno;102.97;Regular;Bueno;Regular
2026-04-04;14:00;30;27.50;29.67;22.82;Bueno;65.93;Bueno;13;16.88;16.38;32.75;Bueno;102.97;Regular;Bueno;Regular
2026-04-04;15:00;54;29.62;29.67;22.82;Bueno;65.93;Bueno;10;17.17;16.38;32.75;Bueno;102.97;Regular;Bueno;Regular
2026-04-04;16:00;25;30.42;29.67;22.82;Bueno;65.93;Bueno;8;17.42;16.38;32.75;Bueno;102.97;Regular;Bueno;Regular
2026-04-04;17:00;21;31.04;29.67;22.82;Bueno;65.93;Bueno;9;17.75;16.38;32.75;Bueno;102.97;Regular;Bueno;Regular
2026-04-04;18:00;43;31.33;29.67;22.82;Bueno;65.93;Bueno;21;18.21;16.38;32.75;Bueno;102.97;Regular;Bueno;Regular
2026-04-04;19:00;51;31.62;29.67;22.82;Bueno;65.93;Bueno;29;18.42;16.38;32.75;Bueno;102.97;Regular;Bueno;Regular
2026-04-04;20:00;45;31.75;29.67;22.82;Bueno;65.93;Bueno;26;18.21;16.38;32.75;Bueno;102.97;Regular;Bueno;Regular
2026-04-04;21:00;41;31.79;29.67;22.82;Bueno;65.93;Bueno;25;18.29;16.38;32.75;Bueno;102.97;Regular;Bueno;Regular
2026-04-04;22:00;28;30.54;29.67;22.82;Bueno;65.93;Bueno;13;17.17;16.38;32.75;Bueno;102.97;Regular;Bueno;Regular
2026-04-04;23:00;23;29.67;29.67;22.82;Bueno;65.93;Bueno;13;16.38;16.38;32.75;Bueno;102.97;Regular;Bueno;Regular
2026-04-05;00:00;26;29.62;38.96;29.97;Bueno;86.57;Bueno;15;15.92;27.83;55.67;Bueno;127.83;Regular;Bueno;Regular
2026-04-05;01:00;24;29.17;38.96;29.97;Bueno;86.57;Bueno;16;15.29;27.83;55.67;Bueno;127.83;Regular;Bueno;Regular
2026-04-05;02:00;17;28.62;38.96;29.97;Bueno;86.57;Bueno;10;14.96;27.83;55.67;Bueno;127.83;Regular;Bueno;Regular
2026-04-05;03:00;19;28.71;38.96;29.97;Bueno;86.57;Bueno;10;14.71;27.83;55.67;Bueno;127.83;Regular;Bueno;Regular
2026-04-05;04:00;15;28.79;38.96;29.97;Bueno;86.57;Bueno;10;14.62;27.83;55.67;Bueno;127.83;Regular;Bueno;Regular
2026-04-05;05:00;20;28.92;38.96;29.97;Bueno;86.57;Bueno;9;14.58;27.83;55.67;Bueno;127.83;Regular;Bueno;Regular
2026-04-05;06:00;7;28.42;38.96;29.97;Bueno;86.57;Bueno;6;14.38;27.83;55.67;Bueno;127.83;Regular;Bueno;Regular
2026-04-05;07:00;8;26.92;38.96;29.97;Bueno;86.57;Bueno;3;13.29;27.83;55.67;Bueno;127.83;Regular;Bueno;Regular
2026-04-05;08:00;13;25.42;38.96;29.97;Bueno;86.57;Bueno;3;12.12;27.83;55.67;Bueno;127.83;Regular;Bueno;Regular
2026-04-05;09:00;15;25.50;38.96;29.97;Bueno;86.57;Bueno;6;12.08;27.83;55.67;Bueno;127.83;Regular;Bueno;Regular
2026-04-05;10:00;30;26.08;38.96;29.97;Bueno;86.57;Bueno;17;12.38;27.83;55.67;Bueno;127.83;Regular;Bueno;Regular
2026-04-05;11:00;30;26.54;38.96;29.97;Bueno;86.57;Bueno;22;12.88;27.83;55.67;Bueno;127.83;Regular;Bueno;Regular
2026-04-05;12:00;31;26.75;38.96;29.97;Bueno;86.57;Bueno;25;13.54;27.83;55.67;Bueno;127.83;Regular;Bueno;Regular
2026-04-05;13:00;40;27.33;38.96;29.97;Bueno;86.57;Bueno;27;14.42;27.83;55.67;Bueno;127.83;Regular;Bueno;Regular
2026-04-05;14:00;21;26.96;38.96;29.97;Bueno;86.57;Bueno;21;14.75;27.83;55.67;Bueno;127.83;Regular;Bueno;Regular
2026-04-05;15:00;27;25.83;38.96;29.97;Bueno;86.57;Bueno;25;15.38;27.83;55.67;Bueno;127.83;Regular;Bueno;Regular
2026-04-05;16:00;31;26.08;38.96;29.97;Bueno;86.57;Bueno;17;15.75;27.83;55.67;Bueno;127.83;Regular;Bueno;Regular
2026-04-05;17:00;18;25.96;38.96;29.97;Bueno;86.57;Bueno;10;15.79;27.83;55.67;Bueno;127.83;Regular;Bueno;Regular
2026-04-05;18:00;63;26.79;38.96;29.97;Bueno;86.57;Bueno;50;17.00;27.83;55.67;Bueno;127.83;Regular;Bueno;Regular
2026-04-05;19:00;123;29.79;38.96;29.97;Bueno;86.57;Bueno;96;19.79;27.83;55.67;Bueno;127.83;Regular;Bueno;Regular
2026-04-05;20:00;102;32.17;38.96;29.97;Bueno;86.57;Bueno;78;21.96;27.83;55.67;Bueno;127.83;Regular;Bueno;Regular
2026-04-05;21:00;127;35.75;38.96;29.97;Bueno;86.57;Bueno;102;25.17;27.83;55.67;Bueno;127.83;Regular;Bueno;Regular
2026-04-05;22:00;87;38.21;38.96;29.97;Bueno;86.57;Bueno;63;27.25;27.83;55.67;Bueno;127.83;Regular;Bueno;Regular
2026-04-05;23:00;41;38.96;38.96;29.97;Bueno;86.57;Bueno;27;27.83;27.83;55.67;Bueno;127.83;Regular;Bueno;Regular
2026-04-06;00:00;21;38.75;27.33;21.03;Bueno;60.74;Bueno;13;27.75;14.92;29.83;Bueno;99.44;Bueno;Bueno;Bueno
2026-04-06;01:00;16;38.42;27.33;21.03;Bueno;60.74;Bueno;9;27.46;14.92;29.83;Bueno;99.44;Bueno;Bueno;Bueno
2026-04-06;02:00;12;38.21;27.33;21.03;Bueno;60.74;Bueno;5;27.25;14.92;29.83;Bueno;99.44;Bueno;Bueno;Bueno
2026-04-06;03:00;12;37.92;27.33;21.03;Bueno;60.74;Bueno;6;27.08;14.92;29.83;Bueno;99.44;Bueno;Bueno;Bueno
2026-04-06;04:00;19;38.08;27.33;21.03;Bueno;60.74;Bueno;7;26.96;14.92;29.83;Bueno;99.44;Bueno;Bueno;Bueno
2026-04-06;05:00;20;38.08;27.33;21.03;Bueno;60.74;Bueno;4;26.75;14.92;29.83;Bueno;99.44;Bueno;Bueno;Bueno
2026-04-06;06:00;31;39.08;27.33;21.03;Bueno;60.74;Bueno;8;26.83;14.92;29.83;Bueno;99.44;Bueno;Bueno;Bueno
2026-04-06;07:00;31;40.04;27.33;21.03;Bueno;60.74;Bueno;12;27.21;14.92;29.83;Bueno;99.44;Bueno;Bueno;Bueno
2026-04-06;08:00;19;40.29;27.33;21.03;Bueno;60.74;Bueno;17;27.79;14.92;29.83;Bueno;99.44;Bueno;Bueno;Bueno
2026-04-06;09:00;13;40.21;27.33;21.03;Bueno;60.74;Bueno;8;27.88;14.92;29.83;Bueno;99.44;Bueno;Bueno;Bueno
2026-04-06;10:00;16;39.62;27.33;21.03;Bueno;60.74;Bueno;10;27.58;14.92;29.83;Bueno;99.44;Bueno;Bueno;Bueno
2026-04-06;11:00;12;38.88;27.33;21.03;Bueno;60.74;Bueno;11;27.12;14.92;29.83;Bueno;99.44;Bueno;Bueno;Bueno
2026-04-06;12:00;12;38.08;27.33;21.03;Bueno;60.74;Bueno;8;26.42;14.92;29.83;Bueno;99.44;Bueno;Bueno;Bueno
2026-04-06;13:00;24;37.42;27.33;21.03;Bueno;60.74;Bueno;6;25.54;14.92;29.83;Bueno;99.44;Bueno;Bueno;Bueno
2026-04-06;14:00;12;37.04;27.33;21.03;Bueno;60.74;Bueno;8;25.00;14.92;29.83;Bueno;99.44;Bueno;Bueno;Bueno
2026-04-06;15:00;15;36.54;27.33;21.03;Bueno;60.74;Bueno;8;24.29;14.92;29.83;Bueno;99.44;Bueno;Bueno;Bueno
2026-04-06;16:00;41;36.96;27.33;21.03;Bueno;60.74;Bueno;15;24.21;14.92;29.83;Bueno;99.44;Bueno;Bueno;Bueno
2026-04-06;17:00;35;37.67;27.33;21.03;Bueno;60.74;Bueno;21;24.67;14.92;29.83;Bueno;99.44;Bueno;Bueno;Bueno
2026-04-06;18:00;62;37.62;27.33;21.03;Bueno;60.74;Bueno;38;24.17;14.92;29.83;Bueno;99.44;Bueno;Bueno;Bueno
2026-04-06;19:00;43;34.29;27.33;21.03;Bueno;60.74;Bueno;25;21.21;14.92;29.83;Bueno;99.44;Bueno;Bueno;Bueno
2026-04-06;20:00;44;31.88;27.33;21.03;Bueno;60.74;Bueno;24;18.96;14.92;29.83;Bueno;99.44;Bueno;Bueno;Bueno
2026-04-06;21:00;41;28.29;27.33;21.03;Bueno;60.74;Bueno;25;15.75;14.92;29.83;Bueno;99.44;Bueno;Bueno;Bueno
2026-04-06;22:00;48;26.67;27.33;21.03;Bueno;60.74;Bueno;30;14.38;14.92;29.83;Bueno;99.44;Bueno;Bueno;Bueno
2026-04-06;23:00;57;27.33;27.33;21.03;Bueno;60.74;Bueno;40;14.92;14.92;29.83;Bueno;99.44;Bueno;Bueno;Bueno
2026-04-07;00:00;42;28.21;34.92;26.86;Bueno;77.59;Bueno;42;16.12;23.42;46.83;Bueno;118.23;Regular;Bueno;Regular
2026-04-07;01:00;30;28.79;34.92;26.86;Bueno;77.59;Bueno;29;16.96;23.42;46.83;Bueno;118.23;Regular;Bueno;Regular
2026-04-07;02:00;20;29.12;34.92;26.86;Bueno;77.59;Bueno;19;17.54;23.42;46.83;Bueno;118.23;Regular;Bueno;Regular
2026-04-07;03:00;19;29.42;34.92;26.86;Bueno;77.59;Bueno;18;18.04;23.42;46.83;Bueno;118.23;Regular;Bueno;Regular
2026-04-07;04:00;14;29.21;34.92;26.86;Bueno;77.59;Bueno;12;18.25;23.42;46.83;Bueno;118.23;Regular;Bueno;Regular
2026-04-07;05:00;16;29.04;34.92;26.86;Bueno;77.59;Bueno;15;18.71;23.42;46.83;Bueno;118.23;Regular;Bueno;Regular
2026-04-07;06:00;38;29.33;34.92;26.86;Bueno;77.59;Bueno;26;19.46;23.42;46.83;Bueno;118.23;Regular;Bueno;Regular
2026-04-07;07:00;47;30.00;34.92;26.86;Bueno;77.59;Bueno;33;20.33;23.42;46.83;Bueno;118.23;Regular;Bueno;Regular
2026-04-07;08:00;52;31.38;34.92;26.86;Bueno;77.59;Bueno;21;20.50;23.42;46.83;Bueno;118.23;Regular;Bueno;Regular
2026-04-07;09:00;47;32.79;34.92;26.86;Bueno;77.59;Bueno;21;21.04;23.42;46.83;Bueno;118.23;Regular;Bueno;Regular
2026-04-07;10:00;52;34.29;34.92;26.86;Bueno;77.59;Bueno;20;21.46;23.42;46.83;Bueno;118.23;Regular;Bueno;Regular
2026-04-07;11:00;15;34.42;34.92;26.86;Bueno;77.59;Bueno;14;21.58;23.42;46.83;Bueno;118.23;Regular;Bueno;Regular
2026-04-07;12:00;13;34.46;34.92;26.86;Bueno;77.59;Bueno;13;21.79;23.42;46.83;Bueno;118.23;Regular;Bueno;Regular
2026-04-07;13:00;23;34.42;34.92;26.86;Bueno;77.59;Bueno;8;21.88;23.42;46.83;Bueno;118.23;Regular;Bueno;Regular
2026-04-07;14:00;18;34.67;34.92;26.86;Bueno;77.59;Bueno;4;21.71;23.42;46.83;Bueno;118.23;Regular;Bueno;Regular
2026-04-07;15:00;20;34.88;34.92;26.86;Bueno;77.59;Bueno;9;21.75;23.42;46.83;Bueno;118.23;Regular;Bueno;Regular
2026-04-07;16:00;32;34.50;34.92;26.86;Bueno;77.59;Bueno;10;21.54;23.42;46.83;Bueno;118.23;Regular;Bueno;Regular
2026-04-07;17:00;51;35.17;34.92;26.86;Bueno;77.59;Bueno;40;22.33;23.42;46.83;Bueno;118.23;Regular;Bueno;Regular
2026-04-07;18:00;47;34.54;34.92;26.86;Bueno;77.59;Bueno;30;22.00;23.42;46.83;Bueno;118.23;Regular;Bueno;Regular
2026-04-07;19:00;60;35.25;34.92;26.86;Bueno;77.59;Bueno;45;22.83;23.42;46.83;Bueno;118.23;Regular;Bueno;Regular
2026-04-07;20:00;74;36.50;34.92;26.86;Bueno;77.59;Bueno;57;24.21;23.42;46.83;Bueno;118.23;Regular;Bueno;Regular
2026-04-07;21:00;50;36.88;34.92;26.86;Bueno;77.59;Bueno;35;24.62;23.42;46.83;Bueno;118.23;Regular;Bueno;Regular
2026-04-07;22:00;30;36.12;34.92;26.86;Bueno;77.59;Bueno;23;24.33;23.42;46.83;Bueno;118.23;Regular;Bueno;Regular
2026-04-07;23:00;28;34.92;34.92;26.86;Bueno;77.59;Bueno;18;23.42;23.42;46.83;Bueno;118.23;Regular;Bueno;Regular
2026-04-08;00:00;17;33.88;24.17;18.59;Bueno;53.70;Bueno;12;22.17;11.42;22.83;Bueno;76.11;Bueno;Bueno;Bueno
2026-04-08;01:00;13;33.17;24.17;18.59;Bueno;53.70;Bueno;12;21.46;11.42;22.83;Bueno;76.11;Bueno;Bueno;Bueno
2026-04-08;02:00;8;32.67;24.17;18.59;Bueno;53.70;Bueno;7;20.96;11.42;22.83;Bueno;76.11;Bueno;Bueno;Bueno
2026-04-08;03:00;13;32.42;24.17;18.59;Bueno;53.70;Bueno;5;20.42;11.42;22.83;Bueno;76.11;Bueno;Bueno;Bueno
2026-04-08;04:00;9;32.21;24.17;18.59;Bueno;53.70;Bueno;4;20.08;11.42;22.83;Bueno;76.11;Bueno;Bueno;Bueno
2026-04-08;05:00;4;31.71;24.17;18.59;Bueno;53.70;Bueno;2;19.54;11.42;22.83;Bueno;76.11;Bueno;Bueno;Bueno
2026-04-08;06:00;4;30.29;24.17;18.59;Bueno;53.70;Bueno;3;18.58;11.42;22.83;Bueno;76.11;Bueno;Bueno;Bueno
2026-04-08;07:00;10;28.75;24.17;18.59;Bueno;53.70;Bueno;7;17.50;11.42;22.83;Bueno;76.11;Bueno;Bueno;Bueno
2026-04-08;08:00;15;27.21;24.17;18.59;Bueno;53.70;Bueno;5;16.83;11.42;22.83;Bueno;76.11;Bueno;Bueno;Bueno
2026-04-08;09:00;21;26.12;24.17;18.59;Bueno;53.70;Bueno;9;16.33;11.42;22.83;Bueno;76.11;Bueno;Bueno;Bueno
2026-04-08;10:00;12;24.46;24.17;18.59;Bueno;53.70;Bueno;8;15.83;11.42;22.83;Bueno;76.11;Bueno;Bueno;Bueno
2026-04-08;11:00;23;24.79;24.17;18.59;Bueno;53.70;Bueno;9;15.62;11.42;22.83;Bueno;76.11;Bueno;Bueno;Bueno
2026-04-08;12:00;15;24.88;24.17;18.59;Bueno;53.70;Bueno;9;15.46;11.42;22.83;Bueno;76.11;Bueno;Bueno;Bueno
2026-04-08;13:00;17;24.62;24.17;18.59;Bueno;53.70;Bueno;5;15.33;11.42;22.83;Bueno;76.11;Bueno;Bueno;Bueno
2026-04-08;14:00;16;24.54;24.17;18.59;Bueno;53.70;Bueno;4;15.33;11.42;22.83;Bueno;76.11;Bueno;Bueno;Bueno
2026-04-08;15:00;21;24.58;24.17;18.59;Bueno;53.70;Bueno;5;15.17;11.42;22.83;Bueno;76.11;Bueno;Bueno;Bueno
2026-04-08;16:00;25;24.29;24.17;18.59;Bueno;53.70;Bueno;8;15.08;11.42;22.83;Bueno;76.11;Bueno;Bueno;Bueno
2026-04-08;17:00;24;23.17;24.17;18.59;Bueno;53.70;Bueno;8;13.75;11.42;22.83;Bueno;76.11;Bueno;Bueno;Bueno
2026-04-08;18:00;36;22.71;24.17;18.59;Bueno;53.70;Bueno;16;13.17;11.42;22.83;Bueno;76.11;Bueno;Bueno;Bueno
2026-04-08;19:00;33;21.58;24.17;18.59;Bueno;53.70;Bueno;19;12.08;11.42;22.83;Bueno;76.11;Bueno;Bueno;Bueno
2026-04-08;20:00;68;21.33;24.17;18.59;Bueno;53.70;Bueno;28;10.88;11.42;22.83;Bueno;76.11;Bueno;Bueno;Bueno
2026-04-08;21:00;68;22.08;24.17;18.59;Bueno;53.70;Bueno;32;10.75;11.42;22.83;Bueno;76.11;Bueno;Bueno;Bueno
2026-04-08;22:00;54;23.08;24.17;18.59;Bueno;53.70;Bueno;26;10.88;11.42;22.83;Bueno;76.11;Bueno;Bueno;Bueno
2026-04-08;23:00;54;24.17;24.17;18.59;Bueno;53.70;Bueno;31;11.42;11.42;22.83;Bueno;76.11;Bueno;Bueno;Bueno
2026-04-09;00:00;59;25.92;40.29;30.99;Bueno;89.54;Bueno;37;12.46;21.21;42.42;Bueno;113.43;Regular;Bueno;Regular
2026-04-09;01:00;33;26.75;40.29;30.99;Bueno;89.54;Bueno;32;13.29;21.21;42.42;Bueno;113.43;Regular;Bueno;Regular
2026-04-09;02:00;24;27.42;40.29;30.99;Bueno;89.54;Bueno;23;13.96;21.21;42.42;Bueno;113.43;Regular;Bueno;Regular
2026-04-09;03:00;21;27.75;40.29;30.99;Bueno;89.54;Bueno;15;14.38;21.21;42.42;Bueno;113.43;Regular;Bueno;Regular
2026-04-09;04:00;22;28.29;40.29;30.99;Bueno;89.54;Bueno;20;15.04;21.21;42.42;Bueno;113.43;Regular;Bueno;Regular
2026-04-09;05:00;39;29.75;40.29;30.99;Bueno;89.54;Bueno;28;16.12;21.21;42.42;Bueno;113.43;Regular;Bueno;Regular
2026-04-09;06:00;98;33.67;40.29;30.99;Bueno;89.54;Bueno;29;17.21;21.21;42.42;Bueno;113.43;Regular;Bueno;Regular
2026-04-09;07:00;41;34.96;40.29;30.99;Bueno;89.54;Bueno;24;17.92;21.21;42.42;Bueno;113.43;Regular;Bueno;Regular
2026-04-09;08:00;64;37.00;40.29;30.99;Bueno;89.54;Bueno;27;18.83;21.21;42.42;Bueno;113.43;Regular;Bueno;Regular
2026-04-09;09:00;16;36.79;40.29;30.99;Bueno;89.54;Bueno;10;18.88;21.21;42.42;Bueno;113.43;Regular;Bueno;Regular
2026-04-09;10:00;18;37.04;40.29;30.99;Bueno;89.54;Bueno;8;18.88;21.21;42.42;Bueno;113.43;Regular;Bueno;Regular
2026-04-09;11:00;20;36.92;40.29;30.99;Bueno;89.54;Bueno;7;18.79;21.21;42.42;Bueno;113.43;Regular;Bueno;Regular
2026-04-09;12:00;23;37.25;40.29;30.99;Bueno;89.54;Bueno;6;18.67;21.21;42.42;Bueno;113.43;Regular;Bueno;Regular
2026-04-09;13:00;19;37.33;40.29;30.99;Bueno;89.54;Bueno;6;18.71;21.21;42.42;Bueno;113.43;Regular;Bueno;Regular
2026-04-09;14:00;16;37.33;40.29;30.99;Bueno;89.54;Bueno;5;18.75;21.21;42.42;Bueno;113.43;Regular;Bueno;Regular
2026-04-09;15:00;21;37.33;40.29;30.99;Bueno;89.54;Bueno;4;18.71;21.21;42.42;Bueno;113.43;Regular;Bueno;Regular
2026-04-09;16:00;25;37.33;40.29;30.99;Bueno;89.54;Bueno;8;18.71;21.21;42.42;Bueno;113.43;Regular;Bueno;Regular
2026-04-09;17:00;30;37.58;40.29;30.99;Bueno;89.54;Bueno;13;18.92;21.21;42.42;Bueno;113.43;Regular;Bueno;Regular
2026-04-09;18:00;111;40.71;40.29;30.99;Bueno;89.54;Bueno;75;21.38;21.21;42.42;Bueno;113.43;Regular;Bueno;Regular
2026-04-09;19:00;66;42.08;40.29;30.99;Bueno;89.54;Bueno;25;21.62;21.21;42.42;Bueno;113.43;Regular;Bueno;Regular
2026-04-09;20:00;51;41.38;40.29;30.99;Bueno;89.54;Bueno;24;21.46;21.21;42.42;Bueno;113.43;Regular;Bueno;Regular
2026-04-09;21:00;49;40.58;40.29;30.99;Bueno;89.54;Bueno;28;21.29;21.21;42.42;Bueno;113.43;Regular;Bueno;Regular
2026-04-09;22:00;51;40.46;40.29;30.99;Bueno;89.54;Bueno;28;21.38;21.21;42.42;Bueno;113.43;Regular;Bueno;Regular
2026-04-09;23:00;50;40.29;40.29;30.99;Bueno;89.54;Bueno;27;21.21;21.21;42.42;Bueno;113.43;Regular;Bueno;Regular
2026-04-10;00:00;59;40.29;68.42;52.63;Bueno;138.51;Regular;35;21.12;48.54;97.08;Bueno;173.23;Regular;Bueno;Regular
2026-04-10;01:00;56;41.25;68.42;52.63;Bueno;138.51;Regular;38;21.38;48.54;97.08;Bueno;173.23;Regular;Bueno;Regular
2026-04-10;02:00;46;42.17;68.42;52.63;Bueno;138.51;Regular;35;21.88;48.54;97.08;Bueno;173.23;Regular;Bueno;Regular
2026-04-10;03:00;47;43.25;68.42;52.63;Bueno;138.51;Regular;34;22.67;48.54;97.08;Bueno;173.23;Regular;Bueno;Regular
2026-04-10;04:00;41;44.04;68.42;52.63;Bueno;138.51;Regular;32;23.17;48.54;97.08;Bueno;173.23;Regular;Bueno;Regular
2026-04-10;05:00;35;43.88;68.42;52.63;Bueno;138.51;Regular;26;23.08;48.54;97.08;Bueno;173.23;Regular;Bueno;Regular
2026-04-10;06:00;42;41.54;68.42;52.63;Bueno;138.51;Regular;33;23.25;48.54;97.08;Bueno;173.23;Regular;Bueno;Regular
2026-04-10;07:00;44;41.67;68.42;52.63;Bueno;138.51;Regular;26;23.33;48.54;97.08;Bueno;173.23;Regular;Bueno;Regular
2026-04-10;08:00;28;40.17;68.42;52.63;Bueno;138.51;Regular;24;23.21;48.54;97.08;Bueno;173.23;Regular;Bueno;Regular
2026-04-10;09:00;24;40.50;68.42;52.63;Bueno;138.51;Regular;21;23.67;48.54;97.08;Bueno;173.23;Regular;Bueno;Regular
2026-04-10;10:00;22;40.67;68.42;52.63;Bueno;138.51;Regular;17;24.04;48.54;97.08;Bueno;173.23;Regular;Bueno;Regular
2026-04-10;11:00;35;41.29;68.42;52.63;Bueno;138.51;Regular;26;24.83;48.54;97.08;Bueno;173.23;Regular;Bueno;Regular
2026-04-10;12:00;40;42.00;68.42;52.63;Bueno;138.51;Regular;30;25.83;48.54;97.08;Bueno;173.23;Regular;Bueno;Regular
2026-04-10;13:00;52;43.38;68.42;52.63;Bueno;138.51;Regular;41;27.29;48.54;97.08;Bueno;173.23;Regular;Bueno;Regular
2026-04-10;14:00;44;44.54;68.42;52.63;Bueno;138.51;Regular;32;28.42;48.54;97.08;Bueno;173.23;Regular;Bueno;Regular
2026-04-10;15:00;57;46.04;68.42;52.63;Bueno;138.51;Regular;33;29.62;48.54;97.08;Bueno;173.23;Regular;Bueno;Regular
2026-04-10;16:00;63;47.62;68.42;52.63;Bueno;138.51;Regular;39;30.92;48.54;97.08;Bueno;173.23;Regular;Bueno;Regular
2026-04-10;17:00;84;49.88;68.42;52.63;Bueno;138.51;Regular;52;32.54;48.54;97.08;Bueno;173.23;Regular;Bueno;Regular
2026-04-10;18:00;131;50.71;68.42;52.63;Bueno;138.51;Regular;84;32.92;48.54;97.08;Bueno;173.23;Regular;Bueno;Regular
2026-04-10;19:00;163;54.75;68.42;52.63;Bueno;138.51;Regular;118;36.79;48.54;97.08;Bueno;173.23;Regular;Bueno;Regular
2026-04-10;20:00;131;58.08;68.42;52.63;Bueno;138.51;Regular;91;39.58;48.54;97.08;Bueno;173.23;Regular;Bueno;Regular
2026-04-10;21:00;162;62.79;68.42;52.63;Bueno;138.51;Regular;116;43.25;48.54;97.08;Bueno;173.23;Regular;Bueno;Regular
2026-04-10;22:00;122;65.75;68.42;52.63;Bueno;138.51;Regular;90;45.83;48.54;97.08;Bueno;173.23;Regular;Bueno;Regular
2026-04-10;23:00;114;68.42;68.42;52.63;Bueno;138.51;Regular;92;48.54;48.54;97.08;Bueno;173.23;Regular;Bueno;Regular
2026-04-11;00:00;38;67.54;45.88;35.29;Bueno;101.43;Regular;30;48.33;28.62;57.25;Bueno;129.56;Regular;Bueno;Regular
2026-04-11;01:00;41;66.92;45.88;35.29;Bueno;101.43;Regular;27;47.88;28.62;57.25;Bueno;129.56;Regular;Bueno;Regular
2026-04-11;02:00;30;66.25;45.88;35.29;Bueno;101.43;Regular;18;47.17;28.62;57.25;Bueno;129.56;Regular;Bueno;Regular
2026-04-11;03:00;25;65.33;45.88;35.29;Bueno;101.43;Regular;14;46.33;28.62;57.25;Bueno;129.56;Regular;Bueno;Regular
2026-04-11;04:00;39;65.25;45.88;35.29;Bueno;101.43;Regular;25;46.04;28.62;57.25;Bueno;129.56;Regular;Bueno;Regular
2026-04-11;05:00;31;65.08;45.88;35.29;Bueno;101.43;Regular;18;45.71;28.62;57.25;Bueno;129.56;Regular;Bueno;Regular
2026-04-11;06:00;46;65.25;45.88;35.29;Bueno;101.43;Regular;26;45.42;28.62;57.25;Bueno;129.56;Regular;Bueno;Regular
2026-04-11;07:00;49;65.46;45.88;35.29;Bueno;101.43;Regular;27;45.46;28.62;57.25;Bueno;129.56;Regular;Bueno;Regular
2026-04-11;08:00;55;66.58;45.88;35.29;Bueno;101.43;Regular;38;46.04;28.62;57.25;Bueno;129.56;Regular;Bueno;Regular
2026-04-11;09:00;54;67.83;45.88;35.29;Bueno;101.43;Regular;42;46.92;28.62;57.25;Bueno;129.56;Regular;Bueno;Regular
2026-04-11;10:00;63;69.54;45.88;35.29;Bueno;101.43;Regular;41;47.92;28.62;57.25;Bueno;129.56;Regular;Bueno;Regular
2026-04-11;11:00;57;70.46;45.88;35.29;Bueno;101.43;Regular;38;48.42;28.62;57.25;Bueno;129.56;Regular;Bueno;Regular
2026-04-11;12:00;46;70.71;45.88;35.29;Bueno;101.43;Regular;27;48.29;28.62;57.25;Bueno;129.56;Regular;Bueno;Regular
2026-04-11;13:00;44;70.38;45.88;35.29;Bueno;101.43;Regular;18;47.33;28.62;57.25;Bueno;129.56;Regular;Bueno;Regular
2026-04-11;14:00;24;69.54;45.88;35.29;Bueno;101.43;Regular;14;46.58;28.62;57.25;Bueno;129.56;Regular;Bueno;Regular
2026-04-11;15:00;34;68.58;45.88;35.29;Bueno;101.43;Regular;20;46.04;28.62;57.25;Bueno;129.56;Regular;Bueno;Regular
2026-04-11;16:00;40;67.62;45.88;35.29;Bueno;101.43;Regular;22;45.33;28.62;57.25;Bueno;129.56;Regular;Bueno;Regular
2026-04-11;17:00;46;66.04;45.88;35.29;Bueno;101.43;Regular;21;44.04;28.62;57.25;Bueno;129.56;Regular;Bueno;Regular
2026-04-11;18:00;70;63.50;45.88;35.29;Bueno;101.43;Regular;52;42.71;28.62;57.25;Bueno;129.56;Regular;Bueno;Regular
2026-04-11;19:00;73;59.75;45.88;35.29;Bueno;101.43;Regular;56;40.12;28.62;57.25;Bueno;129.56;Regular;Bueno;Regular
2026-04-11;20:00;53;56.50;45.88;35.29;Bueno;101.43;Regular;33;37.71;28.62;57.25;Bueno;129.56;Regular;Bueno;Regular
2026-04-11;21:00;36;51.25;45.88;35.29;Bueno;101.43;Regular;21;33.75;28.62;57.25;Bueno;129.56;Regular;Bueno;Regular
2026-04-11;22:00;45;48.04;45.88;35.29;Bueno;101.43;Regular;26;31.08;28.62;57.25;Bueno;129.56;Regular;Bueno;Regular
2026-04-11;23:00;62;45.88;45.88;35.29;Bueno;101.43;Regular;33;28.62;28.62;57.25;Bueno;129.56;Regular;Bueno;Regular
2026-04-12;00:00;45;46.17;18.54;14.26;Bueno;41.20;Bueno;29;28.58;12.12;24.25;Bueno;80.83;Bueno;Bueno;Bueno
2026-04-12;01:00;37;46.00;18.54;14.26;Bueno;41.20;Bueno;24;28.46;12.12;24.25;Bueno;80.83;Bueno;Bueno;Bueno
2026-04-12;02:00;6;45.00;18.54;14.26;Bueno;41.20;Bueno;2;27.79;12.12;24.25;Bueno;80.83;Bueno;Bueno;Bueno
2026-04-12;03:00;4;44.12;18.54;14.26;Bueno;41.20;Bueno;3;27.33;12.12;24.25;Bueno;80.83;Bueno;Bueno;Bueno
2026-04-12;04:00;3;42.62;18.54;14.26;Bueno;41.20;Bueno;2;26.38;12.12;24.25;Bueno;80.83;Bueno;Bueno;Bueno
2026-04-12;05:00;1;41.38;18.54;14.26;Bueno;41.20;Bueno;1;25.67;12.12;24.25;Bueno;80.83;Bueno;Bueno;Bueno
2026-04-12;06:00;1;39.50;18.54;14.26;Bueno;41.20;Bueno;1;24.62;12.12;24.25;Bueno;80.83;Bueno;Bueno;Bueno
2026-04-12;07:00;1;37.50;18.54;14.26;Bueno;41.20;Bueno;1;23.54;12.12;24.25;Bueno;80.83;Bueno;Bueno;Bueno
2026-04-12;08:00;5;35.42;18.54;14.26;Bueno;41.20;Bueno;1;22.00;12.12;24.25;Bueno;80.83;Bueno;Bueno;Bueno
2026-04-12;09:00;7;33.46;18.54;14.26;Bueno;41.20;Bueno;5;20.46;12.12;24.25;Bueno;80.83;Bueno;Bueno;Bueno
2026-04-12;10:00;8;31.17;18.54;14.26;Bueno;41.20;Bueno;5;18.96;12.12;24.25;Bueno;80.83;Bueno;Bueno;Bueno
2026-04-12;11:00;8;29.12;18.54;14.26;Bueno;41.20;Bueno;7;17.67;12.12;24.25;Bueno;80.83;Bueno;Bueno;Bueno
2026-04-12;12:00;10;27.62;18.54;14.26;Bueno;41.20;Bueno;5;16.75;12.12;24.25;Bueno;80.83;Bueno;Bueno;Bueno
2026-04-12;13:00;14;26.38;18.54;14.26;Bueno;41.20;Bueno;10;16.42;12.12;24.25;Bueno;80.83;Bueno;Bueno;Bueno
2026-04-12;14:00;17;26.08;18.54;14.26;Bueno;41.20;Bueno;6;16.08;12.12;24.25;Bueno;80.83;Bueno;Bueno;Bueno
2026-04-12;15:00;11;25.12;18.54;14.26;Bueno;41.20;Bueno;4;15.42;12.12;24.25;Bueno;80.83;Bueno;Bueno;Bueno
2026-04-12;16:00;13;24.00;18.54;14.26;Bueno;41.20;Bueno;8;14.83;12.12;24.25;Bueno;80.83;Bueno;Bueno;Bueno
2026-04-12;17:00;9;22.46;18.54;14.26;Bueno;41.20;Bueno;7;14.25;12.12;24.25;Bueno;80.83;Bueno;Bueno;Bueno
2026-04-12;18:00;18;20.29;18.54;14.26;Bueno;41.20;Bueno;12;12.58;12.12;24.25;Bueno;80.83;Bueno;Bueno;Bueno
2026-04-12;19:00;47;19.21;18.54;14.26;Bueno;41.20;Bueno;29;11.46;12.12;24.25;Bueno;80.83;Bueno;Bueno;Bueno
2026-04-12;20:00;44;18.83;18.54;14.26;Bueno;41.20;Bueno;28;11.25;12.12;24.25;Bueno;80.83;Bueno;Bueno;Bueno
2026-04-12;21:00;46;19.25;18.54;14.26;Bueno;41.20;Bueno;36;11.88;12.12;24.25;Bueno;80.83;Bueno;Bueno;Bueno
2026-04-12;22:00;47;19.33;18.54;14.26;Bueno;41.20;Bueno;34;12.21;12.12;24.25;Bueno;80.83;Bueno;Bueno;Bueno
2026-04-12;23:00;43;18.54;18.54;14.26;Bueno;41.20;Bueno;31;12.12;12.12;24.25;Bueno;80.83;Bueno;Bueno;Bueno
2026-04-13;00:00;49;18.71;54.92;42.24;Bueno;116.26;Regular;37;12.46;37.67;75.33;Bueno;149.31;Regular;Bueno;Regular
2026-04-13;01:00;32;18.50;54.92;42.24;Bueno;116.26;Regular;20;12.29;37.67;75.33;Bueno;149.31;Regular;Bueno;Regular
2026-04-13;02:00;46;20.17;54.92;42.24;Bueno;116.26;Regular;39;13.83;37.67;75.33;Bueno;149.31;Regular;Bueno;Regular
2026-04-13;03:00;30;21.25;54.92;42.24;Bueno;116.26;Regular;18;14.46;37.67;75.33;Bueno;149.31;Regular;Bueno;Regular
2026-04-13;04:00;25;22.17;54.92;42.24;Bueno;116.26;Regular;11;14.83;37.67;75.33;Bueno;149.31;Regular;Bueno;Regular
2026-04-13;05:00;23;23.08;54.92;42.24;Bueno;116.26;Regular;22;15.71;37.67;75.33;Bueno;149.31;Regular;Bueno;Regular
2026-04-13;06:00;19;23.83;54.92;42.24;Bueno;116.26;Regular;11;16.12;37.67;75.33;Bueno;149.31;Regular;Bueno;Regular
2026-04-13;07:00;28;24.96;54.92;42.24;Bueno;116.26;Regular;17;16.79;37.67;75.33;Bueno;149.31;Regular;Bueno;Regular
2026-04-13;08:00;18;25.50;54.92;42.24;Bueno;116.26;Regular;15;17.38;37.67;75.33;Bueno;149.31;Regular;Bueno;Regular
2026-04-13;09:00;33;26.58;54.92;42.24;Bueno;116.26;Regular;22;18.08;37.67;75.33;Bueno;149.31;Regular;Bueno;Regular
2026-04-13;10:00;47;28.21;54.92;42.24;Bueno;116.26;Regular;31;19.17;37.67;75.33;Bueno;149.31;Regular;Bueno;Regular
2026-04-13;11:00;1;27.92;54.92;42.24;Bueno;116.26;Regular;1;18.92;37.67;75.33;Bueno;149.31;Regular;Bueno;Regular
2026-04-13;12:00;33;28.88;54.92;42.24;Bueno;116.26;Regular;15;19.33;37.67;75.33;Bueno;149.31;Regular;Bueno;Regular
2026-04-13;13:00;37;29.83;54.92;42.24;Bueno;116.26;Regular;17;19.62;37.67;75.33;Bueno;149.31;Regular;Bueno;Regular
2026-04-13;14:00;41;30.83;54.92;42.24;Bueno;116.26;Regular;22;20.29;37.67;75.33;Bueno;149.31;Regular;Bueno;Regular
2026-04-13;15:00;50;32.46;54.92;42.24;Bueno;116.26;Regular;30;21.38;37.67;75.33;Bueno;149.31;Regular;Bueno;Regular
2026-04-13;16:00;57;34.29;54.92;42.24;Bueno;116.26;Regular;31;22.33;37.67;75.33;Bueno;149.31;Regular;Bueno;Regular
2026-04-13;17:00;78;37.17;54.92;42.24;Bueno;116.26;Regular;47;24.00;37.67;75.33;Bueno;149.31;Regular;Bueno;Regular
2026-04-13;18:00;91;40.21;54.92;42.24;Bueno;116.26;Regular;60;26.00;37.67;75.33;Bueno;149.31;Regular;Bueno;Regular
2026-04-13;19:00;127;43.54;54.92;42.24;Bueno;116.26;Regular;101;29.00;37.67;75.33;Bueno;149.31;Regular;Bueno;Regular
2026-04-13;20:00;169;48.75;54.92;42.24;Bueno;116.26;Regular;125;33.04;37.67;75.33;Bueno;149.31;Regular;Bueno;Regular
2026-04-13;21:00;165;53.71;54.92;42.24;Bueno;116.26;Regular;126;36.79;37.67;75.33;Bueno;149.31;Regular;Bueno;Regular
2026-04-13;22:00;73;54.79;54.92;42.24;Bueno;116.26;Regular;55;37.67;37.67;75.33;Bueno;149.31;Regular;Bueno;Regular
2026-04-13;23:00;46;54.92;54.92;42.24;Bueno;116.26;Regular;31;37.67;37.67;75.33;Bueno;149.31;Regular;Bueno;Regular
2026-04-14;00:00;70;55.79;32.42;24.94;Bueno;72.04;Bueno;52;38.29;23.08;46.17;Bueno;117.50;Regular;Bueno;Regular
2026-04-14;01:00;58;56.88;32.42;24.94;Bueno;72.04;Bueno;51;39.58;23.08;46.17;Bueno;117.50;Regular;Bueno;Regular
2026-04-14;02:00;58;57.38;32.42;24.94;Bueno;72.04;Bueno;38;39.54;23.08;46.17;Bueno;117.50;Regular;Bueno;Regular
2026-04-14;03:00;52;58.29;32.42;24.94;Bueno;72.04;Bueno;32;40.12;23.08;46.17;Bueno;117.50;Regular;Bueno;Regular
2026-04-14;04:00;57;59.62;32.42;24.94;Bueno;72.04;Bueno;42;41.42;23.08;46.17;Bueno;117.50;Regular;Bueno;Regular
2026-04-14;05:00;36;60.17;32.42;24.94;Bueno;72.04;Bueno;25;41.54;23.08;46.17;Bueno;117.50;Regular;Bueno;Regular
2026-04-14;06:00;27;60.50;32.42;24.94;Bueno;72.04;Bueno;25;42.12;23.08;46.17;Bueno;117.50;Regular;Bueno;Regular
2026-04-14;07:00;32;60.67;32.42;24.94;Bueno;72.04;Bueno;23;42.38;23.08;46.17;Bueno;117.50;Regular;Bueno;Regular
2026-04-14;08:00;28;61.08;32.42;24.94;Bueno;72.04;Bueno;21;42.62;23.08;46.17;Bueno;117.50;Regular;Bueno;Regular
2026-04-14;09:00;19;60.50;32.42;24.94;Bueno;72.04;Bueno;15;42.33;23.08;46.17;Bueno;117.50;Regular;Bueno;Regular
2026-04-14;10:00;14;59.12;32.42;24.94;Bueno;72.04;Bueno;8;41.38;23.08;46.17;Bueno;117.50;Regular;Bueno;Regular
2026-04-14;11:00;8;59.42;32.42;24.94;Bueno;72.04;Bueno;7;41.62;23.08;46.17;Bueno;117.50;Regular;Bueno;Regular
2026-04-14;12:00;19;58.83;32.42;24.94;Bueno;72.04;Bueno;12;41.50;23.08;46.17;Bueno;117.50;Regular;Bueno;Regular
2026-04-14;13:00;23;58.25;32.42;24.94;Bueno;72.04;Bueno;12;41.29;23.08;46.17;Bueno;117.50;Regular;Bueno;Regular
2026-04-14;14:00;21;57.42;32.42;24.94;Bueno;72.04;Bueno;16;41.04;23.08;46.17;Bueno;117.50;Regular;Bueno;Regular
2026-04-14;15:00;24;56.33;32.42;24.94;Bueno;72.04;Bueno;15;40.42;23.08;46.17;Bueno;117.50;Regular;Bueno;Regular
2026-04-14;16:00;30;55.21;32.42;24.94;Bueno;72.04;Bueno;16;39.79;23.08;46.17;Bueno;117.50;Regular;Bueno;Regular
2026-04-14;17:00;29;53.17;32.42;24.94;Bueno;72.04;Bueno;21;38.71;23.08;46.17;Bueno;117.50;Regular;Bueno;Regular
2026-04-14;18:00;24;50.38;32.42;24.94;Bueno;72.04;Bueno;22;37.12;23.08;46.17;Bueno;117.50;Regular;Bueno;Regular
2026-04-14;19:00;34;46.50;32.42;24.94;Bueno;72.04;Bueno;21;33.79;23.08;46.17;Bueno;117.50;Regular;Bueno;Regular
2026-04-14;20:00;28;40.62;32.42;24.94;Bueno;72.04;Bueno;18;29.33;23.08;46.17;Bueno;117.50;Regular;Bueno;Regular
2026-04-14;21:00;29;34.96;32.42;24.94;Bueno;72.04;Bueno;18;24.83;23.08;46.17;Bueno;117.50;Regular;Bueno;Regular
2026-04-14;22:00;27;33.04;32.42;24.94;Bueno;72.04;Bueno;21;23.42;23.08;46.17;Bueno;117.50;Regular;Bueno;Regular
2026-04-14;23:00;31;32.42;32.42;24.94;Bueno;72.04;Bueno;23;23.08;23.08;46.17;Bueno;117.50;Regular;Bueno;Regular
2026-04-15;00:00;42;31.25;52.00;40.00;Bueno;111.47;Regular;28;22.08;30.33;60.67;Bueno;133.28;Regular;Bueno;Regular
2026-04-15;01:00;31;30.12;52.00;40.00;Bueno;111.47;Regular;8;20.29;30.33;60.67;Bueno;133.28;Regular;Bueno;Regular
2026-04-15;02:00;25;28.75;52.00;40.00;Bueno;111.47;Regular;12;19.21;30.33;60.67;Bueno;133.28;Regular;Bueno;Regular
2026-04-15;03:00;17;27.29;52.00;40.00;Bueno;111.47;Regular;10;18.29;30.33;60.67;Bueno;133.28;Regular;Bueno;Regular
2026-04-15;04:00;18;25.67;52.00;40.00;Bueno;111.47;Regular;12;17.04;30.33;60.67;Bueno;133.28;Regular;Bueno;Regular
2026-04-15;05:00;22;25.08;52.00;40.00;Bueno;111.47;Regular;18;16.75;30.33;60.67;Bueno;133.28;Regular;Bueno;Regular
2026-04-15;06:00;48;25.96;52.00;40.00;Bueno;111.47;Regular;25;16.75;30.33;60.67;Bueno;133.28;Regular;Bueno;Regular
2026-04-15;07:00;74;27.71;52.00;40.00;Bueno;111.47;Regular;45;17.67;30.33;60.67;Bueno;133.28;Regular;Bueno;Regular
2026-04-15;08:00;126;31.79;52.00;40.00;Bueno;111.47;Regular;63;19.42;30.33;60.67;Bueno;133.28;Regular;Bueno;Regular
2026-04-15;09:00;40;32.67;52.00;40.00;Bueno;111.47;Regular;26;19.88;30.33;60.67;Bueno;133.28;Regular;Bueno;Regular
2026-04-15;10:00;36;33.58;52.00;40.00;Bueno;111.47;Regular;21;20.42;30.33;60.67;Bueno;133.28;Regular;Bueno;Regular
2026-04-15;11:00;53;35.46;52.00;40.00;Bueno;111.47;Regular;29;21.33;30.33;60.67;Bueno;133.28;Regular;Bueno;Regular
2026-04-15;12:00;59;37.12;52.00;40.00;Bueno;111.47;Regular;39;22.46;30.33;60.67;Bueno;133.28;Regular;Bueno;Regular
2026-04-15;13:00;33;37.54;52.00;40.00;Bueno;111.47;Regular;23;22.92;30.33;60.67;Bueno;133.28;Regular;Bueno;Regular
2026-04-15;14:00;25;37.71;52.00;40.00;Bueno;111.47;Regular;21;23.12;30.33;60.67;Bueno;133.28;Regular;Bueno;Regular
2026-04-15;15:00;27;37.83;52.00;40.00;Bueno;111.47;Regular;12;23.00;30.33;60.67;Bueno;133.28;Regular;Bueno;Regular
2026-04-15;16:00;18;37.33;52.00;40.00;Bueno;111.47;Regular;6;22.58;30.33;60.67;Bueno;133.28;Regular;Bueno;Regular
2026-04-15;17:00;38;37.71;52.00;40.00;Bueno;111.47;Regular;25;22.75;30.33;60.67;Bueno;133.28;Regular;Bueno;Regular
2026-04-15;18:00;103;41.00;52.00;40.00;Bueno;111.47;Regular;53;24.04;30.33;60.67;Bueno;133.28;Regular;Bueno;Regular
2026-04-15;19:00;95;43.54;52.00;40.00;Bueno;111.47;Regular;49;25.21;30.33;60.67;Bueno;133.28;Regular;Bueno;Regular
2026-04-15;20:00;129;47.75;52.00;40.00;Bueno;111.47;Regular;88;28.12;30.33;60.67;Bueno;133.28;Regular;Bueno;Regular
2026-04-15;21:00;72;49.54;52.00;40.00;Bueno;111.47;Regular;39;29.00;30.33;60.67;Bueno;133.28;Regular;Bueno;Regular
2026-04-15;22:00;46;50.33;52.00;40.00;Bueno;111.47;Regular;26;29.21;30.33;60.67;Bueno;133.28;Regular;Bueno;Regular
2026-04-15;23:00;71;52.00;52.00;40.00;Bueno;111.47;Regular;50;30.33;30.33;60.67;Bueno;133.28;Regular;Bueno;Regular
2026-04-16;00:00;16;50.92;24.33;18.72;Bueno;54.07;Bueno;11;29.62;16.29;32.58;Bueno;102.79;Regular;Bueno;Regular
2026-04-16;01:00;15;50.25;24.33;18.72;Bueno;54.07;Bueno;8;29.62;16.29;32.58;Bueno;102.79;Regular;Bueno;Regular
2026-04-16;02:00;6;49.46;24.33;18.72;Bueno;54.07;Bueno;4;29.29;16.29;32.58;Bueno;102.79;Regular;Bueno;Regular
2026-04-16;03:00;3;48.88;24.33;18.72;Bueno;54.07;Bueno;1;28.92;16.29;32.58;Bueno;102.79;Regular;Bueno;Regular
2026-04-16;04:00;2;48.21;24.33;18.72;Bueno;54.07;Bueno;1;28.46;16.29;32.58;Bueno;102.79;Regular;Bueno;Regular
2026-04-16;05:00;3;47.42;24.33;18.72;Bueno;54.07;Bueno;2;27.79;16.29;32.58;Bueno;102.79;Regular;Bueno;Regular
2026-04-16;06:00;6;45.67;24.33;18.72;Bueno;54.07;Bueno;3;26.88;16.29;32.58;Bueno;102.79;Regular;Bueno;Regular
2026-04-16;07:00;17;43.29;24.33;18.72;Bueno;54.07;Bueno;6;25.25;16.29;32.58;Bueno;102.79;Regular;Bueno;Regular
2026-04-16;08:00;42;39.79;24.33;18.72;Bueno;54.07;Bueno;21;23.50;16.29;32.58;Bueno;102.79;Regular;Bueno;Regular
2026-04-16;09:00;42;39.88;24.33;18.72;Bueno;54.07;Bueno;18;23.17;16.29;32.58;Bueno;102.79;Regular;Bueno;Regular
2026-04-16;10:00;33;39.75;24.33;18.72;Bueno;54.07;Bueno;20;23.12;16.29;32.58;Bueno;102.79;Regular;Bueno;Regular
2026-04-16;11:00;17;38.25;24.33;18.72;Bueno;54.07;Bueno;13;22.46;16.29;32.58;Bueno;102.79;Regular;Bueno;Regular
2026-04-16;12:00;18;36.54;24.33;18.72;Bueno;54.07;Bueno;14;21.42;16.29;32.58;Bueno;102.79;Regular;Bueno;Regular
2026-04-16;13:00;20;36.00;24.33;18.72;Bueno;54.07;Bueno;10;20.88;16.29;32.58;Bueno;102.79;Regular;Bueno;Regular
2026-04-16;14:00;14;35.54;24.33;18.72;Bueno;54.07;Bueno;6;20.25;16.29;32.58;Bueno;102.79;Regular;Bueno;Regular
2026-04-16;15:00;28;35.58;24.33;18.72;Bueno;54.07;Bueno;15;20.38;16.29;32.58;Bueno;102.79;Regular;Bueno;Regular
2026-04-16;16:00;29;36.04;24.33;18.72;Bueno;54.07;Bueno;22;21.04;16.29;32.58;Bueno;102.79;Regular;Bueno;Regular
2026-04-16;17:00;43;36.25;24.33;18.72;Bueno;54.07;Bueno;34;21.42;16.29;32.58;Bueno;102.79;Regular;Bueno;Regular
2026-04-16;18:00;59;34.42;24.33;18.72;Bueno;54.07;Bueno;48;21.21;16.29;32.58;Bueno;102.79;Regular;Bueno;Regular
2026-04-16;19:00;75;33.58;24.33;18.72;Bueno;54.07;Bueno;63;21.79;16.29;32.58;Bueno;102.79;Regular;Bueno;Regular
2026-04-16;20:00;22;29.12;24.33;18.72;Bueno;54.07;Bueno;16;18.79;16.29;32.58;Bueno;102.79;Regular;Bueno;Regular
2026-04-16;21:00;38;27.71;24.33;18.72;Bueno;54.07;Bueno;29;18.38;16.29;32.58;Bueno;102.79;Regular;Bueno;Regular
2026-04-16;22:00;25;26.83;24.33;18.72;Bueno;54.07;Bueno;20;18.12;16.29;32.58;Bueno;102.79;Regular;Bueno;Regular
2026-04-16;23:00;11;24.33;24.33;18.72;Bueno;54.07;Bueno;6;16.29;16.29;32.58;Bueno;102.79;Regular;Bueno;Regular
2026-04-17;00:00;10;24.08;24.25;18.65;Bueno;53.89;Bueno;10;16.25;14.33;28.67;Bueno;95.56;Bueno;Bueno;Bueno
2026-04-17;01:00;8;23.79;24.25;18.65;Bueno;53.89;Bueno;8;16.25;14.33;28.67;Bueno;95.56;Bueno;Bueno;Bueno
2026-04-17;02:00;10;23.96;24.25;18.65;Bueno;53.89;Bueno;9;16.46;14.33;28.67;Bueno;95.56;Bueno;Bueno;Bueno
2026-04-17;03:00;8;24.17;24.25;18.65;Bueno;53.89;Bueno;7;16.71;14.33;28.67;Bueno;95.56;Bueno;Bueno;Bueno
2026-04-17;04:00;5;24.29;24.25;18.65;Bueno;53.89;Bueno;4;16.83;14.33;28.67;Bueno;95.56;Bueno;Bueno;Bueno
2026-04-17;05:00;4;24.33;24.25;18.65;Bueno;53.89;Bueno;2;16.83;14.33;28.67;Bueno;95.56;Bueno;Bueno;Bueno
2026-04-17;06:00;9;24.46;24.25;18.65;Bueno;53.89;Bueno;5;16.92;14.33;28.67;Bueno;95.56;Bueno;Bueno;Bueno
2026-04-17;07:00;16;24.42;24.25;18.65;Bueno;53.89;Bueno;11;17.12;14.33;28.67;Bueno;95.56;Bueno;Bueno;Bueno
2026-04-17;08:00;30;23.92;24.25;18.65;Bueno;53.89;Bueno;12;16.75;14.33;28.67;Bueno;95.56;Bueno;Bueno;Bueno
2026-04-17;09:00;19;22.96;24.25;18.65;Bueno;53.89;Bueno;11;16.46;14.33;28.67;Bueno;95.56;Bueno;Bueno;Bueno
2026-04-17;10:00;11;22.04;24.25;18.65;Bueno;53.89;Bueno;6;15.88;14.33;28.67;Bueno;95.56;Bueno;Bueno;Bueno
2026-04-17;11:00;9;21.71;24.25;18.65;Bueno;53.89;Bueno;6;15.58;14.33;28.67;Bueno;95.56;Bueno;Bueno;Bueno
2026-04-17;12:00;16;21.62;24.25;18.65;Bueno;53.89;Bueno;5;15.21;14.33;28.67;Bueno;95.56;Bueno;Bueno;Bueno
2026-04-17;13:00;17;21.50;24.25;18.65;Bueno;53.89;Bueno;5;15.00;14.33;28.67;Bueno;95.56;Bueno;Bueno;Bueno
2026-04-17;14:00;19;21.71;24.25;18.65;Bueno;53.89;Bueno;7;15.04;14.33;28.67;Bueno;95.56;Bueno;Bueno;Bueno
2026-04-17;15:00;24;21.54;24.25;18.65;Bueno;53.89;Bueno;9;14.79;14.33;28.67;Bueno;95.56;Bueno;Bueno;Bueno
2026-04-17;16:00;27;21.46;24.25;18.65;Bueno;53.89;Bueno;15;14.50;14.33;28.67;Bueno;95.56;Bueno;Bueno;Bueno
2026-04-17;17:00;39;21.29;24.25;18.65;Bueno;53.89;Bueno;20;13.92;14.33;28.67;Bueno;95.56;Bueno;Bueno;Bueno
2026-04-17;18:00;42;20.58;24.25;18.65;Bueno;53.89;Bueno;27;13.04;14.33;28.67;Bueno;95.56;Bueno;Bueno;Bueno
2026-04-17;19:00;37;19.00;24.25;18.65;Bueno;53.89;Bueno;23;11.38;14.33;28.67;Bueno;95.56;Bueno;Bueno;Bueno
2026-04-17;20:00;26;19.17;24.25;18.65;Bueno;53.89;Bueno;16;11.38;14.33;28.67;Bueno;95.56;Bueno;Bueno;Bueno
2026-04-17;21:00;56;19.92;24.25;18.65;Bueno;53.89;Bueno;33;11.54;14.33;28.67;Bueno;95.56;Bueno;Bueno;Bueno
2026-04-17;22:00;85;22.42;24.25;18.65;Bueno;53.89;Bueno;58;13.12;14.33;28.67;Bueno;95.56;Bueno;Bueno;Bueno
2026-04-17;23:00;55;24.25;24.25;18.65;Bueno;53.89;Bueno;35;14.33;14.33;28.67;Bueno;95.56;Bueno;Bueno;Bueno
2026-04-18;00:00;26;24.92;52.83;40.64;Bueno;112.84;Regular;14;14.50;37.62;75.25;Bueno;149.22;Regular;Bueno;Regular
2026-04-18;01:00;17;25.29;52.83;40.64;Bueno;112.84;Regular;12;14.67;37.62;75.25;Bueno;149.22;Regular;Bueno;Regular
2026-04-18;02:00;13;25.42;52.83;40.64;Bueno;112.84;Regular;7;14.58;37.62;75.25;Bueno;149.22;Regular;Bueno;Regular
2026-04-18;03:00;10;25.50;52.83;40.64;Bueno;112.84;Regular;4;14.46;37.62;75.25;Bueno;149.22;Regular;Bueno;Regular
2026-04-18;04:00;15;25.92;52.83;40.64;Bueno;112.84;Regular;5;14.50;37.62;75.25;Bueno;149.22;Regular;Bueno;Regular
2026-04-18;05:00;14;26.33;52.83;40.64;Bueno;112.84;Regular;7;14.71;37.62;75.25;Bueno;149.22;Regular;Bueno;Regular
2026-04-18;06:00;9;26.33;52.83;40.64;Bueno;112.84;Regular;6;14.75;37.62;75.25;Bueno;149.22;Regular;Bueno;Regular
2026-04-18;07:00;6;25.92;52.83;40.64;Bueno;112.84;Regular;3;14.42;37.62;75.25;Bueno;149.22;Regular;Bueno;Regular
2026-04-18;08:00;4;24.83;52.83;40.64;Bueno;112.84;Regular;1;13.96;37.62;75.25;Bueno;149.22;Regular;Bueno;Regular
2026-04-18;09:00;11;24.50;52.83;40.64;Bueno;112.84;Regular;4;13.67;37.62;75.25;Bueno;149.22;Regular;Bueno;Regular
2026-04-18;10:00;11;24.50;52.83;40.64;Bueno;112.84;Regular;5;13.62;37.62;75.25;Bueno;149.22;Regular;Bueno;Regular
2026-04-18;11:00;20;24.96;52.83;40.64;Bueno;112.84;Regular;7;13.67;37.62;75.25;Bueno;149.22;Regular;Bueno;Regular
2026-04-18;12:00;14;24.88;52.83;40.64;Bueno;112.84;Regular;20;14.29;37.62;75.25;Bueno;149.22;Regular;Bueno;Regular
2026-04-18;13:00;18;24.92;52.83;40.64;Bueno;112.84;Regular;4;14.25;37.62;75.25;Bueno;149.22;Regular;Bueno;Regular
2026-04-18;14:00;21;25.00;52.83;40.64;Bueno;112.84;Regular;1;14.00;37.62;75.25;Bueno;149.22;Regular;Bueno;Regular
2026-04-18;15:00;29;25.21;52.83;40.64;Bueno;112.84;Regular;26;14.71;37.62;75.25;Bueno;149.22;Regular;Bueno;Regular
2026-04-18;16:00;25;25.12;52.83;40.64;Bueno;112.84;Regular;12;14.58;37.62;75.25;Bueno;149.22;Regular;Bueno;Regular
2026-04-18;17:00;31;24.79;52.83;40.64;Bueno;112.84;Regular;19;14.54;37.62;75.25;Bueno;149.22;Regular;Bueno;Regular
2026-04-18;18:00;114;27.79;52.83;40.64;Bueno;112.84;Regular;81;16.79;37.62;75.25;Bueno;149.22;Regular;Bueno;Regular
2026-04-18;19:00;198;34.50;52.83;40.64;Bueno;112.84;Regular;153;22.21;37.62;75.25;Bueno;149.22;Regular;Bueno;Regular
2026-04-18;20:00;252;43.92;52.83;40.64;Bueno;112.84;Regular;189;29.42;37.62;75.25;Bueno;149.22;Regular;Bueno;Regular
2026-04-18;21:00;203;50.04;52.83;40.64;Bueno;112.84;Regular;161;34.75;37.62;75.25;Bueno;149.22;Regular;Bueno;Regular
2026-04-18;22:00;136;52.17;52.83;40.64;Bueno;112.84;Regular;105;36.71;37.62;75.25;Bueno;149.22;Regular;Bueno;Regular
2026-04-18;23:00;71;52.83;52.83;40.64;Bueno;112.84;Regular;57;37.62;37.62;75.25;Bueno;149.22;Regular;Bueno;Regular
2026-04-19;00:00;101;55.96;60.08;46.22;Bueno;124.76;Regular;85;40.58;50.46;101.53;Regular;177.46;Regular;Regular;Regular
2026-04-19;01:00;85;58.79;60.08;46.22;Bueno;124.76;Regular;73;43.12;50.46;101.53;Regular;177.46;Regular;Regular;Regular
2026-04-19;02:00;28;59.42;60.08;46.22;Bueno;124.76;Regular;27;43.96;50.46;101.53;Regular;177.46;Regular;Regular;Regular
2026-04-19;03:00;66;61.75;60.08;46.22;Bueno;124.76;Regular;58;46.21;50.46;101.53;Regular;177.46;Regular;Regular;Regular
2026-04-19;04:00;29;62.33;60.08;46.22;Bueno;124.76;Regular;28;47.17;50.46;101.53;Regular;177.46;Regular;Regular;Regular
2026-04-19;05:00;15;62.38;60.08;46.22;Bueno;124.76;Regular;15;47.50;50.46;101.53;Regular;177.46;Regular;Regular;Regular
2026-04-19;06:00;31;63.29;60.08;46.22;Bueno;124.76;Regular;30;48.50;50.46;101.53;Regular;177.46;Regular;Regular;Regular
2026-04-19;07:00;24;64.04;60.08;46.22;Bueno;124.76;Regular;23;49.33;50.46;101.53;Regular;177.46;Regular;Regular;Regular
2026-04-19;08:00;38;65.46;60.08;46.22;Bueno;124.76;Regular;33;50.67;50.46;101.53;Regular;177.46;Regular;Regular;Regular
2026-04-19;09:00;55;67.29;60.08;46.22;Bueno;124.76;Regular;50;52.58;50.46;101.53;Regular;177.46;Regular;Regular;Regular
2026-04-19;10:00;48;68.83;60.08;46.22;Bueno;124.76;Regular;34;53.79;50.46;101.53;Regular;177.46;Regular;Regular;Regular
2026-04-19;11:00;28;69.17;60.08;46.22;Bueno;124.76;Regular;23;54.46;50.46;101.53;Regular;177.46;Regular;Regular;Regular
2026-04-19;12:00;19;69.38;60.08;46.22;Bueno;124.76;Regular;14;54.21;50.46;101.53;Regular;177.46;Regular;Regular;Regular
2026-04-19;13:00;18;69.38;60.08;46.22;Bueno;124.76;Regular;9;54.42;50.46;101.53;Regular;177.46;Regular;Regular;Regular
2026-04-19;14:00;15;69.12;60.08;46.22;Bueno;124.76;Regular;5;54.58;50.46;101.53;Regular;177.46;Regular;Regular;Regular
2026-04-19;15:00;9;68.29;60.08;46.22;Bueno;124.76;Regular;3;53.62;50.46;101.53;Regular;177.46;Regular;Regular;Regular
2026-04-19;16:00;6;67.50;60.08;46.22;Bueno;124.76;Regular;6;53.38;50.46;101.53;Regular;177.46;Regular;Regular;Regular
2026-04-19;17:00;16;66.88;60.08;46.22;Bueno;124.76;Regular;10;53.00;50.46;101.53;Regular;177.46;Regular;Regular;Regular
2026-04-19;18:00;22;63.04;60.08;46.22;Bueno;124.76;Regular;21;50.50;50.46;101.53;Regular;177.46;Regular;Regular;Regular
2026-04-19;19:00;50;56.88;60.08;46.22;Bueno;124.76;Regular;34;45.54;50.46;101.53;Regular;177.46;Regular;Regular;Regular
2026-04-19;20:00;173;53.58;60.08;46.22;Bueno;124.76;Regular;135;43.29;50.46;101.53;Regular;177.46;Regular;Regular;Regular
2026-04-19;21:00;156;51.62;60.08;46.22;Bueno;124.76;Regular;127;41.88;50.46;101.53;Regular;177.46;Regular;Regular;Regular
2026-04-19;22:00;199;54.25;60.08;46.22;Bueno;124.76;Regular;174;44.75;50.46;101.53;Regular;177.46;Regular;Regular;Regular
2026-04-19;23:00;211;60.08;60.08;46.22;Bueno;124.76;Regular;194;50.46;50.46;101.53;Regular;177.46;Regular;Regular;Regular
2026-04-20;00:00;130;61.29;43.83;33.72;Bueno;97.41;Bueno;116;51.75;31.54;63.08;Bueno;135.92;Regular;Bueno;Regular
2026-04-20;01:00;65;60.46;43.83;33.72;Bueno;97.41;Bueno;60;51.21;31.54;63.08;Bueno;135.92;Regular;Bueno;Regular
2026-04-20;02:00;38;60.88;43.83;33.72;Bueno;97.41;Bueno;31;51.38;31.54;63.08;Bueno;135.92;Regular;Bueno;Regular
2026-04-20;03:00;44;59.96;43.83;33.72;Bueno;97.41;Bueno;39;50.58;31.54;63.08;Bueno;135.92;Regular;Bueno;Regular
2026-04-20;04:00;40;60.42;43.83;33.72;Bueno;97.41;Bueno;37;50.96;31.54;63.08;Bueno;135.92;Regular;Bueno;Regular
2026-04-20;05:00;27;60.92;43.83;33.72;Bueno;97.41;Bueno;19;51.12;31.54;63.08;Bueno;135.92;Regular;Bueno;Regular
2026-04-20;06:00;64;62.29;43.83;33.72;Bueno;97.41;Bueno;37;51.42;31.54;63.08;Bueno;135.92;Regular;Bueno;Regular
2026-04-20;07:00;68;64.12;43.83;33.72;Bueno;97.41;Bueno;42;52.21;31.54;63.08;Bueno;135.92;Regular;Bueno;Regular
2026-04-20;08:00;38;64.12;43.83;33.72;Bueno;97.41;Bueno;18;51.58;31.54;63.08;Bueno;135.92;Regular;Bueno;Regular
2026-04-20;09:00;56;64.17;43.83;33.72;Bueno;97.41;Bueno;46;51.42;31.54;63.08;Bueno;135.92;Regular;Bueno;Regular
2026-04-20;10:00;41;63.88;43.83;33.72;Bueno;97.41;Bueno;21;50.88;31.54;63.08;Bueno;135.92;Regular;Bueno;Regular
2026-04-20;11:00;22;63.62;43.83;33.72;Bueno;97.41;Bueno;14;50.50;31.54;63.08;Bueno;135.92;Regular;Bueno;Regular
2026-04-20;12:00;21;63.71;43.83;33.72;Bueno;97.41;Bueno;16;50.58;31.54;63.08;Bueno;135.92;Regular;Bueno;Regular
2026-04-20;13:00;17;63.67;43.83;33.72;Bueno;97.41;Bueno;6;50.46;31.54;63.08;Bueno;135.92;Regular;Bueno;Regular
2026-04-20;14:00;16;63.71;43.83;33.72;Bueno;97.41;Bueno;5;50.46;31.54;63.08;Bueno;135.92;Regular;Bueno;Regular
2026-04-20;15:00;9;63.71;43.83;33.72;Bueno;97.41;Bueno;6;50.58;31.54;63.08;Bueno;135.92;Regular;Bueno;Regular
2026-04-20;16:00;18;64.21;43.83;33.72;Bueno;97.41;Bueno;9;50.71;31.54;63.08;Bueno;135.92;Regular;Bueno;Regular
2026-04-20;17:00;24;64.54;43.83;33.72;Bueno;97.41;Bueno;15;50.92;31.54;63.08;Bueno;135.92;Regular;Bueno;Regular
2026-04-20;18:00;45;65.50;43.83;33.72;Bueno;97.41;Bueno;29;51.25;31.54;63.08;Bueno;135.92;Regular;Bueno;Regular
2026-04-20;19:00;51;65.54;43.83;33.72;Bueno;97.41;Bueno;35;51.29;31.54;63.08;Bueno;135.92;Regular;Bueno;Regular
2026-04-20;20:00;58;60.75;43.83;33.72;Bueno;97.41;Bueno;39;47.29;31.54;63.08;Bueno;135.92;Regular;Bueno;Regular
2026-04-20;21:00;49;56.29;43.83;33.72;Bueno;97.41;Bueno;35;43.46;31.54;63.08;Bueno;135.92;Regular;Bueno;Regular
2026-04-20;22:00;39;49.62;43.83;33.72;Bueno;97.41;Bueno;25;37.25;31.54;63.08;Bueno;135.92;Regular;Bueno;Regular
2026-04-20;23:00;72;43.83;43.83;33.72;Bueno;97.41;Bueno;57;31.54;31.54;63.08;Bueno;135.92;Regular;Bueno;Regular
2026-04-21;00:00;71;41.38;58.54;45.03;Bueno;122.22;Regular;56;29.04;41.79;83.58;Bueno;158.37;Regular;Bueno;Regular
2026-04-21;01:00;71;41.62;58.54;45.03;Bueno;122.22;Regular;63;29.17;41.79;83.58;Bueno;158.37;Regular;Bueno;Regular
2026-04-21;02:00;47;42.00;58.54;45.03;Bueno;122.22;Regular;35;29.33;41.79;83.58;Bueno;158.37;Regular;Bueno;Regular
2026-04-21;03:00;40;41.83;58.54;45.03;Bueno;122.22;Regular;39;29.33;41.79;83.58;Bueno;158.37;Regular;Bueno;Regular
2026-04-21;04:00;39;41.79;58.54;45.03;Bueno;122.22;Regular;27;28.92;41.79;83.58;Bueno;158.37;Regular;Bueno;Regular
2026-04-21;05:00;34;42.08;58.54;45.03;Bueno;122.22;Regular;27;29.25;41.79;83.58;Bueno;158.37;Regular;Bueno;Regular
2026-04-21;06:00;53;41.62;58.54;45.03;Bueno;122.22;Regular;30;28.96;41.79;83.58;Bueno;158.37;Regular;Bueno;Regular
2026-04-21;07:00;78;42.04;58.54;45.03;Bueno;122.22;Regular;54;29.46;41.79;83.58;Bueno;158.37;Regular;Bueno;Regular
2026-04-21;08:00;105;44.83;58.54;45.03;Bueno;122.22;Regular;62;31.29;41.79;83.58;Bueno;158.37;Regular;Bueno;Regular
2026-04-21;09:00;97;46.54;58.54;45.03;Bueno;122.22;Regular;65;32.08;41.79;83.58;Bueno;158.37;Regular;Bueno;Regular
2026-04-21;10:00;57;47.21;58.54;45.03;Bueno;122.22;Regular;34;32.62;41.79;83.58;Bueno;158.37;Regular;Bueno;Regular
2026-04-21;11:00;47;48.25;58.54;45.03;Bueno;122.22;Regular;34;33.46;41.79;83.58;Bueno;158.37;Regular;Bueno;Regular
2026-04-21;12:00;44;49.21;58.54;45.03;Bueno;122.22;Regular;36;34.29;41.79;83.58;Bueno;158.37;Regular;Bueno;Regular
2026-04-21;13:00;21;49.38;58.54;45.03;Bueno;122.22;Regular;12;34.54;41.79;83.58;Bueno;158.37;Regular;Bueno;Regular
2026-04-21;14:00;13;49.25;58.54;45.03;Bueno;122.22;Regular;9;34.71;41.79;83.58;Bueno;158.37;Regular;Bueno;Regular
2026-04-21;15:00;11;49.33;58.54;45.03;Bueno;122.22;Regular;11;34.92;41.79;83.58;Bueno;158.37;Regular;Bueno;Regular
2026-04-21;16:00;17;49.29;58.54;45.03;Bueno;122.22;Regular;9;34.92;41.79;83.58;Bueno;158.37;Regular;Bueno;Regular
2026-04-21;17:00;18;49.04;58.54;45.03;Bueno;122.22;Regular;12;34.79;41.79;83.58;Bueno;158.37;Regular;Bueno;Regular
2026-04-21;18:00;43;48.96;58.54;45.03;Bueno;122.22;Regular;24;34.58;41.79;83.58;Bueno;158.37;Regular;Bueno;Regular
2026-04-21;19:00;161;53.54;58.54;45.03;Bueno;122.22;Regular;115;37.92;41.79;83.58;Bueno;158.37;Regular;Bueno;Regular
2026-04-21;20:00;142;57.04;58.54;45.03;Bueno;122.22;Regular;102;40.54;41.79;83.58;Bueno;158.37;Regular;Bueno;Regular
2026-04-21;21:00;127;60.29;58.54;45.03;Bueno;122.22;Regular;98;43.17;41.79;83.58;Bueno;158.37;Regular;Bueno;Regular
2026-04-21;22:00;37;60.21;58.54;45.03;Bueno;122.22;Regular;27;43.25;41.79;83.58;Bueno;158.37;Regular;Bueno;Regular
2026-04-21;23:00;32;58.54;58.54;45.03;Bueno;122.22;Regular;22;41.79;41.79;83.58;Bueno;158.37;Regular;Bueno;Regular
2026-04-22;00:00;33;56.96;39.96;30.74;Bueno;88.80;Bueno;16;40.12;29.04;58.08;Bueno;130.46;Regular;Bueno;Regular
2026-04-22;01:00;27;55.12;39.96;30.74;Bueno;88.80;Bueno;20;38.33;29.04;58.08;Bueno;130.46;Regular;Bueno;Regular
2026-04-22;02:00;21;54.04;39.96;30.74;Bueno;88.80;Bueno;13;37.42;29.04;58.08;Bueno;130.46;Regular;Bueno;Regular
2026-04-22;03:00;20;53.21;39.96;30.74;Bueno;88.80;Bueno;18;36.54;29.04;58.08;Bueno;130.46;Regular;Bueno;Regular
2026-04-22;04:00;20;52.42;39.96;30.74;Bueno;88.80;Bueno;12;35.92;29.04;58.08;Bueno;130.46;Regular;Bueno;Regular
2026-04-22;05:00;15;51.62;39.96;30.74;Bueno;88.80;Bueno;10;35.21;29.04;58.08;Bueno;130.46;Regular;Bueno;Regular
2026-04-22;06:00;14;50.00;39.96;30.74;Bueno;88.80;Bueno;12;34.46;29.04;58.08;Bueno;130.46;Regular;Bueno;Regular
2026-04-22;07:00;20;47.58;39.96;30.74;Bueno;88.80;Bueno;13;32.75;29.04;58.08;Bueno;130.46;Regular;Bueno;Regular
2026-04-22;08:00;18;43.96;39.96;30.74;Bueno;88.80;Bueno;18;30.92;29.04;58.08;Bueno;130.46;Regular;Bueno;Regular
2026-04-22;09:00;29;41.12;39.96;30.74;Bueno;88.80;Bueno;20;29.04;29.04;58.08;Bueno;130.46;Regular;Bueno;Regular
2026-04-22;10:00;34;40.17;39.96;30.74;Bueno;88.80;Bueno;22;28.54;29.04;58.08;Bueno;130.46;Regular;Bueno;Regular
2026-04-22;11:00;26;39.29;39.96;30.74;Bueno;88.80;Bueno;20;27.96;29.04;58.08;Bueno;130.46;Regular;Bueno;Regular
2026-04-22;12:00;28;38.62;39.96;30.74;Bueno;88.80;Bueno;20;27.29;29.04;58.08;Bueno;130.46;Regular;Bueno;Regular
2026-04-22;13:00;21;38.62;39.96;30.74;Bueno;88.80;Bueno;12;27.29;29.04;58.08;Bueno;130.46;Regular;Bueno;Regular
2026-04-22;14:00;15;38.71;39.96;30.74;Bueno;88.80;Bueno;13;27.46;29.04;58.08;Bueno;130.46;Regular;Bueno;Regular
2026-04-22;15:00;21;39.12;39.96;30.74;Bueno;88.80;Bueno;13;27.54;29.04;58.08;Bueno;130.46;Regular;Bueno;Regular
2026-04-22;16:00;15;39.04;39.96;30.74;Bueno;88.80;Bueno;9;27.54;29.04;58.08;Bueno;130.46;Regular;Bueno;Regular
2026-04-22;17:00;22;39.21;39.96;30.74;Bueno;88.80;Bueno;13;27.58;29.04;58.08;Bueno;130.46;Regular;Bueno;Regular
2026-04-22;18:00;45;39.29;39.96;30.74;Bueno;88.80;Bueno;31;27.88;29.04;58.08;Bueno;130.46;Regular;Bueno;Regular
2026-04-22;19:00;86;36.17;39.96;30.74;Bueno;88.80;Bueno;60;25.58;29.04;58.08;Bueno;130.46;Regular;Bueno;Regular
2026-04-22;20:00;90;34.00;39.96;30.74;Bueno;88.80;Bueno;68;24.17;29.04;58.08;Bueno;130.46;Regular;Bueno;Regular
2026-04-22;21:00;102;32.96;39.96;30.74;Bueno;88.80;Bueno;80;23.42;29.04;58.08;Bueno;130.46;Regular;Bueno;Regular
2026-04-22;22:00;106;35.83;39.96;30.74;Bueno;88.80;Bueno;82;25.71;29.04;58.08;Bueno;130.46;Regular;Bueno;Regular
2026-04-22;23:00;131;39.96;39.96;30.74;Bueno;88.80;Bueno;102;29.04;29.04;58.08;Bueno;130.46;Regular;Bueno;Regular
2026-04-23;00:00;138;44.33;45.92;35.32;Bueno;101.50;Regular;112;33.04;31.50;63.00;Bueno;135.83;Regular;Bueno;Regular
2026-04-23;01:00;60;45.71;45.92;35.32;Bueno;101.50;Regular;49;34.25;31.50;63.00;Bueno;135.83;Regular;Bueno;Regular
2026-04-23;02:00;38;46.42;45.92;35.32;Bueno;101.50;Regular;36;35.21;31.50;63.00;Bueno;135.83;Regular;Bueno;Regular
2026-04-23;03:00;18;46.33;45.92;35.32;Bueno;101.50;Regular;14;35.04;31.50;63.00;Bueno;135.83;Regular;Bueno;Regular
2026-04-23;04:00;24;46.50;45.92;35.32;Bueno;101.50;Regular;23;35.50;31.50;63.00;Bueno;135.83;Regular;Bueno;Regular
2026-04-23;05:00;27;47.00;45.92;35.32;Bueno;101.50;Regular;22;36.00;31.50;63.00;Bueno;135.83;Regular;Bueno;Regular
2026-04-23;06:00;17;47.12;45.92;35.32;Bueno;101.50;Regular;13;36.04;31.50;63.00;Bueno;135.83;Regular;Bueno;Regular
2026-04-23;07:00;28;47.46;45.92;35.32;Bueno;101.50;Regular;21;36.38;31.50;63.00;Bueno;135.83;Regular;Bueno;Regular
2026-04-23;08:00;39;48.33;45.92;35.32;Bueno;101.50;Regular;26;36.71;31.50;63.00;Bueno;135.83;Regular;Bueno;Regular
2026-04-23;09:00;41;48.83;45.92;35.32;Bueno;101.50;Regular;21;36.75;31.50;63.00;Bueno;135.83;Regular;Bueno;Regular
2026-04-23;10:00;32;48.75;45.92;35.32;Bueno;101.50;Regular;19;36.62;31.50;63.00;Bueno;135.83;Regular;Bueno;Regular
2026-04-23;11:00;45;49.54;45.92;35.32;Bueno;101.50;Regular;33;37.17;31.50;63.00;Bueno;135.83;Regular;Bueno;Regular
2026-04-23;12:00;29;49.58;45.92;35.32;Bueno;101.50;Regular;17;37.04;31.50;63.00;Bueno;135.83;Regular;Bueno;Regular
2026-04-23;13:00;25;49.75;45.92;35.32;Bueno;101.50;Regular;19;37.33;31.50;63.00;Bueno;135.83;Regular;Bueno;Regular
2026-04-23;14:00;21;50.00;45.92;35.32;Bueno;101.50;Regular;12;37.29;31.50;63.00;Bueno;135.83;Regular;Bueno;Regular
2026-04-23;15:00;21;50.00;45.92;35.32;Bueno;101.50;Regular;14;37.33;31.50;63.00;Bueno;135.83;Regular;Bueno;Regular
2026-04-23;16:00;25;50.42;45.92;35.32;Bueno;101.50;Regular;10;37.38;31.50;63.00;Bueno;135.83;Regular;Bueno;Regular
2026-04-23;17:00;33;50.88;45.92;35.32;Bueno;101.50;Regular;17;37.54;31.50;63.00;Bueno;135.83;Regular;Bueno;Regular
2026-04-23;18:00;77;52.21;45.92;35.32;Bueno;101.50;Regular;43;38.04;31.50;63.00;Bueno;135.83;Regular;Bueno;Regular
2026-04-23;19:00;103;52.92;45.92;35.32;Bueno;101.50;Regular;66;38.29;31.50;63.00;Bueno;135.83;Regular;Bueno;Regular
2026-04-23;20:00;48;51.17;45.92;35.32;Bueno;101.50;Regular;31;36.75;31.50;63.00;Bueno;135.83;Regular;Bueno;Regular
2026-04-23;21:00;66;49.67;45.92;35.32;Bueno;101.50;Regular;46;35.33;31.50;63.00;Bueno;135.83;Regular;Bueno;Regular
2026-04-23;22:00;71;48.21;45.92;35.32;Bueno;101.50;Regular;39;33.54;31.50;63.00;Bueno;135.83;Regular;Bueno;Regular
2026-04-23;23:00;76;45.92;45.92;35.32;Bueno;101.50;Regular;53;31.50;31.50;63.00;Bueno;135.83;Regular;Bueno;Regular
2026-04-24;00:00;51;42.29;24.29;18.69;Bueno;53.98;Bueno;41;28.54;18.00;36.00;Bueno;106.49;Regular;Bueno;Regular
2026-04-24;01:00;37;41.33;24.29;18.69;Bueno;53.98;Bueno;31;27.79;18.00;36.00;Bueno;106.49;Regular;Bueno;Regular
2026-04-24;02:00;18;40.50;24.29;18.69;Bueno;53.98;Bueno;15;26.92;18.00;36.00;Bueno;106.49;Regular;Bueno;Regular
2026-04-24;03:00;29;40.96;24.29;18.69;Bueno;53.98;Bueno;19;27.12;18.00;36.00;Bueno;106.49;Regular;Bueno;Regular
2026-04-24;04:00;18;40.71;24.29;18.69;Bueno;53.98;Bueno;17;26.88;18.00;36.00;Bueno;106.49;Regular;Bueno;Regular
2026-04-24;05:00;14;40.17;24.29;18.69;Bueno;53.98;Bueno;14;26.54;18.00;36.00;Bueno;106.49;Regular;Bueno;Regular
2026-04-24;06:00;23;40.42;24.29;18.69;Bueno;53.98;Bueno;22;26.92;18.00;36.00;Bueno;106.49;Regular;Bueno;Regular
2026-04-24;07:00;18;40.00;24.29;18.69;Bueno;53.98;Bueno;15;26.67;18.00;36.00;Bueno;106.49;Regular;Bueno;Regular
2026-04-24;08:00;18;39.12;24.29;18.69;Bueno;53.98;Bueno;14;26.17;18.00;36.00;Bueno;106.49;Regular;Bueno;Regular
2026-04-24;09:00;18;38.17;24.29;18.69;Bueno;53.98;Bueno;17;26.00;18.00;36.00;Bueno;106.49;Regular;Bueno;Regular
2026-04-24;10:00;27;37.96;24.29;18.69;Bueno;53.98;Bueno;18;25.96;18.00;36.00;Bueno;106.49;Regular;Bueno;Regular
2026-04-24;11:00;23;37.04;24.29;18.69;Bueno;53.98;Bueno;22;25.50;18.00;36.00;Bueno;106.49;Regular;Bueno;Regular
2026-04-24;12:00;6;36.08;24.29;18.69;Bueno;53.98;Bueno;5;25.00;18.00;36.00;Bueno;106.49;Regular;Bueno;Regular
2026-04-24;13:00;35;36.50;24.29;18.69;Bueno;53.98;Bueno;5;24.42;18.00;36.00;Bueno;106.49;Regular;Bueno;Regular
2026-04-24;14:00;20;36.46;24.29;18.69;Bueno;53.98;Bueno;5;24.12;18.00;36.00;Bueno;106.49;Regular;Bueno;Regular
2026-04-24;15:00;10;36.00;24.29;18.69;Bueno;53.98;Bueno;6;23.79;18.00;36.00;Bueno;106.49;Regular;Bueno;Regular
2026-04-24;16:00;8;35.29;24.29;18.69;Bueno;53.98;Bueno;4;23.54;18.00;36.00;Bueno;106.49;Regular;Bueno;Regular
2026-04-24;17:00;13;34.46;24.29;18.69;Bueno;53.98;Bueno;13;23.38;18.00;36.00;Bueno;106.49;Regular;Bueno;Regular
2026-04-24;18:00;27;32.38;24.29;18.69;Bueno;53.98;Bueno;21;22.46;18.00;36.00;Bueno;106.49;Regular;Bueno;Regular
2026-04-24;19:00;39;29.71;24.29;18.69;Bueno;53.98;Bueno;25;20.75;18.00;36.00;Bueno;106.49;Regular;Bueno;Regular
2026-04-24;20:00;27;28.83;24.29;18.69;Bueno;53.98;Bueno;22;20.38;18.00;36.00;Bueno;106.49;Regular;Bueno;Regular
2026-04-24;21:00;18;26.83;24.29;18.69;Bueno;53.98;Bueno;17;19.17;18.00;36.00;Bueno;106.49;Regular;Bueno;Regular
2026-04-24;22:00;42;25.62;24.29;18.69;Bueno;53.98;Bueno;32;18.88;18.00;36.00;Bueno;106.49;Regular;Bueno;Regular
2026-04-24;23:00;44;24.29;24.29;18.69;Bueno;53.98;Bueno;32;18.00;18.00;36.00;Bueno;106.49;Regular;Bueno;Regular
2026-04-25;00:00;74;25.25;28.88;22.21;Bueno;64.17;Bueno;60;18.79;22.67;45.33;Bueno;116.60;Regular;Bueno;Regular
2026-04-25;01:00;58;26.12;28.88;22.21;Bueno;64.17;Bueno;40;19.17;22.67;45.33;Bueno;116.60;Regular;Bueno;Regular
2026-04-25;02:00;35;26.83;28.88;22.21;Bueno;64.17;Bueno;25;19.58;22.67;45.33;Bueno;116.60;Regular;Bueno;Regular
2026-04-25;03:00;35;27.08;28.88;22.21;Bueno;64.17;Bueno;27;19.92;22.67;45.33;Bueno;116.60;Regular;Bueno;Regular
2026-04-25;04:00;38;27.92;28.88;22.21;Bueno;64.17;Bueno;30;20.46;22.67;45.33;Bueno;116.60;Regular;Bueno;Regular
2026-04-25;05:00;28;28.50;28.88;22.21;Bueno;64.17;Bueno;24;20.88;22.67;45.33;Bueno;116.60;Regular;Bueno;Regular
2026-04-25;06:00;34;28.96;28.88;22.21;Bueno;64.17;Bueno;18;20.71;22.67;45.33;Bueno;116.60;Regular;Bueno;Regular
2026-04-25;07:00;25;29.25;28.88;22.21;Bueno;64.17;Bueno;16;20.75;22.67;45.33;Bueno;116.60;Regular;Bueno;Regular
2026-04-25;08:00;22;29.42;28.88;22.21;Bueno;64.17;Bueno;21;21.04;22.67;45.33;Bueno;116.60;Regular;Bueno;Regular
2026-04-25;09:00;30;29.92;28.88;22.21;Bueno;64.17;Bueno;29;21.54;22.67;45.33;Bueno;116.60;Regular;Bueno;Regular
2026-04-25;10:00;37;30.33;28.88;22.21;Bueno;64.17;Bueno;32;22.12;22.67;45.33;Bueno;116.60;Regular;Bueno;Regular
2026-04-25;11:00;41;31.08;28.88;22.21;Bueno;64.17;Bueno;22;22.12;22.67;45.33;Bueno;116.60;Regular;Bueno;Regular
2026-04-25;12:00;14;31.42;28.88;22.21;Bueno;64.17;Bueno;8;22.25;22.67;45.33;Bueno;116.60;Regular;Bueno;Regular
2026-04-25;13:00;9;30.33;28.88;22.21;Bueno;64.17;Bueno;8;22.38;22.67;45.33;Bueno;116.60;Regular;Bueno;Regular
2026-04-25;14:00;10;29.92;28.88;22.21;Bueno;64.17;Bueno;9;22.54;22.67;45.33;Bueno;116.60;Regular;Bueno;Regular
2026-04-25;15:00;11;29.96;28.88;22.21;Bueno;64.17;Bueno;10;22.71;22.67;45.33;Bueno;116.60;Regular;Bueno;Regular
2026-04-25;16:00;15;30.25;28.88;22.21;Bueno;64.17;Bueno;9;22.92;22.67;45.33;Bueno;116.60;Regular;Bueno;Regular
2026-04-25;17:00;16;30.38;28.88;22.21;Bueno;64.17;Bueno;8;22.71;22.67;45.33;Bueno;116.60;Regular;Bueno;Regular
2026-04-25;18:00;14;29.83;28.88;22.21;Bueno;64.17;Bueno;15;22.46;22.67;45.33;Bueno;116.60;Regular;Bueno;Regular
2026-04-25;19:00;42;29.96;28.88;22.21;Bueno;64.17;Bueno;38;23.00;22.67;45.33;Bueno;116.60;Regular;Bueno;Regular
2026-04-25;20:00;32;30.17;28.88;22.21;Bueno;64.17;Bueno;29;23.29;22.67;45.33;Bueno;116.60;Regular;Bueno;Regular
2026-04-25;21:00;22;30.33;28.88;22.21;Bueno;64.17;Bueno;21;23.46;22.67;45.33;Bueno;116.60;Regular;Bueno;Regular
2026-04-25;22:00;27;29.71;28.88;22.21;Bueno;64.17;Bueno;26;23.21;22.67;45.33;Bueno;116.60;Regular;Bueno;Regular
2026-04-25;23:00;24;28.88;28.88;22.21;Bueno;64.17;Bueno;19;22.67;22.67;45.33;Bueno;116.60;Regular;Bueno;Regular
2026-04-26;00:00;14;26.38;40.42;31.09;Bueno;89.81;Bueno;14;20.75;34.29;68.58;Bueno;141.92;Regular;Bueno;Regular
2026-04-26;01:00;10;24.38;40.42;31.09;Bueno;89.81;Bueno;10;19.50;34.29;68.58;Bueno;141.92;Regular;Bueno;Regular
2026-04-26;02:00;19;23.71;40.42;31.09;Bueno;89.81;Bueno;12;18.96;34.29;68.58;Bueno;141.92;Regular;Bueno;Regular
2026-04-26;03:00;12;22.75;40.42;31.09;Bueno;89.81;Bueno;8;18.17;34.29;68.58;Bueno;141.92;Regular;Bueno;Regular
2026-04-26;04:00;8;21.50;40.42;31.09;Bueno;89.81;Bueno;9;17.29;34.29;68.58;Bueno;141.92;Regular;Bueno;Regular
2026-04-26;05:00;9;20.71;40.42;31.09;Bueno;89.81;Bueno;8;16.62;34.29;68.58;Bueno;141.92;Regular;Bueno;Regular
2026-04-26;06:00;21;20.17;40.42;31.09;Bueno;89.81;Bueno;16;16.54;34.29;68.58;Bueno;141.92;Regular;Bueno;Regular
2026-04-26;07:00;28;20.29;40.42;31.09;Bueno;89.81;Bueno;21;16.75;34.29;68.58;Bueno;141.92;Regular;Bueno;Regular
2026-04-26;08:00;52;21.54;40.42;31.09;Bueno;89.81;Bueno;45;17.75;34.29;68.58;Bueno;141.92;Regular;Bueno;Regular
2026-04-26;09:00;19;21.08;40.42;31.09;Bueno;89.81;Bueno;16;17.21;34.29;68.58;Bueno;141.92;Regular;Bueno;Regular
2026-04-26;10:00;15;20.17;40.42;31.09;Bueno;89.81;Bueno;6;16.12;34.29;68.58;Bueno;141.92;Regular;Bueno;Regular
2026-04-26;11:00;18;19.21;40.42;31.09;Bueno;89.81;Bueno;10;15.62;34.29;68.58;Bueno;141.92;Regular;Bueno;Regular
2026-04-26;12:00;13;19.17;40.42;31.09;Bueno;89.81;Bueno;9;15.67;34.29;68.58;Bueno;141.92;Regular;Bueno;Regular
2026-04-26;13:00;10;19.21;40.42;31.09;Bueno;89.81;Bueno;7;15.62;34.29;68.58;Bueno;141.92;Regular;Bueno;Regular
2026-04-26;14:00;11;19.25;40.42;31.09;Bueno;89.81;Bueno;7;15.54;34.29;68.58;Bueno;141.92;Regular;Bueno;Regular
2026-04-26;15:00;10;19.21;40.42;31.09;Bueno;89.81;Bueno;6;15.38;34.29;68.58;Bueno;141.92;Regular;Bueno;Regular
2026-04-26;16:00;10;19.00;40.42;31.09;Bueno;89.81;Bueno;9;15.38;34.29;68.58;Bueno;141.92;Regular;Bueno;Regular
2026-04-26;17:00;25;19.38;40.42;31.09;Bueno;89.81;Bueno;20;15.88;34.29;68.58;Bueno;141.92;Regular;Bueno;Regular
2026-04-26;18:00;42;20.54;40.42;31.09;Bueno;89.81;Bueno;36;16.75;34.29;68.58;Bueno;141.92;Regular;Bueno;Regular
2026-04-26;19:00;73;21.83;40.42;31.09;Bueno;89.81;Bueno;64;17.83;34.29;68.58;Bueno;141.92;Regular;Bueno;Regular
2026-04-26;20:00;155;26.96;40.42;31.09;Bueno;89.81;Bueno;142;22.54;34.29;68.58;Bueno;141.92;Regular;Bueno;Regular
2026-04-26;21:00;185;33.75;40.42;31.09;Bueno;89.81;Bueno;163;28.46;34.29;68.58;Bueno;141.92;Regular;Bueno;Regular
2026-04-26;22:00;124;37.79;40.42;31.09;Bueno;89.81;Bueno;109;31.92;34.29;68.58;Bueno;141.92;Regular;Bueno;Regular
2026-04-26;23:00;87;40.42;40.42;31.09;Bueno;89.81;Bueno;76;34.29;34.29;68.58;Bueno;141.92;Regular;Bueno;Regular
2026-04-27;00:00;69;42.71;26.04;20.03;Bueno;57.87;Bueno;60;36.21;21.46;42.92;Bueno;113.98;Regular;Bueno;Regular
2026-04-27;01:00;76;45.46;26.04;20.03;Bueno;57.87;Bueno;69;38.67;21.46;42.92;Bueno;113.98;Regular;Bueno;Regular
2026-04-27;02:00;45;46.54;26.04;20.03;Bueno;57.87;Bueno;38;39.75;21.46;42.92;Bueno;113.98;Regular;Bueno;Regular
2026-04-27;03:00;25;47.08;26.04;20.03;Bueno;57.87;Bueno;21;40.29;21.46;42.92;Bueno;113.98;Regular;Bueno;Regular
2026-04-27;04:00;24;47.75;26.04;20.03;Bueno;57.87;Bueno;15;40.54;21.46;42.92;Bueno;113.98;Regular;Bueno;Regular
2026-04-27;05:00;32;48.71;26.04;20.03;Bueno;57.87;Bueno;24;41.21;21.46;42.92;Bueno;113.98;Regular;Bueno;Regular
2026-04-27;06:00;34;49.25;26.04;20.03;Bueno;57.87;Bueno;26;41.62;21.46;42.92;Bueno;113.98;Regular;Bueno;Regular
2026-04-27;07:00;25;49.12;26.04;20.03;Bueno;57.87;Bueno;20;41.58;21.46;42.92;Bueno;113.98;Regular;Bueno;Regular
2026-04-27;08:00;17;47.67;26.04;20.03;Bueno;57.87;Bueno;17;40.42;21.46;42.92;Bueno;113.98;Regular;Bueno;Regular
2026-04-27;09:00;21;47.75;26.04;20.03;Bueno;57.87;Bueno;14;40.33;21.46;42.92;Bueno;113.98;Regular;Bueno;Regular
2026-04-27;10:00;30;48.38;26.04;20.03;Bueno;57.87;Bueno;17;40.79;21.46;42.92;Bueno;113.98;Regular;Bueno;Regular
2026-04-27;11:00;28;48.79;26.04;20.03;Bueno;57.87;Bueno;27;41.50;21.46;42.92;Bueno;113.98;Regular;Bueno;Regular
2026-04-27;12:00;18;49.00;26.04;20.03;Bueno;57.87;Bueno;17;41.83;21.46;42.92;Bueno;113.98;Regular;Bueno;Regular
2026-04-27;13:00;20;49.42;26.04;20.03;Bueno;57.87;Bueno;12;42.04;21.46;42.92;Bueno;113.98;Regular;Bueno;Regular
2026-04-27;14:00;27;50.08;26.04;20.03;Bueno;57.87;Bueno;19;42.54;21.46;42.92;Bueno;113.98;Regular;Bueno;Regular
2026-04-27;15:00;21;50.54;26.04;20.03;Bueno;57.87;Bueno;15;42.92;21.46;42.92;Bueno;113.98;Regular;Bueno;Regular
2026-04-27;16:00;14;50.71;26.04;20.03;Bueno;57.87;Bueno;12;43.04;21.46;42.92;Bueno;113.98;Regular;Bueno;Regular
2026-04-27;17:00;13;50.21;26.04;20.03;Bueno;57.87;Bueno;12;42.71;21.46;42.92;Bueno;113.98;Regular;Bueno;Regular
2026-04-27;18:00;13;49.00;26.04;20.03;Bueno;57.87;Bueno;12;41.71;21.46;42.92;Bueno;113.98;Regular;Bueno;Regular
2026-04-27;19:00;12;46.46;26.04;20.03;Bueno;57.87;Bueno;12;39.54;21.46;42.92;Bueno;113.98;Regular;Bueno;Regular
2026-04-27;20:00;13;40.54;26.04;20.03;Bueno;57.87;Bueno;12;34.12;21.46;42.92;Bueno;113.98;Regular;Bueno;Regular
2026-04-27;21:00;18;33.58;26.04;20.03;Bueno;57.87;Bueno;16;28.00;21.46;42.92;Bueno;113.98;Regular;Bueno;Regular
2026-04-27;22:00;14;29.00;26.04;20.03;Bueno;57.87;Bueno;13;24.00;21.46;42.92;Bueno;113.98;Regular;Bueno;Regular
2026-04-27;23:00;16;26.04;26.04;20.03;Bueno;57.87;Bueno;15;21.46;21.46;42.92;Bueno;113.98;Regular;Bueno;Regular
2026-04-28;00:00;13;23.71;19.50;15.00;Bueno;43.33;Bueno;12;19.46;15.18;30.36;Bueno;100.39;Regular;Bueno;Regular
2026-04-28;01:00;7;20.83;19.50;15.00;Bueno;43.33;Bueno;7;16.88;15.18;30.36;Bueno;100.39;Regular;Bueno;Regular
2026-04-28;02:00;15;19.58;19.50;15.00;Bueno;43.33;Bueno;14;15.88;15.18;30.36;Bueno;100.39;Regular;Bueno;Regular
2026-04-28;03:00;14;19.12;19.50;15.00;Bueno;43.33;Bueno;13;15.54;15.18;30.36;Bueno;100.39;Regular;Bueno;Regular
2026-04-28;04:00;10;18.54;19.50;15.00;Bueno;43.33;Bueno;9;15.29;15.18;30.36;Bueno;100.39;Regular;Bueno;Regular
2026-04-28;05:00;10;17.62;19.50;15.00;Bueno;43.33;Bueno;10;14.71;15.18;30.36;Bueno;100.39;Regular;Bueno;Regular
2026-04-28;06:00;9;16.58;19.50;15.00;Bueno;43.33;Bueno;9;14.00;15.18;30.36;Bueno;100.39;Regular;Bueno;Regular
2026-04-28;07:00;9;15.92;19.50;15.00;Bueno;43.33;Bueno;9;13.54;15.18;30.36;Bueno;100.39;Regular;Bueno;Regular
2026-04-28;08:00;11;15.67;19.50;15.00;Bueno;43.33;Bueno;10;13.25;15.18;30.36;Bueno;100.39;Regular;Bueno;Regular
2026-04-28;09:00;21;15.67;19.50;15.00;Bueno;43.33;Bueno;9;13.04;15.18;30.36;Bueno;100.39;Regular;Bueno;Regular
2026-04-28;10:00;12;14.92;19.50;15.00;Bueno;43.33;Bueno;10;12.75;15.18;30.36;Bueno;100.39;Regular;Bueno;Regular
2026-04-28;11:00;18;14.50;19.50;15.00;Bueno;43.33;Bueno;12;12.12;15.18;30.36;Bueno;100.39;Regular;Bueno;Regular
2026-04-28;12:00;;14.35;19.50;15.00;Bueno;43.33;Bueno;;11.91;15.18;30.36;Bueno;100.39;Regular;Bueno;Regular
2026-04-28;13:00;;14.09;19.50;15.00;Bueno;43.33;Bueno;;11.91;15.18;30.36;Bueno;100.39;Regular;Bueno;Regular
2026-04-28;14:00;20;13.77;19.50;15.00;Bueno;43.33;Bueno;16;11.77;15.18;30.36;Bueno;100.39;Regular;Bueno;Regular
2026-04-28;15:00;22;13.82;19.50;15.00;Bueno;43.33;Bueno;21;12.05;15.18;30.36;Bueno;100.39;Regular;Bueno;Regular
2026-04-28;16:00;18;14.00;19.50;15.00;Bueno;43.33;Bueno;12;12.05;15.18;30.36;Bueno;100.39;Regular;Bueno;Regular
2026-04-28;17:00;18;14.23;19.50;15.00;Bueno;43.33;Bueno;10;11.95;15.18;30.36;Bueno;100.39;Regular;Bueno;Regular
2026-04-28;18:00;16;14.36;19.50;15.00;Bueno;43.33;Bueno;14;12.05;15.18;30.36;Bueno;100.39;Regular;Bueno;Regular
2026-04-28;19:00;25;14.95;19.50;15.00;Bueno;43.33;Bueno;18;12.32;15.18;30.36;Bueno;100.39;Regular;Bueno;Regular
2026-04-28;20:00;32;15.82;19.50;15.00;Bueno;43.33;Bueno;25;12.91;15.18;30.36;Bueno;100.39;Regular;Bueno;Regular
2026-04-28;21:00;34;16.55;19.50;15.00;Bueno;43.33;Bueno;28;13.45;15.18;30.36;Bueno;100.39;Regular;Bueno;Regular
2026-04-28;22:00;40;17.73;19.50;15.00;Bueno;43.33;Bueno;28;14.14;15.18;30.36;Bueno;100.39;Regular;Bueno;Regular
2026-04-28;23:00;55;19.50;19.50;15.00;Bueno;43.33;Bueno;38;15.18;15.18;30.36;Bueno;100.39;Regular;Bueno;Regular
2026-04-29;00:00;34;20.45;71.12;54.71;Bueno;142.99;Regular;18;15.45;52.50;108.33;Regular;181.98;Regular;Regular;Regular
2026-04-29;01:00;34;21.68;71.12;54.71;Bueno;142.99;Regular;23;16.18;52.50;108.33;Regular;181.98;Regular;Regular;Regular
2026-04-29;02:00;17;21.77;71.12;54.71;Bueno;142.99;Regular;7;15.86;52.50;108.33;Regular;181.98;Regular;Regular;Regular
2026-04-29;03:00;34;22.68;71.12;54.71;Bueno;142.99;Regular;15;15.95;52.50;108.33;Regular;181.98;Regular;Regular;Regular
2026-04-29;04:00;14;22.86;71.12;54.71;Bueno;142.99;Regular;11;16.05;52.50;108.33;Regular;181.98;Regular;Regular;Regular
2026-04-29;05:00;18;23.23;71.12;54.71;Bueno;142.99;Regular;7;15.91;52.50;108.33;Regular;181.98;Regular;Regular;Regular
2026-04-29;06:00;38;24.55;71.12;54.71;Bueno;142.99;Regular;39;17.27;52.50;108.33;Regular;181.98;Regular;Regular;Regular
2026-04-29;07:00;43;26.09;71.12;54.71;Bueno;142.99;Regular;36;18.50;52.50;108.33;Regular;181.98;Regular;Regular;Regular
2026-04-29;08:00;72;28.86;71.12;54.71;Bueno;142.99;Regular;63;20.91;52.50;108.33;Regular;181.98;Regular;Regular;Regular
2026-04-29;09:00;40;29.73;71.12;54.71;Bueno;142.99;Regular;20;21.41;52.50;108.33;Regular;181.98;Regular;Regular;Regular
2026-04-29;10:00;49;31.41;71.12;54.71;Bueno;142.99;Regular;25;22.09;52.50;108.33;Regular;181.98;Regular;Regular;Regular
2026-04-29;11:00;40;32.41;71.12;54.71;Bueno;142.99;Regular;24;22.64;52.50;108.33;Regular;181.98;Regular;Regular;Regular
2026-04-29;12:00;33;32.43;71.12;54.71;Bueno;142.99;Regular;13;22.22;52.50;108.33;Regular;181.98;Regular;Regular;Regular
2026-04-29;13:00;30;32.33;71.12;54.71;Bueno;142.99;Regular;12;21.79;52.50;108.33;Regular;181.98;Regular;Regular;Regular
2026-04-29;14:00;29;32.71;71.12;54.71;Bueno;142.99;Regular;9;21.50;52.50;108.33;Regular;181.98;Regular;Regular;Regular
2026-04-29;15:00;19;32.58;71.12;54.71;Bueno;142.99;Regular;11;21.08;52.50;108.33;Regular;181.98;Regular;Regular;Regular
2026-04-29;16:00;33;33.21;71.12;54.71;Bueno;142.99;Regular;12;21.08;52.50;108.33;Regular;181.98;Regular;Regular;Regular
2026-04-29;17:00;65;35.17;71.12;54.71;Bueno;142.99;Regular;42;22.42;52.50;108.33;Regular;181.98;Regular;Regular;Regular
2026-04-29;18:00;73;37.54;71.12;54.71;Bueno;142.99;Regular;56;24.17;52.50;108.33;Regular;181.98;Regular;Regular;Regular
2026-04-29;19:00;123;41.62;71.12;54.71;Bueno;142.99;Regular;101;27.62;52.50;108.33;Regular;181.98;Regular;Regular;Regular
2026-04-29;20:00;201;48.67;71.12;54.71;Bueno;142.99;Regular;153;32.96;52.50;108.33;Regular;181.98;Regular;Regular;Regular
2026-04-29;21:00;270;58.50;71.12;54.71;Bueno;142.99;Regular;217;40.83;52.50;108.33;Regular;181.98;Regular;Regular;Regular
2026-04-29;22:00;244;67.00;71.12;54.71;Bueno;142.99;Regular;212;48.50;52.50;108.33;Regular;181.98;Regular;Regular;Regular
2026-04-29;23:00;154;71.12;71.12;54.71;Bueno;142.99;Regular;134;52.50;52.50;108.33;Regular;181.98;Regular;Regular;Regular
2026-04-30;00:00;153;76.08;56.50;43.46;Bueno;118.87;Regular;138;57.50;42.12;84.25;Bueno;159.10;Regular;Bueno;Regular
2026-04-30;01:00;61;77.21;56.50;43.46;Bueno;118.87;Regular;51;58.67;42.12;84.25;Bueno;159.10;Regular;Bueno;Regular
2026-04-30;02:00;41;78.21;56.50;43.46;Bueno;118.87;Regular;30;59.62;42.12;84.25;Bueno;159.10;Regular;Bueno;Regular
2026-04-30;03:00;31;78.08;56.50;43.46;Bueno;118.87;Regular;21;59.88;42.12;84.25;Bueno;159.10;Regular;Bueno;Regular
2026-04-30;04:00;50;79.58;56.50;43.46;Bueno;118.87;Regular;42;61.17;42.12;84.25;Bueno;159.10;Regular;Bueno;Regular
2026-04-30;05:00;38;80.42;56.50;43.46;Bueno;118.87;Regular;32;62.21;42.12;84.25;Bueno;159.10;Regular;Bueno;Regular
2026-04-30;06:00;48;80.83;56.50;43.46;Bueno;118.87;Regular;32;61.92;42.12;84.25;Bueno;159.10;Regular;Bueno;Regular
2026-04-30;07:00;118;83.96;56.50;43.46;Bueno;118.87;Regular;70;63.33;42.12;84.25;Bueno;159.10;Regular;Bueno;Regular
2026-04-30;08:00;150;87.21;56.50;43.46;Bueno;118.87;Regular;97;64.75;42.12;84.25;Bueno;159.10;Regular;Bueno;Regular
2026-04-30;09:00;77;88.75;56.50;43.46;Bueno;118.87;Regular;52;66.08;42.12;84.25;Bueno;159.10;Regular;Bueno;Regular
2026-04-30;10:00;48;88.71;56.50;43.46;Bueno;118.87;Regular;32;66.38;42.12;84.25;Bueno;159.10;Regular;Bueno;Regular
2026-04-30;11:00;28;88.21;56.50;43.46;Bueno;118.87;Regular;22;66.29;42.12;84.25;Bueno;159.10;Regular;Bueno;Regular
2026-04-30;12:00;19;87.62;56.50;43.46;Bueno;118.87;Regular;6;66.00;42.12;84.25;Bueno;159.10;Regular;Bueno;Regular
2026-04-30;13:00;11;86.83;56.50;43.46;Bueno;118.87;Regular;6;65.75;42.12;84.25;Bueno;159.10;Regular;Bueno;Regular
2026-04-30;14:00;16;86.29;56.50;43.46;Bueno;118.87;Regular;15;66.00;42.12;84.25;Bueno;159.10;Regular;Bueno;Regular
2026-04-30;15:00;12;86.00;56.50;43.46;Bueno;118.87;Regular;8;65.88;42.12;84.25;Bueno;159.10;Regular;Bueno;Regular
2026-04-30;16:00;28;85.79;56.50;43.46;Bueno;118.87;Regular;20;66.21;42.12;84.25;Bueno;159.10;Regular;Bueno;Regular
2026-04-30;17:00;39;84.71;56.50;43.46;Bueno;118.87;Regular;33;65.83;42.12;84.25;Bueno;159.10;Regular;Bueno;Regular
2026-04-30;18:00;63;84.29;56.50;43.46;Bueno;118.87;Regular;52;65.67;42.12;84.25;Bueno;159.10;Regular;Bueno;Regular
2026-04-30;19:00;61;81.71;56.50;43.46;Bueno;118.87;Regular;48;63.46;42.12;84.25;Bueno;159.10;Regular;Bueno;Regular
2026-04-30;20:00;105;77.71;56.50;43.46;Bueno;118.87;Regular;79;60.38;42.12;84.25;Bueno;159.10;Regular;Bueno;Regular
2026-04-30;21:00;54;68.71;56.50;43.46;Bueno;118.87;Regular;40;53.00;42.12;84.25;Bueno;159.10;Regular;Bueno;Regular
2026-04-30;22:00;84;62.04;56.50;43.46;Bueno;118.87;Regular;67;46.96;42.12;84.25;Bueno;159.10;Regular;Bueno;Regular
2026-04-30;23:00;21;56.50;56.50;43.46;Bueno;118.87;Regular;18;42.12;42.12;84.25;Bueno;159.10;Regular;Bueno;Regular
2026-05-01;00:00;11;50.58;39.42;30.32;Bueno;87.59;Bueno;10;36.79;33.54;67.08;Bueno;140.29;Regular;Bueno;Regular
2026-05-01;01:00;11;48.50;39.42;30.32;Bueno;87.59;Bueno;10;35.08;33.54;67.08;Bueno;140.29;Regular;Bueno;Regular
2026-05-01;02:00;9;47.17;39.42;30.32;Bueno;87.59;Bueno;8;34.17;33.54;67.08;Bueno;140.29;Regular;Bueno;Regular
2026-05-01;03:00;5;46.08;39.42;30.32;Bueno;87.59;Bueno;5;33.50;33.54;67.08;Bueno;140.29;Regular;Bueno;Regular
2026-05-01;04:00;10;44.42;39.42;30.32;Bueno;87.59;Bueno;9;32.12;33.54;67.08;Bueno;140.29;Regular;Bueno;Regular
2026-05-01;05:00;10;43.25;39.42;30.32;Bueno;87.59;Bueno;6;31.04;33.54;67.08;Bueno;140.29;Regular;Bueno;Regular
2026-05-01;06:00;13;41.79;39.42;30.32;Bueno;87.59;Bueno;12;30.21;33.54;67.08;Bueno;140.29;Regular;Bueno;Regular
2026-05-01;07:00;11;37.33;39.42;30.32;Bueno;87.59;Bueno;10;27.71;33.54;67.08;Bueno;140.29;Regular;Bueno;Regular
2026-05-01;08:00;16;31.75;39.42;30.32;Bueno;87.59;Bueno;13;24.21;33.54;67.08;Bueno;140.29;Regular;Bueno;Regular
2026-05-01;09:00;19;29.33;39.42;30.32;Bueno;87.59;Bueno;11;22.50;33.54;67.08;Bueno;140.29;Regular;Bueno;Regular
2026-05-01;10:00;10;27.75;39.42;30.32;Bueno;87.59;Bueno;9;21.54;33.54;67.08;Bueno;140.29;Regular;Bueno;Regular
2026-05-01;11:00;15;27.21;39.42;30.32;Bueno;87.59;Bueno;7;20.92;33.54;67.08;Bueno;140.29;Regular;Bueno;Regular
2026-05-01;12:00;13;26.96;39.42;30.32;Bueno;87.59;Bueno;4;20.83;33.54;67.08;Bueno;140.29;Regular;Bueno;Regular
2026-05-01;13:00;15;27.12;39.42;30.32;Bueno;87.59;Bueno;7;20.88;33.54;67.08;Bueno;140.29;Regular;Bueno;Regular
2026-05-01;14:00;14;27.04;39.42;30.32;Bueno;87.59;Bueno;8;20.58;33.54;67.08;Bueno;140.29;Regular;Bueno;Regular
2026-05-01;15:00;13;27.08;39.42;30.32;Bueno;87.59;Bueno;9;20.62;33.54;67.08;Bueno;140.29;Regular;Bueno;Regular
2026-05-01;16:00;16;26.58;39.42;30.32;Bueno;87.59;Bueno;12;20.29;33.54;67.08;Bueno;140.29;Regular;Bueno;Regular
2026-05-01;17:00;37;26.50;39.42;30.32;Bueno;87.59;Bueno;37;20.46;33.54;67.08;Bueno;140.29;Regular;Bueno;Regular
2026-05-01;18:00;118;28.79;39.42;30.32;Bueno;87.59;Bueno;100;22.46;33.54;67.08;Bueno;140.29;Regular;Bueno;Regular
2026-05-01;19:00;135;31.88;39.42;30.32;Bueno;87.59;Bueno;111;25.08;33.54;67.08;Bueno;140.29;Regular;Bueno;Regular
2026-05-01;20:00;63;30.12;39.42;30.32;Bueno;87.59;Bueno;57;24.17;33.54;67.08;Bueno;140.29;Regular;Bueno;Regular
2026-05-01;21:00;104;32.21;39.42;30.32;Bueno;87.59;Bueno;96;26.50;33.54;67.08;Bueno;140.29;Regular;Bueno;Regular
2026-05-01;22:00;93;32.58;39.42;30.32;Bueno;87.59;Bueno;85;27.25;33.54;67.08;Bueno;140.29;Regular;Bueno;Regular
2026-05-01;23:00;185;39.42;39.42;30.32;Bueno;87.59;Bueno;169;33.54;33.54;67.08;Bueno;140.29;Regular;Bueno;Regular
2026-05-02;00:00;114;43.71;84.33;64.87;Bueno;164.90;Regular;107;37.58;75.00;183.33;Regular;232.13;Alerta;Regular;Alerta
2026-05-02;01:00;62;45.83;84.33;64.87;Bueno;164.90;Regular;59;39.62;75.00;183.33;Regular;232.13;Alerta;Regular;Alerta
2026-05-02;02:00;89;49.17;84.33;64.87;Bueno;164.90;Regular;88;42.96;75.00;183.33;Regular;232.13;Alerta;Regular;Alerta
2026-05-02;03:00;70;51.88;84.33;64.87;Bueno;164.90;Regular;69;45.62;75.00;183.33;Regular;232.13;Alerta;Regular;Alerta
2026-05-02;04:00;48;53.46;84.33;64.87;Bueno;164.90;Regular;47;47.21;75.00;183.33;Regular;232.13;Alerta;Regular;Alerta
2026-05-02;05:00;64;55.71;84.33;64.87;Bueno;164.90;Regular;63;49.58;75.00;183.33;Regular;232.13;Alerta;Regular;Alerta
2026-05-02;06:00;63;57.79;84.33;64.87;Bueno;164.90;Regular;62;51.67;75.00;183.33;Regular;232.13;Alerta;Regular;Alerta
2026-05-02;07:00;53;59.54;84.33;64.87;Bueno;164.90;Regular;52;53.42;75.00;183.33;Regular;232.13;Alerta;Regular;Alerta
2026-05-02;08:00;33;60.25;84.33;64.87;Bueno;164.90;Regular;26;53.96;75.00;183.33;Regular;232.13;Alerta;Regular;Alerta
2026-05-02;09:00;60;61.96;84.33;64.87;Bueno;164.90;Regular;52;55.67;75.00;183.33;Regular;232.13;Alerta;Regular;Alerta
2026-05-02;10:00;58;63.96;84.33;64.87;Bueno;164.90;Regular;44;57.12;75.00;183.33;Regular;232.13;Alerta;Regular;Alerta
2026-05-02;11:00;78;66.58;84.33;64.87;Bueno;164.90;Regular;64;59.50;75.00;183.33;Regular;232.13;Alerta;Regular;Alerta
2026-05-02;12:00;60;68.54;84.33;64.87;Bueno;164.90;Regular;49;61.38;75.00;183.33;Regular;232.13;Alerta;Regular;Alerta
2026-05-02;13:00;24;68.92;84.33;64.87;Bueno;164.90;Regular;22;62.00;75.00;183.33;Regular;232.13;Alerta;Regular;Alerta
2026-05-02;14:00;24;69.33;84.33;64.87;Bueno;164.90;Regular;16;62.33;75.00;183.33;Regular;232.13;Alerta;Regular;Alerta
2026-05-02;15:00;20;69.62;84.33;64.87;Bueno;164.90;Regular;17;62.67;75.00;183.33;Regular;232.13;Alerta;Regular;Alerta
2026-05-02;16:00;15;69.58;84.33;64.87;Bueno;164.90;Regular;9;62.54;75.00;183.33;Regular;232.13;Alerta;Regular;Alerta
2026-05-02;17:00;26;69.12;84.33;64.87;Bueno;164.90;Regular;25;62.04;75.00;183.33;Regular;232.13;Alerta;Regular;Alerta
2026-05-02;18:00;244;74.38;84.33;64.87;Bueno;164.90;Regular;203;66.33;75.00;183.33;Regular;232.13;Alerta;Regular;Alerta
2026-05-02;19:00;294;81.00;84.33;64.87;Bueno;164.90;Regular;238;71.62;75.00;183.33;Regular;232.13;Alerta;Regular;Alerta
2026-05-02;20:00;154;84.79;84.33;64.87;Bueno;164.90;Regular;133;74.79;75.00;183.33;Regular;232.13;Alerta;Regular;Alerta
2026-05-02;21:00;206;89.04;84.33;64.87;Bueno;164.90;Regular;195;78.92;75.00;183.33;Regular;232.13;Alerta;Regular;Alerta
2026-05-02;22:00;110;89.75;84.33;64.87;Bueno;164.90;Regular;107;79.83;75.00;183.33;Regular;232.13;Alerta;Regular;Alerta
2026-05-02;23:00;55;84.33;84.33;64.87;Bueno;164.90;Regular;53;75.00;75.00;183.33;Regular;232.13;Alerta;Regular;Alerta
2026-05-03;00:00;73;82.62;25.04;19.26;Bueno;55.65;Bueno;70;73.46;23.17;46.33;Bueno;117.68;Regular;Bueno;Regular
2026-05-03;01:00;50;82.12;25.04;19.26;Bueno;55.65;Bueno;49;73.04;23.17;46.33;Bueno;117.68;Regular;Bueno;Regular
2026-05-03;02:00;37;79.96;25.04;19.26;Bueno;55.65;Bueno;36;70.88;23.17;46.33;Bueno;117.68;Regular;Bueno;Regular
2026-05-03;03:00;31;78.33;25.04;19.26;Bueno;55.65;Bueno;30;69.25;23.17;46.33;Bueno;117.68;Regular;Bueno;Regular
2026-05-03;04:00;42;78.08;25.04;19.26;Bueno;55.65;Bueno;39;68.92;23.17;46.33;Bueno;117.68;Regular;Bueno;Regular
2026-05-03;05:00;46;77.33;25.04;19.26;Bueno;55.65;Bueno;45;68.17;23.17;46.33;Bueno;117.68;Regular;Bueno;Regular
2026-05-03;06:00;29;75.92;25.04;19.26;Bueno;55.65;Bueno;25;66.62;23.17;46.33;Bueno;117.68;Regular;Bueno;Regular
2026-05-03;07:00;32;75.04;25.04;19.26;Bueno;55.65;Bueno;23;65.42;23.17;46.33;Bueno;117.68;Regular;Bueno;Regular
2026-05-03;08:00;24;74.67;25.04;19.26;Bueno;55.65;Bueno;22;65.25;23.17;46.33;Bueno;117.68;Regular;Bueno;Regular
2026-05-03;09:00;26;73.25;25.04;19.26;Bueno;55.65;Bueno;25;64.12;23.17;46.33;Bueno;117.68;Regular;Bueno;Regular
2026-05-03;10:00;24;71.83;25.04;19.26;Bueno;55.65;Bueno;21;63.17;23.17;46.33;Bueno;117.68;Regular;Bueno;Regular
2026-05-03;11:00;25;69.62;25.04;19.26;Bueno;55.65;Bueno;24;61.50;23.17;46.33;Bueno;117.68;Regular;Bueno;Regular
2026-05-03;12:00;21;68.00;25.04;19.26;Bueno;55.65;Bueno;19;60.25;23.17;46.33;Bueno;117.68;Regular;Bueno;Regular
2026-05-03;13:00;14;67.58;25.04;19.26;Bueno;55.65;Bueno;13;59.88;23.17;46.33;Bueno;117.68;Regular;Bueno;Regular
2026-05-03;14:00;14;67.17;25.04;19.26;Bueno;55.65;Bueno;13;59.75;23.17;46.33;Bueno;117.68;Regular;Bueno;Regular
2026-05-03;15:00;11;66.79;25.04;19.26;Bueno;55.65;Bueno;10;59.46;23.17;46.33;Bueno;117.68;Regular;Bueno;Regular
2026-05-03;16:00;14;66.75;25.04;19.26;Bueno;55.65;Bueno;13;59.62;23.17;46.33;Bueno;117.68;Regular;Bueno;Regular
2026-05-03;17:00;13;66.21;25.04;19.26;Bueno;55.65;Bueno;12;59.08;23.17;46.33;Bueno;117.68;Regular;Bueno;Regular
2026-05-03;18:00;10;56.46;25.04;19.26;Bueno;55.65;Bueno;8;50.96;23.17;46.33;Bueno;117.68;Regular;Bueno;Regular
2026-05-03;19:00;12;44.71;25.04;19.26;Bueno;55.65;Bueno;11;41.50;23.17;46.33;Bueno;117.68;Regular;Bueno;Regular
2026-05-03;20:00;20;39.12;25.04;19.26;Bueno;55.65;Bueno;19;36.75;23.17;46.33;Bueno;117.68;Regular;Bueno;Regular
2026-05-03;21:00;9;30.92;25.04;19.26;Bueno;55.65;Bueno;7;28.92;23.17;46.33;Bueno;117.68;Regular;Bueno;Regular
2026-05-03;22:00;10;26.75;25.04;19.26;Bueno;55.65;Bueno;9;24.83;23.17;46.33;Bueno;117.68;Regular;Bueno;Regular
2026-05-03;23:00;14;25.04;25.04;19.26;Bueno;55.65;Bueno;13;23.17;23.17;46.33;Bueno;117.68;Regular;Bueno;Regular
2026-05-04;00:00;42;23.75;20.92;16.09;Bueno;46.48;Bueno;35;21.71;16.79;33.58;Bueno;103.87;Regular;Bueno;Regular
2026-05-04;01:00;20;22.50;20.92;16.09;Bueno;46.48;Bueno;16;20.33;16.79;33.58;Bueno;103.87;Regular;Bueno;Regular
2026-05-04;02:00;19;21.75;20.92;16.09;Bueno;46.48;Bueno;18;19.58;16.79;33.58;Bueno;103.87;Regular;Bueno;Regular
2026-05-04;03:00;22;21.38;20.92;16.09;Bueno;46.48;Bueno;21;19.21;16.79;33.58;Bueno;103.87;Regular;Bueno;Regular
2026-05-04;04:00;20;20.46;20.92;16.09;Bueno;46.48;Bueno;15;18.21;16.79;33.58;Bueno;103.87;Regular;Bueno;Regular
2026-05-04;05:00;15;19.17;20.92;16.09;Bueno;46.48;Bueno;8;16.67;16.79;33.58;Bueno;103.87;Regular;Bueno;Regular
2026-05-04;06:00;10;18.38;20.92;16.09;Bueno;46.48;Bueno;9;16.00;16.79;33.58;Bueno;103.87;Regular;Bueno;Regular
2026-05-04;07:00;18;17.79;20.92;16.09;Bueno;46.48;Bueno;9;15.42;16.79;33.58;Bueno;103.87;Regular;Bueno;Regular
2026-05-04;08:00;17;17.50;20.92;16.09;Bueno;46.48;Bueno;16;15.17;16.79;33.58;Bueno;103.87;Regular;Bueno;Regular
2026-05-04;09:00;15;17.04;20.92;16.09;Bueno;46.48;Bueno;12;14.62;16.79;33.58;Bueno;103.87;Regular;Bueno;Regular
2026-05-04;10:00;14;16.62;20.92;16.09;Bueno;46.48;Bueno;13;14.29;16.79;33.58;Bueno;103.87;Regular;Bueno;Regular
2026-05-04;11:00;18;16.33;20.92;16.09;Bueno;46.48;Bueno;17;14.00;16.79;33.58;Bueno;103.87;Regular;Bueno;Regular
2026-05-04;12:00;19;16.25;20.92;16.09;Bueno;46.48;Bueno;12;13.71;16.79;33.58;Bueno;103.87;Regular;Bueno;Regular
2026-05-04;13:00;12;16.17;20.92;16.09;Bueno;46.48;Bueno;11;13.62;16.79;33.58;Bueno;103.87;Regular;Bueno;Regular
2026-05-04;14:00;20;16.42;20.92;16.09;Bueno;46.48;Bueno;18;13.83;16.79;33.58;Bueno;103.87;Regular;Bueno;Regular
2026-05-04;15:00;34;17.38;20.92;16.09;Bueno;46.48;Bueno;24;14.42;16.79;33.58;Bueno;103.87;Regular;Bueno;Regular
2026-05-04;16:00;40;18.46;20.92;16.09;Bueno;46.48;Bueno;31;15.17;16.79;33.58;Bueno;103.87;Regular;Bueno;Regular
2026-05-04;17:00;30;19.17;20.92;16.09;Bueno;46.48;Bueno;18;15.42;16.79;33.58;Bueno;103.87;Regular;Bueno;Regular
2026-05-04;18:00;25;19.79;20.92;16.09;Bueno;46.48;Bueno;24;16.08;16.79;33.58;Bueno;103.87;Regular;Bueno;Regular
2026-05-04;19:00;24;20.29;20.92;16.09;Bueno;46.48;Bueno;18;16.38;16.79;33.58;Bueno;103.87;Regular;Bueno;Regular
2026-05-04;20:00;17;20.17;20.92;16.09;Bueno;46.48;Bueno;16;16.25;16.79;33.58;Bueno;103.87;Regular;Bueno;Regular
2026-05-04;21:00;16;20.46;20.92;16.09;Bueno;46.48;Bueno;15;16.58;16.79;33.58;Bueno;103.87;Regular;Bueno;Regular
2026-05-04;22:00;14;20.62;20.92;16.09;Bueno;46.48;Bueno;13;16.75;16.79;33.58;Bueno;103.87;Regular;Bueno;Regular
2026-05-04;23:00;21;20.92;20.92;16.09;Bueno;46.48;Bueno;14;16.79;16.79;33.58;Bueno;103.87;Regular;Bueno;Regular
2026-05-05;00:00;10;19.58;12.71;9.78;Bueno;28.25;Bueno;9;15.71;11.05;22.10;Bueno;73.65;Bueno;Bueno;Bueno
2026-05-05;01:00;16;19.42;12.71;9.78;Bueno;28.25;Bueno;15;15.67;11.05;22.10;Bueno;73.65;Bueno;Bueno;Bueno
2026-05-05;02:00;12;19.12;12.71;9.78;Bueno;28.25;Bueno;11;15.38;11.05;22.10;Bueno;73.65;Bueno;Bueno;Bueno
2026-05-05;03:00;15;18.83;12.71;9.78;Bueno;28.25;Bueno;14;15.08;11.05;22.10;Bueno;73.65;Bueno;Bueno;Bueno
2026-05-05;04:00;14;18.58;12.71;9.78;Bueno;28.25;Bueno;12;14.96;11.05;22.10;Bueno;73.65;Bueno;Bueno;Bueno
2026-05-05;05:00;15;18.58;12.71;9.78;Bueno;28.25;Bueno;14;15.21;11.05;22.10;Bueno;73.65;Bueno;Bueno;Bueno
2026-05-05;06:00;9;18.54;12.71;9.78;Bueno;28.25;Bueno;8;15.17;11.05;22.10;Bueno;73.65;Bueno;Bueno;Bueno
2026-05-05;07:00;6;18.04;12.71;9.78;Bueno;28.25;Bueno;5;15.00;11.05;22.10;Bueno;73.65;Bueno;Bueno;Bueno
2026-05-05;08:00;4;17.50;12.71;9.78;Bueno;28.25;Bueno;4;14.50;11.05;22.10;Bueno;73.65;Bueno;Bueno;Bueno
2026-05-05;09:00;;17.61;12.71;9.78;Bueno;28.25;Bueno;;14.61;11.05;22.10;Bueno;73.65;Bueno;Bueno;Bueno
2026-05-05;10:00;;17.77;12.71;9.78;Bueno;28.25;Bueno;;14.68;11.05;22.10;Bueno;73.65;Bueno;Bueno;Bueno
2026-05-05;11:00;7;17.27;12.71;9.78;Bueno;28.25;Bueno;5;14.14;11.05;22.10;Bueno;73.65;Bueno;Bueno;Bueno
2026-05-05;12:00;;17.19;12.71;9.78;Bueno;28.25;Bueno;;14.24;11.05;22.10;Bueno;73.65;Bueno;Bueno;Bueno
2026-05-05;13:00;18;17.48;12.71;9.78;Bueno;28.25;Bueno;11;14.24;11.05;22.10;Bueno;73.65;Bueno;Bueno;Bueno
2026-05-05;14:00;23;17.62;12.71;9.78;Bueno;28.25;Bueno;22;14.43;11.05;22.10;Bueno;73.65;Bueno;Bueno;Bueno
2026-05-05;15:00;18;16.86;12.71;9.78;Bueno;28.25;Bueno;17;14.10;11.05;22.10;Bueno;73.65;Bueno;Bueno;Bueno
2026-05-05;16:00;11;15.48;12.71;9.78;Bueno;28.25;Bueno;10;13.10;11.05;22.10;Bueno;73.65;Bueno;Bueno;Bueno
2026-05-05;17:00;17;14.86;12.71;9.78;Bueno;28.25;Bueno;12;12.81;11.05;22.10;Bueno;73.65;Bueno;Bueno;Bueno
2026-05-05;18:00;19;14.57;12.71;9.78;Bueno;28.25;Bueno;16;12.43;11.05;22.10;Bueno;73.65;Bueno;Bueno;Bueno
2026-05-05;19:00;18;14.29;12.71;9.78;Bueno;28.25;Bueno;18;12.43;11.05;22.10;Bueno;73.65;Bueno;Bueno;Bueno
2026-05-05;20:00;12;14.05;12.71;9.78;Bueno;28.25;Bueno;11;12.19;11.05;22.10;Bueno;73.65;Bueno;Bueno;Bueno
2026-05-05;21:00;11;13.81;12.71;9.78;Bueno;28.25;Bueno;8;11.86;11.05;22.10;Bueno;73.65;Bueno;Bueno;Bueno
2026-05-05;22:00;7;13.48;12.71;9.78;Bueno;28.25;Bueno;6;11.52;11.05;22.10;Bueno;73.65;Bueno;Bueno;Bueno
2026-05-05;23:00;5;12.71;12.71;9.78;Bueno;28.25;Bueno;4;11.05;11.05;22.10;Bueno;73.65;Bueno;Bueno;Bueno
2026-05-06;00:00;6;12.52;17.67;13.59;Bueno;39.26;Bueno;3;10.76;12.50;25.00;Bueno;83.33;Bueno;Bueno;Bueno
2026-05-06;01:00;8;12.14;17.67;13.59;Bueno;39.26;Bueno;5;10.29;12.50;25.00;Bueno;83.33;Bueno;Bueno;Bueno
2026-05-06;02:00;6;11.86;17.67;13.59;Bueno;39.26;Bueno;4;9.95;12.50;25.00;Bueno;83.33;Bueno;Bueno;Bueno
2026-05-06;03:00;9;11.57;17.67;13.59;Bueno;39.26;Bueno;7;9.62;12.50;25.00;Bueno;83.33;Bueno;Bueno;Bueno
2026-05-06;04:00;5;11.14;17.67;13.59;Bueno;39.26;Bueno;5;9.29;12.50;25.00;Bueno;83.33;Bueno;Bueno;Bueno
2026-05-06;05:00;3;10.57;17.67;13.59;Bueno;39.26;Bueno;2;8.71;12.50;25.00;Bueno;83.33;Bueno;Bueno;Bueno
2026-05-06;06:00;4;10.33;17.67;13.59;Bueno;39.26;Bueno;3;8.48;12.50;25.00;Bueno;83.33;Bueno;Bueno;Bueno
2026-05-06;07:00;10;10.52;17.67;13.59;Bueno;39.26;Bueno;5;8.48;12.50;25.00;Bueno;83.33;Bueno;Bueno;Bueno
2026-05-06;08:00;7;10.67;17.67;13.59;Bueno;39.26;Bueno;6;8.57;12.50;25.00;Bueno;83.33;Bueno;Bueno;Bueno
2026-05-06;09:00;11;10.68;17.67;13.59;Bueno;39.26;Bueno;6;8.45;12.50;25.00;Bueno;83.33;Bueno;Bueno;Bueno
2026-05-06;10:00;10;10.65;17.67;13.59;Bueno;39.26;Bueno;9;8.48;12.50;25.00;Bueno;83.33;Bueno;Bueno;Bueno
2026-05-06;11:00;14;10.96;17.67;13.59;Bueno;39.26;Bueno;13;8.83;12.50;25.00;Bueno;83.33;Bueno;Bueno;Bueno
2026-05-06;12:00;16;11.17;17.67;13.59;Bueno;39.26;Bueno;15;9.08;12.50;25.00;Bueno;83.33;Bueno;Bueno;Bueno
2026-05-06;13:00;20;11.25;17.67;13.59;Bueno;39.26;Bueno;9;9.00;12.50;25.00;Bueno;83.33;Bueno;Bueno;Bueno
2026-05-06;14:00;12;10.79;17.67;13.59;Bueno;39.26;Bueno;6;8.33;12.50;25.00;Bueno;83.33;Bueno;Bueno;Bueno
2026-05-06;15:00;21;10.92;17.67;13.59;Bueno;39.26;Bueno;15;8.25;12.50;25.00;Bueno;83.33;Bueno;Bueno;Bueno
2026-05-06;16:00;26;11.54;17.67;13.59;Bueno;39.26;Bueno;12;8.33;12.50;25.00;Bueno;83.33;Bueno;Bueno;Bueno
2026-05-06;17:00;20;11.67;17.67;13.59;Bueno;39.26;Bueno;12;8.33;12.50;25.00;Bueno;83.33;Bueno;Bueno;Bueno
2026-05-06;18:00;17;11.58;17.67;13.59;Bueno;39.26;Bueno;9;8.04;12.50;25.00;Bueno;83.33;Bueno;Bueno;Bueno
2026-05-06;19:00;21;11.71;17.67;13.59;Bueno;39.26;Bueno;17;8.00;12.50;25.00;Bueno;83.33;Bueno;Bueno;Bueno
2026-05-06;20:00;31;12.50;17.67;13.59;Bueno;39.26;Bueno;20;8.38;12.50;25.00;Bueno;83.33;Bueno;Bueno;Bueno
2026-05-06;21:00;38;13.62;17.67;13.59;Bueno;39.26;Bueno;34;9.46;12.50;25.00;Bueno;83.33;Bueno;Bueno;Bueno
2026-05-06;22:00;57;15.71;17.67;13.59;Bueno;39.26;Bueno;42;10.96;12.50;25.00;Bueno;83.33;Bueno;Bueno;Bueno
2026-05-06;23:00;52;17.67;17.67;13.59;Bueno;39.26;Bueno;41;12.50;12.50;25.00;Bueno;83.33;Bueno;Bueno;Bueno
2026-05-07;00:00;45;19.29;28.96;22.28;Bueno;64.35;Bueno;33;13.75;24.17;48.33;Bueno;119.86;Regular;Bueno;Regular
2026-05-07;01:00;35;20.42;28.96;22.28;Bueno;64.35;Bueno;34;14.96;24.17;48.33;Bueno;119.86;Regular;Bueno;Regular
2026-05-07;02:00;21;21.04;28.96;22.28;Bueno;64.35;Bueno;19;15.58;24.17;48.33;Bueno;119.86;Regular;Bueno;Regular
2026-05-07;03:00;17;21.38;28.96;22.28;Bueno;64.35;Bueno;12;15.79;24.17;48.33;Bueno;119.86;Regular;Bueno;Regular
2026-05-07;04:00;10;21.58;28.96;22.28;Bueno;64.35;Bueno;10;16.00;24.17;48.33;Bueno;119.86;Regular;Bueno;Regular
2026-05-07;05:00;8;21.79;28.96;22.28;Bueno;64.35;Bueno;7;16.21;24.17;48.33;Bueno;119.86;Regular;Bueno;Regular
2026-05-07;06:00;15;22.25;28.96;22.28;Bueno;64.35;Bueno;11;16.54;24.17;48.33;Bueno;119.86;Regular;Bueno;Regular
2026-05-07;07:00;52;24.00;28.96;22.28;Bueno;64.35;Bueno;47;18.29;24.17;48.33;Bueno;119.86;Regular;Bueno;Regular
2026-05-07;08:00;102;27.96;28.96;22.28;Bueno;64.35;Bueno;101;22.25;24.17;48.33;Bueno;119.86;Regular;Bueno;Regular
2026-05-07;09:00;40;29.17;28.96;22.28;Bueno;64.35;Bueno;26;23.08;24.17;48.33;Bueno;119.86;Regular;Bueno;Regular
2026-05-07;10:00;25;29.79;28.96;22.28;Bueno;64.35;Bueno;22;23.62;24.17;48.33;Bueno;119.86;Regular;Bueno;Regular
2026-05-07;11:00;5;29.42;28.96;22.28;Bueno;64.35;Bueno;15;23.71;24.17;48.33;Bueno;119.86;Regular;Bueno;Regular
2026-05-07;12:00;14;29.33;28.96;22.28;Bueno;64.35;Bueno;13;23.62;24.17;48.33;Bueno;119.86;Regular;Bueno;Regular
2026-05-07;13:00;13;29.04;28.96;22.28;Bueno;64.35;Bueno;16;23.92;24.17;48.33;Bueno;119.86;Regular;Bueno;Regular
2026-05-07;14:00;22;29.46;28.96;22.28;Bueno;64.35;Bueno;21;24.54;24.17;48.33;Bueno;119.86;Regular;Bueno;Regular
2026-05-07;15:00;25;29.62;28.96;22.28;Bueno;64.35;Bueno;16;24.58;24.17;48.33;Bueno;119.86;Regular;Bueno;Regular
2026-05-07;16:00;50;30.62;28.96;22.28;Bueno;64.35;Bueno;17;24.79;24.17;48.33;Bueno;119.86;Regular;Bueno;Regular
2026-05-07;17:00;35;31.25;28.96;22.28;Bueno;64.35;Bueno;31;25.58;24.17;48.33;Bueno;119.86;Regular;Bueno;Regular
2026-05-07;18:00;63;33.17;28.96;22.28;Bueno;64.35;Bueno;48;27.21;24.17;48.33;Bueno;119.86;Regular;Bueno;Regular
2026-05-07;19:00;40;33.96;28.96;22.28;Bueno;64.35;Bueno;37;28.04;24.17;48.33;Bueno;119.86;Regular;Bueno;Regular
2026-05-07;20:00;28;33.83;28.96;22.28;Bueno;64.35;Bueno;18;27.96;24.17;48.33;Bueno;119.86;Regular;Bueno;Regular
2026-05-07;21:00;9;32.62;28.96;22.28;Bueno;64.35;Bueno;8;26.88;24.17;48.33;Bueno;119.86;Regular;Bueno;Regular
2026-05-07;22:00;16;30.92;28.96;22.28;Bueno;64.35;Bueno;15;25.75;24.17;48.33;Bueno;119.86;Regular;Bueno;Regular
2026-05-07;23:00;5;28.96;28.96;22.28;Bueno;64.35;Bueno;3;24.17;24.17;48.33;Bueno;119.86;Regular;Bueno;Regular
2026-05-08;00:00;9;27.46;19.50;15.00;Bueno;43.33;Bueno;8;23.12;14.83;29.67;Bueno;98.89;Bueno;Bueno;Bueno
2026-05-08;01:00;9;26.38;19.50;15.00;Bueno;43.33;Bueno;8;22.04;14.83;29.67;Bueno;98.89;Bueno;Bueno;Bueno
2026-05-08;02:00;10;25.92;19.50;15.00;Bueno;43.33;Bueno;9;21.62;14.83;29.67;Bueno;98.89;Bueno;Bueno;Bueno
2026-05-08;03:00;8;25.54;19.50;15.00;Bueno;43.33;Bueno;7;21.42;14.83;29.67;Bueno;98.89;Bueno;Bueno;Bueno
2026-05-08;04:00;6;25.38;19.50;15.00;Bueno;43.33;Bueno;5;21.21;14.83;29.67;Bueno;98.89;Bueno;Bueno;Bueno
2026-05-08;05:00;4;25.21;19.50;15.00;Bueno;43.33;Bueno;4;21.08;14.83;29.67;Bueno;98.89;Bueno;Bueno;Bueno
2026-05-08;06:00;5;24.79;19.50;15.00;Bueno;43.33;Bueno;2;20.71;14.83;29.67;Bueno;98.89;Bueno;Bueno;Bueno
2026-05-08;07:00;5;22.83;19.50;15.00;Bueno;43.33;Bueno;4;18.92;14.83;29.67;Bueno;98.89;Bueno;Bueno;Bueno
2026-05-08;08:00;6;18.83;19.50;15.00;Bueno;43.33;Bueno;5;14.92;14.83;29.67;Bueno;98.89;Bueno;Bueno;Bueno
2026-05-08;09:00;8;17.50;19.50;15.00;Bueno;43.33;Bueno;7;14.12;14.83;29.67;Bueno;98.89;Bueno;Bueno;Bueno
2026-05-08;10:00;9;16.83;19.50;15.00;Bueno;43.33;Bueno;8;13.54;14.83;29.67;Bueno;98.89;Bueno;Bueno;Bueno
2026-05-08;11:00;13;17.17;19.50;15.00;Bueno;43.33;Bueno;12;13.42;14.83;29.67;Bueno;98.89;Bueno;Bueno;Bueno
2026-05-08;12:00;22;17.50;19.50;15.00;Bueno;43.33;Bueno;21;13.75;14.83;29.67;Bueno;98.89;Bueno;Bueno;Bueno
2026-05-08;13:00;28;18.12;19.50;15.00;Bueno;43.33;Bueno;27;14.21;14.83;29.67;Bueno;98.89;Bueno;Bueno;Bueno
2026-05-08;14:00;21;18.08;19.50;15.00;Bueno;43.33;Bueno;21;14.21;14.83;29.67;Bueno;98.89;Bueno;Bueno;Bueno
2026-05-08;15:00;23;18.00;19.50;15.00;Bueno;43.33;Bueno;9;13.92;14.83;29.67;Bueno;98.89;Bueno;Bueno;Bueno
2026-05-08;16:00;26;17.00;19.50;15.00;Bueno;43.33;Bueno;10;13.62;14.83;29.67;Bueno;98.89;Bueno;Bueno;Bueno
2026-05-08;17:00;35;17.00;19.50;15.00;Bueno;43.33;Bueno;25;13.38;14.83;29.67;Bueno;98.89;Bueno;Bueno;Bueno
2026-05-08;18:00;76;17.54;19.50;15.00;Bueno;43.33;Bueno;56;13.71;14.83;29.67;Bueno;98.89;Bueno;Bueno;Bueno
2026-05-08;19:00;36;17.38;19.50;15.00;Bueno;43.33;Bueno;23;13.12;14.83;29.67;Bueno;98.89;Bueno;Bueno;Bueno
2026-05-08;20:00;29;17.42;19.50;15.00;Bueno;43.33;Bueno;22;13.29;14.83;29.67;Bueno;98.89;Bueno;Bueno;Bueno
2026-05-08;21:00;37;18.58;19.50;15.00;Bueno;43.33;Bueno;28;14.12;14.83;29.67;Bueno;98.89;Bueno;Bueno;Bueno
2026-05-08;22:00;19;18.71;19.50;15.00;Bueno;43.33;Bueno;16;14.17;14.83;29.67;Bueno;98.89;Bueno;Bueno;Bueno
2026-05-08;23:00;24;19.50;19.50;15.00;Bueno;43.33;Bueno;19;14.83;14.83;29.67;Bueno;98.89;Bueno;Bueno;Bueno
2026-05-09;00:00;15;19.75;44.33;34.10;Bueno;98.52;Bueno;14;15.08;37.08;74.17;Bueno;148.04;Regular;Bueno;Regular
2026-05-09;01:00;8;19.71;44.33;34.10;Bueno;98.52;Bueno;7;15.04;37.08;74.17;Bueno;148.04;Regular;Bueno;Regular
2026-05-09;02:00;38;20.88;44.33;34.10;Bueno;98.52;Bueno;37;16.21;37.08;74.17;Bueno;148.04;Regular;Bueno;Regular
2026-05-09;03:00;31;21.83;44.33;34.10;Bueno;98.52;Bueno;29;17.12;37.08;74.17;Bueno;148.04;Regular;Bueno;Regular
2026-05-09;04:00;26;22.67;44.33;34.10;Bueno;98.52;Bueno;25;17.96;37.08;74.17;Bueno;148.04;Regular;Bueno;Regular
2026-05-09;05:00;25;23.54;44.33;34.10;Bueno;98.52;Bueno;24;18.79;37.08;74.17;Bueno;148.04;Regular;Bueno;Regular
2026-05-09;06:00;23;24.29;44.33;34.10;Bueno;98.52;Bueno;22;19.62;37.08;74.17;Bueno;148.04;Regular;Bueno;Regular
2026-05-09;07:00;51;26.21;44.33;34.10;Bueno;98.52;Bueno;33;20.83;37.08;74.17;Bueno;148.04;Regular;Bueno;Regular
2026-05-09;08:00;35;27.42;44.33;34.10;Bueno;98.52;Bueno;30;21.88;37.08;74.17;Bueno;148.04;Regular;Bueno;Regular
2026-05-09;09:00;71;30.04;44.33;34.10;Bueno;98.52;Bueno;60;24.08;37.08;74.17;Bueno;148.04;Regular;Bueno;Regular
2026-05-09;10:00;34;31.08;44.33;34.10;Bueno;98.52;Bueno;12;24.25;37.08;74.17;Bueno;148.04;Regular;Bueno;Regular
2026-05-09;11:00;18;31.29;44.33;34.10;Bueno;98.52;Bueno;7;24.04;37.08;74.17;Bueno;148.04;Regular;Bueno;Regular
2026-05-09;12:00;13;30.92;44.33;34.10;Bueno;98.52;Bueno;6;23.42;37.08;74.17;Bueno;148.04;Regular;Bueno;Regular
2026-05-09;13:00;9;30.12;44.33;34.10;Bueno;98.52;Bueno;5;22.50;37.08;74.17;Bueno;148.04;Regular;Bueno;Regular
2026-05-09;14:00;12;29.75;44.33;34.10;Bueno;98.52;Bueno;6;21.88;37.08;74.17;Bueno;148.04;Regular;Bueno;Regular
2026-05-09;15:00;11;29.25;44.33;34.10;Bueno;98.52;Bueno;7;21.79;37.08;74.17;Bueno;148.04;Regular;Bueno;Regular
2026-05-09;16:00;13;28.71;44.33;34.10;Bueno;98.52;Bueno;12;21.88;37.08;74.17;Bueno;148.04;Regular;Bueno;Regular
2026-05-09;17:00;34;28.67;44.33;34.10;Bueno;98.52;Bueno;26;21.92;37.08;74.17;Bueno;148.04;Regular;Bueno;Regular
2026-05-09;18:00;74;28.58;44.33;34.10;Bueno;98.52;Bueno;61;22.12;37.08;74.17;Bueno;148.04;Regular;Bueno;Regular
2026-05-09;19:00;88;30.75;44.33;34.10;Bueno;98.52;Bueno;75;24.29;37.08;74.17;Bueno;148.04;Regular;Bueno;Regular
2026-05-09;20:00;97;33.58;44.33;34.10;Bueno;98.52;Bueno;86;26.96;37.08;74.17;Bueno;148.04;Regular;Bueno;Regular
2026-05-09;21:00;119;37.00;44.33;34.10;Bueno;98.52;Bueno;109;30.33;37.08;74.17;Bueno;148.04;Regular;Bueno;Regular
2026-05-09;22:00;133;41.75;44.33;34.10;Bueno;98.52;Bueno;119;34.62;37.08;74.17;Bueno;148.04;Regular;Bueno;Regular
2026-05-09;23:00;86;44.33;44.33;34.10;Bueno;98.52;Bueno;78;37.08;37.08;74.17;Bueno;148.04;Regular;Bueno;Regular
2026-05-10;00:00;82;47.12;61.00;46.92;Bueno;126.27;Regular;75;39.62;55.04;116.81;Regular;187.61;Regular;Regular;Regular
2026-05-10;01:00;108;51.29;61.00;46.92;Bueno;126.27;Regular;104;43.67;55.04;116.81;Regular;187.61;Regular;Regular;Regular
2026-05-10;02:00;51;51.83;61.00;46.92;Bueno;126.27;Regular;47;44.08;55.04;116.81;Regular;187.61;Regular;Regular;Regular
2026-05-10;03:00;54;52.79;61.00;46.92;Bueno;126.27;Regular;49;44.92;55.04;116.81;Regular;187.61;Regular;Regular;Regular
2026-05-10;04:00;49;53.75;61.00;46.92;Bueno;126.27;Regular;48;45.88;55.04;116.81;Regular;187.61;Regular;Regular;Regular
2026-05-10;05:00;42;54.46;61.00;46.92;Bueno;126.27;Regular;40;46.54;55.04;116.81;Regular;187.61;Regular;Regular;Regular
2026-05-10;06:00;73;56.54;61.00;46.92;Bueno;126.27;Regular;72;48.62;55.04;116.81;Regular;187.61;Regular;Regular;Regular
2026-05-10;07:00;43;56.21;61.00;46.92;Bueno;126.27;Regular;42;49.00;55.04;116.81;Regular;187.61;Regular;Regular;Regular
2026-05-10;08:00;42;56.50;61.00;46.92;Bueno;126.27;Regular;41;49.46;55.04;116.81;Regular;187.61;Regular;Regular;Regular
2026-05-10;09:00;39;55.17;61.00;46.92;Bueno;126.27;Regular;28;48.12;55.04;116.81;Regular;187.61;Regular;Regular;Regular
2026-05-10;10:00;19;54.54;61.00;46.92;Bueno;126.27;Regular;17;48.33;55.04;116.81;Regular;187.61;Regular;Regular;Regular
2026-05-10;11:00;20;54.62;61.00;46.92;Bueno;126.27;Regular;8;48.38;55.04;116.81;Regular;187.61;Regular;Regular;Regular
2026-05-10;12:00;8;54.42;61.00;46.92;Bueno;126.27;Regular;8;48.46;55.04;116.81;Regular;187.61;Regular;Regular;Regular
2026-05-10;13:00;11;54.50;61.00;46.92;Bueno;126.27;Regular;8;48.58;55.04;116.81;Regular;187.61;Regular;Regular;Regular
2026-05-10;14:00;17;54.71;61.00;46.92;Bueno;126.27;Regular;11;48.79;55.04;116.81;Regular;187.61;Regular;Regular;Regular
2026-05-10;15:00;11;54.71;61.00;46.92;Bueno;126.27;Regular;11;48.96;55.04;116.81;Regular;187.61;Regular;Regular;Regular
2026-05-10;16:00;13;54.71;61.00;46.92;Bueno;126.27;Regular;9;48.83;55.04;116.81;Regular;187.61;Regular;Regular;Regular
2026-05-10;17:00;20;54.12;61.00;46.92;Bueno;126.27;Regular;15;48.38;55.04;116.81;Regular;187.61;Regular;Regular;Regular
2026-05-10;18:00;66;53.79;61.00;46.92;Bueno;126.27;Regular;52;48.00;55.04;116.81;Regular;187.61;Regular;Regular;Regular
2026-05-10;19:00;134;55.71;61.00;46.92;Bueno;126.27;Regular;113;49.58;55.04;116.81;Regular;187.61;Regular;Regular;Regular
2026-05-10;20:00;113;56.38;61.00;46.92;Bueno;126.27;Regular;103;50.29;55.04;116.81;Regular;187.61;Regular;Regular;Regular
2026-05-10;21:00;157;57.96;61.00;46.92;Bueno;126.27;Regular;155;52.21;55.04;116.81;Regular;187.61;Regular;Regular;Regular
2026-05-10;22:00;168;59.42;61.00;46.92;Bueno;126.27;Regular;157;53.79;55.04;116.81;Regular;187.61;Regular;Regular;Regular
2026-05-10;23:00;124;61.00;61.00;46.92;Bueno;126.27;Regular;108;55.04;55.04;116.81;Regular;187.61;Regular;Regular;Regular
2026-05-11;00:00;63;60.21;104.32;80.24;Bueno;198.27;Regular;65;54.62;82.45;208.18;Alerta;248.91;Alerta;Alerta;Alerta
2026-05-11;01:00;157;62.25;104.32;80.24;Bueno;198.27;Regular;142;56.21;82.45;208.18;Alerta;248.91;Alerta;Alerta;Alerta
2026-05-11;02:00;58;62.54;104.32;80.24;Bueno;198.27;Regular;55;56.54;82.45;208.18;Alerta;248.91;Alerta;Alerta;Alerta
2026-05-11;03:00;49;62.33;104.32;80.24;Bueno;198.27;Regular;42;56.25;82.45;208.18;Alerta;248.91;Alerta;Alerta;Alerta
2026-05-11;04:00;27;61.42;104.32;80.24;Bueno;198.27;Regular;26;55.33;82.45;208.18;Alerta;248.91;Alerta;Alerta;Alerta
2026-05-11;05:00;39;61.29;104.32;80.24;Bueno;198.27;Regular;31;54.96;82.45;208.18;Alerta;248.91;Alerta;Alerta;Alerta
2026-05-11;06:00;61;60.79;104.32;80.24;Bueno;198.27;Regular;43;53.75;82.45;208.18;Alerta;248.91;Alerta;Alerta;Alerta
2026-05-11;07:00;105;63.38;104.32;80.24;Bueno;198.27;Regular;59;54.46;82.45;208.18;Alerta;248.91;Alerta;Alerta;Alerta
2026-05-11;08:00;150;67.88;104.32;80.24;Bueno;198.27;Regular;83;56.21;82.45;208.18;Alerta;248.91;Alerta;Alerta;Alerta
2026-05-11;09:00;102;70.50;104.32;80.24;Bueno;198.27;Regular;63;57.67;82.45;208.18;Alerta;248.91;Alerta;Alerta;Alerta
2026-05-11;10:00;85;73.25;104.32;80.24;Bueno;198.27;Regular;55;59.25;82.45;208.18;Alerta;248.91;Alerta;Alerta;Alerta
2026-05-11;11:00;;75.57;104.32;80.24;Bueno;198.27;Regular;;61.48;82.45;208.18;Alerta;248.91;Alerta;Alerta;Alerta
2026-05-11;12:00;;78.64;104.32;80.24;Bueno;198.27;Regular;;63.91;82.45;208.18;Alerta;248.91;Alerta;Alerta;Alerta
2026-05-11;13:00;18;78.95;104.32;80.24;Bueno;198.27;Regular;17;64.32;82.45;208.18;Alerta;248.91;Alerta;Alerta;Alerta
2026-05-11;14:00;17;78.95;104.32;80.24;Bueno;198.27;Regular;9;64.23;82.45;208.18;Alerta;248.91;Alerta;Alerta;Alerta
2026-05-11;15:00;17;79.23;104.32;80.24;Bueno;198.27;Regular;8;64.09;82.45;208.18;Alerta;248.91;Alerta;Alerta;Alerta
2026-05-11;16:00;9;79.05;104.32;80.24;Bueno;198.27;Regular;4;63.86;82.45;208.18;Alerta;248.91;Alerta;Alerta;Alerta
2026-05-11;17:00;31;79.55;104.32;80.24;Bueno;198.27;Regular;20;64.09;82.45;208.18;Alerta;248.91;Alerta;Alerta;Alerta
2026-05-11;18:00;127;82.32;104.32;80.24;Bueno;198.27;Regular;98;66.18;82.45;208.18;Alerta;248.91;Alerta;Alerta;Alerta
2026-05-11;19:00;260;88.05;104.32;80.24;Bueno;198.27;Regular;198;70.05;82.45;208.18;Alerta;248.91;Alerta;Alerta;Alerta
2026-05-11;20:00;254;94.45;104.32;80.24;Bueno;198.27;Regular;210;74.91;82.45;208.18;Alerta;248.91;Alerta;Alerta;Alerta
2026-05-11;21:00;235;98.00;104.32;80.24;Bueno;198.27;Regular;198;76.86;82.45;208.18;Alerta;248.91;Alerta;Alerta;Alerta
2026-05-11;22:00;260;102.18;104.32;80.24;Bueno;198.27;Regular;236;80.45;82.45;208.18;Alerta;248.91;Alerta;Alerta;Alerta
2026-05-11;23:00;171;104.32;104.32;80.24;Bueno;198.27;Regular;152;82.45;82.45;208.18;Alerta;248.91;Alerta;Alerta;Alerta
2026-05-12;00:00;156;108.55;48.21;37.08;Bueno;105.25;Regular;146;86.14;38.79;77.58;Bueno;151.78;Regular;Bueno;Regular
2026-05-12;01:00;53;103.82;48.21;37.08;Bueno;105.25;Regular;46;81.77;38.79;77.58;Bueno;151.78;Regular;Bueno;Regular
2026-05-12;02:00;22;102.18;48.21;37.08;Bueno;105.25;Regular;14;79.91;38.79;77.58;Bueno;151.78;Regular;Bueno;Regular
2026-05-12;03:00;28;101.23;48.21;37.08;Bueno;105.25;Regular;27;79.23;38.79;77.58;Bueno;151.78;Regular;Bueno;Regular
2026-05-12;04:00;8;100.36;48.21;37.08;Bueno;105.25;Regular;7;78.36;38.79;77.58;Bueno;151.78;Regular;Bueno;Regular
2026-05-12;05:00;5;98.82;48.21;37.08;Bueno;105.25;Regular;5;77.18;38.79;77.58;Bueno;151.78;Regular;Bueno;Regular
2026-05-12;06:00;10;96.50;48.21;37.08;Bueno;105.25;Regular;9;75.64;38.79;77.58;Bueno;151.78;Regular;Bueno;Regular
2026-05-12;07:00;20;92.64;48.21;37.08;Bueno;105.25;Regular;19;73.82;38.79;77.58;Bueno;151.78;Regular;Bueno;Regular
2026-05-12;08:00;15;86.50;48.21;37.08;Bueno;105.25;Regular;13;70.64;38.79;77.58;Bueno;151.78;Regular;Bueno;Regular
2026-05-12;09:00;20;82.77;48.21;37.08;Bueno;105.25;Regular;15;68.45;38.79;77.58;Bueno;151.78;Regular;Bueno;Regular
2026-05-12;10:00;22;79.91;48.21;37.08;Bueno;105.25;Regular;15;66.64;38.79;77.58;Bueno;151.78;Regular;Bueno;Regular
2026-05-12;11:00;17;77.17;48.21;37.08;Bueno;105.25;Regular;10;64.17;38.79;77.58;Bueno;151.78;Regular;Bueno;Regular
2026-05-12;12:00;11;74.42;48.21;37.08;Bueno;105.25;Regular;11;61.96;38.79;77.58;Bueno;151.78;Regular;Bueno;Regular
2026-05-12;13:00;27;74.79;48.21;37.08;Bueno;105.25;Regular;14;61.83;38.79;77.58;Bueno;151.78;Regular;Bueno;Regular
2026-05-12;14:00;24;75.08;48.21;37.08;Bueno;105.25;Regular;20;62.29;38.79;77.58;Bueno;151.78;Regular;Bueno;Regular
2026-05-12;15:00;21;75.25;48.21;37.08;Bueno;105.25;Regular;14;62.54;38.79;77.58;Bueno;151.78;Regular;Bueno;Regular
2026-05-12;16:00;42;76.62;48.21;37.08;Bueno;105.25;Regular;29;63.58;38.79;77.58;Bueno;151.78;Regular;Bueno;Regular
2026-05-12;17:00;42;77.08;48.21;37.08;Bueno;105.25;Regular;25;63.79;38.79;77.58;Bueno;151.78;Regular;Bueno;Regular
2026-05-12;18:00;81;75.17;48.21;37.08;Bueno;105.25;Regular;54;61.96;38.79;77.58;Bueno;151.78;Regular;Bueno;Regular
2026-05-12;19:00;85;67.88;48.21;37.08;Bueno;105.25;Regular;61;56.25;38.79;77.58;Bueno;151.78;Regular;Bueno;Regular
2026-05-12;20:00;143;63.25;48.21;37.08;Bueno;105.25;Regular;110;52.08;38.79;77.58;Bueno;151.78;Regular;Bueno;Regular
2026-05-12;21:00;123;58.58;48.21;37.08;Bueno;105.25;Regular;110;48.42;38.79;77.58;Bueno;151.78;Regular;Bueno;Regular
2026-05-12;22:00;76;50.92;48.21;37.08;Bueno;105.25;Regular;66;41.33;38.79;77.58;Bueno;151.78;Regular;Bueno;Regular
2026-05-12;23:00;106;48.21;48.21;37.08;Bueno;105.25;Regular;91;38.79;38.79;77.58;Bueno;151.78;Regular;Bueno;Regular
2026-05-13;00:00;93;45.58;60.04;46.19;Bueno;124.69;Regular;84;36.21;50.29;100.97;Regular;177.10;Regular;Regular;Regular
2026-05-13;01:00;71;46.33;60.04;46.19;Bueno;124.69;Regular;62;36.88;50.29;100.97;Regular;177.10;Regular;Regular;Regular
2026-05-13;02:00;29;46.62;60.04;46.19;Bueno;124.69;Regular;21;37.17;50.29;100.97;Regular;177.10;Regular;Regular;Regular
2026-05-13;03:00;23;46.42;60.04;46.19;Bueno;124.69;Regular;17;36.75;50.29;100.97;Regular;177.10;Regular;Regular;Regular
2026-05-13;04:00;29;47.29;60.04;46.19;Bueno;124.69;Regular;28;37.62;50.29;100.97;Regular;177.10;Regular;Regular;Regular
2026-05-13;05:00;23;48.04;60.04;46.19;Bueno;124.69;Regular;15;38.04;50.29;100.97;Regular;177.10;Regular;Regular;Regular
2026-05-13;06:00;23;48.58;60.04;46.19;Bueno;124.69;Regular;21;38.54;50.29;100.97;Regular;177.10;Regular;Regular;Regular
2026-05-13;07:00;36;49.25;60.04;46.19;Bueno;124.69;Regular;25;38.79;50.29;100.97;Regular;177.10;Regular;Regular;Regular
2026-05-13;08:00;44;50.46;60.04;46.19;Bueno;124.69;Regular;32;39.58;50.29;100.97;Regular;177.10;Regular;Regular;Regular
2026-05-13;09:00;39;51.25;60.04;46.19;Bueno;124.69;Regular;25;40.00;50.29;100.97;Regular;177.10;Regular;Regular;Regular
2026-05-13;10:00;15;50.96;60.04;46.19;Bueno;124.69;Regular;8;39.71;50.29;100.97;Regular;177.10;Regular;Regular;Regular
2026-05-13;11:00;13;50.79;60.04;46.19;Bueno;124.69;Regular;11;39.75;50.29;100.97;Regular;177.10;Regular;Regular;Regular
2026-05-13;12:00;17;51.04;60.04;46.19;Bueno;124.69;Regular;10;39.71;50.29;100.97;Regular;177.10;Regular;Regular;Regular
2026-05-13;13:00;12;50.42;60.04;46.19;Bueno;124.69;Regular;11;39.58;50.29;100.97;Regular;177.10;Regular;Regular;Regular
2026-05-13;14:00;15;50.04;60.04;46.19;Bueno;124.69;Regular;9;39.12;50.29;100.97;Regular;177.10;Regular;Regular;Regular
2026-05-13;15:00;12;49.67;60.04;46.19;Bueno;124.69;Regular;8;38.88;50.29;100.97;Regular;177.10;Regular;Regular;Regular
2026-05-13;16:00;21;48.79;60.04;46.19;Bueno;124.69;Regular;10;38.08;50.29;100.97;Regular;177.10;Regular;Regular;Regular
2026-05-13;17:00;22;47.96;60.04;46.19;Bueno;124.69;Regular;21;37.92;50.29;100.97;Regular;177.10;Regular;Regular;Regular
2026-05-13;18:00;52;46.75;60.04;46.19;Bueno;124.69;Regular;41;37.38;50.29;100.97;Regular;177.10;Regular;Regular;Regular
2026-05-13;19:00;132;48.71;60.04;46.19;Bueno;124.69;Regular;104;39.17;50.29;100.97;Regular;177.10;Regular;Regular;Regular
2026-05-13;20:00;182;50.33;60.04;46.19;Bueno;124.69;Regular;147;40.71;50.29;100.97;Regular;177.10;Regular;Regular;Regular
2026-05-13;21:00;179;52.67;60.04;46.19;Bueno;124.69;Regular;162;42.88;50.29;100.97;Regular;177.10;Regular;Regular;Regular
2026-05-13;22:00;169;56.54;60.04;46.19;Bueno;124.69;Regular;154;46.54;50.29;100.97;Regular;177.10;Regular;Regular;Regular
2026-05-13;23:00;190;60.04;60.04;46.19;Bueno;124.69;Regular;181;50.29;50.29;100.97;Regular;177.10;Regular;Regular;Regular
2026-05-14;00:00;209;64.88;81.08;62.37;Bueno;159.49;Regular;201;55.17;69.33;164.44;Regular;219.43;Alerta;Regular;Alerta
2026-05-14;01:00;86;65.50;81.08;62.37;Bueno;159.49;Regular;80;55.92;69.33;164.44;Regular;219.43;Alerta;Regular;Alerta
2026-05-14;02:00;100;68.46;81.08;62.37;Bueno;159.49;Regular;99;59.17;69.33;164.44;Regular;219.43;Alerta;Regular;Alerta
2026-05-14;03:00;83;70.96;81.08;62.37;Bueno;159.49;Regular;82;61.88;69.33;164.44;Regular;219.43;Alerta;Regular;Alerta
2026-05-14;04:00;120;74.75;81.08;62.37;Bueno;159.49;Regular;119;65.67;69.33;164.44;Regular;219.43;Alerta;Regular;Alerta
2026-05-14;05:00;102;78.04;81.08;62.37;Bueno;159.49;Regular;100;69.21;69.33;164.44;Regular;219.43;Alerta;Regular;Alerta
2026-05-14;06:00;64;79.75;81.08;62.37;Bueno;159.49;Regular;49;70.38;69.33;164.44;Regular;219.43;Alerta;Regular;Alerta
2026-05-14;07:00;130;83.67;81.08;62.37;Bueno;159.49;Regular;82;72.75;69.33;164.44;Regular;219.43;Alerta;Regular;Alerta
2026-05-14;08:00;130;87.25;81.08;62.37;Bueno;159.49;Regular;91;75.21;69.33;164.44;Regular;219.43;Alerta;Regular;Alerta
2026-05-14;09:00;110;90.21;81.08;62.37;Bueno;159.49;Regular;89;77.88;69.33;164.44;Regular;219.43;Alerta;Regular;Alerta
2026-05-14;10:00;32;90.92;81.08;62.37;Bueno;159.49;Regular;25;78.58;69.33;164.44;Regular;219.43;Alerta;Regular;Alerta
2026-05-14;11:00;24;91.38;81.08;62.37;Bueno;159.49;Regular;18;78.88;69.33;164.44;Regular;219.43;Alerta;Regular;Alerta
2026-05-14;12:00;23;91.62;81.08;62.37;Bueno;159.49;Regular;12;78.96;69.33;164.44;Regular;219.43;Alerta;Regular;Alerta
2026-05-14;13:00;21;92.00;81.08;62.37;Bueno;159.49;Regular;15;79.12;69.33;164.44;Regular;219.43;Alerta;Regular;Alerta
2026-05-14;14:00;23;92.33;81.08;62.37;Bueno;159.49;Regular;17;79.46;69.33;164.44;Regular;219.43;Alerta;Regular;Alerta
2026-05-14;15:00;20;92.67;81.08;62.37;Bueno;159.49;Regular;13;79.67;69.33;164.44;Regular;219.43;Alerta;Regular;Alerta
2026-05-14;16:00;19;92.58;81.08;62.37;Bueno;159.49;Regular;11;79.71;69.33;164.44;Regular;219.43;Alerta;Regular;Alerta
2026-05-14;17:00;43;93.46;81.08;62.37;Bueno;159.49;Regular;32;80.17;69.33;164.44;Regular;219.43;Alerta;Regular;Alerta
2026-05-14;18:00;55;93.58;81.08;62.37;Bueno;159.49;Regular;46;80.38;69.33;164.44;Regular;219.43;Alerta;Regular;Alerta
2026-05-14;19:00;56;90.42;81.08;62.37;Bueno;159.49;Regular;44;77.88;69.33;164.44;Regular;219.43;Alerta;Regular;Alerta
2026-05-14;20:00;68;85.67;81.08;62.37;Bueno;159.49;Regular;51;73.88;69.33;164.44;Regular;219.43;Alerta;Regular;Alerta
2026-05-14;21:00;71;81.17;81.08;62.37;Bueno;159.49;Regular;58;69.54;69.33;164.44;Regular;219.43;Alerta;Regular;Alerta
2026-05-14;22:00;171;81.25;81.08;62.37;Bueno;159.49;Regular;156;69.62;69.33;164.44;Regular;219.43;Alerta;Regular;Alerta
2026-05-14;23:00;186;81.08;81.08;62.37;Bueno;159.49;Regular;174;69.33;69.33;164.44;Regular;219.43;Alerta;Regular;Alerta
2026-05-15;00:00;172;79.54;65.33;50.26;Bueno;133.42;Regular;163;67.75;57.58;125.28;Regular;193.25;Regular;Regular;Regular
2026-05-15;01:00;131;81.42;65.33;50.26;Bueno;133.42;Regular;131;69.88;57.58;125.28;Regular;193.25;Regular;Regular;Regular
2026-05-15;02:00;43;79.04;65.33;50.26;Bueno;133.42;Regular;43;67.54;57.58;125.28;Regular;193.25;Regular;Regular;Regular
2026-05-15;03:00;58;78.00;65.33;50.26;Bueno;133.42;Regular;51;66.25;57.58;125.28;Regular;193.25;Regular;Regular;Regular
2026-05-15;04:00;39;74.62;65.33;50.26;Bueno;133.42;Regular;39;62.92;57.58;125.28;Regular;193.25;Regular;Regular;Regular
2026-05-15;05:00;37;71.92;65.33;50.26;Bueno;133.42;Regular;31;60.04;57.58;125.28;Regular;193.25;Regular;Regular;Regular
2026-05-15;06:00;110;73.83;65.33;50.26;Bueno;133.42;Regular;98;62.08;57.58;125.28;Regular;193.25;Regular;Regular;Regular
2026-05-15;07:00;61;70.96;65.33;50.26;Bueno;133.42;Regular;56;61.00;57.58;125.28;Regular;193.25;Regular;Regular;Regular
2026-05-15;08:00;57;67.92;65.33;50.26;Bueno;133.42;Regular;48;59.21;57.58;125.28;Regular;193.25;Regular;Regular;Regular
2026-05-15;09:00;42;65.08;65.33;50.26;Bueno;133.42;Regular;37;57.04;57.58;125.28;Regular;193.25;Regular;Regular;Regular
2026-05-15;10:00;41;65.46;65.33;50.26;Bueno;133.42;Regular;27;57.12;57.58;125.28;Regular;193.25;Regular;Regular;Regular
2026-05-15;11:00;30;65.71;65.33;50.26;Bueno;133.42;Regular;23;57.33;57.58;125.28;Regular;193.25;Regular;Regular;Regular
2026-05-15;12:00;16;65.42;65.33;50.26;Bueno;133.42;Regular;9;57.21;57.58;125.28;Regular;193.25;Regular;Regular;Regular
2026-05-15;13:00;8;64.88;65.33;50.26;Bueno;133.42;Regular;8;56.92;57.58;125.28;Regular;193.25;Regular;Regular;Regular
2026-05-15;14:00;23;64.88;65.33;50.26;Bueno;133.42;Regular;18;56.96;57.58;125.28;Regular;193.25;Regular;Regular;Regular
2026-05-15;15:00;15;64.67;65.33;50.26;Bueno;133.42;Regular;5;56.62;57.58;125.28;Regular;193.25;Regular;Regular;Regular
2026-05-15;16:00;19;64.67;65.33;50.26;Bueno;133.42;Regular;12;56.67;57.58;125.28;Regular;193.25;Regular;Regular;Regular
2026-05-15;17:00;33;64.25;65.33;50.26;Bueno;133.42;Regular;29;56.54;57.58;125.28;Regular;193.25;Regular;Regular;Regular
2026-05-15;18:00;70;64.88;65.33;50.26;Bueno;133.42;Regular;57;57.00;57.58;125.28;Regular;193.25;Regular;Regular;Regular
2026-05-15;19:00;71;65.50;65.33;50.26;Bueno;133.42;Regular;62;57.75;57.58;125.28;Regular;193.25;Regular;Regular;Regular
2026-05-15;20:00;81;66.04;65.33;50.26;Bueno;133.42;Regular;73;58.67;57.58;125.28;Regular;193.25;Regular;Regular;Regular
2026-05-15;21:00;135;68.71;65.33;50.26;Bueno;133.42;Regular;109;60.79;57.58;125.28;Regular;193.25;Regular;Regular;Regular
2026-05-15;22:00;147;67.71;65.33;50.26;Bueno;133.42;Regular;129;59.67;57.58;125.28;Regular;193.25;Regular;Regular;Regular
2026-05-15;23:00;129;65.33;65.33;50.26;Bueno;133.42;Regular;124;57.58;57.58;125.28;Regular;193.25;Regular;Regular;Regular
2026-05-16;00:00;132;63.67;68.04;52.34;Bueno;137.89;Regular;126;56.04;59.79;132.64;Regular;198.15;Regular;Regular;Regular
2026-05-16;01:00;84;61.71;68.04;52.34;Bueno;137.89;Regular;82;54.00;59.79;132.64;Regular;198.15;Regular;Regular;Regular
2026-05-16;02:00;53;62.12;68.04;52.34;Bueno;137.89;Regular;56;54.54;59.79;132.64;Regular;198.15;Regular;Regular;Regular
2026-05-16;03:00;48;61.71;68.04;52.34;Bueno;137.89;Regular;48;54.42;59.79;132.64;Regular;198.15;Regular;Regular;Regular
2026-05-16;04:00;54;62.33;68.04;52.34;Bueno;137.89;Regular;53;55.00;59.79;132.64;Regular;198.15;Regular;Regular;Regular
2026-05-16;05:00;40;62.46;68.04;52.34;Bueno;137.89;Regular;40;55.38;59.79;132.64;Regular;198.15;Regular;Regular;Regular
2026-05-16;06:00;35;59.33;68.04;52.34;Bueno;137.89;Regular;27;52.42;59.79;132.64;Regular;198.15;Regular;Regular;Regular
2026-05-16;07:00;32;58.12;68.04;52.34;Bueno;137.89;Regular;25;51.12;59.79;132.64;Regular;198.15;Regular;Regular;Regular
2026-05-16;08:00;45;57.62;68.04;52.34;Bueno;137.89;Regular;28;50.29;59.79;132.64;Regular;198.15;Regular;Regular;Regular
2026-05-16;09:00;44;57.71;68.04;52.34;Bueno;137.89;Regular;34;50.17;59.79;132.64;Regular;198.15;Regular;Regular;Regular
2026-05-16;10:00;29;57.21;68.04;52.34;Bueno;137.89;Regular;18;49.79;59.79;132.64;Regular;198.15;Regular;Regular;Regular
2026-05-16;11:00;34;57.38;68.04;52.34;Bueno;137.89;Regular;14;49.42;59.79;132.64;Regular;198.15;Regular;Regular;Regular
2026-05-16;12:00;19;57.50;68.04;52.34;Bueno;137.89;Regular;10;49.46;59.79;132.64;Regular;198.15;Regular;Regular;Regular
2026-05-16;13:00;16;57.83;68.04;52.34;Bueno;137.89;Regular;8;49.46;59.79;132.64;Regular;198.15;Regular;Regular;Regular
2026-05-16;14:00;13;57.42;68.04;52.34;Bueno;137.89;Regular;9;49.08;59.79;132.64;Regular;198.15;Regular;Regular;Regular
2026-05-16;15:00;17;57.50;68.04;52.34;Bueno;137.89;Regular;8;49.21;59.79;132.64;Regular;198.15;Regular;Regular;Regular
2026-05-16;16:00;27;57.83;68.04;52.34;Bueno;137.89;Regular;26;49.79;59.79;132.64;Regular;198.15;Regular;Regular;Regular
2026-05-16;17:00;50;58.54;68.04;52.34;Bueno;137.89;Regular;45;50.46;59.79;132.64;Regular;198.15;Regular;Regular;Regular
2026-05-16;18:00;102;59.88;68.04;52.34;Bueno;137.89;Regular;91;51.88;59.79;132.64;Regular;198.15;Regular;Regular;Regular
2026-05-16;19:00;114;61.67;68.04;52.34;Bueno;137.89;Regular;101;53.50;59.79;132.64;Regular;198.15;Regular;Regular;Regular
2026-05-16;20:00;168;65.29;68.04;52.34;Bueno;137.89;Regular;151;56.75;59.79;132.64;Regular;198.15;Regular;Regular;Regular
2026-05-16;21:00;158;66.25;68.04;52.34;Bueno;137.89;Regular;144;58.21;59.79;132.64;Regular;198.15;Regular;Regular;Regular
2026-05-16;22:00;143;66.08;68.04;52.34;Bueno;137.89;Regular;124;58.00;59.79;132.64;Regular;198.15;Regular;Regular;Regular
2026-05-16;23:00;176;68.04;68.04;52.34;Bueno;137.89;Regular;167;59.79;59.79;132.64;Regular;198.15;Regular;Regular;Regular
2026-05-17;00:00;109;67.08;79.46;61.12;Bueno;156.80;Regular;102;58.79;69.96;166.53;Regular;220.83;Alerta;Regular;Alerta
2026-05-17;01:00;86;67.17;79.46;61.12;Bueno;156.80;Regular;85;58.92;69.96;166.53;Regular;220.83;Alerta;Regular;Alerta
2026-05-17;02:00;109;69.50;79.46;61.12;Bueno;156.80;Regular;108;61.08;69.96;166.53;Regular;220.83;Alerta;Regular;Alerta
2026-05-17;03:00;106;71.92;79.46;61.12;Bueno;156.80;Regular;105;63.46;69.96;166.53;Regular;220.83;Alerta;Regular;Alerta
2026-05-17;04:00;54;71.92;79.46;61.12;Bueno;156.80;Regular;61;63.79;69.96;166.53;Regular;220.83;Alerta;Regular;Alerta
2026-05-17;05:00;41;71.96;79.46;61.12;Bueno;156.80;Regular;40;63.79;69.96;166.53;Regular;220.83;Alerta;Regular;Alerta
2026-05-17;06:00;38;72.08;79.46;61.12;Bueno;156.80;Regular;31;63.96;69.96;166.53;Regular;220.83;Alerta;Regular;Alerta
2026-05-17;07:00;40;72.42;79.46;61.12;Bueno;156.80;Regular;38;64.50;69.96;166.53;Regular;220.83;Alerta;Regular;Alerta
2026-05-17;08:00;51;72.67;79.46;61.12;Bueno;156.80;Regular;46;65.25;69.96;166.53;Regular;220.83;Alerta;Regular;Alerta
2026-05-17;09:00;45;72.71;79.46;61.12;Bueno;156.80;Regular;42;65.58;69.96;166.53;Regular;220.83;Alerta;Regular;Alerta
2026-05-17;10:00;42;73.25;79.46;61.12;Bueno;156.80;Regular;36;66.33;69.96;166.53;Regular;220.83;Alerta;Regular;Alerta
2026-05-17;11:00;43;73.62;79.46;61.12;Bueno;156.80;Regular;23;66.71;69.96;166.53;Regular;220.83;Alerta;Regular;Alerta
2026-05-17;12:00;27;73.96;79.46;61.12;Bueno;156.80;Regular;20;67.12;69.96;166.53;Regular;220.83;Alerta;Regular;Alerta
2026-05-17;13:00;32;74.62;79.46;61.12;Bueno;156.80;Regular;20;67.62;69.96;166.53;Regular;220.83;Alerta;Regular;Alerta
2026-05-17;14:00;36;75.58;79.46;61.12;Bueno;156.80;Regular;22;68.17;69.96;166.53;Regular;220.83;Alerta;Regular;Alerta
2026-05-17;15:00;26;75.96;79.46;61.12;Bueno;156.80;Regular;14;68.42;69.96;166.53;Regular;220.83;Alerta;Regular;Alerta
2026-05-17;16:00;24;75.83;79.46;61.12;Bueno;156.80;Regular;12;67.83;69.96;166.53;Regular;220.83;Alerta;Regular;Alerta
2026-05-17;17:00;34;75.17;79.46;61.12;Bueno;156.80;Regular;31;67.25;69.96;166.53;Regular;220.83;Alerta;Regular;Alerta
2026-05-17;18:00;174;78.17;79.46;61.12;Bueno;156.80;Regular;140;69.29;69.96;166.53;Regular;220.83;Alerta;Regular;Alerta
2026-05-17;19:00;222;82.67;79.46;61.12;Bueno;156.80;Regular;190;73.00;69.96;166.53;Regular;220.83;Alerta;Regular;Alerta
2026-05-17;20:00;178;83.08;79.46;61.12;Bueno;156.80;Regular;151;73.00;69.96;166.53;Regular;220.83;Alerta;Regular;Alerta
2026-05-17;21:00;126;81.75;79.46;61.12;Bueno;156.80;Regular;110;71.58;69.96;166.53;Regular;220.83;Alerta;Regular;Alerta
2026-05-17;22:00;178;83.21;79.46;61.12;Bueno;156.80;Regular;170;73.50;69.96;166.53;Regular;220.83;Alerta;Regular;Alerta
2026-05-17;23:00;86;79.46;79.46;61.12;Bueno;156.80;Regular;82;69.96;69.96;166.53;Regular;220.83;Alerta;Regular;Alerta
2026-05-18;00:00;132;80.42;129.92;99.94;Bueno;241.42;Alerta;126;70.96;112.42;308.06;Preemergencia;317.17;Preemergencia;Preemergencia;Preemergencia
2026-05-18;01:00;103;81.12;129.92;99.94;Bueno;241.42;Alerta;103;71.71;112.42;308.06;Preemergencia;317.17;Preemergencia;Preemergencia;Preemergencia
2026-05-18;02:00;83;80.04;129.92;99.94;Bueno;241.42;Alerta;82;70.62;112.42;308.06;Preemergencia;317.17;Preemergencia;Preemergencia;Preemergencia
2026-05-18;03:00;57;78.00;129.92;99.94;Bueno;241.42;Alerta;56;68.58;112.42;308.06;Preemergencia;317.17;Preemergencia;Preemergencia;Preemergencia
2026-05-18;04:00;45;77.62;129.92;99.94;Bueno;241.42;Alerta;44;67.88;112.42;308.06;Preemergencia;317.17;Preemergencia;Preemergencia;Preemergencia
2026-05-18;05:00;35;77.38;129.92;99.94;Bueno;241.42;Alerta;34;67.62;112.42;308.06;Preemergencia;317.17;Preemergencia;Preemergencia;Preemergencia
2026-05-18;06:00;39;77.42;129.92;99.94;Bueno;241.42;Alerta;38;67.92;112.42;308.06;Preemergencia;317.17;Preemergencia;Preemergencia;Preemergencia
2026-05-18;07:00;49;77.79;129.92;99.94;Bueno;241.42;Alerta;44;68.17;112.42;308.06;Preemergencia;317.17;Preemergencia;Preemergencia;Preemergencia
2026-05-18;08:00;76;78.83;129.92;99.94;Bueno;241.42;Alerta;60;68.75;112.42;308.06;Preemergencia;317.17;Preemergencia;Preemergencia;Preemergencia
2026-05-18;09:00;82;80.38;129.92;99.94;Bueno;241.42;Alerta;66;69.75;112.42;308.06;Preemergencia;317.17;Preemergencia;Preemergencia;Preemergencia
2026-05-18;10:00;88;82.29;129.92;99.94;Bueno;241.42;Alerta;75;71.38;112.42;308.06;Preemergencia;317.17;Preemergencia;Preemergencia;Preemergencia
2026-05-18;11:00;88;84.17;129.92;99.94;Bueno;241.42;Alerta;66;73.17;112.42;308.06;Preemergencia;317.17;Preemergencia;Preemergencia;Preemergencia
2026-05-18;12:00;27;84.17;129.92;99.94;Bueno;241.42;Alerta;16;73.00;112.42;308.06;Preemergencia;317.17;Preemergencia;Preemergencia;Preemergencia
2026-05-18;13:00;28;84.00;129.92;99.94;Bueno;241.42;Alerta;18;72.92;112.42;308.06;Preemergencia;317.17;Preemergencia;Preemergencia;Preemergencia
2026-05-18;14:00;35;83.96;129.92;99.94;Bueno;241.42;Alerta;25;73.04;112.42;308.06;Preemergencia;317.17;Preemergencia;Preemergencia;Preemergencia
2026-05-18;15:00;33;84.25;129.92;99.94;Bueno;241.42;Alerta;16;73.12;112.42;308.06;Preemergencia;317.17;Preemergencia;Preemergencia;Preemergencia
2026-05-18;16:00;32;84.58;129.92;99.94;Bueno;241.42;Alerta;20;73.46;112.42;308.06;Preemergencia;317.17;Preemergencia;Preemergencia;Preemergencia
2026-05-18;17:00;64;85.83;129.92;99.94;Bueno;241.42;Alerta;38;73.75;112.42;308.06;Preemergencia;317.17;Preemergencia;Preemergencia;Preemergencia
2026-05-18;18:00;339;92.71;129.92;99.94;Bueno;241.42;Alerta;293;80.12;112.42;308.06;Preemergencia;317.17;Preemergencia;Preemergencia;Preemergencia
2026-05-18;19:00;321;96.83;129.92;99.94;Bueno;241.42;Alerta;282;83.96;112.42;308.06;Preemergencia;317.17;Preemergencia;Preemergencia;Preemergencia
2026-05-18;20:00;351;104.04;129.92;99.94;Bueno;241.42;Alerta;291;89.79;112.42;308.06;Preemergencia;317.17;Preemergencia;Preemergencia;Preemergencia
2026-05-18;21:00;357;113.67;129.92;99.94;Bueno;241.42;Alerta;306;97.96;112.42;308.06;Preemergencia;317.17;Preemergencia;Preemergencia;Preemergencia
2026-05-18;22:00;349;120.79;129.92;99.94;Bueno;241.42;Alerta;315;104.00;112.42;308.06;Preemergencia;317.17;Preemergencia;Preemergencia;Preemergencia
2026-05-18;23:00;305;129.92;129.92;99.94;Bueno;241.42;Alerta;284;112.42;112.42;308.06;Preemergencia;317.17;Preemergencia;Preemergencia;Preemergencia
2026-05-19;00:00;228;133.92;115.46;88.81;Bueno;216.99;Alerta;221;116.38;99.88;266.25;Alerta;288.43;Alerta;Alerta;Alerta
2026-05-19;01:00;113;134.33;115.46;88.81;Bueno;216.99;Alerta;112;116.75;99.88;266.25;Alerta;288.43;Alerta;Alerta;Alerta
2026-05-19;02:00;109;135.42;115.46;88.81;Bueno;216.99;Alerta;108;117.83;99.88;266.25;Alerta;288.43;Alerta;Alerta;Alerta
2026-05-19;03:00;77;136.25;115.46;88.81;Bueno;216.99;Alerta;76;118.67;99.88;266.25;Alerta;288.43;Alerta;Alerta;Alerta
2026-05-19;04:00;51;136.50;115.46;88.81;Bueno;216.99;Alerta;50;118.92;99.88;266.25;Alerta;288.43;Alerta;Alerta;Alerta
2026-05-19;05:00;37;136.58;115.46;88.81;Bueno;216.99;Alerta;36;119.00;99.88;266.25;Alerta;288.43;Alerta;Alerta;Alerta
2026-05-19;06:00;55;137.25;115.46;88.81;Bueno;216.99;Alerta;54;119.67;99.88;266.25;Alerta;288.43;Alerta;Alerta;Alerta
2026-05-19;07:00;79;138.50;115.46;88.81;Bueno;216.99;Alerta;78;121.08;99.88;266.25;Alerta;288.43;Alerta;Alerta;Alerta
2026-05-19;08:00;86;138.92;115.46;88.81;Bueno;216.99;Alerta;76;121.75;99.88;266.25;Alerta;288.43;Alerta;Alerta;Alerta
2026-05-19;09:00;70;138.42;115.46;88.81;Bueno;216.99;Alerta;61;121.54;99.88;266.25;Alerta;288.43;Alerta;Alerta;Alerta
2026-05-19;10:00;43;136.54;115.46;88.81;Bueno;216.99;Alerta;32;119.75;99.88;266.25;Alerta;288.43;Alerta;Alerta;Alerta
2026-05-19;11:00;72;135.88;115.46;88.81;Bueno;216.99;Alerta;48;119.00;99.88;266.25;Alerta;288.43;Alerta;Alerta;Alerta
2026-05-19;12:00;65;137.46;115.46;88.81;Bueno;216.99;Alerta;58;120.75;99.88;266.25;Alerta;288.43;Alerta;Alerta;Alerta
2026-05-19;13:00;62;138.88;115.46;88.81;Bueno;216.99;Alerta;43;121.79;99.88;266.25;Alerta;288.43;Alerta;Alerta;Alerta
2026-05-19;14:00;75;140.54;115.46;88.81;Bueno;216.99;Alerta;49;122.79;99.88;266.25;Alerta;288.43;Alerta;Alerta;Alerta
2026-05-19;15:00;75;142.29;115.46;88.81;Bueno;216.99;Alerta;46;124.04;99.88;266.25;Alerta;288.43;Alerta;Alerta;Alerta
2026-05-19;16:00;61;143.50;115.46;88.81;Bueno;216.99;Alerta;45;125.08;99.88;266.25;Alerta;288.43;Alerta;Alerta;Alerta
2026-05-19;17:00;82;144.25;115.46;88.81;Bueno;216.99;Alerta;61;126.04;99.88;266.25;Alerta;288.43;Alerta;Alerta;Alerta
2026-05-19;18:00;277;141.67;115.46;88.81;Bueno;216.99;Alerta;225;123.21;99.88;266.25;Alerta;288.43;Alerta;Alerta;Alerta
2026-05-19;19:00;343;142.58;115.46;88.81;Bueno;216.99;Alerta;277;123.00;99.88;266.25;Alerta;288.43;Alerta;Alerta;Alerta
2026-05-19;20:00;177;135.33;115.46;88.81;Bueno;216.99;Alerta;141;116.75;99.88;266.25;Alerta;288.43;Alerta;Alerta;Alerta
2026-05-19;21:00;266;131.54;115.46;88.81;Bueno;216.99;Alerta;236;113.83;99.88;266.25;Alerta;288.43;Alerta;Alerta;Alerta
2026-05-19;22:00;141;122.88;115.46;88.81;Bueno;216.99;Alerta;138;106.46;99.88;266.25;Alerta;288.43;Alerta;Alerta;Alerta
2026-05-19;23:00;127;115.46;115.46;88.81;Bueno;216.99;Alerta;126;99.88;99.88;266.25;Alerta;288.43;Alerta;Alerta;Alerta
2026-05-20;00:00;78;109.21;156.04;152.08;Regular;285.93;Alerta;77;93.88;120.75;335.83;Preemergencia;336.39;Preemergencia;Preemergencia;Preemergencia
2026-05-20;01:00;75;107.62;156.04;152.08;Regular;285.93;Alerta;74;92.29;120.75;335.83;Preemergencia;336.39;Preemergencia;Preemergencia;Preemergencia
2026-05-20;02:00;53;105.29;156.04;152.08;Regular;285.93;Alerta;52;89.96;120.75;335.83;Preemergencia;336.39;Preemergencia;Preemergencia;Preemergencia
2026-05-20;03:00;78;105.33;156.04;152.08;Regular;285.93;Alerta;77;90.00;120.75;335.83;Preemergencia;336.39;Preemergencia;Preemergencia;Preemergencia
2026-05-20;04:00;60;105.71;156.04;152.08;Regular;285.93;Alerta;59;90.38;120.75;335.83;Preemergencia;336.39;Preemergencia;Preemergencia;Preemergencia
2026-05-20;05:00;51;106.29;156.04;152.08;Regular;285.93;Alerta;50;90.96;120.75;335.83;Preemergencia;336.39;Preemergencia;Preemergencia;Preemergencia
2026-05-20;06:00;58;106.42;156.04;152.08;Regular;285.93;Alerta;57;91.08;120.75;335.83;Preemergencia;336.39;Preemergencia;Preemergencia;Preemergencia
2026-05-20;07:00;68;105.96;156.04;152.08;Regular;285.93;Alerta;62;90.42;120.75;335.83;Preemergencia;336.39;Preemergencia;Preemergencia;Preemergencia
2026-05-20;08:00;57;104.75;156.04;152.08;Regular;285.93;Alerta;46;89.17;120.75;335.83;Preemergencia;336.39;Preemergencia;Preemergencia;Preemergencia
2026-05-20;09:00;75;104.96;156.04;152.08;Regular;285.93;Alerta;61;89.17;120.75;335.83;Preemergencia;336.39;Preemergencia;Preemergencia;Preemergencia
2026-05-20;10:00;91;106.96;156.04;152.08;Regular;285.93;Alerta;77;91.04;120.75;335.83;Preemergencia;336.39;Preemergencia;Preemergencia;Preemergencia
2026-05-20;11:00;109;108.50;156.04;152.08;Regular;285.93;Alerta;92;92.88;120.75;335.83;Preemergencia;336.39;Preemergencia;Preemergencia;Preemergencia
2026-05-20;12:00;145;111.83;156.04;152.08;Regular;285.93;Alerta;94;94.38;120.75;335.83;Preemergencia;336.39;Preemergencia;Preemergencia;Preemergencia
2026-05-20;13:00;196;117.42;156.04;152.08;Regular;285.93;Alerta;114;97.33;120.75;335.83;Preemergencia;336.39;Preemergencia;Preemergencia;Preemergencia
2026-05-20;14:00;149;120.50;156.04;152.08;Regular;285.93;Alerta;82;98.71;120.75;335.83;Preemergencia;336.39;Preemergencia;Preemergencia;Preemergencia
2026-05-20;15:00;146;123.46;156.04;152.08;Regular;285.93;Alerta;85;100.33;120.75;335.83;Preemergencia;336.39;Preemergencia;Preemergencia;Preemergencia
2026-05-20;16:00;168;127.92;156.04;152.08;Regular;285.93;Alerta;86;102.04;120.75;335.83;Preemergencia;336.39;Preemergencia;Preemergencia;Preemergencia
2026-05-20;17:00;317;137.71;156.04;152.08;Regular;285.93;Alerta;215;108.46;120.75;335.83;Preemergencia;336.39;Preemergencia;Preemergencia;Preemergencia
2026-05-20;18:00;343;140.46;156.04;152.08;Regular;285.93;Alerta;266;110.17;120.75;335.83;Preemergencia;336.39;Preemergencia;Preemergencia;Preemergencia
2026-05-20;19:00;344;140.50;156.04;152.08;Regular;285.93;Alerta;272;109.96;120.75;335.83;Preemergencia;336.39;Preemergencia;Preemergencia;Preemergencia
2026-05-20;20:00;333;147.00;156.04;152.08;Regular;285.93;Alerta;251;114.54;120.75;335.83;Preemergencia;336.39;Preemergencia;Preemergencia;Preemergencia
2026-05-20;21:00;365;151.12;156.04;152.08;Regular;285.93;Alerta;321;118.08;120.75;335.83;Preemergencia;336.39;Preemergencia;Preemergencia;Preemergencia
2026-05-20;22:00;186;153.00;156.04;152.08;Regular;285.93;Alerta;152;118.67;120.75;335.83;Preemergencia;336.39;Preemergencia;Preemergencia;Preemergencia
2026-05-20;23:00;200;156.04;156.04;152.08;Regular;285.93;Alerta;176;120.75;120.75;335.83;Preemergencia;336.39;Preemergencia;Preemergencia;Preemergencia
2026-05-21;00:00;162;159.54;91.38;70.29;Bueno;176.62;Regular;151;123.83;74.08;180.28;Regular;230.07;Alerta;Regular;Alerta
2026-05-21;01:00;136;162.08;91.38;70.29;Bueno;176.62;Regular;118;125.67;74.08;180.28;Regular;230.07;Alerta;Regular;Alerta
2026-05-21;02:00;120;164.88;91.38;70.29;Bueno;176.62;Regular;105;127.88;74.08;180.28;Regular;230.07;Alerta;Regular;Alerta
2026-05-21;03:00;104;165.96;91.38;70.29;Bueno;176.62;Regular;96;128.67;74.08;180.28;Regular;230.07;Alerta;Regular;Alerta
2026-05-21;04:00;82;166.88;91.38;70.29;Bueno;176.62;Regular;75;129.33;74.08;180.28;Regular;230.07;Alerta;Regular;Alerta
2026-05-21;05:00;31;166.04;91.38;70.29;Bueno;176.62;Regular;31;128.54;74.08;180.28;Regular;230.07;Alerta;Regular;Alerta
2026-05-21;06:00;51;165.75;91.38;70.29;Bueno;176.62;Regular;50;128.25;74.08;180.28;Regular;230.07;Alerta;Regular;Alerta
2026-05-21;07:00;54;165.17;91.38;70.29;Bueno;176.62;Regular;45;127.54;74.08;180.28;Regular;230.07;Alerta;Regular;Alerta
2026-05-21;08:00;51;164.92;91.38;70.29;Bueno;176.62;Regular;45;127.50;74.08;180.28;Regular;230.07;Alerta;Regular;Alerta
2026-05-21;09:00;82;165.21;91.38;70.29;Bueno;176.62;Regular;68;127.79;74.08;180.28;Regular;230.07;Alerta;Regular;Alerta
2026-05-21;10:00;75;164.54;91.38;70.29;Bueno;176.62;Regular;48;126.58;74.08;180.28;Regular;230.07;Alerta;Regular;Alerta
2026-05-21;11:00;87;163.62;91.38;70.29;Bueno;176.62;Regular;59;125.21;74.08;180.28;Regular;230.07;Alerta;Regular;Alerta
2026-05-21;12:00;105;161.96;91.38;70.29;Bueno;176.62;Regular;62;123.88;74.08;180.28;Regular;230.07;Alerta;Regular;Alerta
2026-05-21;13:00;151;160.08;91.38;70.29;Bueno;176.62;Regular;78;122.38;74.08;180.28;Regular;230.07;Alerta;Regular;Alerta
2026-05-21;14:00;63;156.50;91.38;70.29;Bueno;176.62;Regular;30;120.21;74.08;180.28;Regular;230.07;Alerta;Regular;Alerta
2026-05-21;15:00;63;153.04;91.38;70.29;Bueno;176.62;Regular;45;118.54;74.08;180.28;Regular;230.07;Alerta;Regular;Alerta
2026-05-21;16:00;47;148.00;91.38;70.29;Bueno;176.62;Regular;34;116.38;74.08;180.28;Regular;230.07;Alerta;Regular;Alerta
2026-05-21;17:00;67;137.58;91.38;70.29;Bueno;176.62;Regular;50;109.50;74.08;180.28;Regular;230.07;Alerta;Regular;Alerta
2026-05-21;18:00;142;129.21;91.38;70.29;Bueno;176.62;Regular;127;103.71;74.08;180.28;Regular;230.07;Alerta;Regular;Alerta
2026-05-21;19:00;145;120.92;91.38;70.29;Bueno;176.62;Regular;124;97.54;74.08;180.28;Regular;230.07;Alerta;Regular;Alerta
2026-05-21;20:00;117;111.92;91.38;70.29;Bueno;176.62;Regular;109;91.62;74.08;180.28;Regular;230.07;Alerta;Regular;Alerta
2026-05-21;21:00;119;101.67;91.38;70.29;Bueno;176.62;Regular;108;82.75;74.08;180.28;Regular;230.07;Alerta;Regular;Alerta
2026-05-21;22:00;66;96.67;91.38;70.29;Bueno;176.62;Regular;54;78.67;74.08;180.28;Regular;230.07;Alerta;Regular;Alerta
2026-05-21;23:00;73;91.38;91.38;70.29;Bueno;176.62;Regular;66;74.08;74.08;180.28;Regular;230.07;Alerta;Regular;Alerta
2026-05-22;00:00;92;88.46;52.83;40.64;Bueno;112.84;Regular;83;71.25;45.79;91.58;Bueno;167.17;Regular;Bueno;Regular
2026-05-22;01:00;52;84.96;52.83;40.64;Bueno;112.84;Regular;50;68.42;45.79;91.58;Bueno;167.17;Regular;Bueno;Regular
2026-05-22;02:00;50;82.04;52.83;40.64;Bueno;112.84;Regular;45;65.92;45.79;91.58;Bueno;167.17;Regular;Bueno;Regular
2026-05-22;03:00;63;80.33;52.83;40.64;Bueno;112.84;Regular;57;64.29;45.79;91.58;Bueno;167.17;Regular;Bueno;Regular
2026-05-22;04:00;51;79.04;52.83;40.64;Bueno;112.84;Regular;47;63.12;45.79;91.58;Bueno;167.17;Regular;Bueno;Regular
2026-05-22;05:00;42;79.50;52.83;40.64;Bueno;112.84;Regular;37;63.38;45.79;91.58;Bueno;167.17;Regular;Bueno;Regular
2026-05-22;06:00;49;79.42;52.83;40.64;Bueno;112.84;Regular;43;63.08;45.79;91.58;Bueno;167.17;Regular;Bueno;Regular
2026-05-22;07:00;46;79.08;52.83;40.64;Bueno;112.84;Regular;37;62.75;45.79;91.58;Bueno;167.17;Regular;Bueno;Regular
2026-05-22;08:00;51;79.08;52.83;40.64;Bueno;112.84;Regular;48;62.88;45.79;91.58;Bueno;167.17;Regular;Bueno;Regular
2026-05-22;09:00;46;77.58;52.83;40.64;Bueno;112.84;Regular;38;61.62;45.79;91.58;Bueno;167.17;Regular;Bueno;Regular
2026-05-22;10:00;44;76.29;52.83;40.64;Bueno;112.84;Regular;36;61.12;45.79;91.58;Bueno;167.17;Regular;Bueno;Regular
2026-05-22;11:00;40;74.33;52.83;40.64;Bueno;112.84;Regular;32;60.00;45.79;91.58;Bueno;167.17;Regular;Bueno;Regular
2026-05-22;12:00;41;71.67;52.83;40.64;Bueno;112.84;Regular;39;59.04;45.79;91.58;Bueno;167.17;Regular;Bueno;Regular
2026-05-22;13:00;50;67.46;52.83;40.64;Bueno;112.84;Regular;44;57.62;45.79;91.58;Bueno;167.17;Regular;Bueno;Regular
2026-05-22;14:00;39;66.46;52.83;40.64;Bueno;112.84;Regular;38;57.96;45.79;91.58;Bueno;167.17;Regular;Bueno;Regular
2026-05-22;15:00;45;65.71;52.83;40.64;Bueno;112.84;Regular;41;57.79;45.79;91.58;Bueno;167.17;Regular;Bueno;Regular
2026-05-22;16:00;57;66.12;52.83;40.64;Bueno;112.84;Regular;48;58.38;45.79;91.58;Bueno;167.17;Regular;Bueno;Regular
2026-05-22;17:00;57;65.71;52.83;40.64;Bueno;112.84;Regular;47;58.25;45.79;91.58;Bueno;167.17;Regular;Bueno;Regular
2026-05-22;18:00;72;62.79;52.83;40.64;Bueno;112.84;Regular;60;55.46;45.79;91.58;Bueno;167.17;Regular;Bueno;Regular
2026-05-22;19:00;65;59.46;52.83;40.64;Bueno;112.84;Regular;57;52.67;45.79;91.58;Bueno;167.17;Regular;Bueno;Regular
2026-05-22;20:00;54;56.83;52.83;40.64;Bueno;112.84;Regular;43;49.92;45.79;91.58;Bueno;167.17;Regular;Bueno;Regular
2026-05-22;21:00;57;54.25;52.83;40.64;Bueno;112.84;Regular;44;47.25;45.79;91.58;Bueno;167.17;Regular;Bueno;Regular
2026-05-22;22:00;50;53.58;52.83;40.64;Bueno;112.84;Regular;43;46.79;45.79;91.58;Bueno;167.17;Regular;Bueno;Regular
2026-05-22;23:00;55;52.83;52.83;40.64;Bueno;112.84;Regular;42;45.79;45.79;91.58;Bueno;167.17;Regular;Bueno;Regular
2026-05-23;00:00;42;50.75;59.21;45.54;Bueno;123.32;Regular;38;43.92;48.46;96.92;Bueno;173.05;Regular;Bueno;Regular
2026-05-23;01:00;33;49.96;59.21;45.54;Bueno;123.32;Regular;32;43.17;48.46;96.92;Bueno;173.05;Regular;Bueno;Regular
2026-05-23;02:00;39;49.50;59.21;45.54;Bueno;123.32;Regular;31;42.58;48.46;96.92;Bueno;173.05;Regular;Bueno;Regular
2026-05-23;03:00;34;48.29;59.21;45.54;Bueno;123.32;Regular;26;41.29;48.46;96.92;Bueno;173.05;Regular;Bueno;Regular
2026-05-23;04:00;26;47.25;59.21;45.54;Bueno;123.32;Regular;26;40.42;48.46;96.92;Bueno;173.05;Regular;Bueno;Regular
2026-05-23;05:00;29;46.71;59.21;45.54;Bueno;123.32;Regular;30;40.12;48.46;96.92;Bueno;173.05;Regular;Bueno;Regular
2026-05-23;06:00;35;46.12;59.21;45.54;Bueno;123.32;Regular;30;39.58;48.46;96.92;Bueno;173.05;Regular;Bueno;Regular
2026-05-23;07:00;47;46.17;59.21;45.54;Bueno;123.32;Regular;31;39.33;48.46;96.92;Bueno;173.05;Regular;Bueno;Regular
2026-05-23;08:00;50;46.12;59.21;45.54;Bueno;123.32;Regular;36;38.83;48.46;96.92;Bueno;173.05;Regular;Bueno;Regular
2026-05-23;09:00;38;45.79;59.21;45.54;Bueno;123.32;Regular;32;38.58;48.46;96.92;Bueno;173.05;Regular;Bueno;Regular
2026-05-23;10:00;37;45.50;59.21;45.54;Bueno;123.32;Regular;28;38.25;48.46;96.92;Bueno;173.05;Regular;Bueno;Regular
2026-05-23;11:00;45;45.71;59.21;45.54;Bueno;123.32;Regular;30;38.17;48.46;96.92;Bueno;173.05;Regular;Bueno;Regular
2026-05-23;12:00;50;46.08;59.21;45.54;Bueno;123.32;Regular;41;38.25;48.46;96.92;Bueno;173.05;Regular;Bueno;Regular
2026-05-23;13:00;43;45.79;59.21;45.54;Bueno;123.32;Regular;35;37.88;48.46;96.92;Bueno;173.05;Regular;Bueno;Regular
2026-05-23;14:00;42;45.92;59.21;45.54;Bueno;123.32;Regular;27;37.42;48.46;96.92;Bueno;173.05;Regular;Bueno;Regular
2026-05-23;15:00;43;45.83;59.21;45.54;Bueno;123.32;Regular;33;37.08;48.46;96.92;Bueno;173.05;Regular;Bueno;Regular
2026-05-23;16:00;46;45.38;59.21;45.54;Bueno;123.32;Regular;35;36.54;48.46;96.92;Bueno;173.05;Regular;Bueno;Regular
2026-05-23;17:00;75;46.12;59.21;45.54;Bueno;123.32;Regular;50;36.67;48.46;96.92;Bueno;173.05;Regular;Bueno;Regular
2026-05-23;18:00;97;47.17;59.21;45.54;Bueno;123.32;Regular;80;37.50;48.46;96.92;Bueno;173.05;Regular;Bueno;Regular
2026-05-23;19:00;147;50.58;59.21;45.54;Bueno;123.32;Regular;128;40.46;48.46;96.92;Bueno;173.05;Regular;Bueno;Regular
2026-05-23;20:00;217;57.38;59.21;45.54;Bueno;123.32;Regular;192;46.67;48.46;96.92;Bueno;173.05;Regular;Bueno;Regular
2026-05-23;21:00;130;60.42;59.21;45.54;Bueno;123.32;Regular;111;49.46;48.46;96.92;Bueno;173.05;Regular;Bueno;Regular
2026-05-23;22:00;36;59.83;59.21;45.54;Bueno;123.32;Regular;31;48.96;48.46;96.92;Bueno;173.05;Regular;Bueno;Regular
2026-05-23;23:00;40;59.21;59.21;45.54;Bueno;123.32;Regular;30;48.46;48.46;96.92;Bueno;173.05;Regular;Bueno;Regular
2026-05-24;00:00;36;58.96;69.75;53.65;Bueno;140.71;Regular;31;48.17;57.83;126.11;Regular;193.80;Regular;Regular;Regular
2026-05-24;01:00;36;59.08;69.75;53.65;Bueno;140.71;Regular;30;48.08;57.83;126.11;Regular;193.80;Regular;Regular;Regular
2026-05-24;02:00;36;58.96;69.75;53.65;Bueno;140.71;Regular;27;47.92;57.83;126.11;Regular;193.80;Regular;Regular;Regular
2026-05-24;03:00;33;58.92;69.75;53.65;Bueno;140.71;Regular;26;47.92;57.83;126.11;Regular;193.80;Regular;Regular;Regular
2026-05-24;04:00;28;59.00;69.75;53.65;Bueno;140.71;Regular;22;47.75;57.83;126.11;Regular;193.80;Regular;Regular;Regular
2026-05-24;05:00;26;58.88;69.75;53.65;Bueno;140.71;Regular;22;47.42;57.83;126.11;Regular;193.80;Regular;Regular;Regular
2026-05-24;06:00;26;58.50;69.75;53.65;Bueno;140.71;Regular;16;46.83;57.83;126.11;Regular;193.80;Regular;Regular;Regular
2026-05-24;07:00;25;57.58;69.75;53.65;Bueno;140.71;Regular;19;46.33;57.83;126.11;Regular;193.80;Regular;Regular;Regular
2026-05-24;08:00;41;57.21;69.75;53.65;Bueno;140.71;Regular;21;45.71;57.83;126.11;Regular;193.80;Regular;Regular;Regular
2026-05-24;09:00;45;57.50;69.75;53.65;Bueno;140.71;Regular;23;45.33;57.83;126.11;Regular;193.80;Regular;Regular;Regular
2026-05-24;10:00;35;57.42;69.75;53.65;Bueno;140.71;Regular;26;45.25;57.83;126.11;Regular;193.80;Regular;Regular;Regular
2026-05-24;11:00;39;57.17;69.75;53.65;Bueno;140.71;Regular;26;45.08;57.83;126.11;Regular;193.80;Regular;Regular;Regular
2026-05-24;12:00;39;56.71;69.75;53.65;Bueno;140.71;Regular;32;44.71;57.83;126.11;Regular;193.80;Regular;Regular;Regular
2026-05-24;13:00;42;56.67;69.75;53.65;Bueno;140.71;Regular;33;44.62;57.83;126.11;Regular;193.80;Regular;Regular;Regular
2026-05-24;14:00;33;56.29;69.75;53.65;Bueno;140.71;Regular;19;44.29;57.83;126.11;Regular;193.80;Regular;Regular;Regular
2026-05-24;15:00;31;55.79;69.75;53.65;Bueno;140.71;Regular;20;43.75;57.83;126.11;Regular;193.80;Regular;Regular;Regular
2026-05-24;16:00;28;55.04;69.75;53.65;Bueno;140.71;Regular;18;43.04;57.83;126.11;Regular;193.80;Regular;Regular;Regular
2026-05-24;17:00;133;57.46;69.75;53.65;Bueno;140.71;Regular;118;45.88;57.83;126.11;Regular;193.80;Regular;Regular;Regular
2026-05-24;18:00;192;61.42;69.75;53.65;Bueno;140.71;Regular;158;49.12;57.83;126.11;Regular;193.80;Regular;Regular;Regular
2026-05-24;19:00;221;64.50;69.75;53.65;Bueno;140.71;Regular;200;52.12;57.83;126.11;Regular;193.80;Regular;Regular;Regular
2026-05-24;20:00;104;59.79;69.75;53.65;Bueno;140.71;Regular;92;47.96;57.83;126.11;Regular;193.80;Regular;Regular;Regular
2026-05-24;21:00;180;61.88;69.75;53.65;Bueno;140.71;Regular;164;50.17;57.83;126.11;Regular;193.80;Regular;Regular;Regular
2026-05-24;22:00;183;68.00;69.75;53.65;Bueno;140.71;Regular;169;55.92;57.83;126.11;Regular;193.80;Regular;Regular;Regular
2026-05-24;23:00;82;69.75;69.75;53.65;Bueno;140.71;Regular;76;57.83;57.83;126.11;Regular;193.80;Regular;Regular;Regular
2026-05-25;00:00;115;73.04;109.33;84.10;Bueno;206.69;Alerta;105;60.92;88.33;227.78;Alerta;262.20;Alerta;Alerta;Alerta
2026-05-25;01:00;81;74.92;109.33;84.10;Bueno;206.69;Alerta;79;62.96;88.33;227.78;Alerta;262.20;Alerta;Alerta;Alerta
2026-05-25;02:00;88;77.08;109.33;84.10;Bueno;206.69;Alerta;82;65.25;88.33;227.78;Alerta;262.20;Alerta;Alerta;Alerta
2026-05-25;03:00;38;77.29;109.33;84.10;Bueno;206.69;Alerta;36;65.67;88.33;227.78;Alerta;262.20;Alerta;Alerta;Alerta
2026-05-25;04:00;40;77.79;109.33;84.10;Bueno;206.69;Alerta;39;66.38;88.33;227.78;Alerta;262.20;Alerta;Alerta;Alerta
2026-05-25;05:00;42;78.46;109.33;84.10;Bueno;206.69;Alerta;42;67.21;88.33;227.78;Alerta;262.20;Alerta;Alerta;Alerta
2026-05-25;06:00;61;79.92;109.33;84.10;Bueno;206.69;Alerta;46;68.46;88.33;227.78;Alerta;262.20;Alerta;Alerta;Alerta
2026-05-25;07:00;49;80.92;109.33;84.10;Bueno;206.69;Alerta;45;69.54;88.33;227.78;Alerta;262.20;Alerta;Alerta;Alerta
2026-05-25;08:00;57;81.58;109.33;84.10;Bueno;206.69;Alerta;42;70.42;88.33;227.78;Alerta;262.20;Alerta;Alerta;Alerta
2026-05-25;09:00;84;83.21;109.33;84.10;Bueno;206.69;Alerta;64;72.12;88.33;227.78;Alerta;262.20;Alerta;Alerta;Alerta
2026-05-25;10:00;80;85.08;109.33;84.10;Bueno;206.69;Alerta;63;73.67;88.33;227.78;Alerta;262.20;Alerta;Alerta;Alerta
2026-05-25;11:00;56;85.79;109.33;84.10;Bueno;206.69;Alerta;55;74.88;88.33;227.78;Alerta;262.20;Alerta;Alerta;Alerta
2026-05-25;12:00;40;85.83;109.33;84.10;Bueno;206.69;Alerta;39;75.17;88.33;227.78;Alerta;262.20;Alerta;Alerta;Alerta
2026-05-25;13:00;40;85.75;109.33;84.10;Bueno;206.69;Alerta;29;75.00;88.33;227.78;Alerta;262.20;Alerta;Alerta;Alerta
2026-05-25;14:00;31;85.67;109.33;84.10;Bueno;206.69;Alerta;20;75.04;88.33;227.78;Alerta;262.20;Alerta;Alerta;Alerta
2026-05-25;15:00;47;86.33;109.33;84.10;Bueno;206.69;Alerta;22;75.12;88.33;227.78;Alerta;262.20;Alerta;Alerta;Alerta
2026-05-25;16:00;45;87.04;109.33;84.10;Bueno;206.69;Alerta;22;75.29;88.33;227.78;Alerta;262.20;Alerta;Alerta;Alerta
2026-05-25;17:00;138;87.25;109.33;84.10;Bueno;206.69;Alerta;101;74.58;88.33;227.78;Alerta;262.20;Alerta;Alerta;Alerta
2026-05-25;18:00;269;90.46;109.33;84.10;Bueno;206.69;Alerta;210;76.75;88.33;227.78;Alerta;262.20;Alerta;Alerta;Alerta
2026-05-25;19:00;301;93.79;109.33;84.10;Bueno;206.69;Alerta;235;78.21;88.33;227.78;Alerta;262.20;Alerta;Alerta;Alerta
2026-05-25;20:00;314;102.54;109.33;84.10;Bueno;206.69;Alerta;250;84.79;88.33;227.78;Alerta;262.20;Alerta;Alerta;Alerta
2026-05-25;21:00;330;108.79;109.33;84.10;Bueno;206.69;Alerta;267;89.08;88.33;227.78;Alerta;262.20;Alerta;Alerta;Alerta
2026-05-25;22:00;140;107.00;109.33;84.10;Bueno;206.69;Alerta;111;86.67;88.33;227.78;Alerta;262.20;Alerta;Alerta;Alerta
2026-05-25;23:00;138;109.33;109.33;84.10;Bueno;206.69;Alerta;116;88.33;88.33;227.78;Alerta;262.20;Alerta;Alerta;Alerta
2026-05-26;00:00;100;108.71;125.04;96.19;Bueno;233.17;Alerta;85;87.50;97.58;258.61;Alerta;283.21;Alerta;Alerta;Alerta
2026-05-26;01:00;54;107.58;125.04;96.19;Bueno;233.17;Alerta;53;86.42;97.58;258.61;Alerta;283.21;Alerta;Alerta;Alerta
2026-05-26;02:00;58;106.33;125.04;96.19;Bueno;233.17;Alerta;57;85.38;97.58;258.61;Alerta;283.21;Alerta;Alerta;Alerta
2026-05-26;03:00;54;107.00;125.04;96.19;Bueno;233.17;Alerta;53;86.08;97.58;258.61;Alerta;283.21;Alerta;Alerta;Alerta
2026-05-26;04:00;50;107.42;125.04;96.19;Bueno;233.17;Alerta;49;86.50;97.58;258.61;Alerta;283.21;Alerta;Alerta;Alerta
2026-05-26;05:00;51;107.79;125.04;96.19;Bueno;233.17;Alerta;50;86.83;97.58;258.61;Alerta;283.21;Alerta;Alerta;Alerta
2026-05-26;06:00;42;107.00;125.04;96.19;Bueno;233.17;Alerta;41;86.62;97.58;258.61;Alerta;283.21;Alerta;Alerta;Alerta
2026-05-26;07:00;70;107.88;125.04;96.19;Bueno;233.17;Alerta;59;87.21;97.58;258.61;Alerta;283.21;Alerta;Alerta;Alerta
2026-05-26;08:00;160;112.17;125.04;96.19;Bueno;233.17;Alerta;127;90.75;97.58;258.61;Alerta;283.21;Alerta;Alerta;Alerta
2026-05-26;09:00;108;113.17;125.04;96.19;Bueno;233.17;Alerta;68;90.92;97.58;258.61;Alerta;283.21;Alerta;Alerta;Alerta
2026-05-26;10:00;59;112.29;125.04;96.19;Bueno;233.17;Alerta;44;90.12;97.58;258.61;Alerta;283.21;Alerta;Alerta;Alerta
2026-05-26;11:00;112;114.62;125.04;96.19;Bueno;233.17;Alerta;90;91.58;97.58;258.61;Alerta;283.21;Alerta;Alerta;Alerta
2026-05-26;12:00;129;118.33;125.04;96.19;Bueno;233.17;Alerta;89;93.67;97.58;258.61;Alerta;283.21;Alerta;Alerta;Alerta
2026-05-26;13:00;104;121.00;125.04;96.19;Bueno;233.17;Alerta;76;95.62;97.58;258.61;Alerta;283.21;Alerta;Alerta;Alerta
2026-05-26;14:00;102;123.96;125.04;96.19;Bueno;233.17;Alerta;60;97.29;97.58;258.61;Alerta;283.21;Alerta;Alerta;Alerta
2026-05-26;15:00;68;124.83;125.04;96.19;Bueno;233.17;Alerta;42;98.12;97.58;258.61;Alerta;283.21;Alerta;Alerta;Alerta
2026-05-26;16:00;110;127.54;125.04;96.19;Bueno;233.17;Alerta;76;100.38;97.58;258.61;Alerta;283.21;Alerta;Alerta;Alerta
2026-05-26;17:00;234;131.54;125.04;96.19;Bueno;233.17;Alerta;176;103.50;97.58;258.61;Alerta;283.21;Alerta;Alerta;Alerta
2026-05-26;18:00;211;129.12;125.04;96.19;Bueno;233.17;Alerta;143;100.71;97.58;258.61;Alerta;283.21;Alerta;Alerta;Alerta
2026-05-26;19:00;278;128.17;125.04;96.19;Bueno;233.17;Alerta;211;99.71;97.58;258.61;Alerta;283.21;Alerta;Alerta;Alerta
2026-05-26;20:00;294;127.33;125.04;96.19;Bueno;233.17;Alerta;233;99.00;97.58;258.61;Alerta;283.21;Alerta;Alerta;Alerta
2026-05-26;21:00;253;124.12;125.04;96.19;Bueno;233.17;Alerta;211;96.67;97.58;258.61;Alerta;283.21;Alerta;Alerta;Alerta
2026-05-26;22:00;155;124.75;125.04;96.19;Bueno;233.17;Alerta;118;96.96;97.58;258.61;Alerta;283.21;Alerta;Alerta;Alerta
2026-05-26;23:00;145;125.04;125.04;96.19;Bueno;233.17;Alerta;131;97.58;97.58;258.61;Alerta;283.21;Alerta;Alerta;Alerta
2026-05-27;00:00;114;125.62;65.21;50.16;Bueno;133.21;Regular;98;98.12;52.62;108.75;Regular;182.26;Regular;Regular;Regular
2026-05-27;01:00;130;128.79;65.21;50.16;Bueno;133.21;Regular;111;100.54;52.62;108.75;Regular;182.26;Regular;Regular;Regular
2026-05-27;02:00;91;130.17;65.21;50.16;Bueno;133.21;Regular;83;101.62;52.62;108.75;Regular;182.26;Regular;Regular;Regular
2026-05-27;03:00;116;132.75;65.21;50.16;Bueno;133.21;Regular;103;103.71;52.62;108.75;Regular;182.26;Regular;Regular;Regular
2026-05-27;04:00;99;134.79;65.21;50.16;Bueno;133.21;Regular;92;105.50;52.62;108.75;Regular;182.26;Regular;Regular;Regular
2026-05-27;05:00;56;135.00;65.21;50.16;Bueno;133.21;Regular;52;105.58;52.62;108.75;Regular;182.26;Regular;Regular;Regular
2026-05-27;06:00;43;135.04;65.21;50.16;Bueno;133.21;Regular;34;105.29;52.62;108.75;Regular;182.26;Regular;Regular;Regular
2026-05-27;07:00;76;135.29;65.21;50.16;Bueno;133.21;Regular;58;105.25;52.62;108.75;Regular;182.26;Regular;Regular;Regular
2026-05-27;08:00;98;132.71;65.21;50.16;Bueno;133.21;Regular;80;103.29;52.62;108.75;Regular;182.26;Regular;Regular;Regular
2026-05-27;09:00;95;132.17;65.21;50.16;Bueno;133.21;Regular;77;103.67;52.62;108.75;Regular;182.26;Regular;Regular;Regular
2026-05-27;10:00;87;133.33;65.21;50.16;Bueno;133.21;Regular;69;104.71;52.62;108.75;Regular;182.26;Regular;Regular;Regular
2026-05-27;11:00;61;131.21;65.21;50.16;Bueno;133.21;Regular;47;102.92;52.62;108.75;Regular;182.26;Regular;Regular;Regular
2026-05-27;12:00;55;128.12;65.21;50.16;Bueno;133.21;Regular;33;100.58;52.62;108.75;Regular;182.26;Regular;Regular;Regular
2026-05-27;13:00;59;126.25;65.21;50.16;Bueno;133.21;Regular;42;99.17;52.62;108.75;Regular;182.26;Regular;Regular;Regular
2026-05-27;14:00;42;123.75;65.21;50.16;Bueno;133.21;Regular;30;97.92;52.62;108.75;Regular;182.26;Regular;Regular;Regular
2026-05-27;15:00;34;122.33;65.21;50.16;Bueno;133.21;Regular;26;97.25;52.62;108.75;Regular;182.26;Regular;Regular;Regular
2026-05-27;16:00;31;119.04;65.21;50.16;Bueno;133.21;Regular;20;94.92;52.62;108.75;Regular;182.26;Regular;Regular;Regular
2026-05-27;17:00;40;110.96;65.21;50.16;Bueno;133.21;Regular;28;88.75;52.62;108.75;Regular;182.26;Regular;Regular;Regular
2026-05-27;18:00;58;104.58;65.21;50.16;Bueno;133.21;Regular;44;84.62;52.62;108.75;Regular;182.26;Regular;Regular;Regular
2026-05-27;19:00;54;95.25;65.21;50.16;Bueno;133.21;Regular;37;77.38;52.62;108.75;Regular;182.26;Regular;Regular;Regular
2026-05-27;20:00;38;84.58;65.21;50.16;Bueno;133.21;Regular;23;68.62;52.62;108.75;Regular;182.26;Regular;Regular;Regular
2026-05-27;21:00;27;75.17;65.21;50.16;Bueno;133.21;Regular;22;60.75;52.62;108.75;Regular;182.26;Regular;Regular;Regular
2026-05-27;22:00;35;70.17;65.21;50.16;Bueno;133.21;Regular;32;57.17;52.62;108.75;Regular;182.26;Regular;Regular;Regular
2026-05-27;23:00;26;65.21;65.21;50.16;Bueno;133.21;Regular;22;52.62;52.62;108.75;Regular;182.26;Regular;Regular;Regular
2026-05-28;00:00;24;61.46;46.54;35.80;Bueno;102.52;Regular;21;49.42;35.00;70.00;Bueno;143.47;Regular;Bueno;Regular
2026-05-28;01:00;23;57.00;46.54;35.80;Bueno;102.52;Regular;18;45.54;35.00;70.00;Bueno;143.47;Regular;Bueno;Regular
2026-05-28;02:00;16;53.88;46.54;35.80;Bueno;102.52;Regular;15;42.71;35.00;70.00;Bueno;143.47;Regular;Bueno;Regular
2026-05-28;03:00;14;49.62;46.54;35.80;Bueno;102.52;Regular;14;39.00;35.00;70.00;Bueno;143.47;Regular;Bueno;Regular
2026-05-28;04:00;13;46.04;46.54;35.80;Bueno;102.52;Regular;10;35.58;35.00;70.00;Bueno;143.47;Regular;Bueno;Regular
2026-05-28;05:00;9;44.08;46.54;35.80;Bueno;102.52;Regular;8;33.75;35.00;70.00;Bueno;143.47;Regular;Bueno;Regular
2026-05-28;06:00;11;42.75;46.54;35.80;Bueno;102.52;Regular;9;32.71;35.00;70.00;Bueno;143.47;Regular;Bueno;Regular
2026-05-28;07:00;16;40.25;46.54;35.80;Bueno;102.52;Regular;8;30.62;35.00;70.00;Bueno;143.47;Regular;Bueno;Regular
2026-05-28;08:00;17;36.88;46.54;35.80;Bueno;102.52;Regular;9;27.67;35.00;70.00;Bueno;143.47;Regular;Bueno;Regular
2026-05-28;09:00;17;33.62;46.54;35.80;Bueno;102.52;Regular;10;24.88;35.00;70.00;Bueno;143.47;Regular;Bueno;Regular
2026-05-28;10:00;22;30.92;46.54;35.80;Bueno;102.52;Regular;13;22.54;35.00;70.00;Bueno;143.47;Regular;Bueno;Regular
2026-05-28;11:00;29;29.58;46.54;35.80;Bueno;102.52;Regular;11;21.04;35.00;70.00;Bueno;143.47;Regular;Bueno;Regular
2026-05-28;12:00;23;28.25;46.54;35.80;Bueno;102.52;Regular;11;20.12;35.00;70.00;Bueno;143.47;Regular;Bueno;Regular
2026-05-28;13:00;30;27.04;46.54;35.80;Bueno;102.52;Regular;17;19.08;35.00;70.00;Bueno;143.47;Regular;Bueno;Regular
2026-05-28;14:00;19;26.08;46.54;35.80;Bueno;102.52;Regular;13;18.38;35.00;70.00;Bueno;143.47;Regular;Bueno;Regular
2026-05-28;15:00;31;25.96;46.54;35.80;Bueno;102.52;Regular;17;18.00;35.00;70.00;Bueno;143.47;Regular;Bueno;Regular
2026-05-28;16:00;31;25.96;46.54;35.80;Bueno;102.52;Regular;21;18.04;35.00;70.00;Bueno;143.47;Regular;Bueno;Regular
2026-05-28;17:00;41;26.00;46.54;35.80;Bueno;102.52;Regular;24;17.88;35.00;70.00;Bueno;143.47;Regular;Bueno;Regular
2026-05-28;18:00;89;27.29;46.54;35.80;Bueno;102.52;Regular;65;18.75;35.00;70.00;Bueno;143.47;Regular;Bueno;Regular
2026-05-28;19:00;106;29.46;46.54;35.80;Bueno;102.52;Regular;79;20.50;35.00;70.00;Bueno;143.47;Regular;Bueno;Regular
2026-05-28;20:00;133;33.42;46.54;35.80;Bueno;102.52;Regular;111;24.17;35.00;70.00;Bueno;143.47;Regular;Bueno;Regular
2026-05-28;21:00;177;39.67;46.54;35.80;Bueno;102.52;Regular;154;29.67;35.00;70.00;Bueno;143.47;Regular;Bueno;Regular
2026-05-28;22:00;76;41.38;46.54;35.80;Bueno;102.52;Regular;53;30.54;35.00;70.00;Bueno;143.47;Regular;Bueno;Regular
2026-05-28;23:00;150;46.54;46.54;35.80;Bueno;102.52;Regular;129;35.00;35.00;70.00;Bueno;143.47;Regular;Bueno;Regular
2026-05-29;00:00;141;51.42;58.29;44.84;Bueno;121.81;Regular;123;39.25;47.67;95.33;Bueno;171.30;Regular;Bueno;Regular
2026-05-29;01:00;103;54.75;58.29;44.84;Bueno;121.81;Regular;93;42.38;47.67;95.33;Bueno;171.30;Regular;Bueno;Regular
2026-05-29;02:00;94;58.00;58.29;44.84;Bueno;121.81;Regular;76;44.92;47.67;95.33;Bueno;171.30;Regular;Bueno;Regular
2026-05-29;03:00;33;58.79;58.29;44.84;Bueno;121.81;Regular;32;45.67;47.67;95.33;Bueno;171.30;Regular;Bueno;Regular
2026-05-29;04:00;37;59.79;58.29;44.84;Bueno;121.81;Regular;36;46.75;47.67;95.33;Bueno;171.30;Regular;Bueno;Regular
2026-05-29;05:00;42;61.17;58.29;44.84;Bueno;121.81;Regular;41;48.12;47.67;95.33;Bueno;171.30;Regular;Bueno;Regular
2026-05-29;06:00;32;62.04;58.29;44.84;Bueno;121.81;Regular;31;49.04;47.67;95.33;Bueno;171.30;Regular;Bueno;Regular
2026-05-29;07:00;45;63.25;58.29;44.84;Bueno;121.81;Regular;41;50.42;47.67;95.33;Bueno;171.30;Regular;Bueno;Regular
2026-05-29;08:00;40;64.21;58.29;44.84;Bueno;121.81;Regular;33;51.42;47.67;95.33;Bueno;171.30;Regular;Bueno;Regular
2026-05-29;09:00;37;65.04;58.29;44.84;Bueno;121.81;Regular;33;52.38;47.67;95.33;Bueno;171.30;Regular;Bueno;Regular
2026-05-29;10:00;28;65.29;58.29;44.84;Bueno;121.81;Regular;22;52.75;47.67;95.33;Bueno;171.30;Regular;Bueno;Regular
2026-05-29;11:00;31;65.38;58.29;44.84;Bueno;121.81;Regular;22;53.21;47.67;95.33;Bueno;171.30;Regular;Bueno;Regular
2026-05-29;12:00;16;65.08;58.29;44.84;Bueno;121.81;Regular;13;53.29;47.67;95.33;Bueno;171.30;Regular;Bueno;Regular
2026-05-29;13:00;20;64.67;58.29;44.84;Bueno;121.81;Regular;10;53.00;47.67;95.33;Bueno;171.30;Regular;Bueno;Regular
2026-05-29;14:00;19;64.67;58.29;44.84;Bueno;121.81;Regular;10;52.88;47.67;95.33;Bueno;171.30;Regular;Bueno;Regular
2026-05-29;15:00;23;64.33;58.29;44.84;Bueno;121.81;Regular;12;52.67;47.67;95.33;Bueno;171.30;Regular;Bueno;Regular
2026-05-29;16:00;20;63.88;58.29;44.84;Bueno;121.81;Regular;10;52.21;47.67;95.33;Bueno;171.30;Regular;Bueno;Regular
2026-05-29;17:00;46;64.08;58.29;44.84;Bueno;121.81;Regular;31;52.50;47.67;95.33;Bueno;171.30;Regular;Bueno;Regular
2026-05-29;18:00;76;63.54;58.29;44.84;Bueno;121.81;Regular;63;52.42;47.67;95.33;Bueno;171.30;Regular;Bueno;Regular
2026-05-29;19:00;83;62.58;58.29;44.84;Bueno;121.81;Regular;62;51.71;47.67;95.33;Bueno;171.30;Regular;Bueno;Regular
2026-05-29;20:00;77;60.25;58.29;44.84;Bueno;121.81;Regular;62;49.67;47.67;95.33;Bueno;171.30;Regular;Bueno;Regular
2026-05-29;21:00;80;56.21;58.29;44.84;Bueno;121.81;Regular;63;45.88;47.67;95.33;Bueno;171.30;Regular;Bueno;Regular
2026-05-29;22:00;140;58.88;58.29;44.84;Bueno;121.81;Regular;116;48.50;47.67;95.33;Bueno;171.30;Regular;Bueno;Regular
2026-05-29;23:00;136;58.29;58.29;44.84;Bueno;121.81;Regular;109;47.67;47.67;95.33;Bueno;171.30;Regular;Bueno;Regular
2026-05-30;00:00;108;56.92;84.83;65.26;Bueno;165.73;Regular;88;46.21;69.29;164.31;Regular;219.34;Alerta;Regular;Alerta
2026-05-30;01:00;50;54.71;84.83;65.26;Bueno;165.73;Regular;45;44.21;69.29;164.31;Regular;219.34;Alerta;Regular;Alerta
2026-05-30;02:00;30;52.04;84.83;65.26;Bueno;165.73;Regular;29;42.25;69.29;164.31;Regular;219.34;Alerta;Regular;Alerta
2026-05-30;03:00;33;52.04;84.83;65.26;Bueno;165.73;Regular;32;42.25;69.29;164.31;Regular;219.34;Alerta;Regular;Alerta
2026-05-30;04:00;42;52.25;84.83;65.26;Bueno;165.73;Regular;29;41.96;69.29;164.31;Regular;219.34;Alerta;Regular;Alerta
2026-05-30;05:00;20;51.33;84.83;65.26;Bueno;165.73;Regular;15;40.88;69.29;164.31;Regular;219.34;Alerta;Regular;Alerta
2026-05-30;06:00;15;50.62;84.83;65.26;Bueno;165.73;Regular;16;40.25;69.29;164.31;Regular;219.34;Alerta;Regular;Alerta
2026-05-30;07:00;9;49.12;84.83;65.26;Bueno;165.73;Regular;8;38.88;69.29;164.31;Regular;219.34;Alerta;Regular;Alerta
2026-05-30;08:00;12;47.96;84.83;65.26;Bueno;165.73;Regular;10;37.92;69.29;164.31;Regular;219.34;Alerta;Regular;Alerta
2026-05-30;09:00;28;47.58;84.83;65.26;Bueno;165.73;Regular;21;37.42;69.29;164.31;Regular;219.34;Alerta;Regular;Alerta
2026-05-30;10:00;39;48.04;84.83;65.26;Bueno;165.73;Regular;27;37.62;69.29;164.31;Regular;219.34;Alerta;Regular;Alerta
2026-05-30;11:00;45;48.62;84.83;65.26;Bueno;165.73;Regular;28;37.88;69.29;164.31;Regular;219.34;Alerta;Regular;Alerta
2026-05-30;12:00;32;49.29;84.83;65.26;Bueno;165.73;Regular;32;38.67;69.29;164.31;Regular;219.34;Alerta;Regular;Alerta
2026-05-30;13:00;26;49.54;84.83;65.26;Bueno;165.73;Regular;16;38.92;69.29;164.31;Regular;219.34;Alerta;Regular;Alerta
2026-05-30;14:00;23;49.71;84.83;65.26;Bueno;165.73;Regular;15;39.12;69.29;164.31;Regular;219.34;Alerta;Regular;Alerta
2026-05-30;15:00;17;49.46;84.83;65.26;Bueno;165.73;Regular;9;39.00;69.29;164.31;Regular;219.34;Alerta;Regular;Alerta
2026-05-30;16:00;14;49.21;84.83;65.26;Bueno;165.73;Regular;10;39.00;69.29;164.31;Regular;219.34;Alerta;Regular;Alerta
2026-05-30;17:00;56;49.62;84.83;65.26;Bueno;165.73;Regular;42;39.46;69.29;164.31;Regular;219.34;Alerta;Regular;Alerta
2026-05-30;18:00;322;59.88;84.83;65.26;Bueno;165.73;Regular;267;47.96;69.29;164.31;Regular;219.34;Alerta;Regular;Alerta
2026-05-30;19:00;229;65.96;84.83;65.26;Bueno;165.73;Regular;189;53.25;69.29;164.31;Regular;219.34;Alerta;Regular;Alerta
2026-05-30;20:00;239;72.71;84.83;65.26;Bueno;165.73;Regular;189;58.54;69.29;164.31;Regular;219.34;Alerta;Regular;Alerta
2026-05-30;21:00;286;81.29;84.83;65.26;Bueno;165.73;Regular;241;65.96;69.29;164.31;Regular;219.34;Alerta;Regular;Alerta
2026-05-30;22:00;274;86.88;84.83;65.26;Bueno;165.73;Regular;234;70.88;69.29;164.31;Regular;219.34;Alerta;Regular;Alerta
2026-05-30;23:00;87;84.83;84.83;65.26;Bueno;165.73;Regular;71;69.29;69.29;164.31;Regular;219.34;Alerta;Regular;Alerta
2026-05-31;00:00;129;85.71;79.67;61.28;Bueno;157.14;Regular;120;70.62;69.29;164.31;Regular;219.34;Alerta;Regular;Alerta
2026-05-31;01:00;88;87.29;79.67;61.28;Bueno;157.14;Regular;80;72.08;69.29;164.31;Regular;219.34;Alerta;Regular;Alerta
2026-05-31;02:00;59;88.50;79.67;61.28;Bueno;157.14;Regular;60;73.38;69.29;164.31;Regular;219.34;Alerta;Regular;Alerta
2026-05-31;03:00;53;89.33;79.67;61.28;Bueno;157.14;Regular;49;74.08;69.29;164.31;Regular;219.34;Alerta;Regular;Alerta
2026-05-31;04:00;55;89.88;79.67;61.28;Bueno;157.14;Regular;45;74.75;69.29;164.31;Regular;219.34;Alerta;Regular;Alerta
2026-05-31;05:00;44;90.88;79.67;61.28;Bueno;157.14;Regular;40;75.79;69.29;164.31;Regular;219.34;Alerta;Regular;Alerta
2026-05-31;06:00;31;91.54;79.67;61.28;Bueno;157.14;Regular;24;76.12;69.29;164.31;Regular;219.34;Alerta;Regular;Alerta
2026-05-31;07:00;42;92.92;79.67;61.28;Bueno;157.14;Regular;42;77.54;69.29;164.31;Regular;219.34;Alerta;Regular;Alerta
2026-05-31;08:00;49;94.46;79.67;61.28;Bueno;157.14;Regular;47;79.08;69.29;164.31;Regular;219.34;Alerta;Regular;Alerta
2026-05-31;09:00;41;95.00;79.67;61.28;Bueno;157.14;Regular;42;79.96;69.29;164.31;Regular;219.34;Alerta;Regular;Alerta
2026-05-31;10:00;77;96.58;79.67;61.28;Bueno;157.14;Regular;60;81.33;69.29;164.31;Regular;219.34;Alerta;Regular;Alerta
2026-05-31;11:00;62;97.29;79.67;61.28;Bueno;157.14;Regular;59;82.62;69.29;164.31;Regular;219.34;Alerta;Regular;Alerta
2026-05-31;12:00;75;99.08;79.67;61.28;Bueno;157.14;Regular;63;83.92;69.29;164.31;Regular;219.34;Alerta;Regular;Alerta
2026-05-31;13:00;58;100.42;79.67;61.28;Bueno;157.14;Regular;49;85.29;69.29;164.31;Regular;219.34;Alerta;Regular;Alerta
2026-05-31;14:00;89;103.17;79.67;61.28;Bueno;157.14;Regular;72;87.67;69.29;164.31;Regular;219.34;Alerta;Regular;Alerta
2026-05-31;15:00;63;105.08;79.67;61.28;Bueno;157.14;Regular;51;89.42;69.29;164.31;Regular;219.34;Alerta;Regular;Alerta
2026-05-31;16:00;45;106.38;79.67;61.28;Bueno;157.14;Regular;45;90.88;69.29;164.31;Regular;219.34;Alerta;Regular;Alerta
2026-05-31;17:00;64;106.71;79.67;61.28;Bueno;157.14;Regular;49;91.17;69.29;164.31;Regular;219.34;Alerta;Regular;Alerta
2026-05-31;18:00;101;97.50;79.67;61.28;Bueno;157.14;Regular;84;83.54;69.29;164.31;Regular;219.34;Alerta;Regular;Alerta
2026-05-31;19:00;95;91.92;79.67;61.28;Bueno;157.14;Regular;84;79.17;69.29;164.31;Regular;219.34;Alerta;Regular;Alerta
2026-05-31;20:00;97;86.00;79.67;61.28;Bueno;157.14;Regular;85;74.83;69.29;164.31;Regular;219.34;Alerta;Regular;Alerta
2026-05-31;21:00;112;78.75;79.67;61.28;Bueno;157.14;Regular;91;68.58;69.29;164.31;Regular;219.34;Alerta;Regular;Alerta
2026-05-31;22:00;179;74.79;79.67;61.28;Bueno;157.14;Regular;149;65.04;69.29;164.31;Regular;219.34;Alerta;Regular;Alerta
2026-05-31;23:00;204;79.67;79.67;61.28;Bueno;157.14;Regular;173;69.29;69.29;164.31;Regular;219.34;Alerta;Regular;Alerta
2026-06-01;00:00;80;77.62;28.08;21.60;Bueno;62.41;Bueno;71;67.25;21.54;43.08;Bueno;114.16;Regular;Bueno;Regular
2026-06-01;01:00;32;75.29;28.08;21.60;Bueno;62.41;Bueno;21;64.79;21.54;43.08;Bueno;114.16;Regular;Bueno;Regular
2026-06-01;02:00;22;73.75;28.08;21.60;Bueno;62.41;Bueno;14;62.88;21.54;43.08;Bueno;114.16;Regular;Bueno;Regular
2026-06-01;03:00;23;72.50;28.08;21.60;Bueno;62.41;Bueno;16;61.50;21.54;43.08;Bueno;114.16;Regular;Bueno;Regular
2026-06-01;04:00;21;71.08;28.08;21.60;Bueno;62.41;Bueno;18;60.38;21.54;43.08;Bueno;114.16;Regular;Bueno;Regular
2026-06-01;05:00;22;70.17;28.08;21.60;Bueno;62.41;Bueno;22;59.62;21.54;43.08;Bueno;114.16;Regular;Bueno;Regular
2026-06-01;06:00;24;69.88;28.08;21.60;Bueno;62.41;Bueno;21;59.50;21.54;43.08;Bueno;114.16;Regular;Bueno;Regular
2026-06-01;07:00;26;69.21;28.08;21.60;Bueno;62.41;Bueno;17;58.46;21.54;43.08;Bueno;114.16;Regular;Bueno;Regular
2026-06-01;08:00;29;68.38;28.08;21.60;Bueno;62.41;Bueno;21;57.38;21.54;43.08;Bueno;114.16;Regular;Bueno;Regular
2026-06-01;09:00;29;67.88;28.08;21.60;Bueno;62.41;Bueno;21;56.50;21.54;43.08;Bueno;114.16;Regular;Bueno;Regular
2026-06-01;10:00;33;66.04;28.08;21.60;Bueno;62.41;Bueno;18;54.75;21.54;43.08;Bueno;114.16;Regular;Bueno;Regular
2026-06-01;11:00;27;64.58;28.08;21.60;Bueno;62.41;Bueno;15;52.92;21.54;43.08;Bueno;114.16;Regular;Bueno;Regular
2026-06-01;12:00;25;62.50;28.08;21.60;Bueno;62.41;Bueno;18;51.04;21.54;43.08;Bueno;114.16;Regular;Bueno;Regular
2026-06-01;13:00;25;61.12;28.08;21.60;Bueno;62.41;Bueno;13;49.54;21.54;43.08;Bueno;114.16;Regular;Bueno;Regular
2026-06-01;14:00;19;58.21;28.08;21.60;Bueno;62.41;Bueno;11;47.00;21.54;43.08;Bueno;114.16;Regular;Bueno;Regular
2026-06-01;15:00;24;56.58;28.08;21.60;Bueno;62.41;Bueno;14;45.46;21.54;43.08;Bueno;114.16;Regular;Bueno;Regular
2026-06-01;16:00;27;55.83;28.08;21.60;Bueno;62.41;Bueno;21;44.46;21.54;43.08;Bueno;114.16;Regular;Bueno;Regular
2026-06-01;17:00;28;54.33;28.08;21.60;Bueno;62.41;Bueno;20;43.25;21.54;43.08;Bueno;114.16;Regular;Bueno;Regular
2026-06-01;18:00;54;52.38;28.08;21.60;Bueno;62.41;Bueno;48;41.75;21.54;43.08;Bueno;114.16;Regular;Bueno;Regular
2026-06-01;19:00;25;49.46;28.08;21.60;Bueno;62.41;Bueno;24;39.25;21.54;43.08;Bueno;114.16;Regular;Bueno;Regular
2026-06-01;20:00;21;46.29;28.08;21.60;Bueno;62.41;Bueno;18;36.46;21.54;43.08;Bueno;114.16;Regular;Bueno;Regular
2026-06-01;21:00;15;42.25;28.08;21.60;Bueno;62.41;Bueno;14;33.25;21.54;43.08;Bueno;114.16;Regular;Bueno;Regular
2026-06-01;22:00;17;35.50;28.08;21.60;Bueno;62.41;Bueno;16;27.71;21.54;43.08;Bueno;114.16;Regular;Bueno;Regular
2026-06-01;23:00;26;28.08;28.08;21.60;Bueno;62.41;Bueno;25;21.54;21.54;43.08;Bueno;114.16;Regular;Bueno;Regular
2026-06-02;00:00;21;25.62;19.17;14.74;Bueno;42.59;Bueno;18;19.33;13.79;27.58;Bueno;91.94;Bueno;Bueno;Bueno
2026-06-02;01:00;18;25.04;19.17;14.74;Bueno;42.59;Bueno;17;19.17;13.79;27.58;Bueno;91.94;Bueno;Bueno;Bueno
2026-06-02;02:00;14;24.71;19.17;14.74;Bueno;42.59;Bueno;14;19.17;13.79;27.58;Bueno;91.94;Bueno;Bueno;Bueno
2026-06-02;03:00;15;24.38;19.17;14.74;Bueno;42.59;Bueno;10;18.92;13.79;27.58;Bueno;91.94;Bueno;Bueno;Bueno
2026-06-02;04:00;11;23.96;19.17;14.74;Bueno;42.59;Bueno;10;18.58;13.79;27.58;Bueno;91.94;Bueno;Bueno;Bueno
2026-06-02;05:00;6;23.29;19.17;14.74;Bueno;42.59;Bueno;6;17.92;13.79;27.58;Bueno;91.94;Bueno;Bueno;Bueno
2026-06-02;06:00;6;22.54;19.17;14.74;Bueno;42.59;Bueno;5;17.25;13.79;27.58;Bueno;91.94;Bueno;Bueno;Bueno
2026-06-02;07:00;8;21.79;19.17;14.74;Bueno;42.59;Bueno;7;16.83;13.79;27.58;Bueno;91.94;Bueno;Bueno;Bueno
2026-06-02;08:00;10;21.00;19.17;14.74;Bueno;42.59;Bueno;10;16.38;13.79;27.58;Bueno;91.94;Bueno;Bueno;Bueno
2026-06-02;09:00;9;20.17;19.17;14.74;Bueno;42.59;Bueno;10;15.92;13.79;27.58;Bueno;91.94;Bueno;Bueno;Bueno
2026-06-02;10:00;9;19.17;19.17;14.74;Bueno;42.59;Bueno;5;15.38;13.79;27.58;Bueno;91.94;Bueno;Bueno;Bueno
2026-06-02;11:00;44;19.88;19.17;14.74;Bueno;42.59;Bueno;19;15.54;13.79;27.58;Bueno;91.94;Bueno;Bueno;Bueno
2026-06-02;12:00;55;21.12;19.17;14.74;Bueno;42.59;Bueno;39;16.42;13.79;27.58;Bueno;91.94;Bueno;Bueno;Bueno
2026-06-02;13:00;15;20.71;19.17;14.74;Bueno;42.59;Bueno;6;16.12;13.79;27.58;Bueno;91.94;Bueno;Bueno;Bueno
2026-06-02;14:00;15;20.54;19.17;14.74;Bueno;42.59;Bueno;8;16.00;13.79;27.58;Bueno;91.94;Bueno;Bueno;Bueno
2026-06-02;15:00;15;20.17;19.17;14.74;Bueno;42.59;Bueno;9;15.79;13.79;27.58;Bueno;91.94;Bueno;Bueno;Bueno
2026-06-02;16:00;24;20.04;19.17;14.74;Bueno;42.59;Bueno;17;15.62;13.79;27.58;Bueno;91.94;Bueno;Bueno;Bueno
2026-06-02;17:00;31;20.17;19.17;14.74;Bueno;42.59;Bueno;18;15.54;13.79;27.58;Bueno;91.94;Bueno;Bueno;Bueno
2026-06-02;18:00;22;18.83;19.17;14.74;Bueno;42.59;Bueno;17;14.25;13.79;27.58;Bueno;91.94;Bueno;Bueno;Bueno
2026-06-02;19:00;26;18.88;19.17;14.74;Bueno;42.59;Bueno;18;14.00;13.79;27.58;Bueno;91.94;Bueno;Bueno;Bueno
2026-06-02;20:00;22;18.92;19.17;14.74;Bueno;42.59;Bueno;14;13.83;13.79;27.58;Bueno;91.94;Bueno;Bueno;Bueno
2026-06-02;21:00;25;19.33;19.17;14.74;Bueno;42.59;Bueno;21;14.12;13.79;27.58;Bueno;91.94;Bueno;Bueno;Bueno
2026-06-02;22:00;10;19.04;19.17;14.74;Bueno;42.59;Bueno;10;13.88;13.79;27.58;Bueno;91.94;Bueno;Bueno;Bueno
2026-06-02;23:00;29;19.17;19.17;14.74;Bueno;42.59;Bueno;23;13.79;13.79;27.58;Bueno;91.94;Bueno;Bueno;Bueno
2026-06-03;00:00;20;19.12;34.79;26.76;Bueno;77.31;Bueno;14;13.62;28.00;56.00;Bueno;128.19;Regular;Bueno;Regular
2026-06-03;01:00;7;18.67;34.79;26.76;Bueno;77.31;Bueno;8;13.25;28.00;56.00;Bueno;128.19;Regular;Bueno;Regular
2026-06-03;02:00;16;18.75;34.79;26.76;Bueno;77.31;Bueno;14;13.25;28.00;56.00;Bueno;128.19;Regular;Bueno;Regular
2026-06-03;03:00;13;18.67;34.79;26.76;Bueno;77.31;Bueno;12;13.33;28.00;56.00;Bueno;128.19;Regular;Bueno;Regular
2026-06-03;04:00;9;18.58;34.79;26.76;Bueno;77.31;Bueno;8;13.25;28.00;56.00;Bueno;128.19;Regular;Bueno;Regular
2026-06-03;05:00;7;18.62;34.79;26.76;Bueno;77.31;Bueno;7;13.29;28.00;56.00;Bueno;128.19;Regular;Bueno;Regular
2026-06-03;06:00;10;18.79;34.79;26.76;Bueno;77.31;Bueno;10;13.50;28.00;56.00;Bueno;128.19;Regular;Bueno;Regular
2026-06-03;07:00;49;20.50;34.79;26.76;Bueno;77.31;Bueno;48;15.21;28.00;56.00;Bueno;128.19;Regular;Bueno;Regular
2026-06-03;08:00;59;22.54;34.79;26.76;Bueno;77.31;Bueno;54;17.04;28.00;56.00;Bueno;128.19;Regular;Bueno;Regular
2026-06-03;09:00;21;23.04;34.79;26.76;Bueno;77.31;Bueno;21;17.50;28.00;56.00;Bueno;128.19;Regular;Bueno;Regular
2026-06-03;10:00;45;24.54;34.79;26.76;Bueno;77.31;Bueno;37;18.83;28.00;56.00;Bueno;128.19;Regular;Bueno;Regular
2026-06-03;11:00;25;23.75;34.79;26.76;Bueno;77.31;Bueno;18;18.79;28.00;56.00;Bueno;128.19;Regular;Bueno;Regular
2026-06-03;12:00;27;22.58;34.79;26.76;Bueno;77.31;Bueno;17;17.88;28.00;56.00;Bueno;128.19;Regular;Bueno;Regular
2026-06-03;13:00;24;22.96;34.79;26.76;Bueno;77.31;Bueno;15;18.25;28.00;56.00;Bueno;128.19;Regular;Bueno;Regular
2026-06-03;14:00;24;23.33;34.79;26.76;Bueno;77.31;Bueno;11;18.38;28.00;56.00;Bueno;128.19;Regular;Bueno;Regular
2026-06-03;15:00;29;23.92;34.79;26.76;Bueno;77.31;Bueno;14;18.58;28.00;56.00;Bueno;128.19;Regular;Bueno;Regular
2026-06-03;16:00;24;23.92;34.79;26.76;Bueno;77.31;Bueno;17;18.58;28.00;56.00;Bueno;128.19;Regular;Bueno;Regular
2026-06-03;17:00;82;26.04;34.79;26.76;Bueno;77.31;Bueno;55;20.12;28.00;56.00;Bueno;128.19;Regular;Bueno;Regular
2026-06-03;18:00;120;30.12;34.79;26.76;Bueno;77.31;Bueno;84;22.92;28.00;56.00;Bueno;128.19;Regular;Bueno;Regular
2026-06-03;19:00;56;31.38;34.79;26.76;Bueno;77.31;Bueno;50;24.25;28.00;56.00;Bueno;128.19;Regular;Bueno;Regular
2026-06-03;20:00;37;32.00;34.79;26.76;Bueno;77.31;Bueno;32;25.00;28.00;56.00;Bueno;128.19;Regular;Bueno;Regular
2026-06-03;21:00;42;32.71;34.79;26.76;Bueno;77.31;Bueno;42;25.88;28.00;56.00;Bueno;128.19;Regular;Bueno;Regular
2026-06-03;22:00;47;34.25;34.79;26.76;Bueno;77.31;Bueno;44;27.29;28.00;56.00;Bueno;128.19;Regular;Bueno;Regular
2026-06-03;23:00;42;34.79;34.79;26.76;Bueno;77.31;Bueno;40;28.00;28.00;56.00;Bueno;128.19;Regular;Bueno;Regular
2026-06-04;00:00;18;34.71;60.79;46.76;Bueno;125.93;Regular;27;28.54;45.79;91.58;Bueno;167.17;Regular;Bueno;Regular
2026-06-04;01:00;35;35.88;60.79;46.76;Bueno;125.93;Regular;34;29.62;45.79;91.58;Bueno;167.17;Regular;Bueno;Regular
2026-06-04;02:00;35;36.67;60.79;46.76;Bueno;125.93;Regular;29;30.25;45.79;91.58;Bueno;167.17;Regular;Bueno;Regular
2026-06-04;03:00;35;37.58;60.79;46.76;Bueno;125.93;Regular;22;30.67;45.79;91.58;Bueno;167.17;Regular;Bueno;Regular
2026-06-04;04:00;16;37.88;60.79;46.76;Bueno;125.93;Regular;14;30.92;45.79;91.58;Bueno;167.17;Regular;Bueno;Regular
2026-06-04;05:00;16;38.25;60.79;46.76;Bueno;125.93;Regular;10;31.04;45.79;91.58;Bueno;167.17;Regular;Bueno;Regular
2026-06-04;06:00;18;38.58;60.79;46.76;Bueno;125.93;Regular;9;31.00;45.79;91.58;Bueno;167.17;Regular;Bueno;Regular
2026-06-04;07:00;64;39.21;60.79;46.76;Bueno;125.93;Regular;32;30.33;45.79;91.58;Bueno;167.17;Regular;Bueno;Regular
2026-06-04;08:00;42;38.50;60.79;46.76;Bueno;125.93;Regular;20;28.92;45.79;91.58;Bueno;167.17;Regular;Bueno;Regular
2026-06-04;09:00;51;39.75;60.79;46.76;Bueno;125.93;Regular;41;29.75;45.79;91.58;Bueno;167.17;Regular;Bueno;Regular
2026-06-04;10:00;56;40.21;60.79;46.76;Bueno;125.93;Regular;40;29.88;45.79;91.58;Bueno;167.17;Regular;Bueno;Regular
2026-06-04;11:00;47;41.12;60.79;46.76;Bueno;125.93;Regular;32;30.46;45.79;91.58;Bueno;167.17;Regular;Bueno;Regular
2026-06-04;12:00;58;42.42;60.79;46.76;Bueno;125.93;Regular;40;31.42;45.79;91.58;Bueno;167.17;Regular;Bueno;Regular
2026-06-04;13:00;63;44.04;60.79;46.76;Bueno;125.93;Regular;49;32.83;45.79;91.58;Bueno;167.17;Regular;Bueno;Regular
2026-06-04;14:00;44;44.88;60.79;46.76;Bueno;125.93;Regular;25;33.42;45.79;91.58;Bueno;167.17;Regular;Bueno;Regular
2026-06-04;15:00;31;44.96;60.79;46.76;Bueno;125.93;Regular;20;33.67;45.79;91.58;Bueno;167.17;Regular;Bueno;Regular
2026-06-04;16:00;26;45.04;60.79;46.76;Bueno;125.93;Regular;19;33.75;45.79;91.58;Bueno;167.17;Regular;Bueno;Regular
2026-06-04;17:00;93;45.50;60.79;46.76;Bueno;125.93;Regular;67;34.25;45.79;91.58;Bueno;167.17;Regular;Bueno;Regular
2026-06-04;18:00;143;46.46;60.79;46.76;Bueno;125.93;Regular;93;34.62;45.79;91.58;Bueno;167.17;Regular;Bueno;Regular
2026-06-04;19:00;114;48.88;60.79;46.76;Bueno;125.93;Regular;79;35.83;45.79;91.58;Bueno;167.17;Regular;Bueno;Regular
2026-06-04;20:00;157;53.88;60.79;46.76;Bueno;125.93;Regular;128;39.83;45.79;91.58;Bueno;167.17;Regular;Bueno;Regular
2026-06-04;21:00;129;57.50;60.79;46.76;Bueno;125.93;Regular;110;42.67;45.79;91.58;Bueno;167.17;Regular;Bueno;Regular
2026-06-04;22:00;99;59.67;60.79;46.76;Bueno;125.93;Regular;96;44.83;45.79;91.58;Bueno;167.17;Regular;Bueno;Regular
2026-06-04;23:00;69;60.79;60.79;46.76;Bueno;125.93;Regular;63;45.79;45.79;91.58;Bueno;167.17;Regular;Bueno;Regular
2026-06-05;00:00;70;62.96;59.92;46.09;Bueno;124.49;Regular;66;47.42;46.42;92.83;Bueno;168.54;Regular;Bueno;Regular
2026-06-05;01:00;26;62.58;59.92;46.09;Bueno;124.49;Regular;12;46.50;46.42;92.83;Bueno;168.54;Regular;Bueno;Regular
2026-06-05;02:00;28;62.29;59.92;46.09;Bueno;124.49;Regular;27;46.42;46.42;92.83;Bueno;168.54;Regular;Bueno;Regular
2026-06-05;03:00;39;62.46;59.92;46.09;Bueno;124.49;Regular;38;47.08;46.42;92.83;Bueno;168.54;Regular;Bueno;Regular
2026-06-05;04:00;41;63.50;59.92;46.09;Bueno;124.49;Regular;40;48.17;46.42;92.83;Bueno;168.54;Regular;Bueno;Regular
2026-06-05;05:00;29;64.04;59.92;46.09;Bueno;124.49;Regular;29;48.96;46.42;92.83;Bueno;168.54;Regular;Bueno;Regular
2026-06-05;06:00;42;65.04;59.92;46.09;Bueno;124.49;Regular;34;50.00;46.42;92.83;Bueno;168.54;Regular;Bueno;Regular
2026-06-05;07:00;31;63.67;59.92;46.09;Bueno;124.49;Regular;23;49.62;46.42;92.83;Bueno;168.54;Regular;Bueno;Regular
2026-06-05;08:00;36;63.42;59.92;46.09;Bueno;124.49;Regular;27;49.92;46.42;92.83;Bueno;168.54;Regular;Bueno;Regular
2026-06-05;09:00;59;63.75;59.92;46.09;Bueno;124.49;Regular;42;49.96;46.42;92.83;Bueno;168.54;Regular;Bueno;Regular
2026-06-05;10:00;68;64.25;59.92;46.09;Bueno;124.49;Regular;47;50.25;46.42;92.83;Bueno;168.54;Regular;Bueno;Regular
2026-06-05;11:00;75;65.42;59.92;46.09;Bueno;124.49;Regular;60;51.42;46.42;92.83;Bueno;168.54;Regular;Bueno;Regular
2026-06-05;12:00;77;66.21;59.92;46.09;Bueno;124.49;Regular;57;52.12;46.42;92.83;Bueno;168.54;Regular;Bueno;Regular
2026-06-05;13:00;55;65.88;59.92;46.09;Bueno;124.49;Regular;38;51.67;46.42;92.83;Bueno;168.54;Regular;Bueno;Regular
2026-06-05;14:00;59;66.50;59.92;46.09;Bueno;124.49;Regular;41;52.33;46.42;92.83;Bueno;168.54;Regular;Bueno;Regular
2026-06-05;15:00;57;67.58;59.92;46.09;Bueno;124.49;Regular;41;53.21;46.42;92.83;Bueno;168.54;Regular;Bueno;Regular
2026-06-05;16:00;62;69.08;59.92;46.09;Bueno;124.49;Regular;45;54.29;46.42;92.83;Bueno;168.54;Regular;Bueno;Regular
2026-06-05;17:00;65;67.92;59.92;46.09;Bueno;124.49;Regular;50;53.58;46.42;92.83;Bueno;168.54;Regular;Bueno;Regular
2026-06-05;18:00;115;66.75;59.92;46.09;Bueno;124.49;Regular;94;53.62;46.42;92.83;Bueno;168.54;Regular;Bueno;Regular
2026-06-05;19:00;97;66.04;59.92;46.09;Bueno;124.49;Regular;82;53.75;46.42;92.83;Bueno;168.54;Regular;Bueno;Regular
2026-06-05;20:00;92;63.33;59.92;46.09;Bueno;124.49;Regular;73;51.46;46.42;92.83;Bueno;168.54;Regular;Bueno;Regular
2026-06-05;21:00;81;61.33;59.92;46.09;Bueno;124.49;Regular;63;49.50;46.42;92.83;Bueno;168.54;Regular;Bueno;Regular
2026-06-05;22:00;47;59.17;59.92;46.09;Bueno;124.49;Regular;37;47.04;46.42;92.83;Bueno;168.54;Regular;Bueno;Regular
2026-06-05;23:00;87;59.92;59.92;46.09;Bueno;124.49;Regular;48;46.42;46.42;92.83;Bueno;168.54;Regular;Bueno;Regular
2026-06-06;00:00;52;59.17;76.62;58.94;Bueno;152.10;Regular;44;45.50;68.12;160.42;Regular;216.73;Alerta;Regular;Alerta
2026-06-06;01:00;34;59.50;76.62;58.94;Bueno;152.10;Regular;31;46.29;68.12;160.42;Regular;216.73;Alerta;Regular;Alerta
2026-06-06;02:00;48;60.33;76.62;58.94;Bueno;152.10;Regular;33;46.54;68.12;160.42;Regular;216.73;Alerta;Regular;Alerta
2026-06-06;03:00;40;60.38;76.62;58.94;Bueno;152.10;Regular;37;46.50;68.12;160.42;Regular;216.73;Alerta;Regular;Alerta
2026-06-06;04:00;47;60.62;76.62;58.94;Bueno;152.10;Regular;41;46.54;68.12;160.42;Regular;216.73;Alerta;Regular;Alerta
2026-06-06;05:00;46;61.33;76.62;58.94;Bueno;152.10;Regular;38;46.92;68.12;160.42;Regular;216.73;Alerta;Regular;Alerta
2026-06-06;06:00;45;61.46;76.62;58.94;Bueno;152.10;Regular;42;47.25;68.12;160.42;Regular;216.73;Alerta;Regular;Alerta
2026-06-06;07:00;44;62.00;76.62;58.94;Bueno;152.10;Regular;40;47.96;68.12;160.42;Regular;216.73;Alerta;Regular;Alerta
2026-06-06;08:00;42;62.25;76.62;58.94;Bueno;152.10;Regular;40;48.50;68.12;160.42;Regular;216.73;Alerta;Regular;Alerta
2026-06-06;09:00;60;62.29;76.62;58.94;Bueno;152.10;Regular;49;48.79;68.12;160.42;Regular;216.73;Alerta;Regular;Alerta
2026-06-06;10:00;69;62.33;76.62;58.94;Bueno;152.10;Regular;58;49.25;68.12;160.42;Regular;216.73;Alerta;Regular;Alerta
2026-06-06;11:00;47;61.17;76.62;58.94;Bueno;152.10;Regular;42;48.50;68.12;160.42;Regular;216.73;Alerta;Regular;Alerta
2026-06-06;12:00;54;60.21;76.62;58.94;Bueno;152.10;Regular;51;48.25;68.12;160.42;Regular;216.73;Alerta;Regular;Alerta
2026-06-06;13:00;61;60.46;76.62;58.94;Bueno;152.10;Regular;54;48.92;68.12;160.42;Regular;216.73;Alerta;Regular;Alerta
2026-06-06;14:00;67;60.79;76.62;58.94;Bueno;152.10;Regular;62;49.79;68.12;160.42;Regular;216.73;Alerta;Regular;Alerta
2026-06-06;15:00;82;61.83;76.62;58.94;Bueno;152.10;Regular;65;50.79;68.12;160.42;Regular;216.73;Alerta;Regular;Alerta
2026-06-06;16:00;73;62.29;76.62;58.94;Bueno;152.10;Regular;61;51.46;68.12;160.42;Regular;216.73;Alerta;Regular;Alerta
2026-06-06;17:00;78;62.83;76.62;58.94;Bueno;152.10;Regular;71;52.33;68.12;160.42;Regular;216.73;Alerta;Regular;Alerta
2026-06-06;18:00;75;61.17;76.62;58.94;Bueno;152.10;Regular;72;51.42;68.12;160.42;Regular;216.73;Alerta;Regular;Alerta
2026-06-06;19:00;134;62.71;76.62;58.94;Bueno;152.10;Regular;126;53.25;68.12;160.42;Regular;216.73;Alerta;Regular;Alerta
2026-06-06;20:00;203;67.33;76.62;58.94;Bueno;152.10;Regular;185;57.92;68.12;160.42;Regular;216.73;Alerta;Regular;Alerta
2026-06-06;21:00;108;68.46;76.62;58.94;Bueno;152.10;Regular;95;59.25;68.12;160.42;Regular;216.73;Alerta;Regular;Alerta
2026-06-06;22:00;133;72.04;76.62;58.94;Bueno;152.10;Regular;120;62.71;68.12;160.42;Regular;216.73;Alerta;Regular;Alerta
2026-06-06;23:00;197;76.62;76.62;58.94;Bueno;152.10;Regular;178;68.12;68.12;160.42;Regular;216.73;Alerta;Regular;Alerta
2026-06-07;00:00;81;77.83;75.33;57.95;Bueno;149.95;Regular;67;69.08;66.21;154.03;Regular;212.45;Alerta;Regular;Alerta
2026-06-07;01:00;114;81.17;75.33;57.95;Bueno;149.95;Regular;96;71.79;66.21;154.03;Regular;212.45;Alerta;Regular;Alerta
2026-06-07;02:00;106;83.58;75.33;57.95;Bueno;149.95;Regular;100;74.58;66.21;154.03;Regular;212.45;Alerta;Regular;Alerta
2026-06-07;03:00;98;86.00;75.33;57.95;Bueno;149.95;Regular;85;76.58;66.21;154.03;Regular;212.45;Alerta;Regular;Alerta
2026-06-07;04:00;75;87.17;75.33;57.95;Bueno;149.95;Regular;75;78.00;66.21;154.03;Regular;212.45;Alerta;Regular;Alerta
2026-06-07;05:00;54;87.50;75.33;57.95;Bueno;149.95;Regular;53;78.62;66.21;154.03;Regular;212.45;Alerta;Regular;Alerta
2026-06-07;06:00;53;87.83;75.33;57.95;Bueno;149.95;Regular;53;79.08;66.21;154.03;Regular;212.45;Alerta;Regular;Alerta
2026-06-07;07:00;54;88.25;75.33;57.95;Bueno;149.95;Regular;52;79.58;66.21;154.03;Regular;212.45;Alerta;Regular;Alerta
2026-06-07;08:00;42;88.25;75.33;57.95;Bueno;149.95;Regular;41;79.62;66.21;154.03;Regular;212.45;Alerta;Regular;Alerta
2026-06-07;09:00;42;87.50;75.33;57.95;Bueno;149.95;Regular;41;79.29;66.21;154.03;Regular;212.45;Alerta;Regular;Alerta
2026-06-07;10:00;54;86.88;75.33;57.95;Bueno;149.95;Regular;44;78.71;66.21;154.03;Regular;212.45;Alerta;Regular;Alerta
2026-06-07;11:00;77;88.12;75.33;57.95;Bueno;149.95;Regular;67;79.75;66.21;154.03;Regular;212.45;Alerta;Regular;Alerta
2026-06-07;12:00;40;87.54;75.33;57.95;Bueno;149.95;Regular;33;79.00;66.21;154.03;Regular;212.45;Alerta;Regular;Alerta
2026-06-07;13:00;43;86.79;75.33;57.95;Bueno;149.95;Regular;41;78.46;66.21;154.03;Regular;212.45;Alerta;Regular;Alerta
2026-06-07;14:00;45;85.88;75.33;57.95;Bueno;149.95;Regular;35;77.33;66.21;154.03;Regular;212.45;Alerta;Regular;Alerta
2026-06-07;15:00;41;84.17;75.33;57.95;Bueno;149.95;Regular;29;75.83;66.21;154.03;Regular;212.45;Alerta;Regular;Alerta
2026-06-07;16:00;45;83.00;75.33;57.95;Bueno;149.95;Regular;36;74.79;66.21;154.03;Regular;212.45;Alerta;Regular;Alerta
2026-06-07;17:00;46;81.67;75.33;57.95;Bueno;149.95;Regular;35;73.29;66.21;154.03;Regular;212.45;Alerta;Regular;Alerta
2026-06-07;18:00;67;81.33;75.33;57.95;Bueno;149.95;Regular;52;72.46;66.21;154.03;Regular;212.45;Alerta;Regular;Alerta
2026-06-07;19:00;63;78.38;75.33;57.95;Bueno;149.95;Regular;49;69.25;66.21;154.03;Regular;212.45;Alerta;Regular;Alerta
2026-06-07;20:00;222;79.17;75.33;57.95;Bueno;149.95;Regular;195;69.67;66.21;154.03;Regular;212.45;Alerta;Regular;Alerta
2026-06-07;21:00;168;81.67;75.33;57.95;Bueno;149.95;Regular;149;71.92;66.21;154.03;Regular;212.45;Alerta;Regular;Alerta
2026-06-07;22:00;118;81.04;75.33;57.95;Bueno;149.95;Regular;106;71.33;66.21;154.03;Regular;212.45;Alerta;Regular;Alerta
2026-06-07;23:00;60;75.33;75.33;57.95;Bueno;149.95;Regular;55;66.21;66.21;154.03;Regular;212.45;Alerta;Regular;Alerta
2026-06-08;00:00;43;73.75;39.25;30.19;Bueno;87.22;Bueno;35;64.88;31.21;62.42;Bueno;135.19;Regular;Bueno;Regular
2026-06-08;01:00;25;70.04;39.25;30.19;Bueno;87.22;Bueno;22;61.79;31.21;62.42;Bueno;135.19;Regular;Bueno;Regular
2026-06-08;02:00;19;66.42;39.25;30.19;Bueno;87.22;Bueno;16;58.29;31.21;62.42;Bueno;135.19;Regular;Bueno;Regular
2026-06-08;03:00;15;62.96;39.25;30.19;Bueno;87.22;Bueno;14;55.33;31.21;62.42;Bueno;135.19;Regular;Bueno;Regular
2026-06-08;04:00;11;60.29;39.25;30.19;Bueno;87.22;Bueno;11;52.67;31.21;62.42;Bueno;135.19;Regular;Bueno;Regular
2026-06-08;05:00;11;58.50;39.25;30.19;Bueno;87.22;Bueno;11;50.92;31.21;62.42;Bueno;135.19;Regular;Bueno;Regular
2026-06-08;06:00;12;56.79;39.25;30.19;Bueno;87.22;Bueno;11;49.17;31.21;62.42;Bueno;135.19;Regular;Bueno;Regular
2026-06-08;07:00;13;55.08;39.25;30.19;Bueno;87.22;Bueno;11;47.46;31.21;62.42;Bueno;135.19;Regular;Bueno;Regular
2026-06-08;08:00;30;54.58;39.25;30.19;Bueno;87.22;Bueno;21;46.62;31.21;62.42;Bueno;135.19;Regular;Bueno;Regular
2026-06-08;09:00;39;54.46;39.25;30.19;Bueno;87.22;Bueno;32;46.25;31.21;62.42;Bueno;135.19;Regular;Bueno;Regular
2026-06-08;10:00;36;53.71;39.25;30.19;Bueno;87.22;Bueno;30;45.67;31.21;62.42;Bueno;135.19;Regular;Bueno;Regular
2026-06-08;11:00;44;52.33;39.25;30.19;Bueno;87.22;Bueno;31;44.17;31.21;62.42;Bueno;135.19;Regular;Bueno;Regular
2026-06-08;12:00;46;52.58;39.25;30.19;Bueno;87.22;Bueno;38;44.38;31.21;62.42;Bueno;135.19;Regular;Bueno;Regular
2026-06-08;13:00;88;54.46;39.25;30.19;Bueno;87.22;Bueno;74;45.75;31.21;62.42;Bueno;135.19;Regular;Bueno;Regular
2026-06-08;14:00;37;54.12;39.25;30.19;Bueno;87.22;Bueno;29;45.50;31.21;62.42;Bueno;135.19;Regular;Bueno;Regular
2026-06-08;15:00;38;54.00;39.25;30.19;Bueno;87.22;Bueno;32;45.62;31.21;62.42;Bueno;135.19;Regular;Bueno;Regular
2026-06-08;16:00;50;54.21;39.25;30.19;Bueno;87.22;Bueno;38;45.71;31.21;62.42;Bueno;135.19;Regular;Bueno;Regular
2026-06-08;17:00;51;54.42;39.25;30.19;Bueno;87.22;Bueno;37;45.79;31.21;62.42;Bueno;135.19;Regular;Bueno;Regular
2026-06-08;18:00;69;54.50;39.25;30.19;Bueno;87.22;Bueno;47;45.58;31.21;62.42;Bueno;135.19;Regular;Bueno;Regular
2026-06-08;19:00;53;54.08;39.25;30.19;Bueno;87.22;Bueno;47;45.50;31.21;62.42;Bueno;135.19;Regular;Bueno;Regular
2026-06-08;20:00;90;48.58;39.25;30.19;Bueno;87.22;Bueno;67;40.17;31.21;62.42;Bueno;135.19;Regular;Bueno;Regular
2026-06-08;21:00;50;43.67;39.25;30.19;Bueno;87.22;Bueno;40;35.62;31.21;62.42;Bueno;135.19;Regular;Bueno;Regular
2026-06-08;22:00;37;40.29;39.25;30.19;Bueno;87.22;Bueno;28;32.38;31.21;62.42;Bueno;135.19;Regular;Bueno;Regular
2026-06-08;23:00;35;39.25;39.25;30.19;Bueno;87.22;Bueno;27;31.21;31.21;62.42;Bueno;135.19;Regular;Bueno;Regular
2026-06-09;00:00;20;38.29;26.67;20.51;Bueno;59.26;Bueno;19;30.54;24.29;48.58;Bueno;120.13;Regular;Bueno;Regular
2026-06-09;01:00;16;37.92;26.67;20.51;Bueno;59.26;Bueno;15;30.25;24.29;48.58;Bueno;120.13;Regular;Bueno;Regular
2026-06-09;02:00;14;37.71;26.67;20.51;Bueno;59.26;Bueno;10;30.00;24.29;48.58;Bueno;120.13;Regular;Bueno;Regular
2026-06-09;03:00;16;37.75;26.67;20.51;Bueno;59.26;Bueno;15;30.04;24.29;48.58;Bueno;120.13;Regular;Bueno;Regular
2026-06-09;04:00;18;38.04;26.67;20.51;Bueno;59.26;Bueno;12;30.08;24.29;48.58;Bueno;120.13;Regular;Bueno;Regular
2026-06-09;05:00;10;38.00;26.67;20.51;Bueno;59.26;Bueno;9;30.00;24.29;48.58;Bueno;120.13;Regular;Bueno;Regular
2026-06-09;06:00;15;38.12;26.67;20.51;Bueno;59.26;Bueno;11;30.00;24.29;48.58;Bueno;120.13;Regular;Bueno;Regular
2026-06-09;07:00;20;38.42;26.67;20.51;Bueno;59.26;Bueno;17;30.25;24.29;48.58;Bueno;120.13;Regular;Bueno;Regular
2026-06-09;08:00;18;37.92;26.67;20.51;Bueno;59.26;Bueno;14;29.96;24.29;48.58;Bueno;120.13;Regular;Bueno;Regular
2026-06-09;09:00;21;37.17;26.67;20.51;Bueno;59.26;Bueno;17;29.33;24.29;48.58;Bueno;120.13;Regular;Bueno;Regular
2026-06-09;10:00;18;36.42;26.67;20.51;Bueno;59.26;Bueno;17;28.79;24.29;48.58;Bueno;120.13;Regular;Bueno;Regular
2026-06-09;11:00;20;35.42;26.67;20.51;Bueno;59.26;Bueno;16;28.17;24.29;48.58;Bueno;120.13;Regular;Bueno;Regular
2026-06-09;12:00;20;34.33;26.67;20.51;Bueno;59.26;Bueno;19;27.38;24.29;48.58;Bueno;120.13;Regular;Bueno;Regular
2026-06-09;13:00;22;31.58;26.67;20.51;Bueno;59.26;Bueno;17;25.00;24.29;48.58;Bueno;120.13;Regular;Bueno;Regular
2026-06-09;14:00;17;30.75;26.67;20.51;Bueno;59.26;Bueno;16;24.46;24.29;48.58;Bueno;120.13;Regular;Bueno;Regular
2026-06-09;15:00;12;29.67;26.67;20.51;Bueno;59.26;Bueno;12;23.62;24.29;48.58;Bueno;120.13;Regular;Bueno;Regular
2026-06-09;16:00;21;28.46;26.67;20.51;Bueno;59.26;Bueno;19;22.83;24.29;48.58;Bueno;120.13;Regular;Bueno;Regular
2026-06-09;17:00;67;29.12;26.67;20.51;Bueno;59.26;Bueno;62;23.88;24.29;48.58;Bueno;120.13;Regular;Bueno;Regular
2026-06-09;18:00;38;27.83;26.67;20.51;Bueno;59.26;Bueno;37;23.46;24.29;48.58;Bueno;120.13;Regular;Bueno;Regular
2026-06-09;19:00;59;28.08;26.67;20.51;Bueno;59.26;Bueno;56;23.83;24.29;48.58;Bueno;120.13;Regular;Bueno;Regular
2026-06-09;20:00;70;27.25;26.67;20.51;Bueno;59.26;Bueno;67;23.83;24.29;48.58;Bueno;120.13;Regular;Bueno;Regular
2026-06-09;21:00;66;27.92;26.67;20.51;Bueno;59.26;Bueno;66;24.92;24.29;48.58;Bueno;120.13;Regular;Bueno;Regular
2026-06-09;22:00;25;27.42;26.67;20.51;Bueno;59.26;Bueno;23;24.71;24.29;48.58;Bueno;120.13;Regular;Bueno;Regular
2026-06-09;23:00;17;26.67;26.67;20.51;Bueno;59.26;Bueno;17;24.29;24.29;48.58;Bueno;120.13;Regular;Bueno;Regular
2026-06-10;00:00;15;26.46;54.46;41.89;Bueno;115.51;Regular;14;24.08;45.75;91.50;Bueno;167.08;Regular;Bueno;Regular
2026-06-10;01:00;16;26.46;54.46;41.89;Bueno;115.51;Regular;15;24.08;45.75;91.50;Bueno;167.08;Regular;Bueno;Regular
2026-06-10;02:00;12;26.38;54.46;41.89;Bueno;115.51;Regular;12;24.17;45.75;91.50;Bueno;167.08;Regular;Bueno;Regular
2026-06-10;03:00;12;26.21;54.46;41.89;Bueno;115.51;Regular;12;24.04;45.75;91.50;Bueno;167.08;Regular;Bueno;Regular
2026-06-10;04:00;17;26.17;54.46;41.89;Bueno;115.51;Regular;13;24.08;45.75;91.50;Bueno;167.08;Regular;Bueno;Regular
2026-06-10;05:00;10;26.17;54.46;41.89;Bueno;115.51;Regular;9;24.08;45.75;91.50;Bueno;167.08;Regular;Bueno;Regular
2026-06-10;06:00;14;26.12;54.46;41.89;Bueno;115.51;Regular;14;24.21;45.75;91.50;Bueno;167.08;Regular;Bueno;Regular
2026-06-10;07:00;87;28.92;54.46;41.89;Bueno;115.51;Regular;84;27.00;45.75;91.50;Bueno;167.08;Regular;Bueno;Regular
2026-06-10;08:00;93;32.04;54.46;41.89;Bueno;115.51;Regular;78;29.67;45.75;91.50;Bueno;167.08;Regular;Bueno;Regular
2026-06-10;09:00;150;37.42;54.46;41.89;Bueno;115.51;Regular;136;34.62;45.75;91.50;Bueno;167.08;Regular;Bueno;Regular
2026-06-10;10:00;89;40.38;54.46;41.89;Bueno;115.51;Regular;73;36.96;45.75;91.50;Bueno;167.08;Regular;Bueno;Regular
2026-06-10;11:00;42;41.29;54.46;41.89;Bueno;115.51;Regular;38;37.88;45.75;91.50;Bueno;167.08;Regular;Bueno;Regular
2026-06-10;12:00;22;41.38;54.46;41.89;Bueno;115.51;Regular;17;37.79;45.75;91.50;Bueno;167.08;Regular;Bueno;Regular
2026-06-10;13:00;23;41.42;54.46;41.89;Bueno;115.51;Regular;10;37.50;45.75;91.50;Bueno;167.08;Regular;Bueno;Regular
2026-06-10;14:00;9;41.08;54.46;41.89;Bueno;115.51;Regular;8;37.17;45.75;91.50;Bueno;167.08;Regular;Bueno;Regular
2026-06-10;15:00;10;41.00;54.46;41.89;Bueno;115.51;Regular;7;36.96;45.75;91.50;Bueno;167.08;Regular;Bueno;Regular
2026-06-10;16:00;13;40.67;54.46;41.89;Bueno;115.51;Regular;12;36.67;45.75;91.50;Bueno;167.08;Regular;Bueno;Regular
2026-06-10;17:00;80;41.21;54.46;41.89;Bueno;115.51;Regular;61;36.62;45.75;91.50;Bueno;167.08;Regular;Bueno;Regular
2026-06-10;18:00;170;46.71;54.46;41.89;Bueno;115.51;Regular;139;40.88;45.75;91.50;Bueno;167.08;Regular;Bueno;Regular
2026-06-10;19:00;131;49.71;54.46;41.89;Bueno;115.51;Regular;95;42.50;45.75;91.50;Bueno;167.08;Regular;Bueno;Regular
2026-06-10;20:00;48;48.79;54.46;41.89;Bueno;115.51;Regular;39;41.33;45.75;91.50;Bueno;167.08;Regular;Bueno;Regular
2026-06-10;21:00;72;49.04;54.46;41.89;Bueno;115.51;Regular;59;41.04;45.75;91.50;Bueno;167.08;Regular;Bueno;Regular
2026-06-10;22:00;125;53.21;54.46;41.89;Bueno;115.51;Regular;108;44.58;45.75;91.50;Bueno;167.08;Regular;Bueno;Regular
2026-06-10;23:00;47;54.46;54.46;41.89;Bueno;115.51;Regular;45;45.75;45.75;91.50;Bueno;167.08;Regular;Bueno;Regular
2026-06-11;00:00;48;55.83;32.71;25.16;Bueno;72.69;Bueno;44;47.00;26.75;53.50;Bueno;125.47;Regular;Bueno;Regular
2026-06-11;01:00;52;57.33;32.71;25.16;Bueno;72.69;Bueno;50;48.46;26.75;53.50;Bueno;125.47;Regular;Bueno;Regular
2026-06-11;02:00;39;58.46;32.71;25.16;Bueno;72.69;Bueno;36;49.46;26.75;53.50;Bueno;125.47;Regular;Bueno;Regular
2026-06-11;03:00;28;59.12;32.71;25.16;Bueno;72.69;Bueno;26;50.04;26.75;53.50;Bueno;125.47;Regular;Bueno;Regular
2026-06-11;04:00;24;59.42;32.71;25.16;Bueno;72.69;Bueno;21;50.38;26.75;53.50;Bueno;125.47;Regular;Bueno;Regular
2026-06-11;05:00;29;60.21;32.71;25.16;Bueno;72.69;Bueno;24;51.00;26.75;53.50;Bueno;125.47;Regular;Bueno;Regular
2026-06-11;06:00;28;60.79;32.71;25.16;Bueno;72.69;Bueno;28;51.58;26.75;53.50;Bueno;125.47;Regular;Bueno;Regular
2026-06-11;07:00;46;59.08;32.71;25.16;Bueno;72.69;Bueno;38;49.67;26.75;53.50;Bueno;125.47;Regular;Bueno;Regular
2026-06-11;08:00;64;57.88;32.71;25.16;Bueno;72.69;Bueno;53;48.62;26.75;53.50;Bueno;125.47;Regular;Bueno;Regular
2026-06-11;09:00;22;52.54;32.71;25.16;Bueno;72.69;Bueno;13;43.50;26.75;53.50;Bueno;125.47;Regular;Bueno;Regular
2026-06-11;10:00;30;50.08;32.71;25.16;Bueno;72.69;Bueno;23;41.42;26.75;53.50;Bueno;125.47;Regular;Bueno;Regular
2026-06-11;11:00;28;49.50;32.71;25.16;Bueno;72.69;Bueno;26;40.92;26.75;53.50;Bueno;125.47;Regular;Bueno;Regular
2026-06-11;12:00;28;49.75;32.71;25.16;Bueno;72.69;Bueno;18;40.96;26.75;53.50;Bueno;125.47;Regular;Bueno;Regular
2026-06-11;13:00;28;49.96;32.71;25.16;Bueno;72.69;Bueno;18;41.29;26.75;53.50;Bueno;125.47;Regular;Bueno;Regular
2026-06-11;14:00;16;50.25;32.71;25.16;Bueno;72.69;Bueno;15;41.58;26.75;53.50;Bueno;125.47;Regular;Bueno;Regular
2026-06-11;15:00;33;51.21;32.71;25.16;Bueno;72.69;Bueno;18;42.04;26.75;53.50;Bueno;125.47;Regular;Bueno;Regular
2026-06-11;16:00;35;52.12;32.71;25.16;Bueno;72.69;Bueno;23;42.50;26.75;53.50;Bueno;125.47;Regular;Bueno;Regular
2026-06-11;17:00;30;50.04;32.71;25.16;Bueno;72.69;Bueno;23;40.92;26.75;53.50;Bueno;125.47;Regular;Bueno;Regular
2026-06-11;18:00;37;44.50;32.71;25.16;Bueno;72.69;Bueno;29;36.33;26.75;53.50;Bueno;125.47;Regular;Bueno;Regular
2026-06-11;19:00;38;40.62;32.71;25.16;Bueno;72.69;Bueno;31;33.67;26.75;53.50;Bueno;125.47;Regular;Bueno;Regular
2026-06-11;20:00;34;40.04;32.71;25.16;Bueno;72.69;Bueno;29;33.25;26.75;53.50;Bueno;125.47;Regular;Bueno;Regular
2026-06-11;21:00;31;38.33;32.71;25.16;Bueno;72.69;Bueno;25;31.83;26.75;53.50;Bueno;125.47;Regular;Bueno;Regular
2026-06-11;22:00;19;33.92;32.71;25.16;Bueno;72.69;Bueno;18;28.08;26.75;53.50;Bueno;125.47;Regular;Bueno;Regular
2026-06-11;23:00;18;32.71;32.71;25.16;Bueno;72.69;Bueno;13;26.75;26.75;53.50;Bueno;125.47;Regular;Bueno;Regular
2026-06-12;00:00;10;31.12;20.79;15.99;Bueno;46.20;Bueno;10;25.33;17.71;35.42;Bueno;105.85;Regular;Bueno;Regular
2026-06-12;01:00;10;29.38;20.79;15.99;Bueno;46.20;Bueno;9;23.62;17.71;35.42;Bueno;105.85;Regular;Bueno;Regular
2026-06-12;02:00;5;27.96;20.79;15.99;Bueno;46.20;Bueno;5;22.33;17.71;35.42;Bueno;105.85;Regular;Bueno;Regular
2026-06-12;03:00;5;27.00;20.79;15.99;Bueno;46.20;Bueno;4;21.42;17.71;35.42;Bueno;105.85;Regular;Bueno;Regular
2026-06-12;04:00;5;26.21;20.79;15.99;Bueno;46.20;Bueno;5;20.75;17.71;35.42;Bueno;105.85;Regular;Bueno;Regular
2026-06-12;05:00;2;25.08;20.79;15.99;Bueno;46.20;Bueno;2;19.83;17.71;35.42;Bueno;105.85;Regular;Bueno;Regular
2026-06-12;06:00;1;23.96;20.79;15.99;Bueno;46.20;Bueno;3;18.79;17.71;35.42;Bueno;105.85;Regular;Bueno;Regular
2026-06-12;07:00;23;23.00;20.79;15.99;Bueno;46.20;Bueno;18;17.96;17.71;35.42;Bueno;105.85;Regular;Bueno;Regular
2026-06-12;08:00;16;21.00;20.79;15.99;Bueno;46.20;Bueno;13;16.29;17.71;35.42;Bueno;105.85;Regular;Bueno;Regular
2026-06-12;09:00;15;20.71;20.79;15.99;Bueno;46.20;Bueno;14;16.33;17.71;35.42;Bueno;105.85;Regular;Bueno;Regular
2026-06-12;10:00;13;20.00;20.79;15.99;Bueno;46.20;Bueno;12;15.88;17.71;35.42;Bueno;105.85;Regular;Bueno;Regular
2026-06-12;11:00;15;19.46;20.79;15.99;Bueno;46.20;Bueno;14;15.38;17.71;35.42;Bueno;105.85;Regular;Bueno;Regular
2026-06-12;12:00;12;18.79;20.79;15.99;Bueno;46.20;Bueno;11;15.08;17.71;35.42;Bueno;105.85;Regular;Bueno;Regular
2026-06-12;13:00;25;18.67;20.79;15.99;Bueno;46.20;Bueno;16;15.00;17.71;35.42;Bueno;105.85;Regular;Bueno;Regular
2026-06-12;14:00;44;19.83;20.79;15.99;Bueno;46.20;Bueno;14;14.96;17.71;35.42;Bueno;105.85;Regular;Bueno;Regular
2026-06-12;15:00;29;19.67;20.79;15.99;Bueno;46.20;Bueno;26;15.29;17.71;35.42;Bueno;105.85;Regular;Bueno;Regular
2026-06-12;16:00;30;19.46;20.79;15.99;Bueno;46.20;Bueno;28;15.50;17.71;35.42;Bueno;105.85;Regular;Bueno;Regular
2026-06-12;17:00;32;19.54;20.79;15.99;Bueno;46.20;Bueno;31;15.83;17.71;35.42;Bueno;105.85;Regular;Bueno;Regular
2026-06-12;18:00;43;19.79;20.79;15.99;Bueno;46.20;Bueno;42;16.38;17.71;35.42;Bueno;105.85;Regular;Bueno;Regular
2026-06-12;19:00;33;19.58;20.79;15.99;Bueno;46.20;Bueno;27;16.21;17.71;35.42;Bueno;105.85;Regular;Bueno;Regular
2026-06-12;20:00;33;19.54;20.79;15.99;Bueno;46.20;Bueno;31;16.29;17.71;35.42;Bueno;105.85;Regular;Bueno;Regular
2026-06-12;21:00;34;19.67;20.79;15.99;Bueno;46.20;Bueno;29;16.46;17.71;35.42;Bueno;105.85;Regular;Bueno;Regular
2026-06-12;22:00;26;19.96;20.79;15.99;Bueno;46.20;Bueno;24;16.71;17.71;35.42;Bueno;105.85;Regular;Bueno;Regular
2026-06-12;23:00;38;20.79;20.79;15.99;Bueno;46.20;Bueno;37;17.71;17.71;35.42;Bueno;105.85;Regular;Bueno;Regular
2026-06-13;00:00;22;21.29;44.83;34.49;Bueno;99.63;Bueno;22;18.21;39.00;78.00;Bueno;152.24;Regular;Bueno;Regular
2026-06-13;01:00;27;22.00;44.83;34.49;Bueno;99.63;Bueno;26;18.92;39.00;78.00;Bueno;152.24;Regular;Bueno;Regular
2026-06-13;02:00;10;22.21;44.83;34.49;Bueno;99.63;Bueno;8;19.04;39.00;78.00;Bueno;152.24;Regular;Bueno;Regular
2026-06-13;03:00;18;22.75;44.83;34.49;Bueno;99.63;Bueno;17;19.58;39.00;78.00;Bueno;152.24;Regular;Bueno;Regular
2026-06-13;04:00;21;23.42;44.83;34.49;Bueno;99.63;Bueno;20;20.21;39.00;78.00;Bueno;152.24;Regular;Bueno;Regular
2026-06-13;05:00;14;23.92;44.83;34.49;Bueno;99.63;Bueno;10;20.54;39.00;78.00;Bueno;152.24;Regular;Bueno;Regular
2026-06-13;06:00;21;24.75;44.83;34.49;Bueno;99.63;Bueno;16;21.08;39.00;78.00;Bueno;152.24;Regular;Bueno;Regular
2026-06-13;07:00;21;24.67;44.83;34.49;Bueno;99.63;Bueno;23;21.29;39.00;78.00;Bueno;152.24;Regular;Bueno;Regular
2026-06-13;08:00;52;26.17;44.83;34.49;Bueno;99.63;Bueno;41;22.46;39.00;78.00;Bueno;152.24;Regular;Bueno;Regular
2026-06-13;09:00;46;27.46;44.83;34.49;Bueno;99.63;Bueno;42;23.62;39.00;78.00;Bueno;152.24;Regular;Bueno;Regular
2026-06-13;10:00;57;29.29;44.83;34.49;Bueno;99.63;Bueno;52;25.29;39.00;78.00;Bueno;152.24;Regular;Bueno;Regular
2026-06-13;11:00;35;30.12;44.83;34.49;Bueno;99.63;Bueno;25;25.75;39.00;78.00;Bueno;152.24;Regular;Bueno;Regular
2026-06-13;12:00;31;30.92;44.83;34.49;Bueno;99.63;Bueno;26;26.38;39.00;78.00;Bueno;152.24;Regular;Bueno;Regular
2026-06-13;13:00;45;31.75;44.83;34.49;Bueno;99.63;Bueno;37;27.25;39.00;78.00;Bueno;152.24;Regular;Bueno;Regular
2026-06-13;14:00;45;31.79;44.83;34.49;Bueno;99.63;Bueno;37;28.21;39.00;78.00;Bueno;152.24;Regular;Bueno;Regular
2026-06-13;15:00;63;33.21;44.83;34.49;Bueno;99.63;Bueno;50;29.21;39.00;78.00;Bueno;152.24;Regular;Bueno;Regular
2026-06-13;16:00;47;33.92;44.83;34.49;Bueno;99.63;Bueno;42;29.79;39.00;78.00;Bueno;152.24;Regular;Bueno;Regular
2026-06-13;17:00;44;34.42;44.83;34.49;Bueno;99.63;Bueno;33;29.88;39.00;78.00;Bueno;152.24;Regular;Bueno;Regular
2026-06-13;18:00;42;34.38;44.83;34.49;Bueno;99.63;Bueno;36;29.62;39.00;78.00;Bueno;152.24;Regular;Bueno;Regular
2026-06-13;19:00;49;35.04;44.83;34.49;Bueno;99.63;Bueno;41;30.21;39.00;78.00;Bueno;152.24;Regular;Bueno;Regular
2026-06-13;20:00;109;38.21;44.83;34.49;Bueno;99.63;Bueno;101;33.12;39.00;78.00;Bueno;152.24;Regular;Bueno;Regular
2026-06-13;21:00;102;41.04;44.83;34.49;Bueno;99.63;Bueno;85;35.46;39.00;78.00;Bueno;152.24;Regular;Bueno;Regular
2026-06-13;22:00;90;43.71;44.83;34.49;Bueno;99.63;Bueno;83;37.92;39.00;78.00;Bueno;152.24;Regular;Bueno;Regular
2026-06-13;23:00;65;44.83;44.83;34.49;Bueno;99.63;Bueno;63;39.00;39.00;78.00;Bueno;152.24;Regular;Bueno;Regular
2026-06-14;00:00;61;46.46;71.58;55.06;Bueno;143.75;Regular;55;40.38;67.08;156.94;Regular;214.40;Alerta;Regular;Alerta
2026-06-14;01:00;85;48.88;71.58;55.06;Bueno;143.75;Regular;80;42.62;67.08;156.94;Regular;214.40;Alerta;Regular;Alerta
2026-06-14;02:00;66;51.21;71.58;55.06;Bueno;143.75;Regular;68;45.12;67.08;156.94;Regular;214.40;Alerta;Regular;Alerta
2026-06-14;03:00;49;52.50;71.58;55.06;Bueno;143.75;Regular;48;46.42;67.08;156.94;Regular;214.40;Alerta;Regular;Alerta
2026-06-14;04:00;43;53.42;71.58;55.06;Bueno;143.75;Regular;42;47.33;67.08;156.94;Regular;214.40;Alerta;Regular;Alerta
2026-06-14;05:00;35;54.29;71.58;55.06;Bueno;143.75;Regular;30;48.17;67.08;156.94;Regular;214.40;Alerta;Regular;Alerta
2026-06-14;06:00;23;54.38;71.58;55.06;Bueno;143.75;Regular;23;48.46;67.08;156.94;Regular;214.40;Alerta;Regular;Alerta
2026-06-14;07:00;34;54.92;71.58;55.06;Bueno;143.75;Regular;33;48.88;67.08;156.94;Regular;214.40;Alerta;Regular;Alerta
2026-06-14;08:00;37;54.29;71.58;55.06;Bueno;143.75;Regular;36;48.67;67.08;156.94;Regular;214.40;Alerta;Regular;Alerta
2026-06-14;09:00;67;55.17;71.58;55.06;Bueno;143.75;Regular;65;49.62;67.08;156.94;Regular;214.40;Alerta;Regular;Alerta
2026-06-14;10:00;31;54.08;71.58;55.06;Bueno;143.75;Regular;30;48.71;67.08;156.94;Regular;214.40;Alerta;Regular;Alerta
2026-06-14;11:00;45;54.50;71.58;55.06;Bueno;143.75;Regular;41;49.38;67.08;156.94;Regular;214.40;Alerta;Regular;Alerta
2026-06-14;12:00;51;55.33;71.58;55.06;Bueno;143.75;Regular;50;50.38;67.08;156.94;Regular;214.40;Alerta;Regular;Alerta
2026-06-14;13:00;34;54.88;71.58;55.06;Bueno;143.75;Regular;33;50.21;67.08;156.94;Regular;214.40;Alerta;Regular;Alerta
2026-06-14;14:00;24;54.00;71.58;55.06;Bueno;143.75;Regular;24;49.67;67.08;156.94;Regular;214.40;Alerta;Regular;Alerta
2026-06-14;15:00;34;52.79;71.58;55.06;Bueno;143.75;Regular;34;49.00;67.08;156.94;Regular;214.40;Alerta;Regular;Alerta
2026-06-14;16:00;20;51.67;71.58;55.06;Bueno;143.75;Regular;19;48.04;67.08;156.94;Regular;214.40;Alerta;Regular;Alerta
2026-06-14;17:00;76;53.00;71.58;55.06;Bueno;143.75;Regular;70;49.58;67.08;156.94;Regular;214.40;Alerta;Regular;Alerta
2026-06-14;18:00;176;58.58;71.58;55.06;Bueno;143.75;Regular;152;54.42;67.08;156.94;Regular;214.40;Alerta;Regular;Alerta
2026-06-14;19:00;140;62.38;71.58;55.06;Bueno;143.75;Regular;129;58.08;67.08;156.94;Regular;214.40;Alerta;Regular;Alerta
2026-06-14;20:00;123;62.96;71.58;55.06;Bueno;143.75;Regular;114;58.62;67.08;156.94;Regular;214.40;Alerta;Regular;Alerta
2026-06-14;21:00;164;65.54;71.58;55.06;Bueno;143.75;Regular;150;61.33;67.08;156.94;Regular;214.40;Alerta;Regular;Alerta
2026-06-14;22:00;147;67.92;71.58;55.06;Bueno;143.75;Regular;140;63.71;67.08;156.94;Regular;214.40;Alerta;Regular;Alerta
2026-06-14;23:00;153;71.58;71.58;55.06;Bueno;143.75;Regular;144;67.08;67.08;156.94;Regular;214.40;Alerta;Regular;Alerta
2026-06-15;00:00;124;74.21;117.54;90.42;Bueno;220.50;Alerta;123;69.92;106.78;289.28;Alerta;304.23;Preemergencia;Alerta;Preemergencia
2026-06-15;01:00;149;76.88;117.54;90.42;Bueno;220.50;Alerta;139;72.38;106.78;289.28;Alerta;304.23;Preemergencia;Alerta;Preemergencia
2026-06-15;02:00;67;76.92;117.54;90.42;Bueno;220.50;Alerta;67;72.33;106.78;289.28;Alerta;304.23;Preemergencia;Alerta;Preemergencia
2026-06-15;03:00;41;76.58;117.54;90.42;Bueno;220.50;Alerta;41;72.04;106.78;289.28;Alerta;304.23;Preemergencia;Alerta;Preemergencia
2026-06-15;04:00;49;76.83;117.54;90.42;Bueno;220.50;Alerta;48;72.29;106.78;289.28;Alerta;304.23;Preemergencia;Alerta;Preemergencia
2026-06-15;05:00;40;77.04;117.54;90.42;Bueno;220.50;Alerta;40;72.71;106.78;289.28;Alerta;304.23;Preemergencia;Alerta;Preemergencia
2026-06-15;06:00;29;77.29;117.54;90.42;Bueno;220.50;Alerta;28;72.92;106.78;289.28;Alerta;304.23;Preemergencia;Alerta;Preemergencia
2026-06-15;07:00;44;77.71;117.54;90.42;Bueno;220.50;Alerta;43;73.33;106.78;289.28;Alerta;304.23;Preemergencia;Alerta;Preemergencia
2026-06-15;08:00;112;80.83;117.54;90.42;Bueno;220.50;Alerta;103;76.12;106.78;289.28;Alerta;304.23;Preemergencia;Alerta;Preemergencia
2026-06-15;09:00;57;80.42;117.54;90.42;Bueno;220.50;Alerta;42;75.17;106.78;289.28;Alerta;304.23;Preemergencia;Alerta;Preemergencia
2026-06-15;10:00;33;80.50;117.54;90.42;Bueno;220.50;Alerta;22;74.83;106.78;289.28;Alerta;304.23;Preemergencia;Alerta;Preemergencia
2026-06-15;11:00;43;80.42;117.54;90.42;Bueno;220.50;Alerta;35;74.58;106.78;289.28;Alerta;304.23;Preemergencia;Alerta;Preemergencia
2026-06-15;12:00;40;79.96;117.54;90.42;Bueno;220.50;Alerta;36;74.00;106.78;289.28;Alerta;304.23;Preemergencia;Alerta;Preemergencia
2026-06-15;13:00;41;80.25;117.54;90.42;Bueno;220.50;Alerta;;75.78;106.78;289.28;Alerta;304.23;Preemergencia;Alerta;Preemergencia
2026-06-15;14:00;61;81.79;117.54;90.42;Bueno;220.50;Alerta;54;77.09;106.78;289.28;Alerta;304.23;Preemergencia;Alerta;Preemergencia
2026-06-15;15:00;30;81.62;117.54;90.42;Bueno;220.50;Alerta;30;76.91;106.78;289.28;Alerta;304.23;Preemergencia;Alerta;Preemergencia
2026-06-15;16:00;30;82.04;117.54;90.42;Bueno;220.50;Alerta;22;77.04;106.78;289.28;Alerta;304.23;Preemergencia;Alerta;Preemergencia
2026-06-15;17:00;96;82.88;117.54;90.42;Bueno;220.50;Alerta;76;77.30;106.78;289.28;Alerta;304.23;Preemergencia;Alerta;Preemergencia
2026-06-15;18:00;253;86.08;117.54;90.42;Bueno;220.50;Alerta;222;80.35;106.78;289.28;Alerta;304.23;Preemergencia;Alerta;Preemergencia
2026-06-15;19:00;418;97.67;117.54;90.42;Bueno;220.50;Alerta;342;89.61;106.78;289.28;Alerta;304.23;Preemergencia;Alerta;Preemergencia
2026-06-15;20:00;364;107.71;117.54;90.42;Bueno;220.50;Alerta;316;98.39;106.78;289.28;Alerta;304.23;Preemergencia;Alerta;Preemergencia
2026-06-15;21:00;349;115.42;117.54;90.42;Bueno;220.50;Alerta;295;104.70;106.78;289.28;Alerta;304.23;Preemergencia;Alerta;Preemergencia
2026-06-15;22:00;235;119.08;117.54;90.42;Bueno;220.50;Alerta;217;108.04;106.78;289.28;Alerta;304.23;Preemergencia;Alerta;Preemergencia
2026-06-15;23:00;116;117.54;117.54;90.42;Bueno;220.50;Alerta;115;106.78;106.78;289.28;Alerta;304.23;Preemergencia;Alerta;Preemergencia
2026-06-16;00:00;85;115.92;81.45;62.66;Bueno;160.11;Regular;84;105.09;72.59;175.30;Regular;226.73;Alerta;Regular;Alerta
2026-06-16;01:00;75;112.83;81.45;62.66;Bueno;160.11;Regular;74;102.26;72.59;175.30;Regular;226.73;Alerta;Regular;Alerta
2026-06-16;02:00;71;113.00;81.45;62.66;Bueno;160.11;Regular;70;102.39;72.59;175.30;Regular;226.73;Alerta;Regular;Alerta
2026-06-16;03:00;42;113.04;81.45;62.66;Bueno;160.11;Regular;36;102.17;72.59;175.30;Regular;226.73;Alerta;Regular;Alerta
2026-06-16;04:00;73;114.04;81.45;62.66;Bueno;160.11;Regular;61;102.74;72.59;175.30;Regular;226.73;Alerta;Regular;Alerta
2026-06-16;05:00;33;113.75;81.45;62.66;Bueno;160.11;Regular;32;102.39;72.59;175.30;Regular;226.73;Alerta;Regular;Alerta
2026-06-16;06:00;39;114.17;81.45;62.66;Bueno;160.11;Regular;36;102.74;72.59;175.30;Regular;226.73;Alerta;Regular;Alerta
2026-06-16;07:00;47;114.29;81.45;62.66;Bueno;160.11;Regular;31;102.22;72.59;175.30;Regular;226.73;Alerta;Regular;Alerta
2026-06-16;08:00;20;110.46;81.45;62.66;Bueno;160.11;Regular;19;98.57;72.59;175.30;Regular;226.73;Alerta;Regular;Alerta
2026-06-16;09:00;21;108.96;81.45;62.66;Bueno;160.11;Regular;20;97.61;72.59;175.30;Regular;226.73;Alerta;Regular;Alerta
2026-06-16;10:00;22;108.50;81.45;62.66;Bueno;160.11;Regular;21;97.57;72.59;175.30;Regular;226.73;Alerta;Regular;Alerta
2026-06-16;11:00;61;109.25;81.45;62.66;Bueno;160.11;Regular;53;98.35;72.59;175.30;Regular;226.73;Alerta;Regular;Alerta
2026-06-16;12:00;61;110.12;81.45;62.66;Bueno;160.11;Regular;54;99.13;72.59;175.30;Regular;226.73;Alerta;Regular;Alerta
2026-06-16;13:00;;113.13;81.45;62.66;Bueno;160.11;Regular;;99.13;72.59;175.30;Regular;226.73;Alerta;Regular;Alerta
2026-06-16;14:00;;115.50;81.45;62.66;Bueno;160.11;Regular;;101.18;72.59;175.30;Regular;226.73;Alerta;Regular;Alerta
2026-06-16;15:00;132;120.14;81.45;62.66;Bueno;160.11;Regular;114;105.00;72.59;175.30;Regular;226.73;Alerta;Regular;Alerta
2026-06-16;16:00;154;125.77;81.45;62.66;Bueno;160.11;Regular;123;109.59;72.59;175.30;Regular;226.73;Alerta;Regular;Alerta
2026-06-16;17:00;141;127.82;81.45;62.66;Bueno;160.11;Regular;110;111.14;72.59;175.30;Regular;226.73;Alerta;Regular;Alerta
2026-06-16;18:00;180;124.50;81.45;62.66;Bueno;160.11;Regular;157;108.18;72.59;175.30;Regular;226.73;Alerta;Regular;Alerta
2026-06-16;19:00;151;112.36;81.45;62.66;Bueno;160.11;Regular;130;98.55;72.59;175.30;Regular;226.73;Alerta;Regular;Alerta
2026-06-16;20:00;118;101.18;81.45;62.66;Bueno;160.11;Regular;113;89.32;72.59;175.30;Regular;226.73;Alerta;Regular;Alerta
2026-06-16;21:00;105;90.09;81.45;62.66;Bueno;160.11;Regular;101;80.50;72.59;175.30;Regular;226.73;Alerta;Regular;Alerta
2026-06-16;22:00;94;83.68;81.45;62.66;Bueno;160.11;Regular;92;74.82;72.59;175.30;Regular;226.73;Alerta;Regular;Alerta
2026-06-16;23:00;67;81.45;81.45;62.66;Bueno;160.11;Regular;66;72.59;72.59;175.30;Regular;226.73;Alerta;Regular;Alerta
2026-06-17;00:00;63;80.45;77.92;59.94;Bueno;154.24;Regular;60;71.50;66.33;154.44;Regular;212.73;Alerta;Regular;Alerta
2026-06-17;01:00;46;79.14;77.92;59.94;Bueno;154.24;Regular;46;70.23;66.33;154.44;Regular;212.73;Alerta;Regular;Alerta
2026-06-17;02:00;35;77.50;77.92;59.94;Bueno;154.24;Regular;34;68.59;66.33;154.44;Regular;212.73;Alerta;Regular;Alerta
2026-06-17;03:00;25;76.73;77.92;59.94;Bueno;154.24;Regular;24;68.05;66.33;154.44;Regular;212.73;Alerta;Regular;Alerta
2026-06-17;04:00;23;74.45;77.92;59.94;Bueno;154.24;Regular;21;66.23;66.33;154.44;Regular;212.73;Alerta;Regular;Alerta
2026-06-17;05:00;23;74.00;77.92;59.94;Bueno;154.24;Regular;22;65.77;66.33;154.44;Regular;212.73;Alerta;Regular;Alerta
2026-06-17;06:00;26;73.41;77.92;59.94;Bueno;154.24;Regular;25;65.27;66.33;154.44;Regular;212.73;Alerta;Regular;Alerta
2026-06-17;07:00;31;72.68;77.92;59.94;Bueno;154.24;Regular;30;65.23;66.33;154.44;Regular;212.73;Alerta;Regular;Alerta
2026-06-17;08:00;42;73.68;77.92;59.94;Bueno;154.24;Regular;40;66.18;66.33;154.44;Regular;212.73;Alerta;Regular;Alerta
2026-06-17;09:00;49;74.95;77.92;59.94;Bueno;154.24;Regular;35;66.86;66.33;154.44;Regular;212.73;Alerta;Regular;Alerta
2026-06-17;10:00;79;77.55;77.92;59.94;Bueno;154.24;Regular;69;69.05;66.33;154.44;Regular;212.73;Alerta;Regular;Alerta
2026-06-17;11:00;50;77.05;77.92;59.94;Bueno;154.24;Regular;43;68.59;66.33;154.44;Regular;212.73;Alerta;Regular;Alerta
2026-06-17;12:00;63;77.14;77.92;59.94;Bueno;154.24;Regular;42;68.05;66.33;154.44;Regular;212.73;Alerta;Regular;Alerta
2026-06-17;13:00;57;76.26;77.92;59.94;Bueno;154.24;Regular;46;67.09;66.33;154.44;Regular;212.73;Alerta;Regular;Alerta
2026-06-17;14:00;53;75.29;77.92;59.94;Bueno;154.24;Regular;39;65.92;66.33;154.44;Regular;212.73;Alerta;Regular;Alerta
2026-06-17;15:00;73;72.83;77.92;59.94;Bueno;154.24;Regular;53;63.38;66.33;154.44;Regular;212.73;Alerta;Regular;Alerta
2026-06-17;16:00;88;70.08;77.92;59.94;Bueno;154.24;Regular;70;61.17;66.33;154.44;Regular;212.73;Alerta;Regular;Alerta
2026-06-17;17:00;107;68.67;77.92;59.94;Bueno;154.24;Regular;91;60.38;66.33;154.44;Regular;212.73;Alerta;Regular;Alerta
2026-06-17;18:00;104;65.50;77.92;59.94;Bueno;154.24;Regular;77;57.04;66.33;154.44;Regular;212.73;Alerta;Regular;Alerta
2026-06-17;19:00;76;62.38;77.92;59.94;Bueno;154.24;Regular;66;54.38;66.33;154.44;Regular;212.73;Alerta;Regular;Alerta
2026-06-17;20:00;189;65.33;77.92;59.94;Bueno;154.24;Regular;159;56.29;66.33;154.44;Regular;212.73;Alerta;Regular;Alerta
2026-06-17;21:00;111;65.58;77.92;59.94;Bueno;154.24;Regular;95;56.04;66.33;154.44;Regular;212.73;Alerta;Regular;Alerta
2026-06-17;22:00;168;68.67;77.92;59.94;Bueno;154.24;Regular;148;58.38;66.33;154.44;Regular;212.73;Alerta;Regular;Alerta
2026-06-17;23:00;289;77.92;77.92;59.94;Bueno;154.24;Regular;257;66.33;66.33;154.44;Regular;212.73;Alerta;Regular;Alerta
2026-06-18;00:00;259;86.08;130.79;101.58;Regular;242.90;Alerta;232;73.50;108.04;293.47;Alerta;307.12;Preemergencia;Alerta;Preemergencia
2026-06-18;01:00;138;89.92;130.79;101.58;Regular;242.90;Alerta;124;76.75;108.04;293.47;Alerta;307.12;Preemergencia;Alerta;Preemergencia
2026-06-18;02:00;169;95.50;130.79;101.58;Regular;242.90;Alerta;153;81.71;108.04;293.47;Alerta;307.12;Preemergencia;Alerta;Preemergencia
2026-06-18;03:00;130;99.88;130.79;101.58;Regular;242.90;Alerta;120;85.71;108.04;293.47;Alerta;307.12;Preemergencia;Alerta;Preemergencia
2026-06-18;04:00;65;101.62;130.79;101.58;Regular;242.90;Alerta;64;87.50;108.04;293.47;Alerta;307.12;Preemergencia;Alerta;Preemergencia
2026-06-18;05:00;38;102.25;130.79;101.58;Regular;242.90;Alerta;35;88.04;108.04;293.47;Alerta;307.12;Preemergencia;Alerta;Preemergencia
2026-06-18;06:00;66;103.92;130.79;101.58;Regular;242.90;Alerta;65;89.71;108.04;293.47;Alerta;307.12;Preemergencia;Alerta;Preemergencia
2026-06-18;07:00;78;105.88;130.79;101.58;Regular;242.90;Alerta;69;91.33;108.04;293.47;Alerta;307.12;Preemergencia;Alerta;Preemergencia
2026-06-18;08:00;115;108.92;130.79;101.58;Regular;242.90;Alerta;85;93.21;108.04;293.47;Alerta;307.12;Preemergencia;Alerta;Preemergencia
2026-06-18;09:00;101;111.08;130.79;101.58;Regular;242.90;Alerta;77;94.96;108.04;293.47;Alerta;307.12;Preemergencia;Alerta;Preemergencia
2026-06-18;10:00;162;114.54;130.79;101.58;Regular;242.90;Alerta;127;97.38;108.04;293.47;Alerta;307.12;Preemergencia;Alerta;Preemergencia
2026-06-18;11:00;199;120.75;130.79;101.58;Regular;242.90;Alerta;159;102.21;108.04;293.47;Alerta;307.12;Preemergencia;Alerta;Preemergencia
2026-06-18;12:00;117;123.00;130.79;101.58;Regular;242.90;Alerta;94;104.38;108.04;293.47;Alerta;307.12;Preemergencia;Alerta;Preemergencia
2026-06-18;13:00;41;122.33;130.79;101.58;Regular;242.90;Alerta;27;103.58;108.04;293.47;Alerta;307.12;Preemergencia;Alerta;Preemergencia
2026-06-18;14:00;40;121.79;130.79;101.58;Regular;242.90;Alerta;24;102.96;108.04;293.47;Alerta;307.12;Preemergencia;Alerta;Preemergencia
2026-06-18;15:00;42;120.50;130.79;101.58;Regular;242.90;Alerta;24;101.75;108.04;293.47;Alerta;307.12;Preemergencia;Alerta;Preemergencia
2026-06-18;16:00;44;118.67;130.79;101.58;Regular;242.90;Alerta;29;100.04;108.04;293.47;Alerta;307.12;Preemergencia;Alerta;Preemergencia
2026-06-18;17:00;169;121.25;130.79;101.58;Regular;242.90;Alerta;123;101.38;108.04;293.47;Alerta;307.12;Preemergencia;Alerta;Preemergencia
2026-06-18;18:00;295;129.21;130.79;101.58;Regular;242.90;Alerta;239;108.12;108.04;293.47;Alerta;307.12;Preemergencia;Alerta;Preemergencia
2026-06-18;19:00;227;135.50;130.79;101.58;Regular;242.90;Alerta;171;112.50;108.04;293.47;Alerta;307.12;Preemergencia;Alerta;Preemergencia
2026-06-18;20:00;142;133.54;130.79;101.58;Regular;242.90;Alerta;114;110.62;108.04;293.47;Alerta;307.12;Preemergencia;Alerta;Preemergencia
2026-06-18;21:00;298;141.33;130.79;101.58;Regular;242.90;Alerta;261;117.54;108.04;293.47;Alerta;307.12;Preemergencia;Alerta;Preemergencia
2026-06-18;22:00;71;137.29;130.79;101.58;Regular;242.90;Alerta;56;113.71;108.04;293.47;Alerta;307.12;Preemergencia;Alerta;Preemergencia
2026-06-18;23:00;133;130.79;130.79;101.58;Regular;242.90;Alerta;121;108.04;108.04;293.47;Alerta;307.12;Preemergencia;Alerta;Preemergencia
2026-06-19;00:00;89;123.71;51.00;39.23;Bueno;109.83;Regular;77;101.58;40.67;81.33;Bueno;155.89;Regular;Bueno;Regular
2026-06-19;01:00;97;122.00;51.00;39.23;Bueno;109.83;Regular;89;100.12;40.67;81.33;Bueno;155.89;Regular;Bueno;Regular
2026-06-19;02:00;73;118.00;51.00;39.23;Bueno;109.83;Regular;65;96.46;40.67;81.33;Bueno;155.89;Regular;Bueno;Regular
2026-06-19;03:00;51;114.71;51.00;39.23;Bueno;109.83;Regular;47;93.42;40.67;81.33;Bueno;155.89;Regular;Bueno;Regular
2026-06-19;04:00;43;113.79;51.00;39.23;Bueno;109.83;Regular;42;92.50;40.67;81.33;Bueno;155.89;Regular;Bueno;Regular
2026-06-19;05:00;27;113.33;51.00;39.23;Bueno;109.83;Regular;22;91.96;40.67;81.33;Bueno;155.89;Regular;Bueno;Regular
2026-06-19;06:00;37;112.12;51.00;39.23;Bueno;109.83;Regular;33;90.62;40.67;81.33;Bueno;155.89;Regular;Bueno;Regular
2026-06-19;07:00;47;110.83;51.00;39.23;Bueno;109.83;Regular;32;89.08;40.67;81.33;Bueno;155.89;Regular;Bueno;Regular
2026-06-19;08:00;47;108.00;51.00;39.23;Bueno;109.83;Regular;35;87.00;40.67;81.33;Bueno;155.89;Regular;Bueno;Regular
2026-06-19;09:00;65;106.50;51.00;39.23;Bueno;109.83;Regular;47;85.75;40.67;81.33;Bueno;155.89;Regular;Bueno;Regular
2026-06-19;10:00;64;102.42;51.00;39.23;Bueno;109.83;Regular;54;82.71;40.67;81.33;Bueno;155.89;Regular;Bueno;Regular
2026-06-19;11:00;76;97.29;51.00;39.23;Bueno;109.83;Regular;49;78.12;40.67;81.33;Bueno;155.89;Regular;Bueno;Regular
2026-06-19;12:00;52;94.58;51.00;39.23;Bueno;109.83;Regular;42;75.96;40.67;81.33;Bueno;155.89;Regular;Bueno;Regular
2026-06-19;13:00;63;95.50;51.00;39.23;Bueno;109.83;Regular;43;76.62;40.67;81.33;Bueno;155.89;Regular;Bueno;Regular
2026-06-19;14:00;59;96.29;51.00;39.23;Bueno;109.83;Regular;37;77.17;40.67;81.33;Bueno;155.89;Regular;Bueno;Regular
2026-06-19;15:00;63;97.17;51.00;39.23;Bueno;109.83;Regular;44;78.00;40.67;81.33;Bueno;155.89;Regular;Bueno;Regular
2026-06-19;16:00;54;97.58;51.00;39.23;Bueno;109.83;Regular;36;78.29;40.67;81.33;Bueno;155.89;Regular;Bueno;Regular
2026-06-19;17:00;50;92.62;51.00;39.23;Bueno;109.83;Regular;39;74.79;40.67;81.33;Bueno;155.89;Regular;Bueno;Regular
2026-06-19;18:00;43;82.12;51.00;39.23;Bueno;109.83;Regular;40;66.50;40.67;81.33;Bueno;155.89;Regular;Bueno;Regular
2026-06-19;19:00;22;73.58;51.00;39.23;Bueno;109.83;Regular;17;60.08;40.67;81.33;Bueno;155.89;Regular;Bueno;Regular
2026-06-19;20:00;33;69.04;51.00;39.23;Bueno;109.83;Regular;23;56.29;40.67;81.33;Bueno;155.89;Regular;Bueno;Regular
2026-06-19;21:00;30;57.88;51.00;39.23;Bueno;109.83;Regular;26;46.50;40.67;81.33;Bueno;155.89;Regular;Bueno;Regular
2026-06-19;22:00;21;55.79;51.00;39.23;Bueno;109.83;Regular;20;45.00;40.67;81.33;Bueno;155.89;Regular;Bueno;Regular
2026-06-19;23:00;18;51.00;51.00;39.23;Bueno;109.83;Regular;17;40.67;40.67;81.33;Bueno;155.89;Regular;Bueno;Regular
2026-06-20;00:00;16;47.96;21.04;16.19;Bueno;46.76;Bueno;15;38.08;14.88;29.75;Bueno;99.17;Bueno;Bueno;Bueno
2026-06-20;01:00;17;44.62;21.04;16.19;Bueno;46.76;Bueno;15;35.00;14.88;29.75;Bueno;99.17;Bueno;Bueno;Bueno
2026-06-20;02:00;19;42.38;21.04;16.19;Bueno;46.76;Bueno;2;32.38;14.88;29.75;Bueno;99.17;Bueno;Bueno;Bueno
2026-06-20;03:00;21;41.12;21.04;16.19;Bueno;46.76;Bueno;12;30.92;14.88;29.75;Bueno;99.17;Bueno;Bueno;Bueno
2026-06-20;04:00;13;39.88;21.04;16.19;Bueno;46.76;Bueno;7;29.46;14.88;29.75;Bueno;99.17;Bueno;Bueno;Bueno
2026-06-20;05:00;14;39.33;21.04;16.19;Bueno;46.76;Bueno;5;28.75;14.88;29.75;Bueno;99.17;Bueno;Bueno;Bueno
2026-06-20;06:00;14;38.38;21.04;16.19;Bueno;46.76;Bueno;4;27.54;14.88;29.75;Bueno;99.17;Bueno;Bueno;Bueno
2026-06-20;07:00;11;36.88;21.04;16.19;Bueno;46.76;Bueno;7;26.50;14.88;29.75;Bueno;99.17;Bueno;Bueno;Bueno
2026-06-20;08:00;21;35.79;21.04;16.19;Bueno;46.76;Bueno;14;25.62;14.88;29.75;Bueno;99.17;Bueno;Bueno;Bueno
2026-06-20;09:00;22;34.00;21.04;16.19;Bueno;46.76;Bueno;14;24.25;14.88;29.75;Bueno;99.17;Bueno;Bueno;Bueno
2026-06-20;10:00;18;32.08;21.04;16.19;Bueno;46.76;Bueno;14;22.58;14.88;29.75;Bueno;99.17;Bueno;Bueno;Bueno
2026-06-20;11:00;18;29.67;21.04;16.19;Bueno;46.76;Bueno;16;21.21;14.88;29.75;Bueno;99.17;Bueno;Bueno;Bueno
2026-06-20;12:00;29;28.71;21.04;16.19;Bueno;46.76;Bueno;26;20.54;14.88;29.75;Bueno;99.17;Bueno;Bueno;Bueno
2026-06-20;13:00;20;26.92;21.04;16.19;Bueno;46.76;Bueno;12;19.25;14.88;29.75;Bueno;99.17;Bueno;Bueno;Bueno
2026-06-20;14:00;18;25.21;21.04;16.19;Bueno;46.76;Bueno;8;18.04;14.88;29.75;Bueno;99.17;Bueno;Bueno;Bueno
2026-06-20;15:00;15;23.21;21.04;16.19;Bueno;46.76;Bueno;12;16.71;14.88;29.75;Bueno;99.17;Bueno;Bueno;Bueno
2026-06-20;16:00;16;21.62;21.04;16.19;Bueno;46.76;Bueno;12;15.71;14.88;29.75;Bueno;99.17;Bueno;Bueno;Bueno
2026-06-20;17:00;23;20.50;21.04;16.19;Bueno;46.76;Bueno;21;14.96;14.88;29.75;Bueno;99.17;Bueno;Bueno;Bueno
2026-06-20;18:00;38;20.29;21.04;16.19;Bueno;46.76;Bueno;29;14.50;14.88;29.75;Bueno;99.17;Bueno;Bueno;Bueno
2026-06-20;19:00;29;20.58;21.04;16.19;Bueno;46.76;Bueno;22;14.71;14.88;29.75;Bueno;99.17;Bueno;Bueno;Bueno
2026-06-20;20:00;35;20.67;21.04;16.19;Bueno;46.76;Bueno;24;14.75;14.88;29.75;Bueno;99.17;Bueno;Bueno;Bueno
2026-06-20;21:00;29;20.62;21.04;16.19;Bueno;46.76;Bueno;24;14.67;14.88;29.75;Bueno;99.17;Bueno;Bueno;Bueno
2026-06-20;22:00;25;20.79;21.04;16.19;Bueno;46.76;Bueno;25;14.88;14.88;29.75;Bueno;99.17;Bueno;Bueno;Bueno
2026-06-20;23:00;24;21.04;21.04;16.19;Bueno;46.76;Bueno;17;14.88;14.88;29.75;Bueno;99.17;Bueno;Bueno;Bueno
2026-06-21;00:00;17;21.08;;;;;;13;14.79;;;;;;;
2026-06-21;01:00;15;21.00;;;;;;14;14.75;;;;;;;
2026-06-21;02:00;14;20.79;;;;;;13;15.21;;;;;;;
2026-06-21;03:00;11;20.38;;;;;;9;15.08;;;;;;;
2026-06-21;04:00;11;20.29;;;;;;8;15.12;;;;;;;
2026-06-21;05:00;9;20.08;;;;;;6;15.17;;;;;;;
2026-06-21;06:00;6;19.75;;;;;;6;15.25;;;;;;;
2026-06-21;07:00;6;19.54;;;;;;5;15.17;;;;;;;
2026-06-21;08:00;;19.48;;;;;;;15.22;;;;;;;
2026-06-21;09:00;;19.36;;;;;;;15.27;;;;;;;
2026-06-21;10:00;;19.43;;;;;;;15.33;;;;;;;
2026-06-21;11:00;;19.50;;;;;;;15.30;;;;;;;
2026-06-21;12:00;;19.00;;;;;;;14.74;;;;;;;
2026-06-21;13:00;;18.94;;;;;;;14.89;;;;;;;
2026-06-21;14:00;;;;;;;;;;;;;;;;
2026-06-21;15:00;;;;;;;;;;;;;;;;
2026-06-21;16:00;;;;;;;;;;;;;;;;
2026-06-21;17:00;;;;;;;;;;;;;;;;
2026-06-21;18:00;;;;;;;;;;;;;;;;
2026-06-21;19:00;;;;;;;;;;;;;;;;
2026-06-21;20:00;;;;;;;;;;;;;;;;
2026-06-21;21:00;;;;;;;;;;;;;;;;
2026-06-21;22:00;;;;;;;;;;;;;;;;
2026-06-21;23:00;;;;;;;;;;;;;;;;
2026-06-22;00:00;;;;;;;;;;;;;;;;
2026-06-22;01:00;;;;;;;;;;;;;;;;
2026-06-22;02:00;;;;;;;;;;;;;;;;
2026-06-22;03:00;;;;;;;;;;;;;;;;
2026-06-22;04:00;;;;;;;;;;;;;;;;
2026-06-22;05:00;;;;;;;;;;;;;;;;
2026-06-22;06:00;;;;;;;;;;;;;;;;
2026-06-22;07:00;;;;;;;;;;;;;;;;
2026-06-22;08:00;;;;;;;;;;;;;;;;
2026-06-22;09:00;;;;;;;;;;;;;;;;
2026-06-22;10:00;;;;;;;;;;;;;;;;
2026-06-22;11:00;;;;;;;;;;;;;;;;
2026-06-22;12:00;;;;;;;;;;;;;;;;
2026-06-22;13:00;;;;;;;;;;;;;;;;
2026-06-22;14:00;;;;;;;;;;;;;;;;
2026-06-22;15:00;;;;;;;;;;;;;;;;
2026-06-22;16:00;;;;;;;;;;;;;;;;
2026-06-22;17:00;;;;;;;;;;;;;;;;
2026-06-22;18:00;;;;;;;;;;;;;;;;
2026-06-22;19:00;;;;;;;;;;;;;;;;
2026-06-22;20:00;;;;;;;;;;;;;;;;
2026-06-22;21:00;;;;;;;;;;;;;;;;
2026-06-22;22:00;;;;;;;;;;;;;;;;
2026-06-22;23:00;;;;;;;;;;;;;;;;
2026-06-23;00:00;;;;;;;;;;;;;;;;
2026-06-23;01:00;;;;;;;;;;;;;;;;
2026-06-23;02:00;;;;;;;;;;;;;;;;
2026-06-23;03:00;;;;;;;;;;;;;;;;
2026-06-23;04:00;;;;;;;;;;;;;;;;
2026-06-23;05:00;;;;;;;;;;;;;;;;
2026-06-23;06:00;;;;;;;;;;;;;;;;
2026-06-23;07:00;;;;;;;;;;;;;;;;
2026-06-23;08:00;;;;;;;;;;;;;;;;
2026-06-23;09:00;;;;;;;;;;;;;;;;
2026-06-23;10:00;;;;;;;;;;;;;;;;
2026-06-23;11:00;;;;;;;;;;;;;;;;
2026-06-23;12:00;32;;;;;;;3;;;;;;;;
2026-06-23;13:00;28;;;;;;;7;;;;;;;;
2026-06-23;14:00;31;;;;;;;5;;;;;;;;
2026-06-23;15:00;22;;;;;;;10;;;;;;;;
2026-06-23;16:00;24;;;;;;;16;;;;;;;;
2026-06-23;17:00;93;;;;;;;80;;;;;;;;
2026-06-23;18:00;232;;;;;;;195;;;;;;;;
2026-06-23;19:00;176;;;;;;;132;;;;;;;;
2026-06-23;20:00;240;;;;;;;193;;;;;;;;
2026-06-23;21:00;112;;;;;;;95;;;;;;;;
2026-06-23;22:00;143;;;;;;;127;;;;;;;;
2026-06-23;23:00;113;;;;;;;101;;;;;;;;
2026-06-24;00:00;44;;30.54;23.49;Bueno;67.87;Bueno;35;;27.21;54.42;Bueno;126.47;Regular;Bueno;Regular
2026-06-24;01:00;24;;30.54;23.49;Bueno;67.87;Bueno;22;;27.21;54.42;Bueno;126.47;Regular;Bueno;Regular
2026-06-24;02:00;23;;30.54;23.49;Bueno;67.87;Bueno;18;;27.21;54.42;Bueno;126.47;Regular;Bueno;Regular
2026-06-24;03:00;16;;30.54;23.49;Bueno;67.87;Bueno;11;;27.21;54.42;Bueno;126.47;Regular;Bueno;Regular
2026-06-24;04:00;9;;30.54;23.49;Bueno;67.87;Bueno;8;;27.21;54.42;Bueno;126.47;Regular;Bueno;Regular
2026-06-24;05:00;5;75.94;30.54;23.49;Bueno;67.87;Bueno;3;58.94;27.21;54.42;Bueno;126.47;Regular;Bueno;Regular
2026-06-24;06:00;4;72.16;30.54;23.49;Bueno;67.87;Bueno;2;55.95;27.21;54.42;Bueno;126.47;Regular;Bueno;Regular
2026-06-24;07:00;6;68.85;30.54;23.49;Bueno;67.87;Bueno;5;53.40;27.21;54.42;Bueno;126.47;Regular;Bueno;Regular
2026-06-24;08:00;5;65.81;30.54;23.49;Bueno;67.87;Bueno;4;51.05;27.21;54.42;Bueno;126.47;Regular;Bueno;Regular
2026-06-24;09:00;2;62.91;30.54;23.49;Bueno;67.87;Bueno;2;48.82;27.21;54.42;Bueno;126.47;Regular;Bueno;Regular
2026-06-24;10:00;10;60.61;30.54;23.49;Bueno;67.87;Bueno;6;46.96;27.21;54.42;Bueno;126.47;Regular;Bueno;Regular
2026-06-24;11:00;8;58.42;30.54;23.49;Bueno;67.87;Bueno;7;45.29;27.21;54.42;Bueno;126.47;Regular;Bueno;Regular
2026-06-24;12:00;8;57.42;30.54;23.49;Bueno;67.87;Bueno;7;45.46;27.21;54.42;Bueno;126.47;Regular;Bueno;Regular
2026-06-24;13:00;30;57.50;30.54;23.49;Bueno;67.87;Bueno;24;46.17;27.21;54.42;Bueno;126.47;Regular;Bueno;Regular
2026-06-24;14:00;21;57.08;30.54;23.49;Bueno;67.87;Bueno;20;46.79;27.21;54.42;Bueno;126.47;Regular;Bueno;Regular
2026-06-24;15:00;20;57.00;30.54;23.49;Bueno;67.87;Bueno;14;46.96;27.21;54.42;Bueno;126.47;Regular;Bueno;Regular
2026-06-24;16:00;15;56.62;30.54;23.49;Bueno;67.87;Bueno;15;46.92;27.21;54.42;Bueno;126.47;Regular;Bueno;Regular
2026-06-24;17:00;21;53.62;30.54;23.49;Bueno;67.87;Bueno;20;44.42;27.21;54.42;Bueno;126.47;Regular;Bueno;Regular
2026-06-24;18:00;24;44.96;30.54;23.49;Bueno;67.87;Bueno;17;37.00;27.21;54.42;Bueno;126.47;Regular;Bueno;Regular
2026-06-24;19:00;30;38.88;30.54;23.49;Bueno;67.87;Bueno;22;32.42;27.21;54.42;Bueno;126.47;Regular;Bueno;Regular
2026-06-24;20:00;78;32.12;30.54;23.49;Bueno;67.87;Bueno;74;27.46;27.21;54.42;Bueno;126.47;Regular;Bueno;Regular
2026-06-24;21:00;76;30.62;30.54;23.49;Bueno;67.87;Bueno;70;26.42;27.21;54.42;Bueno;126.47;Regular;Bueno;Regular
2026-06-24;22:00;140;30.50;30.54;23.49;Bueno;67.87;Bueno;139;26.92;27.21;54.42;Bueno;126.47;Regular;Bueno;Regular
2026-06-24;23:00;114;30.54;30.54;23.49;Bueno;67.87;Bueno;108;27.21;27.21;54.42;Bueno;126.47;Regular;Bueno;Regular
2026-06-25;00:00;123;33.83;35.79;27.53;Bueno;79.54;Bueno;122;30.83;28.71;57.42;Bueno;129.74;Regular;Bueno;Regular
2026-06-25;01:00;34;34.25;35.79;27.53;Bueno;79.54;Bueno;33;31.29;28.71;57.42;Bueno;129.74;Regular;Bueno;Regular
2026-06-25;02:00;42;35.04;35.79;27.53;Bueno;79.54;Bueno;41;32.25;28.71;57.42;Bueno;129.74;Regular;Bueno;Regular
2026-06-25;03:00;41;36.08;35.79;27.53;Bueno;79.54;Bueno;37;33.33;28.71;57.42;Bueno;129.74;Regular;Bueno;Regular
2026-06-25;04:00;20;36.54;35.79;27.53;Bueno;79.54;Bueno;17;33.71;28.71;57.42;Bueno;129.74;Regular;Bueno;Regular
2026-06-25;05:00;11;36.79;35.79;27.53;Bueno;79.54;Bueno;10;34.00;28.71;57.42;Bueno;129.74;Regular;Bueno;Regular
2026-06-25;06:00;20;37.46;35.79;27.53;Bueno;79.54;Bueno;13;34.46;28.71;57.42;Bueno;129.74;Regular;Bueno;Regular
2026-06-25;07:00;25;38.25;35.79;27.53;Bueno;79.54;Bueno;14;34.83;28.71;57.42;Bueno;129.74;Regular;Bueno;Regular
2026-06-25;08:00;24;39.04;35.79;27.53;Bueno;79.54;Bueno;16;35.33;28.71;57.42;Bueno;129.74;Regular;Bueno;Regular
2026-06-25;09:00;59;41.42;35.79;27.53;Bueno;79.54;Bueno;46;37.17;28.71;57.42;Bueno;129.74;Regular;Bueno;Regular
2026-06-25;10:00;31;42.29;35.79;27.53;Bueno;79.54;Bueno;25;37.96;28.71;57.42;Bueno;129.74;Regular;Bueno;Regular
2026-06-25;11:00;34;43.38;35.79;27.53;Bueno;79.54;Bueno;19;38.46;28.71;57.42;Bueno;129.74;Regular;Bueno;Regular
2026-06-25;12:00;31;44.33;35.79;27.53;Bueno;79.54;Bueno;21;39.04;28.71;57.42;Bueno;129.74;Regular;Bueno;Regular
2026-06-25;13:00;18;43.83;35.79;27.53;Bueno;79.54;Bueno;8;38.38;28.71;57.42;Bueno;129.74;Regular;Bueno;Regular
2026-06-25;14:00;16;43.62;35.79;27.53;Bueno;79.54;Bueno;10;37.96;28.71;57.42;Bueno;129.74;Regular;Bueno;Regular
2026-06-25;15:00;27;43.92;35.79;27.53;Bueno;79.54;Bueno;15;38.00;28.71;57.42;Bueno;129.74;Regular;Bueno;Regular
2026-06-25;16:00;28;44.46;35.79;27.53;Bueno;79.54;Bueno;19;38.17;28.71;57.42;Bueno;129.74;Regular;Bueno;Regular
2026-06-25;17:00;71;46.54;35.79;27.53;Bueno;79.54;Bueno;50;39.42;28.71;57.42;Bueno;129.74;Regular;Bueno;Regular
2026-06-25;18:00;49;47.58;35.79;27.53;Bueno;79.54;Bueno;36;40.21;28.71;57.42;Bueno;129.74;Regular;Bueno;Regular
2026-06-25;19:00;43;48.12;35.79;27.53;Bueno;79.54;Bueno;42;41.04;28.71;57.42;Bueno;129.74;Regular;Bueno;Regular
2026-06-25;20:00;29;46.08;35.79;27.53;Bueno;79.54;Bueno;28;39.12;28.71;57.42;Bueno;129.74;Regular;Bueno;Regular
2026-06-25;21:00;31;44.21;35.79;27.53;Bueno;79.54;Bueno;30;37.46;28.71;57.42;Bueno;129.74;Regular;Bueno;Regular
2026-06-25;22:00;33;39.75;35.79;27.53;Bueno;79.54;Bueno;25;32.71;28.71;57.42;Bueno;129.74;Regular;Bueno;Regular
2026-06-25;23:00;19;35.79;35.79;27.53;Bueno;79.54;Bueno;12;28.71;28.71;57.42;Bueno;129.74;Regular;Bueno;Regular
2026-06-26;00:00;20;31.50;28.70;22.07;Bueno;63.77;Bueno;10;24.04;23.09;46.17;Bueno;117.51;Regular;Bueno;Regular
2026-06-26;01:00;10;30.50;28.70;22.07;Bueno;63.77;Bueno;9;23.04;23.09;46.17;Bueno;117.51;Regular;Bueno;Regular
2026-06-26;02:00;9;29.12;28.70;22.07;Bueno;63.77;Bueno;8;21.67;23.09;46.17;Bueno;117.51;Regular;Bueno;Regular
2026-06-26;03:00;6;27.67;28.70;22.07;Bueno;63.77;Bueno;4;20.29;23.09;46.17;Bueno;117.51;Regular;Bueno;Regular
2026-06-26;04:00;6;27.08;28.70;22.07;Bueno;63.77;Bueno;1;19.62;23.09;46.17;Bueno;117.51;Regular;Bueno;Regular
2026-06-26;05:00;4;26.79;28.70;22.07;Bueno;63.77;Bueno;3;19.33;23.09;46.17;Bueno;117.51;Regular;Bueno;Regular
2026-06-26;06:00;6;26.21;28.70;22.07;Bueno;63.77;Bueno;2;18.88;23.09;46.17;Bueno;117.51;Regular;Bueno;Regular
2026-06-26;07:00;8;25.50;28.70;22.07;Bueno;63.77;Bueno;5;18.50;23.09;46.17;Bueno;117.51;Regular;Bueno;Regular
2026-06-26;08:00;18;25.25;28.70;22.07;Bueno;63.77;Bueno;9;18.21;23.09;46.17;Bueno;117.51;Regular;Bueno;Regular
2026-06-26;09:00;22;23.71;28.70;22.07;Bueno;63.77;Bueno;16;16.96;23.09;46.17;Bueno;117.51;Regular;Bueno;Regular
2026-06-26;10:00;14;23.00;28.70;22.07;Bueno;63.77;Bueno;13;16.46;23.09;46.17;Bueno;117.51;Regular;Bueno;Regular
2026-06-26;11:00;11;22.04;28.70;22.07;Bueno;63.77;Bueno;11;16.12;23.09;46.17;Bueno;117.51;Regular;Bueno;Regular
2026-06-26;12:00;18;21.50;28.70;22.07;Bueno;63.77;Bueno;18;16.00;23.09;46.17;Bueno;117.51;Regular;Bueno;Regular
2026-06-26;13:00;20;21.58;28.70;22.07;Bueno;63.77;Bueno;19;16.46;23.09;46.17;Bueno;117.51;Regular;Bueno;Regular
2026-06-26;14:00;19;21.71;28.70;22.07;Bueno;63.77;Bueno;15;16.67;23.09;46.17;Bueno;117.51;Regular;Bueno;Regular
2026-06-26;15:00;21;21.46;28.70;22.07;Bueno;63.77;Bueno;13;16.58;23.09;46.17;Bueno;117.51;Regular;Bueno;Regular
2026-06-26;16:00;39;21.92;28.70;22.07;Bueno;63.77;Bueno;28;16.96;23.09;46.17;Bueno;117.51;Regular;Bueno;Regular
2026-06-26;17:00;41;20.67;28.70;22.07;Bueno;63.77;Bueno;26;15.96;23.09;46.17;Bueno;117.51;Regular;Bueno;Regular
2026-06-26;18:00;;19.43;28.70;22.07;Bueno;63.77;Bueno;;15.09;23.09;46.17;Bueno;117.51;Regular;Bueno;Regular
2026-06-26;19:00;36;19.13;28.70;22.07;Bueno;63.77;Bueno;22;14.22;23.09;46.17;Bueno;117.51;Regular;Bueno;Regular
2026-06-26;20:00;53;20.17;28.70;22.07;Bueno;63.77;Bueno;52;15.26;23.09;46.17;Bueno;117.51;Regular;Bueno;Regular
2026-06-26;21:00;135;24.70;28.70;22.07;Bueno;63.77;Bueno;121;19.22;23.09;46.17;Bueno;117.51;Regular;Bueno;Regular
2026-06-26;22:00;114;28.22;28.70;22.07;Bueno;63.77;Bueno;98;22.39;23.09;46.17;Bueno;117.51;Regular;Bueno;Regular
2026-06-26;23:00;30;28.70;28.70;22.07;Bueno;63.77;Bueno;28;23.09;23.09;46.17;Bueno;117.51;Regular;Bueno;Regular
2026-06-27;00:00;29;29.09;50.54;38.88;Bueno;109.08;Regular;28;23.87;44.38;88.75;Bueno;164.05;Regular;Bueno;Regular
2026-06-27;01:00;22;29.61;50.54;38.88;Bueno;109.08;Regular;16;24.17;44.38;88.75;Bueno;164.05;Regular;Bueno;Regular
2026-06-27;02:00;9;29.61;50.54;38.88;Bueno;109.08;Regular;6;24.09;44.38;88.75;Bueno;164.05;Regular;Bueno;Regular
2026-06-27;03:00;6;29.61;50.54;38.88;Bueno;109.08;Regular;7;24.22;44.38;88.75;Bueno;164.05;Regular;Bueno;Regular
2026-06-27;04:00;6;29.61;50.54;38.88;Bueno;109.08;Regular;3;24.30;44.38;88.75;Bueno;164.05;Regular;Bueno;Regular
2026-06-27;05:00;4;29.61;50.54;38.88;Bueno;109.08;Regular;1;24.22;44.38;88.75;Bueno;164.05;Regular;Bueno;Regular
2026-06-27;06:00;5;29.57;50.54;38.88;Bueno;109.08;Regular;4;24.30;44.38;88.75;Bueno;164.05;Regular;Bueno;Regular
2026-06-27;07:00;4;29.39;50.54;38.88;Bueno;109.08;Regular;4;24.26;44.38;88.75;Bueno;164.05;Regular;Bueno;Regular
2026-06-27;08:00;10;29.04;50.54;38.88;Bueno;109.08;Regular;7;24.17;44.38;88.75;Bueno;164.05;Regular;Bueno;Regular
2026-06-27;09:00;11;28.57;50.54;38.88;Bueno;109.08;Regular;5;23.70;44.38;88.75;Bueno;164.05;Regular;Bueno;Regular
2026-06-27;10:00;23;28.96;50.54;38.88;Bueno;109.08;Regular;11;23.61;44.38;88.75;Bueno;164.05;Regular;Bueno;Regular
2026-06-27;11:00;16;29.17;50.54;38.88;Bueno;109.08;Regular;12;23.65;44.38;88.75;Bueno;164.05;Regular;Bueno;Regular
2026-06-27;12:00;24;29.43;50.54;38.88;Bueno;109.08;Regular;23;23.87;44.38;88.75;Bueno;164.05;Regular;Bueno;Regular
2026-06-27;13:00;21;29.48;50.54;38.88;Bueno;109.08;Regular;15;23.70;44.38;88.75;Bueno;164.05;Regular;Bueno;Regular
2026-06-27;14:00;16;29.35;50.54;38.88;Bueno;109.08;Regular;11;23.52;44.38;88.75;Bueno;164.05;Regular;Bueno;Regular
2026-06-27;15:00;22;29.39;50.54;38.88;Bueno;109.08;Regular;21;23.87;44.38;88.75;Bueno;164.05;Regular;Bueno;Regular
2026-06-27;16:00;24;28.74;50.54;38.88;Bueno;109.08;Regular;19;23.48;44.38;88.75;Bueno;164.05;Regular;Bueno;Regular
2026-06-27;17:00;40;28.70;50.54;38.88;Bueno;109.08;Regular;31;23.70;44.38;88.75;Bueno;164.05;Regular;Bueno;Regular
2026-06-27;18:00;76;30.67;50.54;38.88;Bueno;109.08;Regular;64;25.38;44.38;88.75;Bueno;164.05;Regular;Bueno;Regular
2026-06-27;19:00;161;35.88;50.54;38.88;Bueno;109.08;Regular;145;30.50;44.38;88.75;Bueno;164.05;Regular;Bueno;Regular
2026-06-27;20:00;181;41.21;50.54;38.88;Bueno;109.08;Regular;167;35.29;44.38;88.75;Bueno;164.05;Regular;Bueno;Regular
2026-06-27;21:00;235;45.38;50.54;38.88;Bueno;109.08;Regular;217;39.29;44.38;88.75;Bueno;164.05;Regular;Bueno;Regular
2026-06-27;22:00;189;48.50;50.54;38.88;Bueno;109.08;Regular;175;42.50;44.38;88.75;Bueno;164.05;Regular;Bueno;Regular
2026-06-27;23:00;79;50.54;50.54;38.88;Bueno;109.08;Regular;73;44.38;44.38;88.75;Bueno;164.05;Regular;Bueno;Regular
2026-06-28;00:00;153;55.71;75.00;57.69;Bueno;149.40;Regular;147;49.33;68.58;161.94;Regular;217.75;Alerta;Regular;Alerta
2026-06-28;01:00;122;59.88;75.00;57.69;Bueno;149.40;Regular;118;53.58;68.58;161.94;Regular;217.75;Alerta;Regular;Alerta
2026-06-28;02:00;129;64.88;75.00;57.69;Bueno;149.40;Regular;124;58.50;68.58;161.94;Regular;217.75;Alerta;Regular;Alerta
2026-06-28;03:00;102;68.88;75.00;57.69;Bueno;149.40;Regular;92;62.04;68.58;161.94;Regular;217.75;Alerta;Regular;Alerta
2026-06-28;04:00;45;70.50;75.00;57.69;Bueno;149.40;Regular;43;63.71;68.58;161.94;Regular;217.75;Alerta;Regular;Alerta
2026-06-28;05:00;35;71.79;75.00;57.69;Bueno;149.40;Regular;30;64.92;68.58;161.94;Regular;217.75;Alerta;Regular;Alerta
2026-06-28;06:00;38;73.17;75.00;57.69;Bueno;149.40;Regular;34;66.17;68.58;161.94;Regular;217.75;Alerta;Regular;Alerta
2026-06-28;07:00;46;74.92;75.00;57.69;Bueno;149.40;Regular;45;67.88;68.58;161.94;Regular;217.75;Alerta;Regular;Alerta
2026-06-28;08:00;47;76.46;75.00;57.69;Bueno;149.40;Regular;42;69.33;68.58;161.94;Regular;217.75;Alerta;Regular;Alerta
2026-06-28;09:00;23;76.96;75.00;57.69;Bueno;149.40;Regular;21;70.00;68.58;161.94;Regular;217.75;Alerta;Regular;Alerta
2026-06-28;10:00;20;76.83;75.00;57.69;Bueno;149.40;Regular;15;70.17;68.58;161.94;Regular;217.75;Alerta;Regular;Alerta
2026-06-28;11:00;20;77.00;75.00;57.69;Bueno;149.40;Regular;19;70.46;68.58;161.94;Regular;217.75;Alerta;Regular;Alerta
2026-06-28;12:00;24;77.00;75.00;57.69;Bueno;149.40;Regular;20;70.33;68.58;161.94;Regular;217.75;Alerta;Regular;Alerta
2026-06-28;13:00;21;77.00;75.00;57.69;Bueno;149.40;Regular;18;70.46;68.58;161.94;Regular;217.75;Alerta;Regular;Alerta
2026-06-28;14:00;25;77.38;75.00;57.69;Bueno;149.40;Regular;19;70.79;68.58;161.94;Regular;217.75;Alerta;Regular;Alerta
2026-06-28;15:00;34;77.88;75.00;57.69;Bueno;149.40;Regular;33;71.29;68.58;161.94;Regular;217.75;Alerta;Regular;Alerta
2026-06-28;16:00;37;78.42;75.00;57.69;Bueno;149.40;Regular;37;72.04;68.58;161.94;Regular;217.75;Alerta;Regular;Alerta
2026-06-28;17:00;86;80.33;75.00;57.69;Bueno;149.40;Regular;71;73.71;68.58;161.94;Regular;217.75;Alerta;Regular;Alerta
2026-06-28;18:00;125;82.38;75.00;57.69;Bueno;149.40;Regular;110;75.62;68.58;161.94;Regular;217.75;Alerta;Regular;Alerta
2026-06-28;19:00;91;79.46;75.00;57.69;Bueno;149.40;Regular;81;72.96;68.58;161.94;Regular;217.75;Alerta;Regular;Alerta
2026-06-28;20:00;127;77.21;75.00;57.69;Bueno;149.40;Regular;111;70.62;68.58;161.94;Regular;217.75;Alerta;Regular;Alerta
2026-06-28;21:00;166;74.33;75.00;57.69;Bueno;149.40;Regular;149;67.79;68.58;161.94;Regular;217.75;Alerta;Regular;Alerta
2026-06-28;22:00;184;74.12;75.00;57.69;Bueno;149.40;Regular;167;67.46;68.58;161.94;Regular;217.75;Alerta;Regular;Alerta
2026-06-28;23:00;100;75.00;75.00;57.69;Bueno;149.40;Regular;100;68.58;68.58;161.94;Regular;217.75;Alerta;Regular;Alerta
2026-06-29;00:00;99;72.75;68.46;52.66;Bueno;138.58;Regular;97;66.50;64.00;146.67;Regular;207.52;Alerta;Regular;Alerta
2026-06-29;01:00;88;71.33;68.46;52.66;Bueno;138.58;Regular;87;65.21;64.00;146.67;Regular;207.52;Alerta;Regular;Alerta
2026-06-29;02:00;56;68.29;68.46;52.66;Bueno;138.58;Regular;55;62.33;64.00;146.67;Regular;207.52;Alerta;Regular;Alerta
2026-06-29;03:00;45;65.92;68.46;52.66;Bueno;138.58;Regular;44;60.33;64.00;146.67;Regular;207.52;Alerta;Regular;Alerta
2026-06-29;04:00;45;65.92;68.46;52.66;Bueno;138.58;Regular;44;60.38;64.00;146.67;Regular;207.52;Alerta;Regular;Alerta
2026-06-29;05:00;48;66.46;68.46;52.66;Bueno;138.58;Regular;47;61.08;64.00;146.67;Regular;207.52;Alerta;Regular;Alerta
2026-06-29;06:00;46;66.79;68.46;52.66;Bueno;138.58;Regular;45;61.54;64.00;146.67;Regular;207.52;Alerta;Regular;Alerta
2026-06-29;07:00;49;66.92;68.46;52.66;Bueno;138.58;Regular;48;61.67;64.00;146.67;Regular;207.52;Alerta;Regular;Alerta
2026-06-29;08:00;43;66.75;68.46;52.66;Bueno;138.58;Regular;42;61.67;64.00;146.67;Regular;207.52;Alerta;Regular;Alerta
2026-06-29;09:00;44;67.62;68.46;52.66;Bueno;138.58;Regular;43;62.58;64.00;146.67;Regular;207.52;Alerta;Regular;Alerta
2026-06-29;10:00;85;70.33;68.46;52.66;Bueno;138.58;Regular;84;65.46;64.00;146.67;Regular;207.52;Alerta;Regular;Alerta
2026-06-29;11:00;57;71.88;68.46;52.66;Bueno;138.58;Regular;51;66.79;64.00;146.67;Regular;207.52;Alerta;Regular;Alerta
2026-06-29;12:00;37;72.42;68.46;52.66;Bueno;138.58;Regular;34;67.38;64.00;146.67;Regular;207.52;Alerta;Regular;Alerta
2026-06-29;13:00;27;72.67;68.46;52.66;Bueno;138.58;Regular;26;67.71;64.00;146.67;Regular;207.52;Alerta;Regular;Alerta
2026-06-29;14:00;24;72.62;68.46;52.66;Bueno;138.58;Regular;19;67.71;64.00;146.67;Regular;207.52;Alerta;Regular;Alerta
2026-06-29;15:00;20;72.04;68.46;52.66;Bueno;138.58;Regular;15;66.96;64.00;146.67;Regular;207.52;Alerta;Regular;Alerta
2026-06-29;16:00;26;71.58;68.46;52.66;Bueno;138.58;Regular;17;66.12;64.00;146.67;Regular;207.52;Alerta;Regular;Alerta
2026-06-29;17:00;54;70.25;68.46;52.66;Bueno;138.58;Regular;46;65.08;64.00;146.67;Regular;207.52;Alerta;Regular;Alerta
2026-06-29;18:00;108;69.54;68.46;52.66;Bueno;138.58;Regular;90;64.25;64.00;146.67;Regular;207.52;Alerta;Regular;Alerta
2026-06-29;19:00;55;68.04;68.46;52.66;Bueno;138.58;Regular;47;62.83;64.00;146.67;Regular;207.52;Alerta;Regular;Alerta
2026-06-29;20:00;85;66.29;68.46;52.66;Bueno;138.58;Regular;81;61.58;64.00;146.67;Regular;207.52;Alerta;Regular;Alerta
2026-06-29;21:00;176;66.71;68.46;52.66;Bueno;138.58;Regular;165;62.25;64.00;146.67;Regular;207.52;Alerta;Regular;Alerta
2026-06-29;22:00;179;66.50;68.46;52.66;Bueno;138.58;Regular;167;62.25;64.00;146.67;Regular;207.52;Alerta;Regular;Alerta
2026-06-29;23:00;147;68.46;68.46;52.66;Bueno;138.58;Regular;142;64.00;64.00;146.67;Regular;207.52;Alerta;Regular;Alerta
2026-06-30;00:00;63;66.96;29.38;22.60;Bueno;65.28;Bueno;60;62.46;25.25;50.50;Bueno;122.21;Regular;Bueno;Regular
2026-06-30;01:00;42;65.04;29.38;22.60;Bueno;65.28;Bueno;41;60.54;25.25;50.50;Bueno;122.21;Regular;Bueno;Regular
2026-06-30;02:00;39;64.33;29.38;22.60;Bueno;65.28;Bueno;38;59.83;25.25;50.50;Bueno;122.21;Regular;Bueno;Regular
2026-06-30;03:00;30;63.71;29.38;22.60;Bueno;65.28;Bueno;29;59.21;25.25;50.50;Bueno;122.21;Regular;Bueno;Regular
2026-06-30;04:00;18;62.58;29.38;22.60;Bueno;65.28;Bueno;16;58.04;25.25;50.50;Bueno;122.21;Regular;Bueno;Regular
2026-06-30;05:00;19;61.38;29.38;22.60;Bueno;65.28;Bueno;18;56.83;25.25;50.50;Bueno;122.21;Regular;Bueno;Regular
2026-06-30;06:00;13;60.00;29.38;22.60;Bueno;65.28;Bueno;12;55.46;25.25;50.50;Bueno;122.21;Regular;Bueno;Regular
2026-06-30;07:00;21;58.83;29.38;22.60;Bueno;65.28;Bueno;10;53.88;25.25;50.50;Bueno;122.21;Regular;Bueno;Regular
2026-06-30;08:00;19;57.83;29.38;22.60;Bueno;65.28;Bueno;14;52.71;25.25;50.50;Bueno;122.21;Regular;Bueno;Regular
2026-06-30;09:00;13;56.54;29.38;22.60;Bueno;65.28;Bueno;10;51.33;25.25;50.50;Bueno;122.21;Regular;Bueno;Regular
2026-06-30;10:00;20;53.83;29.38;22.60;Bueno;65.28;Bueno;10;48.25;25.25;50.50;Bueno;122.21;Regular;Bueno;Regular
2026-06-30;11:00;11;51.92;29.38;22.60;Bueno;65.28;Bueno;10;46.54;25.25;50.50;Bueno;122.21;Regular;Bueno;Regular
2026-06-30;12:00;18;51.12;29.38;22.60;Bueno;65.28;Bueno;17;45.83;25.25;50.50;Bueno;122.21;Regular;Bueno;Regular
2026-06-30;13:00;24;51.00;29.38;22.60;Bueno;65.28;Bueno;18;45.50;25.25;50.50;Bueno;122.21;Regular;Bueno;Regular
2026-06-30;14:00;36;51.50;29.38;22.60;Bueno;65.28;Bueno;26;45.79;25.25;50.50;Bueno;122.21;Regular;Bueno;Regular
2026-06-30;15:00;34;52.08;29.38;22.60;Bueno;65.28;Bueno;22;46.08;25.25;50.50;Bueno;122.21;Regular;Bueno;Regular
2026-06-30;16:00;21;51.88;29.38;22.60;Bueno;65.28;Bueno;20;46.21;25.25;50.50;Bueno;122.21;Regular;Bueno;Regular
2026-06-30;17:00;26;50.71;29.38;22.60;Bueno;65.28;Bueno;26;45.38;25.25;50.50;Bueno;122.21;Regular;Bueno;Regular
2026-06-30;18:00;56;48.54;29.38;22.60;Bueno;65.28;Bueno;52;43.79;25.25;50.50;Bueno;122.21;Regular;Bueno;Regular
2026-06-30;19:00;77;49.46;29.38;22.60;Bueno;65.28;Bueno;61;44.38;25.25;50.50;Bueno;122.21;Regular;Bueno;Regular
2026-06-30;20:00;30;47.17;29.38;22.60;Bueno;65.28;Bueno;26;42.08;25.25;50.50;Bueno;122.21;Regular;Bueno;Regular
2026-06-30;21:00;23;40.79;29.38;22.60;Bueno;65.28;Bueno;22;36.12;25.25;50.50;Bueno;122.21;Regular;Bueno;Regular
2026-06-30;22:00;28;34.50;29.38;22.60;Bueno;65.28;Bueno;26;30.25;25.25;50.50;Bueno;122.21;Regular;Bueno;Regular
2026-06-30;23:00;24;29.38;29.38;22.60;Bueno;65.28;Bueno;22;25.25;25.25;50.50;Bueno;122.21;Regular;Bueno;Regular
2026-07-01;00:00;11;27.21;64.54;49.65;Bueno;132.11;Regular;10;23.17;49.00;98.00;Bueno;174.24;Regular;Bueno;Regular
2026-07-01;01:00;24;26.46;64.54;49.65;Bueno;132.11;Regular;18;22.21;49.00;98.00;Bueno;174.24;Regular;Bueno;Regular
2026-07-01;02:00;14;25.42;64.54;49.65;Bueno;132.11;Regular;13;21.17;49.00;98.00;Bueno;174.24;Regular;Bueno;Regular
2026-07-01;03:00;7;24.46;64.54;49.65;Bueno;132.11;Regular;6;20.21;49.00;98.00;Bueno;174.24;Regular;Bueno;Regular
2026-07-01;04:00;5;23.92;64.54;49.65;Bueno;132.11;Regular;1;19.58;49.00;98.00;Bueno;174.24;Regular;Bueno;Regular
2026-07-01;05:00;9;23.50;64.54;49.65;Bueno;132.11;Regular;1;18.88;49.00;98.00;Bueno;174.24;Regular;Bueno;Regular
2026-07-01;06:00;7;23.25;64.54;49.65;Bueno;132.11;Regular;1;18.42;49.00;98.00;Bueno;174.24;Regular;Bueno;Regular
2026-07-01;07:00;17;23.08;64.54;49.65;Bueno;132.11;Regular;3;18.12;49.00;98.00;Bueno;174.24;Regular;Bueno;Regular
2026-07-01;08:00;20;23.12;64.54;49.65;Bueno;132.11;Regular;7;17.83;49.00;98.00;Bueno;174.24;Regular;Bueno;Regular
2026-07-01;09:00;23;23.54;64.54;49.65;Bueno;132.11;Regular;10;17.83;49.00;98.00;Bueno;174.24;Regular;Bueno;Regular
2026-07-01;10:00;22;23.62;64.54;49.65;Bueno;132.11;Regular;11;17.88;49.00;98.00;Bueno;174.24;Regular;Bueno;Regular
2026-07-01;11:00;21;24.04;64.54;49.65;Bueno;132.11;Regular;11;17.92;49.00;98.00;Bueno;174.24;Regular;Bueno;Regular
2026-07-01;12:00;23;24.25;64.54;49.65;Bueno;132.11;Regular;14;17.79;49.00;98.00;Bueno;174.24;Regular;Bueno;Regular
2026-07-01;13:00;31;24.54;64.54;49.65;Bueno;132.11;Regular;10;17.46;49.00;98.00;Bueno;174.24;Regular;Bueno;Regular
2026-07-01;14:00;33;24.42;64.54;49.65;Bueno;132.11;Regular;9;16.75;49.00;98.00;Bueno;174.24;Regular;Bueno;Regular
2026-07-01;15:00;37;24.54;64.54;49.65;Bueno;132.11;Regular;13;16.38;49.00;98.00;Bueno;174.24;Regular;Bueno;Regular
2026-07-01;16:00;35;25.12;64.54;49.65;Bueno;132.11;Regular;11;16.00;49.00;98.00;Bueno;174.24;Regular;Bueno;Regular
2026-07-01;17:00;48;26.04;64.54;49.65;Bueno;132.11;Regular;27;16.04;49.00;98.00;Bueno;174.24;Regular;Bueno;Regular
2026-07-01;18:00;292;35.88;64.54;49.65;Bueno;132.11;Regular;253;24.42;49.00;98.00;Bueno;174.24;Regular;Bueno;Regular
2026-07-01;19:00;95;36.62;64.54;49.65;Bueno;132.11;Regular;68;24.71;49.00;98.00;Bueno;174.24;Regular;Bueno;Regular
2026-07-01;20:00;77;38.58;64.54;49.65;Bueno;132.11;Regular;62;26.21;49.00;98.00;Bueno;174.24;Regular;Bueno;Regular
2026-07-01;21:00;205;46.17;64.54;49.65;Bueno;132.11;Regular;170;32.38;49.00;98.00;Bueno;174.24;Regular;Bueno;Regular
2026-07-01;22:00;269;56.21;64.54;49.65;Bueno;132.11;Regular;245;41.50;49.00;98.00;Bueno;174.24;Regular;Bueno;Regular
2026-07-01;23:00;224;64.54;64.54;49.65;Bueno;132.11;Regular;202;49.00;49.00;98.00;Bueno;174.24;Regular;Bueno;Regular
2026-07-02;00:00;181;71.62;108.88;83.75;Bueno;205.92;Alerta;180;56.08;89.33;231.11;Alerta;264.46;Alerta;Alerta;Alerta
2026-07-02;01:00;253;81.17;108.88;83.75;Bueno;205.92;Alerta;232;65.00;89.33;231.11;Alerta;264.46;Alerta;Alerta;Alerta
2026-07-02;02:00;103;84.88;108.88;83.75;Bueno;205.92;Alerta;91;68.25;89.33;231.11;Alerta;264.46;Alerta;Alerta;Alerta
2026-07-02;03:00;120;89.58;108.88;83.75;Bueno;205.92;Alerta;116;72.83;89.33;231.11;Alerta;264.46;Alerta;Alerta;Alerta
2026-07-02;04:00;68;92.21;108.88;83.75;Bueno;205.92;Alerta;57;75.17;89.33;231.11;Alerta;264.46;Alerta;Alerta;Alerta
2026-07-02;05:00;49;93.88;108.88;83.75;Bueno;205.92;Alerta;48;77.12;89.33;231.11;Alerta;264.46;Alerta;Alerta;Alerta
2026-07-02;06:00;49;95.62;108.88;83.75;Bueno;205.92;Alerta;46;79.00;89.33;231.11;Alerta;264.46;Alerta;Alerta;Alerta
2026-07-02;07:00;75;98.04;108.88;83.75;Bueno;205.92;Alerta;45;80.75;89.33;231.11;Alerta;264.46;Alerta;Alerta;Alerta
2026-07-02;08:00;60;99.71;108.88;83.75;Bueno;205.92;Alerta;39;82.08;89.33;231.11;Alerta;264.46;Alerta;Alerta;Alerta
2026-07-02;09:00;74;101.83;108.88;83.75;Bueno;205.92;Alerta;49;83.71;89.33;231.11;Alerta;264.46;Alerta;Alerta;Alerta
2026-07-02;10:00;83;104.38;108.88;83.75;Bueno;205.92;Alerta;64;85.92;89.33;231.11;Alerta;264.46;Alerta;Alerta;Alerta
2026-07-02;11:00;101;107.71;108.88;83.75;Bueno;205.92;Alerta;74;88.54;89.33;231.11;Alerta;264.46;Alerta;Alerta;Alerta
2026-07-02;12:00;102;111.00;108.88;83.75;Bueno;205.92;Alerta;78;91.21;89.33;231.11;Alerta;264.46;Alerta;Alerta;Alerta
2026-07-02;13:00;53;111.92;108.88;83.75;Bueno;205.92;Alerta;27;91.92;89.33;231.11;Alerta;264.46;Alerta;Alerta;Alerta
2026-07-02;14:00;31;111.83;108.88;83.75;Bueno;205.92;Alerta;17;92.25;89.33;231.11;Alerta;264.46;Alerta;Alerta;Alerta
2026-07-02;15:00;30;111.54;108.88;83.75;Bueno;205.92;Alerta;18;92.46;89.33;231.11;Alerta;264.46;Alerta;Alerta;Alerta
2026-07-02;16:00;31;111.38;108.88;83.75;Bueno;205.92;Alerta;17;92.71;89.33;231.11;Alerta;264.46;Alerta;Alerta;Alerta
2026-07-02;17:00;60;111.88;108.88;83.75;Bueno;205.92;Alerta;44;93.42;89.33;231.11;Alerta;264.46;Alerta;Alerta;Alerta
2026-07-02;18:00;211;108.50;108.88;83.75;Bueno;205.92;Alerta;163;89.67;89.33;231.11;Alerta;264.46;Alerta;Alerta;Alerta
2026-07-02;19:00;282;116.29;108.88;83.75;Bueno;205.92;Alerta;230;96.42;89.33;231.11;Alerta;264.46;Alerta;Alerta;Alerta
2026-07-02;20:00;157;119.62;108.88;83.75;Bueno;205.92;Alerta;117;98.71;89.33;231.11;Alerta;264.46;Alerta;Alerta;Alerta
2026-07-02;21:00;192;119.08;108.88;83.75;Bueno;205.92;Alerta;167;98.58;89.33;231.11;Alerta;264.46;Alerta;Alerta;Alerta
2026-07-02;22:00;79;111.17;108.88;83.75;Bueno;205.92;Alerta;69;91.25;89.33;231.11;Alerta;264.46;Alerta;Alerta;Alerta
2026-07-02;23:00;169;108.88;108.88;83.75;Bueno;205.92;Alerta;156;89.33;89.33;231.11;Alerta;264.46;Alerta;Alerta;Alerta
2026-07-03;00:00;91;105.12;129.33;99.49;Bueno;240.43;Alerta;90;85.58;113.50;311.67;Preemergencia;319.66;Preemergencia;Preemergencia;Preemergencia
2026-07-03;01:00;105;98.96;129.33;99.49;Bueno;240.43;Alerta;104;80.25;113.50;311.67;Preemergencia;319.66;Preemergencia;Preemergencia;Preemergencia
2026-07-03;02:00;114;99.42;129.33;99.49;Bueno;240.43;Alerta;113;81.17;113.50;311.67;Preemergencia;319.66;Preemergencia;Preemergencia;Preemergencia
2026-07-03;03:00;47;96.38;129.33;99.49;Bueno;240.43;Alerta;46;78.25;113.50;311.67;Preemergencia;319.66;Preemergencia;Preemergencia;Preemergencia
2026-07-03;04:00;62;96.12;129.33;99.49;Bueno;240.43;Alerta;61;78.42;113.50;311.67;Preemergencia;319.66;Preemergencia;Preemergencia;Preemergencia
2026-07-03;05:00;47;96.04;129.33;99.49;Bueno;240.43;Alerta;46;78.33;113.50;311.67;Preemergencia;319.66;Preemergencia;Preemergencia;Preemergencia
2026-07-03;06:00;48;96.00;129.33;99.49;Bueno;240.43;Alerta;43;78.21;113.50;311.67;Preemergencia;319.66;Preemergencia;Preemergencia;Preemergencia
2026-07-03;07:00;84;96.38;129.33;99.49;Bueno;240.43;Alerta;58;78.75;113.50;311.67;Preemergencia;319.66;Preemergencia;Preemergencia;Preemergencia
2026-07-03;08:00;46;95.79;129.33;99.49;Bueno;240.43;Alerta;44;78.96;113.50;311.67;Preemergencia;319.66;Preemergencia;Preemergencia;Preemergencia
2026-07-03;09:00;95;96.67;129.33;99.49;Bueno;240.43;Alerta;74;80.00;113.50;311.67;Preemergencia;319.66;Preemergencia;Preemergencia;Preemergencia
2026-07-03;10:00;146;99.29;129.33;99.49;Bueno;240.43;Alerta;125;82.54;113.50;311.67;Preemergencia;319.66;Preemergencia;Preemergencia;Preemergencia
2026-07-03;11:00;56;97.42;129.33;99.49;Bueno;240.43;Alerta;55;81.75;113.50;311.67;Preemergencia;319.66;Preemergencia;Preemergencia;Preemergencia
2026-07-03;12:00;84;96.67;129.33;99.49;Bueno;240.43;Alerta;62;81.08;113.50;311.67;Preemergencia;319.66;Preemergencia;Preemergencia;Preemergencia
2026-07-03;13:00;65;97.17;129.33;99.49;Bueno;240.43;Alerta;47;81.92;113.50;311.67;Preemergencia;319.66;Preemergencia;Preemergencia;Preemergencia
2026-07-03;14:00;88;99.54;129.33;99.49;Bueno;240.43;Alerta;63;83.83;113.50;311.67;Preemergencia;319.66;Preemergencia;Preemergencia;Preemergencia
2026-07-03;15:00;71;101.25;129.33;99.49;Bueno;240.43;Alerta;56;85.42;113.50;311.67;Preemergencia;319.66;Preemergencia;Preemergencia;Preemergencia
2026-07-03;16:00;43;101.75;129.33;99.49;Bueno;240.43;Alerta;28;85.88;113.50;311.67;Preemergencia;319.66;Preemergencia;Preemergencia;Preemergencia
2026-07-03;17:00;134;104.83;129.33;99.49;Bueno;240.43;Alerta;125;89.25;113.50;311.67;Preemergencia;319.66;Preemergencia;Preemergencia;Preemergencia
2026-07-03;18:00;368;111.38;129.33;99.49;Bueno;240.43;Alerta;317;95.67;113.50;311.67;Preemergencia;319.66;Preemergencia;Preemergencia;Preemergencia
2026-07-03;19:00;515;121.08;129.33;99.49;Bueno;240.43;Alerta;454;105.00;113.50;311.67;Preemergencia;319.66;Preemergencia;Preemergencia;Preemergencia
2026-07-03;20:00;283;126.33;129.33;99.49;Bueno;240.43;Alerta;243;110.25;113.50;311.67;Preemergencia;319.66;Preemergencia;Preemergencia;Preemergencia
2026-07-03;21:00;136;124.00;129.33;99.49;Bueno;240.43;Alerta;120;108.29;113.50;311.67;Preemergencia;319.66;Preemergencia;Preemergencia;Preemergencia
2026-07-03;22:00;156;127.21;129.33;99.49;Bueno;240.43;Alerta;147;111.54;113.50;311.67;Preemergencia;319.66;Preemergencia;Preemergencia;Preemergencia
2026-07-03;23:00;220;129.33;129.33;99.49;Bueno;240.43;Alerta;203;113.50;113.50;311.67;Preemergencia;319.66;Preemergencia;Preemergencia;Preemergencia
2026-07-04;00:00;129;130.92;129.58;99.68;Bueno;240.86;Alerta;126;115.00;117.67;325.56;Preemergencia;329.27;Preemergencia;Preemergencia;Preemergencia
2026-07-04;01:00;228;136.04;129.58;99.68;Bueno;240.86;Alerta;228;120.17;117.67;325.56;Preemergencia;329.27;Preemergencia;Preemergencia;Preemergencia
2026-07-04;02:00;258;142.04;129.58;99.68;Bueno;240.86;Alerta;257;126.17;117.67;325.56;Preemergencia;329.27;Preemergencia;Preemergencia;Preemergencia
2026-07-04;03:00;121;145.12;129.58;99.68;Bueno;240.86;Alerta;120;129.25;117.67;325.56;Preemergencia;329.27;Preemergencia;Preemergencia;Preemergencia
2026-07-04;04:00;69;145.42;129.58;99.68;Bueno;240.86;Alerta;68;129.54;117.67;325.56;Preemergencia;329.27;Preemergencia;Preemergencia;Preemergencia
2026-07-04;05:00;51;145.58;129.58;99.68;Bueno;240.86;Alerta;50;129.71;117.67;325.56;Preemergencia;329.27;Preemergencia;Preemergencia;Preemergencia
2026-07-04;06:00;75;146.71;129.58;99.68;Bueno;240.86;Alerta;70;130.83;117.67;325.56;Preemergencia;329.27;Preemergencia;Preemergencia;Preemergencia
2026-07-04;07:00;71;146.17;129.58;99.68;Bueno;240.86;Alerta;70;131.33;117.67;325.56;Preemergencia;329.27;Preemergencia;Preemergencia;Preemergencia
2026-07-04;08:00;104;148.58;129.58;99.68;Bueno;240.86;Alerta;91;133.29;117.67;325.56;Preemergencia;329.27;Preemergencia;Preemergencia;Preemergencia
2026-07-04;09:00;61;147.17;129.58;99.68;Bueno;240.86;Alerta;54;132.46;117.67;325.56;Preemergencia;329.27;Preemergencia;Preemergencia;Preemergencia
2026-07-04;10:00;80;144.42;129.58;99.68;Bueno;240.86;Alerta;71;130.21;117.67;325.56;Preemergencia;329.27;Preemergencia;Preemergencia;Preemergencia
2026-07-04;11:00;58;144.50;129.58;99.68;Bueno;240.86;Alerta;50;130.00;117.67;325.56;Preemergencia;329.27;Preemergencia;Preemergencia;Preemergencia
2026-07-04;12:00;50;143.08;129.58;99.68;Bueno;240.86;Alerta;49;129.46;117.67;325.56;Preemergencia;329.27;Preemergencia;Preemergencia;Preemergencia
2026-07-04;13:00;59;142.83;129.58;99.68;Bueno;240.86;Alerta;50;129.58;117.67;325.56;Preemergencia;329.27;Preemergencia;Preemergencia;Preemergencia
2026-07-04;14:00;87;142.79;129.58;99.68;Bueno;240.86;Alerta;58;129.38;117.67;325.56;Preemergencia;329.27;Preemergencia;Preemergencia;Preemergencia
2026-07-04;15:00;60;142.33;129.58;99.68;Bueno;240.86;Alerta;45;128.92;117.67;325.56;Preemergencia;329.27;Preemergencia;Preemergencia;Preemergencia
2026-07-04;16:00;51;142.67;129.58;99.68;Bueno;240.86;Alerta;29;128.96;117.67;325.56;Preemergencia;329.27;Preemergencia;Preemergencia;Preemergencia
2026-07-04;17:00;68;139.92;129.58;99.68;Bueno;240.86;Alerta;53;125.96;117.67;325.56;Preemergencia;329.27;Preemergencia;Preemergencia;Preemergencia
2026-07-04;18:00;316;137.75;129.58;99.68;Bueno;240.86;Alerta;277;124.29;117.67;325.56;Preemergencia;329.27;Preemergencia;Preemergencia;Preemergencia
2026-07-04;19:00;285;128.17;129.58;99.68;Bueno;240.86;Alerta;232;115.04;117.67;325.56;Preemergencia;329.27;Preemergencia;Preemergencia;Preemergencia
2026-07-04;20:00;149;122.58;129.58;99.68;Bueno;240.86;Alerta;131;110.38;117.67;325.56;Preemergencia;329.27;Preemergencia;Preemergencia;Preemergencia
2026-07-04;21:00;202;125.33;129.58;99.68;Bueno;240.86;Alerta;190;113.29;117.67;325.56;Preemergencia;329.27;Preemergencia;Preemergencia;Preemergencia
2026-07-04;22:00;163;125.62;129.58;99.68;Bueno;240.86;Alerta;155;113.62;117.67;325.56;Preemergencia;329.27;Preemergencia;Preemergencia;Preemergencia
2026-07-04;23:00;315;129.58;129.58;99.68;Bueno;240.86;Alerta;300;117.67;117.67;325.56;Preemergencia;329.27;Preemergencia;Preemergencia;Preemergencia
2026-07-05;00:00;107;128.67;126.08;96.99;Bueno;234.93;Alerta;101;116.62;117.42;324.72;Preemergencia;328.69;Preemergencia;Preemergencia;Preemergencia
2026-07-05;01:00;98;123.25;126.08;96.99;Bueno;234.93;Alerta;92;110.96;117.42;324.72;Preemergencia;328.69;Preemergencia;Preemergencia;Preemergencia
2026-07-05;02:00;81;115.88;126.08;96.99;Bueno;234.93;Alerta;79;103.54;117.42;324.72;Preemergencia;328.69;Preemergencia;Preemergencia;Preemergencia
2026-07-05;03:00;79;114.12;126.08;96.99;Bueno;234.93;Alerta;76;101.71;117.42;324.72;Preemergencia;328.69;Preemergencia;Preemergencia;Preemergencia
2026-07-05;04:00;62;113.83;126.08;96.99;Bueno;234.93;Alerta;61;101.42;117.42;324.72;Preemergencia;328.69;Preemergencia;Preemergencia;Preemergencia
2026-07-05;05:00;98;115.79;126.08;96.99;Bueno;234.93;Alerta;98;103.42;117.42;324.72;Preemergencia;328.69;Preemergencia;Preemergencia;Preemergencia
2026-07-05;06:00;79;115.96;126.08;96.99;Bueno;234.93;Alerta;78;103.75;117.42;324.72;Preemergencia;328.69;Preemergencia;Preemergencia;Preemergencia
2026-07-05;07:00;91;116.79;126.08;96.99;Bueno;234.93;Alerta;87;104.46;117.42;324.72;Preemergencia;328.69;Preemergencia;Preemergencia;Preemergencia
2026-07-05;08:00;121;117.50;126.08;96.99;Bueno;234.93;Alerta;120;105.67;117.42;324.72;Preemergencia;328.69;Preemergencia;Preemergencia;Preemergencia
2026-07-05;09:00;91;118.75;126.08;96.99;Bueno;234.93;Alerta;87;107.04;117.42;324.72;Preemergencia;328.69;Preemergencia;Preemergencia;Preemergencia
2026-07-05;10:00;126;120.67;126.08;96.99;Bueno;234.93;Alerta;127;109.38;117.42;324.72;Preemergencia;328.69;Preemergencia;Preemergencia;Preemergencia
2026-07-05;11:00;125;123.46;126.08;96.99;Bueno;234.93;Alerta;122;112.38;117.42;324.72;Preemergencia;328.69;Preemergencia;Preemergencia;Preemergencia
2026-07-05;12:00;124;126.54;126.08;96.99;Bueno;234.93;Alerta;118;115.25;117.42;324.72;Preemergencia;328.69;Preemergencia;Preemergencia;Preemergencia
2026-07-05;13:00;72;127.08;126.08;96.99;Bueno;234.93;Alerta;67;115.96;117.42;324.72;Preemergencia;328.69;Preemergencia;Preemergencia;Preemergencia
2026-07-05;14:00;76;126.62;126.08;96.99;Bueno;234.93;Alerta;75;116.67;117.42;324.72;Preemergencia;328.69;Preemergencia;Preemergencia;Preemergencia
2026-07-05;15:00;57;126.50;126.08;96.99;Bueno;234.93;Alerta;51;116.92;117.42;324.72;Preemergencia;328.69;Preemergencia;Preemergencia;Preemergencia
2026-07-05;16:00;59;126.83;126.08;96.99;Bueno;234.93;Alerta;54;117.96;117.42;324.72;Preemergencia;328.69;Preemergencia;Preemergencia;Preemergencia
2026-07-05;17:00;137;129.71;126.08;96.99;Bueno;234.93;Alerta;121;120.79;117.42;324.72;Preemergencia;328.69;Preemergencia;Preemergencia;Preemergencia
2026-07-05;18:00;208;125.21;126.08;96.99;Bueno;234.93;Alerta;195;117.38;117.42;324.72;Preemergencia;328.69;Preemergencia;Preemergencia;Preemergencia
2026-07-05;19:00;321;126.71;126.08;96.99;Bueno;234.93;Alerta;263;118.67;117.42;324.72;Preemergencia;328.69;Preemergencia;Preemergencia;Preemergencia
2026-07-05;20:00;299;132.96;126.08;96.99;Bueno;234.93;Alerta;254;123.79;117.42;324.72;Preemergencia;328.69;Preemergencia;Preemergencia;Preemergencia
2026-07-05;21:00;186;132.29;126.08;96.99;Bueno;234.93;Alerta;171;123.00;117.42;324.72;Preemergencia;328.69;Preemergencia;Preemergencia;Preemergencia
2026-07-05;22:00;179;132.96;126.08;96.99;Bueno;234.93;Alerta;169;123.58;117.42;324.72;Preemergencia;328.69;Preemergencia;Preemergencia;Preemergencia
2026-07-05;23:00;150;126.08;126.08;96.99;Bueno;234.93;Alerta;152;117.42;117.42;324.72;Preemergencia;328.69;Preemergencia;Preemergencia;Preemergencia
2026-07-06;00:00;129;127.00;132.54;105.08;Regular;245.87;Alerta;128;118.54;118.71;329.03;Preemergencia;331.67;Preemergencia;Preemergencia;Preemergencia
2026-07-06;01:00;76;126.08;132.54;105.08;Regular;245.87;Alerta;78;117.96;118.71;329.03;Preemergencia;331.67;Preemergencia;Preemergencia;Preemergencia
2026-07-06;02:00;78;125.96;132.54;105.08;Regular;245.87;Alerta;77;117.88;118.71;329.03;Preemergencia;331.67;Preemergencia;Preemergencia;Preemergencia
2026-07-06;03:00;72;125.67;132.54;105.08;Regular;245.87;Alerta;72;117.71;118.71;329.03;Preemergencia;331.67;Preemergencia;Preemergencia;Preemergencia
2026-07-06;04:00;60;125.58;132.54;105.08;Regular;245.87;Alerta;59;117.62;118.71;329.03;Preemergencia;331.67;Preemergencia;Preemergencia;Preemergencia
2026-07-06;05:00;58;123.92;132.54;105.08;Regular;245.87;Alerta;57;115.92;118.71;329.03;Preemergencia;331.67;Preemergencia;Preemergencia;Preemergencia
2026-07-06;06:00;85;124.17;132.54;105.08;Regular;245.87;Alerta;69;115.54;118.71;329.03;Preemergencia;331.67;Preemergencia;Preemergencia;Preemergencia
2026-07-06;07:00;39;122.00;132.54;105.08;Regular;245.87;Alerta;39;113.54;118.71;329.03;Preemergencia;331.67;Preemergencia;Preemergencia;Preemergencia
2026-07-06;08:00;100;121.12;132.54;105.08;Regular;245.87;Alerta;84;112.04;118.71;329.03;Preemergencia;331.67;Preemergencia;Preemergencia;Preemergencia
2026-07-06;09:00;130;122.75;132.54;105.08;Regular;245.87;Alerta;118;113.33;118.71;329.03;Preemergencia;331.67;Preemergencia;Preemergencia;Preemergencia
2026-07-06;10:00;83;120.96;132.54;105.08;Regular;245.87;Alerta;73;111.08;118.71;329.03;Preemergencia;331.67;Preemergencia;Preemergencia;Preemergencia
2026-07-06;11:00;123;120.88;132.54;105.08;Regular;245.87;Alerta;103;110.29;118.71;329.03;Preemergencia;331.67;Preemergencia;Preemergencia;Preemergencia
2026-07-06;12:00;115;120.50;132.54;105.08;Regular;245.87;Alerta;103;109.67;118.71;329.03;Preemergencia;331.67;Preemergencia;Preemergencia;Preemergencia
2026-07-06;13:00;73;120.54;132.54;105.08;Regular;245.87;Alerta;69;109.75;118.71;329.03;Preemergencia;331.67;Preemergencia;Preemergencia;Preemergencia
2026-07-06;14:00;145;123.42;132.54;105.08;Regular;245.87;Alerta;122;111.71;118.71;329.03;Preemergencia;331.67;Preemergencia;Preemergencia;Preemergencia
2026-07-06;15:00;154;127.46;132.54;105.08;Regular;245.87;Alerta;131;115.04;118.71;329.03;Preemergencia;331.67;Preemergencia;Preemergencia;Preemergencia
2026-07-06;16:00;142;130.92;132.54;105.08;Regular;245.87;Alerta;120;117.79;118.71;329.03;Preemergencia;331.67;Preemergencia;Preemergencia;Preemergencia
2026-07-06;17:00;142;131.12;132.54;105.08;Regular;245.87;Alerta;124;117.92;118.71;329.03;Preemergencia;331.67;Preemergencia;Preemergencia;Preemergencia
2026-07-06;18:00;195;130.58;132.54;105.08;Regular;245.87;Alerta;167;116.75;118.71;329.03;Preemergencia;331.67;Preemergencia;Preemergencia;Preemergencia
2026-07-06;19:00;239;127.17;132.54;105.08;Regular;245.87;Alerta;195;113.92;118.71;329.03;Preemergencia;331.67;Preemergencia;Preemergencia;Preemergencia
2026-07-06;20:00;221;123.92;132.54;105.08;Regular;245.87;Alerta;197;111.54;118.71;329.03;Preemergencia;331.67;Preemergencia;Preemergencia;Preemergencia
2026-07-06;21:00;313;129.21;132.54;105.08;Regular;245.87;Alerta;284;116.25;118.71;329.03;Preemergencia;331.67;Preemergencia;Preemergencia;Preemergencia
2026-07-06;22:00;211;130.54;132.54;105.08;Regular;245.87;Alerta;193;117.25;118.71;329.03;Preemergencia;331.67;Preemergencia;Preemergencia;Preemergencia
2026-07-06;23:00;198;132.54;132.54;105.08;Regular;245.87;Alerta;187;118.71;118.71;329.03;Preemergencia;331.67;Preemergencia;Preemergencia;Preemergencia
2026-07-07;00:00;58;129.58;26.58;20.45;Bueno;59.07;Bueno;52;115.54;22.46;44.92;Bueno;116.15;Regular;Bueno;Regular
2026-07-07;01:00;26;127.50;26.58;20.45;Bueno;59.07;Bueno;26;113.38;22.46;44.92;Bueno;116.15;Regular;Bueno;Regular
2026-07-07;02:00;29;125.46;26.58;20.45;Bueno;59.07;Bueno;26;111.25;22.46;44.92;Bueno;116.15;Regular;Bueno;Regular
2026-07-07;03:00;26;123.54;26.58;20.45;Bueno;59.07;Bueno;21;109.12;22.46;44.92;Bueno;116.15;Regular;Bueno;Regular
2026-07-07;04:00;18;121.79;26.58;20.45;Bueno;59.07;Bueno;14;107.25;22.46;44.92;Bueno;116.15;Regular;Bueno;Regular
2026-07-07;05:00;10;119.79;26.58;20.45;Bueno;59.07;Bueno;10;105.29;22.46;44.92;Bueno;116.15;Regular;Bueno;Regular
2026-07-07;06:00;11;116.71;26.58;20.45;Bueno;59.07;Bueno;9;102.79;22.46;44.92;Bueno;116.15;Regular;Bueno;Regular
2026-07-07;07:00;8;115.42;26.58;20.45;Bueno;59.07;Bueno;6;101.42;22.46;44.92;Bueno;116.15;Regular;Bueno;Regular
2026-07-07;08:00;9;111.62;26.58;20.45;Bueno;59.07;Bueno;8;98.25;22.46;44.92;Bueno;116.15;Regular;Bueno;Regular
2026-07-07;09:00;13;106.75;26.58;20.45;Bueno;59.07;Bueno;12;93.83;22.46;44.92;Bueno;116.15;Regular;Bueno;Regular
2026-07-07;10:00;11;103.75;26.58;20.45;Bueno;59.07;Bueno;9;91.17;22.46;44.92;Bueno;116.15;Regular;Bueno;Regular
2026-07-07;11:00;10;99.04;26.58;20.45;Bueno;59.07;Bueno;5;87.08;22.46;44.92;Bueno;116.15;Regular;Bueno;Regular
2026-07-07;12:00;11;94.71;26.58;20.45;Bueno;59.07;Bueno;3;82.92;22.46;44.92;Bueno;116.15;Regular;Bueno;Regular
2026-07-07;13:00;7;91.96;26.58;20.45;Bueno;59.07;Bueno;3;80.17;22.46;44.92;Bueno;116.15;Regular;Bueno;Regular
2026-07-07;14:00;29;87.12;26.58;20.45;Bueno;59.07;Bueno;28;76.25;22.46;44.92;Bueno;116.15;Regular;Bueno;Regular
2026-07-07;15:00;53;82.92;26.58;20.45;Bueno;59.07;Bueno;52;72.96;22.46;44.92;Bueno;116.15;Regular;Bueno;Regular
2026-07-07;16:00;82;80.42;26.58;20.45;Bueno;59.07;Bueno;75;71.08;22.46;44.92;Bueno;116.15;Regular;Bueno;Regular
2026-07-07;17:00;76;77.67;26.58;20.45;Bueno;59.07;Bueno;59;68.38;22.46;44.92;Bueno;116.15;Regular;Bueno;Regular
2026-07-07;18:00;56;71.88;26.58;20.45;Bueno;59.07;Bueno;48;63.42;22.46;44.92;Bueno;116.15;Regular;Bueno;Regular
2026-07-07;19:00;38;63.50;26.58;20.45;Bueno;59.07;Bueno;32;56.62;22.46;44.92;Bueno;116.15;Regular;Bueno;Regular
2026-07-07;20:00;16;54.96;26.58;20.45;Bueno;59.07;Bueno;12;48.92;22.46;44.92;Bueno;116.15;Regular;Bueno;Regular
2026-07-07;21:00;14;42.50;26.58;20.45;Bueno;59.07;Bueno;10;37.50;22.46;44.92;Bueno;116.15;Regular;Bueno;Regular
2026-07-07;22:00;13;34.25;26.58;20.45;Bueno;59.07;Bueno;10;29.88;22.46;44.92;Bueno;116.15;Regular;Bueno;Regular
2026-07-07;23:00;14;26.58;26.58;20.45;Bueno;59.07;Bueno;9;22.46;22.46;44.92;Bueno;116.15;Regular;Bueno;Regular
2026-07-08;00:00;14;24.75;20.58;15.83;Bueno;45.74;Bueno;13;20.83;17.38;34.75;Bueno;105.13;Regular;Bueno;Regular
2026-07-08;01:00;9;24.04;20.58;15.83;Bueno;45.74;Bueno;9;20.12;17.38;34.75;Bueno;105.13;Regular;Bueno;Regular
2026-07-08;02:00;8;23.17;20.58;15.83;Bueno;45.74;Bueno;7;19.33;17.38;34.75;Bueno;105.13;Regular;Bueno;Regular
2026-07-08;03:00;7;22.38;20.58;15.83;Bueno;45.74;Bueno;5;18.67;17.38;34.75;Bueno;105.13;Regular;Bueno;Regular
2026-07-08;04:00;12;22.12;20.58;15.83;Bueno;45.74;Bueno;11;18.54;17.38;34.75;Bueno;105.13;Regular;Bueno;Regular
2026-07-08;05:00;8;22.04;20.58;15.83;Bueno;45.74;Bueno;7;18.42;17.38;34.75;Bueno;105.13;Regular;Bueno;Regular
2026-07-08;06:00;6;21.83;20.58;15.83;Bueno;45.74;Bueno;7;18.33;17.38;34.75;Bueno;105.13;Regular;Bueno;Regular
2026-07-08;07:00;11;21.96;20.58;15.83;Bueno;45.74;Bueno;10;18.50;17.38;34.75;Bueno;105.13;Regular;Bueno;Regular
2026-07-08;08:00;18;22.33;20.58;15.83;Bueno;45.74;Bueno;17;18.88;17.38;34.75;Bueno;105.13;Regular;Bueno;Regular
2026-07-08;09:00;10;22.21;20.58;15.83;Bueno;45.74;Bueno;6;18.62;17.38;34.75;Bueno;105.13;Regular;Bueno;Regular
2026-07-08;10:00;10;22.17;20.58;15.83;Bueno;45.74;Bueno;8;18.58;17.38;34.75;Bueno;105.13;Regular;Bueno;Regular
2026-07-08;11:00;16;22.42;20.58;15.83;Bueno;45.74;Bueno;14;18.96;17.38;34.75;Bueno;105.13;Regular;Bueno;Regular
2026-07-08;12:00;10;22.38;20.58;15.83;Bueno;45.74;Bueno;9;19.21;17.38;34.75;Bueno;105.13;Regular;Bueno;Regular
2026-07-08;13:00;14;22.67;20.58;15.83;Bueno;45.74;Bueno;9;19.46;17.38;34.75;Bueno;105.13;Regular;Bueno;Regular
2026-07-08;14:00;9;21.83;20.58;15.83;Bueno;45.74;Bueno;7;18.58;17.38;34.75;Bueno;105.13;Regular;Bueno;Regular
2026-07-08;15:00;15;20.25;20.58;15.83;Bueno;45.74;Bueno;9;16.79;17.38;34.75;Bueno;105.13;Regular;Bueno;Regular
2026-07-08;16:00;20;17.67;20.58;15.83;Bueno;45.74;Bueno;16;14.33;17.38;34.75;Bueno;105.13;Regular;Bueno;Regular
2026-07-08;17:00;34;15.92;20.58;15.83;Bueno;45.74;Bueno;28;13.04;17.38;34.75;Bueno;105.13;Regular;Bueno;Regular
2026-07-08;18:00;29;14.79;20.58;15.83;Bueno;45.74;Bueno;29;12.25;17.38;34.75;Bueno;105.13;Regular;Bueno;Regular
2026-07-08;19:00;35;14.67;20.58;15.83;Bueno;45.74;Bueno;28;12.08;17.38;34.75;Bueno;105.13;Regular;Bueno;Regular
2026-07-08;20:00;37;15.54;20.58;15.83;Bueno;45.74;Bueno;33;12.96;17.38;34.75;Bueno;105.13;Regular;Bueno;Regular
2026-07-08;21:00;36;16.46;20.58;15.83;Bueno;45.74;Bueno;36;14.04;17.38;34.75;Bueno;105.13;Regular;Bueno;Regular
2026-07-08;22:00;45;17.79;20.58;15.83;Bueno;45.74;Bueno;34;15.04;17.38;34.75;Bueno;105.13;Regular;Bueno;Regular
2026-07-08;23:00;81;20.58;20.58;15.83;Bueno;45.74;Bueno;65;17.38;17.38;34.75;Bueno;105.13;Regular;Bueno;Regular
2026-07-09;00:00;90;23.75;65.62;50.48;Bueno;133.90;Regular;84;20.33;55.04;116.81;Regular;187.61;Regular;Regular;Regular
2026-07-09;01:00;45;25.25;65.62;50.48;Bueno;133.90;Regular;37;21.50;55.04;116.81;Regular;187.61;Regular;Regular;Regular
2026-07-09;02:00;40;26.58;65.62;50.48;Bueno;133.90;Regular;33;22.58;55.04;116.81;Regular;187.61;Regular;Regular;Regular
2026-07-09;03:00;42;28.04;65.62;50.48;Bueno;133.90;Regular;35;23.83;55.04;116.81;Regular;187.61;Regular;Regular;Regular
2026-07-09;04:00;35;29.00;65.62;50.48;Bueno;133.90;Regular;35;24.83;55.04;116.81;Regular;187.61;Regular;Regular;Regular
2026-07-09;05:00;22;29.58;65.62;50.48;Bueno;133.90;Regular;21;25.42;55.04;116.81;Regular;187.61;Regular;Regular;Regular
2026-07-09;06:00;21;30.21;65.62;50.48;Bueno;133.90;Regular;19;25.92;55.04;116.81;Regular;187.61;Regular;Regular;Regular
2026-07-09;07:00;31;31.04;65.62;50.48;Bueno;133.90;Regular;31;26.79;55.04;116.81;Regular;187.61;Regular;Regular;Regular
2026-07-09;08:00;76;33.46;65.62;50.48;Bueno;133.90;Regular;71;29.04;55.04;116.81;Regular;187.61;Regular;Regular;Regular
2026-07-09;09:00;31;34.33;65.62;50.48;Bueno;133.90;Regular;25;29.83;55.04;116.81;Regular;187.61;Regular;Regular;Regular
2026-07-09;10:00;30;35.17;65.62;50.48;Bueno;133.90;Regular;29;30.71;55.04;116.81;Regular;187.61;Regular;Regular;Regular
2026-07-09;11:00;56;36.83;65.62;50.48;Bueno;133.90;Regular;55;32.42;55.04;116.81;Regular;187.61;Regular;Regular;Regular
2026-07-09;12:00;99;40.54;65.62;50.48;Bueno;133.90;Regular;86;35.62;55.04;116.81;Regular;187.61;Regular;Regular;Regular
2026-07-09;13:00;122;45.04;65.62;50.48;Bueno;133.90;Regular;100;39.42;55.04;116.81;Regular;187.61;Regular;Regular;Regular
2026-07-09;14:00;87;48.29;65.62;50.48;Bueno;133.90;Regular;58;41.54;55.04;116.81;Regular;187.61;Regular;Regular;Regular
2026-07-09;15:00;75;50.79;65.62;50.48;Bueno;133.90;Regular;55;43.46;55.04;116.81;Regular;187.61;Regular;Regular;Regular
2026-07-09;16:00;127;55.25;65.62;50.48;Bueno;133.90;Regular;94;46.71;55.04;116.81;Regular;187.61;Regular;Regular;Regular
2026-07-09;17:00;126;59.08;65.62;50.48;Bueno;133.90;Regular;99;49.67;55.04;116.81;Regular;187.61;Regular;Regular;Regular
2026-07-09;18:00;114;62.62;65.62;50.48;Bueno;133.90;Regular;92;52.29;55.04;116.81;Regular;187.61;Regular;Regular;Regular
2026-07-09;19:00;74;64.25;65.62;50.48;Bueno;133.90;Regular;57;53.50;55.04;116.81;Regular;187.61;Regular;Regular;Regular
2026-07-09;20:00;27;63.83;65.62;50.48;Bueno;133.90;Regular;25;53.17;55.04;116.81;Regular;187.61;Regular;Regular;Regular
2026-07-09;21:00;39;63.96;65.62;50.48;Bueno;133.90;Regular;32;53.00;55.04;116.81;Regular;187.61;Regular;Regular;Regular
2026-07-09;22:00;99;66.21;65.62;50.48;Bueno;133.90;Regular;89;55.29;55.04;116.81;Regular;187.61;Regular;Regular;Regular
2026-07-09;23:00;67;65.62;65.62;50.48;Bueno;133.90;Regular;59;55.04;55.04;116.81;Regular;187.61;Regular;Regular;Regular
2026-07-10;00:00;83;65.33;65.38;50.29;Bueno;133.49;Regular;75;54.67;62.46;141.53;Regular;204.09;Alerta;Regular;Alerta
2026-07-10;01:00;53;65.67;65.38;50.29;Bueno;133.49;Regular;46;55.04;62.46;141.53;Regular;204.09;Alerta;Regular;Alerta
2026-07-10;02:00;60;66.50;65.38;50.29;Bueno;133.49;Regular;58;56.08;62.46;141.53;Regular;204.09;Alerta;Regular;Alerta
2026-07-10;03:00;29;65.96;65.38;50.29;Bueno;133.49;Regular;31;55.92;62.46;141.53;Regular;204.09;Alerta;Regular;Alerta
2026-07-10;04:00;21;65.38;65.38;50.29;Bueno;133.49;Regular;21;55.33;62.46;141.53;Regular;204.09;Alerta;Regular;Alerta
2026-07-10;05:00;17;65.17;65.38;50.29;Bueno;133.49;Regular;13;55.00;62.46;141.53;Regular;204.09;Alerta;Regular;Alerta
2026-07-10;06:00;17;65.00;65.38;50.29;Bueno;133.49;Regular;12;54.71;62.46;141.53;Regular;204.09;Alerta;Regular;Alerta
2026-07-10;07:00;21;64.58;65.38;50.29;Bueno;133.49;Regular;18;54.17;62.46;141.53;Regular;204.09;Alerta;Regular;Alerta
2026-07-10;08:00;30;62.67;65.38;50.29;Bueno;133.49;Regular;34;52.62;62.46;141.53;Regular;204.09;Alerta;Regular;Alerta
2026-07-10;09:00;23;62.33;65.38;50.29;Bueno;133.49;Regular;23;52.54;62.46;141.53;Regular;204.09;Alerta;Regular;Alerta
2026-07-10;10:00;15;61.71;65.38;50.29;Bueno;133.49;Regular;13;51.88;62.46;141.53;Regular;204.09;Alerta;Regular;Alerta
2026-07-10;11:00;19;60.17;65.38;50.29;Bueno;133.49;Regular;15;50.21;62.46;141.53;Regular;204.09;Alerta;Regular;Alerta
2026-07-10;12:00;16;56.71;65.38;50.29;Bueno;133.49;Regular;15;47.25;62.46;141.53;Regular;204.09;Alerta;Regular;Alerta
2026-07-10;13:00;15;52.25;65.38;50.29;Bueno;133.49;Regular;17;43.79;62.46;141.53;Regular;204.09;Alerta;Regular;Alerta
2026-07-10;14:00;21;49.50;65.38;50.29;Bueno;133.49;Regular;16;42.04;62.46;141.53;Regular;204.09;Alerta;Regular;Alerta
2026-07-10;15:00;33;47.75;65.38;50.29;Bueno;133.49;Regular;27;40.88;62.46;141.53;Regular;204.09;Alerta;Regular;Alerta
2026-07-10;16:00;14;43.04;65.38;50.29;Bueno;133.49;Regular;12;37.46;62.46;141.53;Regular;204.09;Alerta;Regular;Alerta
2026-07-10;17:00;32;39.12;65.38;50.29;Bueno;133.49;Regular;33;34.71;62.46;141.53;Regular;204.09;Alerta;Regular;Alerta
2026-07-10;18:00;101;38.58;65.38;50.29;Bueno;133.49;Regular;102;35.12;62.46;141.53;Regular;204.09;Alerta;Regular;Alerta
2026-07-10;19:00;136;41.17;65.38;50.29;Bueno;133.49;Regular;135;38.38;62.46;141.53;Regular;204.09;Alerta;Regular;Alerta
2026-07-10;20:00;235;49.83;65.38;50.29;Bueno;133.49;Regular;225;46.71;62.46;141.53;Regular;204.09;Alerta;Regular;Alerta
2026-07-10;21:00;129;53.58;65.38;50.29;Bueno;133.49;Regular;122;50.46;62.46;141.53;Regular;204.09;Alerta;Regular;Alerta
2026-07-10;22:00;279;61.08;65.38;50.29;Bueno;133.49;Regular;267;57.88;62.46;141.53;Regular;204.09;Alerta;Regular;Alerta
2026-07-10;23:00;170;65.38;65.38;50.29;Bueno;133.49;Regular;169;62.46;62.46;141.53;Regular;204.09;Alerta;Regular;Alerta
2026-07-11;00:00;189;69.79;94.25;72.50;Bueno;181.42;Regular;188;67.17;86.67;222.22;Alerta;258.42;Alerta;Alerta;Alerta
2026-07-11;01:00;129;72.96;94.25;72.50;Bueno;181.42;Regular;132;70.75;86.67;222.22;Alerta;258.42;Alerta;Alerta;Alerta
2026-07-11;02:00;147;76.58;94.25;72.50;Bueno;181.42;Regular;149;74.54;86.67;222.22;Alerta;258.42;Alerta;Alerta;Alerta
2026-07-11;03:00;50;77.46;94.25;72.50;Bueno;181.42;Regular;49;75.29;86.67;222.22;Alerta;258.42;Alerta;Alerta;Alerta
2026-07-11;04:00;45;78.46;94.25;72.50;Bueno;181.42;Regular;45;76.29;86.67;222.22;Alerta;258.42;Alerta;Alerta;Alerta
2026-07-11;05:00;21;78.62;94.25;72.50;Bueno;181.42;Regular;17;76.46;86.67;222.22;Alerta;258.42;Alerta;Alerta;Alerta
2026-07-11;06:00;25;78.96;94.25;72.50;Bueno;181.42;Regular;30;77.21;86.67;222.22;Alerta;258.42;Alerta;Alerta;Alerta
2026-07-11;07:00;32;79.42;94.25;72.50;Bueno;181.42;Regular;33;77.83;86.67;222.22;Alerta;258.42;Alerta;Alerta;Alerta
2026-07-11;08:00;39;79.79;94.25;72.50;Bueno;181.42;Regular;43;78.21;86.67;222.22;Alerta;258.42;Alerta;Alerta;Alerta
2026-07-11;09:00;27;79.96;94.25;72.50;Bueno;181.42;Regular;28;78.42;86.67;222.22;Alerta;258.42;Alerta;Alerta;Alerta
2026-07-11;10:00;41;81.04;94.25;72.50;Bueno;181.42;Regular;40;79.54;86.67;222.22;Alerta;258.42;Alerta;Alerta;Alerta
2026-07-11;11:00;59;82.71;94.25;72.50;Bueno;181.42;Regular;55;81.21;86.67;222.22;Alerta;258.42;Alerta;Alerta;Alerta
2026-07-11;12:00;85;85.58;94.25;72.50;Bueno;181.42;Regular;69;83.46;86.67;222.22;Alerta;258.42;Alerta;Alerta;Alerta
2026-07-11;13:00;90;88.71;94.25;72.50;Bueno;181.42;Regular;70;85.67;86.67;222.22;Alerta;258.42;Alerta;Alerta;Alerta
2026-07-11;14:00;109;92.38;94.25;72.50;Bueno;181.42;Regular;92;88.83;86.67;222.22;Alerta;258.42;Alerta;Alerta;Alerta
2026-07-11;15:00;104;95.33;94.25;72.50;Bueno;181.42;Regular;95;91.67;86.67;222.22;Alerta;258.42;Alerta;Alerta;Alerta
2026-07-11;16:00;163;101.54;94.25;72.50;Bueno;181.42;Regular;148;97.33;86.67;222.22;Alerta;258.42;Alerta;Alerta;Alerta
2026-07-11;17:00;141;106.08;94.25;72.50;Bueno;181.42;Regular;123;101.08;86.67;222.22;Alerta;258.42;Alerta;Alerta;Alerta
2026-07-11;18:00;128;107.21;94.25;72.50;Bueno;181.42;Regular;107;101.29;86.67;222.22;Alerta;258.42;Alerta;Alerta;Alerta
2026-07-11;19:00;139;107.33;94.25;72.50;Bueno;181.42;Regular;119;100.62;86.67;222.22;Alerta;258.42;Alerta;Alerta;Alerta
2026-07-11;20:00;159;104.17;94.25;72.50;Bueno;181.42;Regular;132;96.75;86.67;222.22;Alerta;258.42;Alerta;Alerta;Alerta
2026-07-11;21:00;126;104.04;94.25;72.50;Bueno;181.42;Regular;121;96.71;86.67;222.22;Alerta;258.42;Alerta;Alerta;Alerta
2026-07-11;22:00;111;97.04;94.25;72.50;Bueno;181.42;Regular;101;89.79;86.67;222.22;Alerta;258.42;Alerta;Alerta;Alerta
2026-07-11;23:00;103;94.25;94.25;72.50;Bueno;181.42;Regular;94;86.67;86.67;222.22;Alerta;258.42;Alerta;Alerta;Alerta
2026-07-12;00:00;40;88.04;87.71;67.47;Bueno;170.51;Regular;37;80.38;75.21;184.03;Regular;232.60;Alerta;Regular;Alerta
2026-07-12;01:00;33;84.04;87.71;67.47;Bueno;170.51;Regular;31;76.17;75.21;184.03;Regular;232.60;Alerta;Regular;Alerta
2026-07-12;02:00;28;79.08;87.71;67.47;Bueno;170.51;Regular;30;71.21;75.21;184.03;Regular;232.60;Alerta;Regular;Alerta
2026-07-12;03:00;25;78.04;87.71;67.47;Bueno;170.51;Regular;23;70.12;75.21;184.03;Regular;232.60;Alerta;Regular;Alerta
2026-07-12;04:00;10;76.58;87.71;67.47;Bueno;170.51;Regular;17;68.96;75.21;184.03;Regular;232.60;Alerta;Regular;Alerta
2026-07-12;05:00;10;76.12;87.71;67.47;Bueno;170.51;Regular;14;68.83;75.21;184.03;Regular;232.60;Alerta;Regular;Alerta
2026-07-12;06:00;10;75.50;87.71;67.47;Bueno;170.51;Regular;12;68.08;75.21;184.03;Regular;232.60;Alerta;Regular;Alerta
2026-07-12;07:00;18;74.92;87.71;67.47;Bueno;170.51;Regular;18;67.46;75.21;184.03;Regular;232.60;Alerta;Regular;Alerta
2026-07-12;08:00;10;73.71;87.71;67.47;Bueno;170.51;Regular;7;65.96;75.21;184.03;Regular;232.60;Alerta;Regular;Alerta
2026-07-12;09:00;14;73.17;87.71;67.47;Bueno;170.51;Regular;12;65.29;75.21;184.03;Regular;232.60;Alerta;Regular;Alerta
2026-07-12;10:00;46;73.38;87.71;67.47;Bueno;170.51;Regular;41;65.33;75.21;184.03;Regular;232.60;Alerta;Regular;Alerta
2026-07-12;11:00;62;73.50;87.71;67.47;Bueno;170.51;Regular;60;65.54;75.21;184.03;Regular;232.60;Alerta;Regular;Alerta
2026-07-12;12:00;68;72.79;87.71;67.47;Bueno;170.51;Regular;64;65.33;75.21;184.03;Regular;232.60;Alerta;Regular;Alerta
2026-07-12;13:00;37;70.58;87.71;67.47;Bueno;170.51;Regular;30;63.67;75.21;184.03;Regular;232.60;Alerta;Regular;Alerta
2026-07-12;14:00;74;69.12;87.71;67.47;Bueno;170.51;Regular;60;62.33;75.21;184.03;Regular;232.60;Alerta;Regular;Alerta
2026-07-12;15:00;73;67.83;87.71;67.47;Bueno;170.51;Regular;65;61.08;75.21;184.03;Regular;232.60;Alerta;Regular;Alerta
2026-07-12;16:00;69;63.92;87.71;67.47;Bueno;170.51;Regular;50;57.00;75.21;184.03;Regular;232.60;Alerta;Regular;Alerta
2026-07-12;17:00;142;63.96;87.71;67.47;Bueno;170.51;Regular;111;56.50;75.21;184.03;Regular;232.60;Alerta;Regular;Alerta
2026-07-12;18:00;326;72.21;87.71;67.47;Bueno;170.51;Regular;269;63.25;75.21;184.03;Regular;232.60;Alerta;Regular;Alerta
2026-07-12;19:00;345;80.79;87.71;67.47;Bueno;170.51;Regular;294;70.54;75.21;184.03;Regular;232.60;Alerta;Regular;Alerta
2026-07-12;20:00;288;86.17;87.71;67.47;Bueno;170.51;Regular;226;74.46;75.21;184.03;Regular;232.60;Alerta;Regular;Alerta
2026-07-12;21:00;116;85.75;87.71;67.47;Bueno;170.51;Regular;100;73.58;75.21;184.03;Regular;232.60;Alerta;Regular;Alerta
2026-07-12;22:00;147;87.25;87.71;67.47;Bueno;170.51;Regular;131;74.83;75.21;184.03;Regular;232.60;Alerta;Regular;Alerta
2026-07-12;23:00;114;87.71;87.71;67.47;Bueno;170.51;Regular;103;75.21;75.21;184.03;Regular;232.60;Alerta;Regular;Alerta
2026-07-13;00:00;98;90.12;30.83;23.72;Bueno;68.52;Bueno;80;77.00;25.04;50.08;Bueno;121.76;Regular;Bueno;Regular
2026-07-13;01:00;43;90.54;30.83;23.72;Bueno;68.52;Bueno;35;77.17;25.04;50.08;Bueno;121.76;Regular;Bueno;Regular
2026-07-13;02:00;20;90.21;30.83;23.72;Bueno;68.52;Bueno;18;76.67;25.04;50.08;Bueno;121.76;Regular;Bueno;Regular
2026-07-13;03:00;24;90.17;30.83;23.72;Bueno;68.52;Bueno;22;76.62;25.04;50.08;Bueno;121.76;Regular;Bueno;Regular
2026-07-13;04:00;21;90.62;30.83;23.72;Bueno;68.52;Bueno;21;76.79;25.04;50.08;Bueno;121.76;Regular;Bueno;Regular
2026-07-13;05:00;12;90.71;30.83;23.72;Bueno;68.52;Bueno;11;76.67;25.04;50.08;Bueno;121.76;Regular;Bueno;Regular
2026-07-13;06:00;11;90.75;30.83;23.72;Bueno;68.52;Bueno;13;76.71;25.04;50.08;Bueno;121.76;Regular;Bueno;Regular
2026-07-13;07:00;12;90.50;30.83;23.72;Bueno;68.52;Bueno;10;76.38;25.04;50.08;Bueno;121.76;Regular;Bueno;Regular
2026-07-13;08:00;11;90.54;30.83;23.72;Bueno;68.52;Bueno;18;76.83;25.04;50.08;Bueno;121.76;Regular;Bueno;Regular
2026-07-13;09:00;13;90.50;30.83;23.72;Bueno;68.52;Bueno;12;76.83;25.04;50.08;Bueno;121.76;Regular;Bueno;Regular
2026-07-13;10:00;15;89.21;30.83;23.72;Bueno;68.52;Bueno;9;75.50;25.04;50.08;Bueno;121.76;Regular;Bueno;Regular
2026-07-13;11:00;22;87.54;30.83;23.72;Bueno;68.52;Bueno;12;73.50;25.04;50.08;Bueno;121.76;Regular;Bueno;Regular
2026-07-13;12:00;23;85.67;30.83;23.72;Bueno;68.52;Bueno;12;71.33;25.04;50.08;Bueno;121.76;Regular;Bueno;Regular
2026-07-13;13:00;20;84.96;30.83;23.72;Bueno;68.52;Bueno;11;70.54;25.04;50.08;Bueno;121.76;Regular;Bueno;Regular
2026-07-13;14:00;26;82.96;30.83;23.72;Bueno;68.52;Bueno;17;68.75;25.04;50.08;Bueno;121.76;Regular;Bueno;Regular
2026-07-13;15:00;20;80.75;30.83;23.72;Bueno;68.52;Bueno;12;66.54;25.04;50.08;Bueno;121.76;Regular;Bueno;Regular
2026-07-13;16:00;16;78.54;30.83;23.72;Bueno;68.52;Bueno;16;65.12;25.04;50.08;Bueno;121.76;Regular;Bueno;Regular
2026-07-13;17:00;31;73.92;30.83;23.72;Bueno;68.52;Bueno;25;61.54;25.04;50.08;Bueno;121.76;Regular;Bueno;Regular
2026-07-13;18:00;41;62.04;30.83;23.72;Bueno;68.52;Bueno;33;51.71;25.04;50.08;Bueno;121.76;Regular;Bueno;Regular
2026-07-13;19:00;36;49.17;30.83;23.72;Bueno;68.52;Bueno;23;40.42;25.04;50.08;Bueno;121.76;Regular;Bueno;Regular
2026-07-13;20:00;36;38.67;30.83;23.72;Bueno;68.52;Bueno;31;32.29;25.04;50.08;Bueno;121.76;Regular;Bueno;Regular
2026-07-13;21:00;86;37.42;30.83;23.72;Bueno;68.52;Bueno;70;31.04;25.04;50.08;Bueno;121.76;Regular;Bueno;Regular
2026-07-13;22:00;44;33.12;30.83;23.72;Bueno;68.52;Bueno;41;27.29;25.04;50.08;Bueno;121.76;Regular;Bueno;Regular
2026-07-13;23:00;59;30.83;30.83;23.72;Bueno;68.52;Bueno;49;25.04;25.04;50.08;Bueno;121.76;Regular;Bueno;Regular
2026-07-14;00:00;49;28.79;20.00;15.38;Bueno;44.44;Bueno;44;23.54;15.50;31.00;Bueno;101.08;Regular;Bueno;Regular
2026-07-14;01:00;36;28.50;20.00;15.38;Bueno;44.44;Bueno;29;23.29;15.50;31.00;Bueno;101.08;Regular;Bueno;Regular
2026-07-14;02:00;26;28.75;20.00;15.38;Bueno;44.44;Bueno;24;23.54;15.50;31.00;Bueno;101.08;Regular;Bueno;Regular
2026-07-14;03:00;24;28.75;20.00;15.38;Bueno;44.44;Bueno;21;23.50;15.50;31.00;Bueno;101.08;Regular;Bueno;Regular
2026-07-14;04:00;18;28.62;20.00;15.38;Bueno;44.44;Bueno;15;23.25;15.50;31.00;Bueno;101.08;Regular;Bueno;Regular
2026-07-14;05:00;9;28.50;20.00;15.38;Bueno;44.44;Bueno;5;23.00;15.50;31.00;Bueno;101.08;Regular;Bueno;Regular
2026-07-14;06:00;19;28.83;20.00;15.38;Bueno;44.44;Bueno;9;22.83;15.50;31.00;Bueno;101.08;Regular;Bueno;Regular
2026-07-14;07:00;13;28.88;20.00;15.38;Bueno;44.44;Bueno;9;22.79;15.50;31.00;Bueno;101.08;Regular;Bueno;Regular
2026-07-14;08:00;21;29.29;20.00;15.38;Bueno;44.44;Bueno;12;22.54;15.50;31.00;Bueno;101.08;Regular;Bueno;Regular
2026-07-14;09:00;17;29.46;20.00;15.38;Bueno;44.44;Bueno;16;22.71;15.50;31.00;Bueno;101.08;Regular;Bueno;Regular
2026-07-14;10:00;13;29.38;20.00;15.38;Bueno;44.44;Bueno;5;22.54;15.50;31.00;Bueno;101.08;Regular;Bueno;Regular
2026-07-14;11:00;12;28.96;20.00;15.38;Bueno;44.44;Bueno;7;22.33;15.50;31.00;Bueno;101.08;Regular;Bueno;Regular
2026-07-14;12:00;20;28.83;20.00;15.38;Bueno;44.44;Bueno;17;22.54;15.50;31.00;Bueno;101.08;Regular;Bueno;Regular
2026-07-14;13:00;12;28.50;20.00;15.38;Bueno;44.44;Bueno;8;22.42;15.50;31.00;Bueno;101.08;Regular;Bueno;Regular
2026-07-14;14:00;14;28.00;20.00;15.38;Bueno;44.44;Bueno;10;22.12;15.50;31.00;Bueno;101.08;Regular;Bueno;Regular
2026-07-14;15:00;10;27.58;20.00;15.38;Bueno;44.44;Bueno;9;22.00;15.50;31.00;Bueno;101.08;Regular;Bueno;Regular
2026-07-14;16:00;16;27.58;20.00;15.38;Bueno;44.44;Bueno;9;21.71;15.50;31.00;Bueno;101.08;Regular;Bueno;Regular
2026-07-14;17:00;18;27.04;20.00;15.38;Bueno;44.44;Bueno;9;21.04;15.50;31.00;Bueno;101.08;Regular;Bueno;Regular
2026-07-14;18:00;18;26.08;20.00;15.38;Bueno;44.44;Bueno;16;20.33;15.50;31.00;Bueno;101.08;Regular;Bueno;Regular
2026-07-14;19:00;10;25.00;20.00;15.38;Bueno;44.44;Bueno;9;19.75;15.50;31.00;Bueno;101.08;Regular;Bueno;Regular
2026-07-14;20:00;17;24.21;20.00;15.38;Bueno;44.44;Bueno;11;18.92;15.50;31.00;Bueno;101.08;Regular;Bueno;Regular
2026-07-14;21:00;20;21.46;20.00;15.38;Bueno;44.44;Bueno;18;16.75;15.50;31.00;Bueno;101.08;Regular;Bueno;Regular
2026-07-14;22:00;17;20.33;20.00;15.38;Bueno;44.44;Bueno;16;15.71;15.50;31.00;Bueno;101.08;Regular;Bueno;Regular
2026-07-14;23:00;51;20.00;20.00;15.38;Bueno;44.44;Bueno;44;15.50;15.50;31.00;Bueno;101.08;Regular;Bueno;Regular
2026-07-15;00:00;21;18.83;16.79;12.92;Bueno;37.31;Bueno;19;14.46;14.00;28.00;Bueno;93.33;Bueno;Bueno;Bueno
2026-07-15;01:00;37;18.88;16.79;12.92;Bueno;37.31;Bueno;35;14.71;14.00;28.00;Bueno;93.33;Bueno;Bueno;Bueno
2026-07-15;02:00;32;19.12;16.79;12.92;Bueno;37.31;Bueno;20;14.54;14.00;28.00;Bueno;93.33;Bueno;Bueno;Bueno
2026-07-15;03:00;13;18.67;16.79;12.92;Bueno;37.31;Bueno;11;14.12;14.00;28.00;Bueno;93.33;Bueno;Bueno;Bueno
2026-07-15;04:00;12;18.42;16.79;12.92;Bueno;37.31;Bueno;11;13.96;14.00;28.00;Bueno;93.33;Bueno;Bueno;Bueno
2026-07-15;05:00;7;18.33;16.79;12.92;Bueno;37.31;Bueno;6;14.00;14.00;28.00;Bueno;93.33;Bueno;Bueno;Bueno
2026-07-15;06:00;21;18.42;16.79;12.92;Bueno;37.31;Bueno;21;14.50;14.00;28.00;Bueno;93.33;Bueno;Bueno;Bueno
2026-07-15;07:00;38;19.46;16.79;12.92;Bueno;37.31;Bueno;28;15.29;14.00;28.00;Bueno;93.33;Bueno;Bueno;Bueno
2026-07-15;08:00;11;19.04;16.79;12.92;Bueno;37.31;Bueno;6;15.04;14.00;28.00;Bueno;93.33;Bueno;Bueno;Bueno
2026-07-15;09:00;14;18.92;16.79;12.92;Bueno;37.31;Bueno;13;14.92;14.00;28.00;Bueno;93.33;Bueno;Bueno;Bueno
2026-07-15;10:00;22;19.29;16.79;12.92;Bueno;37.31;Bueno;21;15.58;14.00;28.00;Bueno;93.33;Bueno;Bueno;Bueno
2026-07-15;11:00;15;19.42;16.79;12.92;Bueno;37.31;Bueno;10;15.71;14.00;28.00;Bueno;93.33;Bueno;Bueno;Bueno
2026-07-15;12:00;11;19.04;16.79;12.92;Bueno;37.31;Bueno;10;15.42;14.00;28.00;Bueno;93.33;Bueno;Bueno;Bueno
2026-07-15;13:00;17;19.25;16.79;12.92;Bueno;37.31;Bueno;16;15.75;14.00;28.00;Bueno;93.33;Bueno;Bueno;Bueno
2026-07-15;14:00;16;19.33;16.79;12.92;Bueno;37.31;Bueno;12;15.83;14.00;28.00;Bueno;93.33;Bueno;Bueno;Bueno
2026-07-15;15:00;19;19.71;16.79;12.92;Bueno;37.31;Bueno;16;16.12;14.00;28.00;Bueno;93.33;Bueno;Bueno;Bueno
2026-07-15;16:00;9;19.42;16.79;12.92;Bueno;37.31;Bueno;6;16.00;14.00;28.00;Bueno;93.33;Bueno;Bueno;Bueno
2026-07-15;17:00;7;18.96;16.79;12.92;Bueno;37.31;Bueno;6;15.88;14.00;28.00;Bueno;93.33;Bueno;Bueno;Bueno
2026-07-15;18:00;10;18.62;16.79;12.92;Bueno;37.31;Bueno;9;15.58;14.00;28.00;Bueno;93.33;Bueno;Bueno;Bueno
2026-07-15;19:00;9;18.58;16.79;12.92;Bueno;37.31;Bueno;8;15.54;14.00;28.00;Bueno;93.33;Bueno;Bueno;Bueno
2026-07-15;20:00;15;18.50;16.79;12.92;Bueno;37.31;Bueno;11;15.54;14.00;28.00;Bueno;93.33;Bueno;Bueno;Bueno
2026-07-15;21:00;15;18.29;16.79;12.92;Bueno;37.31;Bueno;10;15.21;14.00;28.00;Bueno;93.33;Bueno;Bueno;Bueno
2026-07-15;22:00;29;18.79;16.79;12.92;Bueno;37.31;Bueno;28;15.71;14.00;28.00;Bueno;93.33;Bueno;Bueno;Bueno
2026-07-15;23:00;3;16.79;16.79;12.92;Bueno;37.31;Bueno;3;14.00;14.00;28.00;Bueno;93.33;Bueno;Bueno;Bueno
2026-07-16;00:00;4;16.08;9.59;7.38;Bueno;21.31;Bueno;3;13.33;6.36;12.73;Bueno;42.42;Bueno;Bueno;Bueno
2026-07-16;01:00;3;14.67;9.59;7.38;Bueno;21.31;Bueno;2;11.96;6.36;12.73;Bueno;42.42;Bueno;Bueno;Bueno
2026-07-16;02:00;3;13.46;9.59;7.38;Bueno;21.31;Bueno;2;11.21;6.36;12.73;Bueno;42.42;Bueno;Bueno;Bueno
2026-07-16;03:00;1;12.96;9.59;7.38;Bueno;21.31;Bueno;3;10.88;6.36;12.73;Bueno;42.42;Bueno;Bueno;Bueno
2026-07-16;04:00;4;12.62;9.59;7.38;Bueno;21.31;Bueno;1;10.46;6.36;12.73;Bueno;42.42;Bueno;Bueno;Bueno
2026-07-16;05:00;3;12.46;9.59;7.38;Bueno;21.31;Bueno;1;10.25;6.36;12.73;Bueno;42.42;Bueno;Bueno;Bueno
2026-07-16;06:00;;12.09;9.59;7.38;Bueno;21.31;Bueno;;9.78;6.36;12.73;Bueno;42.42;Bueno;Bueno;Bueno
2026-07-16;07:00;;10.91;9.59;7.38;Bueno;21.31;Bueno;;8.95;6.36;12.73;Bueno;42.42;Bueno;Bueno;Bueno
2026-07-16;08:00;6;10.68;9.59;7.38;Bueno;21.31;Bueno;4;8.86;6.36;12.73;Bueno;42.42;Bueno;Bueno;Bueno
2026-07-16;09:00;5;10.27;9.59;7.38;Bueno;21.31;Bueno;3;8.41;6.36;12.73;Bueno;42.42;Bueno;Bueno;Bueno
2026-07-16;10:00;13;9.86;9.59;7.38;Bueno;21.31;Bueno;2;7.55;6.36;12.73;Bueno;42.42;Bueno;Bueno;Bueno
2026-07-16;11:00;9;9.59;9.59;7.38;Bueno;21.31;Bueno;4;7.27;6.36;12.73;Bueno;42.42;Bueno;Bueno;Bueno
2026-07-16;12:00;6;9.36;9.59;7.38;Bueno;21.31;Bueno;4;7.00;6.36;12.73;Bueno;42.42;Bueno;Bueno;Bueno
2026-07-16;13:00;12;9.14;9.59;7.38;Bueno;21.31;Bueno;4;6.45;6.36;12.73;Bueno;42.42;Bueno;Bueno;Bueno
2026-07-16;14:00;8;8.77;9.59;7.38;Bueno;21.31;Bueno;2;6.00;6.36;12.73;Bueno;42.42;Bueno;Bueno;Bueno
2026-07-16;15:00;11;8.41;9.59;7.38;Bueno;21.31;Bueno;7;5.59;6.36;12.73;Bueno;42.42;Bueno;Bueno;Bueno
2026-07-16;16:00;11;8.50;9.59;7.38;Bueno;21.31;Bueno;10;5.77;6.36;12.73;Bueno;42.42;Bueno;Bueno;Bueno
2026-07-16;17:00;12;8.73;9.59;7.38;Bueno;21.31;Bueno;9;5.91;6.36;12.73;Bueno;42.42;Bueno;Bueno;Bueno
2026-07-16;18:00;16;9.00;9.59;7.38;Bueno;21.31;Bueno;15;6.18;6.36;12.73;Bueno;42.42;Bueno;Bueno;Bueno
2026-07-16;19:00;18;9.41;9.59;7.38;Bueno;21.31;Bueno;11;6.32;6.36;12.73;Bueno;42.42;Bueno;Bueno;Bueno
2026-07-16;20:00;16;9.45;9.59;7.38;Bueno;21.31;Bueno;13;6.41;6.36;12.73;Bueno;42.42;Bueno;Bueno;Bueno
2026-07-16;21:00;16;9.50;9.59;7.38;Bueno;21.31;Bueno;15;6.64;6.36;12.73;Bueno;42.42;Bueno;Bueno;Bueno
2026-07-16;22:00;14;8.82;9.59;7.38;Bueno;21.31;Bueno;12;5.91;6.36;12.73;Bueno;42.42;Bueno;Bueno;Bueno
2026-07-16;23:00;20;9.59;9.59;7.38;Bueno;21.31;Bueno;13;6.36;6.36;12.73;Bueno;42.42;Bueno;Bueno;Bueno
2026-07-17;00:00;14;10.05;62.96;48.43;Bueno;129.50;Regular;9;6.64;50.67;102.22;Regular;177.92;Regular;Regular;Regular
2026-07-17;01:00;8;10.27;62.96;48.43;Bueno;129.50;Regular;7;6.86;50.67;102.22;Regular;177.92;Regular;Regular;Regular
2026-07-17;02:00;7;10.45;62.96;48.43;Bueno;129.50;Regular;3;6.91;50.67;102.22;Regular;177.92;Regular;Regular;Regular
2026-07-17;03:00;13;11.00;62.96;48.43;Bueno;129.50;Regular;7;7.09;50.67;102.22;Regular;177.92;Regular;Regular;Regular
2026-07-17;04:00;10;11.27;62.96;48.43;Bueno;129.50;Regular;7;7.36;50.67;102.22;Regular;177.92;Regular;Regular;Regular
2026-07-17;05:00;6;11.41;62.96;48.43;Bueno;129.50;Regular;5;7.55;50.67;102.22;Regular;177.92;Regular;Regular;Regular
2026-07-17;06:00;16;11.61;62.96;48.43;Bueno;129.50;Regular;11;7.70;50.67;102.22;Regular;177.92;Regular;Regular;Regular
2026-07-17;07:00;24;12.12;62.96;48.43;Bueno;129.50;Regular;18;8.12;50.67;102.22;Regular;177.92;Regular;Regular;Regular
2026-07-17;08:00;47;13.83;62.96;48.43;Bueno;129.50;Regular;45;9.83;50.67;102.22;Regular;177.92;Regular;Regular;Regular
2026-07-17;09:00;31;14.92;62.96;48.43;Bueno;129.50;Regular;30;10.96;50.67;102.22;Regular;177.92;Regular;Regular;Regular
2026-07-17;10:00;31;15.67;62.96;48.43;Bueno;129.50;Regular;26;11.96;50.67;102.22;Regular;177.92;Regular;Regular;Regular
2026-07-17;11:00;41;17.00;62.96;48.43;Bueno;129.50;Regular;29;13.00;50.67;102.22;Regular;177.92;Regular;Regular;Regular
2026-07-17;12:00;34;18.17;62.96;48.43;Bueno;129.50;Regular;24;13.83;50.67;102.22;Regular;177.92;Regular;Regular;Regular
2026-07-17;13:00;28;18.83;62.96;48.43;Bueno;129.50;Regular;13;14.21;50.67;102.22;Regular;177.92;Regular;Regular;Regular
2026-07-17;14:00;31;19.79;62.96;48.43;Bueno;129.50;Regular;21;15.00;50.67;102.22;Regular;177.92;Regular;Regular;Regular
2026-07-17;15:00;25;20.38;62.96;48.43;Bueno;129.50;Regular;15;15.33;50.67;102.22;Regular;177.92;Regular;Regular;Regular
2026-07-17;16:00;47;21.88;62.96;48.43;Bueno;129.50;Regular;30;16.17;50.67;102.22;Regular;177.92;Regular;Regular;Regular
2026-07-17;17:00;103;25.67;62.96;48.43;Bueno;129.50;Regular;77;19.00;50.67;102.22;Regular;177.92;Regular;Regular;Regular
2026-07-17;18:00;67;27.79;62.96;48.43;Bueno;129.50;Regular;49;20.42;50.67;102.22;Regular;177.92;Regular;Regular;Regular
2026-07-17;19:00;179;34.50;62.96;48.43;Bueno;129.50;Regular;140;25.79;50.67;102.22;Regular;177.92;Regular;Regular;Regular
2026-07-17;20:00;165;40.71;62.96;48.43;Bueno;129.50;Regular;143;31.21;50.67;102.22;Regular;177.92;Regular;Regular;Regular
2026-07-17;21:00;235;49.83;62.96;48.43;Bueno;129.50;Regular;201;38.96;50.67;102.22;Regular;177.92;Regular;Regular;Regular
2026-07-17;22:00;153;55.62;62.96;48.43;Bueno;129.50;Regular;135;44.08;50.67;102.22;Regular;177.92;Regular;Regular;Regular
2026-07-17;23:00;196;62.96;62.96;48.43;Bueno;129.50;Regular;171;50.67;50.67;102.22;Regular;177.92;Regular;Regular;Regular
2026-07-18;00:00;153;68.75;62.38;47.98;Bueno;128.54;Regular;137;56.00;56.92;123.06;Regular;191.77;Regular;Regular;Regular
2026-07-18;01:00;105;72.79;62.38;47.98;Bueno;128.54;Regular;92;59.54;56.92;123.06;Regular;191.77;Regular;Regular;Regular
2026-07-18;02:00;98;76.58;62.38;47.98;Bueno;128.54;Regular;90;63.17;56.92;123.06;Regular;191.77;Regular;Regular;Regular
2026-07-18;03:00;76;79.21;62.38;47.98;Bueno;128.54;Regular;71;65.83;56.92;123.06;Regular;191.77;Regular;Regular;Regular
2026-07-18;04:00;65;81.50;62.38;47.98;Bueno;128.54;Regular;58;67.96;56.92;123.06;Regular;191.77;Regular;Regular;Regular
2026-07-18;05:00;38;82.83;62.38;47.98;Bueno;128.54;Regular;37;69.29;56.92;123.06;Regular;191.77;Regular;Regular;Regular
2026-07-18;06:00;31;83.46;62.38;47.98;Bueno;128.54;Regular;22;69.75;56.92;123.06;Regular;191.77;Regular;Regular;Regular
2026-07-18;07:00;20;83.29;62.38;47.98;Bueno;128.54;Regular;19;69.79;56.92;123.06;Regular;191.77;Regular;Regular;Regular
2026-07-18;08:00;10;81.75;62.38;47.98;Bueno;128.54;Regular;9;68.29;56.92;123.06;Regular;191.77;Regular;Regular;Regular
2026-07-18;09:00;7;80.75;62.38;47.98;Bueno;128.54;Regular;6;67.29;56.92;123.06;Regular;191.77;Regular;Regular;Regular
2026-07-18;10:00;9;79.83;62.38;47.98;Bueno;128.54;Regular;8;66.54;56.92;123.06;Regular;191.77;Regular;Regular;Regular
2026-07-18;11:00;12;78.62;62.38;47.98;Bueno;128.54;Regular;11;65.79;56.92;123.06;Regular;191.77;Regular;Regular;Regular
2026-07-18;12:00;30;78.46;62.38;47.98;Bueno;128.54;Regular;23;65.75;56.92;123.06;Regular;191.77;Regular;Regular;Regular
2026-07-18;13:00;56;79.62;62.38;47.98;Bueno;128.54;Regular;52;67.38;56.92;123.06;Regular;191.77;Regular;Regular;Regular
2026-07-18;14:00;31;79.62;62.38;47.98;Bueno;128.54;Regular;30;67.75;56.92;123.06;Regular;191.77;Regular;Regular;Regular
2026-07-18;15:00;23;79.54;62.38;47.98;Bueno;128.54;Regular;22;68.04;56.92;123.06;Regular;191.77;Regular;Regular;Regular
2026-07-18;16:00;49;79.62;62.38;47.98;Bueno;128.54;Regular;47;68.75;56.92;123.06;Regular;191.77;Regular;Regular;Regular
2026-07-18;17:00;44;77.17;62.38;47.98;Bueno;128.54;Regular;38;67.12;56.92;123.06;Regular;191.77;Regular;Regular;Regular
2026-07-18;18:00;147;80.50;62.38;47.98;Bueno;128.54;Regular;138;70.83;56.92;123.06;Regular;191.77;Regular;Regular;Regular
2026-07-18;19:00;145;79.08;62.38;47.98;Bueno;128.54;Regular;133;70.54;56.92;123.06;Regular;191.77;Regular;Regular;Regular
2026-07-18;20:00;78;75.46;62.38;47.98;Bueno;128.54;Regular;72;67.58;56.92;123.06;Regular;191.77;Regular;Regular;Regular
2026-07-18;21:00;92;69.50;62.38;47.98;Bueno;128.54;Regular;84;62.71;56.92;123.06;Regular;191.77;Regular;Regular;Regular
2026-07-18;22:00;95;67.08;62.38;47.98;Bueno;128.54;Regular;91;60.88;56.92;123.06;Regular;191.77;Regular;Regular;Regular
2026-07-18;23:00;83;62.38;62.38;47.98;Bueno;128.54;Regular;76;56.92;56.92;123.06;Regular;191.77;Regular;Regular;Regular
2026-07-19;00:00;116;60.83;69.42;53.40;Bueno;140.16;Regular;106;55.62;63.21;144.03;Regular;205.76;Alerta;Regular;Alerta
2026-07-19;01:00;82;59.88;69.42;53.40;Bueno;140.16;Regular;82;55.21;63.21;144.03;Regular;205.76;Alerta;Regular;Alerta
2026-07-19;02:00;78;59.04;69.42;53.40;Bueno;140.16;Regular;74;54.54;63.21;144.03;Regular;205.76;Alerta;Regular;Alerta
2026-07-19;03:00;40;57.54;69.42;53.40;Bueno;140.16;Regular;34;53.00;63.21;144.03;Regular;205.76;Alerta;Regular;Alerta
2026-07-19;04:00;42;56.58;69.42;53.40;Bueno;140.16;Regular;42;52.33;63.21;144.03;Regular;205.76;Alerta;Regular;Alerta
2026-07-19;05:00;20;55.83;69.42;53.40;Bueno;140.16;Regular;18;51.54;63.21;144.03;Regular;205.76;Alerta;Regular;Alerta
2026-07-19;06:00;25;55.58;69.42;53.40;Bueno;140.16;Regular;24;51.62;63.21;144.03;Regular;205.76;Alerta;Regular;Alerta
2026-07-19;07:00;22;55.67;69.42;53.40;Bueno;140.16;Regular;19;51.62;63.21;144.03;Regular;205.76;Alerta;Regular;Alerta
2026-07-19;08:00;26;56.33;69.42;53.40;Bueno;140.16;Regular;24;52.25;63.21;144.03;Regular;205.76;Alerta;Regular;Alerta
2026-07-19;09:00;35;57.50;69.42;53.40;Bueno;140.16;Regular;31;53.29;63.21;144.03;Regular;205.76;Alerta;Regular;Alerta
2026-07-19;10:00;22;58.04;69.42;53.40;Bueno;140.16;Regular;21;53.83;63.21;144.03;Regular;205.76;Alerta;Regular;Alerta
2026-07-19;11:00;12;58.04;69.42;53.40;Bueno;140.16;Regular;12;53.88;63.21;144.03;Regular;205.76;Alerta;Regular;Alerta
2026-07-19;12:00;17;57.50;69.42;53.40;Bueno;140.16;Regular;12;53.42;63.21;144.03;Regular;205.76;Alerta;Regular;Alerta
2026-07-19;13:00;23;56.12;69.42;53.40;Bueno;140.16;Regular;17;51.96;63.21;144.03;Regular;205.76;Alerta;Regular;Alerta
2026-07-19;14:00;27;55.96;69.42;53.40;Bueno;140.16;Regular;22;51.62;63.21;144.03;Regular;205.76;Alerta;Regular;Alerta
2026-07-19;15:00;14;55.58;69.42;53.40;Bueno;140.16;Regular;11;51.17;63.21;144.03;Regular;205.76;Alerta;Regular;Alerta
2026-07-19;16:00;26;54.62;69.42;53.40;Bueno;140.16;Regular;21;50.08;63.21;144.03;Regular;205.76;Alerta;Regular;Alerta
2026-07-19;17:00;56;55.12;69.42;53.40;Bueno;140.16;Regular;46;50.42;63.21;144.03;Regular;205.76;Alerta;Regular;Alerta
2026-07-19;18:00;136;54.67;69.42;53.40;Bueno;140.16;Regular;119;49.62;63.21;144.03;Regular;205.76;Alerta;Regular;Alerta
2026-07-19;19:00;239;58.58;69.42;53.40;Bueno;140.16;Regular;211;52.88;63.21;144.03;Regular;205.76;Alerta;Regular;Alerta
2026-07-19;20:00;288;67.33;69.42;53.40;Bueno;140.16;Regular;265;60.92;63.21;144.03;Regular;205.76;Alerta;Regular;Alerta
2026-07-19;21:00;131;68.96;69.42;53.40;Bueno;140.16;Regular;122;62.50;63.21;144.03;Regular;205.76;Alerta;Regular;Alerta
2026-07-19;22:00;114;69.75;69.42;53.40;Bueno;140.16;Regular;110;63.29;63.21;144.03;Regular;205.76;Alerta;Regular;Alerta
2026-07-19;23:00;75;69.42;69.42;53.40;Bueno;140.16;Regular;74;63.21;63.21;144.03;Regular;205.76;Alerta;Regular;Alerta
2026-07-20;00:00;60;67.08;73.57;56.59;Bueno;147.03;Regular;57;61.17;64.96;149.86;Regular;209.65;Alerta;Regular;Alerta
2026-07-20;01:00;32;65.00;73.57;56.59;Bueno;147.03;Regular;31;59.04;64.96;149.86;Regular;209.65;Alerta;Regular;Alerta
2026-07-20;02:00;33;63.12;73.57;56.59;Bueno;147.03;Regular;31;57.25;64.96;149.86;Regular;209.65;Alerta;Regular;Alerta
2026-07-20;03:00;27;62.58;73.57;56.59;Bueno;147.03;Regular;26;56.92;64.96;149.86;Regular;209.65;Alerta;Regular;Alerta
2026-07-20;04:00;26;61.92;73.57;56.59;Bueno;147.03;Regular;25;56.21;64.96;149.86;Regular;209.65;Alerta;Regular;Alerta
2026-07-20;05:00;11;61.54;73.57;56.59;Bueno;147.03;Regular;10;55.88;64.96;149.86;Regular;209.65;Alerta;Regular;Alerta
2026-07-20;06:00;11;60.96;73.57;56.59;Bueno;147.03;Regular;10;55.29;64.96;149.86;Regular;209.65;Alerta;Regular;Alerta
2026-07-20;07:00;18;60.79;73.57;56.59;Bueno;147.03;Regular;9;54.88;64.96;149.86;Regular;209.65;Alerta;Regular;Alerta
2026-07-20;08:00;25;60.75;73.57;56.59;Bueno;147.03;Regular;21;54.75;64.96;149.86;Regular;209.65;Alerta;Regular;Alerta
2026-07-20;09:00;17;60.00;73.57;56.59;Bueno;147.03;Regular;13;54.00;64.96;149.86;Regular;209.65;Alerta;Regular;Alerta
2026-07-20;10:00;20;59.92;73.57;56.59;Bueno;147.03;Regular;15;53.75;64.96;149.86;Regular;209.65;Alerta;Regular;Alerta
2026-07-20;11:00;11;59.88;73.57;56.59;Bueno;147.03;Regular;10;53.67;64.96;149.86;Regular;209.65;Alerta;Regular;Alerta
2026-07-20;12:00;;61.74;73.57;56.59;Bueno;147.03;Regular;;55.48;64.96;149.86;Regular;209.65;Alerta;Regular;Alerta
2026-07-20;13:00;38;62.39;73.57;56.59;Bueno;147.03;Regular;37;56.35;64.96;149.86;Regular;209.65;Alerta;Regular;Alerta
2026-07-20;14:00;46;63.22;73.57;56.59;Bueno;147.03;Regular;37;57.00;64.96;149.86;Regular;209.65;Alerta;Regular;Alerta
2026-07-20;15:00;38;64.26;73.57;56.59;Bueno;147.03;Regular;30;57.83;64.96;149.86;Regular;209.65;Alerta;Regular;Alerta
2026-07-20;16:00;50;65.30;73.57;56.59;Bueno;147.03;Regular;34;58.39;64.96;149.86;Regular;209.65;Alerta;Regular;Alerta
2026-07-20;17:00;112;67.74;73.57;56.59;Bueno;147.03;Regular;96;60.57;64.96;149.86;Regular;209.65;Alerta;Regular;Alerta
2026-07-20;18:00;283;74.13;73.57;56.59;Bueno;147.03;Regular;249;66.22;64.96;149.86;Regular;209.65;Alerta;Regular;Alerta
2026-07-20;19:00;174;71.30;73.57;56.59;Bueno;147.03;Regular;150;63.57;64.96;149.86;Regular;209.65;Alerta;Regular;Alerta
2026-07-20;20:00;222;68.43;73.57;56.59;Bueno;147.03;Regular;190;60.30;64.96;149.86;Regular;209.65;Alerta;Regular;Alerta
2026-07-20;21:00;173;70.26;73.57;56.59;Bueno;147.03;Regular;151;61.57;64.96;149.86;Regular;209.65;Alerta;Regular;Alerta
2026-07-20;22:00;146;71.65;73.57;56.59;Bueno;147.03;Regular;142;62.96;64.96;149.86;Regular;209.65;Alerta;Regular;Alerta
2026-07-20;23:00;119;73.57;73.57;56.59;Bueno;147.03;Regular;120;64.96;64.96;149.86;Regular;209.65;Alerta;Regular;Alerta
2026-07-21;00:00;116;76.00;51.33;39.49;Bueno;110.38;Regular;119;67.65;45.46;90.92;Bueno;166.43;Regular;Bueno;Regular
2026-07-21;01:00;61;77.26;51.33;39.49;Bueno;110.38;Regular;63;69.04;45.46;90.92;Bueno;166.43;Regular;Bueno;Regular
2026-07-21;02:00;52;78.09;51.33;39.49;Bueno;110.38;Regular;50;69.87;45.46;90.92;Bueno;166.43;Regular;Bueno;Regular
2026-07-21;03:00;31;78.26;51.33;39.49;Bueno;110.38;Regular;38;70.39;45.46;90.92;Bueno;166.43;Regular;Bueno;Regular
2026-07-21;04:00;17;77.87;51.33;39.49;Bueno;110.38;Regular;14;69.91;45.46;90.92;Bueno;166.43;Regular;Bueno;Regular
2026-07-21;05:00;21;78.30;51.33;39.49;Bueno;110.38;Regular;20;70.35;45.46;90.92;Bueno;166.43;Regular;Bueno;Regular
2026-07-21;06:00;20;78.70;51.33;39.49;Bueno;110.38;Regular;22;70.87;45.46;90.92;Bueno;166.43;Regular;Bueno;Regular
2026-07-21;07:00;24;78.96;51.33;39.49;Bueno;110.38;Regular;25;71.57;45.46;90.92;Bueno;166.43;Regular;Bueno;Regular
2026-07-21;08:00;47;79.91;51.33;39.49;Bueno;110.38;Regular;37;72.26;45.46;90.92;Bueno;166.43;Regular;Bueno;Regular
2026-07-21;09:00;73;82.35;51.33;39.49;Bueno;110.38;Regular;67;74.61;45.46;90.92;Bueno;166.43;Regular;Bueno;Regular
2026-07-21;10:00;158;88.35;51.33;39.49;Bueno;110.38;Regular;136;79.87;45.46;90.92;Bueno;166.43;Regular;Bueno;Regular
2026-07-21;11:00;71;90.96;51.33;39.49;Bueno;110.38;Regular;51;81.65;45.46;90.92;Bueno;166.43;Regular;Bueno;Regular
2026-07-21;12:00;139;92.96;51.33;39.49;Bueno;110.38;Regular;112;82.92;45.46;90.92;Bueno;166.43;Regular;Bueno;Regular
2026-07-21;13:00;118;96.29;51.33;39.49;Bueno;110.38;Regular;94;85.29;45.46;90.92;Bueno;166.43;Regular;Bueno;Regular
2026-07-21;14:00;49;96.42;51.33;39.49;Bueno;110.38;Regular;34;85.17;45.46;90.92;Bueno;166.43;Regular;Bueno;Regular
2026-07-21;15:00;32;96.17;51.33;39.49;Bueno;110.38;Regular;20;84.75;45.46;90.92;Bueno;166.43;Regular;Bueno;Regular
2026-07-21;16:00;34;95.50;51.33;39.49;Bueno;110.38;Regular;26;84.42;45.46;90.92;Bueno;166.43;Regular;Bueno;Regular
2026-07-21;17:00;40;92.50;51.33;39.49;Bueno;110.38;Regular;39;82.04;45.46;90.92;Bueno;166.43;Regular;Bueno;Regular
2026-07-21;18:00;28;81.88;51.33;39.49;Bueno;110.38;Regular;27;72.79;45.46;90.92;Bueno;166.43;Regular;Bueno;Regular
2026-07-21;19:00;38;76.21;51.33;39.49;Bueno;110.38;Regular;37;68.08;45.46;90.92;Bueno;166.43;Regular;Bueno;Regular
2026-07-21;20:00;15;67.58;51.33;39.49;Bueno;110.38;Regular;14;60.75;45.46;90.92;Bueno;166.43;Regular;Bueno;Regular
2026-07-21;21:00;31;61.67;51.33;39.49;Bueno;110.38;Regular;30;55.71;45.46;90.92;Bueno;166.43;Regular;Bueno;Regular
2026-07-21;22:00;9;55.96;51.33;39.49;Bueno;110.38;Regular;8;50.12;45.46;90.92;Bueno;166.43;Regular;Bueno;Regular
2026-07-21;23:00;8;51.33;51.33;39.49;Bueno;110.38;Regular;8;45.46;45.46;90.92;Bueno;166.43;Regular;Bueno;Regular
2026-07-22;00:00;7;46.79;14.54;11.19;Bueno;32.31;Bueno;7;40.79;11.29;22.58;Bueno;75.28;Bueno;Bueno;Bueno
2026-07-22;01:00;7;44.54;14.54;11.19;Bueno;32.31;Bueno;6;38.42;11.29;22.58;Bueno;75.28;Bueno;Bueno;Bueno
2026-07-22;02:00;7;42.67;14.54;11.19;Bueno;32.31;Bueno;6;36.58;11.29;22.58;Bueno;75.28;Bueno;Bueno;Bueno
2026-07-22;03:00;9;41.75;14.54;11.19;Bueno;32.31;Bueno;8;35.33;11.29;22.58;Bueno;75.28;Bueno;Bueno;Bueno
2026-07-22;04:00;7;41.33;14.54;11.19;Bueno;32.31;Bueno;6;35.00;11.29;22.58;Bueno;75.28;Bueno;Bueno;Bueno
2026-07-22;05:00;3;40.58;14.54;11.19;Bueno;32.31;Bueno;2;34.25;11.29;22.58;Bueno;75.28;Bueno;Bueno;Bueno
2026-07-22;06:00;12;40.25;14.54;11.19;Bueno;32.31;Bueno;11;33.79;11.29;22.58;Bueno;75.28;Bueno;Bueno;Bueno
2026-07-22;07:00;8;39.58;14.54;11.19;Bueno;32.31;Bueno;8;33.08;11.29;22.58;Bueno;75.28;Bueno;Bueno;Bueno
2026-07-22;08:00;8;37.96;14.54;11.19;Bueno;32.31;Bueno;6;31.79;11.29;22.58;Bueno;75.28;Bueno;Bueno;Bueno
2026-07-22;09:00;6;35.17;14.54;11.19;Bueno;32.31;Bueno;7;29.29;11.29;22.58;Bueno;75.28;Bueno;Bueno;Bueno
2026-07-22;10:00;9;28.96;14.54;11.19;Bueno;32.31;Bueno;15;24.25;11.29;22.58;Bueno;75.28;Bueno;Bueno;Bueno
2026-07-22;11:00;12;26.50;14.54;11.19;Bueno;32.31;Bueno;14;22.71;11.29;22.58;Bueno;75.28;Bueno;Bueno;Bueno
2026-07-22;12:00;19;21.50;14.54;11.19;Bueno;32.31;Bueno;13;18.58;11.29;22.58;Bueno;75.28;Bueno;Bueno;Bueno
2026-07-22;13:00;34;18.00;14.54;11.19;Bueno;32.31;Bueno;20;15.50;11.29;22.58;Bueno;75.28;Bueno;Bueno;Bueno
2026-07-22;14:00;20;16.79;14.54;11.19;Bueno;32.31;Bueno;15;14.71;11.29;22.58;Bueno;75.28;Bueno;Bueno;Bueno
2026-07-22;15:00;17;16.17;14.54;11.19;Bueno;32.31;Bueno;11;14.33;11.29;22.58;Bueno;75.28;Bueno;Bueno;Bueno
2026-07-22;16:00;23;15.71;14.54;11.19;Bueno;32.31;Bueno;21;14.12;11.29;22.58;Bueno;75.28;Bueno;Bueno;Bueno
2026-07-22;17:00;22;14.96;14.54;11.19;Bueno;32.31;Bueno;18;13.25;11.29;22.58;Bueno;75.28;Bueno;Bueno;Bueno
2026-07-22;18:00;27;14.92;14.54;11.19;Bueno;32.31;Bueno;21;13.00;11.29;22.58;Bueno;75.28;Bueno;Bueno;Bueno
2026-07-22;19:00;21;14.21;14.54;11.19;Bueno;32.31;Bueno;9;11.83;11.29;22.58;Bueno;75.28;Bueno;Bueno;Bueno
2026-07-22;20:00;18;14.33;14.54;11.19;Bueno;32.31;Bueno;14;11.83;11.29;22.58;Bueno;75.28;Bueno;Bueno;Bueno
2026-07-22;21:00;22;13.96;14.54;11.19;Bueno;32.31;Bueno;14;11.17;11.29;22.58;Bueno;75.28;Bueno;Bueno;Bueno
2026-07-22;22:00;18;14.33;14.54;11.19;Bueno;32.31;Bueno;9;11.21;11.29;22.58;Bueno;75.28;Bueno;Bueno;Bueno
2026-07-22;23:00;13;14.54;14.54;11.19;Bueno;32.31;Bueno;10;11.29;11.29;22.58;Bueno;75.28;Bueno;Bueno;Bueno
2026-07-23;00:00;13;14.79;21.74;16.72;Bueno;48.31;Bueno;6;11.25;17.52;35.04;Bueno;105.45;Regular;Bueno;Regular
2026-07-23;01:00;11;14.96;21.74;16.72;Bueno;48.31;Bueno;4;11.17;17.52;35.04;Bueno;105.45;Regular;Bueno;Regular
2026-07-23;02:00;8;15.00;21.74;16.72;Bueno;48.31;Bueno;4;11.08;17.52;35.04;Bueno;105.45;Regular;Bueno;Regular
2026-07-23;03:00;6;14.88;21.74;16.72;Bueno;48.31;Bueno;4;10.92;17.52;35.04;Bueno;105.45;Regular;Bueno;Regular
2026-07-23;04:00;5;14.79;21.74;16.72;Bueno;48.31;Bueno;3;10.79;17.52;35.04;Bueno;105.45;Regular;Bueno;Regular
2026-07-23;05:00;;15.30;21.74;16.72;Bueno;48.31;Bueno;;11.17;17.52;35.04;Bueno;105.45;Regular;Bueno;Regular
2026-07-23;06:00;1;14.83;21.74;16.72;Bueno;48.31;Bueno;4;10.87;17.52;35.04;Bueno;105.45;Regular;Bueno;Regular
2026-07-23;07:00;3;14.61;21.74;16.72;Bueno;48.31;Bueno;4;10.70;17.52;35.04;Bueno;105.45;Regular;Bueno;Regular
2026-07-23;08:00;4;14.43;21.74;16.72;Bueno;48.31;Bueno;4;10.61;17.52;35.04;Bueno;105.45;Regular;Bueno;Regular
2026-07-23;09:00;6;14.43;21.74;16.72;Bueno;48.31;Bueno;2;10.39;17.52;35.04;Bueno;105.45;Regular;Bueno;Regular
2026-07-23;10:00;7;14.35;21.74;16.72;Bueno;48.31;Bueno;2;9.83;17.52;35.04;Bueno;105.45;Regular;Bueno;Regular
2026-07-23;11:00;15;14.48;21.74;16.72;Bueno;48.31;Bueno;14;9.83;17.52;35.04;Bueno;105.45;Regular;Bueno;Regular
2026-07-23;12:00;24;14.70;21.74;16.72;Bueno;48.31;Bueno;23;10.26;17.52;35.04;Bueno;105.45;Regular;Bueno;Regular
2026-07-23;13:00;20;14.09;21.74;16.72;Bueno;48.31;Bueno;15;10.04;17.52;35.04;Bueno;105.45;Regular;Bueno;Regular
2026-07-23;14:00;10;13.65;21.74;16.72;Bueno;48.31;Bueno;12;9.91;17.52;35.04;Bueno;105.45;Regular;Bueno;Regular
2026-07-23;15:00;14;13.52;21.74;16.72;Bueno;48.31;Bueno;11;9.91;17.52;35.04;Bueno;105.45;Regular;Bueno;Regular
2026-07-23;16:00;27;13.70;21.74;16.72;Bueno;48.31;Bueno;26;10.13;17.52;35.04;Bueno;105.45;Regular;Bueno;Regular
2026-07-23;17:00;45;14.70;21.74;16.72;Bueno;48.31;Bueno;41;11.13;17.52;35.04;Bueno;105.45;Regular;Bueno;Regular
2026-07-23;18:00;82;17.09;21.74;16.72;Bueno;48.31;Bueno;71;13.30;17.52;35.04;Bueno;105.45;Regular;Bueno;Regular
2026-07-23;19:00;65;19.00;21.74;16.72;Bueno;48.31;Bueno;51;15.13;17.52;35.04;Bueno;105.45;Regular;Bueno;Regular
2026-07-23;20:00;61;20.87;21.74;16.72;Bueno;48.31;Bueno;43;16.39;17.52;35.04;Bueno;105.45;Regular;Bueno;Regular
2026-07-23;21:00;35;21.43;21.74;16.72;Bueno;48.31;Bueno;27;16.96;17.52;35.04;Bueno;105.45;Regular;Bueno;Regular
2026-07-23;22:00;26;21.78;21.74;16.72;Bueno;48.31;Bueno;21;17.48;17.52;35.04;Bueno;105.45;Regular;Bueno;Regular
2026-07-23;23:00;12;21.74;21.74;16.72;Bueno;48.31;Bueno;11;17.52;17.52;35.04;Bueno;105.45;Regular;Bueno;Regular
2026-07-24;00:00;11;21.65;14.04;10.80;Bueno;31.20;Bueno;10;17.70;11.54;23.08;Bueno;76.94;Bueno;Bueno;Bueno
2026-07-24;01:00;9;21.57;14.04;10.80;Bueno;31.20;Bueno;8;17.87;11.54;23.08;Bueno;76.94;Bueno;Bueno;Bueno
2026-07-24;02:00;9;21.61;14.04;10.80;Bueno;31.20;Bueno;8;18.04;11.54;23.08;Bueno;76.94;Bueno;Bueno;Bueno
2026-07-24;03:00;5;21.57;14.04;10.80;Bueno;31.20;Bueno;5;18.09;11.54;23.08;Bueno;76.94;Bueno;Bueno;Bueno
2026-07-24;04:00;3;21.48;14.04;10.80;Bueno;31.20;Bueno;3;18.09;11.54;23.08;Bueno;76.94;Bueno;Bueno;Bueno
2026-07-24;05:00;5;20.79;14.04;10.80;Bueno;31.20;Bueno;3;17.46;11.54;23.08;Bueno;76.94;Bueno;Bueno;Bueno
2026-07-24;06:00;7;21.04;14.04;10.80;Bueno;31.20;Bueno;6;17.54;11.54;23.08;Bueno;76.94;Bueno;Bueno;Bueno
2026-07-24;07:00;5;21.12;14.04;10.80;Bueno;31.20;Bueno;5;17.58;11.54;23.08;Bueno;76.94;Bueno;Bueno;Bueno
2026-07-24;08:00;8;21.29;14.04;10.80;Bueno;31.20;Bueno;8;17.75;11.54;23.08;Bueno;76.94;Bueno;Bueno;Bueno
2026-07-24;09:00;17;21.75;14.04;10.80;Bueno;31.20;Bueno;9;18.04;11.54;23.08;Bueno;76.94;Bueno;Bueno;Bueno
2026-07-24;10:00;21;22.33;14.04;10.80;Bueno;31.20;Bueno;11;18.42;11.54;23.08;Bueno;76.94;Bueno;Bueno;Bueno
2026-07-24;11:00;21;22.58;14.04;10.80;Bueno;31.20;Bueno;15;18.46;11.54;23.08;Bueno;76.94;Bueno;Bueno;Bueno
2026-07-24;12:00;29;22.79;14.04;10.80;Bueno;31.20;Bueno;18;18.25;11.54;23.08;Bueno;76.94;Bueno;Bueno;Bueno
2026-07-24;13:00;33;23.33;14.04;10.80;Bueno;31.20;Bueno;20;18.46;11.54;23.08;Bueno;76.94;Bueno;Bueno;Bueno
2026-07-24;14:00;30;24.17;14.04;10.80;Bueno;31.20;Bueno;19;18.75;11.54;23.08;Bueno;76.94;Bueno;Bueno;Bueno
2026-07-24;15:00;13;24.12;14.04;10.80;Bueno;31.20;Bueno;12;18.79;11.54;23.08;Bueno;76.94;Bueno;Bueno;Bueno
2026-07-24;16:00;17;23.71;14.04;10.80;Bueno;31.20;Bueno;11;18.17;11.54;23.08;Bueno;76.94;Bueno;Bueno;Bueno
2026-07-24;17:00;12;22.33;14.04;10.80;Bueno;31.20;Bueno;12;16.96;11.54;23.08;Bueno;76.94;Bueno;Bueno;Bueno
2026-07-24;18:00;15;19.54;14.04;10.80;Bueno;31.20;Bueno;14;14.58;11.54;23.08;Bueno;76.94;Bueno;Bueno;Bueno
2026-07-24;19:00;20;17.67;14.04;10.80;Bueno;31.20;Bueno;19;13.25;11.54;23.08;Bueno;76.94;Bueno;Bueno;Bueno
2026-07-24;20:00;17;15.83;14.04;10.80;Bueno;31.20;Bueno;18;12.21;11.54;23.08;Bueno;76.94;Bueno;Bueno;Bueno
2026-07-24;21:00;17;15.08;14.04;10.80;Bueno;31.20;Bueno;23;12.04;11.54;23.08;Bueno;76.94;Bueno;Bueno;Bueno
2026-07-24;22:00;6;14.25;14.04;10.80;Bueno;31.20;Bueno;9;11.54;11.54;23.08;Bueno;76.94;Bueno;Bueno;Bueno
2026-07-24;23:00;7;14.04;14.04;10.80;Bueno;31.20;Bueno;11;11.54;11.54;23.08;Bueno;76.94;Bueno;Bueno;Bueno
2026-07-25;00:00;16;14.25;36.83;28.33;Bueno;81.85;Bueno;7;11.42;30.54;61.08;Bueno;133.73;Regular;Bueno;Regular
2026-07-25;01:00;3;14.00;36.83;28.33;Bueno;81.85;Bueno;6;11.33;30.54;61.08;Bueno;133.73;Regular;Bueno;Regular
2026-07-25;02:00;4;13.79;36.83;28.33;Bueno;81.85;Bueno;7;11.29;30.54;61.08;Bueno;133.73;Regular;Bueno;Regular
2026-07-25;03:00;5;13.79;36.83;28.33;Bueno;81.85;Bueno;6;11.33;30.54;61.08;Bueno;133.73;Regular;Bueno;Regular
2026-07-25;04:00;5;13.88;36.83;28.33;Bueno;81.85;Bueno;6;11.46;30.54;61.08;Bueno;133.73;Regular;Bueno;Regular
2026-07-25;05:00;6;13.92;36.83;28.33;Bueno;81.85;Bueno;5;11.54;30.54;61.08;Bueno;133.73;Regular;Bueno;Regular
2026-07-25;06:00;4;13.79;36.83;28.33;Bueno;81.85;Bueno;2;11.38;30.54;61.08;Bueno;133.73;Regular;Bueno;Regular
2026-07-25;07:00;5;13.79;36.83;28.33;Bueno;81.85;Bueno;2;11.25;30.54;61.08;Bueno;133.73;Regular;Bueno;Regular
2026-07-25;08:00;7;13.75;36.83;28.33;Bueno;81.85;Bueno;3;11.04;30.54;61.08;Bueno;133.73;Regular;Bueno;Regular
2026-07-25;09:00;7;13.33;36.83;28.33;Bueno;81.85;Bueno;4;10.83;30.54;61.08;Bueno;133.73;Regular;Bueno;Regular
2026-07-25;10:00;9;12.83;36.83;28.33;Bueno;81.85;Bueno;7;10.67;30.54;61.08;Bueno;133.73;Regular;Bueno;Regular
2026-07-25;11:00;10;12.38;36.83;28.33;Bueno;81.85;Bueno;9;10.42;30.54;61.08;Bueno;133.73;Regular;Bueno;Regular
2026-07-25;12:00;8;11.50;36.83;28.33;Bueno;81.85;Bueno;10;10.08;30.54;61.08;Bueno;133.73;Regular;Bueno;Regular
2026-07-25;13:00;22;11.04;36.83;28.33;Bueno;81.85;Bueno;11;9.71;30.54;61.08;Bueno;133.73;Regular;Bueno;Regular
2026-07-25;14:00;12;10.29;36.83;28.33;Bueno;81.85;Bueno;9;9.29;30.54;61.08;Bueno;133.73;Regular;Bueno;Regular
2026-07-25;15:00;25;10.79;36.83;28.33;Bueno;81.85;Bueno;9;9.17;30.54;61.08;Bueno;133.73;Regular;Bueno;Regular
2026-07-25;16:00;49;12.12;36.83;28.33;Bueno;81.85;Bueno;40;10.38;30.54;61.08;Bueno;133.73;Regular;Bueno;Regular
2026-07-25;17:00;30;12.88;36.83;28.33;Bueno;81.85;Bueno;22;10.79;30.54;61.08;Bueno;133.73;Regular;Bueno;Regular
2026-07-25;18:00;49;14.29;36.83;28.33;Bueno;81.85;Bueno;40;11.88;30.54;61.08;Bueno;133.73;Regular;Bueno;Regular
2026-07-25;19:00;71;16.42;36.83;28.33;Bueno;81.85;Bueno;56;13.42;30.54;61.08;Bueno;133.73;Regular;Bueno;Regular
2026-07-25;20:00;165;22.58;36.83;28.33;Bueno;81.85;Bueno;143;18.62;30.54;61.08;Bueno;133.73;Regular;Bueno;Regular
2026-07-25;21:00;171;29.00;36.83;28.33;Bueno;81.85;Bueno;154;24.08;30.54;61.08;Bueno;133.73;Regular;Bueno;Regular
2026-07-25;22:00;143;34.71;36.83;28.33;Bueno;81.85;Bueno;126;28.96;30.54;61.08;Bueno;133.73;Regular;Bueno;Regular
2026-07-25;23:00;58;36.83;36.83;28.33;Bueno;81.85;Bueno;49;30.54;30.54;61.08;Bueno;133.73;Regular;Bueno;Regular
2026-07-26;00:00;26;37.25;24.36;18.74;Bueno;54.14;Bueno;17;30.96;21.73;43.45;Bueno;114.56;Regular;Bueno;Regular
2026-07-26;01:00;56;39.46;24.36;18.74;Bueno;54.14;Bueno;50;32.79;21.73;43.45;Bueno;114.56;Regular;Bueno;Regular
2026-07-26;02:00;60;41.79;24.36;18.74;Bueno;54.14;Bueno;62;35.08;21.73;43.45;Bueno;114.56;Regular;Bueno;Regular
2026-07-26;03:00;43;43.38;24.36;18.74;Bueno;54.14;Bueno;45;36.71;21.73;43.45;Bueno;114.56;Regular;Bueno;Regular
2026-07-26;04:00;35;44.62;24.36;18.74;Bueno;54.14;Bueno;36;37.96;21.73;43.45;Bueno;114.56;Regular;Bueno;Regular
2026-07-26;05:00;26;45.46;24.36;18.74;Bueno;54.14;Bueno;22;38.67;21.73;43.45;Bueno;114.56;Regular;Bueno;Regular
2026-07-26;06:00;14;45.88;24.36;18.74;Bueno;54.14;Bueno;11;39.04;21.73;43.45;Bueno;114.56;Regular;Bueno;Regular
2026-07-26;07:00;10;46.08;24.36;18.74;Bueno;54.14;Bueno;11;39.42;21.73;43.45;Bueno;114.56;Regular;Bueno;Regular
2026-07-26;08:00;4;45.96;24.36;18.74;Bueno;54.14;Bueno;5;39.50;21.73;43.45;Bueno;114.56;Regular;Bueno;Regular
2026-07-26;09:00;3;45.79;24.36;18.74;Bueno;54.14;Bueno;5;39.54;21.73;43.45;Bueno;114.56;Regular;Bueno;Regular
2026-07-26;10:00;9;45.79;24.36;18.74;Bueno;54.14;Bueno;6;39.50;21.73;43.45;Bueno;114.56;Regular;Bueno;Regular
2026-07-26;11:00;10;45.79;24.36;18.74;Bueno;54.14;Bueno;9;39.50;21.73;43.45;Bueno;114.56;Regular;Bueno;Regular
2026-07-26;12:00;;47.43;24.36;18.74;Bueno;54.14;Bueno;;40.78;21.73;43.45;Bueno;114.56;Regular;Bueno;Regular
2026-07-26;13:00;;48.59;24.36;18.74;Bueno;54.14;Bueno;;42.14;21.73;43.45;Bueno;114.56;Regular;Bueno;Regular
2026-07-26;14:00;20;48.95;24.36;18.74;Bueno;54.14;Bueno;20;42.64;21.73;43.45;Bueno;114.56;Regular;Bueno;Regular
2026-07-26;15:00;22;48.82;24.36;18.74;Bueno;54.14;Bueno;19;43.09;21.73;43.45;Bueno;114.56;Regular;Bueno;Regular
2026-07-26;16:00;19;47.45;24.36;18.74;Bueno;54.14;Bueno;21;42.23;21.73;43.45;Bueno;114.56;Regular;Bueno;Regular
2026-07-26;17:00;17;46.86;24.36;18.74;Bueno;54.14;Bueno;12;41.77;21.73;43.45;Bueno;114.56;Regular;Bueno;Regular
2026-07-26;18:00;37;46.32;24.36;18.74;Bueno;54.14;Bueno;25;41.09;21.73;43.45;Bueno;114.56;Regular;Bueno;Regular
2026-07-26;19:00;29;44.41;24.36;18.74;Bueno;54.14;Bueno;22;39.55;21.73;43.45;Bueno;114.56;Regular;Bueno;Regular
2026-07-26;20:00;26;38.09;24.36;18.74;Bueno;54.14;Bueno;19;33.91;21.73;43.45;Bueno;114.56;Regular;Bueno;Regular
2026-07-26;21:00;27;31.55;24.36;18.74;Bueno;54.14;Bueno;23;27.95;21.73;43.45;Bueno;114.56;Regular;Bueno;Regular
2026-07-26;22:00;22;26.05;24.36;18.74;Bueno;54.14;Bueno;20;23.14;21.73;43.45;Bueno;114.56;Regular;Bueno;Regular
2026-07-26;23:00;21;24.36;24.36;18.74;Bueno;54.14;Bueno;18;21.73;21.73;43.45;Bueno;114.56;Regular;Bueno;Regular
2026-07-27;00:00;16;23.91;17.29;13.30;Bueno;38.43;Bueno;11;21.45;12.29;24.58;Bueno;81.94;Bueno;Bueno;Bueno
2026-07-27;01:00;16;22.09;17.29;13.30;Bueno;38.43;Bueno;8;19.55;12.29;24.58;Bueno;81.94;Bueno;Bueno;Bueno
2026-07-27;02:00;14;20.00;17.29;13.30;Bueno;38.43;Bueno;7;17.05;12.29;24.58;Bueno;81.94;Bueno;Bueno;Bueno
2026-07-27;03:00;11;18.55;17.29;13.30;Bueno;38.43;Bueno;4;15.18;12.29;24.58;Bueno;81.94;Bueno;Bueno;Bueno
2026-07-27;04:00;6;17.23;17.29;13.30;Bueno;38.43;Bueno;4;13.73;12.29;24.58;Bueno;81.94;Bueno;Bueno;Bueno
2026-07-27;05:00;4;16.23;17.29;13.30;Bueno;38.43;Bueno;7;13.05;12.29;24.58;Bueno;81.94;Bueno;Bueno;Bueno
2026-07-27;06:00;4;15.77;17.29;13.30;Bueno;38.43;Bueno;6;12.82;12.29;24.58;Bueno;81.94;Bueno;Bueno;Bueno
2026-07-27;07:00;11;15.82;17.29;13.30;Bueno;38.43;Bueno;8;12.68;12.29;24.58;Bueno;81.94;Bueno;Bueno;Bueno
2026-07-27;08:00;14;16.27;17.29;13.30;Bueno;38.43;Bueno;10;12.91;12.29;24.58;Bueno;81.94;Bueno;Bueno;Bueno
2026-07-27;09:00;21;17.09;17.29;13.30;Bueno;38.43;Bueno;13;13.27;12.29;24.58;Bueno;81.94;Bueno;Bueno;Bueno
2026-07-27;10:00;25;17.82;17.29;13.30;Bueno;38.43;Bueno;9;13.41;12.29;24.58;Bueno;81.94;Bueno;Bueno;Bueno
2026-07-27;11:00;20;18.27;17.29;13.30;Bueno;38.43;Bueno;14;13.64;12.29;24.58;Bueno;81.94;Bueno;Bueno;Bueno
2026-07-27;12:00;14;18.09;17.29;13.30;Bueno;38.43;Bueno;13;13.61;12.29;24.58;Bueno;81.94;Bueno;Bueno;Bueno
2026-07-27;13:00;12;17.83;17.29;13.30;Bueno;38.43;Bueno;11;13.50;12.29;24.58;Bueno;81.94;Bueno;Bueno;Bueno
2026-07-27;14:00;10;17.42;17.29;13.30;Bueno;38.43;Bueno;9;13.04;12.29;24.58;Bueno;81.94;Bueno;Bueno;Bueno
2026-07-27;15:00;27;17.62;17.29;13.30;Bueno;38.43;Bueno;14;12.83;12.29;24.58;Bueno;81.94;Bueno;Bueno;Bueno
2026-07-27;16:00;22;17.75;17.29;13.30;Bueno;38.43;Bueno;17;12.67;12.29;24.58;Bueno;81.94;Bueno;Bueno;Bueno
2026-07-27;17:00;19;17.83;17.29;13.30;Bueno;38.43;Bueno;18;12.92;12.29;24.58;Bueno;81.94;Bueno;Bueno;Bueno
2026-07-27;18:00;28;17.46;17.29;13.30;Bueno;38.43;Bueno;18;12.62;12.29;24.58;Bueno;81.94;Bueno;Bueno;Bueno
2026-07-27;19:00;32;17.58;17.29;13.30;Bueno;38.43;Bueno;28;12.88;12.29;24.58;Bueno;81.94;Bueno;Bueno;Bueno
2026-07-27;20:00;30;17.75;17.29;13.30;Bueno;38.43;Bueno;26;13.17;12.29;24.58;Bueno;81.94;Bueno;Bueno;Bueno
2026-07-27;21:00;27;17.75;17.29;13.30;Bueno;38.43;Bueno;16;12.88;12.29;24.58;Bueno;81.94;Bueno;Bueno;Bueno
2026-07-27;22:00;19;17.62;17.29;13.30;Bueno;38.43;Bueno;14;12.62;12.29;24.58;Bueno;81.94;Bueno;Bueno;Bueno
2026-07-27;23:00;13;17.29;17.29;13.30;Bueno;38.43;Bueno;10;12.29;12.29;24.58;Bueno;81.94;Bueno;Bueno;Bueno
